Fichier,Table,Variable,Type,Unité,Valeurs,Vides,Vides (%),Modalités (nombre),Modalités,Min,Max,Zéros,Atypiques,Années,Années absentes,Unités,Usage,Niveau de preuve,Justification
transports_statistiques_cles.csv,—,Réseau total (chemins de fer-km),numérique,km,23,0,0.0,3,,548,593,0,,2000–2022,,,,,
transports_statistiques_cles.csv,—,Evolution du parc automobile 4 roues et plus immatriculé,numérique,Nombre,33,0,0.0,33,,3367,28581,0,,1990–2022,,,calcul,A,"Comptage administratif publié, lu tel quel, national, annuel"
transports_statistiques_cles.csv,—,Evolution des premières mise en circulation du parc automobile 4 roues et plus immatriculés,numérique,Nombre,23,0,0.0,23,,94,2532,0,,2000–2022,,,calcul,A,"Comptage administratif publié, lu tel quel ; véhicules neufs seulement (annuaire 2024, tableau 40.2)"
transports_statistiques_cles.csv,—,Evolution du volume de tonne de marchandises transportées par rails,numérique,tonne,20,0,0.0,20,,4980.46,1148892,0,,2003–2022,,,,,
transports_statistiques_cles.csv,—,Evolution du volume de fret routier,numérique,tonne,16,0,0.0,16,,242092,1.09534e+07,0,,2007–2022,,,,,
transports_statistiques_cles.csv,—,Trafic de véhicules de transports de marchandises sur le réseau routier,numérique,Nombre,9,0,0.0,9,,521617,2189310,0,,2014–2022,,,contexte,C,"Comptage de trafic national, méthode non documentée (D10)"
transports_statistiques_cles.csv,—,Trafic de véhicules de transports de passagers sur le réseau routier,numérique,Nombre,9,0,0.0,9,,4245433,9057696,0,,2014–2022,,,contexte,C,"Comptage de trafic national, méthode non documentée (D10)"
transports_statistiques_cles.csv,—,Nombre de cas d'accidents de la circulation,numérique,Nombre,13,0,0.0,13,,2851,8155,0,,2010–2022,,,calcul,A,"Comptage administratif publié, lu tel quel, national, annuel"
transports_statistiques_cles.csv,—,Nombre de morts,numérique,Nombre,13,0,0.0,12,,470,802,0,,2010–2022,,,calcul,A,"Comptage administratif publié, lu tel quel, national, annuel"
transports_statistiques_cles.csv,—,Nombre de blessés,numérique,Nombre,13,0,0.0,12,,3871,9918,0,,2010–2022,,,calcul,A,"Comptage administratif publié, lu tel quel, national, annuel"
transports_statistiques_cles.csv,—,Accidents mortels /100.000 hab,numérique,Nombre,13,0,0.0,13,,41.7118,128.365,0,,2010–2022,,,contrôle,C,"Indicateur pré-calculé, mal nommé : accidents constatés (pas les mortels) / population de l'INSEED (§4.4)"
transports_statistiques_cles.csv,—,Evolution des deux roues et assimilées immatriculées,numérique,Nombre,9,0,0.0,9,,41187,67639,0,,2014–2022,,,calcul,A,"Comptage administratif publié, lu tel quel, national, annuel"
transports_statistiques_cles.csv,—,Nombre de permis de conduire délivrés aux examens de permis de conduire,numérique,Nombre,15,0,0.0,15,,5313,28451,0,,2007–2022,2013,,calcul,A,"Comptage administratif publié, lu tel quel, national, annuel"
parc_immatricule_par_type_1.csv,—,Evolution du parc automobile immatriculé par type de véhicules | Voitues,numérique,Nombre,33,0,0.0,33,,2577,20313,0,,1990–2022,,,calcul,A,"Comptage administratif publié, lu tel quel ; immatriculations de l'année, un flux (§4.4)"
parc_immatricule_par_type_1.csv,—,Evolution du parc automobile immatriculé par type de véhicules | Camionnettes,numérique,Nombre,33,0,0.0,33,,535,4941,0,,1990–2022,,,calcul,A,"Comptage administratif publié, lu tel quel ; immatriculations de l'année, un flux (§4.4)"
parc_immatricule_par_type_1.csv,—,Evolution du parc automobile immatriculé par type de véhicules | Autocars/Autobus,numérique,Nombre,33,0,0.0,29,,3,145,0,,1990–2022,,,calcul,A,"Comptage administratif publié, lu tel quel ; immatriculations de l'année, un flux (§4.4)"
parc_immatricule_par_type_1.csv,—,Evolution du parc automobile immatriculé par type de véhicules | Camions,numérique,Nombre,33,0,0.0,33,,153,2506,0,,1990–2022,,,calcul,A,"Comptage administratif publié, lu tel quel ; immatriculations de l'année, un flux (§4.4)"
parc_immatricule_par_type_1.csv,—,Evolution du parc automobile immatriculé par type de véhicules | Semi-remorques,numérique,Nombre,33,0,0.0,32,,41,1130,0,,1990–2022,,,calcul,A,"Comptage administratif publié, lu tel quel ; immatriculations de l'année, un flux (§4.4)"
parc_immatricule_par_type_1.csv,—,Evolution du parc automobile immatriculé par type de véhicules | Tracteurs,numérique,Nombre,33,0,0.0,33,,57,1258,0,,1990–2022,,,calcul,A,"Comptage administratif publié, lu tel quel ; immatriculations de l'année, un flux (§4.4)"
parc_immatricule_par_type_1.csv,—,Evolution du parc automobile immatriculé par type de véhicules | 2 roues et assimilées,numérique,Nombre,33,0,0.0,33,,982,67639,0,,1990–2022,,,calcul,A,"Comptage administratif publié, lu tel quel ; immatriculations de l'année, un flux (§4.4)"
parc_immatricule_par_type_1.csv,—,Evolution du parc automobile immatriculé par type de véhicules | Total,numérique,Nombre,33,0,0.0,33,,4349,93944,0,,1990–2022,,,calcul,A,"Comptage administratif publié, lu tel quel ; immatriculations de l'année, un flux (§4.4)"
parc_immatricule_par_type_2.csv,—,Evolution du parc automobile immatriculé par type de véhicules | Total 4 Roues,numérique,Nombre,7,0,0.0,7,,16273,24341,0,,2013–2019,,,calcul,A,"Comptage administratif publié, lu tel quel ; immatriculations de l'année, un flux (§4.4)"
parc_immatricule_par_type_2.csv,—,Evolution du parc automobile immatriculé par type de véhicules | Voitures,numérique,Nombre,7,0,0.0,7,,9402,18072,0,,2013–2019,,,calcul,A,"Comptage administratif publié, lu tel quel ; immatriculations de l'année, un flux (§4.4)"
parc_immatricule_par_type_2.csv,—,Evolution du parc automobile immatriculé par type de véhicules | Camionnettes,numérique,Nombre,7,0,0.0,7,,2311,3682,0,,2013–2019,,,calcul,A,"Comptage administratif publié, lu tel quel ; immatriculations de l'année, un flux (§4.4)"
parc_immatricule_par_type_2.csv,—,Evolution du parc automobile immatriculé par type de véhicules | Auto-cars,numérique,Nombre,7,0,0.0,7,,62,133,0,,2013–2019,,,calcul,A,"Comptage administratif publié, lu tel quel ; immatriculations de l'année, un flux (§4.4)"
parc_immatricule_par_type_2.csv,—,Evolution du parc automobile immatriculé par type de véhicules | Camions,numérique,Nombre,7,0,0.0,7,,791,2506,0,,2013–2019,,,calcul,A,"Comptage administratif publié, lu tel quel ; immatriculations de l'année, un flux (§4.4)"
parc_immatricule_par_type_2.csv,—,Evolution du parc automobile immatriculé par type de véhicules | Semi-Remorques,numérique,Nombre,7,0,0.0,7,,394,1130,0,,2013–2019,,,calcul,A,"Comptage administratif publié, lu tel quel ; immatriculations de l'année, un flux (§4.4)"
parc_immatricule_par_type_2.csv,—,Evolution du parc automobile immatriculé par type de véhicules | Tract. Routiers,numérique,Nombre,7,0,0.0,7,,530,1258,0,,2013–2019,,,calcul,A,"Comptage administratif publié, lu tel quel ; immatriculations de l'année, un flux (§4.4)"
parc_immatricule_par_type_2.csv,—,Evolution du parc automobile immatriculé par type de véhicules | Total 2 Roues,numérique,Nombre,7,0,0.0,7,,41187,65599,0,,2013–2019,,,calcul,A,"Comptage administratif publié, lu tel quel ; immatriculations de l'année, un flux (§4.4)"
parc_immatricule_par_type_2.csv,—,Evolution du parc automobile immatriculé par type de véhicules | Engins à 2 R de 50 à 125cm3,numérique,Nombre,7,0,0.0,7,,28940,55623,0,,2013–2019,,,calcul,A,"Comptage administratif publié, lu tel quel ; immatriculations de l'année, un flux (§4.4)"
parc_immatricule_par_type_2.csv,—,Evolution du parc automobile immatriculé par type de véhicules | Engins à 2 R + de 125cm3,numérique,Nombre,7,0,0.0,7,,3082,15757,0,,2013–2019,,,calcul,A,"Comptage administratif publié, lu tel quel ; immatriculations de l'année, un flux (§4.4)"
permis_par_categorie.csv,—,Nombre de permis de conduire délivrés par catégorie aux examens de permis de conduire | Moto (A),numérique,Nombre,15,0,0.0,15,,104,4837,0,,2007–2022,2013,,calcul,A,Comptage des permis délivrés aux examens
permis_par_categorie.csv,—,Nombre de permis de conduire délivrés par catégorie aux examens de permis de conduire | Voiture légèr (B),numérique,Nombre,15,0,0.0,15,,4690,23467,0,,2007–2022,2013,,calcul,A,Comptage des permis délivrés aux examens
permis_par_categorie.csv,—,Nombre de permis de conduire délivrés par catégorie aux examens de permis de conduire | Poids lourd (C),numérique,Nombre,15,0,0.0,15,,236,1642,0,,2007–2022,2013,,calcul,A,Comptage des permis délivrés aux examens
permis_par_categorie.csv,—,Nombre de permis de conduire délivrés par catégorie aux examens de permis de conduire | Transport en commun (D),numérique,Nombre,15,0,0.0,15,,45,410,0,,2007–2022,2013,,calcul,A,Comptage des permis délivrés aux examens
permis_par_categorie.csv,—,Nombre de permis de conduire délivrés par catégorie aux examens de permis de conduire | Semi-remorque (E),numérique,Nombre,15,0,0.0,15,,18,2635,0,,2007–2022,2013,,calcul,A,Comptage des permis délivrés aux examens
permis_par_categorie.csv,—,Nombre de permis de conduire délivrés par catégorie aux examens de permis de conduire | Voiture spéciale (F),numérique,Nombre,15,0,0.0,8,,0,38,7,,2007–2022,2013,,calcul,A,Comptage des permis délivrés aux examens
permis_par_categorie.csv,—,Nombre de permis de conduire délivrés par catégorie aux examens de permis de conduire | Total,numérique,Nombre,16,0,0.0,16,,0,28451,1,,2007–2022,,,calcul,A,Comptage des permis délivrés aux examens
accidents_police_gendarmerie.csv,—,Bilan des accidents de la circulation constatés par les services de police et de gendarmerie | Nombre d’accidents,numérique,Nombre,9,0,0.0,9,,2851,7507,0,,2014–2022,,,calcul,A,Comptage déclaré par la police et la gendarmerie ; sous-déclaration (piège D3)
accidents_police_gendarmerie.csv,—,Bilan des accidents de la circulation constatés par les services de police et de gendarmerie | Nombre de morts,numérique,Nombre,9,0,0.0,8,,473,802,0,,2014–2022,,,calcul,A,Comptage déclaré par la police et la gendarmerie ; sous-déclaration (piège D3)
accidents_police_gendarmerie.csv,—,Bilan des accidents de la circulation constatés par les services de police et de gendarmerie | Nombre de blesses,numérique,Nombre,9,0,0.0,9,,3871,9918,0,,2014–2022,,,calcul,A,Comptage déclaré par la police et la gendarmerie ; sous-déclaration (piège D3)
accidents_bilan_police_gendarmerie.csv,—,Bilan des accidents de la circulation constatés par les services de police et de gendarmerie | Nombre d’accidents,numérique,Nombre,6,0,0.0,6,,2851,5814,0,,2014–2019,,,calcul,A,Comptage déclaré par la police et la gendarmerie ; sous-déclaration (piège D3)
accidents_bilan_police_gendarmerie.csv,—,Bilan des accidents de la circulation constatés par les services de police et de gendarmerie | Nombre de morts,numérique,Nombre,6,0,0.0,5,,473,802,0,,2014–2019,,,calcul,A,Comptage déclaré par la police et la gendarmerie ; sous-déclaration (piège D3)
accidents_bilan_police_gendarmerie.csv,—,Bilan des accidents de la circulation constatés par les services de police et de gendarmerie | Nombre de blesses,numérique,Nombre,6,0,0.0,6,,3871,8624,0,,2014–2019,,,calcul,A,Comptage déclaré par la police et la gendarmerie ; sous-déclaration (piège D3)
etat_reseau_routier.csv,—,ROUTES REVETUES | TOTAL,numérique,km,53,0,0.0,53,,1.2,2198.47,0,,2020–2020,,53,calcul,C,Longueurs déclarées par état ; notation dont la méthode n'est pas documentée (piège D4)
etat_reseau_routier.csv,—,ROUTES REVETUES | BON,numérique,km,53,0,0.0,30,,0,754.16,23,,2020–2020,,53,calcul,C,Longueurs déclarées par état ; notation dont la méthode n'est pas documentée (piège D4)
etat_reseau_routier.csv,—,ROUTES REVETUES | MOYEN,numérique,km,53,0,0.0,34,,0,431.84,19,,2020–2020,,53,calcul,C,Longueurs déclarées par état ; notation dont la méthode n'est pas documentée (piège D4)
etat_reseau_routier.csv,—,ROUTES REVETUES | MAUVAIS,numérique,km,53,0,0.0,35,,0,562.74,18,,2020–2020,,53,calcul,C,Longueurs déclarées par état ; notation dont la méthode n'est pas documentée (piège D4)
etat_reseau_routier.csv,—,ROUTES REVETUES | TRAVAUX,numérique,km,10,0,0.0,10,,27.75,449.74,0,,2020–2020,,10,calcul,C,Longueurs déclarées par état ; notation dont la méthode n'est pas documentée (piège D4)
etat_reseau_routier.csv,—,VOIRIES REVETUES | TOTAL,numérique,km,1,0,0.0,1,,76.52,76.52,0,,2020–2020,,1,calcul,C,Longueurs déclarées par état ; notation dont la méthode n'est pas documentée (piège D4)
etat_reseau_routier.csv,—,VOIRIES REVETUES | BON,numérique,km,1,0,0.0,1,,33,33,0,,2020–2020,,1,calcul,C,Longueurs déclarées par état ; notation dont la méthode n'est pas documentée (piège D4)
etat_reseau_routier.csv,—,VOIRIES REVETUES | MOYEN,numérique,km,1,0,0.0,1,,18.9,18.9,0,,2020–2020,,1,calcul,C,Longueurs déclarées par état ; notation dont la méthode n'est pas documentée (piège D4)
etat_reseau_routier.csv,—,VOIRIES REVETUES | MAUVAIS,numérique,km,1,0,0.0,1,,24.62,24.62,0,,2020–2020,,1,calcul,C,Longueurs déclarées par état ; notation dont la méthode n'est pas documentée (piège D4)
etat_reseau_routier.csv,—,ROUTES EN TERRES | TOTAL,numérique,km,33,0,0.0,32,,1.12,964.96,0,,2020–2020,,33,calcul,C,Longueurs déclarées par état ; notation dont la méthode n'est pas documentée (piège D4)
etat_reseau_routier.csv,—,ROUTES EN TERRES | BON,numérique,km,33,0,0.0,25,,0,242.84,9,,2020–2020,,33,calcul,C,Longueurs déclarées par état ; notation dont la méthode n'est pas documentée (piège D4)
etat_reseau_routier.csv,—,ROUTES EN TERRES | MOYEN,numérique,km,33,0,0.0,26,,0,303.72,8,,2020–2020,,33,calcul,C,Longueurs déclarées par état ; notation dont la méthode n'est pas documentée (piège D4)
etat_reseau_routier.csv,—,ROUTES EN TERRES | MAUVAIS,numérique,km,33,0,0.0,17,,0,106.58,17,,2020–2020,,33,calcul,C,Longueurs déclarées par état ; notation dont la méthode n'est pas documentée (piège D4)
etat_reseau_routier.csv,—,ROUTES EN TERRES | TRAVAUX,numérique,km,9,0,0.0,9,,15.5,311.82,0,,2020–2020,,9,calcul,C,Longueurs déclarées par état ; notation dont la méthode n'est pas documentée (piège D4)
etat_reseau_routier.csv,—,VOIRIES EN TERRES | TOTAL,numérique,km,1,0,0.0,1,,62.87,62.87,0,,2020–2020,,1,calcul,C,Longueurs déclarées par état ; notation dont la méthode n'est pas documentée (piège D4)
etat_reseau_routier.csv,—,VOIRIES EN TERRES | BON,numérique,km,1,0,0.0,1,,42.75,42.75,0,,2020–2020,,1,calcul,C,Longueurs déclarées par état ; notation dont la méthode n'est pas documentée (piège D4)
etat_reseau_routier.csv,—,VOIRIES EN TERRES | MOYEN,numérique,km,1,0,0.0,1,,14.9,14.9,0,,2020–2020,,1,calcul,C,Longueurs déclarées par état ; notation dont la méthode n'est pas documentée (piège D4)
etat_reseau_routier.csv,—,VOIRIES EN TERRES | MAUVAIS,numérique,km,1,0,0.0,1,,5.23,5.23,0,,2020–2020,,1,calcul,C,Longueurs déclarées par état ; notation dont la méthode n'est pas documentée (piège D4)
geoportail_catalogue.json,permissions,id,numérique,,9,0,0.0,9,5 (1) ; 6 (1) ; 7 (1) ; 1 (1) ; 2 (1) ; 3 (1) ; 4 (1) ; 8 (1) ; 15 (1),1,15,0,,,,,,,
geoportail_catalogue.json,permissions,nom,texte,,9,0,0.0,9,Voir la page de données (1) ; Avoir accès aux couches sur la page de données (1) ; Avoir accès aux indicateurs sur la page de données (1) ; Voir page de carte (1) ; Ajouter couche sur carte (1) ; Ajouter un indicateur sur carte (1) ; Télécharger la carte (1) ; Voir page de tableau de bord (1) ; Télécharger données (1),,,,,,,,,,
geoportail_catalogue.json,permissions,code,texte,,9,0,0.0,9,voir_page_donnees (1) ; acces_couches_page_donnees (1) ; acces_indicateurs_page_donnees (1) ; voir_page_carte (1) ; voir_couche_sur_carte (1) ; voir_indicateur_sur_carte (1) ; telecharger_carte (1) ; voir_page_bord (1) ; telecharger_donnees (1),,,,,,,,,,
geoportail_catalogue.json,permissions,est_active,texte,,9,0,0.0,1,True (9),,,,,,,,,,
geoportail_catalogue.json,permissions,description,texte,,9,0,0.0,9,Permission permettant d'avoir accès à la page de données (1) ; Permission permettant d'avoir accès aux couches sur la page… (1) ; Permission permettant d'avoir accès aux indicateurs sur la … (1) ; Permission permettant d'avoir accès à la page de carte (1) ; Permission permettant d'ajouter couche sur carte (1) ; Permission permettant d'ajouter un indicateur sur carte (1) ; Permission permettant de télécharger la carte (1) ; Permission permettant d'avoir accès à la page de tableau de… (1) ; Permission permettant de télécharger des données sur la pag… (1),,,,,,,,,,
geoportail_catalogue.json,permissions,id_page,numérique,,9,0,0.0,3,2 (4) ; 1 (4) ; 3 (1),1,3,0,,,,,,,
geoportail_catalogue.json,couches,id,texte,,177,0,0.0,177,8dd934ec-1105-422b-a3f9-7b641b0c288e (1) ; 970e509b-5af6-4ceb-80fa-6fc79a3ea33a (1) ; 2d3698ec-14b1-40a4-a43d-fda648d0a3ff (1) ; c878c6ba-2e2d-411a-a397-059d8a9b3250 (1) ; 767b4228-cdab-4d80-8bdb-02e96d0239f7 (1) ; …,,,,,,,,,,
geoportail_catalogue.json,couches,nom,texte,,177,0,0.0,177,Administration - Bâtiments - MSL (1) ; Finance - Établissements (1) ; Sports - Stades et terrains de sports (1) ; Stations-service - Établissements (1) ; Retenues d'eau collinaires (1) ; …,,,,,,,,,,
geoportail_catalogue.json,couches,nom_anglais,texte,,177,0,0.0,177,Administration - Buildings - MSL (1) ; Finance - Institutions (1) ; Sport - Stadiums and land (1) ; Petrol stations - Institutions (1) ; Hillside reservoirs (1) ; …,,,,,,,,,,
geoportail_catalogue.json,couches,description,texte,,177,0,0.0,177,"Bâtiments administratifs du MSL (1) ; Banques, institutions de microfinance, compagnies d'assuran… (1) ; Stades et terrains de sports (1) ; Stations-services (1) ; Retenues d'eau collinaires (1) ; …",,,,,,,,,,
geoportail_catalogue.json,couches,description_anglais,texte,,177,0,0.0,177,"MSL administrative buildings (1) ; Banks, microfinance branches insurance companies and mutuals (1) ; Sport stadiums and lands (1) ; Petrol stations (1) ; Hillside reservoirs (1) ; …",,,,,,,,,,
geoportail_catalogue.json,couches,source_collecte,texte,,177,0,0.0,1,Campagne de collecte PRISE - 2021/2022 (177),,,,,,,,,,
geoportail_catalogue.json,couches,source_collecte_anglais,texte,,177,0,0.0,1,Data collection campaign PRISE - 2021/2022 (177),,,,,,,,,,
geoportail_catalogue.json,couches,themes,texte,,177,0,0.0,25,"[1] (30) ; [9] (22) ; [2] (20) ; [7] (20) ; [5] (14) ; [11] (11) ; [13] (10) ; [10] (8) ; [12] (6) ; [15] (6) ; [8] (6) ; [4] (5) ; [] (4) ; [6] (2) ; [2, 5] (2) ; [14] (2) ; [7, 10] (1) ; [4, 13] (1) ; [2, 7] (1) ; [12, 15] (1) ; [4, 11] (1) ; [1, 6] (1) ; [2, 11] (1) ; [1, 5] (1) ; [5, 11] (1)",,,,,,,,,,
geoportail_catalogue.json,couches_non_open_data,id,texte,,277,0,0.0,277,303292d2-4958-4c87-b033-8f66bb8a47c6 (1) ; 98257965-a87f-497d-a513-37ffa3cb4435 (1) ; b2dcd2f2-68ae-4a18-aed6-e2936b627f7c (1) ; 43221c6c-d1a6-4bdc-b84a-f044047f2fc0 (1) ; c392c5d2-551c-4836-8911-499da54d35be (1) ; …,,,,,,,,,,
geoportail_catalogue.json,couches_non_open_data,nom,texte,,277,0,0.0,277,Administration - Bâtiments - MAEDR (1) ; Forages - Prisons (1) ; Tourisme - Chambres d'hotel (1) ; Puits (1) ; Puits - Usines (1) ; …,,,,,,,,,,
geoportail_catalogue.json,couches_non_open_data,nom_anglais,texte,,277,0,0.0,277,Administration - Buildings - MAEDR (1) ; Drilling - Prisons (1) ; Tourism - Hotel rooms (1) ; Well (1) ; Well - Factories (1) ; …,,,,,,,,,,
geoportail_catalogue.json,couches_non_open_data,description,texte,,277,0,0.0,277,"Bâtiments administratifs du MAEDR (1) ; Forages d'eau des prisons (1) ; Chambres d'hôtels (1) ; Puits dans les champs, les plantations, les ZAAP/ZAPB, les … (1) ; Puis des usines (1) ; …",,,,,,,,,,
geoportail_catalogue.json,couches_non_open_data,description_anglais,texte,,277,0,0.0,277,"MAEDR administrative buildings (1) ; Water drilling of prisons (1) ; Hotel rooms (1) ; Wells in fields, plantations, zaap/zapb, shops and prisons (1) ; Factories wells (1) ; …",,,,,,,,,,
geoportail_catalogue.json,couches_non_open_data,source_collecte,texte,,277,0,0.0,2,Campagne de collecte PRISE - 2021/2022 (276) ; Cadastre Togolais (1),,,,,,,,,,
geoportail_catalogue.json,couches_non_open_data,source_collecte_anglais,texte,,277,0,0.0,2,Data collection campaign PRISE - 2021/2022 (276) ; Togolese land registry agency (1),,,,,,,,,,
geoportail_catalogue.json,couches_non_open_data,themes,texte,,277,0,0.0,19,"[1] (98) ; [6] (26) ; [3] (23) ; [2] (21) ; [11] (20) ; [14] (20) ; [9] (19) ; [7] (14) ; [5] (11) ; [10] (9) ; [8] (3) ; [4] (3) ; [15] (3) ; [2, 7] (2) ; [5, 6] (1) ; [12] (1) ; [1, 6] (1) ; [1, 5] (1) ; [16] (1)",,,,,,,,,,
geoportail_catalogue.json,indicateurs,id,texte,,239,0,0.0,239,ee4d824e-d9b4-447b-a941-60ea02ea5f08 (1) ; 517241d6-9b99-484b-b1f9-0b91639a2106 (1) ; 0f876172-c302-4e1e-bcaf-028b5c7a557a (1) ; 330eac10-d3fb-4a2d-9bcf-51de91d5351e (1) ; 0f6b1259-a1b4-4f56-bcfc-6821f2469f04 (1) ; …,,,,,,,,,,
geoportail_catalogue.json,indicateurs,code_indicateur,texte,,239,0,0.0,100,MM (137) ; MPDC2 (3) ; MEHV49 (2) ; MEHV61 (1) ; MEHV55 (1) ; …,,,,,,,,,,
geoportail_catalogue.json,indicateurs,nom,texte,,239,0,0.0,239,Pourcentage d'agences publiques électrifiées (1) ; Nombre d'habitants par terrains de sport (1) ; Proportion des écoles publiques pourvues de toilettes (1) ; Zone de 2 km autour des PMH (1) ; Zone de 2 km autour des postes d'eau autonomes (1) ; …,,,,,,,,,,
geoportail_catalogue.json,indicateurs,description,texte,,0,239,100.0,0,,,,,,,,,,,
geoportail_catalogue.json,indicateurs,nom_anglais,texte,,1,238,99.6,1,Cultural establishments (1),,,,,,,,,,
geoportail_catalogue.json,indicateurs,description_anglais,texte,,1,238,99.6,1,Number of cultural establishments (1),,,,,,,,,,
geoportail_catalogue.json,indicateurs,type_indicateur,texte,,239,0,0.0,2,chiffre (175) ; couche (64),,,,,,,,,,
geoportail_catalogue.json,indicateurs,fonction_de_calcul,texte,,239,0,0.0,11,count (70) ; buffer (55) ; percentage (45) ; percentagePopulationTargetBuffer (17) ; popRatio (14) ; searchTargetBuffer (9) ; average (9) ; polygonArea (8) ; lineLength (6) ; countPopulationTargetBuffer (5) ; nbrElemsDividedByNbrElems (1),,,,,,,,,,
geoportail_catalogue.json,indicateurs,croissant,texte,,0,239,100.0,0,,,,,,,,,,,
geoportail_catalogue.json,indicateurs,themes_id,numérique,,239,0,0.0,15,7 (54) ; 5 (28) ; 1 (23) ; 2 (19) ; 10 (19) ; 6 (16) ; 9 (16) ; 12 (12) ; 11 (11) ; 13 (11) ; 15 (8) ; 8 (8) ; 14 (7) ; 4 (6) ; 3 (1),1,15,0,,,,,,,
geoportail_catalogue.json,indicateurs,ministeres_id,numérique,,239,0,0.0,20,16 (41) ; 13 (25) ; 24 (22) ; 2 (19) ; 4 (18) ; 9 (16) ; 12 (15) ; 28 (15) ; 15 (11) ; 25 (11) ; 17 (8) ; 5 (7) ; 8 (6) ; 3 (5) ; 10 (5) ; 22 (4) ; 6 (4) ; 18 (3) ; 29 (3) ; 11 (1),2,29,0,,,,,,,
geoportail_catalogue.json,indicateurs_non_open_data,id,texte,,130,0,0.0,130,959790bd-e4a1-4a85-8975-98b473c7fd7f (1) ; 47c3b62c-ab3c-4cef-8b94-0753cead781f (1) ; 5c937aeb-40ef-485e-bc1b-d57770c21fc6 (1) ; 2fc6de16-80fc-48ba-ab8c-9bed3787df73 (1) ; 3b58e7fb-f947-43f5-a675-473b3239f96b (1) ; …,,,,,,,,,,
geoportail_catalogue.json,indicateurs_non_open_data,code_indicateur,texte,,130,0,0.0,58,MM (72) ; MDPR7 (2) ; MATDDT19 (1) ; MEHV15 (1) ; MEHV17 (1) ; …,,,,,,,,,,
geoportail_catalogue.json,indicateurs_non_open_data,nom,texte,,130,0,0.0,129,Proportion de salles ayant accès à l'électricité dans la fo… (2) ; Nombre de centres d'état civil (1) ; Proportion de lampadaires réseaux en panne (1) ; Proportion de lampadaires en panne (1) ; Nombre d'habitants par lampadaire fonctionnel (1) ; …,,,,,,,,,,
geoportail_catalogue.json,indicateurs_non_open_data,description,texte,,0,130,100.0,0,,,,,,,,,,,
geoportail_catalogue.json,indicateurs_non_open_data,nom_anglais,texte,,0,130,100.0,0,,,,,,,,,,,
geoportail_catalogue.json,indicateurs_non_open_data,description_anglais,texte,,0,130,100.0,0,,,,,,,,,,,
geoportail_catalogue.json,indicateurs_non_open_data,type_indicateur,texte,,130,0,0.0,2,chiffre (102) ; couche (28),,,,,,,,,,
geoportail_catalogue.json,indicateurs_non_open_data,fonction_de_calcul,texte,,130,0,0.0,9,count (36) ; percentage (35) ; buffer (25) ; countElemsTargetBuffer (9) ; popRatio (8) ; percentagePopulationTargetBuffer (6) ; countPopulationTargetBuffer (5) ; searchTargetBuffer (3) ; average (3),,,,,,,,,,
geoportail_catalogue.json,indicateurs_non_open_data,croissant,texte,,0,130,100.0,0,,,,,,,,,,,
geoportail_catalogue.json,indicateurs_non_open_data,themes_id,numérique,,130,0,0.0,14,3 (19) ; 7 (17) ; 5 (16) ; 6 (16) ; 1 (13) ; 4 (13) ; 9 (12) ; 11 (7) ; 10 (5) ; 2 (4) ; 13 (3) ; 14 (3) ; 15 (1) ; 12 (1),1,15,0,,,,,,,
geoportail_catalogue.json,indicateurs_non_open_data,ministeres_id,numérique,,130,0,0.0,23,9 (20) ; 13 (16) ; 16 (12) ; 11 (12) ; 4 (11) ; 1 (9) ; 26 (8) ; 15 (6) ; 24 (4) ; 28 (4) ; 25 (4) ; 10 (4) ; 6 (3) ; 8 (3) ; 5 (3) ; 12 (2) ; 27 (2) ; 2 (2) ; 18 (1) ; 3 (1) ; 21 (1) ; 29 (1) ; 22 (1),1,29,0,,,,,,,
geoportail_catalogue.json,subdivisions,code,texte,,5,0,0.0,5,E (1) ; D (1) ; C (1) ; B (1) ; A (1),,,,,,,,,,
routes_classees.csv,—,FID,texte,,799,0,0.0,799,_mview_route_routes.fid--830921d_193db4998a0_759a (1) ; _mview_route_routes.fid--830921d_193db4998a0_77a7 (1) ; _mview_route_routes.fid--830921d_193db4998a0_77a9 (1) ; _mview_route_routes.fid--830921d_193db4998a0_77aa (1) ; _mview_route_routes.fid--830921d_193db4998a0_77ab (1) ; …,,,,,,,,,,
routes_classees.csv,—,region_nom_bdd,texte,,799,0,0.0,5,Plateaux (321) ; Kara (169) ; Maritime (153) ; Centrale (81) ; Savanes (75),,,,,,,,jointure,A,"Rattachement déclaré, contrôlé par le polygone (§4.3)"
routes_classees.csv,—,prefecture_nom_bdd,texte,,799,0,0.0,38,Kozah (75) ; Ogou (68) ; Est-Mono (61) ; Wawa (40) ; Golfe (37) ; …,,,,,,,,jointure,A,"Rattachement déclaré, contrôlé par le polygone (§4.3)"
routes_classees.csv,—,commune_nom_bdd,texte,,799,0,0.0,102,Kozah 1 (47) ; Ogou 1 (45) ; Est-Mono 3 (33) ; Agou 1 (26) ; Wawa 1 (24) ; …,,,,,,,,,,
routes_classees.csv,—,canton_nom_bdd,texte,,799,0,0.0,244,Commune De Kara (43) ; Gnagna (32) ; Nyamassila (25) ; Bassar (20) ; Elavagnon (18) ; …,,,,,,,,,,
routes_classees.csv,—,voies_nbr,numérique,,799,0,0.0,5,2 (547) ; 1 (225) ; 3 (15) ; 0 (8) ; 4 (4),0,4,8,,,,,calcul,A,"Attribut publié par le producteur, compté tel quel"
routes_classees.csv,—,route_type,texte,,799,0,0.0,4,Route nationale revêtue (398) ; Route nationale non revêtue (196) ; Voirie urbaine (192) ; Piste rurale (13),,,,,,,,calcul,A,"Attribut publié par le producteur, compté tel quel"
routes_classees.csv,—,route_classee,texte,,799,0,0.0,1,Oui (799),,,,,,,,calcul,A,"Attribut publié par le producteur, compté tel quel"
routes_classees.csv,—,route_recouvrement,texte,,799,0,0.0,7,Bitume (445) ; Terre amenagée (176) ; Terre non amenagée (154) ; Beton (12) ; Gravier non amenagé (5) ; Pavé (5) ; Gravier amenagé (2),,,,,,,,calcul,A,"Attribut publié par le producteur, compté tel quel"
routes_classees.csv,—,geometry,géométrie,,799,0,0.0,1,MultiLineString (799),0.0085 ; 6.1135,1.7657 ; 11.1138,,,,,,calcul,B,Longueurs et rattachements calculés en UTM 31N à partir du tracé (R-16)
routes_classees.csv,—,route_nom,texte,,797,2,0.3,199,TGRPRRRN1 AMAKPAPE-ATAKPAME-BABAME (32) ; TGRPRTRN29 DEGOU(RN10)-KOLOKOPE-ANIE(RN1) (24) ; TGRKRR RN1 ALEHERIDE-KARA-NABLOUGOU (23) ; TGRPRRRN5 ATAKPAME-KPALIME-AMOUSSOUKOPE (21) ; TGRPRTRN10 NYAMASSILA(RN1)-KPESSI-FRE BENIN (20) ; …,,,,,,,,jointure,A,Seule clé possible pour l'état du réseau (§5)
routes_classees_metadonnees.csv,—,No.,numérique,,24,0,0.0,24,1 (1) ; 2 (1) ; 23 (1) ; 22 (1) ; 21 (1) ; 20 (1) ; 19 (1) ; 18 (1) ; 17 (1) ; 16 (1) ; 15 (1) ; 14 (1) ; 13 (1) ; 12 (1) ; 11 (1) ; 10 (1) ; 9 (1) ; 8 (1) ; 7 (1) ; 6 (1) ; 5 (1) ; 4 (1) ; 3 (1) ; 24 (1),1,24,0,,,,,dictionnaire,sans objet,Description des champs du jeu
routes_classees_metadonnees.csv,—,Nom du champ,texte,,24,0,0.0,24,region_nom_bdd (1) ; prefecture_nom_bdd (1) ; kilometrage_fin (1) ; kilometrage_debut (1) ; tracon_ordre (1) ; route_nom (1) ; route_id_collecte (1) ; autre_canton_id (1) ; geometry (1) ; date_mise_a_jour_collecte (1) ; date_collecte (1) ; remarques (1) ; route_praticable (1) ; route_recouvrement (1) ; route_classee (1) ; route_type (1) ; voies_nbr (1) ; route_largeur (1) ; zone_inondable (1) ; canton_id_bdd (1) ; id (1) ; canton_nom_bdd (1) ; commune_nom_bdd (1) ; troncon_longueur_km (1),,,,,,,,dictionnaire,sans objet,Description des champs du jeu
routes_classees_metadonnees.csv,—,Question,texte,,7,17,70.8,7,ID du canton (1) ; Date de la collecte (1) ; Date de la mise à jour (1) ; Géométrie (1) ; Autre ID canton (1) ; ID textuel de la route (1) ; Nom de la route (1),,,,,,,,dictionnaire,sans objet,Description des champs du jeu
routes_classees_metadonnees.csv,—,Description,texte,,24,0,0.0,4,xsd:string (16) ; xsd:number (4) ; xsd:int (3) ; gml:MultiLineString (1),,,,,,,,dictionnaire,sans objet,Description des champs du jeu
routes_classees_metadonnees.csv,—,Type du champ,texte,,24,0,0.0,4,string (16) ; number (4) ; int (3) ; MultiLineString (1),,,,,,,,dictionnaire,sans objet,Description des champs du jeu
densite_reseau_routier.csv,—,Densite  du réseau  routier par Types de Routes | Routes Revêtues,numérique,Km/100  Km²,1,0,0.0,1,,4.1,4.1,0,,2020–2020,,,contrôle,C,Indicateur pré-calculé : surface et longueurs non documentées
densite_reseau_routier.csv,—,Densite  du réseau  routier par Types de Routes | Routes en  Terre,numérique,Km/100  Km²,1,0,0.0,1,,1.8,1.8,0,,2020–2020,,,contrôle,C,Indicateur pré-calculé : surface et longueurs non documentées
densite_reseau_routier.csv,—,Densite  du réseau  routier par Types de Routes | Voiries urbaines,numérique,Km/100  Km²,1,0,0.0,1,,1.8,1.8,0,,2020–2020,,,contrôle,C,Indicateur pré-calculé : surface et longueurs non documentées
auto_ecoles.csv,—,FID,texte,,272,0,0.0,272,_mview_entreprisesvariees_entreprises_variees.fid-7111a9c0_… (1) ; _mview_entreprisesvariees_entreprises_variees.fid-7111a9c0_… (1) ; _mview_entreprisesvariees_entreprises_variees.fid-7111a9c0_… (1) ; _mview_entreprisesvariees_entreprises_variees.fid-7111a9c0_… (1) ; _mview_entreprisesvariees_entreprises_variees.fid-7111a9c0_… (1) ; …,,,,,,,,,,
auto_ecoles.csv,—,region_nom_bdd,texte,,272,0,0.0,5,Maritime (224) ; Kara (14) ; Centrale (12) ; Plateaux (12) ; Savanes (10),,,,,,,,jointure,A,"Rattachement déclaré, contrôlé par le polygone (§4.3)"
auto_ecoles.csv,—,prefecture_nom_bdd,texte,,272,0,0.0,24,Golfe (142) ; Agoè-Nyivé (71) ; Kozah (11) ; Lacs (5) ; Tône (5) ; Tchaoudjo (4) ; Sotouboua (4) ; Kloto (3) ; Vo (3) ; Oti (3) ; Bassar (2) ; Blitta (2) ; Wawa (2) ; Ogou (2) ; Tchamba (2) ; Cinkassé (2) ; Kpélé (2) ; Assoli (1) ; Zio (1) ; Bas-Mono (1) ; Yoto (1) ; Amou (1) ; Anié (1) ; Agou (1),,,,,,,,jointure,A,"Rattachement déclaré, contrôlé par le polygone (§4.3)"
auto_ecoles.csv,—,commune_nom_bdd,texte,,272,0,0.0,40,Agoè-Nyivé 1 (44) ; Golfe 5 (40) ; Golfe 1 (29) ; Golfe 3 (25) ; Golfe 7 (17) ; …,,,,,,,,,,
auto_ecoles.csv,—,canton_nom_bdd,texte,,272,0,0.0,42,Agoè-Nyivé (44) ; Aflao-Gakli (40) ; Bè-Est (29) ; Bè-Ouest (25) ; Aflao-Sagbado (17) ; …,,,,,,,,,,
auto_ecoles.csv,—,nom_localite,texte,,272,0,0.0,194,Djidjole (7) ; Amadahome (5) ; Agbalepedogan (5) ; Yokoe (4) ; Adidoadin (4) ; …,,,,« N/a » (3),,,,,,
auto_ecoles.csv,—,nom_etablissement,texte,,272,0,0.0,272,Auto-école Nouvelle (1) ; Auto-école la Perseverance (1) ; Auto-école le Reccord (1) ; Auto-école les Benis (1) ; Auto-école le Citoyen (1) ; …,,,,,,,,contrôle,A,Repérage des doublons (piège D6)
auto_ecoles.csv,—,adresse_etablissement,texte,,272,0,0.0,102,Nsp (163) ; Néant (8) ; 90981828/98393151 (2) ; BP 78 Tsévié (1) ; 90047716 (1) ; …,,,,« Nsp » (163) ; « Néant » (8),,,,,,
auto_ecoles.csv,—,journee_ouverture,texte,,272,0,0.0,20,"{jeudi, lundi, mardi, mercredi, samedi, vendredi} (122) ; {lundi,mardi,mercredi,jeudi,vendredi,samedi} (61) ; {jeudi, lundi, mardi, mercredi, vendredi} (34) ; Nsp (16) ; {lundi,mardi,mercredi,jeudi,vendredi} (10) ; {samedi,vendredi,jeudi,mercredi,mardi,lundi} (9) ; {lundi,mardi,mercredi,jeudi,vendredi,samedi,dimanche} (4) ; {jeudi, mardi, mercredi, samedi, vendredi} (3) ; {lundi,mardi,mercredi,vendredi,samedi} (2) ; {lundi,mardi,mercredi,jeudi,samedi} (1) ; {jeudi, lundi, mardi, mercredi} (1) ; {jeudi, lundi, mardi, samedi, vendredi} (1) ; {mardi,mercredi,jeudi,vendredi,samedi,dimanche} (1) ; {lundi,mardi,jeudi,mercredi,samedi} (1) ; {lundi,mercredi,mardi,jeudi,vendredi} (1) ; {lundi,mercredi,jeudi,vendredi,dimanche,samedi,mardi} (1) ; {dimanche,samedi,vendredi,jeudi,mercredi,mardi,lundi} (1) ; {samedi,vendredi,jeudi,mercredi,mardi} (1) ; {vendredi,jeudi,mercredi,mardi,lundi} (1) ; {lundi,mardi,jeudi,mercredi,vendredi,samedi} (1)",,,,« Nsp » (16),,,,contrôle,C,"Jours d'ouverture déclarés : ne prouvent pas l'activité (R-12, écart 13)"
auto_ecoles.csv,—,activite_categorie,texte,,272,0,0.0,1,{Auto-école} (272),,,,,,,,contrôle,sans objet,"Une seule modalité : la catégorie de l'établissement, pas son activité (écart 13)"
auto_ecoles.csv,—,geometry,géométrie,,272,0,0.0,1,Point (272),0.0080 ; 6.1264,1.7121 ; 11.1000,,,,,,calcul,A,Position publiée ; géocodage contrôlé par le polygone (§4.3)
auto_ecoles.csv,—,agregation,texte,,272,0,0.0,4,Non agréée (138) ; Agréée (85) ; Antenne agréée (47) ; Néant (2),,,,« Néant » (2),,,,calcul,A,Statut d'agrément publié (R-12)
auto_ecoles_metadonnees.csv,—,No.,numérique,,83,0,0.0,83,1 (1) ; 63 (1) ; 61 (1) ; 60 (1) ; 59 (1) ; …,1,83,0,,,,,dictionnaire,sans objet,Description des champs du jeu
auto_ecoles_metadonnees.csv,—,Nom du champ,texte,,83,0,0.0,83,region_nom_bdd (1) ; internet_reception_type (1) ; internet_type_autre (1) ; internet_type (1) ; internet (1) ; …,,,,,,,,dictionnaire,sans objet,Description des champs du jeu
auto_ecoles_metadonnees.csv,—,Question,texte,,78,5,6.0,78,"ID du canton (1) ; Y a-t-il accès à l'électricité ? (1) ; Recevez-vous internet ? (1) ; Autre type d'internet dédié (1) ; Si oui, type d'accès dédié ? (1) ; …",,,,,,,,dictionnaire,sans objet,Description des champs du jeu
auto_ecoles_metadonnees.csv,—,Description,texte,,83,0,0.0,3,xsd:string (65) ; xsd:int (17) ; gml:Point (1),,,,,,,,dictionnaire,sans objet,Description des champs du jeu
auto_ecoles_metadonnees.csv,—,Type du champ,texte,,83,0,0.0,3,string (65) ; int (17) ; Point (1),,,,,,,,dictionnaire,sans objet,Description des champs du jeu
auto_ecoles_vehicules_metadonnees.csv,—,No.,numérique,,24,0,0.0,24,1 (1) ; 2 (1) ; 23 (1) ; 22 (1) ; 21 (1) ; 20 (1) ; 19 (1) ; 18 (1) ; 17 (1) ; 16 (1) ; 15 (1) ; 14 (1) ; 13 (1) ; 12 (1) ; 11 (1) ; 10 (1) ; 9 (1) ; 8 (1) ; 7 (1) ; 6 (1) ; 5 (1) ; 4 (1) ; 3 (1) ; 24 (1),1,24,0,,,,,dictionnaire,sans objet,Description des champs du jeu
auto_ecoles_vehicules_metadonnees.csv,—,Nom du champ,texte,,24,0,0.0,24,region_nom_bdd (1) ; prefecture_nom_bdd (1) ; date_mise_a_jour_collecte (1) ; date_collecte (1) ; commentaire (1) ; etat (1) ; immactriculation (1) ; revision_date (1) ; compteur_km (1) ; annee_circulation (1) ; annee_achat (1) ; vehicule_fonction (1) ; modele_vehicule (1) ; modele_marque (1) ; vehicule_genre (1) ; vehicule_id_collecte (1) ; etab_id_collecte (1) ; etablissement_nom (1) ; etab_id_bdd (1) ; canton_id_bdd (1) ; id (1) ; canton_nom_bdd (1) ; commune_nom_bdd (1) ; geometry (1),,,,,,,,dictionnaire,sans objet,Description des champs du jeu
auto_ecoles_vehicules_metadonnees.csv,—,Question,texte,,19,5,20.8,19,ID du canton (1) ; Année de mise en circulation (1) ; Date de la mise à jour (1) ; Date de la collecte (1) ; Commentaires (1) ; Etat de fonctionnement (1) ; Plaque d'immatriculation (1) ; Année de la dernière révision (1) ; Compteur kilométrique (1) ; Année d'achat (1) ; ID de l'établissement (1) ; Fonction du véhicule (1) ; Modèle du véhicule (1) ; Marque du véhicule (1) ; Type de véhicule (1) ; ID du véhicule (1) ; ID textuel de l'établissement (1) ; Nom de l'établissement (1) ; Géométrie (1),,,,,,,,dictionnaire,sans objet,Description des champs du jeu
auto_ecoles_vehicules_metadonnees.csv,—,Description,texte,,24,0,0.0,3,xsd:string (21) ; xsd:int (2) ; gml:Point (1),,,,,,,,dictionnaire,sans objet,Description des champs du jeu
auto_ecoles_vehicules_metadonnees.csv,—,Type du champ,texte,,24,0,0.0,3,string (21) ; int (2) ; Point (1),,,,,,,,dictionnaire,sans objet,Description des champs du jeu
rgph_2022_population.csv,—,Population résidente par découpage administratif et par sexe | Total,numérique,Nombre,759,0,0.0,743,,132,8095498,0,,2022–2022,,745,calcul,A,Recensement exhaustif de 2022 (RGPH-5)
projections_demographiques_2011_2031.csv,—,Projection démographiques de 2011-2031 | Total,numérique,Number,378,0,0.0,314,,35000,9767000,0,,2011–2031,,18,calcul,C,"Projection de l'INSEED, méthode non jointe : une estimation, pas un comptage"
projections_demographiques_2011_2031.csv,—,Projection démographiques de 2011-2031 | Masculin,numérique,Number,378,0,0.0,279,,14000,4795000,0,,2011–2031,,18,calcul,C,"Projection de l'INSEED, méthode non jointe : une estimation, pas un comptage"
projections_demographiques_2011_2031.csv,—,Projection démographiques de 2011-2031 | Féminin,numérique,Number,378,0,0.0,260,,21000,4972000,0,,2011–2031,,18,calcul,C,"Projection de l'INSEED, méthode non jointe : une estimation, pas un comptage"
population_region_sexe_2010.csv,—,Effectif de la population résidente en 2022 | Total,numérique,Nombre,7,0,0.0,7,,617871,6191155,0,,2010–2010,,7,calcul,A,Recensement de 2010 (RGPH-4)
population_region_sexe_2010.csv,—,Effectif de la population résidente en 2022 | Masculin,numérique,Nombre,7,0,0.0,7,,308443,3009095,0,,2010–2010,,7,calcul,A,Recensement de 2010 (RGPH-4)
population_region_sexe_2010.csv,—,Effectif de la population résidente en 2022 | Féminin,numérique,Nombre,7,0,0.0,7,,309428,3182060,0,,2010–2010,,7,calcul,A,Recensement de 2010 (RGPH-4)
wpp2024_population_age_simple_togo.csv,—,LocationId,numérique,,15453,0,0.0,1,768 (15453),768,768,0,,,,,,,
wpp2024_population_age_simple_togo.csv,—,Location,texte,,15453,0,0.0,1,Togo (15453),,,,,,,,,,
wpp2024_population_age_simple_togo.csv,—,Iso3,texte,,15453,0,0.0,1,TGO (15453),,,,,,,,,,
wpp2024_population_age_simple_togo.csv,—,Iso2,texte,,15453,0,0.0,1,TG (15453),,,,,,,,,,
wpp2024_population_age_simple_togo.csv,—,LocationTypeId,numérique,,15453,0,0.0,1,4 (15453),4,4,0,,,,,,,
wpp2024_population_age_simple_togo.csv,—,IndicatorId,numérique,,15453,0,0.0,1,47 (15453),47,47,0,,,,,,,
wpp2024_population_age_simple_togo.csv,—,Indicator,texte,,15453,0,0.0,1,Population by 1-year age groups and sex (15453),,,,,,,,,,
wpp2024_population_age_simple_togo.csv,—,IndicatorDisplayName,texte,,15453,0,0.0,1,Annual population by 1-year age groups and by sex (15453),,,,,,,,,,
wpp2024_population_age_simple_togo.csv,—,SourceId,numérique,,15453,0,0.0,1,27 (15453),27,27,0,,,,,,,
wpp2024_population_age_simple_togo.csv,—,Source,texte,,15453,0,0.0,1,World Population Prospects (15453),,,,,,,,,,
wpp2024_population_age_simple_togo.csv,—,Revision,numérique,,15453,0,0.0,1,0 (15453),0,0,15453,,,,,,,
wpp2024_population_age_simple_togo.csv,—,VariantId,numérique,,15453,0,0.0,17,4 (10605) ; 13 (303) ; 19 (303) ; 18 (303) ; 17 (303) ; 16 (303) ; 15 (303) ; 14 (303) ; 12 (303) ; 1 (303) ; 11 (303) ; 10 (303) ; 9 (303) ; 6 (303) ; 5 (303) ; 2 (303) ; 20 (303),1,20,0,,,,,,,
wpp2024_population_age_simple_togo.csv,—,Variant,texte,,15453,0,0.0,17,Median (10605) ; Zero-migration (303) ; Accelerated ABR decline (303) ; No fertility below age 18 (303) ; Instant-replacement-zero-migration (303) ; Momentum (303) ; No change (303) ; Constant-mortality (303) ; Instant-replacement-fertility (303) ; 95% lower bound (303) ; Constant-fertility (303) ; Low-fertility (303) ; High-fertility (303) ; 95% upper bound (303) ; 80% upper bound (303) ; 80% lower bound (303) ; Accelerated ABR decline with recuperation (303),,,,,,,,,,
wpp2024_population_age_simple_togo.csv,—,VariantShortName,texte,,15453,0,0.0,17,Median (10605) ; ZeroMIGRATION (303) ; Accelerated ABR decline (303) ; No fertility below age 18 (303) ; InstantReplacementZeroMIGRATION (303) ; MOMENTUM (303) ; NoCHANGE (303) ; ConstantMORTALITY (303) ; InstantREPLACEMENT (303) ; LOWER95 (303) ; ConstantFERTILITY (303) ; LOW (303) ; HIGH (303) ; UPPER95 (303) ; UPPER80 (303) ; LOWER80 (303) ; Accelerated ABR decline with recuperation (303),,,,,,,,,,
wpp2024_population_age_simple_togo.csv,—,VariantLabel,texte,,15453,0,0.0,17,Median (10605) ; Zero-mig. (303) ; Accelerated ABR decline (303) ; No fertility below age 18 (303) ; Inst.-replac.-Zero-mig. (303) ; Momentum (303) ; No change (303) ; Constant-mort. (303) ; Inst.-replac.-fert. (303) ; 95% Lower (303) ; Constant-fert. (303) ; Low-fert. (303) ; High-fert. (303) ; 95% Upper (303) ; 80% Upper (303) ; 80% Lower (303) ; Accelarated ABR decline w/rec. (303),,,,,,,,,,
wpp2024_population_age_simple_togo.csv,—,TimeId,numérique,,15453,0,0.0,35,75 (5151) ; 67 (303) ; 61 (303) ; 62 (303) ; 63 (303) ; …,41,75,0,,,,,,,
wpp2024_population_age_simple_togo.csv,—,TimeLabel,numérique,,15453,0,0.0,35,2024 (5151) ; 2016 (303) ; 2010 (303) ; 2011 (303) ; 2012 (303) ; …,1990,2024,0,,,,,,,
wpp2024_population_age_simple_togo.csv,—,TimeMid,numérique,,15453,0,0.0,35,2024.5 (5151) ; 2016.5 (303) ; 2010.5 (303) ; 2011.5 (303) ; 2012.5 (303) ; …,1990.5,2024.5,0,,,,,,,
wpp2024_population_age_simple_togo.csv,—,CategoryId,numérique,,15453,0,0.0,1,0 (15453),0,0,15453,,,,,,,
wpp2024_population_age_simple_togo.csv,—,Category,texte,,15453,0,0.0,1,Not applicable (15453),,,,,,,,,,
wpp2024_population_age_simple_togo.csv,—,EstimateTypeId,numérique,,15453,0,0.0,1,1 (15453),1,1,0,,,,,,,
wpp2024_population_age_simple_togo.csv,—,EstimateType,texte,,15453,0,0.0,1,Model-based Estimates (15453),,,,,,,,,,
wpp2024_population_age_simple_togo.csv,—,EstimateMethodId,numérique,,15453,0,0.0,2,3 (9090) ; 2 (6363),2,3,0,,,,,,,
wpp2024_population_age_simple_togo.csv,—,EstimateMethod,texte,,15453,0,0.0,2,Projection (9090) ; Interpolation (6363),,,,,,,,,,
wpp2024_population_age_simple_togo.csv,—,SexId,numérique,,15453,0,0.0,3,1 (5151) ; 2 (5151) ; 3 (5151),1,3,0,,,,,,,
wpp2024_population_age_simple_togo.csv,—,Sex,texte,,15453,0,0.0,3,Male (5151) ; Female (5151) ; Both sexes (5151),,,,,,,,,,
wpp2024_population_age_simple_togo.csv,—,AgeId,numérique,,15453,0,0.0,101,42 (153) ; 156 (153) ; 165 (153) ; 164 (153) ; 163 (153) ; …,42,187,0,,,,,,,
wpp2024_population_age_simple_togo.csv,—,AgeLabel,numérique et texte,,15453,0,0.0,101,0 (153) ; 64 (153) ; 74 (153) ; 73 (153) ; 72 (153) ; …,0,99,153,texte : 100+,,,,,,
wpp2024_population_age_simple_togo.csv,—,AgeStart,numérique,,15453,0,0.0,101,0 (153) ; 64 (153) ; 74 (153) ; 73 (153) ; 72 (153) ; …,0,100,153,,,,,,,
wpp2024_population_age_simple_togo.csv,—,AgeEnd,numérique,,15300,153,1.0,99,1 (306) ; 75 (153) ; 73 (153) ; 72 (153) ; 71 (153) ; …,1,99,0,,,,,,,
wpp2024_population_age_simple_togo.csv,—,AgeMid,numérique,,15453,0,0.0,100,1 (306) ; 64 (153) ; 74 (153) ; 73 (153) ; 72 (153) ; …,1,100,0,,,,,,,
wpp2024_population_age_simple_togo.csv,—,Value,numérique,,15453,0,0.0,11079,0 (175) ; 1 (143) ; 3 (102) ; 2 (71) ; 5 (55) ; …,0,309912,175,,,,,calcul,C,Estimation modélisée de l'ONU ; seules la structure par âge et l'évolution servent (03 §7)
limites_administratives_hdx.geojson.zip,tgo_admin0.geojson,iso2,texte,,1,0,0.0,1,TG (1),,,,,,,,,,
limites_administratives_hdx.geojson.zip,tgo_admin0.geojson,iso3,texte,,1,0,0.0,1,TGO (1),,,,,,,,,,
limites_administratives_hdx.geojson.zip,tgo_admin0.geojson,adm0_name,texte,,1,0,0.0,1,Togo (1),,,,,,,,,,
limites_administratives_hdx.geojson.zip,tgo_admin0.geojson,adm0_name1,texte,,0,1,100.0,0,,,,,,,,,,,
limites_administratives_hdx.geojson.zip,tgo_admin0.geojson,adm0_name2,texte,,0,1,100.0,0,,,,,,,,,,,
limites_administratives_hdx.geojson.zip,tgo_admin0.geojson,adm0_name3,texte,,0,1,100.0,0,,,,,,,,,,,
limites_administratives_hdx.geojson.zip,tgo_admin0.geojson,adm0_pcode,texte,,1,0,0.0,1,TG (1),,,,,,,,,,
limites_administratives_hdx.geojson.zip,tgo_admin0.geojson,valid_on,texte,,1,0,0.0,1,2021-01-07 (1),,,,,,,,,,
limites_administratives_hdx.geojson.zip,tgo_admin0.geojson,valid_to,texte,,0,1,100.0,0,,,,,,,,,,,
limites_administratives_hdx.geojson.zip,tgo_admin0.geojson,version,texte,,1,0,0.0,1,v02 (1),,,,,,,,,,
limites_administratives_hdx.geojson.zip,tgo_admin0.geojson,area_sqkm,numérique,,1,0,0.0,1,57242.07289051 (1),57242.1,57242.1,0,,,,,,,
limites_administratives_hdx.geojson.zip,tgo_admin0.geojson,lang,texte,,1,0,0.0,1,fr (1),,,,,,,,,,
limites_administratives_hdx.geojson.zip,tgo_admin0.geojson,lang1,texte,,0,1,100.0,0,,,,,,,,,,,
limites_administratives_hdx.geojson.zip,tgo_admin0.geojson,lang2,texte,,0,1,100.0,0,,,,,,,,,,,
limites_administratives_hdx.geojson.zip,tgo_admin0.geojson,lang3,texte,,0,1,100.0,0,,,,,,,,,,,
limites_administratives_hdx.geojson.zip,tgo_admin0.geojson,adm0_ref_name,texte,,1,0,0.0,1,Togo (1),,,,,,,,,,
limites_administratives_hdx.geojson.zip,tgo_admin0.geojson,center_lat,numérique,,1,0,0.0,1,8.6276595 (1),8.62766,8.62766,0,,,,,,,
limites_administratives_hdx.geojson.zip,tgo_admin0.geojson,center_lon,numérique,,1,0,0.0,1,1.04184628 (1),1.04185,1.04185,0,,,,,,,
limites_administratives_hdx.geojson.zip,tgo_admin0.geojson,geometry,géométrie,,1,0,0.0,1,Polygon (1),-0.1425 ; 6.1093,1.8075 ; 11.1380,,,,,,calcul,B,Surfaces et rattachements calculés en UTM 31N (R-16) ; Golfe et Lomé Commune fusionnés (§5)
limites_administratives_hdx.geojson.zip,tgo_admin0_em.geojson,iso2,texte,,1,0,0.0,1,TG (1),,,,,,,,,,
limites_administratives_hdx.geojson.zip,tgo_admin0_em.geojson,iso3,texte,,1,0,0.0,1,TGO (1),,,,,,,,,,
limites_administratives_hdx.geojson.zip,tgo_admin0_em.geojson,adm0_name,texte,,1,0,0.0,1,Togo (1),,,,,,,,,,
limites_administratives_hdx.geojson.zip,tgo_admin0_em.geojson,adm0_name1,texte,,0,1,100.0,0,,,,,,,,,,,
limites_administratives_hdx.geojson.zip,tgo_admin0_em.geojson,adm0_name2,texte,,0,1,100.0,0,,,,,,,,,,,
limites_administratives_hdx.geojson.zip,tgo_admin0_em.geojson,adm0_name3,texte,,0,1,100.0,0,,,,,,,,,,,
limites_administratives_hdx.geojson.zip,tgo_admin0_em.geojson,adm0_pcode,texte,,1,0,0.0,1,TG (1),,,,,,,,,,
limites_administratives_hdx.geojson.zip,tgo_admin0_em.geojson,valid_on,texte,,1,0,0.0,1,2021-01-07 (1),,,,,,,,,,
limites_administratives_hdx.geojson.zip,tgo_admin0_em.geojson,valid_to,texte,,0,1,100.0,0,,,,,,,,,,,
limites_administratives_hdx.geojson.zip,tgo_admin0_em.geojson,area_sqkm,numérique,,1,0,0.0,1,56671.01287322 (1),56671,56671,0,,,,,,,
limites_administratives_hdx.geojson.zip,tgo_admin0_em.geojson,version,texte,,1,0,0.0,1,v02 (1),,,,,,,,,,
limites_administratives_hdx.geojson.zip,tgo_admin0_em.geojson,lang,texte,,1,0,0.0,1,fr (1),,,,,,,,,,
limites_administratives_hdx.geojson.zip,tgo_admin0_em.geojson,lang1,texte,,0,1,100.0,0,,,,,,,,,,,
limites_administratives_hdx.geojson.zip,tgo_admin0_em.geojson,lang2,texte,,0,1,100.0,0,,,,,,,,,,,
limites_administratives_hdx.geojson.zip,tgo_admin0_em.geojson,lang3,texte,,0,1,100.0,0,,,,,,,,,,,
limites_administratives_hdx.geojson.zip,tgo_admin0_em.geojson,center_lat,numérique,,1,0,0.0,1,8.62733736 (1),8.62734,8.62734,0,,,,,,,
limites_administratives_hdx.geojson.zip,tgo_admin0_em.geojson,center_lon,numérique,,1,0,0.0,1,1.0409073 (1),1.04091,1.04091,0,,,,,,,
limites_administratives_hdx.geojson.zip,tgo_admin0_em.geojson,geometry,géométrie,,1,0,0.0,1,Polygon (1),-0.1443 ; 6.1118,1.8084 ; 11.1385,,,,,,,,
limites_administratives_hdx.geojson.zip,tgo_admin1.geojson,adm1_name,texte,,5,0,0.0,5,Centrale (1) ; Kara (1) ; Maritime (1) ; Plateaux (1) ; Savanes (1),,,,,,,,,,
limites_administratives_hdx.geojson.zip,tgo_admin1.geojson,adm1_name1,texte,,0,5,100.0,0,,,,,,,,,,,
limites_administratives_hdx.geojson.zip,tgo_admin1.geojson,adm1_name2,texte,,0,5,100.0,0,,,,,,,,,,,
limites_administratives_hdx.geojson.zip,tgo_admin1.geojson,adm1_name3,texte,,0,5,100.0,0,,,,,,,,,,,
limites_administratives_hdx.geojson.zip,tgo_admin1.geojson,adm1_pcode,texte,,5,0,0.0,5,TG01 (1) ; TG02 (1) ; TG03 (1) ; TG04 (1) ; TG05 (1),,,,,,,,,,
limites_administratives_hdx.geojson.zip,tgo_admin1.geojson,adm0_name,texte,,5,0,0.0,1,Togo (5),,,,,,,,,,
limites_administratives_hdx.geojson.zip,tgo_admin1.geojson,adm0_name1,texte,,0,5,100.0,0,,,,,,,,,,,
limites_administratives_hdx.geojson.zip,tgo_admin1.geojson,adm0_name2,texte,,0,5,100.0,0,,,,,,,,,,,
limites_administratives_hdx.geojson.zip,tgo_admin1.geojson,adm0_name3,texte,,0,5,100.0,0,,,,,,,,,,,
limites_administratives_hdx.geojson.zip,tgo_admin1.geojson,adm0_pcode,texte,,5,0,0.0,1,TG (5),,,,,,,,,,
limites_administratives_hdx.geojson.zip,tgo_admin1.geojson,valid_on,texte,,5,0,0.0,1,2021-01-07 (5),,,,,,,,,,
limites_administratives_hdx.geojson.zip,tgo_admin1.geojson,valid_to,texte,,0,5,100.0,0,,,,,,,,,,,
limites_administratives_hdx.geojson.zip,tgo_admin1.geojson,area_sqkm,numérique,,5,0,0.0,5,13121.6102611 (1) ; 11770.48864715 (1) ; 6383.07807997 (1) ; 17406.51973636 (1) ; 8560.37616593 (1),6383.08,17406.5,0,,,,,,,
limites_administratives_hdx.geojson.zip,tgo_admin1.geojson,version,texte,,5,0,0.0,1,v02 (5),,,,,,,,,,
limites_administratives_hdx.geojson.zip,tgo_admin1.geojson,lang,texte,,5,0,0.0,1,fr (5),,,,,,,,,,
limites_administratives_hdx.geojson.zip,tgo_admin1.geojson,lang1,texte,,0,5,100.0,0,,,,,,,,,,,
limites_administratives_hdx.geojson.zip,tgo_admin1.geojson,lang2,texte,,0,5,100.0,0,,,,,,,,,,,
limites_administratives_hdx.geojson.zip,tgo_admin1.geojson,lang3,texte,,0,5,100.0,0,,,,,,,,,,,
limites_administratives_hdx.geojson.zip,tgo_admin1.geojson,adm1_ref_name,texte,,5,0,0.0,5,Centrale (1) ; Kara (1) ; Maritime (1) ; Plateaux (1) ; Savanes (1),,,,,,,,,,
limites_administratives_hdx.geojson.zip,tgo_admin1.geojson,center_lat,numérique,,5,0,0.0,5,8.6141455 (1) ; 9.5652375 (1) ; 6.515487 (1) ; 7.4959775 (1) ; 10.507526 (1),6.51549,10.5075,0,,,,,,,
limites_administratives_hdx.geojson.zip,tgo_admin1.geojson,center_lon,numérique,,5,0,0.0,5,1.04636455 (1) ; 0.80812879 (1) ; 1.21048454 (1) ; 1.0952789 (1) ; 0.46277129 (1),0.462771,1.21048,0,,,,,,,
limites_administratives_hdx.geojson.zip,tgo_admin1.geojson,geometry,géométrie,,5,0,0.0,1,Polygon (5),-0.1425 ; 6.1093,1.8075 ; 11.1380,,,,,,calcul,B,Surfaces et rattachements calculés en UTM 31N (R-16) ; Golfe et Lomé Commune fusionnés (§5)
limites_administratives_hdx.geojson.zip,tgo_admin1_em.geojson,adm1_name,texte,,5,0,0.0,5,Centrale (1) ; Kara (1) ; Maritime (1) ; Plateaux (1) ; Savanes (1),,,,,,,,,,
limites_administratives_hdx.geojson.zip,tgo_admin1_em.geojson,adm1_name1,texte,,0,5,100.0,0,,,,,,,,,,,
limites_administratives_hdx.geojson.zip,tgo_admin1_em.geojson,adm1_name2,texte,,0,5,100.0,0,,,,,,,,,,,
limites_administratives_hdx.geojson.zip,tgo_admin1_em.geojson,adm1_name3,texte,,0,5,100.0,0,,,,,,,,,,,
limites_administratives_hdx.geojson.zip,tgo_admin1_em.geojson,adm1_pcode,texte,,5,0,0.0,5,TG01 (1) ; TG02 (1) ; TG03 (1) ; TG04 (1) ; TG05 (1),,,,,,,,,,
limites_administratives_hdx.geojson.zip,tgo_admin1_em.geojson,adm0_name,texte,,5,0,0.0,1,Togo (5),,,,,,,,,,
limites_administratives_hdx.geojson.zip,tgo_admin1_em.geojson,adm0_name1,texte,,0,5,100.0,0,,,,,,,,,,,
limites_administratives_hdx.geojson.zip,tgo_admin1_em.geojson,adm0_name2,texte,,0,5,100.0,0,,,,,,,,,,,
limites_administratives_hdx.geojson.zip,tgo_admin1_em.geojson,adm0_name3,texte,,0,5,100.0,0,,,,,,,,,,,
limites_administratives_hdx.geojson.zip,tgo_admin1_em.geojson,adm0_pcode,texte,,5,0,0.0,1,TG (5),,,,,,,,,,
limites_administratives_hdx.geojson.zip,tgo_admin1_em.geojson,valid_on,texte,,5,0,0.0,1,2021-01-07 (5),,,,,,,,,,
limites_administratives_hdx.geojson.zip,tgo_admin1_em.geojson,valid_to,texte,,0,5,100.0,0,,,,,,,,,,,
limites_administratives_hdx.geojson.zip,tgo_admin1_em.geojson,area_sqkm,numérique,,5,0,0.0,5,13100.75115282 (1) ; 11588.11887597 (1) ; 6279.86588804 (1) ; 17206.29712772 (1) ; 8495.97982867 (1),6279.87,17206.3,0,,,,,,,
limites_administratives_hdx.geojson.zip,tgo_admin1_em.geojson,version,texte,,5,0,0.0,1,v02 (5),,,,,,,,,,
limites_administratives_hdx.geojson.zip,tgo_admin1_em.geojson,lang,texte,,5,0,0.0,1,fr (5),,,,,,,,,,
limites_administratives_hdx.geojson.zip,tgo_admin1_em.geojson,lang1,texte,,0,5,100.0,0,,,,,,,,,,,
limites_administratives_hdx.geojson.zip,tgo_admin1_em.geojson,lang2,texte,,0,5,100.0,0,,,,,,,,,,,
limites_administratives_hdx.geojson.zip,tgo_admin1_em.geojson,lang3,texte,,0,5,100.0,0,,,,,,,,,,,
limites_administratives_hdx.geojson.zip,tgo_admin1_em.geojson,center_lat,numérique,,5,0,0.0,5,8.60686879 (1) ; 9.56488972 (1) ; 6.51731709 (1) ; 7.49619987 (1) ; 10.50720549 (1),6.51732,10.5072,0,,,,,,,
limites_administratives_hdx.geojson.zip,tgo_admin1_em.geojson,center_lon,numérique,,5,0,0.0,5,1.04620186 (1) ; 0.79188744 (1) ; 1.20515016 (1) ; 1.07963052 (1) ; 0.46457743 (1),0.464577,1.20515,0,,,,,,,
limites_administratives_hdx.geojson.zip,tgo_admin1_em.geojson,geometry,géométrie,,5,0,0.0,1,Polygon (5),-0.1443 ; 6.1118,1.8084 ; 11.1385,,,,,,,,
limites_administratives_hdx.geojson.zip,tgo_admin2.geojson,adm2_name,texte,,40,0,0.0,40,Agoe-Nyive (1) ; Agou (1) ; Kpendjal (1) ; Lacs (1) ; Lome Commune (1) ; …,,,,,,,,,,
limites_administratives_hdx.geojson.zip,tgo_admin2.geojson,adm2_name1,texte,,0,40,100.0,0,,,,,,,,,,,
limites_administratives_hdx.geojson.zip,tgo_admin2.geojson,adm2_name2,texte,,0,40,100.0,0,,,,,,,,,,,
limites_administratives_hdx.geojson.zip,tgo_admin2.geojson,adm2_name3,texte,,0,40,100.0,0,,,,,,,,,,,
limites_administratives_hdx.geojson.zip,tgo_admin2.geojson,adm2_pcode,texte,,40,0,0.0,40,TG0309 (1) ; TG0403 (1) ; TG0513 (1) ; TG0304 (1) ; TG0305 (1) ; …,,,,,,,,,,
limites_administratives_hdx.geojson.zip,tgo_admin2.geojson,adm1_name,texte,,40,0,0.0,5,Plateaux (12) ; Maritime (9) ; Kara (7) ; Savanes (7) ; Centrale (5),,,,,,,,,,
limites_administratives_hdx.geojson.zip,tgo_admin2.geojson,adm1_name1,texte,,0,40,100.0,0,,,,,,,,,,,
limites_administratives_hdx.geojson.zip,tgo_admin2.geojson,adm1_name2,texte,,0,40,100.0,0,,,,,,,,,,,
limites_administratives_hdx.geojson.zip,tgo_admin2.geojson,adm1_name3,texte,,0,40,100.0,0,,,,,,,,,,,
limites_administratives_hdx.geojson.zip,tgo_admin2.geojson,adm1_pcode,texte,,40,0,0.0,5,TG04 (12) ; TG03 (9) ; TG02 (7) ; TG05 (7) ; TG01 (5),,,,,,,,,,
limites_administratives_hdx.geojson.zip,tgo_admin2.geojson,adm0_name,texte,,40,0,0.0,1,Togo (40),,,,,,,,,,
limites_administratives_hdx.geojson.zip,tgo_admin2.geojson,adm0_name1,texte,,0,40,100.0,0,,,,,,,,,,,
limites_administratives_hdx.geojson.zip,tgo_admin2.geojson,adm0_name2,texte,,0,40,100.0,0,,,,,,,,,,,
limites_administratives_hdx.geojson.zip,tgo_admin2.geojson,adm0_name3,texte,,0,40,100.0,0,,,,,,,,,,,
limites_administratives_hdx.geojson.zip,tgo_admin2.geojson,adm0_pcode,texte,,40,0,0.0,1,TG (40),,,,,,,,,,
limites_administratives_hdx.geojson.zip,tgo_admin2.geojson,valid_on,texte,,40,0,0.0,1,2021-01-07 (40),,,,,,,,,,
limites_administratives_hdx.geojson.zip,tgo_admin2.geojson,valid_to,texte,,0,40,100.0,0,,,,,,,,,,,
limites_administratives_hdx.geojson.zip,tgo_admin2.geojson,area_sqkm,numérique,,40,0,0.0,40,167.06618259 (1) ; 1095.21997601 (1) ; 1393.15894587 (1) ; 416.39892591 (1) ; 104.57055 (1) ; …,104.571,3454.43,0,,,,,,,
limites_administratives_hdx.geojson.zip,tgo_admin2.geojson,version,texte,,40,0,0.0,1,v02 (40),,,,,,,,,,
limites_administratives_hdx.geojson.zip,tgo_admin2.geojson,lang,texte,,40,0,0.0,1,fr (40),,,,,,,,,,
limites_administratives_hdx.geojson.zip,tgo_admin2.geojson,lang1,texte,,0,40,100.0,0,,,,,,,,,,,
limites_administratives_hdx.geojson.zip,tgo_admin2.geojson,lang2,texte,,0,40,100.0,0,,,,,,,,,,,
limites_administratives_hdx.geojson.zip,tgo_admin2.geojson,lang3,texte,,0,40,100.0,0,,,,,,,,,,,
limites_administratives_hdx.geojson.zip,tgo_admin2.geojson,adm2_ref_name,texte,,40,0,0.0,40,Agoe-Nyive (1) ; Agou (1) ; Kpendjal (1) ; Lacs (1) ; Lome Commune (1) ; …,,,,,,,,,,
limites_administratives_hdx.geojson.zip,tgo_admin2.geojson,center_lat,numérique,,40,0,0.0,40,6.2852065 (1) ; 6.7546995 (1) ; 10.800976 (1) ; 6.2990725 (1) ; 6.15666383 (1) ; …,6.15666,11.0503,0,,,,,,,
limites_administratives_hdx.geojson.zip,tgo_admin2.geojson,center_lon,numérique,,40,0,0.0,40,1.20461031 (1) ; 0.76662838 (1) ; 0.70050516 (1) ; 1.69650488 (1) ; 1.24556024 (1) ; …,0.101609,1.6965,0,,,,,,,
limites_administratives_hdx.geojson.zip,tgo_admin2.geojson,geometry,géométrie,,40,0,0.0,2,Polygon (39) ; MultiPolygon (1),-0.1425 ; 6.1093,1.8075 ; 11.1380,,,,,,calcul,B,Surfaces et rattachements calculés en UTM 31N (R-16) ; Golfe et Lomé Commune fusionnés (§5)
limites_administratives_hdx.geojson.zip,tgo_admin2_em.geojson,adm2_name,texte,,40,0,0.0,40,Blitta (1) ; Plaine du Mo (1) ; Wawa (1) ; Agou (1) ; Danyi (1) ; …,,,,,,,,,,
limites_administratives_hdx.geojson.zip,tgo_admin2_em.geojson,adm2_name1,texte,,0,40,100.0,0,,,,,,,,,,,
limites_administratives_hdx.geojson.zip,tgo_admin2_em.geojson,adm2_name2,texte,,0,40,100.0,0,,,,,,,,,,,
limites_administratives_hdx.geojson.zip,tgo_admin2_em.geojson,adm2_name3,texte,,0,40,100.0,0,,,,,,,,,,,
limites_administratives_hdx.geojson.zip,tgo_admin2_em.geojson,adm2_pcode,texte,,40,0,0.0,40,TG0101 (1) ; TG0102 (1) ; TG0402 (1) ; TG0403 (1) ; TG0404 (1) ; …,,,,,,,,,,
limites_administratives_hdx.geojson.zip,tgo_admin2_em.geojson,adm1_name,texte,,40,0,0.0,5,Plateaux (12) ; Maritime (9) ; Kara (7) ; Savanes (7) ; Centrale (5),,,,,,,,,,
limites_administratives_hdx.geojson.zip,tgo_admin2_em.geojson,adm1_name1,texte,,0,40,100.0,0,,,,,,,,,,,
limites_administratives_hdx.geojson.zip,tgo_admin2_em.geojson,adm1_name2,texte,,0,40,100.0,0,,,,,,,,,,,
limites_administratives_hdx.geojson.zip,tgo_admin2_em.geojson,adm1_name3,texte,,0,40,100.0,0,,,,,,,,,,,
limites_administratives_hdx.geojson.zip,tgo_admin2_em.geojson,adm1_pcode,texte,,40,0,0.0,5,TG04 (12) ; TG03 (9) ; TG02 (7) ; TG05 (7) ; TG01 (5),,,,,,,,,,
limites_administratives_hdx.geojson.zip,tgo_admin2_em.geojson,adm0_name,texte,,40,0,0.0,1,Togo (40),,,,,,,,,,
limites_administratives_hdx.geojson.zip,tgo_admin2_em.geojson,adm0_name1,texte,,0,40,100.0,0,,,,,,,,,,,
limites_administratives_hdx.geojson.zip,tgo_admin2_em.geojson,adm0_name2,texte,,0,40,100.0,0,,,,,,,,,,,
limites_administratives_hdx.geojson.zip,tgo_admin2_em.geojson,adm0_name3,texte,,0,40,100.0,0,,,,,,,,,,,
limites_administratives_hdx.geojson.zip,tgo_admin2_em.geojson,adm0_pcode,texte,,40,0,0.0,1,TG (40),,,,,,,,,,
limites_administratives_hdx.geojson.zip,tgo_admin2_em.geojson,valid_on,texte,,40,0,0.0,1,2021-01-07 (40),,,,,,,,,,
limites_administratives_hdx.geojson.zip,tgo_admin2_em.geojson,valid_to,texte,,0,40,100.0,0,,,,,,,,,,,
limites_administratives_hdx.geojson.zip,tgo_admin2_em.geojson,area_sqkm,numérique,,40,0,0.0,40,3127.68933019 (1) ; 1255.86664423 (1) ; 1209.28166485 (1) ; 1084.52694584 (1) ; 396.27384294 (1) ; …,95.0653,3424.72,0,,,,,,,
limites_administratives_hdx.geojson.zip,tgo_admin2_em.geojson,version,texte,,40,0,0.0,1,v02 (40),,,,,,,,,,
limites_administratives_hdx.geojson.zip,tgo_admin2_em.geojson,lang,texte,,40,0,0.0,1,fr (40),,,,,,,,,,
limites_administratives_hdx.geojson.zip,tgo_admin2_em.geojson,lang1,texte,,0,40,100.0,0,,,,,,,,,,,
limites_administratives_hdx.geojson.zip,tgo_admin2_em.geojson,lang2,texte,,0,40,100.0,0,,,,,,,,,,,
limites_administratives_hdx.geojson.zip,tgo_admin2_em.geojson,lang3,texte,,0,40,100.0,0,,,,,,,,,,,
limites_administratives_hdx.geojson.zip,tgo_admin2_em.geojson,center_lat,numérique,,40,0,0.0,40,8.15197656 (1) ; 8.76439069 (1) ; 7.5491135 (1) ; 6.75517085 (1) ; 7.23168587 (1) ; …,6.15743,11.052,0,,,,,,,
limites_administratives_hdx.geojson.zip,tgo_admin2_em.geojson,center_lon,numérique,,40,0,0.0,40,0.93532685 (1) ; 0.54392326 (1) ; 0.76495143 (1) ; 0.76678003 (1) ; 0.69485098 (1) ; …,0.100465,1.6957,0,,,,,,,
limites_administratives_hdx.geojson.zip,tgo_admin2_em.geojson,geometry,géométrie,,40,0,0.0,2,Polygon (39) ; MultiPolygon (1),-0.1443 ; 6.1118,1.8084 ; 11.1385,,,,,,,,
limites_administratives_hdx.geojson.zip,tgo_admin3.geojson,adm3_name,texte,,373,0,0.0,370,Kamina (2) ; Loko (2) ; Game (2) ; Abobo (1) ; Nadjoundi (1) ; …,,,,,,,,,,
limites_administratives_hdx.geojson.zip,tgo_admin3.geojson,adm3_name1,texte,,0,373,100.0,0,,,,,,,,,,,
limites_administratives_hdx.geojson.zip,tgo_admin3.geojson,adm3_name2,texte,,0,373,100.0,0,,,,,,,,,,,
limites_administratives_hdx.geojson.zip,tgo_admin3.geojson,adm3_name3,texte,,0,373,100.0,0,,,,,,,,,,,
limites_administratives_hdx.geojson.zip,tgo_admin3.geojson,adm3_pcode,texte,,373,0,0.0,373,TG030801 (1) ; TG040506 (1) ; TG051803 (1) ; TG020407 (1) ; TG051609 (1) ; …,,,,,,,,,,
limites_administratives_hdx.geojson.zip,tgo_admin3.geojson,adm2_name,texte,,373,0,0.0,40,Blitta (21) ; Tone (17) ; Tandjoare (16) ; Zio (16) ; Kozah (15) ; …,,,,,,,,,,
limites_administratives_hdx.geojson.zip,tgo_admin3.geojson,adm2_name1,texte,,0,373,100.0,0,,,,,,,,,,,
limites_administratives_hdx.geojson.zip,tgo_admin3.geojson,adm2_name2,texte,,0,373,100.0,0,,,,,,,,,,,
limites_administratives_hdx.geojson.zip,tgo_admin3.geojson,adm2_name3,texte,,0,373,100.0,0,,,,,,,,,,,
limites_administratives_hdx.geojson.zip,tgo_admin3.geojson,adm2_pcode,texte,,373,0,0.0,40,TG0101 (21) ; TG0516 (17) ; TG0515 (16) ; TG0308 (16) ; TG0207 (15) ; …,,,,,,,,,,
limites_administratives_hdx.geojson.zip,tgo_admin3.geojson,adm1_name,texte,,373,0,0.0,5,Plateaux (103) ; Kara (75) ; Maritime (68) ; Savanes (68) ; Centrale (59),,,,,,,,,,
limites_administratives_hdx.geojson.zip,tgo_admin3.geojson,adm1_name1,texte,,0,373,100.0,0,,,,,,,,,,,
limites_administratives_hdx.geojson.zip,tgo_admin3.geojson,adm1_name2,texte,,0,373,100.0,0,,,,,,,,,,,
limites_administratives_hdx.geojson.zip,tgo_admin3.geojson,adm1_name3,texte,,0,373,100.0,0,,,,,,,,,,,
limites_administratives_hdx.geojson.zip,tgo_admin3.geojson,adm1_pcode,texte,,373,0,0.0,5,TG04 (103) ; TG02 (75) ; TG03 (68) ; TG05 (68) ; TG01 (59),,,,,,,,,,
limites_administratives_hdx.geojson.zip,tgo_admin3.geojson,adm0_name,texte,,373,0,0.0,1,Togo (373),,,,,,,,,,
limites_administratives_hdx.geojson.zip,tgo_admin3.geojson,adm0_name1,texte,,0,373,100.0,0,,,,,,,,,,,
limites_administratives_hdx.geojson.zip,tgo_admin3.geojson,adm0_name2,texte,,0,373,100.0,0,,,,,,,,,,,
limites_administratives_hdx.geojson.zip,tgo_admin3.geojson,adm0_name3,texte,,0,373,100.0,0,,,,,,,,,,,
limites_administratives_hdx.geojson.zip,tgo_admin3.geojson,adm0_pcode,texte,,373,0,0.0,1,TG (373),,,,,,,,,,
limites_administratives_hdx.geojson.zip,tgo_admin3.geojson,valid_on,texte,,373,0,0.0,1,2021-01-07 (373),,,,,,,,,,
limites_administratives_hdx.geojson.zip,tgo_admin3.geojson,valid_to,texte,,0,373,100.0,0,,,,,,,,,,,
limites_administratives_hdx.geojson.zip,tgo_admin3.geojson,area_sqkm,numérique,,373,0,0.0,373,112.23551667 (1) ; 738.25204025 (1) ; 197.33483536 (1) ; 141.89661729 (1) ; 51.67101322 (1) ; …,4.03594,1285.58,0,,,,,,,
limites_administratives_hdx.geojson.zip,tgo_admin3.geojson,version,texte,,373,0,0.0,1,v02 (373),,,,,,,,,,
limites_administratives_hdx.geojson.zip,tgo_admin3.geojson,lang,texte,,373,0,0.0,1,fr (373),,,,,,,,,,
limites_administratives_hdx.geojson.zip,tgo_admin3.geojson,lang1,texte,,0,373,100.0,0,,,,,,,,,,,
limites_administratives_hdx.geojson.zip,tgo_admin3.geojson,lang2,texte,,0,373,100.0,0,,,,,,,,,,,
limites_administratives_hdx.geojson.zip,tgo_admin3.geojson,lang3,texte,,0,373,100.0,0,,,,,,,,,,,
limites_administratives_hdx.geojson.zip,tgo_admin3.geojson,adm3_ref_name,texte,,373,0,0.0,370,Kamina (2) ; Loko (2) ; Game (2) ; Abobo (1) ; Nadjoundi (1) ; …,,,,,,,,,,
limites_administratives_hdx.geojson.zip,tgo_admin3.geojson,center_lat,numérique,,373,0,0.0,372,9.2799335 (2) ; 6.250369 (1) ; 6.502912 (1) ; 9.6956505 (1) ; 10.9706955 (1) ; …,6.15666,11.1175,0,,,,,,,
limites_administratives_hdx.geojson.zip,tgo_admin3.geojson,center_lon,numérique,,373,0,0.0,373,1.34884681 (1) ; 1.40608624 (1) ; 0.44563405 (1) ; 0.80803007 (1) ; 0.07232126 (1) ; …,-0.120014,1.71979,0,5 négatives,,,,,,
limites_administratives_hdx.geojson.zip,tgo_admin3.geojson,geometry,géométrie,,373,0,0.0,1,Polygon (373),-0.1425 ; 6.1093,1.8075 ; 11.1380,,,,,,,,
limites_administratives_hdx.geojson.zip,tgo_admin3_em.geojson,adm3_name,texte,,373,0,0.0,370,Game (2) ; Loko (2) ; Kamina (2) ; Ahlon (1) ; Danyi Kpeto-Evita (1) ; …,,,,,,,,,,
limites_administratives_hdx.geojson.zip,tgo_admin3_em.geojson,adm3_name1,texte,,0,373,100.0,0,,,,,,,,,,,
limites_administratives_hdx.geojson.zip,tgo_admin3_em.geojson,adm3_name2,texte,,0,373,100.0,0,,,,,,,,,,,
limites_administratives_hdx.geojson.zip,tgo_admin3_em.geojson,adm3_name3,texte,,0,373,100.0,0,,,,,,,,,,,
limites_administratives_hdx.geojson.zip,tgo_admin3_em.geojson,adm3_pcode,texte,,373,0,0.0,373,TG010101 (1) ; TG040506 (1) ; TG040608 (1) ; TG040607 (1) ; TG040606 (1) ; …,,,,,,,,,,
limites_administratives_hdx.geojson.zip,tgo_admin3_em.geojson,adm2_name,texte,,373,0,0.0,40,Blitta (21) ; Tone (17) ; Tandjoare (16) ; Zio (16) ; Kozah (15) ; …,,,,,,,,,,
limites_administratives_hdx.geojson.zip,tgo_admin3_em.geojson,adm2_name1,texte,,0,373,100.0,0,,,,,,,,,,,
limites_administratives_hdx.geojson.zip,tgo_admin3_em.geojson,adm2_name2,texte,,0,373,100.0,0,,,,,,,,,,,
limites_administratives_hdx.geojson.zip,tgo_admin3_em.geojson,adm2_name3,texte,,0,373,100.0,0,,,,,,,,,,,
limites_administratives_hdx.geojson.zip,tgo_admin3_em.geojson,adm2_pcode,texte,,373,0,0.0,40,TG0101 (21) ; TG0516 (17) ; TG0515 (16) ; TG0308 (16) ; TG0207 (15) ; …,,,,,,,,,,
limites_administratives_hdx.geojson.zip,tgo_admin3_em.geojson,adm1_name,texte,,373,0,0.0,5,Plateaux (103) ; Kara (75) ; Maritime (68) ; Savanes (68) ; Centrale (59),,,,,,,,,,
limites_administratives_hdx.geojson.zip,tgo_admin3_em.geojson,adm1_name1,texte,,0,373,100.0,0,,,,,,,,,,,
limites_administratives_hdx.geojson.zip,tgo_admin3_em.geojson,adm1_name2,texte,,0,373,100.0,0,,,,,,,,,,,
limites_administratives_hdx.geojson.zip,tgo_admin3_em.geojson,adm1_name3,texte,,0,373,100.0,0,,,,,,,,,,,
limites_administratives_hdx.geojson.zip,tgo_admin3_em.geojson,adm1_pcode,texte,,373,0,0.0,5,TG04 (103) ; TG02 (75) ; TG03 (68) ; TG05 (68) ; TG01 (59),,,,,,,,,,
limites_administratives_hdx.geojson.zip,tgo_admin3_em.geojson,adm0_name,texte,,373,0,0.0,1,Togo (373),,,,,,,,,,
limites_administratives_hdx.geojson.zip,tgo_admin3_em.geojson,adm0_name1,texte,,0,373,100.0,0,,,,,,,,,,,
limites_administratives_hdx.geojson.zip,tgo_admin3_em.geojson,adm0_name2,texte,,0,373,100.0,0,,,,,,,,,,,
limites_administratives_hdx.geojson.zip,tgo_admin3_em.geojson,adm0_name3,texte,,0,373,100.0,0,,,,,,,,,,,
limites_administratives_hdx.geojson.zip,tgo_admin3_em.geojson,adm0_pcode,texte,,373,0,0.0,1,TG (373),,,,,,,,,,
limites_administratives_hdx.geojson.zip,tgo_admin3_em.geojson,valid_on,texte,,373,0,0.0,1,2021-01-07 (373),,,,,,,,,,
limites_administratives_hdx.geojson.zip,tgo_admin3_em.geojson,valid_to,texte,,0,373,100.0,0,,,,,,,,,,,
limites_administratives_hdx.geojson.zip,tgo_admin3_em.geojson,area_sqkm,numérique,,373,0,0.0,373,241.46550143 (1) ; 738.25204025 (1) ; 444.20850382 (1) ; 560.26376764 (1) ; 161.64913097 (1) ; …,4.03594,1285.58,0,,,,,,,
limites_administratives_hdx.geojson.zip,tgo_admin3_em.geojson,version,texte,,373,0,0.0,1,v02 (373),,,,,,,,,,
limites_administratives_hdx.geojson.zip,tgo_admin3_em.geojson,lang,texte,,373,0,0.0,1,fr (373),,,,,,,,,,
limites_administratives_hdx.geojson.zip,tgo_admin3_em.geojson,lang1,texte,,0,373,100.0,0,,,,,,,,,,,
limites_administratives_hdx.geojson.zip,tgo_admin3_em.geojson,lang2,texte,,0,373,100.0,0,,,,,,,,,,,
limites_administratives_hdx.geojson.zip,tgo_admin3_em.geojson,lang3,texte,,0,373,100.0,0,,,,,,,,,,,
limites_administratives_hdx.geojson.zip,tgo_admin3_em.geojson,center_lat,numérique,,373,0,0.0,372,9.2799335 (2) ; 8.2485245 (1) ; 7.2075155 (1) ; 6.926579 (1) ; 7.187081 (1) ; …,6.15743,11.1173,0,,,,,,,
limites_administratives_hdx.geojson.zip,tgo_admin3_em.geojson,center_lon,numérique,,373,0,0.0,373,1.15118722 (1) ; 1.40608624 (1) ; 1.28973092 (1) ; 1.05355835 (1) ; 0.9940611 (1) ; …,-0.121119,1.71963,0,5 négatives,,,,,,
limites_administratives_hdx.geojson.zip,tgo_admin3_em.geojson,geometry,géométrie,,373,0,0.0,1,Polygon (373),-0.1443 ; 6.1118,1.8084 ; 11.1385,,,,,,,,
limites_administratives_hdx.geojson.zip,tgo_admincapitals.geojson,adm_p_lvl,numérique,,31,0,0.0,3,2 (26) ; 1 (4) ; 0 (1),0,2,1,,,,,,,
limites_administratives_hdx.geojson.zip,tgo_admincapitals.geojson,name,texte,,31,0,0.0,31,Agou (1) ; Kpalime (1) ; Tsevie (1) ; Tohoun (1) ; Tchamba (1) ; …,,,,,,,,,,
limites_administratives_hdx.geojson.zip,tgo_admincapitals.geojson,name_1,texte,,0,31,100.0,0,,,,,,,,,,,
limites_administratives_hdx.geojson.zip,tgo_admincapitals.geojson,name_2,texte,,0,31,100.0,0,,,,,,,,,,,
limites_administratives_hdx.geojson.zip,tgo_admincapitals.geojson,name_3,texte,,0,31,100.0,0,,,,,,,,,,,
limites_administratives_hdx.geojson.zip,tgo_admincapitals.geojson,loc_pcode,texte,,0,31,100.0,0,,,,,,,,,,,
limites_administratives_hdx.geojson.zip,tgo_admincapitals.geojson,x_coord,numérique,,31,0,0.0,31,0.733335 (1) ; 0.633331 (1) ; 1.213332 (1) ; 1.616669 (1) ; 1.416664 (1) ; …,0.195,1.66667,0,,,,,,,
limites_administratives_hdx.geojson.zip,tgo_admincapitals.geojson,y_coord,numérique,,31,0,0.0,31,6.883335 (1) ; 6.899996 (1) ; 6.42611 (1) ; 7.033337 (1) ; 9.033333 (1) ; …,6.13194,10.8623,0,,,,,,,
limites_administratives_hdx.geojson.zip,tgo_admincapitals.geojson,adm3_name,texte,,31,0,0.0,1,<Null> (31),,,,,,,,,,
limites_administratives_hdx.geojson.zip,tgo_admincapitals.geojson,adm3_name1,texte,,0,31,100.0,0,,,,,,,,,,,
limites_administratives_hdx.geojson.zip,tgo_admincapitals.geojson,adm3_name2,texte,,0,31,100.0,0,,,,,,,,,,,
limites_administratives_hdx.geojson.zip,tgo_admincapitals.geojson,adm3_name3,texte,,0,31,100.0,0,,,,,,,,,,,
limites_administratives_hdx.geojson.zip,tgo_admincapitals.geojson,adm3_pcode,texte,,31,0,0.0,1,<Null> (31),,,,,,,,,,
limites_administratives_hdx.geojson.zip,tgo_admincapitals.geojson,adm2_name,texte,,31,0,0.0,30,Kozah (2) ; Agou (1) ; Lome Commune (1) ; Zio (1) ; Moyen-Mono (1) ; Tchamba (1) ; Tandjoare (1) ; Yoto (1) ; Sotouboua (1) ; Tchaoudjo (1) ; Binah (1) ; Haho (1) ; Doufelgou (1) ; Oti (1) ; Kpendjal (1) ; Kloto (1) ; Amou (1) ; Ave (1) ; Keran (1) ; Dankpen (1) ; Est-Mono (1) ; Tone (1) ; Blitta (1) ; Bassar (1) ; Assoli (1) ; Wawa (1) ; Bas-Mono (1) ; Ogou (1) ; Lacs (1) ; Vo (1),,,,,,,,,,
limites_administratives_hdx.geojson.zip,tgo_admincapitals.geojson,adm2_name1,texte,,0,31,100.0,0,,,,,,,,,,,
limites_administratives_hdx.geojson.zip,tgo_admincapitals.geojson,adm2_name2,texte,,0,31,100.0,0,,,,,,,,,,,
limites_administratives_hdx.geojson.zip,tgo_admincapitals.geojson,adm2_name3,texte,,0,31,100.0,0,,,,,,,,,,,
limites_administratives_hdx.geojson.zip,tgo_admincapitals.geojson,adm2_pcode,texte,,31,0,0.0,30,TG0207 (2) ; TG0403 (1) ; TG0305 (1) ; TG0308 (1) ; TG0408 (1) ; TG0104 (1) ; TG0515 (1) ; TG0307 (1) ; TG0103 (1) ; TG0105 (1) ; TG0203 (1) ; TG0406 (1) ; TG0205 (1) ; TG0514 (1) ; TG0513 (1) ; TG0412 (1) ; TG0401 (1) ; TG0301 (1) ; TG0206 (1) ; TG0204 (1) ; TG0405 (1) ; TG0516 (1) ; TG0101 (1) ; TG0202 (1) ; TG0201 (1) ; TG0402 (1) ; TG0302 (1) ; TG0409 (1) ; TG0304 (1) ; TG0306 (1),,,,,,,,,,
limites_administratives_hdx.geojson.zip,tgo_admincapitals.geojson,adm1_name,texte,,31,0,0.0,5,Plateaux (8) ; Kara (8) ; Maritime (7) ; Centrale (4) ; Savanes (4),,,,,,,,,,
limites_administratives_hdx.geojson.zip,tgo_admincapitals.geojson,adm1_name1,texte,,0,31,100.0,0,,,,,,,,,,,
limites_administratives_hdx.geojson.zip,tgo_admincapitals.geojson,adm1_name2,texte,,0,31,100.0,0,,,,,,,,,,,
limites_administratives_hdx.geojson.zip,tgo_admincapitals.geojson,adm1_name3,texte,,0,31,100.0,0,,,,,,,,,,,
limites_administratives_hdx.geojson.zip,tgo_admincapitals.geojson,adm1_pcode,texte,,31,0,0.0,5,TG04 (8) ; TG02 (8) ; TG03 (7) ; TG01 (4) ; TG05 (4),,,,,,,,,,
limites_administratives_hdx.geojson.zip,tgo_admincapitals.geojson,adm0_name,texte,,31,0,0.0,1,Togo (31),,,,,,,,,,
limites_administratives_hdx.geojson.zip,tgo_admincapitals.geojson,adm0_name1,texte,,0,31,100.0,0,,,,,,,,,,,
limites_administratives_hdx.geojson.zip,tgo_admincapitals.geojson,adm0_name2,texte,,0,31,100.0,0,,,,,,,,,,,
limites_administratives_hdx.geojson.zip,tgo_admincapitals.geojson,adm0_name3,texte,,0,31,100.0,0,,,,,,,,,,,
limites_administratives_hdx.geojson.zip,tgo_admincapitals.geojson,adm0_pcode,texte,,31,0,0.0,1,TG (31),,,,,,,,,,
limites_administratives_hdx.geojson.zip,tgo_admincapitals.geojson,valid_on,texte,,31,0,0.0,1,2021-01-07 (31),,,,,,,,,,
limites_administratives_hdx.geojson.zip,tgo_admincapitals.geojson,valid_to,texte,,0,31,100.0,0,,,,,,,,,,,
limites_administratives_hdx.geojson.zip,tgo_admincapitals.geojson,version,texte,,31,0,0.0,1,v02 (31),,,,,,,,,,
limites_administratives_hdx.geojson.zip,tgo_admincapitals.geojson,name_lng,texte,,0,31,100.0,0,,,,,,,,,,,
limites_administratives_hdx.geojson.zip,tgo_admincapitals.geojson,name_lng1,texte,,0,31,100.0,0,,,,,,,,,,,
limites_administratives_hdx.geojson.zip,tgo_admincapitals.geojson,name_lng2,texte,,0,31,100.0,0,,,,,,,,,,,
limites_administratives_hdx.geojson.zip,tgo_admincapitals.geojson,name_lng3,texte,,0,31,100.0,0,,,,,,,,,,,
limites_administratives_hdx.geojson.zip,tgo_admincapitals.geojson,geometry,géométrie,,31,0,0.0,1,Point (31),0.1950 ; 6.1319,1.6667 ; 10.8623,,,,,,calcul,C,"Chef-lieu pris comme approximation du lieu de résidence (O4-08, piège D13)"
limites_administratives_hdx.geojson.zip,tgo_adminlines.geojson,adm_level,numérique,,1118,0,0.0,5,3 (618) ; 2 (313) ; 0 (127) ; 1 (56) ; 99 (4),0,99,127,,,,,,,
limites_administratives_hdx.geojson.zip,tgo_adminlines.geojson,name,texte,,0,1118,100.0,0,,,,,,,,,,,
limites_administratives_hdx.geojson.zip,tgo_adminlines.geojson,valid_on,texte,,1118,0,0.0,1,2021-01-07 (1118),,,,,,,,,,
limites_administratives_hdx.geojson.zip,tgo_adminlines.geojson,valid_to,texte,,0,1118,100.0,0,,,,,,,,,,,
limites_administratives_hdx.geojson.zip,tgo_adminlines.geojson,version,texte,,1118,0,0.0,1,v02 (1118),,,,,,,,,,
limites_administratives_hdx.geojson.zip,tgo_adminlines.geojson,right_pcod,texte,,0,1118,100.0,0,,,,,,,,,,,
limites_administratives_hdx.geojson.zip,tgo_adminlines.geojson,left_pcod,texte,,0,1118,100.0,0,,,,,,,,,,,
limites_administratives_hdx.geojson.zip,tgo_adminlines.geojson,geometry,géométrie,,1118,0,0.0,1,LineString (1118),-0.1425 ; 6.1093,1.8075 ; 11.1380,,,,,,,,
limites_administratives_hdx.geojson.zip,tgo_adminlines_em.geojson,adm_level,numérique,,1118,0,0.0,5,3 (618) ; 2 (313) ; 0 (127) ; 1 (56) ; 99 (4),0,99,127,,,,,,,
limites_administratives_hdx.geojson.zip,tgo_adminlines_em.geojson,name,texte,,0,1118,100.0,0,,,,,,,,,,,
limites_administratives_hdx.geojson.zip,tgo_adminlines_em.geojson,valid_on,texte,,1118,0,0.0,1,2021-01-07 (1118),,,,,,,,,,
limites_administratives_hdx.geojson.zip,tgo_adminlines_em.geojson,valid_to,texte,,0,1118,100.0,0,,,,,,,,,,,
limites_administratives_hdx.geojson.zip,tgo_adminlines_em.geojson,version,texte,,1118,0,0.0,1,v02 (1118),,,,,,,,,,
limites_administratives_hdx.geojson.zip,tgo_adminlines_em.geojson,right_pcod,texte,,0,1118,100.0,0,,,,,,,,,,,
limites_administratives_hdx.geojson.zip,tgo_adminlines_em.geojson,left_pcod,texte,,0,1118,100.0,0,,,,,,,,,,,
limites_administratives_hdx.geojson.zip,tgo_adminlines_em.geojson,geometry,géométrie,,1118,0,0.0,1,LineString (1118),-0.1443 ; 6.1118,1.8084 ; 11.1385,,,,,,,,
limites_administratives_hdx.geojson.zip,tgo_adminpoints.geojson,admin_level,numérique,,419,0,0.0,4,3 (373) ; 2 (40) ; 1 (5) ; 0 (1),0,3,1,,,,,,,
limites_administratives_hdx.geojson.zip,tgo_adminpoints.geojson,name,texte,,419,0,0.0,408,Ogou (2) ; Loko (2) ; Cinkasse (2) ; Naki-Ouest (2) ; Bassar (2) ; …,,,,,,,,,,
limites_administratives_hdx.geojson.zip,tgo_adminpoints.geojson,name1,texte,,0,419,100.0,0,,,,,,,,,,,
limites_administratives_hdx.geojson.zip,tgo_adminpoints.geojson,name2,texte,,0,419,100.0,0,,,,,,,,,,,
limites_administratives_hdx.geojson.zip,tgo_adminpoints.geojson,name3,texte,,0,419,100.0,0,,,,,,,,,,,
limites_administratives_hdx.geojson.zip,tgo_adminpoints.geojson,x_coord,numérique,,419,0,0.0,418,1.24556024 (2) ; 1.04184628 (1) ; 1.25455257 (1) ; 0.7045408 (1) ; 0.80339601 (1) ; …,-0.120014,1.71979,0,5 négatives,,,,,,
limites_administratives_hdx.geojson.zip,tgo_adminpoints.geojson,y_coord,numérique,,419,0,0.0,417,6.15666383 (2) ; 9.2799335 (2) ; 8.6276595 (1) ; 10.5111295 (1) ; 10.3597985 (1) ; …,6.15666,11.1175,0,,,,,,,
limites_administratives_hdx.geojson.zip,tgo_adminpoints.geojson,adm4_name,texte,,0,419,100.0,0,,,,,,,,,,,
limites_administratives_hdx.geojson.zip,tgo_adminpoints.geojson,adm4_name1,texte,,0,419,100.0,0,,,,,,,,,,,
limites_administratives_hdx.geojson.zip,tgo_adminpoints.geojson,adm4_name2,texte,,0,419,100.0,0,,,,,,,,,,,
limites_administratives_hdx.geojson.zip,tgo_adminpoints.geojson,adm4_name3,texte,,0,419,100.0,0,,,,,,,,,,,
limites_administratives_hdx.geojson.zip,tgo_adminpoints.geojson,adm4_pcode,texte,,0,419,100.0,0,,,,,,,,,,,
limites_administratives_hdx.geojson.zip,tgo_adminpoints.geojson,adm3_name,texte,,373,46,11.0,370,Kamina (2) ; Loko (2) ; Game (2) ; Abobo (1) ; Nadjoundi (1) ; …,,,,,,,,,,
limites_administratives_hdx.geojson.zip,tgo_adminpoints.geojson,adm3_name1,texte,,0,419,100.0,0,,,,,,,,,,,
limites_administratives_hdx.geojson.zip,tgo_adminpoints.geojson,adm3_name2,texte,,0,419,100.0,0,,,,,,,,,,,
limites_administratives_hdx.geojson.zip,tgo_adminpoints.geojson,adm3_name3,texte,,0,419,100.0,0,,,,,,,,,,,
limites_administratives_hdx.geojson.zip,tgo_adminpoints.geojson,adm3_pcode,texte,,373,46,11.0,373,TG030801 (1) ; TG040506 (1) ; TG051803 (1) ; TG020407 (1) ; TG051609 (1) ; …,,,,,,,,,,
limites_administratives_hdx.geojson.zip,tgo_adminpoints.geojson,adm2_name,texte,,413,6,1.4,40,Blitta (22) ; Tone (18) ; Zio (17) ; Tandjoare (17) ; Kozah (16) ; …,,,,,,,,,,
limites_administratives_hdx.geojson.zip,tgo_adminpoints.geojson,adm2_name1,texte,,0,419,100.0,0,,,,,,,,,,,
limites_administratives_hdx.geojson.zip,tgo_adminpoints.geojson,adm2_name2,texte,,0,419,100.0,0,,,,,,,,,,,
limites_administratives_hdx.geojson.zip,tgo_adminpoints.geojson,adm2_name3,texte,,0,419,100.0,0,,,,,,,,,,,
limites_administratives_hdx.geojson.zip,tgo_adminpoints.geojson,adm2_pcode,texte,,413,6,1.4,40,TG0101 (22) ; TG0516 (18) ; TG0308 (17) ; TG0515 (17) ; TG0207 (16) ; …,,,,,,,,,,
limites_administratives_hdx.geojson.zip,tgo_adminpoints.geojson,adm1_name,texte,,418,1,0.2,5,Plateaux (116) ; Kara (83) ; Maritime (78) ; Savanes (76) ; Centrale (65),,,,,,,,,,
limites_administratives_hdx.geojson.zip,tgo_adminpoints.geojson,adm1_name1,texte,,0,419,100.0,0,,,,,,,,,,,
limites_administratives_hdx.geojson.zip,tgo_adminpoints.geojson,adm1_name2,texte,,0,419,100.0,0,,,,,,,,,,,
limites_administratives_hdx.geojson.zip,tgo_adminpoints.geojson,adm1_name3,texte,,0,419,100.0,0,,,,,,,,,,,
limites_administratives_hdx.geojson.zip,tgo_adminpoints.geojson,adm1_pcode,texte,,418,1,0.2,5,TG04 (116) ; TG02 (83) ; TG03 (78) ; TG05 (76) ; TG01 (65),,,,,,,,,,
limites_administratives_hdx.geojson.zip,tgo_adminpoints.geojson,adm0_name,texte,,419,0,0.0,1,Togo (419),,,,,,,,,,
limites_administratives_hdx.geojson.zip,tgo_adminpoints.geojson,adm0_name1,texte,,0,419,100.0,0,,,,,,,,,,,
limites_administratives_hdx.geojson.zip,tgo_adminpoints.geojson,adm0_name2,texte,,0,419,100.0,0,,,,,,,,,,,
limites_administratives_hdx.geojson.zip,tgo_adminpoints.geojson,adm0_name3,texte,,0,419,100.0,0,,,,,,,,,,,
limites_administratives_hdx.geojson.zip,tgo_adminpoints.geojson,adm0_pcode,texte,,419,0,0.0,1,TG (419),,,,,,,,,,
limites_administratives_hdx.geojson.zip,tgo_adminpoints.geojson,valid_on,texte,,419,0,0.0,1,2021-01-07 (419),,,,,,,,,,
limites_administratives_hdx.geojson.zip,tgo_adminpoints.geojson,valid_to,texte,,0,419,100.0,0,,,,,,,,,,,
limites_administratives_hdx.geojson.zip,tgo_adminpoints.geojson,version,texte,,419,0,0.0,1,v02 (419),,,,,,,,,,
limites_administratives_hdx.geojson.zip,tgo_adminpoints.geojson,lang,texte,,419,0,0.0,1,fr (419),,,,,,,,,,
limites_administratives_hdx.geojson.zip,tgo_adminpoints.geojson,lang1,texte,,0,419,100.0,0,,,,,,,,,,,
limites_administratives_hdx.geojson.zip,tgo_adminpoints.geojson,lang2,texte,,0,419,100.0,0,,,,,,,,,,,
limites_administratives_hdx.geojson.zip,tgo_adminpoints.geojson,lang3,texte,,0,419,100.0,0,,,,,,,,,,,
limites_administratives_hdx.geojson.zip,tgo_adminpoints.geojson,geometry,géométrie,,419,0,0.0,1,Point (419),-0.1200 ; 6.1567,1.7198 ; 11.1175,,,,,,,,
limites_administratives_hdx.xlsx,tgo_admin0,iso2,texte,,1,0,0.0,1,TG (1),,,,,,,,,,
limites_administratives_hdx.xlsx,tgo_admin0,iso3,texte,,1,0,0.0,1,TGO (1),,,,,,,,,,
limites_administratives_hdx.xlsx,tgo_admin0,adm0_name,texte,,1,0,0.0,1,Togo (1),,,,,,,,,,
limites_administratives_hdx.xlsx,tgo_admin0,adm0_name1,texte,,0,1,100.0,0,,,,,,,,,,,
limites_administratives_hdx.xlsx,tgo_admin0,adm0_name2,texte,,0,1,100.0,0,,,,,,,,,,,
limites_administratives_hdx.xlsx,tgo_admin0,adm0_name3,texte,,0,1,100.0,0,,,,,,,,,,,
limites_administratives_hdx.xlsx,tgo_admin0,adm0_pcode,texte,,1,0,0.0,1,TG (1),,,,,,,,,,
limites_administratives_hdx.xlsx,tgo_admin0,valid_on,texte,,1,0,0.0,1,2021-01-07 00:00:00 (1),,,,,,,,,,
limites_administratives_hdx.xlsx,tgo_admin0,valid_to,texte,,0,1,100.0,0,,,,,,,,,,,
limites_administratives_hdx.xlsx,tgo_admin0,version,texte,,1,0,0.0,1,v02 (1),,,,,,,,,,
limites_administratives_hdx.xlsx,tgo_admin0,area_sqkm,numérique,,1,0,0.0,1,57242.07289051 (1),57242.1,57242.1,0,,,,,,,
limites_administratives_hdx.xlsx,tgo_admin0,lang,texte,,1,0,0.0,1,fr (1),,,,,,,,,,
limites_administratives_hdx.xlsx,tgo_admin0,lang1,texte,,0,1,100.0,0,,,,,,,,,,,
limites_administratives_hdx.xlsx,tgo_admin0,lang2,texte,,0,1,100.0,0,,,,,,,,,,,
limites_administratives_hdx.xlsx,tgo_admin0,lang3,texte,,0,1,100.0,0,,,,,,,,,,,
limites_administratives_hdx.xlsx,tgo_admin0,adm0_ref_name,texte,,1,0,0.0,1,Togo (1),,,,,,,,,,
limites_administratives_hdx.xlsx,tgo_admin0,center_lat,numérique,,1,0,0.0,1,8.6276595 (1),8.62766,8.62766,0,,,,,,,
limites_administratives_hdx.xlsx,tgo_admin0,center_lon,numérique,,1,0,0.0,1,1.04184628 (1),1.04185,1.04185,0,,,,,,,
limites_administratives_hdx.xlsx,tgo_admin0_em,iso2,texte,,1,0,0.0,1,TG (1),,,,,,,,,,
limites_administratives_hdx.xlsx,tgo_admin0_em,iso3,texte,,1,0,0.0,1,TGO (1),,,,,,,,,,
limites_administratives_hdx.xlsx,tgo_admin0_em,adm0_name,texte,,1,0,0.0,1,Togo (1),,,,,,,,,,
limites_administratives_hdx.xlsx,tgo_admin0_em,adm0_name1,texte,,0,1,100.0,0,,,,,,,,,,,
limites_administratives_hdx.xlsx,tgo_admin0_em,adm0_name2,texte,,0,1,100.0,0,,,,,,,,,,,
limites_administratives_hdx.xlsx,tgo_admin0_em,adm0_name3,texte,,0,1,100.0,0,,,,,,,,,,,
limites_administratives_hdx.xlsx,tgo_admin0_em,adm0_pcode,texte,,1,0,0.0,1,TG (1),,,,,,,,,,
limites_administratives_hdx.xlsx,tgo_admin0_em,valid_on,texte,,1,0,0.0,1,2021-01-07 00:00:00 (1),,,,,,,,,,
limites_administratives_hdx.xlsx,tgo_admin0_em,valid_to,texte,,0,1,100.0,0,,,,,,,,,,,
limites_administratives_hdx.xlsx,tgo_admin0_em,area_sqkm,numérique,,1,0,0.0,1,56671.01287322 (1),56671,56671,0,,,,,,,
limites_administratives_hdx.xlsx,tgo_admin0_em,version,texte,,1,0,0.0,1,v02 (1),,,,,,,,,,
limites_administratives_hdx.xlsx,tgo_admin0_em,lang,texte,,1,0,0.0,1,fr (1),,,,,,,,,,
limites_administratives_hdx.xlsx,tgo_admin0_em,lang1,texte,,0,1,100.0,0,,,,,,,,,,,
limites_administratives_hdx.xlsx,tgo_admin0_em,lang2,texte,,0,1,100.0,0,,,,,,,,,,,
limites_administratives_hdx.xlsx,tgo_admin0_em,lang3,texte,,0,1,100.0,0,,,,,,,,,,,
limites_administratives_hdx.xlsx,tgo_admin0_em,center_lat,numérique,,1,0,0.0,1,8.62733736 (1),8.62734,8.62734,0,,,,,,,
limites_administratives_hdx.xlsx,tgo_admin0_em,center_lon,numérique,,1,0,0.0,1,1.0409073 (1),1.04091,1.04091,0,,,,,,,
limites_administratives_hdx.xlsx,tgo_admin1,adm1_name,texte,,5,0,0.0,5,Centrale (1) ; Kara (1) ; Maritime (1) ; Plateaux (1) ; Savanes (1),,,,,,,,,,
limites_administratives_hdx.xlsx,tgo_admin1,adm1_name1,texte,,0,5,100.0,0,,,,,,,,,,,
limites_administratives_hdx.xlsx,tgo_admin1,adm1_name2,texte,,0,5,100.0,0,,,,,,,,,,,
limites_administratives_hdx.xlsx,tgo_admin1,adm1_name3,texte,,0,5,100.0,0,,,,,,,,,,,
limites_administratives_hdx.xlsx,tgo_admin1,adm1_pcode,texte,,5,0,0.0,5,TG01 (1) ; TG02 (1) ; TG03 (1) ; TG04 (1) ; TG05 (1),,,,,,,,,,
limites_administratives_hdx.xlsx,tgo_admin1,adm0_name,texte,,5,0,0.0,1,Togo (5),,,,,,,,,,
limites_administratives_hdx.xlsx,tgo_admin1,adm0_name1,texte,,0,5,100.0,0,,,,,,,,,,,
limites_administratives_hdx.xlsx,tgo_admin1,adm0_name2,texte,,0,5,100.0,0,,,,,,,,,,,
limites_administratives_hdx.xlsx,tgo_admin1,adm0_name3,texte,,0,5,100.0,0,,,,,,,,,,,
limites_administratives_hdx.xlsx,tgo_admin1,adm0_pcode,texte,,5,0,0.0,1,TG (5),,,,,,,,,,
limites_administratives_hdx.xlsx,tgo_admin1,valid_on,texte,,5,0,0.0,1,2021-01-07 00:00:00 (5),,,,,,,,,,
limites_administratives_hdx.xlsx,tgo_admin1,valid_to,texte,,0,5,100.0,0,,,,,,,,,,,
limites_administratives_hdx.xlsx,tgo_admin1,area_sqkm,numérique,,5,0,0.0,5,13121.6102611 (1) ; 11770.48864715 (1) ; 6383.07807997 (1) ; 17406.51973636 (1) ; 8560.37616593 (1),6383.08,17406.5,0,,,,,,,
limites_administratives_hdx.xlsx,tgo_admin1,version,texte,,5,0,0.0,1,v02 (5),,,,,,,,,,
limites_administratives_hdx.xlsx,tgo_admin1,lang,texte,,5,0,0.0,1,fr (5),,,,,,,,,,
limites_administratives_hdx.xlsx,tgo_admin1,lang1,texte,,0,5,100.0,0,,,,,,,,,,,
limites_administratives_hdx.xlsx,tgo_admin1,lang2,texte,,0,5,100.0,0,,,,,,,,,,,
limites_administratives_hdx.xlsx,tgo_admin1,lang3,texte,,0,5,100.0,0,,,,,,,,,,,
limites_administratives_hdx.xlsx,tgo_admin1,adm1_ref_name,texte,,5,0,0.0,5,Centrale (1) ; Kara (1) ; Maritime (1) ; Plateaux (1) ; Savanes (1),,,,,,,,,,
limites_administratives_hdx.xlsx,tgo_admin1,center_lat,numérique,,5,0,0.0,5,8.6141455 (1) ; 9.5652375 (1) ; 6.515487 (1) ; 7.4959775 (1) ; 10.507526 (1),6.51549,10.5075,0,,,,,,,
limites_administratives_hdx.xlsx,tgo_admin1,center_lon,numérique,,5,0,0.0,5,1.04636455 (1) ; 0.80812879 (1) ; 1.21048454 (1) ; 1.0952789 (1) ; 0.46277129 (1),0.462771,1.21048,0,,,,,,,
limites_administratives_hdx.xlsx,tgo_admin1_em,adm1_name,texte,,5,0,0.0,5,Centrale (1) ; Kara (1) ; Maritime (1) ; Plateaux (1) ; Savanes (1),,,,,,,,,,
limites_administratives_hdx.xlsx,tgo_admin1_em,adm1_name1,texte,,0,5,100.0,0,,,,,,,,,,,
limites_administratives_hdx.xlsx,tgo_admin1_em,adm1_name2,texte,,0,5,100.0,0,,,,,,,,,,,
limites_administratives_hdx.xlsx,tgo_admin1_em,adm1_name3,texte,,0,5,100.0,0,,,,,,,,,,,
limites_administratives_hdx.xlsx,tgo_admin1_em,adm1_pcode,texte,,5,0,0.0,5,TG01 (1) ; TG02 (1) ; TG03 (1) ; TG04 (1) ; TG05 (1),,,,,,,,,,
limites_administratives_hdx.xlsx,tgo_admin1_em,adm0_name,texte,,5,0,0.0,1,Togo (5),,,,,,,,,,
limites_administratives_hdx.xlsx,tgo_admin1_em,adm0_name1,texte,,0,5,100.0,0,,,,,,,,,,,
limites_administratives_hdx.xlsx,tgo_admin1_em,adm0_name2,texte,,0,5,100.0,0,,,,,,,,,,,
limites_administratives_hdx.xlsx,tgo_admin1_em,adm0_name3,texte,,0,5,100.0,0,,,,,,,,,,,
limites_administratives_hdx.xlsx,tgo_admin1_em,adm0_pcode,texte,,5,0,0.0,1,TG (5),,,,,,,,,,
limites_administratives_hdx.xlsx,tgo_admin1_em,valid_on,texte,,5,0,0.0,1,2021-01-07 00:00:00 (5),,,,,,,,,,
limites_administratives_hdx.xlsx,tgo_admin1_em,valid_to,texte,,0,5,100.0,0,,,,,,,,,,,
limites_administratives_hdx.xlsx,tgo_admin1_em,area_sqkm,numérique,,5,0,0.0,5,13100.75115282 (1) ; 11588.11887597 (1) ; 6279.86588804 (1) ; 17206.29712772 (1) ; 8495.97982867 (1),6279.87,17206.3,0,,,,,,,
limites_administratives_hdx.xlsx,tgo_admin1_em,version,texte,,5,0,0.0,1,v02 (5),,,,,,,,,,
limites_administratives_hdx.xlsx,tgo_admin1_em,lang,texte,,5,0,0.0,1,fr (5),,,,,,,,,,
limites_administratives_hdx.xlsx,tgo_admin1_em,lang1,texte,,0,5,100.0,0,,,,,,,,,,,
limites_administratives_hdx.xlsx,tgo_admin1_em,lang2,texte,,0,5,100.0,0,,,,,,,,,,,
limites_administratives_hdx.xlsx,tgo_admin1_em,lang3,texte,,0,5,100.0,0,,,,,,,,,,,
limites_administratives_hdx.xlsx,tgo_admin1_em,center_lat,numérique,,5,0,0.0,5,8.60686879 (1) ; 9.56488972 (1) ; 6.51731709 (1) ; 7.49619987 (1) ; 10.50720549 (1),6.51732,10.5072,0,,,,,,,
limites_administratives_hdx.xlsx,tgo_admin1_em,center_lon,numérique,,5,0,0.0,5,1.04620186 (1) ; 0.79188744 (1) ; 1.20515016 (1) ; 1.07963052 (1) ; 0.46457743 (1),0.464577,1.20515,0,,,,,,,
limites_administratives_hdx.xlsx,tgo_admin2,adm2_name,texte,,40,0,0.0,40,Agoe-Nyive (1) ; Agou (1) ; Kpendjal (1) ; Lacs (1) ; Lome Commune (1) ; …,,,,,,,,référentiel,sans objet,Clé du référentiel des préfectures (D8)
limites_administratives_hdx.xlsx,tgo_admin2,adm2_name1,texte,,0,40,100.0,0,,,,,,,,,,,
limites_administratives_hdx.xlsx,tgo_admin2,adm2_name2,texte,,0,40,100.0,0,,,,,,,,,,,
limites_administratives_hdx.xlsx,tgo_admin2,adm2_name3,texte,,0,40,100.0,0,,,,,,,,,,,
limites_administratives_hdx.xlsx,tgo_admin2,adm2_pcode,texte,,40,0,0.0,40,TG0309 (1) ; TG0403 (1) ; TG0513 (1) ; TG0304 (1) ; TG0305 (1) ; …,,,,,,,,référentiel,sans objet,Clé du référentiel des préfectures (D8)
limites_administratives_hdx.xlsx,tgo_admin2,adm1_name,texte,,40,0,0.0,5,Plateaux (12) ; Maritime (9) ; Kara (7) ; Savanes (7) ; Centrale (5),,,,,,,,,,
limites_administratives_hdx.xlsx,tgo_admin2,adm1_name1,texte,,0,40,100.0,0,,,,,,,,,,,
limites_administratives_hdx.xlsx,tgo_admin2,adm1_name2,texte,,0,40,100.0,0,,,,,,,,,,,
limites_administratives_hdx.xlsx,tgo_admin2,adm1_name3,texte,,0,40,100.0,0,,,,,,,,,,,
limites_administratives_hdx.xlsx,tgo_admin2,adm1_pcode,texte,,40,0,0.0,5,TG04 (12) ; TG03 (9) ; TG02 (7) ; TG05 (7) ; TG01 (5),,,,,,,,,,
limites_administratives_hdx.xlsx,tgo_admin2,adm0_name,texte,,40,0,0.0,1,Togo (40),,,,,,,,,,
limites_administratives_hdx.xlsx,tgo_admin2,adm0_name1,texte,,0,40,100.0,0,,,,,,,,,,,
limites_administratives_hdx.xlsx,tgo_admin2,adm0_name2,texte,,0,40,100.0,0,,,,,,,,,,,
limites_administratives_hdx.xlsx,tgo_admin2,adm0_name3,texte,,0,40,100.0,0,,,,,,,,,,,
limites_administratives_hdx.xlsx,tgo_admin2,adm0_pcode,texte,,40,0,0.0,1,TG (40),,,,,,,,,,
limites_administratives_hdx.xlsx,tgo_admin2,valid_on,texte,,40,0,0.0,1,2021-01-07 00:00:00 (40),,,,,,,,,,
limites_administratives_hdx.xlsx,tgo_admin2,valid_to,texte,,0,40,100.0,0,,,,,,,,,,,
limites_administratives_hdx.xlsx,tgo_admin2,area_sqkm,numérique,,40,0,0.0,40,167.06618259 (1) ; 1095.21997601 (1) ; 1393.15894587 (1) ; 416.39892591 (1) ; 104.57055 (1) ; …,104.571,3454.43,0,,,,,contrôle,C,"Surface pré-calculée, projection non documentée ; recalculée en UTM 31N"
limites_administratives_hdx.xlsx,tgo_admin2,version,texte,,40,0,0.0,1,v02 (40),,,,,,,,,,
limites_administratives_hdx.xlsx,tgo_admin2,lang,texte,,40,0,0.0,1,fr (40),,,,,,,,,,
limites_administratives_hdx.xlsx,tgo_admin2,lang1,texte,,0,40,100.0,0,,,,,,,,,,,
limites_administratives_hdx.xlsx,tgo_admin2,lang2,texte,,0,40,100.0,0,,,,,,,,,,,
limites_administratives_hdx.xlsx,tgo_admin2,lang3,texte,,0,40,100.0,0,,,,,,,,,,,
limites_administratives_hdx.xlsx,tgo_admin2,adm2_ref_name,texte,,40,0,0.0,40,Agoe-Nyive (1) ; Agou (1) ; Kpendjal (1) ; Lacs (1) ; Lome Commune (1) ; …,,,,,,,,,,
limites_administratives_hdx.xlsx,tgo_admin2,center_lat,numérique,,40,0,0.0,40,6.2852065 (1) ; 6.7546995 (1) ; 10.800976 (1) ; 6.2990725 (1) ; 6.15666383 (1) ; …,6.15666,11.0503,0,,,,,,,
limites_administratives_hdx.xlsx,tgo_admin2,center_lon,numérique,,40,0,0.0,40,1.20461031 (1) ; 0.76662838 (1) ; 0.70050516 (1) ; 1.69650488 (1) ; 1.24556024 (1) ; …,0.101609,1.6965,0,,,,,,,
limites_administratives_hdx.xlsx,tgo_admin2_em,adm2_name,texte,,40,0,0.0,40,Blitta (1) ; Plaine du Mo (1) ; Wawa (1) ; Agou (1) ; Danyi (1) ; …,,,,,,,,,,
limites_administratives_hdx.xlsx,tgo_admin2_em,adm2_name1,texte,,0,40,100.0,0,,,,,,,,,,,
limites_administratives_hdx.xlsx,tgo_admin2_em,adm2_name2,texte,,0,40,100.0,0,,,,,,,,,,,
limites_administratives_hdx.xlsx,tgo_admin2_em,adm2_name3,texte,,0,40,100.0,0,,,,,,,,,,,
limites_administratives_hdx.xlsx,tgo_admin2_em,adm2_pcode,texte,,40,0,0.0,40,TG0101 (1) ; TG0102 (1) ; TG0402 (1) ; TG0403 (1) ; TG0404 (1) ; …,,,,,,,,,,
limites_administratives_hdx.xlsx,tgo_admin2_em,adm1_name,texte,,40,0,0.0,5,Plateaux (12) ; Maritime (9) ; Kara (7) ; Savanes (7) ; Centrale (5),,,,,,,,,,
limites_administratives_hdx.xlsx,tgo_admin2_em,adm1_name1,texte,,0,40,100.0,0,,,,,,,,,,,
limites_administratives_hdx.xlsx,tgo_admin2_em,adm1_name2,texte,,0,40,100.0,0,,,,,,,,,,,
limites_administratives_hdx.xlsx,tgo_admin2_em,adm1_name3,texte,,0,40,100.0,0,,,,,,,,,,,
limites_administratives_hdx.xlsx,tgo_admin2_em,adm1_pcode,texte,,40,0,0.0,5,TG04 (12) ; TG03 (9) ; TG02 (7) ; TG05 (7) ; TG01 (5),,,,,,,,,,
limites_administratives_hdx.xlsx,tgo_admin2_em,adm0_name,texte,,40,0,0.0,1,Togo (40),,,,,,,,,,
limites_administratives_hdx.xlsx,tgo_admin2_em,adm0_name1,texte,,0,40,100.0,0,,,,,,,,,,,
limites_administratives_hdx.xlsx,tgo_admin2_em,adm0_name2,texte,,0,40,100.0,0,,,,,,,,,,,
limites_administratives_hdx.xlsx,tgo_admin2_em,adm0_name3,texte,,0,40,100.0,0,,,,,,,,,,,
limites_administratives_hdx.xlsx,tgo_admin2_em,adm0_pcode,texte,,40,0,0.0,1,TG (40),,,,,,,,,,
limites_administratives_hdx.xlsx,tgo_admin2_em,valid_on,texte,,40,0,0.0,1,2021-01-07 00:00:00 (40),,,,,,,,,,
limites_administratives_hdx.xlsx,tgo_admin2_em,valid_to,texte,,0,40,100.0,0,,,,,,,,,,,
limites_administratives_hdx.xlsx,tgo_admin2_em,area_sqkm,numérique,,40,0,0.0,40,3127.68933019 (1) ; 1255.86664423 (1) ; 1209.28166485 (1) ; 1084.52694584 (1) ; 396.27384294 (1) ; …,95.0653,3424.72,0,,,,,,,
limites_administratives_hdx.xlsx,tgo_admin2_em,version,texte,,40,0,0.0,1,v02 (40),,,,,,,,,,
limites_administratives_hdx.xlsx,tgo_admin2_em,lang,texte,,40,0,0.0,1,fr (40),,,,,,,,,,
limites_administratives_hdx.xlsx,tgo_admin2_em,lang1,texte,,0,40,100.0,0,,,,,,,,,,,
limites_administratives_hdx.xlsx,tgo_admin2_em,lang2,texte,,0,40,100.0,0,,,,,,,,,,,
limites_administratives_hdx.xlsx,tgo_admin2_em,lang3,texte,,0,40,100.0,0,,,,,,,,,,,
limites_administratives_hdx.xlsx,tgo_admin2_em,center_lat,numérique,,40,0,0.0,40,8.15197656 (1) ; 8.76439069 (1) ; 7.5491135 (1) ; 6.75517085 (1) ; 7.23168587 (1) ; …,6.15743,11.052,0,,,,,,,
limites_administratives_hdx.xlsx,tgo_admin2_em,center_lon,numérique,,40,0,0.0,40,0.93532685 (1) ; 0.54392326 (1) ; 0.76495143 (1) ; 0.76678003 (1) ; 0.69485098 (1) ; …,0.100465,1.6957,0,,,,,,,
limites_administratives_hdx.xlsx,tgo_admin3,adm3_name,texte,,373,0,0.0,370,Kamina (2) ; Loko (2) ; Game (2) ; Abobo (1) ; Nadjoundi (1) ; …,,,,,,,,,,
limites_administratives_hdx.xlsx,tgo_admin3,adm3_name1,texte,,0,373,100.0,0,,,,,,,,,,,
limites_administratives_hdx.xlsx,tgo_admin3,adm3_name2,texte,,0,373,100.0,0,,,,,,,,,,,
limites_administratives_hdx.xlsx,tgo_admin3,adm3_name3,texte,,0,373,100.0,0,,,,,,,,,,,
limites_administratives_hdx.xlsx,tgo_admin3,adm3_pcode,texte,,373,0,0.0,373,TG030801 (1) ; TG040506 (1) ; TG051803 (1) ; TG020407 (1) ; TG051609 (1) ; …,,,,,,,,,,
limites_administratives_hdx.xlsx,tgo_admin3,adm2_name,texte,,373,0,0.0,40,Blitta (21) ; Tone (17) ; Tandjoare (16) ; Zio (16) ; Kozah (15) ; …,,,,,,,,,,
limites_administratives_hdx.xlsx,tgo_admin3,adm2_name1,texte,,0,373,100.0,0,,,,,,,,,,,
limites_administratives_hdx.xlsx,tgo_admin3,adm2_name2,texte,,0,373,100.0,0,,,,,,,,,,,
limites_administratives_hdx.xlsx,tgo_admin3,adm2_name3,texte,,0,373,100.0,0,,,,,,,,,,,
limites_administratives_hdx.xlsx,tgo_admin3,adm2_pcode,texte,,373,0,0.0,40,TG0101 (21) ; TG0516 (17) ; TG0515 (16) ; TG0308 (16) ; TG0207 (15) ; …,,,,,,,,,,
limites_administratives_hdx.xlsx,tgo_admin3,adm1_name,texte,,373,0,0.0,5,Plateaux (103) ; Kara (75) ; Maritime (68) ; Savanes (68) ; Centrale (59),,,,,,,,,,
limites_administratives_hdx.xlsx,tgo_admin3,adm1_name1,texte,,0,373,100.0,0,,,,,,,,,,,
limites_administratives_hdx.xlsx,tgo_admin3,adm1_name2,texte,,0,373,100.0,0,,,,,,,,,,,
limites_administratives_hdx.xlsx,tgo_admin3,adm1_name3,texte,,0,373,100.0,0,,,,,,,,,,,
limites_administratives_hdx.xlsx,tgo_admin3,adm1_pcode,texte,,373,0,0.0,5,TG04 (103) ; TG02 (75) ; TG03 (68) ; TG05 (68) ; TG01 (59),,,,,,,,,,
limites_administratives_hdx.xlsx,tgo_admin3,adm0_name,texte,,373,0,0.0,1,Togo (373),,,,,,,,,,
limites_administratives_hdx.xlsx,tgo_admin3,adm0_name1,texte,,0,373,100.0,0,,,,,,,,,,,
limites_administratives_hdx.xlsx,tgo_admin3,adm0_name2,texte,,0,373,100.0,0,,,,,,,,,,,
limites_administratives_hdx.xlsx,tgo_admin3,adm0_name3,texte,,0,373,100.0,0,,,,,,,,,,,
limites_administratives_hdx.xlsx,tgo_admin3,adm0_pcode,texte,,373,0,0.0,1,TG (373),,,,,,,,,,
limites_administratives_hdx.xlsx,tgo_admin3,valid_on,texte,,373,0,0.0,1,2021-01-07 00:00:00 (373),,,,,,,,,,
limites_administratives_hdx.xlsx,tgo_admin3,valid_to,texte,,0,373,100.0,0,,,,,,,,,,,
limites_administratives_hdx.xlsx,tgo_admin3,area_sqkm,numérique,,373,0,0.0,373,112.23551667 (1) ; 738.25204025 (1) ; 197.33483536 (1) ; 141.89661729 (1) ; 51.67101322 (1) ; …,4.03594,1285.58,0,,,,,,,
limites_administratives_hdx.xlsx,tgo_admin3,version,texte,,373,0,0.0,1,v02 (373),,,,,,,,,,
limites_administratives_hdx.xlsx,tgo_admin3,lang,texte,,373,0,0.0,1,fr (373),,,,,,,,,,
limites_administratives_hdx.xlsx,tgo_admin3,lang1,texte,,0,373,100.0,0,,,,,,,,,,,
limites_administratives_hdx.xlsx,tgo_admin3,lang2,texte,,0,373,100.0,0,,,,,,,,,,,
limites_administratives_hdx.xlsx,tgo_admin3,lang3,texte,,0,373,100.0,0,,,,,,,,,,,
limites_administratives_hdx.xlsx,tgo_admin3,adm3_ref_name,texte,,373,0,0.0,370,Kamina (2) ; Loko (2) ; Game (2) ; Abobo (1) ; Nadjoundi (1) ; …,,,,,,,,,,
limites_administratives_hdx.xlsx,tgo_admin3,center_lat,numérique,,373,0,0.0,372,9.2799335 (2) ; 6.250369 (1) ; 6.502912 (1) ; 9.6956505 (1) ; 10.9706955 (1) ; …,6.15666,11.1175,0,,,,,,,
limites_administratives_hdx.xlsx,tgo_admin3,center_lon,numérique,,373,0,0.0,373,1.34884681 (1) ; 1.40608624 (1) ; 0.44563405 (1) ; 0.80803007 (1) ; 0.07232126 (1) ; …,-0.120014,1.71979,0,5 négatives,,,,,,
limites_administratives_hdx.xlsx,tgo_admin3_em,adm3_name,texte,,373,0,0.0,370,Game (2) ; Loko (2) ; Kamina (2) ; Ahlon (1) ; Danyi Kpeto-Evita (1) ; …,,,,,,,,,,
limites_administratives_hdx.xlsx,tgo_admin3_em,adm3_name1,texte,,0,373,100.0,0,,,,,,,,,,,
limites_administratives_hdx.xlsx,tgo_admin3_em,adm3_name2,texte,,0,373,100.0,0,,,,,,,,,,,
limites_administratives_hdx.xlsx,tgo_admin3_em,adm3_name3,texte,,0,373,100.0,0,,,,,,,,,,,
limites_administratives_hdx.xlsx,tgo_admin3_em,adm3_pcode,texte,,373,0,0.0,373,TG010101 (1) ; TG040506 (1) ; TG040608 (1) ; TG040607 (1) ; TG040606 (1) ; …,,,,,,,,,,
limites_administratives_hdx.xlsx,tgo_admin3_em,adm2_name,texte,,373,0,0.0,40,Blitta (21) ; Tone (17) ; Tandjoare (16) ; Zio (16) ; Kozah (15) ; …,,,,,,,,,,
limites_administratives_hdx.xlsx,tgo_admin3_em,adm2_name1,texte,,0,373,100.0,0,,,,,,,,,,,
limites_administratives_hdx.xlsx,tgo_admin3_em,adm2_name2,texte,,0,373,100.0,0,,,,,,,,,,,
limites_administratives_hdx.xlsx,tgo_admin3_em,adm2_name3,texte,,0,373,100.0,0,,,,,,,,,,,
limites_administratives_hdx.xlsx,tgo_admin3_em,adm2_pcode,texte,,373,0,0.0,40,TG0101 (21) ; TG0516 (17) ; TG0515 (16) ; TG0308 (16) ; TG0207 (15) ; …,,,,,,,,,,
limites_administratives_hdx.xlsx,tgo_admin3_em,adm1_name,texte,,373,0,0.0,5,Plateaux (103) ; Kara (75) ; Maritime (68) ; Savanes (68) ; Centrale (59),,,,,,,,,,
limites_administratives_hdx.xlsx,tgo_admin3_em,adm1_name1,texte,,0,373,100.0,0,,,,,,,,,,,
limites_administratives_hdx.xlsx,tgo_admin3_em,adm1_name2,texte,,0,373,100.0,0,,,,,,,,,,,
limites_administratives_hdx.xlsx,tgo_admin3_em,adm1_name3,texte,,0,373,100.0,0,,,,,,,,,,,
limites_administratives_hdx.xlsx,tgo_admin3_em,adm1_pcode,texte,,373,0,0.0,5,TG04 (103) ; TG02 (75) ; TG03 (68) ; TG05 (68) ; TG01 (59),,,,,,,,,,
limites_administratives_hdx.xlsx,tgo_admin3_em,adm0_name,texte,,373,0,0.0,1,Togo (373),,,,,,,,,,
limites_administratives_hdx.xlsx,tgo_admin3_em,adm0_name1,texte,,0,373,100.0,0,,,,,,,,,,,
limites_administratives_hdx.xlsx,tgo_admin3_em,adm0_name2,texte,,0,373,100.0,0,,,,,,,,,,,
limites_administratives_hdx.xlsx,tgo_admin3_em,adm0_name3,texte,,0,373,100.0,0,,,,,,,,,,,
limites_administratives_hdx.xlsx,tgo_admin3_em,adm0_pcode,texte,,373,0,0.0,1,TG (373),,,,,,,,,,
limites_administratives_hdx.xlsx,tgo_admin3_em,valid_on,texte,,373,0,0.0,1,2021-01-07 00:00:00 (373),,,,,,,,,,
limites_administratives_hdx.xlsx,tgo_admin3_em,valid_to,texte,,0,373,100.0,0,,,,,,,,,,,
limites_administratives_hdx.xlsx,tgo_admin3_em,area_sqkm,numérique,,373,0,0.0,373,241.46550143 (1) ; 738.25204025 (1) ; 444.20850382 (1) ; 560.26376764 (1) ; 161.64913097 (1) ; …,4.03594,1285.58,0,,,,,,,
limites_administratives_hdx.xlsx,tgo_admin3_em,version,texte,,373,0,0.0,1,v02 (373),,,,,,,,,,
limites_administratives_hdx.xlsx,tgo_admin3_em,lang,texte,,373,0,0.0,1,fr (373),,,,,,,,,,
limites_administratives_hdx.xlsx,tgo_admin3_em,lang1,texte,,0,373,100.0,0,,,,,,,,,,,
limites_administratives_hdx.xlsx,tgo_admin3_em,lang2,texte,,0,373,100.0,0,,,,,,,,,,,
limites_administratives_hdx.xlsx,tgo_admin3_em,lang3,texte,,0,373,100.0,0,,,,,,,,,,,
limites_administratives_hdx.xlsx,tgo_admin3_em,center_lat,numérique,,373,0,0.0,372,9.2799335 (2) ; 8.2485245 (1) ; 7.2075155 (1) ; 6.926579 (1) ; 7.187081 (1) ; …,6.15743,11.1173,0,,,,,,,
limites_administratives_hdx.xlsx,tgo_admin3_em,center_lon,numérique,,373,0,0.0,373,1.15118722 (1) ; 1.40608624 (1) ; 1.28973092 (1) ; 1.05355835 (1) ; 0.9940611 (1) ; …,-0.121119,1.71963,0,5 négatives,,,,,,
limites_administratives_hdx.xlsx,tgo_admincapitals,adm_p_lvl,numérique,,31,0,0.0,3,2 (26) ; 1 (4) ; 0 (1),0,2,1,,,,,,,
limites_administratives_hdx.xlsx,tgo_admincapitals,name,texte,,31,0,0.0,31,Agou (1) ; Kpalime (1) ; Tsevie (1) ; Tohoun (1) ; Tchamba (1) ; …,,,,,,,,,,
limites_administratives_hdx.xlsx,tgo_admincapitals,name_1,texte,,0,31,100.0,0,,,,,,,,,,,
limites_administratives_hdx.xlsx,tgo_admincapitals,name_2,texte,,0,31,100.0,0,,,,,,,,,,,
limites_administratives_hdx.xlsx,tgo_admincapitals,name_3,texte,,0,31,100.0,0,,,,,,,,,,,
limites_administratives_hdx.xlsx,tgo_admincapitals,loc_pcode,texte,,0,31,100.0,0,,,,,,,,,,,
limites_administratives_hdx.xlsx,tgo_admincapitals,x_coord,numérique,,31,0,0.0,31,0.733335 (1) ; 0.633331 (1) ; 1.213332 (1) ; 1.616669 (1) ; 1.416664 (1) ; …,0.195,1.66667,0,,,,,,,
limites_administratives_hdx.xlsx,tgo_admincapitals,y_coord,numérique,,31,0,0.0,31,6.883335 (1) ; 6.899996 (1) ; 6.42611 (1) ; 7.033337 (1) ; 9.033333 (1) ; …,6.13194,10.8623,0,,,,,,,
limites_administratives_hdx.xlsx,tgo_admincapitals,adm3_name,texte,,31,0,0.0,1,<Null> (31),,,,,,,,,,
limites_administratives_hdx.xlsx,tgo_admincapitals,adm3_name1,texte,,0,31,100.0,0,,,,,,,,,,,
limites_administratives_hdx.xlsx,tgo_admincapitals,adm3_name2,texte,,0,31,100.0,0,,,,,,,,,,,
limites_administratives_hdx.xlsx,tgo_admincapitals,adm3_name3,texte,,0,31,100.0,0,,,,,,,,,,,
limites_administratives_hdx.xlsx,tgo_admincapitals,adm3_pcode,texte,,31,0,0.0,1,<Null> (31),,,,,,,,,,
limites_administratives_hdx.xlsx,tgo_admincapitals,adm2_name,texte,,31,0,0.0,30,Kozah (2) ; Agou (1) ; Lome Commune (1) ; Zio (1) ; Moyen-Mono (1) ; Tchamba (1) ; Tandjoare (1) ; Yoto (1) ; Sotouboua (1) ; Tchaoudjo (1) ; Binah (1) ; Haho (1) ; Doufelgou (1) ; Oti (1) ; Kpendjal (1) ; Kloto (1) ; Amou (1) ; Ave (1) ; Keran (1) ; Dankpen (1) ; Est-Mono (1) ; Tone (1) ; Blitta (1) ; Bassar (1) ; Assoli (1) ; Wawa (1) ; Bas-Mono (1) ; Ogou (1) ; Lacs (1) ; Vo (1),,,,,,,,,,
limites_administratives_hdx.xlsx,tgo_admincapitals,adm2_name1,texte,,0,31,100.0,0,,,,,,,,,,,
limites_administratives_hdx.xlsx,tgo_admincapitals,adm2_name2,texte,,0,31,100.0,0,,,,,,,,,,,
limites_administratives_hdx.xlsx,tgo_admincapitals,adm2_name3,texte,,0,31,100.0,0,,,,,,,,,,,
limites_administratives_hdx.xlsx,tgo_admincapitals,adm2_pcode,texte,,31,0,0.0,30,TG0207 (2) ; TG0403 (1) ; TG0305 (1) ; TG0308 (1) ; TG0408 (1) ; TG0104 (1) ; TG0515 (1) ; TG0307 (1) ; TG0103 (1) ; TG0105 (1) ; TG0203 (1) ; TG0406 (1) ; TG0205 (1) ; TG0514 (1) ; TG0513 (1) ; TG0412 (1) ; TG0401 (1) ; TG0301 (1) ; TG0206 (1) ; TG0204 (1) ; TG0405 (1) ; TG0516 (1) ; TG0101 (1) ; TG0202 (1) ; TG0201 (1) ; TG0402 (1) ; TG0302 (1) ; TG0409 (1) ; TG0304 (1) ; TG0306 (1),,,,,,,,,,
limites_administratives_hdx.xlsx,tgo_admincapitals,adm1_name,texte,,31,0,0.0,5,Plateaux (8) ; Kara (8) ; Maritime (7) ; Centrale (4) ; Savanes (4),,,,,,,,,,
limites_administratives_hdx.xlsx,tgo_admincapitals,adm1_name1,texte,,0,31,100.0,0,,,,,,,,,,,
limites_administratives_hdx.xlsx,tgo_admincapitals,adm1_name2,texte,,0,31,100.0,0,,,,,,,,,,,
limites_administratives_hdx.xlsx,tgo_admincapitals,adm1_name3,texte,,0,31,100.0,0,,,,,,,,,,,
limites_administratives_hdx.xlsx,tgo_admincapitals,adm1_pcode,texte,,31,0,0.0,5,TG04 (8) ; TG02 (8) ; TG03 (7) ; TG01 (4) ; TG05 (4),,,,,,,,,,
limites_administratives_hdx.xlsx,tgo_admincapitals,adm0_name,texte,,31,0,0.0,1,Togo (31),,,,,,,,,,
limites_administratives_hdx.xlsx,tgo_admincapitals,adm0_name1,texte,,0,31,100.0,0,,,,,,,,,,,
limites_administratives_hdx.xlsx,tgo_admincapitals,adm0_name2,texte,,0,31,100.0,0,,,,,,,,,,,
limites_administratives_hdx.xlsx,tgo_admincapitals,adm0_name3,texte,,0,31,100.0,0,,,,,,,,,,,
limites_administratives_hdx.xlsx,tgo_admincapitals,adm0_pcode,texte,,31,0,0.0,1,TG (31),,,,,,,,,,
limites_administratives_hdx.xlsx,tgo_admincapitals,valid_on,texte,,31,0,0.0,1,2021-01-07 00:00:00 (31),,,,,,,,,,
limites_administratives_hdx.xlsx,tgo_admincapitals,valid_to,texte,,0,31,100.0,0,,,,,,,,,,,
limites_administratives_hdx.xlsx,tgo_admincapitals,version,texte,,31,0,0.0,1,v02 (31),,,,,,,,,,
limites_administratives_hdx.xlsx,tgo_admincapitals,name_lng,texte,,0,31,100.0,0,,,,,,,,,,,
limites_administratives_hdx.xlsx,tgo_admincapitals,name_lng1,texte,,0,31,100.0,0,,,,,,,,,,,
limites_administratives_hdx.xlsx,tgo_admincapitals,name_lng2,texte,,0,31,100.0,0,,,,,,,,,,,
limites_administratives_hdx.xlsx,tgo_admincapitals,name_lng3,texte,,0,31,100.0,0,,,,,,,,,,,
limites_administratives_hdx.xlsx,tgo_adminlines,adm_level,numérique,,1118,0,0.0,5,3 (618) ; 2 (313) ; 0 (127) ; 1 (56) ; 99 (4),0,99,127,,,,,,,
limites_administratives_hdx.xlsx,tgo_adminlines,name,texte,,0,1118,100.0,0,,,,,,,,,,,
limites_administratives_hdx.xlsx,tgo_adminlines,valid_on,texte,,1118,0,0.0,1,2021-01-07 00:00:00 (1118),,,,,,,,,,
limites_administratives_hdx.xlsx,tgo_adminlines,valid_to,texte,,0,1118,100.0,0,,,,,,,,,,,
limites_administratives_hdx.xlsx,tgo_adminlines,version,texte,,1118,0,0.0,1,v02 (1118),,,,,,,,,,
limites_administratives_hdx.xlsx,tgo_adminlines,right_pcod,texte,,0,1118,100.0,0,,,,,,,,,,,
limites_administratives_hdx.xlsx,tgo_adminlines,left_pcod,texte,,0,1118,100.0,0,,,,,,,,,,,
limites_administratives_hdx.xlsx,tgo_adminlines_em,adm_level,numérique,,1118,0,0.0,5,3 (618) ; 2 (313) ; 0 (127) ; 1 (56) ; 99 (4),0,99,127,,,,,,,
limites_administratives_hdx.xlsx,tgo_adminlines_em,name,texte,,0,1118,100.0,0,,,,,,,,,,,
limites_administratives_hdx.xlsx,tgo_adminlines_em,valid_on,texte,,1118,0,0.0,1,2021-01-07 00:00:00 (1118),,,,,,,,,,
limites_administratives_hdx.xlsx,tgo_adminlines_em,valid_to,texte,,0,1118,100.0,0,,,,,,,,,,,
limites_administratives_hdx.xlsx,tgo_adminlines_em,version,texte,,1118,0,0.0,1,v02 (1118),,,,,,,,,,
limites_administratives_hdx.xlsx,tgo_adminlines_em,right_pcod,texte,,0,1118,100.0,0,,,,,,,,,,,
limites_administratives_hdx.xlsx,tgo_adminlines_em,left_pcod,texte,,0,1118,100.0,0,,,,,,,,,,,
limites_administratives_hdx.xlsx,tgo_adminpoints,admin_level,numérique,,419,0,0.0,4,3 (373) ; 2 (40) ; 1 (5) ; 0 (1),0,3,1,,,,,,,
limites_administratives_hdx.xlsx,tgo_adminpoints,name,texte,,419,0,0.0,408,Ogou (2) ; Loko (2) ; Cinkasse (2) ; Naki-Ouest (2) ; Bassar (2) ; …,,,,,,,,,,
limites_administratives_hdx.xlsx,tgo_adminpoints,name1,texte,,0,419,100.0,0,,,,,,,,,,,
limites_administratives_hdx.xlsx,tgo_adminpoints,name2,texte,,0,419,100.0,0,,,,,,,,,,,
limites_administratives_hdx.xlsx,tgo_adminpoints,name3,texte,,0,419,100.0,0,,,,,,,,,,,
limites_administratives_hdx.xlsx,tgo_adminpoints,x_coord,numérique,,419,0,0.0,418,1.24556024 (2) ; 1.04184628 (1) ; 1.25455257 (1) ; 0.7045408 (1) ; 0.80339601 (1) ; …,-0.120014,1.71979,0,5 négatives,,,,,,
limites_administratives_hdx.xlsx,tgo_adminpoints,y_coord,numérique,,419,0,0.0,417,6.15666383 (2) ; 9.2799335 (2) ; 8.6276595 (1) ; 10.5111295 (1) ; 10.3597985 (1) ; …,6.15666,11.1175,0,,,,,,,
limites_administratives_hdx.xlsx,tgo_adminpoints,adm4_name,texte,,0,419,100.0,0,,,,,,,,,,,
limites_administratives_hdx.xlsx,tgo_adminpoints,adm4_name1,texte,,0,419,100.0,0,,,,,,,,,,,
limites_administratives_hdx.xlsx,tgo_adminpoints,adm4_name2,texte,,0,419,100.0,0,,,,,,,,,,,
limites_administratives_hdx.xlsx,tgo_adminpoints,adm4_name3,texte,,0,419,100.0,0,,,,,,,,,,,
limites_administratives_hdx.xlsx,tgo_adminpoints,adm4_pcode,texte,,0,419,100.0,0,,,,,,,,,,,
limites_administratives_hdx.xlsx,tgo_adminpoints,adm3_name,texte,,373,46,11.0,370,Kamina (2) ; Loko (2) ; Game (2) ; Abobo (1) ; Nadjoundi (1) ; …,,,,,,,,,,
limites_administratives_hdx.xlsx,tgo_adminpoints,adm3_name1,texte,,0,419,100.0,0,,,,,,,,,,,
limites_administratives_hdx.xlsx,tgo_adminpoints,adm3_name2,texte,,0,419,100.0,0,,,,,,,,,,,
limites_administratives_hdx.xlsx,tgo_adminpoints,adm3_name3,texte,,0,419,100.0,0,,,,,,,,,,,
limites_administratives_hdx.xlsx,tgo_adminpoints,adm3_pcode,texte,,373,46,11.0,373,TG030801 (1) ; TG040506 (1) ; TG051803 (1) ; TG020407 (1) ; TG051609 (1) ; …,,,,,,,,,,
limites_administratives_hdx.xlsx,tgo_adminpoints,adm2_name,texte,,413,6,1.4,40,Blitta (22) ; Tone (18) ; Zio (17) ; Tandjoare (17) ; Kozah (16) ; …,,,,,,,,,,
limites_administratives_hdx.xlsx,tgo_adminpoints,adm2_name1,texte,,0,419,100.0,0,,,,,,,,,,,
limites_administratives_hdx.xlsx,tgo_adminpoints,adm2_name2,texte,,0,419,100.0,0,,,,,,,,,,,
limites_administratives_hdx.xlsx,tgo_adminpoints,adm2_name3,texte,,0,419,100.0,0,,,,,,,,,,,
limites_administratives_hdx.xlsx,tgo_adminpoints,adm2_pcode,texte,,413,6,1.4,40,TG0101 (22) ; TG0516 (18) ; TG0308 (17) ; TG0515 (17) ; TG0207 (16) ; …,,,,,,,,,,
limites_administratives_hdx.xlsx,tgo_adminpoints,adm1_name,texte,,418,1,0.2,5,Plateaux (116) ; Kara (83) ; Maritime (78) ; Savanes (76) ; Centrale (65),,,,,,,,,,
limites_administratives_hdx.xlsx,tgo_adminpoints,adm1_name1,texte,,0,419,100.0,0,,,,,,,,,,,
limites_administratives_hdx.xlsx,tgo_adminpoints,adm1_name2,texte,,0,419,100.0,0,,,,,,,,,,,
limites_administratives_hdx.xlsx,tgo_adminpoints,adm1_name3,texte,,0,419,100.0,0,,,,,,,,,,,
limites_administratives_hdx.xlsx,tgo_adminpoints,adm1_pcode,texte,,418,1,0.2,5,TG04 (116) ; TG02 (83) ; TG03 (78) ; TG05 (76) ; TG01 (65),,,,,,,,,,
limites_administratives_hdx.xlsx,tgo_adminpoints,adm0_name,texte,,419,0,0.0,1,Togo (419),,,,,,,,,,
limites_administratives_hdx.xlsx,tgo_adminpoints,adm0_name1,texte,,0,419,100.0,0,,,,,,,,,,,
limites_administratives_hdx.xlsx,tgo_adminpoints,adm0_name2,texte,,0,419,100.0,0,,,,,,,,,,,
limites_administratives_hdx.xlsx,tgo_adminpoints,adm0_name3,texte,,0,419,100.0,0,,,,,,,,,,,
limites_administratives_hdx.xlsx,tgo_adminpoints,adm0_pcode,texte,,419,0,0.0,1,TG (419),,,,,,,,,,
limites_administratives_hdx.xlsx,tgo_adminpoints,valid_on,texte,,419,0,0.0,1,2021-01-07 00:00:00 (419),,,,,,,,,,
limites_administratives_hdx.xlsx,tgo_adminpoints,valid_to,texte,,0,419,100.0,0,,,,,,,,,,,
limites_administratives_hdx.xlsx,tgo_adminpoints,version,texte,,419,0,0.0,1,v02 (419),,,,,,,,,,
limites_administratives_hdx.xlsx,tgo_adminpoints,lang,texte,,419,0,0.0,1,fr (419),,,,,,,,,,
limites_administratives_hdx.xlsx,tgo_adminpoints,lang1,texte,,0,419,100.0,0,,,,,,,,,,,
limites_administratives_hdx.xlsx,tgo_adminpoints,lang2,texte,,0,419,100.0,0,,,,,,,,,,,
limites_administratives_hdx.xlsx,tgo_adminpoints,lang3,texte,,0,419,100.0,0,,,,,,,,,,,
oms_tues_pour_100000.json,value,Id,numérique,,4,0,0.0,4,6466244 (1) ; 9903296 (1) ; 5148803 (1) ; 3382235 (1),3382235,9903296,0,,,,,,,
oms_tues_pour_100000.json,value,IndicatorCode,texte,,4,0,0.0,1,RS_198 (4),,,,,,,,,,
oms_tues_pour_100000.json,value,SpatialDimType,texte,,4,0,0.0,1,COUNTRY (4),,,,,,,,,,
oms_tues_pour_100000.json,value,SpatialDim,texte,,4,0,0.0,4,GHA (1) ; BFA (1) ; BEN (1) ; TGO (1),,,,,,,,,,
oms_tues_pour_100000.json,value,TimeDimType,texte,,4,0,0.0,1,YEAR (4),,,,,,,,,,
oms_tues_pour_100000.json,value,ParentLocationCode,texte,,4,0,0.0,1,AFR (4),,,,,,,,,,
oms_tues_pour_100000.json,value,ParentLocation,texte,,4,0,0.0,1,Africa (4),,,,,,,,,,
oms_tues_pour_100000.json,value,Dim1Type,texte,,0,4,100.0,0,,,,,,,,,,,
oms_tues_pour_100000.json,value,TimeDim,numérique,,4,0,0.0,1,2021 (4),2021,2021,0,,,,,,,
oms_tues_pour_100000.json,value,Dim1,texte,,0,4,100.0,0,,,,,,,,,,,
oms_tues_pour_100000.json,value,Dim2Type,texte,,0,4,100.0,0,,,,,,,,,,,
oms_tues_pour_100000.json,value,Dim2,texte,,0,4,100.0,0,,,,,,,,,,,
oms_tues_pour_100000.json,value,Dim3Type,texte,,0,4,100.0,0,,,,,,,,,,,
oms_tues_pour_100000.json,value,Dim3,texte,,0,4,100.0,0,,,,,,,,,,,
oms_tues_pour_100000.json,value,DataSourceDimType,texte,,0,4,100.0,0,,,,,,,,,,,
oms_tues_pour_100000.json,value,DataSourceDim,texte,,0,4,100.0,0,,,,,,,,,,,
oms_tues_pour_100000.json,value,Value,numérique,,4,0,0.0,4,25.9 (1) ; 27.8 (1) ; 24.8 (1) ; 22.7 (1),22.7,27.8,0,,,,,,,
oms_tues_pour_100000.json,value,NumericValue,numérique,,4,0,0.0,4,25.9 (1) ; 27.8 (1) ; 24.8 (1) ; 22.7 (1),22.7,27.8,0,,,,,repère,C,Estimation modélisée de l'OMS (SE-03)
oms_tues_pour_100000.json,value,Low,texte,,0,4,100.0,0,,,,,,,,,,,
oms_tues_pour_100000.json,value,High,texte,,0,4,100.0,0,,,,,,,,,,,
oms_tues_pour_100000.json,value,Comments,texte,,0,4,100.0,0,,,,,,,,,,,
oms_tues_pour_100000.json,value,Date,texte,,4,0,0.0,1,2024-04-15T16:26:22.633+02:00 (4),,,,,,,,,,
oms_tues_pour_100000.json,value,TimeDimensionValue,numérique,,4,0,0.0,1,2021 (4),2021,2021,0,,,,,,,
oms_tues_pour_100000.json,value,TimeDimensionBegin,texte,,4,0,0.0,1,2021-01-01T00:00:00+01:00 (4),,,,,,,,,,
oms_tues_pour_100000.json,value,TimeDimensionEnd,texte,,4,0,0.0,1,2021-12-31T00:00:00+01:00 (4),,,,,,,,,,
dhs_possession_moto_velo_region.json,Data,DataId,numérique,,42,0,0.0,42,584999 (1) ; 3300432 (1) ; 6818764 (1) ; 3813250 (1) ; 117160 (1) ; …,62586,7732978,0,,,,,,,
dhs_possession_moto_velo_region.json,Data,Indicator,texte,,42,0,0.0,2,Households possessing a bicycle (21) ; Households possessing a motorcycle (21),,,,,,,,,,
dhs_possession_moto_velo_region.json,Data,Value,numérique,,42,0,0.0,40,36.5 (2) ; 35.8 (2) ; 32.9 (1) ; 24.8 (1) ; 38.7 (1) ; …,4.5,70.9,0,,,,,contexte,C,"Part de ménages déclarée, publiée par le programme DHS"
dhs_possession_moto_velo_region.json,Data,Precision,numérique,,42,0,0.0,1,1 (42),1,1,0,,,,,,,
dhs_possession_moto_velo_region.json,Data,DHS_CountryCode,texte,,42,0,0.0,1,TG (42),,,,,,,,,,
dhs_possession_moto_velo_region.json,Data,CountryName,texte,,42,0,0.0,1,Togo (42),,,,,,,,,,
dhs_possession_moto_velo_region.json,Data,SurveyYear,numérique,,42,0,0.0,3,1998 (14) ; 2013 (14) ; 2017 (14),1998,2017,0,,,,,,,
dhs_possession_moto_velo_region.json,Data,SurveyId,texte,,42,0,0.0,3,TG1998DHS (14) ; TG2013DHS (14) ; TG2017MIS (14),,,,,,,,,,
dhs_possession_moto_velo_region.json,Data,IndicatorId,texte,,42,0,0.0,2,HC_TRNS_H_BIK (21) ; HC_TRNS_H_SCT (21),,,,,,,,,,
dhs_possession_moto_velo_region.json,Data,IndicatorOrder,numérique,,42,0,0.0,2,260601010 (21) ; 260601030 (21),260601010,260601030,0,,,,,,,
dhs_possession_moto_velo_region.json,Data,IndicatorType,texte,,42,0,0.0,1,I (42),,,,,,,,,,
dhs_possession_moto_velo_region.json,Data,CharacteristicId,numérique,,42,0,0.0,7,446001 (6) ; 446002 (6) ; 446003 (6) ; 446004 (6) ; 446005 (6) ; 446006 (6) ; 446007 (6),446001,446007,0,,,,,,,
dhs_possession_moto_velo_region.json,Data,CharacteristicOrder,numérique,,42,0,0.0,7,1446001 (6) ; 1446002 (6) ; 1446003 (6) ; 1446004 (6) ; 1446005 (6) ; 1446006 (6) ; 1446007 (6),1446001,1446007,0,,,,,,,
dhs_possession_moto_velo_region.json,Data,CharacteristicCategory,texte,,42,0,0.0,1,Region (42),,,,,,,,,,
dhs_possession_moto_velo_region.json,Data,CharacteristicLabel,texte,,42,0,0.0,7,Ensemble Maritime (6) ; ..Maritime (6) ; ..Lomé (6) ; Plateaux (6) ; Centrale (6) ; Kara (6) ; Savanes (6),,,,,,,,,,
dhs_possession_moto_velo_region.json,Data,ByVariableId,numérique,,42,0,0.0,1,0 (42),0,0,42,,,,,,,
dhs_possession_moto_velo_region.json,Data,ByVariableLabel,texte,,0,42,100.0,0,,,,,,,,,,,
dhs_possession_moto_velo_region.json,Data,IsTotal,numérique,,42,0,0.0,1,0 (42),0,0,42,,,,,,,
dhs_possession_moto_velo_region.json,Data,IsPreferred,numérique,,42,0,0.0,1,1 (42),1,1,0,,,,,,,
dhs_possession_moto_velo_region.json,Data,SDRID,texte,,42,0,0.0,2,HCTRNSHBIK (21) ; HCTRNSHSCT (21),,,,,,,,,,
dhs_possession_moto_velo_region.json,Data,RegionId,texte,,42,0,0.0,21,TGDHS1998446001 (2) ; TGDHS2013446005 (2) ; TGMIS2017446006 (2) ; TGMIS2017446005 (2) ; TGMIS2017446004 (2) ; TGMIS2017446003 (2) ; TGMIS2017446002 (2) ; TGMIS2017446001 (2) ; TGDHS2013446007 (2) ; TGDHS2013446006 (2) ; TGDHS2013446004 (2) ; TGDHS1998446002 (2) ; TGDHS2013446003 (2) ; TGDHS2013446002 (2) ; TGDHS2013446001 (2) ; TGDHS1998446007 (2) ; TGDHS1998446006 (2) ; TGDHS1998446005 (2) ; TGDHS1998446004 (2) ; TGDHS1998446003 (2) ; TGMIS2017446007 (2),,,,,,,,,,
dhs_possession_moto_velo_region.json,Data,SurveyYearLabel,texte,,42,0,0.0,3,1998 (14) ; 2013-14 (14) ; 2017 (14),,,,,,,,,,
dhs_possession_moto_velo_region.json,Data,SurveyType,texte,,42,0,0.0,2,DHS (28) ; MIS (14),,,,,,,,,,
dhs_possession_moto_velo_region.json,Data,DenominatorWeighted,numérique,,42,0,0.0,21,3412 (2) ; 815 (2) ; 524 (2) ; 418 (2) ; 1292 (2) ; 1334 (2) ; 946 (2) ; 2280 (2) ; 824 (2) ; 1041 (2) ; 2226 (2) ; 2170 (2) ; 2715 (2) ; 1928 (2) ; 4643 (2) ; 568 (2) ; 883 (2) ; 668 (2) ; 1987 (2) ; 1242 (2) ; 395 (2),395,4643,0,,,,,,,
dhs_possession_moto_velo_region.json,Data,DenominatorUnweighted,numérique,,42,0,0.0,21,2551 (2) ; 1245 (2) ; 793 (2) ; 669 (2) ; 950 (2) ; 898 (2) ; 971 (2) ; 1869 (2) ; 1481 (2) ; 1365 (2) ; 1825 (2) ; 1442 (2) ; 2328 (2) ; 1305 (2) ; 3633 (2) ; 1170 (2) ; 1122 (2) ; 1110 (2) ; 1564 (2) ; 1109 (2) ; 628 (2),628,3633,0,,,,,,,
dhs_possession_moto_velo_region.json,Data,CILow,texte,,0,42,100.0,0,,,,,,,,,,,
dhs_possession_moto_velo_region.json,Data,CIHigh,texte,,0,42,100.0,0,,,,,,,,,,,
dhs_possession_moto_velo_region.json,Data,LevelRank,numérique,,36,6,14.3,1,1 (36),1,1,0,,,,,,,
ehcvm_2021_2022_csv.zip,s00_me_tgo2021.csv,grappe,numérique,,6462,0,0.0,540,1 (12) ; 356 (12) ; 370 (12) ; 369 (12) ; 368 (12) ; …,1,540,0,,,,,,,
ehcvm_2021_2022_csv.zip,s00_me_tgo2021.csv,menage,numérique,,6462,0,0.0,16,1 (478) ; 6 (476) ; 5 (472) ; 7 (472) ; 2 (468) ; 11 (468) ; 12 (467) ; 3 (466) ; 8 (463) ; 4 (462) ; 10 (454) ; 9 (449) ; 14 (236) ; 15 (235) ; 13 (212) ; 16 (184),1,16,0,,,,,,,
ehcvm_2021_2022_csv.zip,s00_me_tgo2021.csv,vague,numérique,,6462,0,0.0,2,1 (3236) ; 2 (3226),1,2,0,,,,,,,
ehcvm_2021_2022_csv.zip,s00_me_tgo2021.csv,s00q01,numérique,,6462,0,0.0,6,6 (1169) ; 4 (1152) ; 5 (1150) ; 2 (1146) ; 1 (984) ; 3 (861),1,6,0,,,,,,,
ehcvm_2021_2022_csv.zip,s00_me_tgo2021.csv,s00q02,numérique,,6462,0,0.0,42,601 (559) ; 501 (396) ; 401 (360) ; 106 (336) ; 602 (286) ; …,101,606,0,,,,,,,
ehcvm_2021_2022_csv.zip,s00_me_tgo2021.csv,s00q04,numérique,,6462,0,0.0,2,2 (4003) ; 1 (2459),1,2,0,,,,,,,
ehcvm_2021_2022_csv.zip,s09b_me_tgo2021.csv,grappe,numérique,,19399,0,0.0,540,353 (53) ; 270 (52) ; 204 (50) ; 464 (50) ; 424 (49) ; …,1,540,0,,,,,,,
ehcvm_2021_2022_csv.zip,s09b_me_tgo2021.csv,menage,numérique,,19399,0,0.0,16,7 (1474) ; 6 (1470) ; 11 (1420) ; 5 (1419) ; 12 (1414) ; 4 (1411) ; 3 (1399) ; 10 (1392) ; 2 (1380) ; 1 (1373) ; 8 (1369) ; 9 (1332) ; 14 (703) ; 15 (684) ; 13 (615) ; 16 (544),1,16,0,,,,,,,
ehcvm_2021_2022_csv.zip,s09b_me_tgo2021.csv,vague,numérique,,19399,0,0.0,2,2 (9859) ; 1 (9540),1,2,0,,,,,,,
ehcvm_2021_2022_csv.zip,s09b_me_tgo2021.csv,s09bq01,numérique,,19399,0,0.0,17,217 (4540) ; 207 (4216) ; 205 (3092) ; 203 (2173) ; 209 (1944) ; 212 (1638) ; 204 (604) ; 210 (471) ; 201 (269) ; 208 (163) ; 202 (115) ; 206 (103) ; 211 (45) ; 216 (16) ; 213 (4) ; 214 (4) ; 215 (2),201,217,0,,,,,contexte,C,Déclaration des ménages ; ligne absente = « non » si la section est remplie ; parts pondérées par zone (03 §5)
ehcvm_2021_2022_csv.zip,s09b_me_tgo2021.csv,s09bq02,numérique,,19399,0,0.0,1,1 (19399),1,1,0,,,,,contexte,C,Déclaration des ménages ; ligne absente = « non » si la section est remplie ; parts pondérées par zone (03 §5)
ehcvm_2021_2022_csv.zip,s09b_me_tgo2021.csv,s09bq03,numérique,,19394,5,0.0,175,1000 (2671) ; 25 (1715) ; 500 (1529) ; 100 (1371) ; 300 (1301) ; …,5,40000,0,,,,,contexte,C,Déclaration des ménages ; ligne absente = « non » si la section est remplie ; parts pondérées par zone (03 §5)
ehcvm_2021_2022_csv.zip,s12_me_tgo2021.csv,grappe,numérique,,33619,0,0.0,540,93 (164) ; 94 (145) ; 91 (136) ; 295 (135) ; 67 (130) ; …,1,540,0,,,,,,,
ehcvm_2021_2022_csv.zip,s12_me_tgo2021.csv,menage,numérique,,33619,0,0.0,16,6 (2550) ; 5 (2412) ; 4 (2380) ; 12 (2380) ; 1 (2373) ; 11 (2362) ; 7 (2338) ; 2 (2325) ; 8 (2318) ; 3 (2296) ; 9 (2288) ; 10 (2264) ; 14 (1456) ; 15 (1409) ; 13 (1292) ; 16 (1176),1,16,0,,,,,,,
ehcvm_2021_2022_csv.zip,s12_me_tgo2021.csv,vague,numérique,,33619,0,0.0,2,2 (17014) ; 1 (16605),1,2,0,,,,,,,
ehcvm_2021_2022_csv.zip,s12_me_tgo2021.csv,s12q01,numérique,,33619,0,0.0,43,35 (5738) ; 4 (4734) ; 3 (3290) ; 19 (2285) ; 13 (2253) ; …,1,45,0,,,,,contexte,C,Déclaration des ménages ; ligne absente = « non » si la section est remplie ; parts pondérées par zone (03 §5)
ehcvm_2021_2022_csv.zip,s12_me_tgo2021.csv,s12q02,numérique,,33619,0,0.0,1,1 (33619),1,1,0,,,,,contexte,C,Déclaration des ménages ; ligne absente = « non » si la section est remplie ; parts pondérées par zone (03 §5)
ehcvm_2021_2022_csv.zip,ehcvm_ponderations_tgo2021.csv,grappe,numérique,,6462,0,0.0,540,103 (12) ; 461 (12) ; 524 (12) ; 474 (12) ; 487 (12) ; …,1,540,0,,,,,,,
ehcvm_2021_2022_csv.zip,ehcvm_ponderations_tgo2021.csv,menage,numérique,,6462,0,0.0,16,1 (478) ; 6 (476) ; 5 (472) ; 7 (472) ; 11 (468) ; 2 (468) ; 12 (467) ; 3 (466) ; 8 (463) ; 4 (462) ; 10 (454) ; 9 (449) ; 14 (236) ; 15 (235) ; 13 (212) ; 16 (184),1,16,0,,,,,,,
ehcvm_2021_2022_csv.zip,ehcvm_ponderations_tgo2021.csv,poids,numérique,,6462,0,0.0,1053,552.461857241527 (12) ; 192.334929219899 (12) ; 167.828983348467 (12) ; 198.024720111565 (12) ; 289.657314891587 (12) ; …,46.6148,2246.35,0,,,,,calcul,sans objet,Pondération de l'enquête
ehcvm_2021_2022_csv.zip,ehcvm_ponderations_tgo2021.csv,s00q01,numérique,,6462,0,0.0,6,6 (1169) ; 4 (1152) ; 5 (1150) ; 2 (1146) ; 1 (984) ; 3 (861),1,6,0,,,,,jointure,sans objet,Zone d'enquête (6 zones)
ehcvm_2021_2022_csv.zip,ehcvm_ponderations_tgo2021.csv,s00q02,numérique,,6462,0,0.0,42,601 (559) ; 501 (396) ; 401 (360) ; 106 (336) ; 602 (286) ; …,101,606,0,,,,,,,
ehcvm_2021_2022_csv.zip,ehcvm_ponderations_tgo2021.csv,s00q04,numérique,,6462,0,0.0,2,2 (4003) ; 1 (2459),1,2,0,,,,,,,
referentiel_prefectures.csv,—,Code HDX,texte,,39,0,0.0,39,TG0101 (1) ; TG0408 (1) ; TG0401 (1) ; TG0411 (1) ; TG0404 (1) ; …,,,,,,,,référentiel,sans objet,Référentiel arrêté au 03 (R-01)
referentiel_prefectures.csv,—,Préfecture,texte,,39,0,0.0,39,Blitta (1) ; Moyen-Mono (1) ; Amou (1) ; Anié (1) ; Danyi (1) ; …,,,,,,,,référentiel,sans objet,Référentiel arrêté au 03 (R-01)
referentiel_prefectures.csv,—,Région,texte,,39,0,0.0,5,Plateaux (12) ; Maritime (8) ; Kara (7) ; Savanes (7) ; Centrale (5),,,,,,,,référentiel,sans objet,Référentiel arrêté au 03 (R-01)
referentiel_prefectures.csv,—,Zone,texte,,39,0,0.0,6,Plateaux (12) ; Kara (7) ; Savanes (7) ; Maritime hors Grand Lomé (6) ; Centrale (5) ; Grand Lomé (2),,,,,,,,référentiel,sans objet,Référentiel arrêté au 03 (R-01)
referentiel_prefectures.csv,—,Nom routes classées (D5),texte,,38,1,2.6,38,Blitta (1) ; Moyen-Mono (1) ; Amou (1) ; Anié (1) ; Danyi (1) ; …,,,,,,,,référentiel,sans objet,Référentiel arrêté au 03 (R-01)
referentiel_prefectures.csv,—,Nom auto-écoles (D6),texte,,24,15,38.5,24,Blitta (1) ; Sotouboua (1) ; Oti (1) ; Cinkassé (1) ; Wawa (1) ; Ogou (1) ; Kpélé (1) ; Kloto (1) ; Anié (1) ; Amou (1) ; Agou (1) ; Zio (1) ; Yoto (1) ; Vo (1) ; Lacs (1) ; Golfe (1) ; Bas-Mono (1) ; Agoè-Nyivé (1) ; Kozah (1) ; Bassar (1) ; Assoli (1) ; Tchaoudjo (1) ; Tchamba (1) ; Tône (1),,,,,,,,référentiel,sans objet,Référentiel arrêté au 03 (R-01)
referentiel_prefectures.csv,—,Nom recensement CSV (D7),texte,,39,0,0.0,39,BLITTA (1) ; MOYEN-MONO (1) ; AMOU (1) ; ANIE (1) ; DANYI (1) ; …,,,,,,,,référentiel,sans objet,Référentiel arrêté au 03 (R-01)
referentiel_prefectures.csv,—,Nom Livret 02 (D7),texte,,39,0,0.0,39,Blitta (1) ; Moyen-Mono (1) ; Amou (1) ; Anié (1) ; Danyi (1) ; …,,,,,,,,référentiel,sans objet,Référentiel arrêté au 03 (R-01)
referentiel_prefectures.csv,—,Nom HDX (D8),texte,,39,0,0.0,39,Blitta (1) ; Moyen-Mono (1) ; Amou (1) ; Anie (1) ; Danyi (1) ; …,,,,,,,,référentiel,sans objet,Référentiel arrêté au 03 (R-01)
referentiel_prefectures.csv,—,Codes HDX regroupés,texte,,39,0,0.0,39,TG0101 (1) ; TG0408 (1) ; TG0401 (1) ; TG0411 (1) ; TG0404 (1) ; …,,,,,,,,référentiel,sans objet,Référentiel arrêté au 03 (R-01)
referentiel_prefectures.csv,—,Remarque,texte,,9,30,76.9,9,"HDX « Plaine du Mo » (TG0102) : ancien nom de Mô ; aucun tr… (1) ; libellé « SOTOUBOUA » présent 2 fois dans le recensement CS… (1) ; libellé « TCHAMBA » présent 2 fois dans le recensement CSV … (1) ; libellé « BASSAR » présent 2 fois dans le recensement CSV (… (1) ; libellé « TOTOAL AVE » dans le recensement CSV (coquille) (1) ; HDX « Lome Commune » (TG0305) : fusionnée avec Golfe, car L… (1) ; libellé « ANIE » présent 2 fois dans le recensement CSV (pr… (1) ; libellé « CINKASSE » présent 2 fois dans le recensement CSV… (1) ; HDX « Naki-Ouest » (TG0518) : rattachée à Kpendjal-Ouest pa… (1)",,,,,,,,référentiel,sans objet,Référentiel arrêté au 03 (R-01)
chronologie_reformes.csv,—,Date,texte,,10,0,0.0,10,2013-06-07 (1) ; 2016-01-31 (1) ; 2019 (1) ; 2019-09-20 (1) ; 2022-03-26 (1) ; 2022-07-25 (1) ; 2023 (1) ; 2023-08-14 (1) ; 2023-11-05 (1) ; 2026-03-26 (1),,,,,,,,contexte,sans objet,"Table compilée, une source par ligne : pas une mesure"
chronologie_reformes.csv,—,Type,texte,,10,0,0.0,7,Traité (2) ; Campagne (2) ; Mesure (2) ; Loi (1) ; Institution (1) ; Décret (1) ; État des lois (1),,,,,,,,,,
chronologie_reformes.csv,—,Mesure,texte,,10,0,0.0,10,"Loi n° 2013-011 portant code de la route : ceinture, casque… (1) ; Adoption de la Charte africaine de la sécurité routière par… (1) ; Campagne d’immatriculation des motos menée par l’Office tog… (1) ; Permis obligatoire pour les conducteurs de moto (saisie de … (1) ; Décret de création de l’Office national de la sécurité rout… (1) ; Décret n° 2022-085/PR fixant les modalités d’application du… (1) ; Selon l’OMS : casque obligatoire sans obligation de l’attac… (1) ; Début des contrôles du casque pour les passagers de moto ; … (1) ; Tournée nationale d’immatriculation des motos de la DTRF, d… (1) ; Entrée en vigueur de la Charte africaine de la sécurité rou… (1)",,,,,,,,contexte,sans objet,"Table compilée, une source par ligne : pas une mesure"
chronologie_reformes.csv,—,Séries concernées,texte,,10,0,0.0,4,"O2 (4) ; O1 (3) ; O1, O2 (2) ; O2, O5 (1)",,,,,,,,,,
chronologie_reformes.csv,—,Source,texte,,10,0,0.0,9,"Togo First, 16 octobre 2023 (2) ; Journal officiel de la République togolaise, 7 juin 2013 (1) ; Union africaine (texte de la Charte) (1) ; Agence Ecofin, septembre 2019 ; VOA Afrique, 14 août 2019 (1) ; Togo First, 28 mars 2022 (1) ; GAPOLA, 20 février 2023 ; Elite d’Afrique, 25 juillet 2022 (1) ; OMS, rapport mondial sur la sécurité routière 2023, profil … (1) ; MediaTogo, 11 août 2023 (1) ; OMS, 26 mars 2026 (1)",,,,,,,,,,
chronologie_reformes.csv,—,URL,texte,,10,0,0.0,9,https://www.togofirst.com/fr/transport/1610-12726-togo-gran… (2) ; http://legitogo.gouv.tg/be/wp-content/uploads/2017/03/Pages… (1) ; https://new.kenyalaw.org/akn/aa-au/act/charter/2016/road-sa… (1) ; https://www.agenceecofin.com/transports/0509-68953-togo-le-… (1) ; https://www.togofirst.com/fr/securite/2803-9670-face-aux-ac… (1) ; https://gapola.tg/togo-ces-permis-de-conduire-autorises-et-… (1) ; https://cdn.who.int/media/docs/default-source/country-profi… (1) ; https://mediatogo.info/2023/08/11/togo-le-port-du-casque-de… (1) ; https://www.who.int/news/item/26-03-2026-african-road-safet… (1),,,,,,,,,,
ages_minimaux_permis.csv,—,Catégorie,texte,,6,0,0.0,6,A (1) ; B (1) ; C (1) ; D (1) ; E (1) ; F (1),,,,,,,,,,
ages_minimaux_permis.csv,—,Véhicules,texte,,6,0,0.0,6,"Motocyclettes, vélomoteurs, cyclomoteurs, tricycles et quad… (1) ; Transport de personnes, 8 places assises au plus outre le c… (1) ; Transport de marchandises ou de matériels, plus de 3 500 kg… (1) ; Transport de personnes, plus de 3 500 kg ou plus de 9 perso… (1) ; Véhicules B, C ou D attelés d’une remorque ou d’une semi-re… (1) ; Véhicules spéciaux : véhicules B aménagés pour les personne… (1)",,,,,,,,,,
ages_minimaux_permis.csv,—,Âge minimal,numérique,,6,0,0.0,2,18 (4) ; 21 (2),18,21,0,,,,,calcul,C,"Décret n° 2022-085/PR depuis août 2022, non documenté avant : C sur la série 2007–2024 ; niveau par ligne dans la table"
ages_minimaux_permis.csv,—,Niveau de preuve,texte,,6,0,0.0,3,"A depuis août 2022, C avant (4) ; C (1) ; B depuis août 2022, C avant (1)",,,,,,,,,,
ages_minimaux_permis.csv,—,Source,texte,,6,0,0.0,3,"Décret n° 2022-085/PR du 3 août 2022, art. 9 (JO n° 41 bis … (4) ; Décret n° 2022-085/PR du 3 août 2022, art. 9 (JO n° 41 bis … (1) ; Décret n° 2022-085/PR du 3 août 2022, art. 9 et 12 (JO n° 4… (1)",,,,,,,,,,
ages_minimaux_permis.csv,—,URL,texte,,6,0,0.0,1,https://jo.gouv.tg/sites/default/files/JO/JOS_07_10_2022%20… (6),,,,,,,,,,
