FID,Nom,Statut,Comptée (R-12),Adresse,Jours d'ouverture,Localité,Canton,Commune,Préfecture déclarée,Préfecture,Région,Zone,x_utm,y_utm,lon,lat,Année,Source,Niveau
_mview_entreprisesvariees_entreprises_variees.fid-7111a9c0_19415ae4b4d_720d,Auto-école Nouvelle,Agréée,True,,"{lundi,mardi,mercredi,jeudi,vendredi,samedi}",Didaure,Sokodè (Komah),Tchaoudjo 1,Tchaoudjo,Tchaoudjo,Centrale,Centrale,295307.2,993509.3,1.1381,8.983155,collecte 2021-2022,"auto-écoles (D6), préfecture par le polygone (R-01)","A (comptage) ; C (offre, activité non vérifiée)"
_mview_entreprisesvariees_entreprises_variees.fid-7111a9c0_19415ae4b4d_720e,Auto-école la Prudence Pagala Gare,Non agréée,False,,"{lundi,mardi,mercredi,jeudi,vendredi,samedi}",Pagala Gare,Pagala-Gare,Blitta 1,Blitta,Blitta,Centrale,Centrale,278336.4,904480.1,0.988038,8.17755,collecte 2021-2022,"auto-écoles (D6), préfecture par le polygone (R-01)","A (comptage) ; C (offre, activité non vérifiée)"
_mview_entreprisesvariees_entreprises_variees.fid-7111a9c0_19415ae4b4d_720f,Auto-école la Nouvelle Blitta,Non agréée,False,BP 09 Blitta,"{mardi,mercredi,jeudi,vendredi,samedi,dimanche}",Blitta Dépôt,Blitta,Blitta 1,Blitta,Blitta,Centrale,Centrale,277862.3,921144.2,0.982973,8.328169,collecte 2021-2022,"auto-écoles (D6), préfecture par le polygone (R-01)","A (comptage) ; C (offre, activité non vérifiée)"
_mview_entreprisesvariees_entreprises_variees.fid-7111a9c0_19415ae4b4d_7210,Auto-école Pugnus Dei Sotouboua,Antenne agréée,True,70158479/96857921,"{lundi,mardi,mercredi,jeudi,vendredi,samedi}",Sotouboua (grand Marché),Sotouboua,Sotouboua 1,Sotouboua,Sotouboua,Centrale,Centrale,278216.0,946501.7,0.984993,8.55741,collecte 2021-2022,"auto-écoles (D6), préfecture par le polygone (R-01)","A (comptage) ; C (offre, activité non vérifiée)"
_mview_entreprisesvariees_entreprises_variees.fid-7111a9c0_19415ae4b4d_7211,Auto-école le leader Sotouboua,Non agréée,False,90788065,"{lundi,mardi,mercredi,jeudi,vendredi,samedi}",Sotouboua (kpétéyo),Sotouboua,Sotouboua 1,Sotouboua,Sotouboua,Centrale,Centrale,278487.8,946548.6,0.98746,8.557847,collecte 2021-2022,"auto-écoles (D6), préfecture par le polygone (R-01)","A (comptage) ; C (offre, activité non vérifiée)"
_mview_entreprisesvariees_entreprises_variees.fid-7111a9c0_19415ae4b4d_7212,Auto-école les Intègres,Non agréée,False,22466479/91169631,"{lundi,mardi,mercredi,jeudi,vendredi,samedi}",Sotouboua (lawaye),Sotouboua,Sotouboua 1,Sotouboua,Sotouboua,Centrale,Centrale,277540.4,947331.4,0.978818,8.564878,collecte 2021-2022,"auto-écoles (D6), préfecture par le polygone (R-01)","A (comptage) ; C (offre, activité non vérifiée)"
_mview_entreprisesvariees_entreprises_variees.fid-7111a9c0_19415ae4b4d_7213,Auto-école la Référence Sotouboua,Antenne agréée,True,90770970,"{lundi,mardi,mercredi,jeudi,vendredi,samedi}",Sotouboua (zongo),Sotouboua,Sotouboua 1,Sotouboua,Sotouboua,Centrale,Centrale,277201.8,946864.7,0.975766,8.560644,collecte 2021-2022,"auto-écoles (D6), préfecture par le polygone (R-01)","A (comptage) ; C (offre, activité non vérifiée)"
_mview_entreprisesvariees_entreprises_variees.fid-7111a9c0_19415ae4b4d_7214,Auto-école,Non agréée,False,,,Adeta,Kpélé-Novivé,Kpélé 1,Kpélé,Kpélé,Plateaux,Plateaux,249243.2,788799.8,0.729644,7.130569,collecte 2021-2022,"auto-écoles (D6), préfecture par le polygone (R-01)","A (comptage) ; C (offre, activité non vérifiée)"
_mview_entreprisesvariees_entreprises_variees.fid-7111a9c0_19415ae4b4d_7215,Auto-école la Nouvelle Wassouwa,Non agréée,False,90981828/98393151,"{lundi,mardi,mercredi,jeudi,vendredi,samedi}",Wassouwa,Tchamba,Tchamba 1,Tchamba,Tchamba,Centrale,Centrale,326650.4,998156.7,1.422937,9.026503,collecte 2021-2022,"auto-écoles (D6), préfecture par le polygone (R-01)","A (comptage) ; C (offre, activité non vérifiée)"
_mview_entreprisesvariees_entreprises_variees.fid-7111a9c0_19415ae4b4d_7216,Auto-école la Nouvelle Djama,Non agréée,False,90981828/98393151,"{lundi,mardi,mercredi,jeudi,vendredi,samedi}",Djama,Kaboli,Tchamba 3,Tchamba,Tchamba,Centrale,Centrale,344522.5,967616.9,1.586553,8.751013,collecte 2021-2022,"auto-écoles (D6), préfecture par le polygone (R-01)","A (comptage) ; C (offre, activité non vérifiée)"
_mview_entreprisesvariees_entreprises_variees.fid-7111a9c0_19415ae4b4d_7217,Auto-école à Dieu la Gloire Akamadé,Antenne agréée,True,,"{lundi,mardi,mercredi,jeudi,samedi}",Akamade,Sokodè (Komah),Tchaoudjo 1,Tchaoudjo,Tchaoudjo,Centrale,Centrale,292954.3,994269.6,1.11667,8.98992,collecte 2021-2022,"auto-écoles (D6), préfecture par le polygone (R-01)","A (comptage) ; C (offre, activité non vérifiée)"
_mview_entreprisesvariees_entreprises_variees.fid-7111a9c0_19415ae4b4d_7218,Auto-école l'Identite,Agréée,True,,,Lomegan,Bè-Ouest,Golfe 3,Golfe,Golfe,Maritime,Grand Lomé,301435.3,683658.2,1.20547,6.182,collecte 2021-2022,"auto-écoles (D6), préfecture par le polygone (R-01)","A (comptage) ; C (offre, activité non vérifiée)"
_mview_entreprisesvariees_entreprises_variees.fid-7111a9c0_19415ae4b4d_7219,Auto-école Mawena,Non agréée,False,,"{lundi,mardi,mercredi,jeudi,vendredi,samedi}",Tchawanda,Sokodè (Komah),Tchaoudjo 1,Tchaoudjo,Tchaoudjo,Centrale,Centrale,294755.0,993976.8,1.133058,8.987356,collecte 2021-2022,"auto-écoles (D6), préfecture par le polygone (R-01)","A (comptage) ; C (offre, activité non vérifiée)"
_mview_entreprisesvariees_entreprises_variees.fid-7111a9c0_19415ae4b4d_721a,Auto-école Sourou,Non agréée,False,,,Komah 2,Sokodè (Komah),Tchaoudjo 1,Tchaoudjo,Tchaoudjo,Centrale,Centrale,295961.8,992837.8,1.144083,8.977115,collecte 2021-2022,"auto-écoles (D6), préfecture par le polygone (R-01)","A (comptage) ; C (offre, activité non vérifiée)"
_mview_entreprisesvariees_entreprises_variees.fid-7111a9c0_19415ae4b4d_721b,Auto-école Luli,Non agréée,False,Agodeké,"{jeudi, lundi, mardi, mercredi, samedi, vendredi}",Kpogan,Baguida,Golfe 6,Golfe,Golfe,Maritime,Grand Lomé,319586.0,684119.6,1.369447,6.1867,collecte 2021-2022,"auto-écoles (D6), préfecture par le polygone (R-01)","A (comptage) ; C (offre, activité non vérifiée)"
_mview_entreprisesvariees_entreprises_variees.fid-7111a9c0_19415ae4b4d_721c,Auto-école Tu es Mon Berger,Non agréée,False,,"{jeudi, lundi, mardi, mercredi, samedi, vendredi}",Avepozo,Baguida,Golfe 6,Golfe,Golfe,Maritime,Grand Lomé,317398.9,683359.8,1.349707,6.179768,collecte 2021-2022,"auto-écoles (D6), préfecture par le polygone (R-01)","A (comptage) ; C (offre, activité non vérifiée)"
_mview_entreprisesvariees_entreprises_variees.fid-7111a9c0_19415ae4b4d_721d,Auto-école Damaris Avépozo,Antenne agréée,True,,"{jeudi, lundi, mardi, mercredi, samedi, vendredi}",Avekpozo,Baguida,Golfe 6,Golfe,Golfe,Maritime,Grand Lomé,316793.8,682235.8,1.344272,6.169588,collecte 2021-2022,"auto-écoles (D6), préfecture par le polygone (R-01)","A (comptage) ; C (offre, activité non vérifiée)"
_mview_entreprisesvariees_entreprises_variees.fid-7111a9c0_19415ae4b4d_721e,Auto-école Shalom Paix,Agréée,True,,"{jeudi, lundi, mardi, mercredi, vendredi}",Baguida,Baguida,Golfe 6,Golfe,Golfe,Maritime,Grand Lomé,312772.3,681036.4,1.307972,6.158628,collecte 2021-2022,"auto-écoles (D6), préfecture par le polygone (R-01)","A (comptage) ; C (offre, activité non vérifiée)"
_mview_entreprisesvariees_entreprises_variees.fid-7111a9c0_19415ae4b4d_721f,Auto-école  Shalom,Non agréée,False,Avepozo Mawuvi,"{jeudi, lundi, mardi, mercredi, samedi, vendredi}",Avepozo Mawuvi,Baguida,Golfe 6,Golfe,Golfe,Maritime,Grand Lomé,316119.0,683058.3,1.338152,6.177007,collecte 2021-2022,"auto-écoles (D6), préfecture par le polygone (R-01)","A (comptage) ; C (offre, activité non vérifiée)"
_mview_entreprisesvariees_entreprises_variees.fid-7111a9c0_19415ae4b4d_7220,Auto-école le Rocher,Non agréée,False,,"{jeudi, lundi, mardi, mercredi, vendredi}",Agodeke,Baguida,Golfe 6,Golfe,Golfe,Maritime,Grand Lomé,319297.7,682998.2,1.366873,6.176552,collecte 2021-2022,"auto-écoles (D6), préfecture par le polygone (R-01)","A (comptage) ; C (offre, activité non vérifiée)"
_mview_entreprisesvariees_entreprises_variees.fid-7111a9c0_19415ae4b4d_7221,Auto-école Bon Berger,Non agréée,False,,"{jeudi, lundi, mardi, mercredi, samedi, vendredi}",Baguida,Baguida,Golfe 6,Golfe,Golfe,Maritime,Grand Lomé,314859.6,682492.6,1.326789,6.171855,collecte 2021-2022,"auto-écoles (D6), préfecture par le polygone (R-01)","A (comptage) ; C (offre, activité non vérifiée)"
_mview_entreprisesvariees_entreprises_variees.fid-7111a9c0_19415ae4b4d_7222,Auto-école le Savoir,Agréée,True,,"{jeudi, lundi, mardi, mercredi, samedi, vendredi}",Agoe Zongo,Togblekope,Agoè-Nyivé 4,Agoè-Nyivé,Agoè-Nyivé,Maritime,Grand Lomé,301988.9,693410.4,1.210173,6.270194,collecte 2021-2022,"auto-écoles (D6), préfecture par le polygone (R-01)","A (comptage) ; C (offre, activité non vérifiée)"
_mview_entreprisesvariees_entreprises_variees.fid-7111a9c0_19415ae4b4d_7223,Auto-école Nzambe-Nzambe Agoè,Antenne agréée,True,,"{jeudi, lundi, mardi, mercredi, samedi, vendredi}",Agoe Zongo,Agoè-Nyivé,Agoè-Nyivé 1,Agoè-Nyivé,Agoè-Nyivé,Maritime,Grand Lomé,301798.2,691393.5,1.208512,6.251952,collecte 2021-2022,"auto-écoles (D6), préfecture par le polygone (R-01)","A (comptage) ; C (offre, activité non vérifiée)"
_mview_entreprisesvariees_entreprises_variees.fid-7111a9c0_19415ae4b4d_7224,Auto-école la Vie,Non agréée,False,,"{jeudi, lundi, mardi, mercredi, samedi, vendredi}",Zilidji,Togblekope,Agoè-Nyivé 4,Agoè-Nyivé,Agoè-Nyivé,Maritime,Grand Lomé,300771.6,692168.5,1.199212,6.258927,collecte 2021-2022,"auto-écoles (D6), préfecture par le polygone (R-01)","A (comptage) ; C (offre, activité non vérifiée)"
_mview_entreprisesvariees_entreprises_variees.fid-7111a9c0_19415ae4b4d_7225,Auto-école Alito École,Non agréée,False,,,Haoussa Zongo,Togblekope,Agoè-Nyivé 4,Agoè-Nyivé,Agoè-Nyivé,Maritime,Grand Lomé,301551.7,691761.7,1.206273,6.255273,collecte 2021-2022,"auto-écoles (D6), préfecture par le polygone (R-01)","A (comptage) ; C (offre, activité non vérifiée)"
_mview_entreprisesvariees_entreprises_variees.fid-7111a9c0_19415ae4b4d_7226,Centre D'Instruction Routiere Togo,Non renseigné,False,16 BP 582,"{jeudi, lundi, mardi, mercredi, samedi, vendredi}",Demakpoe,Agoè-Nyivé,Agoè-Nyivé 1,Agoè-Nyivé,Agoè-Nyivé,Maritime,Grand Lomé,300229.6,690435.2,1.194368,6.243238,collecte 2021-2022,"auto-écoles (D6), préfecture par le polygone (R-01)","A (comptage) ; C (offre, activité non vérifiée)"
_mview_entreprisesvariees_entreprises_variees.fid-7111a9c0_19415ae4b4d_7227,Auto-école la Sainte Etoile,Non agréée,False,,,Telessou,Agoè-Nyivé,Agoè-Nyivé 1,Agoè-Nyivé,Agoè-Nyivé,Maritime,Grand Lomé,298948.4,687661.9,1.182878,6.218123,collecte 2021-2022,"auto-écoles (D6), préfecture par le polygone (R-01)","A (comptage) ; C (offre, activité non vérifiée)"
_mview_entreprisesvariees_entreprises_variees.fid-7111a9c0_19415ae4b4d_7228,Auto-école MKAF Togo,Agréée,True,01 BP 1676,,Gbonve,Agoè-Nyivé,Agoè-Nyivé 1,Agoè-Nyivé,Agoè-Nyivé,Maritime,Grand Lomé,299461.8,687524.2,1.187521,6.216894,collecte 2021-2022,"auto-écoles (D6), préfecture par le polygone (R-01)","A (comptage) ; C (offre, activité non vérifiée)"
_mview_entreprisesvariees_entreprises_variees.fid-7111a9c0_19415ae4b4d_7229,Auto-école du Golfe Klévé,Agréée,True,,"{jeudi, lundi, mardi, mercredi, samedi, vendredi}",Kleve,Agoè-Nyivé,Agoè-Nyivé 1,Agoè-Nyivé,Agoè-Nyivé,Maritime,Grand Lomé,300637.5,688094.5,1.198126,6.222087,collecte 2021-2022,"auto-écoles (D6), préfecture par le polygone (R-01)","A (comptage) ; C (offre, activité non vérifiée)"
_mview_entreprisesvariees_entreprises_variees.fid-7111a9c0_19415ae4b4d_722a,Auto-école Oumar,Non agréée,False,,,Sorade,Agoè-Nyivé,Agoè-Nyivé 1,Agoè-Nyivé,Agoè-Nyivé,Maritime,Grand Lomé,302121.3,689206.6,1.211498,6.232188,collecte 2021-2022,"auto-écoles (D6), préfecture par le polygone (R-01)","A (comptage) ; C (offre, activité non vérifiée)"
_mview_entreprisesvariees_entreprises_variees.fid-7111a9c0_19415ae4b4d_722b,Auto-école Korgo,Agréée,True,,,Atchanve,Agoè-Nyivé,Agoè-Nyivé 1,Agoè-Nyivé,Agoè-Nyivé,Maritime,Grand Lomé,302499.1,688405.7,1.214936,6.224958,collecte 2021-2022,"auto-écoles (D6), préfecture par le polygone (R-01)","A (comptage) ; C (offre, activité non vérifiée)"
_mview_entreprisesvariees_entreprises_variees.fid-7111a9c0_19415ae4b4d_722c,Auto-école le Courage,Non agréée,False,,"{jeudi, lundi, mardi, mercredi, samedi, vendredi}",Anokoui,Agoè-Nyivé,Agoè-Nyivé 1,Agoè-Nyivé,Agoè-Nyivé,Maritime,Grand Lomé,298631.6,690460.1,1.179928,6.243413,collecte 2021-2022,"auto-écoles (D6), préfecture par le polygone (R-01)","A (comptage) ; C (offre, activité non vérifiée)"
_mview_entreprisesvariees_entreprises_variees.fid-7111a9c0_19415ae4b4d_722d,Auto-école du Golfe Adétikopé,Antenne agréée,True,90036506/90159906,"{jeudi, lundi, mardi, mercredi, samedi, vendredi}",Adeticope,Adétikopé,Agoè-Nyivé 6,Agoè-Nyivé,Agoè-Nyivé,Maritime,Grand Lomé,302915.4,699553.1,1.218355,6.325763,collecte 2021-2022,"auto-écoles (D6), préfecture par le polygone (R-01)","A (comptage) ; C (offre, activité non vérifiée)"
_mview_entreprisesvariees_entreprises_variees.fid-7111a9c0_19415ae4b4d_722e,Auto-école les Elus de Dieu,Non agréée,False,Téléssou,"{jeudi, lundi, mardi, mercredi, samedi, vendredi}",Telessou,Agoè-Nyivé,Agoè-Nyivé 1,Agoè-Nyivé,Agoè-Nyivé,Maritime,Grand Lomé,298080.4,688498.2,1.17501,6.225658,collecte 2021-2022,"auto-écoles (D6), préfecture par le polygone (R-01)","A (comptage) ; C (offre, activité non vérifiée)"
_mview_entreprisesvariees_entreprises_variees.fid-7111a9c0_19415ae4b4d_722f,Auto-école Sous les Ailes de Dieu Anomé,Antenne agréée,True,Anome,"{jeudi, lundi, mardi, mercredi, samedi, vendredi}",Anome,Agoè-Nyivé,Agoè-Nyivé 1,Agoè-Nyivé,Agoè-Nyivé,Maritime,Grand Lomé,299149.3,687425.4,1.184701,6.215991,collecte 2021-2022,"auto-écoles (D6), préfecture par le polygone (R-01)","A (comptage) ; C (offre, activité non vérifiée)"
_mview_entreprisesvariees_entreprises_variees.fid-7111a9c0_19415ae4b4d_7230,Auto-école du Golfe Carefour bleu,Agréée,True,Carrefour Bleu,"{jeudi, lundi, mardi, mercredi, samedi, vendredi}",Carrefour Bleu,Agoè-Nyivé,Agoè-Nyivé 1,Agoè-Nyivé,Agoè-Nyivé,Maritime,Grand Lomé,301426.3,688466.3,1.205242,6.225473,collecte 2021-2022,"auto-écoles (D6), préfecture par le polygone (R-01)","A (comptage) ; C (offre, activité non vérifiée)"
_mview_entreprisesvariees_entreprises_variees.fid-7111a9c0_19415ae4b4d_7231,Auto-école Sissonne,Non agréée,False,Atchanvé,"{jeudi, lundi, mardi, mercredi, samedi, vendredi}",Atchanve,Agoè-Nyivé,Agoè-Nyivé 1,Agoè-Nyivé,Agoè-Nyivé,Maritime,Grand Lomé,302084.0,688854.3,1.211172,6.229002,collecte 2021-2022,"auto-écoles (D6), préfecture par le polygone (R-01)","A (comptage) ; C (offre, activité non vérifiée)"
_mview_entreprisesvariees_entreprises_variees.fid-7111a9c0_19415ae4b4d_7232,Auto-école Caba,Non agréée,False,Sorade,"{jeudi, lundi, mardi, mercredi, samedi, vendredi}",Sorade,Agoè-Nyivé,Agoè-Nyivé 1,Agoè-Nyivé,Agoè-Nyivé,Maritime,Grand Lomé,302268.9,689068.1,1.212836,6.23094,collecte 2021-2022,"auto-écoles (D6), préfecture par le polygone (R-01)","A (comptage) ; C (offre, activité non vérifiée)"
_mview_entreprisesvariees_entreprises_variees.fid-7111a9c0_19415ae4b4d_7233,Auto-école defi Focus,Non agréée,False,Adjougba,"{jeudi, lundi, mardi, mercredi, samedi, vendredi}",Adjougba,Agoè-Nyivé,Agoè-Nyivé 1,Agoè-Nyivé,Agoè-Nyivé,Maritime,Grand Lomé,303284.4,688558.4,1.222027,6.226363,collecte 2021-2022,"auto-écoles (D6), préfecture par le polygone (R-01)","A (comptage) ; C (offre, activité non vérifiée)"
_mview_entreprisesvariees_entreprises_variees.fid-7111a9c0_19415ae4b4d_7234,Auto-école les Experts,Non agréée,False,Aucune,"{jeudi, lundi, mardi, mercredi, samedi, vendredi}",Adewi,Adétikopé,Agoè-Nyivé 6,Agoè-Nyivé,Agoè-Nyivé,Maritime,Grand Lomé,303272.1,698386.7,1.221615,6.315228,collecte 2021-2022,"auto-écoles (D6), préfecture par le polygone (R-01)","A (comptage) ; C (offre, activité non vérifiée)"
_mview_entreprisesvariees_entreprises_variees.fid-7111a9c0_19415ae4b4d_7235,Auto-école ma Reussite Annexe Amarinta,Non agréée,False,,,Amarinta,Sanguera,Agoè-Nyivé 5,Agoè-Nyivé,Agoè-Nyivé,Maritime,Grand Lomé,294255.3,690940.8,1.140372,6.247622,collecte 2021-2022,"auto-écoles (D6), préfecture par le polygone (R-01)","A (comptage) ; C (offre, activité non vérifiée)"
_mview_entreprisesvariees_entreprises_variees.fid-7111a9c0_19415ae4b4d_7236,Auto-école TNI (Togo Nouvelle Impression) Cacavéli,Antenne agréée,True,92648819/97702424,"{jeudi, lundi, mardi, mercredi, samedi, vendredi}",Cacaveli,Agoè-Nyivé,Agoè-Nyivé 1,Agoè-Nyivé,Agoè-Nyivé,Maritime,Grand Lomé,300754.2,686900.5,1.199217,6.211295,collecte 2021-2022,"auto-écoles (D6), préfecture par le polygone (R-01)","A (comptage) ; C (offre, activité non vérifiée)"
_mview_entreprisesvariees_entreprises_variees.fid-7111a9c0_19415ae4b4d_7237,Auto-école MHJH,Non agréée,False,,"{jeudi, lundi, mardi, mercredi, samedi, vendredi}",Avenou,Aflao-Gakli,Golfe 5,Golfe,Golfe,Maritime,Grand Lomé,299870.5,682652.9,1.191363,6.172862,collecte 2021-2022,"auto-écoles (D6), préfecture par le polygone (R-01)","A (comptage) ; C (offre, activité non vérifiée)"
_mview_entreprisesvariees_entreprises_variees.fid-7111a9c0_19415ae4b4d_7238,Auto-école Baptrans,Agréée,True,12 BP 278 Lome,"{jeudi, lundi, mardi, mercredi, vendredi}",Soviepe,Aflao-Gakli,Golfe 5,Golfe,Golfe,Maritime,Grand Lomé,298675.8,683208.8,1.180553,6.177851,collecte 2021-2022,"auto-écoles (D6), préfecture par le polygone (R-01)","A (comptage) ; C (offre, activité non vérifiée)"
_mview_entreprisesvariees_entreprises_variees.fid-7111a9c0_19415ae4b4d_7239,Auto-école du Golfe Legbasokpé,Agréée,True,,"{jeudi, lundi, mardi, mercredi, samedi, vendredi}",Legbasokpe,Légbassito,Agoè-Nyivé 2,Agoè-Nyivé,Agoè-Nyivé,Maritime,Grand Lomé,296819.0,692337.2,1.163492,6.260329,collecte 2021-2022,"auto-écoles (D6), préfecture par le polygone (R-01)","A (comptage) ; C (offre, activité non vérifiée)"
_mview_entreprisesvariees_entreprises_variees.fid-7111a9c0_19415ae4b4d_723a,Auto-école Winner Sogbossito,Non agréée,False,,"{jeudi, lundi, mardi, mercredi, samedi, vendredi}",Sogbossito,Agoè-Nyivé,Agoè-Nyivé 1,Agoè-Nyivé,Agoè-Nyivé,Maritime,Grand Lomé,297131.5,692030.0,1.166325,6.257562,collecte 2021-2022,"auto-écoles (D6), préfecture par le polygone (R-01)","A (comptage) ; C (offre, activité non vérifiée)"
_mview_entreprisesvariees_entreprises_variees.fid-7111a9c0_19415ae4b4d_723b,Auto-école St Kotey,Non agréée,False,90789684/98796009,"{jeudi, lundi, mardi, mercredi, samedi, vendredi}",Vakpossito Telessou,Vakpossito,Agoè-Nyivé 3,Agoè-Nyivé,Agoè-Nyivé,Maritime,Grand Lomé,297554.7,687597.0,1.170288,6.217493,collecte 2021-2022,"auto-écoles (D6), préfecture par le polygone (R-01)","A (comptage) ; C (offre, activité non vérifiée)"
_mview_entreprisesvariees_entreprises_variees.fid-7111a9c0_19415ae4b4d_723c,Auto-école J.le Rocher,Agréée,True,BP S/c3408,"{jeudi, lundi, mardi, mercredi, samedi, vendredi}",Djidjolé,Aflao-Gakli,Golfe 5,Golfe,Golfe,Maritime,Grand Lomé,299921.2,684509.5,1.191765,6.18965,collecte 2021-2022,"auto-écoles (D6), préfecture par le polygone (R-01)","A (comptage) ; C (offre, activité non vérifiée)"
_mview_entreprisesvariees_entreprises_variees.fid-7111a9c0_19415ae4b4d_723d,Auto-école BAMB-SIS Agbalédogan,Agréée,True,,"{jeudi, lundi, mardi, mercredi, samedi, vendredi}",Agbalédogan,Agoè-Nyivé,Agoè-Nyivé 1,Agoè-Nyivé,Agoè-Nyivé,Maritime,Grand Lomé,300535.2,685828.2,1.197271,6.201593,collecte 2021-2022,"auto-écoles (D6), préfecture par le polygone (R-01)","A (comptage) ; C (offre, activité non vérifiée)"
_mview_entreprisesvariees_entreprises_variees.fid-7111a9c0_19415ae4b4d_723e,Auto-école  Saint Christophe Agbalépédo,Agréée,True,,"{jeudi, lundi, mardi, mercredi, vendredi}",Agbalepedo,Aflao-Gakli,Golfe 5,Golfe,Golfe,Maritime,Grand Lomé,300444.2,685662.5,1.196455,6.200091,collecte 2021-2022,"auto-écoles (D6), préfecture par le polygone (R-01)","A (comptage) ; C (offre, activité non vérifiée)"
_mview_entreprisesvariees_entreprises_variees.fid-7111a9c0_19415ae4b4d_723f,Auto-école le Gold,Non agréée,False,,"{jeudi, lundi, mardi, mercredi, vendredi}",Djidjole,Aflao-Gakli,Golfe 5,Golfe,Golfe,Maritime,Grand Lomé,300483.7,683735.0,1.19687,6.182665,collecte 2021-2022,"auto-écoles (D6), préfecture par le polygone (R-01)","A (comptage) ; C (offre, activité non vérifiée)"
_mview_entreprisesvariees_entreprises_variees.fid-7111a9c0_19415ae4b4d_7240,Auto-école ma Reussite Téléssou,Non agréée,False,90974929/99510494,"{jeudi, lundi, mardi, mercredi, samedi, vendredi}",Agoe Telessou,Vakpossito,Agoè-Nyivé 3,Agoè-Nyivé,Agoè-Nyivé,Maritime,Grand Lomé,297587.5,687256.1,1.170595,6.214412,collecte 2021-2022,"auto-écoles (D6), préfecture par le polygone (R-01)","A (comptage) ; C (offre, activité non vérifiée)"
_mview_entreprisesvariees_entreprises_variees.fid-7111a9c0_19415ae4b4d_7241,Auto-école Gnamassigan,Non agréée,False,,,Gnamassigan,Togblekope,Agoè-Nyivé 4,Agoè-Nyivé,Agoè-Nyivé,Maritime,Grand Lomé,298399.4,693009.0,1.177751,6.266453,collecte 2021-2022,"auto-écoles (D6), préfecture par le polygone (R-01)","A (comptage) ; C (offre, activité non vérifiée)"
_mview_entreprisesvariees_entreprises_variees.fid-7111a9c0_19415ae4b4d_7242,Auto-école la Gracieuse Légbassito,Antenne agréée,True,,"{jeudi, lundi, mardi, mercredi, samedi, vendredi}",Legbassito,Légbassito,Agoè-Nyivé 2,Agoè-Nyivé,Agoè-Nyivé,Maritime,Grand Lomé,295303.5,693044.5,1.149776,6.266676,collecte 2021-2022,"auto-écoles (D6), préfecture par le polygone (R-01)","A (comptage) ; C (offre, activité non vérifiée)"
_mview_entreprisesvariees_entreprises_variees.fid-7111a9c0_19415ae4b4d_7243,Auto-école le Genie Sogbossito,Agréée,True,,"{jeudi, lundi, mardi, mercredi, samedi, vendredi}",Sogbossito,Agoè-Nyivé,Agoè-Nyivé 1,Agoè-Nyivé,Agoè-Nyivé,Maritime,Grand Lomé,298117.9,691331.5,1.17526,6.251277,collecte 2021-2022,"auto-écoles (D6), préfecture par le polygone (R-01)","A (comptage) ; C (offre, activité non vérifiée)"
_mview_entreprisesvariees_entreprises_variees.fid-7111a9c0_19415ae4b4d_7244,Auto-école Abraham Lincoln,Agréée,True,,"{jeudi, lundi, mardi, mercredi, samedi, vendredi}",Vakpossito,Vakpossito,Agoè-Nyivé 3,Agoè-Nyivé,Agoè-Nyivé,Maritime,Grand Lomé,298027.4,687256.7,1.174569,6.214431,collecte 2021-2022,"auto-écoles (D6), préfecture par le polygone (R-01)","A (comptage) ; C (offre, activité non vérifiée)"
_mview_entreprisesvariees_entreprises_variees.fid-7111a9c0_19415ae4b4d_7245,Auto-école la Liberté Doumasséssé,Agréée,True,"Doumassesse, Rue, Lomé ; BP S/c 15BP298","{jeudi, lundi, mardi, mercredi, samedi, vendredi}",Doumassesse,Bè-Ouest,Golfe 3,Golfe,Golfe,Maritime,Grand Lomé,302529.8,681595.6,1.215421,6.163383,collecte 2021-2022,"auto-écoles (D6), préfecture par le polygone (R-01)","A (comptage) ; C (offre, activité non vérifiée)"
_mview_entreprisesvariees_entreprises_variees.fid-7111a9c0_19415ae4b4d_7246,Auto-école Afrique C.A,Non agréée,False,,"{jeudi, lundi, mardi, mercredi, samedi, vendredi}",Lomegan,Bè-Ouest,Golfe 3,Golfe,Golfe,Maritime,Grand Lomé,301463.7,683901.5,1.205719,6.1842,collecte 2021-2022,"auto-écoles (D6), préfecture par le polygone (R-01)","A (comptage) ; C (offre, activité non vérifiée)"
_mview_entreprisesvariees_entreprises_variees.fid-7111a9c0_19415ae4b4d_7247,Auto-école le Retour,Non agréée,False,,"{jeudi, lundi, mardi, mercredi, vendredi}",Tokoin Doumassesse,Bè-Ouest,Golfe 3,Golfe,Golfe,Maritime,Grand Lomé,302614.3,680956.6,1.216203,6.157608,collecte 2021-2022,"auto-écoles (D6), préfecture par le polygone (R-01)","A (comptage) ; C (offre, activité non vérifiée)"
_mview_entreprisesvariees_entreprises_variees.fid-7111a9c0_19415ae4b4d_7248,Auto-école CF le leader,Non agréée,False,,"{jeudi, lundi, mardi, mercredi, vendredi}",Agbalepedo,Bè-Ouest,Golfe 3,Golfe,Golfe,Maritime,Grand Lomé,301575.9,684043.0,1.206728,6.185483,collecte 2021-2022,"auto-écoles (D6), préfecture par le polygone (R-01)","A (comptage) ; C (offre, activité non vérifiée)"
_mview_entreprisesvariees_entreprises_variees.fid-7111a9c0_19415ae4b4d_7249,Auto-école B Groupe,Non agréée,False,,"{jeudi, lundi, mardi, mercredi, samedi, vendredi}",Sogbossito,Agoè-Nyivé,Agoè-Nyivé 1,Agoè-Nyivé,Agoè-Nyivé,Maritime,Grand Lomé,298355.3,691286.1,1.177407,6.250873,collecte 2021-2022,"auto-écoles (D6), préfecture par le polygone (R-01)","A (comptage) ; C (offre, activité non vérifiée)"
_mview_entreprisesvariees_entreprises_variees.fid-7111a9c0_19415ae4b4d_724a,Auto-école Adjrad_Togo,Non agréée,False,13 BP 544,"{jeudi, lundi, mardi, mercredi, samedi, vendredi}",Demakpoe,Agoè-Nyivé,Agoè-Nyivé 1,Agoè-Nyivé,Agoè-Nyivé,Maritime,Grand Lomé,300658.6,690314.9,1.198248,6.242164,collecte 2021-2022,"auto-écoles (D6), préfecture par le polygone (R-01)","A (comptage) ; C (offre, activité non vérifiée)"
_mview_entreprisesvariees_entreprises_variees.fid-7111a9c0_19415ae4b4d_724b,Auto-école TNI (Togo Nouvelle Impression) Démakpoè,Antenne agréée,True,,"{jeudi, lundi, mardi, mercredi, samedi, vendredi}",Demakpoe,Agoè-Nyivé,Agoè-Nyivé 1,Agoè-Nyivé,Agoè-Nyivé,Maritime,Grand Lomé,301033.3,690278.6,1.201635,6.241847,collecte 2021-2022,"auto-écoles (D6), préfecture par le polygone (R-01)","A (comptage) ; C (offre, activité non vérifiée)"
_mview_entreprisesvariees_entreprises_variees.fid-7111a9c0_19415ae4b4d_724c,Auto-école Winner Assiyéyé,Non agréée,False,,"{jeudi, lundi, mardi, mercredi, samedi, vendredi}",Assiyeye,Agoè-Nyivé,Agoè-Nyivé 1,Agoè-Nyivé,Agoè-Nyivé,Maritime,Grand Lomé,300713.8,689034.5,1.198787,6.230588,collecte 2021-2022,"auto-écoles (D6), préfecture par le polygone (R-01)","A (comptage) ; C (offre, activité non vérifiée)"
_mview_entreprisesvariees_entreprises_variees.fid-7111a9c0_19415ae4b4d_724d,Auto-école Basililela Soted,Antenne agréée,True,,"{jeudi, lundi, mardi, mercredi, samedi, vendredi}",Soted,Bè-Ouest,Golfe 3,Golfe,Golfe,Maritime,Grand Lomé,303108.6,680376.9,1.220687,6.152382,collecte 2021-2022,"auto-écoles (D6), préfecture par le polygone (R-01)","A (comptage) ; C (offre, activité non vérifiée)"
_mview_entreprisesvariees_entreprises_variees.fid-7111a9c0_19415ae4b4d_724e,Auto-école la Gracieuse Doumasséssé,Agréée,True,,"{jeudi, lundi, mardi, mercredi, samedi, vendredi}",Doumassesse,Bè-Ouest,Golfe 3,Golfe,Golfe,Maritime,Grand Lomé,303132.3,681752.3,1.220859,6.164818,collecte 2021-2022,"auto-écoles (D6), préfecture par le polygone (R-01)","A (comptage) ; C (offre, activité non vérifiée)"
_mview_entreprisesvariees_entreprises_variees.fid-7111a9c0_19415ae4b4d_724f,Auto-école Nzambe-Nzambe Ramco,Antenne agréée,True,Aucun,"{jeudi, lundi, mardi, mercredi, samedi, vendredi}",Ramco,Amoutivé,Golfe 4,Golfe,Golfe,Maritime,Grand Lomé,303042.6,679368.5,1.22012,6.143262,collecte 2021-2022,"auto-écoles (D6), préfecture par le polygone (R-01)","A (comptage) ; C (offre, activité non vérifiée)"
_mview_entreprisesvariees_entreprises_variees.fid-7111a9c0_19415ae4b4d_7250,Auto-école Togo Express,Non agréée,False,,,Forever,Bè-Ouest,Golfe 3,Golfe,Golfe,Maritime,Grand Lomé,303908.7,681483.7,1.227881,6.162413,collecte 2021-2022,"auto-écoles (D6), préfecture par le polygone (R-01)","A (comptage) ; C (offre, activité non vérifiée)"
_mview_entreprisesvariees_entreprises_variees.fid-7111a9c0_19415ae4b4d_7251,Auto-école Gratia,Agréée,True,,"{jeudi, lundi, mardi, mercredi, samedi, vendredi}",Hedzranawoe,Bè-Ouest,Golfe 3,Golfe,Golfe,Maritime,Grand Lomé,304889.2,684293.5,1.236655,6.187848,collecte 2021-2022,"auto-écoles (D6), préfecture par le polygone (R-01)","A (comptage) ; C (offre, activité non vérifiée)"
_mview_entreprisesvariees_entreprises_variees.fid-7111a9c0_19415ae4b4d_7252,Auto-école l'Eternel,Agréée,True,90158330,"{jeudi, lundi, mardi, mercredi, vendredi}",Avedji,Aflao-Gakli,Golfe 5,Golfe,Golfe,Maritime,Grand Lomé,298619.6,685840.2,1.179964,6.201642,collecte 2021-2022,"auto-écoles (D6), préfecture par le polygone (R-01)","A (comptage) ; C (offre, activité non vérifiée)"
_mview_entreprisesvariees_entreprises_variees.fid-7111a9c0_19415ae4b4d_7253,Auto-école Sous les Ailes de Dieu Amadahomé,Antenne agréée,True,,"{jeudi, lundi, mardi, mercredi, samedi, vendredi}",Amadahome,Aflao-Gakli,Golfe 5,Golfe,Golfe,Maritime,Grand Lomé,295931.1,685711.5,1.155679,6.200394,collecte 2021-2022,"auto-écoles (D6), préfecture par le polygone (R-01)","A (comptage) ; C (offre, activité non vérifiée)"
_mview_entreprisesvariees_entreprises_variees.fid-7111a9c0_19415ae4b4d_7254,Auto-école Dieudonne Wognomé,Antenne agréée,True,,"{jeudi, lundi, mardi, mercredi, samedi, vendredi}",Woyome,Aflao-Sagbado,Golfe 7,Golfe,Golfe,Maritime,Grand Lomé,294724.4,685797.8,1.144773,6.201137,collecte 2021-2022,"auto-écoles (D6), préfecture par le polygone (R-01)","A (comptage) ; C (offre, activité non vérifiée)"
_mview_entreprisesvariees_entreprises_variees.fid-7111a9c0_19415ae4b4d_7255,Auto-école les Amis Ségbé,Antenne agréée,True,,"{jeudi, lundi, mardi, mercredi, samedi, vendredi}",Segbe,Aflao-Sagbado,Golfe 7,Golfe,Golfe,Maritime,Grand Lomé,289937.0,685659.4,1.101527,6.199732,collecte 2021-2022,"auto-écoles (D6), préfecture par le polygone (R-01)","A (comptage) ; C (offre, activité non vérifiée)"
_mview_entreprisesvariees_entreprises_variees.fid-7111a9c0_19415ae4b4d_7256,Auto-école GPS Togo,Non agréée,False,,"{jeudi, lundi, mardi, mercredi, samedi, vendredi}",Segbe,Aflao-Sagbado,Golfe 7,Golfe,Golfe,Maritime,Grand Lomé,290112.3,685665.9,1.10311,6.199796,collecte 2021-2022,"auto-écoles (D6), préfecture par le polygone (R-01)","A (comptage) ; C (offre, activité non vérifiée)"
_mview_entreprisesvariees_entreprises_variees.fid-7111a9c0_19415ae4b4d_7257,Auto-école TNI (Togo Nouvelle Impression) Vakpossito,Agréée,True,22567160/90203980/92526687,"{jeudi, lundi, mardi, mercredi, samedi, vendredi}",Vakpossito,Vakpossito,Agoè-Nyivé 3,Agoè-Nyivé,Agoè-Nyivé,Maritime,Grand Lomé,296588.7,687669.1,1.161558,6.218114,collecte 2021-2022,"auto-écoles (D6), préfecture par le polygone (R-01)","A (comptage) ; C (offre, activité non vérifiée)"
_mview_entreprisesvariees_entreprises_variees.fid-7111a9c0_19415ae4b4d_7258,Auto-école Sainte Famille Logogomé,Antenne agréée,True,90292127/93485258/91102621,"{jeudi, lundi, mardi, mercredi, samedi, vendredi}",Logogome,Sanguera,Agoè-Nyivé 5,Agoè-Nyivé,Agoè-Nyivé,Maritime,Grand Lomé,295398.1,687192.5,1.150817,6.213768,collecte 2021-2022,"auto-écoles (D6), préfecture par le polygone (R-01)","A (comptage) ; C (offre, activité non vérifiée)"
_mview_entreprisesvariees_entreprises_variees.fid-7111a9c0_19415ae4b4d_7259,Auto-école le Bonheur,Non agréée,False,,"{jeudi, lundi, mardi, mercredi, samedi, vendredi}",Nokopé,Agoè-Nyivé,Agoè-Nyivé 1,Agoè-Nyivé,Agoè-Nyivé,Maritime,Grand Lomé,297836.8,689887.1,1.172765,6.238208,collecte 2021-2022,"auto-écoles (D6), préfecture par le polygone (R-01)","A (comptage) ; C (offre, activité non vérifiée)"
_mview_entreprisesvariees_entreprises_variees.fid-7111a9c0_19415ae4b4d_725a,Auto-école Mercy,Non agréée,False,,"{jeudi, lundi, mardi, mercredi, vendredi}",Agoe Assiyeye,Agoè-Nyivé,Agoè-Nyivé 1,Agoè-Nyivé,Agoè-Nyivé,Maritime,Grand Lomé,299857.0,689248.8,1.191038,6.2325,collecte 2021-2022,"auto-écoles (D6), préfecture par le polygone (R-01)","A (comptage) ; C (offre, activité non vérifiée)"
_mview_entreprisesvariees_entreprises_variees.fid-7111a9c0_19415ae4b4d_725b,Auto-école la Joie Wognomé,Non agréée,False,,"{jeudi, lundi, mardi, mercredi, samedi, vendredi}",Wonyome,Aflao-Sagbado,Golfe 7,Golfe,Golfe,Maritime,Grand Lomé,295326.8,684719.4,1.15025,6.191405,collecte 2021-2022,"auto-écoles (D6), préfecture par le polygone (R-01)","A (comptage) ; C (offre, activité non vérifiée)"
_mview_entreprisesvariees_entreprises_variees.fid-7111a9c0_19415ae4b4d_725c,Auto-école VCP,Non agréée,False,,"{jeudi, lundi, mardi, mercredi, samedi, vendredi}",Wugomedekpo,Aflao-Sagbado,Golfe 7,Golfe,Golfe,Maritime,Grand Lomé,291217.9,687776.3,1.113031,6.218912,collecte 2021-2022,"auto-écoles (D6), préfecture par le polygone (R-01)","A (comptage) ; C (offre, activité non vérifiée)"
_mview_entreprisesvariees_entreprises_variees.fid-7111a9c0_19415ae4b4d_725d,Auto-école Marcoly,Non agréée,False,,"{jeudi, lundi, mardi, mercredi, samedi, vendredi}",Apedokoe,Aflao-Sagbado,Golfe 7,Golfe,Golfe,Maritime,Grand Lomé,293922.0,686746.7,1.137494,6.20969,collecte 2021-2022,"auto-écoles (D6), préfecture par le polygone (R-01)","A (comptage) ; C (offre, activité non vérifiée)"
_mview_entreprisesvariees_entreprises_variees.fid-7111a9c0_19415ae4b4d_725e,Auto-école Emmanuel Conduite,Non agréée,False,Carrefour Logote,"{jeudi, lundi, mardi, mercredi, samedi, vendredi}",Logote,Aflao-Sagbado,Golfe 7,Golfe,Golfe,Maritime,Grand Lomé,292649.8,684923.6,1.126058,6.193167,collecte 2021-2022,"auto-écoles (D6), préfecture par le polygone (R-01)","A (comptage) ; C (offre, activité non vérifiée)"
_mview_entreprisesvariees_entreprises_variees.fid-7111a9c0_19415ae4b4d_725f,Auto-école la Renaissance Logoté,Agréée,True,,"{jeudi, lundi, mardi, mercredi, samedi, vendredi}",Logote,Aflao-Sagbado,Golfe 7,Golfe,Golfe,Maritime,Grand Lomé,293269.0,684950.0,1.131652,6.193425,collecte 2021-2022,"auto-écoles (D6), préfecture par le polygone (R-01)","A (comptage) ; C (offre, activité non vérifiée)"
_mview_entreprisesvariees_entreprises_variees.fid-7111a9c0_19415ae4b4d_7260,Auto-école Forever,Non agréée,False,,"{jeudi, lundi, mardi, mercredi, samedi, vendredi}",Sagbado,Aflao-Sagbado,Golfe 7,Golfe,Golfe,Maritime,Grand Lomé,294452.1,684923.9,1.142342,6.193227,collecte 2021-2022,"auto-écoles (D6), préfecture par le polygone (R-01)","A (comptage) ; C (offre, activité non vérifiée)"
_mview_entreprisesvariees_entreprises_variees.fid-7111a9c0_19415ae4b4d_7261,Auto-école Chara,Non agréée,False,,"{jeudi, lundi, mardi, mercredi, samedi, vendredi}",Wonyome,Aflao-Sagbado,Golfe 7,Golfe,Golfe,Maritime,Grand Lomé,294691.0,684966.0,1.144498,6.193615,collecte 2021-2022,"auto-écoles (D6), préfecture par le polygone (R-01)","A (comptage) ; C (offre, activité non vérifiée)"
_mview_entreprisesvariees_entreprises_variees.fid-7111a9c0_19415ae4b4d_7262,Auto-école Sainte Famille Wognomé,Agréée,True,,"{jeudi, lundi, mardi, mercredi, samedi, vendredi}",Wonyome,Aflao-Sagbado,Golfe 7,Golfe,Golfe,Maritime,Grand Lomé,296231.7,684457.9,1.158434,6.189069,collecte 2021-2022,"auto-écoles (D6), préfecture par le polygone (R-01)","A (comptage) ; C (offre, activité non vérifiée)"
_mview_entreprisesvariees_entreprises_variees.fid-7111a9c0_19415ae4b4d_7263,Auto-école le Permis Yokoè,Non agréée,False,BP: 14267 Lomé Togo,"{jeudi, lundi, mardi, mercredi, samedi, vendredi}",Yokoe,Aflao-Sagbado,Golfe 7,Golfe,Golfe,Maritime,Grand Lomé,294528.7,683073.6,1.143092,6.176499,collecte 2021-2022,"auto-écoles (D6), préfecture par le polygone (R-01)","A (comptage) ; C (offre, activité non vérifiée)"
_mview_entreprisesvariees_entreprises_variees.fid-7111a9c0_19415ae4b4d_7264,Auto-école Tam 228,Non agréée,False,,"{jeudi, lundi, mardi, mercredi, samedi, vendredi}",Dassakope,Vakpossito,Agoè-Nyivé 3,Agoè-Nyivé,Agoè-Nyivé,Maritime,Grand Lomé,296391.1,686705.9,1.159803,6.2094,collecte 2021-2022,"auto-écoles (D6), préfecture par le polygone (R-01)","A (comptage) ; C (offre, activité non vérifiée)"
_mview_entreprisesvariees_entreprises_variees.fid-7111a9c0_19415ae4b4d_7265,Auto-école Beraca Bered,Non agréée,False,,"{jeudi, lundi, mardi, mercredi, samedi, vendredi}",Logogome,Sanguera,Agoè-Nyivé 5,Agoè-Nyivé,Agoè-Nyivé,Maritime,Grand Lomé,295543.5,687626.7,1.152117,6.217698,collecte 2021-2022,"auto-écoles (D6), préfecture par le polygone (R-01)","A (comptage) ; C (offre, activité non vérifiée)"
_mview_entreprisesvariees_entreprises_variees.fid-7111a9c0_19415ae4b4d_7266,Auto-école KMK Téléssou,Non agréée,False,,"{jeudi, lundi, mardi, mercredi, samedi, vendredi}",Avedji Telessou,Aflao-Gakli,Golfe 5,Golfe,Golfe,Maritime,Grand Lomé,298205.4,685190.3,1.176242,6.195753,collecte 2021-2022,"auto-écoles (D6), préfecture par le polygone (R-01)","A (comptage) ; C (offre, activité non vérifiée)"
_mview_entreprisesvariees_entreprises_variees.fid-7111a9c0_19415ae4b4d_7267,Auto-école Citoyenne Inclusive,Non agréée,False,,"{jeudi, lundi, mardi, mercredi, samedi, vendredi}",Amadahome,Aflao-Gakli,Golfe 5,Golfe,Golfe,Maritime,Grand Lomé,297107.2,686058.7,1.166293,6.20357,collecte 2021-2022,"auto-écoles (D6), préfecture par le polygone (R-01)","A (comptage) ; C (offre, activité non vérifiée)"
_mview_entreprisesvariees_entreprises_variees.fid-7111a9c0_19415ae4b4d_7268,Auto-école la Capitale,Non agréée,False,,"{jeudi, lundi, mardi, mercredi, samedi, vendredi}",Vakpossito,Vakpossito,Agoè-Nyivé 3,Agoè-Nyivé,Agoè-Nyivé,Maritime,Grand Lomé,296378.7,687911.8,1.159653,6.220303,collecte 2021-2022,"auto-écoles (D6), préfecture par le polygone (R-01)","A (comptage) ; C (offre, activité non vérifiée)"
_mview_entreprisesvariees_entreprises_variees.fid-7111a9c0_19415ae4b4d_7269,Auto-école Dieudonne Nanégbé,Agréée,True,,"{jeudi, lundi, mardi, mercredi, samedi, vendredi}",Nanegbe,Vakpossito,Agoè-Nyivé 3,Agoè-Nyivé,Agoè-Nyivé,Maritime,Grand Lomé,296090.8,688945.8,1.157019,6.229642,collecte 2021-2022,"auto-écoles (D6), préfecture par le polygone (R-01)","A (comptage) ; C (offre, activité non vérifiée)"
_mview_entreprisesvariees_entreprises_variees.fid-7111a9c0_19415ae4b4d_726a,Auto-école le Reveil,Non agréée,False,,"{jeudi, lundi, mardi, mercredi, samedi, vendredi}",Atigangome,Aflao-Gakli,Golfe 5,Golfe,Golfe,Maritime,Grand Lomé,294927.7,686285.6,1.146595,6.205553,collecte 2021-2022,"auto-écoles (D6), préfecture par le polygone (R-01)","A (comptage) ; C (offre, activité non vérifiée)"
_mview_entreprisesvariees_entreprises_variees.fid-7111a9c0_19415ae4b4d_726b,Auto-école Groupe Chez Toi,Non agréée,False,,"{jeudi, lundi, mardi, mercredi, samedi, vendredi}",Sakpleto Kope,Agoè-Nyivé,Agoè-Nyivé 1,Agoè-Nyivé,Agoè-Nyivé,Maritime,Grand Lomé,296776.2,690505.9,1.163163,6.24377,collecte 2021-2022,"auto-écoles (D6), préfecture par le polygone (R-01)","A (comptage) ; C (offre, activité non vérifiée)"
_mview_entreprisesvariees_entreprises_variees.fid-7111a9c0_19415ae4b4d_726c,Auto-école la Nature,Non agréée,False,,,Dalime,Agoè-Nyivé,Agoè-Nyivé 1,Agoè-Nyivé,Agoè-Nyivé,Maritime,Grand Lomé,296716.0,689661.5,1.162645,6.236133,collecte 2021-2022,"auto-écoles (D6), préfecture par le polygone (R-01)","A (comptage) ; C (offre, activité non vérifiée)"
_mview_entreprisesvariees_entreprises_variees.fid-7111a9c0_19415ae4b4d_726d,Auto-école St Justin,Non agréée,False,,"{jeudi, lundi, mardi, mercredi, samedi, vendredi}",Doumassesse,Bè-Ouest,Golfe 3,Golfe,Golfe,Maritime,Grand Lomé,302708.9,680671.4,1.217067,6.155032,collecte 2021-2022,"auto-écoles (D6), préfecture par le polygone (R-01)","A (comptage) ; C (offre, activité non vérifiée)"
_mview_entreprisesvariees_entreprises_variees.fid-7111a9c0_19415ae4b4d_726e,Auto-école L'Itineraire Forever,Agréée,True,93494613,"{jeudi, lundi, mardi, mercredi, samedi, vendredi}",Forever,Bè-Ouest,Golfe 3,Golfe,Golfe,Maritime,Grand Lomé,303795.5,681279.0,1.226865,6.160558,collecte 2021-2022,"auto-écoles (D6), préfecture par le polygone (R-01)","A (comptage) ; C (offre, activité non vérifiée)"
_mview_entreprisesvariees_entreprises_variees.fid-7111a9c0_19415ae4b4d_726f,Auto-école Dieu Seul Suffit,Agréée,True,,"{jeudi, lundi, mardi, mercredi, samedi, vendredi}",Lome 2,Bè-Ouest,Golfe 3,Golfe,Golfe,Maritime,Grand Lomé,304631.3,683221.5,1.234357,6.178147,collecte 2021-2022,"auto-écoles (D6), préfecture par le polygone (R-01)","A (comptage) ; C (offre, activité non vérifiée)"
_mview_entreprisesvariees_entreprises_variees.fid-7111a9c0_19415ae4b4d_7270,Auto-école à Dieu la Gloire Agbalépédogan,Antenne agréée,True,,"{jeudi, lundi, mardi, mercredi, samedi, vendredi}",Agbalepedogan,Aflao-Gakli,Golfe 5,Golfe,Golfe,Maritime,Grand Lomé,300769.0,685360.3,1.199398,6.197369,collecte 2021-2022,"auto-écoles (D6), préfecture par le polygone (R-01)","A (comptage) ; C (offre, activité non vérifiée)"
_mview_entreprisesvariees_entreprises_variees.fid-7111a9c0_19415ae4b4d_7271,Auto-école Gloire à Dieu Aflao-Gakli,Antenne agréée,True,,"{jeudi, lundi, mardi, mercredi, vendredi}",N/a,Aflao-Gakli,Golfe 5,Golfe,Golfe,Maritime,Grand Lomé,299599.1,682595.0,1.188913,6.17233,collecte 2021-2022,"auto-écoles (D6), préfecture par le polygone (R-01)","A (comptage) ; C (offre, activité non vérifiée)"
_mview_entreprisesvariees_entreprises_variees.fid-7111a9c0_19415ae4b4d_7272,Auto-école Saint Elie Annexe,Antenne agréée,True,,"{jeudi, lundi, mardi, mercredi, samedi, vendredi}",N/a,Aflao-Gakli,Golfe 5,Golfe,Golfe,Maritime,Grand Lomé,300741.5,682344.8,1.199242,6.170103,collecte 2021-2022,"auto-écoles (D6), préfecture par le polygone (R-01)","A (comptage) ; C (offre, activité non vérifiée)"
_mview_entreprisesvariees_entreprises_variees.fid-7111a9c0_19415ae4b4d_7273,Auto-école le leader Totsi,Non agréée,False,,"{jeudi, lundi, mardi, mercredi, vendredi}",Totsi,Aflao-Gakli,Golfe 5,Golfe,Golfe,Maritime,Grand Lomé,299562.1,685327.1,1.188495,6.197032,collecte 2021-2022,"auto-écoles (D6), préfecture par le polygone (R-01)","A (comptage) ; C (offre, activité non vérifiée)"
_mview_entreprisesvariees_entreprises_variees.fid-7111a9c0_19415ae4b4d_7274,Auto-école Dieu Grace,Non agréée,False,19BP40,"{jeudi, lundi, mardi, mercredi}",Akplome,Adétikopé,Agoè-Nyivé 6,Agoè-Nyivé,Zio,Maritime,Maritime hors Grand Lomé,304099.0,699053.9,1.229067,6.321287,collecte 2021-2022,"auto-écoles (D6), préfecture par le polygone (R-01)","A (comptage) ; C (offre, activité non vérifiée)"
_mview_entreprisesvariees_entreprises_variees.fid-7111a9c0_19415ae4b4d_7275,Auto-école  Saint Christophe Annexe Tsivé,Antenne agréée,True,,"{jeudi, lundi, mardi, mercredi, samedi, vendredi}",Tsive,Adétikopé,Agoè-Nyivé 6,Agoè-Nyivé,Agoè-Nyivé,Maritime,Grand Lomé,302537.8,698683.0,1.21497,6.317885,collecte 2021-2022,"auto-écoles (D6), préfecture par le polygone (R-01)","A (comptage) ; C (offre, activité non vérifiée)"
_mview_entreprisesvariees_entreprises_variees.fid-7111a9c0_19415ae4b4d_7276,Auto-école Dakopas,Non agréée,False,,"{jeudi, lundi, mardi, mercredi, samedi, vendredi}",Yokoe,Aflao-Sagbado,Golfe 7,Golfe,Golfe,Maritime,Grand Lomé,295661.0,683520.0,1.153307,6.180571,collecte 2021-2022,"auto-écoles (D6), préfecture par le polygone (R-01)","A (comptage) ; C (offre, activité non vérifiée)"
_mview_entreprisesvariees_entreprises_variees.fid-7111a9c0_19415ae4b4d_7277,Auto-école CFC Sarl,Non agréée,False,,"{jeudi, lundi, mardi, mercredi, samedi, vendredi}",Agbalepedogan,Aflao-Gakli,Golfe 5,Golfe,Golfe,Maritime,Grand Lomé,301000.3,683436.7,1.201547,6.179984,collecte 2021-2022,"auto-écoles (D6), préfecture par le polygone (R-01)","A (comptage) ; C (offre, activité non vérifiée)"
_mview_entreprisesvariees_entreprises_variees.fid-7111a9c0_19415ae4b4d_7278,Auto-école Jesus T'aime,Non agréée,False,,"{jeudi, lundi, mardi, mercredi, samedi, vendredi}",Yokoe,Aflao-Sagbado,Golfe 7,Golfe,Golfe,Maritime,Grand Lomé,294897.3,683275.5,1.146415,6.178337,collecte 2021-2022,"auto-écoles (D6), préfecture par le polygone (R-01)","A (comptage) ; C (offre, activité non vérifiée)"
_mview_entreprisesvariees_entreprises_variees.fid-7111a9c0_19415ae4b4d_7279,Auto-école la Joie Awatamé,Non agréée,False,,"{jeudi, lundi, mardi, mercredi, samedi, vendredi}",Awatame,Aflao-Sagbado,Golfe 7,Golfe,Golfe,Maritime,Grand Lomé,296670.7,683460.1,1.162431,6.180062,collecte 2021-2022,"auto-écoles (D6), préfecture par le polygone (R-01)","A (comptage) ; C (offre, activité non vérifiée)"
_mview_entreprisesvariees_entreprises_variees.fid-7111a9c0_19415ae4b4d_727a,Auto-école Bon Conducteur,Non agréée,False,A Côté De L'école Primaire Yokoe Copegan,"{jeudi, lundi, mardi, mercredi, samedi, vendredi}",Yokoe,Aflao-Sagbado,Golfe 7,Golfe,Golfe,Maritime,Grand Lomé,294020.4,683176.6,1.138496,6.177414,collecte 2021-2022,"auto-écoles (D6), préfecture par le polygone (R-01)","A (comptage) ; C (offre, activité non vérifiée)"
_mview_entreprisesvariees_entreprises_variees.fid-7111a9c0_19415ae4b4d_727b,Auto-école Basileia Klikamé,Antenne agréée,True,,"{jeudi, lundi, mardi, mercredi, samedi, vendredi}",Klikame,Sanguera,Agoè-Nyivé 5,Agoè-Nyivé,Agoè-Nyivé,Maritime,Grand Lomé,291398.0,691293.9,1.114545,6.250722,collecte 2021-2022,"auto-écoles (D6), préfecture par le polygone (R-01)","A (comptage) ; C (offre, activité non vérifiée)"
_mview_entreprisesvariees_entreprises_variees.fid-7111a9c0_19415ae4b4d_727c,Auto-école Mega Succès,Non agréée,False,,"{jeudi, lundi, mardi, mercredi, samedi, vendredi}",Dekpo,Sanguera,Agoè-Nyivé 5,Agoè-Nyivé,Agoè-Nyivé,Maritime,Grand Lomé,291684.3,688741.3,1.117213,6.227653,collecte 2021-2022,"auto-écoles (D6), préfecture par le polygone (R-01)","A (comptage) ; C (offre, activité non vérifiée)"
_mview_entreprisesvariees_entreprises_variees.fid-7111a9c0_19415ae4b4d_727d,Auto-école le Génie Zopomahé,Antenne agréée,True,,"{jeudi, lundi, mardi, mercredi, samedi, vendredi}",Zopomahe,Sanguera,Agoè-Nyivé 5,Agoè-Nyivé,Agoè-Nyivé,Maritime,Grand Lomé,295037.1,689390.9,1.147485,6.233633,collecte 2021-2022,"auto-écoles (D6), préfecture par le polygone (R-01)","A (comptage) ; C (offre, activité non vérifiée)"
_mview_entreprisesvariees_entreprises_variees.fid-7111a9c0_19415ae4b4d_727e,Auto-école des Grape,Non agréée,False,,"{jeudi, lundi, mardi, mercredi, samedi, vendredi}",Djidjole,Aflao-Gakli,Golfe 5,Golfe,Golfe,Maritime,Grand Lomé,299437.6,683815.6,1.187417,6.183362,collecte 2021-2022,"auto-écoles (D6), préfecture par le polygone (R-01)","A (comptage) ; C (offre, activité non vérifiée)"
_mview_entreprisesvariees_entreprises_variees.fid-7111a9c0_19415ae4b4d_727f,Auto-école la Dignite Sûr,Non agréée,False,,"{jeudi, lundi, mardi, mercredi, samedi, vendredi}",Agbalepedo,Aflao-Gakli,Golfe 5,Golfe,Golfe,Maritime,Grand Lomé,301129.9,685047.1,1.202668,6.194548,collecte 2021-2022,"auto-écoles (D6), préfecture par le polygone (R-01)","A (comptage) ; C (offre, activité non vérifiée)"
_mview_entreprisesvariees_entreprises_variees.fid-7111a9c0_19415ae4b4d_7280,Auto-école Adonaï Adidogomé,Antenne agréée,True,,"{jeudi, mardi, mercredi, samedi, vendredi}",Adidogome,Aflao-Gakli,Golfe 5,Golfe,Golfe,Maritime,Grand Lomé,298480.9,683070.5,1.178797,6.176595,collecte 2021-2022,"auto-écoles (D6), préfecture par le polygone (R-01)","A (comptage) ; C (offre, activité non vérifiée)"
_mview_entreprisesvariees_entreprises_variees.fid-7111a9c0_19415ae4b4d_7281,Auto-école L2CI,Non agréée,False,,"{jeudi, lundi, mardi, mercredi, vendredi}",Agbalepedogan,Agoè-Nyivé,Agoè-Nyivé 1,Agoè-Nyivé,Agoè-Nyivé,Maritime,Grand Lomé,300852.9,685550.3,1.20015,6.19909,collecte 2021-2022,"auto-écoles (D6), préfecture par le polygone (R-01)","A (comptage) ; C (offre, activité non vérifiée)"
_mview_entreprisesvariees_entreprises_variees.fid-7111a9c0_19415ae4b4d_7282,Auto-école Damaris Casablanca,Agréée,True,,"{jeudi, lundi, mardi, mercredi, samedi, vendredi}",Casablanca,Bè-Ouest,Golfe 3,Golfe,Golfe,Maritime,Grand Lomé,301043.7,679968.0,1.202045,6.148622,collecte 2021-2022,"auto-écoles (D6), préfecture par le polygone (R-01)","A (comptage) ; C (offre, activité non vérifiée)"
_mview_entreprisesvariees_entreprises_variees.fid-7111a9c0_19415ae4b4d_7283,Auto-école Feu Vert,Agréée,True,BP 333,"{jeudi, lundi, mardi, mercredi, samedi, vendredi}",Djidjole,Aflao-Gakli,Golfe 5,Golfe,Golfe,Maritime,Grand Lomé,300468.4,683143.4,1.19675,6.177315,collecte 2021-2022,"auto-écoles (D6), préfecture par le polygone (R-01)","A (comptage) ; C (offre, activité non vérifiée)"
_mview_entreprisesvariees_entreprises_variees.fid-7111a9c0_19415ae4b4d_7284,Auto-école Amenouvévé,Non agréée,False,,"{jeudi, lundi, mardi, mercredi, samedi, vendredi}",Lomégan,Aflao-Gakli,Golfe 5,Golfe,Golfe,Maritime,Grand Lomé,301301.4,684155.7,1.204245,6.186493,collecte 2021-2022,"auto-écoles (D6), préfecture par le polygone (R-01)","A (comptage) ; C (offre, activité non vérifiée)"
_mview_entreprisesvariees_entreprises_variees.fid-7111a9c0_19415ae4b4d_7285,Auto-école la Renaissance Djidjolé,Agréée,True,,,Djidjole,Aflao-Gakli,Golfe 5,Golfe,Golfe,Maritime,Grand Lomé,299525.0,683608.3,1.188213,6.18149,collecte 2021-2022,"auto-écoles (D6), préfecture par le polygone (R-01)","A (comptage) ; C (offre, activité non vérifiée)"
_mview_entreprisesvariees_entreprises_variees.fid-7111a9c0_19415ae4b4d_7286,Auto-école la Vision,Non agréée,False,,"{jeudi, lundi, mardi, mercredi, vendredi}",Djidjole,Aflao-Gakli,Golfe 5,Golfe,Golfe,Maritime,Grand Lomé,301070.1,683277.2,1.202182,6.178543,collecte 2021-2022,"auto-écoles (D6), préfecture par le polygone (R-01)","A (comptage) ; C (offre, activité non vérifiée)"
_mview_entreprisesvariees_entreprises_variees.fid-7111a9c0_19415ae4b4d_7287,Auto-école la Sympatique,Non agréée,False,,"{jeudi, lundi, mardi, mercredi, vendredi}",Djidjole,Bè-Ouest,Golfe 3,Golfe,Golfe,Maritime,Grand Lomé,301318.2,683011.3,1.204432,6.176147,collecte 2021-2022,"auto-écoles (D6), préfecture par le polygone (R-01)","A (comptage) ; C (offre, activité non vérifiée)"
_mview_entreprisesvariees_entreprises_variees.fid-7111a9c0_19415ae4b4d_7288,Auto Ecole / Garage la Patience,Non agréée,False,,"{jeudi, lundi, mardi, samedi, vendredi}",Totsi,Aflao-Gakli,Golfe 5,Golfe,Golfe,Maritime,Grand Lomé,299082.6,685483.6,1.184158,6.198432,collecte 2021-2022,"auto-écoles (D6), préfecture par le polygone (R-01)","A (comptage) ; C (offre, activité non vérifiée)"
_mview_entreprisesvariees_entreprises_variees.fid-7111a9c0_19415ae4b4d_7289,Auto-école St Antoine Junior,Non agréée,False,,"{jeudi, lundi, mardi, mercredi, samedi, vendredi}",Totsi Gblinkome,Aflao-Gakli,Golfe 5,Golfe,Golfe,Maritime,Grand Lomé,298774.3,684746.5,1.181396,6.191758,collecte 2021-2022,"auto-écoles (D6), préfecture par le polygone (R-01)","A (comptage) ; C (offre, activité non vérifiée)"
_mview_entreprisesvariees_entreprises_variees.fid-7111a9c0_19415ae4b4d_728a,Auto-école les Prodiges,Agréée,True,BP 1853 Lome-Togo,"{jeudi, lundi, mardi, mercredi, vendredi}",Djidjole,Bè-Ouest,Golfe 3,Golfe,Golfe,Maritime,Grand Lomé,301101.8,682672.0,1.202487,6.173072,collecte 2021-2022,"auto-écoles (D6), préfecture par le polygone (R-01)","A (comptage) ; C (offre, activité non vérifiée)"
_mview_entreprisesvariees_entreprises_variees.fid-7111a9c0_19415ae4b4d_728b,Auto-école le Gar,Non agréée,False,,"{jeudi, lundi, mardi, mercredi, samedi, vendredi}",Lomegan,Bè-Ouest,Golfe 3,Golfe,Golfe,Maritime,Grand Lomé,301480.3,683471.5,1.205882,6.180313,collecte 2021-2022,"auto-écoles (D6), préfecture par le polygone (R-01)","A (comptage) ; C (offre, activité non vérifiée)"
_mview_entreprisesvariees_entreprises_variees.fid-7111a9c0_19415ae4b4d_728c,Auto-école ICAE-Vie,Non agréée,False,,"{jeudi, lundi, mardi, mercredi, samedi, vendredi}",Totsi,Aflao-Gakli,Golfe 5,Golfe,Golfe,Maritime,Grand Lomé,299051.8,685433.5,1.183882,6.197978,collecte 2021-2022,"auto-écoles (D6), préfecture par le polygone (R-01)","A (comptage) ; C (offre, activité non vérifiée)"
_mview_entreprisesvariees_entreprises_variees.fid-7111a9c0_19415ae4b4d_728d,Auto-école Djifa,Non agréée,False,,"{jeudi, mardi, mercredi, samedi, vendredi}",Gblenkome,Aflao-Gakli,Golfe 5,Golfe,Golfe,Maritime,Grand Lomé,299235.2,684543.9,1.185566,6.18994,collecte 2021-2022,"auto-écoles (D6), préfecture par le polygone (R-01)","A (comptage) ; C (offre, activité non vérifiée)"
_mview_entreprisesvariees_entreprises_variees.fid-7111a9c0_19415ae4b4d_728e,Auto-école le Creneau,Non agréée,False,BP 8798,"{jeudi, lundi, mardi, mercredi, vendredi}",Avedji,Aflao-Gakli,Golfe 5,Golfe,Golfe,Maritime,Grand Lomé,298080.9,684573.3,1.175137,6.19017,collecte 2021-2022,"auto-écoles (D6), préfecture par le polygone (R-01)","A (comptage) ; C (offre, activité non vérifiée)"
_mview_entreprisesvariees_entreprises_variees.fid-7111a9c0_19415ae4b4d_728f,Auto-école Rabbouni,Non agréée,False,BP 14008,"{jeudi, lundi, mardi, mercredi, samedi, vendredi}",Sagbado,Aflao-Gakli,Golfe 5,Golfe,Golfe,Maritime,Grand Lomé,295306.5,685564.6,1.15004,6.199047,collecte 2021-2022,"auto-écoles (D6), préfecture par le polygone (R-01)","A (comptage) ; C (offre, activité non vérifiée)"
_mview_entreprisesvariees_entreprises_variees.fid-7111a9c0_19415ae4b4d_7290,Auto-école CFCP,Non agréée,False,,"{jeudi, lundi, mardi, mercredi, samedi, vendredi}",Avedji,Aflao-Gakli,Golfe 5,Golfe,Golfe,Maritime,Grand Lomé,297665.8,685708.6,1.171351,6.200422,collecte 2021-2022,"auto-écoles (D6), préfecture par le polygone (R-01)","A (comptage) ; C (offre, activité non vérifiée)"
_mview_entreprisesvariees_entreprises_variees.fid-7111a9c0_19415ae4b4d_7291,Auto-Ecole CV-AV,Non agréée,False,,"{jeudi, lundi, mardi, mercredi, vendredi}",Amadahome,Aflao-Gakli,Golfe 5,Golfe,Golfe,Maritime,Grand Lomé,295675.8,685618.4,1.153375,6.199544,collecte 2021-2022,"auto-écoles (D6), préfecture par le polygone (R-01)","A (comptage) ; C (offre, activité non vérifiée)"
_mview_entreprisesvariees_entreprises_variees.fid-7111a9c0_19415ae4b4d_7292,Auto-école la Prudence Adidogomé,Non agréée,False,,"{jeudi, lundi, mardi, mercredi, samedi, vendredi}",Adidogome Franciscain,Aflao-Gakli,Golfe 5,Golfe,Golfe,Maritime,Grand Lomé,298518.6,684001.0,1.179108,6.185009,collecte 2021-2022,"auto-écoles (D6), préfecture par le polygone (R-01)","A (comptage) ; C (offre, activité non vérifiée)"
_mview_entreprisesvariees_entreprises_variees.fid-7111a9c0_19415ae4b4d_7293,Auto-école les Amis Adidogomé,Antenne agréée,True,04 Lome 762,"{jeudi, lundi, mardi, mercredi, samedi, vendredi}",Adidogome,Aflao-Gakli,Golfe 5,Golfe,Golfe,Maritime,Grand Lomé,297299.3,683620.7,1.168105,6.181533,collecte 2021-2022,"auto-écoles (D6), préfecture par le polygone (R-01)","A (comptage) ; C (offre, activité non vérifiée)"
_mview_entreprisesvariees_entreprises_variees.fid-7111a9c0_19415ae4b4d_7294,Auto-école Ava-Togo Adidogomé,Agréée,True,,"{jeudi, lundi, mardi, mercredi, vendredi}",Adidogome,Aflao-Gakli,Golfe 5,Golfe,Golfe,Maritime,Grand Lomé,295396.2,686042.7,1.150835,6.203372,collecte 2021-2022,"auto-écoles (D6), préfecture par le polygone (R-01)","A (comptage) ; C (offre, activité non vérifiée)"
_mview_entreprisesvariees_entreprises_variees.fid-7111a9c0_19415ae4b4d_7295,Auto-école le Jalon,Agréée,True,,"{jeudi, lundi, mardi, mercredi, samedi, vendredi}",Amadahome,Aflao-Gakli,Golfe 5,Golfe,Golfe,Maritime,Grand Lomé,296281.1,685523.1,1.158847,6.198702,collecte 2021-2022,"auto-écoles (D6), préfecture par le polygone (R-01)","A (comptage) ; C (offre, activité non vérifiée)"
_mview_entreprisesvariees_entreprises_variees.fid-7111a9c0_19415ae4b4d_7296,Auto-école Merveilles de Paris,Non agréée,False,,"{jeudi, lundi, mardi, mercredi, samedi, vendredi}",Adidoadin,Agoè-Nyivé,Agoè-Nyivé 1,Agoè-Nyivé,Agoè-Nyivé,Maritime,Grand Lomé,299359.9,686475.0,1.186633,6.207405,collecte 2021-2022,"auto-écoles (D6), préfecture par le polygone (R-01)","A (comptage) ; C (offre, activité non vérifiée)"
_mview_entreprisesvariees_entreprises_variees.fid-7111a9c0_19415ae4b4d_7297,Auto-école Adonaï Agbalépédogan,Agréée,True,,"{jeudi, lundi, mardi, mercredi, samedi, vendredi}",Agbalepedogan,Bè-Ouest,Golfe 3,Golfe,Golfe,Maritime,Grand Lomé,301671.7,684377.8,1.207583,6.188513,collecte 2021-2022,"auto-écoles (D6), préfecture par le polygone (R-01)","A (comptage) ; C (offre, activité non vérifiée)"
_mview_entreprisesvariees_entreprises_variees.fid-7111a9c0_19415ae4b4d_7298,Auto-école Dieu Merci Agbalépédogan,Non agréée,False,,"{jeudi, lundi, mardi, mercredi, vendredi}",Agbalepedogan,Aflao-Gakli,Golfe 5,Golfe,Golfe,Maritime,Grand Lomé,300008.2,685298.5,1.192527,6.196787,collecte 2021-2022,"auto-écoles (D6), préfecture par le polygone (R-01)","A (comptage) ; C (offre, activité non vérifiée)"
_mview_entreprisesvariees_entreprises_variees.fid-7111a9c0_19415ae4b4d_7299,Auto-école la Colombe de Dieu Annexe,Non agréée,False,,"{jeudi, mardi, mercredi, samedi, vendredi}",Adidoadin,Agoè-Nyivé,Agoè-Nyivé 1,Agoè-Nyivé,Agoè-Nyivé,Maritime,Grand Lomé,299498.5,686371.5,1.187888,6.206473,collecte 2021-2022,"auto-écoles (D6), préfecture par le polygone (R-01)","A (comptage) ; C (offre, activité non vérifiée)"
_mview_entreprisesvariees_entreprises_variees.fid-7111a9c0_19415ae4b4d_729a,Auto-école BM FEOP,Non agréée,False,,,Agbalepedo Dabla Kope,Agoè-Nyivé,Agoè-Nyivé 1,Agoè-Nyivé,Golfe,Maritime,Grand Lomé,301424.9,685600.4,1.205317,6.19956,collecte 2021-2022,"auto-écoles (D6), préfecture par le polygone (R-01)","A (comptage) ; C (offre, activité non vérifiée)"
_mview_entreprisesvariees_entreprises_variees.fid-7111a9c0_19415ae4b4d_729b,Auto-école ONG Domino,Agréée,True,90053418,"{jeudi, lundi, mardi, mercredi, vendredi}",Be,Bè-Est,Golfe 1,Golfe,Golfe,Maritime,Grand Lomé,305835.4,679531.7,1.245346,6.144821,collecte 2021-2022,"auto-écoles (D6), préfecture par le polygone (R-01)","A (comptage) ; C (offre, activité non vérifiée)"
_mview_entreprisesvariees_entreprises_variees.fid-7111a9c0_19415ae4b4d_729c,Auto-école la Référence Houvémé,Agréée,True,,"{jeudi, lundi, mardi, mercredi, samedi, vendredi}",Be Houveme,Bè-Est,Golfe 1,Golfe,Golfe,Maritime,Grand Lomé,306266.1,679880.2,1.249226,6.147985,collecte 2021-2022,"auto-écoles (D6), préfecture par le polygone (R-01)","A (comptage) ; C (offre, activité non vérifiée)"
_mview_entreprisesvariees_entreprises_variees.fid-7111a9c0_19415ae4b4d_729d,Auto-école Saint Antoine de Padoue,Agréée,True,91344868,"{jeudi, lundi, mardi, mercredi, samedi, vendredi}",Be Souza Kotokoukodzi,Bè-Est,Golfe 1,Golfe,Golfe,Maritime,Grand Lomé,306832.9,678564.1,1.254385,6.136101,collecte 2021-2022,"auto-écoles (D6), préfecture par le polygone (R-01)","A (comptage) ; C (offre, activité non vérifiée)"
_mview_entreprisesvariees_entreprises_variees.fid-7111a9c0_19415ae4b4d_729e,Auto-école Emmanuel Jules,Agréée,True,,"{jeudi, lundi, mardi, mercredi, samedi, vendredi}",Be Bassadji,Amoutivé,Golfe 4,Golfe,Golfe,Maritime,Grand Lomé,304778.5,679394.5,1.235802,6.143548,collecte 2021-2022,"auto-écoles (D6), préfecture par le polygone (R-01)","A (comptage) ; C (offre, activité non vérifiée)"
_mview_entreprisesvariees_entreprises_variees.fid-7111a9c0_19415ae4b4d_729f,Auto-école la Liberté Akato,Antenne agréée,True,Non Loin du Carrefour Akato Deme,"{jeudi, lundi, mardi, mercredi, samedi, vendredi}",Akato Deme,Aflao-Sagbado,Golfe 7,Golfe,Golfe,Maritime,Grand Lomé,289655.2,686065.4,1.098968,6.203393,collecte 2021-2022,"auto-écoles (D6), préfecture par le polygone (R-01)","A (comptage) ; C (offre, activité non vérifiée)"
_mview_entreprisesvariees_entreprises_variees.fid-7111a9c0_19415ae4b4d_72a0,Auto-école Basileia Gbossimé,Antenne agréée,True,,"{jeudi, lundi, mardi, mercredi, samedi, vendredi}",Gbossime,Bè-Ouest,Golfe 3,Golfe,Golfe,Maritime,Grand Lomé,301348.5,681115.5,1.204763,6.159007,collecte 2021-2022,"auto-écoles (D6), préfecture par le polygone (R-01)","A (comptage) ; C (offre, activité non vérifiée)"
_mview_entreprisesvariees_entreprises_variees.fid-7111a9c0_19415ae4b4d_72a1,Auto-école Saint Kizito Bè Hédzé,Antenne agréée,True,,"{jeudi, lundi, mardi, mercredi, samedi, vendredi}",Be Hedze,Bè-Est,Golfe 1,Golfe,Golfe,Maritime,Grand Lomé,305681.6,679852.1,1.243947,6.147713,collecte 2021-2022,"auto-écoles (D6), préfecture par le polygone (R-01)","A (comptage) ; C (offre, activité non vérifiée)"
_mview_entreprisesvariees_entreprises_variees.fid-7111a9c0_19415ae4b4d_72a2,Auto-école THV,Non agréée,False,,"{jeudi, lundi, mardi, mercredi, samedi, vendredi}",Ablogame,Bè-Est,Golfe 1,Golfe,Golfe,Maritime,Grand Lomé,307000.0,678605.5,1.255894,6.13648,collecte 2021-2022,"auto-écoles (D6), préfecture par le polygone (R-01)","A (comptage) ; C (offre, activité non vérifiée)"
_mview_entreprisesvariees_entreprises_variees.fid-7111a9c0_19415ae4b4d_72a3,Auto-école Diipesha,Non agréée,False,,"{jeudi, lundi, mardi, mercredi, samedi, vendredi}",Gbenyedji,Bè-Est,Golfe 1,Golfe,Golfe,Maritime,Grand Lomé,306955.3,679863.6,1.255453,6.147855,collecte 2021-2022,"auto-écoles (D6), préfecture par le polygone (R-01)","A (comptage) ; C (offre, activité non vérifiée)"
_mview_entreprisesvariees_entreprises_variees.fid-7111a9c0_19415ae4b4d_72a4,Auto-école Rapha Bè Kpota,Agréée,True,,"{jeudi, lundi, mardi, mercredi, samedi, vendredi}",Be Kpota,Bè-Est,Golfe 1,Golfe,Golfe,Maritime,Grand Lomé,305990.3,680414.3,1.246719,6.152805,collecte 2021-2022,"auto-écoles (D6), préfecture par le polygone (R-01)","A (comptage) ; C (offre, activité non vérifiée)"
_mview_entreprisesvariees_entreprises_variees.fid-7111a9c0_19415ae4b4d_72a5,Auto-école du Mono,Non agréée,False,91991803,"{jeudi, lundi, mardi, mercredi, samedi, vendredi}",Ablogame,Bè-Est,Golfe 1,Golfe,Golfe,Maritime,Grand Lomé,307622.2,678619.5,1.261514,6.136625,collecte 2021-2022,"auto-écoles (D6), préfecture par le polygone (R-01)","A (comptage) ; C (offre, activité non vérifiée)"
_mview_entreprisesvariees_entreprises_variees.fid-7111a9c0_19415ae4b4d_72a6,Auto-école Pas de Temps,Agréée,True,90243911,"{jeudi, lundi, mardi, mercredi, samedi, vendredi}",Be Kpota,Bè-Est,Golfe 1,Golfe,Golfe,Maritime,Grand Lomé,305788.9,680368.2,1.244901,6.152383,collecte 2021-2022,"auto-écoles (D6), préfecture par le polygone (R-01)","A (comptage) ; C (offre, activité non vérifiée)"
_mview_entreprisesvariees_entreprises_variees.fid-7111a9c0_19415ae4b4d_72a7,Auto-école le Genie Souza Nètimé,Antenne agréée,True,13BP: 538 Lomé-togo,"{jeudi, lundi, mardi, mercredi, samedi, vendredi}",Souza Netime,Bè-Est,Golfe 1,Golfe,Golfe,Maritime,Grand Lomé,304777.9,678682.4,1.235817,6.13711,collecte 2021-2022,"auto-écoles (D6), préfecture par le polygone (R-01)","A (comptage) ; C (offre, activité non vérifiée)"
_mview_entreprisesvariees_entreprises_variees.fid-7111a9c0_19415ae4b4d_72a8,Auto-école la Lumiere,Non agréée,False,,"{jeudi, lundi, mardi, mercredi, vendredi}",Be-kpota,Bè-Est,Golfe 1,Golfe,Golfe,Maritime,Grand Lomé,308130.6,680931.5,1.26604,6.157545,collecte 2021-2022,"auto-écoles (D6), préfecture par le polygone (R-01)","A (comptage) ; C (offre, activité non vérifiée)"
_mview_entreprisesvariees_entreprises_variees.fid-7111a9c0_19415ae4b4d_72a9,Auto-école Richmond,Non agréée,False,98736078,"{jeudi, lundi, mardi, mercredi, vendredi}",Souzanetime,Bè-Est,Golfe 1,Golfe,Golfe,Maritime,Grand Lomé,305599.6,678759.5,1.243238,6.137832,collecte 2021-2022,"auto-écoles (D6), préfecture par le polygone (R-01)","A (comptage) ; C (offre, activité non vérifiée)"
_mview_entreprisesvariees_entreprises_variees.fid-7111a9c0_19415ae4b4d_72aa,Auto-école Moderne,Non agréée,False,01BP1383,"{jeudi, lundi, mardi, mercredi, samedi, vendredi}",Akodessewa,Bè-Est,Golfe 1,Golfe,Golfe,Maritime,Grand Lomé,308011.4,680525.8,1.264975,6.153873,collecte 2021-2022,"auto-écoles (D6), préfecture par le polygone (R-01)","A (comptage) ; C (offre, activité non vérifiée)"
_mview_entreprisesvariees_entreprises_variees.fid-7111a9c0_19415ae4b4d_72ab,Auto-école St GK,Non agréée,False,,"{jeudi, lundi, mardi, mercredi, samedi, vendredi}",Sogbossito,Agoè-Nyivé,Agoè-Nyivé 1,Agoè-Nyivé,Agoè-Nyivé,Maritime,Grand Lomé,297715.4,691475.4,1.171618,6.252565,collecte 2021-2022,"auto-écoles (D6), préfecture par le polygone (R-01)","A (comptage) ; C (offre, activité non vérifiée)"
_mview_entreprisesvariees_entreprises_variees.fid-7111a9c0_19415ae4b4d_72ac,Auto-école le Requin,Non agréée,False,93207625,"{jeudi, lundi, mardi, mercredi, vendredi}",Hadi Kpota,Bè-Est,Golfe 1,Golfe,Golfe,Maritime,Grand Lomé,308199.7,681617.0,1.266644,6.163746,collecte 2021-2022,"auto-écoles (D6), préfecture par le polygone (R-01)","A (comptage) ; C (offre, activité non vérifiée)"
_mview_entreprisesvariees_entreprises_variees.fid-7111a9c0_19415ae4b4d_72ad,Auto-école à Dieu la Gloire Bè,Antenne agréée,True,92055124,"{jeudi, lundi, mardi, mercredi, samedi, vendredi}",N/a,Bè-Est,Golfe 1,Golfe,Golfe,Maritime,Grand Lomé,309172.6,682948.7,1.275394,6.175816,collecte 2021-2022,"auto-écoles (D6), préfecture par le polygone (R-01)","A (comptage) ; C (offre, activité non vérifiée)"
_mview_entreprisesvariees_entreprises_variees.fid-7111a9c0_19415ae4b4d_72ae,Auto-école Ecole JADS,Non agréée,False,92530809,"{jeudi, lundi, mardi, mercredi, vendredi}",Be Kpota,Bè-Est,Golfe 1,Golfe,Golfe,Maritime,Grand Lomé,307709.4,681310.5,1.262223,6.160959,collecte 2021-2022,"auto-écoles (D6), préfecture par le polygone (R-01)","A (comptage) ; C (offre, activité non vérifiée)"
_mview_entreprisesvariees_entreprises_variees.fid-7111a9c0_19415ae4b4d_72af,Auto-école le Professeur,Agréée,True,90134934/99953737,"{jeudi, lundi, mardi, mercredi, samedi, vendredi}",Atiegou,Bè-Est,Golfe 1,Golfe,Golfe,Maritime,Grand Lomé,308314.4,683209.2,1.267633,6.178146,collecte 2021-2022,"auto-écoles (D6), préfecture par le polygone (R-01)","A (comptage) ; C (offre, activité non vérifiée)"
_mview_entreprisesvariees_entreprises_variees.fid-7111a9c0_19415ae4b4d_72b0,Auto-école J.charmer,Non agréée,False,98447616/91694261,"{jeudi, lundi, mardi, mercredi, vendredi}",Be Kpota,Bè-Centre,Golfe 2,Golfe,Golfe,Maritime,Grand Lomé,305398.1,680236.3,1.241374,6.151179,collecte 2021-2022,"auto-écoles (D6), préfecture par le polygone (R-01)","A (comptage) ; C (offre, activité non vérifiée)"
_mview_entreprisesvariees_entreprises_variees.fid-7111a9c0_19415ae4b4d_72b1,Auto-école Emaris,Non agréée,False,91823279,"{jeudi, lundi, mardi, mercredi, samedi, vendredi}",Atiegou Kolas,Bè-Est,Golfe 1,Golfe,Golfe,Maritime,Grand Lomé,309194.3,683246.4,1.275582,6.178508,collecte 2021-2022,"auto-écoles (D6), préfecture par le polygone (R-01)","A (comptage) ; C (offre, activité non vérifiée)"
_mview_entreprisesvariees_entreprises_variees.fid-7111a9c0_19415ae4b4d_72b2,Auto-école le Genie Logopé,Agréée,True,,"{jeudi, lundi, mardi, mercredi, samedi, vendredi}",Logope,Agoè-Nyivé,Agoè-Nyivé 1,Agoè-Nyivé,Agoè-Nyivé,Maritime,Grand Lomé,299372.5,689410.8,1.186655,6.233949,collecte 2021-2022,"auto-écoles (D6), préfecture par le polygone (R-01)","A (comptage) ; C (offre, activité non vérifiée)"
_mview_entreprisesvariees_entreprises_variees.fid-7111a9c0_19415ae4b4d_72b3,Auto-école Awara,Agréée,True,Kossigan,"{jeudi, lundi, mardi, mercredi, samedi, vendredi}",Logope,Agoè-Nyivé,Agoè-Nyivé 1,Agoè-Nyivé,Agoè-Nyivé,Maritime,Grand Lomé,299201.3,689482.2,1.185107,6.23459,collecte 2021-2022,"auto-écoles (D6), préfecture par le polygone (R-01)","A (comptage) ; C (offre, activité non vérifiée)"
_mview_entreprisesvariees_entreprises_variees.fid-7111a9c0_19415ae4b4d_72b4,Auto-école KMK Sarl Annexe,Non agréée,False,,"{jeudi, lundi, mardi, mercredi, samedi, vendredi}",Logope,Agoè-Nyivé,Agoè-Nyivé 1,Agoè-Nyivé,Agoè-Nyivé,Maritime,Grand Lomé,298868.7,688987.5,1.182117,6.230107,collecte 2021-2022,"auto-écoles (D6), préfecture par le polygone (R-01)","A (comptage) ; C (offre, activité non vérifiée)"
_mview_entreprisesvariees_entreprises_variees.fid-7111a9c0_19415ae4b4d_72b5,Auto-école le Genie Afamé,Antenne agréée,True,BP 4234,"{jeudi, lundi, mardi, mercredi, vendredi}",Afame,Bè-Est,Golfe 1,Golfe,Golfe,Maritime,Grand Lomé,309582.5,682179.8,1.27912,6.168875,collecte 2021-2022,"auto-écoles (D6), préfecture par le polygone (R-01)","A (comptage) ; C (offre, activité non vérifiée)"
_mview_entreprisesvariees_entreprises_variees.fid-7111a9c0_19415ae4b4d_72b6,Auto-école Dieu Merci,Non agréée,False,92806935,"{jeudi, lundi, mardi, mercredi, vendredi}",Adakpame,Bè-Est,Golfe 1,Golfe,Golfe,Maritime,Grand Lomé,310991.7,682267.1,1.29185,6.169705,collecte 2021-2022,"auto-écoles (D6), préfecture par le polygone (R-01)","A (comptage) ; C (offre, activité non vérifiée)"
_mview_entreprisesvariees_entreprises_variees.fid-7111a9c0_19415ae4b4d_72b7,Auto-école Saint Kizito Zoro Bar,Antenne agréée,True,90997375,"{jeudi, lundi, mardi, mercredi, vendredi}",Zoro Bar,Bè-Est,Golfe 1,Golfe,Golfe,Maritime,Grand Lomé,310025.4,681973.9,1.283128,6.167026,collecte 2021-2022,"auto-écoles (D6), préfecture par le polygone (R-01)","A (comptage) ; C (offre, activité non vérifiée)"
_mview_entreprisesvariees_entreprises_variees.fid-7111a9c0_19415ae4b4d_72b8,Auto-école Saint Kizito Kagomé,Antenne agréée,True,,"{jeudi, lundi, mardi, mercredi, vendredi}",Kagome,Bè-Est,Golfe 1,Golfe,Golfe,Maritime,Grand Lomé,311712.8,682056.2,1.29837,6.167819,collecte 2021-2022,"auto-écoles (D6), préfecture par le polygone (R-01)","A (comptage) ; C (offre, activité non vérifiée)"
_mview_entreprisesvariees_entreprises_variees.fid-7111a9c0_19415ae4b4d_72b9,Auto-école la Puissance Divine Sabeto,Non agréée,False,98949126,"{jeudi, lundi, mardi, mercredi, samedi, vendredi}",Sabeto,Bè-Est,Golfe 1,Golfe,Golfe,Maritime,Grand Lomé,309912.1,682746.8,1.282082,6.174012,collecte 2021-2022,"auto-écoles (D6), préfecture par le polygone (R-01)","A (comptage) ; C (offre, activité non vérifiée)"
_mview_entreprisesvariees_entreprises_variees.fid-7111a9c0_19415ae4b4d_72ba,Auto-école la Puissance Divine Adakpamé,Non agréée,False,,"{jeudi, lundi, mardi, mercredi, samedi, vendredi}",Adakpame,Bè-Est,Golfe 1,Golfe,Golfe,Maritime,Grand Lomé,310749.9,682418.9,1.28966,6.171071,collecte 2021-2022,"auto-écoles (D6), préfecture par le polygone (R-01)","A (comptage) ; C (offre, activité non vérifiée)"
_mview_entreprisesvariees_entreprises_variees.fid-7111a9c0_19415ae4b4d_72bb,Auto-école l'étoile,Non agréée,False,,"{jeudi, lundi, mardi, mercredi, samedi, vendredi}",Kelegougan,Bè-Est,Golfe 1,Golfe,Agoè-Nyivé,Maritime,Grand Lomé,305333.0,687468.9,1.24057,6.216573,collecte 2021-2022,"auto-écoles (D6), préfecture par le polygone (R-01)","A (comptage) ; C (offre, activité non vérifiée)"
_mview_entreprisesvariees_entreprises_variees.fid-7111a9c0_19415ae4b4d_72bc,Auto-école Dieu Merci Adakpamé,Non agréée,False,,"{jeudi, lundi, mardi, mercredi, samedi, vendredi}",Adakpame,Bè-Est,Golfe 1,Golfe,Golfe,Maritime,Grand Lomé,310689.6,682038.0,1.289127,6.167625,collecte 2021-2022,"auto-écoles (D6), préfecture par le polygone (R-01)","A (comptage) ; C (offre, activité non vérifiée)"
_mview_entreprisesvariees_entreprises_variees.fid-7111a9c0_19415ae4b4d_72bd,Auto-école St Paul,Non agréée,False,,"{jeudi, lundi, mardi, mercredi, samedi, vendredi}",Nukafu,Bè-Centre,Golfe 2,Golfe,Golfe,Maritime,Grand Lomé,305444.7,681011.4,1.241772,6.158188,collecte 2021-2022,"auto-écoles (D6), préfecture par le polygone (R-01)","A (comptage) ; C (offre, activité non vérifiée)"
_mview_entreprisesvariees_entreprises_variees.fid-7111a9c0_19415ae4b4d_72be,Auto-école Malembe Malembe,Non agréée,False,,"{jeudi, lundi, mardi, mercredi, vendredi}",Togo 2000,Bè-Centre,Golfe 2,Golfe,Golfe,Maritime,Grand Lomé,306901.0,684398.2,1.254828,6.188855,collecte 2021-2022,"auto-écoles (D6), préfecture par le polygone (R-01)","A (comptage) ; C (offre, activité non vérifiée)"
_mview_entreprisesvariees_entreprises_variees.fid-7111a9c0_19415ae4b4d_72bf,Auto-école Rapha Wuiti-Nukafu,Antenne agréée,True,,"{jeudi, lundi, mardi, mercredi, vendredi}",Wuiti-nukafu,Bè-Centre,Golfe 2,Golfe,Golfe,Maritime,Grand Lomé,305241.5,681550.6,1.239921,6.163058,collecte 2021-2022,"auto-écoles (D6), préfecture par le polygone (R-01)","A (comptage) ; C (offre, activité non vérifiée)"
_mview_entreprisesvariees_entreprises_variees.fid-7111a9c0_19415ae4b4d_72c0,Auto-école la Perseverance,Non agréée,False,,"{jeudi, lundi, mardi, mercredi, vendredi}",Anoukopé,Amoutivé,Golfe 4,Golfe,Golfe,Maritime,Grand Lomé,302997.3,678702.4,1.219731,6.137237,collecte 2021-2022,"auto-écoles (D6), préfecture par le polygone (R-01)","A (comptage) ; C (offre, activité non vérifiée)"
_mview_entreprisesvariees_entreprises_variees.fid-7111a9c0_19415ae4b4d_72c1,Auto-école CFC-PRO SARL,Non agréée,False,,"{jeudi, lundi, mardi, mercredi, samedi, vendredi}",Be-clime,Bè-Ouest,Golfe 3,Golfe,Golfe,Maritime,Grand Lomé,301807.3,683380.3,1.208839,6.179498,collecte 2021-2022,"auto-écoles (D6), préfecture par le polygone (R-01)","A (comptage) ; C (offre, activité non vérifiée)"
_mview_entreprisesvariees_entreprises_variees.fid-7111a9c0_19415ae4b4d_72c2,Auto-école Petit Jesus,Non agréée,False,,"{jeudi, lundi, mardi, mercredi, samedi, vendredi}",Tekoin Séminaire,Amoutivé,Golfe 4,Golfe,Golfe,Maritime,Grand Lomé,302065.7,679924.7,1.211279,6.148261,collecte 2021-2022,"auto-écoles (D6), préfecture par le polygone (R-01)","A (comptage) ; C (offre, activité non vérifiée)"
_mview_entreprisesvariees_entreprises_variees.fid-7111a9c0_19415ae4b4d_72c3,Auto-école Amen,Non agréée,False,90189654,"{jeudi, lundi, mardi, mercredi, samedi, vendredi}",Carrefour Commando,Agoè-Nyivé,Agoè-Nyivé 1,Agoè-Nyivé,Agoè-Nyivé,Maritime,Grand Lomé,299619.0,690243.6,1.188857,6.241487,collecte 2021-2022,"auto-écoles (D6), préfecture par le polygone (R-01)","A (comptage) ; C (offre, activité non vérifiée)"
_mview_entreprisesvariees_entreprises_variees.fid-7111a9c0_19415ae4b4d_72c4,Auto-école le Citoyen,Non agréée,False,Agoè Koshigan 2,"{jeudi, lundi, mardi, mercredi, samedi, vendredi}",Koshigan2,Agoè-Nyivé,Agoè-Nyivé 1,Agoè-Nyivé,Agoè-Nyivé,Maritime,Grand Lomé,297157.0,690475.7,1.166604,6.243508,collecte 2021-2022,"auto-écoles (D6), préfecture par le polygone (R-01)","A (comptage) ; C (offre, activité non vérifiée)"
_mview_entreprisesvariees_entreprises_variees.fid-7111a9c0_19415ae4b4d_72c5,Auto-école les Benis,Non agréée,False,,,Agoe Assiyeye,Agoè-Nyivé,Agoè-Nyivé 1,Agoè-Nyivé,Agoè-Nyivé,Maritime,Grand Lomé,300908.0,689538.4,1.200525,6.235151,collecte 2021-2022,"auto-écoles (D6), préfecture par le polygone (R-01)","A (comptage) ; C (offre, activité non vérifiée)"
_mview_entreprisesvariees_entreprises_variees.fid-7111a9c0_19415ae4b4d_72c6,Auto-école le Reccord,Non agréée,False,,"{jeudi, lundi, mardi, mercredi, vendredi}",Agoe Minamadou,Agoè-Nyivé,Agoè-Nyivé 1,Agoè-Nyivé,Agoè-Nyivé,Maritime,Grand Lomé,300097.8,688395.7,1.19324,6.224793,collecte 2021-2022,"auto-écoles (D6), préfecture par le polygone (R-01)","A (comptage) ; C (offre, activité non vérifiée)"
_mview_entreprisesvariees_entreprises_variees.fid-7111a9c0_19415ae4b4d_72c7,Auto-école Nzambe-Nzambe Dekon,Antenne agréée,True,92861212,"{lundi,mardi,mercredi,jeudi,vendredi,samedi}",Dekon,Bè-Est,Golfe 1,Golfe,Golfe,Maritime,Grand Lomé,304597.3,678392.9,1.234195,6.134487,collecte 2021-2022,"auto-écoles (D6), préfecture par le polygone (R-01)","A (comptage) ; C (offre, activité non vérifiée)"
_mview_entreprisesvariees_entreprises_variees.fid-7111a9c0_19415ae4b4d_72c8,Auto-école Nzambe-Nzambe Kegue,Agréée,True,Sise en face du stade de kegue,"{lundi,mardi,mercredi,vendredi,samedi}",Kégué,Bè-Centre,Golfe 2,Golfe,Golfe,Maritime,Grand Lomé,305388.6,685781.9,1.241123,6.201321,collecte 2021-2022,"auto-écoles (D6), préfecture par le polygone (R-01)","A (comptage) ; C (offre, activité non vérifiée)"
_mview_entreprisesvariees_entreprises_variees.fid-7111a9c0_19415ae4b4d_72c9,Auto-école Nzambe-Nzambe Hedzranawoe,Antenne agréée,True,,"{lundi,mardi,mercredi,jeudi,vendredi,samedi}",Hedzranawoe,Bè-Centre,Golfe 2,Golfe,Golfe,Maritime,Grand Lomé,305728.0,682360.8,1.244292,6.170398,collecte 2021-2022,"auto-écoles (D6), préfecture par le polygone (R-01)","A (comptage) ; C (offre, activité non vérifiée)"
_mview_entreprisesvariees_entreprises_variees.fid-7111a9c0_19415ae4b4d_72ca,Auto-école l'internationale Pilote,Non agréée,False,BP 4225,"{lundi,mardi,mercredi,jeudi,vendredi}",Amoutiévé,Amoutivé,Golfe 4,Golfe,Golfe,Maritime,Grand Lomé,304010.6,678861.6,1.22888,6.138707,collecte 2021-2022,"auto-écoles (D6), préfecture par le polygone (R-01)","A (comptage) ; C (offre, activité non vérifiée)"
_mview_entreprisesvariees_entreprises_variees.fid-7111a9c0_19415ae4b4d_72cb,Auto-école Basileia  Abové,Agréée,True,,"{lundi,mardi,mercredi,jeudi,vendredi,samedi}",Above,Bè-Ouest,Golfe 3,Golfe,Golfe,Maritime,Grand Lomé,301349.4,681811.9,1.20475,6.165303,collecte 2021-2022,"auto-écoles (D6), préfecture par le polygone (R-01)","A (comptage) ; C (offre, activité non vérifiée)"
_mview_entreprisesvariees_entreprises_variees.fid-7111a9c0_19415ae4b4d_72cc,Auto-école la Maitrise,Agréée,True,01BP 5040,"{lundi,mardi,mercredi,jeudi,vendredi,samedi}",Nyekonakpoe,Amoutivé,Golfe 4,Golfe,Golfe,Maritime,Grand Lomé,301288.4,677544.2,1.204328,6.126713,collecte 2021-2022,"auto-écoles (D6), préfecture par le polygone (R-01)","A (comptage) ; C (offre, activité non vérifiée)"
_mview_entreprisesvariees_entreprises_variees.fid-7111a9c0_19415ae4b4d_72cd,Auto-école le Gouverneur,Agréée,True,BP 2803,"{lundi,mardi,mercredi,jeudi,vendredi,samedi}",Kassamblaca,Bè-Ouest,Golfe 3,Golfe,Golfe,Maritime,Grand Lomé,301576.1,680444.4,1.20684,6.152945,collecte 2021-2022,"auto-écoles (D6), préfecture par le polygone (R-01)","A (comptage) ; C (offre, activité non vérifiée)"
_mview_entreprisesvariees_entreprises_variees.fid-7111a9c0_19415ae4b4d_72ce,Auto-école Deo Compassion,Agréée,True,92233574,"{lundi,mardi,mercredi,jeudi,vendredi}",Nukafu,Bè-Centre,Golfe 2,Golfe,Golfe,Maritime,Grand Lomé,305039.1,681104.7,1.238105,6.15902,collecte 2021-2022,"auto-écoles (D6), préfecture par le polygone (R-01)","A (comptage) ; C (offre, activité non vérifiée)"
_mview_entreprisesvariees_entreprises_variees.fid-7111a9c0_19415ae4b4d_72cf,Auto-école Nzambe Nzambe Tinga,Antenne agréée,True,,"{lundi,mardi,jeudi,mercredi,samedi}",Tinga,Bè-Centre,Golfe 2,Golfe,Golfe,Maritime,Grand Lomé,306166.6,685765.6,1.248152,6.201197,collecte 2021-2022,"auto-écoles (D6), préfecture par le polygone (R-01)","A (comptage) ; C (offre, activité non vérifiée)"
_mview_entreprisesvariees_entreprises_variees.fid-7111a9c0_19415ae4b4d_72d0,Auto-école OCDI,Agréée,True,07BP448,"{lundi,mardi,mercredi,jeudi,vendredi}",Tokoin Séminaire,Bè-Ouest,Golfe 3,Golfe,Golfe,Maritime,Grand Lomé,301900.9,680016.0,1.209787,6.149082,collecte 2021-2022,"auto-écoles (D6), préfecture par le polygone (R-01)","A (comptage) ; C (offre, activité non vérifiée)"
_mview_entreprisesvariees_entreprises_variees.fid-7111a9c0_19415ae4b4d_72d1,Auto-école FCAM,Agréée,True,,"{lundi,mardi,mercredi,jeudi,vendredi,samedi}",Nyekonakpoe,Amoutivé,Golfe 4,Golfe,Golfe,Maritime,Grand Lomé,301118.9,677507.1,1.202798,6.126373,collecte 2021-2022,"auto-écoles (D6), préfecture par le polygone (R-01)","A (comptage) ; C (offre, activité non vérifiée)"
_mview_entreprisesvariees_entreprises_variees.fid-7111a9c0_19415ae4b4d_72d2,Auto-école la Patience,Non agréée,False,,"{lundi,mercredi,mardi,jeudi,vendredi}",Nyekonakpoe,Amoutivé,Golfe 4,Golfe,Golfe,Maritime,Grand Lomé,302326.3,678068.1,1.213688,6.131482,collecte 2021-2022,"auto-écoles (D6), préfecture par le polygone (R-01)","A (comptage) ; C (offre, activité non vérifiée)"
_mview_entreprisesvariees_entreprises_variees.fid-7111a9c0_19415ae4b4d_72d3,Auto-école AE,Non agréée,False,,"{lundi,mardi,mercredi,jeudi,vendredi}",Nukafu,Bè-Centre,Golfe 2,Golfe,Golfe,Maritime,Grand Lomé,304543.9,681032.2,1.233633,6.15835,collecte 2021-2022,"auto-écoles (D6), préfecture par le polygone (R-01)","A (comptage) ; C (offre, activité non vérifiée)"
_mview_entreprisesvariees_entreprises_variees.fid-7111a9c0_19415ae4b4d_72d4,Auto-école Guilgal,Agréée,True,,"{lundi,mardi,mercredi,jeudi,vendredi,samedi}",Hedzranawoe,Bè-Centre,Golfe 2,Golfe,Golfe,Maritime,Grand Lomé,305458.7,684066.4,1.241807,6.185812,collecte 2021-2022,"auto-écoles (D6), préfecture par le polygone (R-01)","A (comptage) ; C (offre, activité non vérifiée)"
_mview_entreprisesvariees_entreprises_variees.fid-7111a9c0_19415ae4b4d_72d5,Auto-école Grace Of God,Agréée,True,,"{lundi,mardi,mercredi,jeudi,vendredi,samedi}",Gbadago,Amoutivé,Golfe 4,Golfe,Golfe,Maritime,Grand Lomé,302442.9,679944.7,1.214685,6.148453,collecte 2021-2022,"auto-écoles (D6), préfecture par le polygone (R-01)","A (comptage) ; C (offre, activité non vérifiée)"
_mview_entreprisesvariees_entreprises_variees.fid-7111a9c0_19415ae4b4d_72d6,Auto-école Freeway,Agréée,True,,"{lundi,mardi,mercredi,jeudi,vendredi,samedi}",Sanguera,Sanguera,Agoè-Nyivé 5,Agoè-Nyivé,Agoè-Nyivé,Maritime,Grand Lomé,292102.3,689045.4,1.12098,6.230416,collecte 2021-2022,"auto-écoles (D6), préfecture par le polygone (R-01)","A (comptage) ; C (offre, activité non vérifiée)"
_mview_entreprisesvariees_entreprises_variees.fid-7111a9c0_19415ae4b4d_72d7,Auto-école Mega Succes,Non agréée,False,,"{lundi,mardi,mercredi,jeudi,vendredi,samedi}",Dekpo,Sanguera,Agoè-Nyivé 5,Agoè-Nyivé,Agoè-Nyivé,Maritime,Grand Lomé,291682.4,688742.3,1.117197,6.227662,collecte 2021-2022,"auto-écoles (D6), préfecture par le polygone (R-01)","A (comptage) ; C (offre, activité non vérifiée)"
_mview_entreprisesvariees_entreprises_variees.fid-7111a9c0_19415ae4b4d_72d8,Auto-école la Classe,Non agréée,False,,"{lundi,mardi,mercredi,jeudi,vendredi,samedi}",Logope,Légbassito,Agoè-Nyivé 2,Agoè-Nyivé,Agoè-Nyivé,Maritime,Grand Lomé,296299.8,691170.6,1.158838,6.249764,collecte 2021-2022,"auto-écoles (D6), préfecture par le polygone (R-01)","A (comptage) ; C (offre, activité non vérifiée)"
_mview_entreprisesvariees_entreprises_variees.fid-7111a9c0_19415ae4b4d_72d9,Auto-école Gloire à Dieu Légbassito,Antenne agréée,True,,"{lundi,mardi,mercredi,jeudi,vendredi}",Sogbassito,Agoè-Nyivé,Agoè-Nyivé 1,Agoè-Nyivé,Agoè-Nyivé,Maritime,Grand Lomé,297880.4,690928.2,1.173127,6.247623,collecte 2021-2022,"auto-écoles (D6), préfecture par le polygone (R-01)","A (comptage) ; C (offre, activité non vérifiée)"
_mview_entreprisesvariees_entreprises_variees.fid-7111a9c0_19415ae4b4d_72da,Auto-école St Francois,Non agréée,False,98048999,"{lundi,mardi,mercredi,vendredi,samedi}",Logopé,Légbassito,Agoè-Nyivé 2,Agoè-Nyivé,Agoè-Nyivé,Maritime,Grand Lomé,296170.9,691841.0,1.157651,6.255822,collecte 2021-2022,"auto-écoles (D6), préfecture par le polygone (R-01)","A (comptage) ; C (offre, activité non vérifiée)"
_mview_entreprisesvariees_entreprises_variees.fid-7111a9c0_19415ae4b4d_72db,Auto-école le Defi Septemtrion,Agréée,True,,"{lundi,mardi,mercredi,jeudi,vendredi,samedi,dimanche}",Fehing,Commune De Kara,Kozah 1,Kozah,Kozah,Kara,Kara,304405.7,1057517.1,1.217915,9.56223,collecte 2021-2022,"auto-écoles (D6), préfecture par le polygone (R-01)","A (comptage) ; C (offre, activité non vérifiée)"
_mview_entreprisesvariees_entreprises_variees.fid-7111a9c0_19415ae4b4d_72dc,Auto-école Securite Pour Tous,Agréée,True,BP 679,"{lundi,mardi,mercredi,jeudi,vendredi}",Ewaou,Commune De Kara,Kozah 1,Kozah,Kozah,Kara,Kara,302154.4,1055885.5,1.197488,9.547374,collecte 2021-2022,"auto-écoles (D6), préfecture par le polygone (R-01)","A (comptage) ; C (offre, activité non vérifiée)"
_mview_entreprisesvariees_entreprises_variees.fid-7111a9c0_19415ae4b4d_72dd,Auto-école Bon Courage Kparatao,Antenne agréée,True,,"{lundi,mardi,mercredi,jeudi,vendredi}",Kparantaou,Bafilo,Assoli 1,Assoli,Assoli,Kara,Kara,307423.5,1035361.8,1.246417,9.362073,collecte 2021-2022,"auto-écoles (D6), préfecture par le polygone (R-01)","A (comptage) ; C (offre, activité non vérifiée)"
_mview_entreprisesvariees_entreprises_variees.fid-7111a9c0_19415ae4b4d_72de,Auto-école la Connaissance,Non agréée,False,,,Andjaoude,Commune De Kara,Kozah 1,Kozah,Kozah,Kara,Kara,303305.3,1057168.7,1.207908,9.559028,collecte 2021-2022,"auto-écoles (D6), préfecture par le polygone (R-01)","A (comptage) ; C (offre, activité non vérifiée)"
_mview_entreprisesvariees_entreprises_variees.fid-7111a9c0_19415ae4b4d_72df,Auto-école Agbeteo,Non agréée,False,,"{lundi,mardi,mercredi,jeudi,vendredi,samedi}",Zongo,Commune De Kara,Kozah 1,Kozah,Kozah,Kara,Kara,300877.0,1055645.1,1.185865,9.54514,collecte 2021-2022,"auto-écoles (D6), préfecture par le polygone (R-01)","A (comptage) ; C (offre, activité non vérifiée)"
_mview_entreprisesvariees_entreprises_variees.fid-7111a9c0_19415ae4b4d_72e0,Auto-école la Bienvenue,Non agréée,False,,"{lundi,mercredi,jeudi,vendredi,dimanche,samedi,mardi}",Tomde,Commune De Kara,Kozah 1,Kozah,Kozah,Kara,Kara,302998.6,1056902.7,1.205128,9.556609,collecte 2021-2022,"auto-écoles (D6), préfecture par le polygone (R-01)","A (comptage) ; C (offre, activité non vérifiée)"
_mview_entreprisesvariees_entreprises_variees.fid-7111a9c0_19415ae4b4d_72e1,Auto-école Pugnus Dei Welade,Agréée,True,,"{samedi,vendredi,jeudi,mercredi,mardi,lundi}",Welade,Commune De Kara,Kozah 1,Kozah,Kozah,Kara,Kara,301711.6,1056984.6,1.193402,9.557289,collecte 2021-2022,"auto-écoles (D6), préfecture par le polygone (R-01)","A (comptage) ; C (offre, activité non vérifiée)"
_mview_entreprisesvariees_entreprises_variees.fid-7111a9c0_19415ae4b4d_72e2,Auto-école les Grands Patassoukomé,Antenne agréée,True,,"{lundi,mardi,mercredi,jeudi,vendredi,samedi}",Patassoukome,Commune De Kara,Kozah 1,Kozah,Kozah,Kara,Kara,301147.9,1055890.7,1.18832,9.547373,collecte 2021-2022,"auto-écoles (D6), préfecture par le polygone (R-01)","A (comptage) ; C (offre, activité non vérifiée)"
_mview_entreprisesvariees_entreprises_variees.fid-7111a9c0_19415ae4b4d_72e3,Auto-école Bon Courage Awaou,Agréée,True,BP 292,"{lundi,mardi,mercredi,jeudi,vendredi,samedi}",Ewaou,Commune De Kara,Kozah 1,Kozah,Kozah,Kara,Kara,302143.3,1055692.9,1.197395,9.545632,collecte 2021-2022,"auto-écoles (D6), préfecture par le polygone (R-01)","A (comptage) ; C (offre, activité non vérifiée)"
_mview_entreprisesvariees_entreprises_variees.fid-7111a9c0_19415ae4b4d_72e4,Auto-école le Sauveur Vient,Agréée,True,BP 147,"{lundi,mardi,mercredi,jeudi,vendredi,samedi}",Tomde,Commune De Kara,Kozah 1,Kozah,Kozah,Kara,Kara,302721.6,1056345.3,1.202632,9.551557,collecte 2021-2022,"auto-écoles (D6), préfecture par le polygone (R-01)","A (comptage) ; C (offre, activité non vérifiée)"
_mview_entreprisesvariees_entreprises_variees.fid-7111a9c0_19415ae4b4d_72e5,Auto-école de la Kozah,Non agréée,False,,"{dimanche,samedi,vendredi,jeudi,mercredi,mardi,lundi}",Tchalode,Commune De Kara,Kozah 1,Kozah,Kozah,Kara,Kara,301690.3,1058195.2,1.19315,9.568232,collecte 2021-2022,"auto-écoles (D6), préfecture par le polygone (R-01)","A (comptage) ; C (offre, activité non vérifiée)"
_mview_entreprisesvariees_entreprises_variees.fid-7111a9c0_19415ae4b4d_72e6,Auto-école Sajer,Non agréée,False,,"{lundi,mardi,mercredi,jeudi,vendredi,samedi}",Ewoou,Commune De Kara,Kozah 1,Kozah,Kozah,Kara,Kara,301494.5,1056029.2,1.19147,9.548642,collecte 2021-2022,"auto-écoles (D6), préfecture par le polygone (R-01)","A (comptage) ; C (offre, activité non vérifiée)"
_mview_entreprisesvariees_entreprises_variees.fid-7111a9c0_19415ae4b4d_72e7,Auto-école la Satisfaction,Non agréée,False,,"{lundi,mardi,mercredi,jeudi,vendredi,samedi,dimanche}",Nangbani,Bassar,Bassar 1,Bassar,Bassar,Kara,Kara,256743.1,1025717.0,0.785688,9.27232,collecte 2021-2022,"auto-écoles (D6), préfecture par le polygone (R-01)","A (comptage) ; C (offre, activité non vérifiée)"
_mview_entreprisesvariees_entreprises_variees.fid-7111a9c0_19415ae4b4d_72e8,Auto-école les Intégrés,Non agréée,False,,"{samedi,vendredi,jeudi,mercredi,mardi,lundi}",Biakpabe,Bassar,Bassar 1,Bassar,Bassar,Kara,Kara,256116.7,1025849.8,0.779982,9.273485,collecte 2021-2022,"auto-écoles (D6), préfecture par le polygone (R-01)","A (comptage) ; C (offre, activité non vérifiée)"
_mview_entreprisesvariees_entreprises_variees.fid-7111a9c0_19415ae4b4d_72e9,Auto-école Saint Jules Agbodan,Antenne agréée,True,99915996,"{samedi,vendredi,jeudi,mercredi,mardi,lundi}",Agbodan,Gbodjomé,Lacs 3,Lacs,Lacs,Maritime,Maritime hors Grand Lomé,324805.6,686318.0,1.416549,6.206722,collecte 2021-2022,"auto-écoles (D6), préfecture par le polygone (R-01)","A (comptage) ; C (offre, activité non vérifiée)"
_mview_entreprisesvariees_entreprises_variees.fid-7111a9c0_19415ae4b4d_72ea,Auto-école Damaris Agbavi,Antenne agréée,True,90047716,"{lundi,mardi,mercredi,jeudi,vendredi,samedi}",Agbavi,Gbodjomé,Lacs 3,Lacs,Lacs,Maritime,Maritime hors Grand Lomé,322386.0,684446.9,1.394737,6.189737,collecte 2021-2022,"auto-écoles (D6), préfecture par le polygone (R-01)","A (comptage) ; C (offre, activité non vérifiée)"
_mview_entreprisesvariees_entreprises_variees.fid-7111a9c0_19415ae4b4d_72eb,Auto-école le Berger,Non agréée,False,,"{lundi,mardi,mercredi,jeudi,vendredi,samedi}",Afoin Kpota,Anfoin,Lacs 4,Lacs,Lacs,Maritime,Maritime hors Grand Lomé,346265.1,699584.7,1.610147,6.327245,collecte 2021-2022,"auto-écoles (D6), préfecture par le polygone (R-01)","A (comptage) ; C (offre, activité non vérifiée)"
_mview_entreprisesvariees_entreprises_variees.fid-7111a9c0_19415ae4b4d_72ec,Auto-école Merciful God,Agréée,True,BP 78 Tsévié,"{lundi,mardi,mercredi,jeudi,vendredi,samedi}",Agbalipe,Tsévié,Zio 1,Zio,Zio,Maritime,Maritime hors Grand Lomé,302323.8,711291.7,1.212641,6.431883,collecte 2021-2022,"auto-écoles (D6), préfecture par le polygone (R-01)","A (comptage) ; C (offre, activité non vérifiée)"
_mview_entreprisesvariees_entreprises_variees.fid-7111a9c0_19415ae4b4d_72ed,Le Renouveau Centre de Formation Et d Éducation Routiere Aklakou,Non renseigné,False,,"{lundi,mardi,mercredi,jeudi,vendredi,samedi}",Aklakou Noblokome,Aklakou,Lacs 2,Lacs,Lacs,Maritime,Maritime hors Grand Lomé,357549.7,700798.2,1.71212,6.338483,collecte 2021-2022,"auto-écoles (D6), préfecture par le polygone (R-01)","A (comptage) ; C (offre, activité non vérifiée)"
_mview_entreprisesvariees_entreprises_variees.fid-7111a9c0_19415ae4b4d_72ee,Auto-école Domino,Agréée,True,99463827/91825854/98564654,"{lundi,mardi,mercredi,jeudi,vendredi,samedi}",Yesuvito,Vogan,Vo 1,Vo,Vo,Maritime,Maritime hors Grand Lomé,337352.0,700308.3,1.529566,6.333567,collecte 2021-2022,"auto-écoles (D6), préfecture par le polygone (R-01)","A (comptage) ; C (offre, activité non vérifiée)"
_mview_entreprisesvariees_entreprises_variees.fid-7111a9c0_19415ae4b4d_72ef,Auto-école Musai Togo,Non agréée,False,98254049 / 99044122,"{lundi,mardi,mercredi,jeudi,vendredi,samedi,dimanche}",Agbleta,Afagnangan,Bas-Mono 1,Bas-Mono,Bas-Mono,Maritime,Maritime hors Grand Lomé,347990.2,717948.4,1.625295,6.49336,collecte 2021-2022,"auto-écoles (D6), préfecture par le polygone (R-01)","A (comptage) ; C (offre, activité non vérifiée)"
_mview_entreprisesvariees_entreprises_variees.fid-7111a9c0_19415ae4b4d_72f0,Auto-école Saint Kizito Agbemavo,Antenne agréée,True,98840953 Vogan,"{lundi,mardi,mercredi,jeudi,vendredi,samedi}",Agbemavo,Vogan,Vo 1,Vo,Vo,Maritime,Maritime hors Grand Lomé,336656.3,701071.6,1.523258,6.340452,collecte 2021-2022,"auto-écoles (D6), préfecture par le polygone (R-01)","A (comptage) ; C (offre, activité non vérifiée)"
_mview_entreprisesvariees_entreprises_variees.fid-7111a9c0_19415ae4b4d_72f1,Auto-école Levireste,Non agréée,False,,"{lundi,mardi,mercredi,jeudi,vendredi,samedi}",Amadoto,Canton D’Aneho,Lacs 1,Lacs,Lacs,Maritime,Maritime hors Grand Lomé,346653.0,689765.7,1.613887,6.238456,collecte 2021-2022,"auto-écoles (D6), préfecture par le polygone (R-01)","A (comptage) ; C (offre, activité non vérifiée)"
_mview_entreprisesvariees_entreprises_variees.fid-7111a9c0_19415ae4b4d_72f2,Auto-école Amea,Non agréée,False,Cite A -togo,"{lundi,mardi,mercredi,jeudi,vendredi,samedi}",Cite A,Tabligbo,Yoto 1,Yoto,Yoto,Maritime,Maritime hors Grand Lomé,333750.1,729255.4,1.496237,6.595243,collecte 2021-2022,"auto-écoles (D6), préfecture par le polygone (R-01)","A (comptage) ; C (offre, activité non vérifiée)"
_mview_entreprisesvariees_entreprises_variees.fid-7111a9c0_19415ae4b4d_72f3,Auto-école  Nazareth,Non agréée,False,22485190/99553240/93737888,"{lundi,mardi,mercredi,jeudi,vendredi,samedi}",Lom Nava,Vogan,Vo 1,Vo,Vo,Maritime,Maritime hors Grand Lomé,338119.4,700183.3,1.536505,6.332457,collecte 2021-2022,"auto-écoles (D6), préfecture par le polygone (R-01)","A (comptage) ; C (offre, activité non vérifiée)"
_mview_entreprisesvariees_entreprises_variees.fid-7111a9c0_19415ae4b4d_72f4,Auto-école Radji Badou,Antenne agréée,True,90136290,"{lundi,mardi,mercredi,jeudi,vendredi,samedi}",Badou Ville,Badou,Wawa 1,Wawa,Wawa,Plateaux,Plateaux,235975.7,839151.0,0.607151,7.585032,collecte 2021-2022,"auto-écoles (D6), préfecture par le polygone (R-01)","A (comptage) ; C (offre, activité non vérifiée)"
_mview_entreprisesvariees_entreprises_variees.fid-7111a9c0_19415ae4b4d_72f5,Auto-école le Succès Badou,Antenne agréée,True,90683042,"{samedi,vendredi,jeudi,mercredi,mardi,lundi}",Badou Ville,Badou,Wawa 1,Wawa,Wawa,Plateaux,Plateaux,235863.2,839343.0,0.606123,7.586762,collecte 2021-2022,"auto-écoles (D6), préfecture par le polygone (R-01)","A (comptage) ; C (offre, activité non vérifiée)"
_mview_entreprisesvariees_entreprises_variees.fid-7111a9c0_19415ae4b4d_72f6,Auto-école Radji Agbonou Gare,Agréée,True,BP: 437,"{lundi,mardi,mercredi,jeudi,vendredi,samedi}",Agbonou Gare,Djama,Ogou 1,Ogou,Ogou,Plateaux,Plateaux,296477.4,831037.6,1.155566,7.51435,collecte 2021-2022,"auto-écoles (D6), préfecture par le polygone (R-01)","A (comptage) ; C (offre, activité non vérifiée)"
_mview_entreprisesvariees_entreprises_variees.fid-7111a9c0_19415ae4b4d_72f7,Auto-école El Dorado,Non agréée,False,,"{lundi,mardi,mercredi,jeudi,vendredi,samedi}",Amou Oblo,Amou-Oblo,Amou 2,Amou,Amou,Plateaux,Plateaux,264526.3,817011.5,0.866749,7.38625,collecte 2021-2022,"auto-écoles (D6), préfecture par le polygone (R-01)","A (comptage) ; C (offre, activité non vérifiée)"
_mview_entreprisesvariees_entreprises_variees.fid-7111a9c0_19415ae4b4d_72f8,Auto-école Alhamoudou,Agréée,True,,"{lundi,mardi,mercredi,jeudi,vendredi,samedi}",Anie,Anié,Anié 1,Anié,Anié,Plateaux,Plateaux,300779.9,859994.0,1.193443,7.776312,collecte 2021-2022,"auto-écoles (D6), préfecture par le polygone (R-01)","A (comptage) ; C (offre, activité non vérifiée)"
_mview_entreprisesvariees_entreprises_variees.fid-7111a9c0_19415ae4b4d_72f9,Auto-école le Permis Gadjépé,Non agréée,False,,"{lundi,mardi,mercredi,jeudi,vendredi,samedi}",Gadjepe,Agou-Tavié,Agou 1,Agou,Agou,Plateaux,Plateaux,247784.2,757432.0,0.717818,6.846978,collecte 2021-2022,"auto-écoles (D6), préfecture par le polygone (R-01)","A (comptage) ; C (offre, activité non vérifiée)"
_mview_entreprisesvariees_entreprises_variees.fid-7111a9c0_19415ae4b4d_72fa,Auto-école Dieu Seul T'aime,Agréée,True,,"{lundi,mardi,mercredi,jeudi,vendredi,samedi}",Totsoanyi,Agome-Kpalime,Kloto 1,Kloto,Kloto,Plateaux,Plateaux,238250.4,764314.7,0.631292,6.908769,collecte 2021-2022,"auto-écoles (D6), préfecture par le polygone (R-01)","A (comptage) ; C (offre, activité non vérifiée)"
_mview_entreprisesvariees_entreprises_variees.fid-7111a9c0_19415ae4b4d_72fb,Auto-école Ouro,Agréée,True,,"{lundi,mardi,mercredi,jeudi,vendredi,samedi}",Noumetukondzi,Agome-Kpalime,Kloto 1,Kloto,Kloto,Plateaux,Plateaux,238717.8,764221.3,0.635524,6.907945,collecte 2021-2022,"auto-écoles (D6), préfecture par le polygone (R-01)","A (comptage) ; C (offre, activité non vérifiée)"
_mview_entreprisesvariees_entreprises_variees.fid-7111a9c0_19415ae4b4d_72fc,Auto-école Radji Adéta,Antenne agréée,True,Adeta,"{samedi,vendredi,jeudi,mercredi,mardi}",Adeta,Kpélé-Novivé,Kpélé 1,Kpélé,Kpélé,Plateaux,Plateaux,249473.8,787747.2,0.731778,7.121065,collecte 2021-2022,"auto-écoles (D6), préfecture par le polygone (R-01)","A (comptage) ; C (offre, activité non vérifiée)"
_mview_entreprisesvariees_entreprises_variees.fid-7111a9c0_19415ae4b4d_72fd,Auto-école Gloire à Dieu Kpalimé,Agréée,True,,"{lundi,mardi,mercredi,jeudi,vendredi,samedi}",Kpalime,Agome-Kpalime,Kloto 1,Kloto,Kloto,Plateaux,Plateaux,238658.4,763309.8,0.635027,6.899705,collecte 2021-2022,"auto-écoles (D6), préfecture par le polygone (R-01)","A (comptage) ; C (offre, activité non vérifiée)"
_mview_entreprisesvariees_entreprises_variees.fid-7111a9c0_19415ae4b4d_72fe,Auto-école Prospera,Non agréée,False,,"{lundi,mardi,mercredi,jeudi,vendredi,samedi}",Lantaba,Cinkassé,Cinkassé 1,Cinkassé,Cinkassé,Savanes,Savanes,173114.9,1228680.2,0.008003,11.099995,collecte 2021-2022,"auto-écoles (D6), préfecture par le polygone (R-01)","A (comptage) ; C (offre, activité non vérifiée)"
_mview_entreprisesvariees_entreprises_variees.fid-7111a9c0_19415ae4b4d_72ff,Auto-école Yendam,Non agréée,False,,"{lundi,mardi,mercredi,jeudi,vendredi,samedi}",Tantigou,Dapaong,Tône 1,Tône,Tône,Savanes,Savanes,193379.6,1202287.4,0.19558,10.86337,collecte 2021-2022,"auto-écoles (D6), préfecture par le polygone (R-01)","A (comptage) ; C (offre, activité non vérifiée)"
_mview_entreprisesvariees_entreprises_variees.fid-7111a9c0_19415ae4b4d_7300,Auto-école Ak Prosper Tin-Salingue Timgdal,Antenne agréée,True,,"{lundi,mardi,mercredi,jeudi,vendredi,samedi}",Timgbal,Dapaong,Tône 1,Tône,Tône,Savanes,Savanes,194253.2,1203667.7,0.203447,10.875912,collecte 2021-2022,"auto-écoles (D6), préfecture par le polygone (R-01)","A (comptage) ; C (offre, activité non vérifiée)"
_mview_entreprisesvariees_entreprises_variees.fid-7111a9c0_19415ae4b4d_7301,Auto-école le Défi,Non agréée,False,92101984,"{lundi,mardi,mercredi,jeudi,vendredi,samedi}",Boumonga-ba,Dapaong,Tône 1,Tône,Tône,Savanes,Savanes,195106.9,1201527.0,0.211428,10.856645,collecte 2021-2022,"auto-écoles (D6), préfecture par le polygone (R-01)","A (comptage) ; C (offre, activité non vérifiée)"
_mview_entreprisesvariees_entreprises_variees.fid-7111a9c0_19415ae4b4d_7302,Auto-école Prosper AK,Agréée,True,,"{lundi,mardi,mercredi,jeudi,vendredi,samedi}",Orkoiré,Dapaong,Tône 1,Tône,Tône,Savanes,Savanes,194999.4,1201539.6,0.210445,10.85675,collecte 2021-2022,"auto-écoles (D6), préfecture par le polygone (R-01)","A (comptage) ; C (offre, activité non vérifiée)"
_mview_entreprisesvariees_entreprises_variees.fid-7111a9c0_19415ae4b4d_7303,Auto-école les Grands Kombonloaga,Agréée,True,,"{lundi,mardi,mercredi,jeudi,vendredi,samedi}",Kombonloaga,Dapaong,Tône 1,Tône,Tône,Savanes,Savanes,193817.1,1202991.3,0.199518,10.869765,collecte 2021-2022,"auto-écoles (D6), préfecture par le polygone (R-01)","A (comptage) ; C (offre, activité non vérifiée)"
_mview_entreprisesvariees_entreprises_variees.fid-7111a9c0_19415ae4b4d_7304,Auto-école Prosperak Annex Mango,Non agréée,False,90857026,"{lundi,mardi,mercredi,jeudi,vendredi,samedi}",Sangbana,Mango,Oti 1,Oti,Oti,Savanes,Savanes,223569.4,1145638.1,0.475708,10.353916,collecte 2021-2022,"auto-écoles (D6), préfecture par le polygone (R-01)","A (comptage) ; C (offre, activité non vérifiée)"
_mview_entreprisesvariees_entreprises_variees.fid-7111a9c0_19415ae4b4d_7305,Auto-école Sawari,Non agréée,False,A Côté de L'église Catholique Mango,"{lundi,mardi,mercredi,jeudi,vendredi}",Gono,Mango,Oti 1,Oti,Oti,Savanes,Savanes,223467.8,1145703.1,0.474777,10.354497,collecte 2021-2022,"auto-écoles (D6), préfecture par le polygone (R-01)","A (comptage) ; C (offre, activité non vérifiée)"
_mview_entreprisesvariees_entreprises_variees.fid-7111a9c0_19415ae4b4d_7306,Auto-école la delivrance,Non agréée,False,93237514,"{vendredi,jeudi,mercredi,mardi,lundi}",Chef Canton,Barkoissi,Oti 2,Oti,Oti,Savanes,Savanes,204834.3,1167850.0,0.30302,10.553197,collecte 2021-2022,"auto-écoles (D6), préfecture par le polygone (R-01)","A (comptage) ; C (offre, activité non vérifiée)"
_mview_entreprisesvariees_entreprises_variees.fid-7111a9c0_19415ae4b4d_7307,Auto-école AK Prospere Tin-Salingue Cinkanssé,Agréée,True,90 57 37 37,"{lundi,mardi,mercredi,jeudi,vendredi,samedi,dimanche}",Cinkanssé Langtaba ,Cinkassé,Cinkassé 1,Cinkassé,Cinkassé,Savanes,Savanes,173122.4,1228673.5,0.008072,11.099935,collecte 2021-2022,"auto-écoles (D6), préfecture par le polygone (R-01)","A (comptage) ; C (offre, activité non vérifiée)"
_mview_entreprisesvariees_entreprises_variees.fid-7111a9c0_19415ae4b4d_7308,Auto-école Audacieux,Agréée,True,,"{samedi,vendredi,jeudi,mercredi,mardi,lundi}",Hedzranawoe,Bè-Centre,Golfe 2,Golfe,Golfe,Maritime,Grand Lomé,305761.9,684685.9,1.244528,6.191423,collecte 2021-2022,"auto-écoles (D6), préfecture par le polygone (R-01)","A (comptage) ; C (offre, activité non vérifiée)"
_mview_entreprisesvariees_entreprises_variees.fid-7111a9c0_19415ae4b4d_7309,Auto-école Ava Togo Amadahomé,Non agréée,False,,"{lundi,mardi,mercredi,jeudi,vendredi,samedi}",Amadahome,Aflao-Gakli,Golfe 5,Golfe,Golfe,Maritime,Grand Lomé,295398.1,686053.6,1.150852,6.20347,collecte 2021-2022,"auto-écoles (D6), préfecture par le polygone (R-01)","A (comptage) ; C (offre, activité non vérifiée)"
_mview_entreprisesvariees_entreprises_variees.fid-7111a9c0_19415ae4b4d_730a,Auto-école Blessing,Agréée,True,08Bp 81065,"{lundi,mardi,mercredi,jeudi,vendredi,samedi}",Agoè Fiovi,Agoè-Nyivé,Agoè-Nyivé 1,Agoè-Nyivé,Agoè-Nyivé,Maritime,Grand Lomé,299877.9,689999.3,1.191204,6.239286,collecte 2021-2022,"auto-écoles (D6), préfecture par le polygone (R-01)","A (comptage) ; C (offre, activité non vérifiée)"
_mview_entreprisesvariees_entreprises_variees.fid-7111a9c0_19415ae4b4d_730b,Auto-école ESCA (Ecole Supérieure de Conduite Automobile),Agréée,True,BP 60257 lomé Togo,"{lundi,mardi,mercredi,jeudi,vendredi,samedi}",Attiegou,Bè-Centre,Golfe 2,Golfe,Golfe,Maritime,Grand Lomé,307802.9,685239.2,1.262952,6.196486,collecte 2021-2022,"auto-écoles (D6), préfecture par le polygone (R-01)","A (comptage) ; C (offre, activité non vérifiée)"
_mview_entreprisesvariees_entreprises_variees.fid-7111a9c0_19415ae4b4d_730c,Auto-école Essofa,Agréée,True,,"{lundi,mardi,mercredi,jeudi,vendredi,samedi}",Cacaveli,Agoè-Nyivé,Agoè-Nyivé 1,Agoè-Nyivé,Agoè-Nyivé,Maritime,Grand Lomé,300601.9,686736.7,1.197846,6.209809,collecte 2021-2022,"auto-écoles (D6), préfecture par le polygone (R-01)","A (comptage) ; C (offre, activité non vérifiée)"
_mview_entreprisesvariees_entreprises_variees.fid-7111a9c0_19415ae4b4d_730d,Auto-école Forrever conduite,Agréée,True,,"{lundi,mardi,mercredi,jeudi,vendredi,samedi}",Tokoin Wuiti,Bè-Ouest,Golfe 3,Golfe,Golfe,Maritime,Grand Lomé,304157.0,682037.8,1.230108,6.167431,collecte 2021-2022,"auto-écoles (D6), préfecture par le polygone (R-01)","A (comptage) ; C (offre, activité non vérifiée)"
_mview_entreprisesvariees_entreprises_variees.fid-7111a9c0_19415ae4b4d_730e,Auto-école la Fierté,Agréée,True,"Sise à agoe Demakpoe sur la voie d'assiyeye échangeur peu avant les rails côté ouest, Lome","{lundi,mardi,mercredi,jeudi,vendredi,samedi}",Demakpoe,Agoè-Nyivé,Agoè-Nyivé 1,Agoè-Nyivé,Agoè-Nyivé,Maritime,Grand Lomé,301115.4,689802.4,1.202391,6.237544,collecte 2021-2022,"auto-écoles (D6), préfecture par le polygone (R-01)","A (comptage) ; C (offre, activité non vérifiée)"
_mview_entreprisesvariees_entreprises_variees.fid-7111a9c0_19415ae4b4d_730f,Auto-école le Succès Atakpamé,Agréée,True,70246230,"{lundi,mardi,mercredi,jeudi,vendredi}",Atakpame,Gnagna,Ogou 1,Ogou,Ogou,Plateaux,Plateaux,296440.6,829237.0,1.155301,7.498069,collecte 2021-2022,"auto-écoles (D6), préfecture par le polygone (R-01)","A (comptage) ; C (offre, activité non vérifiée)"
_mview_entreprisesvariees_entreprises_variees.fid-7111a9c0_19415ae4b4d_7310,Auto-école le Paraclet Houmbi,Agréée,True,Sise à agir koffi Manou en face du bar palais russ,"{lundi,mardi,mercredi,jeudi,vendredi,samedi}",Houmbi,Agoè-Nyivé,Agoè-Nyivé 1,Agoè-Nyivé,Agoè-Nyivé,Maritime,Grand Lomé,303916.2,687816.1,1.227758,6.21967,collecte 2021-2022,"auto-écoles (D6), préfecture par le polygone (R-01)","A (comptage) ; C (offre, activité non vérifiée)"
_mview_entreprisesvariees_entreprises_variees.fid-7111a9c0_19415ae4b4d_7311,Auto-école le Salut,Agréée,True,Sise en face du lycée de tokoin entre l'hôte eda oba et la dpj lome,"{lundi,mardi,mercredi,jeudi,vendredi,samedi}",Tokoin Wuti ,Bè-Ouest,Golfe 3,Golfe,Golfe,Maritime,Grand Lomé,304265.4,680394.1,1.231137,6.152572,collecte 2021-2022,"auto-écoles (D6), préfecture par le polygone (R-01)","A (comptage) ; C (offre, activité non vérifiée)"
_mview_entreprisesvariees_entreprises_variees.fid-7111a9c0_19415ae4b4d_7312,Auto-école L'Itineraire Annexe Forever,Antenne agréée,True,"Sise tokoin forrever, derrière le siège du plan togo","{lundi,mardi,jeudi,mercredi,vendredi,samedi}",Forrever,Bè-Ouest,Golfe 3,Golfe,Golfe,Maritime,Grand Lomé,303989.9,681269.6,1.228621,6.160479,collecte 2021-2022,"auto-écoles (D6), préfecture par le polygone (R-01)","A (comptage) ; C (offre, activité non vérifiée)"
_mview_entreprisesvariees_entreprises_variees.fid-7111a9c0_19415ae4b4d_7313,Auto-école Pasteur,Agréée,True,"Rue de l'Entente, ex rue de l'Ocam face hôtel de la Paix, Bè château","{lundi,mardi,mercredi,jeudi,vendredi}",Bè Château,Bè-Est,Golfe 1,Golfe,Golfe,Maritime,Grand Lomé,306012.0,678225.6,1.24698,6.133016,collecte 2021-2022,"auto-écoles (D6), préfecture par le polygone (R-01)","A (comptage) ; C (offre, activité non vérifiée)"
_mview_entreprisesvariees_entreprises_variees.fid-7111a9c0_19415ae4b4d_7314,Auto-école Romana's,Agréée,True,"Non loin des rails face pharmacie Victoir, st AVEDJI wessome","{lundi,mardi,mercredi,jeudi,vendredi,samedi}",Avedji Wessome,Aflao-Gakli,Golfe 5,Golfe,Golfe,Maritime,Grand Lomé,297645.0,684843.7,1.17119,6.192602,collecte 2021-2022,"auto-écoles (D6), préfecture par le polygone (R-01)","A (comptage) ; C (offre, activité non vérifiée)"
_mview_entreprisesvariees_entreprises_variees.fid-7111a9c0_19415ae4b4d_7315,Auto-école Saint Elie,Agréée,True,"Sise à adidoadin, non loin du carrefour bodjona,en face de la direction sanol","{lundi,mardi,mercredi,jeudi,vendredi,samedi}",Adidoadin,Aflao-Gakli,Golfe 5,Golfe,Golfe,Maritime,Grand Lomé,299637.9,686228.4,1.189152,6.205183,collecte 2021-2022,"auto-écoles (D6), préfecture par le polygone (R-01)","A (comptage) ; C (offre, activité non vérifiée)"
_mview_entreprisesvariees_entreprises_variees.fid-7111a9c0_19415ae4b4d_7316,Auto-école Saint Imamiah quartier des Etoiles,Agréée,True,68 rue 52 Ayatome 90710127,"{lundi,mardi,mercredi,jeudi,vendredi,samedi}",Quartier Des Étoiles,Amoutivé,Golfe 4,Golfe,Golfe,Maritime,Grand Lomé,303118.3,678149.8,1.22084,6.132245,collecte 2021-2022,"auto-écoles (D6), préfecture par le polygone (R-01)","A (comptage) ; C (offre, activité non vérifiée)"
_mview_entreprisesvariees_entreprises_variees.fid-7111a9c0_19415ae4b4d_7317,Auto-école Saint Jules Avépozo,Agréée,True,Avepozo,"{lundi,mardi,mercredi,jeudi,vendredi,samedi}",Avepozo,Baguida,Golfe 6,Golfe,Golfe,Maritime,Grand Lomé,316511.8,682119.3,1.341727,6.168527,collecte 2021-2022,"auto-écoles (D6), préfecture par le polygone (R-01)","A (comptage) ; C (offre, activité non vérifiée)"
_mview_entreprisesvariees_entreprises_variees.fid-7111a9c0_19415ae4b4d_7318,Auto-école Saint Kizito Adakpamé,Agréée,True,,"{samedi,vendredi,jeudi,mercredi,mardi,lundi}",Adakpamé,Bè-Est,Golfe 1,Golfe,Golfe,Maritime,Grand Lomé,308340.3,681593.8,1.267914,6.16354,collecte 2021-2022,"auto-écoles (D6), préfecture par le polygone (R-01)","A (comptage) ; C (offre, activité non vérifiée)"
_mview_entreprisesvariees_entreprises_variees.fid-7111a9c0_19415ae4b4d_7319,Auto-école Saint Max,Agréée,True,,"{samedi,vendredi,jeudi,mercredi,mardi,lundi}",Avédji,Agoè-Nyivé,Agoè-Nyivé 1,Agoè-Nyivé,Golfe,Maritime,Grand Lomé,298792.0,686498.5,1.181501,6.207599,collecte 2021-2022,"auto-écoles (D6), préfecture par le polygone (R-01)","A (comptage) ; C (offre, activité non vérifiée)"
_mview_entreprisesvariees_entreprises_variees.fid-7111a9c0_19415ae4b4d_731a,Auto-école Sous les Ailles de Dieu Adidoadin,Agréée,True,,"{samedi,vendredi,jeudi,mercredi,mardi,lundi}",Adidoadin,Aflao-Gakli,Golfe 5,Golfe,Golfe,Maritime,Grand Lomé,299447.7,685970.6,1.187442,6.202847,collecte 2021-2022,"auto-écoles (D6), préfecture par le polygone (R-01)","A (comptage) ; C (offre, activité non vérifiée)"
_mview_entreprisesvariees_entreprises_variees.fid-7111a9c0_19415ae4b4d_731b,Auto-école Zebra Adidogomé,Agréée,True,,"{samedi,vendredi,jeudi,mercredi,mardi,lundi}",Adidogomé,Aflao-Gakli,Golfe 5,Golfe,Golfe,Maritime,Grand Lomé,296315.0,684708.0,1.159178,6.191333,collecte 2021-2022,"auto-écoles (D6), préfecture par le polygone (R-01)","A (comptage) ; C (offre, activité non vérifiée)"
_mview_entreprisesvariees_entreprises_variees.fid-7111a9c0_19415ae4b4d_731c,Auto-école Lobokona Nzambe,Agréée,True,,"{jeudi, lundi, mardi, mercredi, vendredi}",Nyékonakpoè,Amoutivé,Golfe 4,Golfe,Golfe,Maritime,Grand Lomé,301439.7,677901.6,1.205684,6.12995,collecte 2021-2022,"auto-écoles (D6), préfecture par le polygone (R-01)","A (comptage) ; C (offre, activité non vérifiée)"
