Maille,Territoire,Année,Catégorie,Rapport,Indicateur,Numérateur,Dénominateur,Valeur,Borne basse,Borne haute,Unité,Niveau,Note
National,Togo,1990,Moto,Part de chaque groupe,O1-02,1513.0,6829.0,22.2,,,%,B,
National,Togo,1990,Voiture,Part de chaque groupe,O1-02,3814.0,6829.0,55.9,,,%,B,
National,Togo,1990,Poids lourd,Part de chaque groupe,O1-02,337.0,6829.0,4.9,,,%,B,
National,Togo,1990,Bus et car,Part de chaque groupe,O1-02,59.0,6829.0,0.9,,,%,B,
National,Togo,1990,Autres,Part de chaque groupe,O1-02,1106.0,6829.0,16.2,,,%,B,
National,Togo,1990,Moto,Immatriculations pour 1 000 habitants,O1-04,1513.0,3677181.0,0.41,,,pour 1 000 habitants,C,
National,Togo,1990,Voiture,Immatriculations pour 1 000 habitants,O1-04,3814.0,3677181.0,1.04,,,pour 1 000 habitants,C,
National,Togo,1990,Poids lourd,Immatriculations pour 1 000 habitants,O1-04,337.0,3677181.0,0.09,,,pour 1 000 habitants,C,
National,Togo,1990,Bus et car,Immatriculations pour 1 000 habitants,O1-04,59.0,3677181.0,0.02,,,pour 1 000 habitants,C,
National,Togo,1990,Autres,Immatriculations pour 1 000 habitants,O1-04,1106.0,3677181.0,0.3,,,pour 1 000 habitants,C,
National,Togo,1990,Ensemble,Immatriculations pour 1 000 habitants,O1-04,6829.0,3677181.0,1.86,,,pour 1 000 habitants,C,
National,Togo,1991,Moto,Part de chaque groupe,O1-02,1601.0,7069.0,22.6,,,%,B,
National,Togo,1991,Voiture,Part de chaque groupe,O1-02,4004.0,7069.0,56.6,,,%,B,
National,Togo,1991,Poids lourd,Part de chaque groupe,O1-02,381.0,7069.0,5.4,,,%,B,
National,Togo,1991,Bus et car,Part de chaque groupe,O1-02,31.0,7069.0,0.4,,,%,B,
National,Togo,1991,Autres,Part de chaque groupe,O1-02,1052.0,7069.0,14.9,,,%,B,
National,Togo,1991,Moto,Immatriculations pour 1 000 habitants,O1-04,1601.0,3784587.0,0.42,,,pour 1 000 habitants,C,
National,Togo,1991,Voiture,Immatriculations pour 1 000 habitants,O1-04,4004.0,3784587.0,1.06,,,pour 1 000 habitants,C,
National,Togo,1991,Poids lourd,Immatriculations pour 1 000 habitants,O1-04,381.0,3784587.0,0.1,,,pour 1 000 habitants,C,
National,Togo,1991,Bus et car,Immatriculations pour 1 000 habitants,O1-04,31.0,3784587.0,0.01,,,pour 1 000 habitants,C,
National,Togo,1991,Autres,Immatriculations pour 1 000 habitants,O1-04,1052.0,3784587.0,0.28,,,pour 1 000 habitants,C,
National,Togo,1991,Ensemble,Immatriculations pour 1 000 habitants,O1-04,7069.0,3784587.0,1.87,,,pour 1 000 habitants,C,
National,Togo,1992,Moto,Part de chaque groupe,O1-02,1641.0,7250.0,22.6,,,%,B,
National,Togo,1992,Voiture,Part de chaque groupe,O1-02,4300.0,7250.0,59.3,,,%,B,
National,Togo,1992,Poids lourd,Part de chaque groupe,O1-02,386.0,7250.0,5.3,,,%,B,
National,Togo,1992,Bus et car,Part de chaque groupe,O1-02,32.0,7250.0,0.4,,,%,B,
National,Togo,1992,Autres,Part de chaque groupe,O1-02,891.0,7250.0,12.3,,,%,B,
National,Togo,1992,Moto,Immatriculations pour 1 000 habitants,O1-04,1641.0,3893149.0,0.42,,,pour 1 000 habitants,C,
National,Togo,1992,Voiture,Immatriculations pour 1 000 habitants,O1-04,4300.0,3893149.0,1.1,,,pour 1 000 habitants,C,
National,Togo,1992,Poids lourd,Immatriculations pour 1 000 habitants,O1-04,386.0,3893149.0,0.1,,,pour 1 000 habitants,C,
National,Togo,1992,Bus et car,Immatriculations pour 1 000 habitants,O1-04,32.0,3893149.0,0.01,,,pour 1 000 habitants,C,
National,Togo,1992,Autres,Immatriculations pour 1 000 habitants,O1-04,891.0,3893149.0,0.23,,,pour 1 000 habitants,C,
National,Togo,1992,Ensemble,Immatriculations pour 1 000 habitants,O1-04,7250.0,3893149.0,1.86,,,pour 1 000 habitants,C,
National,Togo,1993,Moto,Part de chaque groupe,O1-02,982.0,4349.0,22.6,,,%,B,
National,Togo,1993,Voiture,Part de chaque groupe,O1-02,2577.0,4349.0,59.3,,,%,B,
National,Togo,1993,Poids lourd,Part de chaque groupe,O1-02,252.0,4349.0,5.8,,,%,B,
National,Togo,1993,Bus et car,Part de chaque groupe,O1-02,3.0,4349.0,0.1,,,%,B,
National,Togo,1993,Autres,Part de chaque groupe,O1-02,535.0,4349.0,12.3,,,%,B,
National,Togo,1993,Moto,Immatriculations pour 1 000 habitants,O1-04,982.0,3869090.0,0.25,,,pour 1 000 habitants,C,
National,Togo,1993,Voiture,Immatriculations pour 1 000 habitants,O1-04,2577.0,3869090.0,0.67,,,pour 1 000 habitants,C,
National,Togo,1993,Poids lourd,Immatriculations pour 1 000 habitants,O1-04,252.0,3869090.0,0.07,,,pour 1 000 habitants,C,
National,Togo,1993,Bus et car,Immatriculations pour 1 000 habitants,O1-04,3.0,3869090.0,0.0,,,pour 1 000 habitants,C,
National,Togo,1993,Autres,Immatriculations pour 1 000 habitants,O1-04,535.0,3869090.0,0.14,,,pour 1 000 habitants,C,
National,Togo,1993,Ensemble,Immatriculations pour 1 000 habitants,O1-04,4349.0,3869090.0,1.12,,,pour 1 000 habitants,C,
National,Togo,1994,Moto,Part de chaque groupe,O1-02,1887.0,6124.0,30.8,,,%,B,
National,Togo,1994,Voiture,Part de chaque groupe,O1-02,3227.0,6124.0,52.7,,,%,B,
National,Togo,1994,Poids lourd,Part de chaque groupe,O1-02,271.0,6124.0,4.4,,,%,B,
National,Togo,1994,Bus et car,Part de chaque groupe,O1-02,29.0,6124.0,0.5,,,%,B,
National,Togo,1994,Autres,Part de chaque groupe,O1-02,710.0,6124.0,11.6,,,%,B,
National,Togo,1994,Moto,Immatriculations pour 1 000 habitants,O1-04,1887.0,3883331.0,0.49,,,pour 1 000 habitants,C,
National,Togo,1994,Voiture,Immatriculations pour 1 000 habitants,O1-04,3227.0,3883331.0,0.83,,,pour 1 000 habitants,C,
National,Togo,1994,Poids lourd,Immatriculations pour 1 000 habitants,O1-04,271.0,3883331.0,0.07,,,pour 1 000 habitants,C,
National,Togo,1994,Bus et car,Immatriculations pour 1 000 habitants,O1-04,29.0,3883331.0,0.01,,,pour 1 000 habitants,C,
National,Togo,1994,Autres,Immatriculations pour 1 000 habitants,O1-04,710.0,3883331.0,0.18,,,pour 1 000 habitants,C,
National,Togo,1994,Ensemble,Immatriculations pour 1 000 habitants,O1-04,6124.0,3883331.0,1.58,,,pour 1 000 habitants,C,
National,Togo,1995,Moto,Part de chaque groupe,O1-02,13883.0,21836.0,63.6,,,%,B,
National,Togo,1995,Voiture,Part de chaque groupe,O1-02,6728.0,21836.0,30.8,,,%,B,
National,Togo,1995,Poids lourd,Part de chaque groupe,O1-02,357.0,21836.0,1.6,,,%,B,
National,Togo,1995,Bus et car,Part de chaque groupe,O1-02,15.0,21836.0,0.1,,,%,B,
National,Togo,1995,Autres,Part de chaque groupe,O1-02,853.0,21836.0,3.9,,,%,B,
National,Togo,1995,Moto,Immatriculations pour 1 000 habitants,O1-04,13883.0,4056113.0,3.42,,,pour 1 000 habitants,C,
National,Togo,1995,Voiture,Immatriculations pour 1 000 habitants,O1-04,6728.0,4056113.0,1.66,,,pour 1 000 habitants,C,
National,Togo,1995,Poids lourd,Immatriculations pour 1 000 habitants,O1-04,357.0,4056113.0,0.09,,,pour 1 000 habitants,C,
National,Togo,1995,Bus et car,Immatriculations pour 1 000 habitants,O1-04,15.0,4056113.0,0.0,,,pour 1 000 habitants,C,
National,Togo,1995,Autres,Immatriculations pour 1 000 habitants,O1-04,853.0,4056113.0,0.21,,,pour 1 000 habitants,C,
National,Togo,1995,Ensemble,Immatriculations pour 1 000 habitants,O1-04,21836.0,4056113.0,5.38,,,pour 1 000 habitants,C,
National,Togo,1996,Moto,Part de chaque groupe,O1-02,15383.0,23555.0,65.3,,,%,B,
National,Togo,1996,Voiture,Part de chaque groupe,O1-02,6239.0,23555.0,26.5,,,%,B,
National,Togo,1996,Poids lourd,Part de chaque groupe,O1-02,621.0,23555.0,2.6,,,%,B,
National,Togo,1996,Bus et car,Part de chaque groupe,O1-02,16.0,23555.0,0.1,,,%,B,
National,Togo,1996,Autres,Part de chaque groupe,O1-02,1296.0,23555.0,5.5,,,%,B,
National,Togo,1996,Moto,Immatriculations pour 1 000 habitants,O1-04,15383.0,4209708.0,3.65,,,pour 1 000 habitants,C,
National,Togo,1996,Voiture,Immatriculations pour 1 000 habitants,O1-04,6239.0,4209708.0,1.48,,,pour 1 000 habitants,C,
National,Togo,1996,Poids lourd,Immatriculations pour 1 000 habitants,O1-04,621.0,4209708.0,0.15,,,pour 1 000 habitants,C,
National,Togo,1996,Bus et car,Immatriculations pour 1 000 habitants,O1-04,16.0,4209708.0,0.0,,,pour 1 000 habitants,C,
National,Togo,1996,Autres,Immatriculations pour 1 000 habitants,O1-04,1296.0,4209708.0,0.31,,,pour 1 000 habitants,C,
National,Togo,1996,Ensemble,Immatriculations pour 1 000 habitants,O1-04,23555.0,4209708.0,5.6,,,pour 1 000 habitants,C,
National,Togo,1997,Moto,Part de chaque groupe,O1-02,14445.0,24355.0,59.3,,,%,B,
National,Togo,1997,Voiture,Part de chaque groupe,O1-02,7503.0,24355.0,30.8,,,%,B,
National,Togo,1997,Poids lourd,Part de chaque groupe,O1-02,529.0,24355.0,2.2,,,%,B,
National,Togo,1997,Bus et car,Part de chaque groupe,O1-02,28.0,24355.0,0.1,,,%,B,
National,Togo,1997,Autres,Part de chaque groupe,O1-02,1850.0,24355.0,7.6,,,%,B,
National,Togo,1997,Moto,Immatriculations pour 1 000 habitants,O1-04,14445.0,4345043.0,3.32,,,pour 1 000 habitants,C,
National,Togo,1997,Voiture,Immatriculations pour 1 000 habitants,O1-04,7503.0,4345043.0,1.73,,,pour 1 000 habitants,C,
National,Togo,1997,Poids lourd,Immatriculations pour 1 000 habitants,O1-04,529.0,4345043.0,0.12,,,pour 1 000 habitants,C,
National,Togo,1997,Bus et car,Immatriculations pour 1 000 habitants,O1-04,28.0,4345043.0,0.01,,,pour 1 000 habitants,C,
National,Togo,1997,Autres,Immatriculations pour 1 000 habitants,O1-04,1850.0,4345043.0,0.43,,,pour 1 000 habitants,C,
National,Togo,1997,Ensemble,Immatriculations pour 1 000 habitants,O1-04,24355.0,4345043.0,5.61,,,pour 1 000 habitants,C,
National,Togo,1998,Moto,Part de chaque groupe,O1-02,10603.0,20669.0,51.3,,,%,B,
National,Togo,1998,Voiture,Part de chaque groupe,O1-02,7470.0,20669.0,36.1,,,%,B,
National,Togo,1998,Poids lourd,Part de chaque groupe,O1-02,774.0,20669.0,3.7,,,%,B,
National,Togo,1998,Bus et car,Part de chaque groupe,O1-02,35.0,20669.0,0.2,,,%,B,
National,Togo,1998,Autres,Part de chaque groupe,O1-02,1787.0,20669.0,8.6,,,%,B,
National,Togo,1998,Moto,Immatriculations pour 1 000 habitants,O1-04,10603.0,4469998.0,2.37,,,pour 1 000 habitants,C,
National,Togo,1998,Voiture,Immatriculations pour 1 000 habitants,O1-04,7470.0,4469998.0,1.67,,,pour 1 000 habitants,C,
National,Togo,1998,Poids lourd,Immatriculations pour 1 000 habitants,O1-04,774.0,4469998.0,0.17,,,pour 1 000 habitants,C,
National,Togo,1998,Bus et car,Immatriculations pour 1 000 habitants,O1-04,35.0,4469998.0,0.01,,,pour 1 000 habitants,C,
National,Togo,1998,Autres,Immatriculations pour 1 000 habitants,O1-04,1787.0,4469998.0,0.4,,,pour 1 000 habitants,C,
National,Togo,1998,Ensemble,Immatriculations pour 1 000 habitants,O1-04,20669.0,4469998.0,4.62,,,pour 1 000 habitants,C,
National,Togo,1999,Moto,Part de chaque groupe,O1-02,12917.0,23903.0,54.0,,,%,B,
National,Togo,1999,Voiture,Part de chaque groupe,O1-02,8642.0,23903.0,36.2,,,%,B,
National,Togo,1999,Poids lourd,Part de chaque groupe,O1-02,752.0,23903.0,3.1,,,%,B,
National,Togo,1999,Bus et car,Part de chaque groupe,O1-02,26.0,23903.0,0.1,,,%,B,
National,Togo,1999,Autres,Part de chaque groupe,O1-02,1566.0,23903.0,6.6,,,%,B,
National,Togo,1999,Moto,Immatriculations pour 1 000 habitants,O1-04,12917.0,4598147.0,2.81,,,pour 1 000 habitants,C,
National,Togo,1999,Voiture,Immatriculations pour 1 000 habitants,O1-04,8642.0,4598147.0,1.88,,,pour 1 000 habitants,C,
National,Togo,1999,Poids lourd,Immatriculations pour 1 000 habitants,O1-04,752.0,4598147.0,0.16,,,pour 1 000 habitants,C,
National,Togo,1999,Bus et car,Immatriculations pour 1 000 habitants,O1-04,26.0,4598147.0,0.01,,,pour 1 000 habitants,C,
National,Togo,1999,Autres,Immatriculations pour 1 000 habitants,O1-04,1566.0,4598147.0,0.34,,,pour 1 000 habitants,C,
National,Togo,1999,Ensemble,Immatriculations pour 1 000 habitants,O1-04,23903.0,4598147.0,5.2,,,pour 1 000 habitants,C,
National,Togo,2000,Moto,Part de chaque groupe,O1-02,10639.0,19980.0,53.2,,,%,B,
National,Togo,2000,Voiture,Part de chaque groupe,O1-02,7154.0,19980.0,35.8,,,%,B,
National,Togo,2000,Poids lourd,Part de chaque groupe,O1-02,701.0,19980.0,3.5,,,%,B,
National,Togo,2000,Bus et car,Part de chaque groupe,O1-02,30.0,19980.0,0.2,,,%,B,
National,Togo,2000,Autres,Part de chaque groupe,O1-02,1456.0,19980.0,7.3,,,%,B,
National,Togo,2000,Moto,Immatriculations pour 1 000 habitants,O1-04,10639.0,4726675.0,2.25,,,pour 1 000 habitants,C,
National,Togo,2000,Voiture,Immatriculations pour 1 000 habitants,O1-04,7154.0,4726675.0,1.51,,,pour 1 000 habitants,C,
National,Togo,2000,Poids lourd,Immatriculations pour 1 000 habitants,O1-04,701.0,4726675.0,0.15,,,pour 1 000 habitants,C,
National,Togo,2000,Bus et car,Immatriculations pour 1 000 habitants,O1-04,30.0,4726675.0,0.01,,,pour 1 000 habitants,C,
National,Togo,2000,Autres,Immatriculations pour 1 000 habitants,O1-04,1456.0,4726675.0,0.31,,,pour 1 000 habitants,C,
National,Togo,2000,Ensemble,Immatriculations pour 1 000 habitants,O1-04,19980.0,4726675.0,4.23,,,pour 1 000 habitants,C,
National,Togo,2001,Moto,Part de chaque groupe,O1-02,8500.0,19338.0,44.0,,,%,B,
National,Togo,2001,Voiture,Part de chaque groupe,O1-02,8469.0,19338.0,43.8,,,%,B,
National,Togo,2001,Poids lourd,Part de chaque groupe,O1-02,770.0,19338.0,4.0,,,%,B,
National,Togo,2001,Bus et car,Part de chaque groupe,O1-02,32.0,19338.0,0.2,,,%,B,
National,Togo,2001,Autres,Part de chaque groupe,O1-02,1567.0,19338.0,8.1,,,%,B,
National,Togo,2001,Moto,Immatriculations pour 1 000 habitants,O1-04,8500.0,4852975.0,1.75,,,pour 1 000 habitants,C,
National,Togo,2001,Voiture,Immatriculations pour 1 000 habitants,O1-04,8469.0,4852975.0,1.75,,,pour 1 000 habitants,C,
National,Togo,2001,Poids lourd,Immatriculations pour 1 000 habitants,O1-04,770.0,4852975.0,0.16,,,pour 1 000 habitants,C,
National,Togo,2001,Bus et car,Immatriculations pour 1 000 habitants,O1-04,32.0,4852975.0,0.01,,,pour 1 000 habitants,C,
National,Togo,2001,Autres,Immatriculations pour 1 000 habitants,O1-04,1567.0,4852975.0,0.32,,,pour 1 000 habitants,C,
National,Togo,2001,Ensemble,Immatriculations pour 1 000 habitants,O1-04,19338.0,4852975.0,3.98,,,pour 1 000 habitants,C,
National,Togo,2002,Moto,Part de chaque groupe,O1-02,8632.0,20553.0,42.0,,,%,B,
National,Togo,2002,Voiture,Part de chaque groupe,O1-02,9500.0,20553.0,46.2,,,%,B,
National,Togo,2002,Poids lourd,Part de chaque groupe,O1-02,721.0,20553.0,3.5,,,%,B,
National,Togo,2002,Bus et car,Part de chaque groupe,O1-02,29.0,20553.0,0.1,,,%,B,
National,Togo,2002,Autres,Part de chaque groupe,O1-02,1671.0,20553.0,8.1,,,%,B,
National,Togo,2002,Moto,Immatriculations pour 1 000 habitants,O1-04,8632.0,4977938.0,1.73,,,pour 1 000 habitants,C,
National,Togo,2002,Voiture,Immatriculations pour 1 000 habitants,O1-04,9500.0,4977938.0,1.91,,,pour 1 000 habitants,C,
National,Togo,2002,Poids lourd,Immatriculations pour 1 000 habitants,O1-04,721.0,4977938.0,0.14,,,pour 1 000 habitants,C,
National,Togo,2002,Bus et car,Immatriculations pour 1 000 habitants,O1-04,29.0,4977938.0,0.01,,,pour 1 000 habitants,C,
National,Togo,2002,Autres,Immatriculations pour 1 000 habitants,O1-04,1671.0,4977938.0,0.34,,,pour 1 000 habitants,C,
National,Togo,2002,Ensemble,Immatriculations pour 1 000 habitants,O1-04,20553.0,4977938.0,4.13,,,pour 1 000 habitants,C,
National,Togo,2003,Moto,Part de chaque groupe,O1-02,12130.0,28873.0,42.0,,,%,B,
National,Togo,2003,Voiture,Part de chaque groupe,O1-02,13991.0,28873.0,48.5,,,%,B,
National,Togo,2003,Poids lourd,Part de chaque groupe,O1-02,1372.0,28873.0,4.8,,,%,B,
National,Togo,2003,Bus et car,Part de chaque groupe,O1-02,21.0,28873.0,0.1,,,%,B,
National,Togo,2003,Autres,Part de chaque groupe,O1-02,1359.0,28873.0,4.7,,,%,B,
National,Togo,2003,Moto,Immatriculations pour 1 000 habitants,O1-04,12130.0,5105661.0,2.38,,,pour 1 000 habitants,C,
National,Togo,2003,Voiture,Immatriculations pour 1 000 habitants,O1-04,13991.0,5105661.0,2.74,,,pour 1 000 habitants,C,
National,Togo,2003,Poids lourd,Immatriculations pour 1 000 habitants,O1-04,1372.0,5105661.0,0.27,,,pour 1 000 habitants,C,
National,Togo,2003,Bus et car,Immatriculations pour 1 000 habitants,O1-04,21.0,5105661.0,0.0,,,pour 1 000 habitants,C,
National,Togo,2003,Autres,Immatriculations pour 1 000 habitants,O1-04,1359.0,5105661.0,0.27,,,pour 1 000 habitants,C,
National,Togo,2003,Ensemble,Immatriculations pour 1 000 habitants,O1-04,28873.0,5105661.0,5.66,,,pour 1 000 habitants,C,
National,Togo,2004,Moto,Part de chaque groupe,O1-02,33980.0,48194.0,70.5,,,%,B,
National,Togo,2004,Voiture,Part de chaque groupe,O1-02,11430.0,48194.0,23.7,,,%,B,
National,Togo,2004,Poids lourd,Part de chaque groupe,O1-02,1086.0,48194.0,2.3,,,%,B,
National,Togo,2004,Bus et car,Part de chaque groupe,O1-02,17.0,48194.0,0.0,,,%,B,
National,Togo,2004,Autres,Part de chaque groupe,O1-02,1681.0,48194.0,3.5,,,%,B,
National,Togo,2004,Moto,Immatriculations pour 1 000 habitants,O1-04,33980.0,5238395.0,6.49,,,pour 1 000 habitants,C,
National,Togo,2004,Voiture,Immatriculations pour 1 000 habitants,O1-04,11430.0,5238395.0,2.18,,,pour 1 000 habitants,C,
National,Togo,2004,Poids lourd,Immatriculations pour 1 000 habitants,O1-04,1086.0,5238395.0,0.21,,,pour 1 000 habitants,C,
National,Togo,2004,Bus et car,Immatriculations pour 1 000 habitants,O1-04,17.0,5238395.0,0.0,,,pour 1 000 habitants,C,
National,Togo,2004,Autres,Immatriculations pour 1 000 habitants,O1-04,1681.0,5238395.0,0.32,,,pour 1 000 habitants,C,
National,Togo,2004,Ensemble,Immatriculations pour 1 000 habitants,O1-04,48194.0,5238395.0,9.2,,,pour 1 000 habitants,C,
National,Togo,2005,Moto,Part de chaque groupe,O1-02,27791.0,41414.0,67.1,,,%,B,
National,Togo,2005,Voiture,Part de chaque groupe,O1-02,11308.0,41414.0,27.3,,,%,B,
National,Togo,2005,Poids lourd,Part de chaque groupe,O1-02,1342.0,41414.0,3.2,,,%,B,
National,Togo,2005,Bus et car,Part de chaque groupe,O1-02,18.0,41414.0,0.0,,,%,B,
National,Togo,2005,Autres,Part de chaque groupe,O1-02,955.0,41414.0,2.3,,,%,B,
National,Togo,2005,Moto,Immatriculations pour 1 000 habitants,O1-04,27791.0,5374606.0,5.17,,,pour 1 000 habitants,C,
National,Togo,2005,Voiture,Immatriculations pour 1 000 habitants,O1-04,11308.0,5374606.0,2.1,,,pour 1 000 habitants,C,
National,Togo,2005,Poids lourd,Immatriculations pour 1 000 habitants,O1-04,1342.0,5374606.0,0.25,,,pour 1 000 habitants,C,
National,Togo,2005,Bus et car,Immatriculations pour 1 000 habitants,O1-04,18.0,5374606.0,0.0,,,pour 1 000 habitants,C,
National,Togo,2005,Autres,Immatriculations pour 1 000 habitants,O1-04,955.0,5374606.0,0.18,,,pour 1 000 habitants,C,
National,Togo,2005,Ensemble,Immatriculations pour 1 000 habitants,O1-04,41414.0,5374606.0,7.71,,,pour 1 000 habitants,C,
National,Togo,2006,Moto,Part de chaque groupe,O1-02,35760.0,49235.0,72.6,,,%,B,
National,Togo,2006,Voiture,Part de chaque groupe,O1-02,10961.0,49235.0,22.3,,,%,B,
National,Togo,2006,Poids lourd,Part de chaque groupe,O1-02,1181.0,49235.0,2.4,,,%,B,
National,Togo,2006,Bus et car,Part de chaque groupe,O1-02,28.0,49235.0,0.1,,,%,B,
National,Togo,2006,Autres,Part de chaque groupe,O1-02,1305.0,49235.0,2.7,,,%,B,
National,Togo,2006,Moto,Immatriculations pour 1 000 habitants,O1-04,35760.0,5527290.0,6.47,,,pour 1 000 habitants,C,
National,Togo,2006,Voiture,Immatriculations pour 1 000 habitants,O1-04,10961.0,5527290.0,1.98,,,pour 1 000 habitants,C,
National,Togo,2006,Poids lourd,Immatriculations pour 1 000 habitants,O1-04,1181.0,5527290.0,0.21,,,pour 1 000 habitants,C,
National,Togo,2006,Bus et car,Immatriculations pour 1 000 habitants,O1-04,28.0,5527290.0,0.01,,,pour 1 000 habitants,C,
National,Togo,2006,Autres,Immatriculations pour 1 000 habitants,O1-04,1305.0,5527290.0,0.24,,,pour 1 000 habitants,C,
National,Togo,2006,Ensemble,Immatriculations pour 1 000 habitants,O1-04,49235.0,5527290.0,8.91,,,pour 1 000 habitants,C,
National,Togo,2007,Moto,Part de chaque groupe,O1-02,34454.0,47492.0,72.5,,,%,B,
National,Togo,2007,Voiture,Part de chaque groupe,O1-02,10692.0,47492.0,22.5,,,%,B,
National,Togo,2007,Poids lourd,Part de chaque groupe,O1-02,1057.0,47492.0,2.2,,,%,B,
National,Togo,2007,Bus et car,Part de chaque groupe,O1-02,22.0,47492.0,0.0,,,%,B,
National,Togo,2007,Autres,Part de chaque groupe,O1-02,1267.0,47492.0,2.7,,,%,B,
National,Togo,2007,Moto,Immatriculations pour 1 000 habitants,O1-04,34454.0,5690677.0,6.05,,,pour 1 000 habitants,C,
National,Togo,2007,Voiture,Immatriculations pour 1 000 habitants,O1-04,10692.0,5690677.0,1.88,,,pour 1 000 habitants,C,
National,Togo,2007,Poids lourd,Immatriculations pour 1 000 habitants,O1-04,1057.0,5690677.0,0.19,,,pour 1 000 habitants,C,
National,Togo,2007,Bus et car,Immatriculations pour 1 000 habitants,O1-04,22.0,5690677.0,0.0,,,pour 1 000 habitants,C,
National,Togo,2007,Autres,Immatriculations pour 1 000 habitants,O1-04,1267.0,5690677.0,0.22,,,pour 1 000 habitants,C,
National,Togo,2007,Ensemble,Immatriculations pour 1 000 habitants,O1-04,47492.0,5690677.0,8.35,,,pour 1 000 habitants,C,
National,Togo,2008,Moto,Part de chaque groupe,O1-02,44409.0,57815.0,76.8,,,%,B,
National,Togo,2008,Voiture,Part de chaque groupe,O1-02,10989.0,57815.0,19.0,,,%,B,
National,Togo,2008,Poids lourd,Part de chaque groupe,O1-02,1324.0,57815.0,2.3,,,%,B,
National,Togo,2008,Bus et car,Part de chaque groupe,O1-02,18.0,57815.0,0.0,,,%,B,
National,Togo,2008,Autres,Part de chaque groupe,O1-02,1075.0,57815.0,1.9,,,%,B,
National,Togo,2008,Moto,Immatriculations pour 1 000 habitants,O1-04,44409.0,5856632.0,7.58,,,pour 1 000 habitants,C,
National,Togo,2008,Voiture,Immatriculations pour 1 000 habitants,O1-04,10989.0,5856632.0,1.88,,,pour 1 000 habitants,C,
National,Togo,2008,Poids lourd,Immatriculations pour 1 000 habitants,O1-04,1324.0,5856632.0,0.23,,,pour 1 000 habitants,C,
National,Togo,2008,Bus et car,Immatriculations pour 1 000 habitants,O1-04,18.0,5856632.0,0.0,,,pour 1 000 habitants,C,
National,Togo,2008,Autres,Immatriculations pour 1 000 habitants,O1-04,1075.0,5856632.0,0.18,,,pour 1 000 habitants,C,
National,Togo,2008,Ensemble,Immatriculations pour 1 000 habitants,O1-04,57815.0,5856632.0,9.87,,,pour 1 000 habitants,C,
National,Togo,2009,Moto,Part de chaque groupe,O1-02,36277.0,44912.0,80.8,,,%,B,
National,Togo,2009,Voiture,Part de chaque groupe,O1-02,5751.0,44912.0,12.8,,,%,B,
National,Togo,2009,Poids lourd,Part de chaque groupe,O1-02,1445.0,44912.0,3.2,,,%,B,
National,Togo,2009,Bus et car,Part de chaque groupe,O1-02,36.0,44912.0,0.1,,,%,B,
National,Togo,2009,Autres,Part de chaque groupe,O1-02,1403.0,44912.0,3.1,,,%,B,
National,Togo,2009,Moto,Immatriculations pour 1 000 habitants,O1-04,36277.0,6024964.0,6.02,,,pour 1 000 habitants,C,
National,Togo,2009,Voiture,Immatriculations pour 1 000 habitants,O1-04,5751.0,6024964.0,0.95,,,pour 1 000 habitants,C,
National,Togo,2009,Poids lourd,Immatriculations pour 1 000 habitants,O1-04,1445.0,6024964.0,0.24,,,pour 1 000 habitants,C,
National,Togo,2009,Bus et car,Immatriculations pour 1 000 habitants,O1-04,36.0,6024964.0,0.01,,,pour 1 000 habitants,C,
National,Togo,2009,Autres,Immatriculations pour 1 000 habitants,O1-04,1403.0,6024964.0,0.23,,,pour 1 000 habitants,C,
National,Togo,2009,Ensemble,Immatriculations pour 1 000 habitants,O1-04,44912.0,6024964.0,7.45,,,pour 1 000 habitants,C,
National,Togo,2010,Moto,Part de chaque groupe,O1-02,38638.0,49378.0,78.2,,,%,B,
National,Togo,2010,Voiture,Part de chaque groupe,O1-02,6229.0,49378.0,12.6,,,%,B,
National,Togo,2010,Poids lourd,Part de chaque groupe,O1-02,2873.0,49378.0,5.8,,,%,B,
National,Togo,2010,Bus et car,Part de chaque groupe,O1-02,96.0,49378.0,0.2,,,%,B,
National,Togo,2010,Autres,Part de chaque groupe,O1-02,1542.0,49378.0,3.1,,,%,B,
National,Togo,2010,Moto,Immatriculations pour 1 000 habitants,O1-04,38638.0,6191155.0,6.24,,,pour 1 000 habitants,B,
National,Togo,2010,Voiture,Immatriculations pour 1 000 habitants,O1-04,6229.0,6191155.0,1.01,,,pour 1 000 habitants,B,
National,Togo,2010,Poids lourd,Immatriculations pour 1 000 habitants,O1-04,2873.0,6191155.0,0.46,,,pour 1 000 habitants,B,
National,Togo,2010,Bus et car,Immatriculations pour 1 000 habitants,O1-04,96.0,6191155.0,0.02,,,pour 1 000 habitants,B,
National,Togo,2010,Autres,Immatriculations pour 1 000 habitants,O1-04,1542.0,6191155.0,0.25,,,pour 1 000 habitants,B,
National,Togo,2010,Ensemble,Immatriculations pour 1 000 habitants,O1-04,49378.0,6191155.0,7.98,,,pour 1 000 habitants,B,
National,Togo,2011,Moto,Part de chaque groupe,O1-02,42283.0,55523.0,76.2,,,%,B,
National,Togo,2011,Voiture,Part de chaque groupe,O1-02,7256.0,55523.0,13.1,,,%,B,
National,Togo,2011,Poids lourd,Part de chaque groupe,O1-02,3668.0,55523.0,6.6,,,%,B,
National,Togo,2011,Bus et car,Part de chaque groupe,O1-02,97.0,55523.0,0.2,,,%,B,
National,Togo,2011,Autres,Part de chaque groupe,O1-02,2219.0,55523.0,4.0,,,%,B,
National,Togo,2011,Moto,Immatriculations pour 1 000 habitants,O1-04,42283.0,6202000.0,6.82,,,pour 1 000 habitants,C,
National,Togo,2011,Voiture,Immatriculations pour 1 000 habitants,O1-04,7256.0,6202000.0,1.17,,,pour 1 000 habitants,C,
National,Togo,2011,Poids lourd,Immatriculations pour 1 000 habitants,O1-04,3668.0,6202000.0,0.59,,,pour 1 000 habitants,C,
National,Togo,2011,Bus et car,Immatriculations pour 1 000 habitants,O1-04,97.0,6202000.0,0.02,,,pour 1 000 habitants,C,
National,Togo,2011,Autres,Immatriculations pour 1 000 habitants,O1-04,2219.0,6202000.0,0.36,,,pour 1 000 habitants,C,
National,Togo,2011,Ensemble,Immatriculations pour 1 000 habitants,O1-04,55523.0,6202000.0,8.95,,,pour 1 000 habitants,C,
National,Togo,2012,Moto,Part de chaque groupe,O1-02,43757.0,59287.0,73.8,,,%,B,
National,Togo,2012,Voiture,Part de chaque groupe,O1-02,9056.0,59287.0,15.3,,,%,B,
National,Togo,2012,Poids lourd,Part de chaque groupe,O1-02,4386.0,59287.0,7.4,,,%,B,
National,Togo,2012,Bus et car,Part de chaque groupe,O1-02,102.0,59287.0,0.2,,,%,B,
National,Togo,2012,Autres,Part de chaque groupe,O1-02,1986.0,59287.0,3.3,,,%,B,
National,Togo,2012,Moto,Immatriculations pour 1 000 habitants,O1-04,43757.0,6353000.0,6.89,,,pour 1 000 habitants,C,
National,Togo,2012,Voiture,Immatriculations pour 1 000 habitants,O1-04,9056.0,6353000.0,1.43,,,pour 1 000 habitants,C,
National,Togo,2012,Poids lourd,Immatriculations pour 1 000 habitants,O1-04,4386.0,6353000.0,0.69,,,pour 1 000 habitants,C,
National,Togo,2012,Bus et car,Immatriculations pour 1 000 habitants,O1-04,102.0,6353000.0,0.02,,,pour 1 000 habitants,C,
National,Togo,2012,Autres,Immatriculations pour 1 000 habitants,O1-04,1986.0,6353000.0,0.31,,,pour 1 000 habitants,C,
National,Togo,2012,Ensemble,Immatriculations pour 1 000 habitants,O1-04,59287.0,6353000.0,9.33,,,pour 1 000 habitants,C,
National,Togo,2013,Moto,Part de chaque groupe,O1-02,41830.0,58103.0,72.0,,,%,B,
National,Togo,2013,Voiture,Part de chaque groupe,O1-02,9402.0,58103.0,16.2,,,%,B,
National,Togo,2013,Poids lourd,Part de chaque groupe,O1-02,4466.0,58103.0,7.7,,,%,B,
National,Togo,2013,Bus et car,Part de chaque groupe,O1-02,94.0,58103.0,0.2,,,%,B,
National,Togo,2013,Autres,Part de chaque groupe,O1-02,2311.0,58103.0,4.0,,,%,B,
National,Togo,2013,Moto,Immatriculations pour 1 000 habitants,O1-04,41830.0,6509000.0,6.43,,,pour 1 000 habitants,C,
National,Togo,2013,Voiture,Immatriculations pour 1 000 habitants,O1-04,9402.0,6509000.0,1.44,,,pour 1 000 habitants,C,
National,Togo,2013,Poids lourd,Immatriculations pour 1 000 habitants,O1-04,4466.0,6509000.0,0.69,,,pour 1 000 habitants,C,
National,Togo,2013,Bus et car,Immatriculations pour 1 000 habitants,O1-04,94.0,6509000.0,0.01,,,pour 1 000 habitants,C,
National,Togo,2013,Autres,Immatriculations pour 1 000 habitants,O1-04,2311.0,6509000.0,0.36,,,pour 1 000 habitants,C,
National,Togo,2013,Ensemble,Immatriculations pour 1 000 habitants,O1-04,58103.0,6509000.0,8.93,,,pour 1 000 habitants,C,
National,Togo,2014,Moto,Part de chaque groupe,O1-02,51134.0,68968.0,74.1,,,%,B,
National,Togo,2014,Voiture,Part de chaque groupe,O1-02,10304.0,68968.0,14.9,,,%,B,
National,Togo,2014,Poids lourd,Part de chaque groupe,O1-02,4894.0,68968.0,7.1,,,%,B,
National,Togo,2014,Bus et car,Part de chaque groupe,O1-02,103.0,68968.0,0.1,,,%,B,
National,Togo,2014,Autres,Part de chaque groupe,O1-02,2533.0,68968.0,3.7,,,%,B,
National,Togo,2014,Moto,Immatriculations pour 1 000 habitants,O1-04,51134.0,6669000.0,7.67,,,pour 1 000 habitants,C,
National,Togo,2014,Voiture,Immatriculations pour 1 000 habitants,O1-04,10304.0,6669000.0,1.55,,,pour 1 000 habitants,C,
National,Togo,2014,Poids lourd,Immatriculations pour 1 000 habitants,O1-04,4894.0,6669000.0,0.73,,,pour 1 000 habitants,C,
National,Togo,2014,Bus et car,Immatriculations pour 1 000 habitants,O1-04,103.0,6669000.0,0.02,,,pour 1 000 habitants,C,
National,Togo,2014,Autres,Immatriculations pour 1 000 habitants,O1-04,2533.0,6669000.0,0.38,,,pour 1 000 habitants,C,
National,Togo,2014,Ensemble,Immatriculations pour 1 000 habitants,O1-04,68968.0,6669000.0,10.34,,,pour 1 000 habitants,C,
National,Togo,2015,Moto,Part de chaque groupe,O1-02,65599.0,85748.0,76.5,,,%,B,
National,Togo,2015,Voiture,Part de chaque groupe,O1-02,14500.0,85748.0,16.9,,,%,B,
National,Togo,2015,Poids lourd,Part de chaque groupe,O1-02,2333.0,85748.0,2.7,,,%,B,
National,Togo,2015,Bus et car,Part de chaque groupe,O1-02,87.0,85748.0,0.1,,,%,B,
National,Togo,2015,Autres,Part de chaque groupe,O1-02,3229.0,85748.0,3.8,,,%,B,
National,Togo,2015,Moto,Immatriculations pour 1 000 habitants,O1-04,65599.0,6835000.0,9.6,,,pour 1 000 habitants,C,
National,Togo,2015,Voiture,Immatriculations pour 1 000 habitants,O1-04,14500.0,6835000.0,2.12,,,pour 1 000 habitants,C,
National,Togo,2015,Poids lourd,Immatriculations pour 1 000 habitants,O1-04,2333.0,6835000.0,0.34,,,pour 1 000 habitants,C,
National,Togo,2015,Bus et car,Immatriculations pour 1 000 habitants,O1-04,87.0,6835000.0,0.01,,,pour 1 000 habitants,C,
National,Togo,2015,Autres,Immatriculations pour 1 000 habitants,O1-04,3229.0,6835000.0,0.47,,,pour 1 000 habitants,C,
National,Togo,2015,Ensemble,Immatriculations pour 1 000 habitants,O1-04,85748.0,6835000.0,12.55,,,pour 1 000 habitants,C,
National,Togo,2016,Moto,Part de chaque groupe,O1-02,45341.0,64120.0,70.7,,,%,B,
National,Togo,2016,Voiture,Part de chaque groupe,O1-02,14079.0,64120.0,22.0,,,%,B,
National,Togo,2016,Poids lourd,Part de chaque groupe,O1-02,1715.0,64120.0,2.7,,,%,B,
National,Togo,2016,Bus et car,Part de chaque groupe,O1-02,62.0,64120.0,0.1,,,%,B,
National,Togo,2016,Autres,Part de chaque groupe,O1-02,2923.0,64120.0,4.6,,,%,B,
National,Togo,2016,Moto,Immatriculations pour 1 000 habitants,O1-04,45341.0,7006000.0,6.47,,,pour 1 000 habitants,C,
National,Togo,2016,Voiture,Immatriculations pour 1 000 habitants,O1-04,14079.0,7006000.0,2.01,,,pour 1 000 habitants,C,
National,Togo,2016,Poids lourd,Immatriculations pour 1 000 habitants,O1-04,1715.0,7006000.0,0.24,,,pour 1 000 habitants,C,
National,Togo,2016,Bus et car,Immatriculations pour 1 000 habitants,O1-04,62.0,7006000.0,0.01,,,pour 1 000 habitants,C,
National,Togo,2016,Autres,Immatriculations pour 1 000 habitants,O1-04,2923.0,7006000.0,0.42,,,pour 1 000 habitants,C,
National,Togo,2016,Ensemble,Immatriculations pour 1 000 habitants,O1-04,64120.0,7006000.0,9.15,,,pour 1 000 habitants,C,
National,Togo,2017,Moto,Part de chaque groupe,O1-02,41187.0,60969.0,67.6,,,%,B,
National,Togo,2017,Voiture,Part de chaque groupe,O1-02,14328.0,60969.0,23.5,,,%,B,
National,Togo,2017,Poids lourd,Part de chaque groupe,O1-02,2232.0,60969.0,3.7,,,%,B,
National,Togo,2017,Bus et car,Part de chaque groupe,O1-02,73.0,60969.0,0.1,,,%,B,
National,Togo,2017,Autres,Part de chaque groupe,O1-02,3149.0,60969.0,5.2,,,%,B,
National,Togo,2017,Moto,Immatriculations pour 1 000 habitants,O1-04,41187.0,7178000.0,5.74,,,pour 1 000 habitants,C,
National,Togo,2017,Voiture,Immatriculations pour 1 000 habitants,O1-04,14328.0,7178000.0,2.0,,,pour 1 000 habitants,C,
National,Togo,2017,Poids lourd,Immatriculations pour 1 000 habitants,O1-04,2232.0,7178000.0,0.31,,,pour 1 000 habitants,C,
National,Togo,2017,Bus et car,Immatriculations pour 1 000 habitants,O1-04,73.0,7178000.0,0.01,,,pour 1 000 habitants,C,
National,Togo,2017,Autres,Immatriculations pour 1 000 habitants,O1-04,3149.0,7178000.0,0.44,,,pour 1 000 habitants,C,
National,Togo,2017,Ensemble,Immatriculations pour 1 000 habitants,O1-04,60969.0,7178000.0,8.49,,,pour 1 000 habitants,C,
National,Togo,2018,Moto,Part de chaque groupe,O1-02,43063.0,64346.0,66.9,,,%,B,
National,Togo,2018,Voiture,Part de chaque groupe,O1-02,15607.0,64346.0,24.3,,,%,B,
National,Togo,2018,Poids lourd,Part de chaque groupe,O1-02,2369.0,64346.0,3.7,,,%,B,
National,Togo,2018,Bus et car,Part de chaque groupe,O1-02,83.0,64346.0,0.1,,,%,B,
National,Togo,2018,Autres,Part de chaque groupe,O1-02,3224.0,64346.0,5.0,,,%,B,
National,Togo,2018,Moto,Immatriculations pour 1 000 habitants,O1-04,43063.0,7352000.0,5.86,,,pour 1 000 habitants,C,
National,Togo,2018,Voiture,Immatriculations pour 1 000 habitants,O1-04,15607.0,7352000.0,2.12,,,pour 1 000 habitants,C,
National,Togo,2018,Poids lourd,Immatriculations pour 1 000 habitants,O1-04,2369.0,7352000.0,0.32,,,pour 1 000 habitants,C,
National,Togo,2018,Bus et car,Immatriculations pour 1 000 habitants,O1-04,83.0,7352000.0,0.01,,,pour 1 000 habitants,C,
National,Togo,2018,Autres,Immatriculations pour 1 000 habitants,O1-04,3224.0,7352000.0,0.44,,,pour 1 000 habitants,C,
National,Togo,2018,Ensemble,Immatriculations pour 1 000 habitants,O1-04,64346.0,7352000.0,8.75,,,pour 1 000 habitants,C,
National,Togo,2019,Moto,Part de chaque groupe,O1-02,54873.0,79214.0,69.3,,,%,B,
National,Togo,2019,Voiture,Part de chaque groupe,O1-02,18072.0,79214.0,22.8,,,%,B,
National,Togo,2019,Poids lourd,Part de chaque groupe,O1-02,2454.0,79214.0,3.1,,,%,B,
National,Togo,2019,Bus et car,Part de chaque groupe,O1-02,133.0,79214.0,0.2,,,%,B,
National,Togo,2019,Autres,Part de chaque groupe,O1-02,3682.0,79214.0,4.6,,,%,B,
National,Togo,2019,Moto,Immatriculations pour 1 000 habitants,O1-04,54873.0,7528000.0,7.29,,,pour 1 000 habitants,C,
National,Togo,2019,Voiture,Immatriculations pour 1 000 habitants,O1-04,18072.0,7528000.0,2.4,,,pour 1 000 habitants,C,
National,Togo,2019,Poids lourd,Immatriculations pour 1 000 habitants,O1-04,2454.0,7528000.0,0.33,,,pour 1 000 habitants,C,
National,Togo,2019,Bus et car,Immatriculations pour 1 000 habitants,O1-04,133.0,7528000.0,0.02,,,pour 1 000 habitants,C,
National,Togo,2019,Autres,Immatriculations pour 1 000 habitants,O1-04,3682.0,7528000.0,0.49,,,pour 1 000 habitants,C,
National,Togo,2019,Ensemble,Immatriculations pour 1 000 habitants,O1-04,79214.0,7528000.0,10.52,,,pour 1 000 habitants,C,
National,Togo,2020,Moto,Part de chaque groupe,O1-02,44850.0,68740.0,65.2,,,%,B,
National,Togo,2020,Voiture,Part de chaque groupe,O1-02,16386.0,68740.0,23.8,,,%,B,
National,Togo,2020,Poids lourd,Part de chaque groupe,O1-02,3328.0,68740.0,4.8,,,%,B,
National,Togo,2020,Bus et car,Part de chaque groupe,O1-02,91.0,68740.0,0.1,,,%,B,
National,Togo,2020,Autres,Part de chaque groupe,O1-02,4085.0,68740.0,5.9,,,%,B,
National,Togo,2020,Moto,Immatriculations pour 1 000 habitants,O1-04,44850.0,7706000.0,5.82,,,pour 1 000 habitants,C,
National,Togo,2020,Voiture,Immatriculations pour 1 000 habitants,O1-04,16386.0,7706000.0,2.13,,,pour 1 000 habitants,C,
National,Togo,2020,Poids lourd,Immatriculations pour 1 000 habitants,O1-04,3328.0,7706000.0,0.43,,,pour 1 000 habitants,C,
National,Togo,2020,Bus et car,Immatriculations pour 1 000 habitants,O1-04,91.0,7706000.0,0.01,,,pour 1 000 habitants,C,
National,Togo,2020,Autres,Immatriculations pour 1 000 habitants,O1-04,4085.0,7706000.0,0.53,,,pour 1 000 habitants,C,
National,Togo,2020,Ensemble,Immatriculations pour 1 000 habitants,O1-04,68740.0,7706000.0,8.92,,,pour 1 000 habitants,C,
National,Togo,2021,Moto,Part de chaque groupe,O1-02,65363.0,93944.0,69.6,,,%,B,
National,Togo,2021,Voiture,Part de chaque groupe,O1-02,20313.0,93944.0,21.6,,,%,B,
National,Togo,2021,Poids lourd,Part de chaque groupe,O1-02,3226.0,93944.0,3.4,,,%,B,
National,Togo,2021,Bus et car,Part de chaque groupe,O1-02,101.0,93944.0,0.1,,,%,B,
National,Togo,2021,Autres,Part de chaque groupe,O1-02,4941.0,93944.0,5.3,,,%,B,
National,Togo,2021,Moto,Immatriculations pour 1 000 habitants,O1-04,65363.0,7886000.0,8.29,,,pour 1 000 habitants,C,
National,Togo,2021,Voiture,Immatriculations pour 1 000 habitants,O1-04,20313.0,7886000.0,2.58,,,pour 1 000 habitants,C,
National,Togo,2021,Poids lourd,Immatriculations pour 1 000 habitants,O1-04,3226.0,7886000.0,0.41,,,pour 1 000 habitants,C,
National,Togo,2021,Bus et car,Immatriculations pour 1 000 habitants,O1-04,101.0,7886000.0,0.01,,,pour 1 000 habitants,C,
National,Togo,2021,Autres,Immatriculations pour 1 000 habitants,O1-04,4941.0,7886000.0,0.63,,,pour 1 000 habitants,C,
National,Togo,2021,Ensemble,Immatriculations pour 1 000 habitants,O1-04,93944.0,7886000.0,11.91,,,pour 1 000 habitants,C,
National,Togo,2022,Moto,Part de chaque groupe,O1-02,67639.0,93770.0,72.1,,,%,B,
National,Togo,2022,Voiture,Part de chaque groupe,O1-02,18131.0,93770.0,19.3,,,%,B,
National,Togo,2022,Poids lourd,Part de chaque groupe,O1-02,3229.0,93770.0,3.4,,,%,B,
National,Togo,2022,Bus et car,Part de chaque groupe,O1-02,145.0,93770.0,0.2,,,%,B,
National,Togo,2022,Autres,Part de chaque groupe,O1-02,4626.0,93770.0,4.9,,,%,B,
National,Togo,2022,Moto,Immatriculations pour 1 000 habitants,O1-04,67639.0,8095498.0,8.36,,,pour 1 000 habitants,B,
National,Togo,2022,Voiture,Immatriculations pour 1 000 habitants,O1-04,18131.0,8095498.0,2.24,,,pour 1 000 habitants,B,
National,Togo,2022,Poids lourd,Immatriculations pour 1 000 habitants,O1-04,3229.0,8095498.0,0.4,,,pour 1 000 habitants,B,
National,Togo,2022,Bus et car,Immatriculations pour 1 000 habitants,O1-04,145.0,8095498.0,0.02,,,pour 1 000 habitants,B,
National,Togo,2022,Autres,Immatriculations pour 1 000 habitants,O1-04,4626.0,8095498.0,0.57,,,pour 1 000 habitants,B,
National,Togo,2022,Ensemble,Immatriculations pour 1 000 habitants,O1-04,93770.0,8095498.0,11.58,,,pour 1 000 habitants,B,
National,Togo,2023,Moto,Part de chaque groupe,O1-02,107845.0,130859.0,82.4,,,%,B,
National,Togo,2023,Voiture,Part de chaque groupe,O1-02,15764.0,130859.0,12.0,,,%,B,
National,Togo,2023,Poids lourd,Part de chaque groupe,O1-02,2620.0,130859.0,2.0,,,%,B,
National,Togo,2023,Bus et car,Part de chaque groupe,O1-02,189.0,130859.0,0.1,,,%,B,
National,Togo,2023,Autres,Part de chaque groupe,O1-02,4441.0,130859.0,3.4,,,%,B,
National,Togo,2023,Moto,Immatriculations pour 1 000 habitants,O1-04,107845.0,8251000.0,13.07,,,pour 1 000 habitants,C,
National,Togo,2023,Voiture,Immatriculations pour 1 000 habitants,O1-04,15764.0,8251000.0,1.91,,,pour 1 000 habitants,C,
National,Togo,2023,Poids lourd,Immatriculations pour 1 000 habitants,O1-04,2620.0,8251000.0,0.32,,,pour 1 000 habitants,C,
National,Togo,2023,Bus et car,Immatriculations pour 1 000 habitants,O1-04,189.0,8251000.0,0.02,,,pour 1 000 habitants,C,
National,Togo,2023,Autres,Immatriculations pour 1 000 habitants,O1-04,4441.0,8251000.0,0.54,,,pour 1 000 habitants,C,
National,Togo,2023,Ensemble,Immatriculations pour 1 000 habitants,O1-04,130859.0,8251000.0,15.86,,,pour 1 000 habitants,C,
National,Togo,2024,Moto,Part de chaque groupe,O1-02,65593.0,88198.0,74.4,,,%,B,
National,Togo,2024,Voiture,Part de chaque groupe,O1-02,15325.0,88198.0,17.4,,,%,B,
National,Togo,2024,Poids lourd,Part de chaque groupe,O1-02,2489.0,88198.0,2.8,,,%,B,
National,Togo,2024,Bus et car,Part de chaque groupe,O1-02,122.0,88198.0,0.1,,,%,B,
National,Togo,2024,Autres,Part de chaque groupe,O1-02,4669.0,88198.0,5.3,,,%,B,
National,Togo,2024,Moto,Immatriculations pour 1 000 habitants,O1-04,65593.0,8437000.0,7.77,,,pour 1 000 habitants,C,
National,Togo,2024,Voiture,Immatriculations pour 1 000 habitants,O1-04,15325.0,8437000.0,1.82,,,pour 1 000 habitants,C,
National,Togo,2024,Poids lourd,Immatriculations pour 1 000 habitants,O1-04,2489.0,8437000.0,0.3,,,pour 1 000 habitants,C,
National,Togo,2024,Bus et car,Immatriculations pour 1 000 habitants,O1-04,122.0,8437000.0,0.01,,,pour 1 000 habitants,C,
National,Togo,2024,Autres,Immatriculations pour 1 000 habitants,O1-04,4669.0,8437000.0,0.55,,,pour 1 000 habitants,C,
National,Togo,2024,Ensemble,Immatriculations pour 1 000 habitants,O1-04,88198.0,8437000.0,10.45,,,pour 1 000 habitants,C,
National,Togo,1991,Moto,Variation annuelle : immatriculations,O1-03,1601.0,1513.0,5.8,,,%,B,
National,Togo,1992,Moto,Variation annuelle : immatriculations,O1-03,1641.0,1601.0,2.5,,,%,B,
National,Togo,1993,Moto,Variation annuelle : immatriculations,O1-03,982.0,1641.0,-40.2,,,%,B,
National,Togo,1994,Moto,Variation annuelle : immatriculations,O1-03,1887.0,982.0,92.2,,,%,B,
National,Togo,1995,Moto,Variation annuelle : immatriculations,O1-03,13883.0,1887.0,635.7,,,%,B,
National,Togo,1996,Moto,Variation annuelle : immatriculations,O1-03,15383.0,13883.0,10.8,,,%,B,
National,Togo,1997,Moto,Variation annuelle : immatriculations,O1-03,14445.0,15383.0,-6.1,,,%,B,
National,Togo,1998,Moto,Variation annuelle : immatriculations,O1-03,10603.0,14445.0,-26.6,,,%,B,
National,Togo,1999,Moto,Variation annuelle : immatriculations,O1-03,12917.0,10603.0,21.8,,,%,B,
National,Togo,2000,Moto,Variation annuelle : immatriculations,O1-03,10639.0,12917.0,-17.6,,,%,B,
National,Togo,2001,Moto,Variation annuelle : immatriculations,O1-03,8500.0,10639.0,-20.1,,,%,B,
National,Togo,2002,Moto,Variation annuelle : immatriculations,O1-03,8632.0,8500.0,1.6,,,%,B,
National,Togo,2003,Moto,Variation annuelle : immatriculations,O1-03,12130.0,8632.0,40.5,,,%,B,
National,Togo,2004,Moto,Variation annuelle : immatriculations,O1-03,33980.0,12130.0,180.1,,,%,B,
National,Togo,2005,Moto,Variation annuelle : immatriculations,O1-03,27791.0,33980.0,-18.2,,,%,B,
National,Togo,2006,Moto,Variation annuelle : immatriculations,O1-03,35760.0,27791.0,28.7,,,%,B,
National,Togo,2007,Moto,Variation annuelle : immatriculations,O1-03,34454.0,35760.0,-3.7,,,%,B,
National,Togo,2008,Moto,Variation annuelle : immatriculations,O1-03,44409.0,34454.0,28.9,,,%,B,
National,Togo,2009,Moto,Variation annuelle : immatriculations,O1-03,36277.0,44409.0,-18.3,,,%,B,
National,Togo,2010,Moto,Variation annuelle : immatriculations,O1-03,38638.0,36277.0,6.5,,,%,B,
National,Togo,2011,Moto,Variation annuelle : immatriculations,O1-03,42283.0,38638.0,9.4,,,%,B,
National,Togo,2012,Moto,Variation annuelle : immatriculations,O1-03,43757.0,42283.0,3.5,,,%,B,
National,Togo,2013,Moto,Variation annuelle : immatriculations,O1-03,41830.0,43757.0,-4.4,,,%,B,
National,Togo,2014,Moto,Variation annuelle : immatriculations,O1-03,51134.0,41830.0,22.2,,,%,B,
National,Togo,2015,Moto,Variation annuelle : immatriculations,O1-03,65599.0,51134.0,28.3,,,%,B,
National,Togo,2016,Moto,Variation annuelle : immatriculations,O1-03,45341.0,65599.0,-30.9,,,%,B,
National,Togo,2017,Moto,Variation annuelle : immatriculations,O1-03,41187.0,45341.0,-9.2,,,%,B,
National,Togo,2018,Moto,Variation annuelle : immatriculations,O1-03,43063.0,41187.0,4.6,,,%,B,
National,Togo,2019,Moto,Variation annuelle : immatriculations,O1-03,54873.0,43063.0,27.4,,,%,B,
National,Togo,2020,Moto,Variation annuelle : immatriculations,O1-03,44850.0,54873.0,-18.3,,,%,B,
National,Togo,2021,Moto,Variation annuelle : immatriculations,O1-03,65363.0,44850.0,45.7,,,%,B,
National,Togo,2022,Moto,Variation annuelle : immatriculations,O1-03,67639.0,65363.0,3.5,,,%,B,
National,Togo,2023,Moto,Variation annuelle : immatriculations,O1-03,107845.0,67639.0,59.4,,,%,B,
National,Togo,2024,Moto,Variation annuelle : immatriculations,O1-03,65593.0,107845.0,-39.2,,,%,B,
National,Togo,1991,Voiture,Variation annuelle : immatriculations,O1-03,4004.0,3814.0,5.0,,,%,B,
National,Togo,1992,Voiture,Variation annuelle : immatriculations,O1-03,4300.0,4004.0,7.4,,,%,B,
National,Togo,1993,Voiture,Variation annuelle : immatriculations,O1-03,2577.0,4300.0,-40.1,,,%,B,
National,Togo,1994,Voiture,Variation annuelle : immatriculations,O1-03,3227.0,2577.0,25.2,,,%,B,
National,Togo,1995,Voiture,Variation annuelle : immatriculations,O1-03,6728.0,3227.0,108.5,,,%,B,
National,Togo,1996,Voiture,Variation annuelle : immatriculations,O1-03,6239.0,6728.0,-7.3,,,%,B,
National,Togo,1997,Voiture,Variation annuelle : immatriculations,O1-03,7503.0,6239.0,20.3,,,%,B,
National,Togo,1998,Voiture,Variation annuelle : immatriculations,O1-03,7470.0,7503.0,-0.4,,,%,B,
National,Togo,1999,Voiture,Variation annuelle : immatriculations,O1-03,8642.0,7470.0,15.7,,,%,B,
National,Togo,2000,Voiture,Variation annuelle : immatriculations,O1-03,7154.0,8642.0,-17.2,,,%,B,
National,Togo,2001,Voiture,Variation annuelle : immatriculations,O1-03,8469.0,7154.0,18.4,,,%,B,
National,Togo,2002,Voiture,Variation annuelle : immatriculations,O1-03,9500.0,8469.0,12.2,,,%,B,
National,Togo,2003,Voiture,Variation annuelle : immatriculations,O1-03,13991.0,9500.0,47.3,,,%,B,
National,Togo,2004,Voiture,Variation annuelle : immatriculations,O1-03,11430.0,13991.0,-18.3,,,%,B,
National,Togo,2005,Voiture,Variation annuelle : immatriculations,O1-03,11308.0,11430.0,-1.1,,,%,B,
National,Togo,2006,Voiture,Variation annuelle : immatriculations,O1-03,10961.0,11308.0,-3.1,,,%,B,
National,Togo,2007,Voiture,Variation annuelle : immatriculations,O1-03,10692.0,10961.0,-2.5,,,%,B,
National,Togo,2008,Voiture,Variation annuelle : immatriculations,O1-03,10989.0,10692.0,2.8,,,%,B,
National,Togo,2009,Voiture,Variation annuelle : immatriculations,O1-03,5751.0,10989.0,-47.7,,,%,B,
National,Togo,2010,Voiture,Variation annuelle : immatriculations,O1-03,6229.0,5751.0,8.3,,,%,B,
National,Togo,2011,Voiture,Variation annuelle : immatriculations,O1-03,7256.0,6229.0,16.5,,,%,B,
National,Togo,2012,Voiture,Variation annuelle : immatriculations,O1-03,9056.0,7256.0,24.8,,,%,B,
National,Togo,2013,Voiture,Variation annuelle : immatriculations,O1-03,9402.0,9056.0,3.8,,,%,B,
National,Togo,2014,Voiture,Variation annuelle : immatriculations,O1-03,10304.0,9402.0,9.6,,,%,B,
National,Togo,2015,Voiture,Variation annuelle : immatriculations,O1-03,14500.0,10304.0,40.7,,,%,B,
National,Togo,2016,Voiture,Variation annuelle : immatriculations,O1-03,14079.0,14500.0,-2.9,,,%,B,
National,Togo,2017,Voiture,Variation annuelle : immatriculations,O1-03,14328.0,14079.0,1.8,,,%,B,
National,Togo,2018,Voiture,Variation annuelle : immatriculations,O1-03,15607.0,14328.0,8.9,,,%,B,
National,Togo,2019,Voiture,Variation annuelle : immatriculations,O1-03,18072.0,15607.0,15.8,,,%,B,
National,Togo,2020,Voiture,Variation annuelle : immatriculations,O1-03,16386.0,18072.0,-9.3,,,%,B,
National,Togo,2021,Voiture,Variation annuelle : immatriculations,O1-03,20313.0,16386.0,24.0,,,%,B,
National,Togo,2022,Voiture,Variation annuelle : immatriculations,O1-03,18131.0,20313.0,-10.7,,,%,B,
National,Togo,2023,Voiture,Variation annuelle : immatriculations,O1-03,15764.0,18131.0,-13.1,,,%,B,
National,Togo,2024,Voiture,Variation annuelle : immatriculations,O1-03,15325.0,15764.0,-2.8,,,%,B,
National,Togo,1991,Poids lourd,Variation annuelle : immatriculations,O1-03,381.0,337.0,13.1,,,%,B,
National,Togo,1992,Poids lourd,Variation annuelle : immatriculations,O1-03,386.0,381.0,1.3,,,%,B,
National,Togo,1993,Poids lourd,Variation annuelle : immatriculations,O1-03,252.0,386.0,-34.7,,,%,B,
National,Togo,1994,Poids lourd,Variation annuelle : immatriculations,O1-03,271.0,252.0,7.5,,,%,B,
National,Togo,1995,Poids lourd,Variation annuelle : immatriculations,O1-03,357.0,271.0,31.7,,,%,B,
National,Togo,1996,Poids lourd,Variation annuelle : immatriculations,O1-03,621.0,357.0,73.9,,,%,B,
National,Togo,1997,Poids lourd,Variation annuelle : immatriculations,O1-03,529.0,621.0,-14.8,,,%,B,
National,Togo,1998,Poids lourd,Variation annuelle : immatriculations,O1-03,774.0,529.0,46.3,,,%,B,
National,Togo,1999,Poids lourd,Variation annuelle : immatriculations,O1-03,752.0,774.0,-2.8,,,%,B,
National,Togo,2000,Poids lourd,Variation annuelle : immatriculations,O1-03,701.0,752.0,-6.8,,,%,B,
National,Togo,2001,Poids lourd,Variation annuelle : immatriculations,O1-03,770.0,701.0,9.8,,,%,B,
National,Togo,2002,Poids lourd,Variation annuelle : immatriculations,O1-03,721.0,770.0,-6.4,,,%,B,
National,Togo,2003,Poids lourd,Variation annuelle : immatriculations,O1-03,1372.0,721.0,90.3,,,%,B,
National,Togo,2004,Poids lourd,Variation annuelle : immatriculations,O1-03,1086.0,1372.0,-20.8,,,%,B,
National,Togo,2005,Poids lourd,Variation annuelle : immatriculations,O1-03,1342.0,1086.0,23.6,,,%,B,
National,Togo,2006,Poids lourd,Variation annuelle : immatriculations,O1-03,1181.0,1342.0,-12.0,,,%,B,
National,Togo,2007,Poids lourd,Variation annuelle : immatriculations,O1-03,1057.0,1181.0,-10.5,,,%,B,
National,Togo,2008,Poids lourd,Variation annuelle : immatriculations,O1-03,1324.0,1057.0,25.3,,,%,B,
National,Togo,2009,Poids lourd,Variation annuelle : immatriculations,O1-03,1445.0,1324.0,9.1,,,%,B,
National,Togo,2010,Poids lourd,Variation annuelle : immatriculations,O1-03,2873.0,1445.0,98.8,,,%,B,
National,Togo,2011,Poids lourd,Variation annuelle : immatriculations,O1-03,3668.0,2873.0,27.7,,,%,B,
National,Togo,2012,Poids lourd,Variation annuelle : immatriculations,O1-03,4386.0,3668.0,19.6,,,%,B,
National,Togo,2013,Poids lourd,Variation annuelle : immatriculations,O1-03,4466.0,4386.0,1.8,,,%,B,
National,Togo,2014,Poids lourd,Variation annuelle : immatriculations,O1-03,4894.0,4466.0,9.6,,,%,B,
National,Togo,2015,Poids lourd,Variation annuelle : immatriculations,O1-03,2333.0,4894.0,-52.3,,,%,B,
National,Togo,2016,Poids lourd,Variation annuelle : immatriculations,O1-03,1715.0,2333.0,-26.5,,,%,B,
National,Togo,2017,Poids lourd,Variation annuelle : immatriculations,O1-03,2232.0,1715.0,30.1,,,%,B,
National,Togo,2018,Poids lourd,Variation annuelle : immatriculations,O1-03,2369.0,2232.0,6.1,,,%,B,
National,Togo,2019,Poids lourd,Variation annuelle : immatriculations,O1-03,2454.0,2369.0,3.6,,,%,B,
National,Togo,2020,Poids lourd,Variation annuelle : immatriculations,O1-03,3328.0,2454.0,35.6,,,%,B,
National,Togo,2021,Poids lourd,Variation annuelle : immatriculations,O1-03,3226.0,3328.0,-3.1,,,%,B,
National,Togo,2022,Poids lourd,Variation annuelle : immatriculations,O1-03,3229.0,3226.0,0.1,,,%,B,
National,Togo,2023,Poids lourd,Variation annuelle : immatriculations,O1-03,2620.0,3229.0,-18.9,,,%,B,
National,Togo,2024,Poids lourd,Variation annuelle : immatriculations,O1-03,2489.0,2620.0,-5.0,,,%,B,
National,Togo,1991,Bus et car,Variation annuelle : immatriculations,O1-03,31.0,59.0,-47.5,,,%,B,
National,Togo,1992,Bus et car,Variation annuelle : immatriculations,O1-03,32.0,31.0,3.2,,,%,B,
National,Togo,1993,Bus et car,Variation annuelle : immatriculations,O1-03,3.0,32.0,-90.6,,,%,B,
National,Togo,1994,Bus et car,Variation annuelle : immatriculations,O1-03,29.0,3.0,866.7,,,%,B,
National,Togo,1995,Bus et car,Variation annuelle : immatriculations,O1-03,15.0,29.0,-48.3,,,%,B,
National,Togo,1996,Bus et car,Variation annuelle : immatriculations,O1-03,16.0,15.0,6.7,,,%,B,
National,Togo,1997,Bus et car,Variation annuelle : immatriculations,O1-03,28.0,16.0,75.0,,,%,B,
National,Togo,1998,Bus et car,Variation annuelle : immatriculations,O1-03,35.0,28.0,25.0,,,%,B,
National,Togo,1999,Bus et car,Variation annuelle : immatriculations,O1-03,26.0,35.0,-25.7,,,%,B,
National,Togo,2000,Bus et car,Variation annuelle : immatriculations,O1-03,30.0,26.0,15.4,,,%,B,
National,Togo,2001,Bus et car,Variation annuelle : immatriculations,O1-03,32.0,30.0,6.7,,,%,B,
National,Togo,2002,Bus et car,Variation annuelle : immatriculations,O1-03,29.0,32.0,-9.4,,,%,B,
National,Togo,2003,Bus et car,Variation annuelle : immatriculations,O1-03,21.0,29.0,-27.6,,,%,B,
National,Togo,2004,Bus et car,Variation annuelle : immatriculations,O1-03,17.0,21.0,-19.0,,,%,B,
National,Togo,2005,Bus et car,Variation annuelle : immatriculations,O1-03,18.0,17.0,5.9,,,%,B,
National,Togo,2006,Bus et car,Variation annuelle : immatriculations,O1-03,28.0,18.0,55.6,,,%,B,
National,Togo,2007,Bus et car,Variation annuelle : immatriculations,O1-03,22.0,28.0,-21.4,,,%,B,
National,Togo,2008,Bus et car,Variation annuelle : immatriculations,O1-03,18.0,22.0,-18.2,,,%,B,
National,Togo,2009,Bus et car,Variation annuelle : immatriculations,O1-03,36.0,18.0,100.0,,,%,B,
National,Togo,2010,Bus et car,Variation annuelle : immatriculations,O1-03,96.0,36.0,166.7,,,%,B,
National,Togo,2011,Bus et car,Variation annuelle : immatriculations,O1-03,97.0,96.0,1.0,,,%,B,
National,Togo,2012,Bus et car,Variation annuelle : immatriculations,O1-03,102.0,97.0,5.2,,,%,B,
National,Togo,2013,Bus et car,Variation annuelle : immatriculations,O1-03,94.0,102.0,-7.8,,,%,B,
National,Togo,2014,Bus et car,Variation annuelle : immatriculations,O1-03,103.0,94.0,9.6,,,%,B,
National,Togo,2015,Bus et car,Variation annuelle : immatriculations,O1-03,87.0,103.0,-15.5,,,%,B,
National,Togo,2016,Bus et car,Variation annuelle : immatriculations,O1-03,62.0,87.0,-28.7,,,%,B,
National,Togo,2017,Bus et car,Variation annuelle : immatriculations,O1-03,73.0,62.0,17.7,,,%,B,
National,Togo,2018,Bus et car,Variation annuelle : immatriculations,O1-03,83.0,73.0,13.7,,,%,B,
National,Togo,2019,Bus et car,Variation annuelle : immatriculations,O1-03,133.0,83.0,60.2,,,%,B,
National,Togo,2020,Bus et car,Variation annuelle : immatriculations,O1-03,91.0,133.0,-31.6,,,%,B,
National,Togo,2021,Bus et car,Variation annuelle : immatriculations,O1-03,101.0,91.0,11.0,,,%,B,
National,Togo,2022,Bus et car,Variation annuelle : immatriculations,O1-03,145.0,101.0,43.6,,,%,B,
National,Togo,2023,Bus et car,Variation annuelle : immatriculations,O1-03,189.0,145.0,30.3,,,%,B,
National,Togo,2024,Bus et car,Variation annuelle : immatriculations,O1-03,122.0,189.0,-35.4,,,%,B,
National,Togo,1991,Autres,Variation annuelle : immatriculations,O1-03,1052.0,1106.0,-4.9,,,%,B,
National,Togo,1992,Autres,Variation annuelle : immatriculations,O1-03,891.0,1052.0,-15.3,,,%,B,
National,Togo,1993,Autres,Variation annuelle : immatriculations,O1-03,535.0,891.0,-40.0,,,%,B,
National,Togo,1994,Autres,Variation annuelle : immatriculations,O1-03,710.0,535.0,32.7,,,%,B,
National,Togo,1995,Autres,Variation annuelle : immatriculations,O1-03,853.0,710.0,20.1,,,%,B,
National,Togo,1996,Autres,Variation annuelle : immatriculations,O1-03,1296.0,853.0,51.9,,,%,B,
National,Togo,1997,Autres,Variation annuelle : immatriculations,O1-03,1850.0,1296.0,42.7,,,%,B,
National,Togo,1998,Autres,Variation annuelle : immatriculations,O1-03,1787.0,1850.0,-3.4,,,%,B,
National,Togo,1999,Autres,Variation annuelle : immatriculations,O1-03,1566.0,1787.0,-12.4,,,%,B,
National,Togo,2000,Autres,Variation annuelle : immatriculations,O1-03,1456.0,1566.0,-7.0,,,%,B,
National,Togo,2001,Autres,Variation annuelle : immatriculations,O1-03,1567.0,1456.0,7.6,,,%,B,
National,Togo,2002,Autres,Variation annuelle : immatriculations,O1-03,1671.0,1567.0,6.6,,,%,B,
National,Togo,2003,Autres,Variation annuelle : immatriculations,O1-03,1359.0,1671.0,-18.7,,,%,B,
National,Togo,2004,Autres,Variation annuelle : immatriculations,O1-03,1681.0,1359.0,23.7,,,%,B,
National,Togo,2005,Autres,Variation annuelle : immatriculations,O1-03,955.0,1681.0,-43.2,,,%,B,
National,Togo,2006,Autres,Variation annuelle : immatriculations,O1-03,1305.0,955.0,36.6,,,%,B,
National,Togo,2007,Autres,Variation annuelle : immatriculations,O1-03,1267.0,1305.0,-2.9,,,%,B,
National,Togo,2008,Autres,Variation annuelle : immatriculations,O1-03,1075.0,1267.0,-15.2,,,%,B,
National,Togo,2009,Autres,Variation annuelle : immatriculations,O1-03,1403.0,1075.0,30.5,,,%,B,
National,Togo,2010,Autres,Variation annuelle : immatriculations,O1-03,1542.0,1403.0,9.9,,,%,B,
National,Togo,2011,Autres,Variation annuelle : immatriculations,O1-03,2219.0,1542.0,43.9,,,%,B,
National,Togo,2012,Autres,Variation annuelle : immatriculations,O1-03,1986.0,2219.0,-10.5,,,%,B,
National,Togo,2013,Autres,Variation annuelle : immatriculations,O1-03,2311.0,1986.0,16.4,,,%,B,
National,Togo,2014,Autres,Variation annuelle : immatriculations,O1-03,2533.0,2311.0,9.6,,,%,B,
National,Togo,2015,Autres,Variation annuelle : immatriculations,O1-03,3229.0,2533.0,27.5,,,%,B,
National,Togo,2016,Autres,Variation annuelle : immatriculations,O1-03,2923.0,3229.0,-9.5,,,%,B,
National,Togo,2017,Autres,Variation annuelle : immatriculations,O1-03,3149.0,2923.0,7.7,,,%,B,
National,Togo,2018,Autres,Variation annuelle : immatriculations,O1-03,3224.0,3149.0,2.4,,,%,B,
National,Togo,2019,Autres,Variation annuelle : immatriculations,O1-03,3682.0,3224.0,14.2,,,%,B,
National,Togo,2020,Autres,Variation annuelle : immatriculations,O1-03,4085.0,3682.0,10.9,,,%,B,
National,Togo,2021,Autres,Variation annuelle : immatriculations,O1-03,4941.0,4085.0,21.0,,,%,B,
National,Togo,2022,Autres,Variation annuelle : immatriculations,O1-03,4626.0,4941.0,-6.4,,,%,B,
National,Togo,2023,Autres,Variation annuelle : immatriculations,O1-03,4441.0,4626.0,-4.0,,,%,B,
National,Togo,2024,Autres,Variation annuelle : immatriculations,O1-03,4669.0,4441.0,5.1,,,%,B,
National,Togo,1991,Togo,Variation annuelle : population,dénominateur des taux par habitant (R-06),3784587.0,3677181.0,2.9,,,%,C,raccord entre sources si les deux années n’ont pas la même source
National,Togo,1992,Togo,Variation annuelle : population,dénominateur des taux par habitant (R-06),3893149.0,3784587.0,2.9,,,%,C,raccord entre sources si les deux années n’ont pas la même source
National,Togo,1993,Togo,Variation annuelle : population,dénominateur des taux par habitant (R-06),3869090.0,3893149.0,-0.6,,,%,C,raccord entre sources si les deux années n’ont pas la même source
National,Togo,1994,Togo,Variation annuelle : population,dénominateur des taux par habitant (R-06),3883331.0,3869090.0,0.4,,,%,C,raccord entre sources si les deux années n’ont pas la même source
National,Togo,1995,Togo,Variation annuelle : population,dénominateur des taux par habitant (R-06),4056113.0,3883331.0,4.4,,,%,C,raccord entre sources si les deux années n’ont pas la même source
National,Togo,1996,Togo,Variation annuelle : population,dénominateur des taux par habitant (R-06),4209708.0,4056113.0,3.8,,,%,C,raccord entre sources si les deux années n’ont pas la même source
National,Togo,1997,Togo,Variation annuelle : population,dénominateur des taux par habitant (R-06),4345043.0,4209708.0,3.2,,,%,C,raccord entre sources si les deux années n’ont pas la même source
National,Togo,1998,Togo,Variation annuelle : population,dénominateur des taux par habitant (R-06),4469998.0,4345043.0,2.9,,,%,C,raccord entre sources si les deux années n’ont pas la même source
National,Togo,1999,Togo,Variation annuelle : population,dénominateur des taux par habitant (R-06),4598147.0,4469998.0,2.9,,,%,C,raccord entre sources si les deux années n’ont pas la même source
National,Togo,2000,Togo,Variation annuelle : population,dénominateur des taux par habitant (R-06),4726675.0,4598147.0,2.8,,,%,C,raccord entre sources si les deux années n’ont pas la même source
National,Togo,2001,Togo,Variation annuelle : population,dénominateur des taux par habitant (R-06),4852975.0,4726675.0,2.7,,,%,C,raccord entre sources si les deux années n’ont pas la même source
National,Togo,2002,Togo,Variation annuelle : population,dénominateur des taux par habitant (R-06),4977938.0,4852975.0,2.6,,,%,C,raccord entre sources si les deux années n’ont pas la même source
National,Togo,2003,Togo,Variation annuelle : population,dénominateur des taux par habitant (R-06),5105661.0,4977938.0,2.6,,,%,C,raccord entre sources si les deux années n’ont pas la même source
National,Togo,2004,Togo,Variation annuelle : population,dénominateur des taux par habitant (R-06),5238395.0,5105661.0,2.6,,,%,C,raccord entre sources si les deux années n’ont pas la même source
National,Togo,2005,Togo,Variation annuelle : population,dénominateur des taux par habitant (R-06),5374606.0,5238395.0,2.6,,,%,C,raccord entre sources si les deux années n’ont pas la même source
National,Togo,2006,Togo,Variation annuelle : population,dénominateur des taux par habitant (R-06),5527290.0,5374606.0,2.8,,,%,C,raccord entre sources si les deux années n’ont pas la même source
National,Togo,2007,Togo,Variation annuelle : population,dénominateur des taux par habitant (R-06),5690677.0,5527290.0,3.0,,,%,C,raccord entre sources si les deux années n’ont pas la même source
National,Togo,2008,Togo,Variation annuelle : population,dénominateur des taux par habitant (R-06),5856632.0,5690677.0,2.9,,,%,C,raccord entre sources si les deux années n’ont pas la même source
National,Togo,2009,Togo,Variation annuelle : population,dénominateur des taux par habitant (R-06),6024964.0,5856632.0,2.9,,,%,C,raccord entre sources si les deux années n’ont pas la même source
National,Togo,2010,Togo,Variation annuelle : population,dénominateur des taux par habitant (R-06),6191155.0,6024964.0,2.8,,,%,C,raccord entre sources si les deux années n’ont pas la même source
National,Togo,2011,Togo,Variation annuelle : population,dénominateur des taux par habitant (R-06),6202000.0,6191155.0,0.2,,,%,C,raccord entre sources si les deux années n’ont pas la même source
National,Togo,2012,Togo,Variation annuelle : population,dénominateur des taux par habitant (R-06),6353000.0,6202000.0,2.4,,,%,C,raccord entre sources si les deux années n’ont pas la même source
National,Togo,2013,Togo,Variation annuelle : population,dénominateur des taux par habitant (R-06),6509000.0,6353000.0,2.5,,,%,C,raccord entre sources si les deux années n’ont pas la même source
National,Togo,2014,Togo,Variation annuelle : population,dénominateur des taux par habitant (R-06),6669000.0,6509000.0,2.5,,,%,C,raccord entre sources si les deux années n’ont pas la même source
National,Togo,2015,Togo,Variation annuelle : population,dénominateur des taux par habitant (R-06),6835000.0,6669000.0,2.5,,,%,C,raccord entre sources si les deux années n’ont pas la même source
National,Togo,2016,Togo,Variation annuelle : population,dénominateur des taux par habitant (R-06),7006000.0,6835000.0,2.5,,,%,C,raccord entre sources si les deux années n’ont pas la même source
National,Togo,2017,Togo,Variation annuelle : population,dénominateur des taux par habitant (R-06),7178000.0,7006000.0,2.5,,,%,C,raccord entre sources si les deux années n’ont pas la même source
National,Togo,2018,Togo,Variation annuelle : population,dénominateur des taux par habitant (R-06),7352000.0,7178000.0,2.4,,,%,C,raccord entre sources si les deux années n’ont pas la même source
National,Togo,2019,Togo,Variation annuelle : population,dénominateur des taux par habitant (R-06),7528000.0,7352000.0,2.4,,,%,C,raccord entre sources si les deux années n’ont pas la même source
National,Togo,2020,Togo,Variation annuelle : population,dénominateur des taux par habitant (R-06),7706000.0,7528000.0,2.4,,,%,C,raccord entre sources si les deux années n’ont pas la même source
National,Togo,2021,Togo,Variation annuelle : population,dénominateur des taux par habitant (R-06),7886000.0,7706000.0,2.3,,,%,C,raccord entre sources si les deux années n’ont pas la même source
National,Togo,2022,Togo,Variation annuelle : population,dénominateur des taux par habitant (R-06),8095498.0,7886000.0,2.7,,,%,C,raccord entre sources si les deux années n’ont pas la même source
National,Togo,2023,Togo,Variation annuelle : population,dénominateur des taux par habitant (R-06),8251000.0,8095498.0,1.9,,,%,C,raccord entre sources si les deux années n’ont pas la même source
National,Togo,2024,Togo,Variation annuelle : population,dénominateur des taux par habitant (R-06),8437000.0,8251000.0,2.3,,,%,C,raccord entre sources si les deux années n’ont pas la même source
National,Togo,2008,A,Variation annuelle : permis délivrés,O1-06,198.0,205.0,-3.4,,,%,B,2013 non renseignée : variations de 2013 et 2014 non définies
National,Togo,2009,A,Variation annuelle : permis délivrés,O1-06,398.0,198.0,101.0,,,%,B,2013 non renseignée : variations de 2013 et 2014 non définies
National,Togo,2010,A,Variation annuelle : permis délivrés,O1-06,206.0,398.0,-48.2,,,%,B,2013 non renseignée : variations de 2013 et 2014 non définies
National,Togo,2011,A,Variation annuelle : permis délivrés,O1-06,157.0,206.0,-23.8,,,%,B,2013 non renseignée : variations de 2013 et 2014 non définies
National,Togo,2012,A,Variation annuelle : permis délivrés,O1-06,129.0,157.0,-17.8,,,%,B,2013 non renseignée : variations de 2013 et 2014 non définies
National,Togo,2013,A,Variation annuelle : permis délivrés,O1-06,,129.0,,,,%,B,2013 non renseignée : variations de 2013 et 2014 non définies
National,Togo,2014,A,Variation annuelle : permis délivrés,O1-06,283.0,,,,,%,B,2013 non renseignée : variations de 2013 et 2014 non définies
National,Togo,2015,A,Variation annuelle : permis délivrés,O1-06,104.0,283.0,-63.3,,,%,B,2013 non renseignée : variations de 2013 et 2014 non définies
National,Togo,2016,A,Variation annuelle : permis délivrés,O1-06,387.0,104.0,272.1,,,%,B,2013 non renseignée : variations de 2013 et 2014 non définies
National,Togo,2017,A,Variation annuelle : permis délivrés,O1-06,312.0,387.0,-19.4,,,%,B,2013 non renseignée : variations de 2013 et 2014 non définies
National,Togo,2018,A,Variation annuelle : permis délivrés,O1-06,406.0,312.0,30.1,,,%,B,2013 non renseignée : variations de 2013 et 2014 non définies
National,Togo,2019,A,Variation annuelle : permis délivrés,O1-06,2425.0,406.0,497.3,,,%,B,2013 non renseignée : variations de 2013 et 2014 non définies
National,Togo,2020,A,Variation annuelle : permis délivrés,O1-06,236.0,2425.0,-90.3,,,%,B,2013 non renseignée : variations de 2013 et 2014 non définies
National,Togo,2021,A,Variation annuelle : permis délivrés,O1-06,211.0,236.0,-10.6,,,%,B,2013 non renseignée : variations de 2013 et 2014 non définies
National,Togo,2022,A,Variation annuelle : permis délivrés,O1-06,4837.0,211.0,2192.4,,,%,B,2013 non renseignée : variations de 2013 et 2014 non définies
National,Togo,2023,A,Variation annuelle : permis délivrés,O1-06,1538.0,4837.0,-68.2,,,%,B,2013 non renseignée : variations de 2013 et 2014 non définies
National,Togo,2024,A,Variation annuelle : permis délivrés,O1-06,10165.0,1538.0,560.9,,,%,B,2013 non renseignée : variations de 2013 et 2014 non définies
National,Togo,2008,B,Variation annuelle : permis délivrés,O1-06,6334.0,6148.0,3.0,,,%,B,2013 non renseignée : variations de 2013 et 2014 non définies
National,Togo,2009,B,Variation annuelle : permis délivrés,O1-06,4771.0,6334.0,-24.7,,,%,B,2013 non renseignée : variations de 2013 et 2014 non définies
National,Togo,2010,B,Variation annuelle : permis délivrés,O1-06,4690.0,4771.0,-1.7,,,%,B,2013 non renseignée : variations de 2013 et 2014 non définies
National,Togo,2011,B,Variation annuelle : permis délivrés,O1-06,5628.0,4690.0,20.0,,,%,B,2013 non renseignée : variations de 2013 et 2014 non définies
National,Togo,2012,B,Variation annuelle : permis délivrés,O1-06,6307.0,5628.0,12.1,,,%,B,2013 non renseignée : variations de 2013 et 2014 non définies
National,Togo,2013,B,Variation annuelle : permis délivrés,O1-06,,6307.0,,,,%,B,2013 non renseignée : variations de 2013 et 2014 non définies
National,Togo,2014,B,Variation annuelle : permis délivrés,O1-06,11787.0,,,,,%,B,2013 non renseignée : variations de 2013 et 2014 non définies
National,Togo,2015,B,Variation annuelle : permis délivrés,O1-06,7193.0,11787.0,-39.0,,,%,B,2013 non renseignée : variations de 2013 et 2014 non définies
National,Togo,2016,B,Variation annuelle : permis délivrés,O1-06,23467.0,7193.0,226.2,,,%,B,2013 non renseignée : variations de 2013 et 2014 non définies
National,Togo,2017,B,Variation annuelle : permis délivrés,O1-06,16299.0,23467.0,-30.5,,,%,B,2013 non renseignée : variations de 2013 et 2014 non définies
National,Togo,2018,B,Variation annuelle : permis délivrés,O1-06,15855.0,16299.0,-2.7,,,%,B,2013 non renseignée : variations de 2013 et 2014 non définies
National,Togo,2019,B,Variation annuelle : permis délivrés,O1-06,16377.0,15855.0,3.3,,,%,B,2013 non renseignée : variations de 2013 et 2014 non définies
National,Togo,2020,B,Variation annuelle : permis délivrés,O1-06,11017.0,16377.0,-32.7,,,%,B,2013 non renseignée : variations de 2013 et 2014 non définies
National,Togo,2021,B,Variation annuelle : permis délivrés,O1-06,16857.0,11017.0,53.0,,,%,B,2013 non renseignée : variations de 2013 et 2014 non définies
National,Togo,2022,B,Variation annuelle : permis délivrés,O1-06,16988.0,16857.0,0.8,,,%,B,2013 non renseignée : variations de 2013 et 2014 non définies
National,Togo,2023,B,Variation annuelle : permis délivrés,O1-06,19641.0,16988.0,15.6,,,%,B,2013 non renseignée : variations de 2013 et 2014 non définies
National,Togo,2024,B,Variation annuelle : permis délivrés,O1-06,23538.0,19641.0,19.8,,,%,B,2013 non renseignée : variations de 2013 et 2014 non définies
National,Togo,2008,C,Variation annuelle : permis délivrés,O1-06,433.0,459.0,-5.7,,,%,B,2013 non renseignée : variations de 2013 et 2014 non définies
National,Togo,2009,C,Variation annuelle : permis délivrés,O1-06,236.0,433.0,-45.5,,,%,B,2013 non renseignée : variations de 2013 et 2014 non définies
National,Togo,2010,C,Variation annuelle : permis délivrés,O1-06,299.0,236.0,26.7,,,%,B,2013 non renseignée : variations de 2013 et 2014 non définies
National,Togo,2011,C,Variation annuelle : permis délivrés,O1-06,327.0,299.0,9.4,,,%,B,2013 non renseignée : variations de 2013 et 2014 non définies
National,Togo,2012,C,Variation annuelle : permis délivrés,O1-06,428.0,327.0,30.9,,,%,B,2013 non renseignée : variations de 2013 et 2014 non définies
National,Togo,2013,C,Variation annuelle : permis délivrés,O1-06,,428.0,,,,%,B,2013 non renseignée : variations de 2013 et 2014 non définies
National,Togo,2014,C,Variation annuelle : permis délivrés,O1-06,1016.0,,,,,%,B,2013 non renseignée : variations de 2013 et 2014 non définies
National,Togo,2015,C,Variation annuelle : permis délivrés,O1-06,308.0,1016.0,-69.7,,,%,B,2013 non renseignée : variations de 2013 et 2014 non définies
National,Togo,2016,C,Variation annuelle : permis délivrés,O1-06,1642.0,308.0,433.1,,,%,B,2013 non renseignée : variations de 2013 et 2014 non définies
National,Togo,2017,C,Variation annuelle : permis délivrés,O1-06,1353.0,1642.0,-17.6,,,%,B,2013 non renseignée : variations de 2013 et 2014 non définies
National,Togo,2018,C,Variation annuelle : permis délivrés,O1-06,1015.0,1353.0,-25.0,,,%,B,2013 non renseignée : variations de 2013 et 2014 non définies
National,Togo,2019,C,Variation annuelle : permis délivrés,O1-06,898.0,1015.0,-11.5,,,%,B,2013 non renseignée : variations de 2013 et 2014 non définies
National,Togo,2020,C,Variation annuelle : permis délivrés,O1-06,763.0,898.0,-15.0,,,%,B,2013 non renseignée : variations de 2013 et 2014 non définies
National,Togo,2021,C,Variation annuelle : permis délivrés,O1-06,1160.0,763.0,52.0,,,%,B,2013 non renseignée : variations de 2013 et 2014 non définies
National,Togo,2022,C,Variation annuelle : permis délivrés,O1-06,1216.0,1160.0,4.8,,,%,B,2013 non renseignée : variations de 2013 et 2014 non définies
National,Togo,2023,C,Variation annuelle : permis délivrés,O1-06,1532.0,1216.0,26.0,,,%,B,2013 non renseignée : variations de 2013 et 2014 non définies
National,Togo,2024,C,Variation annuelle : permis délivrés,O1-06,1973.0,1532.0,28.8,,,%,B,2013 non renseignée : variations de 2013 et 2014 non définies
National,Togo,2008,D,Variation annuelle : permis délivrés,O1-06,86.0,87.0,-1.1,,,%,B,2013 non renseignée : variations de 2013 et 2014 non définies
National,Togo,2009,D,Variation annuelle : permis délivrés,O1-06,45.0,86.0,-47.7,,,%,B,2013 non renseignée : variations de 2013 et 2014 non définies
National,Togo,2010,D,Variation annuelle : permis délivrés,O1-06,83.0,45.0,84.4,,,%,B,2013 non renseignée : variations de 2013 et 2014 non définies
National,Togo,2011,D,Variation annuelle : permis délivrés,O1-06,71.0,83.0,-14.5,,,%,B,2013 non renseignée : variations de 2013 et 2014 non définies
National,Togo,2012,D,Variation annuelle : permis délivrés,O1-06,77.0,71.0,8.5,,,%,B,2013 non renseignée : variations de 2013 et 2014 non définies
National,Togo,2013,D,Variation annuelle : permis délivrés,O1-06,,77.0,,,,%,B,2013 non renseignée : variations de 2013 et 2014 non définies
National,Togo,2014,D,Variation annuelle : permis délivrés,O1-06,202.0,,,,,%,B,2013 non renseignée : variations de 2013 et 2014 non définies
National,Togo,2015,D,Variation annuelle : permis délivrés,O1-06,90.0,202.0,-55.4,,,%,B,2013 non renseignée : variations de 2013 et 2014 non définies
National,Togo,2016,D,Variation annuelle : permis délivrés,O1-06,292.0,90.0,224.4,,,%,B,2013 non renseignée : variations de 2013 et 2014 non définies
National,Togo,2017,D,Variation annuelle : permis délivrés,O1-06,337.0,292.0,15.4,,,%,B,2013 non renseignée : variations de 2013 et 2014 non définies
National,Togo,2018,D,Variation annuelle : permis délivrés,O1-06,297.0,337.0,-11.9,,,%,B,2013 non renseignée : variations de 2013 et 2014 non définies
National,Togo,2019,D,Variation annuelle : permis délivrés,O1-06,299.0,297.0,0.7,,,%,B,2013 non renseignée : variations de 2013 et 2014 non définies
National,Togo,2020,D,Variation annuelle : permis délivrés,O1-06,230.0,299.0,-23.1,,,%,B,2013 non renseignée : variations de 2013 et 2014 non définies
National,Togo,2021,D,Variation annuelle : permis délivrés,O1-06,389.0,230.0,69.1,,,%,B,2013 non renseignée : variations de 2013 et 2014 non définies
National,Togo,2022,D,Variation annuelle : permis délivrés,O1-06,410.0,389.0,5.4,,,%,B,2013 non renseignée : variations de 2013 et 2014 non définies
National,Togo,2023,D,Variation annuelle : permis délivrés,O1-06,542.0,410.0,32.2,,,%,B,2013 non renseignée : variations de 2013 et 2014 non définies
National,Togo,2024,D,Variation annuelle : permis délivrés,O1-06,679.0,542.0,25.3,,,%,B,2013 non renseignée : variations de 2013 et 2014 non définies
National,Togo,2008,E,Variation annuelle : permis délivrés,O1-06,18.0,32.0,-43.8,,,%,B,2013 non renseignée : variations de 2013 et 2014 non définies
National,Togo,2009,E,Variation annuelle : permis délivrés,O1-06,38.0,18.0,111.1,,,%,B,2013 non renseignée : variations de 2013 et 2014 non définies
National,Togo,2010,E,Variation annuelle : permis délivrés,O1-06,35.0,38.0,-7.9,,,%,B,2013 non renseignée : variations de 2013 et 2014 non définies
National,Togo,2011,E,Variation annuelle : permis délivrés,O1-06,42.0,35.0,20.0,,,%,B,2013 non renseignée : variations de 2013 et 2014 non définies
National,Togo,2012,E,Variation annuelle : permis délivrés,O1-06,28.0,42.0,-33.3,,,%,B,2013 non renseignée : variations de 2013 et 2014 non définies
National,Togo,2013,E,Variation annuelle : permis délivrés,O1-06,,28.0,,,,%,B,2013 non renseignée : variations de 2013 et 2014 non définies
National,Togo,2014,E,Variation annuelle : permis délivrés,O1-06,74.0,,,,,%,B,2013 non renseignée : variations de 2013 et 2014 non définies
National,Togo,2015,E,Variation annuelle : permis délivrés,O1-06,370.0,74.0,400.0,,,%,B,2013 non renseignée : variations de 2013 et 2014 non définies
National,Togo,2016,E,Variation annuelle : permis délivrés,O1-06,2635.0,370.0,612.2,,,%,B,2013 non renseignée : variations de 2013 et 2014 non définies
National,Togo,2017,E,Variation annuelle : permis délivrés,O1-06,1514.0,2635.0,-42.5,,,%,B,2013 non renseignée : variations de 2013 et 2014 non définies
National,Togo,2018,E,Variation annuelle : permis délivrés,O1-06,1263.0,1514.0,-16.6,,,%,B,2013 non renseignée : variations de 2013 et 2014 non définies
National,Togo,2019,E,Variation annuelle : permis délivrés,O1-06,1073.0,1263.0,-15.0,,,%,B,2013 non renseignée : variations de 2013 et 2014 non définies
National,Togo,2020,E,Variation annuelle : permis délivrés,O1-06,806.0,1073.0,-24.9,,,%,B,2013 non renseignée : variations de 2013 et 2014 non définies
National,Togo,2021,E,Variation annuelle : permis délivrés,O1-06,1060.0,806.0,31.5,,,%,B,2013 non renseignée : variations de 2013 et 2014 non définies
National,Togo,2022,E,Variation annuelle : permis délivrés,O1-06,1119.0,1060.0,5.6,,,%,B,2013 non renseignée : variations de 2013 et 2014 non définies
National,Togo,2023,E,Variation annuelle : permis délivrés,O1-06,1260.0,1119.0,12.6,,,%,B,2013 non renseignée : variations de 2013 et 2014 non définies
National,Togo,2024,E,Variation annuelle : permis délivrés,O1-06,1554.0,1260.0,23.3,,,%,B,2013 non renseignée : variations de 2013 et 2014 non définies
National,Togo,2008,F,Variation annuelle : permis délivrés,O1-06,0.0,0.0,,,,%,B,2013 non renseignée : variations de 2013 et 2014 non définies
National,Togo,2009,F,Variation annuelle : permis délivrés,O1-06,0.0,0.0,,,,%,B,2013 non renseignée : variations de 2013 et 2014 non définies
National,Togo,2010,F,Variation annuelle : permis délivrés,O1-06,0.0,0.0,,,,%,B,2013 non renseignée : variations de 2013 et 2014 non définies
National,Togo,2011,F,Variation annuelle : permis délivrés,O1-06,0.0,0.0,,,,%,B,2013 non renseignée : variations de 2013 et 2014 non définies
National,Togo,2012,F,Variation annuelle : permis délivrés,O1-06,0.0,0.0,,,,%,B,2013 non renseignée : variations de 2013 et 2014 non définies
National,Togo,2013,F,Variation annuelle : permis délivrés,O1-06,,0.0,,,,%,B,2013 non renseignée : variations de 2013 et 2014 non définies
National,Togo,2014,F,Variation annuelle : permis délivrés,O1-06,0.0,,,,,%,B,2013 non renseignée : variations de 2013 et 2014 non définies
National,Togo,2015,F,Variation annuelle : permis délivrés,O1-06,7.0,0.0,,,,%,B,2013 non renseignée : variations de 2013 et 2014 non définies
National,Togo,2016,F,Variation annuelle : permis délivrés,O1-06,28.0,7.0,300.0,,,%,B,2013 non renseignée : variations de 2013 et 2014 non définies
National,Togo,2017,F,Variation annuelle : permis délivrés,O1-06,24.0,28.0,-14.3,,,%,B,2013 non renseignée : variations de 2013 et 2014 non définies
National,Togo,2018,F,Variation annuelle : permis délivrés,O1-06,18.0,24.0,-25.0,,,%,B,2013 non renseignée : variations de 2013 et 2014 non définies
National,Togo,2019,F,Variation annuelle : permis délivrés,O1-06,26.0,18.0,44.4,,,%,B,2013 non renseignée : variations de 2013 et 2014 non définies
National,Togo,2020,F,Variation annuelle : permis délivrés,O1-06,21.0,26.0,-19.2,,,%,B,2013 non renseignée : variations de 2013 et 2014 non définies
National,Togo,2021,F,Variation annuelle : permis délivrés,O1-06,38.0,21.0,81.0,,,%,B,2013 non renseignée : variations de 2013 et 2014 non définies
National,Togo,2022,F,Variation annuelle : permis délivrés,O1-06,28.0,38.0,-26.3,,,%,B,2013 non renseignée : variations de 2013 et 2014 non définies
National,Togo,2023,F,Variation annuelle : permis délivrés,O1-06,35.0,28.0,25.0,,,%,B,2013 non renseignée : variations de 2013 et 2014 non définies
National,Togo,2024,F,Variation annuelle : permis délivrés,O1-06,622.0,35.0,1677.1,,,%,B,2013 non renseignée : variations de 2013 et 2014 non définies
National,Togo,2007,A,Permis pour 1 000 habitants en âge de conduire,O1-07,205.0,2948776.0,0.07,,,pour 1 000 habitants en âge de conduire,C,
National,Togo,2007,B,Permis pour 1 000 habitants en âge de conduire,O1-07,6148.0,2948776.0,2.08,,,pour 1 000 habitants en âge de conduire,C,
National,Togo,2007,C,Permis pour 1 000 habitants en âge de conduire,O1-07,459.0,2603849.0,0.18,,,pour 1 000 habitants en âge de conduire,C,
National,Togo,2007,D,Permis pour 1 000 habitants en âge de conduire,O1-07,87.0,2603849.0,0.03,,,pour 1 000 habitants en âge de conduire,C,
National,Togo,2007,E,Permis pour 1 000 habitants en âge de conduire,O1-07,32.0,2948776.0,0.01,,,pour 1 000 habitants en âge de conduire,C,
National,Togo,2007,F,Permis pour 1 000 habitants en âge de conduire,O1-07,0.0,2948776.0,0.0,,,pour 1 000 habitants en âge de conduire,C,
National,Togo,2008,A,Permis pour 1 000 habitants en âge de conduire,O1-07,198.0,3041626.0,0.07,,,pour 1 000 habitants en âge de conduire,C,
National,Togo,2008,B,Permis pour 1 000 habitants en âge de conduire,O1-07,6334.0,3041626.0,2.08,,,pour 1 000 habitants en âge de conduire,C,
National,Togo,2008,C,Permis pour 1 000 habitants en âge de conduire,O1-07,433.0,2688282.0,0.16,,,pour 1 000 habitants en âge de conduire,C,
National,Togo,2008,D,Permis pour 1 000 habitants en âge de conduire,O1-07,86.0,2688282.0,0.03,,,pour 1 000 habitants en âge de conduire,C,
National,Togo,2008,E,Permis pour 1 000 habitants en âge de conduire,O1-07,18.0,3041626.0,0.01,,,pour 1 000 habitants en âge de conduire,C,
National,Togo,2008,F,Permis pour 1 000 habitants en âge de conduire,O1-07,0.0,3041626.0,0.0,,,pour 1 000 habitants en âge de conduire,C,
National,Togo,2009,A,Permis pour 1 000 habitants en âge de conduire,O1-07,398.0,3133765.0,0.13,,,pour 1 000 habitants en âge de conduire,C,
National,Togo,2009,B,Permis pour 1 000 habitants en âge de conduire,O1-07,4771.0,3133765.0,1.52,,,pour 1 000 habitants en âge de conduire,C,
National,Togo,2009,C,Permis pour 1 000 habitants en âge de conduire,O1-07,236.0,2772446.0,0.09,,,pour 1 000 habitants en âge de conduire,C,
National,Togo,2009,D,Permis pour 1 000 habitants en âge de conduire,O1-07,45.0,2772446.0,0.02,,,pour 1 000 habitants en âge de conduire,C,
National,Togo,2009,E,Permis pour 1 000 habitants en âge de conduire,O1-07,38.0,3133765.0,0.01,,,pour 1 000 habitants en âge de conduire,C,
National,Togo,2009,F,Permis pour 1 000 habitants en âge de conduire,O1-07,0.0,3133765.0,0.0,,,pour 1 000 habitants en âge de conduire,C,
National,Togo,2010,A,Permis pour 1 000 habitants en âge de conduire,O1-07,206.0,3221461.0,0.06,,,pour 1 000 habitants en âge de conduire,C,
National,Togo,2010,B,Permis pour 1 000 habitants en âge de conduire,O1-07,4690.0,3221461.0,1.46,,,pour 1 000 habitants en âge de conduire,C,
National,Togo,2010,C,Permis pour 1 000 habitants en âge de conduire,O1-07,299.0,2852821.0,0.1,,,pour 1 000 habitants en âge de conduire,C,
National,Togo,2010,D,Permis pour 1 000 habitants en âge de conduire,O1-07,83.0,2852821.0,0.03,,,pour 1 000 habitants en âge de conduire,C,
National,Togo,2010,E,Permis pour 1 000 habitants en âge de conduire,O1-07,35.0,3221461.0,0.01,,,pour 1 000 habitants en âge de conduire,C,
National,Togo,2010,F,Permis pour 1 000 habitants en âge de conduire,O1-07,0.0,3221461.0,0.0,,,pour 1 000 habitants en âge de conduire,C,
National,Togo,2011,A,Permis pour 1 000 habitants en âge de conduire,O1-07,157.0,3195240.0,0.05,,,pour 1 000 habitants en âge de conduire,C,
National,Togo,2011,B,Permis pour 1 000 habitants en âge de conduire,O1-07,5628.0,3195240.0,1.76,,,pour 1 000 habitants en âge de conduire,C,
National,Togo,2011,C,Permis pour 1 000 habitants en âge de conduire,O1-07,327.0,2839179.0,0.12,,,pour 1 000 habitants en âge de conduire,C,
National,Togo,2011,D,Permis pour 1 000 habitants en âge de conduire,O1-07,71.0,2839179.0,0.03,,,pour 1 000 habitants en âge de conduire,C,
National,Togo,2011,E,Permis pour 1 000 habitants en âge de conduire,O1-07,42.0,3195240.0,0.01,,,pour 1 000 habitants en âge de conduire,C,
National,Togo,2011,F,Permis pour 1 000 habitants en âge de conduire,O1-07,0.0,3195240.0,0.0,,,pour 1 000 habitants en âge de conduire,C,
National,Togo,2012,A,Permis pour 1 000 habitants en âge de conduire,O1-07,129.0,3284434.0,0.04,,,pour 1 000 habitants en âge de conduire,C,
National,Togo,2012,B,Permis pour 1 000 habitants en âge de conduire,O1-07,6307.0,3284434.0,1.92,,,pour 1 000 habitants en âge de conduire,C,
National,Togo,2012,C,Permis pour 1 000 habitants en âge de conduire,O1-07,428.0,2919588.0,0.15,,,pour 1 000 habitants en âge de conduire,C,
National,Togo,2012,D,Permis pour 1 000 habitants en âge de conduire,O1-07,77.0,2919588.0,0.03,,,pour 1 000 habitants en âge de conduire,C,
National,Togo,2012,E,Permis pour 1 000 habitants en âge de conduire,O1-07,28.0,3284434.0,0.01,,,pour 1 000 habitants en âge de conduire,C,
National,Togo,2012,F,Permis pour 1 000 habitants en âge de conduire,O1-07,0.0,3284434.0,0.0,,,pour 1 000 habitants en âge de conduire,C,
National,Togo,2013,A,Permis pour 1 000 habitants en âge de conduire,O1-07,,3376517.0,,,,pour 1 000 habitants en âge de conduire,C,
National,Togo,2013,B,Permis pour 1 000 habitants en âge de conduire,O1-07,,3376517.0,,,,pour 1 000 habitants en âge de conduire,C,
National,Togo,2013,C,Permis pour 1 000 habitants en âge de conduire,O1-07,,3002587.0,,,,pour 1 000 habitants en âge de conduire,C,
National,Togo,2013,D,Permis pour 1 000 habitants en âge de conduire,O1-07,,3002587.0,,,,pour 1 000 habitants en âge de conduire,C,
National,Togo,2013,E,Permis pour 1 000 habitants en âge de conduire,O1-07,,3376517.0,,,,pour 1 000 habitants en âge de conduire,C,
National,Togo,2013,F,Permis pour 1 000 habitants en âge de conduire,O1-07,,3376517.0,,,,pour 1 000 habitants en âge de conduire,C,
National,Togo,2014,A,Permis pour 1 000 habitants en âge de conduire,O1-07,283.0,3468917.0,0.08,,,pour 1 000 habitants en âge de conduire,C,
National,Togo,2014,B,Permis pour 1 000 habitants en âge de conduire,O1-07,11787.0,3468917.0,3.4,,,pour 1 000 habitants en âge de conduire,C,
National,Togo,2014,C,Permis pour 1 000 habitants en âge de conduire,O1-07,1016.0,3084992.0,0.33,,,pour 1 000 habitants en âge de conduire,C,
National,Togo,2014,D,Permis pour 1 000 habitants en âge de conduire,O1-07,202.0,3084992.0,0.07,,,pour 1 000 habitants en âge de conduire,C,
National,Togo,2014,E,Permis pour 1 000 habitants en âge de conduire,O1-07,74.0,3468917.0,0.02,,,pour 1 000 habitants en âge de conduire,C,
National,Togo,2014,F,Permis pour 1 000 habitants en âge de conduire,O1-07,0.0,3468917.0,0.0,,,pour 1 000 habitants en âge de conduire,C,
National,Togo,2015,A,Permis pour 1 000 habitants en âge de conduire,O1-07,104.0,3570716.0,0.03,,,pour 1 000 habitants en âge de conduire,C,
National,Togo,2015,B,Permis pour 1 000 habitants en âge de conduire,O1-07,7193.0,3570716.0,2.01,,,pour 1 000 habitants en âge de conduire,C,
National,Togo,2015,C,Permis pour 1 000 habitants en âge de conduire,O1-07,308.0,3175304.0,0.1,,,pour 1 000 habitants en âge de conduire,C,
National,Togo,2015,D,Permis pour 1 000 habitants en âge de conduire,O1-07,90.0,3175304.0,0.03,,,pour 1 000 habitants en âge de conduire,C,
National,Togo,2015,E,Permis pour 1 000 habitants en âge de conduire,O1-07,370.0,3570716.0,0.1,,,pour 1 000 habitants en âge de conduire,C,
National,Togo,2015,F,Permis pour 1 000 habitants en âge de conduire,O1-07,7.0,3570716.0,0.0,,,pour 1 000 habitants en âge de conduire,C,
National,Togo,2016,A,Permis pour 1 000 habitants en âge de conduire,O1-07,387.0,3681007.0,0.11,,,pour 1 000 habitants en âge de conduire,C,
National,Togo,2016,B,Permis pour 1 000 habitants en âge de conduire,O1-07,23467.0,3681007.0,6.38,,,pour 1 000 habitants en âge de conduire,C,
National,Togo,2016,C,Permis pour 1 000 habitants en âge de conduire,O1-07,1642.0,3270966.0,0.5,,,pour 1 000 habitants en âge de conduire,C,
National,Togo,2016,D,Permis pour 1 000 habitants en âge de conduire,O1-07,292.0,3270966.0,0.09,,,pour 1 000 habitants en âge de conduire,C,
National,Togo,2016,E,Permis pour 1 000 habitants en âge de conduire,O1-07,2635.0,3681007.0,0.72,,,pour 1 000 habitants en âge de conduire,C,
National,Togo,2016,F,Permis pour 1 000 habitants en âge de conduire,O1-07,28.0,3681007.0,0.01,,,pour 1 000 habitants en âge de conduire,C,
National,Togo,2017,A,Permis pour 1 000 habitants en âge de conduire,O1-07,312.0,3794850.0,0.08,,,pour 1 000 habitants en âge de conduire,C,
National,Togo,2017,B,Permis pour 1 000 habitants en âge de conduire,O1-07,16299.0,3794850.0,4.3,,,pour 1 000 habitants en âge de conduire,C,
National,Togo,2017,C,Permis pour 1 000 habitants en âge de conduire,O1-07,1353.0,3366341.0,0.4,,,pour 1 000 habitants en âge de conduire,C,
National,Togo,2017,D,Permis pour 1 000 habitants en âge de conduire,O1-07,337.0,3366341.0,0.1,,,pour 1 000 habitants en âge de conduire,C,
National,Togo,2017,E,Permis pour 1 000 habitants en âge de conduire,O1-07,1514.0,3794850.0,0.4,,,pour 1 000 habitants en âge de conduire,C,
National,Togo,2017,F,Permis pour 1 000 habitants en âge de conduire,O1-07,24.0,3794850.0,0.01,,,pour 1 000 habitants en âge de conduire,C,
National,Togo,2018,A,Permis pour 1 000 habitants en âge de conduire,O1-07,406.0,3915009.0,0.1,,,pour 1 000 habitants en âge de conduire,C,
National,Togo,2018,B,Permis pour 1 000 habitants en âge de conduire,O1-07,15855.0,3915009.0,4.05,,,pour 1 000 habitants en âge de conduire,C,
National,Togo,2018,C,Permis pour 1 000 habitants en âge de conduire,O1-07,1015.0,3464752.0,0.29,,,pour 1 000 habitants en âge de conduire,C,
National,Togo,2018,D,Permis pour 1 000 habitants en âge de conduire,O1-07,297.0,3464752.0,0.09,,,pour 1 000 habitants en âge de conduire,C,
National,Togo,2018,E,Permis pour 1 000 habitants en âge de conduire,O1-07,1263.0,3915009.0,0.32,,,pour 1 000 habitants en âge de conduire,C,
National,Togo,2018,F,Permis pour 1 000 habitants en âge de conduire,O1-07,18.0,3915009.0,0.0,,,pour 1 000 habitants en âge de conduire,C,
National,Togo,2019,A,Permis pour 1 000 habitants en âge de conduire,O1-07,2425.0,4040709.0,0.6,,,pour 1 000 habitants en âge de conduire,C,
National,Togo,2019,B,Permis pour 1 000 habitants en âge de conduire,O1-07,16377.0,4040709.0,4.05,,,pour 1 000 habitants en âge de conduire,C,
National,Togo,2019,C,Permis pour 1 000 habitants en âge de conduire,O1-07,898.0,3567053.0,0.25,,,pour 1 000 habitants en âge de conduire,C,
National,Togo,2019,D,Permis pour 1 000 habitants en âge de conduire,O1-07,299.0,3567053.0,0.08,,,pour 1 000 habitants en âge de conduire,C,
National,Togo,2019,E,Permis pour 1 000 habitants en âge de conduire,O1-07,1073.0,4040709.0,0.27,,,pour 1 000 habitants en âge de conduire,C,
National,Togo,2019,F,Permis pour 1 000 habitants en âge de conduire,O1-07,26.0,4040709.0,0.01,,,pour 1 000 habitants en âge de conduire,C,
National,Togo,2020,A,Permis pour 1 000 habitants en âge de conduire,O1-07,236.0,4176944.0,0.06,,,pour 1 000 habitants en âge de conduire,C,
National,Togo,2020,B,Permis pour 1 000 habitants en âge de conduire,O1-07,11017.0,4176944.0,2.64,,,pour 1 000 habitants en âge de conduire,C,
National,Togo,2020,C,Permis pour 1 000 habitants en âge de conduire,O1-07,763.0,3681517.0,0.21,,,pour 1 000 habitants en âge de conduire,C,
National,Togo,2020,D,Permis pour 1 000 habitants en âge de conduire,O1-07,230.0,3681517.0,0.06,,,pour 1 000 habitants en âge de conduire,C,
National,Togo,2020,E,Permis pour 1 000 habitants en âge de conduire,O1-07,806.0,4176944.0,0.19,,,pour 1 000 habitants en âge de conduire,C,
National,Togo,2020,F,Permis pour 1 000 habitants en âge de conduire,O1-07,21.0,4176944.0,0.01,,,pour 1 000 habitants en âge de conduire,C,
National,Togo,2021,A,Permis pour 1 000 habitants en âge de conduire,O1-07,211.0,4312969.0,0.05,,,pour 1 000 habitants en âge de conduire,C,
National,Togo,2021,B,Permis pour 1 000 habitants en âge de conduire,O1-07,16857.0,4312969.0,3.91,,,pour 1 000 habitants en âge de conduire,C,
National,Togo,2021,C,Permis pour 1 000 habitants en âge de conduire,O1-07,1160.0,3800085.0,0.31,,,pour 1 000 habitants en âge de conduire,C,
National,Togo,2021,D,Permis pour 1 000 habitants en âge de conduire,O1-07,389.0,3800085.0,0.1,,,pour 1 000 habitants en âge de conduire,C,
National,Togo,2021,E,Permis pour 1 000 habitants en âge de conduire,O1-07,1060.0,4312969.0,0.25,,,pour 1 000 habitants en âge de conduire,C,
National,Togo,2021,F,Permis pour 1 000 habitants en âge de conduire,O1-07,38.0,4312969.0,0.01,,,pour 1 000 habitants en âge de conduire,C,
National,Togo,2022,A,Permis pour 1 000 habitants en âge de conduire,O1-07,4837.0,4193458.0,1.15,,,pour 1 000 habitants en âge de conduire,C,
National,Togo,2022,B,Permis pour 1 000 habitants en âge de conduire,O1-07,16988.0,4193458.0,4.05,,,pour 1 000 habitants en âge de conduire,C,
National,Togo,2022,C,Permis pour 1 000 habitants en âge de conduire,O1-07,1216.0,3735515.0,0.33,,,pour 1 000 habitants en âge de conduire,C,
National,Togo,2022,D,Permis pour 1 000 habitants en âge de conduire,O1-07,410.0,3735515.0,0.11,,,pour 1 000 habitants en âge de conduire,C,
National,Togo,2022,E,Permis pour 1 000 habitants en âge de conduire,O1-07,1119.0,4193458.0,0.27,,,pour 1 000 habitants en âge de conduire,C,
National,Togo,2022,F,Permis pour 1 000 habitants en âge de conduire,O1-07,28.0,4193458.0,0.01,,,pour 1 000 habitants en âge de conduire,C,
National,Togo,2023,A,Permis pour 1 000 habitants en âge de conduire,O1-07,1538.0,4590553.0,0.34,,,pour 1 000 habitants en âge de conduire,C,
National,Togo,2023,B,Permis pour 1 000 habitants en âge de conduire,O1-07,19641.0,4590553.0,4.28,,,pour 1 000 habitants en âge de conduire,C,
National,Togo,2023,C,Permis pour 1 000 habitants en âge de conduire,O1-07,1532.0,4068943.0,0.38,,,pour 1 000 habitants en âge de conduire,C,
National,Togo,2023,D,Permis pour 1 000 habitants en âge de conduire,O1-07,542.0,4068943.0,0.13,,,pour 1 000 habitants en âge de conduire,C,
National,Togo,2023,E,Permis pour 1 000 habitants en âge de conduire,O1-07,1260.0,4590553.0,0.27,,,pour 1 000 habitants en âge de conduire,C,
National,Togo,2023,F,Permis pour 1 000 habitants en âge de conduire,O1-07,35.0,4590553.0,0.01,,,pour 1 000 habitants en âge de conduire,C,
National,Togo,2024,A,Permis pour 1 000 habitants en âge de conduire,O1-07,10165.0,4734735.0,2.15,,,pour 1 000 habitants en âge de conduire,C,
National,Togo,2024,B,Permis pour 1 000 habitants en âge de conduire,O1-07,23538.0,4734735.0,4.97,,,pour 1 000 habitants en âge de conduire,C,
National,Togo,2024,C,Permis pour 1 000 habitants en âge de conduire,O1-07,1973.0,4210466.0,0.47,,,pour 1 000 habitants en âge de conduire,C,
National,Togo,2024,D,Permis pour 1 000 habitants en âge de conduire,O1-07,679.0,4210466.0,0.16,,,pour 1 000 habitants en âge de conduire,C,
National,Togo,2024,E,Permis pour 1 000 habitants en âge de conduire,O1-07,1554.0,4734735.0,0.33,,,pour 1 000 habitants en âge de conduire,C,
National,Togo,2024,F,Permis pour 1 000 habitants en âge de conduire,O1-07,622.0,4734735.0,0.13,,,pour 1 000 habitants en âge de conduire,C,
National,Togo,2007,A,Immatriculations pour un permis délivré,O1-09,34454.0,205.0,168.07,,,ratio,B,Deux-roues et assimilées
National,Togo,2008,A,Immatriculations pour un permis délivré,O1-09,44409.0,198.0,224.29,,,ratio,B,Deux-roues et assimilées
National,Togo,2009,A,Immatriculations pour un permis délivré,O1-09,36277.0,398.0,91.15,,,ratio,B,Deux-roues et assimilées
National,Togo,2010,A,Immatriculations pour un permis délivré,O1-09,38638.0,206.0,187.56,,,ratio,B,Deux-roues et assimilées
National,Togo,2011,A,Immatriculations pour un permis délivré,O1-09,42283.0,157.0,269.32,,,ratio,B,Deux-roues et assimilées
National,Togo,2012,A,Immatriculations pour un permis délivré,O1-09,43757.0,129.0,339.2,,,ratio,B,Deux-roues et assimilées
National,Togo,2014,A,Immatriculations pour un permis délivré,O1-09,51134.0,283.0,180.69,,,ratio,B,Deux-roues et assimilées
National,Togo,2015,A,Immatriculations pour un permis délivré,O1-09,65599.0,104.0,630.76,,,ratio,B,Deux-roues et assimilées
National,Togo,2016,A,Immatriculations pour un permis délivré,O1-09,45341.0,387.0,117.16,,,ratio,B,Deux-roues et assimilées
National,Togo,2017,A,Immatriculations pour un permis délivré,O1-09,41187.0,312.0,132.01,,,ratio,B,Deux-roues et assimilées
National,Togo,2018,A,Immatriculations pour un permis délivré,O1-09,43063.0,406.0,106.07,,,ratio,B,Deux-roues et assimilées
National,Togo,2019,A,Immatriculations pour un permis délivré,O1-09,54873.0,2425.0,22.63,,,ratio,B,Deux-roues et assimilées
National,Togo,2020,A,Immatriculations pour un permis délivré,O1-09,44850.0,236.0,190.04,,,ratio,B,Deux-roues et assimilées
National,Togo,2021,A,Immatriculations pour un permis délivré,O1-09,65363.0,211.0,309.78,,,ratio,B,Deux-roues et assimilées
National,Togo,2022,A,Immatriculations pour un permis délivré,O1-09,67639.0,4837.0,13.98,,,ratio,B,Deux-roues et assimilées
National,Togo,2023,A,Immatriculations pour un permis délivré,O1-09,107845.0,1538.0,70.12,,,ratio,B,Deux-roues et assimilées
National,Togo,2024,A,Immatriculations pour un permis délivré,O1-09,65593.0,10165.0,6.45,,,ratio,B,Deux-roues et assimilées
National,Togo,2007–2024,A,Immatriculations pour un permis délivré,O1-09,892305.0,22197.0,40.2,,,ratio,B,"cumul des années communes, sans 2013 ; Deux-roues et assimilées"
National,Togo,2007,B,Immatriculations pour un permis délivré,O1-09,11959.0,6148.0,1.95,,,ratio,B,Voitures + Camionnettes
National,Togo,2008,B,Immatriculations pour un permis délivré,O1-09,12064.0,6334.0,1.9,,,ratio,B,Voitures + Camionnettes
National,Togo,2009,B,Immatriculations pour un permis délivré,O1-09,7154.0,4771.0,1.5,,,ratio,B,Voitures + Camionnettes
National,Togo,2010,B,Immatriculations pour un permis délivré,O1-09,7771.0,4690.0,1.66,,,ratio,B,Voitures + Camionnettes
National,Togo,2011,B,Immatriculations pour un permis délivré,O1-09,9475.0,5628.0,1.68,,,ratio,B,Voitures + Camionnettes
National,Togo,2012,B,Immatriculations pour un permis délivré,O1-09,11042.0,6307.0,1.75,,,ratio,B,Voitures + Camionnettes
National,Togo,2014,B,Immatriculations pour un permis délivré,O1-09,12837.0,11787.0,1.09,,,ratio,B,Voitures + Camionnettes
National,Togo,2015,B,Immatriculations pour un permis délivré,O1-09,17729.0,7193.0,2.46,,,ratio,B,Voitures + Camionnettes
National,Togo,2016,B,Immatriculations pour un permis délivré,O1-09,17002.0,23467.0,0.72,,,ratio,B,Voitures + Camionnettes
National,Togo,2017,B,Immatriculations pour un permis délivré,O1-09,17477.0,16299.0,1.07,,,ratio,B,Voitures + Camionnettes
National,Togo,2018,B,Immatriculations pour un permis délivré,O1-09,18831.0,15855.0,1.19,,,ratio,B,Voitures + Camionnettes
National,Togo,2019,B,Immatriculations pour un permis délivré,O1-09,21754.0,16377.0,1.33,,,ratio,B,Voitures + Camionnettes
National,Togo,2020,B,Immatriculations pour un permis délivré,O1-09,20471.0,11017.0,1.86,,,ratio,B,Voitures + Camionnettes
National,Togo,2021,B,Immatriculations pour un permis délivré,O1-09,25254.0,16857.0,1.5,,,ratio,B,Voitures + Camionnettes
National,Togo,2022,B,Immatriculations pour un permis délivré,O1-09,22757.0,16988.0,1.34,,,ratio,B,Voitures + Camionnettes
National,Togo,2023,B,Immatriculations pour un permis délivré,O1-09,20205.0,19641.0,1.03,,,ratio,B,Voitures + Camionnettes
National,Togo,2024,B,Immatriculations pour un permis délivré,O1-09,19994.0,23538.0,0.85,,,ratio,B,Voitures + Camionnettes
National,Togo,2007–2024,B,Immatriculations pour un permis délivré,O1-09,273776.0,212897.0,1.29,,,ratio,B,"cumul des années communes, sans 2013 ; Voitures + Camionnettes"
National,Togo,2007,C,Immatriculations pour un permis délivré,O1-09,865.0,459.0,1.88,,,ratio,B,Camions + Tracteurs
National,Togo,2008,C,Immatriculations pour un permis délivré,O1-09,1077.0,433.0,2.49,,,ratio,B,Camions + Tracteurs
National,Togo,2009,C,Immatriculations pour un permis délivré,O1-09,1141.0,236.0,4.83,,,ratio,B,Camions + Tracteurs
National,Togo,2010,C,Immatriculations pour un permis délivré,O1-09,2132.0,299.0,7.13,,,ratio,B,Camions + Tracteurs
National,Togo,2011,C,Immatriculations pour un permis délivré,O1-09,2690.0,327.0,8.23,,,ratio,B,Camions + Tracteurs
National,Togo,2012,C,Immatriculations pour un permis délivré,O1-09,3492.0,428.0,8.16,,,ratio,B,Camions + Tracteurs
National,Togo,2014,C,Immatriculations pour un permis délivré,O1-09,3764.0,1016.0,3.7,,,ratio,B,Camions + Tracteurs
National,Togo,2015,C,Immatriculations pour un permis délivré,O1-09,1840.0,308.0,5.97,,,ratio,B,Camions + Tracteurs
National,Togo,2016,C,Immatriculations pour un permis délivré,O1-09,1321.0,1642.0,0.8,,,ratio,B,Camions + Tracteurs
National,Togo,2017,C,Immatriculations pour un permis délivré,O1-09,1663.0,1353.0,1.23,,,ratio,B,Camions + Tracteurs
National,Togo,2018,C,Immatriculations pour un permis délivré,O1-09,1738.0,1015.0,1.71,,,ratio,B,Camions + Tracteurs
National,Togo,2019,C,Immatriculations pour un permis délivré,O1-09,1816.0,898.0,2.02,,,ratio,B,Camions + Tracteurs
National,Togo,2020,C,Immatriculations pour un permis délivré,O1-09,2512.0,763.0,3.29,,,ratio,B,Camions + Tracteurs
National,Togo,2021,C,Immatriculations pour un permis délivré,O1-09,2462.0,1160.0,2.12,,,ratio,B,Camions + Tracteurs
National,Togo,2022,C,Immatriculations pour un permis délivré,O1-09,2436.0,1216.0,2.0,,,ratio,B,Camions + Tracteurs
National,Togo,2023,C,Immatriculations pour un permis délivré,O1-09,2117.0,1532.0,1.38,,,ratio,B,Camions + Tracteurs
National,Togo,2024,C,Immatriculations pour un permis délivré,O1-09,2046.0,1973.0,1.04,,,ratio,B,Camions + Tracteurs
National,Togo,2007–2024,C,Immatriculations pour un permis délivré,O1-09,35112.0,15058.0,2.33,,,ratio,B,"cumul des années communes, sans 2013 ; Camions + Tracteurs"
National,Togo,2007,D,Immatriculations pour un permis délivré,O1-09,22.0,87.0,0.25,,,ratio,B,Autocars et autobus
National,Togo,2008,D,Immatriculations pour un permis délivré,O1-09,18.0,86.0,0.21,,,ratio,B,Autocars et autobus
National,Togo,2009,D,Immatriculations pour un permis délivré,O1-09,36.0,45.0,0.8,,,ratio,B,Autocars et autobus
National,Togo,2010,D,Immatriculations pour un permis délivré,O1-09,96.0,83.0,1.16,,,ratio,B,Autocars et autobus
National,Togo,2011,D,Immatriculations pour un permis délivré,O1-09,97.0,71.0,1.37,,,ratio,B,Autocars et autobus
National,Togo,2012,D,Immatriculations pour un permis délivré,O1-09,102.0,77.0,1.32,,,ratio,B,Autocars et autobus
National,Togo,2014,D,Immatriculations pour un permis délivré,O1-09,103.0,202.0,0.51,,,ratio,B,Autocars et autobus
National,Togo,2015,D,Immatriculations pour un permis délivré,O1-09,87.0,90.0,0.97,,,ratio,B,Autocars et autobus
National,Togo,2016,D,Immatriculations pour un permis délivré,O1-09,62.0,292.0,0.21,,,ratio,B,Autocars et autobus
National,Togo,2017,D,Immatriculations pour un permis délivré,O1-09,73.0,337.0,0.22,,,ratio,B,Autocars et autobus
National,Togo,2018,D,Immatriculations pour un permis délivré,O1-09,83.0,297.0,0.28,,,ratio,B,Autocars et autobus
National,Togo,2019,D,Immatriculations pour un permis délivré,O1-09,133.0,299.0,0.44,,,ratio,B,Autocars et autobus
National,Togo,2020,D,Immatriculations pour un permis délivré,O1-09,91.0,230.0,0.4,,,ratio,B,Autocars et autobus
National,Togo,2021,D,Immatriculations pour un permis délivré,O1-09,101.0,389.0,0.26,,,ratio,B,Autocars et autobus
National,Togo,2022,D,Immatriculations pour un permis délivré,O1-09,145.0,410.0,0.35,,,ratio,B,Autocars et autobus
National,Togo,2023,D,Immatriculations pour un permis délivré,O1-09,189.0,542.0,0.35,,,ratio,B,Autocars et autobus
National,Togo,2024,D,Immatriculations pour un permis délivré,O1-09,122.0,679.0,0.18,,,ratio,B,Autocars et autobus
National,Togo,2007–2024,D,Immatriculations pour un permis délivré,O1-09,1560.0,4216.0,0.37,,,ratio,B,"cumul des années communes, sans 2013 ; Autocars et autobus"
National,Togo,2007,E,Immatriculations pour un permis délivré,O1-09,192.0,32.0,6.0,,,ratio,B,Semi-remorques
National,Togo,2008,E,Immatriculations pour un permis délivré,O1-09,247.0,18.0,13.72,,,ratio,B,Semi-remorques
National,Togo,2009,E,Immatriculations pour un permis délivré,O1-09,304.0,38.0,8.0,,,ratio,B,Semi-remorques
National,Togo,2010,E,Immatriculations pour un permis délivré,O1-09,741.0,35.0,21.17,,,ratio,B,Semi-remorques
National,Togo,2011,E,Immatriculations pour un permis délivré,O1-09,978.0,42.0,23.29,,,ratio,B,Semi-remorques
National,Togo,2012,E,Immatriculations pour un permis délivré,O1-09,894.0,28.0,31.93,,,ratio,B,Semi-remorques
National,Togo,2014,E,Immatriculations pour un permis délivré,O1-09,1130.0,74.0,15.27,,,ratio,B,Semi-remorques
National,Togo,2015,E,Immatriculations pour un permis délivré,O1-09,493.0,370.0,1.33,,,ratio,B,Semi-remorques
National,Togo,2016,E,Immatriculations pour un permis délivré,O1-09,394.0,2635.0,0.15,,,ratio,B,Semi-remorques
National,Togo,2017,E,Immatriculations pour un permis délivré,O1-09,569.0,1514.0,0.38,,,ratio,B,Semi-remorques
National,Togo,2018,E,Immatriculations pour un permis délivré,O1-09,631.0,1263.0,0.5,,,ratio,B,Semi-remorques
National,Togo,2019,E,Immatriculations pour un permis délivré,O1-09,638.0,1073.0,0.59,,,ratio,B,Semi-remorques
National,Togo,2020,E,Immatriculations pour un permis délivré,O1-09,816.0,806.0,1.01,,,ratio,B,Semi-remorques
National,Togo,2021,E,Immatriculations pour un permis délivré,O1-09,764.0,1060.0,0.72,,,ratio,B,Semi-remorques
National,Togo,2022,E,Immatriculations pour un permis délivré,O1-09,793.0,1119.0,0.71,,,ratio,B,Semi-remorques
National,Togo,2023,E,Immatriculations pour un permis délivré,O1-09,503.0,1260.0,0.4,,,ratio,B,Semi-remorques
National,Togo,2024,E,Immatriculations pour un permis délivré,O1-09,443.0,1554.0,0.29,,,ratio,B,Semi-remorques
National,Togo,2007–2024,E,Immatriculations pour un permis délivré,O1-09,10530.0,12921.0,0.81,,,ratio,B,"cumul des années communes, sans 2013 ; Semi-remorques"
National,Togo,2009,Autres,Largeur de la fourchette du parc estimé,O1-05,11646.0,21091.0,55.2,,,% de la valeur centrale,C,(borne haute − borne basse) / valeur centrale
National,Togo,2010,Autres,Largeur de la fourchette du parc estimé,O1-05,11996.0,21780.0,55.1,,,% de la valeur centrale,C,(borne haute − borne basse) / valeur centrale
National,Togo,2011,Autres,Largeur de la fourchette du parc estimé,O1-05,12511.0,22703.0,55.1,,,% de la valeur centrale,C,(borne haute − borne basse) / valeur centrale
National,Togo,2012,Autres,Largeur de la fourchette du parc estimé,O1-05,13291.0,22839.0,58.2,,,% de la valeur centrale,C,(borne haute − borne basse) / valeur centrale
National,Togo,2013,Autres,Largeur de la fourchette du parc estimé,O1-05,14115.0,23363.0,60.4,,,% de la valeur centrale,C,(borne haute − borne basse) / valeur centrale
National,Togo,2014,Autres,Largeur de la fourchette du parc estimé,O1-05,15086.0,24330.0,62.0,,,% de la valeur centrale,C,(borne haute − borne basse) / valeur centrale
National,Togo,2015,Autres,Largeur de la fourchette du parc estimé,O1-05,15188.0,26103.0,58.2,,,% de la valeur centrale,C,(borne haute − borne basse) / valeur centrale
National,Togo,2016,Autres,Largeur de la fourchette du parc estimé,O1-05,15197.0,27459.0,55.3,,,% de la valeur centrale,C,(borne haute − borne basse) / valeur centrale
National,Togo,2017,Autres,Largeur de la fourchette du parc estimé,O1-05,14614.0,28937.0,50.5,,,% de la valeur centrale,C,(borne haute − borne basse) / valeur centrale
National,Togo,2018,Autres,Largeur de la fourchette du parc estimé,O1-05,13902.0,30802.0,45.1,,,% de la valeur centrale,C,(borne haute − borne basse) / valeur centrale
National,Togo,2019,Autres,Largeur de la fourchette du parc estimé,O1-05,13739.0,32803.0,41.9,,,% de la valeur centrale,C,(borne haute − borne basse) / valeur centrale
National,Togo,2020,Autres,Largeur de la fourchette du parc estimé,O1-05,13825.0,35933.0,38.5,,,% de la valeur centrale,C,(borne haute − borne basse) / valeur centrale
National,Togo,2021,Autres,Largeur de la fourchette du parc estimé,O1-05,14477.0,39569.0,36.6,,,% de la valeur centrale,C,(borne haute − borne basse) / valeur centrale
National,Togo,2022,Autres,Largeur de la fourchette du parc estimé,O1-05,14792.0,42928.0,34.5,,,% de la valeur centrale,C,(borne haute − borne basse) / valeur centrale
National,Togo,2023,Autres,Largeur de la fourchette du parc estimé,O1-05,15744.0,46294.0,34.0,,,% de la valeur centrale,C,(borne haute − borne basse) / valeur centrale
National,Togo,2024,Autres,Largeur de la fourchette du parc estimé,O1-05,16596.0,49560.0,33.5,,,% de la valeur centrale,C,(borne haute − borne basse) / valeur centrale
National,Togo,2009,Bus et car,Largeur de la fourchette du parc estimé,O1-05,274.0,371.0,73.9,,,% de la valeur centrale,C,(borne haute − borne basse) / valeur centrale
National,Togo,2010,Bus et car,Largeur de la fourchette du parc estimé,O1-05,245.0,452.0,54.2,,,% de la valeur centrale,C,(borne haute − borne basse) / valeur centrale
National,Togo,2011,Bus et car,Largeur de la fourchette du parc estimé,O1-05,246.0,533.0,46.2,,,% de la valeur centrale,C,(borne haute − borne basse) / valeur centrale
National,Togo,2012,Bus et car,Largeur de la fourchette du parc estimé,O1-05,243.0,607.0,40.0,,,% de la valeur centrale,C,(borne haute − borne basse) / valeur centrale
National,Togo,2013,Bus et car,Largeur de la fourchette du parc estimé,O1-05,261.0,666.0,39.2,,,% de la valeur centrale,C,(borne haute − borne basse) / valeur centrale
National,Togo,2014,Bus et car,Largeur de la fourchette du parc estimé,O1-05,249.0,743.0,33.5,,,% de la valeur centrale,C,(borne haute − borne basse) / valeur centrale
National,Togo,2015,Bus et car,Largeur de la fourchette du parc estimé,O1-05,252.0,800.0,31.5,,,% de la valeur centrale,C,(borne haute − borne basse) / valeur centrale
National,Togo,2016,Bus et car,Largeur de la fourchette du parc estimé,O1-05,264.0,830.0,31.8,,,% de la valeur centrale,C,(borne haute − borne basse) / valeur centrale
National,Togo,2017,Bus et car,Largeur de la fourchette du parc estimé,O1-05,258.0,874.0,29.5,,,% de la valeur centrale,C,(borne haute − borne basse) / valeur centrale
National,Togo,2018,Bus et car,Largeur de la fourchette du parc estimé,O1-05,241.0,936.0,25.7,,,% de la valeur centrale,C,(borne haute − borne basse) / valeur centrale
National,Togo,2019,Bus et car,Largeur de la fourchette du parc estimé,O1-05,251.0,1052.0,23.9,,,% de la valeur centrale,C,(borne haute − borne basse) / valeur centrale
National,Togo,2020,Bus et car,Largeur de la fourchette du parc estimé,O1-05,317.0,1125.0,28.2,,,% de la valeur centrale,C,(borne haute − borne basse) / valeur centrale
National,Togo,2021,Bus et car,Largeur de la fourchette du parc estimé,O1-05,382.0,1198.0,31.9,,,% de la valeur centrale,C,(borne haute − borne basse) / valeur centrale
National,Togo,2022,Bus et car,Largeur de la fourchette du parc estimé,O1-05,455.0,1321.0,34.4,,,% de la valeur centrale,C,(borne haute − borne basse) / valeur centrale
National,Togo,2023,Bus et car,Largeur de la fourchette du parc estimé,O1-05,528.0,1492.0,35.4,,,% de la valeur centrale,C,(borne haute − borne basse) / valeur centrale
National,Togo,2024,Bus et car,Largeur de la fourchette du parc estimé,O1-05,614.0,1578.0,38.9,,,% de la valeur centrale,C,(borne haute − borne basse) / valeur centrale
National,Togo,2009,Ensemble,Largeur de la fourchette du parc estimé,O1-05,144965.0,397122.0,36.5,,,% de la valeur centrale,C,(borne haute − borne basse) / valeur centrale
National,Togo,2010,Ensemble,Largeur de la fourchette du parc estimé,O1-05,166142.0,426417.0,39.0,,,% de la valeur centrale,C,(borne haute − borne basse) / valeur centrale
National,Togo,2011,Ensemble,Largeur de la fourchette du parc estimé,O1-05,198772.0,439788.0,45.2,,,% de la valeur centrale,C,(borne haute − borne basse) / valeur centrale
National,Togo,2012,Ensemble,Largeur de la fourchette du parc estimé,O1-05,230906.0,461374.0,50.0,,,% de la valeur centrale,C,(borne haute − borne basse) / valeur centrale
National,Togo,2013,Ensemble,Largeur de la fourchette du parc estimé,O1-05,276561.0,473651.0,58.4,,,% de la valeur centrale,C,(borne haute − borne basse) / valeur centrale
National,Togo,2014,Ensemble,Largeur de la fourchette du parc estimé,O1-05,288835.0,497179.0,58.1,,,% de la valeur centrale,C,(borne haute − borne basse) / valeur centrale
National,Togo,2015,Ensemble,Largeur de la fourchette du parc estimé,O1-05,305352.0,529177.0,57.7,,,% de la valeur centrale,C,(borne haute − borne basse) / valeur centrale
National,Togo,2016,Ensemble,Largeur de la fourchette du parc estimé,O1-05,317178.0,546182.0,58.1,,,% de la valeur centrale,C,(borne haute − borne basse) / valeur centrale
National,Togo,2017,Ensemble,Largeur de la fourchette du parc estimé,O1-05,329609.0,556592.0,59.2,,,% de la valeur centrale,C,(borne haute − borne basse) / valeur centrale
National,Togo,2018,Ensemble,Largeur de la fourchette du parc estimé,O1-05,330370.0,561912.0,58.8,,,% de la valeur centrale,C,(borne haute − borne basse) / valeur centrale
National,Togo,2019,Ensemble,Largeur de la fourchette du parc estimé,O1-05,342876.0,583155.0,58.8,,,% de la valeur centrale,C,(borne haute − borne basse) / valeur centrale
National,Togo,2020,Ensemble,Largeur de la fourchette du parc estimé,O1-05,371236.0,596442.0,62.2,,,% de la valeur centrale,C,(borne haute − borne basse) / valeur centrale
National,Togo,2021,Ensemble,Largeur de la fourchette du parc estimé,O1-05,376696.0,625777.0,60.2,,,% de la valeur centrale,C,(borne haute − borne basse) / valeur centrale
National,Togo,2022,Ensemble,Largeur de la fourchette du parc estimé,O1-05,377735.0,640910.0,58.9,,,% de la valeur centrale,C,(borne haute − borne basse) / valeur centrale
National,Togo,2023,Ensemble,Largeur de la fourchette du parc estimé,O1-05,378498.0,713022.0,53.1,,,% de la valeur centrale,C,(borne haute − borne basse) / valeur centrale
National,Togo,2024,Ensemble,Largeur de la fourchette du parc estimé,O1-05,385857.0,751398.0,51.4,,,% de la valeur centrale,C,(borne haute − borne basse) / valeur centrale
National,Togo,1999,Moto,Largeur de la fourchette du parc estimé,O1-05,7624.0,70100.0,10.9,,,% de la valeur centrale,C,(borne haute − borne basse) / valeur centrale
National,Togo,2000,Moto,Largeur de la fourchette du parc estimé,O1-05,19994.0,79757.0,25.1,,,% de la valeur centrale,C,(borne haute − borne basse) / valeur centrale
National,Togo,2001,Moto,Largeur de la fourchette du parc estimé,O1-05,33776.0,86370.0,39.1,,,% de la valeur centrale,C,(borne haute − borne basse) / valeur centrale
National,Togo,2002,Moto,Largeur de la fourchette du parc estimé,O1-05,46580.0,81119.0,57.4,,,% de la valeur centrale,C,(borne haute − borne basse) / valeur centrale
National,Togo,2003,Moto,Largeur de la fourchette du parc estimé,O1-05,56201.0,77866.0,72.2,,,% de la valeur centrale,C,(borne haute − borne basse) / valeur centrale
National,Togo,2004,Moto,Largeur de la fourchette du parc estimé,O1-05,67231.0,97401.0,69.0,,,% de la valeur centrale,C,(borne haute − borne basse) / valeur centrale
National,Togo,2005,Moto,Largeur de la fourchette du parc estimé,O1-05,63987.0,114589.0,55.8,,,% de la valeur centrale,C,(borne haute − borne basse) / valeur centrale
National,Togo,2006,Moto,Largeur de la fourchette du parc estimé,O1-05,57104.0,137432.0,41.6,,,% de la valeur centrale,C,(borne haute − borne basse) / valeur centrale
National,Togo,2007,Moto,Largeur de la fourchette du parc estimé,O1-05,51291.0,161247.0,31.8,,,% de la valeur centrale,C,(borne haute − borne basse) / valeur centrale
National,Togo,2008,Moto,Largeur de la fourchette du parc estimé,O1-05,52818.0,197156.0,26.8,,,% de la valeur centrale,C,(borne haute − borne basse) / valeur centrale
National,Togo,2009,Moto,Largeur de la fourchette du parc estimé,O1-05,73881.0,224801.0,32.9,,,% de la valeur centrale,C,(borne haute − borne basse) / valeur centrale
National,Togo,2010,Moto,Largeur de la fourchette du parc estimé,O1-05,91033.0,251309.0,36.2,,,% de la valeur centrale,C,(borne haute − borne basse) / valeur centrale
National,Togo,2011,Moto,Largeur de la fourchette du parc estimé,O1-05,118293.0,259612.0,45.6,,,% de la valeur centrale,C,(borne haute − borne basse) / valeur centrale
National,Togo,2012,Moto,Largeur de la fourchette du parc estimé,O1-05,144115.0,275578.0,52.3,,,% de la valeur centrale,C,(borne haute − borne basse) / valeur centrale
National,Togo,2013,Moto,Largeur de la fourchette du parc estimé,O1-05,176394.0,281648.0,62.6,,,% de la valeur centrale,C,(borne haute − borne basse) / valeur centrale
National,Togo,2014,Moto,Largeur de la fourchette du parc estimé,O1-05,178691.0,298328.0,59.9,,,% de la valeur centrale,C,(borne haute − borne basse) / valeur centrale
National,Togo,2015,Moto,Largeur de la fourchette du parc estimé,O1-05,189538.0,319518.0,59.3,,,% de la valeur centrale,C,(borne haute − borne basse) / valeur centrale
National,Togo,2016,Moto,Largeur de la fourchette du parc estimé,O1-05,196061.0,328582.0,59.7,,,% de la valeur centrale,C,(borne haute − borne basse) / valeur centrale
National,Togo,2017,Moto,Largeur de la fourchette du parc estimé,O1-05,205364.0,331131.0,62.0,,,% de la valeur centrale,C,(borne haute − borne basse) / valeur centrale
National,Togo,2018,Moto,Largeur de la fourchette du parc estimé,O1-05,202785.0,331911.0,61.1,,,% de la valeur centrale,C,(borne haute − borne basse) / valeur centrale
National,Togo,2019,Moto,Largeur de la fourchette du parc estimé,O1-05,217642.0,343027.0,63.4,,,% de la valeur centrale,C,(borne haute − borne basse) / valeur centrale
National,Togo,2020,Moto,Largeur de la fourchette du parc estimé,O1-05,244603.0,346047.0,70.7,,,% de la valeur centrale,C,(borne haute − borne basse) / valeur centrale
National,Togo,2021,Moto,Largeur de la fourchette du parc estimé,O1-05,247661.0,360276.0,68.7,,,% de la valeur centrale,C,(borne haute − borne basse) / valeur centrale
National,Togo,2022,Moto,Largeur de la fourchette du parc estimé,O1-05,245091.0,362316.0,67.6,,,% de la valeur centrale,C,(borne haute − borne basse) / valeur centrale
National,Togo,2023,Moto,Largeur de la fourchette du parc estimé,O1-05,246324.0,424820.0,58.0,,,% de la valeur centrale,C,(borne haute − borne basse) / valeur centrale
National,Togo,2024,Moto,Largeur de la fourchette du parc estimé,O1-05,250063.0,449226.0,55.7,,,% de la valeur centrale,C,(borne haute − borne basse) / valeur centrale
National,Togo,2009,Poids lourd,Largeur de la fourchette du parc estimé,O1-05,4660.0,14032.0,33.2,,,% de la valeur centrale,C,(borne haute − borne basse) / valeur centrale
National,Togo,2010,Poids lourd,Largeur de la fourchette du parc estimé,O1-05,5024.0,16548.0,30.4,,,% de la valeur centrale,C,(borne haute − borne basse) / valeur centrale
National,Togo,2011,Poids lourd,Largeur de la fourchette du parc estimé,O1-05,5413.0,19595.0,27.6,,,% de la valeur centrale,C,(borne haute − borne basse) / valeur centrale
National,Togo,2012,Poids lourd,Largeur de la fourchette du parc estimé,O1-05,5748.0,23452.0,24.5,,,% de la valeur centrale,C,(borne haute − borne basse) / valeur centrale
National,Togo,2013,Poids lourd,Largeur de la fourchette du parc estimé,O1-05,6868.0,27144.0,25.3,,,% de la valeur centrale,C,(borne haute − borne basse) / valeur centrale
National,Togo,2014,Poids lourd,Largeur de la fourchette du parc estimé,O1-05,7683.0,31286.0,24.6,,,% de la valeur centrale,C,(borne haute − borne basse) / valeur centrale
National,Togo,2015,Poids lourd,Largeur de la fourchette du parc estimé,O1-05,8668.0,32918.0,26.3,,,% de la valeur centrale,C,(borne haute − borne basse) / valeur centrale
National,Togo,2016,Poids lourd,Largeur de la fourchette du parc estimé,O1-05,9228.0,33863.0,27.3,,,% de la valeur centrale,C,(borne haute − borne basse) / valeur centrale
National,Togo,2017,Poids lourd,Largeur de la fourchette du parc estimé,O1-05,9756.0,35374.0,27.6,,,% de la valeur centrale,C,(borne haute − borne basse) / valeur centrale
National,Togo,2018,Poids lourd,Largeur de la fourchette du parc estimé,O1-05,10306.0,36371.0,28.3,,,% de la valeur centrale,C,(borne haute − borne basse) / valeur centrale
National,Togo,2019,Poids lourd,Largeur de la fourchette du parc estimé,O1-05,10999.0,37739.0,29.1,,,% de la valeur centrale,C,(borne haute − borne basse) / valeur centrale
National,Togo,2020,Poids lourd,Largeur de la fourchette du parc estimé,O1-05,13171.0,39725.0,33.2,,,% de la valeur centrale,C,(borne haute − borne basse) / valeur centrale
National,Togo,2021,Poids lourd,Largeur de la fourchette du parc estimé,O1-05,16069.0,41770.0,38.5,,,% de la valeur centrale,C,(borne haute − borne basse) / valeur centrale
National,Togo,2022,Poids lourd,Largeur de la fourchette du parc estimé,O1-05,19734.0,43942.0,44.9,,,% de la valeur centrale,C,(borne haute − borne basse) / valeur centrale
National,Togo,2023,Poids lourd,Largeur de la fourchette du parc estimé,O1-05,22828.0,45238.0,50.5,,,% de la valeur centrale,C,(borne haute − borne basse) / valeur centrale
National,Togo,2024,Poids lourd,Largeur de la fourchette du parc estimé,O1-05,26636.0,46282.0,57.6,,,% de la valeur centrale,C,(borne haute − borne basse) / valeur centrale
National,Togo,2009,Voiture,Largeur de la fourchette du parc estimé,O1-05,54504.0,136827.0,39.8,,,% de la valeur centrale,C,(borne haute − borne basse) / valeur centrale
National,Togo,2010,Voiture,Largeur de la fourchette du parc estimé,O1-05,57844.0,136328.0,42.4,,,% de la valeur centrale,C,(borne haute − borne basse) / valeur centrale
National,Togo,2011,Voiture,Largeur de la fourchette du parc estimé,O1-05,62309.0,137345.0,45.4,,,% de la valeur centrale,C,(borne haute − borne basse) / valeur centrale
National,Togo,2012,Voiture,Largeur de la fourchette du parc estimé,O1-05,67509.0,138898.0,48.6,,,% de la valeur centrale,C,(borne haute − borne basse) / valeur centrale
National,Togo,2013,Voiture,Largeur de la fourchette du parc estimé,O1-05,78923.0,140830.0,56.0,,,% de la valeur centrale,C,(borne haute − borne basse) / valeur centrale
National,Togo,2014,Voiture,Largeur de la fourchette du parc estimé,O1-05,87126.0,142492.0,61.1,,,% de la valeur centrale,C,(borne haute − borne basse) / valeur centrale
National,Togo,2015,Voiture,Largeur de la fourchette du parc estimé,O1-05,91706.0,149838.0,61.2,,,% de la valeur centrale,C,(borne haute − borne basse) / valeur centrale
National,Togo,2016,Voiture,Largeur de la fourchette du parc estimé,O1-05,96428.0,155448.0,62.0,,,% de la valeur centrale,C,(borne haute − borne basse) / valeur centrale
National,Togo,2017,Voiture,Largeur de la fourchette du parc estimé,O1-05,99617.0,160276.0,62.2,,,% de la valeur centrale,C,(borne haute − borne basse) / valeur centrale
National,Togo,2018,Voiture,Largeur de la fourchette du parc estimé,O1-05,103136.0,161892.0,63.7,,,% de la valeur centrale,C,(borne haute − borne basse) / valeur centrale
National,Togo,2019,Voiture,Largeur de la fourchette du parc estimé,O1-05,100245.0,168534.0,59.5,,,% de la valeur centrale,C,(borne haute − borne basse) / valeur centrale
National,Togo,2020,Voiture,Largeur de la fourchette du parc estimé,O1-05,99320.0,173612.0,57.2,,,% de la valeur centrale,C,(borne haute − borne basse) / valeur centrale
National,Togo,2021,Voiture,Largeur de la fourchette du parc estimé,O1-05,98107.0,182964.0,53.6,,,% de la valeur centrale,C,(borne haute − borne basse) / valeur centrale
National,Togo,2022,Voiture,Largeur de la fourchette du parc estimé,O1-05,97663.0,190403.0,51.3,,,% de la valeur centrale,C,(borne haute − borne basse) / valeur centrale
National,Togo,2023,Voiture,Largeur de la fourchette du parc estimé,O1-05,93074.0,195178.0,47.7,,,% de la valeur centrale,C,(borne haute − borne basse) / valeur centrale
National,Togo,2024,Voiture,Largeur de la fourchette du parc estimé,O1-05,91948.0,204752.0,44.9,,,% de la valeur centrale,C,(borne haute − borne basse) / valeur centrale
National,Togo,2010,,Accidents constatés pour 100 000 habitants,O2-03,3101.0,6191155.0,50.1,,,pour 100 000 habitants,B,accidents constatés (écart 15)
National,Togo,2010,,Tués pour 100 000 habitants,O2-02,470.0,6191155.0,7.59,,,pour 100 000 habitants,B,
National,Togo,2010,,Tués pour 100 accidents,O2-05,470.0,3101.0,15.2,,,pour 100 accidents constatés,B,
National,Togo,2010,,Blessés pour 100 accidents,O2-06,6241.0,3101.0,201.3,,,pour 100 accidents constatés,B,
National,Togo,2010,,Tués pour 10 000 véhicules,O2-04,470.0,426417.0,11.02,9.74,14.87,pour 10 000 véhicules du parc estimé,C,"bornes : parc estimé haut, puis bas (PA-01)"
National,Togo,2011,,Accidents constatés pour 100 000 habitants,O2-03,7889.0,6202000.0,127.2,,,pour 100 000 habitants,C,accidents constatés (écart 15)
National,Togo,2011,,Tués pour 100 000 habitants,O2-02,739.0,6202000.0,11.92,,,pour 100 000 habitants,C,
National,Togo,2011,,Tués pour 100 accidents,O2-05,739.0,7889.0,9.4,,,pour 100 accidents constatés,B,
National,Togo,2011,,Blessés pour 100 accidents,O2-06,9376.0,7889.0,118.8,,,pour 100 accidents constatés,B,
National,Togo,2011,,Tués pour 10 000 véhicules,O2-04,739.0,439788.0,16.8,14.11,22.73,pour 10 000 véhicules du parc estimé,C,"bornes : parc estimé haut, puis bas (PA-01)"
National,Togo,2012,,Accidents constatés pour 100 000 habitants,O2-03,8155.0,6353000.0,128.4,,,pour 100 000 habitants,C,accidents constatés (écart 15)
National,Togo,2012,,Tués pour 100 000 habitants,O2-02,753.0,6353000.0,11.85,,,pour 100 000 habitants,C,
National,Togo,2012,,Tués pour 100 accidents,O2-05,753.0,8155.0,9.2,,,pour 100 accidents constatés,B,
National,Togo,2012,,Blessés pour 100 accidents,O2-06,9589.0,8155.0,117.6,,,pour 100 accidents constatés,B,
National,Togo,2012,,Tués pour 10 000 véhicules,O2-04,753.0,461374.0,16.32,13.24,22.28,pour 10 000 véhicules du parc estimé,C,"bornes : parc estimé haut, puis bas (PA-01)"
National,Togo,2013,,Accidents constatés pour 100 000 habitants,O2-03,5401.0,6509000.0,83.0,,,pour 100 000 habitants,C,accidents constatés (écart 15)
National,Togo,2013,,Tués pour 100 000 habitants,O2-02,640.0,6509000.0,9.83,,,pour 100 000 habitants,C,
National,Togo,2013,,Tués pour 100 accidents,O2-05,640.0,5401.0,11.8,,,pour 100 accidents constatés,B,
National,Togo,2013,,Blessés pour 100 accidents,O2-06,7636.0,5401.0,141.4,,,pour 100 accidents constatés,B,
National,Togo,2013,,Tués pour 10 000 véhicules,O2-04,640.0,473651.0,13.51,10.47,19.11,pour 10 000 véhicules du parc estimé,C,"bornes : parc estimé haut, puis bas (PA-01)"
National,Togo,2014,,Accidents constatés pour 100 000 habitants,O2-03,5390.0,6669000.0,80.8,,,pour 100 000 habitants,C,accidents constatés (écart 15)
National,Togo,2014,,Tués pour 100 000 habitants,O2-02,802.0,6669000.0,12.03,,,pour 100 000 habitants,C,
National,Togo,2014,,Tués pour 100 accidents,O2-05,802.0,5390.0,14.9,,,pour 100 accidents constatés,B,
National,Togo,2014,,Blessés pour 100 accidents,O2-06,5565.0,5390.0,103.2,,,pour 100 accidents constatés,B,
National,Togo,2014,,Tués pour 10 000 véhicules,O2-04,802.0,497179.0,16.13,12.49,22.69,pour 10 000 véhicules du parc estimé,C,"bornes : parc estimé haut, puis bas (PA-01)"
National,Togo,2015,,Accidents constatés pour 100 000 habitants,O2-03,2851.0,6835000.0,41.7,,,pour 100 000 habitants,C,accidents constatés (écart 15)
National,Togo,2015,,Tués pour 100 000 habitants,O2-02,473.0,6835000.0,6.92,,,pour 100 000 habitants,C,
National,Togo,2015,,Tués pour 100 accidents,O2-05,473.0,2851.0,16.6,,,pour 100 accidents constatés,B,
National,Togo,2015,,Blessés pour 100 accidents,O2-06,3871.0,2851.0,135.8,,,pour 100 accidents constatés,B,
National,Togo,2015,,Tués pour 10 000 véhicules,O2-04,473.0,529177.0,8.94,6.83,12.22,pour 10 000 véhicules du parc estimé,C,"bornes : parc estimé haut, puis bas (PA-01)"
National,Togo,2016,,Accidents constatés pour 100 000 habitants,O2-03,5393.0,7006000.0,77.0,,,pour 100 000 habitants,C,accidents constatés (écart 15)
National,Togo,2016,,Tués pour 100 000 habitants,O2-02,514.0,7006000.0,7.34,,,pour 100 000 habitants,C,
National,Togo,2016,,Tués pour 100 accidents,O2-05,514.0,5393.0,9.5,,,pour 100 accidents constatés,B,
National,Togo,2016,,Blessés pour 100 accidents,O2-06,6846.0,5393.0,126.9,,,pour 100 accidents constatés,B,
National,Togo,2016,,Tués pour 10 000 véhicules,O2-04,514.0,546182.0,9.41,7.21,13.0,pour 10 000 véhicules du parc estimé,C,"bornes : parc estimé haut, puis bas (PA-01)"
National,Togo,2017,,Accidents constatés pour 100 000 habitants,O2-03,5181.0,7178000.0,72.2,,,pour 100 000 habitants,C,accidents constatés (écart 15)
National,Togo,2017,,Tués pour 100 000 habitants,O2-02,580.0,7178000.0,8.08,,,pour 100 000 habitants,C,
National,Togo,2017,,Tués pour 100 accidents,O2-05,580.0,5181.0,11.2,,,pour 100 accidents constatés,B,
National,Togo,2017,,Blessés pour 100 accidents,O2-06,8624.0,5181.0,166.5,,,pour 100 accidents constatés,B,
National,Togo,2017,,Tués pour 10 000 véhicules,O2-04,580.0,556592.0,10.42,7.96,14.52,pour 10 000 véhicules du parc estimé,C,"bornes : parc estimé haut, puis bas (PA-01)"
National,Togo,2018,,Accidents constatés pour 100 000 habitants,O2-03,5814.0,7352000.0,79.1,,,pour 100 000 habitants,C,accidents constatés (écart 15)
National,Togo,2018,,Tués pour 100 000 habitants,O2-02,592.0,7352000.0,8.05,,,pour 100 000 habitants,C,
National,Togo,2018,,Tués pour 100 accidents,O2-05,592.0,5814.0,10.2,,,pour 100 accidents constatés,B,
National,Togo,2018,,Blessés pour 100 accidents,O2-06,7951.0,5814.0,136.8,,,pour 100 accidents constatés,B,
National,Togo,2018,,Tués pour 10 000 véhicules,O2-04,592.0,561912.0,10.54,8.01,14.49,pour 10 000 véhicules du parc estimé,C,"bornes : parc estimé haut, puis bas (PA-01)"
National,Togo,2019,,Accidents constatés pour 100 000 habitants,O2-03,5402.0,7528000.0,71.8,,,pour 100 000 habitants,C,accidents constatés (écart 15)
National,Togo,2019,,Tués pour 100 000 habitants,O2-02,580.0,7528000.0,7.7,,,pour 100 000 habitants,C,
National,Togo,2019,,Tués pour 100 accidents,O2-05,580.0,5402.0,10.7,,,pour 100 accidents constatés,B,
National,Togo,2019,,Blessés pour 100 accidents,O2-06,7520.0,5402.0,139.2,,,pour 100 accidents constatés,B,
National,Togo,2019,,Tués pour 10 000 véhicules,O2-04,580.0,583155.0,9.95,7.52,13.55,pour 10 000 véhicules du parc estimé,C,"bornes : parc estimé haut, puis bas (PA-01)"
National,Togo,2020,,Accidents constatés pour 100 000 habitants,O2-03,7130.0,7706000.0,92.5,,,pour 100 000 habitants,C,accidents constatés (écart 15)
National,Togo,2020,,Tués pour 100 000 habitants,O2-02,576.0,7706000.0,7.47,,,pour 100 000 habitants,C,
National,Togo,2020,,Tués pour 100 accidents,O2-05,576.0,7130.0,8.1,,,pour 100 accidents constatés,B,
National,Togo,2020,,Blessés pour 100 accidents,O2-06,9514.0,7130.0,133.4,,,pour 100 accidents constatés,B,
National,Togo,2020,,Tués pour 10 000 véhicules,O2-04,576.0,596442.0,9.66,7.28,13.7,pour 10 000 véhicules du parc estimé,C,"bornes : parc estimé haut, puis bas (PA-01)"
National,Togo,2021,,Accidents constatés pour 100 000 habitants,O2-03,7392.0,7886000.0,93.7,,,pour 100 000 habitants,C,accidents constatés (écart 15)
National,Togo,2021,,Tués pour 100 000 habitants,O2-02,680.0,7886000.0,8.62,,,pour 100 000 habitants,C,
National,Togo,2021,,Tués pour 100 accidents,O2-05,680.0,7392.0,9.2,,,pour 100 accidents constatés,B,
National,Togo,2021,,Blessés pour 100 accidents,O2-06,9376.0,7392.0,126.8,,,pour 100 accidents constatés,B,
National,Togo,2021,,Tués pour 10 000 véhicules,O2-04,680.0,625777.0,10.87,8.17,14.92,pour 10 000 véhicules du parc estimé,C,"bornes : parc estimé haut, puis bas (PA-01)"
National,Togo,2022,,Accidents constatés pour 100 000 habitants,O2-03,7507.0,8095498.0,92.7,,,pour 100 000 habitants,B,accidents constatés (écart 15)
National,Togo,2022,,Tués pour 100 000 habitants,O2-02,683.0,8095498.0,8.44,,,pour 100 000 habitants,B,
National,Togo,2022,,Tués pour 100 accidents,O2-05,683.0,7507.0,9.1,,,pour 100 accidents constatés,B,
National,Togo,2022,,Blessés pour 100 accidents,O2-06,9918.0,7507.0,132.1,,,pour 100 accidents constatés,B,
National,Togo,2022,,Tués pour 10 000 véhicules,O2-04,683.0,640910.0,10.66,7.85,13.86,pour 10 000 véhicules du parc estimé,C,"bornes : parc estimé haut, puis bas (PA-01)"
National,Togo,2023,,Accidents constatés pour 100 000 habitants,O2-03,6906.0,8251000.0,83.7,,,pour 100 000 habitants,C,accidents constatés (écart 15)
National,Togo,2023,,Tués pour 100 000 habitants,O2-02,546.0,8251000.0,6.62,,,pour 100 000 habitants,C,
National,Togo,2023,,Tués pour 100 accidents,O2-05,546.0,6906.0,7.9,,,pour 100 accidents constatés,B,
National,Togo,2023,,Blessés pour 100 accidents,O2-06,9504.0,6906.0,137.6,,,pour 100 accidents constatés,B,
National,Togo,2023,,Tués pour 10 000 véhicules,O2-04,546.0,713022.0,7.66,5.79,9.67,pour 10 000 véhicules du parc estimé,C,"bornes : parc estimé haut, puis bas (PA-01)"
National,Togo,2024,,Accidents constatés pour 100 000 habitants,O2-03,6529.0,8437000.0,77.4,,,pour 100 000 habitants,C,accidents constatés (écart 15)
National,Togo,2024,,Tués pour 100 000 habitants,O2-02,597.0,8437000.0,7.08,,,pour 100 000 habitants,C,
National,Togo,2024,,Tués pour 100 accidents,O2-05,597.0,6529.0,9.1,,,pour 100 accidents constatés,B,
National,Togo,2024,,Blessés pour 100 accidents,O2-06,9079.0,6529.0,139.1,,,pour 100 accidents constatés,B,
National,Togo,2024,,Tués pour 10 000 véhicules,O2-04,597.0,751398.0,7.95,6.18,10.3,pour 10 000 véhicules du parc estimé,C,"bornes : parc estimé haut, puis bas (PA-01)"
National,Togo,2011,Accidents constatés,"Variation annuelle : accidents, tués, blessés",O2-01,7889.0,3101.0,154.4,,,%,B,
National,Togo,2012,Accidents constatés,"Variation annuelle : accidents, tués, blessés",O2-01,8155.0,7889.0,3.4,,,%,B,
National,Togo,2013,Accidents constatés,"Variation annuelle : accidents, tués, blessés",O2-01,5401.0,8155.0,-33.8,,,%,B,
National,Togo,2014,Accidents constatés,"Variation annuelle : accidents, tués, blessés",O2-01,5390.0,5401.0,-0.2,,,%,B,
National,Togo,2015,Accidents constatés,"Variation annuelle : accidents, tués, blessés",O2-01,2851.0,5390.0,-47.1,,,%,B,
National,Togo,2016,Accidents constatés,"Variation annuelle : accidents, tués, blessés",O2-01,5393.0,2851.0,89.2,,,%,B,
National,Togo,2017,Accidents constatés,"Variation annuelle : accidents, tués, blessés",O2-01,5181.0,5393.0,-3.9,,,%,B,
National,Togo,2018,Accidents constatés,"Variation annuelle : accidents, tués, blessés",O2-01,5814.0,5181.0,12.2,,,%,B,
National,Togo,2019,Accidents constatés,"Variation annuelle : accidents, tués, blessés",O2-01,5402.0,5814.0,-7.1,,,%,B,
National,Togo,2020,Accidents constatés,"Variation annuelle : accidents, tués, blessés",O2-01,7130.0,5402.0,32.0,,,%,B,
National,Togo,2021,Accidents constatés,"Variation annuelle : accidents, tués, blessés",O2-01,7392.0,7130.0,3.7,,,%,B,
National,Togo,2022,Accidents constatés,"Variation annuelle : accidents, tués, blessés",O2-01,7507.0,7392.0,1.6,,,%,B,
National,Togo,2023,Accidents constatés,"Variation annuelle : accidents, tués, blessés",O2-01,6906.0,7507.0,-8.0,,,%,B,
National,Togo,2024,Accidents constatés,"Variation annuelle : accidents, tués, blessés",O2-01,6529.0,6906.0,-5.5,,,%,B,
National,Togo,2011,Tués,"Variation annuelle : accidents, tués, blessés",O2-01,739.0,470.0,57.2,,,%,B,
National,Togo,2012,Tués,"Variation annuelle : accidents, tués, blessés",O2-01,753.0,739.0,1.9,,,%,B,
National,Togo,2013,Tués,"Variation annuelle : accidents, tués, blessés",O2-01,640.0,753.0,-15.0,,,%,B,
National,Togo,2014,Tués,"Variation annuelle : accidents, tués, blessés",O2-01,802.0,640.0,25.3,,,%,B,
National,Togo,2015,Tués,"Variation annuelle : accidents, tués, blessés",O2-01,473.0,802.0,-41.0,,,%,B,
National,Togo,2016,Tués,"Variation annuelle : accidents, tués, blessés",O2-01,514.0,473.0,8.7,,,%,B,
National,Togo,2017,Tués,"Variation annuelle : accidents, tués, blessés",O2-01,580.0,514.0,12.8,,,%,B,
National,Togo,2018,Tués,"Variation annuelle : accidents, tués, blessés",O2-01,592.0,580.0,2.1,,,%,B,
National,Togo,2019,Tués,"Variation annuelle : accidents, tués, blessés",O2-01,580.0,592.0,-2.0,,,%,B,
National,Togo,2020,Tués,"Variation annuelle : accidents, tués, blessés",O2-01,576.0,580.0,-0.7,,,%,B,
National,Togo,2021,Tués,"Variation annuelle : accidents, tués, blessés",O2-01,680.0,576.0,18.1,,,%,B,
National,Togo,2022,Tués,"Variation annuelle : accidents, tués, blessés",O2-01,683.0,680.0,0.4,,,%,B,
National,Togo,2023,Tués,"Variation annuelle : accidents, tués, blessés",O2-01,546.0,683.0,-20.1,,,%,B,
National,Togo,2024,Tués,"Variation annuelle : accidents, tués, blessés",O2-01,597.0,546.0,9.3,,,%,B,
National,Togo,2011,Blessés,"Variation annuelle : accidents, tués, blessés",O2-01,9376.0,6241.0,50.2,,,%,B,
National,Togo,2012,Blessés,"Variation annuelle : accidents, tués, blessés",O2-01,9589.0,9376.0,2.3,,,%,B,
National,Togo,2013,Blessés,"Variation annuelle : accidents, tués, blessés",O2-01,7636.0,9589.0,-20.4,,,%,B,
National,Togo,2014,Blessés,"Variation annuelle : accidents, tués, blessés",O2-01,5565.0,7636.0,-27.1,,,%,B,
National,Togo,2015,Blessés,"Variation annuelle : accidents, tués, blessés",O2-01,3871.0,5565.0,-30.4,,,%,B,
National,Togo,2016,Blessés,"Variation annuelle : accidents, tués, blessés",O2-01,6846.0,3871.0,76.9,,,%,B,
National,Togo,2017,Blessés,"Variation annuelle : accidents, tués, blessés",O2-01,8624.0,6846.0,26.0,,,%,B,
National,Togo,2018,Blessés,"Variation annuelle : accidents, tués, blessés",O2-01,7951.0,8624.0,-7.8,,,%,B,
National,Togo,2019,Blessés,"Variation annuelle : accidents, tués, blessés",O2-01,7520.0,7951.0,-5.4,,,%,B,
National,Togo,2020,Blessés,"Variation annuelle : accidents, tués, blessés",O2-01,9514.0,7520.0,26.5,,,%,B,
National,Togo,2021,Blessés,"Variation annuelle : accidents, tués, blessés",O2-01,9376.0,9514.0,-1.5,,,%,B,
National,Togo,2022,Blessés,"Variation annuelle : accidents, tués, blessés",O2-01,9918.0,9376.0,5.8,,,%,B,
National,Togo,2023,Blessés,"Variation annuelle : accidents, tués, blessés",O2-01,9504.0,9918.0,-4.2,,,%,B,
National,Togo,2024,Blessés,"Variation annuelle : accidents, tués, blessés",O2-01,9079.0,9504.0,-4.5,,,%,B,
Zone,Grand Lomé,2022,,Part de la population,H8,2188376.0,8095498.0,27.0,,,% du pays,B,
Zone,Grand Lomé,2022,,Part des auto-écoles comptées,H8,103.0,132.0,78.0,,,% du pays,C,
Zone,Grand Lomé,2022,,Auto-écoles comptées pour 100 000 habitants,O4-05,103.0,2188376.0,4.71,,,pour 100 000 habitants,C,
Zone,Grand Lomé,2022,,Km pour 10 000 habitants,O4-03,162.008,2188376.0,0.74,,,km pour 10 000 habitants,B,
Zone,Grand Lomé,2022,,Km pour 1 000 km²,O4-02,162.008,407.87,397.2,,,km pour 1 000 km²,B,
Zone,Grand Lomé,2022,,Part en mauvais état,O3-02,7.571,97.779,7.7,,,% des km évalués,C,
Zone,Grand Lomé,2022,,Part en travaux,O3-03,34.886,97.779,35.7,,,% des km évalués,C,
Zone,Grand Lomé,2022,,Part non évaluée,O3-06,16.735,114.248,14.6,,,% des km de routes nationales,B,
Zone,Maritime hors Grand Lomé,2022,,Part de la population,H8,1346615.0,8095498.0,16.6,,,% du pays,B,
Zone,Maritime hors Grand Lomé,2022,,Part des auto-écoles comptées,H8,5.0,132.0,3.8,,,% du pays,C,
Zone,Maritime hors Grand Lomé,2022,,Auto-écoles comptées pour 100 000 habitants,O4-05,5.0,1346615.0,0.37,,,pour 100 000 habitants,C,
Zone,Maritime hors Grand Lomé,2022,,Km pour 10 000 habitants,O4-03,472.286,1346615.0,3.51,,,km pour 10 000 habitants,B,
Zone,Maritime hors Grand Lomé,2022,,Km pour 1 000 km²,O4-02,472.286,5975.95,79.0,,,km pour 1 000 km²,B,
Zone,Maritime hors Grand Lomé,2022,,Part en mauvais état,O3-02,42.548,447.296,9.5,,,% des km évalués,C,
Zone,Maritime hors Grand Lomé,2022,,Part en travaux,O3-03,122.601,447.296,27.4,,,% des km évalués,C,
Zone,Maritime hors Grand Lomé,2022,,Part non évaluée,O3-06,0.837,436.915,0.2,,,% des km de routes nationales,B,
Zone,Plateaux,2022,,Part de la population,H8,1635946.0,8095498.0,20.2,,,% du pays,B,
Zone,Plateaux,2022,,Part des auto-écoles comptées,H8,9.0,132.0,6.8,,,% du pays,C,
Zone,Plateaux,2022,,Auto-écoles comptées pour 100 000 habitants,O4-05,9.0,1635946.0,0.55,,,pour 100 000 habitants,C,
Zone,Plateaux,2022,,Km pour 10 000 habitants,O4-03,1013.955,1635946.0,6.2,,,km pour 10 000 habitants,B,
Zone,Plateaux,2022,,Km pour 1 000 km²,O4-02,1013.955,17411.42,58.2,,,km pour 1 000 km²,B,
Zone,Plateaux,2022,,Part en mauvais état,O3-02,270.74,965.588,28.0,,,% des km évalués,C,
Zone,Plateaux,2022,,Part en travaux,O3-03,134.633,965.588,13.9,,,% des km évalués,C,
Zone,Plateaux,2022,,Part non évaluée,O3-06,18.923,909.694,2.1,,,% des km de routes nationales,B,
Zone,Centrale,2022,,Part de la population,H8,795529.0,8095498.0,9.8,,,% du pays,B,
Zone,Centrale,2022,,Part des auto-écoles comptées,H8,4.0,132.0,3.0,,,% du pays,C,
Zone,Centrale,2022,,Auto-écoles comptées pour 100 000 habitants,O4-05,4.0,795529.0,0.5,,,pour 100 000 habitants,C,
Zone,Centrale,2022,,Km pour 10 000 habitants,O4-03,455.942,795529.0,5.73,,,km pour 10 000 habitants,B,
Zone,Centrale,2022,,Km pour 1 000 km²,O4-02,455.942,13126.14,34.7,,,km pour 1 000 km²,B,
Zone,Centrale,2022,,Part en mauvais état,O3-02,176.319,437.151,40.3,,,% des km évalués,C,
Zone,Centrale,2022,,Part en travaux,O3-03,125.936,437.151,28.8,,,% des km évalués,C,
Zone,Centrale,2022,,Part non évaluée,O3-06,24.592,435.298,5.6,,,% des km de routes nationales,B,
Zone,Kara,2022,,Part de la population,H8,985512.0,8095498.0,12.2,,,% du pays,B,
Zone,Kara,2022,,Part des auto-écoles comptées,H8,7.0,132.0,5.3,,,% du pays,C,
Zone,Kara,2022,,Auto-écoles comptées pour 100 000 habitants,O4-05,7.0,985512.0,0.71,,,pour 100 000 habitants,C,
Zone,Kara,2022,,Km pour 10 000 habitants,O4-03,729.165,985512.0,7.4,,,km pour 10 000 habitants,B,
Zone,Kara,2022,,Km pour 1 000 km²,O4-02,729.165,11777.29,61.9,,,km pour 1 000 km²,B,
Zone,Kara,2022,,Part en mauvais état,O3-02,105.373,694.475,15.2,,,% des km évalués,C,
Zone,Kara,2022,,Part en travaux,O3-03,159.3,694.475,22.9,,,% des km évalués,C,
Zone,Kara,2022,,Part non évaluée,O3-06,33.034,685.781,4.8,,,% des km de routes nationales,B,
Zone,Savanes,2022,,Part de la population,H8,1143520.0,8095498.0,14.1,,,% du pays,B,
Zone,Savanes,2022,,Part des auto-écoles comptées,H8,4.0,132.0,3.0,,,% du pays,C,
Zone,Savanes,2022,,Auto-écoles comptées pour 100 000 habitants,O4-05,4.0,1143520.0,0.35,,,pour 100 000 habitants,C,
Zone,Savanes,2022,,Km pour 10 000 habitants,O4-03,527.994,1143520.0,4.62,,,km pour 10 000 habitants,B,
Zone,Savanes,2022,,Km pour 1 000 km²,O4-02,527.994,8570.17,61.6,,,km pour 1 000 km²,B,
Zone,Savanes,2022,,Part en mauvais état,O3-02,66.789,521.177,12.8,,,% des km évalués,C,
Zone,Savanes,2022,,Part en travaux,O3-03,184.213,521.177,35.3,,,% des km évalués,C,
Zone,Savanes,2022,,Part non évaluée,O3-06,4.83,512.819,0.9,,,% des km de routes nationales,B,
Zone,Maritime hors Grand Lomé,2021-2022,Possède une moto,Part des ménages,contexte (D12),73415.0,320049.0,22.9,,,% des ménages ayant rempli la section,C,"EHCVM, pondérée ; ménages non renseignés hors du dénominateur (R-10)"
Zone,Plateaux,2021-2022,Possède une moto,Part des ménages,contexte (D12),112446.0,356083.0,31.6,,,% des ménages ayant rempli la section,C,"EHCVM, pondérée ; ménages non renseignés hors du dénominateur (R-10)"
Zone,Centrale,2021-2022,Possède une moto,Part des ménages,contexte (D12),61014.0,167436.0,36.4,,,% des ménages ayant rempli la section,C,"EHCVM, pondérée ; ménages non renseignés hors du dénominateur (R-10)"
Zone,Kara,2021-2022,Possède une moto,Part des ménages,contexte (D12),79178.0,206205.0,38.4,,,% des ménages ayant rempli la section,C,"EHCVM, pondérée ; ménages non renseignés hors du dénominateur (R-10)"
Zone,Savanes,2021-2022,Possède une moto,Part des ménages,contexte (D12),77972.0,203267.0,38.4,,,% des ménages ayant rempli la section,C,"EHCVM, pondérée ; ménages non renseignés hors du dénominateur (R-10)"
Zone,Grand Lomé,2021-2022,Possède une moto,Part des ménages,contexte (D12),198922.0,596509.0,33.3,,,% des ménages ayant rempli la section,C,"EHCVM, pondérée ; ménages non renseignés hors du dénominateur (R-10)"
Zone,Maritime hors Grand Lomé,2021-2022,Possède une voiture,Part des ménages,contexte (D12),6387.0,320049.0,2.0,,,% des ménages ayant rempli la section,C,"EHCVM, pondérée ; ménages non renseignés hors du dénominateur (R-10)"
Zone,Plateaux,2021-2022,Possède une voiture,Part des ménages,contexte (D12),4153.0,356083.0,1.2,,,% des ménages ayant rempli la section,C,"EHCVM, pondérée ; ménages non renseignés hors du dénominateur (R-10)"
Zone,Centrale,2021-2022,Possède une voiture,Part des ménages,contexte (D12),2051.0,167436.0,1.2,,,% des ménages ayant rempli la section,C,"EHCVM, pondérée ; ménages non renseignés hors du dénominateur (R-10)"
Zone,Kara,2021-2022,Possède une voiture,Part des ménages,contexte (D12),4016.0,206205.0,1.9,,,% des ménages ayant rempli la section,C,"EHCVM, pondérée ; ménages non renseignés hors du dénominateur (R-10)"
Zone,Savanes,2021-2022,Possède une voiture,Part des ménages,contexte (D12),1888.0,203267.0,0.9,,,% des ménages ayant rempli la section,C,"EHCVM, pondérée ; ménages non renseignés hors du dénominateur (R-10)"
Zone,Grand Lomé,2021-2022,Possède une voiture,Part des ménages,contexte (D12),47497.0,596509.0,8.0,,,% des ménages ayant rempli la section,C,"EHCVM, pondérée ; ménages non renseignés hors du dénominateur (R-10)"
Zone,Maritime hors Grand Lomé,2021-2022,Possède un vélo,Part des ménages,contexte (D12),32546.0,320049.0,10.2,,,% des ménages ayant rempli la section,C,"EHCVM, pondérée ; ménages non renseignés hors du dénominateur (R-10)"
Zone,Plateaux,2021-2022,Possède un vélo,Part des ménages,contexte (D12),22035.0,356083.0,6.2,,,% des ménages ayant rempli la section,C,"EHCVM, pondérée ; ménages non renseignés hors du dénominateur (R-10)"
Zone,Centrale,2021-2022,Possède un vélo,Part des ménages,contexte (D12),24271.0,167436.0,14.5,,,% des ménages ayant rempli la section,C,"EHCVM, pondérée ; ménages non renseignés hors du dénominateur (R-10)"
Zone,Kara,2021-2022,Possède un vélo,Part des ménages,contexte (D12),30863.0,206205.0,15.0,,,% des ménages ayant rempli la section,C,"EHCVM, pondérée ; ménages non renseignés hors du dénominateur (R-10)"
Zone,Savanes,2021-2022,Possède un vélo,Part des ménages,contexte (D12),85819.0,203267.0,42.2,,,% des ménages ayant rempli la section,C,"EHCVM, pondérée ; ménages non renseignés hors du dénominateur (R-10)"
Zone,Grand Lomé,2021-2022,Possède un vélo,Part des ménages,contexte (D12),14581.0,596509.0,2.4,,,% des ménages ayant rempli la section,C,"EHCVM, pondérée ; ménages non renseignés hors du dénominateur (R-10)"
Zone,Maritime hors Grand Lomé,2021-2022,A payé un moto-taxi (7 derniers jours),Part des ménages,contexte (D12),76402.0,318717.0,24.0,,,% des ménages ayant rempli la section,C,"EHCVM, pondérée ; ménages non renseignés hors du dénominateur (R-10)"
Zone,Plateaux,2021-2022,A payé un moto-taxi (7 derniers jours),Part des ménages,contexte (D12),82318.0,361036.0,22.8,,,% des ménages ayant rempli la section,C,"EHCVM, pondérée ; ménages non renseignés hors du dénominateur (R-10)"
Zone,Centrale,2021-2022,A payé un moto-taxi (7 derniers jours),Part des ménages,contexte (D12),35396.0,164378.0,21.5,,,% des ménages ayant rempli la section,C,"EHCVM, pondérée ; ménages non renseignés hors du dénominateur (R-10)"
Zone,Kara,2021-2022,A payé un moto-taxi (7 derniers jours),Part des ménages,contexte (D12),55595.0,211842.0,26.2,,,% des ménages ayant rempli la section,C,"EHCVM, pondérée ; ménages non renseignés hors du dénominateur (R-10)"
Zone,Savanes,2021-2022,A payé un moto-taxi (7 derniers jours),Part des ménages,contexte (D12),10542.0,206680.0,5.1,,,% des ménages ayant rempli la section,C,"EHCVM, pondérée ; ménages non renseignés hors du dénominateur (R-10)"
Zone,Grand Lomé,2021-2022,A payé un moto-taxi (7 derniers jours),Part des ménages,contexte (D12),292803.0,583091.0,50.2,,,% des ménages ayant rempli la section,C,"EHCVM, pondérée ; ménages non renseignés hors du dénominateur (R-10)"
Zone,Maritime hors Grand Lomé,2021-2022,A acheté du carburant pour moto (7 derniers jours),Part des ménages,contexte (D12),55054.0,318717.0,17.3,,,% des ménages ayant rempli la section,C,"EHCVM, pondérée ; ménages non renseignés hors du dénominateur (R-10)"
Zone,Plateaux,2021-2022,A acheté du carburant pour moto (7 derniers jours),Part des ménages,contexte (D12),108334.0,361036.0,30.0,,,% des ménages ayant rempli la section,C,"EHCVM, pondérée ; ménages non renseignés hors du dénominateur (R-10)"
Zone,Centrale,2021-2022,A acheté du carburant pour moto (7 derniers jours),Part des ménages,contexte (D12),55546.0,164378.0,33.8,,,% des ménages ayant rempli la section,C,"EHCVM, pondérée ; ménages non renseignés hors du dénominateur (R-10)"
Zone,Kara,2021-2022,A acheté du carburant pour moto (7 derniers jours),Part des ménages,contexte (D12),73367.0,211842.0,34.6,,,% des ménages ayant rempli la section,C,"EHCVM, pondérée ; ménages non renseignés hors du dénominateur (R-10)"
Zone,Savanes,2021-2022,A acheté du carburant pour moto (7 derniers jours),Part des ménages,contexte (D12),85897.0,206680.0,41.6,,,% des ménages ayant rempli la section,C,"EHCVM, pondérée ; ménages non renseignés hors du dénominateur (R-10)"
Zone,Grand Lomé,2021-2022,A acheté du carburant pour moto (7 derniers jours),Part des ménages,contexte (D12),194329.0,583091.0,33.3,,,% des ménages ayant rempli la section,C,"EHCVM, pondérée ; ménages non renseignés hors du dénominateur (R-10)"
Tronçon,TGRCRRRN1 BABAME-SOKODE-ALEHERIDE,2020,TGRCRRRN1 BABAME-SOKODE-ALEHERIDE,Part en mauvais état,O3-05,59.1,154.59,38.2,,,% des km du tronçon,C,Territoire : noms du tracé ; Catégorie : tronçons du relevé rattachés à ce tracé
Tronçon,TGRCRRRN14 SOKODE-TCHAMBA-KABOLI-FRE BENIN,2020,TGRCRRRN14 SOKODE-TCHAMBA-KABOLI-FRE BENIN,Part en mauvais état,O3-05,59.1,86.43,68.4,,,% des km du tronçon,C,Territoire : noms du tracé ; Catégorie : tronçons du relevé rattachés à ce tracé
Tronçon,TGRCRRRRN17 SOKODE-MALFAKASSA,2020,TGRCRRRRN17 SOKODE-MALFAKASSA,Part en mauvais état,O3-05,0.0,29.85,0.0,,,% des km du tronçon,C,Territoire : noms du tracé ; Catégorie : tronçons du relevé rattachés à ce tracé
Tronçon,TGRCRRRRN27 LANGABOU-YEGUE-FRE GHANA,2020,TGRCRRRRN27 LANGABOU-YEGUE-FRE GHANA,Part en mauvais état,O3-05,56.05,66.67,84.1,,,% des km du tronçon,C,Territoire : noms du tracé ; Catégorie : tronçons du relevé rattachés à ce tracé
Tronçon,TGRCRTRN12 SOTOUBOUA-GOUBI-KABOLI,2020,TGRCRTRN12 SOTOUBOUA-GOUBI-KABOLI,Part en mauvais état,O3-05,0.0,98.07,0.0,,,% des km du tronçon,C,Territoire : noms du tracé ; Catégorie : tronçons du relevé rattachés à ce tracé
Tronçon,TGRKRR RN1 ALEHERIDE-KARA-NABLOUGOU,2020,TGRKRR RN1 ALEHERIDE-KARA-NABLOUGOU,Part en mauvais état,O3-05,0.0,140.53,0.0,,,% des km du tronçon,C,Territoire : noms du tracé ; Catégorie : tronçons du relevé rattachés à ce tracé
Tronçon,TGRKRRRN1 BRETELLE D ALEDJO,2020,TGRKRRRN1 BRETELLE D ALEDJO,Part en mauvais état,O3-05,11.08,11.53,96.1,,,% des km du tronçon,C,Territoire : noms du tracé ; Catégorie : tronçons du relevé rattachés à ce tracé
Tronçon,TGRKRRRN1 BRETELLE DE BAFILO,2020,TGRKRRRN1 BRETELLE DE BAFILO,Part en mauvais état,O3-05,6.27,6.57,95.4,,,% des km du tronçon,C,Territoire : noms du tracé ; Catégorie : tronçons du relevé rattachés à ce tracé
Tronçon,TGRKRRRN1 BRETELLE DE DEFALE,2020,TGRKRRRN1 BRETELLE DE DEFALE,Part en mauvais état,O3-05,3.6,6.14,58.6,,,% des km du tronçon,C,Territoire : noms du tracé ; Catégorie : tronçons du relevé rattachés à ce tracé
Tronçon,TGRKRRRN16 RN1 KARA-KETAO-KEMERIDA-FRE BENIN,2020,TGRKRRRN16 RN1 KARA-KETAO-KEMERIDA-FRE BENIN,Part en mauvais état,O3-05,4.84,25.84,18.7,,,% des km du tronçon,C,Territoire : noms du tracé ; Catégorie : tronçons du relevé rattachés à ce tracé
Tronçon,TGRKRRRN17 BRETELLE KATCHAMBA,2020,TGRKRRRN17 BRETELLE KATCHAMBA,Part en mauvais état,O3-05,0.0,6.04,0.0,,,% des km du tronçon,C,Territoire : noms du tracé ; Catégorie : tronçons du relevé rattachés à ce tracé
Tronçon,TGRKRRRN17 MALFAKASSA-BASSAR-KABOU-GUERIN KOUKA-KATCHAMBA,2020,TGRKRRRN17 MALFAKASSA-BASSAR-KABOU-GUERIN KOUKA-KATCHAMBA,Part en mauvais état,O3-05,0.0,108.95,0.0,,,% des km du tronçon,C,Territoire : noms du tracé ; Catégorie : tronçons du relevé rattachés à ce tracé
Tronçon,TGRKRRRN18B BRETELLE SOUMDINA-RN16,2020,TGRKRRRN18B BRETELLE SOUMDINA-RN16,Part en mauvais état,O3-05,0.0,9.54,0.0,,,% des km du tronçon,C,Territoire : noms du tracé ; Catégorie : tronçons du relevé rattachés à ce tracé
Tronçon,TGRKRRRN18B PYA-TCHARE-LASSA-RN16,2020,TGRKRRRN18B PYA-TCHARE-LASSA-RN16,Part en mauvais état,O3-05,0.0,13.37,0.0,,,% des km du tronçon,C,Territoire : noms du tracé ; Catégorie : tronçons du relevé rattachés à ce tracé
Tronçon,TGRKRRRN18B TCHITCHAO-PYA-KOUMEA,2020,TGRKRRRN18B TCHITCHAO-PYA-KOUMEA,Part en mauvais état,O3-05,0.0,14.38,0.0,,,% des km du tronçon,C,Territoire : noms du tracé ; Catégorie : tronçons du relevé rattachés à ce tracé
Tronçon,TGRKRRRN19 KARA-KABOU-FRE GHANA,2020,TGRKRRRN19 KARA-KABOU-FRE GHANA,Part en mauvais état,O3-05,76.25,84.01,90.8,,,% des km du tronçon,C,Territoire : noms du tracé ; Catégorie : tronçons du relevé rattachés à ce tracé
Tronçon,TGRKRRRN20 KETAO-PAGOUDA,2020,TGRKRRRN20 KETAO-PAGOUDA,Part en mauvais état,O3-05,0.23,14.6,1.6,,,% des km du tronçon,C,Territoire : noms du tracé ; Catégorie : tronçons du relevé rattachés à ce tracé
Tronçon,TGRKRRRN21 TCHITCHAO-SARAKAWA-KANTE,2020,TGRKRRRN21 TCHITCHAO-SARAKAWA-KANTE,Part en mauvais état,O3-05,0.0,62.54,0.0,,,% des km du tronçon,C,Territoire : noms du tracé ; Catégorie : tronçons du relevé rattachés à ce tracé
Tronçon,TGRKRT KOUMEA-SIOU,2020,TGRKRT KOUMEA-SIOU,Part en mauvais état,O3-05,0.0,7.46,0.0,,,% des km du tronçon,C,Territoire : noms du tracé ; Catégorie : tronçons du relevé rattachés à ce tracé
Tronçon,TGRKRTRN18 NIAMTOUGOU-KOUMEA-FARINDE-TCHIKAWA-RN20,2020,TGRKRTRN18 NIAMTOUGOU-KOUMEA-FARINDE-TCHIKAWA-RN20,Part en mauvais état,O3-05,0.0,22.3,0.0,,,% des km du tronçon,C,Territoire : noms du tracé ; Catégorie : tronçons du relevé rattachés à ce tracé
Tronçon,TGRKRTRN19A AWANDJELO-ATCHANGBADE,2020,TGRKRTRN19A AWANDJELO-ATCHANGBADE,Part en mauvais état,O3-05,4.66,9.76,47.7,,,% des km du tronçon,C,Territoire : noms du tracé ; Catégorie : tronçons du relevé rattachés à ce tracé
Tronçon,TGRKRTRN20 PAGOUDA-SIOU-NIAMTOUGOU,2020,TGRKRTRN20 PAGOUDA-SIOU-NIAMTOUGOU,Part en mauvais état,O3-05,0.0,31.69,0.0,,,% des km du tronçon,C,Territoire : noms du tracé ; Catégorie : tronçons du relevé rattachés à ce tracé
Tronçon,TGRKRTRN38 RN1 BAFILO-DAKO-RN17 BASSAR,2020,TGRKRTRN38 RN1 BAFILO-DAKO-RN17 BASSAR,Part en mauvais état,O3-05,0.0,57.2,0.0,,,% des km du tronçon,C,Territoire : noms du tracé ; Catégorie : tronçons du relevé rattachés à ce tracé
Tronçon,TGRKRTRN39 RN17 BASSAR-BITCHABE-RN19,2020,TGRKRTRN39 RN17 BASSAR-BITCHABE-RN19,Part en mauvais état,O3-05,0.0,33.01,0.0,,,% des km du tronçon,C,Territoire : noms du tracé ; Catégorie : tronçons du relevé rattachés à ce tracé
Tronçon,TGRKRTRN40 KANTE-NADOBA,2020,TGRKRTRN40 KANTE-NADOBA,Part en mauvais état,O3-05,0.0,28.49,0.0,,,% des km du tronçon,C,Territoire : noms du tracé ; Catégorie : tronçons du relevé rattachés à ce tracé
Tronçon,TGRMRN42 KEVE-ZOLO-FRT GHANA,2020,TGRMRN42 KEVE-ZOLO-FRT GHANA,Part en mauvais état,O3-05,0.0,15.5,0.0,,,% des km du tronçon,C,Territoire : noms du tracé ; Catégorie : tronçons du relevé rattachés à ce tracé
Tronçon,TGRMRRRN1 LOME-AMAKPAPE | TGRMRRRN1 DAVIE-GOLF CLUB,2020,DAVIE-AMAKPAPE | DAVIE-LOME (PASSAGE SUPERIEUR),Part en mauvais état,O3-05,20.9,72.04,29.0,,,% des km du tronçon,C,Territoire : noms du tracé ; Catégorie : tronçons du relevé rattachés à ce tracé
Tronçon,TGRMRRRN2/3 AFLAO AVEPOZO VOIE NORD | TGRMRRRN2/3 AFLAO AVEPOZO VOIE SUD | TGRMRRRN2/3 AFLAO-AVEPOZO CHAUSSEE NORD | TGRMRRRN2/3 AVEPOZO-ANEHO | TGRMRRRN2/3 ANEHO SANVEE CONDJI CHAUSSE NORD | TGRMRRRN2/3 ANEHO SANVEE CONDJI CHAUSSE SUD,2020,RN2/3 AFLAO-HILACONDJI FRE BENIN | RN2/3 AFLAO-HILACONDJI-FRT BENIN RETOUR (CARREFOUR AVEPOZO - FRT GHANA) | RN2/3 AFLAO-HILACONDJI-FRT BENIN RETOUR 2,Part en mauvais état,O3-05,0.65,76.42,0.9,,,% des km du tronçon,C,Territoire : noms du tracé ; Catégorie : tronçons du relevé rattachés à ce tracé
Tronçon,TGRMRRRN34 LOME-VOGAN-ANFOIN,2020,LOME-AKOUMAPE-VOGAN-ANFOIN (RN4),Part en mauvais état,O3-05,0.0,60.62,0.0,,,% des km du tronçon,C,Territoire : noms du tracé ; Catégorie : tronçons du relevé rattachés à ce tracé
Tronçon,TGRMRRRN36 AMEGNRAN-AFAGNAN,2020,RN36 AMEGNRAN-AFAGNAN,Part en mauvais état,O3-05,8.57,8.57,100.0,,,% des km du tronçon,C,Territoire : noms du tracé ; Catégorie : tronçons du relevé rattachés à ce tracé
Tronçon,TGRMRRRN36 ANEHO-AKLAKOU,2020,RN36 ANEHO-AKLAKOU,Part en mauvais état,O3-05,7.28,15.68,46.4,,,% des km du tronçon,C,Territoire : noms du tracé ; Catégorie : tronçons du relevé rattachés à ce tracé
Tronçon,TGRMRRRN4 TSEVIE-TABLIGBO-ANEHO,2020,TSEVIE-TABLIGBO-ANFOIN-ANEHO,Part en mauvais état,O3-05,0.77,85.93,0.9,,,% des km du tronçon,C,Territoire : noms du tracé ; Catégorie : tronçons du relevé rattachés à ce tracé
Tronçon,TGRMRRRN5 LOME-AMOUZOU COPE,2020,RN5 LOME-AMOUZOU COPE,Part en mauvais état,O3-05,0.0,79.64,0.0,,,% des km du tronçon,C,Territoire : noms du tracé ; Catégorie : tronçons du relevé rattachés à ce tracé
Tronçon,TGRMRTRN32 ASSAHOUN-BATOUME-FRT GHANA,2020,TGRMRTRN32 ASSAHOUN-BATOUME-FRT GHANA,Part en mauvais état,O3-05,0.0,21.6,0.0,,,% des km du tronçon,C,Territoire : noms du tracé ; Catégorie : tronçons du relevé rattachés à ce tracé
Tronçon,TGRMRTRN35 AKOUMAKPE-TCHEKPO,2020,TGRMRTRN35 AKOUMAKPE-TCHEKPO,Part en mauvais état,O3-05,3.0,20.19,14.9,,,% des km du tronçon,C,Territoire : noms du tracé ; Catégorie : tronçons du relevé rattachés à ce tracé
Tronçon,TGRMRTRN36 AKLAKOU-AVEVE-AFAGNAN,2020,TGRMRTRN36 AKLAKOU-AVEVE-AFAGNAN,Part en mauvais état,O3-05,0.0,31.22,0.0,,,% des km du tronçon,C,Territoire : noms du tracé ; Catégorie : tronçons du relevé rattachés à ce tracé
Tronçon,TGRMRTRN36A AFAGNAN-AGOMEGLOZOU,2020,TGRMRTRN36A AFAGNAN-AGOMEGLOZOU,Part en mauvais état,O3-05,0.0,9.34,0.0,,,% des km du tronçon,C,Territoire : noms du tracé ; Catégorie : tronçons du relevé rattachés à ce tracé
Tronçon,TGRMRTRN37 TABLIGBO-GBOTO-TOKPLI-FRT BENIN,2020,TGRMRTRN37 TABLIGBO-GBOTO-TOKPLI-FRT BENIN,Part en mauvais état,O3-05,3.15,18.92,16.6,,,% des km du tronçon,C,Territoire : noms du tracé ; Catégorie : tronçons du relevé rattachés à ce tracé
Tronçon,TGRMRTRN7 TSEVIE-KEVE,2020,TGRMRTRN7 TSEVIE-KEVE,Part en mauvais état,O3-05,5.8,33.02,17.6,,,% des km du tronçon,C,Territoire : noms du tracé ; Catégorie : tronçons du relevé rattachés à ce tracé
Tronçon,TGRPRR ALIMONDJI(RN1)-ELAVAGNON,2020,ALINMONDJI (RN1)-ELAVAGNON,Part en mauvais état,O3-05,0.0,11.12,0.0,,,% des km du tronçon,C,Territoire : noms du tracé ; Catégorie : tronçons du relevé rattachés à ce tracé
Tronçon,TGRPRR AZANHOUN FIAGBE-PRESIDENT COPE,2020,AZANHOUN FIAGBE-PRESIDENT COPE,Part en mauvais état,O3-05,9.0,9.05,99.4,,,% des km du tronçon,C,Territoire : noms du tracé ; Catégorie : tronçons du relevé rattachés à ce tracé
Tronçon,TGRPRR BRETELLE KOUGNOHOU(KOUGNOHOU-ADAPE(RN15)),2020,BRETELLE KOUGNOHOU(KOUGNOHOU-ADAPE(RN15)),Part en mauvais état,O3-05,0.0,5.56,0.0,,,% des km du tronçon,C,Territoire : noms du tracé ; Catégorie : tronçons du relevé rattachés à ce tracé
Tronçon,TGRPRR RN33 AGOU GADJEPE(RN5)-AGOTIME-FRE GHANA,2020,RN33 AGOU GADJEPE(RN5)-AGOTIME-FRE GHANA,Part en mauvais état,O3-05,31.58,31.68,99.7,,,% des km du tronçon,C,Territoire : noms du tracé ; Catégorie : tronçons du relevé rattachés à ce tracé
Tronçon,TGRPRR RN5-HOPITAL AGOU NYOGBO,2020,RN5-HOPITAL AGOU NYOGBO,Part en mauvais état,O3-05,3.74,3.74,100.0,,,% des km du tronçon,C,Territoire : noms du tracé ; Catégorie : tronçons du relevé rattachés à ce tracé
Tronçon,TGRPRR ROUTE CAMPEMENT,2020,ROUTE CAMPEMENT,Part en mauvais état,O3-05,1.2,1.2,100.0,,,% des km du tronçon,C,Territoire : noms du tracé ; Catégorie : tronçons du relevé rattachés à ce tracé
Tronçon,TGRPRR ROUTE CHATEAU VIAL,2020,ROUTE CHATEAU VIAL,Part en mauvais état,O3-05,1.65,1.65,100.0,,,% des km du tronçon,C,Territoire : noms du tracé ; Catégorie : tronçons du relevé rattachés à ce tracé
Tronçon,TGRPRRRN1 AMAKPAPE-ATAKPAME-BABAME | TGRPRRRN1 AMAKPAPE-ATAKPAME-BABAME_1,2020,RN1 AMAKPAPE-ATAKPAME- BABAME,Part en mauvais état,O3-05,38.12,139.74,27.3,,,% des km du tronçon,C,Territoire : noms du tracé ; Catégorie : tronçons du relevé rattachés à ce tracé
Tronçon,TGRPRRRN11 KPALIME (RN5)-KPADAPE-FRE GHANA,2020,RN11 KPALIME (RN5)-KPADAPE-FRE GHANA,Part en mauvais état,O3-05,18.92,18.92,100.0,,,% des km du tronçon,C,Territoire : noms du tracé ; Catégorie : tronçons du relevé rattachés à ce tracé
Tronçon,TGRPRRRN11A KPADAPE-KLO MAYONDI-FRE GHANA,2020,RN11A KPADAPE-KLO MAYONDI-FRE GHANA,Part en mauvais état,O3-05,6.81,7.41,91.9,,,% des km du tronçon,C,Territoire : noms du tracé ; Catégorie : tronçons du relevé rattachés à ce tracé
Tronçon,TGRPRRRN13 KPALIME(RN5)-MONT KLOTO-KAMETONOU-FRE GHANA,2020,TGRPRRRN13 KPALIME(RN5)-MONT KLOTO-KAMETONOU-FRE GHANA,Part en mauvais état,O3-05,20.51,20.91,98.1,,,% des km du tronçon,C,Territoire : noms du tracé ; Catégorie : tronçons du relevé rattachés à ce tracé
Tronçon,TGRPRRRN15 TEMEDJA(RN5)-BADOU-FRE GHANA,2020,TGRPRRRN15 TEMEDJA(RN5)-BADOU-FRE GHANA,Part en mauvais état,O3-05,0.0,88.5,0.0,,,% des km du tronçon,C,Territoire : noms du tracé ; Catégorie : tronçons du relevé rattachés à ce tracé
Tronçon,TGRPRRRN15A BADOU-REVIERE WAWA (FRE GHABA),2020,TGRPRRRN15A BADOU-REVIERE WAWA (FRE GHABA),Part en mauvais état,O3-05,13.68,13.93,98.2,,,% des km du tronçon,C,Territoire : noms du tracé ; Catégorie : tronçons du relevé rattachés à ce tracé
Tronçon,TGRPRRRN15B BADOU-TOMEGBE-FRE GHANA,2020,TGRPRRRN15B BADOU-TOMEGBE-FRE GHANA,Part en mauvais état,O3-05,21.37,21.37,100.0,,,% des km du tronçon,C,Territoire : noms du tracé ; Catégorie : tronçons du relevé rattachés à ce tracé
Tronçon,TGRPRRRN30 ADETA(RN5)-NDIGBE-APEYEME-FRE GHANA,2020,TGRPRRRN30 ADETA(RN5)-NDIGBE-APEYEME-FRE GHANA,Part en mauvais état,O3-05,33.5,33.5,100.0,,,% des km du tronçon,C,Territoire : noms du tracé ; Catégorie : tronçons du relevé rattachés à ce tracé
Tronçon,TGRPRRRN30A DZOGBEGAN-DANYI ELAVAGNON,2020,TGRPRRRN30A DZOGBEGAN-DANYI ELAVAGNON,Part en mauvais état,O3-05,7.69,7.69,100.0,,,% des km du tronçon,C,Territoire : noms du tracé ; Catégorie : tronçons du relevé rattachés à ce tracé
Tronçon,TGRPRRRN31/30 NDIGBE-YIKPA-FRE GHANA,2020,TGRPRRRN31/30 NDIGBE-YIKPA-FRE GHANA,Part en mauvais état,O3-05,14.54,14.54,100.0,,,% des km du tronçon,C,Territoire : noms du tracé ; Catégorie : tronçons du relevé rattachés à ce tracé
Tronçon,TGRPRRRN5 ATAKPAME-KPALIME-AMOUSSOUKOPE,2020,TGRPRRRN5 ATAKPAME-KPALIME-AMOUSSOUKOPE,Part en mauvais état,O3-05,0.0,146.58,0.0,,,% des km du tronçon,C,Territoire : noms du tracé ; Catégorie : tronçons du relevé rattachés à ce tracé
Tronçon,TGRPRRRN6 NOTSE-TOHOUN,2020,TGRPRRRN6 NOTSE-TOHOUN,Part en mauvais état,O3-05,0.0,56.3,0.0,,,% des km du tronçon,C,Territoire : noms du tracé ; Catégorie : tronçons du relevé rattachés à ce tracé
Tronçon,TGRPRRRN8 AKPARE-NANGBETO,2020,TGRPRRRN8 AKPARE-NANGBETO,Part en mauvais état,O3-05,18.35,18.4,99.7,,,% des km du tronçon,C,Territoire : noms du tracé ; Catégorie : tronçons du relevé rattachés à ce tracé
Tronçon,TGRPRRRN9A ROUTE DU MONT AGOU,2020,TGRPRRRN9A ROUTE DU MONT AGOU,Part en mauvais état,O3-05,4.42,11.67,37.9,,,% des km du tronçon,C,Territoire : noms du tracé ; Catégorie : tronçons du relevé rattachés à ce tracé
Tronçon,TGRPRT BRETELLE RN9-YIBOE,2020,TGRPRT BRETELLE RN9-YIBOE,Part en mauvais état,O3-05,0.85,9.26,9.2,,,% des km du tronçon,C,Territoire : noms du tracé ; Catégorie : tronçons du relevé rattachés à ce tracé
Tronçon,TGRPRT EPP AGBONOU CEET-EGLISE CATHOLIQUE SAINT JEAN PAUL II,2020,TGRPRT EPP AGBONOU CEET- EGLISE CATHOLIQUE SAINT JEAN PAUL II,Part en mauvais état,O3-05,0.0,1.22,0.0,,,% des km du tronçon,C,Territoire : noms du tracé ; Catégorie : tronçons du relevé rattachés à ce tracé
Tronçon,TGRPRT RN15A-HÔPITAL BADOU,2020,TGRPRT RN15A-HÔPITAL BADOU,Part en mauvais état,O3-05,1.07,1.12,95.5,,,% des km du tronçon,C,Territoire : noms du tracé ; Catégorie : tronçons du relevé rattachés à ce tracé
Tronçon,TGRPRTRN10 NYAMASSILA(RN1)-KPESSI-FRE BENIN,2020,TGRPRTRN10 NYAMASSILA(RN1)-KPESSI-FRE BENIN,Part en mauvais état,O3-05,12.8,55.88,22.9,,,% des km du tronçon,C,Territoire : noms du tracé ; Catégorie : tronçons du relevé rattachés à ce tracé
Tronçon,TGRPRTRN15BIS HIHIATRO(RN5)-KLABE-APEGANME-KOUGNOHOU,2020,TGRPRTRN15BIS HIHIATRO(RN5)-KLABE-APEGANME-KOUGNOHOU,Part en mauvais état,O3-05,6.75,47.97,14.1,,,% des km du tronçon,C,Territoire : noms du tracé ; Catégorie : tronçons du relevé rattachés à ce tracé
Tronçon,TGRPRTRN29 DEGOU(RN10)-KOLOKOPE-ANIE(RN1),2020,TGRPRTRN29 DEGOU(RN10)-KOLOKOPE-ANIE(RN1),Part en mauvais état,O3-05,4.7,47.01,10.0,,,% des km du tronçon,C,Territoire : noms du tracé ; Catégorie : tronçons du relevé rattachés à ce tracé
Tronçon,TGRPRTRN8 ATAKPAME-AKPARE,2020,TGRPRTRN8 ATAKPAME-AKPARE,Part en mauvais état,O3-05,0.0,20.8,0.0,,,% des km du tronçon,C,Territoire : noms du tracé ; Catégorie : tronçons du relevé rattachés à ce tracé
Tronçon,TGRPRTRN8 NANVBETO-OUNTIVOU-RN6 TOHOUN,2020,TGRPRTRN8 NANVBETO-OUNTIVOU-RN6 (TOHOUN),Part en mauvais état,O3-05,0.0,66.14,0.0,,,% des km du tronçon,C,Territoire : noms du tracé ; Catégorie : tronçons du relevé rattachés à ce tracé
Tronçon,TGRPRTRN9 NOTSE(RN1)-YIBOE-AVEDJE-AGOU(RN5),2020,TGRPRTRN9 NOTSE(RN1)-YIBOE-AVEDJE-AGOU(RN5),Part en mauvais état,O3-05,0.0,51.01,0.0,,,% des km du tronçon,C,Territoire : noms du tracé ; Catégorie : tronçons du relevé rattachés à ce tracé
Tronçon,TGRSRRRN1 NABOULGOU-DAPAONG-CINKASSE-FRE BURKINA,2020,TGRSRRRN1 NABLOUGOU-DAPAONG-CINKASSE FRE BURKINA,Part en mauvais état,O3-05,1.75,160.83,1.1,,,% des km du tronçon,C,Territoire : noms du tracé ; Catégorie : tronçons du relevé rattachés à ce tracé
Tronçon,TGRSRRRN24 RN1 DAPAONG BORGOU-MANDOURI-FRE BENIN_1 | TGRSRRRN24 RN1 DAPAONG BORGOU-MANDOURI-FRE BENIN_2,2020,TGRSRRRN24 RN1 DAPAONG BORGOU-MANDOURI-FRE BENIN,Part en mauvais état,O3-05,0.0,92.75,0.0,,,% des km du tronçon,C,Territoire : noms du tracé ; Catégorie : tronçons du relevé rattachés à ce tracé
Tronçon,TGRSRRRN28 BRETELLE DE CORBONGOU,2020,TGRSRRRN28 BRETELLE DE CORBONGOU,Part en mauvais état,O3-05,0.0,3.68,0.0,,,% des km du tronçon,C,Territoire : noms du tracé ; Catégorie : tronçons du relevé rattachés à ce tracé
Tronçon,TGRSRRRN28 DAPAONG-PONIO-FRE BURKINA,2020,TGRSRRRN28 DAPAONG-PONIO-FRE BURKINA,Part en mauvais état,O3-05,1.25,37.32,3.3,,,% des km du tronçon,C,Territoire : noms du tracé ; Catégorie : tronçons du relevé rattachés à ce tracé
Tronçon,TGRSRTRN17 KATCHAMBA-SADORI RN1,2020,TGRSRTRN17 KATCHAMBA-SADORI RN1,Part en mauvais état,O3-05,2.5,56.84,4.4,,,% des km du tronçon,C,Territoire : noms du tracé ; Catégorie : tronçons du relevé rattachés à ce tracé
Tronçon,TGRSRTRN22 RN1 TCHANWIEKOU-MOGOU-GANDO-FRE BENIN,2020,TGRSRTRN22 RN1 TCHANWIEKOU-MOGOU-GANDO-FRE BENIN,Part en mauvais état,O3-05,21.22,43.61,48.7,,,% des km du tronçon,C,Territoire : noms du tracé ; Catégorie : tronçons du relevé rattachés à ce tracé
Tronçon,TGRSRTRN22A RN1 SAGBIEBOU-GANDO,2020,TGRSRTRN22A RN1 SAGBIEBOU-GANDO,Part en mauvais état,O3-05,0.0,15.5,0.0,,,% des km du tronçon,C,Territoire : noms du tracé ; Catégorie : tronçons du relevé rattachés à ce tracé
Tronçon,TGRSRTRN23 RN1 MANGO-KOKOUMBO-FRE GHANA,2020,TGRSRTRN23 RN1 MANGO-KOKOUMBO-FRE GHANA,Part en mauvais état,O3-05,2.42,10.32,23.4,,,% des km du tronçon,C,Territoire : noms du tracé ; Catégorie : tronçons du relevé rattachés à ce tracé
Tronçon,TGRSRTRN24 RN1 GALANGASHI-NAKI EST,2020,TGRSRTRN24 RN1 GALANGASHI-NAKI EST,Part en mauvais état,O3-05,10.5,27.65,38.0,,,% des km du tronçon,C,Territoire : noms du tracé ; Catégorie : tronçons du relevé rattachés à ce tracé
Tronçon,TGRSRTRN25 RN1-KONG-RN1_1 | TGRSRTRN25 RN1-KONG-RN1_2,2020,TGRSRTRN25 RN1-KONG-RN1,Part en mauvais état,O3-05,10.93,23.33,46.8,,,% des km du tronçon,C,Territoire : noms du tracé ; Catégorie : tronçons du relevé rattachés à ce tracé
Tronçon,TGRSRTRN26 RN1 CINKASSE-FRE GHANA,2020,TGRSRTRN26 RN1 CINKASSE-FRE GHANA,Part en mauvais état,O3-05,0.0,3.8,0.0,,,% des km du tronçon,C,Territoire : noms du tracé ; Catégorie : tronçons du relevé rattachés à ce tracé
Tronçon,TGRSRTRN41 RN1 MANGO-BORGOU,2020,TGRSRTRN41 RN1 MANGO-BORGOU,Part en mauvais état,O3-05,16.22,45.74,35.5,,,% des km du tronçon,C,Territoire : noms du tracé ; Catégorie : tronçons du relevé rattachés à ce tracé
