Tableau,Page,Niveau,Unité,Groupe d’âges,Milieu,Sexe,Valeur,Lecture
1,22,pays,Togo,0,Urbain,Hommes,41473.0,colonnes
1,22,pays,Togo,0,Urbain,Femmes,39878.0,colonnes
1,22,pays,Togo,0,Urbain,Ensemble,81351.0,colonnes
1,22,pays,Togo,0,Rural,Hommes,66075.0,colonnes
1,22,pays,Togo,0,Rural,Femmes,64645.0,colonnes
1,22,pays,Togo,0,Rural,Ensemble,130720.0,colonnes
1,22,pays,Togo,0,Total,Hommes,107548.0,colonnes
1,22,pays,Togo,0,Total,Femmes,104523.0,colonnes
1,22,pays,Togo,0,Total,Ensemble,212071.0,colonnes
1,22,pays,Togo,1-4,Urbain,Hommes,170334.0,colonnes
1,22,pays,Togo,1-4,Urbain,Femmes,162700.0,colonnes
1,22,pays,Togo,1-4,Urbain,Ensemble,333034.0,colonnes
1,22,pays,Togo,1-4,Rural,Hommes,294252.0,colonnes
1,22,pays,Togo,1-4,Rural,Femmes,283400.0,colonnes
1,22,pays,Togo,1-4,Rural,Ensemble,577652.0,colonnes
1,22,pays,Togo,1-4,Total,Hommes,464586.0,colonnes
1,22,pays,Togo,1-4,Total,Femmes,446100.0,colonnes
1,22,pays,Togo,1-4,Total,Ensemble,910686.0,colonnes
1,22,pays,Togo,5-9,Urbain,Hommes,215160.0,colonnes
1,22,pays,Togo,5-9,Urbain,Femmes,212148.0,colonnes
1,22,pays,Togo,5-9,Urbain,Ensemble,427308.0,colonnes
1,22,pays,Togo,5-9,Rural,Hommes,391566.0,colonnes
1,22,pays,Togo,5-9,Rural,Femmes,371472.0,colonnes
1,22,pays,Togo,5-9,Rural,Ensemble,763038.0,colonnes
1,22,pays,Togo,5-9,Total,Hommes,606726.0,colonnes
1,22,pays,Togo,5-9,Total,Femmes,583620.0,colonnes
1,22,pays,Togo,5-9,Total,Ensemble,1190346.0,colonnes
1,22,pays,Togo,10-14,Urbain,Hommes,201072.0,colonnes
1,22,pays,Togo,10-14,Urbain,Femmes,212086.0,colonnes
1,22,pays,Togo,10-14,Urbain,Ensemble,413158.0,colonnes
1,22,pays,Togo,10-14,Rural,Hommes,338535.0,colonnes
1,22,pays,Togo,10-14,Rural,Femmes,299136.0,colonnes
1,22,pays,Togo,10-14,Rural,Ensemble,637671.0,colonnes
1,22,pays,Togo,10-14,Total,Hommes,539607.0,colonnes
1,22,pays,Togo,10-14,Total,Femmes,511222.0,colonnes
1,22,pays,Togo,10-14,Total,Ensemble,1050829.0,colonnes
1,22,pays,Togo,15-19,Urbain,Hommes,190115.0,colonnes
1,22,pays,Togo,15-19,Urbain,Femmes,202007.0,colonnes
1,22,pays,Togo,15-19,Urbain,Ensemble,392122.0,colonnes
1,22,pays,Togo,15-19,Rural,Hommes,226452.0,colonnes
1,22,pays,Togo,15-19,Rural,Femmes,209411.0,colonnes
1,22,pays,Togo,15-19,Rural,Ensemble,435863.0,colonnes
1,22,pays,Togo,15-19,Total,Hommes,416567.0,colonnes
1,22,pays,Togo,15-19,Total,Femmes,411418.0,colonnes
1,22,pays,Togo,15-19,Total,Ensemble,827985.0,colonnes
1,22,pays,Togo,20-24,Urbain,Hommes,164474.0,colonnes
1,22,pays,Togo,20-24,Urbain,Femmes,179083.0,colonnes
1,22,pays,Togo,20-24,Urbain,Ensemble,343557.0,colonnes
1,22,pays,Togo,20-24,Rural,Hommes,146404.0,colonnes
1,22,pays,Togo,20-24,Rural,Femmes,183860.0,colonnes
1,22,pays,Togo,20-24,Rural,Ensemble,330264.0,colonnes
1,22,pays,Togo,20-24,Total,Hommes,310878.0,colonnes
1,22,pays,Togo,20-24,Total,Femmes,362943.0,colonnes
1,22,pays,Togo,20-24,Total,Ensemble,673821.0,colonnes
1,22,pays,Togo,25-29,Urbain,Hommes,132229.0,colonnes
1,22,pays,Togo,25-29,Urbain,Femmes,150875.0,colonnes
1,22,pays,Togo,25-29,Urbain,Ensemble,283104.0,colonnes
1,22,pays,Togo,25-29,Rural,Hommes,122185.0,colonnes
1,22,pays,Togo,25-29,Rural,Femmes,156337.0,colonnes
1,22,pays,Togo,25-29,Rural,Ensemble,278521.0,colonnes
1,22,pays,Togo,25-29,Total,Hommes,254414.0,colonnes
1,22,pays,Togo,25-29,Total,Femmes,307212.0,colonnes
1,22,pays,Togo,25-29,Total,Ensemble,561625.0,colonnes
1,22,pays,Togo,30-34,Urbain,Hommes,125316.0,colonnes
1,22,pays,Togo,30-34,Urbain,Femmes,141695.0,colonnes
1,22,pays,Togo,30-34,Urbain,Ensemble,267011.0,colonnes
1,22,pays,Togo,30-34,Rural,Hommes,126141.0,colonnes
1,22,pays,Togo,30-34,Rural,Femmes,155376.0,colonnes
1,22,pays,Togo,30-34,Rural,Ensemble,281517.0,colonnes
1,22,pays,Togo,30-34,Total,Hommes,251457.0,colonnes
1,22,pays,Togo,30-34,Total,Femmes,297071.0,colonnes
1,22,pays,Togo,30-34,Total,Ensemble,548528.0,colonnes
1,22,pays,Togo,35-39,Urbain,Hommes,112020.0,colonnes
1,22,pays,Togo,35-39,Urbain,Femmes,120983.0,colonnes
1,22,pays,Togo,35-39,Urbain,Ensemble,233003.0,colonnes
1,22,pays,Togo,35-39,Rural,Hommes,114204.0,colonnes
1,22,pays,Togo,35-39,Rural,Femmes,134059.0,colonnes
1,22,pays,Togo,35-39,Rural,Ensemble,248263.0,colonnes
1,22,pays,Togo,35-39,Total,Hommes,226224.0,colonnes
1,22,pays,Togo,35-39,Total,Femmes,255042.0,colonnes
1,22,pays,Togo,35-39,Total,Ensemble,481266.0,colonnes
1,22,pays,Togo,40-44,Urbain,Hommes,92353.0,colonnes
1,22,pays,Togo,40-44,Urbain,Femmes,92597.0,colonnes
1,22,pays,Togo,40-44,Urbain,Ensemble,184950.0,colonnes
1,22,pays,Togo,40-44,Rural,Hommes,101439.0,colonnes
1,22,pays,Togo,40-44,Rural,Femmes,117385.0,colonnes
1,22,pays,Togo,40-44,Rural,Ensemble,218824.0,colonnes
1,22,pays,Togo,40-44,Total,Hommes,193792.0,colonnes
1,22,pays,Togo,40-44,Total,Femmes,209982.0,colonnes
1,22,pays,Togo,40-44,Total,Ensemble,403774.0,colonnes
1,22,pays,Togo,45-49,Urbain,Hommes,70083.0,colonnes
1,22,pays,Togo,45-49,Urbain,Femmes,68386.0,colonnes
1,22,pays,Togo,45-49,Urbain,Ensemble,138469.0,colonnes
1,22,pays,Togo,45-49,Rural,Hommes,79761.0,colonnes
1,22,pays,Togo,45-49,Rural,Femmes,84605.0,colonnes
1,22,pays,Togo,45-49,Rural,Ensemble,164366.0,colonnes
1,22,pays,Togo,45-49,Total,Hommes,149844.0,colonnes
1,22,pays,Togo,45-49,Total,Femmes,152991.0,colonnes
1,22,pays,Togo,45-49,Total,Ensemble,302835.0,colonnes
1,22,pays,Togo,50-54,Urbain,Hommes,56924.0,colonnes
1,22,pays,Togo,50-54,Urbain,Femmes,57945.0,colonnes
1,22,pays,Togo,50-54,Urbain,Ensemble,114869.0,colonnes
1,22,pays,Togo,50-54,Rural,Hommes,72803.0,colonnes
1,22,pays,Togo,50-54,Rural,Femmes,82591.0,colonnes
1,22,pays,Togo,50-54,Rural,Ensemble,155394.0,colonnes
1,22,pays,Togo,50-54,Total,Hommes,129727.0,colonnes
1,22,pays,Togo,50-54,Total,Femmes,140536.0,colonnes
1,22,pays,Togo,50-54,Total,Ensemble,270263.0,colonnes
1,22,pays,Togo,55-59,Urbain,Hommes,40514.0,colonnes
1,22,pays,Togo,55-59,Urbain,Femmes,41615.0,colonnes
1,22,pays,Togo,55-59,Urbain,Ensemble,82129.0,colonnes
1,22,pays,Togo,55-59,Rural,Hommes,51962.0,colonnes
1,22,pays,Togo,55-59,Rural,Femmes,52486.0,colonnes
1,22,pays,Togo,55-59,Rural,Ensemble,104448.0,colonnes
1,22,pays,Togo,55-59,Total,Hommes,92476.0,colonnes
1,22,pays,Togo,55-59,Total,Femmes,94101.0,colonnes
1,22,pays,Togo,55-59,Total,Ensemble,186577.0,colonnes
1,22,pays,Togo,60-64,Urbain,Hommes,30785.0,colonnes
1,22,pays,Togo,60-64,Urbain,Femmes,34960.0,colonnes
1,22,pays,Togo,60-64,Urbain,Ensemble,65745.0,colonnes
1,22,pays,Togo,60-64,Rural,Hommes,43807.0,colonnes
1,22,pays,Togo,60-64,Rural,Femmes,55082.0,colonnes
1,22,pays,Togo,60-64,Rural,Ensemble,98889.0,colonnes
1,22,pays,Togo,60-64,Total,Hommes,74592.0,colonnes
1,22,pays,Togo,60-64,Total,Femmes,90042.0,colonnes
1,22,pays,Togo,60-64,Total,Ensemble,164634.0,colonnes
1,22,pays,Togo,65-69,Urbain,Hommes,17857.0,colonnes
1,22,pays,Togo,65-69,Urbain,Femmes,21483.0,colonnes
1,22,pays,Togo,65-69,Urbain,Ensemble,39340.0,colonnes
1,22,pays,Togo,65-69,Rural,Hommes,24366.0,colonnes
1,22,pays,Togo,65-69,Rural,Femmes,30802.0,colonnes
1,22,pays,Togo,65-69,Rural,Ensemble,55168.0,colonnes
1,22,pays,Togo,65-69,Total,Hommes,42223.0,colonnes
1,22,pays,Togo,65-69,Total,Femmes,52285.0,colonnes
1,22,pays,Togo,65-69,Total,Ensemble,94508.0,colonnes
1,22,pays,Togo,70-74,Urbain,Hommes,11043.0,colonnes
1,22,pays,Togo,70-74,Urbain,Femmes,15707.0,colonnes
1,22,pays,Togo,70-74,Urbain,Ensemble,26750.0,colonnes
1,22,pays,Togo,70-74,Rural,Hommes,20129.0,colonnes
1,22,pays,Togo,70-74,Rural,Femmes,29710.0,colonnes
1,22,pays,Togo,70-74,Rural,Ensemble,49839.0,colonnes
1,22,pays,Togo,70-74,Total,Hommes,31172.0,colonnes
1,22,pays,Togo,70-74,Total,Femmes,45417.0,colonnes
1,22,pays,Togo,70-74,Total,Ensemble,76589.0,colonnes
1,22,pays,Togo,75-79,Urbain,Hommes,5179.0,colonnes
1,22,pays,Togo,75-79,Urbain,Femmes,8687.0,colonnes
1,22,pays,Togo,75-79,Urbain,Ensemble,13866.0,colonnes
1,22,pays,Togo,75-79,Rural,Hommes,10495.0,colonnes
1,22,pays,Togo,75-79,Rural,Femmes,16162.0,colonnes
1,22,pays,Togo,75-79,Rural,Ensemble,26657.0,colonnes
1,22,pays,Togo,75-79,Total,Hommes,15674.0,colonnes
1,22,pays,Togo,75-79,Total,Femmes,24849.0,colonnes
1,22,pays,Togo,75-79,Total,Ensemble,40523.0,colonnes
1,22,pays,Togo,80-84,Urbain,Hommes,3026.0,colonnes
1,22,pays,Togo,80-84,Urbain,Femmes,7051.0,colonnes
1,22,pays,Togo,80-84,Urbain,Ensemble,10077.0,colonnes
1,22,pays,Togo,80-84,Rural,Hommes,8932.0,colonnes
1,22,pays,Togo,80-84,Rural,Femmes,15964.0,colonnes
1,22,pays,Togo,80-84,Rural,Ensemble,24896.0,colonnes
1,22,pays,Togo,80-84,Total,Hommes,11958.0,colonnes
1,22,pays,Togo,80-84,Total,Femmes,23015.0,colonnes
1,22,pays,Togo,80-84,Total,Ensemble,34973.0,colonnes
1,22,pays,Togo,85 et +,Urbain,Hommes,2724.0,colonnes
1,22,pays,Togo,85 et +,Urbain,Femmes,8257.0,colonnes
1,22,pays,Togo,85 et +,Urbain,Ensemble,10981.0,colonnes
1,22,pays,Togo,85 et +,Rural,Hommes,10094.0,colonnes
1,22,pays,Togo,85 et +,Rural,Femmes,18411.0,colonnes
1,22,pays,Togo,85 et +,Rural,Ensemble,28504.0,colonnes
1,22,pays,Togo,85 et +,Total,Hommes,12818.0,colonnes
1,22,pays,Togo,85 et +,Total,Femmes,26668.0,colonnes
1,22,pays,Togo,85 et +,Total,Ensemble,39485.0,colonnes
1,22,pays,Togo,ND,Urbain,Hommes,6993.0,colonnes
1,22,pays,Togo,ND,Urbain,Femmes,5975.0,colonnes
1,22,pays,Togo,ND,Urbain,Ensemble,12968.0,colonnes
1,22,pays,Togo,ND,Rural,Hommes,5236.0,colonnes
1,22,pays,Togo,ND,Rural,Femmes,5976.0,colonnes
1,22,pays,Togo,ND,Rural,Ensemble,11212.0,colonnes
1,22,pays,Togo,ND,Total,Hommes,12229.0,colonnes
1,22,pays,Togo,ND,Total,Femmes,11951.0,colonnes
1,22,pays,Togo,ND,Total,Ensemble,24180.0,colonnes
1,22,pays,Togo,Total,Urbain,Hommes,1689674.0,colonnes
1,22,pays,Togo,Total,Urbain,Femmes,1784118.0,colonnes
1,22,pays,Togo,Total,Urbain,Ensemble,3473792.0,colonnes
1,22,pays,Togo,Total,Rural,Hommes,2254836.0,colonnes
1,22,pays,Togo,Total,Rural,Femmes,2366870.0,colonnes
1,22,pays,Togo,Total,Rural,Ensemble,4621706.0,colonnes
1,22,pays,Togo,Total,Total,Hommes,3944510.0,colonnes
1,22,pays,Togo,Total,Total,Femmes,4150988.0,colonnes
1,22,pays,Togo,Total,Total,Ensemble,8095498.0,colonnes
2,25,région,Maritime (incluant Grand Lomé),0,Urbain,Hommes,27111.0,colonnes
2,25,région,Maritime (incluant Grand Lomé),0,Urbain,Femmes,26319.0,colonnes
2,25,région,Maritime (incluant Grand Lomé),0,Urbain,Ensemble,53430.0,colonnes
2,25,région,Maritime (incluant Grand Lomé),0,Rural,Hommes,14237.0,colonnes
2,25,région,Maritime (incluant Grand Lomé),0,Rural,Femmes,13979.0,colonnes
2,25,région,Maritime (incluant Grand Lomé),0,Rural,Ensemble,28216.0,colonnes
2,25,région,Maritime (incluant Grand Lomé),0,Total,Hommes,41348.0,colonnes
2,25,région,Maritime (incluant Grand Lomé),0,Total,Femmes,40298.0,colonnes
2,25,région,Maritime (incluant Grand Lomé),0,Total,Ensemble,81646.0,colonnes
2,25,région,Maritime (incluant Grand Lomé),1-4,Urbain,Hommes,112171.0,colonnes
2,25,région,Maritime (incluant Grand Lomé),1-4,Urbain,Femmes,107815.0,colonnes
2,25,région,Maritime (incluant Grand Lomé),1-4,Urbain,Ensemble,219986.0,colonnes
2,25,région,Maritime (incluant Grand Lomé),1-4,Rural,Hommes,64358.0,colonnes
2,25,région,Maritime (incluant Grand Lomé),1-4,Rural,Femmes,61472.0,colonnes
2,25,région,Maritime (incluant Grand Lomé),1-4,Rural,Ensemble,125830.0,colonnes
2,25,région,Maritime (incluant Grand Lomé),1-4,Total,Hommes,176529.0,colonnes
2,25,région,Maritime (incluant Grand Lomé),1-4,Total,Femmes,169287.0,colonnes
2,25,région,Maritime (incluant Grand Lomé),1-4,Total,Ensemble,345816.0,colonnes
2,25,région,Maritime (incluant Grand Lomé),5-9,Urbain,Hommes,140893.0,colonnes
2,25,région,Maritime (incluant Grand Lomé),5-9,Urbain,Femmes,139857.0,colonnes
2,25,région,Maritime (incluant Grand Lomé),5-9,Urbain,Ensemble,280750.0,colonnes
2,25,région,Maritime (incluant Grand Lomé),5-9,Rural,Hommes,90603.0,colonnes
2,25,région,Maritime (incluant Grand Lomé),5-9,Rural,Femmes,85850.0,colonnes
2,25,région,Maritime (incluant Grand Lomé),5-9,Rural,Ensemble,176453.0,colonnes
2,25,région,Maritime (incluant Grand Lomé),5-9,Total,Hommes,231496.0,colonnes
2,25,région,Maritime (incluant Grand Lomé),5-9,Total,Femmes,225707.0,colonnes
2,25,région,Maritime (incluant Grand Lomé),5-9,Total,Ensemble,457203.0,colonnes
2,25,région,Maritime (incluant Grand Lomé),10-14,Urbain,Hommes,129514.0,colonnes
2,25,région,Maritime (incluant Grand Lomé),10-14,Urbain,Femmes,139769.0,colonnes
2,25,région,Maritime (incluant Grand Lomé),10-14,Urbain,Ensemble,269283.0,colonnes
2,25,région,Maritime (incluant Grand Lomé),10-14,Rural,Hommes,85145.0,colonnes
2,25,région,Maritime (incluant Grand Lomé),10-14,Rural,Femmes,78227.0,colonnes
2,25,région,Maritime (incluant Grand Lomé),10-14,Rural,Ensemble,163372.0,colonnes
2,25,région,Maritime (incluant Grand Lomé),10-14,Total,Hommes,214659.0,colonnes
2,25,région,Maritime (incluant Grand Lomé),10-14,Total,Femmes,217996.0,colonnes
2,25,région,Maritime (incluant Grand Lomé),10-14,Total,Ensemble,432655.0,colonnes
2,25,région,Maritime (incluant Grand Lomé),15-19,Urbain,Hommes,120155.0,colonnes
2,25,région,Maritime (incluant Grand Lomé),15-19,Urbain,Femmes,134420.0,colonnes
2,25,région,Maritime (incluant Grand Lomé),15-19,Urbain,Ensemble,254575.0,colonnes
2,25,région,Maritime (incluant Grand Lomé),15-19,Rural,Hommes,57898.0,colonnes
2,25,région,Maritime (incluant Grand Lomé),15-19,Rural,Femmes,56894.0,colonnes
2,25,région,Maritime (incluant Grand Lomé),15-19,Rural,Ensemble,114792.0,colonnes
2,25,région,Maritime (incluant Grand Lomé),15-19,Total,Hommes,178053.0,colonnes
2,25,région,Maritime (incluant Grand Lomé),15-19,Total,Femmes,191314.0,colonnes
2,25,région,Maritime (incluant Grand Lomé),15-19,Total,Ensemble,369367.0,colonnes
2,25,région,Maritime (incluant Grand Lomé),20-24,Urbain,Hommes,112631.0,colonnes
2,25,région,Maritime (incluant Grand Lomé),20-24,Urbain,Femmes,125111.0,colonnes
2,25,région,Maritime (incluant Grand Lomé),20-24,Urbain,Ensemble,237742.0,colonnes
2,25,région,Maritime (incluant Grand Lomé),20-24,Rural,Hommes,32711.0,colonnes
2,25,région,Maritime (incluant Grand Lomé),20-24,Rural,Femmes,42043.0,colonnes
2,25,région,Maritime (incluant Grand Lomé),20-24,Rural,Ensemble,74754.0,colonnes
2,25,région,Maritime (incluant Grand Lomé),20-24,Total,Hommes,145342.0,colonnes
2,25,région,Maritime (incluant Grand Lomé),20-24,Total,Femmes,167154.0,colonnes
2,25,région,Maritime (incluant Grand Lomé),20-24,Total,Ensemble,312496.0,colonnes
2,25,région,Maritime (incluant Grand Lomé),25-29,Urbain,Hommes,94606.0,colonnes
2,25,région,Maritime (incluant Grand Lomé),25-29,Urbain,Femmes,107588.0,colonnes
2,25,région,Maritime (incluant Grand Lomé),25-29,Urbain,Ensemble,202194.0,colonnes
2,25,région,Maritime (incluant Grand Lomé),25-29,Rural,Hommes,26028.0,colonnes
2,25,région,Maritime (incluant Grand Lomé),25-29,Rural,Femmes,37946.0,colonnes
2,25,région,Maritime (incluant Grand Lomé),25-29,Rural,Ensemble,63974.0,colonnes
2,25,région,Maritime (incluant Grand Lomé),25-29,Total,Hommes,120634.0,colonnes
2,25,région,Maritime (incluant Grand Lomé),25-29,Total,Femmes,145534.0,colonnes
2,25,région,Maritime (incluant Grand Lomé),25-29,Total,Ensemble,266168.0,colonnes
2,25,région,Maritime (incluant Grand Lomé),30-34,Urbain,Hommes,90111.0,colonnes
2,25,région,Maritime (incluant Grand Lomé),30-34,Urbain,Femmes,101862.0,colonnes
2,25,région,Maritime (incluant Grand Lomé),30-34,Urbain,Ensemble,191973.0,colonnes
2,25,région,Maritime (incluant Grand Lomé),30-34,Rural,Hommes,30515.0,colonnes
2,25,région,Maritime (incluant Grand Lomé),30-34,Rural,Femmes,41512.0,colonnes
2,25,région,Maritime (incluant Grand Lomé),30-34,Rural,Ensemble,72027.0,colonnes
2,25,région,Maritime (incluant Grand Lomé),30-34,Total,Hommes,120626.0,colonnes
2,25,région,Maritime (incluant Grand Lomé),30-34,Total,Femmes,143374.0,colonnes
2,25,région,Maritime (incluant Grand Lomé),30-34,Total,Ensemble,264000.0,colonnes
2,25,région,Maritime (incluant Grand Lomé),35-39,Urbain,Hommes,80766.0,colonnes
2,25,région,Maritime (incluant Grand Lomé),35-39,Urbain,Femmes,87886.0,colonnes
2,25,région,Maritime (incluant Grand Lomé),35-39,Urbain,Ensemble,168652.0,colonnes
2,25,région,Maritime (incluant Grand Lomé),35-39,Rural,Hommes,31166.0,colonnes
2,25,région,Maritime (incluant Grand Lomé),35-39,Rural,Femmes,37245.0,colonnes
2,25,région,Maritime (incluant Grand Lomé),35-39,Rural,Ensemble,68411.0,colonnes
2,25,région,Maritime (incluant Grand Lomé),35-39,Total,Hommes,111932.0,colonnes
2,25,région,Maritime (incluant Grand Lomé),35-39,Total,Femmes,125131.0,colonnes
2,25,région,Maritime (incluant Grand Lomé),35-39,Total,Ensemble,237063.0,colonnes
2,25,région,Maritime (incluant Grand Lomé),40-44,Urbain,Hommes,67352.0,colonnes
2,25,région,Maritime (incluant Grand Lomé),40-44,Urbain,Femmes,67269.0,colonnes
2,25,région,Maritime (incluant Grand Lomé),40-44,Urbain,Ensemble,134621.0,colonnes
2,25,région,Maritime (incluant Grand Lomé),40-44,Rural,Hommes,29460.0,colonnes
2,25,région,Maritime (incluant Grand Lomé),40-44,Rural,Femmes,32511.0,colonnes
2,25,région,Maritime (incluant Grand Lomé),40-44,Rural,Ensemble,61971.0,colonnes
2,25,région,Maritime (incluant Grand Lomé),40-44,Total,Hommes,96812.0,colonnes
2,25,région,Maritime (incluant Grand Lomé),40-44,Total,Femmes,99780.0,colonnes
2,25,région,Maritime (incluant Grand Lomé),40-44,Total,Ensemble,196592.0,colonnes
2,25,région,Maritime (incluant Grand Lomé),45-49,Urbain,Hommes,50870.0,colonnes
2,25,région,Maritime (incluant Grand Lomé),45-49,Urbain,Femmes,48859.0,colonnes
2,25,région,Maritime (incluant Grand Lomé),45-49,Urbain,Ensemble,99729.0,colonnes
2,25,région,Maritime (incluant Grand Lomé),45-49,Rural,Hommes,23378.0,colonnes
2,25,région,Maritime (incluant Grand Lomé),45-49,Rural,Femmes,24078.0,colonnes
2,25,région,Maritime (incluant Grand Lomé),45-49,Rural,Ensemble,47456.0,colonnes
2,25,région,Maritime (incluant Grand Lomé),45-49,Total,Hommes,74248.0,colonnes
2,25,région,Maritime (incluant Grand Lomé),45-49,Total,Femmes,72937.0,colonnes
2,25,région,Maritime (incluant Grand Lomé),45-49,Total,Ensemble,147185.0,colonnes
2,25,région,Maritime (incluant Grand Lomé),50-54,Urbain,Hommes,40714.0,colonnes
2,25,région,Maritime (incluant Grand Lomé),50-54,Urbain,Femmes,40842.0,colonnes
2,25,région,Maritime (incluant Grand Lomé),50-54,Urbain,Ensemble,81556.0,colonnes
2,25,région,Maritime (incluant Grand Lomé),50-54,Rural,Hommes,20209.0,colonnes
2,25,région,Maritime (incluant Grand Lomé),50-54,Rural,Femmes,22908.0,colonnes
2,25,région,Maritime (incluant Grand Lomé),50-54,Rural,Ensemble,43117.0,colonnes
2,25,région,Maritime (incluant Grand Lomé),50-54,Total,Hommes,60923.0,colonnes
2,25,région,Maritime (incluant Grand Lomé),50-54,Total,Femmes,63750.0,colonnes
2,25,région,Maritime (incluant Grand Lomé),50-54,Total,Ensemble,124673.0,colonnes
2,25,région,Maritime (incluant Grand Lomé),55-59,Urbain,Hommes,28282.0,colonnes
2,25,région,Maritime (incluant Grand Lomé),55-59,Urbain,Femmes,28926.0,colonnes
2,25,région,Maritime (incluant Grand Lomé),55-59,Urbain,Ensemble,57208.0,colonnes
2,25,région,Maritime (incluant Grand Lomé),55-59,Rural,Hommes,13905.0,colonnes
2,25,région,Maritime (incluant Grand Lomé),55-59,Rural,Femmes,14657.0,colonnes
2,25,région,Maritime (incluant Grand Lomé),55-59,Rural,Ensemble,28562.0,colonnes
2,25,région,Maritime (incluant Grand Lomé),55-59,Total,Hommes,42187.0,colonnes
2,25,région,Maritime (incluant Grand Lomé),55-59,Total,Femmes,43583.0,colonnes
2,25,région,Maritime (incluant Grand Lomé),55-59,Total,Ensemble,85770.0,colonnes
2,25,région,Maritime (incluant Grand Lomé),60-64,Urbain,Hommes,21366.0,colonnes
2,25,région,Maritime (incluant Grand Lomé),60-64,Urbain,Femmes,23900.0,colonnes
2,25,région,Maritime (incluant Grand Lomé),60-64,Urbain,Ensemble,45266.0,colonnes
2,25,région,Maritime (incluant Grand Lomé),60-64,Rural,Hommes,12483.0,colonnes
2,25,région,Maritime (incluant Grand Lomé),60-64,Rural,Femmes,16801.0,colonnes
2,25,région,Maritime (incluant Grand Lomé),60-64,Rural,Ensemble,29284.0,colonnes
2,25,région,Maritime (incluant Grand Lomé),60-64,Total,Hommes,33849.0,colonnes
2,25,région,Maritime (incluant Grand Lomé),60-64,Total,Femmes,40701.0,colonnes
2,25,région,Maritime (incluant Grand Lomé),60-64,Total,Ensemble,74550.0,colonnes
2,25,région,Maritime (incluant Grand Lomé),65-69,Urbain,Hommes,12210.0,colonnes
2,25,région,Maritime (incluant Grand Lomé),65-69,Urbain,Femmes,14872.0,colonnes
2,25,région,Maritime (incluant Grand Lomé),65-69,Urbain,Ensemble,27082.0,colonnes
2,25,région,Maritime (incluant Grand Lomé),65-69,Rural,Hommes,7143.0,colonnes
2,25,région,Maritime (incluant Grand Lomé),65-69,Rural,Femmes,9663.0,colonnes
2,25,région,Maritime (incluant Grand Lomé),65-69,Rural,Ensemble,16806.0,colonnes
2,25,région,Maritime (incluant Grand Lomé),65-69,Total,Hommes,19353.0,colonnes
2,25,région,Maritime (incluant Grand Lomé),65-69,Total,Femmes,24535.0,colonnes
2,25,région,Maritime (incluant Grand Lomé),65-69,Total,Ensemble,43888.0,colonnes
2,25,région,Maritime (incluant Grand Lomé),70-74,Urbain,Hommes,7333.0,colonnes
2,25,région,Maritime (incluant Grand Lomé),70-74,Urbain,Femmes,10379.0,colonnes
2,25,région,Maritime (incluant Grand Lomé),70-74,Urbain,Ensemble,17712.0,colonnes
2,25,région,Maritime (incluant Grand Lomé),70-74,Rural,Hommes,5955.0,colonnes
2,25,région,Maritime (incluant Grand Lomé),70-74,Rural,Femmes,9850.0,colonnes
2,25,région,Maritime (incluant Grand Lomé),70-74,Rural,Ensemble,15805.0,colonnes
2,25,région,Maritime (incluant Grand Lomé),70-74,Total,Hommes,13288.0,colonnes
2,25,région,Maritime (incluant Grand Lomé),70-74,Total,Femmes,20229.0,colonnes
2,25,région,Maritime (incluant Grand Lomé),70-74,Total,Ensemble,33517.0,colonnes
2,25,région,Maritime (incluant Grand Lomé),75-79,Urbain,Hommes,3424.0,colonnes
2,25,région,Maritime (incluant Grand Lomé),75-79,Urbain,Femmes,5580.0,colonnes
2,25,région,Maritime (incluant Grand Lomé),75-79,Urbain,Ensemble,9004.0,colonnes
2,25,région,Maritime (incluant Grand Lomé),75-79,Rural,Hommes,2961.0,colonnes
2,25,région,Maritime (incluant Grand Lomé),75-79,Rural,Femmes,5373.0,colonnes
2,25,région,Maritime (incluant Grand Lomé),75-79,Rural,Ensemble,8334.0,colonnes
2,25,région,Maritime (incluant Grand Lomé),75-79,Total,Hommes,6385.0,colonnes
2,25,région,Maritime (incluant Grand Lomé),75-79,Total,Femmes,10953.0,colonnes
2,25,région,Maritime (incluant Grand Lomé),75-79,Total,Ensemble,17338.0,colonnes
2,25,région,Maritime (incluant Grand Lomé),80-84,Urbain,Hommes,1843.0,colonnes
2,25,région,Maritime (incluant Grand Lomé),80-84,Urbain,Femmes,4478.0,colonnes
2,25,région,Maritime (incluant Grand Lomé),80-84,Urbain,Ensemble,6321.0,colonnes
2,25,région,Maritime (incluant Grand Lomé),80-84,Rural,Hommes,2647.0,colonnes
2,25,région,Maritime (incluant Grand Lomé),80-84,Rural,Femmes,6028.0,colonnes
2,25,région,Maritime (incluant Grand Lomé),80-84,Rural,Ensemble,8675.0,colonnes
2,25,région,Maritime (incluant Grand Lomé),80-84,Total,Hommes,4490.0,colonnes
2,25,région,Maritime (incluant Grand Lomé),80-84,Total,Femmes,10506.0,colonnes
2,25,région,Maritime (incluant Grand Lomé),80-84,Total,Ensemble,14996.0,colonnes
2,25,région,Maritime (incluant Grand Lomé),85 et +,Urbain,Hommes,1497.0,colonnes
2,25,région,Maritime (incluant Grand Lomé),85 et +,Urbain,Femmes,5173.0,colonnes
2,25,région,Maritime (incluant Grand Lomé),85 et +,Urbain,Ensemble,6670.0,colonnes
2,25,région,Maritime (incluant Grand Lomé),85 et +,Rural,Hommes,2997.0,colonnes
2,25,région,Maritime (incluant Grand Lomé),85 et +,Rural,Femmes,7588.0,colonnes
2,25,région,Maritime (incluant Grand Lomé),85 et +,Rural,Ensemble,10585.0,colonnes
2,25,région,Maritime (incluant Grand Lomé),85 et +,Total,Hommes,4494.0,colonnes
2,25,région,Maritime (incluant Grand Lomé),85 et +,Total,Femmes,12761.0,colonnes
2,25,région,Maritime (incluant Grand Lomé),85 et +,Total,Ensemble,17255.0,colonnes
2,25,région,Maritime (incluant Grand Lomé),ND,Urbain,Hommes,5432.0,colonnes
2,25,région,Maritime (incluant Grand Lomé),ND,Urbain,Femmes,4468.0,colonnes
2,25,région,Maritime (incluant Grand Lomé),ND,Urbain,Ensemble,9900.0,colonnes
2,25,région,Maritime (incluant Grand Lomé),ND,Rural,Hommes,1300.0,colonnes
2,25,région,Maritime (incluant Grand Lomé),ND,Rural,Femmes,1613.0,colonnes
2,25,région,Maritime (incluant Grand Lomé),ND,Rural,Ensemble,2913.0,colonnes
2,25,région,Maritime (incluant Grand Lomé),ND,Total,Hommes,6732.0,colonnes
2,25,région,Maritime (incluant Grand Lomé),ND,Total,Femmes,6081.0,colonnes
2,25,région,Maritime (incluant Grand Lomé),ND,Total,Ensemble,12813.0,colonnes
2,25,région,Maritime (incluant Grand Lomé),Total,Urbain,Hommes,1148281.0,reconstituée par les sommes du tableau
2,25,région,Maritime (incluant Grand Lomé),Total,Urbain,Femmes,1225373.0,reconstituée par les sommes du tableau
2,25,région,Maritime (incluant Grand Lomé),Total,Urbain,Ensemble,2373654.0,reconstituée par les sommes du tableau
2,25,région,Maritime (incluant Grand Lomé),Total,Rural,Hommes,555099.0,reconstituée par les sommes du tableau
2,25,région,Maritime (incluant Grand Lomé),Total,Rural,Femmes,606238.0,reconstituée par les sommes du tableau
2,25,région,Maritime (incluant Grand Lomé),Total,Rural,Ensemble,1161337.0,reconstituée par les sommes du tableau
2,25,région,Maritime (incluant Grand Lomé),Total,Total,Hommes,1703380.0,reconstituée par les sommes du tableau
2,25,région,Maritime (incluant Grand Lomé),Total,Total,Femmes,1831611.0,reconstituée par les sommes du tableau
2,25,région,Maritime (incluant Grand Lomé),Total,Total,Ensemble,3534991.0,reconstituée par les sommes du tableau
3,26,district,Grand Lomé,0,Urbain,Hommes,24623.0,colonnes
3,26,district,Grand Lomé,0,Urbain,Femmes,23984.0,colonnes
3,26,district,Grand Lomé,0,Urbain,Ensemble,48607.0,colonnes
3,26,district,Grand Lomé,0,Rural,Hommes,,colonnes
3,26,district,Grand Lomé,0,Rural,Femmes,,colonnes
3,26,district,Grand Lomé,0,Rural,Ensemble,,colonnes
3,26,district,Grand Lomé,0,Total,Hommes,24623.0,colonnes
3,26,district,Grand Lomé,0,Total,Femmes,23984.0,colonnes
3,26,district,Grand Lomé,0,Total,Ensemble,48607.0,colonnes
3,26,district,Grand Lomé,1-4,Urbain,Hommes,102360.0,colonnes
3,26,district,Grand Lomé,1-4,Urbain,Femmes,98127.0,colonnes
3,26,district,Grand Lomé,1-4,Urbain,Ensemble,200487.0,colonnes
3,26,district,Grand Lomé,1-4,Rural,Hommes,,colonnes
3,26,district,Grand Lomé,1-4,Rural,Femmes,,colonnes
3,26,district,Grand Lomé,1-4,Rural,Ensemble,,colonnes
3,26,district,Grand Lomé,1-4,Total,Hommes,102360.0,colonnes
3,26,district,Grand Lomé,1-4,Total,Femmes,98127.0,colonnes
3,26,district,Grand Lomé,1-4,Total,Ensemble,200487.0,colonnes
3,26,district,Grand Lomé,5-9,Urbain,Hommes,127977.0,colonnes
3,26,district,Grand Lomé,5-9,Urbain,Femmes,126993.0,colonnes
3,26,district,Grand Lomé,5-9,Urbain,Ensemble,254970.0,colonnes
3,26,district,Grand Lomé,5-9,Rural,Hommes,,colonnes
3,26,district,Grand Lomé,5-9,Rural,Femmes,,colonnes
3,26,district,Grand Lomé,5-9,Rural,Ensemble,,colonnes
3,26,district,Grand Lomé,5-9,Total,Hommes,127977.0,colonnes
3,26,district,Grand Lomé,5-9,Total,Femmes,126993.0,colonnes
3,26,district,Grand Lomé,5-9,Total,Ensemble,254970.0,colonnes
3,26,district,Grand Lomé,10-14,Urbain,Hommes,117699.0,colonnes
3,26,district,Grand Lomé,10-14,Urbain,Femmes,127552.0,colonnes
3,26,district,Grand Lomé,10-14,Urbain,Ensemble,245251.0,colonnes
3,26,district,Grand Lomé,10-14,Rural,Hommes,,colonnes
3,26,district,Grand Lomé,10-14,Rural,Femmes,,colonnes
3,26,district,Grand Lomé,10-14,Rural,Ensemble,,colonnes
3,26,district,Grand Lomé,10-14,Total,Hommes,117699.0,colonnes
3,26,district,Grand Lomé,10-14,Total,Femmes,127552.0,colonnes
3,26,district,Grand Lomé,10-14,Total,Ensemble,245251.0,colonnes
3,26,district,Grand Lomé,15-19,Urbain,Hommes,110343.0,colonnes
3,26,district,Grand Lomé,15-19,Urbain,Femmes,124167.0,colonnes
3,26,district,Grand Lomé,15-19,Urbain,Ensemble,234510.0,colonnes
3,26,district,Grand Lomé,15-19,Rural,Hommes,,colonnes
3,26,district,Grand Lomé,15-19,Rural,Femmes,,colonnes
3,26,district,Grand Lomé,15-19,Rural,Ensemble,,colonnes
3,26,district,Grand Lomé,15-19,Total,Hommes,110343.0,colonnes
3,26,district,Grand Lomé,15-19,Total,Femmes,124167.0,colonnes
3,26,district,Grand Lomé,15-19,Total,Ensemble,234510.0,colonnes
3,26,district,Grand Lomé,20-24,Urbain,Hommes,106368.0,colonnes
3,26,district,Grand Lomé,20-24,Urbain,Femmes,117185.0,colonnes
3,26,district,Grand Lomé,20-24,Urbain,Ensemble,223553.0,colonnes
3,26,district,Grand Lomé,20-24,Rural,Hommes,,colonnes
3,26,district,Grand Lomé,20-24,Rural,Femmes,,colonnes
3,26,district,Grand Lomé,20-24,Rural,Ensemble,,colonnes
3,26,district,Grand Lomé,20-24,Total,Hommes,106368.0,colonnes
3,26,district,Grand Lomé,20-24,Total,Femmes,117185.0,colonnes
3,26,district,Grand Lomé,20-24,Total,Ensemble,223553.0,colonnes
3,26,district,Grand Lomé,25-29,Urbain,Hommes,89477.0,colonnes
3,26,district,Grand Lomé,25-29,Urbain,Femmes,100420.0,colonnes
3,26,district,Grand Lomé,25-29,Urbain,Ensemble,189897.0,colonnes
3,26,district,Grand Lomé,25-29,Rural,Hommes,,colonnes
3,26,district,Grand Lomé,25-29,Rural,Femmes,,colonnes
3,26,district,Grand Lomé,25-29,Rural,Ensemble,,colonnes
3,26,district,Grand Lomé,25-29,Total,Hommes,89477.0,colonnes
3,26,district,Grand Lomé,25-29,Total,Femmes,100420.0,colonnes
3,26,district,Grand Lomé,25-29,Total,Ensemble,189897.0,colonnes
3,26,district,Grand Lomé,30-34,Urbain,Hommes,84400.0,colonnes
3,26,district,Grand Lomé,30-34,Urbain,Femmes,94597.0,colonnes
3,26,district,Grand Lomé,30-34,Urbain,Ensemble,178997.0,colonnes
3,26,district,Grand Lomé,30-34,Rural,Hommes,,colonnes
3,26,district,Grand Lomé,30-34,Rural,Femmes,,colonnes
3,26,district,Grand Lomé,30-34,Rural,Ensemble,,colonnes
3,26,district,Grand Lomé,30-34,Total,Hommes,84400.0,colonnes
3,26,district,Grand Lomé,30-34,Total,Femmes,94597.0,colonnes
3,26,district,Grand Lomé,30-34,Total,Ensemble,178997.0,colonnes
3,26,district,Grand Lomé,35-39,Urbain,Hommes,75280.0,colonnes
3,26,district,Grand Lomé,35-39,Urbain,Femmes,81613.0,colonnes
3,26,district,Grand Lomé,35-39,Urbain,Ensemble,156893.0,colonnes
3,26,district,Grand Lomé,35-39,Rural,Hommes,,colonnes
3,26,district,Grand Lomé,35-39,Rural,Femmes,,colonnes
3,26,district,Grand Lomé,35-39,Rural,Ensemble,,colonnes
3,26,district,Grand Lomé,35-39,Total,Hommes,75280.0,colonnes
3,26,district,Grand Lomé,35-39,Total,Femmes,81613.0,colonnes
3,26,district,Grand Lomé,35-39,Total,Ensemble,156893.0,colonnes
3,26,district,Grand Lomé,40-44,Urbain,Hommes,62753.0,colonnes
3,26,district,Grand Lomé,40-44,Urbain,Femmes,62316.0,colonnes
3,26,district,Grand Lomé,40-44,Urbain,Ensemble,125069.0,colonnes
3,26,district,Grand Lomé,40-44,Rural,Hommes,,colonnes
3,26,district,Grand Lomé,40-44,Rural,Femmes,,colonnes
3,26,district,Grand Lomé,40-44,Rural,Ensemble,,colonnes
3,26,district,Grand Lomé,40-44,Total,Hommes,62753.0,colonnes
3,26,district,Grand Lomé,40-44,Total,Femmes,62316.0,colonnes
3,26,district,Grand Lomé,40-44,Total,Ensemble,125069.0,colonnes
3,26,district,Grand Lomé,45-49,Urbain,Hommes,47072.0,colonnes
3,26,district,Grand Lomé,45-49,Urbain,Femmes,45099.0,colonnes
3,26,district,Grand Lomé,45-49,Urbain,Ensemble,92171.0,colonnes
3,26,district,Grand Lomé,45-49,Rural,Hommes,,colonnes
3,26,district,Grand Lomé,45-49,Rural,Femmes,,colonnes
3,26,district,Grand Lomé,45-49,Rural,Ensemble,,colonnes
3,26,district,Grand Lomé,45-49,Total,Hommes,47072.0,colonnes
3,26,district,Grand Lomé,45-49,Total,Femmes,45099.0,colonnes
3,26,district,Grand Lomé,45-49,Total,Ensemble,92171.0,colonnes
3,26,district,Grand Lomé,50-54,Urbain,Hommes,37678.0,colonnes
3,26,district,Grand Lomé,50-54,Urbain,Femmes,37540.0,colonnes
3,26,district,Grand Lomé,50-54,Urbain,Ensemble,75218.0,colonnes
3,26,district,Grand Lomé,50-54,Rural,Hommes,,colonnes
3,26,district,Grand Lomé,50-54,Rural,Femmes,,colonnes
3,26,district,Grand Lomé,50-54,Rural,Ensemble,,colonnes
3,26,district,Grand Lomé,50-54,Total,Hommes,37678.0,colonnes
3,26,district,Grand Lomé,50-54,Total,Femmes,37540.0,colonnes
3,26,district,Grand Lomé,50-54,Total,Ensemble,75218.0,colonnes
3,26,district,Grand Lomé,55-59,Urbain,Hommes,26105.0,colonnes
3,26,district,Grand Lomé,55-59,Urbain,Femmes,26619.0,colonnes
3,26,district,Grand Lomé,55-59,Urbain,Ensemble,52724.0,colonnes
3,26,district,Grand Lomé,55-59,Rural,Hommes,,colonnes
3,26,district,Grand Lomé,55-59,Rural,Femmes,,colonnes
3,26,district,Grand Lomé,55-59,Rural,Ensemble,,colonnes
3,26,district,Grand Lomé,55-59,Total,Hommes,26105.0,colonnes
3,26,district,Grand Lomé,55-59,Total,Femmes,26619.0,colonnes
3,26,district,Grand Lomé,55-59,Total,Ensemble,52724.0,colonnes
3,26,district,Grand Lomé,60-64,Urbain,Hommes,19540.0,colonnes
3,26,district,Grand Lomé,60-64,Urbain,Femmes,21683.0,colonnes
3,26,district,Grand Lomé,60-64,Urbain,Ensemble,41223.0,colonnes
3,26,district,Grand Lomé,60-64,Rural,Hommes,,colonnes
3,26,district,Grand Lomé,60-64,Rural,Femmes,,colonnes
3,26,district,Grand Lomé,60-64,Rural,Ensemble,,colonnes
3,26,district,Grand Lomé,60-64,Total,Hommes,19540.0,colonnes
3,26,district,Grand Lomé,60-64,Total,Femmes,21683.0,colonnes
3,26,district,Grand Lomé,60-64,Total,Ensemble,41223.0,colonnes
3,26,district,Grand Lomé,65-69,Urbain,Hommes,11168.0,colonnes
3,26,district,Grand Lomé,65-69,Urbain,Femmes,13563.0,colonnes
3,26,district,Grand Lomé,65-69,Urbain,Ensemble,24731.0,colonnes
3,26,district,Grand Lomé,65-69,Rural,Hommes,,colonnes
3,26,district,Grand Lomé,65-69,Rural,Femmes,,colonnes
3,26,district,Grand Lomé,65-69,Rural,Ensemble,,colonnes
3,26,district,Grand Lomé,65-69,Total,Hommes,11168.0,colonnes
3,26,district,Grand Lomé,65-69,Total,Femmes,13563.0,colonnes
3,26,district,Grand Lomé,65-69,Total,Ensemble,24731.0,colonnes
3,26,district,Grand Lomé,70-74,Urbain,Hommes,6623.0,colonnes
3,26,district,Grand Lomé,70-74,Urbain,Femmes,9188.0,colonnes
3,26,district,Grand Lomé,70-74,Urbain,Ensemble,15811.0,colonnes
3,26,district,Grand Lomé,70-74,Rural,Hommes,,colonnes
3,26,district,Grand Lomé,70-74,Rural,Femmes,,colonnes
3,26,district,Grand Lomé,70-74,Rural,Ensemble,,colonnes
3,26,district,Grand Lomé,70-74,Total,Hommes,6623.0,colonnes
3,26,district,Grand Lomé,70-74,Total,Femmes,9188.0,colonnes
3,26,district,Grand Lomé,70-74,Total,Ensemble,15811.0,colonnes
3,26,district,Grand Lomé,75-79,Urbain,Hommes,3097.0,colonnes
3,26,district,Grand Lomé,75-79,Urbain,Femmes,4947.0,colonnes
3,26,district,Grand Lomé,75-79,Urbain,Ensemble,8044.0,colonnes
3,26,district,Grand Lomé,75-79,Rural,Hommes,,colonnes
3,26,district,Grand Lomé,75-79,Rural,Femmes,,colonnes
3,26,district,Grand Lomé,75-79,Rural,Ensemble,,colonnes
3,26,district,Grand Lomé,75-79,Total,Hommes,3097.0,colonnes
3,26,district,Grand Lomé,75-79,Total,Femmes,4947.0,colonnes
3,26,district,Grand Lomé,75-79,Total,Ensemble,8044.0,colonnes
3,26,district,Grand Lomé,80-84,Urbain,Hommes,1590.0,colonnes
3,26,district,Grand Lomé,80-84,Urbain,Femmes,3878.0,colonnes
3,26,district,Grand Lomé,80-84,Urbain,Ensemble,5468.0,colonnes
3,26,district,Grand Lomé,80-84,Rural,Hommes,,colonnes
3,26,district,Grand Lomé,80-84,Rural,Femmes,,colonnes
3,26,district,Grand Lomé,80-84,Rural,Ensemble,,colonnes
3,26,district,Grand Lomé,80-84,Total,Hommes,1590.0,colonnes
3,26,district,Grand Lomé,80-84,Total,Femmes,3878.0,colonnes
3,26,district,Grand Lomé,80-84,Total,Ensemble,5468.0,colonnes
3,26,district,Grand Lomé,85 et +,Urbain,Hommes,1278.0,colonnes
3,26,district,Grand Lomé,85 et +,Urbain,Femmes,4397.0,colonnes
3,26,district,Grand Lomé,85 et +,Urbain,Ensemble,5675.0,colonnes
3,26,district,Grand Lomé,85 et +,Rural,Hommes,,colonnes
3,26,district,Grand Lomé,85 et +,Rural,Femmes,,colonnes
3,26,district,Grand Lomé,85 et +,Rural,Ensemble,,colonnes
3,26,district,Grand Lomé,85 et +,Total,Hommes,1278.0,colonnes
3,26,district,Grand Lomé,85 et +,Total,Femmes,4397.0,colonnes
3,26,district,Grand Lomé,85 et +,Total,Ensemble,5675.0,colonnes
3,26,district,Grand Lomé,ND,Urbain,Hommes,5073.0,colonnes
3,26,district,Grand Lomé,ND,Urbain,Femmes,4004.0,colonnes
3,26,district,Grand Lomé,ND,Urbain,Ensemble,9077.0,colonnes
3,26,district,Grand Lomé,ND,Rural,Hommes,,colonnes
3,26,district,Grand Lomé,ND,Rural,Femmes,,colonnes
3,26,district,Grand Lomé,ND,Rural,Ensemble,,colonnes
3,26,district,Grand Lomé,ND,Total,Hommes,5073.0,colonnes
3,26,district,Grand Lomé,ND,Total,Femmes,4004.0,colonnes
3,26,district,Grand Lomé,ND,Total,Ensemble,9077.0,colonnes
3,26,district,Grand Lomé,Total,Urbain,Hommes,1060504.0,colonnes
3,26,district,Grand Lomé,Total,Urbain,Femmes,1127872.0,colonnes
3,26,district,Grand Lomé,Total,Urbain,Ensemble,2188376.0,colonnes
3,26,district,Grand Lomé,Total,Rural,Hommes,,colonnes
3,26,district,Grand Lomé,Total,Rural,Femmes,,colonnes
3,26,district,Grand Lomé,Total,Rural,Ensemble,,colonnes
3,26,district,Grand Lomé,Total,Total,Hommes,1060504.0,colonnes
3,26,district,Grand Lomé,Total,Total,Femmes,1127872.0,colonnes
3,26,district,Grand Lomé,Total,Total,Ensemble,2188376.0,colonnes
4,27,région,Maritime sans Grand Lomé,0,Urbain,Hommes,2488.0,colonnes
4,27,région,Maritime sans Grand Lomé,0,Urbain,Femmes,2335.0,colonnes
4,27,région,Maritime sans Grand Lomé,0,Urbain,Ensemble,4823.0,colonnes
4,27,région,Maritime sans Grand Lomé,0,Rural,Hommes,14237.0,colonnes
4,27,région,Maritime sans Grand Lomé,0,Rural,Femmes,13979.0,colonnes
4,27,région,Maritime sans Grand Lomé,0,Rural,Ensemble,28216.0,colonnes
4,27,région,Maritime sans Grand Lomé,0,Total,Hommes,16725.0,colonnes
4,27,région,Maritime sans Grand Lomé,0,Total,Femmes,16314.0,colonnes
4,27,région,Maritime sans Grand Lomé,0,Total,Ensemble,33039.0,colonnes
4,27,région,Maritime sans Grand Lomé,1-4,Urbain,Hommes,9811.0,colonnes
4,27,région,Maritime sans Grand Lomé,1-4,Urbain,Femmes,9688.0,colonnes
4,27,région,Maritime sans Grand Lomé,1-4,Urbain,Ensemble,19499.0,colonnes
4,27,région,Maritime sans Grand Lomé,1-4,Rural,Hommes,64358.0,colonnes
4,27,région,Maritime sans Grand Lomé,1-4,Rural,Femmes,61472.0,colonnes
4,27,région,Maritime sans Grand Lomé,1-4,Rural,Ensemble,125830.0,colonnes
4,27,région,Maritime sans Grand Lomé,1-4,Total,Hommes,74169.0,colonnes
4,27,région,Maritime sans Grand Lomé,1-4,Total,Femmes,71160.0,colonnes
4,27,région,Maritime sans Grand Lomé,1-4,Total,Ensemble,145329.0,colonnes
4,27,région,Maritime sans Grand Lomé,5-9,Urbain,Hommes,12916.0,colonnes
4,27,région,Maritime sans Grand Lomé,5-9,Urbain,Femmes,12864.0,colonnes
4,27,région,Maritime sans Grand Lomé,5-9,Urbain,Ensemble,25780.0,colonnes
4,27,région,Maritime sans Grand Lomé,5-9,Rural,Hommes,90603.0,colonnes
4,27,région,Maritime sans Grand Lomé,5-9,Rural,Femmes,85850.0,colonnes
4,27,région,Maritime sans Grand Lomé,5-9,Rural,Ensemble,176453.0,colonnes
4,27,région,Maritime sans Grand Lomé,5-9,Total,Hommes,103519.0,colonnes
4,27,région,Maritime sans Grand Lomé,5-9,Total,Femmes,98714.0,colonnes
4,27,région,Maritime sans Grand Lomé,5-9,Total,Ensemble,202233.0,colonnes
4,27,région,Maritime sans Grand Lomé,10-14,Urbain,Hommes,11815.0,colonnes
4,27,région,Maritime sans Grand Lomé,10-14,Urbain,Femmes,12217.0,colonnes
4,27,région,Maritime sans Grand Lomé,10-14,Urbain,Ensemble,24032.0,colonnes
4,27,région,Maritime sans Grand Lomé,10-14,Rural,Hommes,85145.0,colonnes
4,27,région,Maritime sans Grand Lomé,10-14,Rural,Femmes,78227.0,colonnes
4,27,région,Maritime sans Grand Lomé,10-14,Rural,Ensemble,163372.0,colonnes
4,27,région,Maritime sans Grand Lomé,10-14,Total,Hommes,96960.0,colonnes
4,27,région,Maritime sans Grand Lomé,10-14,Total,Femmes,90444.0,colonnes
4,27,région,Maritime sans Grand Lomé,10-14,Total,Ensemble,187404.0,colonnes
4,27,région,Maritime sans Grand Lomé,15-19,Urbain,Hommes,9812.0,colonnes
4,27,région,Maritime sans Grand Lomé,15-19,Urbain,Femmes,10253.0,colonnes
4,27,région,Maritime sans Grand Lomé,15-19,Urbain,Ensemble,20065.0,colonnes
4,27,région,Maritime sans Grand Lomé,15-19,Rural,Hommes,57898.0,colonnes
4,27,région,Maritime sans Grand Lomé,15-19,Rural,Femmes,56894.0,colonnes
4,27,région,Maritime sans Grand Lomé,15-19,Rural,Ensemble,114792.0,colonnes
4,27,région,Maritime sans Grand Lomé,15-19,Total,Hommes,67710.0,colonnes
4,27,région,Maritime sans Grand Lomé,15-19,Total,Femmes,67147.0,colonnes
4,27,région,Maritime sans Grand Lomé,15-19,Total,Ensemble,134857.0,colonnes
4,27,région,Maritime sans Grand Lomé,20-24,Urbain,Hommes,6263.0,colonnes
4,27,région,Maritime sans Grand Lomé,20-24,Urbain,Femmes,7926.0,colonnes
4,27,région,Maritime sans Grand Lomé,20-24,Urbain,Ensemble,14189.0,colonnes
4,27,région,Maritime sans Grand Lomé,20-24,Rural,Hommes,32711.0,colonnes
4,27,région,Maritime sans Grand Lomé,20-24,Rural,Femmes,42043.0,colonnes
4,27,région,Maritime sans Grand Lomé,20-24,Rural,Ensemble,74754.0,colonnes
4,27,région,Maritime sans Grand Lomé,20-24,Total,Hommes,38974.0,colonnes
4,27,région,Maritime sans Grand Lomé,20-24,Total,Femmes,49969.0,colonnes
4,27,région,Maritime sans Grand Lomé,20-24,Total,Ensemble,88943.0,colonnes
4,27,région,Maritime sans Grand Lomé,25-29,Urbain,Hommes,5129.0,colonnes
4,27,région,Maritime sans Grand Lomé,25-29,Urbain,Femmes,7168.0,colonnes
4,27,région,Maritime sans Grand Lomé,25-29,Urbain,Ensemble,12297.0,colonnes
4,27,région,Maritime sans Grand Lomé,25-29,Rural,Hommes,26028.0,colonnes
4,27,région,Maritime sans Grand Lomé,25-29,Rural,Femmes,37946.0,colonnes
4,27,région,Maritime sans Grand Lomé,25-29,Rural,Ensemble,63974.0,colonnes
4,27,région,Maritime sans Grand Lomé,25-29,Total,Hommes,31157.0,colonnes
4,27,région,Maritime sans Grand Lomé,25-29,Total,Femmes,45114.0,colonnes
4,27,région,Maritime sans Grand Lomé,25-29,Total,Ensemble,76271.0,colonnes
4,27,région,Maritime sans Grand Lomé,30-34,Urbain,Hommes,5711.0,colonnes
4,27,région,Maritime sans Grand Lomé,30-34,Urbain,Femmes,7265.0,colonnes
4,27,région,Maritime sans Grand Lomé,30-34,Urbain,Ensemble,12976.0,colonnes
4,27,région,Maritime sans Grand Lomé,30-34,Rural,Hommes,30515.0,colonnes
4,27,région,Maritime sans Grand Lomé,30-34,Rural,Femmes,41512.0,colonnes
4,27,région,Maritime sans Grand Lomé,30-34,Rural,Ensemble,72027.0,colonnes
4,27,région,Maritime sans Grand Lomé,30-34,Total,Hommes,36226.0,colonnes
4,27,région,Maritime sans Grand Lomé,30-34,Total,Femmes,48777.0,colonnes
4,27,région,Maritime sans Grand Lomé,30-34,Total,Ensemble,85003.0,colonnes
4,27,région,Maritime sans Grand Lomé,35-39,Urbain,Hommes,5486.0,colonnes
4,27,région,Maritime sans Grand Lomé,35-39,Urbain,Femmes,6273.0,colonnes
4,27,région,Maritime sans Grand Lomé,35-39,Urbain,Ensemble,11759.0,colonnes
4,27,région,Maritime sans Grand Lomé,35-39,Rural,Hommes,31166.0,colonnes
4,27,région,Maritime sans Grand Lomé,35-39,Rural,Femmes,37245.0,colonnes
4,27,région,Maritime sans Grand Lomé,35-39,Rural,Ensemble,68411.0,colonnes
4,27,région,Maritime sans Grand Lomé,35-39,Total,Hommes,36652.0,colonnes
4,27,région,Maritime sans Grand Lomé,35-39,Total,Femmes,43518.0,colonnes
4,27,région,Maritime sans Grand Lomé,35-39,Total,Ensemble,80170.0,colonnes
4,27,région,Maritime sans Grand Lomé,40-44,Urbain,Hommes,4599.0,colonnes
4,27,région,Maritime sans Grand Lomé,40-44,Urbain,Femmes,4953.0,colonnes
4,27,région,Maritime sans Grand Lomé,40-44,Urbain,Ensemble,9552.0,colonnes
4,27,région,Maritime sans Grand Lomé,40-44,Rural,Hommes,29460.0,colonnes
4,27,région,Maritime sans Grand Lomé,40-44,Rural,Femmes,32511.0,colonnes
4,27,région,Maritime sans Grand Lomé,40-44,Rural,Ensemble,61971.0,colonnes
4,27,région,Maritime sans Grand Lomé,40-44,Total,Hommes,34059.0,colonnes
4,27,région,Maritime sans Grand Lomé,40-44,Total,Femmes,37464.0,colonnes
4,27,région,Maritime sans Grand Lomé,40-44,Total,Ensemble,71523.0,colonnes
4,27,région,Maritime sans Grand Lomé,45-49,Urbain,Hommes,3798.0,colonnes
4,27,région,Maritime sans Grand Lomé,45-49,Urbain,Femmes,3760.0,colonnes
4,27,région,Maritime sans Grand Lomé,45-49,Urbain,Ensemble,7558.0,colonnes
4,27,région,Maritime sans Grand Lomé,45-49,Rural,Hommes,23378.0,colonnes
4,27,région,Maritime sans Grand Lomé,45-49,Rural,Femmes,24078.0,colonnes
4,27,région,Maritime sans Grand Lomé,45-49,Rural,Ensemble,47456.0,colonnes
4,27,région,Maritime sans Grand Lomé,45-49,Total,Hommes,27176.0,colonnes
4,27,région,Maritime sans Grand Lomé,45-49,Total,Femmes,27838.0,colonnes
4,27,région,Maritime sans Grand Lomé,45-49,Total,Ensemble,55014.0,colonnes
4,27,région,Maritime sans Grand Lomé,50-54,Urbain,Hommes,3036.0,colonnes
4,27,région,Maritime sans Grand Lomé,50-54,Urbain,Femmes,3302.0,colonnes
4,27,région,Maritime sans Grand Lomé,50-54,Urbain,Ensemble,6338.0,colonnes
4,27,région,Maritime sans Grand Lomé,50-54,Rural,Hommes,20209.0,colonnes
4,27,région,Maritime sans Grand Lomé,50-54,Rural,Femmes,22908.0,colonnes
4,27,région,Maritime sans Grand Lomé,50-54,Rural,Ensemble,43117.0,colonnes
4,27,région,Maritime sans Grand Lomé,50-54,Total,Hommes,23245.0,colonnes
4,27,région,Maritime sans Grand Lomé,50-54,Total,Femmes,26210.0,colonnes
4,27,région,Maritime sans Grand Lomé,50-54,Total,Ensemble,49455.0,colonnes
4,27,région,Maritime sans Grand Lomé,55-59,Urbain,Hommes,2177.0,colonnes
4,27,région,Maritime sans Grand Lomé,55-59,Urbain,Femmes,2307.0,colonnes
4,27,région,Maritime sans Grand Lomé,55-59,Urbain,Ensemble,4484.0,colonnes
4,27,région,Maritime sans Grand Lomé,55-59,Rural,Hommes,13905.0,colonnes
4,27,région,Maritime sans Grand Lomé,55-59,Rural,Femmes,14657.0,colonnes
4,27,région,Maritime sans Grand Lomé,55-59,Rural,Ensemble,28562.0,colonnes
4,27,région,Maritime sans Grand Lomé,55-59,Total,Hommes,16082.0,colonnes
4,27,région,Maritime sans Grand Lomé,55-59,Total,Femmes,16964.0,colonnes
4,27,région,Maritime sans Grand Lomé,55-59,Total,Ensemble,33046.0,colonnes
4,27,région,Maritime sans Grand Lomé,60-64,Urbain,Hommes,1826.0,colonnes
4,27,région,Maritime sans Grand Lomé,60-64,Urbain,Femmes,2217.0,colonnes
4,27,région,Maritime sans Grand Lomé,60-64,Urbain,Ensemble,4043.0,colonnes
4,27,région,Maritime sans Grand Lomé,60-64,Rural,Hommes,12483.0,colonnes
4,27,région,Maritime sans Grand Lomé,60-64,Rural,Femmes,16801.0,colonnes
4,27,région,Maritime sans Grand Lomé,60-64,Rural,Ensemble,29284.0,colonnes
4,27,région,Maritime sans Grand Lomé,60-64,Total,Hommes,14309.0,colonnes
4,27,région,Maritime sans Grand Lomé,60-64,Total,Femmes,19018.0,colonnes
4,27,région,Maritime sans Grand Lomé,60-64,Total,Ensemble,33327.0,colonnes
4,27,région,Maritime sans Grand Lomé,65-69,Urbain,Hommes,1042.0,colonnes
4,27,région,Maritime sans Grand Lomé,65-69,Urbain,Femmes,1309.0,colonnes
4,27,région,Maritime sans Grand Lomé,65-69,Urbain,Ensemble,2351.0,colonnes
4,27,région,Maritime sans Grand Lomé,65-69,Rural,Hommes,7143.0,colonnes
4,27,région,Maritime sans Grand Lomé,65-69,Rural,Femmes,9663.0,colonnes
4,27,région,Maritime sans Grand Lomé,65-69,Rural,Ensemble,16806.0,colonnes
4,27,région,Maritime sans Grand Lomé,65-69,Total,Hommes,8185.0,colonnes
4,27,région,Maritime sans Grand Lomé,65-69,Total,Femmes,10972.0,colonnes
4,27,région,Maritime sans Grand Lomé,65-69,Total,Ensemble,19157.0,colonnes
4,27,région,Maritime sans Grand Lomé,70-74,Urbain,Hommes,710.0,colonnes
4,27,région,Maritime sans Grand Lomé,70-74,Urbain,Femmes,1191.0,colonnes
4,27,région,Maritime sans Grand Lomé,70-74,Urbain,Ensemble,1901.0,colonnes
4,27,région,Maritime sans Grand Lomé,70-74,Rural,Hommes,5955.0,colonnes
4,27,région,Maritime sans Grand Lomé,70-74,Rural,Femmes,9850.0,colonnes
4,27,région,Maritime sans Grand Lomé,70-74,Rural,Ensemble,15805.0,colonnes
4,27,région,Maritime sans Grand Lomé,70-74,Total,Hommes,6665.0,colonnes
4,27,région,Maritime sans Grand Lomé,70-74,Total,Femmes,11041.0,colonnes
4,27,région,Maritime sans Grand Lomé,70-74,Total,Ensemble,17706.0,colonnes
4,27,région,Maritime sans Grand Lomé,75-79,Urbain,Hommes,327.0,colonnes
4,27,région,Maritime sans Grand Lomé,75-79,Urbain,Femmes,633.0,colonnes
4,27,région,Maritime sans Grand Lomé,75-79,Urbain,Ensemble,960.0,colonnes
4,27,région,Maritime sans Grand Lomé,75-79,Rural,Hommes,2961.0,colonnes
4,27,région,Maritime sans Grand Lomé,75-79,Rural,Femmes,5373.0,colonnes
4,27,région,Maritime sans Grand Lomé,75-79,Rural,Ensemble,8334.0,colonnes
4,27,région,Maritime sans Grand Lomé,75-79,Total,Hommes,3288.0,colonnes
4,27,région,Maritime sans Grand Lomé,75-79,Total,Femmes,6006.0,colonnes
4,27,région,Maritime sans Grand Lomé,75-79,Total,Ensemble,9294.0,colonnes
4,27,région,Maritime sans Grand Lomé,80-84,Urbain,Hommes,253.0,colonnes
4,27,région,Maritime sans Grand Lomé,80-84,Urbain,Femmes,600.0,colonnes
4,27,région,Maritime sans Grand Lomé,80-84,Urbain,Ensemble,853.0,colonnes
4,27,région,Maritime sans Grand Lomé,80-84,Rural,Hommes,2647.0,colonnes
4,27,région,Maritime sans Grand Lomé,80-84,Rural,Femmes,6028.0,colonnes
4,27,région,Maritime sans Grand Lomé,80-84,Rural,Ensemble,8675.0,colonnes
4,27,région,Maritime sans Grand Lomé,80-84,Total,Hommes,2900.0,colonnes
4,27,région,Maritime sans Grand Lomé,80-84,Total,Femmes,6628.0,colonnes
4,27,région,Maritime sans Grand Lomé,80-84,Total,Ensemble,9528.0,colonnes
4,27,région,Maritime sans Grand Lomé,85 et +,Urbain,Hommes,219.0,colonnes
4,27,région,Maritime sans Grand Lomé,85 et +,Urbain,Femmes,776.0,colonnes
4,27,région,Maritime sans Grand Lomé,85 et +,Urbain,Ensemble,995.0,colonnes
4,27,région,Maritime sans Grand Lomé,85 et +,Rural,Hommes,2997.0,colonnes
4,27,région,Maritime sans Grand Lomé,85 et +,Rural,Femmes,7588.0,colonnes
4,27,région,Maritime sans Grand Lomé,85 et +,Rural,Ensemble,10585.0,colonnes
4,27,région,Maritime sans Grand Lomé,85 et +,Total,Hommes,3216.0,colonnes
4,27,région,Maritime sans Grand Lomé,85 et +,Total,Femmes,8364.0,colonnes
4,27,région,Maritime sans Grand Lomé,85 et +,Total,Ensemble,11580.0,colonnes
4,27,région,Maritime sans Grand Lomé,ND,Urbain,Hommes,359.0,colonnes
4,27,région,Maritime sans Grand Lomé,ND,Urbain,Femmes,464.0,colonnes
4,27,région,Maritime sans Grand Lomé,ND,Urbain,Ensemble,823.0,colonnes
4,27,région,Maritime sans Grand Lomé,ND,Rural,Hommes,1300.0,colonnes
4,27,région,Maritime sans Grand Lomé,ND,Rural,Femmes,1613.0,colonnes
4,27,région,Maritime sans Grand Lomé,ND,Rural,Ensemble,2913.0,colonnes
4,27,région,Maritime sans Grand Lomé,ND,Total,Hommes,1659.0,colonnes
4,27,région,Maritime sans Grand Lomé,ND,Total,Femmes,2077.0,colonnes
4,27,région,Maritime sans Grand Lomé,ND,Total,Ensemble,3736.0,colonnes
4,27,région,Maritime sans Grand Lomé,Total,Urbain,Hommes,87777.0,colonnes
4,27,région,Maritime sans Grand Lomé,Total,Urbain,Femmes,97501.0,colonnes
4,27,région,Maritime sans Grand Lomé,Total,Urbain,Ensemble,185278.0,colonnes
4,27,région,Maritime sans Grand Lomé,Total,Rural,Hommes,555099.0,colonnes
4,27,région,Maritime sans Grand Lomé,Total,Rural,Femmes,606238.0,colonnes
4,27,région,Maritime sans Grand Lomé,Total,Rural,Ensemble,1161337.0,colonnes
4,27,région,Maritime sans Grand Lomé,Total,Total,Hommes,642876.0,colonnes
4,27,région,Maritime sans Grand Lomé,Total,Total,Femmes,703739.0,colonnes
4,27,région,Maritime sans Grand Lomé,Total,Total,Ensemble,1346615.0,colonnes
5,28,région,Plateaux,0,Urbain,Hommes,4827.0,colonnes
5,28,région,Plateaux,0,Urbain,Femmes,4581.0,colonnes
5,28,région,Plateaux,0,Urbain,Ensemble,9408.0,colonnes
5,28,région,Plateaux,0,Rural,Hommes,18256.0,colonnes
5,28,région,Plateaux,0,Rural,Femmes,18073.0,colonnes
5,28,région,Plateaux,0,Rural,Ensemble,36329.0,colonnes
5,28,région,Plateaux,0,Total,Hommes,23083.0,colonnes
5,28,région,Plateaux,0,Total,Femmes,22654.0,colonnes
5,28,région,Plateaux,0,Total,Ensemble,45737.0,colonnes
5,28,région,Plateaux,1-4,Urbain,Hommes,19246.0,colonnes
5,28,région,Plateaux,1-4,Urbain,Femmes,17892.0,colonnes
5,28,région,Plateaux,1-4,Urbain,Ensemble,37138.0,colonnes
5,28,région,Plateaux,1-4,Rural,Hommes,79821.0,colonnes
5,28,région,Plateaux,1-4,Rural,Femmes,76990.0,colonnes
5,28,région,Plateaux,1-4,Rural,Ensemble,156811.0,colonnes
5,28,région,Plateaux,1-4,Total,Hommes,99067.0,colonnes
5,28,région,Plateaux,1-4,Total,Femmes,94882.0,colonnes
5,28,région,Plateaux,1-4,Total,Ensemble,193949.0,colonnes
5,28,région,Plateaux,5-9,Urbain,Hommes,24776.0,colonnes
5,28,région,Plateaux,5-9,Urbain,Femmes,24669.0,colonnes
5,28,région,Plateaux,5-9,Urbain,Ensemble,49445.0,colonnes
5,28,région,Plateaux,5-9,Rural,Hommes,105463.0,colonnes
5,28,région,Plateaux,5-9,Rural,Femmes,100873.0,colonnes
5,28,région,Plateaux,5-9,Rural,Ensemble,206336.0,colonnes
5,28,région,Plateaux,5-9,Total,Hommes,130239.0,colonnes
5,28,région,Plateaux,5-9,Total,Femmes,125542.0,colonnes
5,28,région,Plateaux,5-9,Total,Ensemble,255781.0,colonnes
5,28,région,Plateaux,10-14,Urbain,Hommes,24436.0,colonnes
5,28,région,Plateaux,10-14,Urbain,Femmes,25207.0,colonnes
5,28,région,Plateaux,10-14,Urbain,Ensemble,49643.0,colonnes
5,28,région,Plateaux,10-14,Rural,Hommes,91258.0,colonnes
5,28,région,Plateaux,10-14,Rural,Femmes,79940.0,colonnes
5,28,région,Plateaux,10-14,Rural,Ensemble,171198.0,colonnes
5,28,région,Plateaux,10-14,Total,Hommes,115694.0,colonnes
5,28,région,Plateaux,10-14,Total,Femmes,105147.0,colonnes
5,28,région,Plateaux,10-14,Total,Ensemble,220841.0,colonnes
5,28,région,Plateaux,15-19,Urbain,Hommes,23728.0,colonnes
5,28,région,Plateaux,15-19,Urbain,Femmes,23125.0,colonnes
5,28,région,Plateaux,15-19,Urbain,Ensemble,46853.0,colonnes
5,28,région,Plateaux,15-19,Rural,Hommes,61566.0,colonnes
5,28,région,Plateaux,15-19,Rural,Femmes,55684.0,colonnes
5,28,région,Plateaux,15-19,Rural,Ensemble,117250.0,colonnes
5,28,région,Plateaux,15-19,Total,Hommes,85294.0,colonnes
5,28,région,Plateaux,15-19,Total,Femmes,78809.0,colonnes
5,28,région,Plateaux,15-19,Total,Ensemble,164103.0,colonnes
5,28,région,Plateaux,20-24,Urbain,Hommes,15362.0,colonnes
5,28,région,Plateaux,20-24,Urbain,Femmes,17174.0,colonnes
5,28,région,Plateaux,20-24,Urbain,Ensemble,32536.0,colonnes
5,28,région,Plateaux,20-24,Rural,Hommes,40510.0,colonnes
5,28,région,Plateaux,20-24,Rural,Femmes,50039.0,colonnes
5,28,région,Plateaux,20-24,Rural,Ensemble,90549.0,colonnes
5,28,région,Plateaux,20-24,Total,Hommes,55872.0,colonnes
5,28,région,Plateaux,20-24,Total,Femmes,67213.0,colonnes
5,28,région,Plateaux,20-24,Total,Ensemble,123085.0,colonnes
5,28,région,Plateaux,25-29,Urbain,Hommes,11351.0,colonnes
5,28,région,Plateaux,25-29,Urbain,Femmes,14256.0,colonnes
5,28,région,Plateaux,25-29,Urbain,Ensemble,25607.0,colonnes
5,28,région,Plateaux,25-29,Rural,Hommes,34908.0,colonnes
5,28,région,Plateaux,25-29,Rural,Femmes,43728.0,colonnes
5,28,région,Plateaux,25-29,Rural,Ensemble,78636.0,colonnes
5,28,région,Plateaux,25-29,Total,Hommes,46259.0,colonnes
5,28,région,Plateaux,25-29,Total,Femmes,57984.0,colonnes
5,28,région,Plateaux,25-29,Total,Ensemble,104243.0,colonnes
5,28,région,Plateaux,30-34,Urbain,Hommes,11453.0,colonnes
5,28,région,Plateaux,30-34,Urbain,Femmes,13769.0,colonnes
5,28,région,Plateaux,30-34,Urbain,Ensemble,25222.0,colonnes
5,28,région,Plateaux,30-34,Rural,Hommes,36239.0,colonnes
5,28,région,Plateaux,30-34,Rural,Femmes,42093.0,colonnes
5,28,région,Plateaux,30-34,Rural,Ensemble,78332.0,colonnes
5,28,région,Plateaux,30-34,Total,Hommes,47692.0,colonnes
5,28,région,Plateaux,30-34,Total,Femmes,55862.0,colonnes
5,28,région,Plateaux,30-34,Total,Ensemble,103554.0,colonnes
5,28,région,Plateaux,35-39,Urbain,Hommes,10347.0,colonnes
5,28,région,Plateaux,35-39,Urbain,Femmes,11480.0,colonnes
5,28,région,Plateaux,35-39,Urbain,Ensemble,21827.0,colonnes
5,28,région,Plateaux,35-39,Rural,Hommes,32415.0,colonnes
5,28,région,Plateaux,35-39,Rural,Femmes,37466.0,colonnes
5,28,région,Plateaux,35-39,Rural,Ensemble,69881.0,colonnes
5,28,région,Plateaux,35-39,Total,Hommes,42762.0,colonnes
5,28,région,Plateaux,35-39,Total,Femmes,48946.0,colonnes
5,28,région,Plateaux,35-39,Total,Ensemble,91708.0,colonnes
5,28,région,Plateaux,40-44,Urbain,Hommes,8517.0,colonnes
5,28,région,Plateaux,40-44,Urbain,Femmes,8908.0,colonnes
5,28,région,Plateaux,40-44,Urbain,Ensemble,17425.0,colonnes
5,28,région,Plateaux,40-44,Rural,Hommes,28946.0,colonnes
5,28,région,Plateaux,40-44,Rural,Femmes,32751.0,colonnes
5,28,région,Plateaux,40-44,Rural,Ensemble,61697.0,colonnes
5,28,région,Plateaux,40-44,Total,Hommes,37463.0,colonnes
5,28,région,Plateaux,40-44,Total,Femmes,41659.0,colonnes
5,28,région,Plateaux,40-44,Total,Ensemble,79122.0,colonnes
5,28,région,Plateaux,45-49,Urbain,Hommes,6788.0,colonnes
5,28,région,Plateaux,45-49,Urbain,Femmes,7043.0,colonnes
5,28,région,Plateaux,45-49,Urbain,Ensemble,13831.0,colonnes
5,28,région,Plateaux,45-49,Rural,Hommes,23539.0,colonnes
5,28,région,Plateaux,45-49,Rural,Femmes,23675.0,colonnes
5,28,région,Plateaux,45-49,Rural,Ensemble,47214.0,colonnes
5,28,région,Plateaux,45-49,Total,Hommes,30327.0,colonnes
5,28,région,Plateaux,45-49,Total,Femmes,30718.0,colonnes
5,28,région,Plateaux,45-49,Total,Ensemble,61045.0,colonnes
5,28,région,Plateaux,50-54,Urbain,Hommes,5814.0,colonnes
5,28,région,Plateaux,50-54,Urbain,Femmes,6046.0,colonnes
5,28,région,Plateaux,50-54,Urbain,Ensemble,11860.0,colonnes
5,28,région,Plateaux,50-54,Rural,Hommes,22061.0,colonnes
5,28,région,Plateaux,50-54,Rural,Femmes,22755.0,colonnes
5,28,région,Plateaux,50-54,Rural,Ensemble,44816.0,colonnes
5,28,région,Plateaux,50-54,Total,Hommes,27875.0,colonnes
5,28,région,Plateaux,50-54,Total,Femmes,28801.0,colonnes
5,28,région,Plateaux,50-54,Total,Ensemble,56676.0,colonnes
5,28,région,Plateaux,55-59,Urbain,Hommes,4361.0,colonnes
5,28,région,Plateaux,55-59,Urbain,Femmes,4364.0,colonnes
5,28,région,Plateaux,55-59,Urbain,Ensemble,8725.0,colonnes
5,28,région,Plateaux,55-59,Rural,Hommes,16173.0,colonnes
5,28,région,Plateaux,55-59,Rural,Femmes,14172.0,colonnes
5,28,région,Plateaux,55-59,Rural,Ensemble,30345.0,colonnes
5,28,région,Plateaux,55-59,Total,Hommes,20534.0,colonnes
5,28,région,Plateaux,55-59,Total,Femmes,18536.0,colonnes
5,28,région,Plateaux,55-59,Total,Ensemble,39070.0,colonnes
5,28,région,Plateaux,60-64,Urbain,Hommes,3453.0,colonnes
5,28,région,Plateaux,60-64,Urbain,Femmes,3722.0,colonnes
5,28,région,Plateaux,60-64,Urbain,Ensemble,7175.0,colonnes
5,28,région,Plateaux,60-64,Rural,Hommes,13112.0,colonnes
5,28,région,Plateaux,60-64,Rural,Femmes,14102.0,colonnes
5,28,région,Plateaux,60-64,Rural,Ensemble,27214.0,colonnes
5,28,région,Plateaux,60-64,Total,Hommes,16565.0,colonnes
5,28,région,Plateaux,60-64,Total,Femmes,17824.0,colonnes
5,28,région,Plateaux,60-64,Total,Ensemble,34389.0,colonnes
5,28,région,Plateaux,65-69,Urbain,Hommes,2022.0,colonnes
5,28,région,Plateaux,65-69,Urbain,Femmes,2237.0,colonnes
5,28,région,Plateaux,65-69,Urbain,Ensemble,4259.0,colonnes
5,28,région,Plateaux,65-69,Rural,Hommes,6824.0,colonnes
5,28,région,Plateaux,65-69,Rural,Femmes,7565.0,colonnes
5,28,région,Plateaux,65-69,Rural,Ensemble,14389.0,colonnes
5,28,région,Plateaux,65-69,Total,Hommes,8846.0,colonnes
5,28,région,Plateaux,65-69,Total,Femmes,9802.0,colonnes
5,28,région,Plateaux,65-69,Total,Ensemble,18648.0,colonnes
5,28,région,Plateaux,70-74,Urbain,Hommes,1272.0,colonnes
5,28,région,Plateaux,70-74,Urbain,Femmes,1713.0,colonnes
5,28,région,Plateaux,70-74,Urbain,Ensemble,2985.0,colonnes
5,28,région,Plateaux,70-74,Rural,Hommes,5472.0,colonnes
5,28,région,Plateaux,70-74,Rural,Femmes,6868.0,colonnes
5,28,région,Plateaux,70-74,Rural,Ensemble,12340.0,colonnes
5,28,région,Plateaux,70-74,Total,Hommes,6744.0,colonnes
5,28,région,Plateaux,70-74,Total,Femmes,8581.0,colonnes
5,28,région,Plateaux,70-74,Total,Ensemble,15325.0,colonnes
5,28,région,Plateaux,75-79,Urbain,Hommes,620.0,colonnes
5,28,région,Plateaux,75-79,Urbain,Femmes,1030.0,colonnes
5,28,région,Plateaux,75-79,Urbain,Ensemble,1650.0,colonnes
5,28,région,Plateaux,75-79,Rural,Hommes,2957.0,colonnes
5,28,région,Plateaux,75-79,Rural,Femmes,3736.0,colonnes
5,28,région,Plateaux,75-79,Rural,Ensemble,6693.0,colonnes
5,28,région,Plateaux,75-79,Total,Hommes,3577.0,colonnes
5,28,région,Plateaux,75-79,Total,Femmes,4766.0,colonnes
5,28,région,Plateaux,75-79,Total,Ensemble,8343.0,colonnes
5,28,région,Plateaux,80-84,Urbain,Hommes,399.0,colonnes
5,28,région,Plateaux,80-84,Urbain,Femmes,840.0,colonnes
5,28,région,Plateaux,80-84,Urbain,Ensemble,1239.0,colonnes
5,28,région,Plateaux,80-84,Rural,Hommes,2415.0,colonnes
5,28,région,Plateaux,80-84,Rural,Femmes,3660.0,colonnes
5,28,région,Plateaux,80-84,Rural,Ensemble,6075.0,colonnes
5,28,région,Plateaux,80-84,Total,Hommes,2814.0,colonnes
5,28,région,Plateaux,80-84,Total,Femmes,4500.0,colonnes
5,28,région,Plateaux,80-84,Total,Ensemble,7314.0,colonnes
5,28,région,Plateaux,85 et +,Urbain,Hommes,383.0,colonnes
5,28,région,Plateaux,85 et +,Urbain,Femmes,1014.0,colonnes
5,28,région,Plateaux,85 et +,Urbain,Ensemble,1397.0,colonnes
5,28,région,Plateaux,85 et +,Rural,Hommes,2616.0,colonnes
5,28,région,Plateaux,85 et +,Rural,Femmes,4195.0,colonnes
5,28,région,Plateaux,85 et +,Rural,Ensemble,6811.0,colonnes
5,28,région,Plateaux,85 et +,Total,Hommes,2999.0,colonnes
5,28,région,Plateaux,85 et +,Total,Femmes,5209.0,colonnes
5,28,région,Plateaux,85 et +,Total,Ensemble,8208.0,colonnes
5,28,région,Plateaux,ND,Urbain,Hommes,624.0,colonnes
5,28,région,Plateaux,ND,Urbain,Femmes,528.0,colonnes
5,28,région,Plateaux,ND,Urbain,Ensemble,1152.0,colonnes
5,28,région,Plateaux,ND,Rural,Hommes,1824.0,colonnes
5,28,région,Plateaux,ND,Rural,Femmes,1829.0,colonnes
5,28,région,Plateaux,ND,Rural,Ensemble,3653.0,colonnes
5,28,région,Plateaux,ND,Total,Hommes,2448.0,colonnes
5,28,région,Plateaux,ND,Total,Femmes,2357.0,colonnes
5,28,région,Plateaux,ND,Total,Ensemble,4805.0,colonnes
5,28,région,Plateaux,Total,Urbain,Hommes,179779.0,colonnes
5,28,région,Plateaux,Total,Urbain,Femmes,189598.0,colonnes
5,28,région,Plateaux,Total,Urbain,Ensemble,369377.0,colonnes
5,28,région,Plateaux,Total,Rural,Hommes,626375.0,colonnes
5,28,région,Plateaux,Total,Rural,Femmes,640194.0,colonnes
5,28,région,Plateaux,Total,Rural,Ensemble,1266569.0,colonnes
5,28,région,Plateaux,Total,Total,Hommes,806154.0,colonnes
5,28,région,Plateaux,Total,Total,Femmes,829792.0,colonnes
5,28,région,Plateaux,Total,Total,Ensemble,1635946.0,colonnes
6,29,région,Centrale,0,Urbain,Hommes,2622.0,colonnes
6,29,région,Centrale,0,Urbain,Femmes,2499.0,colonnes
6,29,région,Centrale,0,Urbain,Ensemble,5121.0,colonnes
6,29,région,Centrale,0,Rural,Hommes,8698.0,colonnes
6,29,région,Centrale,0,Rural,Femmes,8550.0,colonnes
6,29,région,Centrale,0,Rural,Ensemble,17248.0,colonnes
6,29,région,Centrale,0,Total,Hommes,11320.0,colonnes
6,29,région,Centrale,0,Total,Femmes,11049.0,colonnes
6,29,région,Centrale,0,Total,Ensemble,22369.0,colonnes
6,29,région,Centrale,1-4,Urbain,Hommes,10710.0,colonnes
6,29,région,Centrale,1-4,Urbain,Femmes,10168.0,colonnes
6,29,région,Centrale,1-4,Urbain,Ensemble,20878.0,colonnes
6,29,région,Centrale,1-4,Rural,Hommes,38707.0,colonnes
6,29,région,Centrale,1-4,Rural,Femmes,37120.0,colonnes
6,29,région,Centrale,1-4,Rural,Ensemble,75827.0,colonnes
6,29,région,Centrale,1-4,Total,Hommes,49417.0,colonnes
6,29,région,Centrale,1-4,Total,Femmes,47288.0,colonnes
6,29,région,Centrale,1-4,Total,Ensemble,96705.0,colonnes
6,29,région,Centrale,5-9,Urbain,Hommes,14209.0,colonnes
6,29,région,Centrale,5-9,Urbain,Femmes,13338.0,colonnes
6,29,région,Centrale,5-9,Urbain,Ensemble,27547.0,colonnes
6,29,région,Centrale,5-9,Rural,Hommes,48520.0,colonnes
6,29,région,Centrale,5-9,Rural,Femmes,45969.0,colonnes
6,29,région,Centrale,5-9,Rural,Ensemble,94489.0,colonnes
6,29,région,Centrale,5-9,Total,Hommes,62729.0,colonnes
6,29,région,Centrale,5-9,Total,Femmes,59307.0,colonnes
6,29,région,Centrale,5-9,Total,Ensemble,122036.0,colonnes
6,29,région,Centrale,10-14,Urbain,Hommes,13746.0,colonnes
6,29,région,Centrale,10-14,Urbain,Femmes,13203.0,colonnes
6,29,région,Centrale,10-14,Urbain,Ensemble,26949.0,colonnes
6,29,région,Centrale,10-14,Rural,Hommes,41855.0,colonnes
6,29,région,Centrale,10-14,Rural,Femmes,36610.0,colonnes
6,29,région,Centrale,10-14,Rural,Ensemble,78465.0,colonnes
6,29,région,Centrale,10-14,Total,Hommes,55601.0,colonnes
6,29,région,Centrale,10-14,Total,Femmes,49813.0,colonnes
6,29,région,Centrale,10-14,Total,Ensemble,105414.0,colonnes
6,29,région,Centrale,15-19,Urbain,Hommes,13212.0,colonnes
6,29,région,Centrale,15-19,Urbain,Femmes,11726.0,colonnes
6,29,région,Centrale,15-19,Urbain,Ensemble,24938.0,colonnes
6,29,région,Centrale,15-19,Rural,Hommes,29724.0,colonnes
6,29,région,Centrale,15-19,Rural,Femmes,25240.0,colonnes
6,29,région,Centrale,15-19,Rural,Ensemble,54964.0,colonnes
6,29,région,Centrale,15-19,Total,Hommes,42936.0,colonnes
6,29,région,Centrale,15-19,Total,Femmes,36966.0,colonnes
6,29,région,Centrale,15-19,Total,Ensemble,79902.0,colonnes
6,29,région,Centrale,20-24,Urbain,Hommes,8910.0,colonnes
6,29,région,Centrale,20-24,Urbain,Femmes,8979.0,colonnes
6,29,région,Centrale,20-24,Urbain,Ensemble,17889.0,colonnes
6,29,région,Centrale,20-24,Rural,Hommes,20717.0,colonnes
6,29,région,Centrale,20-24,Rural,Femmes,24532.0,colonnes
6,29,région,Centrale,20-24,Rural,Ensemble,45249.0,colonnes
6,29,région,Centrale,20-24,Total,Hommes,29627.0,colonnes
6,29,région,Centrale,20-24,Total,Femmes,33511.0,colonnes
6,29,région,Centrale,20-24,Total,Ensemble,63138.0,colonnes
6,29,région,Centrale,25-29,Urbain,Hommes,6454.0,colonnes
6,29,région,Centrale,25-29,Urbain,Femmes,7647.0,colonnes
6,29,région,Centrale,25-29,Urbain,Ensemble,14101.0,colonnes
6,29,région,Centrale,25-29,Rural,Hommes,18421.0,colonnes
6,29,région,Centrale,25-29,Rural,Femmes,21068.0,colonnes
6,29,région,Centrale,25-29,Rural,Ensemble,39489.0,colonnes
6,29,région,Centrale,25-29,Total,Hommes,24875.0,colonnes
6,29,région,Centrale,25-29,Total,Femmes,28715.0,colonnes
6,29,région,Centrale,25-29,Total,Ensemble,53590.0,colonnes
6,29,région,Centrale,30-34,Urbain,Hommes,6040.0,colonnes
6,29,région,Centrale,30-34,Urbain,Femmes,7118.0,colonnes
6,29,région,Centrale,30-34,Urbain,Ensemble,13158.0,colonnes
6,29,région,Centrale,30-34,Rural,Hommes,18370.0,colonnes
6,29,région,Centrale,30-34,Rural,Femmes,20170.0,colonnes
6,29,région,Centrale,30-34,Rural,Ensemble,38540.0,colonnes
6,29,région,Centrale,30-34,Total,Hommes,24410.0,colonnes
6,29,région,Centrale,30-34,Total,Femmes,27288.0,colonnes
6,29,région,Centrale,30-34,Total,Ensemble,51698.0,colonnes
6,29,région,Centrale,35-39,Urbain,Hommes,5561.0,colonnes
6,29,région,Centrale,35-39,Urbain,Femmes,6220.0,colonnes
6,29,région,Centrale,35-39,Urbain,Ensemble,11781.0,colonnes
6,29,région,Centrale,35-39,Rural,Hommes,16296.0,colonnes
6,29,région,Centrale,35-39,Rural,Femmes,17081.0,colonnes
6,29,région,Centrale,35-39,Rural,Ensemble,33377.0,colonnes
6,29,région,Centrale,35-39,Total,Hommes,21857.0,colonnes
6,29,région,Centrale,35-39,Total,Femmes,23301.0,colonnes
6,29,région,Centrale,35-39,Total,Ensemble,45158.0,colonnes
6,29,région,Centrale,40-44,Urbain,Hommes,4548.0,colonnes
6,29,région,Centrale,40-44,Urbain,Femmes,4797.0,colonnes
6,29,région,Centrale,40-44,Urbain,Ensemble,9345.0,colonnes
6,29,région,Centrale,40-44,Rural,Hommes,13380.0,colonnes
6,29,région,Centrale,40-44,Rural,Femmes,14184.0,colonnes
6,29,région,Centrale,40-44,Rural,Ensemble,27564.0,colonnes
6,29,région,Centrale,40-44,Total,Hommes,17928.0,colonnes
6,29,région,Centrale,40-44,Total,Femmes,18981.0,colonnes
6,29,région,Centrale,40-44,Total,Ensemble,36909.0,colonnes
6,29,région,Centrale,45-49,Urbain,Hommes,3692.0,colonnes
6,29,région,Centrale,45-49,Urbain,Femmes,3821.0,colonnes
6,29,région,Centrale,45-49,Urbain,Ensemble,7513.0,colonnes
6,29,région,Centrale,45-49,Rural,Hommes,10395.0,colonnes
6,29,région,Centrale,45-49,Rural,Femmes,10298.0,colonnes
6,29,région,Centrale,45-49,Rural,Ensemble,20693.0,colonnes
6,29,région,Centrale,45-49,Total,Hommes,14087.0,colonnes
6,29,région,Centrale,45-49,Total,Femmes,14119.0,colonnes
6,29,région,Centrale,45-49,Total,Ensemble,28206.0,colonnes
6,29,région,Centrale,50-54,Urbain,Hommes,3102.0,colonnes
6,29,région,Centrale,50-54,Urbain,Femmes,3334.0,colonnes
6,29,région,Centrale,50-54,Urbain,Ensemble,6436.0,colonnes
6,29,région,Centrale,50-54,Rural,Hommes,9531.0,colonnes
6,29,région,Centrale,50-54,Rural,Femmes,10043.0,colonnes
6,29,région,Centrale,50-54,Rural,Ensemble,19574.0,colonnes
6,29,région,Centrale,50-54,Total,Hommes,12633.0,colonnes
6,29,région,Centrale,50-54,Total,Femmes,13377.0,colonnes
6,29,région,Centrale,50-54,Total,Ensemble,26010.0,colonnes
6,29,région,Centrale,55-59,Urbain,Hommes,2419.0,colonnes
6,29,région,Centrale,55-59,Urbain,Femmes,2577.0,colonnes
6,29,région,Centrale,55-59,Urbain,Ensemble,4996.0,colonnes
6,29,région,Centrale,55-59,Rural,Hommes,6997.0,colonnes
6,29,région,Centrale,55-59,Rural,Femmes,6622.0,colonnes
6,29,région,Centrale,55-59,Rural,Ensemble,13619.0,colonnes
6,29,région,Centrale,55-59,Total,Hommes,9416.0,colonnes
6,29,région,Centrale,55-59,Total,Femmes,9199.0,colonnes
6,29,région,Centrale,55-59,Total,Ensemble,18615.0,colonnes
6,29,région,Centrale,60-64,Urbain,Hommes,1942.0,colonnes
6,29,région,Centrale,60-64,Urbain,Femmes,2243.0,colonnes
6,29,région,Centrale,60-64,Urbain,Ensemble,4185.0,colonnes
6,29,région,Centrale,60-64,Rural,Hommes,5541.0,colonnes
6,29,région,Centrale,60-64,Rural,Femmes,6054.0,colonnes
6,29,région,Centrale,60-64,Rural,Ensemble,11595.0,colonnes
6,29,région,Centrale,60-64,Total,Hommes,7483.0,colonnes
6,29,région,Centrale,60-64,Total,Femmes,8297.0,colonnes
6,29,région,Centrale,60-64,Total,Ensemble,15780.0,colonnes
6,29,région,Centrale,65-69,Urbain,Hommes,1282.0,colonnes
6,29,région,Centrale,65-69,Urbain,Femmes,1385.0,colonnes
6,29,région,Centrale,65-69,Urbain,Ensemble,2667.0,colonnes
6,29,région,Centrale,65-69,Rural,Hommes,3026.0,colonnes
6,29,région,Centrale,65-69,Rural,Femmes,3354.0,colonnes
6,29,région,Centrale,65-69,Rural,Ensemble,6380.0,colonnes
6,29,région,Centrale,65-69,Total,Hommes,4308.0,colonnes
6,29,région,Centrale,65-69,Total,Femmes,4739.0,colonnes
6,29,région,Centrale,65-69,Total,Ensemble,9047.0,colonnes
6,29,région,Centrale,70-74,Urbain,Hommes,852.0,colonnes
6,29,région,Centrale,70-74,Urbain,Femmes,1076.0,colonnes
6,29,région,Centrale,70-74,Urbain,Ensemble,1928.0,colonnes
6,29,région,Centrale,70-74,Rural,Hommes,2357.0,colonnes
6,29,région,Centrale,70-74,Rural,Femmes,2954.0,colonnes
6,29,région,Centrale,70-74,Rural,Ensemble,5311.0,colonnes
6,29,région,Centrale,70-74,Total,Hommes,3209.0,colonnes
6,29,région,Centrale,70-74,Total,Femmes,4030.0,colonnes
6,29,région,Centrale,70-74,Total,Ensemble,7239.0,colonnes
6,29,région,Centrale,75-79,Urbain,Hommes,420.0,colonnes
6,29,région,Centrale,75-79,Urbain,Femmes,675.0,colonnes
6,29,région,Centrale,75-79,Urbain,Ensemble,1095.0,colonnes
6,29,région,Centrale,75-79,Rural,Hommes,1143.0,colonnes
6,29,région,Centrale,75-79,Rural,Femmes,1724.0,colonnes
6,29,région,Centrale,75-79,Rural,Ensemble,2867.0,colonnes
6,29,région,Centrale,75-79,Total,Hommes,1563.0,colonnes
6,29,région,Centrale,75-79,Total,Femmes,2399.0,colonnes
6,29,région,Centrale,75-79,Total,Ensemble,3962.0,colonnes
6,29,région,Centrale,80-84,Urbain,Hommes,293.0,colonnes
6,29,région,Centrale,80-84,Urbain,Femmes,536.0,colonnes
6,29,région,Centrale,80-84,Urbain,Ensemble,829.0,colonnes
6,29,région,Centrale,80-84,Rural,Hommes,992.0,colonnes
6,29,région,Centrale,80-84,Rural,Femmes,1495.0,colonnes
6,29,région,Centrale,80-84,Rural,Ensemble,2487.0,colonnes
6,29,région,Centrale,80-84,Total,Hommes,1285.0,colonnes
6,29,région,Centrale,80-84,Total,Femmes,2031.0,colonnes
6,29,région,Centrale,80-84,Total,Ensemble,3316.0,colonnes
6,29,région,Centrale,85 et +,Urbain,Hommes,314.0,colonnes
6,29,région,Centrale,85 et +,Urbain,Femmes,645.0,colonnes
6,29,région,Centrale,85 et +,Urbain,Ensemble,959.0,colonnes
6,29,région,Centrale,85 et +,Rural,Hommes,1156.0,colonnes
6,29,région,Centrale,85 et +,Rural,Femmes,1700.0,colonnes
6,29,région,Centrale,85 et +,Rural,Ensemble,2856.0,colonnes
6,29,région,Centrale,85 et +,Total,Hommes,1470.0,colonnes
6,29,région,Centrale,85 et +,Total,Femmes,2345.0,colonnes
6,29,région,Centrale,85 et +,Total,Ensemble,3815.0,colonnes
6,29,région,Centrale,ND,Urbain,Hommes,361.0,colonnes
6,29,région,Centrale,ND,Urbain,Femmes,431.0,colonnes
6,29,région,Centrale,ND,Urbain,Ensemble,792.0,colonnes
6,29,région,Centrale,ND,Rural,Hommes,821.0,colonnes
6,29,région,Centrale,ND,Rural,Femmes,1007.0,colonnes
6,29,région,Centrale,ND,Rural,Ensemble,1828.0,colonnes
6,29,région,Centrale,ND,Total,Hommes,1182.0,colonnes
6,29,région,Centrale,ND,Total,Femmes,1438.0,colonnes
6,29,région,Centrale,ND,Total,Ensemble,2620.0,colonnes
6,29,région,Centrale,Total,Urbain,Hommes,100689.0,colonnes
6,29,région,Centrale,Total,Urbain,Femmes,102418.0,colonnes
6,29,région,Centrale,Total,Urbain,Ensemble,203107.0,colonnes
6,29,région,Centrale,Total,Rural,Hommes,296647.0,colonnes
6,29,région,Centrale,Total,Rural,Femmes,295775.0,colonnes
6,29,région,Centrale,Total,Rural,Ensemble,592422.0,colonnes
6,29,région,Centrale,Total,Total,Hommes,397336.0,colonnes
6,29,région,Centrale,Total,Total,Femmes,398193.0,colonnes
6,29,région,Centrale,Total,Total,Ensemble,795529.0,colonnes
7,30,région,Kara,0,Urbain,Hommes,3330.0,colonnes
7,30,région,Kara,0,Urbain,Femmes,3129.0,colonnes
7,30,région,Kara,0,Urbain,Ensemble,6459.0,colonnes
7,30,région,Kara,0,Rural,Hommes,11054.0,colonnes
7,30,région,Kara,0,Rural,Femmes,10546.0,colonnes
7,30,région,Kara,0,Rural,Ensemble,21600.0,colonnes
7,30,région,Kara,0,Total,Hommes,14384.0,colonnes
7,30,région,Kara,0,Total,Femmes,13675.0,colonnes
7,30,région,Kara,0,Total,Ensemble,28059.0,colonnes
7,30,région,Kara,1-4,Urbain,Hommes,13514.0,colonnes
7,30,région,Kara,1-4,Urbain,Femmes,13004.0,colonnes
7,30,région,Kara,1-4,Urbain,Ensemble,26518.0,colonnes
7,30,région,Kara,1-4,Rural,Hommes,48869.0,colonnes
7,30,région,Kara,1-4,Rural,Femmes,47423.0,colonnes
7,30,région,Kara,1-4,Rural,Ensemble,96292.0,colonnes
7,30,région,Kara,1-4,Total,Hommes,62383.0,colonnes
7,30,région,Kara,1-4,Total,Femmes,60427.0,colonnes
7,30,région,Kara,1-4,Total,Ensemble,122810.0,colonnes
7,30,région,Kara,5-9,Urbain,Hommes,17613.0,colonnes
7,30,région,Kara,5-9,Urbain,Femmes,17172.0,colonnes
7,30,région,Kara,5-9,Urbain,Ensemble,34785.0,colonnes
7,30,région,Kara,5-9,Rural,Hommes,63000.0,colonnes
7,30,région,Kara,5-9,Rural,Femmes,59158.0,colonnes
7,30,région,Kara,5-9,Rural,Ensemble,122158.0,colonnes
7,30,région,Kara,5-9,Total,Hommes,80613.0,colonnes
7,30,région,Kara,5-9,Total,Femmes,76330.0,colonnes
7,30,région,Kara,5-9,Total,Ensemble,156943.0,colonnes
7,30,région,Kara,10-14,Urbain,Hommes,17408.0,colonnes
7,30,région,Kara,10-14,Urbain,Femmes,17611.0,colonnes
7,30,région,Kara,10-14,Urbain,Ensemble,35019.0,colonnes
7,30,région,Kara,10-14,Rural,Hommes,49020.0,colonnes
7,30,région,Kara,10-14,Rural,Femmes,40557.0,colonnes
7,30,région,Kara,10-14,Rural,Ensemble,89577.0,colonnes
7,30,région,Kara,10-14,Total,Hommes,66428.0,colonnes
7,30,région,Kara,10-14,Total,Femmes,58168.0,colonnes
7,30,région,Kara,10-14,Total,Ensemble,124596.0,colonnes
7,30,région,Kara,15-19,Urbain,Hommes,18063.0,colonnes
7,30,région,Kara,15-19,Urbain,Femmes,16983.0,colonnes
7,30,région,Kara,15-19,Urbain,Ensemble,35046.0,colonnes
7,30,région,Kara,15-19,Rural,Hommes,32902.0,colonnes
7,30,région,Kara,15-19,Rural,Femmes,27175.0,colonnes
7,30,région,Kara,15-19,Rural,Ensemble,60077.0,colonnes
7,30,région,Kara,15-19,Total,Hommes,50965.0,colonnes
7,30,région,Kara,15-19,Total,Femmes,44158.0,colonnes
7,30,région,Kara,15-19,Total,Ensemble,95123.0,colonnes
7,30,région,Kara,20-24,Urbain,Hommes,17500.0,colonnes
7,30,région,Kara,20-24,Urbain,Femmes,15228.0,colonnes
7,30,région,Kara,20-24,Urbain,Ensemble,32728.0,colonnes
7,30,région,Kara,20-24,Rural,Hommes,24986.0,colonnes
7,30,région,Kara,20-24,Rural,Femmes,28655.0,colonnes
7,30,région,Kara,20-24,Rural,Ensemble,53641.0,colonnes
7,30,région,Kara,20-24,Total,Hommes,42486.0,colonnes
7,30,région,Kara,20-24,Total,Femmes,43883.0,colonnes
7,30,région,Kara,20-24,Total,Ensemble,86369.0,colonnes
7,30,région,Kara,25-29,Urbain,Hommes,11722.0,colonnes
7,30,région,Kara,25-29,Urbain,Femmes,11049.0,colonnes
7,30,région,Kara,25-29,Urbain,Ensemble,22771.0,colonnes
7,30,région,Kara,25-29,Rural,Hommes,20829.0,colonnes
7,30,région,Kara,25-29,Rural,Femmes,24389.0,colonnes
7,30,région,Kara,25-29,Rural,Ensemble,45217.0,colonnes
7,30,région,Kara,25-29,Total,Hommes,32551.0,colonnes
7,30,région,Kara,25-29,Total,Femmes,35438.0,colonnes
7,30,région,Kara,25-29,Total,Ensemble,67988.0,colonnes
7,30,région,Kara,30-34,Urbain,Hommes,9836.0,colonnes
7,30,région,Kara,30-34,Urbain,Femmes,9975.0,colonnes
7,30,région,Kara,30-34,Urbain,Ensemble,19811.0,colonnes
7,30,région,Kara,30-34,Rural,Hommes,20221.0,colonnes
7,30,région,Kara,30-34,Rural,Femmes,22983.0,colonnes
7,30,région,Kara,30-34,Rural,Ensemble,43204.0,colonnes
7,30,région,Kara,30-34,Total,Hommes,30057.0,colonnes
7,30,région,Kara,30-34,Total,Femmes,32958.0,colonnes
7,30,région,Kara,30-34,Total,Ensemble,63015.0,colonnes
7,30,région,Kara,35-39,Urbain,Hommes,8423.0,colonnes
7,30,région,Kara,35-39,Urbain,Femmes,8467.0,colonnes
7,30,région,Kara,35-39,Urbain,Ensemble,16890.0,colonnes
7,30,région,Kara,35-39,Rural,Hommes,16703.0,colonnes
7,30,région,Kara,35-39,Rural,Femmes,18853.0,colonnes
7,30,région,Kara,35-39,Rural,Ensemble,35556.0,colonnes
7,30,région,Kara,35-39,Total,Hommes,25126.0,colonnes
7,30,région,Kara,35-39,Total,Femmes,27320.0,colonnes
7,30,région,Kara,35-39,Total,Ensemble,52446.0,colonnes
7,30,région,Kara,40-44,Urbain,Hommes,6355.0,colonnes
7,30,région,Kara,40-44,Urbain,Femmes,6517.0,colonnes
7,30,région,Kara,40-44,Urbain,Ensemble,12872.0,colonnes
7,30,région,Kara,40-44,Rural,Hommes,13749.0,colonnes
7,30,région,Kara,40-44,Rural,Femmes,16412.0,colonnes
7,30,région,Kara,40-44,Rural,Ensemble,30161.0,colonnes
7,30,région,Kara,40-44,Total,Hommes,20104.0,colonnes
7,30,région,Kara,40-44,Total,Femmes,22929.0,colonnes
7,30,région,Kara,40-44,Total,Ensemble,43033.0,colonnes
7,30,région,Kara,45-49,Urbain,Hommes,4941.0,colonnes
7,30,région,Kara,45-49,Urbain,Femmes,5070.0,colonnes
7,30,région,Kara,45-49,Urbain,Ensemble,10011.0,colonnes
7,30,région,Kara,45-49,Rural,Hommes,10641.0,colonnes
7,30,région,Kara,45-49,Rural,Femmes,12121.0,colonnes
7,30,région,Kara,45-49,Rural,Ensemble,22762.0,colonnes
7,30,région,Kara,45-49,Total,Hommes,15582.0,colonnes
7,30,région,Kara,45-49,Total,Femmes,17191.0,colonnes
7,30,région,Kara,45-49,Total,Ensemble,32773.0,colonnes
7,30,région,Kara,50-54,Urbain,Hommes,4146.0,colonnes
7,30,région,Kara,50-54,Urbain,Femmes,4649.0,colonnes
7,30,région,Kara,50-54,Urbain,Ensemble,8795.0,colonnes
7,30,région,Kara,50-54,Rural,Hommes,9588.0,colonnes
7,30,région,Kara,50-54,Rural,Femmes,11889.0,colonnes
7,30,région,Kara,50-54,Rural,Ensemble,21477.0,colonnes
7,30,région,Kara,50-54,Total,Hommes,13734.0,colonnes
7,30,région,Kara,50-54,Total,Femmes,16538.0,colonnes
7,30,région,Kara,50-54,Total,Ensemble,30272.0,colonnes
7,30,région,Kara,55-59,Urbain,Hommes,3466.0,colonnes
7,30,région,Kara,55-59,Urbain,Femmes,3738.0,colonnes
7,30,région,Kara,55-59,Urbain,Ensemble,7204.0,colonnes
7,30,région,Kara,55-59,Rural,Hommes,7234.0,colonnes
7,30,région,Kara,55-59,Rural,Femmes,8585.0,colonnes
7,30,région,Kara,55-59,Rural,Ensemble,15819.0,colonnes
7,30,région,Kara,55-59,Total,Hommes,10700.0,colonnes
7,30,région,Kara,55-59,Total,Femmes,12323.0,colonnes
7,30,région,Kara,55-59,Total,Ensemble,23023.0,colonnes
7,30,région,Kara,60-64,Urbain,Hommes,2488.0,colonnes
7,30,région,Kara,60-64,Urbain,Femmes,3211.0,colonnes
7,30,région,Kara,60-64,Urbain,Ensemble,5699.0,colonnes
7,30,région,Kara,60-64,Rural,Hommes,5737.0,colonnes
7,30,région,Kara,60-64,Rural,Femmes,8145.0,colonnes
7,30,région,Kara,60-64,Rural,Ensemble,13882.0,colonnes
7,30,région,Kara,60-64,Total,Hommes,8225.0,colonnes
7,30,région,Kara,60-64,Total,Femmes,11356.0,colonnes
7,30,région,Kara,60-64,Total,Ensemble,19581.0,colonnes
7,30,région,Kara,65-69,Urbain,Hommes,1437.0,colonnes
7,30,région,Kara,65-69,Urbain,Femmes,2000.0,colonnes
7,30,région,Kara,65-69,Urbain,Ensemble,3437.0,colonnes
7,30,région,Kara,65-69,Rural,Hommes,3562.0,colonnes
7,30,région,Kara,65-69,Rural,Femmes,5305.0,colonnes
7,30,région,Kara,65-69,Rural,Ensemble,8867.0,colonnes
7,30,région,Kara,65-69,Total,Hommes,4999.0,colonnes
7,30,région,Kara,65-69,Total,Femmes,7305.0,colonnes
7,30,région,Kara,65-69,Total,Ensemble,12304.0,colonnes
7,30,région,Kara,70-74,Urbain,Hommes,898.0,colonnes
7,30,région,Kara,70-74,Urbain,Femmes,1486.0,colonnes
7,30,région,Kara,70-74,Urbain,Ensemble,2384.0,colonnes
7,30,région,Kara,70-74,Rural,Hommes,2681.0,colonnes
7,30,région,Kara,70-74,Rural,Femmes,4490.0,colonnes
7,30,région,Kara,70-74,Rural,Ensemble,7171.0,colonnes
7,30,région,Kara,70-74,Total,Hommes,3579.0,colonnes
7,30,région,Kara,70-74,Total,Femmes,5976.0,colonnes
7,30,région,Kara,70-74,Total,Ensemble,9555.0,colonnes
7,30,région,Kara,75-79,Urbain,Hommes,435.0,colonnes
7,30,région,Kara,75-79,Urbain,Femmes,890.0,colonnes
7,30,région,Kara,75-79,Urbain,Ensemble,1325.0,colonnes
7,30,région,Kara,75-79,Rural,Hommes,1592.0,colonnes
7,30,région,Kara,75-79,Rural,Femmes,2843.0,colonnes
7,30,région,Kara,75-79,Rural,Ensemble,4435.0,colonnes
7,30,région,Kara,75-79,Total,Hommes,2027.0,colonnes
7,30,région,Kara,75-79,Total,Femmes,3733.0,colonnes
7,30,région,Kara,75-79,Total,Ensemble,5760.0,colonnes
7,30,région,Kara,80-84,Urbain,Hommes,266.0,colonnes
7,30,région,Kara,80-84,Urbain,Femmes,707.0,colonnes
7,30,région,Kara,80-84,Urbain,Ensemble,973.0,colonnes
7,30,région,Kara,80-84,Rural,Hommes,1095.0,colonnes
7,30,région,Kara,80-84,Rural,Femmes,2059.0,colonnes
7,30,région,Kara,80-84,Rural,Ensemble,3154.0,colonnes
7,30,région,Kara,80-84,Total,Hommes,1361.0,colonnes
7,30,région,Kara,80-84,Total,Femmes,2766.0,colonnes
7,30,région,Kara,80-84,Total,Ensemble,4127.0,colonnes
7,30,région,Kara,85 et +,Urbain,Hommes,319.0,colonnes
7,30,région,Kara,85 et +,Urbain,Femmes,922.0,colonnes
7,30,région,Kara,85 et +,Urbain,Ensemble,1241.0,colonnes
7,30,région,Kara,85 et +,Rural,Hommes,1340.0,colonnes
7,30,région,Kara,85 et +,Rural,Femmes,2515.0,colonnes
7,30,région,Kara,85 et +,Rural,Ensemble,3854.0,colonnes
7,30,région,Kara,85 et +,Total,Hommes,1659.0,colonnes
7,30,région,Kara,85 et +,Total,Femmes,3437.0,colonnes
7,30,région,Kara,85 et +,Total,Ensemble,5095.0,colonnes
7,30,région,Kara,ND,Urbain,Hommes,423.0,colonnes
7,30,région,Kara,ND,Urbain,Femmes,424.0,colonnes
7,30,région,Kara,ND,Urbain,Ensemble,847.0,colonnes
7,30,région,Kara,ND,Rural,Hommes,841.0,colonnes
7,30,région,Kara,ND,Rural,Femmes,952.0,colonnes
7,30,région,Kara,ND,Rural,Ensemble,1793.0,colonnes
7,30,région,Kara,ND,Total,Hommes,1264.0,colonnes
7,30,région,Kara,ND,Total,Femmes,1376.0,colonnes
7,30,région,Kara,ND,Total,Ensemble,2640.0,colonnes
7,30,région,Kara,Total,Urbain,Hommes,142583.0,colonnes
7,30,région,Kara,Total,Urbain,Femmes,142232.0,colonnes
7,30,région,Kara,Total,Urbain,Ensemble,284815.0,colonnes
7,30,région,Kara,Total,Rural,Hommes,345642.0,colonnes
7,30,région,Kara,Total,Rural,Femmes,355055.0,colonnes
7,30,région,Kara,Total,Rural,Ensemble,700697.0,colonnes
7,30,région,Kara,Total,Total,Hommes,488225.0,colonnes
7,30,région,Kara,Total,Total,Femmes,497287.0,colonnes
7,30,région,Kara,Total,Total,Ensemble,985512.0,colonnes
8,31,région,Savanes,0,Urbain,Hommes,3583.0,colonnes
8,31,région,Savanes,0,Urbain,Femmes,3350.0,colonnes
8,31,région,Savanes,0,Urbain,Ensemble,6933.0,colonnes
8,31,région,Savanes,0,Rural,Hommes,13830.0,colonnes
8,31,région,Savanes,0,Rural,Femmes,13497.0,colonnes
8,31,région,Savanes,0,Rural,Ensemble,27327.0,colonnes
8,31,région,Savanes,0,Total,Hommes,17413.0,colonnes
8,31,région,Savanes,0,Total,Femmes,16847.0,colonnes
8,31,région,Savanes,0,Total,Ensemble,34260.0,colonnes
8,31,région,Savanes,1-4,Urbain,Hommes,14693.0,colonnes
8,31,région,Savanes,1-4,Urbain,Femmes,13821.0,colonnes
8,31,région,Savanes,1-4,Urbain,Ensemble,28514.0,colonnes
8,31,région,Savanes,1-4,Rural,Hommes,62497.0,colonnes
8,31,région,Savanes,1-4,Rural,Femmes,60395.0,colonnes
8,31,région,Savanes,1-4,Rural,Ensemble,122892.0,colonnes
8,31,région,Savanes,1-4,Total,Hommes,77190.0,colonnes
8,31,région,Savanes,1-4,Total,Femmes,74216.0,colonnes
8,31,région,Savanes,1-4,Total,Ensemble,151406.0,colonnes
8,31,région,Savanes,5-9,Urbain,Hommes,17669.0,colonnes
8,31,région,Savanes,5-9,Urbain,Femmes,17112.0,colonnes
8,31,région,Savanes,5-9,Urbain,Ensemble,34781.0,colonnes
8,31,région,Savanes,5-9,Rural,Hommes,83980.0,colonnes
8,31,région,Savanes,5-9,Rural,Femmes,79622.0,colonnes
8,31,région,Savanes,5-9,Rural,Ensemble,163602.0,colonnes
8,31,région,Savanes,5-9,Total,Hommes,101649.0,colonnes
8,31,région,Savanes,5-9,Total,Femmes,96734.0,colonnes
8,31,région,Savanes,5-9,Total,Ensemble,198383.0,colonnes
8,31,région,Savanes,10-14,Urbain,Hommes,15968.0,colonnes
8,31,région,Savanes,10-14,Urbain,Femmes,16296.0,colonnes
8,31,région,Savanes,10-14,Urbain,Ensemble,32264.0,colonnes
8,31,région,Savanes,10-14,Rural,Hommes,71257.0,colonnes
8,31,région,Savanes,10-14,Rural,Femmes,63802.0,colonnes
8,31,région,Savanes,10-14,Rural,Ensemble,135059.0,colonnes
8,31,région,Savanes,10-14,Total,Hommes,87225.0,colonnes
8,31,région,Savanes,10-14,Total,Femmes,80098.0,colonnes
8,31,région,Savanes,10-14,Total,Ensemble,167323.0,colonnes
8,31,région,Savanes,15-19,Urbain,Hommes,14957.0,colonnes
8,31,région,Savanes,15-19,Urbain,Femmes,15753.0,colonnes
8,31,région,Savanes,15-19,Urbain,Ensemble,30710.0,colonnes
8,31,région,Savanes,15-19,Rural,Hommes,44362.0,colonnes
8,31,région,Savanes,15-19,Rural,Femmes,44418.0,colonnes
8,31,région,Savanes,15-19,Rural,Ensemble,88780.0,colonnes
8,31,région,Savanes,15-19,Total,Hommes,59319.0,colonnes
8,31,région,Savanes,15-19,Total,Femmes,60171.0,colonnes
8,31,région,Savanes,15-19,Total,Ensemble,119490.0,colonnes
8,31,région,Savanes,20-24,Urbain,Hommes,10071.0,colonnes
8,31,région,Savanes,20-24,Urbain,Femmes,12591.0,colonnes
8,31,région,Savanes,20-24,Urbain,Ensemble,22662.0,colonnes
8,31,région,Savanes,20-24,Rural,Hommes,27480.0,colonnes
8,31,région,Savanes,20-24,Rural,Femmes,38591.0,colonnes
8,31,région,Savanes,20-24,Rural,Ensemble,66071.0,colonnes
8,31,région,Savanes,20-24,Total,Hommes,37551.0,colonnes
8,31,région,Savanes,20-24,Total,Femmes,51182.0,colonnes
8,31,région,Savanes,20-24,Total,Ensemble,88733.0,colonnes
8,31,région,Savanes,25-29,Urbain,Hommes,8096.0,colonnes
8,31,région,Savanes,25-29,Urbain,Femmes,10335.0,colonnes
8,31,région,Savanes,25-29,Urbain,Ensemble,18431.0,colonnes
8,31,région,Savanes,25-29,Rural,Hommes,21999.0,colonnes
8,31,région,Savanes,25-29,Rural,Femmes,29206.0,colonnes
8,31,région,Savanes,25-29,Rural,Ensemble,51205.0,colonnes
8,31,région,Savanes,25-29,Total,Hommes,30095.0,colonnes
8,31,région,Savanes,25-29,Total,Femmes,39541.0,colonnes
8,31,région,Savanes,25-29,Total,Ensemble,69636.0,colonnes
8,31,région,Savanes,30-34,Urbain,Hommes,7876.0,colonnes
8,31,région,Savanes,30-34,Urbain,Femmes,8971.0,colonnes
8,31,région,Savanes,30-34,Urbain,Ensemble,16847.0,colonnes
8,31,région,Savanes,30-34,Rural,Hommes,20796.0,colonnes
8,31,région,Savanes,30-34,Rural,Femmes,28618.0,colonnes
8,31,région,Savanes,30-34,Rural,Ensemble,49414.0,colonnes
8,31,région,Savanes,30-34,Total,Hommes,28672.0,colonnes
8,31,région,Savanes,30-34,Total,Femmes,37589.0,colonnes
8,31,région,Savanes,30-34,Total,Ensemble,66261.0,colonnes
8,31,région,Savanes,35-39,Urbain,Hommes,6923.0,colonnes
8,31,région,Savanes,35-39,Urbain,Femmes,6930.0,colonnes
8,31,région,Savanes,35-39,Urbain,Ensemble,13853.0,colonnes
8,31,région,Savanes,35-39,Rural,Hommes,17624.0,colonnes
8,31,région,Savanes,35-39,Rural,Femmes,23414.0,colonnes
8,31,région,Savanes,35-39,Rural,Ensemble,41038.0,colonnes
8,31,région,Savanes,35-39,Total,Hommes,24547.0,colonnes
8,31,région,Savanes,35-39,Total,Femmes,30344.0,colonnes
8,31,région,Savanes,35-39,Total,Ensemble,54891.0,colonnes
8,31,région,Savanes,40-44,Urbain,Hommes,5581.0,colonnes
8,31,région,Savanes,40-44,Urbain,Femmes,5106.0,colonnes
8,31,région,Savanes,40-44,Urbain,Ensemble,10687.0,colonnes
8,31,région,Savanes,40-44,Rural,Hommes,15904.0,colonnes
8,31,région,Savanes,40-44,Rural,Femmes,21527.0,colonnes
8,31,région,Savanes,40-44,Rural,Ensemble,37431.0,colonnes
8,31,région,Savanes,40-44,Total,Hommes,21485.0,colonnes
8,31,région,Savanes,40-44,Total,Femmes,26633.0,colonnes
8,31,région,Savanes,40-44,Total,Ensemble,48118.0,colonnes
8,31,région,Savanes,45-49,Urbain,Hommes,3792.0,colonnes
8,31,région,Savanes,45-49,Urbain,Femmes,3593.0,colonnes
8,31,région,Savanes,45-49,Urbain,Ensemble,7385.0,colonnes
8,31,région,Savanes,45-49,Rural,Hommes,11808.0,colonnes
8,31,région,Savanes,45-49,Rural,Femmes,14433.0,colonnes
8,31,région,Savanes,45-49,Rural,Ensemble,26241.0,colonnes
8,31,région,Savanes,45-49,Total,Hommes,15600.0,colonnes
8,31,région,Savanes,45-49,Total,Femmes,18026.0,colonnes
8,31,région,Savanes,45-49,Total,Ensemble,33626.0,colonnes
8,31,région,Savanes,50-54,Urbain,Hommes,3148.0,colonnes
8,31,région,Savanes,50-54,Urbain,Femmes,3074.0,colonnes
8,31,région,Savanes,50-54,Urbain,Ensemble,6222.0,colonnes
8,31,région,Savanes,50-54,Rural,Hommes,11414.0,colonnes
8,31,région,Savanes,50-54,Rural,Femmes,14996.0,colonnes
8,31,région,Savanes,50-54,Rural,Ensemble,26410.0,colonnes
8,31,région,Savanes,50-54,Total,Hommes,14562.0,colonnes
8,31,région,Savanes,50-54,Total,Femmes,18070.0,colonnes
8,31,région,Savanes,50-54,Total,Ensemble,32632.0,colonnes
8,31,région,Savanes,55-59,Urbain,Hommes,1986.0,colonnes
8,31,région,Savanes,55-59,Urbain,Femmes,2010.0,colonnes
8,31,région,Savanes,55-59,Urbain,Ensemble,3996.0,colonnes
8,31,région,Savanes,55-59,Rural,Hommes,7653.0,colonnes
8,31,région,Savanes,55-59,Rural,Femmes,8450.0,colonnes
8,31,région,Savanes,55-59,Rural,Ensemble,16103.0,colonnes
8,31,région,Savanes,55-59,Total,Hommes,9639.0,colonnes
8,31,région,Savanes,55-59,Total,Femmes,10460.0,colonnes
8,31,région,Savanes,55-59,Total,Ensemble,20099.0,colonnes
8,31,région,Savanes,60-64,Urbain,Hommes,1536.0,colonnes
8,31,région,Savanes,60-64,Urbain,Femmes,1884.0,colonnes
8,31,région,Savanes,60-64,Urbain,Ensemble,3420.0,colonnes
8,31,région,Savanes,60-64,Rural,Hommes,6934.0,colonnes
8,31,région,Savanes,60-64,Rural,Femmes,9980.0,colonnes
8,31,région,Savanes,60-64,Rural,Ensemble,16914.0,colonnes
8,31,région,Savanes,60-64,Total,Hommes,8470.0,colonnes
8,31,région,Savanes,60-64,Total,Femmes,11864.0,colonnes
8,31,région,Savanes,60-64,Total,Ensemble,20334.0,colonnes
8,31,région,Savanes,65-69,Urbain,Hommes,906.0,colonnes
8,31,région,Savanes,65-69,Urbain,Femmes,989.0,colonnes
8,31,région,Savanes,65-69,Urbain,Ensemble,1895.0,colonnes
8,31,région,Savanes,65-69,Rural,Hommes,3811.0,colonnes
8,31,région,Savanes,65-69,Rural,Femmes,4915.0,colonnes
8,31,région,Savanes,65-69,Rural,Ensemble,8726.0,colonnes
8,31,région,Savanes,65-69,Total,Hommes,4717.0,colonnes
8,31,région,Savanes,65-69,Total,Femmes,5904.0,colonnes
8,31,région,Savanes,65-69,Total,Ensemble,10621.0,colonnes
8,31,région,Savanes,70-74,Urbain,Hommes,688.0,colonnes
8,31,région,Savanes,70-74,Urbain,Femmes,1053.0,colonnes
8,31,région,Savanes,70-74,Urbain,Ensemble,1741.0,colonnes
8,31,région,Savanes,70-74,Rural,Hommes,3664.0,colonnes
8,31,région,Savanes,70-74,Rural,Femmes,5548.0,colonnes
8,31,région,Savanes,70-74,Rural,Ensemble,9212.0,colonnes
8,31,région,Savanes,70-74,Total,Hommes,4352.0,colonnes
8,31,région,Savanes,70-74,Total,Femmes,6601.0,colonnes
8,31,région,Savanes,70-74,Total,Ensemble,10953.0,colonnes
8,31,région,Savanes,75-79,Urbain,Hommes,280.0,colonnes
8,31,région,Savanes,75-79,Urbain,Femmes,512.0,colonnes
8,31,région,Savanes,75-79,Urbain,Ensemble,792.0,colonnes
8,31,région,Savanes,75-79,Rural,Hommes,1842.0,colonnes
8,31,région,Savanes,75-79,Rural,Femmes,2486.0,colonnes
8,31,région,Savanes,75-79,Rural,Ensemble,4328.0,colonnes
8,31,région,Savanes,75-79,Total,Hommes,2122.0,colonnes
8,31,région,Savanes,75-79,Total,Femmes,2998.0,colonnes
8,31,région,Savanes,75-79,Total,Ensemble,5120.0,colonnes
8,31,région,Savanes,80-84,Urbain,Hommes,225.0,colonnes
8,31,région,Savanes,80-84,Urbain,Femmes,490.0,colonnes
8,31,région,Savanes,80-84,Urbain,Ensemble,715.0,colonnes
8,31,région,Savanes,80-84,Rural,Hommes,1783.0,colonnes
8,31,région,Savanes,80-84,Rural,Femmes,2722.0,colonnes
8,31,région,Savanes,80-84,Rural,Ensemble,4505.0,colonnes
8,31,région,Savanes,80-84,Total,Hommes,2008.0,colonnes
8,31,région,Savanes,80-84,Total,Femmes,3212.0,colonnes
8,31,région,Savanes,80-84,Total,Ensemble,5220.0,colonnes
8,31,région,Savanes,85 et +,Urbain,Hommes,211.0,colonnes
8,31,région,Savanes,85 et +,Urbain,Femmes,503.0,colonnes
8,31,région,Savanes,85 et +,Urbain,Ensemble,714.0,colonnes
8,31,région,Savanes,85 et +,Rural,Hommes,1985.0,colonnes
8,31,région,Savanes,85 et +,Rural,Femmes,2413.0,colonnes
8,31,région,Savanes,85 et +,Rural,Ensemble,4398.0,colonnes
8,31,région,Savanes,85 et +,Total,Hommes,2196.0,colonnes
8,31,région,Savanes,85 et +,Total,Femmes,2916.0,colonnes
8,31,région,Savanes,85 et +,Total,Ensemble,5112.0,colonnes
8,31,région,Savanes,ND,Urbain,Hommes,153.0,colonnes
8,31,région,Savanes,ND,Urbain,Femmes,124.0,colonnes
8,31,région,Savanes,ND,Urbain,Ensemble,277.0,colonnes
8,31,région,Savanes,ND,Rural,Hommes,450.0,colonnes
8,31,région,Savanes,ND,Rural,Femmes,575.0,colonnes
8,31,région,Savanes,ND,Rural,Ensemble,1025.0,colonnes
8,31,région,Savanes,ND,Total,Hommes,603.0,colonnes
8,31,région,Savanes,ND,Total,Femmes,699.0,colonnes
8,31,région,Savanes,ND,Total,Ensemble,1302.0,colonnes
8,31,région,Savanes,Total,Urbain,Hommes,118342.0,colonnes
8,31,région,Savanes,Total,Urbain,Femmes,124497.0,colonnes
8,31,région,Savanes,Total,Urbain,Ensemble,242839.0,colonnes
8,31,région,Savanes,Total,Rural,Hommes,431073.0,colonnes
8,31,région,Savanes,Total,Rural,Femmes,469608.0,colonnes
8,31,région,Savanes,Total,Rural,Ensemble,900681.0,colonnes
8,31,région,Savanes,Total,Total,Hommes,549415.0,colonnes
8,31,région,Savanes,Total,Total,Femmes,594105.0,colonnes
8,31,région,Savanes,Total,Total,Ensemble,1143520.0,colonnes
9,35,préfecture,Golfe,0,Urbain,Hommes,13715.0,colonnes
9,35,préfecture,Golfe,0,Urbain,Femmes,13584.0,colonnes
9,35,préfecture,Golfe,0,Urbain,Ensemble,27299.0,colonnes
9,35,préfecture,Golfe,0,Rural,Hommes,,colonnes
9,35,préfecture,Golfe,0,Rural,Femmes,,colonnes
9,35,préfecture,Golfe,0,Rural,Ensemble,,colonnes
9,35,préfecture,Golfe,0,Total,Hommes,13715.0,colonnes
9,35,préfecture,Golfe,0,Total,Femmes,13584.0,colonnes
9,35,préfecture,Golfe,0,Total,Ensemble,27299.0,colonnes
9,35,préfecture,Golfe,1-4,Urbain,Hommes,57889.0,colonnes
9,35,préfecture,Golfe,1-4,Urbain,Femmes,55566.0,colonnes
9,35,préfecture,Golfe,1-4,Urbain,Ensemble,113455.0,colonnes
9,35,préfecture,Golfe,1-4,Rural,Hommes,,colonnes
9,35,préfecture,Golfe,1-4,Rural,Femmes,,colonnes
9,35,préfecture,Golfe,1-4,Rural,Ensemble,,colonnes
9,35,préfecture,Golfe,1-4,Total,Hommes,57889.0,colonnes
9,35,préfecture,Golfe,1-4,Total,Femmes,55566.0,colonnes
9,35,préfecture,Golfe,1-4,Total,Ensemble,113455.0,colonnes
9,35,préfecture,Golfe,5-9,Urbain,Hommes,72917.0,colonnes
9,35,préfecture,Golfe,5-9,Urbain,Femmes,72804.0,colonnes
9,35,préfecture,Golfe,5-9,Urbain,Ensemble,145721.0,colonnes
9,35,préfecture,Golfe,5-9,Rural,Hommes,,colonnes
9,35,préfecture,Golfe,5-9,Rural,Femmes,,colonnes
9,35,préfecture,Golfe,5-9,Rural,Ensemble,,colonnes
9,35,préfecture,Golfe,5-9,Total,Hommes,72917.0,colonnes
9,35,préfecture,Golfe,5-9,Total,Femmes,72804.0,colonnes
9,35,préfecture,Golfe,5-9,Total,Ensemble,145721.0,colonnes
9,35,préfecture,Golfe,10-14,Urbain,Hommes,69038.0,colonnes
9,35,préfecture,Golfe,10-14,Urbain,Femmes,74603.0,colonnes
9,35,préfecture,Golfe,10-14,Urbain,Ensemble,143641.0,colonnes
9,35,préfecture,Golfe,10-14,Rural,Hommes,,colonnes
9,35,préfecture,Golfe,10-14,Rural,Femmes,,colonnes
9,35,préfecture,Golfe,10-14,Rural,Ensemble,,colonnes
9,35,préfecture,Golfe,10-14,Total,Hommes,69038.0,colonnes
9,35,préfecture,Golfe,10-14,Total,Femmes,74603.0,colonnes
9,35,préfecture,Golfe,10-14,Total,Ensemble,143641.0,colonnes
9,35,préfecture,Golfe,15-19,Urbain,Hommes,66445.0,colonnes
9,35,préfecture,Golfe,15-19,Urbain,Femmes,73715.0,colonnes
9,35,préfecture,Golfe,15-19,Urbain,Ensemble,140160.0,colonnes
9,35,préfecture,Golfe,15-19,Rural,Hommes,,colonnes
9,35,préfecture,Golfe,15-19,Rural,Femmes,,colonnes
9,35,préfecture,Golfe,15-19,Rural,Ensemble,,colonnes
9,35,préfecture,Golfe,15-19,Total,Hommes,66445.0,colonnes
9,35,préfecture,Golfe,15-19,Total,Femmes,73715.0,colonnes
9,35,préfecture,Golfe,15-19,Total,Ensemble,140160.0,colonnes
9,35,préfecture,Golfe,20-24,Urbain,Hommes,64949.0,colonnes
9,35,préfecture,Golfe,20-24,Urbain,Femmes,69690.0,colonnes
9,35,préfecture,Golfe,20-24,Urbain,Ensemble,134639.0,colonnes
9,35,préfecture,Golfe,20-24,Rural,Hommes,,colonnes
9,35,préfecture,Golfe,20-24,Rural,Femmes,,colonnes
9,35,préfecture,Golfe,20-24,Rural,Ensemble,,colonnes
9,35,préfecture,Golfe,20-24,Total,Hommes,64949.0,colonnes
9,35,préfecture,Golfe,20-24,Total,Femmes,69690.0,colonnes
9,35,préfecture,Golfe,20-24,Total,Ensemble,134639.0,colonnes
9,35,préfecture,Golfe,25-29,Urbain,Hommes,53043.0,colonnes
9,35,préfecture,Golfe,25-29,Urbain,Femmes,57793.0,colonnes
9,35,préfecture,Golfe,25-29,Urbain,Ensemble,110836.0,colonnes
9,35,préfecture,Golfe,25-29,Rural,Hommes,,colonnes
9,35,préfecture,Golfe,25-29,Rural,Femmes,,colonnes
9,35,préfecture,Golfe,25-29,Rural,Ensemble,,colonnes
9,35,préfecture,Golfe,25-29,Total,Hommes,53043.0,colonnes
9,35,préfecture,Golfe,25-29,Total,Femmes,57793.0,colonnes
9,35,préfecture,Golfe,25-29,Total,Ensemble,110836.0,colonnes
9,35,préfecture,Golfe,30-34,Urbain,Hommes,49081.0,colonnes
9,35,préfecture,Golfe,30-34,Urbain,Femmes,54621.0,colonnes
9,35,préfecture,Golfe,30-34,Urbain,Ensemble,103702.0,colonnes
9,35,préfecture,Golfe,30-34,Rural,Hommes,,colonnes
9,35,préfecture,Golfe,30-34,Rural,Femmes,,colonnes
9,35,préfecture,Golfe,30-34,Rural,Ensemble,,colonnes
9,35,préfecture,Golfe,30-34,Total,Hommes,49081.0,colonnes
9,35,préfecture,Golfe,30-34,Total,Femmes,54621.0,colonnes
9,35,préfecture,Golfe,30-34,Total,Ensemble,103702.0,colonnes
9,35,préfecture,Golfe,35-39,Urbain,Hommes,44110.0,colonnes
9,35,préfecture,Golfe,35-39,Urbain,Femmes,48709.0,colonnes
9,35,préfecture,Golfe,35-39,Urbain,Ensemble,92819.0,colonnes
9,35,préfecture,Golfe,35-39,Rural,Hommes,,colonnes
9,35,préfecture,Golfe,35-39,Rural,Femmes,,colonnes
9,35,préfecture,Golfe,35-39,Rural,Ensemble,,colonnes
9,35,préfecture,Golfe,35-39,Total,Hommes,44110.0,colonnes
9,35,préfecture,Golfe,35-39,Total,Femmes,48709.0,colonnes
9,35,préfecture,Golfe,35-39,Total,Ensemble,92819.0,colonnes
9,35,préfecture,Golfe,40-44,Urbain,Hommes,38166.0,colonnes
9,35,préfecture,Golfe,40-44,Urbain,Femmes,39288.0,colonnes
9,35,préfecture,Golfe,40-44,Urbain,Ensemble,77454.0,colonnes
9,35,préfecture,Golfe,40-44,Rural,Hommes,,colonnes
9,35,préfecture,Golfe,40-44,Rural,Femmes,,colonnes
9,35,préfecture,Golfe,40-44,Rural,Ensemble,,colonnes
9,35,préfecture,Golfe,40-44,Total,Hommes,38166.0,colonnes
9,35,préfecture,Golfe,40-44,Total,Femmes,39288.0,colonnes
9,35,préfecture,Golfe,40-44,Total,Ensemble,77454.0,colonnes
9,35,préfecture,Golfe,45-49,Urbain,Hommes,29465.0,colonnes
9,35,préfecture,Golfe,45-49,Urbain,Femmes,28560.0,colonnes
9,35,préfecture,Golfe,45-49,Urbain,Ensemble,58025.0,colonnes
9,35,préfecture,Golfe,45-49,Rural,Hommes,,colonnes
9,35,préfecture,Golfe,45-49,Rural,Femmes,,colonnes
9,35,préfecture,Golfe,45-49,Rural,Ensemble,,colonnes
9,35,préfecture,Golfe,45-49,Total,Hommes,29465.0,colonnes
9,35,préfecture,Golfe,45-49,Total,Femmes,28560.0,colonnes
9,35,préfecture,Golfe,45-49,Total,Ensemble,58025.0,colonnes
9,35,préfecture,Golfe,50-54,Urbain,Hommes,23837.0,colonnes
9,35,préfecture,Golfe,50-54,Urbain,Femmes,24571.0,colonnes
9,35,préfecture,Golfe,50-54,Urbain,Ensemble,48408.0,colonnes
9,35,préfecture,Golfe,50-54,Rural,Hommes,,colonnes
9,35,préfecture,Golfe,50-54,Rural,Femmes,,colonnes
9,35,préfecture,Golfe,50-54,Rural,Ensemble,,colonnes
9,35,préfecture,Golfe,50-54,Total,Hommes,23837.0,colonnes
9,35,préfecture,Golfe,50-54,Total,Femmes,24571.0,colonnes
9,35,préfecture,Golfe,50-54,Total,Ensemble,48408.0,colonnes
9,35,préfecture,Golfe,55-59,Urbain,Hommes,16296.0,colonnes
9,35,préfecture,Golfe,55-59,Urbain,Femmes,17670.0,colonnes
9,35,préfecture,Golfe,55-59,Urbain,Ensemble,33966.0,colonnes
9,35,préfecture,Golfe,55-59,Rural,Hommes,,colonnes
9,35,préfecture,Golfe,55-59,Rural,Femmes,,colonnes
9,35,préfecture,Golfe,55-59,Rural,Ensemble,,colonnes
9,35,préfecture,Golfe,55-59,Total,Hommes,16296.0,colonnes
9,35,préfecture,Golfe,55-59,Total,Femmes,17670.0,colonnes
9,35,préfecture,Golfe,55-59,Total,Ensemble,33966.0,colonnes
9,35,préfecture,Golfe,60-64,Urbain,Hommes,12844.0,colonnes
9,35,préfecture,Golfe,60-64,Urbain,Femmes,14841.0,colonnes
9,35,préfecture,Golfe,60-64,Urbain,Ensemble,27685.0,colonnes
9,35,préfecture,Golfe,60-64,Rural,Hommes,,colonnes
9,35,préfecture,Golfe,60-64,Rural,Femmes,,colonnes
9,35,préfecture,Golfe,60-64,Rural,Ensemble,,colonnes
9,35,préfecture,Golfe,60-64,Total,Hommes,12844.0,colonnes
9,35,préfecture,Golfe,60-64,Total,Femmes,14841.0,colonnes
9,35,préfecture,Golfe,60-64,Total,Ensemble,27685.0,colonnes
9,35,préfecture,Golfe,65-69,Urbain,Hommes,7448.0,colonnes
9,35,préfecture,Golfe,65-69,Urbain,Femmes,9465.0,colonnes
9,35,préfecture,Golfe,65-69,Urbain,Ensemble,16913.0,colonnes
9,35,préfecture,Golfe,65-69,Rural,Hommes,,colonnes
9,35,préfecture,Golfe,65-69,Rural,Femmes,,colonnes
9,35,préfecture,Golfe,65-69,Rural,Ensemble,,colonnes
9,35,préfecture,Golfe,65-69,Total,Hommes,7448.0,colonnes
9,35,préfecture,Golfe,65-69,Total,Femmes,9465.0,colonnes
9,35,préfecture,Golfe,65-69,Total,Ensemble,16913.0,colonnes
9,35,préfecture,Golfe,70-74,Urbain,Hommes,4648.0,colonnes
9,35,préfecture,Golfe,70-74,Urbain,Femmes,6475.0,colonnes
9,35,préfecture,Golfe,70-74,Urbain,Ensemble,11123.0,colonnes
9,35,préfecture,Golfe,70-74,Rural,Hommes,,colonnes
9,35,préfecture,Golfe,70-74,Rural,Femmes,,colonnes
9,35,préfecture,Golfe,70-74,Rural,Ensemble,,colonnes
9,35,préfecture,Golfe,70-74,Total,Hommes,4648.0,colonnes
9,35,préfecture,Golfe,70-74,Total,Femmes,6475.0,colonnes
9,35,préfecture,Golfe,70-74,Total,Ensemble,11123.0,colonnes
9,35,préfecture,Golfe,75-79,Urbain,Hommes,2334.0,colonnes
9,35,préfecture,Golfe,75-79,Urbain,Femmes,3587.0,colonnes
9,35,préfecture,Golfe,75-79,Urbain,Ensemble,5921.0,colonnes
9,35,préfecture,Golfe,75-79,Rural,Hommes,,colonnes
9,35,préfecture,Golfe,75-79,Rural,Femmes,,colonnes
9,35,préfecture,Golfe,75-79,Rural,Ensemble,,colonnes
9,35,préfecture,Golfe,75-79,Total,Hommes,2334.0,colonnes
9,35,préfecture,Golfe,75-79,Total,Femmes,3587.0,colonnes
9,35,préfecture,Golfe,75-79,Total,Ensemble,5921.0,colonnes
9,35,préfecture,Golfe,80-84,Urbain,Hommes,1189.0,colonnes
9,35,préfecture,Golfe,80-84,Urbain,Femmes,2808.0,colonnes
9,35,préfecture,Golfe,80-84,Urbain,Ensemble,3997.0,colonnes
9,35,préfecture,Golfe,80-84,Rural,Hommes,,colonnes
9,35,préfecture,Golfe,80-84,Rural,Femmes,,colonnes
9,35,préfecture,Golfe,80-84,Rural,Ensemble,,colonnes
9,35,préfecture,Golfe,80-84,Total,Hommes,1189.0,colonnes
9,35,préfecture,Golfe,80-84,Total,Femmes,2808.0,colonnes
9,35,préfecture,Golfe,80-84,Total,Ensemble,3997.0,colonnes
9,35,préfecture,Golfe,85 et +,Urbain,Hommes,896.0,colonnes
9,35,préfecture,Golfe,85 et +,Urbain,Femmes,3033.0,colonnes
9,35,préfecture,Golfe,85 et +,Urbain,Ensemble,3929.0,colonnes
9,35,préfecture,Golfe,85 et +,Rural,Hommes,,colonnes
9,35,préfecture,Golfe,85 et +,Rural,Femmes,,colonnes
9,35,préfecture,Golfe,85 et +,Rural,Ensemble,,colonnes
9,35,préfecture,Golfe,85 et +,Total,Hommes,896.0,colonnes
9,35,préfecture,Golfe,85 et +,Total,Femmes,3033.0,colonnes
9,35,préfecture,Golfe,85 et +,Total,Ensemble,3929.0,colonnes
9,35,préfecture,Golfe,ND,Urbain,Hommes,3257.0,colonnes
9,35,préfecture,Golfe,ND,Urbain,Femmes,2731.0,colonnes
9,35,préfecture,Golfe,ND,Urbain,Ensemble,5988.0,colonnes
9,35,préfecture,Golfe,ND,Rural,Hommes,,colonnes
9,35,préfecture,Golfe,ND,Rural,Femmes,,colonnes
9,35,préfecture,Golfe,ND,Rural,Ensemble,,colonnes
9,35,préfecture,Golfe,ND,Total,Hommes,3257.0,colonnes
9,35,préfecture,Golfe,ND,Total,Femmes,2731.0,colonnes
9,35,préfecture,Golfe,ND,Total,Ensemble,5988.0,colonnes
9,35,préfecture,Golfe,Total,Urbain,Hommes,631567.0,colonnes
9,35,préfecture,Golfe,Total,Urbain,Femmes,674114.0,colonnes
9,35,préfecture,Golfe,Total,Urbain,Ensemble,1305681.0,colonnes
9,35,préfecture,Golfe,Total,Rural,Hommes,,colonnes
9,35,préfecture,Golfe,Total,Rural,Femmes,,colonnes
9,35,préfecture,Golfe,Total,Rural,Ensemble,,colonnes
9,35,préfecture,Golfe,Total,Total,Hommes,631567.0,colonnes
9,35,préfecture,Golfe,Total,Total,Femmes,674114.0,colonnes
9,35,préfecture,Golfe,Total,Total,Ensemble,1305681.0,colonnes
10,36,préfecture,Agoè-Nyivé,0,Urbain,Hommes,10908.0,colonnes
10,36,préfecture,Agoè-Nyivé,0,Urbain,Femmes,10400.0,colonnes
10,36,préfecture,Agoè-Nyivé,0,Urbain,Ensemble,21308.0,colonnes
10,36,préfecture,Agoè-Nyivé,0,Rural,Hommes,,colonnes
10,36,préfecture,Agoè-Nyivé,0,Rural,Femmes,,colonnes
10,36,préfecture,Agoè-Nyivé,0,Rural,Ensemble,,colonnes
10,36,préfecture,Agoè-Nyivé,0,Total,Hommes,10908.0,colonnes
10,36,préfecture,Agoè-Nyivé,0,Total,Femmes,10400.0,colonnes
10,36,préfecture,Agoè-Nyivé,0,Total,Ensemble,21308.0,colonnes
10,36,préfecture,Agoè-Nyivé,1-4,Urbain,Hommes,44471.0,colonnes
10,36,préfecture,Agoè-Nyivé,1-4,Urbain,Femmes,42561.0,colonnes
10,36,préfecture,Agoè-Nyivé,1-4,Urbain,Ensemble,87032.0,colonnes
10,36,préfecture,Agoè-Nyivé,1-4,Rural,Hommes,,colonnes
10,36,préfecture,Agoè-Nyivé,1-4,Rural,Femmes,,colonnes
10,36,préfecture,Agoè-Nyivé,1-4,Rural,Ensemble,,colonnes
10,36,préfecture,Agoè-Nyivé,1-4,Total,Hommes,44471.0,colonnes
10,36,préfecture,Agoè-Nyivé,1-4,Total,Femmes,42561.0,colonnes
10,36,préfecture,Agoè-Nyivé,1-4,Total,Ensemble,87032.0,colonnes
10,36,préfecture,Agoè-Nyivé,5-9,Urbain,Hommes,55060.0,colonnes
10,36,préfecture,Agoè-Nyivé,5-9,Urbain,Femmes,54189.0,colonnes
10,36,préfecture,Agoè-Nyivé,5-9,Urbain,Ensemble,109249.0,colonnes
10,36,préfecture,Agoè-Nyivé,5-9,Rural,Hommes,,colonnes
10,36,préfecture,Agoè-Nyivé,5-9,Rural,Femmes,,colonnes
10,36,préfecture,Agoè-Nyivé,5-9,Rural,Ensemble,,colonnes
10,36,préfecture,Agoè-Nyivé,5-9,Total,Hommes,55060.0,colonnes
10,36,préfecture,Agoè-Nyivé,5-9,Total,Femmes,54189.0,colonnes
10,36,préfecture,Agoè-Nyivé,5-9,Total,Ensemble,109249.0,colonnes
10,36,préfecture,Agoè-Nyivé,10-14,Urbain,Hommes,48661.0,colonnes
10,36,préfecture,Agoè-Nyivé,10-14,Urbain,Femmes,52949.0,colonnes
10,36,préfecture,Agoè-Nyivé,10-14,Urbain,Ensemble,101610.0,colonnes
10,36,préfecture,Agoè-Nyivé,10-14,Rural,Hommes,,colonnes
10,36,préfecture,Agoè-Nyivé,10-14,Rural,Femmes,,colonnes
10,36,préfecture,Agoè-Nyivé,10-14,Rural,Ensemble,,colonnes
10,36,préfecture,Agoè-Nyivé,10-14,Total,Hommes,48661.0,colonnes
10,36,préfecture,Agoè-Nyivé,10-14,Total,Femmes,52949.0,colonnes
10,36,préfecture,Agoè-Nyivé,10-14,Total,Ensemble,101610.0,colonnes
10,36,préfecture,Agoè-Nyivé,15-19,Urbain,Hommes,43898.0,colonnes
10,36,préfecture,Agoè-Nyivé,15-19,Urbain,Femmes,50452.0,colonnes
10,36,préfecture,Agoè-Nyivé,15-19,Urbain,Ensemble,94350.0,colonnes
10,36,préfecture,Agoè-Nyivé,15-19,Rural,Hommes,,colonnes
10,36,préfecture,Agoè-Nyivé,15-19,Rural,Femmes,,colonnes
10,36,préfecture,Agoè-Nyivé,15-19,Rural,Ensemble,,colonnes
10,36,préfecture,Agoè-Nyivé,15-19,Total,Hommes,43898.0,colonnes
10,36,préfecture,Agoè-Nyivé,15-19,Total,Femmes,50452.0,colonnes
10,36,préfecture,Agoè-Nyivé,15-19,Total,Ensemble,94350.0,colonnes
10,36,préfecture,Agoè-Nyivé,20-24,Urbain,Hommes,41419.0,colonnes
10,36,préfecture,Agoè-Nyivé,20-24,Urbain,Femmes,47495.0,colonnes
10,36,préfecture,Agoè-Nyivé,20-24,Urbain,Ensemble,88914.0,colonnes
10,36,préfecture,Agoè-Nyivé,20-24,Rural,Hommes,,colonnes
10,36,préfecture,Agoè-Nyivé,20-24,Rural,Femmes,,colonnes
10,36,préfecture,Agoè-Nyivé,20-24,Rural,Ensemble,,colonnes
10,36,préfecture,Agoè-Nyivé,20-24,Total,Hommes,41419.0,colonnes
10,36,préfecture,Agoè-Nyivé,20-24,Total,Femmes,47495.0,colonnes
10,36,préfecture,Agoè-Nyivé,20-24,Total,Ensemble,88914.0,colonnes
10,36,préfecture,Agoè-Nyivé,25-29,Urbain,Hommes,36434.0,colonnes
10,36,préfecture,Agoè-Nyivé,25-29,Urbain,Femmes,42627.0,colonnes
10,36,préfecture,Agoè-Nyivé,25-29,Urbain,Ensemble,79061.0,colonnes
10,36,préfecture,Agoè-Nyivé,25-29,Rural,Hommes,,colonnes
10,36,préfecture,Agoè-Nyivé,25-29,Rural,Femmes,,colonnes
10,36,préfecture,Agoè-Nyivé,25-29,Rural,Ensemble,,colonnes
10,36,préfecture,Agoè-Nyivé,25-29,Total,Hommes,36434.0,colonnes
10,36,préfecture,Agoè-Nyivé,25-29,Total,Femmes,42627.0,colonnes
10,36,préfecture,Agoè-Nyivé,25-29,Total,Ensemble,79061.0,colonnes
10,36,préfecture,Agoè-Nyivé,30-34,Urbain,Hommes,35319.0,colonnes
10,36,préfecture,Agoè-Nyivé,30-34,Urbain,Femmes,39976.0,colonnes
10,36,préfecture,Agoè-Nyivé,30-34,Urbain,Ensemble,75295.0,colonnes
10,36,préfecture,Agoè-Nyivé,30-34,Rural,Hommes,,colonnes
10,36,préfecture,Agoè-Nyivé,30-34,Rural,Femmes,,colonnes
10,36,préfecture,Agoè-Nyivé,30-34,Rural,Ensemble,,colonnes
10,36,préfecture,Agoè-Nyivé,30-34,Total,Hommes,35319.0,colonnes
10,36,préfecture,Agoè-Nyivé,30-34,Total,Femmes,39976.0,colonnes
10,36,préfecture,Agoè-Nyivé,30-34,Total,Ensemble,75295.0,colonnes
10,36,préfecture,Agoè-Nyivé,35-39,Urbain,Hommes,31170.0,colonnes
10,36,préfecture,Agoè-Nyivé,35-39,Urbain,Femmes,32904.0,colonnes
10,36,préfecture,Agoè-Nyivé,35-39,Urbain,Ensemble,64074.0,colonnes
10,36,préfecture,Agoè-Nyivé,35-39,Rural,Hommes,,colonnes
10,36,préfecture,Agoè-Nyivé,35-39,Rural,Femmes,,colonnes
10,36,préfecture,Agoè-Nyivé,35-39,Rural,Ensemble,,colonnes
10,36,préfecture,Agoè-Nyivé,35-39,Total,Hommes,31170.0,colonnes
10,36,préfecture,Agoè-Nyivé,35-39,Total,Femmes,32904.0,colonnes
10,36,préfecture,Agoè-Nyivé,35-39,Total,Ensemble,64074.0,colonnes
10,36,préfecture,Agoè-Nyivé,40-44,Urbain,Hommes,24587.0,colonnes
10,36,préfecture,Agoè-Nyivé,40-44,Urbain,Femmes,23028.0,colonnes
10,36,préfecture,Agoè-Nyivé,40-44,Urbain,Ensemble,47615.0,colonnes
10,36,préfecture,Agoè-Nyivé,40-44,Rural,Hommes,,colonnes
10,36,préfecture,Agoè-Nyivé,40-44,Rural,Femmes,,colonnes
10,36,préfecture,Agoè-Nyivé,40-44,Rural,Ensemble,,colonnes
10,36,préfecture,Agoè-Nyivé,40-44,Total,Hommes,24587.0,colonnes
10,36,préfecture,Agoè-Nyivé,40-44,Total,Femmes,23028.0,colonnes
10,36,préfecture,Agoè-Nyivé,40-44,Total,Ensemble,47615.0,colonnes
10,36,préfecture,Agoè-Nyivé,45-49,Urbain,Hommes,17607.0,colonnes
10,36,préfecture,Agoè-Nyivé,45-49,Urbain,Femmes,16539.0,colonnes
10,36,préfecture,Agoè-Nyivé,45-49,Urbain,Ensemble,34146.0,colonnes
10,36,préfecture,Agoè-Nyivé,45-49,Rural,Hommes,,colonnes
10,36,préfecture,Agoè-Nyivé,45-49,Rural,Femmes,,colonnes
10,36,préfecture,Agoè-Nyivé,45-49,Rural,Ensemble,,colonnes
10,36,préfecture,Agoè-Nyivé,45-49,Total,Hommes,17607.0,colonnes
10,36,préfecture,Agoè-Nyivé,45-49,Total,Femmes,16539.0,colonnes
10,36,préfecture,Agoè-Nyivé,45-49,Total,Ensemble,34146.0,colonnes
10,36,préfecture,Agoè-Nyivé,50-54,Urbain,Hommes,13841.0,colonnes
10,36,préfecture,Agoè-Nyivé,50-54,Urbain,Femmes,12969.0,colonnes
10,36,préfecture,Agoè-Nyivé,50-54,Urbain,Ensemble,26810.0,colonnes
10,36,préfecture,Agoè-Nyivé,50-54,Rural,Hommes,,colonnes
10,36,préfecture,Agoè-Nyivé,50-54,Rural,Femmes,,colonnes
10,36,préfecture,Agoè-Nyivé,50-54,Rural,Ensemble,,colonnes
10,36,préfecture,Agoè-Nyivé,50-54,Total,Hommes,13841.0,colonnes
10,36,préfecture,Agoè-Nyivé,50-54,Total,Femmes,12969.0,colonnes
10,36,préfecture,Agoè-Nyivé,50-54,Total,Ensemble,26810.0,colonnes
10,36,préfecture,Agoè-Nyivé,55-59,Urbain,Hommes,9809.0,colonnes
10,36,préfecture,Agoè-Nyivé,55-59,Urbain,Femmes,8949.0,colonnes
10,36,préfecture,Agoè-Nyivé,55-59,Urbain,Ensemble,18758.0,colonnes
10,36,préfecture,Agoè-Nyivé,55-59,Rural,Hommes,,colonnes
10,36,préfecture,Agoè-Nyivé,55-59,Rural,Femmes,,colonnes
10,36,préfecture,Agoè-Nyivé,55-59,Rural,Ensemble,,colonnes
10,36,préfecture,Agoè-Nyivé,55-59,Total,Hommes,9809.0,colonnes
10,36,préfecture,Agoè-Nyivé,55-59,Total,Femmes,8949.0,colonnes
10,36,préfecture,Agoè-Nyivé,55-59,Total,Ensemble,18758.0,colonnes
10,36,préfecture,Agoè-Nyivé,60-64,Urbain,Hommes,6696.0,colonnes
10,36,préfecture,Agoè-Nyivé,60-64,Urbain,Femmes,6842.0,colonnes
10,36,préfecture,Agoè-Nyivé,60-64,Urbain,Ensemble,13538.0,colonnes
10,36,préfecture,Agoè-Nyivé,60-64,Rural,Hommes,,colonnes
10,36,préfecture,Agoè-Nyivé,60-64,Rural,Femmes,,colonnes
10,36,préfecture,Agoè-Nyivé,60-64,Rural,Ensemble,,colonnes
10,36,préfecture,Agoè-Nyivé,60-64,Total,Hommes,6696.0,colonnes
10,36,préfecture,Agoè-Nyivé,60-64,Total,Femmes,6842.0,colonnes
10,36,préfecture,Agoè-Nyivé,60-64,Total,Ensemble,13538.0,colonnes
10,36,préfecture,Agoè-Nyivé,65-69,Urbain,Hommes,3720.0,colonnes
10,36,préfecture,Agoè-Nyivé,65-69,Urbain,Femmes,4098.0,colonnes
10,36,préfecture,Agoè-Nyivé,65-69,Urbain,Ensemble,7818.0,colonnes
10,36,préfecture,Agoè-Nyivé,65-69,Rural,Hommes,,colonnes
10,36,préfecture,Agoè-Nyivé,65-69,Rural,Femmes,,colonnes
10,36,préfecture,Agoè-Nyivé,65-69,Rural,Ensemble,,colonnes
10,36,préfecture,Agoè-Nyivé,65-69,Total,Hommes,3720.0,colonnes
10,36,préfecture,Agoè-Nyivé,65-69,Total,Femmes,4098.0,colonnes
10,36,préfecture,Agoè-Nyivé,65-69,Total,Ensemble,7818.0,colonnes
10,36,préfecture,Agoè-Nyivé,70-74,Urbain,Hommes,1975.0,colonnes
10,36,préfecture,Agoè-Nyivé,70-74,Urbain,Femmes,2713.0,colonnes
10,36,préfecture,Agoè-Nyivé,70-74,Urbain,Ensemble,4688.0,colonnes
10,36,préfecture,Agoè-Nyivé,70-74,Rural,Hommes,,colonnes
10,36,préfecture,Agoè-Nyivé,70-74,Rural,Femmes,,colonnes
10,36,préfecture,Agoè-Nyivé,70-74,Rural,Ensemble,,colonnes
10,36,préfecture,Agoè-Nyivé,70-74,Total,Hommes,1975.0,colonnes
10,36,préfecture,Agoè-Nyivé,70-74,Total,Femmes,2713.0,colonnes
10,36,préfecture,Agoè-Nyivé,70-74,Total,Ensemble,4688.0,colonnes
10,36,préfecture,Agoè-Nyivé,75-79,Urbain,Hommes,763.0,colonnes
10,36,préfecture,Agoè-Nyivé,75-79,Urbain,Femmes,1360.0,colonnes
10,36,préfecture,Agoè-Nyivé,75-79,Urbain,Ensemble,2123.0,colonnes
10,36,préfecture,Agoè-Nyivé,75-79,Rural,Hommes,,colonnes
10,36,préfecture,Agoè-Nyivé,75-79,Rural,Femmes,,colonnes
10,36,préfecture,Agoè-Nyivé,75-79,Rural,Ensemble,,colonnes
10,36,préfecture,Agoè-Nyivé,75-79,Total,Hommes,763.0,colonnes
10,36,préfecture,Agoè-Nyivé,75-79,Total,Femmes,1360.0,colonnes
10,36,préfecture,Agoè-Nyivé,75-79,Total,Ensemble,2123.0,colonnes
10,36,préfecture,Agoè-Nyivé,80-84,Urbain,Hommes,401.0,colonnes
10,36,préfecture,Agoè-Nyivé,80-84,Urbain,Femmes,1070.0,colonnes
10,36,préfecture,Agoè-Nyivé,80-84,Urbain,Ensemble,1471.0,colonnes
10,36,préfecture,Agoè-Nyivé,80-84,Rural,Hommes,,colonnes
10,36,préfecture,Agoè-Nyivé,80-84,Rural,Femmes,,colonnes
10,36,préfecture,Agoè-Nyivé,80-84,Rural,Ensemble,,colonnes
10,36,préfecture,Agoè-Nyivé,80-84,Total,Hommes,401.0,colonnes
10,36,préfecture,Agoè-Nyivé,80-84,Total,Femmes,1070.0,colonnes
10,36,préfecture,Agoè-Nyivé,80-84,Total,Ensemble,1471.0,colonnes
10,36,préfecture,Agoè-Nyivé,85 et +,Urbain,Hommes,382.0,colonnes
10,36,préfecture,Agoè-Nyivé,85 et +,Urbain,Femmes,1364.0,colonnes
10,36,préfecture,Agoè-Nyivé,85 et +,Urbain,Ensemble,1746.0,colonnes
10,36,préfecture,Agoè-Nyivé,85 et +,Rural,Hommes,,colonnes
10,36,préfecture,Agoè-Nyivé,85 et +,Rural,Femmes,,colonnes
10,36,préfecture,Agoè-Nyivé,85 et +,Rural,Ensemble,,colonnes
10,36,préfecture,Agoè-Nyivé,85 et +,Total,Hommes,382.0,colonnes
10,36,préfecture,Agoè-Nyivé,85 et +,Total,Femmes,1364.0,colonnes
10,36,préfecture,Agoè-Nyivé,85 et +,Total,Ensemble,1746.0,colonnes
10,36,préfecture,Agoè-Nyivé,ND,Urbain,Hommes,1816.0,colonnes
10,36,préfecture,Agoè-Nyivé,ND,Urbain,Femmes,1273.0,colonnes
10,36,préfecture,Agoè-Nyivé,ND,Urbain,Ensemble,3089.0,colonnes
10,36,préfecture,Agoè-Nyivé,ND,Rural,Hommes,,colonnes
10,36,préfecture,Agoè-Nyivé,ND,Rural,Femmes,,colonnes
10,36,préfecture,Agoè-Nyivé,ND,Rural,Ensemble,,colonnes
10,36,préfecture,Agoè-Nyivé,ND,Total,Hommes,1816.0,colonnes
10,36,préfecture,Agoè-Nyivé,ND,Total,Femmes,1273.0,colonnes
10,36,préfecture,Agoè-Nyivé,ND,Total,Ensemble,3089.0,colonnes
10,36,préfecture,Agoè-Nyivé,Total,Urbain,Hommes,428937.0,colonnes
10,36,préfecture,Agoè-Nyivé,Total,Urbain,Femmes,453758.0,colonnes
10,36,préfecture,Agoè-Nyivé,Total,Urbain,Ensemble,882695.0,colonnes
10,36,préfecture,Agoè-Nyivé,Total,Rural,Hommes,,colonnes
10,36,préfecture,Agoè-Nyivé,Total,Rural,Femmes,,colonnes
10,36,préfecture,Agoè-Nyivé,Total,Rural,Ensemble,,colonnes
10,36,préfecture,Agoè-Nyivé,Total,Total,Hommes,428937.0,colonnes
10,36,préfecture,Agoè-Nyivé,Total,Total,Femmes,453758.0,colonnes
10,36,préfecture,Agoè-Nyivé,Total,Total,Ensemble,882695.0,colonnes
11,39,préfecture,Zio,0,Urbain,Hommes,992.0,colonnes
11,39,préfecture,Zio,0,Urbain,Femmes,928.0,colonnes
11,39,préfecture,Zio,0,Urbain,Ensemble,1920.0,colonnes
11,39,préfecture,Zio,0,Rural,Hommes,5638.0,colonnes
11,39,préfecture,Zio,0,Rural,Femmes,5418.0,colonnes
11,39,préfecture,Zio,0,Rural,Ensemble,11056.0,colonnes
11,39,préfecture,Zio,0,Total,Hommes,6630.0,colonnes
11,39,préfecture,Zio,0,Total,Femmes,6346.0,colonnes
11,39,préfecture,Zio,0,Total,Ensemble,12976.0,colonnes
11,39,préfecture,Zio,1-4,Urbain,Hommes,3930.0,colonnes
11,39,préfecture,Zio,1-4,Urbain,Femmes,3801.0,colonnes
11,39,préfecture,Zio,1-4,Urbain,Ensemble,7731.0,colonnes
11,39,préfecture,Zio,1-4,Rural,Hommes,24846.0,colonnes
11,39,préfecture,Zio,1-4,Rural,Femmes,23525.0,colonnes
11,39,préfecture,Zio,1-4,Rural,Ensemble,48371.0,colonnes
11,39,préfecture,Zio,1-4,Total,Hommes,28776.0,colonnes
11,39,préfecture,Zio,1-4,Total,Femmes,27326.0,colonnes
11,39,préfecture,Zio,1-4,Total,Ensemble,56102.0,colonnes
11,39,préfecture,Zio,5-9,Urbain,Hommes,5184.0,colonnes
11,39,préfecture,Zio,5-9,Urbain,Femmes,5255.0,colonnes
11,39,préfecture,Zio,5-9,Urbain,Ensemble,10439.0,colonnes
11,39,préfecture,Zio,5-9,Rural,Hommes,33055.0,colonnes
11,39,préfecture,Zio,5-9,Rural,Femmes,31726.0,colonnes
11,39,préfecture,Zio,5-9,Rural,Ensemble,64781.0,colonnes
11,39,préfecture,Zio,5-9,Total,Hommes,38239.0,colonnes
11,39,préfecture,Zio,5-9,Total,Femmes,36981.0,colonnes
11,39,préfecture,Zio,5-9,Total,Ensemble,75220.0,colonnes
11,39,préfecture,Zio,10-14,Urbain,Hommes,4671.0,colonnes
11,39,préfecture,Zio,10-14,Urbain,Femmes,5021.0,colonnes
11,39,préfecture,Zio,10-14,Urbain,Ensemble,9692.0,colonnes
11,39,préfecture,Zio,10-14,Rural,Hommes,29263.0,colonnes
11,39,préfecture,Zio,10-14,Rural,Femmes,27574.0,colonnes
11,39,préfecture,Zio,10-14,Rural,Ensemble,56837.0,colonnes
11,39,préfecture,Zio,10-14,Total,Hommes,33934.0,colonnes
11,39,préfecture,Zio,10-14,Total,Femmes,32595.0,colonnes
11,39,préfecture,Zio,10-14,Total,Ensemble,66529.0,colonnes
11,39,préfecture,Zio,15-19,Urbain,Hommes,3873.0,colonnes
11,39,préfecture,Zio,15-19,Urbain,Femmes,4200.0,colonnes
11,39,préfecture,Zio,15-19,Urbain,Ensemble,8073.0,colonnes
11,39,préfecture,Zio,15-19,Rural,Hommes,20345.0,colonnes
11,39,préfecture,Zio,15-19,Rural,Femmes,20514.0,colonnes
11,39,préfecture,Zio,15-19,Rural,Ensemble,40859.0,colonnes
11,39,préfecture,Zio,15-19,Total,Hommes,24218.0,colonnes
11,39,préfecture,Zio,15-19,Total,Femmes,24714.0,colonnes
11,39,préfecture,Zio,15-19,Total,Ensemble,48932.0,colonnes
11,39,préfecture,Zio,20-24,Urbain,Hommes,2894.0,colonnes
11,39,préfecture,Zio,20-24,Urbain,Femmes,3563.0,colonnes
11,39,préfecture,Zio,20-24,Urbain,Ensemble,6457.0,colonnes
11,39,préfecture,Zio,20-24,Rural,Hommes,12790.0,colonnes
11,39,préfecture,Zio,20-24,Rural,Femmes,16328.0,colonnes
11,39,préfecture,Zio,20-24,Rural,Ensemble,29118.0,colonnes
11,39,préfecture,Zio,20-24,Total,Hommes,15684.0,colonnes
11,39,préfecture,Zio,20-24,Total,Femmes,19891.0,colonnes
11,39,préfecture,Zio,20-24,Total,Ensemble,35575.0,colonnes
11,39,préfecture,Zio,25-29,Urbain,Hommes,2329.0,colonnes
11,39,préfecture,Zio,25-29,Urbain,Femmes,3192.0,colonnes
11,39,préfecture,Zio,25-29,Urbain,Ensemble,5521.0,colonnes
11,39,préfecture,Zio,25-29,Rural,Hommes,10803.0,colonnes
11,39,préfecture,Zio,25-29,Rural,Femmes,15527.0,colonnes
11,39,préfecture,Zio,25-29,Rural,Ensemble,26330.0,colonnes
11,39,préfecture,Zio,25-29,Total,Hommes,13132.0,colonnes
11,39,préfecture,Zio,25-29,Total,Femmes,18719.0,colonnes
11,39,préfecture,Zio,25-29,Total,Ensemble,31851.0,colonnes
11,39,préfecture,Zio,30-34,Urbain,Hommes,2598.0,colonnes
11,39,préfecture,Zio,30-34,Urbain,Femmes,3186.0,colonnes
11,39,préfecture,Zio,30-34,Urbain,Ensemble,5784.0,colonnes
11,39,préfecture,Zio,30-34,Rural,Hommes,12917.0,colonnes
11,39,préfecture,Zio,30-34,Rural,Femmes,17347.0,colonnes
11,39,préfecture,Zio,30-34,Rural,Ensemble,30264.0,colonnes
11,39,préfecture,Zio,30-34,Total,Hommes,15515.0,colonnes
11,39,préfecture,Zio,30-34,Total,Femmes,20533.0,colonnes
11,39,préfecture,Zio,30-34,Total,Ensemble,36048.0,colonnes
11,39,préfecture,Zio,35-39,Urbain,Hommes,2307.0,colonnes
11,39,préfecture,Zio,35-39,Urbain,Femmes,2683.0,colonnes
11,39,préfecture,Zio,35-39,Urbain,Ensemble,4990.0,colonnes
11,39,préfecture,Zio,35-39,Rural,Hommes,13687.0,colonnes
11,39,préfecture,Zio,35-39,Rural,Femmes,14874.0,colonnes
11,39,préfecture,Zio,35-39,Rural,Ensemble,28561.0,colonnes
11,39,préfecture,Zio,35-39,Total,Hommes,15994.0,colonnes
11,39,préfecture,Zio,35-39,Total,Femmes,17557.0,colonnes
11,39,préfecture,Zio,35-39,Total,Ensemble,33551.0,colonnes
11,39,préfecture,Zio,40-44,Urbain,Hommes,1907.0,colonnes
11,39,préfecture,Zio,40-44,Urbain,Femmes,2047.0,colonnes
11,39,préfecture,Zio,40-44,Urbain,Ensemble,3954.0,colonnes
11,39,préfecture,Zio,40-44,Rural,Hommes,12148.0,colonnes
11,39,préfecture,Zio,40-44,Rural,Femmes,11500.0,colonnes
11,39,préfecture,Zio,40-44,Rural,Ensemble,23648.0,colonnes
11,39,préfecture,Zio,40-44,Total,Hommes,14055.0,colonnes
11,39,préfecture,Zio,40-44,Total,Femmes,13547.0,colonnes
11,39,préfecture,Zio,40-44,Total,Ensemble,27602.0,colonnes
11,39,préfecture,Zio,45-49,Urbain,Hommes,1615.0,colonnes
11,39,préfecture,Zio,45-49,Urbain,Femmes,1619.0,colonnes
11,39,préfecture,Zio,45-49,Urbain,Ensemble,3234.0,colonnes
11,39,préfecture,Zio,45-49,Rural,Hommes,8984.0,colonnes
11,39,préfecture,Zio,45-49,Rural,Femmes,7818.0,colonnes
11,39,préfecture,Zio,45-49,Rural,Ensemble,16802.0,colonnes
11,39,préfecture,Zio,45-49,Total,Hommes,10599.0,colonnes
11,39,préfecture,Zio,45-49,Total,Femmes,9437.0,colonnes
11,39,préfecture,Zio,45-49,Total,Ensemble,20036.0,colonnes
11,39,préfecture,Zio,50-54,Urbain,Hommes,1229.0,colonnes
11,39,préfecture,Zio,50-54,Urbain,Femmes,1360.0,colonnes
11,39,préfecture,Zio,50-54,Urbain,Ensemble,2589.0,colonnes
11,39,préfecture,Zio,50-54,Rural,Hommes,6992.0,colonnes
11,39,préfecture,Zio,50-54,Rural,Femmes,6755.0,colonnes
11,39,préfecture,Zio,50-54,Rural,Ensemble,13747.0,colonnes
11,39,préfecture,Zio,50-54,Total,Hommes,8221.0,colonnes
11,39,préfecture,Zio,50-54,Total,Femmes,8115.0,colonnes
11,39,préfecture,Zio,50-54,Total,Ensemble,16336.0,colonnes
11,39,préfecture,Zio,55-59,Urbain,Hommes,883.0,colonnes
11,39,préfecture,Zio,55-59,Urbain,Femmes,1007.0,colonnes
11,39,préfecture,Zio,55-59,Urbain,Ensemble,1890.0,colonnes
11,39,préfecture,Zio,55-59,Rural,Hommes,4644.0,colonnes
11,39,préfecture,Zio,55-59,Rural,Femmes,4085.0,colonnes
11,39,préfecture,Zio,55-59,Rural,Ensemble,8729.0,colonnes
11,39,préfecture,Zio,55-59,Total,Hommes,5527.0,colonnes
11,39,préfecture,Zio,55-59,Total,Femmes,5092.0,colonnes
11,39,préfecture,Zio,55-59,Total,Ensemble,10619.0,colonnes
11,39,préfecture,Zio,60-64,Urbain,Hommes,762.0,colonnes
11,39,préfecture,Zio,60-64,Urbain,Femmes,914.0,colonnes
11,39,préfecture,Zio,60-64,Urbain,Ensemble,1676.0,colonnes
11,39,préfecture,Zio,60-64,Rural,Hommes,3780.0,colonnes
11,39,préfecture,Zio,60-64,Rural,Femmes,4537.0,colonnes
11,39,préfecture,Zio,60-64,Rural,Ensemble,8317.0,colonnes
11,39,préfecture,Zio,60-64,Total,Hommes,4542.0,colonnes
11,39,préfecture,Zio,60-64,Total,Femmes,5451.0,colonnes
11,39,préfecture,Zio,60-64,Total,Ensemble,9993.0,colonnes
11,39,préfecture,Zio,65-69,Urbain,Hommes,488.0,colonnes
11,39,préfecture,Zio,65-69,Urbain,Femmes,554.0,colonnes
11,39,préfecture,Zio,65-69,Urbain,Ensemble,1042.0,colonnes
11,39,préfecture,Zio,65-69,Rural,Hommes,1940.0,colonnes
11,39,préfecture,Zio,65-69,Rural,Femmes,2395.0,colonnes
11,39,préfecture,Zio,65-69,Rural,Ensemble,4335.0,colonnes
11,39,préfecture,Zio,65-69,Total,Hommes,2428.0,colonnes
11,39,préfecture,Zio,65-69,Total,Femmes,2949.0,colonnes
11,39,préfecture,Zio,65-69,Total,Ensemble,5377.0,colonnes
11,39,préfecture,Zio,70-74,Urbain,Hommes,294.0,colonnes
11,39,préfecture,Zio,70-74,Urbain,Femmes,471.0,colonnes
11,39,préfecture,Zio,70-74,Urbain,Ensemble,765.0,colonnes
11,39,préfecture,Zio,70-74,Rural,Hommes,1578.0,colonnes
11,39,préfecture,Zio,70-74,Rural,Femmes,2402.0,colonnes
11,39,préfecture,Zio,70-74,Rural,Ensemble,3980.0,colonnes
11,39,préfecture,Zio,70-74,Total,Hommes,1872.0,colonnes
11,39,préfecture,Zio,70-74,Total,Femmes,2873.0,colonnes
11,39,préfecture,Zio,70-74,Total,Ensemble,4745.0,colonnes
11,39,préfecture,Zio,75-79,Urbain,Hommes,129.0,colonnes
11,39,préfecture,Zio,75-79,Urbain,Femmes,190.0,colonnes
11,39,préfecture,Zio,75-79,Urbain,Ensemble,319.0,colonnes
11,39,préfecture,Zio,75-79,Rural,Hommes,778.0,colonnes
11,39,préfecture,Zio,75-79,Rural,Femmes,1203.0,colonnes
11,39,préfecture,Zio,75-79,Rural,Ensemble,1981.0,colonnes
11,39,préfecture,Zio,75-79,Total,Hommes,907.0,colonnes
11,39,préfecture,Zio,75-79,Total,Femmes,1393.0,colonnes
11,39,préfecture,Zio,75-79,Total,Ensemble,2300.0,colonnes
11,39,préfecture,Zio,80-84,Urbain,Hommes,99.0,colonnes
11,39,préfecture,Zio,80-84,Urbain,Femmes,207.0,colonnes
11,39,préfecture,Zio,80-84,Urbain,Ensemble,306.0,colonnes
11,39,préfecture,Zio,80-84,Rural,Hommes,635.0,colonnes
11,39,préfecture,Zio,80-84,Rural,Femmes,1362.0,colonnes
11,39,préfecture,Zio,80-84,Rural,Ensemble,1997.0,colonnes
11,39,préfecture,Zio,80-84,Total,Hommes,734.0,colonnes
11,39,préfecture,Zio,80-84,Total,Femmes,1569.0,colonnes
11,39,préfecture,Zio,80-84,Total,Ensemble,2303.0,colonnes
11,39,préfecture,Zio,85 et +,Urbain,Hommes,58.0,colonnes
11,39,préfecture,Zio,85 et +,Urbain,Femmes,260.0,colonnes
11,39,préfecture,Zio,85 et +,Urbain,Ensemble,318.0,colonnes
11,39,préfecture,Zio,85 et +,Rural,Hommes,667.0,colonnes
11,39,préfecture,Zio,85 et +,Rural,Femmes,1717.0,colonnes
11,39,préfecture,Zio,85 et +,Rural,Ensemble,2384.0,colonnes
11,39,préfecture,Zio,85 et +,Total,Hommes,725.0,colonnes
11,39,préfecture,Zio,85 et +,Total,Femmes,1977.0,colonnes
11,39,préfecture,Zio,85 et +,Total,Ensemble,2702.0,colonnes
11,39,préfecture,Zio,ND,Urbain,Hommes,84.0,colonnes
11,39,préfecture,Zio,ND,Urbain,Femmes,77.0,colonnes
11,39,préfecture,Zio,ND,Urbain,Ensemble,161.0,colonnes
11,39,préfecture,Zio,ND,Rural,Hommes,551.0,colonnes
11,39,préfecture,Zio,ND,Rural,Femmes,523.0,colonnes
11,39,préfecture,Zio,ND,Rural,Ensemble,1074.0,colonnes
11,39,préfecture,Zio,ND,Total,Hommes,635.0,colonnes
11,39,préfecture,Zio,ND,Total,Femmes,600.0,colonnes
11,39,préfecture,Zio,ND,Total,Ensemble,1235.0,colonnes
11,39,préfecture,Zio,Total,Urbain,Hommes,36326.0,colonnes
11,39,préfecture,Zio,Total,Urbain,Femmes,40535.0,colonnes
11,39,préfecture,Zio,Total,Urbain,Ensemble,76861.0,colonnes
11,39,préfecture,Zio,Total,Rural,Hommes,206041.0,colonnes
11,39,préfecture,Zio,Total,Rural,Femmes,217130.0,colonnes
11,39,préfecture,Zio,Total,Rural,Ensemble,423171.0,colonnes
11,39,préfecture,Zio,Total,Total,Hommes,242367.0,colonnes
11,39,préfecture,Zio,Total,Total,Femmes,257665.0,colonnes
11,39,préfecture,Zio,Total,Total,Ensemble,500032.0,colonnes
12,40,préfecture,Yoto,0,Urbain,Hommes,545.0,colonnes
12,40,préfecture,Yoto,0,Urbain,Femmes,518.0,colonnes
12,40,préfecture,Yoto,0,Urbain,Ensemble,1063.0,colonnes
12,40,préfecture,Yoto,0,Rural,Hommes,1640.0,colonnes
12,40,préfecture,Yoto,0,Rural,Femmes,1715.0,colonnes
12,40,préfecture,Yoto,0,Rural,Ensemble,3355.0,colonnes
12,40,préfecture,Yoto,0,Total,Hommes,2185.0,colonnes
12,40,préfecture,Yoto,0,Total,Femmes,2233.0,colonnes
12,40,préfecture,Yoto,0,Total,Ensemble,4418.0,colonnes
12,40,préfecture,Yoto,1-4,Urbain,Hommes,2200.0,colonnes
12,40,préfecture,Yoto,1-4,Urbain,Femmes,2241.0,colonnes
12,40,préfecture,Yoto,1-4,Urbain,Ensemble,4441.0,colonnes
12,40,préfecture,Yoto,1-4,Rural,Hommes,7710.0,colonnes
12,40,préfecture,Yoto,1-4,Rural,Femmes,7387.0,colonnes
12,40,préfecture,Yoto,1-4,Rural,Ensemble,15097.0,colonnes
12,40,préfecture,Yoto,1-4,Total,Hommes,9910.0,colonnes
12,40,préfecture,Yoto,1-4,Total,Femmes,9628.0,colonnes
12,40,préfecture,Yoto,1-4,Total,Ensemble,19538.0,colonnes
12,40,préfecture,Yoto,5-9,Urbain,Hommes,2815.0,colonnes
12,40,préfecture,Yoto,5-9,Urbain,Femmes,2754.0,colonnes
12,40,préfecture,Yoto,5-9,Urbain,Ensemble,5569.0,colonnes
12,40,préfecture,Yoto,5-9,Rural,Hommes,11122.0,colonnes
12,40,préfecture,Yoto,5-9,Rural,Femmes,10314.0,colonnes
12,40,préfecture,Yoto,5-9,Rural,Ensemble,21436.0,colonnes
12,40,préfecture,Yoto,5-9,Total,Hommes,13937.0,colonnes
12,40,préfecture,Yoto,5-9,Total,Femmes,13068.0,colonnes
12,40,préfecture,Yoto,5-9,Total,Ensemble,27005.0,colonnes
12,40,préfecture,Yoto,10-14,Urbain,Hommes,2505.0,colonnes
12,40,préfecture,Yoto,10-14,Urbain,Femmes,2575.0,colonnes
12,40,préfecture,Yoto,10-14,Urbain,Ensemble,5080.0,colonnes
12,40,préfecture,Yoto,10-14,Rural,Hommes,10847.0,colonnes
12,40,préfecture,Yoto,10-14,Rural,Femmes,9458.0,colonnes
12,40,préfecture,Yoto,10-14,Rural,Ensemble,20305.0,colonnes
12,40,préfecture,Yoto,10-14,Total,Hommes,13352.0,colonnes
12,40,préfecture,Yoto,10-14,Total,Femmes,12033.0,colonnes
12,40,préfecture,Yoto,10-14,Total,Ensemble,25385.0,colonnes
12,40,préfecture,Yoto,15-19,Urbain,Hommes,2005.0,colonnes
12,40,préfecture,Yoto,15-19,Urbain,Femmes,2146.0,colonnes
12,40,préfecture,Yoto,15-19,Urbain,Ensemble,4151.0,colonnes
12,40,préfecture,Yoto,15-19,Rural,Hommes,6864.0,colonnes
12,40,préfecture,Yoto,15-19,Rural,Femmes,6263.0,colonnes
12,40,préfecture,Yoto,15-19,Rural,Ensemble,13127.0,colonnes
12,40,préfecture,Yoto,15-19,Total,Hommes,8869.0,colonnes
12,40,préfecture,Yoto,15-19,Total,Femmes,8409.0,colonnes
12,40,préfecture,Yoto,15-19,Total,Ensemble,17278.0,colonnes
12,40,préfecture,Yoto,20-24,Urbain,Hommes,1183.0,colonnes
12,40,préfecture,Yoto,20-24,Urbain,Femmes,1564.0,colonnes
12,40,préfecture,Yoto,20-24,Urbain,Ensemble,2747.0,colonnes
12,40,préfecture,Yoto,20-24,Rural,Hommes,3192.0,colonnes
12,40,préfecture,Yoto,20-24,Rural,Femmes,4438.0,colonnes
12,40,préfecture,Yoto,20-24,Rural,Ensemble,7630.0,colonnes
12,40,préfecture,Yoto,20-24,Total,Hommes,4375.0,colonnes
12,40,préfecture,Yoto,20-24,Total,Femmes,6002.0,colonnes
12,40,préfecture,Yoto,20-24,Total,Ensemble,10377.0,colonnes
12,40,préfecture,Yoto,25-29,Urbain,Hommes,1031.0,colonnes
12,40,préfecture,Yoto,25-29,Urbain,Femmes,1462.0,colonnes
12,40,préfecture,Yoto,25-29,Urbain,Ensemble,2493.0,colonnes
12,40,préfecture,Yoto,25-29,Rural,Hommes,2644.0,colonnes
12,40,préfecture,Yoto,25-29,Rural,Femmes,4033.0,colonnes
12,40,préfecture,Yoto,25-29,Rural,Ensemble,6677.0,colonnes
12,40,préfecture,Yoto,25-29,Total,Hommes,3675.0,colonnes
12,40,préfecture,Yoto,25-29,Total,Femmes,5495.0,colonnes
12,40,préfecture,Yoto,25-29,Total,Ensemble,9170.0,colonnes
12,40,préfecture,Yoto,30-34,Urbain,Hommes,1122.0,colonnes
12,40,préfecture,Yoto,30-34,Urbain,Femmes,1432.0,colonnes
12,40,préfecture,Yoto,30-34,Urbain,Ensemble,2554.0,colonnes
12,40,préfecture,Yoto,30-34,Rural,Hommes,3093.0,colonnes
12,40,préfecture,Yoto,30-34,Rural,Femmes,4573.0,colonnes
12,40,préfecture,Yoto,30-34,Rural,Ensemble,7666.0,colonnes
12,40,préfecture,Yoto,30-34,Total,Hommes,4215.0,colonnes
12,40,préfecture,Yoto,30-34,Total,Femmes,6005.0,colonnes
12,40,préfecture,Yoto,30-34,Total,Ensemble,10220.0,colonnes
12,40,préfecture,Yoto,35-39,Urbain,Hommes,1084.0,colonnes
12,40,préfecture,Yoto,35-39,Urbain,Femmes,1200.0,colonnes
12,40,préfecture,Yoto,35-39,Urbain,Ensemble,2284.0,colonnes
12,40,préfecture,Yoto,35-39,Rural,Hommes,3048.0,colonnes
12,40,préfecture,Yoto,35-39,Rural,Femmes,4070.0,colonnes
12,40,préfecture,Yoto,35-39,Rural,Ensemble,7118.0,colonnes
12,40,préfecture,Yoto,35-39,Total,Hommes,4132.0,colonnes
12,40,préfecture,Yoto,35-39,Total,Femmes,5270.0,colonnes
12,40,préfecture,Yoto,35-39,Total,Ensemble,9402.0,colonnes
12,40,préfecture,Yoto,40-44,Urbain,Hommes,869.0,colonnes
12,40,préfecture,Yoto,40-44,Urbain,Femmes,918.0,colonnes
12,40,préfecture,Yoto,40-44,Urbain,Ensemble,1787.0,colonnes
12,40,préfecture,Yoto,40-44,Rural,Hommes,3041.0,colonnes
12,40,préfecture,Yoto,40-44,Rural,Femmes,4000.0,colonnes
12,40,préfecture,Yoto,40-44,Rural,Ensemble,7041.0,colonnes
12,40,préfecture,Yoto,40-44,Total,Hommes,3910.0,colonnes
12,40,préfecture,Yoto,40-44,Total,Femmes,4918.0,colonnes
12,40,préfecture,Yoto,40-44,Total,Ensemble,8828.0,colonnes
12,40,préfecture,Yoto,45-49,Urbain,Hommes,704.0,colonnes
12,40,préfecture,Yoto,45-49,Urbain,Femmes,683.0,colonnes
12,40,préfecture,Yoto,45-49,Urbain,Ensemble,1387.0,colonnes
12,40,préfecture,Yoto,45-49,Rural,Hommes,2555.0,colonnes
12,40,préfecture,Yoto,45-49,Rural,Femmes,3234.0,colonnes
12,40,préfecture,Yoto,45-49,Rural,Ensemble,5789.0,colonnes
12,40,préfecture,Yoto,45-49,Total,Hommes,3259.0,colonnes
12,40,préfecture,Yoto,45-49,Total,Femmes,3917.0,colonnes
12,40,préfecture,Yoto,45-49,Total,Ensemble,7176.0,colonnes
12,40,préfecture,Yoto,50-54,Urbain,Hommes,549.0,colonnes
12,40,préfecture,Yoto,50-54,Urbain,Femmes,538.0,colonnes
12,40,préfecture,Yoto,50-54,Urbain,Ensemble,1087.0,colonnes
12,40,préfecture,Yoto,50-54,Rural,Hommes,2522.0,colonnes
12,40,préfecture,Yoto,50-54,Rural,Femmes,3315.0,colonnes
12,40,préfecture,Yoto,50-54,Rural,Ensemble,5837.0,colonnes
12,40,préfecture,Yoto,50-54,Total,Hommes,3071.0,colonnes
12,40,préfecture,Yoto,50-54,Total,Femmes,3853.0,colonnes
12,40,préfecture,Yoto,50-54,Total,Ensemble,6924.0,colonnes
12,40,préfecture,Yoto,55-59,Urbain,Hommes,348.0,colonnes
12,40,préfecture,Yoto,55-59,Urbain,Femmes,312.0,colonnes
12,40,préfecture,Yoto,55-59,Urbain,Ensemble,660.0,colonnes
12,40,préfecture,Yoto,55-59,Rural,Hommes,1787.0,colonnes
12,40,préfecture,Yoto,55-59,Rural,Femmes,1986.0,colonnes
12,40,préfecture,Yoto,55-59,Rural,Ensemble,3773.0,colonnes
12,40,préfecture,Yoto,55-59,Total,Hommes,2135.0,colonnes
12,40,préfecture,Yoto,55-59,Total,Femmes,2298.0,colonnes
12,40,préfecture,Yoto,55-59,Total,Ensemble,4433.0,colonnes
12,40,préfecture,Yoto,60-64,Urbain,Hommes,289.0,colonnes
12,40,préfecture,Yoto,60-64,Urbain,Femmes,316.0,colonnes
12,40,préfecture,Yoto,60-64,Urbain,Ensemble,605.0,colonnes
12,40,préfecture,Yoto,60-64,Rural,Hommes,1763.0,colonnes
12,40,préfecture,Yoto,60-64,Rural,Femmes,2317.0,colonnes
12,40,préfecture,Yoto,60-64,Rural,Ensemble,4080.0,colonnes
12,40,préfecture,Yoto,60-64,Total,Hommes,2052.0,colonnes
12,40,préfecture,Yoto,60-64,Total,Femmes,2633.0,colonnes
12,40,préfecture,Yoto,60-64,Total,Ensemble,4685.0,colonnes
12,40,préfecture,Yoto,65-69,Urbain,Hommes,142.0,colonnes
12,40,préfecture,Yoto,65-69,Urbain,Femmes,164.0,colonnes
12,40,préfecture,Yoto,65-69,Urbain,Ensemble,306.0,colonnes
12,40,préfecture,Yoto,65-69,Rural,Hommes,956.0,colonnes
12,40,préfecture,Yoto,65-69,Rural,Femmes,1234.0,colonnes
12,40,préfecture,Yoto,65-69,Rural,Ensemble,2190.0,colonnes
12,40,préfecture,Yoto,65-69,Total,Hommes,1098.0,colonnes
12,40,préfecture,Yoto,65-69,Total,Femmes,1398.0,colonnes
12,40,préfecture,Yoto,65-69,Total,Ensemble,2496.0,colonnes
12,40,préfecture,Yoto,70-74,Urbain,Hommes,93.0,colonnes
12,40,préfecture,Yoto,70-74,Urbain,Femmes,160.0,colonnes
12,40,préfecture,Yoto,70-74,Urbain,Ensemble,253.0,colonnes
12,40,préfecture,Yoto,70-74,Rural,Hommes,858.0,colonnes
12,40,préfecture,Yoto,70-74,Rural,Femmes,1374.0,colonnes
12,40,préfecture,Yoto,70-74,Rural,Ensemble,2232.0,colonnes
12,40,préfecture,Yoto,70-74,Total,Hommes,951.0,colonnes
12,40,préfecture,Yoto,70-74,Total,Femmes,1534.0,colonnes
12,40,préfecture,Yoto,70-74,Total,Ensemble,2485.0,colonnes
12,40,préfecture,Yoto,75-79,Urbain,Hommes,42.0,colonnes
12,40,préfecture,Yoto,75-79,Urbain,Femmes,88.0,colonnes
12,40,préfecture,Yoto,75-79,Urbain,Ensemble,130.0,colonnes
12,40,préfecture,Yoto,75-79,Rural,Hommes,454.0,colonnes
12,40,préfecture,Yoto,75-79,Rural,Femmes,765.0,colonnes
12,40,préfecture,Yoto,75-79,Rural,Ensemble,1219.0,colonnes
12,40,préfecture,Yoto,75-79,Total,Hommes,496.0,colonnes
12,40,préfecture,Yoto,75-79,Total,Femmes,853.0,colonnes
12,40,préfecture,Yoto,75-79,Total,Ensemble,1349.0,colonnes
12,40,préfecture,Yoto,80-84,Urbain,Hommes,38.0,colonnes
12,40,préfecture,Yoto,80-84,Urbain,Femmes,68.0,colonnes
12,40,préfecture,Yoto,80-84,Urbain,Ensemble,106.0,colonnes
12,40,préfecture,Yoto,80-84,Rural,Hommes,429.0,colonnes
12,40,préfecture,Yoto,80-84,Rural,Femmes,874.0,colonnes
12,40,préfecture,Yoto,80-84,Rural,Ensemble,1303.0,colonnes
12,40,préfecture,Yoto,80-84,Total,Hommes,467.0,colonnes
12,40,préfecture,Yoto,80-84,Total,Femmes,942.0,colonnes
12,40,préfecture,Yoto,80-84,Total,Ensemble,1409.0,colonnes
12,40,préfecture,Yoto,85 et +,Urbain,Hommes,33.0,colonnes
12,40,préfecture,Yoto,85 et +,Urbain,Femmes,110.0,colonnes
12,40,préfecture,Yoto,85 et +,Urbain,Ensemble,143.0,colonnes
12,40,préfecture,Yoto,85 et +,Rural,Hommes,552.0,colonnes
12,40,préfecture,Yoto,85 et +,Rural,Femmes,1096.0,colonnes
12,40,préfecture,Yoto,85 et +,Rural,Ensemble,1648.0,colonnes
12,40,préfecture,Yoto,85 et +,Total,Hommes,585.0,colonnes
12,40,préfecture,Yoto,85 et +,Total,Femmes,1206.0,colonnes
12,40,préfecture,Yoto,85 et +,Total,Ensemble,1791.0,colonnes
12,40,préfecture,Yoto,ND,Urbain,Hommes,46.0,colonnes
12,40,préfecture,Yoto,ND,Urbain,Femmes,69.0,colonnes
12,40,préfecture,Yoto,ND,Urbain,Ensemble,115.0,colonnes
12,40,préfecture,Yoto,ND,Rural,Hommes,139.0,colonnes
12,40,préfecture,Yoto,ND,Rural,Femmes,228.0,colonnes
12,40,préfecture,Yoto,ND,Rural,Ensemble,367.0,colonnes
12,40,préfecture,Yoto,ND,Total,Hommes,185.0,colonnes
12,40,préfecture,Yoto,ND,Total,Femmes,297.0,colonnes
12,40,préfecture,Yoto,ND,Total,Ensemble,482.0,colonnes
12,40,préfecture,Yoto,Total,Urbain,Hommes,17643.0,colonnes
12,40,préfecture,Yoto,Total,Urbain,Femmes,19318.0,colonnes
12,40,préfecture,Yoto,Total,Urbain,Ensemble,36961.0,colonnes
12,40,préfecture,Yoto,Total,Rural,Hommes,65216.0,colonnes
12,40,préfecture,Yoto,Total,Rural,Femmes,72674.0,colonnes
12,40,préfecture,Yoto,Total,Rural,Ensemble,137890.0,colonnes
12,40,préfecture,Yoto,Total,Total,Hommes,82859.0,colonnes
12,40,préfecture,Yoto,Total,Total,Femmes,91992.0,colonnes
12,40,préfecture,Yoto,Total,Total,Ensemble,174851.0,colonnes
13,41,préfecture,Bas-Mono,0,Urbain,Hommes,168.0,colonnes
13,41,préfecture,Bas-Mono,0,Urbain,Femmes,156.0,colonnes
13,41,préfecture,Bas-Mono,0,Urbain,Ensemble,324.0,colonnes
13,41,préfecture,Bas-Mono,0,Rural,Hommes,949.0,colonnes
13,41,préfecture,Bas-Mono,0,Rural,Femmes,958.0,colonnes
13,41,préfecture,Bas-Mono,0,Rural,Ensemble,1907.0,colonnes
13,41,préfecture,Bas-Mono,0,Total,Hommes,1117.0,colonnes
13,41,préfecture,Bas-Mono,0,Total,Femmes,1114.0,colonnes
13,41,préfecture,Bas-Mono,0,Total,Ensemble,2231.0,colonnes
13,41,préfecture,Bas-Mono,1-4,Urbain,Hommes,756.0,colonnes
13,41,préfecture,Bas-Mono,1-4,Urbain,Femmes,692.0,colonnes
13,41,préfecture,Bas-Mono,1-4,Urbain,Ensemble,1448.0,colonnes
13,41,préfecture,Bas-Mono,1-4,Rural,Hommes,4582.0,colonnes
13,41,préfecture,Bas-Mono,1-4,Rural,Femmes,4488.0,colonnes
13,41,préfecture,Bas-Mono,1-4,Rural,Ensemble,9070.0,colonnes
13,41,préfecture,Bas-Mono,1-4,Total,Hommes,5338.0,colonnes
13,41,préfecture,Bas-Mono,1-4,Total,Femmes,5180.0,colonnes
13,41,préfecture,Bas-Mono,1-4,Total,Ensemble,10518.0,colonnes
13,41,préfecture,Bas-Mono,5-9,Urbain,Hommes,944.0,colonnes
13,41,préfecture,Bas-Mono,5-9,Urbain,Femmes,917.0,colonnes
13,41,préfecture,Bas-Mono,5-9,Urbain,Ensemble,1861.0,colonnes
13,41,préfecture,Bas-Mono,5-9,Rural,Hommes,6800.0,colonnes
13,41,préfecture,Bas-Mono,5-9,Rural,Femmes,6431.0,colonnes
13,41,préfecture,Bas-Mono,5-9,Rural,Ensemble,13231.0,colonnes
13,41,préfecture,Bas-Mono,5-9,Total,Hommes,7744.0,colonnes
13,41,préfecture,Bas-Mono,5-9,Total,Femmes,7348.0,colonnes
13,41,préfecture,Bas-Mono,5-9,Total,Ensemble,15092.0,colonnes
13,41,préfecture,Bas-Mono,10-14,Urbain,Hommes,967.0,colonnes
13,41,préfecture,Bas-Mono,10-14,Urbain,Femmes,911.0,colonnes
13,41,préfecture,Bas-Mono,10-14,Urbain,Ensemble,1878.0,colonnes
13,41,préfecture,Bas-Mono,10-14,Rural,Hommes,6580.0,colonnes
13,41,préfecture,Bas-Mono,10-14,Rural,Femmes,5933.0,colonnes
13,41,préfecture,Bas-Mono,10-14,Rural,Ensemble,12513.0,colonnes
13,41,préfecture,Bas-Mono,10-14,Total,Hommes,7547.0,colonnes
13,41,préfecture,Bas-Mono,10-14,Total,Femmes,6844.0,colonnes
13,41,préfecture,Bas-Mono,10-14,Total,Ensemble,14391.0,colonnes
13,41,préfecture,Bas-Mono,15-19,Urbain,Hommes,718.0,colonnes
13,41,préfecture,Bas-Mono,15-19,Urbain,Femmes,723.0,colonnes
13,41,préfecture,Bas-Mono,15-19,Urbain,Ensemble,1441.0,colonnes
13,41,préfecture,Bas-Mono,15-19,Rural,Hommes,4245.0,colonnes
13,41,préfecture,Bas-Mono,15-19,Rural,Femmes,3992.0,colonnes
13,41,préfecture,Bas-Mono,15-19,Rural,Ensemble,8237.0,colonnes
13,41,préfecture,Bas-Mono,15-19,Total,Hommes,4963.0,colonnes
13,41,préfecture,Bas-Mono,15-19,Total,Femmes,4715.0,colonnes
13,41,préfecture,Bas-Mono,15-19,Total,Ensemble,9678.0,colonnes
13,41,préfecture,Bas-Mono,20-24,Urbain,Hommes,331.0,colonnes
13,41,préfecture,Bas-Mono,20-24,Urbain,Femmes,517.0,colonnes
13,41,préfecture,Bas-Mono,20-24,Urbain,Ensemble,848.0,colonnes
13,41,préfecture,Bas-Mono,20-24,Rural,Hommes,1917.0,colonnes
13,41,préfecture,Bas-Mono,20-24,Rural,Femmes,2614.0,colonnes
13,41,préfecture,Bas-Mono,20-24,Rural,Ensemble,4531.0,colonnes
13,41,préfecture,Bas-Mono,20-24,Total,Hommes,2248.0,colonnes
13,41,préfecture,Bas-Mono,20-24,Total,Femmes,3131.0,colonnes
13,41,préfecture,Bas-Mono,20-24,Total,Ensemble,5379.0,colonnes
13,41,préfecture,Bas-Mono,25-29,Urbain,Hommes,320.0,colonnes
13,41,préfecture,Bas-Mono,25-29,Urbain,Femmes,454.0,colonnes
13,41,préfecture,Bas-Mono,25-29,Urbain,Ensemble,774.0,colonnes
13,41,préfecture,Bas-Mono,25-29,Rural,Hommes,1364.0,colonnes
13,41,préfecture,Bas-Mono,25-29,Rural,Femmes,2218.0,colonnes
13,41,préfecture,Bas-Mono,25-29,Rural,Ensemble,3582.0,colonnes
13,41,préfecture,Bas-Mono,25-29,Total,Hommes,1684.0,colonnes
13,41,préfecture,Bas-Mono,25-29,Total,Femmes,2672.0,colonnes
13,41,préfecture,Bas-Mono,25-29,Total,Ensemble,4356.0,colonnes
13,41,préfecture,Bas-Mono,30-34,Urbain,Hommes,316.0,colonnes
13,41,préfecture,Bas-Mono,30-34,Urbain,Femmes,429.0,colonnes
13,41,préfecture,Bas-Mono,30-34,Urbain,Ensemble,745.0,colonnes
13,41,préfecture,Bas-Mono,30-34,Rural,Hommes,1741.0,colonnes
13,41,préfecture,Bas-Mono,30-34,Rural,Femmes,2467.0,colonnes
13,41,préfecture,Bas-Mono,30-34,Rural,Ensemble,4208.0,colonnes
13,41,préfecture,Bas-Mono,30-34,Total,Hommes,2057.0,colonnes
13,41,préfecture,Bas-Mono,30-34,Total,Femmes,2896.0,colonnes
13,41,préfecture,Bas-Mono,30-34,Total,Ensemble,4953.0,colonnes
13,41,préfecture,Bas-Mono,35-39,Urbain,Hommes,329.0,colonnes
13,41,préfecture,Bas-Mono,35-39,Urbain,Femmes,434.0,colonnes
13,41,préfecture,Bas-Mono,35-39,Urbain,Ensemble,763.0,colonnes
13,41,préfecture,Bas-Mono,35-39,Rural,Hommes,1521.0,colonnes
13,41,préfecture,Bas-Mono,35-39,Rural,Femmes,2247.0,colonnes
13,41,préfecture,Bas-Mono,35-39,Rural,Ensemble,3768.0,colonnes
13,41,préfecture,Bas-Mono,35-39,Total,Hommes,1850.0,colonnes
13,41,préfecture,Bas-Mono,35-39,Total,Femmes,2681.0,colonnes
13,41,préfecture,Bas-Mono,35-39,Total,Ensemble,4531.0,colonnes
13,41,préfecture,Bas-Mono,40-44,Urbain,Hommes,296.0,colonnes
13,41,préfecture,Bas-Mono,40-44,Urbain,Femmes,353.0,colonnes
13,41,préfecture,Bas-Mono,40-44,Urbain,Ensemble,649.0,colonnes
13,41,préfecture,Bas-Mono,40-44,Rural,Hommes,1844.0,colonnes
13,41,préfecture,Bas-Mono,40-44,Rural,Femmes,2394.0,colonnes
13,41,préfecture,Bas-Mono,40-44,Rural,Ensemble,4238.0,colonnes
13,41,préfecture,Bas-Mono,40-44,Total,Hommes,2140.0,colonnes
13,41,préfecture,Bas-Mono,40-44,Total,Femmes,2747.0,colonnes
13,41,préfecture,Bas-Mono,40-44,Total,Ensemble,4887.0,colonnes
13,41,préfecture,Bas-Mono,45-49,Urbain,Hommes,262.0,colonnes
13,41,préfecture,Bas-Mono,45-49,Urbain,Femmes,249.0,colonnes
13,41,préfecture,Bas-Mono,45-49,Urbain,Ensemble,511.0,colonnes
13,41,préfecture,Bas-Mono,45-49,Rural,Hommes,1478.0,colonnes
13,41,préfecture,Bas-Mono,45-49,Rural,Femmes,1756.0,colonnes
13,41,préfecture,Bas-Mono,45-49,Rural,Ensemble,3234.0,colonnes
13,41,préfecture,Bas-Mono,45-49,Total,Hommes,1740.0,colonnes
13,41,préfecture,Bas-Mono,45-49,Total,Femmes,2005.0,colonnes
13,41,préfecture,Bas-Mono,45-49,Total,Ensemble,3745.0,colonnes
13,41,préfecture,Bas-Mono,50-54,Urbain,Hommes,212.0,colonnes
13,41,préfecture,Bas-Mono,50-54,Urbain,Femmes,258.0,colonnes
13,41,préfecture,Bas-Mono,50-54,Urbain,Ensemble,470.0,colonnes
13,41,préfecture,Bas-Mono,50-54,Rural,Hommes,1377.0,colonnes
13,41,préfecture,Bas-Mono,50-54,Rural,Femmes,1737.0,colonnes
13,41,préfecture,Bas-Mono,50-54,Rural,Ensemble,3114.0,colonnes
13,41,préfecture,Bas-Mono,50-54,Total,Hommes,1589.0,colonnes
13,41,préfecture,Bas-Mono,50-54,Total,Femmes,1995.0,colonnes
13,41,préfecture,Bas-Mono,50-54,Total,Ensemble,3584.0,colonnes
13,41,préfecture,Bas-Mono,55-59,Urbain,Hommes,140.0,colonnes
13,41,préfecture,Bas-Mono,55-59,Urbain,Femmes,173.0,colonnes
13,41,préfecture,Bas-Mono,55-59,Urbain,Ensemble,313.0,colonnes
13,41,préfecture,Bas-Mono,55-59,Rural,Hommes,965.0,colonnes
13,41,préfecture,Bas-Mono,55-59,Rural,Femmes,1120.0,colonnes
13,41,préfecture,Bas-Mono,55-59,Rural,Ensemble,2085.0,colonnes
13,41,préfecture,Bas-Mono,55-59,Total,Hommes,1105.0,colonnes
13,41,préfecture,Bas-Mono,55-59,Total,Femmes,1293.0,colonnes
13,41,préfecture,Bas-Mono,55-59,Total,Ensemble,2398.0,colonnes
13,41,préfecture,Bas-Mono,60-64,Urbain,Hommes,168.0,colonnes
13,41,préfecture,Bas-Mono,60-64,Urbain,Femmes,179.0,colonnes
13,41,préfecture,Bas-Mono,60-64,Urbain,Ensemble,347.0,colonnes
13,41,préfecture,Bas-Mono,60-64,Rural,Hommes,981.0,colonnes
13,41,préfecture,Bas-Mono,60-64,Rural,Femmes,1512.0,colonnes
13,41,préfecture,Bas-Mono,60-64,Rural,Ensemble,2493.0,colonnes
13,41,préfecture,Bas-Mono,60-64,Total,Hommes,1149.0,colonnes
13,41,préfecture,Bas-Mono,60-64,Total,Femmes,1691.0,colonnes
13,41,préfecture,Bas-Mono,60-64,Total,Ensemble,2840.0,colonnes
13,41,préfecture,Bas-Mono,65-69,Urbain,Hommes,71.0,colonnes
13,41,préfecture,Bas-Mono,65-69,Urbain,Femmes,101.0,colonnes
13,41,préfecture,Bas-Mono,65-69,Urbain,Ensemble,172.0,colonnes
13,41,préfecture,Bas-Mono,65-69,Rural,Hommes,579.0,colonnes
13,41,préfecture,Bas-Mono,65-69,Rural,Femmes,839.0,colonnes
13,41,préfecture,Bas-Mono,65-69,Rural,Ensemble,1418.0,colonnes
13,41,préfecture,Bas-Mono,65-69,Total,Hommes,650.0,colonnes
13,41,préfecture,Bas-Mono,65-69,Total,Femmes,940.0,colonnes
13,41,préfecture,Bas-Mono,65-69,Total,Ensemble,1590.0,colonnes
13,41,préfecture,Bas-Mono,70-74,Urbain,Hommes,66.0,colonnes
13,41,préfecture,Bas-Mono,70-74,Urbain,Femmes,98.0,colonnes
13,41,préfecture,Bas-Mono,70-74,Urbain,Ensemble,164.0,colonnes
13,41,préfecture,Bas-Mono,70-74,Rural,Hommes,515.0,colonnes
13,41,préfecture,Bas-Mono,70-74,Rural,Femmes,919.0,colonnes
13,41,préfecture,Bas-Mono,70-74,Rural,Ensemble,1434.0,colonnes
13,41,préfecture,Bas-Mono,70-74,Total,Hommes,581.0,colonnes
13,41,préfecture,Bas-Mono,70-74,Total,Femmes,1017.0,colonnes
13,41,préfecture,Bas-Mono,70-74,Total,Ensemble,1598.0,colonnes
13,41,préfecture,Bas-Mono,75-79,Urbain,Hommes,15.0,colonnes
13,41,préfecture,Bas-Mono,75-79,Urbain,Femmes,86.0,colonnes
13,41,préfecture,Bas-Mono,75-79,Urbain,Ensemble,101.0,colonnes
13,41,préfecture,Bas-Mono,75-79,Rural,Hommes,221.0,colonnes
13,41,préfecture,Bas-Mono,75-79,Rural,Femmes,501.0,colonnes
13,41,préfecture,Bas-Mono,75-79,Rural,Ensemble,722.0,colonnes
13,41,préfecture,Bas-Mono,75-79,Total,Hommes,236.0,colonnes
13,41,préfecture,Bas-Mono,75-79,Total,Femmes,587.0,colonnes
13,41,préfecture,Bas-Mono,75-79,Total,Ensemble,823.0,colonnes
13,41,préfecture,Bas-Mono,80-84,Urbain,Hommes,19.0,colonnes
13,41,préfecture,Bas-Mono,80-84,Urbain,Femmes,78.0,colonnes
13,41,préfecture,Bas-Mono,80-84,Urbain,Ensemble,97.0,colonnes
13,41,préfecture,Bas-Mono,80-84,Rural,Hommes,285.0,colonnes
13,41,préfecture,Bas-Mono,80-84,Rural,Femmes,644.0,colonnes
13,41,préfecture,Bas-Mono,80-84,Rural,Ensemble,929.0,colonnes
13,41,préfecture,Bas-Mono,80-84,Total,Hommes,304.0,colonnes
13,41,préfecture,Bas-Mono,80-84,Total,Femmes,722.0,colonnes
13,41,préfecture,Bas-Mono,80-84,Total,Ensemble,1026.0,colonnes
13,41,préfecture,Bas-Mono,85 et +,Urbain,Hommes,21.0,colonnes
13,41,préfecture,Bas-Mono,85 et +,Urbain,Femmes,80.0,colonnes
13,41,préfecture,Bas-Mono,85 et +,Urbain,Ensemble,101.0,colonnes
13,41,préfecture,Bas-Mono,85 et +,Rural,Hommes,271.0,colonnes
13,41,préfecture,Bas-Mono,85 et +,Rural,Femmes,806.0,colonnes
13,41,préfecture,Bas-Mono,85 et +,Rural,Ensemble,1077.0,colonnes
13,41,préfecture,Bas-Mono,85 et +,Total,Hommes,292.0,colonnes
13,41,préfecture,Bas-Mono,85 et +,Total,Femmes,886.0,colonnes
13,41,préfecture,Bas-Mono,85 et +,Total,Ensemble,1178.0,colonnes
13,41,préfecture,Bas-Mono,ND,Urbain,Hommes,17.0,colonnes
13,41,préfecture,Bas-Mono,ND,Urbain,Femmes,22.0,colonnes
13,41,préfecture,Bas-Mono,ND,Urbain,Ensemble,39.0,colonnes
13,41,préfecture,Bas-Mono,ND,Rural,Hommes,15.0,colonnes
13,41,préfecture,Bas-Mono,ND,Rural,Femmes,8.0,colonnes
13,41,préfecture,Bas-Mono,ND,Rural,Ensemble,23.0,colonnes
13,41,préfecture,Bas-Mono,ND,Total,Hommes,32.0,colonnes
13,41,préfecture,Bas-Mono,ND,Total,Femmes,30.0,colonnes
13,41,préfecture,Bas-Mono,ND,Total,Ensemble,62.0,colonnes
13,41,préfecture,Bas-Mono,Total,Urbain,Hommes,6136.0,colonnes
13,41,préfecture,Bas-Mono,Total,Urbain,Femmes,6910.0,colonnes
13,41,préfecture,Bas-Mono,Total,Urbain,Ensemble,13046.0,colonnes
13,41,préfecture,Bas-Mono,Total,Rural,Hommes,38230.0,colonnes
13,41,préfecture,Bas-Mono,Total,Rural,Femmes,43584.0,colonnes
13,41,préfecture,Bas-Mono,Total,Rural,Ensemble,81814.0,colonnes
13,41,préfecture,Bas-Mono,Total,Total,Hommes,44366.0,colonnes
13,41,préfecture,Bas-Mono,Total,Total,Femmes,50494.0,colonnes
13,41,préfecture,Bas-Mono,Total,Total,Ensemble,94860.0,colonnes
14,42,préfecture,Lacs,0,Urbain,Hommes,354.0,colonnes
14,42,préfecture,Lacs,0,Urbain,Femmes,310.0,colonnes
14,42,préfecture,Lacs,0,Urbain,Ensemble,664.0,colonnes
14,42,préfecture,Lacs,0,Rural,Hommes,2550.0,colonnes
14,42,préfecture,Lacs,0,Rural,Femmes,2477.0,colonnes
14,42,préfecture,Lacs,0,Rural,Ensemble,5027.0,colonnes
14,42,préfecture,Lacs,0,Total,Hommes,2904.0,colonnes
14,42,préfecture,Lacs,0,Total,Femmes,2787.0,colonnes
14,42,préfecture,Lacs,0,Total,Ensemble,5691.0,colonnes
14,42,préfecture,Lacs,1-4,Urbain,Hommes,1338.0,colonnes
14,42,préfecture,Lacs,1-4,Urbain,Femmes,1307.0,colonnes
14,42,préfecture,Lacs,1-4,Urbain,Ensemble,2645.0,colonnes
14,42,préfecture,Lacs,1-4,Rural,Hommes,11271.0,colonnes
14,42,préfecture,Lacs,1-4,Rural,Femmes,10721.0,colonnes
14,42,préfecture,Lacs,1-4,Rural,Ensemble,21992.0,colonnes
14,42,préfecture,Lacs,1-4,Total,Hommes,12609.0,colonnes
14,42,préfecture,Lacs,1-4,Total,Femmes,12028.0,colonnes
14,42,préfecture,Lacs,1-4,Total,Ensemble,24637.0,colonnes
14,42,préfecture,Lacs,5-9,Urbain,Hommes,1815.0,colonnes
14,42,préfecture,Lacs,5-9,Urbain,Femmes,1792.0,colonnes
14,42,préfecture,Lacs,5-9,Urbain,Ensemble,3607.0,colonnes
14,42,préfecture,Lacs,5-9,Rural,Hommes,16042.0,colonnes
14,42,préfecture,Lacs,5-9,Rural,Femmes,15080.0,colonnes
14,42,préfecture,Lacs,5-9,Rural,Ensemble,31122.0,colonnes
14,42,préfecture,Lacs,5-9,Total,Hommes,17857.0,colonnes
14,42,préfecture,Lacs,5-9,Total,Femmes,16872.0,colonnes
14,42,préfecture,Lacs,5-9,Total,Ensemble,34729.0,colonnes
14,42,préfecture,Lacs,10-14,Urbain,Hommes,1685.0,colonnes
14,42,préfecture,Lacs,10-14,Urbain,Femmes,1761.0,colonnes
14,42,préfecture,Lacs,10-14,Urbain,Ensemble,3446.0,colonnes
14,42,préfecture,Lacs,10-14,Rural,Hommes,15232.0,colonnes
14,42,préfecture,Lacs,10-14,Rural,Femmes,14368.0,colonnes
14,42,préfecture,Lacs,10-14,Rural,Ensemble,29600.0,colonnes
14,42,préfecture,Lacs,10-14,Total,Hommes,16917.0,colonnes
14,42,préfecture,Lacs,10-14,Total,Femmes,16129.0,colonnes
14,42,préfecture,Lacs,10-14,Total,Ensemble,33046.0,colonnes
14,42,préfecture,Lacs,15-19,Urbain,Hommes,1495.0,colonnes
14,42,préfecture,Lacs,15-19,Urbain,Femmes,1571.0,colonnes
14,42,préfecture,Lacs,15-19,Urbain,Ensemble,3066.0,colonnes
14,42,préfecture,Lacs,15-19,Rural,Hommes,11037.0,colonnes
14,42,préfecture,Lacs,15-19,Rural,Femmes,10932.0,colonnes
14,42,préfecture,Lacs,15-19,Rural,Ensemble,21969.0,colonnes
14,42,préfecture,Lacs,15-19,Total,Hommes,12532.0,colonnes
14,42,préfecture,Lacs,15-19,Total,Femmes,12503.0,colonnes
14,42,préfecture,Lacs,15-19,Total,Ensemble,25035.0,colonnes
14,42,préfecture,Lacs,20-24,Urbain,Hommes,962.0,colonnes
14,42,préfecture,Lacs,20-24,Urbain,Femmes,1158.0,colonnes
14,42,préfecture,Lacs,20-24,Urbain,Ensemble,2120.0,colonnes
14,42,préfecture,Lacs,20-24,Rural,Hommes,6507.0,colonnes
14,42,préfecture,Lacs,20-24,Rural,Femmes,7963.0,colonnes
14,42,préfecture,Lacs,20-24,Rural,Ensemble,14470.0,colonnes
14,42,préfecture,Lacs,20-24,Total,Hommes,7469.0,colonnes
14,42,préfecture,Lacs,20-24,Total,Femmes,9121.0,colonnes
14,42,préfecture,Lacs,20-24,Total,Ensemble,16590.0,colonnes
14,42,préfecture,Lacs,25-29,Urbain,Hommes,759.0,colonnes
14,42,préfecture,Lacs,25-29,Urbain,Femmes,1023.0,colonnes
14,42,préfecture,Lacs,25-29,Urbain,Ensemble,1782.0,colonnes
14,42,préfecture,Lacs,25-29,Rural,Hommes,5101.0,colonnes
14,42,préfecture,Lacs,25-29,Rural,Femmes,7090.0,colonnes
14,42,préfecture,Lacs,25-29,Rural,Ensemble,12191.0,colonnes
14,42,préfecture,Lacs,25-29,Total,Hommes,5860.0,colonnes
14,42,préfecture,Lacs,25-29,Total,Femmes,8113.0,colonnes
14,42,préfecture,Lacs,25-29,Total,Ensemble,13973.0,colonnes
14,42,préfecture,Lacs,30-34,Urbain,Hommes,900.0,colonnes
14,42,préfecture,Lacs,30-34,Urbain,Femmes,1056.0,colonnes
14,42,préfecture,Lacs,30-34,Urbain,Ensemble,1956.0,colonnes
14,42,préfecture,Lacs,30-34,Rural,Hommes,5633.0,colonnes
14,42,préfecture,Lacs,30-34,Rural,Femmes,7342.0,colonnes
14,42,préfecture,Lacs,30-34,Rural,Ensemble,12975.0,colonnes
14,42,préfecture,Lacs,30-34,Total,Hommes,6533.0,colonnes
14,42,préfecture,Lacs,30-34,Total,Femmes,8398.0,colonnes
14,42,préfecture,Lacs,30-34,Total,Ensemble,14931.0,colonnes
14,42,préfecture,Lacs,35-39,Urbain,Hommes,960.0,colonnes
14,42,préfecture,Lacs,35-39,Urbain,Femmes,968.0,colonnes
14,42,préfecture,Lacs,35-39,Urbain,Ensemble,1928.0,colonnes
14,42,préfecture,Lacs,35-39,Rural,Hommes,5909.0,colonnes
14,42,préfecture,Lacs,35-39,Rural,Femmes,7113.0,colonnes
14,42,préfecture,Lacs,35-39,Rural,Ensemble,13022.0,colonnes
14,42,préfecture,Lacs,35-39,Total,Hommes,6869.0,colonnes
14,42,préfecture,Lacs,35-39,Total,Femmes,8081.0,colonnes
14,42,préfecture,Lacs,35-39,Total,Ensemble,14950.0,colonnes
14,42,préfecture,Lacs,40-44,Urbain,Hommes,771.0,colonnes
14,42,préfecture,Lacs,40-44,Urbain,Femmes,815.0,colonnes
14,42,préfecture,Lacs,40-44,Urbain,Ensemble,1586.0,colonnes
14,42,préfecture,Lacs,40-44,Rural,Hommes,5386.0,colonnes
14,42,préfecture,Lacs,40-44,Rural,Femmes,6033.0,colonnes
14,42,préfecture,Lacs,40-44,Rural,Ensemble,11419.0,colonnes
14,42,préfecture,Lacs,40-44,Total,Hommes,6157.0,colonnes
14,42,préfecture,Lacs,40-44,Total,Femmes,6848.0,colonnes
14,42,préfecture,Lacs,40-44,Total,Ensemble,13005.0,colonnes
14,42,préfecture,Lacs,45-49,Urbain,Hommes,647.0,colonnes
14,42,préfecture,Lacs,45-49,Urbain,Femmes,634.0,colonnes
14,42,préfecture,Lacs,45-49,Urbain,Ensemble,1281.0,colonnes
14,42,préfecture,Lacs,45-49,Rural,Hommes,4512.0,colonnes
14,42,préfecture,Lacs,45-49,Rural,Femmes,4636.0,colonnes
14,42,préfecture,Lacs,45-49,Rural,Ensemble,9148.0,colonnes
14,42,préfecture,Lacs,45-49,Total,Hommes,5159.0,colonnes
14,42,préfecture,Lacs,45-49,Total,Femmes,5270.0,colonnes
14,42,préfecture,Lacs,45-49,Total,Ensemble,10429.0,colonnes
14,42,préfecture,Lacs,50-54,Urbain,Hommes,535.0,colonnes
14,42,préfecture,Lacs,50-54,Urbain,Femmes,616.0,colonnes
14,42,préfecture,Lacs,50-54,Urbain,Ensemble,1151.0,colonnes
14,42,préfecture,Lacs,50-54,Rural,Hommes,3887.0,colonnes
14,42,préfecture,Lacs,50-54,Rural,Femmes,4329.0,colonnes
14,42,préfecture,Lacs,50-54,Rural,Ensemble,8216.0,colonnes
14,42,préfecture,Lacs,50-54,Total,Hommes,4422.0,colonnes
14,42,préfecture,Lacs,50-54,Total,Femmes,4945.0,colonnes
14,42,préfecture,Lacs,50-54,Total,Ensemble,9367.0,colonnes
14,42,préfecture,Lacs,55-59,Urbain,Hommes,420.0,colonnes
14,42,préfecture,Lacs,55-59,Urbain,Femmes,399.0,colonnes
14,42,préfecture,Lacs,55-59,Urbain,Ensemble,819.0,colonnes
14,42,préfecture,Lacs,55-59,Rural,Hommes,2771.0,colonnes
14,42,préfecture,Lacs,55-59,Rural,Femmes,2997.0,colonnes
14,42,préfecture,Lacs,55-59,Rural,Ensemble,5768.0,colonnes
14,42,préfecture,Lacs,55-59,Total,Hommes,3191.0,colonnes
14,42,préfecture,Lacs,55-59,Total,Femmes,3396.0,colonnes
14,42,préfecture,Lacs,55-59,Total,Ensemble,6587.0,colonnes
14,42,préfecture,Lacs,60-64,Urbain,Hommes,313.0,colonnes
14,42,préfecture,Lacs,60-64,Urbain,Femmes,375.0,colonnes
14,42,préfecture,Lacs,60-64,Urbain,Ensemble,688.0,colonnes
14,42,préfecture,Lacs,60-64,Rural,Hommes,2340.0,colonnes
14,42,préfecture,Lacs,60-64,Rural,Femmes,2982.0,colonnes
14,42,préfecture,Lacs,60-64,Rural,Ensemble,5322.0,colonnes
14,42,préfecture,Lacs,60-64,Total,Hommes,2653.0,colonnes
14,42,préfecture,Lacs,60-64,Total,Femmes,3357.0,colonnes
14,42,préfecture,Lacs,60-64,Total,Ensemble,6010.0,colonnes
14,42,préfecture,Lacs,65-69,Urbain,Hommes,150.0,colonnes
14,42,préfecture,Lacs,65-69,Urbain,Femmes,213.0,colonnes
14,42,préfecture,Lacs,65-69,Urbain,Ensemble,363.0,colonnes
14,42,préfecture,Lacs,65-69,Rural,Hommes,1470.0,colonnes
14,42,préfecture,Lacs,65-69,Rural,Femmes,1980.0,colonnes
14,42,préfecture,Lacs,65-69,Rural,Ensemble,3450.0,colonnes
14,42,préfecture,Lacs,65-69,Total,Hommes,1620.0,colonnes
14,42,préfecture,Lacs,65-69,Total,Femmes,2193.0,colonnes
14,42,préfecture,Lacs,65-69,Total,Ensemble,3813.0,colonnes
14,42,préfecture,Lacs,70-74,Urbain,Hommes,115.0,colonnes
14,42,préfecture,Lacs,70-74,Urbain,Femmes,195.0,colonnes
14,42,préfecture,Lacs,70-74,Urbain,Ensemble,310.0,colonnes
14,42,préfecture,Lacs,70-74,Rural,Hommes,967.0,colonnes
14,42,préfecture,Lacs,70-74,Rural,Femmes,1757.0,colonnes
14,42,préfecture,Lacs,70-74,Rural,Ensemble,2724.0,colonnes
14,42,préfecture,Lacs,70-74,Total,Hommes,1082.0,colonnes
14,42,préfecture,Lacs,70-74,Total,Femmes,1952.0,colonnes
14,42,préfecture,Lacs,70-74,Total,Ensemble,3034.0,colonnes
14,42,préfecture,Lacs,75-79,Urbain,Hommes,79.0,colonnes
14,42,préfecture,Lacs,75-79,Urbain,Femmes,116.0,colonnes
14,42,préfecture,Lacs,75-79,Urbain,Ensemble,195.0,colonnes
14,42,préfecture,Lacs,75-79,Rural,Hommes,458.0,colonnes
14,42,préfecture,Lacs,75-79,Rural,Femmes,1003.0,colonnes
14,42,préfecture,Lacs,75-79,Rural,Ensemble,1461.0,colonnes
14,42,préfecture,Lacs,75-79,Total,Hommes,537.0,colonnes
14,42,préfecture,Lacs,75-79,Total,Femmes,1119.0,colonnes
14,42,préfecture,Lacs,75-79,Total,Ensemble,1656.0,colonnes
14,42,préfecture,Lacs,80-84,Urbain,Hommes,46.0,colonnes
14,42,préfecture,Lacs,80-84,Urbain,Femmes,107.0,colonnes
14,42,préfecture,Lacs,80-84,Urbain,Ensemble,153.0,colonnes
14,42,préfecture,Lacs,80-84,Rural,Hommes,371.0,colonnes
14,42,préfecture,Lacs,80-84,Rural,Femmes,976.0,colonnes
14,42,préfecture,Lacs,80-84,Rural,Ensemble,1347.0,colonnes
14,42,préfecture,Lacs,80-84,Total,Hommes,417.0,colonnes
14,42,préfecture,Lacs,80-84,Total,Femmes,1083.0,colonnes
14,42,préfecture,Lacs,80-84,Total,Ensemble,1500.0,colonnes
14,42,préfecture,Lacs,85 et +,Urbain,Hommes,34.0,colonnes
14,42,préfecture,Lacs,85 et +,Urbain,Femmes,110.0,colonnes
14,42,préfecture,Lacs,85 et +,Urbain,Ensemble,144.0,colonnes
14,42,préfecture,Lacs,85 et +,Rural,Hommes,357.0,colonnes
14,42,préfecture,Lacs,85 et +,Rural,Femmes,1168.0,colonnes
14,42,préfecture,Lacs,85 et +,Rural,Ensemble,1525.0,colonnes
14,42,préfecture,Lacs,85 et +,Total,Hommes,391.0,colonnes
14,42,préfecture,Lacs,85 et +,Total,Femmes,1278.0,colonnes
14,42,préfecture,Lacs,85 et +,Total,Ensemble,1669.0,colonnes
14,42,préfecture,Lacs,ND,Urbain,Hommes,155.0,colonnes
14,42,préfecture,Lacs,ND,Urbain,Femmes,179.0,colonnes
14,42,préfecture,Lacs,ND,Urbain,Ensemble,334.0,colonnes
14,42,préfecture,Lacs,ND,Rural,Hommes,134.0,colonnes
14,42,préfecture,Lacs,ND,Rural,Femmes,127.0,colonnes
14,42,préfecture,Lacs,ND,Rural,Ensemble,261.0,colonnes
14,42,préfecture,Lacs,ND,Total,Hommes,289.0,colonnes
14,42,préfecture,Lacs,ND,Total,Femmes,306.0,colonnes
14,42,préfecture,Lacs,ND,Total,Ensemble,595.0,colonnes
14,42,préfecture,Lacs,Total,Urbain,Hommes,13533.0,colonnes
14,42,préfecture,Lacs,Total,Urbain,Femmes,14705.0,colonnes
14,42,préfecture,Lacs,Total,Urbain,Ensemble,28238.0,colonnes
14,42,préfecture,Lacs,Total,Rural,Hommes,101935.0,colonnes
14,42,préfecture,Lacs,Total,Rural,Femmes,111074.0,colonnes
14,42,préfecture,Lacs,Total,Rural,Ensemble,213009.0,colonnes
14,42,préfecture,Lacs,Total,Total,Hommes,115468.0,colonnes
14,42,préfecture,Lacs,Total,Total,Femmes,125779.0,colonnes
14,42,préfecture,Lacs,Total,Total,Ensemble,241247.0,colonnes
15,43,préfecture,Vo,0,Urbain,Hommes,373.0,colonnes
15,43,préfecture,Vo,0,Urbain,Femmes,371.0,colonnes
15,43,préfecture,Vo,0,Urbain,Ensemble,744.0,colonnes
15,43,préfecture,Vo,0,Rural,Hommes,2240.0,colonnes
15,43,préfecture,Vo,0,Rural,Femmes,2258.0,colonnes
15,43,préfecture,Vo,0,Rural,Ensemble,4498.0,colonnes
15,43,préfecture,Vo,0,Total,Hommes,2613.0,colonnes
15,43,préfecture,Vo,0,Total,Femmes,2629.0,colonnes
15,43,préfecture,Vo,0,Total,Ensemble,5242.0,colonnes
15,43,préfecture,Vo,1-4,Urbain,Hommes,1363.0,colonnes
15,43,préfecture,Vo,1-4,Urbain,Femmes,1413.0,colonnes
15,43,préfecture,Vo,1-4,Urbain,Ensemble,2776.0,colonnes
15,43,préfecture,Vo,1-4,Rural,Hommes,10445.0,colonnes
15,43,préfecture,Vo,1-4,Rural,Femmes,9890.0,colonnes
15,43,préfecture,Vo,1-4,Rural,Ensemble,20335.0,colonnes
15,43,préfecture,Vo,1-4,Total,Hommes,11808.0,colonnes
15,43,préfecture,Vo,1-4,Total,Femmes,11303.0,colonnes
15,43,préfecture,Vo,1-4,Total,Ensemble,23111.0,colonnes
15,43,préfecture,Vo,5-9,Urbain,Hommes,1816.0,colonnes
15,43,préfecture,Vo,5-9,Urbain,Femmes,1795.0,colonnes
15,43,préfecture,Vo,5-9,Urbain,Ensemble,3611.0,colonnes
15,43,préfecture,Vo,5-9,Rural,Hommes,15922.0,colonnes
15,43,préfecture,Vo,5-9,Rural,Femmes,15063.0,colonnes
15,43,préfecture,Vo,5-9,Rural,Ensemble,30985.0,colonnes
15,43,préfecture,Vo,5-9,Total,Hommes,17738.0,colonnes
15,43,préfecture,Vo,5-9,Total,Femmes,16858.0,colonnes
15,43,préfecture,Vo,5-9,Total,Ensemble,34596.0,colonnes
15,43,préfecture,Vo,10-14,Urbain,Hommes,1673.0,colonnes
15,43,préfecture,Vo,10-14,Urbain,Femmes,1609.0,colonnes
15,43,préfecture,Vo,10-14,Urbain,Ensemble,3282.0,colonnes
15,43,préfecture,Vo,10-14,Rural,Hommes,15748.0,colonnes
15,43,préfecture,Vo,10-14,Rural,Femmes,14077.0,colonnes
15,43,préfecture,Vo,10-14,Rural,Ensemble,29825.0,colonnes
15,43,préfecture,Vo,10-14,Total,Hommes,17421.0,colonnes
15,43,préfecture,Vo,10-14,Total,Femmes,15686.0,colonnes
15,43,préfecture,Vo,10-14,Total,Ensemble,33107.0,colonnes
15,43,préfecture,Vo,15-19,Urbain,Hommes,1431.0,colonnes
15,43,préfecture,Vo,15-19,Urbain,Femmes,1339.0,colonnes
15,43,préfecture,Vo,15-19,Urbain,Ensemble,2770.0,colonnes
15,43,préfecture,Vo,15-19,Rural,Hommes,10298.0,colonnes
15,43,préfecture,Vo,15-19,Rural,Femmes,10163.0,colonnes
15,43,préfecture,Vo,15-19,Rural,Ensemble,20461.0,colonnes
15,43,préfecture,Vo,15-19,Total,Hommes,11729.0,colonnes
15,43,préfecture,Vo,15-19,Total,Femmes,11502.0,colonnes
15,43,préfecture,Vo,15-19,Total,Ensemble,23231.0,colonnes
15,43,préfecture,Vo,20-24,Urbain,Hommes,723.0,colonnes
15,43,préfecture,Vo,20-24,Urbain,Femmes,896.0,colonnes
15,43,préfecture,Vo,20-24,Urbain,Ensemble,1619.0,colonnes
15,43,préfecture,Vo,20-24,Rural,Hommes,4950.0,colonnes
15,43,préfecture,Vo,20-24,Rural,Femmes,6555.0,colonnes
15,43,préfecture,Vo,20-24,Rural,Ensemble,11505.0,colonnes
15,43,préfecture,Vo,20-24,Total,Hommes,5673.0,colonnes
15,43,préfecture,Vo,20-24,Total,Femmes,7451.0,colonnes
15,43,préfecture,Vo,20-24,Total,Ensemble,13124.0,colonnes
15,43,préfecture,Vo,25-29,Urbain,Hommes,539.0,colonnes
15,43,préfecture,Vo,25-29,Urbain,Femmes,863.0,colonnes
15,43,préfecture,Vo,25-29,Urbain,Ensemble,1402.0,colonnes
15,43,préfecture,Vo,25-29,Rural,Hommes,3415.0,colonnes
15,43,préfecture,Vo,25-29,Rural,Femmes,5392.0,colonnes
15,43,préfecture,Vo,25-29,Rural,Ensemble,8807.0,colonnes
15,43,préfecture,Vo,25-29,Total,Hommes,3954.0,colonnes
15,43,préfecture,Vo,25-29,Total,Femmes,6255.0,colonnes
15,43,préfecture,Vo,25-29,Total,Ensemble,10209.0,colonnes
15,43,préfecture,Vo,30-34,Urbain,Hommes,649.0,colonnes
15,43,préfecture,Vo,30-34,Urbain,Femmes,973.0,colonnes
15,43,préfecture,Vo,30-34,Urbain,Ensemble,1622.0,colonnes
15,43,préfecture,Vo,30-34,Rural,Hommes,3972.0,colonnes
15,43,préfecture,Vo,30-34,Rural,Femmes,5960.0,colonnes
15,43,préfecture,Vo,30-34,Rural,Ensemble,9932.0,colonnes
15,43,préfecture,Vo,30-34,Total,Hommes,4621.0,colonnes
15,43,préfecture,Vo,30-34,Total,Femmes,6933.0,colonnes
15,43,préfecture,Vo,30-34,Total,Ensemble,11554.0,colonnes
15,43,préfecture,Vo,35-39,Urbain,Hommes,667.0,colonnes
15,43,préfecture,Vo,35-39,Urbain,Femmes,846.0,colonnes
15,43,préfecture,Vo,35-39,Urbain,Ensemble,1513.0,colonnes
15,43,préfecture,Vo,35-39,Rural,Hommes,4099.0,colonnes
15,43,préfecture,Vo,35-39,Rural,Femmes,5548.0,colonnes
15,43,préfecture,Vo,35-39,Rural,Ensemble,9647.0,colonnes
15,43,préfecture,Vo,35-39,Total,Hommes,4766.0,colonnes
15,43,préfecture,Vo,35-39,Total,Femmes,6394.0,colonnes
15,43,préfecture,Vo,35-39,Total,Ensemble,11160.0,colonnes
15,43,préfecture,Vo,40-44,Urbain,Hommes,637.0,colonnes
15,43,préfecture,Vo,40-44,Urbain,Femmes,665.0,colonnes
15,43,préfecture,Vo,40-44,Urbain,Ensemble,1302.0,colonnes
15,43,préfecture,Vo,40-44,Rural,Hommes,4300.0,colonnes
15,43,préfecture,Vo,40-44,Rural,Femmes,5571.0,colonnes
15,43,préfecture,Vo,40-44,Rural,Ensemble,9871.0,colonnes
15,43,préfecture,Vo,40-44,Total,Hommes,4937.0,colonnes
15,43,préfecture,Vo,40-44,Total,Femmes,6236.0,colonnes
15,43,préfecture,Vo,40-44,Total,Ensemble,11173.0,colonnes
15,43,préfecture,Vo,45-49,Urbain,Hommes,472.0,colonnes
15,43,préfecture,Vo,45-49,Urbain,Femmes,437.0,colonnes
15,43,préfecture,Vo,45-49,Urbain,Ensemble,909.0,colonnes
15,43,préfecture,Vo,45-49,Rural,Hommes,3655.0,colonnes
15,43,préfecture,Vo,45-49,Rural,Femmes,4383.0,colonnes
15,43,préfecture,Vo,45-49,Rural,Ensemble,8038.0,colonnes
15,43,préfecture,Vo,45-49,Total,Hommes,4127.0,colonnes
15,43,préfecture,Vo,45-49,Total,Femmes,4820.0,colonnes
15,43,préfecture,Vo,45-49,Total,Ensemble,8947.0,colonnes
15,43,préfecture,Vo,50-54,Urbain,Hommes,399.0,colonnes
15,43,préfecture,Vo,50-54,Urbain,Femmes,406.0,colonnes
15,43,préfecture,Vo,50-54,Urbain,Ensemble,805.0,colonnes
15,43,préfecture,Vo,50-54,Rural,Hommes,3426.0,colonnes
15,43,préfecture,Vo,50-54,Rural,Femmes,4426.0,colonnes
15,43,préfecture,Vo,50-54,Rural,Ensemble,7852.0,colonnes
15,43,préfecture,Vo,50-54,Total,Hommes,3825.0,colonnes
15,43,préfecture,Vo,50-54,Total,Femmes,4832.0,colonnes
15,43,préfecture,Vo,50-54,Total,Ensemble,8657.0,colonnes
15,43,préfecture,Vo,55-59,Urbain,Hommes,302.0,colonnes
15,43,préfecture,Vo,55-59,Urbain,Femmes,320.0,colonnes
15,43,préfecture,Vo,55-59,Urbain,Ensemble,622.0,colonnes
15,43,préfecture,Vo,55-59,Rural,Hommes,2335.0,colonnes
15,43,préfecture,Vo,55-59,Rural,Femmes,2895.0,colonnes
15,43,préfecture,Vo,55-59,Rural,Ensemble,5230.0,colonnes
15,43,préfecture,Vo,55-59,Total,Hommes,2637.0,colonnes
15,43,préfecture,Vo,55-59,Total,Femmes,3215.0,colonnes
15,43,préfecture,Vo,55-59,Total,Ensemble,5852.0,colonnes
15,43,préfecture,Vo,60-64,Urbain,Hommes,230.0,colonnes
15,43,préfecture,Vo,60-64,Urbain,Femmes,318.0,colonnes
15,43,préfecture,Vo,60-64,Urbain,Ensemble,548.0,colonnes
15,43,préfecture,Vo,60-64,Rural,Hommes,2366.0,colonnes
15,43,préfecture,Vo,60-64,Rural,Femmes,3807.0,colonnes
15,43,préfecture,Vo,60-64,Rural,Ensemble,6173.0,colonnes
15,43,préfecture,Vo,60-64,Total,Hommes,2596.0,colonnes
15,43,préfecture,Vo,60-64,Total,Femmes,4125.0,colonnes
15,43,préfecture,Vo,60-64,Total,Ensemble,6721.0,colonnes
15,43,préfecture,Vo,65-69,Urbain,Hommes,155.0,colonnes
15,43,préfecture,Vo,65-69,Urbain,Femmes,231.0,colonnes
15,43,préfecture,Vo,65-69,Urbain,Ensemble,386.0,colonnes
15,43,préfecture,Vo,65-69,Rural,Hommes,1480.0,colonnes
15,43,préfecture,Vo,65-69,Rural,Femmes,2322.0,colonnes
15,43,préfecture,Vo,65-69,Rural,Ensemble,3802.0,colonnes
15,43,préfecture,Vo,65-69,Total,Hommes,1635.0,colonnes
15,43,préfecture,Vo,65-69,Total,Femmes,2553.0,colonnes
15,43,préfecture,Vo,65-69,Total,Ensemble,4188.0,colonnes
15,43,préfecture,Vo,70-74,Urbain,Hommes,112.0,colonnes
15,43,préfecture,Vo,70-74,Urbain,Femmes,210.0,colonnes
15,43,préfecture,Vo,70-74,Urbain,Ensemble,322.0,colonnes
15,43,préfecture,Vo,70-74,Rural,Hommes,1430.0,colonnes
15,43,préfecture,Vo,70-74,Rural,Femmes,2461.0,colonnes
15,43,préfecture,Vo,70-74,Rural,Ensemble,3891.0,colonnes
15,43,préfecture,Vo,70-74,Total,Hommes,1542.0,colonnes
15,43,préfecture,Vo,70-74,Total,Femmes,2671.0,colonnes
15,43,préfecture,Vo,70-74,Total,Ensemble,4213.0,colonnes
15,43,préfecture,Vo,75-79,Urbain,Hommes,52.0,colonnes
15,43,préfecture,Vo,75-79,Urbain,Femmes,128.0,colonnes
15,43,préfecture,Vo,75-79,Urbain,Ensemble,180.0,colonnes
15,43,préfecture,Vo,75-79,Rural,Hommes,720.0,colonnes
15,43,préfecture,Vo,75-79,Rural,Femmes,1435.0,colonnes
15,43,préfecture,Vo,75-79,Rural,Ensemble,2155.0,colonnes
15,43,préfecture,Vo,75-79,Total,Hommes,772.0,colonnes
15,43,préfecture,Vo,75-79,Total,Femmes,1563.0,colonnes
15,43,préfecture,Vo,75-79,Total,Ensemble,2335.0,colonnes
15,43,préfecture,Vo,80-84,Urbain,Hommes,39.0,colonnes
15,43,préfecture,Vo,80-84,Urbain,Femmes,107.0,colonnes
15,43,préfecture,Vo,80-84,Urbain,Ensemble,146.0,colonnes
15,43,préfecture,Vo,80-84,Rural,Hommes,674.0,colonnes
15,43,préfecture,Vo,80-84,Rural,Femmes,1662.0,colonnes
15,43,préfecture,Vo,80-84,Rural,Ensemble,2336.0,colonnes
15,43,préfecture,Vo,80-84,Total,Hommes,713.0,colonnes
15,43,préfecture,Vo,80-84,Total,Femmes,1769.0,colonnes
15,43,préfecture,Vo,80-84,Total,Ensemble,2482.0,colonnes
15,43,préfecture,Vo,85 et +,Urbain,Hommes,67.0,colonnes
15,43,préfecture,Vo,85 et +,Urbain,Femmes,183.0,colonnes
15,43,préfecture,Vo,85 et +,Urbain,Ensemble,250.0,colonnes
15,43,préfecture,Vo,85 et +,Rural,Hommes,869.0,colonnes
15,43,préfecture,Vo,85 et +,Rural,Femmes,2168.0,colonnes
15,43,préfecture,Vo,85 et +,Rural,Ensemble,3037.0,colonnes
15,43,préfecture,Vo,85 et +,Total,Hommes,936.0,colonnes
15,43,préfecture,Vo,85 et +,Total,Femmes,2351.0,colonnes
15,43,préfecture,Vo,85 et +,Total,Ensemble,3287.0,colonnes
15,43,préfecture,Vo,ND,Urbain,Hommes,57.0,colonnes
15,43,préfecture,Vo,ND,Urbain,Femmes,117.0,colonnes
15,43,préfecture,Vo,ND,Urbain,Ensemble,174.0,colonnes
15,43,préfecture,Vo,ND,Rural,Hommes,385.0,colonnes
15,43,préfecture,Vo,ND,Rural,Femmes,663.0,colonnes
15,43,préfecture,Vo,ND,Rural,Ensemble,1048.0,colonnes
15,43,préfecture,Vo,ND,Total,Hommes,442.0,colonnes
15,43,préfecture,Vo,ND,Total,Femmes,780.0,colonnes
15,43,préfecture,Vo,ND,Total,Ensemble,1222.0,colonnes
15,43,préfecture,Vo,Total,Urbain,Hommes,11756.0,colonnes
15,43,préfecture,Vo,Total,Urbain,Femmes,13227.0,colonnes
15,43,préfecture,Vo,Total,Urbain,Ensemble,24983.0,colonnes
15,43,préfecture,Vo,Total,Rural,Hommes,92729.0,colonnes
15,43,préfecture,Vo,Total,Rural,Femmes,106699.0,colonnes
15,43,préfecture,Vo,Total,Rural,Ensemble,199428.0,colonnes
15,43,préfecture,Vo,Total,Total,Hommes,104485.0,colonnes
15,43,préfecture,Vo,Total,Total,Femmes,119926.0,colonnes
15,43,préfecture,Vo,Total,Total,Ensemble,224411.0,colonnes
16,44,préfecture,Avé,0,Urbain,Hommes,56.0,colonnes
16,44,préfecture,Avé,0,Urbain,Femmes,52.0,colonnes
16,44,préfecture,Avé,0,Urbain,Ensemble,108.0,colonnes
16,44,préfecture,Avé,0,Rural,Hommes,1220.0,colonnes
16,44,préfecture,Avé,0,Rural,Femmes,1153.0,colonnes
16,44,préfecture,Avé,0,Rural,Ensemble,2373.0,colonnes
16,44,préfecture,Avé,0,Total,Hommes,1276.0,colonnes
16,44,préfecture,Avé,0,Total,Femmes,1205.0,colonnes
16,44,préfecture,Avé,0,Total,Ensemble,2481.0,colonnes
16,44,préfecture,Avé,1-4,Urbain,Hommes,224.0,colonnes
16,44,préfecture,Avé,1-4,Urbain,Femmes,234.0,colonnes
16,44,préfecture,Avé,1-4,Urbain,Ensemble,458.0,colonnes
16,44,préfecture,Avé,1-4,Rural,Hommes,5504.0,colonnes
16,44,préfecture,Avé,1-4,Rural,Femmes,5461.0,colonnes
16,44,préfecture,Avé,1-4,Rural,Ensemble,10965.0,colonnes
16,44,préfecture,Avé,1-4,Total,Hommes,5728.0,colonnes
16,44,préfecture,Avé,1-4,Total,Femmes,5695.0,colonnes
16,44,préfecture,Avé,1-4,Total,Ensemble,11423.0,colonnes
16,44,préfecture,Avé,5-9,Urbain,Hommes,342.0,colonnes
16,44,préfecture,Avé,5-9,Urbain,Femmes,351.0,colonnes
16,44,préfecture,Avé,5-9,Urbain,Ensemble,693.0,colonnes
16,44,préfecture,Avé,5-9,Rural,Hommes,7662.0,colonnes
16,44,préfecture,Avé,5-9,Rural,Femmes,7236.0,colonnes
16,44,préfecture,Avé,5-9,Rural,Ensemble,14898.0,colonnes
16,44,préfecture,Avé,5-9,Total,Hommes,8004.0,colonnes
16,44,préfecture,Avé,5-9,Total,Femmes,7587.0,colonnes
16,44,préfecture,Avé,5-9,Total,Ensemble,15591.0,colonnes
16,44,préfecture,Avé,10-14,Urbain,Hommes,314.0,colonnes
16,44,préfecture,Avé,10-14,Urbain,Femmes,340.0,colonnes
16,44,préfecture,Avé,10-14,Urbain,Ensemble,654.0,colonnes
16,44,préfecture,Avé,10-14,Rural,Hommes,7475.0,colonnes
16,44,préfecture,Avé,10-14,Rural,Femmes,6817.0,colonnes
16,44,préfecture,Avé,10-14,Rural,Ensemble,14292.0,colonnes
16,44,préfecture,Avé,10-14,Total,Hommes,7789.0,colonnes
16,44,préfecture,Avé,10-14,Total,Femmes,7157.0,colonnes
16,44,préfecture,Avé,10-14,Total,Ensemble,14946.0,colonnes
16,44,préfecture,Avé,15-19,Urbain,Hommes,290.0,colonnes
16,44,préfecture,Avé,15-19,Urbain,Femmes,274.0,colonnes
16,44,préfecture,Avé,15-19,Urbain,Ensemble,564.0,colonnes
16,44,préfecture,Avé,15-19,Rural,Hommes,5109.0,colonnes
16,44,préfecture,Avé,15-19,Rural,Femmes,5030.0,colonnes
16,44,préfecture,Avé,15-19,Rural,Ensemble,10139.0,colonnes
16,44,préfecture,Avé,15-19,Total,Hommes,5399.0,colonnes
16,44,préfecture,Avé,15-19,Total,Femmes,5304.0,colonnes
16,44,préfecture,Avé,15-19,Total,Ensemble,10703.0,colonnes
16,44,préfecture,Avé,20-24,Urbain,Hommes,170.0,colonnes
16,44,préfecture,Avé,20-24,Urbain,Femmes,228.0,colonnes
16,44,préfecture,Avé,20-24,Urbain,Ensemble,398.0,colonnes
16,44,préfecture,Avé,20-24,Rural,Hommes,3355.0,colonnes
16,44,préfecture,Avé,20-24,Rural,Femmes,4145.0,colonnes
16,44,préfecture,Avé,20-24,Rural,Ensemble,7500.0,colonnes
16,44,préfecture,Avé,20-24,Total,Hommes,3525.0,colonnes
16,44,préfecture,Avé,20-24,Total,Femmes,4373.0,colonnes
16,44,préfecture,Avé,20-24,Total,Ensemble,7898.0,colonnes
16,44,préfecture,Avé,25-29,Urbain,Hommes,151.0,colonnes
16,44,préfecture,Avé,25-29,Urbain,Femmes,174.0,colonnes
16,44,préfecture,Avé,25-29,Urbain,Ensemble,325.0,colonnes
16,44,préfecture,Avé,25-29,Rural,Hommes,2701.0,colonnes
16,44,préfecture,Avé,25-29,Rural,Femmes,3686.0,colonnes
16,44,préfecture,Avé,25-29,Rural,Ensemble,6387.0,colonnes
16,44,préfecture,Avé,25-29,Total,Hommes,2852.0,colonnes
16,44,préfecture,Avé,25-29,Total,Femmes,3860.0,colonnes
16,44,préfecture,Avé,25-29,Total,Ensemble,6712.0,colonnes
16,44,préfecture,Avé,30-34,Urbain,Hommes,126.0,colonnes
16,44,préfecture,Avé,30-34,Urbain,Femmes,189.0,colonnes
16,44,préfecture,Avé,30-34,Urbain,Ensemble,315.0,colonnes
16,44,préfecture,Avé,30-34,Rural,Hommes,3159.0,colonnes
16,44,préfecture,Avé,30-34,Rural,Femmes,3823.0,colonnes
16,44,préfecture,Avé,30-34,Rural,Ensemble,6982.0,colonnes
16,44,préfecture,Avé,30-34,Total,Hommes,3285.0,colonnes
16,44,préfecture,Avé,30-34,Total,Femmes,4012.0,colonnes
16,44,préfecture,Avé,30-34,Total,Ensemble,7297.0,colonnes
16,44,préfecture,Avé,35-39,Urbain,Hommes,139.0,colonnes
16,44,préfecture,Avé,35-39,Urbain,Femmes,142.0,colonnes
16,44,préfecture,Avé,35-39,Urbain,Ensemble,281.0,colonnes
16,44,préfecture,Avé,35-39,Rural,Hommes,2902.0,colonnes
16,44,préfecture,Avé,35-39,Rural,Femmes,3393.0,colonnes
16,44,préfecture,Avé,35-39,Rural,Ensemble,6295.0,colonnes
16,44,préfecture,Avé,35-39,Total,Hommes,3041.0,colonnes
16,44,préfecture,Avé,35-39,Total,Femmes,3535.0,colonnes
16,44,préfecture,Avé,35-39,Total,Ensemble,6576.0,colonnes
16,44,préfecture,Avé,40-44,Urbain,Hommes,119.0,colonnes
16,44,préfecture,Avé,40-44,Urbain,Femmes,155.0,colonnes
16,44,préfecture,Avé,40-44,Urbain,Ensemble,274.0,colonnes
16,44,préfecture,Avé,40-44,Rural,Hommes,2741.0,colonnes
16,44,préfecture,Avé,40-44,Rural,Femmes,3013.0,colonnes
16,44,préfecture,Avé,40-44,Rural,Ensemble,5754.0,colonnes
16,44,préfecture,Avé,40-44,Total,Hommes,2860.0,colonnes
16,44,préfecture,Avé,40-44,Total,Femmes,3168.0,colonnes
16,44,préfecture,Avé,40-44,Total,Ensemble,6028.0,colonnes
16,44,préfecture,Avé,45-49,Urbain,Hommes,98.0,colonnes
16,44,préfecture,Avé,45-49,Urbain,Femmes,138.0,colonnes
16,44,préfecture,Avé,45-49,Urbain,Ensemble,236.0,colonnes
16,44,préfecture,Avé,45-49,Rural,Hommes,2194.0,colonnes
16,44,préfecture,Avé,45-49,Rural,Femmes,2251.0,colonnes
16,44,préfecture,Avé,45-49,Rural,Ensemble,4445.0,colonnes
16,44,préfecture,Avé,45-49,Total,Hommes,2292.0,colonnes
16,44,préfecture,Avé,45-49,Total,Femmes,2389.0,colonnes
16,44,préfecture,Avé,45-49,Total,Ensemble,4681.0,colonnes
16,44,préfecture,Avé,50-54,Urbain,Hommes,112.0,colonnes
16,44,préfecture,Avé,50-54,Urbain,Femmes,124.0,colonnes
16,44,préfecture,Avé,50-54,Urbain,Ensemble,236.0,colonnes
16,44,préfecture,Avé,50-54,Rural,Hommes,2005.0,colonnes
16,44,préfecture,Avé,50-54,Rural,Femmes,2346.0,colonnes
16,44,préfecture,Avé,50-54,Rural,Ensemble,4351.0,colonnes
16,44,préfecture,Avé,50-54,Total,Hommes,2117.0,colonnes
16,44,préfecture,Avé,50-54,Total,Femmes,2470.0,colonnes
16,44,préfecture,Avé,50-54,Total,Ensemble,4587.0,colonnes
16,44,préfecture,Avé,55-59,Urbain,Hommes,84.0,colonnes
16,44,préfecture,Avé,55-59,Urbain,Femmes,96.0,colonnes
16,44,préfecture,Avé,55-59,Urbain,Ensemble,180.0,colonnes
16,44,préfecture,Avé,55-59,Rural,Hommes,1403.0,colonnes
16,44,préfecture,Avé,55-59,Rural,Femmes,1574.0,colonnes
16,44,préfecture,Avé,55-59,Rural,Ensemble,2977.0,colonnes
16,44,préfecture,Avé,55-59,Total,Hommes,1487.0,colonnes
16,44,préfecture,Avé,55-59,Total,Femmes,1670.0,colonnes
16,44,préfecture,Avé,55-59,Total,Ensemble,3157.0,colonnes
16,44,préfecture,Avé,60-64,Urbain,Hommes,64.0,colonnes
16,44,préfecture,Avé,60-64,Urbain,Femmes,115.0,colonnes
16,44,préfecture,Avé,60-64,Urbain,Ensemble,179.0,colonnes
16,44,préfecture,Avé,60-64,Rural,Hommes,1253.0,colonnes
16,44,préfecture,Avé,60-64,Rural,Femmes,1646.0,colonnes
16,44,préfecture,Avé,60-64,Rural,Ensemble,2899.0,colonnes
16,44,préfecture,Avé,60-64,Total,Hommes,1317.0,colonnes
16,44,préfecture,Avé,60-64,Total,Femmes,1761.0,colonnes
16,44,préfecture,Avé,60-64,Total,Ensemble,3078.0,colonnes
16,44,préfecture,Avé,65-69,Urbain,Hommes,36.0,colonnes
16,44,préfecture,Avé,65-69,Urbain,Femmes,46.0,colonnes
16,44,préfecture,Avé,65-69,Urbain,Ensemble,82.0,colonnes
16,44,préfecture,Avé,65-69,Rural,Hommes,718.0,colonnes
16,44,préfecture,Avé,65-69,Rural,Femmes,893.0,colonnes
16,44,préfecture,Avé,65-69,Rural,Ensemble,1611.0,colonnes
16,44,préfecture,Avé,65-69,Total,Hommes,754.0,colonnes
16,44,préfecture,Avé,65-69,Total,Femmes,939.0,colonnes
16,44,préfecture,Avé,65-69,Total,Ensemble,1693.0,colonnes
16,44,préfecture,Avé,70-74,Urbain,Hommes,30.0,colonnes
16,44,préfecture,Avé,70-74,Urbain,Femmes,57.0,colonnes
16,44,préfecture,Avé,70-74,Urbain,Ensemble,87.0,colonnes
16,44,préfecture,Avé,70-74,Rural,Hommes,607.0,colonnes
16,44,préfecture,Avé,70-74,Rural,Femmes,937.0,colonnes
16,44,préfecture,Avé,70-74,Rural,Ensemble,1544.0,colonnes
16,44,préfecture,Avé,70-74,Total,Hommes,637.0,colonnes
16,44,préfecture,Avé,70-74,Total,Femmes,994.0,colonnes
16,44,préfecture,Avé,70-74,Total,Ensemble,1631.0,colonnes
16,44,préfecture,Avé,75-79,Urbain,Hommes,10.0,colonnes
16,44,préfecture,Avé,75-79,Urbain,Femmes,25.0,colonnes
16,44,préfecture,Avé,75-79,Urbain,Ensemble,35.0,colonnes
16,44,préfecture,Avé,75-79,Rural,Hommes,330.0,colonnes
16,44,préfecture,Avé,75-79,Rural,Femmes,466.0,colonnes
16,44,préfecture,Avé,75-79,Rural,Ensemble,796.0,colonnes
16,44,préfecture,Avé,75-79,Total,Hommes,340.0,colonnes
16,44,préfecture,Avé,75-79,Total,Femmes,491.0,colonnes
16,44,préfecture,Avé,75-79,Total,Ensemble,831.0,colonnes
16,44,préfecture,Avé,80-84,Urbain,Hommes,12.0,colonnes
16,44,préfecture,Avé,80-84,Urbain,Femmes,33.0,colonnes
16,44,préfecture,Avé,80-84,Urbain,Ensemble,45.0,colonnes
16,44,préfecture,Avé,80-84,Rural,Hommes,253.0,colonnes
16,44,préfecture,Avé,80-84,Rural,Femmes,510.0,colonnes
16,44,préfecture,Avé,80-84,Rural,Ensemble,763.0,colonnes
16,44,préfecture,Avé,80-84,Total,Hommes,265.0,colonnes
16,44,préfecture,Avé,80-84,Total,Femmes,543.0,colonnes
16,44,préfecture,Avé,80-84,Total,Ensemble,808.0,colonnes
16,44,préfecture,Avé,85 et +,Urbain,Hommes,6.0,colonnes
16,44,préfecture,Avé,85 et +,Urbain,Femmes,33.0,colonnes
16,44,préfecture,Avé,85 et +,Urbain,Ensemble,39.0,colonnes
16,44,préfecture,Avé,85 et +,Rural,Hommes,281.0,colonnes
16,44,préfecture,Avé,85 et +,Rural,Femmes,633.0,colonnes
16,44,préfecture,Avé,85 et +,Rural,Ensemble,914.0,colonnes
16,44,préfecture,Avé,85 et +,Total,Hommes,287.0,colonnes
16,44,préfecture,Avé,85 et +,Total,Femmes,666.0,colonnes
16,44,préfecture,Avé,85 et +,Total,Ensemble,953.0,colonnes
16,44,préfecture,Avé,ND,Urbain,Hommes,,colonnes
16,44,préfecture,Avé,ND,Urbain,Femmes,,colonnes
16,44,préfecture,Avé,ND,Urbain,Ensemble,,colonnes
16,44,préfecture,Avé,ND,Rural,Hommes,76.0,colonnes
16,44,préfecture,Avé,ND,Rural,Femmes,64.0,colonnes
16,44,préfecture,Avé,ND,Rural,Ensemble,140.0,colonnes
16,44,préfecture,Avé,ND,Total,Hommes,76.0,colonnes
16,44,préfecture,Avé,ND,Total,Femmes,64.0,colonnes
16,44,préfecture,Avé,ND,Total,Ensemble,140.0,colonnes
16,44,préfecture,Avé,Total,Urbain,Hommes,2383.0,colonnes
16,44,préfecture,Avé,Total,Urbain,Femmes,2806.0,colonnes
16,44,préfecture,Avé,Total,Urbain,Ensemble,5189.0,colonnes
16,44,préfecture,Avé,Total,Rural,Hommes,50948.0,colonnes
16,44,préfecture,Avé,Total,Rural,Femmes,55077.0,colonnes
16,44,préfecture,Avé,Total,Rural,Ensemble,106025.0,colonnes
16,44,préfecture,Avé,Total,Total,Hommes,53331.0,colonnes
16,44,préfecture,Avé,Total,Total,Femmes,57883.0,colonnes
16,44,préfecture,Avé,Total,Total,Ensemble,111214.0,colonnes
17,47,préfecture,Ogou,0,Urbain,Hommes,1200.0,colonnes
17,47,préfecture,Ogou,0,Urbain,Femmes,1145.0,colonnes
17,47,préfecture,Ogou,0,Urbain,Ensemble,2345.0,colonnes
17,47,préfecture,Ogou,0,Rural,Hommes,2429.0,colonnes
17,47,préfecture,Ogou,0,Rural,Femmes,2333.0,colonnes
17,47,préfecture,Ogou,0,Rural,Ensemble,4762.0,colonnes
17,47,préfecture,Ogou,0,Total,Hommes,3629.0,colonnes
17,47,préfecture,Ogou,0,Total,Femmes,3478.0,colonnes
17,47,préfecture,Ogou,0,Total,Ensemble,7107.0,colonnes
17,47,préfecture,Ogou,1-4,Urbain,Hommes,5153.0,colonnes
17,47,préfecture,Ogou,1-4,Urbain,Femmes,4640.0,colonnes
17,47,préfecture,Ogou,1-4,Urbain,Ensemble,9793.0,colonnes
17,47,préfecture,Ogou,1-4,Rural,Hommes,10205.0,colonnes
17,47,préfecture,Ogou,1-4,Rural,Femmes,9794.0,colonnes
17,47,préfecture,Ogou,1-4,Rural,Ensemble,19999.0,colonnes
17,47,préfecture,Ogou,1-4,Total,Hommes,15358.0,colonnes
17,47,préfecture,Ogou,1-4,Total,Femmes,14434.0,colonnes
17,47,préfecture,Ogou,1-4,Total,Ensemble,29792.0,colonnes
17,47,préfecture,Ogou,5-9,Urbain,Hommes,6563.0,colonnes
17,47,préfecture,Ogou,5-9,Urbain,Femmes,6586.0,colonnes
17,47,préfecture,Ogou,5-9,Urbain,Ensemble,13149.0,colonnes
17,47,préfecture,Ogou,5-9,Rural,Hommes,13468.0,colonnes
17,47,préfecture,Ogou,5-9,Rural,Femmes,12878.0,colonnes
17,47,préfecture,Ogou,5-9,Rural,Ensemble,26346.0,colonnes
17,47,préfecture,Ogou,5-9,Total,Hommes,20031.0,colonnes
17,47,préfecture,Ogou,5-9,Total,Femmes,19464.0,colonnes
17,47,préfecture,Ogou,5-9,Total,Ensemble,39495.0,colonnes
17,47,préfecture,Ogou,10-14,Urbain,Hommes,6355.0,colonnes
17,47,préfecture,Ogou,10-14,Urbain,Femmes,6778.0,colonnes
17,47,préfecture,Ogou,10-14,Urbain,Ensemble,13133.0,colonnes
17,47,préfecture,Ogou,10-14,Rural,Hommes,11124.0,colonnes
17,47,préfecture,Ogou,10-14,Rural,Femmes,9712.0,colonnes
17,47,préfecture,Ogou,10-14,Rural,Ensemble,20836.0,colonnes
17,47,préfecture,Ogou,10-14,Total,Hommes,17479.0,colonnes
17,47,préfecture,Ogou,10-14,Total,Femmes,16490.0,colonnes
17,47,préfecture,Ogou,10-14,Total,Ensemble,33969.0,colonnes
17,47,préfecture,Ogou,15-19,Urbain,Hommes,6527.0,colonnes
17,47,préfecture,Ogou,15-19,Urbain,Femmes,6371.0,colonnes
17,47,préfecture,Ogou,15-19,Urbain,Ensemble,12898.0,colonnes
17,47,préfecture,Ogou,15-19,Rural,Hommes,7467.0,colonnes
17,47,préfecture,Ogou,15-19,Rural,Femmes,6864.0,colonnes
17,47,préfecture,Ogou,15-19,Rural,Ensemble,14331.0,colonnes
17,47,préfecture,Ogou,15-19,Total,Hommes,13994.0,colonnes
17,47,préfecture,Ogou,15-19,Total,Femmes,13235.0,colonnes
17,47,préfecture,Ogou,15-19,Total,Ensemble,27229.0,colonnes
17,47,préfecture,Ogou,20-24,Urbain,Hommes,4158.0,colonnes
17,47,préfecture,Ogou,20-24,Urbain,Femmes,4641.0,colonnes
17,47,préfecture,Ogou,20-24,Urbain,Ensemble,8799.0,colonnes
17,47,préfecture,Ogou,20-24,Rural,Hommes,4826.0,colonnes
17,47,préfecture,Ogou,20-24,Rural,Femmes,6340.0,colonnes
17,47,préfecture,Ogou,20-24,Rural,Ensemble,11166.0,colonnes
17,47,préfecture,Ogou,20-24,Total,Hommes,8984.0,colonnes
17,47,préfecture,Ogou,20-24,Total,Femmes,10981.0,colonnes
17,47,préfecture,Ogou,20-24,Total,Ensemble,19965.0,colonnes
17,47,préfecture,Ogou,25-29,Urbain,Hommes,3081.0,colonnes
17,47,préfecture,Ogou,25-29,Urbain,Femmes,3787.0,colonnes
17,47,préfecture,Ogou,25-29,Urbain,Ensemble,6868.0,colonnes
17,47,préfecture,Ogou,25-29,Rural,Hommes,4294.0,colonnes
17,47,préfecture,Ogou,25-29,Rural,Femmes,5794.0,colonnes
17,47,préfecture,Ogou,25-29,Rural,Ensemble,10088.0,colonnes
17,47,préfecture,Ogou,25-29,Total,Hommes,7375.0,colonnes
17,47,préfecture,Ogou,25-29,Total,Femmes,9581.0,colonnes
17,47,préfecture,Ogou,25-29,Total,Ensemble,16956.0,colonnes
17,47,préfecture,Ogou,30-34,Urbain,Hommes,3111.0,colonnes
17,47,préfecture,Ogou,30-34,Urbain,Femmes,3746.0,colonnes
17,47,préfecture,Ogou,30-34,Urbain,Ensemble,6857.0,colonnes
17,47,préfecture,Ogou,30-34,Rural,Hommes,4444.0,colonnes
17,47,préfecture,Ogou,30-34,Rural,Femmes,5321.0,colonnes
17,47,préfecture,Ogou,30-34,Rural,Ensemble,9765.0,colonnes
17,47,préfecture,Ogou,30-34,Total,Hommes,7555.0,colonnes
17,47,préfecture,Ogou,30-34,Total,Femmes,9067.0,colonnes
17,47,préfecture,Ogou,30-34,Total,Ensemble,16622.0,colonnes
17,47,préfecture,Ogou,35-39,Urbain,Hommes,2842.0,colonnes
17,47,préfecture,Ogou,35-39,Urbain,Femmes,3077.0,colonnes
17,47,préfecture,Ogou,35-39,Urbain,Ensemble,5919.0,colonnes
17,47,préfecture,Ogou,35-39,Rural,Hommes,4043.0,colonnes
17,47,préfecture,Ogou,35-39,Rural,Femmes,4762.0,colonnes
17,47,préfecture,Ogou,35-39,Rural,Ensemble,8805.0,colonnes
17,47,préfecture,Ogou,35-39,Total,Hommes,6885.0,colonnes
17,47,préfecture,Ogou,35-39,Total,Femmes,7839.0,colonnes
17,47,préfecture,Ogou,35-39,Total,Ensemble,14724.0,colonnes
17,47,préfecture,Ogou,40-44,Urbain,Hommes,2402.0,colonnes
17,47,préfecture,Ogou,40-44,Urbain,Femmes,2356.0,colonnes
17,47,préfecture,Ogou,40-44,Urbain,Ensemble,4758.0,colonnes
17,47,préfecture,Ogou,40-44,Rural,Hommes,3551.0,colonnes
17,47,préfecture,Ogou,40-44,Rural,Femmes,3957.0,colonnes
17,47,préfecture,Ogou,40-44,Rural,Ensemble,7508.0,colonnes
17,47,préfecture,Ogou,40-44,Total,Hommes,5953.0,colonnes
17,47,préfecture,Ogou,40-44,Total,Femmes,6313.0,colonnes
17,47,préfecture,Ogou,40-44,Total,Ensemble,12266.0,colonnes
17,47,préfecture,Ogou,45-49,Urbain,Hommes,1755.0,colonnes
17,47,préfecture,Ogou,45-49,Urbain,Femmes,1755.0,colonnes
17,47,préfecture,Ogou,45-49,Urbain,Ensemble,3510.0,colonnes
17,47,préfecture,Ogou,45-49,Rural,Hommes,2741.0,colonnes
17,47,préfecture,Ogou,45-49,Rural,Femmes,2631.0,colonnes
17,47,préfecture,Ogou,45-49,Rural,Ensemble,5372.0,colonnes
17,47,préfecture,Ogou,45-49,Total,Hommes,4496.0,colonnes
17,47,préfecture,Ogou,45-49,Total,Femmes,4386.0,colonnes
17,47,préfecture,Ogou,45-49,Total,Ensemble,8882.0,colonnes
17,47,préfecture,Ogou,50-54,Urbain,Hommes,1506.0,colonnes
17,47,préfecture,Ogou,50-54,Urbain,Femmes,1513.0,colonnes
17,47,préfecture,Ogou,50-54,Urbain,Ensemble,3019.0,colonnes
17,47,préfecture,Ogou,50-54,Rural,Hommes,2382.0,colonnes
17,47,préfecture,Ogou,50-54,Rural,Femmes,2621.0,colonnes
17,47,préfecture,Ogou,50-54,Rural,Ensemble,5003.0,colonnes
17,47,préfecture,Ogou,50-54,Total,Hommes,3888.0,colonnes
17,47,préfecture,Ogou,50-54,Total,Femmes,4134.0,colonnes
17,47,préfecture,Ogou,50-54,Total,Ensemble,8022.0,colonnes
17,47,préfecture,Ogou,55-59,Urbain,Hommes,1066.0,colonnes
17,47,préfecture,Ogou,55-59,Urbain,Femmes,1080.0,colonnes
17,47,préfecture,Ogou,55-59,Urbain,Ensemble,2146.0,colonnes
17,47,préfecture,Ogou,55-59,Rural,Hommes,1605.0,colonnes
17,47,préfecture,Ogou,55-59,Rural,Femmes,1481.0,colonnes
17,47,préfecture,Ogou,55-59,Rural,Ensemble,3086.0,colonnes
17,47,préfecture,Ogou,55-59,Total,Hommes,2671.0,colonnes
17,47,préfecture,Ogou,55-59,Total,Femmes,2561.0,colonnes
17,47,préfecture,Ogou,55-59,Total,Ensemble,5232.0,colonnes
17,47,préfecture,Ogou,60-64,Urbain,Hommes,831.0,colonnes
17,47,préfecture,Ogou,60-64,Urbain,Femmes,910.0,colonnes
17,47,préfecture,Ogou,60-64,Urbain,Ensemble,1741.0,colonnes
17,47,préfecture,Ogou,60-64,Rural,Hommes,1280.0,colonnes
17,47,préfecture,Ogou,60-64,Rural,Femmes,1540.0,colonnes
17,47,préfecture,Ogou,60-64,Rural,Ensemble,2820.0,colonnes
17,47,préfecture,Ogou,60-64,Total,Hommes,2111.0,colonnes
17,47,préfecture,Ogou,60-64,Total,Femmes,2450.0,colonnes
17,47,préfecture,Ogou,60-64,Total,Ensemble,4561.0,colonnes
17,47,préfecture,Ogou,65-69,Urbain,Hommes,514.0,colonnes
17,47,préfecture,Ogou,65-69,Urbain,Femmes,549.0,colonnes
17,47,préfecture,Ogou,65-69,Urbain,Ensemble,1063.0,colonnes
17,47,préfecture,Ogou,65-69,Rural,Hommes,660.0,colonnes
17,47,préfecture,Ogou,65-69,Rural,Femmes,812.0,colonnes
17,47,préfecture,Ogou,65-69,Rural,Ensemble,1472.0,colonnes
17,47,préfecture,Ogou,65-69,Total,Hommes,1174.0,colonnes
17,47,préfecture,Ogou,65-69,Total,Femmes,1361.0,colonnes
17,47,préfecture,Ogou,65-69,Total,Ensemble,2535.0,colonnes
17,47,préfecture,Ogou,70-74,Urbain,Hommes,304.0,colonnes
17,47,préfecture,Ogou,70-74,Urbain,Femmes,442.0,colonnes
17,47,préfecture,Ogou,70-74,Urbain,Ensemble,746.0,colonnes
17,47,préfecture,Ogou,70-74,Rural,Hommes,579.0,colonnes
17,47,préfecture,Ogou,70-74,Rural,Femmes,763.0,colonnes
17,47,préfecture,Ogou,70-74,Rural,Ensemble,1342.0,colonnes
17,47,préfecture,Ogou,70-74,Total,Hommes,883.0,colonnes
17,47,préfecture,Ogou,70-74,Total,Femmes,1205.0,colonnes
17,47,préfecture,Ogou,70-74,Total,Ensemble,2088.0,colonnes
17,47,préfecture,Ogou,75-79,Urbain,Hommes,150.0,colonnes
17,47,préfecture,Ogou,75-79,Urbain,Femmes,256.0,colonnes
17,47,préfecture,Ogou,75-79,Urbain,Ensemble,406.0,colonnes
17,47,préfecture,Ogou,75-79,Rural,Hommes,293.0,colonnes
17,47,préfecture,Ogou,75-79,Rural,Femmes,405.0,colonnes
17,47,préfecture,Ogou,75-79,Rural,Ensemble,698.0,colonnes
17,47,préfecture,Ogou,75-79,Total,Hommes,443.0,colonnes
17,47,préfecture,Ogou,75-79,Total,Femmes,661.0,colonnes
17,47,préfecture,Ogou,75-79,Total,Ensemble,1104.0,colonnes
17,47,préfecture,Ogou,80-84,Urbain,Hommes,71.0,colonnes
17,47,préfecture,Ogou,80-84,Urbain,Femmes,204.0,colonnes
17,47,préfecture,Ogou,80-84,Urbain,Ensemble,275.0,colonnes
17,47,préfecture,Ogou,80-84,Rural,Hommes,231.0,colonnes
17,47,préfecture,Ogou,80-84,Rural,Femmes,426.0,colonnes
17,47,préfecture,Ogou,80-84,Rural,Ensemble,657.0,colonnes
17,47,préfecture,Ogou,80-84,Total,Hommes,302.0,colonnes
17,47,préfecture,Ogou,80-84,Total,Femmes,630.0,colonnes
17,47,préfecture,Ogou,80-84,Total,Ensemble,932.0,colonnes
17,47,préfecture,Ogou,85 et +,Urbain,Hommes,86.0,colonnes
17,47,préfecture,Ogou,85 et +,Urbain,Femmes,218.0,colonnes
17,47,préfecture,Ogou,85 et +,Urbain,Ensemble,304.0,colonnes
17,47,préfecture,Ogou,85 et +,Rural,Hommes,270.0,colonnes
17,47,préfecture,Ogou,85 et +,Rural,Femmes,445.0,colonnes
17,47,préfecture,Ogou,85 et +,Rural,Ensemble,715.0,colonnes
17,47,préfecture,Ogou,85 et +,Total,Hommes,356.0,colonnes
17,47,préfecture,Ogou,85 et +,Total,Femmes,663.0,colonnes
17,47,préfecture,Ogou,85 et +,Total,Ensemble,1019.0,colonnes
17,47,préfecture,Ogou,ND,Urbain,Hommes,269.0,colonnes
17,47,préfecture,Ogou,ND,Urbain,Femmes,195.0,colonnes
17,47,préfecture,Ogou,ND,Urbain,Ensemble,464.0,colonnes
17,47,préfecture,Ogou,ND,Rural,Hommes,237.0,colonnes
17,47,préfecture,Ogou,ND,Rural,Femmes,266.0,colonnes
17,47,préfecture,Ogou,ND,Rural,Ensemble,503.0,colonnes
17,47,préfecture,Ogou,ND,Total,Hommes,506.0,colonnes
17,47,préfecture,Ogou,ND,Total,Femmes,461.0,colonnes
17,47,préfecture,Ogou,ND,Total,Ensemble,967.0,colonnes
17,47,préfecture,Ogou,Total,Urbain,Hommes,47944.0,colonnes
17,47,préfecture,Ogou,Total,Urbain,Femmes,50249.0,colonnes
17,47,préfecture,Ogou,Total,Urbain,Ensemble,98193.0,colonnes
17,47,préfecture,Ogou,Total,Rural,Hommes,76129.0,colonnes
17,47,préfecture,Ogou,Total,Rural,Femmes,79145.0,colonnes
17,47,préfecture,Ogou,Total,Rural,Ensemble,155274.0,colonnes
17,47,préfecture,Ogou,Total,Total,Hommes,124073.0,colonnes
17,47,préfecture,Ogou,Total,Total,Femmes,129394.0,colonnes
17,47,préfecture,Ogou,Total,Total,Ensemble,253467.0,colonnes
18,48,préfecture,Moyen-Mono,0,Urbain,Hommes,133.0,colonnes
18,48,préfecture,Moyen-Mono,0,Urbain,Femmes,135.0,colonnes
18,48,préfecture,Moyen-Mono,0,Urbain,Ensemble,268.0,colonnes
18,48,préfecture,Moyen-Mono,0,Rural,Hommes,1400.0,colonnes
18,48,préfecture,Moyen-Mono,0,Rural,Femmes,1309.0,colonnes
18,48,préfecture,Moyen-Mono,0,Rural,Ensemble,2709.0,colonnes
18,48,préfecture,Moyen-Mono,0,Total,Hommes,1533.0,colonnes
18,48,préfecture,Moyen-Mono,0,Total,Femmes,1444.0,colonnes
18,48,préfecture,Moyen-Mono,0,Total,Ensemble,2977.0,colonnes
18,48,préfecture,Moyen-Mono,1-4,Urbain,Hommes,523.0,colonnes
18,48,préfecture,Moyen-Mono,1-4,Urbain,Femmes,485.0,colonnes
18,48,préfecture,Moyen-Mono,1-4,Urbain,Ensemble,1008.0,colonnes
18,48,préfecture,Moyen-Mono,1-4,Rural,Hommes,5276.0,colonnes
18,48,préfecture,Moyen-Mono,1-4,Rural,Femmes,5376.0,colonnes
18,48,préfecture,Moyen-Mono,1-4,Rural,Ensemble,10652.0,colonnes
18,48,préfecture,Moyen-Mono,1-4,Total,Hommes,5799.0,colonnes
18,48,préfecture,Moyen-Mono,1-4,Total,Femmes,5861.0,colonnes
18,48,préfecture,Moyen-Mono,1-4,Total,Ensemble,11660.0,colonnes
18,48,préfecture,Moyen-Mono,5-9,Urbain,Hommes,595.0,colonnes
18,48,préfecture,Moyen-Mono,5-9,Urbain,Femmes,636.0,colonnes
18,48,préfecture,Moyen-Mono,5-9,Urbain,Ensemble,1231.0,colonnes
18,48,préfecture,Moyen-Mono,5-9,Rural,Hommes,7322.0,colonnes
18,48,préfecture,Moyen-Mono,5-9,Rural,Femmes,7317.0,colonnes
18,48,préfecture,Moyen-Mono,5-9,Rural,Ensemble,14639.0,colonnes
18,48,préfecture,Moyen-Mono,5-9,Total,Hommes,7917.0,colonnes
18,48,préfecture,Moyen-Mono,5-9,Total,Femmes,7953.0,colonnes
18,48,préfecture,Moyen-Mono,5-9,Total,Ensemble,15870.0,colonnes
18,48,préfecture,Moyen-Mono,10-14,Urbain,Hommes,523.0,colonnes
18,48,préfecture,Moyen-Mono,10-14,Urbain,Femmes,554.0,colonnes
18,48,préfecture,Moyen-Mono,10-14,Urbain,Ensemble,1077.0,colonnes
18,48,préfecture,Moyen-Mono,10-14,Rural,Hommes,5592.0,colonnes
18,48,préfecture,Moyen-Mono,10-14,Rural,Femmes,5236.0,colonnes
18,48,préfecture,Moyen-Mono,10-14,Rural,Ensemble,10828.0,colonnes
18,48,préfecture,Moyen-Mono,10-14,Total,Hommes,6115.0,colonnes
18,48,préfecture,Moyen-Mono,10-14,Total,Femmes,5790.0,colonnes
18,48,préfecture,Moyen-Mono,10-14,Total,Ensemble,11905.0,colonnes
18,48,préfecture,Moyen-Mono,15-19,Urbain,Hommes,433.0,colonnes
18,48,préfecture,Moyen-Mono,15-19,Urbain,Femmes,441.0,colonnes
18,48,préfecture,Moyen-Mono,15-19,Urbain,Ensemble,874.0,colonnes
18,48,préfecture,Moyen-Mono,15-19,Rural,Hommes,3855.0,colonnes
18,48,préfecture,Moyen-Mono,15-19,Rural,Femmes,4029.0,colonnes
18,48,préfecture,Moyen-Mono,15-19,Rural,Ensemble,7884.0,colonnes
18,48,préfecture,Moyen-Mono,15-19,Total,Hommes,4288.0,colonnes
18,48,préfecture,Moyen-Mono,15-19,Total,Femmes,4470.0,colonnes
18,48,préfecture,Moyen-Mono,15-19,Total,Ensemble,8758.0,colonnes
18,48,préfecture,Moyen-Mono,20-24,Urbain,Hommes,251.0,colonnes
18,48,préfecture,Moyen-Mono,20-24,Urbain,Femmes,331.0,colonnes
18,48,préfecture,Moyen-Mono,20-24,Urbain,Ensemble,582.0,colonnes
18,48,préfecture,Moyen-Mono,20-24,Rural,Hommes,2295.0,colonnes
18,48,préfecture,Moyen-Mono,20-24,Rural,Femmes,3639.0,colonnes
18,48,préfecture,Moyen-Mono,20-24,Rural,Ensemble,5934.0,colonnes
18,48,préfecture,Moyen-Mono,20-24,Total,Hommes,2546.0,colonnes
18,48,préfecture,Moyen-Mono,20-24,Total,Femmes,3970.0,colonnes
18,48,préfecture,Moyen-Mono,20-24,Total,Ensemble,6516.0,colonnes
18,48,préfecture,Moyen-Mono,25-29,Urbain,Hommes,250.0,colonnes
18,48,préfecture,Moyen-Mono,25-29,Urbain,Femmes,384.0,colonnes
18,48,préfecture,Moyen-Mono,25-29,Urbain,Ensemble,634.0,colonnes
18,48,préfecture,Moyen-Mono,25-29,Rural,Hommes,2051.0,colonnes
18,48,préfecture,Moyen-Mono,25-29,Rural,Femmes,3168.0,colonnes
18,48,préfecture,Moyen-Mono,25-29,Rural,Ensemble,5219.0,colonnes
18,48,préfecture,Moyen-Mono,25-29,Total,Hommes,2301.0,colonnes
18,48,préfecture,Moyen-Mono,25-29,Total,Femmes,3552.0,colonnes
18,48,préfecture,Moyen-Mono,25-29,Total,Ensemble,5853.0,colonnes
18,48,préfecture,Moyen-Mono,30-34,Urbain,Hommes,244.0,colonnes
18,48,préfecture,Moyen-Mono,30-34,Urbain,Femmes,319.0,colonnes
18,48,préfecture,Moyen-Mono,30-34,Urbain,Ensemble,563.0,colonnes
18,48,préfecture,Moyen-Mono,30-34,Rural,Hommes,1779.0,colonnes
18,48,préfecture,Moyen-Mono,30-34,Rural,Femmes,2759.0,colonnes
18,48,préfecture,Moyen-Mono,30-34,Rural,Ensemble,4538.0,colonnes
18,48,préfecture,Moyen-Mono,30-34,Total,Hommes,2023.0,colonnes
18,48,préfecture,Moyen-Mono,30-34,Total,Femmes,3078.0,colonnes
18,48,préfecture,Moyen-Mono,30-34,Total,Ensemble,5101.0,colonnes
18,48,préfecture,Moyen-Mono,35-39,Urbain,Hommes,224.0,colonnes
18,48,préfecture,Moyen-Mono,35-39,Urbain,Femmes,264.0,colonnes
18,48,préfecture,Moyen-Mono,35-39,Urbain,Ensemble,488.0,colonnes
18,48,préfecture,Moyen-Mono,35-39,Rural,Hommes,1517.0,colonnes
18,48,préfecture,Moyen-Mono,35-39,Rural,Femmes,2488.0,colonnes
18,48,préfecture,Moyen-Mono,35-39,Rural,Ensemble,4005.0,colonnes
18,48,préfecture,Moyen-Mono,35-39,Total,Hommes,1741.0,colonnes
18,48,préfecture,Moyen-Mono,35-39,Total,Femmes,2752.0,colonnes
18,48,préfecture,Moyen-Mono,35-39,Total,Ensemble,4493.0,colonnes
18,48,préfecture,Moyen-Mono,40-44,Urbain,Hommes,144.0,colonnes
18,48,préfecture,Moyen-Mono,40-44,Urbain,Femmes,189.0,colonnes
18,48,préfecture,Moyen-Mono,40-44,Urbain,Ensemble,333.0,colonnes
18,48,préfecture,Moyen-Mono,40-44,Rural,Hommes,1417.0,colonnes
18,48,préfecture,Moyen-Mono,40-44,Rural,Femmes,2319.0,colonnes
18,48,préfecture,Moyen-Mono,40-44,Rural,Ensemble,3736.0,colonnes
18,48,préfecture,Moyen-Mono,40-44,Total,Hommes,1561.0,colonnes
18,48,préfecture,Moyen-Mono,40-44,Total,Femmes,2508.0,colonnes
18,48,préfecture,Moyen-Mono,40-44,Total,Ensemble,4069.0,colonnes
18,48,préfecture,Moyen-Mono,45-49,Urbain,Hommes,154.0,colonnes
18,48,préfecture,Moyen-Mono,45-49,Urbain,Femmes,178.0,colonnes
18,48,préfecture,Moyen-Mono,45-49,Urbain,Ensemble,332.0,colonnes
18,48,préfecture,Moyen-Mono,45-49,Rural,Hommes,1152.0,colonnes
18,48,préfecture,Moyen-Mono,45-49,Rural,Femmes,1588.0,colonnes
18,48,préfecture,Moyen-Mono,45-49,Rural,Ensemble,2740.0,colonnes
18,48,préfecture,Moyen-Mono,45-49,Total,Hommes,1306.0,colonnes
18,48,préfecture,Moyen-Mono,45-49,Total,Femmes,1766.0,colonnes
18,48,préfecture,Moyen-Mono,45-49,Total,Ensemble,3072.0,colonnes
18,48,préfecture,Moyen-Mono,50-54,Urbain,Hommes,129.0,colonnes
18,48,préfecture,Moyen-Mono,50-54,Urbain,Femmes,155.0,colonnes
18,48,préfecture,Moyen-Mono,50-54,Urbain,Ensemble,284.0,colonnes
18,48,préfecture,Moyen-Mono,50-54,Rural,Hommes,1120.0,colonnes
18,48,préfecture,Moyen-Mono,50-54,Rural,Femmes,1457.0,colonnes
18,48,préfecture,Moyen-Mono,50-54,Rural,Ensemble,2577.0,colonnes
18,48,préfecture,Moyen-Mono,50-54,Total,Hommes,1249.0,colonnes
18,48,préfecture,Moyen-Mono,50-54,Total,Femmes,1612.0,colonnes
18,48,préfecture,Moyen-Mono,50-54,Total,Ensemble,2861.0,colonnes
18,48,préfecture,Moyen-Mono,55-59,Urbain,Hommes,110.0,colonnes
18,48,préfecture,Moyen-Mono,55-59,Urbain,Femmes,82.0,colonnes
18,48,préfecture,Moyen-Mono,55-59,Urbain,Ensemble,192.0,colonnes
18,48,préfecture,Moyen-Mono,55-59,Rural,Hommes,756.0,colonnes
18,48,préfecture,Moyen-Mono,55-59,Rural,Femmes,721.0,colonnes
18,48,préfecture,Moyen-Mono,55-59,Rural,Ensemble,1477.0,colonnes
18,48,préfecture,Moyen-Mono,55-59,Total,Hommes,866.0,colonnes
18,48,préfecture,Moyen-Mono,55-59,Total,Femmes,803.0,colonnes
18,48,préfecture,Moyen-Mono,55-59,Total,Ensemble,1669.0,colonnes
18,48,préfecture,Moyen-Mono,60-64,Urbain,Hommes,63.0,colonnes
18,48,préfecture,Moyen-Mono,60-64,Urbain,Femmes,114.0,colonnes
18,48,préfecture,Moyen-Mono,60-64,Urbain,Ensemble,177.0,colonnes
18,48,préfecture,Moyen-Mono,60-64,Rural,Hommes,653.0,colonnes
18,48,préfecture,Moyen-Mono,60-64,Rural,Femmes,958.0,colonnes
18,48,préfecture,Moyen-Mono,60-64,Rural,Ensemble,1611.0,colonnes
18,48,préfecture,Moyen-Mono,60-64,Total,Hommes,716.0,colonnes
18,48,préfecture,Moyen-Mono,60-64,Total,Femmes,1072.0,colonnes
18,48,préfecture,Moyen-Mono,60-64,Total,Ensemble,1788.0,colonnes
18,48,préfecture,Moyen-Mono,65-69,Urbain,Hommes,30.0,colonnes
18,48,préfecture,Moyen-Mono,65-69,Urbain,Femmes,59.0,colonnes
18,48,préfecture,Moyen-Mono,65-69,Urbain,Ensemble,89.0,colonnes
18,48,préfecture,Moyen-Mono,65-69,Rural,Hommes,263.0,colonnes
18,48,préfecture,Moyen-Mono,65-69,Rural,Femmes,413.0,colonnes
18,48,préfecture,Moyen-Mono,65-69,Rural,Ensemble,676.0,colonnes
18,48,préfecture,Moyen-Mono,65-69,Total,Hommes,293.0,colonnes
18,48,préfecture,Moyen-Mono,65-69,Total,Femmes,472.0,colonnes
18,48,préfecture,Moyen-Mono,65-69,Total,Ensemble,765.0,colonnes
18,48,préfecture,Moyen-Mono,70-74,Urbain,Hommes,23.0,colonnes
18,48,préfecture,Moyen-Mono,70-74,Urbain,Femmes,56.0,colonnes
18,48,préfecture,Moyen-Mono,70-74,Urbain,Ensemble,79.0,colonnes
18,48,préfecture,Moyen-Mono,70-74,Rural,Hommes,279.0,colonnes
18,48,préfecture,Moyen-Mono,70-74,Rural,Femmes,456.0,colonnes
18,48,préfecture,Moyen-Mono,70-74,Rural,Ensemble,735.0,colonnes
18,48,préfecture,Moyen-Mono,70-74,Total,Hommes,302.0,colonnes
18,48,préfecture,Moyen-Mono,70-74,Total,Femmes,512.0,colonnes
18,48,préfecture,Moyen-Mono,70-74,Total,Ensemble,814.0,colonnes
18,48,préfecture,Moyen-Mono,75-79,Urbain,Hommes,36.0,colonnes
18,48,préfecture,Moyen-Mono,75-79,Urbain,Femmes,55.0,colonnes
18,48,préfecture,Moyen-Mono,75-79,Urbain,Ensemble,91.0,colonnes
18,48,préfecture,Moyen-Mono,75-79,Rural,Hommes,161.0,colonnes
18,48,préfecture,Moyen-Mono,75-79,Rural,Femmes,294.0,colonnes
18,48,préfecture,Moyen-Mono,75-79,Rural,Ensemble,455.0,colonnes
18,48,préfecture,Moyen-Mono,75-79,Total,Hommes,197.0,colonnes
18,48,préfecture,Moyen-Mono,75-79,Total,Femmes,349.0,colonnes
18,48,préfecture,Moyen-Mono,75-79,Total,Ensemble,546.0,colonnes
18,48,préfecture,Moyen-Mono,80-84,Urbain,Hommes,18.0,colonnes
18,48,préfecture,Moyen-Mono,80-84,Urbain,Femmes,44.0,colonnes
18,48,préfecture,Moyen-Mono,80-84,Urbain,Ensemble,62.0,colonnes
18,48,préfecture,Moyen-Mono,80-84,Rural,Hommes,213.0,colonnes
18,48,préfecture,Moyen-Mono,80-84,Rural,Femmes,453.0,colonnes
18,48,préfecture,Moyen-Mono,80-84,Rural,Ensemble,666.0,colonnes
18,48,préfecture,Moyen-Mono,80-84,Total,Hommes,231.0,colonnes
18,48,préfecture,Moyen-Mono,80-84,Total,Femmes,497.0,colonnes
18,48,préfecture,Moyen-Mono,80-84,Total,Ensemble,728.0,colonnes
18,48,préfecture,Moyen-Mono,85 et +,Urbain,Hommes,30.0,colonnes
18,48,préfecture,Moyen-Mono,85 et +,Urbain,Femmes,55.0,colonnes
18,48,préfecture,Moyen-Mono,85 et +,Urbain,Ensemble,85.0,colonnes
18,48,préfecture,Moyen-Mono,85 et +,Rural,Hommes,224.0,colonnes
18,48,préfecture,Moyen-Mono,85 et +,Rural,Femmes,375.0,colonnes
18,48,préfecture,Moyen-Mono,85 et +,Rural,Ensemble,599.0,colonnes
18,48,préfecture,Moyen-Mono,85 et +,Total,Hommes,254.0,colonnes
18,48,préfecture,Moyen-Mono,85 et +,Total,Femmes,430.0,colonnes
18,48,préfecture,Moyen-Mono,85 et +,Total,Ensemble,684.0,colonnes
18,48,préfecture,Moyen-Mono,ND,Urbain,Hommes,45.0,colonnes
18,48,préfecture,Moyen-Mono,ND,Urbain,Femmes,42.0,colonnes
18,48,préfecture,Moyen-Mono,ND,Urbain,Ensemble,87.0,colonnes
18,48,préfecture,Moyen-Mono,ND,Rural,Hommes,130.0,colonnes
18,48,préfecture,Moyen-Mono,ND,Rural,Femmes,159.0,colonnes
18,48,préfecture,Moyen-Mono,ND,Rural,Ensemble,289.0,colonnes
18,48,préfecture,Moyen-Mono,ND,Total,Hommes,175.0,colonnes
18,48,préfecture,Moyen-Mono,ND,Total,Femmes,201.0,colonnes
18,48,préfecture,Moyen-Mono,ND,Total,Ensemble,376.0,colonnes
18,48,préfecture,Moyen-Mono,Total,Urbain,Hommes,3958.0,colonnes
18,48,préfecture,Moyen-Mono,Total,Urbain,Femmes,4578.0,colonnes
18,48,préfecture,Moyen-Mono,Total,Urbain,Ensemble,8536.0,colonnes
18,48,préfecture,Moyen-Mono,Total,Rural,Hommes,37455.0,colonnes
18,48,préfecture,Moyen-Mono,Total,Rural,Femmes,44514.0,colonnes
18,48,préfecture,Moyen-Mono,Total,Rural,Ensemble,81969.0,colonnes
18,48,préfecture,Moyen-Mono,Total,Total,Hommes,41413.0,colonnes
18,48,préfecture,Moyen-Mono,Total,Total,Femmes,49092.0,colonnes
18,48,préfecture,Moyen-Mono,Total,Total,Ensemble,90505.0,colonnes
19,49,préfecture,Haho,0,Urbain,Hommes,660.0,colonnes
19,49,préfecture,Haho,0,Urbain,Femmes,652.0,colonnes
19,49,préfecture,Haho,0,Urbain,Ensemble,1312.0,colonnes
19,49,préfecture,Haho,0,Rural,Hommes,3640.0,colonnes
19,49,préfecture,Haho,0,Rural,Femmes,3728.0,colonnes
19,49,préfecture,Haho,0,Rural,Ensemble,7368.0,colonnes
19,49,préfecture,Haho,0,Total,Hommes,4300.0,colonnes
19,49,préfecture,Haho,0,Total,Femmes,4380.0,colonnes
19,49,préfecture,Haho,0,Total,Ensemble,8680.0,colonnes
19,49,préfecture,Haho,1-4,Urbain,Hommes,2548.0,colonnes
19,49,préfecture,Haho,1-4,Urbain,Femmes,2478.0,colonnes
19,49,préfecture,Haho,1-4,Urbain,Ensemble,5026.0,colonnes
19,49,préfecture,Haho,1-4,Rural,Hommes,16781.0,colonnes
19,49,préfecture,Haho,1-4,Rural,Femmes,16512.0,colonnes
19,49,préfecture,Haho,1-4,Rural,Ensemble,33293.0,colonnes
19,49,préfecture,Haho,1-4,Total,Hommes,19329.0,colonnes
19,49,préfecture,Haho,1-4,Total,Femmes,18990.0,colonnes
19,49,préfecture,Haho,1-4,Total,Ensemble,38319.0,colonnes
19,49,préfecture,Haho,5-9,Urbain,Hommes,3170.0,colonnes
19,49,préfecture,Haho,5-9,Urbain,Femmes,3132.0,colonnes
19,49,préfecture,Haho,5-9,Urbain,Ensemble,6302.0,colonnes
19,49,préfecture,Haho,5-9,Rural,Hommes,22700.0,colonnes
19,49,préfecture,Haho,5-9,Rural,Femmes,22095.0,colonnes
19,49,préfecture,Haho,5-9,Rural,Ensemble,44795.0,colonnes
19,49,préfecture,Haho,5-9,Total,Hommes,25870.0,colonnes
19,49,préfecture,Haho,5-9,Total,Femmes,25227.0,colonnes
19,49,préfecture,Haho,5-9,Total,Ensemble,51097.0,colonnes
19,49,préfecture,Haho,10-14,Urbain,Hommes,3279.0,colonnes
19,49,préfecture,Haho,10-14,Urbain,Femmes,3450.0,colonnes
19,49,préfecture,Haho,10-14,Urbain,Ensemble,6729.0,colonnes
19,49,préfecture,Haho,10-14,Rural,Hommes,19644.0,colonnes
19,49,préfecture,Haho,10-14,Rural,Femmes,17508.0,colonnes
19,49,préfecture,Haho,10-14,Rural,Ensemble,37152.0,colonnes
19,49,préfecture,Haho,10-14,Total,Hommes,22923.0,colonnes
19,49,préfecture,Haho,10-14,Total,Femmes,20958.0,colonnes
19,49,préfecture,Haho,10-14,Total,Ensemble,43881.0,colonnes
19,49,préfecture,Haho,15-19,Urbain,Hommes,3471.0,colonnes
19,49,préfecture,Haho,15-19,Urbain,Femmes,3492.0,colonnes
19,49,préfecture,Haho,15-19,Urbain,Ensemble,6963.0,colonnes
19,49,préfecture,Haho,15-19,Rural,Hommes,13489.0,colonnes
19,49,préfecture,Haho,15-19,Rural,Femmes,12328.0,colonnes
19,49,préfecture,Haho,15-19,Rural,Ensemble,25817.0,colonnes
19,49,préfecture,Haho,15-19,Total,Hommes,16960.0,colonnes
19,49,préfecture,Haho,15-19,Total,Femmes,15820.0,colonnes
19,49,préfecture,Haho,15-19,Total,Ensemble,32780.0,colonnes
19,49,préfecture,Haho,20-24,Urbain,Hommes,2183.0,colonnes
19,49,préfecture,Haho,20-24,Urbain,Femmes,2552.0,colonnes
19,49,préfecture,Haho,20-24,Urbain,Ensemble,4735.0,colonnes
19,49,préfecture,Haho,20-24,Rural,Hommes,7793.0,colonnes
19,49,préfecture,Haho,20-24,Rural,Femmes,9999.0,colonnes
19,49,préfecture,Haho,20-24,Rural,Ensemble,17792.0,colonnes
19,49,préfecture,Haho,20-24,Total,Hommes,9976.0,colonnes
19,49,préfecture,Haho,20-24,Total,Femmes,12551.0,colonnes
19,49,préfecture,Haho,20-24,Total,Ensemble,22527.0,colonnes
19,49,préfecture,Haho,25-29,Urbain,Hommes,1503.0,colonnes
19,49,préfecture,Haho,25-29,Urbain,Femmes,1949.0,colonnes
19,49,préfecture,Haho,25-29,Urbain,Ensemble,3452.0,colonnes
19,49,préfecture,Haho,25-29,Rural,Hommes,6425.0,colonnes
19,49,préfecture,Haho,25-29,Rural,Femmes,8576.0,colonnes
19,49,préfecture,Haho,25-29,Rural,Ensemble,15001.0,colonnes
19,49,préfecture,Haho,25-29,Total,Hommes,7928.0,colonnes
19,49,préfecture,Haho,25-29,Total,Femmes,10525.0,colonnes
19,49,préfecture,Haho,25-29,Total,Ensemble,18453.0,colonnes
19,49,préfecture,Haho,30-34,Urbain,Hommes,1518.0,colonnes
19,49,préfecture,Haho,30-34,Urbain,Femmes,1770.0,colonnes
19,49,préfecture,Haho,30-34,Urbain,Ensemble,3288.0,colonnes
19,49,préfecture,Haho,30-34,Rural,Hommes,6382.0,colonnes
19,49,préfecture,Haho,30-34,Rural,Femmes,8496.0,colonnes
19,49,préfecture,Haho,30-34,Rural,Ensemble,14878.0,colonnes
19,49,préfecture,Haho,30-34,Total,Hommes,7900.0,colonnes
19,49,préfecture,Haho,30-34,Total,Femmes,10266.0,colonnes
19,49,préfecture,Haho,30-34,Total,Ensemble,18166.0,colonnes
19,49,préfecture,Haho,35-39,Urbain,Hommes,1247.0,colonnes
19,49,préfecture,Haho,35-39,Urbain,Femmes,1499.0,colonnes
19,49,préfecture,Haho,35-39,Urbain,Ensemble,2746.0,colonnes
19,49,préfecture,Haho,35-39,Rural,Hommes,5624.0,colonnes
19,49,préfecture,Haho,35-39,Rural,Femmes,7658.0,colonnes
19,49,préfecture,Haho,35-39,Rural,Ensemble,13282.0,colonnes
19,49,préfecture,Haho,35-39,Total,Hommes,6871.0,colonnes
19,49,préfecture,Haho,35-39,Total,Femmes,9157.0,colonnes
19,49,préfecture,Haho,35-39,Total,Ensemble,16028.0,colonnes
19,49,préfecture,Haho,40-44,Urbain,Hommes,1094.0,colonnes
19,49,préfecture,Haho,40-44,Urbain,Femmes,1159.0,colonnes
19,49,préfecture,Haho,40-44,Urbain,Ensemble,2253.0,colonnes
19,49,préfecture,Haho,40-44,Rural,Hommes,5178.0,colonnes
19,49,préfecture,Haho,40-44,Rural,Femmes,6969.0,colonnes
19,49,préfecture,Haho,40-44,Rural,Ensemble,12147.0,colonnes
19,49,préfecture,Haho,40-44,Total,Hommes,6272.0,colonnes
19,49,préfecture,Haho,40-44,Total,Femmes,8128.0,colonnes
19,49,préfecture,Haho,40-44,Total,Ensemble,14400.0,colonnes
19,49,préfecture,Haho,45-49,Urbain,Hommes,845.0,colonnes
19,49,préfecture,Haho,45-49,Urbain,Femmes,856.0,colonnes
19,49,préfecture,Haho,45-49,Urbain,Ensemble,1701.0,colonnes
19,49,préfecture,Haho,45-49,Rural,Hommes,4426.0,colonnes
19,49,préfecture,Haho,45-49,Rural,Femmes,4801.0,colonnes
19,49,préfecture,Haho,45-49,Rural,Ensemble,9227.0,colonnes
19,49,préfecture,Haho,45-49,Total,Hommes,5271.0,colonnes
19,49,préfecture,Haho,45-49,Total,Femmes,5657.0,colonnes
19,49,préfecture,Haho,45-49,Total,Ensemble,10928.0,colonnes
19,49,préfecture,Haho,50-54,Urbain,Hommes,727.0,colonnes
19,49,préfecture,Haho,50-54,Urbain,Femmes,721.0,colonnes
19,49,préfecture,Haho,50-54,Urbain,Ensemble,1448.0,colonnes
19,49,préfecture,Haho,50-54,Rural,Hommes,4101.0,colonnes
19,49,préfecture,Haho,50-54,Rural,Femmes,4175.0,colonnes
19,49,préfecture,Haho,50-54,Rural,Ensemble,8276.0,colonnes
19,49,préfecture,Haho,50-54,Total,Hommes,4828.0,colonnes
19,49,préfecture,Haho,50-54,Total,Femmes,4896.0,colonnes
19,49,préfecture,Haho,50-54,Total,Ensemble,9724.0,colonnes
19,49,préfecture,Haho,55-59,Urbain,Hommes,511.0,colonnes
19,49,préfecture,Haho,55-59,Urbain,Femmes,553.0,colonnes
19,49,préfecture,Haho,55-59,Urbain,Ensemble,1064.0,colonnes
19,49,préfecture,Haho,55-59,Rural,Hommes,2631.0,colonnes
19,49,préfecture,Haho,55-59,Rural,Femmes,2255.0,colonnes
19,49,préfecture,Haho,55-59,Rural,Ensemble,4886.0,colonnes
19,49,préfecture,Haho,55-59,Total,Hommes,3142.0,colonnes
19,49,préfecture,Haho,55-59,Total,Femmes,2808.0,colonnes
19,49,préfecture,Haho,55-59,Total,Ensemble,5950.0,colonnes
19,49,préfecture,Haho,60-64,Urbain,Hommes,404.0,colonnes
19,49,préfecture,Haho,60-64,Urbain,Femmes,411.0,colonnes
19,49,préfecture,Haho,60-64,Urbain,Ensemble,815.0,colonnes
19,49,préfecture,Haho,60-64,Rural,Hommes,2067.0,colonnes
19,49,préfecture,Haho,60-64,Rural,Femmes,2273.0,colonnes
19,49,préfecture,Haho,60-64,Rural,Ensemble,4340.0,colonnes
19,49,préfecture,Haho,60-64,Total,Hommes,2471.0,colonnes
19,49,préfecture,Haho,60-64,Total,Femmes,2684.0,colonnes
19,49,préfecture,Haho,60-64,Total,Ensemble,5155.0,colonnes
19,49,préfecture,Haho,65-69,Urbain,Hommes,212.0,colonnes
19,49,préfecture,Haho,65-69,Urbain,Femmes,225.0,colonnes
19,49,préfecture,Haho,65-69,Urbain,Ensemble,437.0,colonnes
19,49,préfecture,Haho,65-69,Rural,Hommes,947.0,colonnes
19,49,préfecture,Haho,65-69,Rural,Femmes,1042.0,colonnes
19,49,préfecture,Haho,65-69,Rural,Ensemble,1989.0,colonnes
19,49,préfecture,Haho,65-69,Total,Hommes,1159.0,colonnes
19,49,préfecture,Haho,65-69,Total,Femmes,1267.0,colonnes
19,49,préfecture,Haho,65-69,Total,Ensemble,2426.0,colonnes
19,49,préfecture,Haho,70-74,Urbain,Hommes,137.0,colonnes
19,49,préfecture,Haho,70-74,Urbain,Femmes,192.0,colonnes
19,49,préfecture,Haho,70-74,Urbain,Ensemble,329.0,colonnes
19,49,préfecture,Haho,70-74,Rural,Hommes,815.0,colonnes
19,49,préfecture,Haho,70-74,Rural,Femmes,1021.0,colonnes
19,49,préfecture,Haho,70-74,Rural,Ensemble,1836.0,colonnes
19,49,préfecture,Haho,70-74,Total,Hommes,952.0,colonnes
19,49,préfecture,Haho,70-74,Total,Femmes,1213.0,colonnes
19,49,préfecture,Haho,70-74,Total,Ensemble,2165.0,colonnes
19,49,préfecture,Haho,75-79,Urbain,Hommes,64.0,colonnes
19,49,préfecture,Haho,75-79,Urbain,Femmes,101.0,colonnes
19,49,préfecture,Haho,75-79,Urbain,Ensemble,165.0,colonnes
19,49,préfecture,Haho,75-79,Rural,Hommes,395.0,colonnes
19,49,préfecture,Haho,75-79,Rural,Femmes,488.0,colonnes
19,49,préfecture,Haho,75-79,Rural,Ensemble,883.0,colonnes
19,49,préfecture,Haho,75-79,Total,Hommes,459.0,colonnes
19,49,préfecture,Haho,75-79,Total,Femmes,589.0,colonnes
19,49,préfecture,Haho,75-79,Total,Ensemble,1048.0,colonnes
19,49,préfecture,Haho,80-84,Urbain,Hommes,46.0,colonnes
19,49,préfecture,Haho,80-84,Urbain,Femmes,96.0,colonnes
19,49,préfecture,Haho,80-84,Urbain,Ensemble,142.0,colonnes
19,49,préfecture,Haho,80-84,Rural,Hommes,364.0,colonnes
19,49,préfecture,Haho,80-84,Rural,Femmes,548.0,colonnes
19,49,préfecture,Haho,80-84,Rural,Ensemble,912.0,colonnes
19,49,préfecture,Haho,80-84,Total,Hommes,410.0,colonnes
19,49,préfecture,Haho,80-84,Total,Femmes,644.0,colonnes
19,49,préfecture,Haho,80-84,Total,Ensemble,1054.0,colonnes
19,49,préfecture,Haho,85 et +,Urbain,Hommes,28.0,colonnes
19,49,préfecture,Haho,85 et +,Urbain,Femmes,92.0,colonnes
19,49,préfecture,Haho,85 et +,Urbain,Ensemble,120.0,colonnes
19,49,préfecture,Haho,85 et +,Rural,Hommes,422.0,colonnes
19,49,préfecture,Haho,85 et +,Rural,Femmes,602.0,colonnes
19,49,préfecture,Haho,85 et +,Rural,Ensemble,1024.0,colonnes
19,49,préfecture,Haho,85 et +,Total,Hommes,450.0,colonnes
19,49,préfecture,Haho,85 et +,Total,Femmes,694.0,colonnes
19,49,préfecture,Haho,85 et +,Total,Ensemble,1144.0,colonnes
19,49,préfecture,Haho,ND,Urbain,Hommes,64.0,colonnes
19,49,préfecture,Haho,ND,Urbain,Femmes,52.0,colonnes
19,49,préfecture,Haho,ND,Urbain,Ensemble,116.0,colonnes
19,49,préfecture,Haho,ND,Rural,Hommes,494.0,colonnes
19,49,préfecture,Haho,ND,Rural,Femmes,561.0,colonnes
19,49,préfecture,Haho,ND,Rural,Ensemble,1055.0,colonnes
19,49,préfecture,Haho,ND,Total,Hommes,558.0,colonnes
19,49,préfecture,Haho,ND,Total,Femmes,613.0,colonnes
19,49,préfecture,Haho,ND,Total,Ensemble,1171.0,colonnes
19,49,préfecture,Haho,Total,Urbain,Hommes,23711.0,colonnes
19,49,préfecture,Haho,Total,Urbain,Femmes,25432.0,colonnes
19,49,préfecture,Haho,Total,Urbain,Ensemble,49143.0,colonnes
19,49,préfecture,Haho,Total,Rural,Hommes,124318.0,colonnes
19,49,préfecture,Haho,Total,Rural,Femmes,131635.0,colonnes
19,49,préfecture,Haho,Total,Rural,Ensemble,255953.0,colonnes
19,49,préfecture,Haho,Total,Total,Hommes,148029.0,colonnes
19,49,préfecture,Haho,Total,Total,Femmes,157067.0,colonnes
19,49,préfecture,Haho,Total,Total,Ensemble,305096.0,colonnes
20,50,préfecture,Agou,0,Urbain,Hommes,60.0,colonnes
20,50,préfecture,Agou,0,Urbain,Femmes,50.0,colonnes
20,50,préfecture,Agou,0,Urbain,Ensemble,110.0,colonnes
20,50,préfecture,Agou,0,Rural,Hommes,999.0,colonnes
20,50,préfecture,Agou,0,Rural,Femmes,911.0,colonnes
20,50,préfecture,Agou,0,Rural,Ensemble,1910.0,colonnes
20,50,préfecture,Agou,0,Total,Hommes,1059.0,colonnes
20,50,préfecture,Agou,0,Total,Femmes,961.0,colonnes
20,50,préfecture,Agou,0,Total,Ensemble,2020.0,colonnes
20,50,préfecture,Agou,1-4,Urbain,Hommes,230.0,colonnes
20,50,préfecture,Agou,1-4,Urbain,Femmes,184.0,colonnes
20,50,préfecture,Agou,1-4,Urbain,Ensemble,414.0,colonnes
20,50,préfecture,Agou,1-4,Rural,Hommes,4286.0,colonnes
20,50,préfecture,Agou,1-4,Rural,Femmes,3979.0,colonnes
20,50,préfecture,Agou,1-4,Rural,Ensemble,8265.0,colonnes
20,50,préfecture,Agou,1-4,Total,Hommes,4516.0,colonnes
20,50,préfecture,Agou,1-4,Total,Femmes,4163.0,colonnes
20,50,préfecture,Agou,1-4,Total,Ensemble,8679.0,colonnes
20,50,préfecture,Agou,5-9,Urbain,Hommes,279.0,colonnes
20,50,préfecture,Agou,5-9,Urbain,Femmes,285.0,colonnes
20,50,préfecture,Agou,5-9,Urbain,Ensemble,564.0,colonnes
20,50,préfecture,Agou,5-9,Rural,Hommes,5926.0,colonnes
20,50,préfecture,Agou,5-9,Rural,Femmes,5498.0,colonnes
20,50,préfecture,Agou,5-9,Rural,Ensemble,11424.0,colonnes
20,50,préfecture,Agou,5-9,Total,Hommes,6205.0,colonnes
20,50,préfecture,Agou,5-9,Total,Femmes,5783.0,colonnes
20,50,préfecture,Agou,5-9,Total,Ensemble,11988.0,colonnes
20,50,préfecture,Agou,10-14,Urbain,Hommes,308.0,colonnes
20,50,préfecture,Agou,10-14,Urbain,Femmes,287.0,colonnes
20,50,préfecture,Agou,10-14,Urbain,Ensemble,595.0,colonnes
20,50,préfecture,Agou,10-14,Rural,Hommes,6037.0,colonnes
20,50,préfecture,Agou,10-14,Rural,Femmes,5062.0,colonnes
20,50,préfecture,Agou,10-14,Rural,Ensemble,11099.0,colonnes
20,50,préfecture,Agou,10-14,Total,Hommes,6345.0,colonnes
20,50,préfecture,Agou,10-14,Total,Femmes,5349.0,colonnes
20,50,préfecture,Agou,10-14,Total,Ensemble,11694.0,colonnes
20,50,préfecture,Agou,15-19,Urbain,Hommes,273.0,colonnes
20,50,préfecture,Agou,15-19,Urbain,Femmes,294.0,colonnes
20,50,préfecture,Agou,15-19,Urbain,Ensemble,567.0,colonnes
20,50,préfecture,Agou,15-19,Rural,Hommes,3873.0,colonnes
20,50,préfecture,Agou,15-19,Rural,Femmes,3530.0,colonnes
20,50,préfecture,Agou,15-19,Rural,Ensemble,7403.0,colonnes
20,50,préfecture,Agou,15-19,Total,Hommes,4146.0,colonnes
20,50,préfecture,Agou,15-19,Total,Femmes,3824.0,colonnes
20,50,préfecture,Agou,15-19,Total,Ensemble,7970.0,colonnes
20,50,préfecture,Agou,20-24,Urbain,Hommes,154.0,colonnes
20,50,préfecture,Agou,20-24,Urbain,Femmes,197.0,colonnes
20,50,préfecture,Agou,20-24,Urbain,Ensemble,351.0,colonnes
20,50,préfecture,Agou,20-24,Rural,Hommes,2334.0,colonnes
20,50,préfecture,Agou,20-24,Rural,Femmes,2721.0,colonnes
20,50,préfecture,Agou,20-24,Rural,Ensemble,5055.0,colonnes
20,50,préfecture,Agou,20-24,Total,Hommes,2488.0,colonnes
20,50,préfecture,Agou,20-24,Total,Femmes,2918.0,colonnes
20,50,préfecture,Agou,20-24,Total,Ensemble,5406.0,colonnes
20,50,préfecture,Agou,25-29,Urbain,Hommes,106.0,colonnes
20,50,préfecture,Agou,25-29,Urbain,Femmes,150.0,colonnes
20,50,préfecture,Agou,25-29,Urbain,Ensemble,256.0,colonnes
20,50,préfecture,Agou,25-29,Rural,Hommes,1784.0,colonnes
20,50,préfecture,Agou,25-29,Rural,Femmes,2432.0,colonnes
20,50,préfecture,Agou,25-29,Rural,Ensemble,4216.0,colonnes
20,50,préfecture,Agou,25-29,Total,Hommes,1890.0,colonnes
20,50,préfecture,Agou,25-29,Total,Femmes,2582.0,colonnes
20,50,préfecture,Agou,25-29,Total,Ensemble,4472.0,colonnes
20,50,préfecture,Agou,30-34,Urbain,Hommes,122.0,colonnes
20,50,préfecture,Agou,30-34,Urbain,Femmes,153.0,colonnes
20,50,préfecture,Agou,30-34,Urbain,Ensemble,275.0,colonnes
20,50,préfecture,Agou,30-34,Rural,Hommes,2233.0,colonnes
20,50,préfecture,Agou,30-34,Rural,Femmes,2526.0,colonnes
20,50,préfecture,Agou,30-34,Rural,Ensemble,4759.0,colonnes
20,50,préfecture,Agou,30-34,Total,Hommes,2355.0,colonnes
20,50,préfecture,Agou,30-34,Total,Femmes,2679.0,colonnes
20,50,préfecture,Agou,30-34,Total,Ensemble,5034.0,colonnes
20,50,préfecture,Agou,35-39,Urbain,Hommes,136.0,colonnes
20,50,préfecture,Agou,35-39,Urbain,Femmes,144.0,colonnes
20,50,préfecture,Agou,35-39,Urbain,Ensemble,280.0,colonnes
20,50,préfecture,Agou,35-39,Rural,Hommes,2134.0,colonnes
20,50,préfecture,Agou,35-39,Rural,Femmes,2603.0,colonnes
20,50,préfecture,Agou,35-39,Rural,Ensemble,4737.0,colonnes
20,50,préfecture,Agou,35-39,Total,Hommes,2270.0,colonnes
20,50,préfecture,Agou,35-39,Total,Femmes,2747.0,colonnes
20,50,préfecture,Agou,35-39,Total,Ensemble,5017.0,colonnes
20,50,préfecture,Agou,40-44,Urbain,Hommes,98.0,colonnes
20,50,préfecture,Agou,40-44,Urbain,Femmes,137.0,colonnes
20,50,préfecture,Agou,40-44,Urbain,Ensemble,235.0,colonnes
20,50,préfecture,Agou,40-44,Rural,Hommes,2077.0,colonnes
20,50,préfecture,Agou,40-44,Rural,Femmes,2330.0,colonnes
20,50,préfecture,Agou,40-44,Rural,Ensemble,4407.0,colonnes
20,50,préfecture,Agou,40-44,Total,Hommes,2175.0,colonnes
20,50,préfecture,Agou,40-44,Total,Femmes,2467.0,colonnes
20,50,préfecture,Agou,40-44,Total,Ensemble,4642.0,colonnes
20,50,préfecture,Agou,45-49,Urbain,Hommes,124.0,colonnes
20,50,préfecture,Agou,45-49,Urbain,Femmes,85.0,colonnes
20,50,préfecture,Agou,45-49,Urbain,Ensemble,209.0,colonnes
20,50,préfecture,Agou,45-49,Rural,Hommes,1894.0,colonnes
20,50,préfecture,Agou,45-49,Rural,Femmes,1987.0,colonnes
20,50,préfecture,Agou,45-49,Rural,Ensemble,3881.0,colonnes
20,50,préfecture,Agou,45-49,Total,Hommes,2018.0,colonnes
20,50,préfecture,Agou,45-49,Total,Femmes,2072.0,colonnes
20,50,préfecture,Agou,45-49,Total,Ensemble,4090.0,colonnes
20,50,préfecture,Agou,50-54,Urbain,Hommes,84.0,colonnes
20,50,préfecture,Agou,50-54,Urbain,Femmes,87.0,colonnes
20,50,préfecture,Agou,50-54,Urbain,Ensemble,171.0,colonnes
20,50,préfecture,Agou,50-54,Rural,Hommes,1841.0,colonnes
20,50,préfecture,Agou,50-54,Rural,Femmes,1874.0,colonnes
20,50,préfecture,Agou,50-54,Rural,Ensemble,3715.0,colonnes
20,50,préfecture,Agou,50-54,Total,Hommes,1925.0,colonnes
20,50,préfecture,Agou,50-54,Total,Femmes,1961.0,colonnes
20,50,préfecture,Agou,50-54,Total,Ensemble,3886.0,colonnes
20,50,préfecture,Agou,55-59,Urbain,Hommes,67.0,colonnes
20,50,préfecture,Agou,55-59,Urbain,Femmes,74.0,colonnes
20,50,préfecture,Agou,55-59,Urbain,Ensemble,141.0,colonnes
20,50,préfecture,Agou,55-59,Rural,Hommes,1446.0,colonnes
20,50,préfecture,Agou,55-59,Rural,Femmes,1379.0,colonnes
20,50,préfecture,Agou,55-59,Rural,Ensemble,2825.0,colonnes
20,50,préfecture,Agou,55-59,Total,Hommes,1513.0,colonnes
20,50,préfecture,Agou,55-59,Total,Femmes,1453.0,colonnes
20,50,préfecture,Agou,55-59,Total,Ensemble,2966.0,colonnes
20,50,préfecture,Agou,60-64,Urbain,Hommes,63.0,colonnes
20,50,préfecture,Agou,60-64,Urbain,Femmes,75.0,colonnes
20,50,préfecture,Agou,60-64,Urbain,Ensemble,138.0,colonnes
20,50,préfecture,Agou,60-64,Rural,Hommes,1191.0,colonnes
20,50,préfecture,Agou,60-64,Rural,Femmes,1362.0,colonnes
20,50,préfecture,Agou,60-64,Rural,Ensemble,2553.0,colonnes
20,50,préfecture,Agou,60-64,Total,Hommes,1254.0,colonnes
20,50,préfecture,Agou,60-64,Total,Femmes,1437.0,colonnes
20,50,préfecture,Agou,60-64,Total,Ensemble,2691.0,colonnes
20,50,préfecture,Agou,65-69,Urbain,Hommes,40.0,colonnes
20,50,préfecture,Agou,65-69,Urbain,Femmes,49.0,colonnes
20,50,préfecture,Agou,65-69,Urbain,Ensemble,89.0,colonnes
20,50,préfecture,Agou,65-69,Rural,Hommes,770.0,colonnes
20,50,préfecture,Agou,65-69,Rural,Femmes,833.0,colonnes
20,50,préfecture,Agou,65-69,Rural,Ensemble,1603.0,colonnes
20,50,préfecture,Agou,65-69,Total,Hommes,810.0,colonnes
20,50,préfecture,Agou,65-69,Total,Femmes,882.0,colonnes
20,50,préfecture,Agou,65-69,Total,Ensemble,1692.0,colonnes
20,50,préfecture,Agou,70-74,Urbain,Hommes,31.0,colonnes
20,50,préfecture,Agou,70-74,Urbain,Femmes,50.0,colonnes
20,50,préfecture,Agou,70-74,Urbain,Ensemble,81.0,colonnes
20,50,préfecture,Agou,70-74,Rural,Hommes,581.0,colonnes
20,50,préfecture,Agou,70-74,Rural,Femmes,723.0,colonnes
20,50,préfecture,Agou,70-74,Rural,Ensemble,1304.0,colonnes
20,50,préfecture,Agou,70-74,Total,Hommes,612.0,colonnes
20,50,préfecture,Agou,70-74,Total,Femmes,773.0,colonnes
20,50,préfecture,Agou,70-74,Total,Ensemble,1385.0,colonnes
20,50,préfecture,Agou,75-79,Urbain,Hommes,14.0,colonnes
20,50,préfecture,Agou,75-79,Urbain,Femmes,25.0,colonnes
20,50,préfecture,Agou,75-79,Urbain,Ensemble,39.0,colonnes
20,50,préfecture,Agou,75-79,Rural,Hommes,360.0,colonnes
20,50,préfecture,Agou,75-79,Rural,Femmes,420.0,colonnes
20,50,préfecture,Agou,75-79,Rural,Ensemble,780.0,colonnes
20,50,préfecture,Agou,75-79,Total,Hommes,374.0,colonnes
20,50,préfecture,Agou,75-79,Total,Femmes,445.0,colonnes
20,50,préfecture,Agou,75-79,Total,Ensemble,819.0,colonnes
20,50,préfecture,Agou,80-84,Urbain,Hommes,4.0,colonnes
20,50,préfecture,Agou,80-84,Urbain,Femmes,15.0,colonnes
20,50,préfecture,Agou,80-84,Urbain,Ensemble,19.0,colonnes
20,50,préfecture,Agou,80-84,Rural,Hommes,229.0,colonnes
20,50,préfecture,Agou,80-84,Rural,Femmes,378.0,colonnes
20,50,préfecture,Agou,80-84,Rural,Ensemble,607.0,colonnes
20,50,préfecture,Agou,80-84,Total,Hommes,233.0,colonnes
20,50,préfecture,Agou,80-84,Total,Femmes,393.0,colonnes
20,50,préfecture,Agou,80-84,Total,Ensemble,626.0,colonnes
20,50,préfecture,Agou,85 et +,Urbain,Hommes,6.0,colonnes
20,50,préfecture,Agou,85 et +,Urbain,Femmes,14.0,colonnes
20,50,préfecture,Agou,85 et +,Urbain,Ensemble,20.0,colonnes
20,50,préfecture,Agou,85 et +,Rural,Hommes,226.0,colonnes
20,50,préfecture,Agou,85 et +,Rural,Femmes,415.0,colonnes
20,50,préfecture,Agou,85 et +,Rural,Ensemble,641.0,colonnes
20,50,préfecture,Agou,85 et +,Total,Hommes,232.0,colonnes
20,50,préfecture,Agou,85 et +,Total,Femmes,429.0,colonnes
20,50,préfecture,Agou,85 et +,Total,Ensemble,661.0,colonnes
20,50,préfecture,Agou,ND,Urbain,Hommes,,colonnes
20,50,préfecture,Agou,ND,Urbain,Femmes,,colonnes
20,50,préfecture,Agou,ND,Urbain,Ensemble,,colonnes
20,50,préfecture,Agou,ND,Rural,Hommes,29.0,colonnes
20,50,préfecture,Agou,ND,Rural,Femmes,26.0,colonnes
20,50,préfecture,Agou,ND,Rural,Ensemble,55.0,colonnes
20,50,préfecture,Agou,ND,Total,Hommes,29.0,colonnes
20,50,préfecture,Agou,ND,Total,Femmes,26.0,colonnes
20,50,préfecture,Agou,ND,Total,Ensemble,55.0,colonnes
20,50,préfecture,Agou,Total,Urbain,Hommes,2199.0,colonnes
20,50,préfecture,Agou,Total,Urbain,Femmes,2355.0,colonnes
20,50,préfecture,Agou,Total,Urbain,Ensemble,4554.0,colonnes
20,50,préfecture,Agou,Total,Rural,Hommes,40250.0,colonnes
20,50,préfecture,Agou,Total,Rural,Femmes,40989.0,colonnes
20,50,préfecture,Agou,Total,Rural,Ensemble,81239.0,colonnes
20,50,préfecture,Agou,Total,Total,Hommes,42449.0,colonnes
20,50,préfecture,Agou,Total,Total,Femmes,43344.0,colonnes
20,50,préfecture,Agou,Total,Total,Ensemble,85793.0,colonnes
21,51,préfecture,Kloto,0,Urbain,Hommes,1124.0,colonnes
21,51,préfecture,Kloto,0,Urbain,Femmes,966.0,colonnes
21,51,préfecture,Kloto,0,Urbain,Ensemble,2090.0,colonnes
21,51,préfecture,Kloto,0,Rural,Hommes,573.0,colonnes
21,51,préfecture,Kloto,0,Rural,Femmes,616.0,colonnes
21,51,préfecture,Kloto,0,Rural,Ensemble,1189.0,colonnes
21,51,préfecture,Kloto,0,Total,Hommes,1697.0,colonnes
21,51,préfecture,Kloto,0,Total,Femmes,1582.0,colonnes
21,51,préfecture,Kloto,0,Total,Ensemble,3279.0,colonnes
21,51,préfecture,Kloto,1-4,Urbain,Hommes,4237.0,colonnes
21,51,préfecture,Kloto,1-4,Urbain,Femmes,4019.0,colonnes
21,51,préfecture,Kloto,1-4,Urbain,Ensemble,8256.0,colonnes
21,51,préfecture,Kloto,1-4,Rural,Hommes,2901.0,colonnes
21,51,préfecture,Kloto,1-4,Rural,Femmes,2739.0,colonnes
21,51,préfecture,Kloto,1-4,Rural,Ensemble,5640.0,colonnes
21,51,préfecture,Kloto,1-4,Total,Hommes,7138.0,colonnes
21,51,préfecture,Kloto,1-4,Total,Femmes,6758.0,colonnes
21,51,préfecture,Kloto,1-4,Total,Ensemble,13896.0,colonnes
21,51,préfecture,Kloto,5-9,Urbain,Hommes,5640.0,colonnes
21,51,préfecture,Kloto,5-9,Urbain,Femmes,5537.0,colonnes
21,51,préfecture,Kloto,5-9,Urbain,Ensemble,11177.0,colonnes
21,51,préfecture,Kloto,5-9,Rural,Hommes,3970.0,colonnes
21,51,préfecture,Kloto,5-9,Rural,Femmes,3761.0,colonnes
21,51,préfecture,Kloto,5-9,Rural,Ensemble,7731.0,colonnes
21,51,préfecture,Kloto,5-9,Total,Hommes,9610.0,colonnes
21,51,préfecture,Kloto,5-9,Total,Femmes,9298.0,colonnes
21,51,préfecture,Kloto,5-9,Total,Ensemble,18908.0,colonnes
21,51,préfecture,Kloto,10-14,Urbain,Hommes,5330.0,colonnes
21,51,préfecture,Kloto,10-14,Urbain,Femmes,5603.0,colonnes
21,51,préfecture,Kloto,10-14,Urbain,Ensemble,10933.0,colonnes
21,51,préfecture,Kloto,10-14,Rural,Hommes,4041.0,colonnes
21,51,préfecture,Kloto,10-14,Rural,Femmes,3572.0,colonnes
21,51,préfecture,Kloto,10-14,Rural,Ensemble,7613.0,colonnes
21,51,préfecture,Kloto,10-14,Total,Hommes,9371.0,colonnes
21,51,préfecture,Kloto,10-14,Total,Femmes,9175.0,colonnes
21,51,préfecture,Kloto,10-14,Total,Ensemble,18546.0,colonnes
21,51,préfecture,Kloto,15-19,Urbain,Hommes,5298.0,colonnes
21,51,préfecture,Kloto,15-19,Urbain,Femmes,5156.0,colonnes
21,51,préfecture,Kloto,15-19,Urbain,Ensemble,10454.0,colonnes
21,51,préfecture,Kloto,15-19,Rural,Hommes,2878.0,colonnes
21,51,préfecture,Kloto,15-19,Rural,Femmes,2576.0,colonnes
21,51,préfecture,Kloto,15-19,Rural,Ensemble,5454.0,colonnes
21,51,préfecture,Kloto,15-19,Total,Hommes,8176.0,colonnes
21,51,préfecture,Kloto,15-19,Total,Femmes,7732.0,colonnes
21,51,préfecture,Kloto,15-19,Total,Ensemble,15908.0,colonnes
21,51,préfecture,Kloto,20-24,Urbain,Hommes,3750.0,colonnes
21,51,préfecture,Kloto,20-24,Urbain,Femmes,4028.0,colonnes
21,51,préfecture,Kloto,20-24,Urbain,Ensemble,7778.0,colonnes
21,51,préfecture,Kloto,20-24,Rural,Hommes,1911.0,colonnes
21,51,préfecture,Kloto,20-24,Rural,Femmes,2029.0,colonnes
21,51,préfecture,Kloto,20-24,Rural,Ensemble,3940.0,colonnes
21,51,préfecture,Kloto,20-24,Total,Hommes,5661.0,colonnes
21,51,préfecture,Kloto,20-24,Total,Femmes,6057.0,colonnes
21,51,préfecture,Kloto,20-24,Total,Ensemble,11718.0,colonnes
21,51,préfecture,Kloto,25-29,Urbain,Hommes,2674.0,colonnes
21,51,préfecture,Kloto,25-29,Urbain,Femmes,3265.0,colonnes
21,51,préfecture,Kloto,25-29,Urbain,Ensemble,5939.0,colonnes
21,51,préfecture,Kloto,25-29,Rural,Hommes,1437.0,colonnes
21,51,préfecture,Kloto,25-29,Rural,Femmes,1655.0,colonnes
21,51,préfecture,Kloto,25-29,Rural,Ensemble,3092.0,colonnes
21,51,préfecture,Kloto,25-29,Total,Hommes,4111.0,colonnes
21,51,préfecture,Kloto,25-29,Total,Femmes,4920.0,colonnes
21,51,préfecture,Kloto,25-29,Total,Ensemble,9031.0,colonnes
21,51,préfecture,Kloto,30-34,Urbain,Hommes,2573.0,colonnes
21,51,préfecture,Kloto,30-34,Urbain,Femmes,3340.0,colonnes
21,51,préfecture,Kloto,30-34,Urbain,Ensemble,5913.0,colonnes
21,51,préfecture,Kloto,30-34,Rural,Hommes,1547.0,colonnes
21,51,préfecture,Kloto,30-34,Rural,Femmes,1689.0,colonnes
21,51,préfecture,Kloto,30-34,Rural,Ensemble,3236.0,colonnes
21,51,préfecture,Kloto,30-34,Total,Hommes,4120.0,colonnes
21,51,préfecture,Kloto,30-34,Total,Femmes,5029.0,colonnes
21,51,préfecture,Kloto,30-34,Total,Ensemble,9149.0,colonnes
21,51,préfecture,Kloto,35-39,Urbain,Hommes,2334.0,colonnes
21,51,préfecture,Kloto,35-39,Urbain,Femmes,2870.0,colonnes
21,51,préfecture,Kloto,35-39,Urbain,Ensemble,5204.0,colonnes
21,51,préfecture,Kloto,35-39,Rural,Hommes,1588.0,colonnes
21,51,préfecture,Kloto,35-39,Rural,Femmes,1710.0,colonnes
21,51,préfecture,Kloto,35-39,Rural,Ensemble,3298.0,colonnes
21,51,préfecture,Kloto,35-39,Total,Hommes,3922.0,colonnes
21,51,préfecture,Kloto,35-39,Total,Femmes,4580.0,colonnes
21,51,préfecture,Kloto,35-39,Total,Ensemble,8502.0,colonnes
21,51,préfecture,Kloto,40-44,Urbain,Hommes,2058.0,colonnes
21,51,préfecture,Kloto,40-44,Urbain,Femmes,2346.0,colonnes
21,51,préfecture,Kloto,40-44,Urbain,Ensemble,4404.0,colonnes
21,51,préfecture,Kloto,40-44,Rural,Hommes,1492.0,colonnes
21,51,préfecture,Kloto,40-44,Rural,Femmes,1638.0,colonnes
21,51,préfecture,Kloto,40-44,Rural,Ensemble,3130.0,colonnes
21,51,préfecture,Kloto,40-44,Total,Hommes,3550.0,colonnes
21,51,préfecture,Kloto,40-44,Total,Femmes,3984.0,colonnes
21,51,préfecture,Kloto,40-44,Total,Ensemble,7534.0,colonnes
21,51,préfecture,Kloto,45-49,Urbain,Hommes,1728.0,colonnes
21,51,préfecture,Kloto,45-49,Urbain,Femmes,2008.0,colonnes
21,51,préfecture,Kloto,45-49,Urbain,Ensemble,3736.0,colonnes
21,51,préfecture,Kloto,45-49,Rural,Hommes,1472.0,colonnes
21,51,préfecture,Kloto,45-49,Rural,Femmes,1403.0,colonnes
21,51,préfecture,Kloto,45-49,Rural,Ensemble,2875.0,colonnes
21,51,préfecture,Kloto,45-49,Total,Hommes,3200.0,colonnes
21,51,préfecture,Kloto,45-49,Total,Femmes,3411.0,colonnes
21,51,préfecture,Kloto,45-49,Total,Ensemble,6611.0,colonnes
21,51,préfecture,Kloto,50-54,Urbain,Hommes,1567.0,colonnes
21,51,préfecture,Kloto,50-54,Urbain,Femmes,1747.0,colonnes
21,51,préfecture,Kloto,50-54,Urbain,Ensemble,3314.0,colonnes
21,51,préfecture,Kloto,50-54,Rural,Hommes,1342.0,colonnes
21,51,préfecture,Kloto,50-54,Rural,Femmes,1423.0,colonnes
21,51,préfecture,Kloto,50-54,Rural,Ensemble,2765.0,colonnes
21,51,préfecture,Kloto,50-54,Total,Hommes,2909.0,colonnes
21,51,préfecture,Kloto,50-54,Total,Femmes,3170.0,colonnes
21,51,préfecture,Kloto,50-54,Total,Ensemble,6079.0,colonnes
21,51,préfecture,Kloto,55-59,Urbain,Hommes,1153.0,colonnes
21,51,préfecture,Kloto,55-59,Urbain,Femmes,1282.0,colonnes
21,51,préfecture,Kloto,55-59,Urbain,Ensemble,2435.0,colonnes
21,51,préfecture,Kloto,55-59,Rural,Hommes,1184.0,colonnes
21,51,préfecture,Kloto,55-59,Rural,Femmes,1193.0,colonnes
21,51,préfecture,Kloto,55-59,Rural,Ensemble,2377.0,colonnes
21,51,préfecture,Kloto,55-59,Total,Hommes,2337.0,colonnes
21,51,préfecture,Kloto,55-59,Total,Femmes,2475.0,colonnes
21,51,préfecture,Kloto,55-59,Total,Ensemble,4812.0,colonnes
21,51,préfecture,Kloto,60-64,Urbain,Hommes,1012.0,colonnes
21,51,préfecture,Kloto,60-64,Urbain,Femmes,1138.0,colonnes
21,51,préfecture,Kloto,60-64,Urbain,Ensemble,2150.0,colonnes
21,51,préfecture,Kloto,60-64,Rural,Hommes,1077.0,colonnes
21,51,préfecture,Kloto,60-64,Rural,Femmes,1070.0,colonnes
21,51,préfecture,Kloto,60-64,Rural,Ensemble,2147.0,colonnes
21,51,préfecture,Kloto,60-64,Total,Hommes,2089.0,colonnes
21,51,préfecture,Kloto,60-64,Total,Femmes,2208.0,colonnes
21,51,préfecture,Kloto,60-64,Total,Ensemble,4297.0,colonnes
21,51,préfecture,Kloto,65-69,Urbain,Hommes,653.0,colonnes
21,51,préfecture,Kloto,65-69,Urbain,Femmes,664.0,colonnes
21,51,préfecture,Kloto,65-69,Urbain,Ensemble,1317.0,colonnes
21,51,préfecture,Kloto,65-69,Rural,Hommes,535.0,colonnes
21,51,préfecture,Kloto,65-69,Rural,Femmes,663.0,colonnes
21,51,préfecture,Kloto,65-69,Rural,Ensemble,1198.0,colonnes
21,51,préfecture,Kloto,65-69,Total,Hommes,1188.0,colonnes
21,51,préfecture,Kloto,65-69,Total,Femmes,1327.0,colonnes
21,51,préfecture,Kloto,65-69,Total,Ensemble,2515.0,colonnes
21,51,préfecture,Kloto,70-74,Urbain,Hommes,432.0,colonnes
21,51,préfecture,Kloto,70-74,Urbain,Femmes,521.0,colonnes
21,51,préfecture,Kloto,70-74,Urbain,Ensemble,953.0,colonnes
21,51,préfecture,Kloto,70-74,Rural,Hommes,438.0,colonnes
21,51,préfecture,Kloto,70-74,Rural,Femmes,623.0,colonnes
21,51,préfecture,Kloto,70-74,Rural,Ensemble,1061.0,colonnes
21,51,préfecture,Kloto,70-74,Total,Hommes,870.0,colonnes
21,51,préfecture,Kloto,70-74,Total,Femmes,1144.0,colonnes
21,51,préfecture,Kloto,70-74,Total,Ensemble,2014.0,colonnes
21,51,préfecture,Kloto,75-79,Urbain,Hommes,183.0,colonnes
21,51,préfecture,Kloto,75-79,Urbain,Femmes,305.0,colonnes
21,51,préfecture,Kloto,75-79,Urbain,Ensemble,488.0,colonnes
21,51,préfecture,Kloto,75-79,Rural,Hommes,224.0,colonnes
21,51,préfecture,Kloto,75-79,Rural,Femmes,309.0,colonnes
21,51,préfecture,Kloto,75-79,Rural,Ensemble,533.0,colonnes
21,51,préfecture,Kloto,75-79,Total,Hommes,407.0,colonnes
21,51,préfecture,Kloto,75-79,Total,Femmes,614.0,colonnes
21,51,préfecture,Kloto,75-79,Total,Ensemble,1021.0,colonnes
21,51,préfecture,Kloto,80-84,Urbain,Hommes,130.0,colonnes
21,51,préfecture,Kloto,80-84,Urbain,Femmes,238.0,colonnes
21,51,préfecture,Kloto,80-84,Urbain,Ensemble,368.0,colonnes
21,51,préfecture,Kloto,80-84,Rural,Hommes,174.0,colonnes
21,51,préfecture,Kloto,80-84,Rural,Femmes,298.0,colonnes
21,51,préfecture,Kloto,80-84,Rural,Ensemble,472.0,colonnes
21,51,préfecture,Kloto,80-84,Total,Hommes,304.0,colonnes
21,51,préfecture,Kloto,80-84,Total,Femmes,536.0,colonnes
21,51,préfecture,Kloto,80-84,Total,Ensemble,840.0,colonnes
21,51,préfecture,Kloto,85 et +,Urbain,Hommes,115.0,colonnes
21,51,préfecture,Kloto,85 et +,Urbain,Femmes,327.0,colonnes
21,51,préfecture,Kloto,85 et +,Urbain,Ensemble,442.0,colonnes
21,51,préfecture,Kloto,85 et +,Rural,Hommes,163.0,colonnes
21,51,préfecture,Kloto,85 et +,Rural,Femmes,309.0,colonnes
21,51,préfecture,Kloto,85 et +,Rural,Ensemble,472.0,colonnes
21,51,préfecture,Kloto,85 et +,Total,Hommes,278.0,colonnes
21,51,préfecture,Kloto,85 et +,Total,Femmes,636.0,colonnes
21,51,préfecture,Kloto,85 et +,Total,Ensemble,914.0,colonnes
21,51,préfecture,Kloto,ND,Urbain,Hommes,67.0,colonnes
21,51,préfecture,Kloto,ND,Urbain,Femmes,60.0,colonnes
21,51,préfecture,Kloto,ND,Urbain,Ensemble,127.0,colonnes
21,51,préfecture,Kloto,ND,Rural,Hommes,156.0,colonnes
21,51,préfecture,Kloto,ND,Rural,Femmes,129.0,colonnes
21,51,préfecture,Kloto,ND,Rural,Ensemble,285.0,colonnes
21,51,préfecture,Kloto,ND,Total,Hommes,223.0,colonnes
21,51,préfecture,Kloto,ND,Total,Femmes,189.0,colonnes
21,51,préfecture,Kloto,ND,Total,Ensemble,412.0,colonnes
21,51,préfecture,Kloto,Total,Urbain,Hommes,42058.0,colonnes
21,51,préfecture,Kloto,Total,Urbain,Femmes,45420.0,colonnes
21,51,préfecture,Kloto,Total,Urbain,Ensemble,87478.0,colonnes
21,51,préfecture,Kloto,Total,Rural,Hommes,29103.0,colonnes
21,51,préfecture,Kloto,Total,Rural,Femmes,29405.0,colonnes
21,51,préfecture,Kloto,Total,Rural,Ensemble,58508.0,colonnes
21,51,préfecture,Kloto,Total,Total,Hommes,71161.0,colonnes
21,51,préfecture,Kloto,Total,Total,Femmes,74825.0,colonnes
21,51,préfecture,Kloto,Total,Total,Ensemble,145986.0,colonnes
22,52,préfecture,Kpele,0,Urbain,Hommes,201.0,colonnes
22,52,préfecture,Kpele,0,Urbain,Femmes,193.0,colonnes
22,52,préfecture,Kpele,0,Urbain,Ensemble,394.0,colonnes
22,52,préfecture,Kpele,0,Rural,Hommes,871.0,colonnes
22,52,préfecture,Kpele,0,Rural,Femmes,855.0,colonnes
22,52,préfecture,Kpele,0,Rural,Ensemble,1726.0,colonnes
22,52,préfecture,Kpele,0,Total,Hommes,1072.0,colonnes
22,52,préfecture,Kpele,0,Total,Femmes,1048.0,colonnes
22,52,préfecture,Kpele,0,Total,Ensemble,2120.0,colonnes
22,52,préfecture,Kpele,1-4,Urbain,Hommes,861.0,colonnes
22,52,préfecture,Kpele,1-4,Urbain,Femmes,755.0,colonnes
22,52,préfecture,Kpele,1-4,Urbain,Ensemble,1616.0,colonnes
22,52,préfecture,Kpele,1-4,Rural,Hommes,3752.0,colonnes
22,52,préfecture,Kpele,1-4,Rural,Femmes,3727.0,colonnes
22,52,préfecture,Kpele,1-4,Rural,Ensemble,7479.0,colonnes
22,52,préfecture,Kpele,1-4,Total,Hommes,4613.0,colonnes
22,52,préfecture,Kpele,1-4,Total,Femmes,4482.0,colonnes
22,52,préfecture,Kpele,1-4,Total,Ensemble,9095.0,colonnes
22,52,préfecture,Kpele,5-9,Urbain,Hommes,1066.0,colonnes
22,52,préfecture,Kpele,5-9,Urbain,Femmes,1057.0,colonnes
22,52,préfecture,Kpele,5-9,Urbain,Ensemble,2123.0,colonnes
22,52,préfecture,Kpele,5-9,Rural,Hommes,5127.0,colonnes
22,52,préfecture,Kpele,5-9,Rural,Femmes,4786.0,colonnes
22,52,préfecture,Kpele,5-9,Rural,Ensemble,9913.0,colonnes
22,52,préfecture,Kpele,5-9,Total,Hommes,6193.0,colonnes
22,52,préfecture,Kpele,5-9,Total,Femmes,5843.0,colonnes
22,52,préfecture,Kpele,5-9,Total,Ensemble,12036.0,colonnes
22,52,préfecture,Kpele,10-14,Urbain,Hommes,1025.0,colonnes
22,52,préfecture,Kpele,10-14,Urbain,Femmes,1059.0,colonnes
22,52,préfecture,Kpele,10-14,Urbain,Ensemble,2084.0,colonnes
22,52,préfecture,Kpele,10-14,Rural,Hommes,4715.0,colonnes
22,52,préfecture,Kpele,10-14,Rural,Femmes,4283.0,colonnes
22,52,préfecture,Kpele,10-14,Rural,Ensemble,8998.0,colonnes
22,52,préfecture,Kpele,10-14,Total,Hommes,5740.0,colonnes
22,52,préfecture,Kpele,10-14,Total,Femmes,5342.0,colonnes
22,52,préfecture,Kpele,10-14,Total,Ensemble,11082.0,colonnes
22,52,préfecture,Kpele,15-19,Urbain,Hommes,910.0,colonnes
22,52,préfecture,Kpele,15-19,Urbain,Femmes,960.0,colonnes
22,52,préfecture,Kpele,15-19,Urbain,Ensemble,1870.0,colonnes
22,52,préfecture,Kpele,15-19,Rural,Hommes,3289.0,colonnes
22,52,préfecture,Kpele,15-19,Rural,Femmes,2863.0,colonnes
22,52,préfecture,Kpele,15-19,Rural,Ensemble,6152.0,colonnes
22,52,préfecture,Kpele,15-19,Total,Hommes,4199.0,colonnes
22,52,préfecture,Kpele,15-19,Total,Femmes,3823.0,colonnes
22,52,préfecture,Kpele,15-19,Total,Ensemble,8022.0,colonnes
22,52,préfecture,Kpele,20-24,Urbain,Hommes,597.0,colonnes
22,52,préfecture,Kpele,20-24,Urbain,Femmes,714.0,colonnes
22,52,préfecture,Kpele,20-24,Urbain,Ensemble,1311.0,colonnes
22,52,préfecture,Kpele,20-24,Rural,Hommes,1934.0,colonnes
22,52,préfecture,Kpele,20-24,Rural,Femmes,2337.0,colonnes
22,52,préfecture,Kpele,20-24,Rural,Ensemble,4271.0,colonnes
22,52,préfecture,Kpele,20-24,Total,Hommes,2531.0,colonnes
22,52,préfecture,Kpele,20-24,Total,Femmes,3051.0,colonnes
22,52,préfecture,Kpele,20-24,Total,Ensemble,5582.0,colonnes
22,52,préfecture,Kpele,25-29,Urbain,Hommes,446.0,colonnes
22,52,préfecture,Kpele,25-29,Urbain,Femmes,614.0,colonnes
22,52,préfecture,Kpele,25-29,Urbain,Ensemble,1060.0,colonnes
22,52,préfecture,Kpele,25-29,Rural,Hommes,1598.0,colonnes
22,52,préfecture,Kpele,25-29,Rural,Femmes,1780.0,colonnes
22,52,préfecture,Kpele,25-29,Rural,Ensemble,3378.0,colonnes
22,52,préfecture,Kpele,25-29,Total,Hommes,2044.0,colonnes
22,52,préfecture,Kpele,25-29,Total,Femmes,2394.0,colonnes
22,52,préfecture,Kpele,25-29,Total,Ensemble,4438.0,colonnes
22,52,préfecture,Kpele,30-34,Urbain,Hommes,485.0,colonnes
22,52,préfecture,Kpele,30-34,Urbain,Femmes,515.0,colonnes
22,52,préfecture,Kpele,30-34,Urbain,Ensemble,1000.0,colonnes
22,52,préfecture,Kpele,30-34,Rural,Hommes,1743.0,colonnes
22,52,préfecture,Kpele,30-34,Rural,Femmes,2063.0,colonnes
22,52,préfecture,Kpele,30-34,Rural,Ensemble,3806.0,colonnes
22,52,préfecture,Kpele,30-34,Total,Hommes,2228.0,colonnes
22,52,préfecture,Kpele,30-34,Total,Femmes,2578.0,colonnes
22,52,préfecture,Kpele,30-34,Total,Ensemble,4806.0,colonnes
22,52,préfecture,Kpele,35-39,Urbain,Hommes,379.0,colonnes
22,52,préfecture,Kpele,35-39,Urbain,Femmes,455.0,colonnes
22,52,préfecture,Kpele,35-39,Urbain,Ensemble,834.0,colonnes
22,52,préfecture,Kpele,35-39,Rural,Hommes,1712.0,colonnes
22,52,préfecture,Kpele,35-39,Rural,Femmes,2113.0,colonnes
22,52,préfecture,Kpele,35-39,Rural,Ensemble,3825.0,colonnes
22,52,préfecture,Kpele,35-39,Total,Hommes,2091.0,colonnes
22,52,préfecture,Kpele,35-39,Total,Femmes,2568.0,colonnes
22,52,préfecture,Kpele,35-39,Total,Ensemble,4659.0,colonnes
22,52,préfecture,Kpele,40-44,Urbain,Hommes,342.0,colonnes
22,52,préfecture,Kpele,40-44,Urbain,Femmes,368.0,colonnes
22,52,préfecture,Kpele,40-44,Urbain,Ensemble,710.0,colonnes
22,52,préfecture,Kpele,40-44,Rural,Hommes,1712.0,colonnes
22,52,préfecture,Kpele,40-44,Rural,Femmes,1804.0,colonnes
22,52,préfecture,Kpele,40-44,Rural,Ensemble,3516.0,colonnes
22,52,préfecture,Kpele,40-44,Total,Hommes,2054.0,colonnes
22,52,préfecture,Kpele,40-44,Total,Femmes,2172.0,colonnes
22,52,préfecture,Kpele,40-44,Total,Ensemble,4226.0,colonnes
22,52,préfecture,Kpele,45-49,Urbain,Hommes,298.0,colonnes
22,52,préfecture,Kpele,45-49,Urbain,Femmes,317.0,colonnes
22,52,préfecture,Kpele,45-49,Urbain,Ensemble,615.0,colonnes
22,52,préfecture,Kpele,45-49,Rural,Hommes,1502.0,colonnes
22,52,préfecture,Kpele,45-49,Rural,Femmes,1422.0,colonnes
22,52,préfecture,Kpele,45-49,Rural,Ensemble,2924.0,colonnes
22,52,préfecture,Kpele,45-49,Total,Hommes,1800.0,colonnes
22,52,préfecture,Kpele,45-49,Total,Femmes,1739.0,colonnes
22,52,préfecture,Kpele,45-49,Total,Ensemble,3539.0,colonnes
22,52,préfecture,Kpele,50-54,Urbain,Hommes,224.0,colonnes
22,52,préfecture,Kpele,50-54,Urbain,Femmes,229.0,colonnes
22,52,préfecture,Kpele,50-54,Urbain,Ensemble,453.0,colonnes
22,52,préfecture,Kpele,50-54,Rural,Hommes,1444.0,colonnes
22,52,préfecture,Kpele,50-54,Rural,Femmes,1342.0,colonnes
22,52,préfecture,Kpele,50-54,Rural,Ensemble,2786.0,colonnes
22,52,préfecture,Kpele,50-54,Total,Hommes,1668.0,colonnes
22,52,préfecture,Kpele,50-54,Total,Femmes,1571.0,colonnes
22,52,préfecture,Kpele,50-54,Total,Ensemble,3239.0,colonnes
22,52,préfecture,Kpele,55-59,Urbain,Hommes,171.0,colonnes
22,52,préfecture,Kpele,55-59,Urbain,Femmes,190.0,colonnes
22,52,préfecture,Kpele,55-59,Urbain,Ensemble,361.0,colonnes
22,52,préfecture,Kpele,55-59,Rural,Hommes,1115.0,colonnes
22,52,préfecture,Kpele,55-59,Rural,Femmes,938.0,colonnes
22,52,préfecture,Kpele,55-59,Rural,Ensemble,2053.0,colonnes
22,52,préfecture,Kpele,55-59,Total,Hommes,1286.0,colonnes
22,52,préfecture,Kpele,55-59,Total,Femmes,1128.0,colonnes
22,52,préfecture,Kpele,55-59,Total,Ensemble,2414.0,colonnes
22,52,préfecture,Kpele,60-64,Urbain,Hommes,136.0,colonnes
22,52,préfecture,Kpele,60-64,Urbain,Femmes,114.0,colonnes
22,52,préfecture,Kpele,60-64,Urbain,Ensemble,250.0,colonnes
22,52,préfecture,Kpele,60-64,Rural,Hommes,869.0,colonnes
22,52,préfecture,Kpele,60-64,Rural,Femmes,836.0,colonnes
22,52,préfecture,Kpele,60-64,Rural,Ensemble,1705.0,colonnes
22,52,préfecture,Kpele,60-64,Total,Hommes,1005.0,colonnes
22,52,préfecture,Kpele,60-64,Total,Femmes,950.0,colonnes
22,52,préfecture,Kpele,60-64,Total,Ensemble,1955.0,colonnes
22,52,préfecture,Kpele,65-69,Urbain,Hommes,75.0,colonnes
22,52,préfecture,Kpele,65-69,Urbain,Femmes,97.0,colonnes
22,52,préfecture,Kpele,65-69,Urbain,Ensemble,172.0,colonnes
22,52,préfecture,Kpele,65-69,Rural,Hommes,488.0,colonnes
22,52,préfecture,Kpele,65-69,Rural,Femmes,540.0,colonnes
22,52,préfecture,Kpele,65-69,Rural,Ensemble,1028.0,colonnes
22,52,préfecture,Kpele,65-69,Total,Hommes,563.0,colonnes
22,52,préfecture,Kpele,65-69,Total,Femmes,637.0,colonnes
22,52,préfecture,Kpele,65-69,Total,Ensemble,1200.0,colonnes
22,52,préfecture,Kpele,70-74,Urbain,Hommes,33.0,colonnes
22,52,préfecture,Kpele,70-74,Urbain,Femmes,61.0,colonnes
22,52,préfecture,Kpele,70-74,Urbain,Ensemble,94.0,colonnes
22,52,préfecture,Kpele,70-74,Rural,Hommes,363.0,colonnes
22,52,préfecture,Kpele,70-74,Rural,Femmes,491.0,colonnes
22,52,préfecture,Kpele,70-74,Rural,Ensemble,854.0,colonnes
22,52,préfecture,Kpele,70-74,Total,Hommes,396.0,colonnes
22,52,préfecture,Kpele,70-74,Total,Femmes,552.0,colonnes
22,52,préfecture,Kpele,70-74,Total,Ensemble,948.0,colonnes
22,52,préfecture,Kpele,75-79,Urbain,Hommes,18.0,colonnes
22,52,préfecture,Kpele,75-79,Urbain,Femmes,41.0,colonnes
22,52,préfecture,Kpele,75-79,Urbain,Ensemble,59.0,colonnes
22,52,préfecture,Kpele,75-79,Rural,Hommes,226.0,colonnes
22,52,préfecture,Kpele,75-79,Rural,Femmes,250.0,colonnes
22,52,préfecture,Kpele,75-79,Rural,Ensemble,476.0,colonnes
22,52,préfecture,Kpele,75-79,Total,Hommes,244.0,colonnes
22,52,préfecture,Kpele,75-79,Total,Femmes,291.0,colonnes
22,52,préfecture,Kpele,75-79,Total,Ensemble,535.0,colonnes
22,52,préfecture,Kpele,80-84,Urbain,Hommes,18.0,colonnes
22,52,préfecture,Kpele,80-84,Urbain,Femmes,25.0,colonnes
22,52,préfecture,Kpele,80-84,Urbain,Ensemble,43.0,colonnes
22,52,préfecture,Kpele,80-84,Rural,Hommes,142.0,colonnes
22,52,préfecture,Kpele,80-84,Rural,Femmes,224.0,colonnes
22,52,préfecture,Kpele,80-84,Rural,Ensemble,366.0,colonnes
22,52,préfecture,Kpele,80-84,Total,Hommes,160.0,colonnes
22,52,préfecture,Kpele,80-84,Total,Femmes,249.0,colonnes
22,52,préfecture,Kpele,80-84,Total,Ensemble,409.0,colonnes
22,52,préfecture,Kpele,85 et +,Urbain,Hommes,12.0,colonnes
22,52,préfecture,Kpele,85 et +,Urbain,Femmes,43.0,colonnes
22,52,préfecture,Kpele,85 et +,Urbain,Ensemble,55.0,colonnes
22,52,préfecture,Kpele,85 et +,Rural,Hommes,176.0,colonnes
22,52,préfecture,Kpele,85 et +,Rural,Femmes,311.0,colonnes
22,52,préfecture,Kpele,85 et +,Rural,Ensemble,487.0,colonnes
22,52,préfecture,Kpele,85 et +,Total,Hommes,188.0,colonnes
22,52,préfecture,Kpele,85 et +,Total,Femmes,354.0,colonnes
22,52,préfecture,Kpele,85 et +,Total,Ensemble,542.0,colonnes
22,52,préfecture,Kpele,ND,Urbain,Hommes,26.0,colonnes
22,52,préfecture,Kpele,ND,Urbain,Femmes,16.0,colonnes
22,52,préfecture,Kpele,ND,Urbain,Ensemble,42.0,colonnes
22,52,préfecture,Kpele,ND,Rural,Hommes,28.0,colonnes
22,52,préfecture,Kpele,ND,Rural,Femmes,22.0,colonnes
22,52,préfecture,Kpele,ND,Rural,Ensemble,50.0,colonnes
22,52,préfecture,Kpele,ND,Total,Hommes,54.0,colonnes
22,52,préfecture,Kpele,ND,Total,Femmes,38.0,colonnes
22,52,préfecture,Kpele,ND,Total,Ensemble,92.0,colonnes
22,52,préfecture,Kpele,Total,Urbain,Hommes,7323.0,colonnes
22,52,préfecture,Kpele,Total,Urbain,Femmes,7823.0,colonnes
22,52,préfecture,Kpele,Total,Urbain,Ensemble,15146.0,colonnes
22,52,préfecture,Kpele,Total,Rural,Hommes,32806.0,colonnes
22,52,préfecture,Kpele,Total,Rural,Femmes,32987.0,colonnes
22,52,préfecture,Kpele,Total,Rural,Ensemble,65793.0,colonnes
22,52,préfecture,Kpele,Total,Total,Hommes,40129.0,colonnes
22,52,préfecture,Kpele,Total,Total,Femmes,40810.0,colonnes
22,52,préfecture,Kpele,Total,Total,Ensemble,80939.0,colonnes
23,53,préfecture,Danyi,0,Urbain,Hommes,87.0,colonnes
23,53,préfecture,Danyi,0,Urbain,Femmes,71.0,colonnes
23,53,préfecture,Danyi,0,Urbain,Ensemble,158.0,colonnes
23,53,préfecture,Danyi,0,Rural,Hommes,395.0,colonnes
23,53,préfecture,Danyi,0,Rural,Femmes,444.0,colonnes
23,53,préfecture,Danyi,0,Rural,Ensemble,839.0,colonnes
23,53,préfecture,Danyi,0,Total,Hommes,482.0,colonnes
23,53,préfecture,Danyi,0,Total,Femmes,515.0,colonnes
23,53,préfecture,Danyi,0,Total,Ensemble,997.0,colonnes
23,53,préfecture,Danyi,1-4,Urbain,Hommes,391.0,colonnes
23,53,préfecture,Danyi,1-4,Urbain,Femmes,318.0,colonnes
23,53,préfecture,Danyi,1-4,Urbain,Ensemble,709.0,colonnes
23,53,préfecture,Danyi,1-4,Rural,Hommes,1816.0,colonnes
23,53,préfecture,Danyi,1-4,Rural,Femmes,1734.0,colonnes
23,53,préfecture,Danyi,1-4,Rural,Ensemble,3550.0,colonnes
23,53,préfecture,Danyi,1-4,Total,Hommes,2207.0,colonnes
23,53,préfecture,Danyi,1-4,Total,Femmes,2052.0,colonnes
23,53,préfecture,Danyi,1-4,Total,Ensemble,4259.0,colonnes
23,53,préfecture,Danyi,5-9,Urbain,Hommes,433.0,colonnes
23,53,préfecture,Danyi,5-9,Urbain,Femmes,424.0,colonnes
23,53,préfecture,Danyi,5-9,Urbain,Ensemble,857.0,colonnes
23,53,préfecture,Danyi,5-9,Rural,Hommes,2465.0,colonnes
23,53,préfecture,Danyi,5-9,Rural,Femmes,2335.0,colonnes
23,53,préfecture,Danyi,5-9,Rural,Ensemble,4800.0,colonnes
23,53,préfecture,Danyi,5-9,Total,Hommes,2898.0,colonnes
23,53,préfecture,Danyi,5-9,Total,Femmes,2759.0,colonnes
23,53,préfecture,Danyi,5-9,Total,Ensemble,5657.0,colonnes
23,53,préfecture,Danyi,10-14,Urbain,Hommes,472.0,colonnes
23,53,préfecture,Danyi,10-14,Urbain,Femmes,408.0,colonnes
23,53,préfecture,Danyi,10-14,Urbain,Ensemble,880.0,colonnes
23,53,préfecture,Danyi,10-14,Rural,Hommes,2293.0,colonnes
23,53,préfecture,Danyi,10-14,Rural,Femmes,1977.0,colonnes
23,53,préfecture,Danyi,10-14,Rural,Ensemble,4270.0,colonnes
23,53,préfecture,Danyi,10-14,Total,Hommes,2765.0,colonnes
23,53,préfecture,Danyi,10-14,Total,Femmes,2385.0,colonnes
23,53,préfecture,Danyi,10-14,Total,Ensemble,5150.0,colonnes
23,53,préfecture,Danyi,15-19,Urbain,Hommes,403.0,colonnes
23,53,préfecture,Danyi,15-19,Urbain,Femmes,321.0,colonnes
23,53,préfecture,Danyi,15-19,Urbain,Ensemble,724.0,colonnes
23,53,préfecture,Danyi,15-19,Rural,Hommes,1517.0,colonnes
23,53,préfecture,Danyi,15-19,Rural,Femmes,1288.0,colonnes
23,53,préfecture,Danyi,15-19,Rural,Ensemble,2805.0,colonnes
23,53,préfecture,Danyi,15-19,Total,Hommes,1920.0,colonnes
23,53,préfecture,Danyi,15-19,Total,Femmes,1609.0,colonnes
23,53,préfecture,Danyi,15-19,Total,Ensemble,3529.0,colonnes
23,53,préfecture,Danyi,20-24,Urbain,Hommes,202.0,colonnes
23,53,préfecture,Danyi,20-24,Urbain,Femmes,238.0,colonnes
23,53,préfecture,Danyi,20-24,Urbain,Ensemble,440.0,colonnes
23,53,préfecture,Danyi,20-24,Rural,Hommes,964.0,colonnes
23,53,préfecture,Danyi,20-24,Rural,Femmes,1002.0,colonnes
23,53,préfecture,Danyi,20-24,Rural,Ensemble,1966.0,colonnes
23,53,préfecture,Danyi,20-24,Total,Hommes,1166.0,colonnes
23,53,préfecture,Danyi,20-24,Total,Femmes,1240.0,colonnes
23,53,préfecture,Danyi,20-24,Total,Ensemble,2406.0,colonnes
23,53,préfecture,Danyi,25-29,Urbain,Hommes,210.0,colonnes
23,53,préfecture,Danyi,25-29,Urbain,Femmes,273.0,colonnes
23,53,préfecture,Danyi,25-29,Urbain,Ensemble,483.0,colonnes
23,53,préfecture,Danyi,25-29,Rural,Hommes,910.0,colonnes
23,53,préfecture,Danyi,25-29,Rural,Femmes,955.0,colonnes
23,53,préfecture,Danyi,25-29,Rural,Ensemble,1865.0,colonnes
23,53,préfecture,Danyi,25-29,Total,Hommes,1120.0,colonnes
23,53,préfecture,Danyi,25-29,Total,Femmes,1228.0,colonnes
23,53,préfecture,Danyi,25-29,Total,Ensemble,2348.0,colonnes
23,53,préfecture,Danyi,30-34,Urbain,Hommes,204.0,colonnes
23,53,préfecture,Danyi,30-34,Urbain,Femmes,234.0,colonnes
23,53,préfecture,Danyi,30-34,Urbain,Ensemble,438.0,colonnes
23,53,préfecture,Danyi,30-34,Rural,Hommes,987.0,colonnes
23,53,préfecture,Danyi,30-34,Rural,Femmes,1023.0,colonnes
23,53,préfecture,Danyi,30-34,Rural,Ensemble,2010.0,colonnes
23,53,préfecture,Danyi,30-34,Total,Hommes,1191.0,colonnes
23,53,préfecture,Danyi,30-34,Total,Femmes,1257.0,colonnes
23,53,préfecture,Danyi,30-34,Total,Ensemble,2448.0,colonnes
23,53,préfecture,Danyi,35-39,Urbain,Hommes,228.0,colonnes
23,53,préfecture,Danyi,35-39,Urbain,Femmes,192.0,colonnes
23,53,préfecture,Danyi,35-39,Urbain,Ensemble,420.0,colonnes
23,53,préfecture,Danyi,35-39,Rural,Hommes,960.0,colonnes
23,53,préfecture,Danyi,35-39,Rural,Femmes,903.0,colonnes
23,53,préfecture,Danyi,35-39,Rural,Ensemble,1863.0,colonnes
23,53,préfecture,Danyi,35-39,Total,Hommes,1188.0,colonnes
23,53,préfecture,Danyi,35-39,Total,Femmes,1095.0,colonnes
23,53,préfecture,Danyi,35-39,Total,Ensemble,2283.0,colonnes
23,53,préfecture,Danyi,40-44,Urbain,Hommes,152.0,colonnes
23,53,préfecture,Danyi,40-44,Urbain,Femmes,140.0,colonnes
23,53,préfecture,Danyi,40-44,Urbain,Ensemble,292.0,colonnes
23,53,préfecture,Danyi,40-44,Rural,Hommes,876.0,colonnes
23,53,préfecture,Danyi,40-44,Rural,Femmes,860.0,colonnes
23,53,préfecture,Danyi,40-44,Rural,Ensemble,1736.0,colonnes
23,53,préfecture,Danyi,40-44,Total,Hommes,1028.0,colonnes
23,53,préfecture,Danyi,40-44,Total,Femmes,1000.0,colonnes
23,53,préfecture,Danyi,40-44,Total,Ensemble,2028.0,colonnes
23,53,préfecture,Danyi,45-49,Urbain,Hommes,144.0,colonnes
23,53,préfecture,Danyi,45-49,Urbain,Femmes,126.0,colonnes
23,53,préfecture,Danyi,45-49,Urbain,Ensemble,270.0,colonnes
23,53,préfecture,Danyi,45-49,Rural,Hommes,793.0,colonnes
23,53,préfecture,Danyi,45-49,Rural,Femmes,786.0,colonnes
23,53,préfecture,Danyi,45-49,Rural,Ensemble,1579.0,colonnes
23,53,préfecture,Danyi,45-49,Total,Hommes,937.0,colonnes
23,53,préfecture,Danyi,45-49,Total,Femmes,912.0,colonnes
23,53,préfecture,Danyi,45-49,Total,Ensemble,1849.0,colonnes
23,53,préfecture,Danyi,50-54,Urbain,Hommes,132.0,colonnes
23,53,préfecture,Danyi,50-54,Urbain,Femmes,126.0,colonnes
23,53,préfecture,Danyi,50-54,Urbain,Ensemble,258.0,colonnes
23,53,préfecture,Danyi,50-54,Rural,Hommes,900.0,colonnes
23,53,préfecture,Danyi,50-54,Rural,Femmes,818.0,colonnes
23,53,préfecture,Danyi,50-54,Rural,Ensemble,1718.0,colonnes
23,53,préfecture,Danyi,50-54,Total,Hommes,1032.0,colonnes
23,53,préfecture,Danyi,50-54,Total,Femmes,944.0,colonnes
23,53,préfecture,Danyi,50-54,Total,Ensemble,1976.0,colonnes
23,53,préfecture,Danyi,55-59,Urbain,Hommes,108.0,colonnes
23,53,préfecture,Danyi,55-59,Urbain,Femmes,118.0,colonnes
23,53,préfecture,Danyi,55-59,Urbain,Ensemble,226.0,colonnes
23,53,préfecture,Danyi,55-59,Rural,Hommes,705.0,colonnes
23,53,préfecture,Danyi,55-59,Rural,Femmes,580.0,colonnes
23,53,préfecture,Danyi,55-59,Rural,Ensemble,1285.0,colonnes
23,53,préfecture,Danyi,55-59,Total,Hommes,813.0,colonnes
23,53,préfecture,Danyi,55-59,Total,Femmes,698.0,colonnes
23,53,préfecture,Danyi,55-59,Total,Ensemble,1511.0,colonnes
23,53,préfecture,Danyi,60-64,Urbain,Hommes,98.0,colonnes
23,53,préfecture,Danyi,60-64,Urbain,Femmes,85.0,colonnes
23,53,préfecture,Danyi,60-64,Urbain,Ensemble,183.0,colonnes
23,53,préfecture,Danyi,60-64,Rural,Hommes,566.0,colonnes
23,53,préfecture,Danyi,60-64,Rural,Femmes,567.0,colonnes
23,53,préfecture,Danyi,60-64,Rural,Ensemble,1133.0,colonnes
23,53,préfecture,Danyi,60-64,Total,Hommes,664.0,colonnes
23,53,préfecture,Danyi,60-64,Total,Femmes,652.0,colonnes
23,53,préfecture,Danyi,60-64,Total,Ensemble,1316.0,colonnes
23,53,préfecture,Danyi,65-69,Urbain,Hommes,57.0,colonnes
23,53,préfecture,Danyi,65-69,Urbain,Femmes,71.0,colonnes
23,53,préfecture,Danyi,65-69,Urbain,Ensemble,128.0,colonnes
23,53,préfecture,Danyi,65-69,Rural,Hommes,360.0,colonnes
23,53,préfecture,Danyi,65-69,Rural,Femmes,335.0,colonnes
23,53,préfecture,Danyi,65-69,Rural,Ensemble,695.0,colonnes
23,53,préfecture,Danyi,65-69,Total,Hommes,417.0,colonnes
23,53,préfecture,Danyi,65-69,Total,Femmes,406.0,colonnes
23,53,préfecture,Danyi,65-69,Total,Ensemble,823.0,colonnes
23,53,préfecture,Danyi,70-74,Urbain,Hommes,40.0,colonnes
23,53,préfecture,Danyi,70-74,Urbain,Femmes,46.0,colonnes
23,53,préfecture,Danyi,70-74,Urbain,Ensemble,86.0,colonnes
23,53,préfecture,Danyi,70-74,Rural,Hommes,255.0,colonnes
23,53,préfecture,Danyi,70-74,Rural,Femmes,303.0,colonnes
23,53,préfecture,Danyi,70-74,Rural,Ensemble,558.0,colonnes
23,53,préfecture,Danyi,70-74,Total,Hommes,295.0,colonnes
23,53,préfecture,Danyi,70-74,Total,Femmes,349.0,colonnes
23,53,préfecture,Danyi,70-74,Total,Ensemble,644.0,colonnes
23,53,préfecture,Danyi,75-79,Urbain,Hommes,18.0,colonnes
23,53,préfecture,Danyi,75-79,Urbain,Femmes,25.0,colonnes
23,53,préfecture,Danyi,75-79,Urbain,Ensemble,43.0,colonnes
23,53,préfecture,Danyi,75-79,Rural,Hommes,136.0,colonnes
23,53,préfecture,Danyi,75-79,Rural,Femmes,195.0,colonnes
23,53,préfecture,Danyi,75-79,Rural,Ensemble,331.0,colonnes
23,53,préfecture,Danyi,75-79,Total,Hommes,154.0,colonnes
23,53,préfecture,Danyi,75-79,Total,Femmes,220.0,colonnes
23,53,préfecture,Danyi,75-79,Total,Ensemble,374.0,colonnes
23,53,préfecture,Danyi,80-84,Urbain,Hommes,13.0,colonnes
23,53,préfecture,Danyi,80-84,Urbain,Femmes,16.0,colonnes
23,53,préfecture,Danyi,80-84,Urbain,Ensemble,29.0,colonnes
23,53,préfecture,Danyi,80-84,Rural,Hommes,86.0,colonnes
23,53,préfecture,Danyi,80-84,Rural,Femmes,134.0,colonnes
23,53,préfecture,Danyi,80-84,Rural,Ensemble,220.0,colonnes
23,53,préfecture,Danyi,80-84,Total,Hommes,99.0,colonnes
23,53,préfecture,Danyi,80-84,Total,Femmes,150.0,colonnes
23,53,préfecture,Danyi,80-84,Total,Ensemble,249.0,colonnes
23,53,préfecture,Danyi,85 et +,Urbain,Hommes,12.0,colonnes
23,53,préfecture,Danyi,85 et +,Urbain,Femmes,30.0,colonnes
23,53,préfecture,Danyi,85 et +,Urbain,Ensemble,42.0,colonnes
23,53,préfecture,Danyi,85 et +,Rural,Hommes,112.0,colonnes
23,53,préfecture,Danyi,85 et +,Rural,Femmes,202.0,colonnes
23,53,préfecture,Danyi,85 et +,Rural,Ensemble,314.0,colonnes
23,53,préfecture,Danyi,85 et +,Total,Hommes,124.0,colonnes
23,53,préfecture,Danyi,85 et +,Total,Femmes,232.0,colonnes
23,53,préfecture,Danyi,85 et +,Total,Ensemble,356.0,colonnes
23,53,préfecture,Danyi,ND,Urbain,Hommes,5.0,colonnes
23,53,préfecture,Danyi,ND,Urbain,Femmes,,colonnes
23,53,préfecture,Danyi,ND,Urbain,Ensemble,5.0,colonnes
23,53,préfecture,Danyi,ND,Rural,Hommes,7.0,colonnes
23,53,préfecture,Danyi,ND,Rural,Femmes,25.0,colonnes
23,53,préfecture,Danyi,ND,Rural,Ensemble,32.0,colonnes
23,53,préfecture,Danyi,ND,Total,Hommes,12.0,colonnes
23,53,préfecture,Danyi,ND,Total,Femmes,25.0,colonnes
23,53,préfecture,Danyi,ND,Total,Ensemble,37.0,colonnes
23,53,préfecture,Danyi,Total,Urbain,Hommes,3409.0,colonnes
23,53,préfecture,Danyi,Total,Urbain,Femmes,3262.0,colonnes
23,53,préfecture,Danyi,Total,Urbain,Ensemble,6671.0,colonnes
23,53,préfecture,Danyi,Total,Rural,Hommes,17103.0,colonnes
23,53,préfecture,Danyi,Total,Rural,Femmes,16466.0,colonnes
23,53,préfecture,Danyi,Total,Rural,Ensemble,33569.0,colonnes
23,53,préfecture,Danyi,Total,Total,Hommes,20512.0,colonnes
23,53,préfecture,Danyi,Total,Total,Femmes,19728.0,colonnes
23,53,préfecture,Danyi,Total,Total,Ensemble,40240.0,colonnes
24,54,préfecture,Wawa,0,Urbain,Hommes,149.0,colonnes
24,54,préfecture,Wawa,0,Urbain,Femmes,139.0,colonnes
24,54,préfecture,Wawa,0,Urbain,Ensemble,288.0,colonnes
24,54,préfecture,Wawa,0,Rural,Hommes,1208.0,colonnes
24,54,préfecture,Wawa,0,Rural,Femmes,1197.0,colonnes
24,54,préfecture,Wawa,0,Rural,Ensemble,2405.0,colonnes
24,54,préfecture,Wawa,0,Total,Hommes,1357.0,colonnes
24,54,préfecture,Wawa,0,Total,Femmes,1336.0,colonnes
24,54,préfecture,Wawa,0,Total,Ensemble,2693.0,colonnes
24,54,préfecture,Wawa,1-4,Urbain,Hommes,605.0,colonnes
24,54,préfecture,Wawa,1-4,Urbain,Femmes,596.0,colonnes
24,54,préfecture,Wawa,1-4,Urbain,Ensemble,1201.0,colonnes
24,54,préfecture,Wawa,1-4,Rural,Hommes,5199.0,colonnes
24,54,préfecture,Wawa,1-4,Rural,Femmes,5029.0,colonnes
24,54,préfecture,Wawa,1-4,Rural,Ensemble,10228.0,colonnes
24,54,préfecture,Wawa,1-4,Total,Hommes,5804.0,colonnes
24,54,préfecture,Wawa,1-4,Total,Femmes,5625.0,colonnes
24,54,préfecture,Wawa,1-4,Total,Ensemble,11429.0,colonnes
24,54,préfecture,Wawa,5-9,Urbain,Hommes,832.0,colonnes
24,54,préfecture,Wawa,5-9,Urbain,Femmes,770.0,colonnes
24,54,préfecture,Wawa,5-9,Urbain,Ensemble,1602.0,colonnes
24,54,préfecture,Wawa,5-9,Rural,Hommes,7068.0,colonnes
24,54,préfecture,Wawa,5-9,Rural,Femmes,6686.0,colonnes
24,54,préfecture,Wawa,5-9,Rural,Ensemble,13754.0,colonnes
24,54,préfecture,Wawa,5-9,Total,Hommes,7900.0,colonnes
24,54,préfecture,Wawa,5-9,Total,Femmes,7456.0,colonnes
24,54,préfecture,Wawa,5-9,Total,Ensemble,15356.0,colonnes
24,54,préfecture,Wawa,10-14,Urbain,Hommes,757.0,colonnes
24,54,préfecture,Wawa,10-14,Urbain,Femmes,800.0,colonnes
24,54,préfecture,Wawa,10-14,Urbain,Ensemble,1557.0,colonnes
24,54,préfecture,Wawa,10-14,Rural,Hommes,6610.0,colonnes
24,54,préfecture,Wawa,10-14,Rural,Femmes,5637.0,colonnes
24,54,préfecture,Wawa,10-14,Rural,Ensemble,12247.0,colonnes
24,54,préfecture,Wawa,10-14,Total,Hommes,7367.0,colonnes
24,54,préfecture,Wawa,10-14,Total,Femmes,6437.0,colonnes
24,54,préfecture,Wawa,10-14,Total,Ensemble,13804.0,colonnes
24,54,préfecture,Wawa,15-19,Urbain,Hommes,648.0,colonnes
24,54,préfecture,Wawa,15-19,Urbain,Femmes,621.0,colonnes
24,54,préfecture,Wawa,15-19,Urbain,Ensemble,1269.0,colonnes
24,54,préfecture,Wawa,15-19,Rural,Hommes,3967.0,colonnes
24,54,préfecture,Wawa,15-19,Rural,Femmes,3473.0,colonnes
24,54,préfecture,Wawa,15-19,Rural,Ensemble,7440.0,colonnes
24,54,préfecture,Wawa,15-19,Total,Hommes,4615.0,colonnes
24,54,préfecture,Wawa,15-19,Total,Femmes,4094.0,colonnes
24,54,préfecture,Wawa,15-19,Total,Ensemble,8709.0,colonnes
24,54,préfecture,Wawa,20-24,Urbain,Hommes,391.0,colonnes
24,54,préfecture,Wawa,20-24,Urbain,Femmes,451.0,colonnes
24,54,préfecture,Wawa,20-24,Urbain,Ensemble,842.0,colonnes
24,54,préfecture,Wawa,20-24,Rural,Hommes,2574.0,colonnes
24,54,préfecture,Wawa,20-24,Rural,Femmes,3079.0,colonnes
24,54,préfecture,Wawa,20-24,Rural,Ensemble,5653.0,colonnes
24,54,préfecture,Wawa,20-24,Total,Hommes,2965.0,colonnes
24,54,préfecture,Wawa,20-24,Total,Femmes,3530.0,colonnes
24,54,préfecture,Wawa,20-24,Total,Ensemble,6495.0,colonnes
24,54,préfecture,Wawa,25-29,Urbain,Hommes,365.0,colonnes
24,54,préfecture,Wawa,25-29,Urbain,Femmes,487.0,colonnes
24,54,préfecture,Wawa,25-29,Urbain,Ensemble,852.0,colonnes
24,54,préfecture,Wawa,25-29,Rural,Hommes,2332.0,colonnes
24,54,préfecture,Wawa,25-29,Rural,Femmes,2728.0,colonnes
24,54,préfecture,Wawa,25-29,Rural,Ensemble,5060.0,colonnes
24,54,préfecture,Wawa,25-29,Total,Hommes,2697.0,colonnes
24,54,préfecture,Wawa,25-29,Total,Femmes,3215.0,colonnes
24,54,préfecture,Wawa,25-29,Total,Ensemble,5912.0,colonnes
24,54,préfecture,Wawa,30-34,Urbain,Hommes,374.0,colonnes
24,54,préfecture,Wawa,30-34,Urbain,Femmes,457.0,colonnes
24,54,préfecture,Wawa,30-34,Urbain,Ensemble,831.0,colonnes
24,54,préfecture,Wawa,30-34,Rural,Hommes,2705.0,colonnes
24,54,préfecture,Wawa,30-34,Rural,Femmes,2769.0,colonnes
24,54,préfecture,Wawa,30-34,Rural,Ensemble,5474.0,colonnes
24,54,préfecture,Wawa,30-34,Total,Hommes,3079.0,colonnes
24,54,préfecture,Wawa,30-34,Total,Femmes,3226.0,colonnes
24,54,préfecture,Wawa,30-34,Total,Ensemble,6305.0,colonnes
24,54,préfecture,Wawa,35-39,Urbain,Hommes,387.0,colonnes
24,54,préfecture,Wawa,35-39,Urbain,Femmes,349.0,colonnes
24,54,préfecture,Wawa,35-39,Urbain,Ensemble,736.0,colonnes
24,54,préfecture,Wawa,35-39,Rural,Hommes,2599.0,colonnes
24,54,préfecture,Wawa,35-39,Rural,Femmes,2715.0,colonnes
24,54,préfecture,Wawa,35-39,Rural,Ensemble,5314.0,colonnes
24,54,préfecture,Wawa,35-39,Total,Hommes,2986.0,colonnes
24,54,préfecture,Wawa,35-39,Total,Femmes,3064.0,colonnes
24,54,préfecture,Wawa,35-39,Total,Ensemble,6050.0,colonnes
24,54,préfecture,Wawa,40-44,Urbain,Hommes,299.0,colonnes
24,54,préfecture,Wawa,40-44,Urbain,Femmes,280.0,colonnes
24,54,préfecture,Wawa,40-44,Urbain,Ensemble,579.0,colonnes
24,54,préfecture,Wawa,40-44,Rural,Hommes,2298.0,colonnes
24,54,préfecture,Wawa,40-44,Rural,Femmes,2355.0,colonnes
24,54,préfecture,Wawa,40-44,Rural,Ensemble,4653.0,colonnes
24,54,préfecture,Wawa,40-44,Total,Hommes,2597.0,colonnes
24,54,préfecture,Wawa,40-44,Total,Femmes,2635.0,colonnes
24,54,préfecture,Wawa,40-44,Total,Ensemble,5232.0,colonnes
24,54,préfecture,Wawa,45-49,Urbain,Hommes,240.0,colonnes
24,54,préfecture,Wawa,45-49,Urbain,Femmes,176.0,colonnes
24,54,préfecture,Wawa,45-49,Urbain,Ensemble,416.0,colonnes
24,54,préfecture,Wawa,45-49,Rural,Hommes,2062.0,colonnes
24,54,préfecture,Wawa,45-49,Rural,Femmes,1933.0,colonnes
24,54,préfecture,Wawa,45-49,Rural,Ensemble,3995.0,colonnes
24,54,préfecture,Wawa,45-49,Total,Hommes,2302.0,colonnes
24,54,préfecture,Wawa,45-49,Total,Femmes,2109.0,colonnes
24,54,préfecture,Wawa,45-49,Total,Ensemble,4411.0,colonnes
24,54,préfecture,Wawa,50-54,Urbain,Hommes,190.0,colonnes
24,54,préfecture,Wawa,50-54,Urbain,Femmes,194.0,colonnes
24,54,préfecture,Wawa,50-54,Urbain,Ensemble,384.0,colonnes
24,54,préfecture,Wawa,50-54,Rural,Hommes,1975.0,colonnes
24,54,préfecture,Wawa,50-54,Rural,Femmes,1868.0,colonnes
24,54,préfecture,Wawa,50-54,Rural,Ensemble,3843.0,colonnes
24,54,préfecture,Wawa,50-54,Total,Hommes,2165.0,colonnes
24,54,préfecture,Wawa,50-54,Total,Femmes,2062.0,colonnes
24,54,préfecture,Wawa,50-54,Total,Ensemble,4227.0,colonnes
24,54,préfecture,Wawa,55-59,Urbain,Hommes,164.0,colonnes
24,54,préfecture,Wawa,55-59,Urbain,Femmes,131.0,colonnes
24,54,préfecture,Wawa,55-59,Urbain,Ensemble,295.0,colonnes
24,54,préfecture,Wawa,55-59,Rural,Hommes,1663.0,colonnes
24,54,préfecture,Wawa,55-59,Rural,Femmes,1310.0,colonnes
24,54,préfecture,Wawa,55-59,Rural,Ensemble,2973.0,colonnes
24,54,préfecture,Wawa,55-59,Total,Hommes,1827.0,colonnes
24,54,préfecture,Wawa,55-59,Total,Femmes,1441.0,colonnes
24,54,préfecture,Wawa,55-59,Total,Ensemble,3268.0,colonnes
24,54,préfecture,Wawa,60-64,Urbain,Hommes,123.0,colonnes
24,54,préfecture,Wawa,60-64,Urbain,Femmes,127.0,colonnes
24,54,préfecture,Wawa,60-64,Urbain,Ensemble,250.0,colonnes
24,54,préfecture,Wawa,60-64,Rural,Hommes,1294.0,colonnes
24,54,préfecture,Wawa,60-64,Rural,Femmes,1183.0,colonnes
24,54,préfecture,Wawa,60-64,Rural,Ensemble,2477.0,colonnes
24,54,préfecture,Wawa,60-64,Total,Hommes,1417.0,colonnes
24,54,préfecture,Wawa,60-64,Total,Femmes,1310.0,colonnes
24,54,préfecture,Wawa,60-64,Total,Ensemble,2727.0,colonnes
24,54,préfecture,Wawa,65-69,Urbain,Hommes,84.0,colonnes
24,54,préfecture,Wawa,65-69,Urbain,Femmes,81.0,colonnes
24,54,préfecture,Wawa,65-69,Urbain,Ensemble,165.0,colonnes
24,54,préfecture,Wawa,65-69,Rural,Hommes,714.0,colonnes
24,54,préfecture,Wawa,65-69,Rural,Femmes,644.0,colonnes
24,54,préfecture,Wawa,65-69,Rural,Ensemble,1358.0,colonnes
24,54,préfecture,Wawa,65-69,Total,Hommes,798.0,colonnes
24,54,préfecture,Wawa,65-69,Total,Femmes,725.0,colonnes
24,54,préfecture,Wawa,65-69,Total,Ensemble,1523.0,colonnes
24,54,préfecture,Wawa,70-74,Urbain,Hommes,44.0,colonnes
24,54,préfecture,Wawa,70-74,Urbain,Femmes,39.0,colonnes
24,54,préfecture,Wawa,70-74,Urbain,Ensemble,83.0,colonnes
24,54,préfecture,Wawa,70-74,Rural,Hommes,544.0,colonnes
24,54,préfecture,Wawa,70-74,Rural,Femmes,522.0,colonnes
24,54,préfecture,Wawa,70-74,Rural,Ensemble,1066.0,colonnes
24,54,préfecture,Wawa,70-74,Total,Hommes,588.0,colonnes
24,54,préfecture,Wawa,70-74,Total,Femmes,561.0,colonnes
24,54,préfecture,Wawa,70-74,Total,Ensemble,1149.0,colonnes
24,54,préfecture,Wawa,75-79,Urbain,Hommes,30.0,colonnes
24,54,préfecture,Wawa,75-79,Urbain,Femmes,27.0,colonnes
24,54,préfecture,Wawa,75-79,Urbain,Ensemble,57.0,colonnes
24,54,préfecture,Wawa,75-79,Rural,Hommes,316.0,colonnes
24,54,préfecture,Wawa,75-79,Rural,Femmes,359.0,colonnes
24,54,préfecture,Wawa,75-79,Rural,Ensemble,675.0,colonnes
24,54,préfecture,Wawa,75-79,Total,Hommes,346.0,colonnes
24,54,préfecture,Wawa,75-79,Total,Femmes,386.0,colonnes
24,54,préfecture,Wawa,75-79,Total,Ensemble,732.0,colonnes
24,54,préfecture,Wawa,80-84,Urbain,Hommes,10.0,colonnes
24,54,préfecture,Wawa,80-84,Urbain,Femmes,26.0,colonnes
24,54,préfecture,Wawa,80-84,Urbain,Ensemble,36.0,colonnes
24,54,préfecture,Wawa,80-84,Rural,Hommes,249.0,colonnes
24,54,préfecture,Wawa,80-84,Rural,Femmes,277.0,colonnes
24,54,préfecture,Wawa,80-84,Rural,Ensemble,526.0,colonnes
24,54,préfecture,Wawa,80-84,Total,Hommes,259.0,colonnes
24,54,préfecture,Wawa,80-84,Total,Femmes,303.0,colonnes
24,54,préfecture,Wawa,80-84,Total,Ensemble,562.0,colonnes
24,54,préfecture,Wawa,85 et +,Urbain,Hommes,10.0,colonnes
24,54,préfecture,Wawa,85 et +,Urbain,Femmes,47.0,colonnes
24,54,préfecture,Wawa,85 et +,Urbain,Ensemble,57.0,colonnes
24,54,préfecture,Wawa,85 et +,Rural,Hommes,262.0,colonnes
24,54,préfecture,Wawa,85 et +,Rural,Femmes,320.0,colonnes
24,54,préfecture,Wawa,85 et +,Rural,Ensemble,582.0,colonnes
24,54,préfecture,Wawa,85 et +,Total,Hommes,272.0,colonnes
24,54,préfecture,Wawa,85 et +,Total,Femmes,367.0,colonnes
24,54,préfecture,Wawa,85 et +,Total,Ensemble,639.0,colonnes
24,54,préfecture,Wawa,ND,Urbain,Hommes,2.0,colonnes
24,54,préfecture,Wawa,ND,Urbain,Femmes,1.0,colonnes
24,54,préfecture,Wawa,ND,Urbain,Ensemble,3.0,colonnes
24,54,préfecture,Wawa,ND,Rural,Hommes,40.0,colonnes
24,54,préfecture,Wawa,ND,Rural,Femmes,34.0,colonnes
24,54,préfecture,Wawa,ND,Rural,Ensemble,74.0,colonnes
24,54,préfecture,Wawa,ND,Total,Hommes,42.0,colonnes
24,54,préfecture,Wawa,ND,Total,Femmes,35.0,colonnes
24,54,préfecture,Wawa,ND,Total,Ensemble,77.0,colonnes
24,54,préfecture,Wawa,Total,Urbain,Hommes,5704.0,colonnes
24,54,préfecture,Wawa,Total,Urbain,Femmes,5799.0,colonnes
24,54,préfecture,Wawa,Total,Urbain,Ensemble,11503.0,colonnes
24,54,préfecture,Wawa,Total,Rural,Hommes,45679.0,colonnes
24,54,préfecture,Wawa,Total,Rural,Femmes,44118.0,colonnes
24,54,préfecture,Wawa,Total,Rural,Ensemble,89797.0,colonnes
24,54,préfecture,Wawa,Total,Total,Hommes,51383.0,colonnes
24,54,préfecture,Wawa,Total,Total,Femmes,49917.0,colonnes
24,54,préfecture,Wawa,Total,Total,Ensemble,101300.0,colonnes
25,55,préfecture,Akebou,0,Urbain,Hommes,120.0,colonnes
25,55,préfecture,Akebou,0,Urbain,Femmes,115.0,colonnes
25,55,préfecture,Akebou,0,Urbain,Ensemble,235.0,colonnes
25,55,préfecture,Akebou,0,Rural,Hommes,876.0,colonnes
25,55,préfecture,Akebou,0,Rural,Femmes,846.0,colonnes
25,55,préfecture,Akebou,0,Rural,Ensemble,1722.0,colonnes
25,55,préfecture,Akebou,0,Total,Hommes,996.0,colonnes
25,55,préfecture,Akebou,0,Total,Femmes,961.0,colonnes
25,55,préfecture,Akebou,0,Total,Ensemble,1957.0,colonnes
25,55,préfecture,Akebou,1-4,Urbain,Hommes,446.0,colonnes
25,55,préfecture,Akebou,1-4,Urbain,Femmes,430.0,colonnes
25,55,préfecture,Akebou,1-4,Urbain,Ensemble,876.0,colonnes
25,55,préfecture,Akebou,1-4,Rural,Hommes,4093.0,colonnes
25,55,préfecture,Akebou,1-4,Rural,Femmes,3956.0,colonnes
25,55,préfecture,Akebou,1-4,Rural,Ensemble,8049.0,colonnes
25,55,préfecture,Akebou,1-4,Total,Hommes,4539.0,colonnes
25,55,préfecture,Akebou,1-4,Total,Femmes,4386.0,colonnes
25,55,préfecture,Akebou,1-4,Total,Ensemble,8925.0,colonnes
25,55,préfecture,Akebou,5-9,Urbain,Hommes,562.0,colonnes
25,55,préfecture,Akebou,5-9,Urbain,Femmes,515.0,colonnes
25,55,préfecture,Akebou,5-9,Urbain,Ensemble,1077.0,colonnes
25,55,préfecture,Akebou,5-9,Rural,Hommes,5751.0,colonnes
25,55,préfecture,Akebou,5-9,Rural,Femmes,5529.0,colonnes
25,55,préfecture,Akebou,5-9,Rural,Ensemble,11280.0,colonnes
25,55,préfecture,Akebou,5-9,Total,Hommes,6313.0,colonnes
25,55,préfecture,Akebou,5-9,Total,Femmes,6044.0,colonnes
25,55,préfecture,Akebou,5-9,Total,Ensemble,12357.0,colonnes
25,55,préfecture,Akebou,10-14,Urbain,Hommes,632.0,colonnes
25,55,préfecture,Akebou,10-14,Urbain,Femmes,554.0,colonnes
25,55,préfecture,Akebou,10-14,Urbain,Ensemble,1186.0,colonnes
25,55,préfecture,Akebou,10-14,Rural,Hommes,4718.0,colonnes
25,55,préfecture,Akebou,10-14,Rural,Femmes,3823.0,colonnes
25,55,préfecture,Akebou,10-14,Rural,Ensemble,8541.0,colonnes
25,55,préfecture,Akebou,10-14,Total,Hommes,5350.0,colonnes
25,55,préfecture,Akebou,10-14,Total,Femmes,4377.0,colonnes
25,55,préfecture,Akebou,10-14,Total,Ensemble,9727.0,colonnes
25,55,préfecture,Akebou,15-19,Urbain,Hommes,496.0,colonnes
25,55,préfecture,Akebou,15-19,Urbain,Femmes,520.0,colonnes
25,55,préfecture,Akebou,15-19,Urbain,Ensemble,1016.0,colonnes
25,55,préfecture,Akebou,15-19,Rural,Hommes,2700.0,colonnes
25,55,préfecture,Akebou,15-19,Rural,Femmes,2583.0,colonnes
25,55,préfecture,Akebou,15-19,Rural,Ensemble,5283.0,colonnes
25,55,préfecture,Akebou,15-19,Total,Hommes,3196.0,colonnes
25,55,préfecture,Akebou,15-19,Total,Femmes,3103.0,colonnes
25,55,préfecture,Akebou,15-19,Total,Ensemble,6299.0,colonnes
25,55,préfecture,Akebou,20-24,Urbain,Hommes,322.0,colonnes
25,55,préfecture,Akebou,20-24,Urbain,Femmes,358.0,colonnes
25,55,préfecture,Akebou,20-24,Urbain,Ensemble,680.0,colonnes
25,55,préfecture,Akebou,20-24,Rural,Hommes,2262.0,colonnes
25,55,préfecture,Akebou,20-24,Rural,Femmes,2940.0,colonnes
25,55,préfecture,Akebou,20-24,Rural,Ensemble,5202.0,colonnes
25,55,préfecture,Akebou,20-24,Total,Hommes,2584.0,colonnes
25,55,préfecture,Akebou,20-24,Total,Femmes,3298.0,colonnes
25,55,préfecture,Akebou,20-24,Total,Ensemble,5882.0,colonnes
25,55,préfecture,Akebou,25-29,Urbain,Hommes,218.0,colonnes
25,55,préfecture,Akebou,25-29,Urbain,Femmes,284.0,colonnes
25,55,préfecture,Akebou,25-29,Urbain,Ensemble,502.0,colonnes
25,55,préfecture,Akebou,25-29,Rural,Hommes,2163.0,colonnes
25,55,préfecture,Akebou,25-29,Rural,Femmes,2622.0,colonnes
25,55,préfecture,Akebou,25-29,Rural,Ensemble,4785.0,colonnes
25,55,préfecture,Akebou,25-29,Total,Hommes,2381.0,colonnes
25,55,préfecture,Akebou,25-29,Total,Femmes,2906.0,colonnes
25,55,préfecture,Akebou,25-29,Total,Ensemble,5287.0,colonnes
25,55,préfecture,Akebou,30-34,Urbain,Hommes,287.0,colonnes
25,55,préfecture,Akebou,30-34,Urbain,Femmes,310.0,colonnes
25,55,préfecture,Akebou,30-34,Urbain,Ensemble,597.0,colonnes
25,55,préfecture,Akebou,30-34,Rural,Hommes,2387.0,colonnes
25,55,préfecture,Akebou,30-34,Rural,Femmes,2410.0,colonnes
25,55,préfecture,Akebou,30-34,Rural,Ensemble,4797.0,colonnes
25,55,préfecture,Akebou,30-34,Total,Hommes,2674.0,colonnes
25,55,préfecture,Akebou,30-34,Total,Femmes,2720.0,colonnes
25,55,préfecture,Akebou,30-34,Total,Ensemble,5394.0,colonnes
25,55,préfecture,Akebou,35-39,Urbain,Hommes,261.0,colonnes
25,55,préfecture,Akebou,35-39,Urbain,Femmes,207.0,colonnes
25,55,préfecture,Akebou,35-39,Urbain,Ensemble,468.0,colonnes
25,55,préfecture,Akebou,35-39,Rural,Hommes,2006.0,colonnes
25,55,préfecture,Akebou,35-39,Rural,Femmes,1856.0,colonnes
25,55,préfecture,Akebou,35-39,Rural,Ensemble,3862.0,colonnes
25,55,préfecture,Akebou,35-39,Total,Hommes,2267.0,colonnes
25,55,préfecture,Akebou,35-39,Total,Femmes,2063.0,colonnes
25,55,préfecture,Akebou,35-39,Total,Ensemble,4330.0,colonnes
25,55,préfecture,Akebou,40-44,Urbain,Hommes,170.0,colonnes
25,55,préfecture,Akebou,40-44,Urbain,Femmes,156.0,colonnes
25,55,préfecture,Akebou,40-44,Urbain,Ensemble,326.0,colonnes
25,55,préfecture,Akebou,40-44,Rural,Hommes,1605.0,colonnes
25,55,préfecture,Akebou,40-44,Rural,Femmes,1591.0,colonnes
25,55,préfecture,Akebou,40-44,Rural,Ensemble,3196.0,colonnes
25,55,préfecture,Akebou,40-44,Total,Hommes,1775.0,colonnes
25,55,préfecture,Akebou,40-44,Total,Femmes,1747.0,colonnes
25,55,préfecture,Akebou,40-44,Total,Ensemble,3522.0,colonnes
25,55,préfecture,Akebou,45-49,Urbain,Hommes,108.0,colonnes
25,55,préfecture,Akebou,45-49,Urbain,Femmes,117.0,colonnes
25,55,préfecture,Akebou,45-49,Urbain,Ensemble,225.0,colonnes
25,55,préfecture,Akebou,45-49,Rural,Hommes,1160.0,colonnes
25,55,préfecture,Akebou,45-49,Rural,Femmes,1126.0,colonnes
25,55,préfecture,Akebou,45-49,Rural,Ensemble,2286.0,colonnes
25,55,préfecture,Akebou,45-49,Total,Hommes,1268.0,colonnes
25,55,préfecture,Akebou,45-49,Total,Femmes,1243.0,colonnes
25,55,préfecture,Akebou,45-49,Total,Ensemble,2511.0,colonnes
25,55,préfecture,Akebou,50-54,Urbain,Hommes,105.0,colonnes
25,55,préfecture,Akebou,50-54,Urbain,Femmes,105.0,colonnes
25,55,préfecture,Akebou,50-54,Urbain,Ensemble,210.0,colonnes
25,55,préfecture,Akebou,50-54,Rural,Hommes,1085.0,colonnes
25,55,préfecture,Akebou,50-54,Rural,Femmes,1041.0,colonnes
25,55,préfecture,Akebou,50-54,Rural,Ensemble,2126.0,colonnes
25,55,préfecture,Akebou,50-54,Total,Hommes,1190.0,colonnes
25,55,préfecture,Akebou,50-54,Total,Femmes,1146.0,colonnes
25,55,préfecture,Akebou,50-54,Total,Ensemble,2336.0,colonnes
25,55,préfecture,Akebou,55-59,Urbain,Hommes,67.0,colonnes
25,55,préfecture,Akebou,55-59,Urbain,Femmes,77.0,colonnes
25,55,préfecture,Akebou,55-59,Urbain,Ensemble,144.0,colonnes
25,55,préfecture,Akebou,55-59,Rural,Hommes,869.0,colonnes
25,55,préfecture,Akebou,55-59,Rural,Femmes,627.0,colonnes
25,55,préfecture,Akebou,55-59,Rural,Ensemble,1496.0,colonnes
25,55,préfecture,Akebou,55-59,Total,Hommes,936.0,colonnes
25,55,préfecture,Akebou,55-59,Total,Femmes,704.0,colonnes
25,55,préfecture,Akebou,55-59,Total,Ensemble,1640.0,colonnes
25,55,préfecture,Akebou,60-64,Urbain,Hommes,58.0,colonnes
25,55,préfecture,Akebou,60-64,Urbain,Femmes,76.0,colonnes
25,55,préfecture,Akebou,60-64,Urbain,Ensemble,134.0,colonnes
25,55,préfecture,Akebou,60-64,Rural,Hommes,656.0,colonnes
25,55,préfecture,Akebou,60-64,Rural,Femmes,591.0,colonnes
25,55,préfecture,Akebou,60-64,Rural,Ensemble,1247.0,colonnes
25,55,préfecture,Akebou,60-64,Total,Hommes,714.0,colonnes
25,55,préfecture,Akebou,60-64,Total,Femmes,667.0,colonnes
25,55,préfecture,Akebou,60-64,Total,Ensemble,1381.0,colonnes
25,55,préfecture,Akebou,65-69,Urbain,Hommes,32.0,colonnes
25,55,préfecture,Akebou,65-69,Urbain,Femmes,51.0,colonnes
25,55,préfecture,Akebou,65-69,Urbain,Ensemble,83.0,colonnes
25,55,préfecture,Akebou,65-69,Rural,Hommes,296.0,colonnes
25,55,préfecture,Akebou,65-69,Rural,Femmes,321.0,colonnes
25,55,préfecture,Akebou,65-69,Rural,Ensemble,617.0,colonnes
25,55,préfecture,Akebou,65-69,Total,Hommes,328.0,colonnes
25,55,préfecture,Akebou,65-69,Total,Femmes,372.0,colonnes
25,55,préfecture,Akebou,65-69,Total,Ensemble,700.0,colonnes
25,55,préfecture,Akebou,70-74,Urbain,Hommes,20.0,colonnes
25,55,préfecture,Akebou,70-74,Urbain,Femmes,32.0,colonnes
25,55,préfecture,Akebou,70-74,Urbain,Ensemble,52.0,colonnes
25,55,préfecture,Akebou,70-74,Rural,Hommes,257.0,colonnes
25,55,préfecture,Akebou,70-74,Rural,Femmes,276.0,colonnes
25,55,préfecture,Akebou,70-74,Rural,Ensemble,533.0,colonnes
25,55,préfecture,Akebou,70-74,Total,Hommes,277.0,colonnes
25,55,préfecture,Akebou,70-74,Total,Femmes,308.0,colonnes
25,55,préfecture,Akebou,70-74,Total,Ensemble,585.0,colonnes
25,55,préfecture,Akebou,75-79,Urbain,Hommes,6.0,colonnes
25,55,préfecture,Akebou,75-79,Urbain,Femmes,20.0,colonnes
25,55,préfecture,Akebou,75-79,Urbain,Ensemble,26.0,colonnes
25,55,préfecture,Akebou,75-79,Rural,Hommes,137.0,colonnes
25,55,préfecture,Akebou,75-79,Rural,Femmes,148.0,colonnes
25,55,préfecture,Akebou,75-79,Rural,Ensemble,285.0,colonnes
25,55,préfecture,Akebou,75-79,Total,Hommes,143.0,colonnes
25,55,préfecture,Akebou,75-79,Total,Femmes,168.0,colonnes
25,55,préfecture,Akebou,75-79,Total,Ensemble,311.0,colonnes
25,55,préfecture,Akebou,80-84,Urbain,Hommes,11.0,colonnes
25,55,préfecture,Akebou,80-84,Urbain,Femmes,20.0,colonnes
25,55,préfecture,Akebou,80-84,Urbain,Ensemble,31.0,colonnes
25,55,préfecture,Akebou,80-84,Rural,Hommes,111.0,colonnes
25,55,préfecture,Akebou,80-84,Rural,Femmes,131.0,colonnes
25,55,préfecture,Akebou,80-84,Rural,Ensemble,242.0,colonnes
25,55,préfecture,Akebou,80-84,Total,Hommes,122.0,colonnes
25,55,préfecture,Akebou,80-84,Total,Femmes,151.0,colonnes
25,55,préfecture,Akebou,80-84,Total,Ensemble,273.0,colonnes
25,55,préfecture,Akebou,85 et +,Urbain,Hommes,11.0,colonnes
25,55,préfecture,Akebou,85 et +,Urbain,Femmes,10.0,colonnes
25,55,préfecture,Akebou,85 et +,Urbain,Ensemble,21.0,colonnes
25,55,préfecture,Akebou,85 et +,Rural,Hommes,117.0,colonnes
25,55,préfecture,Akebou,85 et +,Rural,Femmes,188.0,colonnes
25,55,préfecture,Akebou,85 et +,Rural,Ensemble,305.0,colonnes
25,55,préfecture,Akebou,85 et +,Total,Hommes,128.0,colonnes
25,55,préfecture,Akebou,85 et +,Total,Femmes,198.0,colonnes
25,55,préfecture,Akebou,85 et +,Total,Ensemble,326.0,colonnes
25,55,préfecture,Akebou,ND,Urbain,Hommes,20.0,colonnes
25,55,préfecture,Akebou,ND,Urbain,Femmes,9.0,colonnes
25,55,préfecture,Akebou,ND,Urbain,Ensemble,29.0,colonnes
25,55,préfecture,Akebou,ND,Rural,Hommes,35.0,colonnes
25,55,préfecture,Akebou,ND,Rural,Femmes,23.0,colonnes
25,55,préfecture,Akebou,ND,Rural,Ensemble,58.0,colonnes
25,55,préfecture,Akebou,ND,Total,Hommes,55.0,colonnes
25,55,préfecture,Akebou,ND,Total,Femmes,32.0,colonnes
25,55,préfecture,Akebou,ND,Total,Ensemble,87.0,colonnes
25,55,préfecture,Akebou,Total,Urbain,Hommes,3952.0,colonnes
25,55,préfecture,Akebou,Total,Urbain,Femmes,3966.0,colonnes
25,55,préfecture,Akebou,Total,Urbain,Ensemble,7918.0,colonnes
25,55,préfecture,Akebou,Total,Rural,Hommes,33284.0,colonnes
25,55,préfecture,Akebou,Total,Rural,Femmes,32628.0,colonnes
25,55,préfecture,Akebou,Total,Rural,Ensemble,65912.0,colonnes
25,55,préfecture,Akebou,Total,Total,Hommes,37236.0,colonnes
25,55,préfecture,Akebou,Total,Total,Femmes,36594.0,colonnes
25,55,préfecture,Akebou,Total,Total,Ensemble,73830.0,colonnes
26,56,préfecture,Amou,0,Urbain,Hommes,102.0,colonnes
26,56,préfecture,Amou,0,Urbain,Femmes,109.0,colonnes
26,56,préfecture,Amou,0,Urbain,Ensemble,211.0,colonnes
26,56,préfecture,Amou,0,Rural,Hommes,1425.0,colonnes
26,56,préfecture,Amou,0,Rural,Femmes,1447.0,colonnes
26,56,préfecture,Amou,0,Rural,Ensemble,2872.0,colonnes
26,56,préfecture,Amou,0,Total,Hommes,1527.0,colonnes
26,56,préfecture,Amou,0,Total,Femmes,1556.0,colonnes
26,56,préfecture,Amou,0,Total,Ensemble,3083.0,colonnes
26,56,préfecture,Amou,1-4,Urbain,Hommes,369.0,colonnes
26,56,préfecture,Amou,1-4,Urbain,Femmes,373.0,colonnes
26,56,préfecture,Amou,1-4,Urbain,Ensemble,742.0,colonnes
26,56,préfecture,Amou,1-4,Rural,Hommes,6168.0,colonnes
26,56,préfecture,Amou,1-4,Rural,Femmes,5792.0,colonnes
26,56,préfecture,Amou,1-4,Rural,Ensemble,11960.0,colonnes
26,56,préfecture,Amou,1-4,Total,Hommes,6537.0,colonnes
26,56,préfecture,Amou,1-4,Total,Femmes,6165.0,colonnes
26,56,préfecture,Amou,1-4,Total,Ensemble,12702.0,colonnes
26,56,préfecture,Amou,5-9,Urbain,Hommes,501.0,colonnes
26,56,préfecture,Amou,5-9,Urbain,Femmes,487.0,colonnes
26,56,préfecture,Amou,5-9,Urbain,Ensemble,988.0,colonnes
26,56,préfecture,Amou,5-9,Rural,Hommes,8206.0,colonnes
26,56,préfecture,Amou,5-9,Rural,Femmes,7674.0,colonnes
26,56,préfecture,Amou,5-9,Rural,Ensemble,15880.0,colonnes
26,56,préfecture,Amou,5-9,Total,Hommes,8707.0,colonnes
26,56,préfecture,Amou,5-9,Total,Femmes,8161.0,colonnes
26,56,préfecture,Amou,5-9,Total,Ensemble,16868.0,colonnes
26,56,préfecture,Amou,10-14,Urbain,Hommes,661.0,colonnes
26,56,préfecture,Amou,10-14,Urbain,Femmes,657.0,colonnes
26,56,préfecture,Amou,10-14,Urbain,Ensemble,1318.0,colonnes
26,56,préfecture,Amou,10-14,Rural,Hommes,7579.0,colonnes
26,56,préfecture,Amou,10-14,Rural,Femmes,6663.0,colonnes
26,56,préfecture,Amou,10-14,Rural,Ensemble,14242.0,colonnes
26,56,préfecture,Amou,10-14,Total,Hommes,8240.0,colonnes
26,56,préfecture,Amou,10-14,Total,Femmes,7320.0,colonnes
26,56,préfecture,Amou,10-14,Total,Ensemble,15560.0,colonnes
26,56,préfecture,Amou,15-19,Urbain,Hommes,494.0,colonnes
26,56,préfecture,Amou,15-19,Urbain,Femmes,468.0,colonnes
26,56,préfecture,Amou,15-19,Urbain,Ensemble,962.0,colonnes
26,56,préfecture,Amou,15-19,Rural,Hommes,4958.0,colonnes
26,56,préfecture,Amou,15-19,Rural,Femmes,4429.0,colonnes
26,56,préfecture,Amou,15-19,Rural,Ensemble,9387.0,colonnes
26,56,préfecture,Amou,15-19,Total,Hommes,5452.0,colonnes
26,56,préfecture,Amou,15-19,Total,Femmes,4897.0,colonnes
26,56,préfecture,Amou,15-19,Total,Ensemble,10349.0,colonnes
26,56,préfecture,Amou,20-24,Urbain,Hommes,272.0,colonnes
26,56,préfecture,Amou,20-24,Urbain,Femmes,332.0,colonnes
26,56,préfecture,Amou,20-24,Urbain,Ensemble,604.0,colonnes
26,56,préfecture,Amou,20-24,Rural,Hommes,3145.0,colonnes
26,56,préfecture,Amou,20-24,Rural,Femmes,3823.0,colonnes
26,56,préfecture,Amou,20-24,Rural,Ensemble,6968.0,colonnes
26,56,préfecture,Amou,20-24,Total,Hommes,3417.0,colonnes
26,56,préfecture,Amou,20-24,Total,Femmes,4155.0,colonnes
26,56,préfecture,Amou,20-24,Total,Ensemble,7572.0,colonnes
26,56,préfecture,Amou,25-29,Urbain,Hommes,223.0,colonnes
26,56,préfecture,Amou,25-29,Urbain,Femmes,247.0,colonnes
26,56,préfecture,Amou,25-29,Urbain,Ensemble,470.0,colonnes
26,56,préfecture,Amou,25-29,Rural,Hommes,2755.0,colonnes
26,56,préfecture,Amou,25-29,Rural,Femmes,3389.0,colonnes
26,56,préfecture,Amou,25-29,Rural,Ensemble,6144.0,colonnes
26,56,préfecture,Amou,25-29,Total,Hommes,2978.0,colonnes
26,56,préfecture,Amou,25-29,Total,Femmes,3636.0,colonnes
26,56,préfecture,Amou,25-29,Total,Ensemble,6614.0,colonnes
26,56,préfecture,Amou,30-34,Urbain,Hommes,233.0,colonnes
26,56,préfecture,Amou,30-34,Urbain,Femmes,235.0,colonnes
26,56,préfecture,Amou,30-34,Urbain,Ensemble,468.0,colonnes
26,56,préfecture,Amou,30-34,Rural,Hommes,3142.0,colonnes
26,56,préfecture,Amou,30-34,Rural,Femmes,3417.0,colonnes
26,56,préfecture,Amou,30-34,Rural,Ensemble,6559.0,colonnes
26,56,préfecture,Amou,30-34,Total,Hommes,3375.0,colonnes
26,56,préfecture,Amou,30-34,Total,Femmes,3652.0,colonnes
26,56,préfecture,Amou,30-34,Total,Ensemble,7027.0,colonnes
26,56,préfecture,Amou,35-39,Urbain,Hommes,199.0,colonnes
26,56,préfecture,Amou,35-39,Urbain,Femmes,252.0,colonnes
26,56,préfecture,Amou,35-39,Urbain,Ensemble,451.0,colonnes
26,56,préfecture,Amou,35-39,Rural,Hommes,2949.0,colonnes
26,56,préfecture,Amou,35-39,Rural,Femmes,3253.0,colonnes
26,56,préfecture,Amou,35-39,Rural,Ensemble,6202.0,colonnes
26,56,préfecture,Amou,35-39,Total,Hommes,3148.0,colonnes
26,56,préfecture,Amou,35-39,Total,Femmes,3505.0,colonnes
26,56,préfecture,Amou,35-39,Total,Ensemble,6653.0,colonnes
26,56,préfecture,Amou,40-44,Urbain,Hommes,147.0,colonnes
26,56,préfecture,Amou,40-44,Urbain,Femmes,160.0,colonnes
26,56,préfecture,Amou,40-44,Urbain,Ensemble,307.0,colonnes
26,56,préfecture,Amou,40-44,Rural,Hommes,2467.0,colonnes
26,56,préfecture,Amou,40-44,Rural,Femmes,2848.0,colonnes
26,56,préfecture,Amou,40-44,Rural,Ensemble,5315.0,colonnes
26,56,préfecture,Amou,40-44,Total,Hommes,2614.0,colonnes
26,56,préfecture,Amou,40-44,Total,Femmes,3008.0,colonnes
26,56,préfecture,Amou,40-44,Total,Ensemble,5622.0,colonnes
26,56,préfecture,Amou,45-49,Urbain,Hommes,170.0,colonnes
26,56,préfecture,Amou,45-49,Urbain,Femmes,179.0,colonnes
26,56,préfecture,Amou,45-49,Urbain,Ensemble,349.0,colonnes
26,56,préfecture,Amou,45-49,Rural,Hommes,2242.0,colonnes
26,56,préfecture,Amou,45-49,Rural,Femmes,2260.0,colonnes
26,56,préfecture,Amou,45-49,Rural,Ensemble,4502.0,colonnes
26,56,préfecture,Amou,45-49,Total,Hommes,2412.0,colonnes
26,56,préfecture,Amou,45-49,Total,Femmes,2439.0,colonnes
26,56,préfecture,Amou,45-49,Total,Ensemble,4851.0,colonnes
26,56,préfecture,Amou,50-54,Urbain,Hommes,148.0,colonnes
26,56,préfecture,Amou,50-54,Urbain,Femmes,163.0,colonnes
26,56,préfecture,Amou,50-54,Urbain,Ensemble,311.0,colonnes
26,56,préfecture,Amou,50-54,Rural,Hommes,2213.0,colonnes
26,56,préfecture,Amou,50-54,Rural,Femmes,2331.0,colonnes
26,56,préfecture,Amou,50-54,Rural,Ensemble,4544.0,colonnes
26,56,préfecture,Amou,50-54,Total,Hommes,2361.0,colonnes
26,56,préfecture,Amou,50-54,Total,Femmes,2494.0,colonnes
26,56,préfecture,Amou,50-54,Total,Ensemble,4855.0,colonnes
26,56,préfecture,Amou,55-59,Urbain,Hommes,133.0,colonnes
26,56,préfecture,Amou,55-59,Urbain,Femmes,117.0,colonnes
26,56,préfecture,Amou,55-59,Urbain,Ensemble,250.0,colonnes
26,56,préfecture,Amou,55-59,Rural,Hommes,1759.0,colonnes
26,56,préfecture,Amou,55-59,Rural,Femmes,1692.0,colonnes
26,56,préfecture,Amou,55-59,Rural,Ensemble,3451.0,colonnes
26,56,préfecture,Amou,55-59,Total,Hommes,1892.0,colonnes
26,56,préfecture,Amou,55-59,Total,Femmes,1809.0,colonnes
26,56,préfecture,Amou,55-59,Total,Ensemble,3701.0,colonnes
26,56,préfecture,Amou,60-64,Urbain,Hommes,87.0,colonnes
26,56,préfecture,Amou,60-64,Urbain,Femmes,119.0,colonnes
26,56,préfecture,Amou,60-64,Urbain,Ensemble,206.0,colonnes
26,56,préfecture,Amou,60-64,Rural,Hommes,1303.0,colonnes
26,56,préfecture,Amou,60-64,Rural,Femmes,1485.0,colonnes
26,56,préfecture,Amou,60-64,Rural,Ensemble,2788.0,colonnes
26,56,préfecture,Amou,60-64,Total,Hommes,1390.0,colonnes
26,56,préfecture,Amou,60-64,Total,Femmes,1604.0,colonnes
26,56,préfecture,Amou,60-64,Total,Ensemble,2994.0,colonnes
26,56,préfecture,Amou,65-69,Urbain,Hommes,52.0,colonnes
26,56,préfecture,Amou,65-69,Urbain,Femmes,58.0,colonnes
26,56,préfecture,Amou,65-69,Urbain,Ensemble,110.0,colonnes
26,56,préfecture,Amou,65-69,Rural,Hommes,814.0,colonnes
26,56,préfecture,Amou,65-69,Rural,Femmes,855.0,colonnes
26,56,préfecture,Amou,65-69,Rural,Ensemble,1669.0,colonnes
26,56,préfecture,Amou,65-69,Total,Hommes,866.0,colonnes
26,56,préfecture,Amou,65-69,Total,Femmes,913.0,colonnes
26,56,préfecture,Amou,65-69,Total,Ensemble,1779.0,colonnes
26,56,préfecture,Amou,70-74,Urbain,Hommes,41.0,colonnes
26,56,préfecture,Amou,70-74,Urbain,Femmes,43.0,colonnes
26,56,préfecture,Amou,70-74,Urbain,Ensemble,84.0,colonnes
26,56,préfecture,Amou,70-74,Rural,Hommes,547.0,colonnes
26,56,préfecture,Amou,70-74,Rural,Femmes,790.0,colonnes
26,56,préfecture,Amou,70-74,Rural,Ensemble,1337.0,colonnes
26,56,préfecture,Amou,70-74,Total,Hommes,588.0,colonnes
26,56,préfecture,Amou,70-74,Total,Femmes,833.0,colonnes
26,56,préfecture,Amou,70-74,Total,Ensemble,1421.0,colonnes
26,56,préfecture,Amou,75-79,Urbain,Hommes,16.0,colonnes
26,56,préfecture,Amou,75-79,Urbain,Femmes,31.0,colonnes
26,56,préfecture,Amou,75-79,Urbain,Ensemble,47.0,colonnes
26,56,préfecture,Amou,75-79,Rural,Hommes,316.0,colonnes
26,56,préfecture,Amou,75-79,Rural,Femmes,394.0,colonnes
26,56,préfecture,Amou,75-79,Rural,Ensemble,710.0,colonnes
26,56,préfecture,Amou,75-79,Total,Hommes,332.0,colonnes
26,56,préfecture,Amou,75-79,Total,Femmes,425.0,colonnes
26,56,préfecture,Amou,75-79,Total,Ensemble,757.0,colonnes
26,56,préfecture,Amou,80-84,Urbain,Hommes,16.0,colonnes
26,56,préfecture,Amou,80-84,Urbain,Femmes,24.0,colonnes
26,56,préfecture,Amou,80-84,Urbain,Ensemble,40.0,colonnes
26,56,préfecture,Amou,80-84,Rural,Hommes,230.0,colonnes
26,56,préfecture,Amou,80-84,Rural,Femmes,323.0,colonnes
26,56,préfecture,Amou,80-84,Rural,Ensemble,553.0,colonnes
26,56,préfecture,Amou,80-84,Total,Hommes,246.0,colonnes
26,56,préfecture,Amou,80-84,Total,Femmes,347.0,colonnes
26,56,préfecture,Amou,80-84,Total,Ensemble,593.0,colonnes
26,56,préfecture,Amou,85 et +,Urbain,Hommes,13.0,colonnes
26,56,préfecture,Amou,85 et +,Urbain,Femmes,45.0,colonnes
26,56,préfecture,Amou,85 et +,Urbain,Ensemble,58.0,colonnes
26,56,préfecture,Amou,85 et +,Rural,Hommes,277.0,colonnes
26,56,préfecture,Amou,85 et +,Rural,Femmes,482.0,colonnes
26,56,préfecture,Amou,85 et +,Rural,Ensemble,759.0,colonnes
26,56,préfecture,Amou,85 et +,Total,Hommes,290.0,colonnes
26,56,préfecture,Amou,85 et +,Total,Femmes,527.0,colonnes
26,56,préfecture,Amou,85 et +,Total,Ensemble,817.0,colonnes
26,56,préfecture,Amou,ND,Urbain,Hommes,8.0,colonnes
26,56,préfecture,Amou,ND,Urbain,Femmes,12.0,colonnes
26,56,préfecture,Amou,ND,Urbain,Ensemble,20.0,colonnes
26,56,préfecture,Amou,ND,Rural,Hommes,163.0,colonnes
26,56,préfecture,Amou,ND,Rural,Femmes,171.0,colonnes
26,56,préfecture,Amou,ND,Rural,Ensemble,334.0,colonnes
26,56,préfecture,Amou,ND,Total,Hommes,171.0,colonnes
26,56,préfecture,Amou,ND,Total,Femmes,183.0,colonnes
26,56,préfecture,Amou,ND,Total,Ensemble,354.0,colonnes
26,56,préfecture,Amou,Total,Urbain,Hommes,3885.0,colonnes
26,56,préfecture,Amou,Total,Urbain,Femmes,4111.0,colonnes
26,56,préfecture,Amou,Total,Urbain,Ensemble,7996.0,colonnes
26,56,préfecture,Amou,Total,Rural,Hommes,52658.0,colonnes
26,56,préfecture,Amou,Total,Rural,Femmes,53518.0,colonnes
26,56,préfecture,Amou,Total,Rural,Ensemble,106176.0,colonnes
26,56,préfecture,Amou,Total,Total,Hommes,56543.0,colonnes
26,56,préfecture,Amou,Total,Total,Femmes,57629.0,colonnes
26,56,préfecture,Amou,Total,Total,Ensemble,114172.0,colonnes
27,57,préfecture,Anié,0,Urbain,Hommes,830.0,colonnes
27,57,préfecture,Anié,0,Urbain,Femmes,840.0,colonnes
27,57,préfecture,Anié,0,Urbain,Ensemble,1670.0,colonnes
27,57,préfecture,Anié,0,Rural,Hommes,2006.0,colonnes
27,57,préfecture,Anié,0,Rural,Femmes,1968.0,colonnes
27,57,préfecture,Anié,0,Rural,Ensemble,3974.0,colonnes
27,57,préfecture,Anié,0,Total,Hommes,2836.0,colonnes
27,57,préfecture,Anié,0,Total,Femmes,2808.0,colonnes
27,57,préfecture,Anié,0,Total,Ensemble,5644.0,colonnes
27,57,préfecture,Anié,1-4,Urbain,Hommes,3338.0,colonnes
27,57,préfecture,Anié,1-4,Urbain,Femmes,3075.0,colonnes
27,57,préfecture,Anié,1-4,Urbain,Ensemble,6413.0,colonnes
27,57,préfecture,Anié,1-4,Rural,Hommes,8564.0,colonnes
27,57,préfecture,Anié,1-4,Rural,Femmes,8143.0,colonnes
27,57,préfecture,Anié,1-4,Rural,Ensemble,16707.0,colonnes
27,57,préfecture,Anié,1-4,Total,Hommes,11902.0,colonnes
27,57,préfecture,Anié,1-4,Total,Femmes,11218.0,colonnes
27,57,préfecture,Anié,1-4,Total,Ensemble,23120.0,colonnes
27,57,préfecture,Anié,5-9,Urbain,Hommes,4445.0,colonnes
27,57,préfecture,Anié,5-9,Urbain,Femmes,4544.0,colonnes
27,57,préfecture,Anié,5-9,Urbain,Ensemble,8989.0,colonnes
27,57,préfecture,Anié,5-9,Rural,Hommes,10751.0,colonnes
27,57,préfecture,Anié,5-9,Rural,Femmes,10345.0,colonnes
27,57,préfecture,Anié,5-9,Rural,Ensemble,21096.0,colonnes
27,57,préfecture,Anié,5-9,Total,Hommes,15196.0,colonnes
27,57,préfecture,Anié,5-9,Total,Femmes,14889.0,colonnes
27,57,préfecture,Anié,5-9,Total,Ensemble,30085.0,colonnes
27,57,préfecture,Anié,10-14,Urbain,Hommes,4283.0,colonnes
27,57,préfecture,Anié,10-14,Urbain,Femmes,4223.0,colonnes
27,57,préfecture,Anié,10-14,Urbain,Ensemble,8506.0,colonnes
27,57,préfecture,Anié,10-14,Rural,Hommes,8428.0,colonnes
27,57,préfecture,Anié,10-14,Rural,Femmes,7111.0,colonnes
27,57,préfecture,Anié,10-14,Rural,Ensemble,15539.0,colonnes
27,57,préfecture,Anié,10-14,Total,Hommes,12711.0,colonnes
27,57,préfecture,Anié,10-14,Total,Femmes,11334.0,colonnes
27,57,préfecture,Anié,10-14,Total,Ensemble,24045.0,colonnes
27,57,préfecture,Anié,15-19,Urbain,Hommes,3953.0,colonnes
27,57,préfecture,Anié,15-19,Urbain,Femmes,3729.0,colonnes
27,57,préfecture,Anié,15-19,Urbain,Ensemble,7682.0,colonnes
27,57,préfecture,Anié,15-19,Rural,Hommes,5501.0,colonnes
27,57,préfecture,Anié,15-19,Rural,Femmes,4696.0,colonnes
27,57,préfecture,Anié,15-19,Rural,Ensemble,10197.0,colonnes
27,57,préfecture,Anié,15-19,Total,Hommes,9454.0,colonnes
27,57,préfecture,Anié,15-19,Total,Femmes,8425.0,colonnes
27,57,préfecture,Anié,15-19,Total,Ensemble,17879.0,colonnes
27,57,préfecture,Anié,20-24,Urbain,Hommes,2525.0,colonnes
27,57,préfecture,Anié,20-24,Urbain,Femmes,2829.0,colonnes
27,57,préfecture,Anié,20-24,Urbain,Ensemble,5354.0,colonnes
27,57,préfecture,Anié,20-24,Rural,Hommes,4135.0,colonnes
27,57,préfecture,Anié,20-24,Rural,Femmes,5125.0,colonnes
27,57,préfecture,Anié,20-24,Rural,Ensemble,9260.0,colonnes
27,57,préfecture,Anié,20-24,Total,Hommes,6660.0,colonnes
27,57,préfecture,Anié,20-24,Total,Femmes,7954.0,colonnes
27,57,préfecture,Anié,20-24,Total,Ensemble,14614.0,colonnes
27,57,préfecture,Anié,25-29,Urbain,Hommes,1900.0,colonnes
27,57,préfecture,Anié,25-29,Urbain,Femmes,2418.0,colonnes
27,57,préfecture,Anié,25-29,Urbain,Ensemble,4318.0,colonnes
27,57,préfecture,Anié,25-29,Rural,Hommes,3647.0,colonnes
27,57,préfecture,Anié,25-29,Rural,Femmes,4683.0,colonnes
27,57,préfecture,Anié,25-29,Rural,Ensemble,8330.0,colonnes
27,57,préfecture,Anié,25-29,Total,Hommes,5547.0,colonnes
27,57,préfecture,Anié,25-29,Total,Femmes,7101.0,colonnes
27,57,préfecture,Anié,25-29,Total,Ensemble,12648.0,colonnes
27,57,préfecture,Anié,30-34,Urbain,Hommes,1885.0,colonnes
27,57,préfecture,Anié,30-34,Urbain,Femmes,2308.0,colonnes
27,57,préfecture,Anié,30-34,Urbain,Ensemble,4193.0,colonnes
27,57,préfecture,Anié,30-34,Rural,Hommes,3808.0,colonnes
27,57,préfecture,Anié,30-34,Rural,Femmes,4181.0,colonnes
27,57,préfecture,Anié,30-34,Rural,Ensemble,7989.0,colonnes
27,57,préfecture,Anié,30-34,Total,Hommes,5693.0,colonnes
27,57,préfecture,Anié,30-34,Total,Femmes,6489.0,colonnes
27,57,préfecture,Anié,30-34,Total,Ensemble,12182.0,colonnes
27,57,préfecture,Anié,35-39,Urbain,Hommes,1795.0,colonnes
27,57,préfecture,Anié,35-39,Urbain,Femmes,1827.0,colonnes
27,57,préfecture,Anié,35-39,Urbain,Ensemble,3622.0,colonnes
27,57,préfecture,Anié,35-39,Rural,Hommes,3263.0,colonnes
27,57,préfecture,Anié,35-39,Rural,Femmes,3314.0,colonnes
27,57,préfecture,Anié,35-39,Rural,Ensemble,6577.0,colonnes
27,57,préfecture,Anié,35-39,Total,Hommes,5058.0,colonnes
27,57,préfecture,Anié,35-39,Total,Femmes,5141.0,colonnes
27,57,préfecture,Anié,35-39,Total,Ensemble,10199.0,colonnes
27,57,préfecture,Anié,40-44,Urbain,Hommes,1365.0,colonnes
27,57,préfecture,Anié,40-44,Urbain,Femmes,1410.0,colonnes
27,57,préfecture,Anié,40-44,Urbain,Ensemble,2775.0,colonnes
27,57,préfecture,Anié,40-44,Rural,Hommes,2661.0,colonnes
27,57,préfecture,Anié,40-44,Rural,Femmes,2664.0,colonnes
27,57,préfecture,Anié,40-44,Rural,Ensemble,5325.0,colonnes
27,57,préfecture,Anié,40-44,Total,Hommes,4026.0,colonnes
27,57,préfecture,Anié,40-44,Total,Femmes,4074.0,colonnes
27,57,préfecture,Anié,40-44,Total,Ensemble,8100.0,colonnes
27,57,préfecture,Anié,45-49,Urbain,Hommes,1041.0,colonnes
27,57,préfecture,Anié,45-49,Urbain,Femmes,1050.0,colonnes
27,57,préfecture,Anié,45-49,Urbain,Ensemble,2091.0,colonnes
27,57,préfecture,Anié,45-49,Rural,Hommes,1840.0,colonnes
27,57,préfecture,Anié,45-49,Rural,Femmes,1720.0,colonnes
27,57,préfecture,Anié,45-49,Rural,Ensemble,3560.0,colonnes
27,57,préfecture,Anié,45-49,Total,Hommes,2881.0,colonnes
27,57,préfecture,Anié,45-49,Total,Femmes,2770.0,colonnes
27,57,préfecture,Anié,45-49,Total,Ensemble,5651.0,colonnes
27,57,préfecture,Anié,50-54,Urbain,Hommes,859.0,colonnes
27,57,préfecture,Anié,50-54,Urbain,Femmes,829.0,colonnes
27,57,préfecture,Anié,50-54,Urbain,Ensemble,1688.0,colonnes
27,57,préfecture,Anié,50-54,Rural,Hommes,1635.0,colonnes
27,57,préfecture,Anié,50-54,Rural,Femmes,1685.0,colonnes
27,57,préfecture,Anié,50-54,Rural,Ensemble,3320.0,colonnes
27,57,préfecture,Anié,50-54,Total,Hommes,2494.0,colonnes
27,57,préfecture,Anié,50-54,Total,Femmes,2514.0,colonnes
27,57,préfecture,Anié,50-54,Total,Ensemble,5008.0,colonnes
27,57,préfecture,Anié,55-59,Urbain,Hommes,673.0,colonnes
27,57,préfecture,Anié,55-59,Urbain,Femmes,528.0,colonnes
27,57,préfecture,Anié,55-59,Urbain,Ensemble,1201.0,colonnes
27,57,préfecture,Anié,55-59,Rural,Hommes,1173.0,colonnes
27,57,préfecture,Anié,55-59,Rural,Femmes,995.0,colonnes
27,57,préfecture,Anié,55-59,Rural,Ensemble,2168.0,colonnes
27,57,préfecture,Anié,55-59,Total,Hommes,1846.0,colonnes
27,57,préfecture,Anié,55-59,Total,Femmes,1523.0,colonnes
27,57,préfecture,Anié,55-59,Total,Ensemble,3369.0,colonnes
27,57,préfecture,Anié,60-64,Urbain,Hommes,497.0,colonnes
27,57,préfecture,Anié,60-64,Urbain,Femmes,462.0,colonnes
27,57,préfecture,Anié,60-64,Urbain,Ensemble,959.0,colonnes
27,57,préfecture,Anié,60-64,Rural,Hommes,994.0,colonnes
27,57,préfecture,Anié,60-64,Rural,Femmes,984.0,colonnes
27,57,préfecture,Anié,60-64,Rural,Ensemble,1978.0,colonnes
27,57,préfecture,Anié,60-64,Total,Hommes,1491.0,colonnes
27,57,préfecture,Anié,60-64,Total,Femmes,1446.0,colonnes
27,57,préfecture,Anié,60-64,Total,Ensemble,2937.0,colonnes
27,57,préfecture,Anié,65-69,Urbain,Hommes,223.0,colonnes
27,57,préfecture,Anié,65-69,Urbain,Femmes,275.0,colonnes
27,57,préfecture,Anié,65-69,Urbain,Ensemble,498.0,colonnes
27,57,préfecture,Anié,65-69,Rural,Hommes,474.0,colonnes
27,57,préfecture,Anié,65-69,Rural,Femmes,528.0,colonnes
27,57,préfecture,Anié,65-69,Rural,Ensemble,1002.0,colonnes
27,57,préfecture,Anié,65-69,Total,Hommes,697.0,colonnes
27,57,préfecture,Anié,65-69,Total,Femmes,803.0,colonnes
27,57,préfecture,Anié,65-69,Total,Ensemble,1500.0,colonnes
27,57,préfecture,Anié,70-74,Urbain,Hommes,149.0,colonnes
27,57,préfecture,Anié,70-74,Urbain,Femmes,199.0,colonnes
27,57,préfecture,Anié,70-74,Urbain,Ensemble,348.0,colonnes
27,57,préfecture,Anié,70-74,Rural,Hommes,373.0,colonnes
27,57,préfecture,Anié,70-74,Rural,Femmes,379.0,colonnes
27,57,préfecture,Anié,70-74,Rural,Ensemble,752.0,colonnes
27,57,préfecture,Anié,70-74,Total,Hommes,522.0,colonnes
27,57,préfecture,Anié,70-74,Total,Femmes,578.0,colonnes
27,57,préfecture,Anié,70-74,Total,Ensemble,1100.0,colonnes
27,57,préfecture,Anié,75-79,Urbain,Hommes,69.0,colonnes
27,57,préfecture,Anié,75-79,Urbain,Femmes,112.0,colonnes
27,57,préfecture,Anié,75-79,Urbain,Ensemble,181.0,colonnes
27,57,préfecture,Anié,75-79,Rural,Hommes,178.0,colonnes
27,57,préfecture,Anié,75-79,Rural,Femmes,214.0,colonnes
27,57,préfecture,Anié,75-79,Rural,Ensemble,392.0,colonnes
27,57,préfecture,Anié,75-79,Total,Hommes,247.0,colonnes
27,57,préfecture,Anié,75-79,Total,Femmes,326.0,colonnes
27,57,préfecture,Anié,75-79,Total,Ensemble,573.0,colonnes
27,57,préfecture,Anié,80-84,Urbain,Hommes,49.0,colonnes
27,57,préfecture,Anié,80-84,Urbain,Femmes,116.0,colonnes
27,57,préfecture,Anié,80-84,Urbain,Ensemble,165.0,colonnes
27,57,préfecture,Anié,80-84,Rural,Hommes,164.0,colonnes
27,57,préfecture,Anié,80-84,Rural,Femmes,176.0,colonnes
27,57,préfecture,Anié,80-84,Rural,Ensemble,340.0,colonnes
27,57,préfecture,Anié,80-84,Total,Hommes,213.0,colonnes
27,57,préfecture,Anié,80-84,Total,Femmes,292.0,colonnes
27,57,préfecture,Anié,80-84,Total,Ensemble,505.0,colonnes
27,57,préfecture,Anié,85 et +,Urbain,Hommes,54.0,colonnes
27,57,préfecture,Anié,85 et +,Urbain,Femmes,112.0,colonnes
27,57,préfecture,Anié,85 et +,Urbain,Ensemble,166.0,colonnes
27,57,préfecture,Anié,85 et +,Rural,Hommes,142.0,colonnes
27,57,préfecture,Anié,85 et +,Rural,Femmes,239.0,colonnes
27,57,préfecture,Anié,85 et +,Rural,Ensemble,381.0,colonnes
27,57,préfecture,Anié,85 et +,Total,Hommes,196.0,colonnes
27,57,préfecture,Anié,85 et +,Total,Femmes,351.0,colonnes
27,57,préfecture,Anié,85 et +,Total,Ensemble,547.0,colonnes
27,57,préfecture,Anié,ND,Urbain,Hommes,113.0,colonnes
27,57,préfecture,Anié,ND,Urbain,Femmes,136.0,colonnes
27,57,préfecture,Anié,ND,Urbain,Ensemble,249.0,colonnes
27,57,préfecture,Anié,ND,Rural,Hommes,114.0,colonnes
27,57,préfecture,Anié,ND,Rural,Femmes,89.0,colonnes
27,57,préfecture,Anié,ND,Rural,Ensemble,203.0,colonnes
27,57,préfecture,Anié,ND,Total,Hommes,227.0,colonnes
27,57,préfecture,Anié,ND,Total,Femmes,225.0,colonnes
27,57,préfecture,Anié,ND,Total,Ensemble,452.0,colonnes
27,57,préfecture,Anié,Total,Urbain,Hommes,30046.0,colonnes
27,57,préfecture,Anié,Total,Urbain,Femmes,31022.0,colonnes
27,57,préfecture,Anié,Total,Urbain,Ensemble,61068.0,colonnes
27,57,préfecture,Anié,Total,Rural,Hommes,59851.0,colonnes
27,57,préfecture,Anié,Total,Rural,Femmes,59239.0,colonnes
27,57,préfecture,Anié,Total,Rural,Ensemble,119090.0,colonnes
27,57,préfecture,Anié,Total,Total,Hommes,89897.0,colonnes
27,57,préfecture,Anié,Total,Total,Femmes,90261.0,colonnes
27,57,préfecture,Anié,Total,Total,Ensemble,180158.0,colonnes
28,58,préfecture,Est-Mono,0,Urbain,Hommes,161.0,colonnes
28,58,préfecture,Est-Mono,0,Urbain,Femmes,166.0,colonnes
28,58,préfecture,Est-Mono,0,Urbain,Ensemble,327.0,colonnes
28,58,préfecture,Est-Mono,0,Rural,Hommes,2434.0,colonnes
28,58,préfecture,Est-Mono,0,Rural,Femmes,2419.0,colonnes
28,58,préfecture,Est-Mono,0,Rural,Ensemble,4853.0,colonnes
28,58,préfecture,Est-Mono,0,Total,Hommes,2595.0,colonnes
28,58,préfecture,Est-Mono,0,Total,Femmes,2585.0,colonnes
28,58,préfecture,Est-Mono,0,Total,Ensemble,5180.0,colonnes
28,58,préfecture,Est-Mono,1-4,Urbain,Hommes,545.0,colonnes
28,58,préfecture,Est-Mono,1-4,Urbain,Femmes,539.0,colonnes
28,58,préfecture,Est-Mono,1-4,Urbain,Ensemble,1084.0,colonnes
28,58,préfecture,Est-Mono,1-4,Rural,Hommes,10780.0,colonnes
28,58,préfecture,Est-Mono,1-4,Rural,Femmes,10209.0,colonnes
28,58,préfecture,Est-Mono,1-4,Rural,Ensemble,20989.0,colonnes
28,58,préfecture,Est-Mono,1-4,Total,Hommes,11325.0,colonnes
28,58,préfecture,Est-Mono,1-4,Total,Femmes,10748.0,colonnes
28,58,préfecture,Est-Mono,1-4,Total,Ensemble,22073.0,colonnes
28,58,préfecture,Est-Mono,5-9,Urbain,Hommes,690.0,colonnes
28,58,préfecture,Est-Mono,5-9,Urbain,Femmes,696.0,colonnes
28,58,préfecture,Est-Mono,5-9,Urbain,Ensemble,1386.0,colonnes
28,58,préfecture,Est-Mono,5-9,Rural,Hommes,12709.0,colonnes
28,58,préfecture,Est-Mono,5-9,Rural,Femmes,11969.0,colonnes
28,58,préfecture,Est-Mono,5-9,Rural,Ensemble,24678.0,colonnes
28,58,préfecture,Est-Mono,5-9,Total,Hommes,13399.0,colonnes
28,58,préfecture,Est-Mono,5-9,Total,Femmes,12665.0,colonnes
28,58,préfecture,Est-Mono,5-9,Total,Ensemble,26064.0,colonnes
28,58,préfecture,Est-Mono,10-14,Urbain,Hommes,811.0,colonnes
28,58,préfecture,Est-Mono,10-14,Urbain,Femmes,834.0,colonnes
28,58,préfecture,Est-Mono,10-14,Urbain,Ensemble,1645.0,colonnes
28,58,préfecture,Est-Mono,10-14,Rural,Hommes,10477.0,colonnes
28,58,préfecture,Est-Mono,10-14,Rural,Femmes,9356.0,colonnes
28,58,préfecture,Est-Mono,10-14,Rural,Ensemble,19833.0,colonnes
28,58,préfecture,Est-Mono,10-14,Total,Hommes,11288.0,colonnes
28,58,préfecture,Est-Mono,10-14,Total,Femmes,10190.0,colonnes
28,58,préfecture,Est-Mono,10-14,Total,Ensemble,21478.0,colonnes
28,58,préfecture,Est-Mono,15-19,Urbain,Hommes,822.0,colonnes
28,58,préfecture,Est-Mono,15-19,Urbain,Femmes,752.0,colonnes
28,58,préfecture,Est-Mono,15-19,Urbain,Ensemble,1574.0,colonnes
28,58,préfecture,Est-Mono,15-19,Rural,Hommes,8072.0,colonnes
28,58,préfecture,Est-Mono,15-19,Rural,Femmes,7025.0,colonnes
28,58,préfecture,Est-Mono,15-19,Rural,Ensemble,15097.0,colonnes
28,58,préfecture,Est-Mono,15-19,Total,Hommes,8894.0,colonnes
28,58,préfecture,Est-Mono,15-19,Total,Femmes,7777.0,colonnes
28,58,préfecture,Est-Mono,15-19,Total,Ensemble,16671.0,colonnes
28,58,préfecture,Est-Mono,20-24,Urbain,Hommes,557.0,colonnes
28,58,préfecture,Est-Mono,20-24,Urbain,Femmes,503.0,colonnes
28,58,préfecture,Est-Mono,20-24,Urbain,Ensemble,1060.0,colonnes
28,58,préfecture,Est-Mono,20-24,Rural,Hommes,6337.0,colonnes
28,58,préfecture,Est-Mono,20-24,Rural,Femmes,7005.0,colonnes
28,58,préfecture,Est-Mono,20-24,Rural,Ensemble,13342.0,colonnes
28,58,préfecture,Est-Mono,20-24,Total,Hommes,6894.0,colonnes
28,58,préfecture,Est-Mono,20-24,Total,Femmes,7508.0,colonnes
28,58,préfecture,Est-Mono,20-24,Total,Ensemble,14402.0,colonnes
28,58,préfecture,Est-Mono,25-29,Urbain,Hommes,375.0,colonnes
28,58,préfecture,Est-Mono,25-29,Urbain,Femmes,398.0,colonnes
28,58,préfecture,Est-Mono,25-29,Urbain,Ensemble,773.0,colonnes
28,58,préfecture,Est-Mono,25-29,Rural,Hommes,5512.0,colonnes
28,58,préfecture,Est-Mono,25-29,Rural,Femmes,5946.0,colonnes
28,58,préfecture,Est-Mono,25-29,Rural,Ensemble,11458.0,colonnes
28,58,préfecture,Est-Mono,25-29,Total,Hommes,5887.0,colonnes
28,58,préfecture,Est-Mono,25-29,Total,Femmes,6344.0,colonnes
28,58,préfecture,Est-Mono,25-29,Total,Ensemble,12231.0,colonnes
28,58,préfecture,Est-Mono,30-34,Urbain,Hommes,417.0,colonnes
28,58,préfecture,Est-Mono,30-34,Urbain,Femmes,382.0,colonnes
28,58,préfecture,Est-Mono,30-34,Urbain,Ensemble,799.0,colonnes
28,58,préfecture,Est-Mono,30-34,Rural,Hommes,5082.0,colonnes
28,58,préfecture,Est-Mono,30-34,Rural,Femmes,5439.0,colonnes
28,58,préfecture,Est-Mono,30-34,Rural,Ensemble,10521.0,colonnes
28,58,préfecture,Est-Mono,30-34,Total,Hommes,5499.0,colonnes
28,58,préfecture,Est-Mono,30-34,Total,Femmes,5821.0,colonnes
28,58,préfecture,Est-Mono,30-34,Total,Ensemble,11320.0,colonnes
28,58,préfecture,Est-Mono,35-39,Urbain,Hommes,315.0,colonnes
28,58,préfecture,Est-Mono,35-39,Urbain,Femmes,344.0,colonnes
28,58,préfecture,Est-Mono,35-39,Urbain,Ensemble,659.0,colonnes
28,58,préfecture,Est-Mono,35-39,Rural,Hommes,4020.0,colonnes
28,58,préfecture,Est-Mono,35-39,Rural,Femmes,4091.0,colonnes
28,58,préfecture,Est-Mono,35-39,Rural,Ensemble,8111.0,colonnes
28,58,préfecture,Est-Mono,35-39,Total,Hommes,4335.0,colonnes
28,58,préfecture,Est-Mono,35-39,Total,Femmes,4435.0,colonnes
28,58,préfecture,Est-Mono,35-39,Total,Ensemble,8770.0,colonnes
28,58,préfecture,Est-Mono,40-44,Urbain,Hommes,246.0,colonnes
28,58,préfecture,Est-Mono,40-44,Urbain,Femmes,207.0,colonnes
28,58,préfecture,Est-Mono,40-44,Urbain,Ensemble,453.0,colonnes
28,58,préfecture,Est-Mono,40-44,Rural,Hommes,3612.0,colonnes
28,58,préfecture,Est-Mono,40-44,Rural,Femmes,3416.0,colonnes
28,58,préfecture,Est-Mono,40-44,Rural,Ensemble,7028.0,colonnes
28,58,préfecture,Est-Mono,40-44,Total,Hommes,3858.0,colonnes
28,58,préfecture,Est-Mono,40-44,Total,Femmes,3623.0,colonnes
28,58,préfecture,Est-Mono,40-44,Total,Ensemble,7481.0,colonnes
28,58,préfecture,Est-Mono,45-49,Urbain,Hommes,181.0,colonnes
28,58,préfecture,Est-Mono,45-49,Urbain,Femmes,196.0,colonnes
28,58,préfecture,Est-Mono,45-49,Urbain,Ensemble,377.0,colonnes
28,58,préfecture,Est-Mono,45-49,Rural,Hommes,2255.0,colonnes
28,58,préfecture,Est-Mono,45-49,Rural,Femmes,2018.0,colonnes
28,58,préfecture,Est-Mono,45-49,Rural,Ensemble,4273.0,colonnes
28,58,préfecture,Est-Mono,45-49,Total,Hommes,2436.0,colonnes
28,58,préfecture,Est-Mono,45-49,Total,Femmes,2214.0,colonnes
28,58,préfecture,Est-Mono,45-49,Total,Ensemble,4650.0,colonnes
28,58,préfecture,Est-Mono,50-54,Urbain,Hommes,143.0,colonnes
28,58,préfecture,Est-Mono,50-54,Urbain,Femmes,177.0,colonnes
28,58,préfecture,Est-Mono,50-54,Urbain,Ensemble,320.0,colonnes
28,58,préfecture,Est-Mono,50-54,Rural,Hommes,2023.0,colonnes
28,58,préfecture,Est-Mono,50-54,Rural,Femmes,2120.0,colonnes
28,58,préfecture,Est-Mono,50-54,Rural,Ensemble,4143.0,colonnes
28,58,préfecture,Est-Mono,50-54,Total,Hommes,2166.0,colonnes
28,58,préfecture,Est-Mono,50-54,Total,Femmes,2297.0,colonnes
28,58,préfecture,Est-Mono,50-54,Total,Ensemble,4463.0,colonnes
28,58,préfecture,Est-Mono,55-59,Urbain,Hommes,138.0,colonnes
28,58,préfecture,Est-Mono,55-59,Urbain,Femmes,132.0,colonnes
28,58,préfecture,Est-Mono,55-59,Urbain,Ensemble,270.0,colonnes
28,58,préfecture,Est-Mono,55-59,Rural,Hommes,1267.0,colonnes
28,58,préfecture,Est-Mono,55-59,Rural,Femmes,1001.0,colonnes
28,58,préfecture,Est-Mono,55-59,Rural,Ensemble,2268.0,colonnes
28,58,préfecture,Est-Mono,55-59,Total,Hommes,1405.0,colonnes
28,58,préfecture,Est-Mono,55-59,Total,Femmes,1133.0,colonnes
28,58,préfecture,Est-Mono,55-59,Total,Ensemble,2538.0,colonnes
28,58,préfecture,Est-Mono,60-64,Urbain,Hommes,81.0,colonnes
28,58,préfecture,Est-Mono,60-64,Urbain,Femmes,91.0,colonnes
28,58,préfecture,Est-Mono,60-64,Urbain,Ensemble,172.0,colonnes
28,58,préfecture,Est-Mono,60-64,Rural,Hommes,1162.0,colonnes
28,58,préfecture,Est-Mono,60-64,Rural,Femmes,1253.0,colonnes
28,58,préfecture,Est-Mono,60-64,Rural,Ensemble,2415.0,colonnes
28,58,préfecture,Est-Mono,60-64,Total,Hommes,1243.0,colonnes
28,58,préfecture,Est-Mono,60-64,Total,Femmes,1344.0,colonnes
28,58,préfecture,Est-Mono,60-64,Total,Ensemble,2587.0,colonnes
28,58,préfecture,Est-Mono,65-69,Urbain,Hommes,50.0,colonnes
28,58,préfecture,Est-Mono,65-69,Urbain,Femmes,58.0,colonnes
28,58,préfecture,Est-Mono,65-69,Urbain,Ensemble,108.0,colonnes
28,58,préfecture,Est-Mono,65-69,Rural,Hommes,503.0,colonnes
28,58,préfecture,Est-Mono,65-69,Rural,Femmes,579.0,colonnes
28,58,préfecture,Est-Mono,65-69,Rural,Ensemble,1082.0,colonnes
28,58,préfecture,Est-Mono,65-69,Total,Hommes,553.0,colonnes
28,58,préfecture,Est-Mono,65-69,Total,Femmes,637.0,colonnes
28,58,préfecture,Est-Mono,65-69,Total,Ensemble,1190.0,colonnes
28,58,préfecture,Est-Mono,70-74,Urbain,Hommes,18.0,colonnes
28,58,préfecture,Est-Mono,70-74,Urbain,Femmes,32.0,colonnes
28,58,préfecture,Est-Mono,70-74,Urbain,Ensemble,50.0,colonnes
28,58,préfecture,Est-Mono,70-74,Rural,Hommes,441.0,colonnes
28,58,préfecture,Est-Mono,70-74,Rural,Femmes,521.0,colonnes
28,58,préfecture,Est-Mono,70-74,Rural,Ensemble,962.0,colonnes
28,58,préfecture,Est-Mono,70-74,Total,Hommes,459.0,colonnes
28,58,préfecture,Est-Mono,70-74,Total,Femmes,553.0,colonnes
28,58,préfecture,Est-Mono,70-74,Total,Ensemble,1012.0,colonnes
28,58,préfecture,Est-Mono,75-79,Urbain,Hommes,16.0,colonnes
28,58,préfecture,Est-Mono,75-79,Urbain,Femmes,32.0,colonnes
28,58,préfecture,Est-Mono,75-79,Urbain,Ensemble,48.0,colonnes
28,58,préfecture,Est-Mono,75-79,Rural,Hommes,215.0,colonnes
28,58,préfecture,Est-Mono,75-79,Rural,Femmes,260.0,colonnes
28,58,préfecture,Est-Mono,75-79,Rural,Ensemble,475.0,colonnes
28,58,préfecture,Est-Mono,75-79,Total,Hommes,231.0,colonnes
28,58,préfecture,Est-Mono,75-79,Total,Femmes,292.0,colonnes
28,58,préfecture,Est-Mono,75-79,Total,Ensemble,523.0,colonnes
28,58,préfecture,Est-Mono,80-84,Urbain,Hommes,13.0,colonnes
28,58,préfecture,Est-Mono,80-84,Urbain,Femmes,16.0,colonnes
28,58,préfecture,Est-Mono,80-84,Urbain,Ensemble,29.0,colonnes
28,58,préfecture,Est-Mono,80-84,Rural,Hommes,222.0,colonnes
28,58,préfecture,Est-Mono,80-84,Rural,Femmes,292.0,colonnes
28,58,préfecture,Est-Mono,80-84,Rural,Ensemble,514.0,colonnes
28,58,préfecture,Est-Mono,80-84,Total,Hommes,235.0,colonnes
28,58,préfecture,Est-Mono,80-84,Total,Femmes,308.0,colonnes
28,58,préfecture,Est-Mono,80-84,Total,Ensemble,543.0,colonnes
28,58,préfecture,Est-Mono,85 et +,Urbain,Hommes,6.0,colonnes
28,58,préfecture,Est-Mono,85 et +,Urbain,Femmes,21.0,colonnes
28,58,préfecture,Est-Mono,85 et +,Urbain,Ensemble,27.0,colonnes
28,58,préfecture,Est-Mono,85 et +,Rural,Hommes,225.0,colonnes
28,58,préfecture,Est-Mono,85 et +,Rural,Femmes,307.0,colonnes
28,58,préfecture,Est-Mono,85 et +,Rural,Ensemble,532.0,colonnes
28,58,préfecture,Est-Mono,85 et +,Total,Hommes,231.0,colonnes
28,58,préfecture,Est-Mono,85 et +,Total,Femmes,328.0,colonnes
28,58,préfecture,Est-Mono,85 et +,Total,Ensemble,559.0,colonnes
28,58,préfecture,Est-Mono,ND,Urbain,Hommes,5.0,colonnes
28,58,préfecture,Est-Mono,ND,Urbain,Femmes,5.0,colonnes
28,58,préfecture,Est-Mono,ND,Urbain,Ensemble,10.0,colonnes
28,58,préfecture,Est-Mono,ND,Rural,Hommes,391.0,colonnes
28,58,préfecture,Est-Mono,ND,Rural,Femmes,324.0,colonnes
28,58,préfecture,Est-Mono,ND,Rural,Ensemble,715.0,colonnes
28,58,préfecture,Est-Mono,ND,Total,Hommes,396.0,colonnes
28,58,préfecture,Est-Mono,ND,Total,Femmes,329.0,colonnes
28,58,préfecture,Est-Mono,ND,Total,Ensemble,725.0,colonnes
28,58,préfecture,Est-Mono,Total,Urbain,Hommes,5590.0,colonnes
28,58,préfecture,Est-Mono,Total,Urbain,Femmes,5581.0,colonnes
28,58,préfecture,Est-Mono,Total,Urbain,Ensemble,11171.0,colonnes
28,58,préfecture,Est-Mono,Total,Rural,Hommes,77739.0,colonnes
28,58,préfecture,Est-Mono,Total,Rural,Femmes,75550.0,colonnes
28,58,préfecture,Est-Mono,Total,Rural,Ensemble,153289.0,colonnes
28,58,préfecture,Est-Mono,Total,Total,Hommes,83329.0,colonnes
28,58,préfecture,Est-Mono,Total,Total,Femmes,81131.0,colonnes
28,58,préfecture,Est-Mono,Total,Total,Ensemble,164460.0,colonnes
29,61,préfecture,Tchaoudjo,0,Urbain,Hommes,1385.0,colonnes
29,61,préfecture,Tchaoudjo,0,Urbain,Femmes,1307.0,colonnes
29,61,préfecture,Tchaoudjo,0,Urbain,Ensemble,2692.0,colonnes
29,61,préfecture,Tchaoudjo,0,Rural,Hommes,1832.0,colonnes
29,61,préfecture,Tchaoudjo,0,Rural,Femmes,1902.0,colonnes
29,61,préfecture,Tchaoudjo,0,Rural,Ensemble,3734.0,colonnes
29,61,préfecture,Tchaoudjo,0,Total,Hommes,3217.0,colonnes
29,61,préfecture,Tchaoudjo,0,Total,Femmes,3209.0,colonnes
29,61,préfecture,Tchaoudjo,0,Total,Ensemble,6426.0,colonnes
29,61,préfecture,Tchaoudjo,1-4,Urbain,Hommes,5700.0,colonnes
29,61,préfecture,Tchaoudjo,1-4,Urbain,Femmes,5393.0,colonnes
29,61,préfecture,Tchaoudjo,1-4,Urbain,Ensemble,11093.0,colonnes
29,61,préfecture,Tchaoudjo,1-4,Rural,Hommes,8094.0,colonnes
29,61,préfecture,Tchaoudjo,1-4,Rural,Femmes,7662.0,colonnes
29,61,préfecture,Tchaoudjo,1-4,Rural,Ensemble,15756.0,colonnes
29,61,préfecture,Tchaoudjo,1-4,Total,Hommes,13794.0,colonnes
29,61,préfecture,Tchaoudjo,1-4,Total,Femmes,13055.0,colonnes
29,61,préfecture,Tchaoudjo,1-4,Total,Ensemble,26849.0,colonnes
29,61,préfecture,Tchaoudjo,5-9,Urbain,Hommes,7840.0,colonnes
29,61,préfecture,Tchaoudjo,5-9,Urbain,Femmes,7421.0,colonnes
29,61,préfecture,Tchaoudjo,5-9,Urbain,Ensemble,15261.0,colonnes
29,61,préfecture,Tchaoudjo,5-9,Rural,Hommes,10490.0,colonnes
29,61,préfecture,Tchaoudjo,5-9,Rural,Femmes,10066.0,colonnes
29,61,préfecture,Tchaoudjo,5-9,Rural,Ensemble,20556.0,colonnes
29,61,préfecture,Tchaoudjo,5-9,Total,Hommes,18330.0,colonnes
29,61,préfecture,Tchaoudjo,5-9,Total,Femmes,17487.0,colonnes
29,61,préfecture,Tchaoudjo,5-9,Total,Ensemble,35817.0,colonnes
29,61,préfecture,Tchaoudjo,10-14,Urbain,Hommes,8002.0,colonnes
29,61,préfecture,Tchaoudjo,10-14,Urbain,Femmes,7750.0,colonnes
29,61,préfecture,Tchaoudjo,10-14,Urbain,Ensemble,15752.0,colonnes
29,61,préfecture,Tchaoudjo,10-14,Rural,Hommes,9015.0,colonnes
29,61,préfecture,Tchaoudjo,10-14,Rural,Femmes,7857.0,colonnes
29,61,préfecture,Tchaoudjo,10-14,Rural,Ensemble,16872.0,colonnes
29,61,préfecture,Tchaoudjo,10-14,Total,Hommes,17017.0,colonnes
29,61,préfecture,Tchaoudjo,10-14,Total,Femmes,15607.0,colonnes
29,61,préfecture,Tchaoudjo,10-14,Total,Ensemble,32624.0,colonnes
29,61,préfecture,Tchaoudjo,15-19,Urbain,Hommes,7745.0,colonnes
29,61,préfecture,Tchaoudjo,15-19,Urbain,Femmes,6849.0,colonnes
29,61,préfecture,Tchaoudjo,15-19,Urbain,Ensemble,14594.0,colonnes
29,61,préfecture,Tchaoudjo,15-19,Rural,Hommes,6223.0,colonnes
29,61,préfecture,Tchaoudjo,15-19,Rural,Femmes,5255.0,colonnes
29,61,préfecture,Tchaoudjo,15-19,Rural,Ensemble,11478.0,colonnes
29,61,préfecture,Tchaoudjo,15-19,Total,Hommes,13968.0,colonnes
29,61,préfecture,Tchaoudjo,15-19,Total,Femmes,12104.0,colonnes
29,61,préfecture,Tchaoudjo,15-19,Total,Ensemble,26072.0,colonnes
29,61,préfecture,Tchaoudjo,20-24,Urbain,Hommes,5241.0,colonnes
29,61,préfecture,Tchaoudjo,20-24,Urbain,Femmes,4960.0,colonnes
29,61,préfecture,Tchaoudjo,20-24,Urbain,Ensemble,10201.0,colonnes
29,61,préfecture,Tchaoudjo,20-24,Rural,Hommes,3915.0,colonnes
29,61,préfecture,Tchaoudjo,20-24,Rural,Femmes,4805.0,colonnes
29,61,préfecture,Tchaoudjo,20-24,Rural,Ensemble,8720.0,colonnes
29,61,préfecture,Tchaoudjo,20-24,Total,Hommes,9156.0,colonnes
29,61,préfecture,Tchaoudjo,20-24,Total,Femmes,9765.0,colonnes
29,61,préfecture,Tchaoudjo,20-24,Total,Ensemble,18921.0,colonnes
29,61,préfecture,Tchaoudjo,25-29,Urbain,Hommes,3583.0,colonnes
29,61,préfecture,Tchaoudjo,25-29,Urbain,Femmes,4333.0,colonnes
29,61,préfecture,Tchaoudjo,25-29,Urbain,Ensemble,7916.0,colonnes
29,61,préfecture,Tchaoudjo,25-29,Rural,Hommes,3352.0,colonnes
29,61,préfecture,Tchaoudjo,25-29,Rural,Femmes,4505.0,colonnes
29,61,préfecture,Tchaoudjo,25-29,Rural,Ensemble,7857.0,colonnes
29,61,préfecture,Tchaoudjo,25-29,Total,Hommes,6935.0,colonnes
29,61,préfecture,Tchaoudjo,25-29,Total,Femmes,8838.0,colonnes
29,61,préfecture,Tchaoudjo,25-29,Total,Ensemble,15773.0,colonnes
29,61,préfecture,Tchaoudjo,30-34,Urbain,Hommes,3318.0,colonnes
29,61,préfecture,Tchaoudjo,30-34,Urbain,Femmes,3896.0,colonnes
29,61,préfecture,Tchaoudjo,30-34,Urbain,Ensemble,7214.0,colonnes
29,61,préfecture,Tchaoudjo,30-34,Rural,Hommes,3579.0,colonnes
29,61,préfecture,Tchaoudjo,30-34,Rural,Femmes,4297.0,colonnes
29,61,préfecture,Tchaoudjo,30-34,Rural,Ensemble,7876.0,colonnes
29,61,préfecture,Tchaoudjo,30-34,Total,Hommes,6897.0,colonnes
29,61,préfecture,Tchaoudjo,30-34,Total,Femmes,8193.0,colonnes
29,61,préfecture,Tchaoudjo,30-34,Total,Ensemble,15090.0,colonnes
29,61,préfecture,Tchaoudjo,35-39,Urbain,Hommes,3123.0,colonnes
29,61,préfecture,Tchaoudjo,35-39,Urbain,Femmes,3553.0,colonnes
29,61,préfecture,Tchaoudjo,35-39,Urbain,Ensemble,6676.0,colonnes
29,61,préfecture,Tchaoudjo,35-39,Rural,Hommes,3304.0,colonnes
29,61,préfecture,Tchaoudjo,35-39,Rural,Femmes,3667.0,colonnes
29,61,préfecture,Tchaoudjo,35-39,Rural,Ensemble,6971.0,colonnes
29,61,préfecture,Tchaoudjo,35-39,Total,Hommes,6427.0,colonnes
29,61,préfecture,Tchaoudjo,35-39,Total,Femmes,7220.0,colonnes
29,61,préfecture,Tchaoudjo,35-39,Total,Ensemble,13647.0,colonnes
29,61,préfecture,Tchaoudjo,40-44,Urbain,Hommes,2555.0,colonnes
29,61,préfecture,Tchaoudjo,40-44,Urbain,Femmes,2833.0,colonnes
29,61,préfecture,Tchaoudjo,40-44,Urbain,Ensemble,5388.0,colonnes
29,61,préfecture,Tchaoudjo,40-44,Rural,Hommes,2813.0,colonnes
29,61,préfecture,Tchaoudjo,40-44,Rural,Femmes,2968.0,colonnes
29,61,préfecture,Tchaoudjo,40-44,Rural,Ensemble,5781.0,colonnes
29,61,préfecture,Tchaoudjo,40-44,Total,Hommes,5368.0,colonnes
29,61,préfecture,Tchaoudjo,40-44,Total,Femmes,5801.0,colonnes
29,61,préfecture,Tchaoudjo,40-44,Total,Ensemble,11169.0,colonnes
29,61,préfecture,Tchaoudjo,45-49,Urbain,Hommes,2191.0,colonnes
29,61,préfecture,Tchaoudjo,45-49,Urbain,Femmes,2267.0,colonnes
29,61,préfecture,Tchaoudjo,45-49,Urbain,Ensemble,4458.0,colonnes
29,61,préfecture,Tchaoudjo,45-49,Rural,Hommes,2153.0,colonnes
29,61,préfecture,Tchaoudjo,45-49,Rural,Femmes,2134.0,colonnes
29,61,préfecture,Tchaoudjo,45-49,Rural,Ensemble,4287.0,colonnes
29,61,préfecture,Tchaoudjo,45-49,Total,Hommes,4344.0,colonnes
29,61,préfecture,Tchaoudjo,45-49,Total,Femmes,4401.0,colonnes
29,61,préfecture,Tchaoudjo,45-49,Total,Ensemble,8745.0,colonnes
29,61,préfecture,Tchaoudjo,50-54,Urbain,Hommes,1835.0,colonnes
29,61,préfecture,Tchaoudjo,50-54,Urbain,Femmes,1976.0,colonnes
29,61,préfecture,Tchaoudjo,50-54,Urbain,Ensemble,3811.0,colonnes
29,61,préfecture,Tchaoudjo,50-54,Rural,Hommes,1978.0,colonnes
29,61,préfecture,Tchaoudjo,50-54,Rural,Femmes,2166.0,colonnes
29,61,préfecture,Tchaoudjo,50-54,Rural,Ensemble,4144.0,colonnes
29,61,préfecture,Tchaoudjo,50-54,Total,Hommes,3813.0,colonnes
29,61,préfecture,Tchaoudjo,50-54,Total,Femmes,4142.0,colonnes
29,61,préfecture,Tchaoudjo,50-54,Total,Ensemble,7955.0,colonnes
29,61,préfecture,Tchaoudjo,55-59,Urbain,Hommes,1443.0,colonnes
29,61,préfecture,Tchaoudjo,55-59,Urbain,Femmes,1557.0,colonnes
29,61,préfecture,Tchaoudjo,55-59,Urbain,Ensemble,3000.0,colonnes
29,61,préfecture,Tchaoudjo,55-59,Rural,Hommes,1496.0,colonnes
29,61,préfecture,Tchaoudjo,55-59,Rural,Femmes,1417.0,colonnes
29,61,préfecture,Tchaoudjo,55-59,Rural,Ensemble,2913.0,colonnes
29,61,préfecture,Tchaoudjo,55-59,Total,Hommes,2939.0,colonnes
29,61,préfecture,Tchaoudjo,55-59,Total,Femmes,2974.0,colonnes
29,61,préfecture,Tchaoudjo,55-59,Total,Ensemble,5913.0,colonnes
29,61,préfecture,Tchaoudjo,60-64,Urbain,Hommes,1235.0,colonnes
29,61,préfecture,Tchaoudjo,60-64,Urbain,Femmes,1388.0,colonnes
29,61,préfecture,Tchaoudjo,60-64,Urbain,Ensemble,2623.0,colonnes
29,61,préfecture,Tchaoudjo,60-64,Rural,Hommes,1246.0,colonnes
29,61,préfecture,Tchaoudjo,60-64,Rural,Femmes,1313.0,colonnes
29,61,préfecture,Tchaoudjo,60-64,Rural,Ensemble,2559.0,colonnes
29,61,préfecture,Tchaoudjo,60-64,Total,Hommes,2481.0,colonnes
29,61,préfecture,Tchaoudjo,60-64,Total,Femmes,2701.0,colonnes
29,61,préfecture,Tchaoudjo,60-64,Total,Ensemble,5182.0,colonnes
29,61,préfecture,Tchaoudjo,65-69,Urbain,Hommes,780.0,colonnes
29,61,préfecture,Tchaoudjo,65-69,Urbain,Femmes,834.0,colonnes
29,61,préfecture,Tchaoudjo,65-69,Urbain,Ensemble,1614.0,colonnes
29,61,préfecture,Tchaoudjo,65-69,Rural,Hommes,761.0,colonnes
29,61,préfecture,Tchaoudjo,65-69,Rural,Femmes,850.0,colonnes
29,61,préfecture,Tchaoudjo,65-69,Rural,Ensemble,1611.0,colonnes
29,61,préfecture,Tchaoudjo,65-69,Total,Hommes,1541.0,colonnes
29,61,préfecture,Tchaoudjo,65-69,Total,Femmes,1684.0,colonnes
29,61,préfecture,Tchaoudjo,65-69,Total,Ensemble,3225.0,colonnes
29,61,préfecture,Tchaoudjo,70-74,Urbain,Hommes,526.0,colonnes
29,61,préfecture,Tchaoudjo,70-74,Urbain,Femmes,634.0,colonnes
29,61,préfecture,Tchaoudjo,70-74,Urbain,Ensemble,1160.0,colonnes
29,61,préfecture,Tchaoudjo,70-74,Rural,Hommes,552.0,colonnes
29,61,préfecture,Tchaoudjo,70-74,Rural,Femmes,686.0,colonnes
29,61,préfecture,Tchaoudjo,70-74,Rural,Ensemble,1238.0,colonnes
29,61,préfecture,Tchaoudjo,70-74,Total,Hommes,1078.0,colonnes
29,61,préfecture,Tchaoudjo,70-74,Total,Femmes,1320.0,colonnes
29,61,préfecture,Tchaoudjo,70-74,Total,Ensemble,2398.0,colonnes
29,61,préfecture,Tchaoudjo,75-79,Urbain,Hommes,266.0,colonnes
29,61,préfecture,Tchaoudjo,75-79,Urbain,Femmes,418.0,colonnes
29,61,préfecture,Tchaoudjo,75-79,Urbain,Ensemble,684.0,colonnes
29,61,préfecture,Tchaoudjo,75-79,Rural,Hommes,285.0,colonnes
29,61,préfecture,Tchaoudjo,75-79,Rural,Femmes,430.0,colonnes
29,61,préfecture,Tchaoudjo,75-79,Rural,Ensemble,715.0,colonnes
29,61,préfecture,Tchaoudjo,75-79,Total,Hommes,551.0,colonnes
29,61,préfecture,Tchaoudjo,75-79,Total,Femmes,848.0,colonnes
29,61,préfecture,Tchaoudjo,75-79,Total,Ensemble,1399.0,colonnes
29,61,préfecture,Tchaoudjo,80-84,Urbain,Hommes,170.0,colonnes
29,61,préfecture,Tchaoudjo,80-84,Urbain,Femmes,307.0,colonnes
29,61,préfecture,Tchaoudjo,80-84,Urbain,Ensemble,477.0,colonnes
29,61,préfecture,Tchaoudjo,80-84,Rural,Hommes,268.0,colonnes
29,61,préfecture,Tchaoudjo,80-84,Rural,Femmes,390.0,colonnes
29,61,préfecture,Tchaoudjo,80-84,Rural,Ensemble,658.0,colonnes
29,61,préfecture,Tchaoudjo,80-84,Total,Hommes,438.0,colonnes
29,61,préfecture,Tchaoudjo,80-84,Total,Femmes,697.0,colonnes
29,61,préfecture,Tchaoudjo,80-84,Total,Ensemble,1135.0,colonnes
29,61,préfecture,Tchaoudjo,85 et +,Urbain,Hommes,174.0,colonnes
29,61,préfecture,Tchaoudjo,85 et +,Urbain,Femmes,386.0,colonnes
29,61,préfecture,Tchaoudjo,85 et +,Urbain,Ensemble,560.0,colonnes
29,61,préfecture,Tchaoudjo,85 et +,Rural,Hommes,364.0,colonnes
29,61,préfecture,Tchaoudjo,85 et +,Rural,Femmes,493.0,colonnes
29,61,préfecture,Tchaoudjo,85 et +,Rural,Ensemble,857.0,colonnes
29,61,préfecture,Tchaoudjo,85 et +,Total,Hommes,538.0,colonnes
29,61,préfecture,Tchaoudjo,85 et +,Total,Femmes,879.0,colonnes
29,61,préfecture,Tchaoudjo,85 et +,Total,Ensemble,1417.0,colonnes
29,61,préfecture,Tchaoudjo,ND,Urbain,Hommes,138.0,colonnes
29,61,préfecture,Tchaoudjo,ND,Urbain,Femmes,130.0,colonnes
29,61,préfecture,Tchaoudjo,ND,Urbain,Ensemble,268.0,colonnes
29,61,préfecture,Tchaoudjo,ND,Rural,Hommes,156.0,colonnes
29,61,préfecture,Tchaoudjo,ND,Rural,Femmes,179.0,colonnes
29,61,préfecture,Tchaoudjo,ND,Rural,Ensemble,335.0,colonnes
29,61,préfecture,Tchaoudjo,ND,Total,Hommes,294.0,colonnes
29,61,préfecture,Tchaoudjo,ND,Total,Femmes,309.0,colonnes
29,61,préfecture,Tchaoudjo,ND,Total,Ensemble,603.0,colonnes
29,61,préfecture,Tchaoudjo,Total,Urbain,Hommes,57250.0,colonnes
29,61,préfecture,Tchaoudjo,Total,Urbain,Femmes,58192.0,colonnes
29,61,préfecture,Tchaoudjo,Total,Urbain,Ensemble,115442.0,colonnes
29,61,préfecture,Tchaoudjo,Total,Rural,Hommes,61876.0,colonnes
29,61,préfecture,Tchaoudjo,Total,Rural,Femmes,63042.0,colonnes
29,61,préfecture,Tchaoudjo,Total,Rural,Ensemble,124918.0,colonnes
29,61,préfecture,Tchaoudjo,Total,Total,Hommes,119126.0,colonnes
29,61,préfecture,Tchaoudjo,Total,Total,Femmes,121234.0,colonnes
29,61,préfecture,Tchaoudjo,Total,Total,Ensemble,240360.0,colonnes
30,62,préfecture,Tchamba,0,Urbain,Hommes,594.0,colonnes
30,62,préfecture,Tchamba,0,Urbain,Femmes,568.0,colonnes
30,62,préfecture,Tchamba,0,Urbain,Ensemble,1162.0,colonnes
30,62,préfecture,Tchamba,0,Rural,Hommes,2721.0,colonnes
30,62,préfecture,Tchamba,0,Rural,Femmes,2594.0,colonnes
30,62,préfecture,Tchamba,0,Rural,Ensemble,5315.0,colonnes
30,62,préfecture,Tchamba,0,Total,Hommes,3315.0,colonnes
30,62,préfecture,Tchamba,0,Total,Femmes,3162.0,colonnes
30,62,préfecture,Tchamba,0,Total,Ensemble,6477.0,colonnes
30,62,préfecture,Tchamba,1-4,Urbain,Hommes,2237.0,colonnes
30,62,préfecture,Tchamba,1-4,Urbain,Femmes,2102.0,colonnes
30,62,préfecture,Tchamba,1-4,Urbain,Ensemble,4339.0,colonnes
30,62,préfecture,Tchamba,1-4,Rural,Hommes,11695.0,colonnes
30,62,préfecture,Tchamba,1-4,Rural,Femmes,11087.0,colonnes
30,62,préfecture,Tchamba,1-4,Rural,Ensemble,22782.0,colonnes
30,62,préfecture,Tchamba,1-4,Total,Hommes,13932.0,colonnes
30,62,préfecture,Tchamba,1-4,Total,Femmes,13189.0,colonnes
30,62,préfecture,Tchamba,1-4,Total,Ensemble,27121.0,colonnes
30,62,préfecture,Tchamba,5-9,Urbain,Hommes,2917.0,colonnes
30,62,préfecture,Tchamba,5-9,Urbain,Femmes,2553.0,colonnes
30,62,préfecture,Tchamba,5-9,Urbain,Ensemble,5470.0,colonnes
30,62,préfecture,Tchamba,5-9,Rural,Hommes,14014.0,colonnes
30,62,préfecture,Tchamba,5-9,Rural,Femmes,13048.0,colonnes
30,62,préfecture,Tchamba,5-9,Rural,Ensemble,27062.0,colonnes
30,62,préfecture,Tchamba,5-9,Total,Hommes,16931.0,colonnes
30,62,préfecture,Tchamba,5-9,Total,Femmes,15601.0,colonnes
30,62,préfecture,Tchamba,5-9,Total,Ensemble,32532.0,colonnes
30,62,préfecture,Tchamba,10-14,Urbain,Hommes,2370.0,colonnes
30,62,préfecture,Tchamba,10-14,Urbain,Femmes,2116.0,colonnes
30,62,préfecture,Tchamba,10-14,Urbain,Ensemble,4486.0,colonnes
30,62,préfecture,Tchamba,10-14,Rural,Hommes,11304.0,colonnes
30,62,préfecture,Tchamba,10-14,Rural,Femmes,9868.0,colonnes
30,62,préfecture,Tchamba,10-14,Rural,Ensemble,21172.0,colonnes
30,62,préfecture,Tchamba,10-14,Total,Hommes,13674.0,colonnes
30,62,préfecture,Tchamba,10-14,Total,Femmes,11984.0,colonnes
30,62,préfecture,Tchamba,10-14,Total,Ensemble,25658.0,colonnes
30,62,préfecture,Tchamba,15-19,Urbain,Hommes,1986.0,colonnes
30,62,préfecture,Tchamba,15-19,Urbain,Femmes,1782.0,colonnes
30,62,préfecture,Tchamba,15-19,Urbain,Ensemble,3768.0,colonnes
30,62,préfecture,Tchamba,15-19,Rural,Hommes,8199.0,colonnes
30,62,préfecture,Tchamba,15-19,Rural,Femmes,6955.0,colonnes
30,62,préfecture,Tchamba,15-19,Rural,Ensemble,15154.0,colonnes
30,62,préfecture,Tchamba,15-19,Total,Hommes,10185.0,colonnes
30,62,préfecture,Tchamba,15-19,Total,Femmes,8737.0,colonnes
30,62,préfecture,Tchamba,15-19,Total,Ensemble,18922.0,colonnes
30,62,préfecture,Tchamba,20-24,Urbain,Hommes,1479.0,colonnes
30,62,préfecture,Tchamba,20-24,Urbain,Femmes,1704.0,colonnes
30,62,préfecture,Tchamba,20-24,Urbain,Ensemble,3183.0,colonnes
30,62,préfecture,Tchamba,20-24,Rural,Hommes,6203.0,colonnes
30,62,préfecture,Tchamba,20-24,Rural,Femmes,7301.0,colonnes
30,62,préfecture,Tchamba,20-24,Rural,Ensemble,13504.0,colonnes
30,62,préfecture,Tchamba,20-24,Total,Hommes,7682.0,colonnes
30,62,préfecture,Tchamba,20-24,Total,Femmes,9005.0,colonnes
30,62,préfecture,Tchamba,20-24,Total,Ensemble,16687.0,colonnes
30,62,préfecture,Tchamba,25-29,Urbain,Hommes,1094.0,colonnes
30,62,préfecture,Tchamba,25-29,Urbain,Femmes,1490.0,colonnes
30,62,préfecture,Tchamba,25-29,Urbain,Ensemble,2584.0,colonnes
30,62,préfecture,Tchamba,25-29,Rural,Hommes,5448.0,colonnes
30,62,préfecture,Tchamba,25-29,Rural,Femmes,6162.0,colonnes
30,62,préfecture,Tchamba,25-29,Rural,Ensemble,11610.0,colonnes
30,62,préfecture,Tchamba,25-29,Total,Hommes,6542.0,colonnes
30,62,préfecture,Tchamba,25-29,Total,Femmes,7652.0,colonnes
30,62,préfecture,Tchamba,25-29,Total,Ensemble,14194.0,colonnes
30,62,préfecture,Tchamba,30-34,Urbain,Hommes,1011.0,colonnes
30,62,préfecture,Tchamba,30-34,Urbain,Femmes,1467.0,colonnes
30,62,préfecture,Tchamba,30-34,Urbain,Ensemble,2478.0,colonnes
30,62,préfecture,Tchamba,30-34,Rural,Hommes,5142.0,colonnes
30,62,préfecture,Tchamba,30-34,Rural,Femmes,5807.0,colonnes
30,62,préfecture,Tchamba,30-34,Rural,Ensemble,10949.0,colonnes
30,62,préfecture,Tchamba,30-34,Total,Hommes,6153.0,colonnes
30,62,préfecture,Tchamba,30-34,Total,Femmes,7274.0,colonnes
30,62,préfecture,Tchamba,30-34,Total,Ensemble,13427.0,colonnes
30,62,préfecture,Tchamba,35-39,Urbain,Hommes,967.0,colonnes
30,62,préfecture,Tchamba,35-39,Urbain,Femmes,1089.0,colonnes
30,62,préfecture,Tchamba,35-39,Urbain,Ensemble,2056.0,colonnes
30,62,préfecture,Tchamba,35-39,Rural,Hommes,4339.0,colonnes
30,62,préfecture,Tchamba,35-39,Rural,Femmes,4532.0,colonnes
30,62,préfecture,Tchamba,35-39,Rural,Ensemble,8871.0,colonnes
30,62,préfecture,Tchamba,35-39,Total,Hommes,5306.0,colonnes
30,62,préfecture,Tchamba,35-39,Total,Femmes,5621.0,colonnes
30,62,préfecture,Tchamba,35-39,Total,Ensemble,10927.0,colonnes
30,62,préfecture,Tchamba,40-44,Urbain,Hommes,802.0,colonnes
30,62,préfecture,Tchamba,40-44,Urbain,Femmes,849.0,colonnes
30,62,préfecture,Tchamba,40-44,Urbain,Ensemble,1651.0,colonnes
30,62,préfecture,Tchamba,40-44,Rural,Hommes,3540.0,colonnes
30,62,préfecture,Tchamba,40-44,Rural,Femmes,3725.0,colonnes
30,62,préfecture,Tchamba,40-44,Rural,Ensemble,7265.0,colonnes
30,62,préfecture,Tchamba,40-44,Total,Hommes,4342.0,colonnes
30,62,préfecture,Tchamba,40-44,Total,Femmes,4574.0,colonnes
30,62,préfecture,Tchamba,40-44,Total,Ensemble,8916.0,colonnes
30,62,préfecture,Tchamba,45-49,Urbain,Hommes,602.0,colonnes
30,62,préfecture,Tchamba,45-49,Urbain,Femmes,568.0,colonnes
30,62,préfecture,Tchamba,45-49,Urbain,Ensemble,1170.0,colonnes
30,62,préfecture,Tchamba,45-49,Rural,Hommes,2731.0,colonnes
30,62,préfecture,Tchamba,45-49,Rural,Femmes,2541.0,colonnes
30,62,préfecture,Tchamba,45-49,Rural,Ensemble,5272.0,colonnes
30,62,préfecture,Tchamba,45-49,Total,Hommes,3333.0,colonnes
30,62,préfecture,Tchamba,45-49,Total,Femmes,3109.0,colonnes
30,62,préfecture,Tchamba,45-49,Total,Ensemble,6442.0,colonnes
30,62,préfecture,Tchamba,50-54,Urbain,Hommes,482.0,colonnes
30,62,préfecture,Tchamba,50-54,Urbain,Femmes,479.0,colonnes
30,62,préfecture,Tchamba,50-54,Urbain,Ensemble,961.0,colonnes
30,62,préfecture,Tchamba,50-54,Rural,Hommes,2401.0,colonnes
30,62,préfecture,Tchamba,50-54,Rural,Femmes,2326.0,colonnes
30,62,préfecture,Tchamba,50-54,Rural,Ensemble,4727.0,colonnes
30,62,préfecture,Tchamba,50-54,Total,Hommes,2883.0,colonnes
30,62,préfecture,Tchamba,50-54,Total,Femmes,2805.0,colonnes
30,62,préfecture,Tchamba,50-54,Total,Ensemble,5688.0,colonnes
30,62,préfecture,Tchamba,55-59,Urbain,Hommes,373.0,colonnes
30,62,préfecture,Tchamba,55-59,Urbain,Femmes,341.0,colonnes
30,62,préfecture,Tchamba,55-59,Urbain,Ensemble,714.0,colonnes
30,62,préfecture,Tchamba,55-59,Rural,Hommes,1648.0,colonnes
30,62,préfecture,Tchamba,55-59,Rural,Femmes,1370.0,colonnes
30,62,préfecture,Tchamba,55-59,Rural,Ensemble,3018.0,colonnes
30,62,préfecture,Tchamba,55-59,Total,Hommes,2021.0,colonnes
30,62,préfecture,Tchamba,55-59,Total,Femmes,1711.0,colonnes
30,62,préfecture,Tchamba,55-59,Total,Ensemble,3732.0,colonnes
30,62,préfecture,Tchamba,60-64,Urbain,Hommes,276.0,colonnes
30,62,préfecture,Tchamba,60-64,Urbain,Femmes,298.0,colonnes
30,62,préfecture,Tchamba,60-64,Urbain,Ensemble,574.0,colonnes
30,62,préfecture,Tchamba,60-64,Rural,Hommes,1340.0,colonnes
30,62,préfecture,Tchamba,60-64,Rural,Femmes,1384.0,colonnes
30,62,préfecture,Tchamba,60-64,Rural,Ensemble,2724.0,colonnes
30,62,préfecture,Tchamba,60-64,Total,Hommes,1616.0,colonnes
30,62,préfecture,Tchamba,60-64,Total,Femmes,1682.0,colonnes
30,62,préfecture,Tchamba,60-64,Total,Ensemble,3298.0,colonnes
30,62,préfecture,Tchamba,65-69,Urbain,Hommes,201.0,colonnes
30,62,préfecture,Tchamba,65-69,Urbain,Femmes,198.0,colonnes
30,62,préfecture,Tchamba,65-69,Urbain,Ensemble,399.0,colonnes
30,62,préfecture,Tchamba,65-69,Rural,Hommes,703.0,colonnes
30,62,préfecture,Tchamba,65-69,Rural,Femmes,693.0,colonnes
30,62,préfecture,Tchamba,65-69,Rural,Ensemble,1396.0,colonnes
30,62,préfecture,Tchamba,65-69,Total,Hommes,904.0,colonnes
30,62,préfecture,Tchamba,65-69,Total,Femmes,891.0,colonnes
30,62,préfecture,Tchamba,65-69,Total,Ensemble,1795.0,colonnes
30,62,préfecture,Tchamba,70-74,Urbain,Hommes,154.0,colonnes
30,62,préfecture,Tchamba,70-74,Urbain,Femmes,163.0,colonnes
30,62,préfecture,Tchamba,70-74,Urbain,Ensemble,317.0,colonnes
30,62,préfecture,Tchamba,70-74,Rural,Hommes,618.0,colonnes
30,62,préfecture,Tchamba,70-74,Rural,Femmes,637.0,colonnes
30,62,préfecture,Tchamba,70-74,Rural,Ensemble,1255.0,colonnes
30,62,préfecture,Tchamba,70-74,Total,Hommes,772.0,colonnes
30,62,préfecture,Tchamba,70-74,Total,Femmes,800.0,colonnes
30,62,préfecture,Tchamba,70-74,Total,Ensemble,1572.0,colonnes
30,62,préfecture,Tchamba,75-79,Urbain,Hommes,86.0,colonnes
30,62,préfecture,Tchamba,75-79,Urbain,Femmes,102.0,colonnes
30,62,préfecture,Tchamba,75-79,Urbain,Ensemble,188.0,colonnes
30,62,préfecture,Tchamba,75-79,Rural,Hommes,268.0,colonnes
30,62,préfecture,Tchamba,75-79,Rural,Femmes,334.0,colonnes
30,62,préfecture,Tchamba,75-79,Rural,Ensemble,602.0,colonnes
30,62,préfecture,Tchamba,75-79,Total,Hommes,354.0,colonnes
30,62,préfecture,Tchamba,75-79,Total,Femmes,436.0,colonnes
30,62,préfecture,Tchamba,75-79,Total,Ensemble,790.0,colonnes
30,62,préfecture,Tchamba,80-84,Urbain,Hommes,60.0,colonnes
30,62,préfecture,Tchamba,80-84,Urbain,Femmes,81.0,colonnes
30,62,préfecture,Tchamba,80-84,Urbain,Ensemble,141.0,colonnes
30,62,préfecture,Tchamba,80-84,Rural,Hommes,232.0,colonnes
30,62,préfecture,Tchamba,80-84,Rural,Femmes,345.0,colonnes
30,62,préfecture,Tchamba,80-84,Rural,Ensemble,577.0,colonnes
30,62,préfecture,Tchamba,80-84,Total,Hommes,292.0,colonnes
30,62,préfecture,Tchamba,80-84,Total,Femmes,426.0,colonnes
30,62,préfecture,Tchamba,80-84,Total,Ensemble,718.0,colonnes
30,62,préfecture,Tchamba,85 et +,Urbain,Hommes,77.0,colonnes
30,62,préfecture,Tchamba,85 et +,Urbain,Femmes,103.0,colonnes
30,62,préfecture,Tchamba,85 et +,Urbain,Ensemble,180.0,colonnes
30,62,préfecture,Tchamba,85 et +,Rural,Hommes,249.0,colonnes
30,62,préfecture,Tchamba,85 et +,Rural,Femmes,334.0,colonnes
30,62,préfecture,Tchamba,85 et +,Rural,Ensemble,583.0,colonnes
30,62,préfecture,Tchamba,85 et +,Total,Hommes,326.0,colonnes
30,62,préfecture,Tchamba,85 et +,Total,Femmes,437.0,colonnes
30,62,préfecture,Tchamba,85 et +,Total,Ensemble,763.0,colonnes
30,62,préfecture,Tchamba,ND,Urbain,Hommes,147.0,colonnes
30,62,préfecture,Tchamba,ND,Urbain,Femmes,205.0,colonnes
30,62,préfecture,Tchamba,ND,Urbain,Ensemble,352.0,colonnes
30,62,préfecture,Tchamba,ND,Rural,Hommes,270.0,colonnes
30,62,préfecture,Tchamba,ND,Rural,Femmes,304.0,colonnes
30,62,préfecture,Tchamba,ND,Rural,Ensemble,574.0,colonnes
30,62,préfecture,Tchamba,ND,Total,Hommes,417.0,colonnes
30,62,préfecture,Tchamba,ND,Total,Femmes,509.0,colonnes
30,62,préfecture,Tchamba,ND,Total,Ensemble,926.0,colonnes
30,62,préfecture,Tchamba,Total,Urbain,Hommes,17915.0,colonnes
30,62,préfecture,Tchamba,Total,Urbain,Femmes,18258.0,colonnes
30,62,préfecture,Tchamba,Total,Urbain,Ensemble,36173.0,colonnes
30,62,préfecture,Tchamba,Total,Rural,Hommes,83065.0,colonnes
30,62,préfecture,Tchamba,Total,Rural,Femmes,81347.0,colonnes
30,62,préfecture,Tchamba,Total,Rural,Ensemble,164412.0,colonnes
30,62,préfecture,Tchamba,Total,Total,Hommes,100980.0,colonnes
30,62,préfecture,Tchamba,Total,Total,Femmes,99605.0,colonnes
30,62,préfecture,Tchamba,Total,Total,Ensemble,200585.0,colonnes
31,63,préfecture,Blitta,0,Urbain,Hommes,123.0,colonnes
31,63,préfecture,Blitta,0,Urbain,Femmes,134.0,colonnes
31,63,préfecture,Blitta,0,Urbain,Ensemble,257.0,colonnes
31,63,préfecture,Blitta,0,Rural,Hommes,2154.0,colonnes
31,63,préfecture,Blitta,0,Rural,Femmes,2108.0,colonnes
31,63,préfecture,Blitta,0,Rural,Ensemble,4262.0,colonnes
31,63,préfecture,Blitta,0,Total,Hommes,2277.0,colonnes
31,63,préfecture,Blitta,0,Total,Femmes,2242.0,colonnes
31,63,préfecture,Blitta,0,Total,Ensemble,4519.0,colonnes
31,63,préfecture,Blitta,1-4,Urbain,Hommes,569.0,colonnes
31,63,préfecture,Blitta,1-4,Urbain,Femmes,557.0,colonnes
31,63,préfecture,Blitta,1-4,Urbain,Ensemble,1126.0,colonnes
31,63,préfecture,Blitta,1-4,Rural,Hommes,9663.0,colonnes
31,63,préfecture,Blitta,1-4,Rural,Femmes,9303.0,colonnes
31,63,préfecture,Blitta,1-4,Rural,Ensemble,18966.0,colonnes
31,63,préfecture,Blitta,1-4,Total,Hommes,10232.0,colonnes
31,63,préfecture,Blitta,1-4,Total,Femmes,9860.0,colonnes
31,63,préfecture,Blitta,1-4,Total,Ensemble,20092.0,colonnes
31,63,préfecture,Blitta,5-9,Urbain,Hommes,636.0,colonnes
31,63,préfecture,Blitta,5-9,Urbain,Femmes,665.0,colonnes
31,63,préfecture,Blitta,5-9,Urbain,Ensemble,1301.0,colonnes
31,63,préfecture,Blitta,5-9,Rural,Hommes,11701.0,colonnes
31,63,préfecture,Blitta,5-9,Rural,Femmes,11358.0,colonnes
31,63,préfecture,Blitta,5-9,Rural,Ensemble,23059.0,colonnes
31,63,préfecture,Blitta,5-9,Total,Hommes,12337.0,colonnes
31,63,préfecture,Blitta,5-9,Total,Femmes,12023.0,colonnes
31,63,préfecture,Blitta,5-9,Total,Ensemble,24360.0,colonnes
31,63,préfecture,Blitta,10-14,Urbain,Hommes,695.0,colonnes
31,63,préfecture,Blitta,10-14,Urbain,Femmes,763.0,colonnes
31,63,préfecture,Blitta,10-14,Urbain,Ensemble,1458.0,colonnes
31,63,préfecture,Blitta,10-14,Rural,Hommes,10981.0,colonnes
31,63,préfecture,Blitta,10-14,Rural,Femmes,9570.0,colonnes
31,63,préfecture,Blitta,10-14,Rural,Ensemble,20551.0,colonnes
31,63,préfecture,Blitta,10-14,Total,Hommes,11676.0,colonnes
31,63,préfecture,Blitta,10-14,Total,Femmes,10333.0,colonnes
31,63,préfecture,Blitta,10-14,Total,Ensemble,22009.0,colonnes
31,63,préfecture,Blitta,15-19,Urbain,Hommes,797.0,colonnes
31,63,préfecture,Blitta,15-19,Urbain,Femmes,674.0,colonnes
31,63,préfecture,Blitta,15-19,Urbain,Ensemble,1471.0,colonnes
31,63,préfecture,Blitta,15-19,Rural,Hommes,7642.0,colonnes
31,63,préfecture,Blitta,15-19,Rural,Femmes,6689.0,colonnes
31,63,préfecture,Blitta,15-19,Rural,Ensemble,14331.0,colonnes
31,63,préfecture,Blitta,15-19,Total,Hommes,8439.0,colonnes
31,63,préfecture,Blitta,15-19,Total,Femmes,7363.0,colonnes
31,63,préfecture,Blitta,15-19,Total,Ensemble,15802.0,colonnes
31,63,préfecture,Blitta,20-24,Urbain,Hommes,461.0,colonnes
31,63,préfecture,Blitta,20-24,Urbain,Femmes,446.0,colonnes
31,63,préfecture,Blitta,20-24,Urbain,Ensemble,907.0,colonnes
31,63,préfecture,Blitta,20-24,Rural,Hommes,5153.0,colonnes
31,63,préfecture,Blitta,20-24,Rural,Femmes,6216.0,colonnes
31,63,préfecture,Blitta,20-24,Rural,Ensemble,11369.0,colonnes
31,63,préfecture,Blitta,20-24,Total,Hommes,5614.0,colonnes
31,63,préfecture,Blitta,20-24,Total,Femmes,6662.0,colonnes
31,63,préfecture,Blitta,20-24,Total,Ensemble,12276.0,colonnes
31,63,préfecture,Blitta,25-29,Urbain,Hommes,395.0,colonnes
31,63,préfecture,Blitta,25-29,Urbain,Femmes,377.0,colonnes
31,63,préfecture,Blitta,25-29,Urbain,Ensemble,772.0,colonnes
31,63,préfecture,Blitta,25-29,Rural,Hommes,4937.0,colonnes
31,63,préfecture,Blitta,25-29,Rural,Femmes,5321.0,colonnes
31,63,préfecture,Blitta,25-29,Rural,Ensemble,10258.0,colonnes
31,63,préfecture,Blitta,25-29,Total,Hommes,5332.0,colonnes
31,63,préfecture,Blitta,25-29,Total,Femmes,5698.0,colonnes
31,63,préfecture,Blitta,25-29,Total,Ensemble,11030.0,colonnes
31,63,préfecture,Blitta,30-34,Urbain,Hommes,372.0,colonnes
31,63,préfecture,Blitta,30-34,Urbain,Femmes,385.0,colonnes
31,63,préfecture,Blitta,30-34,Urbain,Ensemble,757.0,colonnes
31,63,préfecture,Blitta,30-34,Rural,Hommes,5000.0,colonnes
31,63,préfecture,Blitta,30-34,Rural,Femmes,5171.0,colonnes
31,63,préfecture,Blitta,30-34,Rural,Ensemble,10171.0,colonnes
31,63,préfecture,Blitta,30-34,Total,Hommes,5372.0,colonnes
31,63,préfecture,Blitta,30-34,Total,Femmes,5556.0,colonnes
31,63,préfecture,Blitta,30-34,Total,Ensemble,10928.0,colonnes
31,63,préfecture,Blitta,35-39,Urbain,Hommes,331.0,colonnes
31,63,préfecture,Blitta,35-39,Urbain,Femmes,342.0,colonnes
31,63,préfecture,Blitta,35-39,Urbain,Ensemble,673.0,colonnes
31,63,préfecture,Blitta,35-39,Rural,Hommes,4411.0,colonnes
31,63,préfecture,Blitta,35-39,Rural,Femmes,4540.0,colonnes
31,63,préfecture,Blitta,35-39,Rural,Ensemble,8951.0,colonnes
31,63,préfecture,Blitta,35-39,Total,Hommes,4742.0,colonnes
31,63,préfecture,Blitta,35-39,Total,Femmes,4882.0,colonnes
31,63,préfecture,Blitta,35-39,Total,Ensemble,9624.0,colonnes
31,63,préfecture,Blitta,40-44,Urbain,Hommes,246.0,colonnes
31,63,préfecture,Blitta,40-44,Urbain,Femmes,249.0,colonnes
31,63,préfecture,Blitta,40-44,Urbain,Ensemble,495.0,colonnes
31,63,préfecture,Blitta,40-44,Rural,Hommes,3582.0,colonnes
31,63,préfecture,Blitta,40-44,Rural,Femmes,3833.0,colonnes
31,63,préfecture,Blitta,40-44,Rural,Ensemble,7415.0,colonnes
31,63,préfecture,Blitta,40-44,Total,Hommes,3828.0,colonnes
31,63,préfecture,Blitta,40-44,Total,Femmes,4082.0,colonnes
31,63,préfecture,Blitta,40-44,Total,Ensemble,7910.0,colonnes
31,63,préfecture,Blitta,45-49,Urbain,Hommes,212.0,colonnes
31,63,préfecture,Blitta,45-49,Urbain,Femmes,200.0,colonnes
31,63,préfecture,Blitta,45-49,Urbain,Ensemble,412.0,colonnes
31,63,préfecture,Blitta,45-49,Rural,Hommes,2736.0,colonnes
31,63,préfecture,Blitta,45-49,Rural,Femmes,2823.0,colonnes
31,63,préfecture,Blitta,45-49,Rural,Ensemble,5559.0,colonnes
31,63,préfecture,Blitta,45-49,Total,Hommes,2948.0,colonnes
31,63,préfecture,Blitta,45-49,Total,Femmes,3023.0,colonnes
31,63,préfecture,Blitta,45-49,Total,Ensemble,5971.0,colonnes
31,63,préfecture,Blitta,50-54,Urbain,Hommes,179.0,colonnes
31,63,préfecture,Blitta,50-54,Urbain,Femmes,195.0,colonnes
31,63,préfecture,Blitta,50-54,Urbain,Ensemble,374.0,colonnes
31,63,préfecture,Blitta,50-54,Rural,Hommes,2601.0,colonnes
31,63,préfecture,Blitta,50-54,Rural,Femmes,2674.0,colonnes
31,63,préfecture,Blitta,50-54,Rural,Ensemble,5275.0,colonnes
31,63,préfecture,Blitta,50-54,Total,Hommes,2780.0,colonnes
31,63,préfecture,Blitta,50-54,Total,Femmes,2869.0,colonnes
31,63,préfecture,Blitta,50-54,Total,Ensemble,5649.0,colonnes
31,63,préfecture,Blitta,55-59,Urbain,Hommes,153.0,colonnes
31,63,préfecture,Blitta,55-59,Urbain,Femmes,157.0,colonnes
31,63,préfecture,Blitta,55-59,Urbain,Ensemble,310.0,colonnes
31,63,préfecture,Blitta,55-59,Rural,Hommes,1882.0,colonnes
31,63,préfecture,Blitta,55-59,Rural,Femmes,1855.0,colonnes
31,63,préfecture,Blitta,55-59,Rural,Ensemble,3737.0,colonnes
31,63,préfecture,Blitta,55-59,Total,Hommes,2035.0,colonnes
31,63,préfecture,Blitta,55-59,Total,Femmes,2012.0,colonnes
31,63,préfecture,Blitta,55-59,Total,Ensemble,4047.0,colonnes
31,63,préfecture,Blitta,60-64,Urbain,Hommes,87.0,colonnes
31,63,préfecture,Blitta,60-64,Urbain,Femmes,135.0,colonnes
31,63,préfecture,Blitta,60-64,Urbain,Ensemble,222.0,colonnes
31,63,préfecture,Blitta,60-64,Rural,Hommes,1460.0,colonnes
31,63,préfecture,Blitta,60-64,Rural,Femmes,1673.0,colonnes
31,63,préfecture,Blitta,60-64,Rural,Ensemble,3133.0,colonnes
31,63,préfecture,Blitta,60-64,Total,Hommes,1547.0,colonnes
31,63,préfecture,Blitta,60-64,Total,Femmes,1808.0,colonnes
31,63,préfecture,Blitta,60-64,Total,Ensemble,3355.0,colonnes
31,63,préfecture,Blitta,65-69,Urbain,Hommes,72.0,colonnes
31,63,préfecture,Blitta,65-69,Urbain,Femmes,85.0,colonnes
31,63,préfecture,Blitta,65-69,Urbain,Ensemble,157.0,colonnes
31,63,préfecture,Blitta,65-69,Rural,Hommes,777.0,colonnes
31,63,préfecture,Blitta,65-69,Rural,Femmes,832.0,colonnes
31,63,préfecture,Blitta,65-69,Rural,Ensemble,1609.0,colonnes
31,63,préfecture,Blitta,65-69,Total,Hommes,849.0,colonnes
31,63,préfecture,Blitta,65-69,Total,Femmes,917.0,colonnes
31,63,préfecture,Blitta,65-69,Total,Ensemble,1766.0,colonnes
31,63,préfecture,Blitta,70-74,Urbain,Hommes,43.0,colonnes
31,63,préfecture,Blitta,70-74,Urbain,Femmes,64.0,colonnes
31,63,préfecture,Blitta,70-74,Urbain,Ensemble,107.0,colonnes
31,63,préfecture,Blitta,70-74,Rural,Hommes,548.0,colonnes
31,63,préfecture,Blitta,70-74,Rural,Femmes,727.0,colonnes
31,63,préfecture,Blitta,70-74,Rural,Ensemble,1275.0,colonnes
31,63,préfecture,Blitta,70-74,Total,Hommes,591.0,colonnes
31,63,préfecture,Blitta,70-74,Total,Femmes,791.0,colonnes
31,63,préfecture,Blitta,70-74,Total,Ensemble,1382.0,colonnes
31,63,préfecture,Blitta,75-79,Urbain,Hommes,9.0,colonnes
31,63,préfecture,Blitta,75-79,Urbain,Femmes,30.0,colonnes
31,63,préfecture,Blitta,75-79,Urbain,Ensemble,39.0,colonnes
31,63,préfecture,Blitta,75-79,Rural,Hommes,257.0,colonnes
31,63,préfecture,Blitta,75-79,Rural,Femmes,413.0,colonnes
31,63,préfecture,Blitta,75-79,Rural,Ensemble,670.0,colonnes
31,63,préfecture,Blitta,75-79,Total,Hommes,266.0,colonnes
31,63,préfecture,Blitta,75-79,Total,Femmes,443.0,colonnes
31,63,préfecture,Blitta,75-79,Total,Ensemble,709.0,colonnes
31,63,préfecture,Blitta,80-84,Urbain,Hommes,16.0,colonnes
31,63,préfecture,Blitta,80-84,Urbain,Femmes,30.0,colonnes
31,63,préfecture,Blitta,80-84,Urbain,Ensemble,46.0,colonnes
31,63,préfecture,Blitta,80-84,Rural,Hommes,218.0,colonnes
31,63,préfecture,Blitta,80-84,Rural,Femmes,330.0,colonnes
31,63,préfecture,Blitta,80-84,Rural,Ensemble,548.0,colonnes
31,63,préfecture,Blitta,80-84,Total,Hommes,234.0,colonnes
31,63,préfecture,Blitta,80-84,Total,Femmes,360.0,colonnes
31,63,préfecture,Blitta,80-84,Total,Ensemble,594.0,colonnes
31,63,préfecture,Blitta,85 et +,Urbain,Hommes,8.0,colonnes
31,63,préfecture,Blitta,85 et +,Urbain,Femmes,23.0,colonnes
31,63,préfecture,Blitta,85 et +,Urbain,Ensemble,31.0,colonnes
31,63,préfecture,Blitta,85 et +,Rural,Hommes,250.0,colonnes
31,63,préfecture,Blitta,85 et +,Rural,Femmes,376.0,colonnes
31,63,préfecture,Blitta,85 et +,Rural,Ensemble,626.0,colonnes
31,63,préfecture,Blitta,85 et +,Total,Hommes,258.0,colonnes
31,63,préfecture,Blitta,85 et +,Total,Femmes,399.0,colonnes
31,63,préfecture,Blitta,85 et +,Total,Ensemble,657.0,colonnes
31,63,préfecture,Blitta,ND,Urbain,Hommes,,colonnes
31,63,préfecture,Blitta,ND,Urbain,Femmes,,colonnes
31,63,préfecture,Blitta,ND,Urbain,Ensemble,,colonnes
31,63,préfecture,Blitta,ND,Rural,Hommes,245.0,colonnes
31,63,préfecture,Blitta,ND,Rural,Femmes,347.0,colonnes
31,63,préfecture,Blitta,ND,Rural,Ensemble,592.0,colonnes
31,63,préfecture,Blitta,ND,Total,Hommes,245.0,colonnes
31,63,préfecture,Blitta,ND,Total,Femmes,347.0,colonnes
31,63,préfecture,Blitta,ND,Total,Ensemble,592.0,colonnes
31,63,préfecture,Blitta,Total,Urbain,Hommes,5404.0,colonnes
31,63,préfecture,Blitta,Total,Urbain,Femmes,5511.0,colonnes
31,63,préfecture,Blitta,Total,Urbain,Ensemble,10915.0,colonnes
31,63,préfecture,Blitta,Total,Rural,Hommes,76198.0,colonnes
31,63,préfecture,Blitta,Total,Rural,Femmes,76159.0,colonnes
31,63,préfecture,Blitta,Total,Rural,Ensemble,152357.0,colonnes
31,63,préfecture,Blitta,Total,Total,Hommes,81602.0,colonnes
31,63,préfecture,Blitta,Total,Total,Femmes,81670.0,colonnes
31,63,préfecture,Blitta,Total,Total,Ensemble,163272.0,colonnes
32,64,préfecture,Sotouboua,0,Urbain,Hommes,404.0,colonnes
32,64,préfecture,Sotouboua,0,Urbain,Femmes,374.0,colonnes
32,64,préfecture,Sotouboua,0,Urbain,Ensemble,778.0,colonnes
32,64,préfecture,Sotouboua,0,Rural,Hommes,1359.0,colonnes
32,64,préfecture,Sotouboua,0,Rural,Femmes,1293.0,colonnes
32,64,préfecture,Sotouboua,0,Rural,Ensemble,2652.0,colonnes
32,64,préfecture,Sotouboua,0,Total,Hommes,1763.0,colonnes
32,64,préfecture,Sotouboua,0,Total,Femmes,1667.0,colonnes
32,64,préfecture,Sotouboua,0,Total,Ensemble,3430.0,colonnes
32,64,préfecture,Sotouboua,1-4,Urbain,Hommes,1651.0,colonnes
32,64,préfecture,Sotouboua,1-4,Urbain,Femmes,1597.0,colonnes
32,64,préfecture,Sotouboua,1-4,Urbain,Ensemble,3248.0,colonnes
32,64,préfecture,Sotouboua,1-4,Rural,Hommes,6075.0,colonnes
32,64,préfecture,Sotouboua,1-4,Rural,Femmes,5966.0,colonnes
32,64,préfecture,Sotouboua,1-4,Rural,Ensemble,12041.0,colonnes
32,64,préfecture,Sotouboua,1-4,Total,Hommes,7726.0,colonnes
32,64,préfecture,Sotouboua,1-4,Total,Femmes,7563.0,colonnes
32,64,préfecture,Sotouboua,1-4,Total,Ensemble,15289.0,colonnes
32,64,préfecture,Sotouboua,5-9,Urbain,Hommes,2056.0,colonnes
32,64,préfecture,Sotouboua,5-9,Urbain,Femmes,2011.0,colonnes
32,64,préfecture,Sotouboua,5-9,Urbain,Ensemble,4067.0,colonnes
32,64,préfecture,Sotouboua,5-9,Rural,Hommes,7986.0,colonnes
32,64,préfecture,Sotouboua,5-9,Rural,Femmes,7487.0,colonnes
32,64,préfecture,Sotouboua,5-9,Rural,Ensemble,15473.0,colonnes
32,64,préfecture,Sotouboua,5-9,Total,Hommes,10042.0,colonnes
32,64,préfecture,Sotouboua,5-9,Total,Femmes,9498.0,colonnes
32,64,préfecture,Sotouboua,5-9,Total,Ensemble,19540.0,colonnes
32,64,préfecture,Sotouboua,10-14,Urbain,Hommes,2067.0,colonnes
32,64,préfecture,Sotouboua,10-14,Urbain,Femmes,2060.0,colonnes
32,64,préfecture,Sotouboua,10-14,Urbain,Ensemble,4127.0,colonnes
32,64,préfecture,Sotouboua,10-14,Rural,Hommes,7545.0,colonnes
32,64,préfecture,Sotouboua,10-14,Rural,Femmes,6711.0,colonnes
32,64,préfecture,Sotouboua,10-14,Rural,Ensemble,14256.0,colonnes
32,64,préfecture,Sotouboua,10-14,Total,Hommes,9612.0,colonnes
32,64,préfecture,Sotouboua,10-14,Total,Femmes,8771.0,colonnes
32,64,préfecture,Sotouboua,10-14,Total,Ensemble,18383.0,colonnes
32,64,préfecture,Sotouboua,15-19,Urbain,Hommes,2232.0,colonnes
32,64,préfecture,Sotouboua,15-19,Urbain,Femmes,2064.0,colonnes
32,64,préfecture,Sotouboua,15-19,Urbain,Ensemble,4296.0,colonnes
32,64,préfecture,Sotouboua,15-19,Rural,Hommes,5497.0,colonnes
32,64,préfecture,Sotouboua,15-19,Rural,Femmes,4599.0,colonnes
32,64,préfecture,Sotouboua,15-19,Rural,Ensemble,10096.0,colonnes
32,64,préfecture,Sotouboua,15-19,Total,Hommes,7729.0,colonnes
32,64,préfecture,Sotouboua,15-19,Total,Femmes,6663.0,colonnes
32,64,préfecture,Sotouboua,15-19,Total,Ensemble,14392.0,colonnes
32,64,préfecture,Sotouboua,20-24,Urbain,Hommes,1468.0,colonnes
32,64,préfecture,Sotouboua,20-24,Urbain,Femmes,1566.0,colonnes
32,64,préfecture,Sotouboua,20-24,Urbain,Ensemble,3034.0,colonnes
32,64,préfecture,Sotouboua,20-24,Rural,Hommes,3855.0,colonnes
32,64,préfecture,Sotouboua,20-24,Rural,Femmes,4269.0,colonnes
32,64,préfecture,Sotouboua,20-24,Rural,Ensemble,8124.0,colonnes
32,64,préfecture,Sotouboua,20-24,Total,Hommes,5323.0,colonnes
32,64,préfecture,Sotouboua,20-24,Total,Femmes,5835.0,colonnes
32,64,préfecture,Sotouboua,20-24,Total,Ensemble,11158.0,colonnes
32,64,préfecture,Sotouboua,25-29,Urbain,Hommes,1163.0,colonnes
32,64,préfecture,Sotouboua,25-29,Urbain,Femmes,1141.0,colonnes
32,64,préfecture,Sotouboua,25-29,Urbain,Ensemble,2304.0,colonnes
32,64,préfecture,Sotouboua,25-29,Rural,Hommes,3362.0,colonnes
32,64,préfecture,Sotouboua,25-29,Rural,Femmes,3392.0,colonnes
32,64,préfecture,Sotouboua,25-29,Rural,Ensemble,6754.0,colonnes
32,64,préfecture,Sotouboua,25-29,Total,Hommes,4525.0,colonnes
32,64,préfecture,Sotouboua,25-29,Total,Femmes,4533.0,colonnes
32,64,préfecture,Sotouboua,25-29,Total,Ensemble,9058.0,colonnes
32,64,préfecture,Sotouboua,30-34,Urbain,Hommes,1079.0,colonnes
32,64,préfecture,Sotouboua,30-34,Urbain,Femmes,1118.0,colonnes
32,64,préfecture,Sotouboua,30-34,Urbain,Ensemble,2197.0,colonnes
32,64,préfecture,Sotouboua,30-34,Rural,Hommes,3322.0,colonnes
32,64,préfecture,Sotouboua,30-34,Rural,Femmes,3425.0,colonnes
32,64,préfecture,Sotouboua,30-34,Rural,Ensemble,6747.0,colonnes
32,64,préfecture,Sotouboua,30-34,Total,Hommes,4401.0,colonnes
32,64,préfecture,Sotouboua,30-34,Total,Femmes,4543.0,colonnes
32,64,préfecture,Sotouboua,30-34,Total,Ensemble,8944.0,colonnes
32,64,préfecture,Sotouboua,35-39,Urbain,Hommes,888.0,colonnes
32,64,préfecture,Sotouboua,35-39,Urbain,Femmes,1019.0,colonnes
32,64,préfecture,Sotouboua,35-39,Urbain,Ensemble,1907.0,colonnes
32,64,préfecture,Sotouboua,35-39,Rural,Hommes,3059.0,colonnes
32,64,préfecture,Sotouboua,35-39,Rural,Femmes,3096.0,colonnes
32,64,préfecture,Sotouboua,35-39,Rural,Ensemble,6155.0,colonnes
32,64,préfecture,Sotouboua,35-39,Total,Hommes,3947.0,colonnes
32,64,préfecture,Sotouboua,35-39,Total,Femmes,4115.0,colonnes
32,64,préfecture,Sotouboua,35-39,Total,Ensemble,8062.0,colonnes
32,64,préfecture,Sotouboua,40-44,Urbain,Hommes,789.0,colonnes
32,64,préfecture,Sotouboua,40-44,Urbain,Femmes,709.0,colonnes
32,64,préfecture,Sotouboua,40-44,Urbain,Ensemble,1498.0,colonnes
32,64,préfecture,Sotouboua,40-44,Rural,Hommes,2456.0,colonnes
32,64,préfecture,Sotouboua,40-44,Rural,Femmes,2729.0,colonnes
32,64,préfecture,Sotouboua,40-44,Rural,Ensemble,5185.0,colonnes
32,64,préfecture,Sotouboua,40-44,Total,Hommes,3245.0,colonnes
32,64,préfecture,Sotouboua,40-44,Total,Femmes,3438.0,colonnes
32,64,préfecture,Sotouboua,40-44,Total,Ensemble,6683.0,colonnes
32,64,préfecture,Sotouboua,45-49,Urbain,Hommes,560.0,colonnes
32,64,préfecture,Sotouboua,45-49,Urbain,Femmes,626.0,colonnes
32,64,préfecture,Sotouboua,45-49,Urbain,Ensemble,1186.0,colonnes
32,64,préfecture,Sotouboua,45-49,Rural,Hommes,2075.0,colonnes
32,64,préfecture,Sotouboua,45-49,Rural,Femmes,2176.0,colonnes
32,64,préfecture,Sotouboua,45-49,Rural,Ensemble,4251.0,colonnes
32,64,préfecture,Sotouboua,45-49,Total,Hommes,2635.0,colonnes
32,64,préfecture,Sotouboua,45-49,Total,Femmes,2802.0,colonnes
32,64,préfecture,Sotouboua,45-49,Total,Ensemble,5437.0,colonnes
32,64,préfecture,Sotouboua,50-54,Urbain,Hommes,495.0,colonnes
32,64,préfecture,Sotouboua,50-54,Urbain,Femmes,570.0,colonnes
32,64,préfecture,Sotouboua,50-54,Urbain,Ensemble,1065.0,colonnes
32,64,préfecture,Sotouboua,50-54,Rural,Hommes,1991.0,colonnes
32,64,préfecture,Sotouboua,50-54,Rural,Femmes,2244.0,colonnes
32,64,préfecture,Sotouboua,50-54,Rural,Ensemble,4235.0,colonnes
32,64,préfecture,Sotouboua,50-54,Total,Hommes,2486.0,colonnes
32,64,préfecture,Sotouboua,50-54,Total,Femmes,2814.0,colonnes
32,64,préfecture,Sotouboua,50-54,Total,Ensemble,5300.0,colonnes
32,64,préfecture,Sotouboua,55-59,Urbain,Hommes,383.0,colonnes
32,64,préfecture,Sotouboua,55-59,Urbain,Femmes,482.0,colonnes
32,64,préfecture,Sotouboua,55-59,Urbain,Ensemble,865.0,colonnes
32,64,préfecture,Sotouboua,55-59,Rural,Hommes,1596.0,colonnes
32,64,préfecture,Sotouboua,55-59,Rural,Femmes,1612.0,colonnes
32,64,préfecture,Sotouboua,55-59,Rural,Ensemble,3208.0,colonnes
32,64,préfecture,Sotouboua,55-59,Total,Hommes,1979.0,colonnes
32,64,préfecture,Sotouboua,55-59,Total,Femmes,2094.0,colonnes
32,64,préfecture,Sotouboua,55-59,Total,Ensemble,4073.0,colonnes
32,64,préfecture,Sotouboua,60-64,Urbain,Hommes,289.0,colonnes
32,64,préfecture,Sotouboua,60-64,Urbain,Femmes,344.0,colonnes
32,64,préfecture,Sotouboua,60-64,Urbain,Ensemble,633.0,colonnes
32,64,préfecture,Sotouboua,60-64,Rural,Hommes,1151.0,colonnes
32,64,préfecture,Sotouboua,60-64,Rural,Femmes,1378.0,colonnes
32,64,préfecture,Sotouboua,60-64,Rural,Ensemble,2529.0,colonnes
32,64,préfecture,Sotouboua,60-64,Total,Hommes,1440.0,colonnes
32,64,préfecture,Sotouboua,60-64,Total,Femmes,1722.0,colonnes
32,64,préfecture,Sotouboua,60-64,Total,Ensemble,3162.0,colonnes
32,64,préfecture,Sotouboua,65-69,Urbain,Hommes,199.0,colonnes
32,64,préfecture,Sotouboua,65-69,Urbain,Femmes,238.0,colonnes
32,64,préfecture,Sotouboua,65-69,Urbain,Ensemble,437.0,colonnes
32,64,préfecture,Sotouboua,65-69,Rural,Hommes,605.0,colonnes
32,64,préfecture,Sotouboua,65-69,Rural,Femmes,777.0,colonnes
32,64,préfecture,Sotouboua,65-69,Rural,Ensemble,1382.0,colonnes
32,64,préfecture,Sotouboua,65-69,Total,Hommes,804.0,colonnes
32,64,préfecture,Sotouboua,65-69,Total,Femmes,1015.0,colonnes
32,64,préfecture,Sotouboua,65-69,Total,Ensemble,1819.0,colonnes
32,64,préfecture,Sotouboua,70-74,Urbain,Hommes,93.0,colonnes
32,64,préfecture,Sotouboua,70-74,Urbain,Femmes,168.0,colonnes
32,64,préfecture,Sotouboua,70-74,Urbain,Ensemble,261.0,colonnes
32,64,préfecture,Sotouboua,70-74,Rural,Hommes,467.0,colonnes
32,64,préfecture,Sotouboua,70-74,Rural,Femmes,729.0,colonnes
32,64,préfecture,Sotouboua,70-74,Rural,Ensemble,1196.0,colonnes
32,64,préfecture,Sotouboua,70-74,Total,Hommes,560.0,colonnes
32,64,préfecture,Sotouboua,70-74,Total,Femmes,897.0,colonnes
32,64,préfecture,Sotouboua,70-74,Total,Ensemble,1457.0,colonnes
32,64,préfecture,Sotouboua,75-79,Urbain,Hommes,30.0,colonnes
32,64,préfecture,Sotouboua,75-79,Urbain,Femmes,114.0,colonnes
32,64,préfecture,Sotouboua,75-79,Urbain,Ensemble,144.0,colonnes
32,64,préfecture,Sotouboua,75-79,Rural,Hommes,252.0,colonnes
32,64,préfecture,Sotouboua,75-79,Rural,Femmes,445.0,colonnes
32,64,préfecture,Sotouboua,75-79,Rural,Ensemble,697.0,colonnes
32,64,préfecture,Sotouboua,75-79,Total,Hommes,282.0,colonnes
32,64,préfecture,Sotouboua,75-79,Total,Femmes,559.0,colonnes
32,64,préfecture,Sotouboua,75-79,Total,Ensemble,841.0,colonnes
32,64,préfecture,Sotouboua,80-84,Urbain,Hommes,27.0,colonnes
32,64,préfecture,Sotouboua,80-84,Urbain,Femmes,102.0,colonnes
32,64,préfecture,Sotouboua,80-84,Urbain,Ensemble,129.0,colonnes
32,64,préfecture,Sotouboua,80-84,Rural,Hommes,186.0,colonnes
32,64,préfecture,Sotouboua,80-84,Rural,Femmes,336.0,colonnes
32,64,préfecture,Sotouboua,80-84,Rural,Ensemble,522.0,colonnes
32,64,préfecture,Sotouboua,80-84,Total,Hommes,213.0,colonnes
32,64,préfecture,Sotouboua,80-84,Total,Femmes,438.0,colonnes
32,64,préfecture,Sotouboua,80-84,Total,Ensemble,651.0,colonnes
32,64,préfecture,Sotouboua,85 et +,Urbain,Hommes,35.0,colonnes
32,64,préfecture,Sotouboua,85 et +,Urbain,Femmes,106.0,colonnes
32,64,préfecture,Sotouboua,85 et +,Urbain,Ensemble,141.0,colonnes
32,64,préfecture,Sotouboua,85 et +,Rural,Hommes,205.0,colonnes
32,64,préfecture,Sotouboua,85 et +,Rural,Femmes,402.0,colonnes
32,64,préfecture,Sotouboua,85 et +,Rural,Ensemble,607.0,colonnes
32,64,préfecture,Sotouboua,85 et +,Total,Hommes,240.0,colonnes
32,64,préfecture,Sotouboua,85 et +,Total,Femmes,508.0,colonnes
32,64,préfecture,Sotouboua,85 et +,Total,Ensemble,748.0,colonnes
32,64,préfecture,Sotouboua,ND,Urbain,Hommes,61.0,colonnes
32,64,préfecture,Sotouboua,ND,Urbain,Femmes,86.0,colonnes
32,64,préfecture,Sotouboua,ND,Urbain,Ensemble,147.0,colonnes
32,64,préfecture,Sotouboua,ND,Rural,Hommes,127.0,colonnes
32,64,préfecture,Sotouboua,ND,Rural,Femmes,163.0,colonnes
32,64,préfecture,Sotouboua,ND,Rural,Ensemble,290.0,colonnes
32,64,préfecture,Sotouboua,ND,Total,Hommes,188.0,colonnes
32,64,préfecture,Sotouboua,ND,Total,Femmes,249.0,colonnes
32,64,préfecture,Sotouboua,ND,Total,Ensemble,437.0,colonnes
32,64,préfecture,Sotouboua,Total,Urbain,Hommes,15969.0,colonnes
32,64,préfecture,Sotouboua,Total,Urbain,Femmes,16495.0,colonnes
32,64,préfecture,Sotouboua,Total,Urbain,Ensemble,32464.0,colonnes
32,64,préfecture,Sotouboua,Total,Rural,Hommes,53171.0,colonnes
32,64,préfecture,Sotouboua,Total,Rural,Femmes,53229.0,colonnes
32,64,préfecture,Sotouboua,Total,Rural,Ensemble,106400.0,colonnes
32,64,préfecture,Sotouboua,Total,Total,Hommes,69140.0,colonnes
32,64,préfecture,Sotouboua,Total,Total,Femmes,69724.0,colonnes
32,64,préfecture,Sotouboua,Total,Total,Ensemble,138864.0,colonnes
33,65,préfecture,Mô,0,Urbain,Hommes,116.0,colonnes
33,65,préfecture,Mô,0,Urbain,Femmes,116.0,colonnes
33,65,préfecture,Mô,0,Urbain,Ensemble,232.0,colonnes
33,65,préfecture,Mô,0,Rural,Hommes,632.0,colonnes
33,65,préfecture,Mô,0,Rural,Femmes,653.0,colonnes
33,65,préfecture,Mô,0,Rural,Ensemble,1285.0,colonnes
33,65,préfecture,Mô,0,Total,Hommes,748.0,colonnes
33,65,préfecture,Mô,0,Total,Femmes,769.0,colonnes
33,65,préfecture,Mô,0,Total,Ensemble,1517.0,colonnes
33,65,préfecture,Mô,1-4,Urbain,Hommes,553.0,colonnes
33,65,préfecture,Mô,1-4,Urbain,Femmes,519.0,colonnes
33,65,préfecture,Mô,1-4,Urbain,Ensemble,1072.0,colonnes
33,65,préfecture,Mô,1-4,Rural,Hommes,3180.0,colonnes
33,65,préfecture,Mô,1-4,Rural,Femmes,3102.0,colonnes
33,65,préfecture,Mô,1-4,Rural,Ensemble,6282.0,colonnes
33,65,préfecture,Mô,1-4,Total,Hommes,3733.0,colonnes
33,65,préfecture,Mô,1-4,Total,Femmes,3621.0,colonnes
33,65,préfecture,Mô,1-4,Total,Ensemble,7354.0,colonnes
33,65,préfecture,Mô,5-9,Urbain,Hommes,760.0,colonnes
33,65,préfecture,Mô,5-9,Urbain,Femmes,688.0,colonnes
33,65,préfecture,Mô,5-9,Urbain,Ensemble,1448.0,colonnes
33,65,préfecture,Mô,5-9,Rural,Hommes,4329.0,colonnes
33,65,préfecture,Mô,5-9,Rural,Femmes,4010.0,colonnes
33,65,préfecture,Mô,5-9,Rural,Ensemble,8339.0,colonnes
33,65,préfecture,Mô,5-9,Total,Hommes,5089.0,colonnes
33,65,préfecture,Mô,5-9,Total,Femmes,4698.0,colonnes
33,65,préfecture,Mô,5-9,Total,Ensemble,9787.0,colonnes
33,65,préfecture,Mô,10-14,Urbain,Hommes,612.0,colonnes
33,65,préfecture,Mô,10-14,Urbain,Femmes,514.0,colonnes
33,65,préfecture,Mô,10-14,Urbain,Ensemble,1126.0,colonnes
33,65,préfecture,Mô,10-14,Rural,Hommes,3010.0,colonnes
33,65,préfecture,Mô,10-14,Rural,Femmes,2604.0,colonnes
33,65,préfecture,Mô,10-14,Rural,Ensemble,5614.0,colonnes
33,65,préfecture,Mô,10-14,Total,Hommes,3622.0,colonnes
33,65,préfecture,Mô,10-14,Total,Femmes,3118.0,colonnes
33,65,préfecture,Mô,10-14,Total,Ensemble,6740.0,colonnes
33,65,préfecture,Mô,15-19,Urbain,Hommes,452.0,colonnes
33,65,préfecture,Mô,15-19,Urbain,Femmes,357.0,colonnes
33,65,préfecture,Mô,15-19,Urbain,Ensemble,809.0,colonnes
33,65,préfecture,Mô,15-19,Rural,Hommes,2163.0,colonnes
33,65,préfecture,Mô,15-19,Rural,Femmes,1742.0,colonnes
33,65,préfecture,Mô,15-19,Rural,Ensemble,3905.0,colonnes
33,65,préfecture,Mô,15-19,Total,Hommes,2615.0,colonnes
33,65,préfecture,Mô,15-19,Total,Femmes,2099.0,colonnes
33,65,préfecture,Mô,15-19,Total,Ensemble,4714.0,colonnes
33,65,préfecture,Mô,20-24,Urbain,Hommes,261.0,colonnes
33,65,préfecture,Mô,20-24,Urbain,Femmes,303.0,colonnes
33,65,préfecture,Mô,20-24,Urbain,Ensemble,564.0,colonnes
33,65,préfecture,Mô,20-24,Rural,Hommes,1591.0,colonnes
33,65,préfecture,Mô,20-24,Rural,Femmes,1941.0,colonnes
33,65,préfecture,Mô,20-24,Rural,Ensemble,3532.0,colonnes
33,65,préfecture,Mô,20-24,Total,Hommes,1852.0,colonnes
33,65,préfecture,Mô,20-24,Total,Femmes,2244.0,colonnes
33,65,préfecture,Mô,20-24,Total,Ensemble,4096.0,colonnes
33,65,préfecture,Mô,25-29,Urbain,Hommes,219.0,colonnes
33,65,préfecture,Mô,25-29,Urbain,Femmes,306.0,colonnes
33,65,préfecture,Mô,25-29,Urbain,Ensemble,525.0,colonnes
33,65,préfecture,Mô,25-29,Rural,Hommes,1322.0,colonnes
33,65,préfecture,Mô,25-29,Rural,Femmes,1688.0,colonnes
33,65,préfecture,Mô,25-29,Rural,Ensemble,3010.0,colonnes
33,65,préfecture,Mô,25-29,Total,Hommes,1541.0,colonnes
33,65,préfecture,Mô,25-29,Total,Femmes,1994.0,colonnes
33,65,préfecture,Mô,25-29,Total,Ensemble,3535.0,colonnes
33,65,préfecture,Mô,30-34,Urbain,Hommes,260.0,colonnes
33,65,préfecture,Mô,30-34,Urbain,Femmes,252.0,colonnes
33,65,préfecture,Mô,30-34,Urbain,Ensemble,512.0,colonnes
33,65,préfecture,Mô,30-34,Rural,Hommes,1327.0,colonnes
33,65,préfecture,Mô,30-34,Rural,Femmes,1470.0,colonnes
33,65,préfecture,Mô,30-34,Rural,Ensemble,2797.0,colonnes
33,65,préfecture,Mô,30-34,Total,Hommes,1587.0,colonnes
33,65,préfecture,Mô,30-34,Total,Femmes,1722.0,colonnes
33,65,préfecture,Mô,30-34,Total,Ensemble,3309.0,colonnes
33,65,préfecture,Mô,35-39,Urbain,Hommes,252.0,colonnes
33,65,préfecture,Mô,35-39,Urbain,Femmes,217.0,colonnes
33,65,préfecture,Mô,35-39,Urbain,Ensemble,469.0,colonnes
33,65,préfecture,Mô,35-39,Rural,Hommes,1183.0,colonnes
33,65,préfecture,Mô,35-39,Rural,Femmes,1246.0,colonnes
33,65,préfecture,Mô,35-39,Rural,Ensemble,2429.0,colonnes
33,65,préfecture,Mô,35-39,Total,Hommes,1435.0,colonnes
33,65,préfecture,Mô,35-39,Total,Femmes,1463.0,colonnes
33,65,préfecture,Mô,35-39,Total,Ensemble,2898.0,colonnes
33,65,préfecture,Mô,40-44,Urbain,Hommes,156.0,colonnes
33,65,préfecture,Mô,40-44,Urbain,Femmes,157.0,colonnes
33,65,préfecture,Mô,40-44,Urbain,Ensemble,313.0,colonnes
33,65,préfecture,Mô,40-44,Rural,Hommes,989.0,colonnes
33,65,préfecture,Mô,40-44,Rural,Femmes,929.0,colonnes
33,65,préfecture,Mô,40-44,Rural,Ensemble,1918.0,colonnes
33,65,préfecture,Mô,40-44,Total,Hommes,1145.0,colonnes
33,65,préfecture,Mô,40-44,Total,Femmes,1086.0,colonnes
33,65,préfecture,Mô,40-44,Total,Ensemble,2231.0,colonnes
33,65,préfecture,Mô,45-49,Urbain,Hommes,127.0,colonnes
33,65,préfecture,Mô,45-49,Urbain,Femmes,160.0,colonnes
33,65,préfecture,Mô,45-49,Urbain,Ensemble,287.0,colonnes
33,65,préfecture,Mô,45-49,Rural,Hommes,700.0,colonnes
33,65,préfecture,Mô,45-49,Rural,Femmes,624.0,colonnes
33,65,préfecture,Mô,45-49,Rural,Ensemble,1324.0,colonnes
33,65,préfecture,Mô,45-49,Total,Hommes,827.0,colonnes
33,65,préfecture,Mô,45-49,Total,Femmes,784.0,colonnes
33,65,préfecture,Mô,45-49,Total,Ensemble,1611.0,colonnes
33,65,préfecture,Mô,50-54,Urbain,Hommes,111.0,colonnes
33,65,préfecture,Mô,50-54,Urbain,Femmes,114.0,colonnes
33,65,préfecture,Mô,50-54,Urbain,Ensemble,225.0,colonnes
33,65,préfecture,Mô,50-54,Rural,Hommes,560.0,colonnes
33,65,préfecture,Mô,50-54,Rural,Femmes,633.0,colonnes
33,65,préfecture,Mô,50-54,Rural,Ensemble,1193.0,colonnes
33,65,préfecture,Mô,50-54,Total,Hommes,671.0,colonnes
33,65,préfecture,Mô,50-54,Total,Femmes,747.0,colonnes
33,65,préfecture,Mô,50-54,Total,Ensemble,1418.0,colonnes
33,65,préfecture,Mô,55-59,Urbain,Hommes,67.0,colonnes
33,65,préfecture,Mô,55-59,Urbain,Femmes,40.0,colonnes
33,65,préfecture,Mô,55-59,Urbain,Ensemble,107.0,colonnes
33,65,préfecture,Mô,55-59,Rural,Hommes,375.0,colonnes
33,65,préfecture,Mô,55-59,Rural,Femmes,368.0,colonnes
33,65,préfecture,Mô,55-59,Rural,Ensemble,743.0,colonnes
33,65,préfecture,Mô,55-59,Total,Hommes,442.0,colonnes
33,65,préfecture,Mô,55-59,Total,Femmes,408.0,colonnes
33,65,préfecture,Mô,55-59,Total,Ensemble,850.0,colonnes
33,65,préfecture,Mô,60-64,Urbain,Hommes,55.0,colonnes
33,65,préfecture,Mô,60-64,Urbain,Femmes,78.0,colonnes
33,65,préfecture,Mô,60-64,Urbain,Ensemble,133.0,colonnes
33,65,préfecture,Mô,60-64,Rural,Hommes,344.0,colonnes
33,65,préfecture,Mô,60-64,Rural,Femmes,306.0,colonnes
33,65,préfecture,Mô,60-64,Rural,Ensemble,650.0,colonnes
33,65,préfecture,Mô,60-64,Total,Hommes,399.0,colonnes
33,65,préfecture,Mô,60-64,Total,Femmes,384.0,colonnes
33,65,préfecture,Mô,60-64,Total,Ensemble,783.0,colonnes
33,65,préfecture,Mô,65-69,Urbain,Hommes,30.0,colonnes
33,65,préfecture,Mô,65-69,Urbain,Femmes,30.0,colonnes
33,65,préfecture,Mô,65-69,Urbain,Ensemble,60.0,colonnes
33,65,préfecture,Mô,65-69,Rural,Hommes,180.0,colonnes
33,65,préfecture,Mô,65-69,Rural,Femmes,202.0,colonnes
33,65,préfecture,Mô,65-69,Rural,Ensemble,382.0,colonnes
33,65,préfecture,Mô,65-69,Total,Hommes,210.0,colonnes
33,65,préfecture,Mô,65-69,Total,Femmes,232.0,colonnes
33,65,préfecture,Mô,65-69,Total,Ensemble,442.0,colonnes
33,65,préfecture,Mô,70-74,Urbain,Hommes,36.0,colonnes
33,65,préfecture,Mô,70-74,Urbain,Femmes,47.0,colonnes
33,65,préfecture,Mô,70-74,Urbain,Ensemble,83.0,colonnes
33,65,préfecture,Mô,70-74,Rural,Hommes,172.0,colonnes
33,65,préfecture,Mô,70-74,Rural,Femmes,175.0,colonnes
33,65,préfecture,Mô,70-74,Rural,Ensemble,347.0,colonnes
33,65,préfecture,Mô,70-74,Total,Hommes,208.0,colonnes
33,65,préfecture,Mô,70-74,Total,Femmes,222.0,colonnes
33,65,préfecture,Mô,70-74,Total,Ensemble,430.0,colonnes
33,65,préfecture,Mô,75-79,Urbain,Hommes,29.0,colonnes
33,65,préfecture,Mô,75-79,Urbain,Femmes,11.0,colonnes
33,65,préfecture,Mô,75-79,Urbain,Ensemble,40.0,colonnes
33,65,préfecture,Mô,75-79,Rural,Hommes,81.0,colonnes
33,65,préfecture,Mô,75-79,Rural,Femmes,102.0,colonnes
33,65,préfecture,Mô,75-79,Rural,Ensemble,183.0,colonnes
33,65,préfecture,Mô,75-79,Total,Hommes,110.0,colonnes
33,65,préfecture,Mô,75-79,Total,Femmes,113.0,colonnes
33,65,préfecture,Mô,75-79,Total,Ensemble,223.0,colonnes
33,65,préfecture,Mô,80-84,Urbain,Hommes,20.0,colonnes
33,65,préfecture,Mô,80-84,Urbain,Femmes,16.0,colonnes
33,65,préfecture,Mô,80-84,Urbain,Ensemble,36.0,colonnes
33,65,préfecture,Mô,80-84,Rural,Hommes,88.0,colonnes
33,65,préfecture,Mô,80-84,Rural,Femmes,94.0,colonnes
33,65,préfecture,Mô,80-84,Rural,Ensemble,182.0,colonnes
33,65,préfecture,Mô,80-84,Total,Hommes,108.0,colonnes
33,65,préfecture,Mô,80-84,Total,Femmes,110.0,colonnes
33,65,préfecture,Mô,80-84,Total,Ensemble,218.0,colonnes
33,65,préfecture,Mô,85 et +,Urbain,Hommes,20.0,colonnes
33,65,préfecture,Mô,85 et +,Urbain,Femmes,27.0,colonnes
33,65,préfecture,Mô,85 et +,Urbain,Ensemble,47.0,colonnes
33,65,préfecture,Mô,85 et +,Rural,Hommes,88.0,colonnes
33,65,préfecture,Mô,85 et +,Rural,Femmes,95.0,colonnes
33,65,préfecture,Mô,85 et +,Rural,Ensemble,183.0,colonnes
33,65,préfecture,Mô,85 et +,Total,Hommes,108.0,colonnes
33,65,préfecture,Mô,85 et +,Total,Femmes,122.0,colonnes
33,65,préfecture,Mô,85 et +,Total,Ensemble,230.0,colonnes
33,65,préfecture,Mô,ND,Urbain,Hommes,15.0,colonnes
33,65,préfecture,Mô,ND,Urbain,Femmes,10.0,colonnes
33,65,préfecture,Mô,ND,Urbain,Ensemble,25.0,colonnes
33,65,préfecture,Mô,ND,Rural,Hommes,23.0,colonnes
33,65,préfecture,Mô,ND,Rural,Femmes,14.0,colonnes
33,65,préfecture,Mô,ND,Rural,Ensemble,37.0,colonnes
33,65,préfecture,Mô,ND,Total,Hommes,38.0,colonnes
33,65,préfecture,Mô,ND,Total,Femmes,24.0,colonnes
33,65,préfecture,Mô,ND,Total,Ensemble,62.0,colonnes
33,65,préfecture,Mô,Total,Urbain,Hommes,4151.0,colonnes
33,65,préfecture,Mô,Total,Urbain,Femmes,3962.0,colonnes
33,65,préfecture,Mô,Total,Urbain,Ensemble,8113.0,colonnes
33,65,préfecture,Mô,Total,Rural,Hommes,22337.0,colonnes
33,65,préfecture,Mô,Total,Rural,Femmes,21998.0,colonnes
33,65,préfecture,Mô,Total,Rural,Ensemble,44335.0,colonnes
33,65,préfecture,Mô,Total,Total,Hommes,26488.0,colonnes
33,65,préfecture,Mô,Total,Total,Femmes,25960.0,colonnes
33,65,préfecture,Mô,Total,Total,Ensemble,52448.0,colonnes
34,69,préfecture,Kozah,0,Urbain,Hommes,1793.0,colonnes
34,69,préfecture,Kozah,0,Urbain,Femmes,1752.0,colonnes
34,69,préfecture,Kozah,0,Urbain,Ensemble,3545.0,colonnes
34,69,préfecture,Kozah,0,Rural,Hommes,1532.0,colonnes
34,69,préfecture,Kozah,0,Rural,Femmes,1494.0,colonnes
34,69,préfecture,Kozah,0,Rural,Ensemble,3026.0,colonnes
34,69,préfecture,Kozah,0,Total,Hommes,3325.0,colonnes
34,69,préfecture,Kozah,0,Total,Femmes,3246.0,colonnes
34,69,préfecture,Kozah,0,Total,Ensemble,6571.0,colonnes
34,69,préfecture,Kozah,1-4,Urbain,Hommes,6953.0,colonnes
34,69,préfecture,Kozah,1-4,Urbain,Femmes,6859.0,colonnes
34,69,préfecture,Kozah,1-4,Urbain,Ensemble,13812.0,colonnes
34,69,préfecture,Kozah,1-4,Rural,Hommes,6064.0,colonnes
34,69,préfecture,Kozah,1-4,Rural,Femmes,6213.0,colonnes
34,69,préfecture,Kozah,1-4,Rural,Ensemble,12277.0,colonnes
34,69,préfecture,Kozah,1-4,Total,Hommes,13017.0,colonnes
34,69,préfecture,Kozah,1-4,Total,Femmes,13072.0,colonnes
34,69,préfecture,Kozah,1-4,Total,Ensemble,26089.0,colonnes
34,69,préfecture,Kozah,5-9,Urbain,Hommes,8714.0,colonnes
34,69,préfecture,Kozah,5-9,Urbain,Femmes,8705.0,colonnes
34,69,préfecture,Kozah,5-9,Urbain,Ensemble,17419.0,colonnes
34,69,préfecture,Kozah,5-9,Rural,Hommes,8658.0,colonnes
34,69,préfecture,Kozah,5-9,Rural,Femmes,8327.0,colonnes
34,69,préfecture,Kozah,5-9,Rural,Ensemble,16985.0,colonnes
34,69,préfecture,Kozah,5-9,Total,Hommes,17372.0,colonnes
34,69,préfecture,Kozah,5-9,Total,Femmes,17032.0,colonnes
34,69,préfecture,Kozah,5-9,Total,Ensemble,34404.0,colonnes
34,69,préfecture,Kozah,10-14,Urbain,Hommes,8470.0,colonnes
34,69,préfecture,Kozah,10-14,Urbain,Femmes,9142.0,colonnes
34,69,préfecture,Kozah,10-14,Urbain,Ensemble,17612.0,colonnes
34,69,préfecture,Kozah,10-14,Rural,Hommes,8381.0,colonnes
34,69,préfecture,Kozah,10-14,Rural,Femmes,7555.0,colonnes
34,69,préfecture,Kozah,10-14,Rural,Ensemble,15936.0,colonnes
34,69,préfecture,Kozah,10-14,Total,Hommes,16851.0,colonnes
34,69,préfecture,Kozah,10-14,Total,Femmes,16697.0,colonnes
34,69,préfecture,Kozah,10-14,Total,Ensemble,33548.0,colonnes
34,69,préfecture,Kozah,15-19,Urbain,Hommes,9871.0,colonnes
34,69,préfecture,Kozah,15-19,Urbain,Femmes,9933.0,colonnes
34,69,préfecture,Kozah,15-19,Urbain,Ensemble,19804.0,colonnes
34,69,préfecture,Kozah,15-19,Rural,Hommes,7662.0,colonnes
34,69,préfecture,Kozah,15-19,Rural,Femmes,6054.0,colonnes
34,69,préfecture,Kozah,15-19,Rural,Ensemble,13716.0,colonnes
34,69,préfecture,Kozah,15-19,Total,Hommes,17533.0,colonnes
34,69,préfecture,Kozah,15-19,Total,Femmes,15987.0,colonnes
34,69,préfecture,Kozah,15-19,Total,Ensemble,33520.0,colonnes
34,69,préfecture,Kozah,20-24,Urbain,Hommes,12288.0,colonnes
34,69,préfecture,Kozah,20-24,Urbain,Femmes,9793.0,colonnes
34,69,préfecture,Kozah,20-24,Urbain,Ensemble,22081.0,colonnes
34,69,préfecture,Kozah,20-24,Rural,Hommes,5823.0,colonnes
34,69,préfecture,Kozah,20-24,Rural,Femmes,4907.0,colonnes
34,69,préfecture,Kozah,20-24,Rural,Ensemble,10730.0,colonnes
34,69,préfecture,Kozah,20-24,Total,Hommes,18111.0,colonnes
34,69,préfecture,Kozah,20-24,Total,Femmes,14700.0,colonnes
34,69,préfecture,Kozah,20-24,Total,Ensemble,32811.0,colonnes
34,69,préfecture,Kozah,25-29,Urbain,Hommes,7686.0,colonnes
34,69,préfecture,Kozah,25-29,Urbain,Femmes,6651.0,colonnes
34,69,préfecture,Kozah,25-29,Urbain,Ensemble,14337.0,colonnes
34,69,préfecture,Kozah,25-29,Rural,Hommes,3975.0,colonnes
34,69,préfecture,Kozah,25-29,Rural,Femmes,3825.0,colonnes
34,69,préfecture,Kozah,25-29,Rural,Ensemble,7800.0,colonnes
34,69,préfecture,Kozah,25-29,Total,Hommes,11661.0,colonnes
34,69,préfecture,Kozah,25-29,Total,Femmes,10476.0,colonnes
34,69,préfecture,Kozah,25-29,Total,Ensemble,22137.0,colonnes
34,69,préfecture,Kozah,30-34,Urbain,Hommes,5855.0,colonnes
34,69,préfecture,Kozah,30-34,Urbain,Femmes,5818.0,colonnes
34,69,préfecture,Kozah,30-34,Urbain,Ensemble,11673.0,colonnes
34,69,préfecture,Kozah,30-34,Rural,Hommes,3702.0,colonnes
34,69,préfecture,Kozah,30-34,Rural,Femmes,3738.0,colonnes
34,69,préfecture,Kozah,30-34,Rural,Ensemble,7440.0,colonnes
34,69,préfecture,Kozah,30-34,Total,Hommes,9557.0,colonnes
34,69,préfecture,Kozah,30-34,Total,Femmes,9556.0,colonnes
34,69,préfecture,Kozah,30-34,Total,Ensemble,19113.0,colonnes
34,69,préfecture,Kozah,35-39,Urbain,Hommes,4808.0,colonnes
34,69,préfecture,Kozah,35-39,Urbain,Femmes,4811.0,colonnes
34,69,préfecture,Kozah,35-39,Urbain,Ensemble,9619.0,colonnes
34,69,préfecture,Kozah,35-39,Rural,Hommes,3340.0,colonnes
34,69,préfecture,Kozah,35-39,Rural,Femmes,3565.0,colonnes
34,69,préfecture,Kozah,35-39,Rural,Ensemble,6905.0,colonnes
34,69,préfecture,Kozah,35-39,Total,Hommes,8148.0,colonnes
34,69,préfecture,Kozah,35-39,Total,Femmes,8376.0,colonnes
34,69,préfecture,Kozah,35-39,Total,Ensemble,16524.0,colonnes
34,69,préfecture,Kozah,40-44,Urbain,Hommes,3564.0,colonnes
34,69,préfecture,Kozah,40-44,Urbain,Femmes,3563.0,colonnes
34,69,préfecture,Kozah,40-44,Urbain,Ensemble,7127.0,colonnes
34,69,préfecture,Kozah,40-44,Rural,Hommes,2550.0,colonnes
34,69,préfecture,Kozah,40-44,Rural,Femmes,3104.0,colonnes
34,69,préfecture,Kozah,40-44,Rural,Ensemble,5654.0,colonnes
34,69,préfecture,Kozah,40-44,Total,Hommes,6114.0,colonnes
34,69,préfecture,Kozah,40-44,Total,Femmes,6667.0,colonnes
34,69,préfecture,Kozah,40-44,Total,Ensemble,12781.0,colonnes
34,69,préfecture,Kozah,45-49,Urbain,Hommes,2664.0,colonnes
34,69,préfecture,Kozah,45-49,Urbain,Femmes,2796.0,colonnes
34,69,préfecture,Kozah,45-49,Urbain,Ensemble,5460.0,colonnes
34,69,préfecture,Kozah,45-49,Rural,Hommes,2253.0,colonnes
34,69,préfecture,Kozah,45-49,Rural,Femmes,2648.0,colonnes
34,69,préfecture,Kozah,45-49,Rural,Ensemble,4901.0,colonnes
34,69,préfecture,Kozah,45-49,Total,Hommes,4917.0,colonnes
34,69,préfecture,Kozah,45-49,Total,Femmes,5444.0,colonnes
34,69,préfecture,Kozah,45-49,Total,Ensemble,10361.0,colonnes
34,69,préfecture,Kozah,50-54,Urbain,Hommes,2218.0,colonnes
34,69,préfecture,Kozah,50-54,Urbain,Femmes,2400.0,colonnes
34,69,préfecture,Kozah,50-54,Urbain,Ensemble,4618.0,colonnes
34,69,préfecture,Kozah,50-54,Rural,Hommes,2023.0,colonnes
34,69,préfecture,Kozah,50-54,Rural,Femmes,2680.0,colonnes
34,69,préfecture,Kozah,50-54,Rural,Ensemble,4703.0,colonnes
34,69,préfecture,Kozah,50-54,Total,Hommes,4241.0,colonnes
34,69,préfecture,Kozah,50-54,Total,Femmes,5080.0,colonnes
34,69,préfecture,Kozah,50-54,Total,Ensemble,9321.0,colonnes
34,69,préfecture,Kozah,55-59,Urbain,Hommes,1764.0,colonnes
34,69,préfecture,Kozah,55-59,Urbain,Femmes,1929.0,colonnes
34,69,préfecture,Kozah,55-59,Urbain,Ensemble,3693.0,colonnes
34,69,préfecture,Kozah,55-59,Rural,Hommes,1776.0,colonnes
34,69,préfecture,Kozah,55-59,Rural,Femmes,2204.0,colonnes
34,69,préfecture,Kozah,55-59,Rural,Ensemble,3980.0,colonnes
34,69,préfecture,Kozah,55-59,Total,Hommes,3540.0,colonnes
34,69,préfecture,Kozah,55-59,Total,Femmes,4133.0,colonnes
34,69,préfecture,Kozah,55-59,Total,Ensemble,7673.0,colonnes
34,69,préfecture,Kozah,60-64,Urbain,Hommes,1201.0,colonnes
34,69,préfecture,Kozah,60-64,Urbain,Femmes,1490.0,colonnes
34,69,préfecture,Kozah,60-64,Urbain,Ensemble,2691.0,colonnes
34,69,préfecture,Kozah,60-64,Rural,Hommes,1280.0,colonnes
34,69,préfecture,Kozah,60-64,Rural,Femmes,2005.0,colonnes
34,69,préfecture,Kozah,60-64,Rural,Ensemble,3285.0,colonnes
34,69,préfecture,Kozah,60-64,Total,Hommes,2481.0,colonnes
34,69,préfecture,Kozah,60-64,Total,Femmes,3495.0,colonnes
34,69,préfecture,Kozah,60-64,Total,Ensemble,5976.0,colonnes
34,69,préfecture,Kozah,65-69,Urbain,Hommes,741.0,colonnes
34,69,préfecture,Kozah,65-69,Urbain,Femmes,943.0,colonnes
34,69,préfecture,Kozah,65-69,Urbain,Ensemble,1684.0,colonnes
34,69,préfecture,Kozah,65-69,Rural,Hommes,808.0,colonnes
34,69,préfecture,Kozah,65-69,Rural,Femmes,1579.0,colonnes
34,69,préfecture,Kozah,65-69,Rural,Ensemble,2387.0,colonnes
34,69,préfecture,Kozah,65-69,Total,Hommes,1549.0,colonnes
34,69,préfecture,Kozah,65-69,Total,Femmes,2522.0,colonnes
34,69,préfecture,Kozah,65-69,Total,Ensemble,4071.0,colonnes
34,69,préfecture,Kozah,70-74,Urbain,Hommes,400.0,colonnes
34,69,préfecture,Kozah,70-74,Urbain,Femmes,636.0,colonnes
34,69,préfecture,Kozah,70-74,Urbain,Ensemble,1036.0,colonnes
34,69,préfecture,Kozah,70-74,Rural,Hommes,609.0,colonnes
34,69,préfecture,Kozah,70-74,Rural,Femmes,1391.0,colonnes
34,69,préfecture,Kozah,70-74,Rural,Ensemble,2000.0,colonnes
34,69,préfecture,Kozah,70-74,Total,Hommes,1009.0,colonnes
34,69,préfecture,Kozah,70-74,Total,Femmes,2027.0,colonnes
34,69,préfecture,Kozah,70-74,Total,Ensemble,3036.0,colonnes
34,69,préfecture,Kozah,75-79,Urbain,Hommes,171.0,colonnes
34,69,préfecture,Kozah,75-79,Urbain,Femmes,378.0,colonnes
34,69,préfecture,Kozah,75-79,Urbain,Ensemble,549.0,colonnes
34,69,préfecture,Kozah,75-79,Rural,Hommes,407.0,colonnes
34,69,préfecture,Kozah,75-79,Rural,Femmes,1027.0,colonnes
34,69,préfecture,Kozah,75-79,Rural,Ensemble,1434.0,colonnes
34,69,préfecture,Kozah,75-79,Total,Hommes,578.0,colonnes
34,69,préfecture,Kozah,75-79,Total,Femmes,1405.0,colonnes
34,69,préfecture,Kozah,75-79,Total,Ensemble,1983.0,colonnes
34,69,préfecture,Kozah,80-84,Urbain,Hommes,94.0,colonnes
34,69,préfecture,Kozah,80-84,Urbain,Femmes,256.0,colonnes
34,69,préfecture,Kozah,80-84,Urbain,Ensemble,350.0,colonnes
34,69,préfecture,Kozah,80-84,Rural,Hommes,275.0,colonnes
34,69,préfecture,Kozah,80-84,Rural,Femmes,724.0,colonnes
34,69,préfecture,Kozah,80-84,Rural,Ensemble,999.0,colonnes
34,69,préfecture,Kozah,80-84,Total,Hommes,369.0,colonnes
34,69,préfecture,Kozah,80-84,Total,Femmes,980.0,colonnes
34,69,préfecture,Kozah,80-84,Total,Ensemble,1349.0,colonnes
34,69,préfecture,Kozah,85 et +,Urbain,Hommes,122.0,colonnes
34,69,préfecture,Kozah,85 et +,Urbain,Femmes,396.0,colonnes
34,69,préfecture,Kozah,85 et +,Urbain,Ensemble,518.0,colonnes
34,69,préfecture,Kozah,85 et +,Rural,Hommes,411.0,colonnes
34,69,préfecture,Kozah,85 et +,Rural,Femmes,974.0,colonnes
34,69,préfecture,Kozah,85 et +,Rural,Ensemble,1385.0,colonnes
34,69,préfecture,Kozah,85 et +,Total,Hommes,533.0,colonnes
34,69,préfecture,Kozah,85 et +,Total,Femmes,1370.0,colonnes
34,69,préfecture,Kozah,85 et +,Total,Ensemble,1903.0,colonnes
34,69,préfecture,Kozah,ND,Urbain,Hommes,236.0,colonnes
34,69,préfecture,Kozah,ND,Urbain,Femmes,226.0,colonnes
34,69,préfecture,Kozah,ND,Urbain,Ensemble,462.0,colonnes
34,69,préfecture,Kozah,ND,Rural,Hommes,46.0,colonnes
34,69,préfecture,Kozah,ND,Rural,Femmes,59.0,colonnes
34,69,préfecture,Kozah,ND,Rural,Ensemble,105.0,colonnes
34,69,préfecture,Kozah,ND,Total,Hommes,282.0,colonnes
34,69,préfecture,Kozah,ND,Total,Femmes,285.0,colonnes
34,69,préfecture,Kozah,ND,Total,Ensemble,567.0,colonnes
34,69,préfecture,Kozah,Total,Urbain,Hommes,79613.0,colonnes
34,69,préfecture,Kozah,Total,Urbain,Femmes,78477.0,colonnes
34,69,préfecture,Kozah,Total,Urbain,Ensemble,158090.0,colonnes
34,69,préfecture,Kozah,Total,Rural,Hommes,61575.0,colonnes
34,69,préfecture,Kozah,Total,Rural,Femmes,64073.0,colonnes
34,69,préfecture,Kozah,Total,Rural,Ensemble,125648.0,colonnes
34,69,préfecture,Kozah,Total,Total,Hommes,141188.0,colonnes
34,69,préfecture,Kozah,Total,Total,Femmes,142550.0,colonnes
34,69,préfecture,Kozah,Total,Total,Ensemble,283738.0,colonnes
35,70,préfecture,Assoli,0,Urbain,Hommes,301.0,colonnes
35,70,préfecture,Assoli,0,Urbain,Femmes,260.0,colonnes
35,70,préfecture,Assoli,0,Urbain,Ensemble,561.0,colonnes
35,70,préfecture,Assoli,0,Rural,Hommes,672.0,colonnes
35,70,préfecture,Assoli,0,Rural,Femmes,606.0,colonnes
35,70,préfecture,Assoli,0,Rural,Ensemble,1278.0,colonnes
35,70,préfecture,Assoli,0,Total,Hommes,973.0,colonnes
35,70,préfecture,Assoli,0,Total,Femmes,866.0,colonnes
35,70,préfecture,Assoli,0,Total,Ensemble,1839.0,colonnes
35,70,préfecture,Assoli,1-4,Urbain,Hommes,1259.0,colonnes
35,70,préfecture,Assoli,1-4,Urbain,Femmes,1151.0,colonnes
35,70,préfecture,Assoli,1-4,Urbain,Ensemble,2410.0,colonnes
35,70,préfecture,Assoli,1-4,Rural,Hommes,2962.0,colonnes
35,70,préfecture,Assoli,1-4,Rural,Femmes,2765.0,colonnes
35,70,préfecture,Assoli,1-4,Rural,Ensemble,5727.0,colonnes
35,70,préfecture,Assoli,1-4,Total,Hommes,4221.0,colonnes
35,70,préfecture,Assoli,1-4,Total,Femmes,3916.0,colonnes
35,70,préfecture,Assoli,1-4,Total,Ensemble,8137.0,colonnes
35,70,préfecture,Assoli,5-9,Urbain,Hommes,1890.0,colonnes
35,70,préfecture,Assoli,5-9,Urbain,Femmes,1598.0,colonnes
35,70,préfecture,Assoli,5-9,Urbain,Ensemble,3488.0,colonnes
35,70,préfecture,Assoli,5-9,Rural,Hommes,3644.0,colonnes
35,70,préfecture,Assoli,5-9,Rural,Femmes,3247.0,colonnes
35,70,préfecture,Assoli,5-9,Rural,Ensemble,6891.0,colonnes
35,70,préfecture,Assoli,5-9,Total,Hommes,5534.0,colonnes
35,70,préfecture,Assoli,5-9,Total,Femmes,4845.0,colonnes
35,70,préfecture,Assoli,5-9,Total,Ensemble,10379.0,colonnes
35,70,préfecture,Assoli,10-14,Urbain,Hommes,1809.0,colonnes
35,70,préfecture,Assoli,10-14,Urbain,Femmes,1480.0,colonnes
35,70,préfecture,Assoli,10-14,Urbain,Ensemble,3289.0,colonnes
35,70,préfecture,Assoli,10-14,Rural,Hommes,3078.0,colonnes
35,70,préfecture,Assoli,10-14,Rural,Femmes,2606.0,colonnes
35,70,préfecture,Assoli,10-14,Rural,Ensemble,5684.0,colonnes
35,70,préfecture,Assoli,10-14,Total,Hommes,4887.0,colonnes
35,70,préfecture,Assoli,10-14,Total,Femmes,4086.0,colonnes
35,70,préfecture,Assoli,10-14,Total,Ensemble,8973.0,colonnes
35,70,préfecture,Assoli,15-19,Urbain,Hommes,1436.0,colonnes
35,70,préfecture,Assoli,15-19,Urbain,Femmes,1223.0,colonnes
35,70,préfecture,Assoli,15-19,Urbain,Ensemble,2659.0,colonnes
35,70,préfecture,Assoli,15-19,Rural,Hommes,2066.0,colonnes
35,70,préfecture,Assoli,15-19,Rural,Femmes,1862.0,colonnes
35,70,préfecture,Assoli,15-19,Rural,Ensemble,3928.0,colonnes
35,70,préfecture,Assoli,15-19,Total,Hommes,3502.0,colonnes
35,70,préfecture,Assoli,15-19,Total,Femmes,3085.0,colonnes
35,70,préfecture,Assoli,15-19,Total,Ensemble,6587.0,colonnes
35,70,préfecture,Assoli,20-24,Urbain,Hommes,997.0,colonnes
35,70,préfecture,Assoli,20-24,Urbain,Femmes,985.0,colonnes
35,70,préfecture,Assoli,20-24,Urbain,Ensemble,1982.0,colonnes
35,70,préfecture,Assoli,20-24,Rural,Hommes,1498.0,colonnes
35,70,préfecture,Assoli,20-24,Rural,Femmes,1772.0,colonnes
35,70,préfecture,Assoli,20-24,Rural,Ensemble,3270.0,colonnes
35,70,préfecture,Assoli,20-24,Total,Hommes,2495.0,colonnes
35,70,préfecture,Assoli,20-24,Total,Femmes,2757.0,colonnes
35,70,préfecture,Assoli,20-24,Total,Ensemble,5252.0,colonnes
35,70,préfecture,Assoli,25-29,Urbain,Hommes,690.0,colonnes
35,70,préfecture,Assoli,25-29,Urbain,Femmes,784.0,colonnes
35,70,préfecture,Assoli,25-29,Urbain,Ensemble,1474.0,colonnes
35,70,préfecture,Assoli,25-29,Rural,Hommes,1170.0,colonnes
35,70,préfecture,Assoli,25-29,Rural,Femmes,1554.0,colonnes
35,70,préfecture,Assoli,25-29,Rural,Ensemble,2724.0,colonnes
35,70,préfecture,Assoli,25-29,Total,Hommes,1860.0,colonnes
35,70,préfecture,Assoli,25-29,Total,Femmes,2338.0,colonnes
35,70,préfecture,Assoli,25-29,Total,Ensemble,4198.0,colonnes
35,70,préfecture,Assoli,30-34,Urbain,Hommes,668.0,colonnes
35,70,préfecture,Assoli,30-34,Urbain,Femmes,705.0,colonnes
35,70,préfecture,Assoli,30-34,Urbain,Ensemble,1373.0,colonnes
35,70,préfecture,Assoli,30-34,Rural,Hommes,1239.0,colonnes
35,70,préfecture,Assoli,30-34,Rural,Femmes,1433.0,colonnes
35,70,préfecture,Assoli,30-34,Rural,Ensemble,2672.0,colonnes
35,70,préfecture,Assoli,30-34,Total,Hommes,1907.0,colonnes
35,70,préfecture,Assoli,30-34,Total,Femmes,2138.0,colonnes
35,70,préfecture,Assoli,30-34,Total,Ensemble,4045.0,colonnes
35,70,préfecture,Assoli,35-39,Urbain,Hommes,662.0,colonnes
35,70,préfecture,Assoli,35-39,Urbain,Femmes,723.0,colonnes
35,70,préfecture,Assoli,35-39,Urbain,Ensemble,1385.0,colonnes
35,70,préfecture,Assoli,35-39,Rural,Hommes,1020.0,colonnes
35,70,préfecture,Assoli,35-39,Rural,Femmes,1078.0,colonnes
35,70,préfecture,Assoli,35-39,Rural,Ensemble,2098.0,colonnes
35,70,préfecture,Assoli,35-39,Total,Hommes,1682.0,colonnes
35,70,préfecture,Assoli,35-39,Total,Femmes,1801.0,colonnes
35,70,préfecture,Assoli,35-39,Total,Ensemble,3483.0,colonnes
35,70,préfecture,Assoli,40-44,Urbain,Hommes,479.0,colonnes
35,70,préfecture,Assoli,40-44,Urbain,Femmes,605.0,colonnes
35,70,préfecture,Assoli,40-44,Urbain,Ensemble,1084.0,colonnes
35,70,préfecture,Assoli,40-44,Rural,Hommes,897.0,colonnes
35,70,préfecture,Assoli,40-44,Rural,Femmes,977.0,colonnes
35,70,préfecture,Assoli,40-44,Rural,Ensemble,1874.0,colonnes
35,70,préfecture,Assoli,40-44,Total,Hommes,1376.0,colonnes
35,70,préfecture,Assoli,40-44,Total,Femmes,1582.0,colonnes
35,70,préfecture,Assoli,40-44,Total,Ensemble,2958.0,colonnes
35,70,préfecture,Assoli,45-49,Urbain,Hommes,389.0,colonnes
35,70,préfecture,Assoli,45-49,Urbain,Femmes,406.0,colonnes
35,70,préfecture,Assoli,45-49,Urbain,Ensemble,795.0,colonnes
35,70,préfecture,Assoli,45-49,Rural,Hommes,683.0,colonnes
35,70,préfecture,Assoli,45-49,Rural,Femmes,728.0,colonnes
35,70,préfecture,Assoli,45-49,Rural,Ensemble,1411.0,colonnes
35,70,préfecture,Assoli,45-49,Total,Hommes,1072.0,colonnes
35,70,préfecture,Assoli,45-49,Total,Femmes,1134.0,colonnes
35,70,préfecture,Assoli,45-49,Total,Ensemble,2206.0,colonnes
35,70,préfecture,Assoli,50-54,Urbain,Hommes,372.0,colonnes
35,70,préfecture,Assoli,50-54,Urbain,Femmes,417.0,colonnes
35,70,préfecture,Assoli,50-54,Urbain,Ensemble,789.0,colonnes
35,70,préfecture,Assoli,50-54,Rural,Hommes,600.0,colonnes
35,70,préfecture,Assoli,50-54,Rural,Femmes,678.0,colonnes
35,70,préfecture,Assoli,50-54,Rural,Ensemble,1278.0,colonnes
35,70,préfecture,Assoli,50-54,Total,Hommes,972.0,colonnes
35,70,préfecture,Assoli,50-54,Total,Femmes,1095.0,colonnes
35,70,préfecture,Assoli,50-54,Total,Ensemble,2067.0,colonnes
35,70,préfecture,Assoli,55-59,Urbain,Hommes,275.0,colonnes
35,70,préfecture,Assoli,55-59,Urbain,Femmes,316.0,colonnes
35,70,préfecture,Assoli,55-59,Urbain,Ensemble,591.0,colonnes
35,70,préfecture,Assoli,55-59,Rural,Hommes,460.0,colonnes
35,70,préfecture,Assoli,55-59,Rural,Femmes,513.0,colonnes
35,70,préfecture,Assoli,55-59,Rural,Ensemble,973.0,colonnes
35,70,préfecture,Assoli,55-59,Total,Hommes,735.0,colonnes
35,70,préfecture,Assoli,55-59,Total,Femmes,829.0,colonnes
35,70,préfecture,Assoli,55-59,Total,Ensemble,1564.0,colonnes
35,70,préfecture,Assoli,60-64,Urbain,Hommes,265.0,colonnes
35,70,préfecture,Assoli,60-64,Urbain,Femmes,341.0,colonnes
35,70,préfecture,Assoli,60-64,Urbain,Ensemble,606.0,colonnes
35,70,préfecture,Assoli,60-64,Rural,Hommes,441.0,colonnes
35,70,préfecture,Assoli,60-64,Rural,Femmes,502.0,colonnes
35,70,préfecture,Assoli,60-64,Rural,Ensemble,943.0,colonnes
35,70,préfecture,Assoli,60-64,Total,Hommes,706.0,colonnes
35,70,préfecture,Assoli,60-64,Total,Femmes,843.0,colonnes
35,70,préfecture,Assoli,60-64,Total,Ensemble,1549.0,colonnes
35,70,préfecture,Assoli,65-69,Urbain,Hommes,123.0,colonnes
35,70,préfecture,Assoli,65-69,Urbain,Femmes,179.0,colonnes
35,70,préfecture,Assoli,65-69,Urbain,Ensemble,302.0,colonnes
35,70,préfecture,Assoli,65-69,Rural,Hommes,248.0,colonnes
35,70,préfecture,Assoli,65-69,Rural,Femmes,320.0,colonnes
35,70,préfecture,Assoli,65-69,Rural,Ensemble,568.0,colonnes
35,70,préfecture,Assoli,65-69,Total,Hommes,371.0,colonnes
35,70,préfecture,Assoli,65-69,Total,Femmes,499.0,colonnes
35,70,préfecture,Assoli,65-69,Total,Ensemble,870.0,colonnes
35,70,préfecture,Assoli,70-74,Urbain,Hommes,114.0,colonnes
35,70,préfecture,Assoli,70-74,Urbain,Femmes,174.0,colonnes
35,70,préfecture,Assoli,70-74,Urbain,Ensemble,288.0,colonnes
35,70,préfecture,Assoli,70-74,Rural,Hommes,218.0,colonnes
35,70,préfecture,Assoli,70-74,Rural,Femmes,272.0,colonnes
35,70,préfecture,Assoli,70-74,Rural,Ensemble,490.0,colonnes
35,70,préfecture,Assoli,70-74,Total,Hommes,332.0,colonnes
35,70,préfecture,Assoli,70-74,Total,Femmes,446.0,colonnes
35,70,préfecture,Assoli,70-74,Total,Ensemble,778.0,colonnes
35,70,préfecture,Assoli,75-79,Urbain,Hommes,78.0,colonnes
35,70,préfecture,Assoli,75-79,Urbain,Femmes,82.0,colonnes
35,70,préfecture,Assoli,75-79,Urbain,Ensemble,160.0,colonnes
35,70,préfecture,Assoli,75-79,Rural,Hommes,120.0,colonnes
35,70,préfecture,Assoli,75-79,Rural,Femmes,185.0,colonnes
35,70,préfecture,Assoli,75-79,Rural,Ensemble,305.0,colonnes
35,70,préfecture,Assoli,75-79,Total,Hommes,198.0,colonnes
35,70,préfecture,Assoli,75-79,Total,Femmes,267.0,colonnes
35,70,préfecture,Assoli,75-79,Total,Ensemble,465.0,colonnes
35,70,préfecture,Assoli,80-84,Urbain,Hommes,57.0,colonnes
35,70,préfecture,Assoli,80-84,Urbain,Femmes,93.0,colonnes
35,70,préfecture,Assoli,80-84,Urbain,Ensemble,150.0,colonnes
35,70,préfecture,Assoli,80-84,Rural,Hommes,80.0,colonnes
35,70,préfecture,Assoli,80-84,Rural,Femmes,146.0,colonnes
35,70,préfecture,Assoli,80-84,Rural,Ensemble,226.0,colonnes
35,70,préfecture,Assoli,80-84,Total,Hommes,137.0,colonnes
35,70,préfecture,Assoli,80-84,Total,Femmes,239.0,colonnes
35,70,préfecture,Assoli,80-84,Total,Ensemble,376.0,colonnes
35,70,préfecture,Assoli,85 et +,Urbain,Hommes,47.0,colonnes
35,70,préfecture,Assoli,85 et +,Urbain,Femmes,99.0,colonnes
35,70,préfecture,Assoli,85 et +,Urbain,Ensemble,146.0,colonnes
35,70,préfecture,Assoli,85 et +,Rural,Hommes,128.0,colonnes
35,70,préfecture,Assoli,85 et +,Rural,Femmes,183.0,colonnes
35,70,préfecture,Assoli,85 et +,Rural,Ensemble,311.0,colonnes
35,70,préfecture,Assoli,85 et +,Total,Hommes,175.0,colonnes
35,70,préfecture,Assoli,85 et +,Total,Femmes,282.0,colonnes
35,70,préfecture,Assoli,85 et +,Total,Ensemble,457.0,colonnes
35,70,préfecture,Assoli,ND,Urbain,Hommes,58.0,colonnes
35,70,préfecture,Assoli,ND,Urbain,Femmes,37.0,colonnes
35,70,préfecture,Assoli,ND,Urbain,Ensemble,95.0,colonnes
35,70,préfecture,Assoli,ND,Rural,Hommes,53.0,colonnes
35,70,préfecture,Assoli,ND,Rural,Femmes,63.0,colonnes
35,70,préfecture,Assoli,ND,Rural,Ensemble,116.0,colonnes
35,70,préfecture,Assoli,ND,Total,Hommes,111.0,colonnes
35,70,préfecture,Assoli,ND,Total,Femmes,100.0,colonnes
35,70,préfecture,Assoli,ND,Total,Ensemble,211.0,colonnes
35,70,préfecture,Assoli,Total,Urbain,Hommes,11969.0,colonnes
35,70,préfecture,Assoli,Total,Urbain,Femmes,11658.0,colonnes
35,70,préfecture,Assoli,Total,Urbain,Ensemble,23627.0,colonnes
35,70,préfecture,Assoli,Total,Rural,Hommes,21277.0,colonnes
35,70,préfecture,Assoli,Total,Rural,Femmes,21490.0,colonnes
35,70,préfecture,Assoli,Total,Rural,Ensemble,42767.0,colonnes
35,70,préfecture,Assoli,Total,Total,Hommes,33246.0,colonnes
35,70,préfecture,Assoli,Total,Total,Femmes,33148.0,colonnes
35,70,préfecture,Assoli,Total,Total,Ensemble,66394.0,colonnes
36,71,préfecture,Bassar,0,Urbain,Hommes,383.0,colonnes
36,71,préfecture,Bassar,0,Urbain,Femmes,318.0,colonnes
36,71,préfecture,Bassar,0,Urbain,Ensemble,701.0,colonnes
36,71,préfecture,Bassar,0,Rural,Hommes,1972.0,colonnes
36,71,préfecture,Bassar,0,Rural,Femmes,1829.0,colonnes
36,71,préfecture,Bassar,0,Rural,Ensemble,3801.0,colonnes
36,71,préfecture,Bassar,0,Total,Hommes,2355.0,colonnes
36,71,préfecture,Bassar,0,Total,Femmes,2147.0,colonnes
36,71,préfecture,Bassar,0,Total,Ensemble,4502.0,colonnes
36,71,préfecture,Bassar,1-4,Urbain,Hommes,1616.0,colonnes
36,71,préfecture,Bassar,1-4,Urbain,Femmes,1534.0,colonnes
36,71,préfecture,Bassar,1-4,Urbain,Ensemble,3150.0,colonnes
36,71,préfecture,Bassar,1-4,Rural,Hommes,8291.0,colonnes
36,71,préfecture,Bassar,1-4,Rural,Femmes,7953.0,colonnes
36,71,préfecture,Bassar,1-4,Rural,Ensemble,16244.0,colonnes
36,71,préfecture,Bassar,1-4,Total,Hommes,9907.0,colonnes
36,71,préfecture,Bassar,1-4,Total,Femmes,9487.0,colonnes
36,71,préfecture,Bassar,1-4,Total,Ensemble,19394.0,colonnes
36,71,préfecture,Bassar,5-9,Urbain,Hommes,2250.0,colonnes
36,71,préfecture,Bassar,5-9,Urbain,Femmes,2092.0,colonnes
36,71,préfecture,Bassar,5-9,Urbain,Ensemble,4342.0,colonnes
36,71,préfecture,Bassar,5-9,Rural,Hommes,10892.0,colonnes
36,71,préfecture,Bassar,5-9,Rural,Femmes,10065.0,colonnes
36,71,préfecture,Bassar,5-9,Rural,Ensemble,20957.0,colonnes
36,71,préfecture,Bassar,5-9,Total,Hommes,13142.0,colonnes
36,71,préfecture,Bassar,5-9,Total,Femmes,12157.0,colonnes
36,71,préfecture,Bassar,5-9,Total,Ensemble,25299.0,colonnes
36,71,préfecture,Bassar,10-14,Urbain,Hommes,2453.0,colonnes
36,71,préfecture,Bassar,10-14,Urbain,Femmes,2260.0,colonnes
36,71,préfecture,Bassar,10-14,Urbain,Ensemble,4713.0,colonnes
36,71,préfecture,Bassar,10-14,Rural,Hommes,8411.0,colonnes
36,71,préfecture,Bassar,10-14,Rural,Femmes,6607.0,colonnes
36,71,préfecture,Bassar,10-14,Rural,Ensemble,15018.0,colonnes
36,71,préfecture,Bassar,10-14,Total,Hommes,10864.0,colonnes
36,71,préfecture,Bassar,10-14,Total,Femmes,8867.0,colonnes
36,71,préfecture,Bassar,10-14,Total,Ensemble,19731.0,colonnes
36,71,préfecture,Bassar,15-19,Urbain,Hommes,2101.0,colonnes
36,71,préfecture,Bassar,15-19,Urbain,Femmes,1798.0,colonnes
36,71,préfecture,Bassar,15-19,Urbain,Ensemble,3899.0,colonnes
36,71,préfecture,Bassar,15-19,Rural,Hommes,5385.0,colonnes
36,71,préfecture,Bassar,15-19,Rural,Femmes,4118.0,colonnes
36,71,préfecture,Bassar,15-19,Rural,Ensemble,9503.0,colonnes
36,71,préfecture,Bassar,15-19,Total,Hommes,7486.0,colonnes
36,71,préfecture,Bassar,15-19,Total,Femmes,5916.0,colonnes
36,71,préfecture,Bassar,15-19,Total,Ensemble,13402.0,colonnes
36,71,préfecture,Bassar,20-24,Urbain,Hommes,1318.0,colonnes
36,71,préfecture,Bassar,20-24,Urbain,Femmes,1296.0,colonnes
36,71,préfecture,Bassar,20-24,Urbain,Ensemble,2614.0,colonnes
36,71,préfecture,Bassar,20-24,Rural,Hommes,3762.0,colonnes
36,71,préfecture,Bassar,20-24,Rural,Femmes,4567.0,colonnes
36,71,préfecture,Bassar,20-24,Rural,Ensemble,8329.0,colonnes
36,71,préfecture,Bassar,20-24,Total,Hommes,5080.0,colonnes
36,71,préfecture,Bassar,20-24,Total,Femmes,5863.0,colonnes
36,71,préfecture,Bassar,20-24,Total,Ensemble,10943.0,colonnes
36,71,préfecture,Bassar,25-29,Urbain,Hommes,1012.0,colonnes
36,71,préfecture,Bassar,25-29,Urbain,Femmes,1115.0,colonnes
36,71,préfecture,Bassar,25-29,Urbain,Ensemble,2127.0,colonnes
36,71,préfecture,Bassar,25-29,Rural,Hommes,3562.0,colonnes
36,71,préfecture,Bassar,25-29,Rural,Femmes,4218.0,colonnes
36,71,préfecture,Bassar,25-29,Rural,Ensemble,7780.0,colonnes
36,71,préfecture,Bassar,25-29,Total,Hommes,4574.0,colonnes
36,71,préfecture,Bassar,25-29,Total,Femmes,5333.0,colonnes
36,71,préfecture,Bassar,25-29,Total,Ensemble,9907.0,colonnes
36,71,préfecture,Bassar,30-34,Urbain,Hommes,1023.0,colonnes
36,71,préfecture,Bassar,30-34,Urbain,Femmes,1056.0,colonnes
36,71,préfecture,Bassar,30-34,Urbain,Ensemble,2079.0,colonnes
36,71,préfecture,Bassar,30-34,Rural,Hommes,3537.0,colonnes
36,71,préfecture,Bassar,30-34,Rural,Femmes,3988.0,colonnes
36,71,préfecture,Bassar,30-34,Rural,Ensemble,7525.0,colonnes
36,71,préfecture,Bassar,30-34,Total,Hommes,4560.0,colonnes
36,71,préfecture,Bassar,30-34,Total,Femmes,5044.0,colonnes
36,71,préfecture,Bassar,30-34,Total,Ensemble,9604.0,colonnes
36,71,préfecture,Bassar,35-39,Urbain,Hommes,971.0,colonnes
36,71,préfecture,Bassar,35-39,Urbain,Femmes,978.0,colonnes
36,71,préfecture,Bassar,35-39,Urbain,Ensemble,1949.0,colonnes
36,71,préfecture,Bassar,35-39,Rural,Hommes,3001.0,colonnes
36,71,préfecture,Bassar,35-39,Rural,Femmes,3311.0,colonnes
36,71,préfecture,Bassar,35-39,Rural,Ensemble,6312.0,colonnes
36,71,préfecture,Bassar,35-39,Total,Hommes,3972.0,colonnes
36,71,préfecture,Bassar,35-39,Total,Femmes,4289.0,colonnes
36,71,préfecture,Bassar,35-39,Total,Ensemble,8261.0,colonnes
36,71,préfecture,Bassar,40-44,Urbain,Hommes,767.0,colonnes
36,71,préfecture,Bassar,40-44,Urbain,Femmes,800.0,colonnes
36,71,préfecture,Bassar,40-44,Urbain,Ensemble,1567.0,colonnes
36,71,préfecture,Bassar,40-44,Rural,Hommes,2502.0,colonnes
36,71,préfecture,Bassar,40-44,Rural,Femmes,2771.0,colonnes
36,71,préfecture,Bassar,40-44,Rural,Ensemble,5273.0,colonnes
36,71,préfecture,Bassar,40-44,Total,Hommes,3269.0,colonnes
36,71,préfecture,Bassar,40-44,Total,Femmes,3571.0,colonnes
36,71,préfecture,Bassar,40-44,Total,Ensemble,6840.0,colonnes
36,71,préfecture,Bassar,45-49,Urbain,Hommes,644.0,colonnes
36,71,préfecture,Bassar,45-49,Urbain,Femmes,636.0,colonnes
36,71,préfecture,Bassar,45-49,Urbain,Ensemble,1280.0,colonnes
36,71,préfecture,Bassar,45-49,Rural,Hommes,2012.0,colonnes
36,71,préfecture,Bassar,45-49,Rural,Femmes,2082.0,colonnes
36,71,préfecture,Bassar,45-49,Rural,Ensemble,4094.0,colonnes
36,71,préfecture,Bassar,45-49,Total,Hommes,2656.0,colonnes
36,71,préfecture,Bassar,45-49,Total,Femmes,2718.0,colonnes
36,71,préfecture,Bassar,45-49,Total,Ensemble,5374.0,colonnes
36,71,préfecture,Bassar,50-54,Urbain,Hommes,556.0,colonnes
36,71,préfecture,Bassar,50-54,Urbain,Femmes,561.0,colonnes
36,71,préfecture,Bassar,50-54,Urbain,Ensemble,1117.0,colonnes
36,71,préfecture,Bassar,50-54,Rural,Hommes,1737.0,colonnes
36,71,préfecture,Bassar,50-54,Rural,Femmes,2035.0,colonnes
36,71,préfecture,Bassar,50-54,Rural,Ensemble,3772.0,colonnes
36,71,préfecture,Bassar,50-54,Total,Hommes,2293.0,colonnes
36,71,préfecture,Bassar,50-54,Total,Femmes,2596.0,colonnes
36,71,préfecture,Bassar,50-54,Total,Ensemble,4889.0,colonnes
36,71,préfecture,Bassar,55-59,Urbain,Hommes,454.0,colonnes
36,71,préfecture,Bassar,55-59,Urbain,Femmes,483.0,colonnes
36,71,préfecture,Bassar,55-59,Urbain,Ensemble,937.0,colonnes
36,71,préfecture,Bassar,55-59,Rural,Hommes,1287.0,colonnes
36,71,préfecture,Bassar,55-59,Rural,Femmes,1341.0,colonnes
36,71,préfecture,Bassar,55-59,Rural,Ensemble,2628.0,colonnes
36,71,préfecture,Bassar,55-59,Total,Hommes,1741.0,colonnes
36,71,préfecture,Bassar,55-59,Total,Femmes,1824.0,colonnes
36,71,préfecture,Bassar,55-59,Total,Ensemble,3565.0,colonnes
36,71,préfecture,Bassar,60-64,Urbain,Hommes,381.0,colonnes
36,71,préfecture,Bassar,60-64,Urbain,Femmes,441.0,colonnes
36,71,préfecture,Bassar,60-64,Urbain,Ensemble,822.0,colonnes
36,71,préfecture,Bassar,60-64,Rural,Hommes,1026.0,colonnes
36,71,préfecture,Bassar,60-64,Rural,Femmes,1342.0,colonnes
36,71,préfecture,Bassar,60-64,Rural,Ensemble,2368.0,colonnes
36,71,préfecture,Bassar,60-64,Total,Hommes,1407.0,colonnes
36,71,préfecture,Bassar,60-64,Total,Femmes,1783.0,colonnes
36,71,préfecture,Bassar,60-64,Total,Ensemble,3190.0,colonnes
36,71,préfecture,Bassar,65-69,Urbain,Hommes,219.0,colonnes
36,71,préfecture,Bassar,65-69,Urbain,Femmes,307.0,colonnes
36,71,préfecture,Bassar,65-69,Urbain,Ensemble,526.0,colonnes
36,71,préfecture,Bassar,65-69,Rural,Hommes,663.0,colonnes
36,71,préfecture,Bassar,65-69,Rural,Femmes,803.0,colonnes
36,71,préfecture,Bassar,65-69,Rural,Ensemble,1466.0,colonnes
36,71,préfecture,Bassar,65-69,Total,Hommes,882.0,colonnes
36,71,préfecture,Bassar,65-69,Total,Femmes,1110.0,colonnes
36,71,préfecture,Bassar,65-69,Total,Ensemble,1992.0,colonnes
36,71,préfecture,Bassar,70-74,Urbain,Hommes,178.0,colonnes
36,71,préfecture,Bassar,70-74,Urbain,Femmes,253.0,colonnes
36,71,préfecture,Bassar,70-74,Urbain,Ensemble,431.0,colonnes
36,71,préfecture,Bassar,70-74,Rural,Hommes,490.0,colonnes
36,71,préfecture,Bassar,70-74,Rural,Femmes,739.0,colonnes
36,71,préfecture,Bassar,70-74,Rural,Ensemble,1229.0,colonnes
36,71,préfecture,Bassar,70-74,Total,Hommes,668.0,colonnes
36,71,préfecture,Bassar,70-74,Total,Femmes,992.0,colonnes
36,71,préfecture,Bassar,70-74,Total,Ensemble,1660.0,colonnes
36,71,préfecture,Bassar,75-79,Urbain,Hommes,93.0,colonnes
36,71,préfecture,Bassar,75-79,Urbain,Femmes,188.0,colonnes
36,71,préfecture,Bassar,75-79,Urbain,Ensemble,281.0,colonnes
36,71,préfecture,Bassar,75-79,Rural,Hommes,299.0,colonnes
36,71,préfecture,Bassar,75-79,Rural,Femmes,427.0,colonnes
36,71,préfecture,Bassar,75-79,Rural,Ensemble,726.0,colonnes
36,71,préfecture,Bassar,75-79,Total,Hommes,392.0,colonnes
36,71,préfecture,Bassar,75-79,Total,Femmes,615.0,colonnes
36,71,préfecture,Bassar,75-79,Total,Ensemble,1007.0,colonnes
36,71,préfecture,Bassar,80-84,Urbain,Hommes,67.0,colonnes
36,71,préfecture,Bassar,80-84,Urbain,Femmes,155.0,colonnes
36,71,préfecture,Bassar,80-84,Urbain,Ensemble,222.0,colonnes
36,71,préfecture,Bassar,80-84,Rural,Hommes,264.0,colonnes
36,71,préfecture,Bassar,80-84,Rural,Femmes,364.0,colonnes
36,71,préfecture,Bassar,80-84,Rural,Ensemble,628.0,colonnes
36,71,préfecture,Bassar,80-84,Total,Hommes,331.0,colonnes
36,71,préfecture,Bassar,80-84,Total,Femmes,519.0,colonnes
36,71,préfecture,Bassar,80-84,Total,Ensemble,850.0,colonnes
36,71,préfecture,Bassar,85 et +,Urbain,Hommes,92.0,colonnes
36,71,préfecture,Bassar,85 et +,Urbain,Femmes,193.0,colonnes
36,71,préfecture,Bassar,85 et +,Urbain,Ensemble,285.0,colonnes
36,71,préfecture,Bassar,85 et +,Rural,Hommes,257.0,colonnes
36,71,préfecture,Bassar,85 et +,Rural,Femmes,458.0,colonnes
36,71,préfecture,Bassar,85 et +,Rural,Ensemble,715.0,colonnes
36,71,préfecture,Bassar,85 et +,Total,Hommes,349.0,colonnes
36,71,préfecture,Bassar,85 et +,Total,Femmes,651.0,colonnes
36,71,préfecture,Bassar,85 et +,Total,Ensemble,1000.0,colonnes
36,71,préfecture,Bassar,ND,Urbain,Hommes,58.0,colonnes
36,71,préfecture,Bassar,ND,Urbain,Femmes,56.0,colonnes
36,71,préfecture,Bassar,ND,Urbain,Ensemble,114.0,colonnes
36,71,préfecture,Bassar,ND,Rural,Hommes,249.0,colonnes
36,71,préfecture,Bassar,ND,Rural,Femmes,292.0,colonnes
36,71,préfecture,Bassar,ND,Rural,Ensemble,541.0,colonnes
36,71,préfecture,Bassar,ND,Total,Hommes,307.0,colonnes
36,71,préfecture,Bassar,ND,Total,Femmes,348.0,colonnes
36,71,préfecture,Bassar,ND,Total,Ensemble,655.0,colonnes
36,71,préfecture,Bassar,Total,Urbain,Hommes,16636.0,colonnes
36,71,préfecture,Bassar,Total,Urbain,Femmes,16520.0,colonnes
36,71,préfecture,Bassar,Total,Urbain,Ensemble,33156.0,colonnes
36,71,préfecture,Bassar,Total,Rural,Hommes,59599.0,colonnes
36,71,préfecture,Bassar,Total,Rural,Femmes,59310.0,colonnes
36,71,préfecture,Bassar,Total,Rural,Ensemble,118909.0,colonnes
36,71,préfecture,Bassar,Total,Total,Hommes,76235.0,colonnes
36,71,préfecture,Bassar,Total,Total,Femmes,75830.0,colonnes
36,71,préfecture,Bassar,Total,Total,Ensemble,152065.0,colonnes
37,72,préfecture,Dankpen,0,Urbain,Hommes,273.0,colonnes
37,72,préfecture,Dankpen,0,Urbain,Femmes,255.0,colonnes
37,72,préfecture,Dankpen,0,Urbain,Ensemble,528.0,colonnes
37,72,préfecture,Dankpen,0,Rural,Hommes,3082.0,colonnes
37,72,préfecture,Dankpen,0,Rural,Femmes,2950.0,colonnes
37,72,préfecture,Dankpen,0,Rural,Ensemble,6032.0,colonnes
37,72,préfecture,Dankpen,0,Total,Hommes,3355.0,colonnes
37,72,préfecture,Dankpen,0,Total,Femmes,3205.0,colonnes
37,72,préfecture,Dankpen,0,Total,Ensemble,6560.0,colonnes
37,72,préfecture,Dankpen,1-4,Urbain,Hommes,1193.0,colonnes
37,72,préfecture,Dankpen,1-4,Urbain,Femmes,1116.0,colonnes
37,72,préfecture,Dankpen,1-4,Urbain,Ensemble,2309.0,colonnes
37,72,préfecture,Dankpen,1-4,Rural,Hommes,14040.0,colonnes
37,72,préfecture,Dankpen,1-4,Rural,Femmes,13589.0,colonnes
37,72,préfecture,Dankpen,1-4,Rural,Ensemble,27629.0,colonnes
37,72,préfecture,Dankpen,1-4,Total,Hommes,15233.0,colonnes
37,72,préfecture,Dankpen,1-4,Total,Femmes,14705.0,colonnes
37,72,préfecture,Dankpen,1-4,Total,Ensemble,29938.0,colonnes
37,72,préfecture,Dankpen,5-9,Urbain,Hommes,1375.0,colonnes
37,72,préfecture,Dankpen,5-9,Urbain,Femmes,1388.0,colonnes
37,72,préfecture,Dankpen,5-9,Urbain,Ensemble,2763.0,colonnes
37,72,préfecture,Dankpen,5-9,Rural,Hommes,17299.0,colonnes
37,72,préfecture,Dankpen,5-9,Rural,Femmes,16319.0,colonnes
37,72,préfecture,Dankpen,5-9,Rural,Ensemble,33618.0,colonnes
37,72,préfecture,Dankpen,5-9,Total,Hommes,18674.0,colonnes
37,72,préfecture,Dankpen,5-9,Total,Femmes,17707.0,colonnes
37,72,préfecture,Dankpen,5-9,Total,Ensemble,36381.0,colonnes
37,72,préfecture,Dankpen,10-14,Urbain,Hommes,1288.0,colonnes
37,72,préfecture,Dankpen,10-14,Urbain,Femmes,1428.0,colonnes
37,72,préfecture,Dankpen,10-14,Urbain,Ensemble,2716.0,colonnes
37,72,préfecture,Dankpen,10-14,Rural,Hommes,11595.0,colonnes
37,72,préfecture,Dankpen,10-14,Rural,Femmes,9135.0,colonnes
37,72,préfecture,Dankpen,10-14,Rural,Ensemble,20730.0,colonnes
37,72,préfecture,Dankpen,10-14,Total,Hommes,12883.0,colonnes
37,72,préfecture,Dankpen,10-14,Total,Femmes,10563.0,colonnes
37,72,préfecture,Dankpen,10-14,Total,Ensemble,23446.0,colonnes
37,72,préfecture,Dankpen,15-19,Urbain,Hommes,1562.0,colonnes
37,72,préfecture,Dankpen,15-19,Urbain,Femmes,1306.0,colonnes
37,72,préfecture,Dankpen,15-19,Urbain,Ensemble,2868.0,colonnes
37,72,préfecture,Dankpen,15-19,Rural,Hommes,6805.0,colonnes
37,72,préfecture,Dankpen,15-19,Rural,Femmes,5296.0,colonnes
37,72,préfecture,Dankpen,15-19,Rural,Ensemble,12101.0,colonnes
37,72,préfecture,Dankpen,15-19,Total,Hommes,8367.0,colonnes
37,72,préfecture,Dankpen,15-19,Total,Femmes,6602.0,colonnes
37,72,préfecture,Dankpen,15-19,Total,Ensemble,14969.0,colonnes
37,72,préfecture,Dankpen,20-24,Urbain,Hommes,952.0,colonnes
37,72,préfecture,Dankpen,20-24,Urbain,Femmes,1108.0,colonnes
37,72,préfecture,Dankpen,20-24,Urbain,Ensemble,2060.0,colonnes
37,72,préfecture,Dankpen,20-24,Rural,Hommes,5435.0,colonnes
37,72,préfecture,Dankpen,20-24,Rural,Femmes,7098.0,colonnes
37,72,préfecture,Dankpen,20-24,Rural,Ensemble,12533.0,colonnes
37,72,préfecture,Dankpen,20-24,Total,Hommes,6387.0,colonnes
37,72,préfecture,Dankpen,20-24,Total,Femmes,8206.0,colonnes
37,72,préfecture,Dankpen,20-24,Total,Ensemble,14593.0,colonnes
37,72,préfecture,Dankpen,25-29,Urbain,Hommes,737.0,colonnes
37,72,préfecture,Dankpen,25-29,Urbain,Femmes,798.0,colonnes
37,72,préfecture,Dankpen,25-29,Urbain,Ensemble,1535.0,colonnes
37,72,préfecture,Dankpen,25-29,Rural,Hommes,4912.0,colonnes
37,72,préfecture,Dankpen,25-29,Rural,Femmes,6417.0,colonnes
37,72,préfecture,Dankpen,25-29,Rural,Ensemble,11329.0,colonnes
37,72,préfecture,Dankpen,25-29,Total,Hommes,5649.0,colonnes
37,72,préfecture,Dankpen,25-29,Total,Femmes,7215.0,colonnes
37,72,préfecture,Dankpen,25-29,Total,Ensemble,12864.0,colonnes
37,72,préfecture,Dankpen,30-34,Urbain,Hommes,661.0,colonnes
37,72,préfecture,Dankpen,30-34,Urbain,Femmes,706.0,colonnes
37,72,préfecture,Dankpen,30-34,Urbain,Ensemble,1367.0,colonnes
37,72,préfecture,Dankpen,30-34,Rural,Hommes,4753.0,colonnes
37,72,préfecture,Dankpen,30-34,Rural,Femmes,5896.0,colonnes
37,72,préfecture,Dankpen,30-34,Rural,Ensemble,10649.0,colonnes
37,72,préfecture,Dankpen,30-34,Total,Hommes,5414.0,colonnes
37,72,préfecture,Dankpen,30-34,Total,Femmes,6602.0,colonnes
37,72,préfecture,Dankpen,30-34,Total,Ensemble,12016.0,colonnes
37,72,préfecture,Dankpen,35-39,Urbain,Hommes,538.0,colonnes
37,72,préfecture,Dankpen,35-39,Urbain,Femmes,509.0,colonnes
37,72,préfecture,Dankpen,35-39,Urbain,Ensemble,1047.0,colonnes
37,72,préfecture,Dankpen,35-39,Rural,Hommes,3297.0,colonnes
37,72,préfecture,Dankpen,35-39,Rural,Femmes,4197.0,colonnes
37,72,préfecture,Dankpen,35-39,Rural,Ensemble,7494.0,colonnes
37,72,préfecture,Dankpen,35-39,Total,Hommes,3835.0,colonnes
37,72,préfecture,Dankpen,35-39,Total,Femmes,4706.0,colonnes
37,72,préfecture,Dankpen,35-39,Total,Ensemble,8541.0,colonnes
37,72,préfecture,Dankpen,40-44,Urbain,Hommes,416.0,colonnes
37,72,préfecture,Dankpen,40-44,Urbain,Femmes,378.0,colonnes
37,72,préfecture,Dankpen,40-44,Urbain,Ensemble,794.0,colonnes
37,72,préfecture,Dankpen,40-44,Rural,Hommes,2848.0,colonnes
37,72,préfecture,Dankpen,40-44,Rural,Femmes,3846.0,colonnes
37,72,préfecture,Dankpen,40-44,Rural,Ensemble,6694.0,colonnes
37,72,préfecture,Dankpen,40-44,Total,Hommes,3264.0,colonnes
37,72,préfecture,Dankpen,40-44,Total,Femmes,4224.0,colonnes
37,72,préfecture,Dankpen,40-44,Total,Ensemble,7488.0,colonnes
37,72,préfecture,Dankpen,45-49,Urbain,Hommes,264.0,colonnes
37,72,préfecture,Dankpen,45-49,Urbain,Femmes,255.0,colonnes
37,72,préfecture,Dankpen,45-49,Urbain,Ensemble,519.0,colonnes
37,72,préfecture,Dankpen,45-49,Rural,Hommes,1976.0,colonnes
37,72,préfecture,Dankpen,45-49,Rural,Femmes,2318.0,colonnes
37,72,préfecture,Dankpen,45-49,Rural,Ensemble,4294.0,colonnes
37,72,préfecture,Dankpen,45-49,Total,Hommes,2240.0,colonnes
37,72,préfecture,Dankpen,45-49,Total,Femmes,2573.0,colonnes
37,72,préfecture,Dankpen,45-49,Total,Ensemble,4813.0,colonnes
37,72,préfecture,Dankpen,50-54,Urbain,Hommes,211.0,colonnes
37,72,préfecture,Dankpen,50-54,Urbain,Femmes,234.0,colonnes
37,72,préfecture,Dankpen,50-54,Urbain,Ensemble,445.0,colonnes
37,72,préfecture,Dankpen,50-54,Rural,Hommes,1846.0,colonnes
37,72,préfecture,Dankpen,50-54,Rural,Femmes,2178.0,colonnes
37,72,préfecture,Dankpen,50-54,Rural,Ensemble,4024.0,colonnes
37,72,préfecture,Dankpen,50-54,Total,Hommes,2057.0,colonnes
37,72,préfecture,Dankpen,50-54,Total,Femmes,2412.0,colonnes
37,72,préfecture,Dankpen,50-54,Total,Ensemble,4469.0,colonnes
37,72,préfecture,Dankpen,55-59,Urbain,Hommes,158.0,colonnes
37,72,préfecture,Dankpen,55-59,Urbain,Femmes,163.0,colonnes
37,72,préfecture,Dankpen,55-59,Urbain,Ensemble,321.0,colonnes
37,72,préfecture,Dankpen,55-59,Rural,Hommes,1175.0,colonnes
37,72,préfecture,Dankpen,55-59,Rural,Femmes,1331.0,colonnes
37,72,préfecture,Dankpen,55-59,Rural,Ensemble,2506.0,colonnes
37,72,préfecture,Dankpen,55-59,Total,Hommes,1333.0,colonnes
37,72,préfecture,Dankpen,55-59,Total,Femmes,1494.0,colonnes
37,72,préfecture,Dankpen,55-59,Total,Ensemble,2827.0,colonnes
37,72,préfecture,Dankpen,60-64,Urbain,Hommes,133.0,colonnes
37,72,préfecture,Dankpen,60-64,Urbain,Femmes,167.0,colonnes
37,72,préfecture,Dankpen,60-64,Urbain,Ensemble,300.0,colonnes
37,72,préfecture,Dankpen,60-64,Rural,Hommes,989.0,colonnes
37,72,préfecture,Dankpen,60-64,Rural,Femmes,1257.0,colonnes
37,72,préfecture,Dankpen,60-64,Rural,Ensemble,2246.0,colonnes
37,72,préfecture,Dankpen,60-64,Total,Hommes,1122.0,colonnes
37,72,préfecture,Dankpen,60-64,Total,Femmes,1424.0,colonnes
37,72,préfecture,Dankpen,60-64,Total,Ensemble,2546.0,colonnes
37,72,préfecture,Dankpen,65-69,Urbain,Hommes,65.0,colonnes
37,72,préfecture,Dankpen,65-69,Urbain,Femmes,95.0,colonnes
37,72,préfecture,Dankpen,65-69,Urbain,Ensemble,160.0,colonnes
37,72,préfecture,Dankpen,65-69,Rural,Hommes,481.0,colonnes
37,72,préfecture,Dankpen,65-69,Rural,Femmes,676.0,colonnes
37,72,préfecture,Dankpen,65-69,Rural,Ensemble,1157.0,colonnes
37,72,préfecture,Dankpen,65-69,Total,Hommes,546.0,colonnes
37,72,préfecture,Dankpen,65-69,Total,Femmes,771.0,colonnes
37,72,préfecture,Dankpen,65-69,Total,Ensemble,1317.0,colonnes
37,72,préfecture,Dankpen,70-74,Urbain,Hommes,43.0,colonnes
37,72,préfecture,Dankpen,70-74,Urbain,Femmes,61.0,colonnes
37,72,préfecture,Dankpen,70-74,Urbain,Ensemble,104.0,colonnes
37,72,préfecture,Dankpen,70-74,Rural,Hommes,410.0,colonnes
37,72,préfecture,Dankpen,70-74,Rural,Femmes,564.0,colonnes
37,72,préfecture,Dankpen,70-74,Rural,Ensemble,974.0,colonnes
37,72,préfecture,Dankpen,70-74,Total,Hommes,453.0,colonnes
37,72,préfecture,Dankpen,70-74,Total,Femmes,625.0,colonnes
37,72,préfecture,Dankpen,70-74,Total,Ensemble,1078.0,colonnes
37,72,préfecture,Dankpen,75-79,Urbain,Hommes,25.0,colonnes
37,72,préfecture,Dankpen,75-79,Urbain,Femmes,28.0,colonnes
37,72,préfecture,Dankpen,75-79,Urbain,Ensemble,53.0,colonnes
37,72,préfecture,Dankpen,75-79,Rural,Hommes,208.0,colonnes
37,72,préfecture,Dankpen,75-79,Rural,Femmes,296.0,colonnes
37,72,préfecture,Dankpen,75-79,Rural,Ensemble,504.0,colonnes
37,72,préfecture,Dankpen,75-79,Total,Hommes,233.0,colonnes
37,72,préfecture,Dankpen,75-79,Total,Femmes,324.0,colonnes
37,72,préfecture,Dankpen,75-79,Total,Ensemble,557.0,colonnes
37,72,préfecture,Dankpen,80-84,Urbain,Hommes,9.0,colonnes
37,72,préfecture,Dankpen,80-84,Urbain,Femmes,13.0,colonnes
37,72,préfecture,Dankpen,80-84,Urbain,Ensemble,22.0,colonnes
37,72,préfecture,Dankpen,80-84,Rural,Hommes,140.0,colonnes
37,72,préfecture,Dankpen,80-84,Rural,Femmes,206.0,colonnes
37,72,préfecture,Dankpen,80-84,Rural,Ensemble,346.0,colonnes
37,72,préfecture,Dankpen,80-84,Total,Hommes,149.0,colonnes
37,72,préfecture,Dankpen,80-84,Total,Femmes,219.0,colonnes
37,72,préfecture,Dankpen,80-84,Total,Ensemble,368.0,colonnes
37,72,préfecture,Dankpen,85 et +,Urbain,Hommes,11.0,colonnes
37,72,préfecture,Dankpen,85 et +,Urbain,Femmes,17.0,colonnes
37,72,préfecture,Dankpen,85 et +,Urbain,Ensemble,28.0,colonnes
37,72,préfecture,Dankpen,85 et +,Rural,Hommes,222.0,colonnes
37,72,préfecture,Dankpen,85 et +,Rural,Femmes,304.0,colonnes
37,72,préfecture,Dankpen,85 et +,Rural,Ensemble,526.0,colonnes
37,72,préfecture,Dankpen,85 et +,Total,Hommes,233.0,colonnes
37,72,préfecture,Dankpen,85 et +,Total,Femmes,321.0,colonnes
37,72,préfecture,Dankpen,85 et +,Total,Ensemble,554.0,colonnes
37,72,préfecture,Dankpen,ND,Urbain,Hommes,41.0,colonnes
37,72,préfecture,Dankpen,ND,Urbain,Femmes,67.0,colonnes
37,72,préfecture,Dankpen,ND,Urbain,Ensemble,108.0,colonnes
37,72,préfecture,Dankpen,ND,Rural,Hommes,99.0,colonnes
37,72,préfecture,Dankpen,ND,Rural,Femmes,130.0,colonnes
37,72,préfecture,Dankpen,ND,Rural,Ensemble,229.0,colonnes
37,72,préfecture,Dankpen,ND,Total,Hommes,140.0,colonnes
37,72,préfecture,Dankpen,ND,Total,Femmes,197.0,colonnes
37,72,préfecture,Dankpen,ND,Total,Ensemble,337.0,colonnes
37,72,préfecture,Dankpen,Total,Urbain,Hommes,9955.0,colonnes
37,72,préfecture,Dankpen,Total,Urbain,Femmes,10092.0,colonnes
37,72,préfecture,Dankpen,Total,Urbain,Ensemble,20047.0,colonnes
37,72,préfecture,Dankpen,Total,Rural,Hommes,81612.0,colonnes
37,72,préfecture,Dankpen,Total,Rural,Femmes,84003.0,colonnes
37,72,préfecture,Dankpen,Total,Rural,Ensemble,165615.0,colonnes
37,72,préfecture,Dankpen,Total,Total,Hommes,91567.0,colonnes
37,72,préfecture,Dankpen,Total,Total,Femmes,94095.0,colonnes
37,72,préfecture,Dankpen,Total,Total,Ensemble,185662.0,colonnes
38,73,préfecture,Kéran,0,Urbain,Hommes,183.0,colonnes
38,73,préfecture,Kéran,0,Urbain,Femmes,188.0,colonnes
38,73,préfecture,Kéran,0,Urbain,Ensemble,371.0,colonnes
38,73,préfecture,Kéran,0,Rural,Hommes,2004.0,colonnes
38,73,préfecture,Kéran,0,Rural,Femmes,1914.0,colonnes
38,73,préfecture,Kéran,0,Rural,Ensemble,3918.0,colonnes
38,73,préfecture,Kéran,0,Total,Hommes,2187.0,colonnes
38,73,préfecture,Kéran,0,Total,Femmes,2102.0,colonnes
38,73,préfecture,Kéran,0,Total,Ensemble,4289.0,colonnes
38,73,préfecture,Kéran,1-4,Urbain,Hommes,809.0,colonnes
38,73,préfecture,Kéran,1-4,Urbain,Femmes,759.0,colonnes
38,73,préfecture,Kéran,1-4,Urbain,Ensemble,1568.0,colonnes
38,73,préfecture,Kéran,1-4,Rural,Hommes,9278.0,colonnes
38,73,préfecture,Kéran,1-4,Rural,Femmes,8915.0,colonnes
38,73,préfecture,Kéran,1-4,Rural,Ensemble,18193.0,colonnes
38,73,préfecture,Kéran,1-4,Total,Hommes,10087.0,colonnes
38,73,préfecture,Kéran,1-4,Total,Femmes,9674.0,colonnes
38,73,préfecture,Kéran,1-4,Total,Ensemble,19761.0,colonnes
38,73,préfecture,Kéran,5-9,Urbain,Hommes,1061.0,colonnes
38,73,préfecture,Kéran,5-9,Urbain,Femmes,1018.0,colonnes
38,73,préfecture,Kéran,5-9,Urbain,Ensemble,2079.0,colonnes
38,73,préfecture,Kéran,5-9,Rural,Hommes,11185.0,colonnes
38,73,préfecture,Kéran,5-9,Rural,Femmes,10376.0,colonnes
38,73,préfecture,Kéran,5-9,Rural,Ensemble,21561.0,colonnes
38,73,préfecture,Kéran,5-9,Total,Hommes,12246.0,colonnes
38,73,préfecture,Kéran,5-9,Total,Femmes,11394.0,colonnes
38,73,préfecture,Kéran,5-9,Total,Ensemble,23640.0,colonnes
38,73,préfecture,Kéran,10-14,Urbain,Hommes,1089.0,colonnes
38,73,préfecture,Kéran,10-14,Urbain,Femmes,1083.0,colonnes
38,73,préfecture,Kéran,10-14,Urbain,Ensemble,2172.0,colonnes
38,73,préfecture,Kéran,10-14,Rural,Hommes,7825.0,colonnes
38,73,préfecture,Kéran,10-14,Rural,Femmes,6202.0,colonnes
38,73,préfecture,Kéran,10-14,Rural,Ensemble,14027.0,colonnes
38,73,préfecture,Kéran,10-14,Total,Hommes,8914.0,colonnes
38,73,préfecture,Kéran,10-14,Total,Femmes,7285.0,colonnes
38,73,préfecture,Kéran,10-14,Total,Ensemble,16199.0,colonnes
38,73,préfecture,Kéran,15-19,Urbain,Hommes,1093.0,colonnes
38,73,préfecture,Kéran,15-19,Urbain,Femmes,994.0,colonnes
38,73,préfecture,Kéran,15-19,Urbain,Ensemble,2087.0,colonnes
38,73,préfecture,Kéran,15-19,Rural,Hommes,4709.0,colonnes
38,73,préfecture,Kéran,15-19,Rural,Femmes,4236.0,colonnes
38,73,préfecture,Kéran,15-19,Rural,Ensemble,8945.0,colonnes
38,73,préfecture,Kéran,15-19,Total,Hommes,5802.0,colonnes
38,73,préfecture,Kéran,15-19,Total,Femmes,5230.0,colonnes
38,73,préfecture,Kéran,15-19,Total,Ensemble,11032.0,colonnes
38,73,préfecture,Kéran,20-24,Urbain,Hommes,685.0,colonnes
38,73,préfecture,Kéran,20-24,Urbain,Femmes,695.0,colonnes
38,73,préfecture,Kéran,20-24,Urbain,Ensemble,1380.0,colonnes
38,73,préfecture,Kéran,20-24,Rural,Hommes,3958.0,colonnes
38,73,préfecture,Kéran,20-24,Rural,Femmes,5029.0,colonnes
38,73,préfecture,Kéran,20-24,Rural,Ensemble,8987.0,colonnes
38,73,préfecture,Kéran,20-24,Total,Hommes,4643.0,colonnes
38,73,préfecture,Kéran,20-24,Total,Femmes,5724.0,colonnes
38,73,préfecture,Kéran,20-24,Total,Ensemble,10367.0,colonnes
38,73,préfecture,Kéran,25-29,Urbain,Hommes,473.0,colonnes
38,73,préfecture,Kéran,25-29,Urbain,Femmes,539.0,colonnes
38,73,préfecture,Kéran,25-29,Urbain,Ensemble,1012.0,colonnes
38,73,préfecture,Kéran,25-29,Rural,Hommes,3267.0,colonnes
38,73,préfecture,Kéran,25-29,Rural,Femmes,3844.0,colonnes
38,73,préfecture,Kéran,25-29,Rural,Ensemble,7111.0,colonnes
38,73,préfecture,Kéran,25-29,Total,Hommes,3740.0,colonnes
38,73,préfecture,Kéran,25-29,Total,Femmes,4383.0,colonnes
38,73,préfecture,Kéran,25-29,Total,Ensemble,8123.0,colonnes
38,73,préfecture,Kéran,30-34,Urbain,Hommes,469.0,colonnes
38,73,préfecture,Kéran,30-34,Urbain,Femmes,526.0,colonnes
38,73,préfecture,Kéran,30-34,Urbain,Ensemble,995.0,colonnes
38,73,préfecture,Kéran,30-34,Rural,Hommes,3093.0,colonnes
38,73,préfecture,Kéran,30-34,Rural,Femmes,3713.0,colonnes
38,73,préfecture,Kéran,30-34,Rural,Ensemble,6806.0,colonnes
38,73,préfecture,Kéran,30-34,Total,Hommes,3562.0,colonnes
38,73,préfecture,Kéran,30-34,Total,Femmes,4239.0,colonnes
38,73,préfecture,Kéran,30-34,Total,Ensemble,7801.0,colonnes
38,73,préfecture,Kéran,35-39,Urbain,Hommes,430.0,colonnes
38,73,préfecture,Kéran,35-39,Urbain,Femmes,465.0,colonnes
38,73,préfecture,Kéran,35-39,Urbain,Ensemble,895.0,colonnes
38,73,préfecture,Kéran,35-39,Rural,Hommes,2587.0,colonnes
38,73,préfecture,Kéran,35-39,Rural,Femmes,3003.0,colonnes
38,73,préfecture,Kéran,35-39,Rural,Ensemble,5590.0,colonnes
38,73,préfecture,Kéran,35-39,Total,Hommes,3017.0,colonnes
38,73,préfecture,Kéran,35-39,Total,Femmes,3468.0,colonnes
38,73,préfecture,Kéran,35-39,Total,Ensemble,6485.0,colonnes
38,73,préfecture,Kéran,40-44,Urbain,Hommes,365.0,colonnes
38,73,préfecture,Kéran,40-44,Urbain,Femmes,349.0,colonnes
38,73,préfecture,Kéran,40-44,Urbain,Ensemble,714.0,colonnes
38,73,préfecture,Kéran,40-44,Rural,Hommes,2230.0,colonnes
38,73,préfecture,Kéran,40-44,Rural,Femmes,2612.0,colonnes
38,73,préfecture,Kéran,40-44,Rural,Ensemble,4842.0,colonnes
38,73,préfecture,Kéran,40-44,Total,Hommes,2595.0,colonnes
38,73,préfecture,Kéran,40-44,Total,Femmes,2961.0,colonnes
38,73,préfecture,Kéran,40-44,Total,Ensemble,5556.0,colonnes
38,73,préfecture,Kéran,45-49,Urbain,Hommes,315.0,colonnes
38,73,préfecture,Kéran,45-49,Urbain,Femmes,268.0,colonnes
38,73,préfecture,Kéran,45-49,Urbain,Ensemble,583.0,colonnes
38,73,préfecture,Kéran,45-49,Rural,Hommes,1553.0,colonnes
38,73,préfecture,Kéran,45-49,Rural,Femmes,1801.0,colonnes
38,73,préfecture,Kéran,45-49,Rural,Ensemble,3354.0,colonnes
38,73,préfecture,Kéran,45-49,Total,Hommes,1868.0,colonnes
38,73,préfecture,Kéran,45-49,Total,Femmes,2069.0,colonnes
38,73,préfecture,Kéran,45-49,Total,Ensemble,3937.0,colonnes
38,73,préfecture,Kéran,50-54,Urbain,Hommes,180.0,colonnes
38,73,préfecture,Kéran,50-54,Urbain,Femmes,251.0,colonnes
38,73,préfecture,Kéran,50-54,Urbain,Ensemble,431.0,colonnes
38,73,préfecture,Kéran,50-54,Rural,Hommes,1426.0,colonnes
38,73,préfecture,Kéran,50-54,Rural,Femmes,1698.0,colonnes
38,73,préfecture,Kéran,50-54,Rural,Ensemble,3124.0,colonnes
38,73,préfecture,Kéran,50-54,Total,Hommes,1606.0,colonnes
38,73,préfecture,Kéran,50-54,Total,Femmes,1949.0,colonnes
38,73,préfecture,Kéran,50-54,Total,Ensemble,3555.0,colonnes
38,73,préfecture,Kéran,55-59,Urbain,Hommes,197.0,colonnes
38,73,préfecture,Kéran,55-59,Urbain,Femmes,157.0,colonnes
38,73,préfecture,Kéran,55-59,Urbain,Ensemble,354.0,colonnes
38,73,préfecture,Kéran,55-59,Rural,Hommes,903.0,colonnes
38,73,préfecture,Kéran,55-59,Rural,Femmes,1101.0,colonnes
38,73,préfecture,Kéran,55-59,Rural,Ensemble,2004.0,colonnes
38,73,préfecture,Kéran,55-59,Total,Hommes,1100.0,colonnes
38,73,préfecture,Kéran,55-59,Total,Femmes,1258.0,colonnes
38,73,préfecture,Kéran,55-59,Total,Ensemble,2358.0,colonnes
38,73,préfecture,Kéran,60-64,Urbain,Hommes,107.0,colonnes
38,73,préfecture,Kéran,60-64,Urbain,Femmes,160.0,colonnes
38,73,préfecture,Kéran,60-64,Urbain,Ensemble,267.0,colonnes
38,73,préfecture,Kéran,60-64,Rural,Hommes,797.0,colonnes
38,73,préfecture,Kéran,60-64,Rural,Femmes,1097.0,colonnes
38,73,préfecture,Kéran,60-64,Rural,Ensemble,1894.0,colonnes
38,73,préfecture,Kéran,60-64,Total,Hommes,904.0,colonnes
38,73,préfecture,Kéran,60-64,Total,Femmes,1257.0,colonnes
38,73,préfecture,Kéran,60-64,Total,Ensemble,2161.0,colonnes
38,73,préfecture,Kéran,65-69,Urbain,Hommes,61.0,colonnes
38,73,préfecture,Kéran,65-69,Urbain,Femmes,106.0,colonnes
38,73,préfecture,Kéran,65-69,Urbain,Ensemble,167.0,colonnes
38,73,préfecture,Kéran,65-69,Rural,Hommes,511.0,colonnes
38,73,préfecture,Kéran,65-69,Rural,Femmes,635.0,colonnes
38,73,préfecture,Kéran,65-69,Rural,Ensemble,1146.0,colonnes
38,73,préfecture,Kéran,65-69,Total,Hommes,572.0,colonnes
38,73,préfecture,Kéran,65-69,Total,Femmes,741.0,colonnes
38,73,préfecture,Kéran,65-69,Total,Ensemble,1313.0,colonnes
38,73,préfecture,Kéran,70-74,Urbain,Hommes,36.0,colonnes
38,73,préfecture,Kéran,70-74,Urbain,Femmes,57.0,colonnes
38,73,préfecture,Kéran,70-74,Urbain,Ensemble,93.0,colonnes
38,73,préfecture,Kéran,70-74,Rural,Hommes,357.0,colonnes
38,73,préfecture,Kéran,70-74,Rural,Femmes,447.0,colonnes
38,73,préfecture,Kéran,70-74,Rural,Ensemble,804.0,colonnes
38,73,préfecture,Kéran,70-74,Total,Hommes,393.0,colonnes
38,73,préfecture,Kéran,70-74,Total,Femmes,504.0,colonnes
38,73,préfecture,Kéran,70-74,Total,Ensemble,897.0,colonnes
38,73,préfecture,Kéran,75-79,Urbain,Hommes,16.0,colonnes
38,73,préfecture,Kéran,75-79,Urbain,Femmes,44.0,colonnes
38,73,préfecture,Kéran,75-79,Urbain,Ensemble,60.0,colonnes
38,73,préfecture,Kéran,75-79,Rural,Hommes,162.0,colonnes
38,73,préfecture,Kéran,75-79,Rural,Femmes,228.0,colonnes
38,73,préfecture,Kéran,75-79,Rural,Ensemble,390.0,colonnes
38,73,préfecture,Kéran,75-79,Total,Hommes,178.0,colonnes
38,73,préfecture,Kéran,75-79,Total,Femmes,272.0,colonnes
38,73,préfecture,Kéran,75-79,Total,Ensemble,450.0,colonnes
38,73,préfecture,Kéran,80-84,Urbain,Hommes,12.0,colonnes
38,73,préfecture,Kéran,80-84,Urbain,Femmes,26.0,colonnes
38,73,préfecture,Kéran,80-84,Urbain,Ensemble,38.0,colonnes
38,73,préfecture,Kéran,80-84,Rural,Hommes,102.0,colonnes
38,73,préfecture,Kéran,80-84,Rural,Femmes,145.0,colonnes
38,73,préfecture,Kéran,80-84,Rural,Ensemble,247.0,colonnes
38,73,préfecture,Kéran,80-84,Total,Hommes,114.0,colonnes
38,73,préfecture,Kéran,80-84,Total,Femmes,171.0,colonnes
38,73,préfecture,Kéran,80-84,Total,Ensemble,285.0,colonnes
38,73,préfecture,Kéran,85 et +,Urbain,Hommes,10.0,colonnes
38,73,préfecture,Kéran,85 et +,Urbain,Femmes,25.0,colonnes
38,73,préfecture,Kéran,85 et +,Urbain,Ensemble,35.0,colonnes
38,73,préfecture,Kéran,85 et +,Rural,Hommes,90.0,colonnes
38,73,préfecture,Kéran,85 et +,Rural,Femmes,139.0,colonnes
38,73,préfecture,Kéran,85 et +,Rural,Ensemble,229.0,colonnes
38,73,préfecture,Kéran,85 et +,Total,Hommes,100.0,colonnes
38,73,préfecture,Kéran,85 et +,Total,Femmes,164.0,colonnes
38,73,préfecture,Kéran,85 et +,Total,Ensemble,264.0,colonnes
38,73,préfecture,Kéran,ND,Urbain,Hommes,9.0,colonnes
38,73,préfecture,Kéran,ND,Urbain,Femmes,3.0,colonnes
38,73,préfecture,Kéran,ND,Urbain,Ensemble,12.0,colonnes
38,73,préfecture,Kéran,ND,Rural,Hommes,94.0,colonnes
38,73,préfecture,Kéran,ND,Rural,Femmes,108.0,colonnes
38,73,préfecture,Kéran,ND,Rural,Ensemble,202.0,colonnes
38,73,préfecture,Kéran,ND,Total,Hommes,103.0,colonnes
38,73,préfecture,Kéran,ND,Total,Femmes,111.0,colonnes
38,73,préfecture,Kéran,ND,Total,Ensemble,214.0,colonnes
38,73,préfecture,Kéran,Total,Urbain,Hommes,7600.0,colonnes
38,73,préfecture,Kéran,Total,Urbain,Femmes,7713.0,colonnes
38,73,préfecture,Kéran,Total,Urbain,Ensemble,15313.0,colonnes
38,73,préfecture,Kéran,Total,Rural,Hommes,56131.0,colonnes
38,73,préfecture,Kéran,Total,Rural,Femmes,57243.0,colonnes
38,73,préfecture,Kéran,Total,Rural,Ensemble,113374.0,colonnes
38,73,préfecture,Kéran,Total,Total,Hommes,63731.0,colonnes
38,73,préfecture,Kéran,Total,Total,Femmes,64956.0,colonnes
38,73,préfecture,Kéran,Total,Total,Ensemble,128687.0,colonnes
39,74,préfecture,Doufelgou,0,Urbain,Hommes,342.0,colonnes
39,74,préfecture,Doufelgou,0,Urbain,Femmes,285.0,colonnes
39,74,préfecture,Doufelgou,0,Urbain,Ensemble,627.0,colonnes
39,74,préfecture,Doufelgou,0,Rural,Hommes,788.0,colonnes
39,74,préfecture,Doufelgou,0,Rural,Femmes,772.0,colonnes
39,74,préfecture,Doufelgou,0,Rural,Ensemble,1560.0,colonnes
39,74,préfecture,Doufelgou,0,Total,Hommes,1130.0,colonnes
39,74,préfecture,Doufelgou,0,Total,Femmes,1057.0,colonnes
39,74,préfecture,Doufelgou,0,Total,Ensemble,2187.0,colonnes
39,74,préfecture,Doufelgou,1-4,Urbain,Hommes,1324.0,colonnes
39,74,préfecture,Doufelgou,1-4,Urbain,Femmes,1244.0,colonnes
39,74,préfecture,Doufelgou,1-4,Urbain,Ensemble,2568.0,colonnes
39,74,préfecture,Doufelgou,1-4,Rural,Hommes,3615.0,colonnes
39,74,préfecture,Doufelgou,1-4,Rural,Femmes,3438.0,colonnes
39,74,préfecture,Doufelgou,1-4,Rural,Ensemble,7053.0,colonnes
39,74,préfecture,Doufelgou,1-4,Total,Hommes,4939.0,colonnes
39,74,préfecture,Doufelgou,1-4,Total,Femmes,4682.0,colonnes
39,74,préfecture,Doufelgou,1-4,Total,Ensemble,9621.0,colonnes
39,74,préfecture,Doufelgou,5-9,Urbain,Hommes,1861.0,colonnes
39,74,préfecture,Doufelgou,5-9,Urbain,Femmes,1863.0,colonnes
39,74,préfecture,Doufelgou,5-9,Urbain,Ensemble,3724.0,colonnes
39,74,préfecture,Doufelgou,5-9,Rural,Hommes,4943.0,colonnes
39,74,préfecture,Doufelgou,5-9,Rural,Femmes,4759.0,colonnes
39,74,préfecture,Doufelgou,5-9,Rural,Ensemble,9702.0,colonnes
39,74,préfecture,Doufelgou,5-9,Total,Hommes,6804.0,colonnes
39,74,préfecture,Doufelgou,5-9,Total,Femmes,6622.0,colonnes
39,74,préfecture,Doufelgou,5-9,Total,Ensemble,13426.0,colonnes
39,74,préfecture,Doufelgou,10-14,Urbain,Hommes,1764.0,colonnes
39,74,préfecture,Doufelgou,10-14,Urbain,Femmes,1725.0,colonnes
39,74,préfecture,Doufelgou,10-14,Urbain,Ensemble,3489.0,colonnes
39,74,préfecture,Doufelgou,10-14,Rural,Hommes,4286.0,colonnes
39,74,préfecture,Doufelgou,10-14,Rural,Femmes,3693.0,colonnes
39,74,préfecture,Doufelgou,10-14,Rural,Ensemble,7979.0,colonnes
39,74,préfecture,Doufelgou,10-14,Total,Hommes,6050.0,colonnes
39,74,préfecture,Doufelgou,10-14,Total,Femmes,5418.0,colonnes
39,74,préfecture,Doufelgou,10-14,Total,Ensemble,11468.0,colonnes
39,74,préfecture,Doufelgou,15-19,Urbain,Hommes,1402.0,colonnes
39,74,préfecture,Doufelgou,15-19,Urbain,Femmes,1311.0,colonnes
39,74,préfecture,Doufelgou,15-19,Urbain,Ensemble,2713.0,colonnes
39,74,préfecture,Doufelgou,15-19,Rural,Hommes,2586.0,colonnes
39,74,préfecture,Doufelgou,15-19,Rural,Femmes,2332.0,colonnes
39,74,préfecture,Doufelgou,15-19,Rural,Ensemble,4918.0,colonnes
39,74,préfecture,Doufelgou,15-19,Total,Hommes,3988.0,colonnes
39,74,préfecture,Doufelgou,15-19,Total,Femmes,3643.0,colonnes
39,74,préfecture,Doufelgou,15-19,Total,Ensemble,7631.0,colonnes
39,74,préfecture,Doufelgou,20-24,Urbain,Hommes,973.0,colonnes
39,74,préfecture,Doufelgou,20-24,Urbain,Femmes,1050.0,colonnes
39,74,préfecture,Doufelgou,20-24,Urbain,Ensemble,2023.0,colonnes
39,74,préfecture,Doufelgou,20-24,Rural,Hommes,1827.0,colonnes
39,74,préfecture,Doufelgou,20-24,Rural,Femmes,2160.0,colonnes
39,74,préfecture,Doufelgou,20-24,Rural,Ensemble,3987.0,colonnes
39,74,préfecture,Doufelgou,20-24,Total,Hommes,2800.0,colonnes
39,74,préfecture,Doufelgou,20-24,Total,Femmes,3210.0,colonnes
39,74,préfecture,Doufelgou,20-24,Total,Ensemble,6010.0,colonnes
39,74,préfecture,Doufelgou,25-29,Urbain,Hommes,875.0,colonnes
39,74,préfecture,Doufelgou,25-29,Urbain,Femmes,908.0,colonnes
39,74,préfecture,Doufelgou,25-29,Urbain,Ensemble,1783.0,colonnes
39,74,préfecture,Doufelgou,25-29,Rural,Hommes,1628.0,colonnes
39,74,préfecture,Doufelgou,25-29,Rural,Femmes,1910.0,colonnes
39,74,préfecture,Doufelgou,25-29,Rural,Ensemble,3537.0,colonnes
39,74,préfecture,Doufelgou,25-29,Total,Hommes,2503.0,colonnes
39,74,préfecture,Doufelgou,25-29,Total,Femmes,2818.0,colonnes
39,74,préfecture,Doufelgou,25-29,Total,Ensemble,5320.0,colonnes
39,74,préfecture,Doufelgou,30-34,Urbain,Hommes,958.0,colonnes
39,74,préfecture,Doufelgou,30-34,Urbain,Femmes,928.0,colonnes
39,74,préfecture,Doufelgou,30-34,Urbain,Ensemble,1886.0,colonnes
39,74,préfecture,Doufelgou,30-34,Rural,Hommes,1529.0,colonnes
39,74,préfecture,Doufelgou,30-34,Rural,Femmes,1722.0,colonnes
39,74,préfecture,Doufelgou,30-34,Rural,Ensemble,3251.0,colonnes
39,74,préfecture,Doufelgou,30-34,Total,Hommes,2487.0,colonnes
39,74,préfecture,Doufelgou,30-34,Total,Femmes,2650.0,colonnes
39,74,préfecture,Doufelgou,30-34,Total,Ensemble,5137.0,colonnes
39,74,préfecture,Doufelgou,35-39,Urbain,Hommes,813.0,colonnes
39,74,préfecture,Doufelgou,35-39,Urbain,Femmes,786.0,colonnes
39,74,préfecture,Doufelgou,35-39,Urbain,Ensemble,1599.0,colonnes
39,74,préfecture,Doufelgou,35-39,Rural,Hommes,1452.0,colonnes
39,74,préfecture,Doufelgou,35-39,Rural,Femmes,1634.0,colonnes
39,74,préfecture,Doufelgou,35-39,Rural,Ensemble,3086.0,colonnes
39,74,préfecture,Doufelgou,35-39,Total,Hommes,2265.0,colonnes
39,74,préfecture,Doufelgou,35-39,Total,Femmes,2420.0,colonnes
39,74,préfecture,Doufelgou,35-39,Total,Ensemble,4685.0,colonnes
39,74,préfecture,Doufelgou,40-44,Urbain,Hommes,607.0,colonnes
39,74,préfecture,Doufelgou,40-44,Urbain,Femmes,658.0,colonnes
39,74,préfecture,Doufelgou,40-44,Urbain,Ensemble,1265.0,colonnes
39,74,préfecture,Doufelgou,40-44,Rural,Hommes,1135.0,colonnes
39,74,préfecture,Doufelgou,40-44,Rural,Femmes,1319.0,colonnes
39,74,préfecture,Doufelgou,40-44,Rural,Ensemble,2454.0,colonnes
39,74,préfecture,Doufelgou,40-44,Total,Hommes,1742.0,colonnes
39,74,préfecture,Doufelgou,40-44,Total,Femmes,1977.0,colonnes
39,74,préfecture,Doufelgou,40-44,Total,Ensemble,3719.0,colonnes
39,74,préfecture,Doufelgou,45-49,Urbain,Hommes,536.0,colonnes
39,74,préfecture,Doufelgou,45-49,Urbain,Femmes,575.0,colonnes
39,74,préfecture,Doufelgou,45-49,Urbain,Ensemble,1111.0,colonnes
39,74,préfecture,Doufelgou,45-49,Rural,Hommes,882.0,colonnes
39,74,préfecture,Doufelgou,45-49,Rural,Femmes,1107.0,colonnes
39,74,préfecture,Doufelgou,45-49,Rural,Ensemble,1989.0,colonnes
39,74,préfecture,Doufelgou,45-49,Total,Hommes,1418.0,colonnes
39,74,préfecture,Doufelgou,45-49,Total,Femmes,1682.0,colonnes
39,74,préfecture,Doufelgou,45-49,Total,Ensemble,3100.0,colonnes
39,74,préfecture,Doufelgou,50-54,Urbain,Hommes,495.0,colonnes
39,74,préfecture,Doufelgou,50-54,Urbain,Femmes,633.0,colonnes
39,74,préfecture,Doufelgou,50-54,Urbain,Ensemble,1128.0,colonnes
39,74,préfecture,Doufelgou,50-54,Rural,Hommes,809.0,colonnes
39,74,préfecture,Doufelgou,50-54,Rural,Femmes,1167.0,colonnes
39,74,préfecture,Doufelgou,50-54,Rural,Ensemble,1976.0,colonnes
39,74,préfecture,Doufelgou,50-54,Total,Hommes,1304.0,colonnes
39,74,préfecture,Doufelgou,50-54,Total,Femmes,1800.0,colonnes
39,74,préfecture,Doufelgou,50-54,Total,Ensemble,3104.0,colonnes
39,74,préfecture,Doufelgou,55-59,Urbain,Hommes,512.0,colonnes
39,74,préfecture,Doufelgou,55-59,Urbain,Femmes,534.0,colonnes
39,74,préfecture,Doufelgou,55-59,Urbain,Ensemble,1046.0,colonnes
39,74,préfecture,Doufelgou,55-59,Rural,Hommes,735.0,colonnes
39,74,préfecture,Doufelgou,55-59,Rural,Femmes,925.0,colonnes
39,74,préfecture,Doufelgou,55-59,Rural,Ensemble,1660.0,colonnes
39,74,préfecture,Doufelgou,55-59,Total,Hommes,1247.0,colonnes
39,74,préfecture,Doufelgou,55-59,Total,Femmes,1459.0,colonnes
39,74,préfecture,Doufelgou,55-59,Total,Ensemble,2706.0,colonnes
39,74,préfecture,Doufelgou,60-64,Urbain,Hommes,319.0,colonnes
39,74,préfecture,Doufelgou,60-64,Urbain,Femmes,488.0,colonnes
39,74,préfecture,Doufelgou,60-64,Urbain,Ensemble,807.0,colonnes
39,74,préfecture,Doufelgou,60-64,Rural,Hommes,466.0,colonnes
39,74,préfecture,Doufelgou,60-64,Rural,Femmes,868.0,colonnes
39,74,préfecture,Doufelgou,60-64,Rural,Ensemble,1334.0,colonnes
39,74,préfecture,Doufelgou,60-64,Total,Hommes,785.0,colonnes
39,74,préfecture,Doufelgou,60-64,Total,Femmes,1356.0,colonnes
39,74,préfecture,Doufelgou,60-64,Total,Ensemble,2141.0,colonnes
39,74,préfecture,Doufelgou,65-69,Urbain,Hommes,182.0,colonnes
39,74,préfecture,Doufelgou,65-69,Urbain,Femmes,301.0,colonnes
39,74,préfecture,Doufelgou,65-69,Urbain,Ensemble,483.0,colonnes
39,74,préfecture,Doufelgou,65-69,Rural,Hommes,331.0,colonnes
39,74,préfecture,Doufelgou,65-69,Rural,Femmes,541.0,colonnes
39,74,préfecture,Doufelgou,65-69,Rural,Ensemble,872.0,colonnes
39,74,préfecture,Doufelgou,65-69,Total,Hommes,513.0,colonnes
39,74,préfecture,Doufelgou,65-69,Total,Femmes,842.0,colonnes
39,74,préfecture,Doufelgou,65-69,Total,Ensemble,1355.0,colonnes
39,74,préfecture,Doufelgou,70-74,Urbain,Hommes,99.0,colonnes
39,74,préfecture,Doufelgou,70-74,Urbain,Femmes,247.0,colonnes
39,74,préfecture,Doufelgou,70-74,Urbain,Ensemble,346.0,colonnes
39,74,préfecture,Doufelgou,70-74,Rural,Hommes,217.0,colonnes
39,74,préfecture,Doufelgou,70-74,Rural,Femmes,500.0,colonnes
39,74,préfecture,Doufelgou,70-74,Rural,Ensemble,717.0,colonnes
39,74,préfecture,Doufelgou,70-74,Total,Hommes,316.0,colonnes
39,74,préfecture,Doufelgou,70-74,Total,Femmes,747.0,colonnes
39,74,préfecture,Doufelgou,70-74,Total,Ensemble,1063.0,colonnes
39,74,préfecture,Doufelgou,75-79,Urbain,Hommes,34.0,colonnes
39,74,préfecture,Doufelgou,75-79,Urbain,Femmes,128.0,colonnes
39,74,préfecture,Doufelgou,75-79,Urbain,Ensemble,162.0,colonnes
39,74,préfecture,Doufelgou,75-79,Rural,Hommes,125.0,colonnes
39,74,préfecture,Doufelgou,75-79,Rural,Femmes,289.0,colonnes
39,74,préfecture,Doufelgou,75-79,Rural,Ensemble,414.0,colonnes
39,74,préfecture,Doufelgou,75-79,Total,Hommes,159.0,colonnes
39,74,préfecture,Doufelgou,75-79,Total,Femmes,417.0,colonnes
39,74,préfecture,Doufelgou,75-79,Total,Ensemble,576.0,colonnes
39,74,préfecture,Doufelgou,80-84,Urbain,Hommes,22.0,colonnes
39,74,préfecture,Doufelgou,80-84,Urbain,Femmes,137.0,colonnes
39,74,préfecture,Doufelgou,80-84,Urbain,Ensemble,159.0,colonnes
39,74,préfecture,Doufelgou,80-84,Rural,Hommes,81.0,colonnes
39,74,préfecture,Doufelgou,80-84,Rural,Femmes,207.0,colonnes
39,74,préfecture,Doufelgou,80-84,Rural,Ensemble,288.0,colonnes
39,74,préfecture,Doufelgou,80-84,Total,Hommes,103.0,colonnes
39,74,préfecture,Doufelgou,80-84,Total,Femmes,344.0,colonnes
39,74,préfecture,Doufelgou,80-84,Total,Ensemble,447.0,colonnes
39,74,préfecture,Doufelgou,85 et +,Urbain,Hommes,30.0,colonnes
39,74,préfecture,Doufelgou,85 et +,Urbain,Femmes,142.0,colonnes
39,74,préfecture,Doufelgou,85 et +,Urbain,Ensemble,172.0,colonnes
39,74,préfecture,Doufelgou,85 et +,Rural,Hommes,89.0,colonnes
39,74,préfecture,Doufelgou,85 et +,Rural,Femmes,184.0,colonnes
39,74,préfecture,Doufelgou,85 et +,Rural,Ensemble,272.0,colonnes
39,74,préfecture,Doufelgou,85 et +,Total,Hommes,119.0,colonnes
39,74,préfecture,Doufelgou,85 et +,Total,Femmes,326.0,colonnes
39,74,préfecture,Doufelgou,85 et +,Total,Ensemble,444.0,colonnes
39,74,préfecture,Doufelgou,ND,Urbain,Hommes,12.0,colonnes
39,74,préfecture,Doufelgou,ND,Urbain,Femmes,29.0,colonnes
39,74,préfecture,Doufelgou,ND,Urbain,Ensemble,41.0,colonnes
39,74,préfecture,Doufelgou,ND,Rural,Hommes,291.0,colonnes
39,74,préfecture,Doufelgou,ND,Rural,Femmes,295.0,colonnes
39,74,préfecture,Doufelgou,ND,Rural,Ensemble,586.0,colonnes
39,74,préfecture,Doufelgou,ND,Total,Hommes,303.0,colonnes
39,74,préfecture,Doufelgou,ND,Total,Femmes,324.0,colonnes
39,74,préfecture,Doufelgou,ND,Total,Ensemble,627.0,colonnes
39,74,préfecture,Doufelgou,Total,Urbain,Hommes,13160.0,colonnes
39,74,préfecture,Doufelgou,Total,Urbain,Femmes,13972.0,colonnes
39,74,préfecture,Doufelgou,Total,Urbain,Ensemble,27132.0,colonnes
39,74,préfecture,Doufelgou,Total,Rural,Hommes,27813.0,colonnes
39,74,préfecture,Doufelgou,Total,Rural,Femmes,29822.0,colonnes
39,74,préfecture,Doufelgou,Total,Rural,Ensemble,57635.0,colonnes
39,74,préfecture,Doufelgou,Total,Total,Hommes,40973.0,colonnes
39,74,préfecture,Doufelgou,Total,Total,Femmes,43794.0,colonnes
39,74,préfecture,Doufelgou,Total,Total,Ensemble,84767.0,colonnes
40,75,préfecture,Binah,0,Urbain,Hommes,55.0,colonnes
40,75,préfecture,Binah,0,Urbain,Femmes,71.0,colonnes
40,75,préfecture,Binah,0,Urbain,Ensemble,126.0,colonnes
40,75,préfecture,Binah,0,Rural,Hommes,1004.0,colonnes
40,75,préfecture,Binah,0,Rural,Femmes,981.0,colonnes
40,75,préfecture,Binah,0,Rural,Ensemble,1985.0,colonnes
40,75,préfecture,Binah,0,Total,Hommes,1059.0,colonnes
40,75,préfecture,Binah,0,Total,Femmes,1052.0,colonnes
40,75,préfecture,Binah,0,Total,Ensemble,2111.0,colonnes
40,75,préfecture,Binah,1-4,Urbain,Hommes,360.0,colonnes
40,75,préfecture,Binah,1-4,Urbain,Femmes,341.0,colonnes
40,75,préfecture,Binah,1-4,Urbain,Ensemble,701.0,colonnes
40,75,préfecture,Binah,1-4,Rural,Hommes,4619.0,colonnes
40,75,préfecture,Binah,1-4,Rural,Femmes,4550.0,colonnes
40,75,préfecture,Binah,1-4,Rural,Ensemble,9169.0,colonnes
40,75,préfecture,Binah,1-4,Total,Hommes,4979.0,colonnes
40,75,préfecture,Binah,1-4,Total,Femmes,4891.0,colonnes
40,75,préfecture,Binah,1-4,Total,Ensemble,9870.0,colonnes
40,75,préfecture,Binah,5-9,Urbain,Hommes,462.0,colonnes
40,75,préfecture,Binah,5-9,Urbain,Femmes,508.0,colonnes
40,75,préfecture,Binah,5-9,Urbain,Ensemble,970.0,colonnes
40,75,préfecture,Binah,5-9,Rural,Hommes,6379.0,colonnes
40,75,préfecture,Binah,5-9,Rural,Femmes,6065.0,colonnes
40,75,préfecture,Binah,5-9,Rural,Ensemble,12444.0,colonnes
40,75,préfecture,Binah,5-9,Total,Hommes,6841.0,colonnes
40,75,préfecture,Binah,5-9,Total,Femmes,6573.0,colonnes
40,75,préfecture,Binah,5-9,Total,Ensemble,13414.0,colonnes
40,75,préfecture,Binah,10-14,Urbain,Hommes,535.0,colonnes
40,75,préfecture,Binah,10-14,Urbain,Femmes,493.0,colonnes
40,75,préfecture,Binah,10-14,Urbain,Ensemble,1028.0,colonnes
40,75,préfecture,Binah,10-14,Rural,Hommes,5444.0,colonnes
40,75,préfecture,Binah,10-14,Rural,Femmes,4759.0,colonnes
40,75,préfecture,Binah,10-14,Rural,Ensemble,10203.0,colonnes
40,75,préfecture,Binah,10-14,Total,Hommes,5979.0,colonnes
40,75,préfecture,Binah,10-14,Total,Femmes,5252.0,colonnes
40,75,préfecture,Binah,10-14,Total,Ensemble,11231.0,colonnes
40,75,préfecture,Binah,15-19,Urbain,Hommes,598.0,colonnes
40,75,préfecture,Binah,15-19,Urbain,Femmes,418.0,colonnes
40,75,préfecture,Binah,15-19,Urbain,Ensemble,1016.0,colonnes
40,75,préfecture,Binah,15-19,Rural,Hommes,3689.0,colonnes
40,75,préfecture,Binah,15-19,Rural,Femmes,3277.0,colonnes
40,75,préfecture,Binah,15-19,Rural,Ensemble,6966.0,colonnes
40,75,préfecture,Binah,15-19,Total,Hommes,4287.0,colonnes
40,75,préfecture,Binah,15-19,Total,Femmes,3695.0,colonnes
40,75,préfecture,Binah,15-19,Total,Ensemble,7982.0,colonnes
40,75,préfecture,Binah,20-24,Urbain,Hommes,287.0,colonnes
40,75,préfecture,Binah,20-24,Urbain,Femmes,301.0,colonnes
40,75,préfecture,Binah,20-24,Urbain,Ensemble,588.0,colonnes
40,75,préfecture,Binah,20-24,Rural,Hommes,2683.0,colonnes
40,75,préfecture,Binah,20-24,Rural,Femmes,3122.0,colonnes
40,75,préfecture,Binah,20-24,Rural,Ensemble,5805.0,colonnes
40,75,préfecture,Binah,20-24,Total,Hommes,2970.0,colonnes
40,75,préfecture,Binah,20-24,Total,Femmes,3423.0,colonnes
40,75,préfecture,Binah,20-24,Total,Ensemble,6393.0,colonnes
40,75,préfecture,Binah,25-29,Urbain,Hommes,249.0,colonnes
40,75,préfecture,Binah,25-29,Urbain,Femmes,254.0,colonnes
40,75,préfecture,Binah,25-29,Urbain,Ensemble,503.0,colonnes
40,75,préfecture,Binah,25-29,Rural,Hommes,2315.0,colonnes
40,75,préfecture,Binah,25-29,Rural,Femmes,2621.0,colonnes
40,75,préfecture,Binah,25-29,Rural,Ensemble,4936.0,colonnes
40,75,préfecture,Binah,25-29,Total,Hommes,2564.0,colonnes
40,75,préfecture,Binah,25-29,Total,Femmes,2875.0,colonnes
40,75,préfecture,Binah,25-29,Total,Ensemble,5439.0,colonnes
40,75,préfecture,Binah,30-34,Urbain,Hommes,202.0,colonnes
40,75,préfecture,Binah,30-34,Urbain,Femmes,236.0,colonnes
40,75,préfecture,Binah,30-34,Urbain,Ensemble,438.0,colonnes
40,75,préfecture,Binah,30-34,Rural,Hommes,2368.0,colonnes
40,75,préfecture,Binah,30-34,Rural,Femmes,2493.0,colonnes
40,75,préfecture,Binah,30-34,Rural,Ensemble,4861.0,colonnes
40,75,préfecture,Binah,30-34,Total,Hommes,2570.0,colonnes
40,75,préfecture,Binah,30-34,Total,Femmes,2729.0,colonnes
40,75,préfecture,Binah,30-34,Total,Ensemble,5299.0,colonnes
40,75,préfecture,Binah,35-39,Urbain,Hommes,201.0,colonnes
40,75,préfecture,Binah,35-39,Urbain,Femmes,195.0,colonnes
40,75,préfecture,Binah,35-39,Urbain,Ensemble,396.0,colonnes
40,75,préfecture,Binah,35-39,Rural,Hommes,2006.0,colonnes
40,75,préfecture,Binah,35-39,Rural,Femmes,2065.0,colonnes
40,75,préfecture,Binah,35-39,Rural,Ensemble,4071.0,colonnes
40,75,préfecture,Binah,35-39,Total,Hommes,2207.0,colonnes
40,75,préfecture,Binah,35-39,Total,Femmes,2260.0,colonnes
40,75,préfecture,Binah,35-39,Total,Ensemble,4467.0,colonnes
40,75,préfecture,Binah,40-44,Urbain,Hommes,157.0,colonnes
40,75,préfecture,Binah,40-44,Urbain,Femmes,164.0,colonnes
40,75,préfecture,Binah,40-44,Urbain,Ensemble,321.0,colonnes
40,75,préfecture,Binah,40-44,Rural,Hommes,1587.0,colonnes
40,75,préfecture,Binah,40-44,Rural,Femmes,1783.0,colonnes
40,75,préfecture,Binah,40-44,Rural,Ensemble,3370.0,colonnes
40,75,préfecture,Binah,40-44,Total,Hommes,1744.0,colonnes
40,75,préfecture,Binah,40-44,Total,Femmes,1947.0,colonnes
40,75,préfecture,Binah,40-44,Total,Ensemble,3691.0,colonnes
40,75,préfecture,Binah,45-49,Urbain,Hommes,129.0,colonnes
40,75,préfecture,Binah,45-49,Urbain,Femmes,134.0,colonnes
40,75,préfecture,Binah,45-49,Urbain,Ensemble,263.0,colonnes
40,75,préfecture,Binah,45-49,Rural,Hommes,1282.0,colonnes
40,75,préfecture,Binah,45-49,Rural,Femmes,1437.0,colonnes
40,75,préfecture,Binah,45-49,Rural,Ensemble,2719.0,colonnes
40,75,préfecture,Binah,45-49,Total,Hommes,1411.0,colonnes
40,75,préfecture,Binah,45-49,Total,Femmes,1571.0,colonnes
40,75,préfecture,Binah,45-49,Total,Ensemble,2982.0,colonnes
40,75,préfecture,Binah,50-54,Urbain,Hommes,114.0,colonnes
40,75,préfecture,Binah,50-54,Urbain,Femmes,153.0,colonnes
40,75,préfecture,Binah,50-54,Urbain,Ensemble,267.0,colonnes
40,75,préfecture,Binah,50-54,Rural,Hommes,1147.0,colonnes
40,75,préfecture,Binah,50-54,Rural,Femmes,1453.0,colonnes
40,75,préfecture,Binah,50-54,Rural,Ensemble,2600.0,colonnes
40,75,préfecture,Binah,50-54,Total,Hommes,1261.0,colonnes
40,75,préfecture,Binah,50-54,Total,Femmes,1606.0,colonnes
40,75,préfecture,Binah,50-54,Total,Ensemble,2867.0,colonnes
40,75,préfecture,Binah,55-59,Urbain,Hommes,106.0,colonnes
40,75,préfecture,Binah,55-59,Urbain,Femmes,156.0,colonnes
40,75,préfecture,Binah,55-59,Urbain,Ensemble,262.0,colonnes
40,75,préfecture,Binah,55-59,Rural,Hommes,898.0,colonnes
40,75,préfecture,Binah,55-59,Rural,Femmes,1170.0,colonnes
40,75,préfecture,Binah,55-59,Rural,Ensemble,2068.0,colonnes
40,75,préfecture,Binah,55-59,Total,Hommes,1004.0,colonnes
40,75,préfecture,Binah,55-59,Total,Femmes,1326.0,colonnes
40,75,préfecture,Binah,55-59,Total,Ensemble,2330.0,colonnes
40,75,préfecture,Binah,60-64,Urbain,Hommes,82.0,colonnes
40,75,préfecture,Binah,60-64,Urbain,Femmes,124.0,colonnes
40,75,préfecture,Binah,60-64,Urbain,Ensemble,206.0,colonnes
40,75,préfecture,Binah,60-64,Rural,Hommes,738.0,colonnes
40,75,préfecture,Binah,60-64,Rural,Femmes,1074.0,colonnes
40,75,préfecture,Binah,60-64,Rural,Ensemble,1812.0,colonnes
40,75,préfecture,Binah,60-64,Total,Hommes,820.0,colonnes
40,75,préfecture,Binah,60-64,Total,Femmes,1198.0,colonnes
40,75,préfecture,Binah,60-64,Total,Ensemble,2018.0,colonnes
40,75,préfecture,Binah,65-69,Urbain,Hommes,46.0,colonnes
40,75,préfecture,Binah,65-69,Urbain,Femmes,69.0,colonnes
40,75,préfecture,Binah,65-69,Urbain,Ensemble,115.0,colonnes
40,75,préfecture,Binah,65-69,Rural,Hommes,520.0,colonnes
40,75,préfecture,Binah,65-69,Rural,Femmes,751.0,colonnes
40,75,préfecture,Binah,65-69,Rural,Ensemble,1271.0,colonnes
40,75,préfecture,Binah,65-69,Total,Hommes,566.0,colonnes
40,75,préfecture,Binah,65-69,Total,Femmes,820.0,colonnes
40,75,préfecture,Binah,65-69,Total,Ensemble,1386.0,colonnes
40,75,préfecture,Binah,70-74,Urbain,Hommes,28.0,colonnes
40,75,préfecture,Binah,70-74,Urbain,Femmes,58.0,colonnes
40,75,préfecture,Binah,70-74,Urbain,Ensemble,86.0,colonnes
40,75,préfecture,Binah,70-74,Rural,Hommes,380.0,colonnes
40,75,préfecture,Binah,70-74,Rural,Femmes,577.0,colonnes
40,75,préfecture,Binah,70-74,Rural,Ensemble,957.0,colonnes
40,75,préfecture,Binah,70-74,Total,Hommes,408.0,colonnes
40,75,préfecture,Binah,70-74,Total,Femmes,635.0,colonnes
40,75,préfecture,Binah,70-74,Total,Ensemble,1043.0,colonnes
40,75,préfecture,Binah,75-79,Urbain,Hommes,18.0,colonnes
40,75,préfecture,Binah,75-79,Urbain,Femmes,42.0,colonnes
40,75,préfecture,Binah,75-79,Urbain,Ensemble,60.0,colonnes
40,75,préfecture,Binah,75-79,Rural,Hommes,271.0,colonnes
40,75,préfecture,Binah,75-79,Rural,Femmes,391.0,colonnes
40,75,préfecture,Binah,75-79,Rural,Ensemble,662.0,colonnes
40,75,préfecture,Binah,75-79,Total,Hommes,289.0,colonnes
40,75,préfecture,Binah,75-79,Total,Femmes,433.0,colonnes
40,75,préfecture,Binah,75-79,Total,Ensemble,722.0,colonnes
40,75,préfecture,Binah,80-84,Urbain,Hommes,5.0,colonnes
40,75,préfecture,Binah,80-84,Urbain,Femmes,27.0,colonnes
40,75,préfecture,Binah,80-84,Urbain,Ensemble,32.0,colonnes
40,75,préfecture,Binah,80-84,Rural,Hommes,153.0,colonnes
40,75,préfecture,Binah,80-84,Rural,Femmes,267.0,colonnes
40,75,préfecture,Binah,80-84,Rural,Ensemble,420.0,colonnes
40,75,préfecture,Binah,80-84,Total,Hommes,158.0,colonnes
40,75,préfecture,Binah,80-84,Total,Femmes,294.0,colonnes
40,75,préfecture,Binah,80-84,Total,Ensemble,452.0,colonnes
40,75,préfecture,Binah,85 et +,Urbain,Hommes,7.0,colonnes
40,75,préfecture,Binah,85 et +,Urbain,Femmes,50.0,colonnes
40,75,préfecture,Binah,85 et +,Urbain,Ensemble,57.0,colonnes
40,75,préfecture,Binah,85 et +,Rural,Hommes,143.0,colonnes
40,75,préfecture,Binah,85 et +,Rural,Femmes,273.0,colonnes
40,75,préfecture,Binah,85 et +,Rural,Ensemble,416.0,colonnes
40,75,préfecture,Binah,85 et +,Total,Hommes,150.0,colonnes
40,75,préfecture,Binah,85 et +,Total,Femmes,323.0,colonnes
40,75,préfecture,Binah,85 et +,Total,Ensemble,473.0,colonnes
40,75,préfecture,Binah,ND,Urbain,Hommes,9.0,colonnes
40,75,préfecture,Binah,ND,Urbain,Femmes,6.0,colonnes
40,75,préfecture,Binah,ND,Urbain,Ensemble,15.0,colonnes
40,75,préfecture,Binah,ND,Rural,Hommes,9.0,colonnes
40,75,préfecture,Binah,ND,Rural,Femmes,5.0,colonnes
40,75,préfecture,Binah,ND,Rural,Ensemble,14.0,colonnes
40,75,préfecture,Binah,ND,Total,Hommes,18.0,colonnes
40,75,préfecture,Binah,ND,Total,Femmes,11.0,colonnes
40,75,préfecture,Binah,ND,Total,Ensemble,29.0,colonnes
40,75,préfecture,Binah,Total,Urbain,Hommes,3650.0,colonnes
40,75,préfecture,Binah,Total,Urbain,Femmes,3800.0,colonnes
40,75,préfecture,Binah,Total,Urbain,Ensemble,7450.0,colonnes
40,75,préfecture,Binah,Total,Rural,Hommes,37635.0,colonnes
40,75,préfecture,Binah,Total,Rural,Femmes,39114.0,colonnes
40,75,préfecture,Binah,Total,Rural,Ensemble,76749.0,colonnes
40,75,préfecture,Binah,Total,Total,Hommes,41285.0,colonnes
40,75,préfecture,Binah,Total,Total,Femmes,42914.0,colonnes
40,75,préfecture,Binah,Total,Total,Ensemble,84199.0,colonnes
41,79,préfecture,Tône,0,Urbain,Hommes,1601.0,colonnes
41,79,préfecture,Tône,0,Urbain,Femmes,1543.0,colonnes
41,79,préfecture,Tône,0,Urbain,Ensemble,3144.0,colonnes
41,79,préfecture,Tône,0,Rural,Hommes,3986.0,colonnes
41,79,préfecture,Tône,0,Rural,Femmes,3973.0,colonnes
41,79,préfecture,Tône,0,Rural,Ensemble,7959.0,colonnes
41,79,préfecture,Tône,0,Total,Hommes,5587.0,colonnes
41,79,préfecture,Tône,0,Total,Femmes,5516.0,colonnes
41,79,préfecture,Tône,0,Total,Ensemble,11103.0,colonnes
41,79,préfecture,Tône,1-4,Urbain,Hommes,6798.0,colonnes
41,79,préfecture,Tône,1-4,Urbain,Femmes,6355.0,colonnes
41,79,préfecture,Tône,1-4,Urbain,Ensemble,13153.0,colonnes
41,79,préfecture,Tône,1-4,Rural,Hommes,17520.0,colonnes
41,79,préfecture,Tône,1-4,Rural,Femmes,17009.0,colonnes
41,79,préfecture,Tône,1-4,Rural,Ensemble,34529.0,colonnes
41,79,préfecture,Tône,1-4,Total,Hommes,24318.0,colonnes
41,79,préfecture,Tône,1-4,Total,Femmes,23364.0,colonnes
41,79,préfecture,Tône,1-4,Total,Ensemble,47682.0,colonnes
41,79,préfecture,Tône,5-9,Urbain,Hommes,8074.0,colonnes
41,79,préfecture,Tône,5-9,Urbain,Femmes,7798.0,colonnes
41,79,préfecture,Tône,5-9,Urbain,Ensemble,15872.0,colonnes
41,79,préfecture,Tône,5-9,Rural,Hommes,24904.0,colonnes
41,79,préfecture,Tône,5-9,Rural,Femmes,23391.0,colonnes
41,79,préfecture,Tône,5-9,Rural,Ensemble,48295.0,colonnes
41,79,préfecture,Tône,5-9,Total,Hommes,32978.0,colonnes
41,79,préfecture,Tône,5-9,Total,Femmes,31189.0,colonnes
41,79,préfecture,Tône,5-9,Total,Ensemble,64167.0,colonnes
41,79,préfecture,Tône,10-14,Urbain,Hommes,7592.0,colonnes
41,79,préfecture,Tône,10-14,Urbain,Femmes,7963.0,colonnes
41,79,préfecture,Tône,10-14,Urbain,Ensemble,15555.0,colonnes
41,79,préfecture,Tône,10-14,Rural,Hommes,21969.0,colonnes
41,79,préfecture,Tône,10-14,Rural,Femmes,19823.0,colonnes
41,79,préfecture,Tône,10-14,Rural,Ensemble,41792.0,colonnes
41,79,préfecture,Tône,10-14,Total,Hommes,29561.0,colonnes
41,79,préfecture,Tône,10-14,Total,Femmes,27786.0,colonnes
41,79,préfecture,Tône,10-14,Total,Ensemble,57347.0,colonnes
41,79,préfecture,Tône,15-19,Urbain,Hommes,7334.0,colonnes
41,79,préfecture,Tône,15-19,Urbain,Femmes,8209.0,colonnes
41,79,préfecture,Tône,15-19,Urbain,Ensemble,15543.0,colonnes
41,79,préfecture,Tône,15-19,Rural,Hommes,13715.0,colonnes
41,79,préfecture,Tône,15-19,Rural,Femmes,13848.0,colonnes
41,79,préfecture,Tône,15-19,Rural,Ensemble,27563.0,colonnes
41,79,préfecture,Tône,15-19,Total,Hommes,21049.0,colonnes
41,79,préfecture,Tône,15-19,Total,Femmes,22057.0,colonnes
41,79,préfecture,Tône,15-19,Total,Ensemble,43106.0,colonnes
41,79,préfecture,Tône,20-24,Urbain,Hommes,4888.0,colonnes
41,79,préfecture,Tône,20-24,Urbain,Femmes,6114.0,colonnes
41,79,préfecture,Tône,20-24,Urbain,Ensemble,11002.0,colonnes
41,79,préfecture,Tône,20-24,Rural,Hommes,7840.0,colonnes
41,79,préfecture,Tône,20-24,Rural,Femmes,11261.0,colonnes
41,79,préfecture,Tône,20-24,Rural,Ensemble,19101.0,colonnes
41,79,préfecture,Tône,20-24,Total,Hommes,12728.0,colonnes
41,79,préfecture,Tône,20-24,Total,Femmes,17375.0,colonnes
41,79,préfecture,Tône,20-24,Total,Ensemble,30103.0,colonnes
41,79,préfecture,Tône,25-29,Urbain,Hommes,3996.0,colonnes
41,79,préfecture,Tône,25-29,Urbain,Femmes,5186.0,colonnes
41,79,préfecture,Tône,25-29,Urbain,Ensemble,9182.0,colonnes
41,79,préfecture,Tône,25-29,Rural,Hommes,6239.0,colonnes
41,79,préfecture,Tône,25-29,Rural,Femmes,8115.0,colonnes
41,79,préfecture,Tône,25-29,Rural,Ensemble,14354.0,colonnes
41,79,préfecture,Tône,25-29,Total,Hommes,10235.0,colonnes
41,79,préfecture,Tône,25-29,Total,Femmes,13301.0,colonnes
41,79,préfecture,Tône,25-29,Total,Ensemble,23536.0,colonnes
41,79,préfecture,Tône,30-34,Urbain,Hommes,3914.0,colonnes
41,79,préfecture,Tône,30-34,Urbain,Femmes,4460.0,colonnes
41,79,préfecture,Tône,30-34,Urbain,Ensemble,8374.0,colonnes
41,79,préfecture,Tône,30-34,Rural,Hommes,5642.0,colonnes
41,79,préfecture,Tône,30-34,Rural,Femmes,7993.0,colonnes
41,79,préfecture,Tône,30-34,Rural,Ensemble,13635.0,colonnes
41,79,préfecture,Tône,30-34,Total,Hommes,9556.0,colonnes
41,79,préfecture,Tône,30-34,Total,Femmes,12453.0,colonnes
41,79,préfecture,Tône,30-34,Total,Ensemble,22009.0,colonnes
41,79,préfecture,Tône,35-39,Urbain,Hommes,3617.0,colonnes
41,79,préfecture,Tône,35-39,Urbain,Femmes,3496.0,colonnes
41,79,préfecture,Tône,35-39,Urbain,Ensemble,7113.0,colonnes
41,79,préfecture,Tône,35-39,Rural,Hommes,5151.0,colonnes
41,79,préfecture,Tône,35-39,Rural,Femmes,7253.0,colonnes
41,79,préfecture,Tône,35-39,Rural,Ensemble,12404.0,colonnes
41,79,préfecture,Tône,35-39,Total,Hommes,8768.0,colonnes
41,79,préfecture,Tône,35-39,Total,Femmes,10749.0,colonnes
41,79,préfecture,Tône,35-39,Total,Ensemble,19517.0,colonnes
41,79,préfecture,Tône,40-44,Urbain,Hommes,2724.0,colonnes
41,79,préfecture,Tône,40-44,Urbain,Femmes,2568.0,colonnes
41,79,préfecture,Tône,40-44,Urbain,Ensemble,5292.0,colonnes
41,79,préfecture,Tône,40-44,Rural,Hommes,4817.0,colonnes
41,79,préfecture,Tône,40-44,Rural,Femmes,6811.0,colonnes
41,79,préfecture,Tône,40-44,Rural,Ensemble,11628.0,colonnes
41,79,préfecture,Tône,40-44,Total,Hommes,7541.0,colonnes
41,79,préfecture,Tône,40-44,Total,Femmes,9379.0,colonnes
41,79,préfecture,Tône,40-44,Total,Ensemble,16920.0,colonnes
41,79,préfecture,Tône,45-49,Urbain,Hommes,1960.0,colonnes
41,79,préfecture,Tône,45-49,Urbain,Femmes,1887.0,colonnes
41,79,préfecture,Tône,45-49,Urbain,Ensemble,3847.0,colonnes
41,79,préfecture,Tône,45-49,Rural,Hommes,3690.0,colonnes
41,79,préfecture,Tône,45-49,Rural,Femmes,4961.0,colonnes
41,79,préfecture,Tône,45-49,Rural,Ensemble,8651.0,colonnes
41,79,préfecture,Tône,45-49,Total,Hommes,5650.0,colonnes
41,79,préfecture,Tône,45-49,Total,Femmes,6848.0,colonnes
41,79,préfecture,Tône,45-49,Total,Ensemble,12498.0,colonnes
41,79,préfecture,Tône,50-54,Urbain,Hommes,1590.0,colonnes
41,79,préfecture,Tône,50-54,Urbain,Femmes,1517.0,colonnes
41,79,préfecture,Tône,50-54,Urbain,Ensemble,3107.0,colonnes
41,79,préfecture,Tône,50-54,Rural,Hommes,3553.0,colonnes
41,79,préfecture,Tône,50-54,Rural,Femmes,4965.0,colonnes
41,79,préfecture,Tône,50-54,Rural,Ensemble,8518.0,colonnes
41,79,préfecture,Tône,50-54,Total,Hommes,5143.0,colonnes
41,79,préfecture,Tône,50-54,Total,Femmes,6482.0,colonnes
41,79,préfecture,Tône,50-54,Total,Ensemble,11625.0,colonnes
41,79,préfecture,Tône,55-59,Urbain,Hommes,1098.0,colonnes
41,79,préfecture,Tône,55-59,Urbain,Femmes,1079.0,colonnes
41,79,préfecture,Tône,55-59,Urbain,Ensemble,2177.0,colonnes
41,79,préfecture,Tône,55-59,Rural,Hommes,2605.0,colonnes
41,79,préfecture,Tône,55-59,Rural,Femmes,3061.0,colonnes
41,79,préfecture,Tône,55-59,Rural,Ensemble,5666.0,colonnes
41,79,préfecture,Tône,55-59,Total,Hommes,3703.0,colonnes
41,79,préfecture,Tône,55-59,Total,Femmes,4140.0,colonnes
41,79,préfecture,Tône,55-59,Total,Ensemble,7843.0,colonnes
41,79,préfecture,Tône,60-64,Urbain,Hommes,722.0,colonnes
41,79,préfecture,Tône,60-64,Urbain,Femmes,868.0,colonnes
41,79,préfecture,Tône,60-64,Urbain,Ensemble,1590.0,colonnes
41,79,préfecture,Tône,60-64,Rural,Hommes,2150.0,colonnes
41,79,préfecture,Tône,60-64,Rural,Femmes,3464.0,colonnes
41,79,préfecture,Tône,60-64,Rural,Ensemble,5614.0,colonnes
41,79,préfecture,Tône,60-64,Total,Hommes,2872.0,colonnes
41,79,préfecture,Tône,60-64,Total,Femmes,4332.0,colonnes
41,79,préfecture,Tône,60-64,Total,Ensemble,7204.0,colonnes
41,79,préfecture,Tône,65-69,Urbain,Hommes,460.0,colonnes
41,79,préfecture,Tône,65-69,Urbain,Femmes,492.0,colonnes
41,79,préfecture,Tône,65-69,Urbain,Ensemble,952.0,colonnes
41,79,préfecture,Tône,65-69,Rural,Hommes,1348.0,colonnes
41,79,préfecture,Tône,65-69,Rural,Femmes,1721.0,colonnes
41,79,préfecture,Tône,65-69,Rural,Ensemble,3069.0,colonnes
41,79,préfecture,Tône,65-69,Total,Hommes,1808.0,colonnes
41,79,préfecture,Tône,65-69,Total,Femmes,2213.0,colonnes
41,79,préfecture,Tône,65-69,Total,Ensemble,4021.0,colonnes
41,79,préfecture,Tône,70-74,Urbain,Hommes,313.0,colonnes
41,79,préfecture,Tône,70-74,Urbain,Femmes,441.0,colonnes
41,79,préfecture,Tône,70-74,Urbain,Ensemble,754.0,colonnes
41,79,préfecture,Tône,70-74,Rural,Hommes,1169.0,colonnes
41,79,préfecture,Tône,70-74,Rural,Femmes,1920.0,colonnes
41,79,préfecture,Tône,70-74,Rural,Ensemble,3089.0,colonnes
41,79,préfecture,Tône,70-74,Total,Hommes,1482.0,colonnes
41,79,préfecture,Tône,70-74,Total,Femmes,2361.0,colonnes
41,79,préfecture,Tône,70-74,Total,Ensemble,3843.0,colonnes
41,79,préfecture,Tône,75-79,Urbain,Hommes,116.0,colonnes
41,79,préfecture,Tône,75-79,Urbain,Femmes,246.0,colonnes
41,79,préfecture,Tône,75-79,Urbain,Ensemble,362.0,colonnes
41,79,préfecture,Tône,75-79,Rural,Hommes,638.0,colonnes
41,79,préfecture,Tône,75-79,Rural,Femmes,880.0,colonnes
41,79,préfecture,Tône,75-79,Rural,Ensemble,1518.0,colonnes
41,79,préfecture,Tône,75-79,Total,Hommes,754.0,colonnes
41,79,préfecture,Tône,75-79,Total,Femmes,1126.0,colonnes
41,79,préfecture,Tône,75-79,Total,Ensemble,1880.0,colonnes
41,79,préfecture,Tône,80-84,Urbain,Hommes,67.0,colonnes
41,79,préfecture,Tône,80-84,Urbain,Femmes,227.0,colonnes
41,79,préfecture,Tône,80-84,Urbain,Ensemble,294.0,colonnes
41,79,préfecture,Tône,80-84,Rural,Hommes,660.0,colonnes
41,79,préfecture,Tône,80-84,Rural,Femmes,984.0,colonnes
41,79,préfecture,Tône,80-84,Rural,Ensemble,1644.0,colonnes
41,79,préfecture,Tône,80-84,Total,Hommes,727.0,colonnes
41,79,préfecture,Tône,80-84,Total,Femmes,1211.0,colonnes
41,79,préfecture,Tône,80-84,Total,Ensemble,1938.0,colonnes
41,79,préfecture,Tône,85 et +,Urbain,Hommes,69.0,colonnes
41,79,préfecture,Tône,85 et +,Urbain,Femmes,219.0,colonnes
41,79,préfecture,Tône,85 et +,Urbain,Ensemble,288.0,colonnes
41,79,préfecture,Tône,85 et +,Rural,Hommes,754.0,colonnes
41,79,préfecture,Tône,85 et +,Rural,Femmes,992.0,colonnes
41,79,préfecture,Tône,85 et +,Rural,Ensemble,1746.0,colonnes
41,79,préfecture,Tône,85 et +,Total,Hommes,823.0,colonnes
41,79,préfecture,Tône,85 et +,Total,Femmes,1211.0,colonnes
41,79,préfecture,Tône,85 et +,Total,Ensemble,2034.0,colonnes
41,79,préfecture,Tône,ND,Urbain,Hommes,43.0,colonnes
41,79,préfecture,Tône,ND,Urbain,Femmes,31.0,colonnes
41,79,préfecture,Tône,ND,Urbain,Ensemble,74.0,colonnes
41,79,préfecture,Tône,ND,Rural,Hommes,154.0,colonnes
41,79,préfecture,Tône,ND,Rural,Femmes,171.0,colonnes
41,79,préfecture,Tône,ND,Rural,Ensemble,325.0,colonnes
41,79,préfecture,Tône,ND,Total,Hommes,197.0,colonnes
41,79,préfecture,Tône,ND,Total,Femmes,202.0,colonnes
41,79,préfecture,Tône,ND,Total,Ensemble,399.0,colonnes
41,79,préfecture,Tône,Total,Urbain,Hommes,56976.0,colonnes
41,79,préfecture,Tône,Total,Urbain,Femmes,60699.0,colonnes
41,79,préfecture,Tône,Total,Urbain,Ensemble,117675.0,colonnes
41,79,préfecture,Tône,Total,Rural,Hommes,128504.0,colonnes
41,79,préfecture,Tône,Total,Rural,Femmes,142596.0,colonnes
41,79,préfecture,Tône,Total,Rural,Ensemble,271100.0,colonnes
41,79,préfecture,Tône,Total,Total,Hommes,185480.0,colonnes
41,79,préfecture,Tône,Total,Total,Femmes,203295.0,colonnes
41,79,préfecture,Tône,Total,Total,Ensemble,388775.0,colonnes
42,80,préfecture,Cinkassé,0,Urbain,Hommes,972.0,colonnes
42,80,préfecture,Cinkassé,0,Urbain,Femmes,877.0,colonnes
42,80,préfecture,Cinkassé,0,Urbain,Ensemble,1849.0,colonnes
42,80,préfecture,Cinkassé,0,Rural,Hommes,1097.0,colonnes
42,80,préfecture,Cinkassé,0,Rural,Femmes,1056.0,colonnes
42,80,préfecture,Cinkassé,0,Rural,Ensemble,2153.0,colonnes
42,80,préfecture,Cinkassé,0,Total,Hommes,2069.0,colonnes
42,80,préfecture,Cinkassé,0,Total,Femmes,1933.0,colonnes
42,80,préfecture,Cinkassé,0,Total,Ensemble,4002.0,colonnes
42,80,préfecture,Cinkassé,1-4,Urbain,Hommes,3943.0,colonnes
42,80,préfecture,Cinkassé,1-4,Urbain,Femmes,3585.0,colonnes
42,80,préfecture,Cinkassé,1-4,Urbain,Ensemble,7528.0,colonnes
42,80,préfecture,Cinkassé,1-4,Rural,Hommes,4873.0,colonnes
42,80,préfecture,Cinkassé,1-4,Rural,Femmes,4459.0,colonnes
42,80,préfecture,Cinkassé,1-4,Rural,Ensemble,9332.0,colonnes
42,80,préfecture,Cinkassé,1-4,Total,Hommes,8816.0,colonnes
42,80,préfecture,Cinkassé,1-4,Total,Femmes,8044.0,colonnes
42,80,préfecture,Cinkassé,1-4,Total,Ensemble,16860.0,colonnes
42,80,préfecture,Cinkassé,5-9,Urbain,Hommes,4378.0,colonnes
42,80,préfecture,Cinkassé,5-9,Urbain,Femmes,4248.0,colonnes
42,80,préfecture,Cinkassé,5-9,Urbain,Ensemble,8626.0,colonnes
42,80,préfecture,Cinkassé,5-9,Rural,Hommes,6100.0,colonnes
42,80,préfecture,Cinkassé,5-9,Rural,Femmes,5774.0,colonnes
42,80,préfecture,Cinkassé,5-9,Rural,Ensemble,11874.0,colonnes
42,80,préfecture,Cinkassé,5-9,Total,Hommes,10478.0,colonnes
42,80,préfecture,Cinkassé,5-9,Total,Femmes,10022.0,colonnes
42,80,préfecture,Cinkassé,5-9,Total,Ensemble,20500.0,colonnes
42,80,préfecture,Cinkassé,10-14,Urbain,Hommes,3562.0,colonnes
42,80,préfecture,Cinkassé,10-14,Urbain,Femmes,3551.0,colonnes
42,80,préfecture,Cinkassé,10-14,Urbain,Ensemble,7113.0,colonnes
42,80,préfecture,Cinkassé,10-14,Rural,Hommes,5324.0,colonnes
42,80,préfecture,Cinkassé,10-14,Rural,Femmes,4818.0,colonnes
42,80,préfecture,Cinkassé,10-14,Rural,Ensemble,10142.0,colonnes
42,80,préfecture,Cinkassé,10-14,Total,Hommes,8886.0,colonnes
42,80,préfecture,Cinkassé,10-14,Total,Femmes,8369.0,colonnes
42,80,préfecture,Cinkassé,10-14,Total,Ensemble,17255.0,colonnes
42,80,préfecture,Cinkassé,15-19,Urbain,Hommes,3378.0,colonnes
42,80,préfecture,Cinkassé,15-19,Urbain,Femmes,3417.0,colonnes
42,80,préfecture,Cinkassé,15-19,Urbain,Ensemble,6795.0,colonnes
42,80,préfecture,Cinkassé,15-19,Rural,Hommes,3965.0,colonnes
42,80,préfecture,Cinkassé,15-19,Rural,Femmes,3988.0,colonnes
42,80,préfecture,Cinkassé,15-19,Rural,Ensemble,7953.0,colonnes
42,80,préfecture,Cinkassé,15-19,Total,Hommes,7343.0,colonnes
42,80,préfecture,Cinkassé,15-19,Total,Femmes,7405.0,colonnes
42,80,préfecture,Cinkassé,15-19,Total,Ensemble,14748.0,colonnes
42,80,préfecture,Cinkassé,20-24,Urbain,Hommes,2554.0,colonnes
42,80,préfecture,Cinkassé,20-24,Urbain,Femmes,3366.0,colonnes
42,80,préfecture,Cinkassé,20-24,Urbain,Ensemble,5920.0,colonnes
42,80,préfecture,Cinkassé,20-24,Rural,Hommes,2518.0,colonnes
42,80,préfecture,Cinkassé,20-24,Rural,Femmes,3692.0,colonnes
42,80,préfecture,Cinkassé,20-24,Rural,Ensemble,6210.0,colonnes
42,80,préfecture,Cinkassé,20-24,Total,Hommes,5072.0,colonnes
42,80,préfecture,Cinkassé,20-24,Total,Femmes,7058.0,colonnes
42,80,préfecture,Cinkassé,20-24,Total,Ensemble,12130.0,colonnes
42,80,préfecture,Cinkassé,25-29,Urbain,Hommes,2037.0,colonnes
42,80,préfecture,Cinkassé,25-29,Urbain,Femmes,2687.0,colonnes
42,80,préfecture,Cinkassé,25-29,Urbain,Ensemble,4724.0,colonnes
42,80,préfecture,Cinkassé,25-29,Rural,Hommes,1990.0,colonnes
42,80,préfecture,Cinkassé,25-29,Rural,Femmes,2650.0,colonnes
42,80,préfecture,Cinkassé,25-29,Rural,Ensemble,4640.0,colonnes
42,80,préfecture,Cinkassé,25-29,Total,Hommes,4027.0,colonnes
42,80,préfecture,Cinkassé,25-29,Total,Femmes,5337.0,colonnes
42,80,préfecture,Cinkassé,25-29,Total,Ensemble,9364.0,colonnes
42,80,préfecture,Cinkassé,30-34,Urbain,Hommes,1900.0,colonnes
42,80,préfecture,Cinkassé,30-34,Urbain,Femmes,2161.0,colonnes
42,80,préfecture,Cinkassé,30-34,Urbain,Ensemble,4061.0,colonnes
42,80,préfecture,Cinkassé,30-34,Rural,Hommes,1758.0,colonnes
42,80,préfecture,Cinkassé,30-34,Rural,Femmes,2246.0,colonnes
42,80,préfecture,Cinkassé,30-34,Rural,Ensemble,4004.0,colonnes
42,80,préfecture,Cinkassé,30-34,Total,Hommes,3658.0,colonnes
42,80,préfecture,Cinkassé,30-34,Total,Femmes,4407.0,colonnes
42,80,préfecture,Cinkassé,30-34,Total,Ensemble,8065.0,colonnes
42,80,préfecture,Cinkassé,35-39,Urbain,Hommes,1524.0,colonnes
42,80,préfecture,Cinkassé,35-39,Urbain,Femmes,1538.0,colonnes
42,80,préfecture,Cinkassé,35-39,Urbain,Ensemble,3062.0,colonnes
42,80,préfecture,Cinkassé,35-39,Rural,Hommes,1507.0,colonnes
42,80,préfecture,Cinkassé,35-39,Rural,Femmes,1876.0,colonnes
42,80,préfecture,Cinkassé,35-39,Rural,Ensemble,3383.0,colonnes
42,80,préfecture,Cinkassé,35-39,Total,Hommes,3031.0,colonnes
42,80,préfecture,Cinkassé,35-39,Total,Femmes,3414.0,colonnes
42,80,préfecture,Cinkassé,35-39,Total,Ensemble,6445.0,colonnes
42,80,préfecture,Cinkassé,40-44,Urbain,Hommes,1323.0,colonnes
42,80,préfecture,Cinkassé,40-44,Urbain,Femmes,1015.0,colonnes
42,80,préfecture,Cinkassé,40-44,Urbain,Ensemble,2338.0,colonnes
42,80,préfecture,Cinkassé,40-44,Rural,Hommes,1296.0,colonnes
42,80,préfecture,Cinkassé,40-44,Rural,Femmes,1669.0,colonnes
42,80,préfecture,Cinkassé,40-44,Rural,Ensemble,2965.0,colonnes
42,80,préfecture,Cinkassé,40-44,Total,Hommes,2619.0,colonnes
42,80,préfecture,Cinkassé,40-44,Total,Femmes,2684.0,colonnes
42,80,préfecture,Cinkassé,40-44,Total,Ensemble,5303.0,colonnes
42,80,préfecture,Cinkassé,45-49,Urbain,Hommes,770.0,colonnes
42,80,préfecture,Cinkassé,45-49,Urbain,Femmes,617.0,colonnes
42,80,préfecture,Cinkassé,45-49,Urbain,Ensemble,1387.0,colonnes
42,80,préfecture,Cinkassé,45-49,Rural,Hommes,914.0,colonnes
42,80,préfecture,Cinkassé,45-49,Rural,Femmes,1172.0,colonnes
42,80,préfecture,Cinkassé,45-49,Rural,Ensemble,2086.0,colonnes
42,80,préfecture,Cinkassé,45-49,Total,Hommes,1684.0,colonnes
42,80,préfecture,Cinkassé,45-49,Total,Femmes,1789.0,colonnes
42,80,préfecture,Cinkassé,45-49,Total,Ensemble,3473.0,colonnes
42,80,préfecture,Cinkassé,50-54,Urbain,Hommes,617.0,colonnes
42,80,préfecture,Cinkassé,50-54,Urbain,Femmes,510.0,colonnes
42,80,préfecture,Cinkassé,50-54,Urbain,Ensemble,1127.0,colonnes
42,80,préfecture,Cinkassé,50-54,Rural,Hommes,892.0,colonnes
42,80,préfecture,Cinkassé,50-54,Rural,Femmes,1123.0,colonnes
42,80,préfecture,Cinkassé,50-54,Rural,Ensemble,2015.0,colonnes
42,80,préfecture,Cinkassé,50-54,Total,Hommes,1509.0,colonnes
42,80,préfecture,Cinkassé,50-54,Total,Femmes,1633.0,colonnes
42,80,préfecture,Cinkassé,50-54,Total,Ensemble,3142.0,colonnes
42,80,préfecture,Cinkassé,55-59,Urbain,Hommes,308.0,colonnes
42,80,préfecture,Cinkassé,55-59,Urbain,Femmes,266.0,colonnes
42,80,préfecture,Cinkassé,55-59,Urbain,Ensemble,574.0,colonnes
42,80,préfecture,Cinkassé,55-59,Rural,Hommes,582.0,colonnes
42,80,préfecture,Cinkassé,55-59,Rural,Femmes,629.0,colonnes
42,80,préfecture,Cinkassé,55-59,Rural,Ensemble,1211.0,colonnes
42,80,préfecture,Cinkassé,55-59,Total,Hommes,890.0,colonnes
42,80,préfecture,Cinkassé,55-59,Total,Femmes,895.0,colonnes
42,80,préfecture,Cinkassé,55-59,Total,Ensemble,1785.0,colonnes
42,80,préfecture,Cinkassé,60-64,Urbain,Hommes,308.0,colonnes
42,80,préfecture,Cinkassé,60-64,Urbain,Femmes,301.0,colonnes
42,80,préfecture,Cinkassé,60-64,Urbain,Ensemble,609.0,colonnes
42,80,préfecture,Cinkassé,60-64,Rural,Hommes,527.0,colonnes
42,80,préfecture,Cinkassé,60-64,Rural,Femmes,738.0,colonnes
42,80,préfecture,Cinkassé,60-64,Rural,Ensemble,1265.0,colonnes
42,80,préfecture,Cinkassé,60-64,Total,Hommes,835.0,colonnes
42,80,préfecture,Cinkassé,60-64,Total,Femmes,1039.0,colonnes
42,80,préfecture,Cinkassé,60-64,Total,Ensemble,1874.0,colonnes
42,80,préfecture,Cinkassé,65-69,Urbain,Hommes,138.0,colonnes
42,80,préfecture,Cinkassé,65-69,Urbain,Femmes,132.0,colonnes
42,80,préfecture,Cinkassé,65-69,Urbain,Ensemble,270.0,colonnes
42,80,préfecture,Cinkassé,65-69,Rural,Hommes,318.0,colonnes
42,80,préfecture,Cinkassé,65-69,Rural,Femmes,431.0,colonnes
42,80,préfecture,Cinkassé,65-69,Rural,Ensemble,749.0,colonnes
42,80,préfecture,Cinkassé,65-69,Total,Hommes,456.0,colonnes
42,80,préfecture,Cinkassé,65-69,Total,Femmes,563.0,colonnes
42,80,préfecture,Cinkassé,65-69,Total,Ensemble,1019.0,colonnes
42,80,préfecture,Cinkassé,70-74,Urbain,Hommes,115.0,colonnes
42,80,préfecture,Cinkassé,70-74,Urbain,Femmes,178.0,colonnes
42,80,préfecture,Cinkassé,70-74,Urbain,Ensemble,293.0,colonnes
42,80,préfecture,Cinkassé,70-74,Rural,Hommes,297.0,colonnes
42,80,préfecture,Cinkassé,70-74,Rural,Femmes,492.0,colonnes
42,80,préfecture,Cinkassé,70-74,Rural,Ensemble,789.0,colonnes
42,80,préfecture,Cinkassé,70-74,Total,Hommes,412.0,colonnes
42,80,préfecture,Cinkassé,70-74,Total,Femmes,670.0,colonnes
42,80,préfecture,Cinkassé,70-74,Total,Ensemble,1082.0,colonnes
42,80,préfecture,Cinkassé,75-79,Urbain,Hommes,47.0,colonnes
42,80,préfecture,Cinkassé,75-79,Urbain,Femmes,82.0,colonnes
42,80,préfecture,Cinkassé,75-79,Urbain,Ensemble,129.0,colonnes
42,80,préfecture,Cinkassé,75-79,Rural,Hommes,165.0,colonnes
42,80,préfecture,Cinkassé,75-79,Rural,Femmes,237.0,colonnes
42,80,préfecture,Cinkassé,75-79,Rural,Ensemble,402.0,colonnes
42,80,préfecture,Cinkassé,75-79,Total,Hommes,212.0,colonnes
42,80,préfecture,Cinkassé,75-79,Total,Femmes,319.0,colonnes
42,80,préfecture,Cinkassé,75-79,Total,Ensemble,531.0,colonnes
42,80,préfecture,Cinkassé,80-84,Urbain,Hommes,65.0,colonnes
42,80,préfecture,Cinkassé,80-84,Urbain,Femmes,77.0,colonnes
42,80,préfecture,Cinkassé,80-84,Urbain,Ensemble,142.0,colonnes
42,80,préfecture,Cinkassé,80-84,Rural,Hommes,165.0,colonnes
42,80,préfecture,Cinkassé,80-84,Rural,Femmes,246.0,colonnes
42,80,préfecture,Cinkassé,80-84,Rural,Ensemble,411.0,colonnes
42,80,préfecture,Cinkassé,80-84,Total,Hommes,230.0,colonnes
42,80,préfecture,Cinkassé,80-84,Total,Femmes,323.0,colonnes
42,80,préfecture,Cinkassé,80-84,Total,Ensemble,553.0,colonnes
42,80,préfecture,Cinkassé,85 et +,Urbain,Hommes,57.0,colonnes
42,80,préfecture,Cinkassé,85 et +,Urbain,Femmes,106.0,colonnes
42,80,préfecture,Cinkassé,85 et +,Urbain,Ensemble,163.0,colonnes
42,80,préfecture,Cinkassé,85 et +,Rural,Hommes,203.0,colonnes
42,80,préfecture,Cinkassé,85 et +,Rural,Femmes,266.0,colonnes
42,80,préfecture,Cinkassé,85 et +,Rural,Ensemble,469.0,colonnes
42,80,préfecture,Cinkassé,85 et +,Total,Hommes,260.0,colonnes
42,80,préfecture,Cinkassé,85 et +,Total,Femmes,372.0,colonnes
42,80,préfecture,Cinkassé,85 et +,Total,Ensemble,632.0,colonnes
42,80,préfecture,Cinkassé,ND,Urbain,Hommes,60.0,colonnes
42,80,préfecture,Cinkassé,ND,Urbain,Femmes,60.0,colonnes
42,80,préfecture,Cinkassé,ND,Urbain,Ensemble,120.0,colonnes
42,80,préfecture,Cinkassé,ND,Rural,Hommes,27.0,colonnes
42,80,préfecture,Cinkassé,ND,Rural,Femmes,49.0,colonnes
42,80,préfecture,Cinkassé,ND,Rural,Ensemble,76.0,colonnes
42,80,préfecture,Cinkassé,ND,Total,Hommes,87.0,colonnes
42,80,préfecture,Cinkassé,ND,Total,Femmes,109.0,colonnes
42,80,préfecture,Cinkassé,ND,Total,Ensemble,196.0,colonnes
42,80,préfecture,Cinkassé,Total,Urbain,Hommes,28056.0,colonnes
42,80,préfecture,Cinkassé,Total,Urbain,Femmes,28774.0,colonnes
42,80,préfecture,Cinkassé,Total,Urbain,Ensemble,56830.0,colonnes
42,80,préfecture,Cinkassé,Total,Rural,Hommes,34518.0,colonnes
42,80,préfecture,Cinkassé,Total,Rural,Femmes,37611.0,colonnes
42,80,préfecture,Cinkassé,Total,Rural,Ensemble,72129.0,colonnes
42,80,préfecture,Cinkassé,Total,Total,Hommes,62574.0,colonnes
42,80,préfecture,Cinkassé,Total,Total,Femmes,66385.0,colonnes
42,80,préfecture,Cinkassé,Total,Total,Ensemble,128959.0,colonnes
43,81,préfecture,Kpendjal-Ouest,0,Urbain,Hommes,55.0,colonnes
43,81,préfecture,Kpendjal-Ouest,0,Urbain,Femmes,59.0,colonnes
43,81,préfecture,Kpendjal-Ouest,0,Urbain,Ensemble,114.0,colonnes
43,81,préfecture,Kpendjal-Ouest,0,Rural,Hommes,1507.0,colonnes
43,81,préfecture,Kpendjal-Ouest,0,Rural,Femmes,1398.0,colonnes
43,81,préfecture,Kpendjal-Ouest,0,Rural,Ensemble,2905.0,colonnes
43,81,préfecture,Kpendjal-Ouest,0,Total,Hommes,1562.0,colonnes
43,81,préfecture,Kpendjal-Ouest,0,Total,Femmes,1457.0,colonnes
43,81,préfecture,Kpendjal-Ouest,0,Total,Ensemble,3019.0,colonnes
43,81,préfecture,Kpendjal-Ouest,1-4,Urbain,Hommes,382.0,colonnes
43,81,préfecture,Kpendjal-Ouest,1-4,Urbain,Femmes,381.0,colonnes
43,81,préfecture,Kpendjal-Ouest,1-4,Urbain,Ensemble,763.0,colonnes
43,81,préfecture,Kpendjal-Ouest,1-4,Rural,Hommes,8044.0,colonnes
43,81,préfecture,Kpendjal-Ouest,1-4,Rural,Femmes,7791.0,colonnes
43,81,préfecture,Kpendjal-Ouest,1-4,Rural,Ensemble,15835.0,colonnes
43,81,préfecture,Kpendjal-Ouest,1-4,Total,Hommes,8426.0,colonnes
43,81,préfecture,Kpendjal-Ouest,1-4,Total,Femmes,8172.0,colonnes
43,81,préfecture,Kpendjal-Ouest,1-4,Total,Ensemble,16598.0,colonnes
43,81,préfecture,Kpendjal-Ouest,5-9,Urbain,Hommes,590.0,colonnes
43,81,préfecture,Kpendjal-Ouest,5-9,Urbain,Femmes,553.0,colonnes
43,81,préfecture,Kpendjal-Ouest,5-9,Urbain,Ensemble,1143.0,colonnes
43,81,préfecture,Kpendjal-Ouest,5-9,Rural,Hommes,12201.0,colonnes
43,81,préfecture,Kpendjal-Ouest,5-9,Rural,Femmes,11536.0,colonnes
43,81,préfecture,Kpendjal-Ouest,5-9,Rural,Ensemble,23737.0,colonnes
43,81,préfecture,Kpendjal-Ouest,5-9,Total,Hommes,12791.0,colonnes
43,81,préfecture,Kpendjal-Ouest,5-9,Total,Femmes,12089.0,colonnes
43,81,préfecture,Kpendjal-Ouest,5-9,Total,Ensemble,24880.0,colonnes
43,81,préfecture,Kpendjal-Ouest,10-14,Urbain,Hommes,546.0,colonnes
43,81,préfecture,Kpendjal-Ouest,10-14,Urbain,Femmes,523.0,colonnes
43,81,préfecture,Kpendjal-Ouest,10-14,Urbain,Ensemble,1069.0,colonnes
43,81,préfecture,Kpendjal-Ouest,10-14,Rural,Hommes,9827.0,colonnes
43,81,préfecture,Kpendjal-Ouest,10-14,Rural,Femmes,8677.0,colonnes
43,81,préfecture,Kpendjal-Ouest,10-14,Rural,Ensemble,18504.0,colonnes
43,81,préfecture,Kpendjal-Ouest,10-14,Total,Hommes,10373.0,colonnes
43,81,préfecture,Kpendjal-Ouest,10-14,Total,Femmes,9200.0,colonnes
43,81,préfecture,Kpendjal-Ouest,10-14,Total,Ensemble,19573.0,colonnes
43,81,préfecture,Kpendjal-Ouest,15-19,Urbain,Hommes,364.0,colonnes
43,81,préfecture,Kpendjal-Ouest,15-19,Urbain,Femmes,331.0,colonnes
43,81,préfecture,Kpendjal-Ouest,15-19,Urbain,Ensemble,695.0,colonnes
43,81,préfecture,Kpendjal-Ouest,15-19,Rural,Hommes,5341.0,colonnes
43,81,préfecture,Kpendjal-Ouest,15-19,Rural,Femmes,5749.0,colonnes
43,81,préfecture,Kpendjal-Ouest,15-19,Rural,Ensemble,11090.0,colonnes
43,81,préfecture,Kpendjal-Ouest,15-19,Total,Hommes,5705.0,colonnes
43,81,préfecture,Kpendjal-Ouest,15-19,Total,Femmes,6080.0,colonnes
43,81,préfecture,Kpendjal-Ouest,15-19,Total,Ensemble,11785.0,colonnes
43,81,préfecture,Kpendjal-Ouest,20-24,Urbain,Hommes,186.0,colonnes
43,81,préfecture,Kpendjal-Ouest,20-24,Urbain,Femmes,274.0,colonnes
43,81,préfecture,Kpendjal-Ouest,20-24,Urbain,Ensemble,460.0,colonnes
43,81,préfecture,Kpendjal-Ouest,20-24,Rural,Hommes,2944.0,colonnes
43,81,préfecture,Kpendjal-Ouest,20-24,Rural,Femmes,4196.0,colonnes
43,81,préfecture,Kpendjal-Ouest,20-24,Rural,Ensemble,7140.0,colonnes
43,81,préfecture,Kpendjal-Ouest,20-24,Total,Hommes,3130.0,colonnes
43,81,préfecture,Kpendjal-Ouest,20-24,Total,Femmes,4470.0,colonnes
43,81,préfecture,Kpendjal-Ouest,20-24,Total,Ensemble,7600.0,colonnes
43,81,préfecture,Kpendjal-Ouest,25-29,Urbain,Hommes,121.0,colonnes
43,81,préfecture,Kpendjal-Ouest,25-29,Urbain,Femmes,218.0,colonnes
43,81,préfecture,Kpendjal-Ouest,25-29,Urbain,Ensemble,339.0,colonnes
43,81,préfecture,Kpendjal-Ouest,25-29,Rural,Hommes,2077.0,colonnes
43,81,préfecture,Kpendjal-Ouest,25-29,Rural,Femmes,3464.0,colonnes
43,81,préfecture,Kpendjal-Ouest,25-29,Rural,Ensemble,5541.0,colonnes
43,81,préfecture,Kpendjal-Ouest,25-29,Total,Hommes,2198.0,colonnes
43,81,préfecture,Kpendjal-Ouest,25-29,Total,Femmes,3682.0,colonnes
43,81,préfecture,Kpendjal-Ouest,25-29,Total,Ensemble,5880.0,colonnes
43,81,préfecture,Kpendjal-Ouest,30-34,Urbain,Hommes,112.0,colonnes
43,81,préfecture,Kpendjal-Ouest,30-34,Urbain,Femmes,214.0,colonnes
43,81,préfecture,Kpendjal-Ouest,30-34,Urbain,Ensemble,326.0,colonnes
43,81,préfecture,Kpendjal-Ouest,30-34,Rural,Hommes,2169.0,colonnes
43,81,préfecture,Kpendjal-Ouest,30-34,Rural,Femmes,3746.0,colonnes
43,81,préfecture,Kpendjal-Ouest,30-34,Rural,Ensemble,5915.0,colonnes
43,81,préfecture,Kpendjal-Ouest,30-34,Total,Hommes,2281.0,colonnes
43,81,préfecture,Kpendjal-Ouest,30-34,Total,Femmes,3960.0,colonnes
43,81,préfecture,Kpendjal-Ouest,30-34,Total,Ensemble,6241.0,colonnes
43,81,préfecture,Kpendjal-Ouest,35-39,Urbain,Hommes,122.0,colonnes
43,81,préfecture,Kpendjal-Ouest,35-39,Urbain,Femmes,162.0,colonnes
43,81,préfecture,Kpendjal-Ouest,35-39,Urbain,Ensemble,284.0,colonnes
43,81,préfecture,Kpendjal-Ouest,35-39,Rural,Hommes,2064.0,colonnes
43,81,préfecture,Kpendjal-Ouest,35-39,Rural,Femmes,3195.0,colonnes
43,81,préfecture,Kpendjal-Ouest,35-39,Rural,Ensemble,5259.0,colonnes
43,81,préfecture,Kpendjal-Ouest,35-39,Total,Hommes,2186.0,colonnes
43,81,préfecture,Kpendjal-Ouest,35-39,Total,Femmes,3357.0,colonnes
43,81,préfecture,Kpendjal-Ouest,35-39,Total,Ensemble,5543.0,colonnes
43,81,préfecture,Kpendjal-Ouest,40-44,Urbain,Hommes,121.0,colonnes
43,81,préfecture,Kpendjal-Ouest,40-44,Urbain,Femmes,176.0,colonnes
43,81,préfecture,Kpendjal-Ouest,40-44,Urbain,Ensemble,297.0,colonnes
43,81,préfecture,Kpendjal-Ouest,40-44,Rural,Hommes,1977.0,colonnes
43,81,préfecture,Kpendjal-Ouest,40-44,Rural,Femmes,3045.0,colonnes
43,81,préfecture,Kpendjal-Ouest,40-44,Rural,Ensemble,5022.0,colonnes
43,81,préfecture,Kpendjal-Ouest,40-44,Total,Hommes,2098.0,colonnes
43,81,préfecture,Kpendjal-Ouest,40-44,Total,Femmes,3221.0,colonnes
43,81,préfecture,Kpendjal-Ouest,40-44,Total,Ensemble,5319.0,colonnes
43,81,préfecture,Kpendjal-Ouest,45-49,Urbain,Hommes,93.0,colonnes
43,81,préfecture,Kpendjal-Ouest,45-49,Urbain,Femmes,101.0,colonnes
43,81,préfecture,Kpendjal-Ouest,45-49,Urbain,Ensemble,194.0,colonnes
43,81,préfecture,Kpendjal-Ouest,45-49,Rural,Hommes,1581.0,colonnes
43,81,préfecture,Kpendjal-Ouest,45-49,Rural,Femmes,1904.0,colonnes
43,81,préfecture,Kpendjal-Ouest,45-49,Rural,Ensemble,3485.0,colonnes
43,81,préfecture,Kpendjal-Ouest,45-49,Total,Hommes,1674.0,colonnes
43,81,préfecture,Kpendjal-Ouest,45-49,Total,Femmes,2005.0,colonnes
43,81,préfecture,Kpendjal-Ouest,45-49,Total,Ensemble,3679.0,colonnes
43,81,préfecture,Kpendjal-Ouest,50-54,Urbain,Hommes,93.0,colonnes
43,81,préfecture,Kpendjal-Ouest,50-54,Urbain,Femmes,101.0,colonnes
43,81,préfecture,Kpendjal-Ouest,50-54,Urbain,Ensemble,194.0,colonnes
43,81,préfecture,Kpendjal-Ouest,50-54,Rural,Hommes,1532.0,colonnes
43,81,préfecture,Kpendjal-Ouest,50-54,Rural,Femmes,2044.0,colonnes
43,81,préfecture,Kpendjal-Ouest,50-54,Rural,Ensemble,3576.0,colonnes
43,81,préfecture,Kpendjal-Ouest,50-54,Total,Hommes,1625.0,colonnes
43,81,préfecture,Kpendjal-Ouest,50-54,Total,Femmes,2145.0,colonnes
43,81,préfecture,Kpendjal-Ouest,50-54,Total,Ensemble,3770.0,colonnes
43,81,préfecture,Kpendjal-Ouest,55-59,Urbain,Hommes,57.0,colonnes
43,81,préfecture,Kpendjal-Ouest,55-59,Urbain,Femmes,59.0,colonnes
43,81,préfecture,Kpendjal-Ouest,55-59,Urbain,Ensemble,116.0,colonnes
43,81,préfecture,Kpendjal-Ouest,55-59,Rural,Hommes,1003.0,colonnes
43,81,préfecture,Kpendjal-Ouest,55-59,Rural,Femmes,1139.0,colonnes
43,81,préfecture,Kpendjal-Ouest,55-59,Rural,Ensemble,2142.0,colonnes
43,81,préfecture,Kpendjal-Ouest,55-59,Total,Hommes,1060.0,colonnes
43,81,préfecture,Kpendjal-Ouest,55-59,Total,Femmes,1198.0,colonnes
43,81,préfecture,Kpendjal-Ouest,55-59,Total,Ensemble,2258.0,colonnes
43,81,préfecture,Kpendjal-Ouest,60-64,Urbain,Hommes,50.0,colonnes
43,81,préfecture,Kpendjal-Ouest,60-64,Urbain,Femmes,75.0,colonnes
43,81,préfecture,Kpendjal-Ouest,60-64,Urbain,Ensemble,125.0,colonnes
43,81,préfecture,Kpendjal-Ouest,60-64,Rural,Hommes,1062.0,colonnes
43,81,préfecture,Kpendjal-Ouest,60-64,Rural,Femmes,1380.0,colonnes
43,81,préfecture,Kpendjal-Ouest,60-64,Rural,Ensemble,2442.0,colonnes
43,81,préfecture,Kpendjal-Ouest,60-64,Total,Hommes,1112.0,colonnes
43,81,préfecture,Kpendjal-Ouest,60-64,Total,Femmes,1455.0,colonnes
43,81,préfecture,Kpendjal-Ouest,60-64,Total,Ensemble,2567.0,colonnes
43,81,préfecture,Kpendjal-Ouest,65-69,Urbain,Hommes,14.0,colonnes
43,81,préfecture,Kpendjal-Ouest,65-69,Urbain,Femmes,42.0,colonnes
43,81,préfecture,Kpendjal-Ouest,65-69,Urbain,Ensemble,56.0,colonnes
43,81,préfecture,Kpendjal-Ouest,65-69,Rural,Hommes,546.0,colonnes
43,81,préfecture,Kpendjal-Ouest,65-69,Rural,Femmes,716.0,colonnes
43,81,préfecture,Kpendjal-Ouest,65-69,Rural,Ensemble,1262.0,colonnes
43,81,préfecture,Kpendjal-Ouest,65-69,Total,Hommes,560.0,colonnes
43,81,préfecture,Kpendjal-Ouest,65-69,Total,Femmes,758.0,colonnes
43,81,préfecture,Kpendjal-Ouest,65-69,Total,Ensemble,1318.0,colonnes
43,81,préfecture,Kpendjal-Ouest,70-74,Urbain,Hommes,25.0,colonnes
43,81,préfecture,Kpendjal-Ouest,70-74,Urbain,Femmes,58.0,colonnes
43,81,préfecture,Kpendjal-Ouest,70-74,Urbain,Ensemble,83.0,colonnes
43,81,préfecture,Kpendjal-Ouest,70-74,Rural,Hommes,533.0,colonnes
43,81,préfecture,Kpendjal-Ouest,70-74,Rural,Femmes,742.0,colonnes
43,81,préfecture,Kpendjal-Ouest,70-74,Rural,Ensemble,1275.0,colonnes
43,81,préfecture,Kpendjal-Ouest,70-74,Total,Hommes,558.0,colonnes
43,81,préfecture,Kpendjal-Ouest,70-74,Total,Femmes,800.0,colonnes
43,81,préfecture,Kpendjal-Ouest,70-74,Total,Ensemble,1358.0,colonnes
43,81,préfecture,Kpendjal-Ouest,75-79,Urbain,Hommes,12.0,colonnes
43,81,préfecture,Kpendjal-Ouest,75-79,Urbain,Femmes,23.0,colonnes
43,81,préfecture,Kpendjal-Ouest,75-79,Urbain,Ensemble,35.0,colonnes
43,81,préfecture,Kpendjal-Ouest,75-79,Rural,Hommes,251.0,colonnes
43,81,préfecture,Kpendjal-Ouest,75-79,Rural,Femmes,348.0,colonnes
43,81,préfecture,Kpendjal-Ouest,75-79,Rural,Ensemble,599.0,colonnes
43,81,préfecture,Kpendjal-Ouest,75-79,Total,Hommes,263.0,colonnes
43,81,préfecture,Kpendjal-Ouest,75-79,Total,Femmes,371.0,colonnes
43,81,préfecture,Kpendjal-Ouest,75-79,Total,Ensemble,634.0,colonnes
43,81,préfecture,Kpendjal-Ouest,80-84,Urbain,Hommes,16.0,colonnes
43,81,préfecture,Kpendjal-Ouest,80-84,Urbain,Femmes,27.0,colonnes
43,81,préfecture,Kpendjal-Ouest,80-84,Urbain,Ensemble,43.0,colonnes
43,81,préfecture,Kpendjal-Ouest,80-84,Rural,Hommes,243.0,colonnes
43,81,préfecture,Kpendjal-Ouest,80-84,Rural,Femmes,387.0,colonnes
43,81,préfecture,Kpendjal-Ouest,80-84,Rural,Ensemble,630.0,colonnes
43,81,préfecture,Kpendjal-Ouest,80-84,Total,Hommes,259.0,colonnes
43,81,préfecture,Kpendjal-Ouest,80-84,Total,Femmes,414.0,colonnes
43,81,préfecture,Kpendjal-Ouest,80-84,Total,Ensemble,673.0,colonnes
43,81,préfecture,Kpendjal-Ouest,85 et +,Urbain,Hommes,10.0,colonnes
43,81,préfecture,Kpendjal-Ouest,85 et +,Urbain,Femmes,30.0,colonnes
43,81,préfecture,Kpendjal-Ouest,85 et +,Urbain,Ensemble,40.0,colonnes
43,81,préfecture,Kpendjal-Ouest,85 et +,Rural,Hommes,299.0,colonnes
43,81,préfecture,Kpendjal-Ouest,85 et +,Rural,Femmes,281.0,colonnes
43,81,préfecture,Kpendjal-Ouest,85 et +,Rural,Ensemble,580.0,colonnes
43,81,préfecture,Kpendjal-Ouest,85 et +,Total,Hommes,309.0,colonnes
43,81,préfecture,Kpendjal-Ouest,85 et +,Total,Femmes,311.0,colonnes
43,81,préfecture,Kpendjal-Ouest,85 et +,Total,Ensemble,620.0,colonnes
43,81,préfecture,Kpendjal-Ouest,ND,Urbain,Hommes,,colonnes
43,81,préfecture,Kpendjal-Ouest,ND,Urbain,Femmes,3.0,colonnes
43,81,préfecture,Kpendjal-Ouest,ND,Urbain,Ensemble,3.0,colonnes
43,81,préfecture,Kpendjal-Ouest,ND,Rural,Hommes,5.0,colonnes
43,81,préfecture,Kpendjal-Ouest,ND,Rural,Femmes,7.0,colonnes
43,81,préfecture,Kpendjal-Ouest,ND,Rural,Ensemble,12.0,colonnes
43,81,préfecture,Kpendjal-Ouest,ND,Total,Hommes,5.0,colonnes
43,81,préfecture,Kpendjal-Ouest,ND,Total,Femmes,10.0,colonnes
43,81,préfecture,Kpendjal-Ouest,ND,Total,Ensemble,15.0,colonnes
43,81,préfecture,Kpendjal-Ouest,Total,Urbain,Hommes,2969.0,colonnes
43,81,préfecture,Kpendjal-Ouest,Total,Urbain,Femmes,3410.0,colonnes
43,81,préfecture,Kpendjal-Ouest,Total,Urbain,Ensemble,6379.0,colonnes
43,81,préfecture,Kpendjal-Ouest,Total,Rural,Hommes,55206.0,colonnes
43,81,préfecture,Kpendjal-Ouest,Total,Rural,Femmes,61745.0,colonnes
43,81,préfecture,Kpendjal-Ouest,Total,Rural,Ensemble,116951.0,colonnes
43,81,préfecture,Kpendjal-Ouest,Total,Total,Hommes,58175.0,colonnes
43,81,préfecture,Kpendjal-Ouest,Total,Total,Femmes,65155.0,colonnes
43,81,préfecture,Kpendjal-Ouest,Total,Total,Ensemble,123330.0,colonnes
44,82,préfecture,Kpendjal,0,Urbain,Hommes,143.0,colonnes
44,82,préfecture,Kpendjal,0,Urbain,Femmes,111.0,colonnes
44,82,préfecture,Kpendjal,0,Urbain,Ensemble,254.0,colonnes
44,82,préfecture,Kpendjal,0,Rural,Hommes,1300.0,colonnes
44,82,préfecture,Kpendjal,0,Rural,Femmes,1293.0,colonnes
44,82,préfecture,Kpendjal,0,Rural,Ensemble,2593.0,colonnes
44,82,préfecture,Kpendjal,0,Total,Hommes,1443.0,colonnes
44,82,préfecture,Kpendjal,0,Total,Femmes,1404.0,colonnes
44,82,préfecture,Kpendjal,0,Total,Ensemble,2847.0,colonnes
44,82,préfecture,Kpendjal,1-4,Urbain,Hommes,467.0,colonnes
44,82,préfecture,Kpendjal,1-4,Urbain,Femmes,474.0,colonnes
44,82,préfecture,Kpendjal,1-4,Urbain,Ensemble,941.0,colonnes
44,82,préfecture,Kpendjal,1-4,Rural,Hommes,6482.0,colonnes
44,82,préfecture,Kpendjal,1-4,Rural,Femmes,6180.0,colonnes
44,82,préfecture,Kpendjal,1-4,Rural,Ensemble,12662.0,colonnes
44,82,préfecture,Kpendjal,1-4,Total,Hommes,6949.0,colonnes
44,82,préfecture,Kpendjal,1-4,Total,Femmes,6654.0,colonnes
44,82,préfecture,Kpendjal,1-4,Total,Ensemble,13603.0,colonnes
44,82,préfecture,Kpendjal,5-9,Urbain,Hommes,639.0,colonnes
44,82,préfecture,Kpendjal,5-9,Urbain,Femmes,614.0,colonnes
44,82,préfecture,Kpendjal,5-9,Urbain,Ensemble,1253.0,colonnes
44,82,préfecture,Kpendjal,5-9,Rural,Hommes,8154.0,colonnes
44,82,préfecture,Kpendjal,5-9,Rural,Femmes,7702.0,colonnes
44,82,préfecture,Kpendjal,5-9,Rural,Ensemble,15856.0,colonnes
44,82,préfecture,Kpendjal,5-9,Total,Hommes,8793.0,colonnes
44,82,préfecture,Kpendjal,5-9,Total,Femmes,8316.0,colonnes
44,82,préfecture,Kpendjal,5-9,Total,Ensemble,17109.0,colonnes
44,82,préfecture,Kpendjal,10-14,Urbain,Hommes,603.0,colonnes
44,82,préfecture,Kpendjal,10-14,Urbain,Femmes,560.0,colonnes
44,82,préfecture,Kpendjal,10-14,Urbain,Ensemble,1163.0,colonnes
44,82,préfecture,Kpendjal,10-14,Rural,Hommes,6027.0,colonnes
44,82,préfecture,Kpendjal,10-14,Rural,Femmes,5238.0,colonnes
44,82,préfecture,Kpendjal,10-14,Rural,Ensemble,11265.0,colonnes
44,82,préfecture,Kpendjal,10-14,Total,Hommes,6630.0,colonnes
44,82,préfecture,Kpendjal,10-14,Total,Femmes,5798.0,colonnes
44,82,préfecture,Kpendjal,10-14,Total,Ensemble,12428.0,colonnes
44,82,préfecture,Kpendjal,15-19,Urbain,Hommes,405.0,colonnes
44,82,préfecture,Kpendjal,15-19,Urbain,Femmes,478.0,colonnes
44,82,préfecture,Kpendjal,15-19,Urbain,Ensemble,883.0,colonnes
44,82,préfecture,Kpendjal,15-19,Rural,Hommes,3623.0,colonnes
44,82,préfecture,Kpendjal,15-19,Rural,Femmes,3633.0,colonnes
44,82,préfecture,Kpendjal,15-19,Rural,Ensemble,7256.0,colonnes
44,82,préfecture,Kpendjal,15-19,Total,Hommes,4028.0,colonnes
44,82,préfecture,Kpendjal,15-19,Total,Femmes,4111.0,colonnes
44,82,préfecture,Kpendjal,15-19,Total,Ensemble,8139.0,colonnes
44,82,préfecture,Kpendjal,20-24,Urbain,Hommes,255.0,colonnes
44,82,préfecture,Kpendjal,20-24,Urbain,Femmes,356.0,colonnes
44,82,préfecture,Kpendjal,20-24,Urbain,Ensemble,611.0,colonnes
44,82,préfecture,Kpendjal,20-24,Rural,Hommes,2353.0,colonnes
44,82,préfecture,Kpendjal,20-24,Rural,Femmes,3501.0,colonnes
44,82,préfecture,Kpendjal,20-24,Rural,Ensemble,5854.0,colonnes
44,82,préfecture,Kpendjal,20-24,Total,Hommes,2608.0,colonnes
44,82,préfecture,Kpendjal,20-24,Total,Femmes,3857.0,colonnes
44,82,préfecture,Kpendjal,20-24,Total,Ensemble,6465.0,colonnes
44,82,préfecture,Kpendjal,25-29,Urbain,Hommes,207.0,colonnes
44,82,préfecture,Kpendjal,25-29,Urbain,Femmes,275.0,colonnes
44,82,préfecture,Kpendjal,25-29,Urbain,Ensemble,482.0,colonnes
44,82,préfecture,Kpendjal,25-29,Rural,Hommes,2056.0,colonnes
44,82,préfecture,Kpendjal,25-29,Rural,Femmes,2829.0,colonnes
44,82,préfecture,Kpendjal,25-29,Rural,Ensemble,4885.0,colonnes
44,82,préfecture,Kpendjal,25-29,Total,Hommes,2263.0,colonnes
44,82,préfecture,Kpendjal,25-29,Total,Femmes,3104.0,colonnes
44,82,préfecture,Kpendjal,25-29,Total,Ensemble,5367.0,colonnes
44,82,préfecture,Kpendjal,30-34,Urbain,Hommes,244.0,colonnes
44,82,préfecture,Kpendjal,30-34,Urbain,Femmes,246.0,colonnes
44,82,préfecture,Kpendjal,30-34,Urbain,Ensemble,490.0,colonnes
44,82,préfecture,Kpendjal,30-34,Rural,Hommes,1942.0,colonnes
44,82,préfecture,Kpendjal,30-34,Rural,Femmes,2907.0,colonnes
44,82,préfecture,Kpendjal,30-34,Rural,Ensemble,4849.0,colonnes
44,82,préfecture,Kpendjal,30-34,Total,Hommes,2186.0,colonnes
44,82,préfecture,Kpendjal,30-34,Total,Femmes,3153.0,colonnes
44,82,préfecture,Kpendjal,30-34,Total,Ensemble,5339.0,colonnes
44,82,préfecture,Kpendjal,35-39,Urbain,Hommes,215.0,colonnes
44,82,préfecture,Kpendjal,35-39,Urbain,Femmes,193.0,colonnes
44,82,préfecture,Kpendjal,35-39,Urbain,Ensemble,408.0,colonnes
44,82,préfecture,Kpendjal,35-39,Rural,Hommes,1639.0,colonnes
44,82,préfecture,Kpendjal,35-39,Rural,Femmes,2109.0,colonnes
44,82,préfecture,Kpendjal,35-39,Rural,Ensemble,3748.0,colonnes
44,82,préfecture,Kpendjal,35-39,Total,Hommes,1854.0,colonnes
44,82,préfecture,Kpendjal,35-39,Total,Femmes,2302.0,colonnes
44,82,préfecture,Kpendjal,35-39,Total,Ensemble,4156.0,colonnes
44,82,préfecture,Kpendjal,40-44,Urbain,Hommes,164.0,colonnes
44,82,préfecture,Kpendjal,40-44,Urbain,Femmes,174.0,colonnes
44,82,préfecture,Kpendjal,40-44,Urbain,Ensemble,338.0,colonnes
44,82,préfecture,Kpendjal,40-44,Rural,Hommes,1475.0,colonnes
44,82,préfecture,Kpendjal,40-44,Rural,Femmes,1755.0,colonnes
44,82,préfecture,Kpendjal,40-44,Rural,Ensemble,3230.0,colonnes
44,82,préfecture,Kpendjal,40-44,Total,Hommes,1639.0,colonnes
44,82,préfecture,Kpendjal,40-44,Total,Femmes,1929.0,colonnes
44,82,préfecture,Kpendjal,40-44,Total,Ensemble,3568.0,colonnes
44,82,préfecture,Kpendjal,45-49,Urbain,Hommes,115.0,colonnes
44,82,préfecture,Kpendjal,45-49,Urbain,Femmes,110.0,colonnes
44,82,préfecture,Kpendjal,45-49,Urbain,Ensemble,225.0,colonnes
44,82,préfecture,Kpendjal,45-49,Rural,Hommes,1121.0,colonnes
44,82,préfecture,Kpendjal,45-49,Rural,Femmes,1030.0,colonnes
44,82,préfecture,Kpendjal,45-49,Rural,Ensemble,2151.0,colonnes
44,82,préfecture,Kpendjal,45-49,Total,Hommes,1236.0,colonnes
44,82,préfecture,Kpendjal,45-49,Total,Femmes,1140.0,colonnes
44,82,préfecture,Kpendjal,45-49,Total,Ensemble,2376.0,colonnes
44,82,préfecture,Kpendjal,50-54,Urbain,Hommes,103.0,colonnes
44,82,préfecture,Kpendjal,50-54,Urbain,Femmes,109.0,colonnes
44,82,préfecture,Kpendjal,50-54,Urbain,Ensemble,212.0,colonnes
44,82,préfecture,Kpendjal,50-54,Rural,Hommes,1010.0,colonnes
44,82,préfecture,Kpendjal,50-54,Rural,Femmes,1043.0,colonnes
44,82,préfecture,Kpendjal,50-54,Rural,Ensemble,2053.0,colonnes
44,82,préfecture,Kpendjal,50-54,Total,Hommes,1113.0,colonnes
44,82,préfecture,Kpendjal,50-54,Total,Femmes,1152.0,colonnes
44,82,préfecture,Kpendjal,50-54,Total,Ensemble,2265.0,colonnes
44,82,préfecture,Kpendjal,55-59,Urbain,Hommes,60.0,colonnes
44,82,préfecture,Kpendjal,55-59,Urbain,Femmes,70.0,colonnes
44,82,préfecture,Kpendjal,55-59,Urbain,Ensemble,130.0,colonnes
44,82,préfecture,Kpendjal,55-59,Rural,Hommes,550.0,colonnes
44,82,préfecture,Kpendjal,55-59,Rural,Femmes,541.0,colonnes
44,82,préfecture,Kpendjal,55-59,Rural,Ensemble,1091.0,colonnes
44,82,préfecture,Kpendjal,55-59,Total,Hommes,610.0,colonnes
44,82,préfecture,Kpendjal,55-59,Total,Femmes,611.0,colonnes
44,82,préfecture,Kpendjal,55-59,Total,Ensemble,1221.0,colonnes
44,82,préfecture,Kpendjal,60-64,Urbain,Hommes,44.0,colonnes
44,82,préfecture,Kpendjal,60-64,Urbain,Femmes,86.0,colonnes
44,82,préfecture,Kpendjal,60-64,Urbain,Ensemble,130.0,colonnes
44,82,préfecture,Kpendjal,60-64,Rural,Hommes,638.0,colonnes
44,82,préfecture,Kpendjal,60-64,Rural,Femmes,562.0,colonnes
44,82,préfecture,Kpendjal,60-64,Rural,Ensemble,1200.0,colonnes
44,82,préfecture,Kpendjal,60-64,Total,Hommes,682.0,colonnes
44,82,préfecture,Kpendjal,60-64,Total,Femmes,648.0,colonnes
44,82,préfecture,Kpendjal,60-64,Total,Ensemble,1330.0,colonnes
44,82,préfecture,Kpendjal,65-69,Urbain,Hommes,22.0,colonnes
44,82,préfecture,Kpendjal,65-69,Urbain,Femmes,41.0,colonnes
44,82,préfecture,Kpendjal,65-69,Urbain,Ensemble,63.0,colonnes
44,82,préfecture,Kpendjal,65-69,Rural,Hommes,256.0,colonnes
44,82,préfecture,Kpendjal,65-69,Rural,Femmes,261.0,colonnes
44,82,préfecture,Kpendjal,65-69,Rural,Ensemble,517.0,colonnes
44,82,préfecture,Kpendjal,65-69,Total,Hommes,278.0,colonnes
44,82,préfecture,Kpendjal,65-69,Total,Femmes,302.0,colonnes
44,82,préfecture,Kpendjal,65-69,Total,Ensemble,580.0,colonnes
44,82,préfecture,Kpendjal,70-74,Urbain,Hommes,27.0,colonnes
44,82,préfecture,Kpendjal,70-74,Urbain,Femmes,46.0,colonnes
44,82,préfecture,Kpendjal,70-74,Urbain,Ensemble,73.0,colonnes
44,82,préfecture,Kpendjal,70-74,Rural,Hommes,280.0,colonnes
44,82,préfecture,Kpendjal,70-74,Rural,Femmes,313.0,colonnes
44,82,préfecture,Kpendjal,70-74,Rural,Ensemble,593.0,colonnes
44,82,préfecture,Kpendjal,70-74,Total,Hommes,307.0,colonnes
44,82,préfecture,Kpendjal,70-74,Total,Femmes,359.0,colonnes
44,82,préfecture,Kpendjal,70-74,Total,Ensemble,666.0,colonnes
44,82,préfecture,Kpendjal,75-79,Urbain,Hommes,11.0,colonnes
44,82,préfecture,Kpendjal,75-79,Urbain,Femmes,13.0,colonnes
44,82,préfecture,Kpendjal,75-79,Urbain,Ensemble,24.0,colonnes
44,82,préfecture,Kpendjal,75-79,Rural,Hommes,139.0,colonnes
44,82,préfecture,Kpendjal,75-79,Rural,Femmes,155.0,colonnes
44,82,préfecture,Kpendjal,75-79,Rural,Ensemble,294.0,colonnes
44,82,préfecture,Kpendjal,75-79,Total,Hommes,150.0,colonnes
44,82,préfecture,Kpendjal,75-79,Total,Femmes,168.0,colonnes
44,82,préfecture,Kpendjal,75-79,Total,Ensemble,318.0,colonnes
44,82,préfecture,Kpendjal,80-84,Urbain,Hommes,11.0,colonnes
44,82,préfecture,Kpendjal,80-84,Urbain,Femmes,15.0,colonnes
44,82,préfecture,Kpendjal,80-84,Urbain,Ensemble,26.0,colonnes
44,82,préfecture,Kpendjal,80-84,Rural,Hommes,131.0,colonnes
44,82,préfecture,Kpendjal,80-84,Rural,Femmes,170.0,colonnes
44,82,préfecture,Kpendjal,80-84,Rural,Ensemble,301.0,colonnes
44,82,préfecture,Kpendjal,80-84,Total,Hommes,142.0,colonnes
44,82,préfecture,Kpendjal,80-84,Total,Femmes,185.0,colonnes
44,82,préfecture,Kpendjal,80-84,Total,Ensemble,327.0,colonnes
44,82,préfecture,Kpendjal,85 et +,Urbain,Hommes,9.0,colonnes
44,82,préfecture,Kpendjal,85 et +,Urbain,Femmes,17.0,colonnes
44,82,préfecture,Kpendjal,85 et +,Urbain,Ensemble,26.0,colonnes
44,82,préfecture,Kpendjal,85 et +,Rural,Hommes,107.0,colonnes
44,82,préfecture,Kpendjal,85 et +,Rural,Femmes,116.0,colonnes
44,82,préfecture,Kpendjal,85 et +,Rural,Ensemble,223.0,colonnes
44,82,préfecture,Kpendjal,85 et +,Total,Hommes,116.0,colonnes
44,82,préfecture,Kpendjal,85 et +,Total,Femmes,133.0,colonnes
44,82,préfecture,Kpendjal,85 et +,Total,Ensemble,249.0,colonnes
44,82,préfecture,Kpendjal,ND,Urbain,Hommes,,colonnes
44,82,préfecture,Kpendjal,ND,Urbain,Femmes,,colonnes
44,82,préfecture,Kpendjal,ND,Urbain,Ensemble,,colonnes
44,82,préfecture,Kpendjal,ND,Rural,Hommes,8.0,colonnes
44,82,préfecture,Kpendjal,ND,Rural,Femmes,4.0,colonnes
44,82,préfecture,Kpendjal,ND,Rural,Ensemble,12.0,colonnes
44,82,préfecture,Kpendjal,ND,Total,Hommes,8.0,colonnes
44,82,préfecture,Kpendjal,ND,Total,Femmes,4.0,colonnes
44,82,préfecture,Kpendjal,ND,Total,Ensemble,12.0,colonnes
44,82,préfecture,Kpendjal,Total,Urbain,Hommes,3744.0,colonnes
44,82,préfecture,Kpendjal,Total,Urbain,Femmes,3988.0,colonnes
44,82,préfecture,Kpendjal,Total,Urbain,Ensemble,7732.0,colonnes
44,82,préfecture,Kpendjal,Total,Rural,Hommes,39291.0,colonnes
44,82,préfecture,Kpendjal,Total,Rural,Femmes,41342.0,colonnes
44,82,préfecture,Kpendjal,Total,Rural,Ensemble,80633.0,colonnes
44,82,préfecture,Kpendjal,Total,Total,Hommes,43035.0,colonnes
44,82,préfecture,Kpendjal,Total,Total,Femmes,45330.0,colonnes
44,82,préfecture,Kpendjal,Total,Total,Ensemble,88365.0,colonnes
45,83,préfecture,Oti-Sud,0,Urbain,Hommes,293.0,colonnes
45,83,préfecture,Oti-Sud,0,Urbain,Femmes,285.0,colonnes
45,83,préfecture,Oti-Sud,0,Urbain,Ensemble,578.0,colonnes
45,83,préfecture,Oti-Sud,0,Rural,Hommes,2465.0,colonnes
45,83,préfecture,Oti-Sud,0,Rural,Femmes,2394.0,colonnes
45,83,préfecture,Oti-Sud,0,Rural,Ensemble,4859.0,colonnes
45,83,préfecture,Oti-Sud,0,Total,Hommes,2758.0,colonnes
45,83,préfecture,Oti-Sud,0,Total,Femmes,2679.0,colonnes
45,83,préfecture,Oti-Sud,0,Total,Ensemble,5437.0,colonnes
45,83,préfecture,Oti-Sud,1-4,Urbain,Hommes,1125.0,colonnes
45,83,préfecture,Oti-Sud,1-4,Urbain,Femmes,1064.0,colonnes
45,83,préfecture,Oti-Sud,1-4,Urbain,Ensemble,2189.0,colonnes
45,83,préfecture,Oti-Sud,1-4,Rural,Hommes,10776.0,colonnes
45,83,préfecture,Oti-Sud,1-4,Rural,Femmes,10559.0,colonnes
45,83,préfecture,Oti-Sud,1-4,Rural,Ensemble,21335.0,colonnes
45,83,préfecture,Oti-Sud,1-4,Total,Hommes,11901.0,colonnes
45,83,préfecture,Oti-Sud,1-4,Total,Femmes,11623.0,colonnes
45,83,préfecture,Oti-Sud,1-4,Total,Ensemble,23524.0,colonnes
45,83,préfecture,Oti-Sud,5-9,Urbain,Hommes,1370.0,colonnes
45,83,préfecture,Oti-Sud,5-9,Urbain,Femmes,1302.0,colonnes
45,83,préfecture,Oti-Sud,5-9,Urbain,Ensemble,2672.0,colonnes
45,83,préfecture,Oti-Sud,5-9,Rural,Hommes,13624.0,colonnes
45,83,préfecture,Oti-Sud,5-9,Rural,Femmes,13092.0,colonnes
45,83,préfecture,Oti-Sud,5-9,Rural,Ensemble,26716.0,colonnes
45,83,préfecture,Oti-Sud,5-9,Total,Hommes,14994.0,colonnes
45,83,préfecture,Oti-Sud,5-9,Total,Femmes,14394.0,colonnes
45,83,préfecture,Oti-Sud,5-9,Total,Ensemble,29388.0,colonnes
45,83,préfecture,Oti-Sud,10-14,Urbain,Hommes,1187.0,colonnes
45,83,préfecture,Oti-Sud,10-14,Urbain,Femmes,1093.0,colonnes
45,83,préfecture,Oti-Sud,10-14,Urbain,Ensemble,2280.0,colonnes
45,83,préfecture,Oti-Sud,10-14,Rural,Hommes,9959.0,colonnes
45,83,préfecture,Oti-Sud,10-14,Rural,Femmes,8554.0,colonnes
45,83,préfecture,Oti-Sud,10-14,Rural,Ensemble,18513.0,colonnes
45,83,préfecture,Oti-Sud,10-14,Total,Hommes,11146.0,colonnes
45,83,préfecture,Oti-Sud,10-14,Total,Femmes,9647.0,colonnes
45,83,préfecture,Oti-Sud,10-14,Total,Ensemble,20793.0,colonnes
45,83,préfecture,Oti-Sud,15-19,Urbain,Hommes,999.0,colonnes
45,83,préfecture,Oti-Sud,15-19,Urbain,Femmes,886.0,colonnes
45,83,préfecture,Oti-Sud,15-19,Urbain,Ensemble,1885.0,colonnes
45,83,préfecture,Oti-Sud,15-19,Rural,Hommes,5665.0,colonnes
45,83,préfecture,Oti-Sud,15-19,Rural,Femmes,5563.0,colonnes
45,83,préfecture,Oti-Sud,15-19,Rural,Ensemble,11228.0,colonnes
45,83,préfecture,Oti-Sud,15-19,Total,Hommes,6664.0,colonnes
45,83,préfecture,Oti-Sud,15-19,Total,Femmes,6449.0,colonnes
45,83,préfecture,Oti-Sud,15-19,Total,Ensemble,13113.0,colonnes
45,83,préfecture,Oti-Sud,20-24,Urbain,Hommes,603.0,colonnes
45,83,préfecture,Oti-Sud,20-24,Urbain,Femmes,784.0,colonnes
45,83,préfecture,Oti-Sud,20-24,Urbain,Ensemble,1387.0,colonnes
45,83,préfecture,Oti-Sud,20-24,Rural,Hommes,4194.0,colonnes
45,83,préfecture,Oti-Sud,20-24,Rural,Femmes,6135.0,colonnes
45,83,préfecture,Oti-Sud,20-24,Rural,Ensemble,10329.0,colonnes
45,83,préfecture,Oti-Sud,20-24,Total,Hommes,4797.0,colonnes
45,83,préfecture,Oti-Sud,20-24,Total,Femmes,6919.0,colonnes
45,83,préfecture,Oti-Sud,20-24,Total,Ensemble,11716.0,colonnes
45,83,préfecture,Oti-Sud,25-29,Urbain,Hommes,467.0,colonnes
45,83,préfecture,Oti-Sud,25-29,Urbain,Femmes,570.0,colonnes
45,83,préfecture,Oti-Sud,25-29,Urbain,Ensemble,1037.0,colonnes
45,83,préfecture,Oti-Sud,25-29,Rural,Hommes,3743.0,colonnes
45,83,préfecture,Oti-Sud,25-29,Rural,Femmes,4873.0,colonnes
45,83,préfecture,Oti-Sud,25-29,Rural,Ensemble,8616.0,colonnes
45,83,préfecture,Oti-Sud,25-29,Total,Hommes,4210.0,colonnes
45,83,préfecture,Oti-Sud,25-29,Total,Femmes,5443.0,colonnes
45,83,préfecture,Oti-Sud,25-29,Total,Ensemble,9653.0,colonnes
45,83,préfecture,Oti-Sud,30-34,Urbain,Hommes,480.0,colonnes
45,83,préfecture,Oti-Sud,30-34,Urbain,Femmes,551.0,colonnes
45,83,préfecture,Oti-Sud,30-34,Urbain,Ensemble,1031.0,colonnes
45,83,préfecture,Oti-Sud,30-34,Rural,Hommes,3655.0,colonnes
45,83,préfecture,Oti-Sud,30-34,Rural,Femmes,4560.0,colonnes
45,83,préfecture,Oti-Sud,30-34,Rural,Ensemble,8215.0,colonnes
45,83,préfecture,Oti-Sud,30-34,Total,Hommes,4135.0,colonnes
45,83,préfecture,Oti-Sud,30-34,Total,Femmes,5111.0,colonnes
45,83,préfecture,Oti-Sud,30-34,Total,Ensemble,9246.0,colonnes
45,83,préfecture,Oti-Sud,35-39,Urbain,Hommes,363.0,colonnes
45,83,préfecture,Oti-Sud,35-39,Urbain,Femmes,442.0,colonnes
45,83,préfecture,Oti-Sud,35-39,Urbain,Ensemble,805.0,colonnes
45,83,préfecture,Oti-Sud,35-39,Rural,Hommes,2538.0,colonnes
45,83,préfecture,Oti-Sud,35-39,Rural,Femmes,2949.0,colonnes
45,83,préfecture,Oti-Sud,35-39,Rural,Ensemble,5487.0,colonnes
45,83,préfecture,Oti-Sud,35-39,Total,Hommes,2901.0,colonnes
45,83,préfecture,Oti-Sud,35-39,Total,Femmes,3391.0,colonnes
45,83,préfecture,Oti-Sud,35-39,Total,Ensemble,6292.0,colonnes
45,83,préfecture,Oti-Sud,40-44,Urbain,Hommes,385.0,colonnes
45,83,préfecture,Oti-Sud,40-44,Urbain,Femmes,341.0,colonnes
45,83,préfecture,Oti-Sud,40-44,Urbain,Ensemble,726.0,colonnes
45,83,préfecture,Oti-Sud,40-44,Rural,Hommes,2293.0,colonnes
45,83,préfecture,Oti-Sud,40-44,Rural,Femmes,2688.0,colonnes
45,83,préfecture,Oti-Sud,40-44,Rural,Ensemble,4981.0,colonnes
45,83,préfecture,Oti-Sud,40-44,Total,Hommes,2678.0,colonnes
45,83,préfecture,Oti-Sud,40-44,Total,Femmes,3029.0,colonnes
45,83,préfecture,Oti-Sud,40-44,Total,Ensemble,5707.0,colonnes
45,83,préfecture,Oti-Sud,45-49,Urbain,Hommes,233.0,colonnes
45,83,préfecture,Oti-Sud,45-49,Urbain,Femmes,189.0,colonnes
45,83,préfecture,Oti-Sud,45-49,Urbain,Ensemble,422.0,colonnes
45,83,préfecture,Oti-Sud,45-49,Rural,Hommes,1410.0,colonnes
45,83,préfecture,Oti-Sud,45-49,Rural,Femmes,1533.0,colonnes
45,83,préfecture,Oti-Sud,45-49,Rural,Ensemble,2943.0,colonnes
45,83,préfecture,Oti-Sud,45-49,Total,Hommes,1643.0,colonnes
45,83,préfecture,Oti-Sud,45-49,Total,Femmes,1722.0,colonnes
45,83,préfecture,Oti-Sud,45-49,Total,Ensemble,3365.0,colonnes
45,83,préfecture,Oti-Sud,50-54,Urbain,Hommes,206.0,colonnes
45,83,préfecture,Oti-Sud,50-54,Urbain,Femmes,225.0,colonnes
45,83,préfecture,Oti-Sud,50-54,Urbain,Ensemble,431.0,colonnes
45,83,préfecture,Oti-Sud,50-54,Rural,Hommes,1482.0,colonnes
45,83,préfecture,Oti-Sud,50-54,Rural,Femmes,1731.0,colonnes
45,83,préfecture,Oti-Sud,50-54,Rural,Ensemble,3213.0,colonnes
45,83,préfecture,Oti-Sud,50-54,Total,Hommes,1688.0,colonnes
45,83,préfecture,Oti-Sud,50-54,Total,Femmes,1956.0,colonnes
45,83,préfecture,Oti-Sud,50-54,Total,Ensemble,3644.0,colonnes
45,83,préfecture,Oti-Sud,55-59,Urbain,Hommes,98.0,colonnes
45,83,préfecture,Oti-Sud,55-59,Urbain,Femmes,125.0,colonnes
45,83,préfecture,Oti-Sud,55-59,Urbain,Ensemble,223.0,colonnes
45,83,préfecture,Oti-Sud,55-59,Rural,Hommes,852.0,colonnes
45,83,préfecture,Oti-Sud,55-59,Rural,Femmes,839.0,colonnes
45,83,préfecture,Oti-Sud,55-59,Rural,Ensemble,1691.0,colonnes
45,83,préfecture,Oti-Sud,55-59,Total,Hommes,950.0,colonnes
45,83,préfecture,Oti-Sud,55-59,Total,Femmes,964.0,colonnes
45,83,préfecture,Oti-Sud,55-59,Total,Ensemble,1914.0,colonnes
45,83,préfecture,Oti-Sud,60-64,Urbain,Hommes,94.0,colonnes
45,83,préfecture,Oti-Sud,60-64,Urbain,Femmes,144.0,colonnes
45,83,préfecture,Oti-Sud,60-64,Urbain,Ensemble,238.0,colonnes
45,83,préfecture,Oti-Sud,60-64,Rural,Hommes,915.0,colonnes
45,83,préfecture,Oti-Sud,60-64,Rural,Femmes,1177.0,colonnes
45,83,préfecture,Oti-Sud,60-64,Rural,Ensemble,2092.0,colonnes
45,83,préfecture,Oti-Sud,60-64,Total,Hommes,1009.0,colonnes
45,83,préfecture,Oti-Sud,60-64,Total,Femmes,1321.0,colonnes
45,83,préfecture,Oti-Sud,60-64,Total,Ensemble,2330.0,colonnes
45,83,préfecture,Oti-Sud,65-69,Urbain,Hommes,56.0,colonnes
45,83,préfecture,Oti-Sud,65-69,Urbain,Femmes,58.0,colonnes
45,83,préfecture,Oti-Sud,65-69,Urbain,Ensemble,114.0,colonnes
45,83,préfecture,Oti-Sud,65-69,Rural,Hommes,409.0,colonnes
45,83,préfecture,Oti-Sud,65-69,Rural,Femmes,514.0,colonnes
45,83,préfecture,Oti-Sud,65-69,Rural,Ensemble,923.0,colonnes
45,83,préfecture,Oti-Sud,65-69,Total,Hommes,465.0,colonnes
45,83,préfecture,Oti-Sud,65-69,Total,Femmes,572.0,colonnes
45,83,préfecture,Oti-Sud,65-69,Total,Ensemble,1037.0,colonnes
45,83,préfecture,Oti-Sud,70-74,Urbain,Hommes,54.0,colonnes
45,83,préfecture,Oti-Sud,70-74,Urbain,Femmes,87.0,colonnes
45,83,préfecture,Oti-Sud,70-74,Urbain,Ensemble,141.0,colonnes
45,83,préfecture,Oti-Sud,70-74,Rural,Hommes,502.0,colonnes
45,83,préfecture,Oti-Sud,70-74,Rural,Femmes,634.0,colonnes
45,83,préfecture,Oti-Sud,70-74,Rural,Ensemble,1136.0,colonnes
45,83,préfecture,Oti-Sud,70-74,Total,Hommes,556.0,colonnes
45,83,préfecture,Oti-Sud,70-74,Total,Femmes,721.0,colonnes
45,83,préfecture,Oti-Sud,70-74,Total,Ensemble,1277.0,colonnes
45,83,préfecture,Oti-Sud,75-79,Urbain,Hommes,18.0,colonnes
45,83,préfecture,Oti-Sud,75-79,Urbain,Femmes,31.0,colonnes
45,83,préfecture,Oti-Sud,75-79,Urbain,Ensemble,49.0,colonnes
45,83,préfecture,Oti-Sud,75-79,Rural,Hommes,203.0,colonnes
45,83,préfecture,Oti-Sud,75-79,Rural,Femmes,238.0,colonnes
45,83,préfecture,Oti-Sud,75-79,Rural,Ensemble,441.0,colonnes
45,83,préfecture,Oti-Sud,75-79,Total,Hommes,221.0,colonnes
45,83,préfecture,Oti-Sud,75-79,Total,Femmes,269.0,colonnes
45,83,préfecture,Oti-Sud,75-79,Total,Ensemble,490.0,colonnes
45,83,préfecture,Oti-Sud,80-84,Urbain,Hommes,24.0,colonnes
45,83,préfecture,Oti-Sud,80-84,Urbain,Femmes,40.0,colonnes
45,83,préfecture,Oti-Sud,80-84,Urbain,Ensemble,64.0,colonnes
45,83,préfecture,Oti-Sud,80-84,Rural,Hommes,205.0,colonnes
45,83,préfecture,Oti-Sud,80-84,Rural,Femmes,298.0,colonnes
45,83,préfecture,Oti-Sud,80-84,Rural,Ensemble,503.0,colonnes
45,83,préfecture,Oti-Sud,80-84,Total,Hommes,229.0,colonnes
45,83,préfecture,Oti-Sud,80-84,Total,Femmes,338.0,colonnes
45,83,préfecture,Oti-Sud,80-84,Total,Ensemble,567.0,colonnes
45,83,préfecture,Oti-Sud,85 et +,Urbain,Hommes,18.0,colonnes
45,83,préfecture,Oti-Sud,85 et +,Urbain,Femmes,44.0,colonnes
45,83,préfecture,Oti-Sud,85 et +,Urbain,Ensemble,62.0,colonnes
45,83,préfecture,Oti-Sud,85 et +,Rural,Hommes,185.0,colonnes
45,83,préfecture,Oti-Sud,85 et +,Rural,Femmes,247.0,colonnes
45,83,préfecture,Oti-Sud,85 et +,Rural,Ensemble,432.0,colonnes
45,83,préfecture,Oti-Sud,85 et +,Total,Hommes,203.0,colonnes
45,83,préfecture,Oti-Sud,85 et +,Total,Femmes,291.0,colonnes
45,83,préfecture,Oti-Sud,85 et +,Total,Ensemble,494.0,colonnes
45,83,préfecture,Oti-Sud,ND,Urbain,Hommes,6.0,colonnes
45,83,préfecture,Oti-Sud,ND,Urbain,Femmes,6.0,colonnes
45,83,préfecture,Oti-Sud,ND,Urbain,Ensemble,12.0,colonnes
45,83,préfecture,Oti-Sud,ND,Rural,Hommes,178.0,colonnes
45,83,préfecture,Oti-Sud,ND,Rural,Femmes,199.0,colonnes
45,83,préfecture,Oti-Sud,ND,Rural,Ensemble,377.0,colonnes
45,83,préfecture,Oti-Sud,ND,Total,Hommes,184.0,colonnes
45,83,préfecture,Oti-Sud,ND,Total,Femmes,205.0,colonnes
45,83,préfecture,Oti-Sud,ND,Total,Ensemble,389.0,colonnes
45,83,préfecture,Oti-Sud,Total,Urbain,Hommes,8079.0,colonnes
45,83,préfecture,Oti-Sud,Total,Urbain,Femmes,8267.0,colonnes
45,83,préfecture,Oti-Sud,Total,Urbain,Ensemble,16346.0,colonnes
45,83,préfecture,Oti-Sud,Total,Rural,Hommes,65253.0,colonnes
45,83,préfecture,Oti-Sud,Total,Rural,Femmes,68777.0,colonnes
45,83,préfecture,Oti-Sud,Total,Rural,Ensemble,134030.0,colonnes
45,83,préfecture,Oti-Sud,Total,Total,Hommes,73332.0,colonnes
45,83,préfecture,Oti-Sud,Total,Total,Femmes,77044.0,colonnes
45,83,préfecture,Oti-Sud,Total,Total,Ensemble,150376.0,colonnes
46,84,préfecture,Oti,0,Urbain,Hommes,485.0,colonnes
46,84,préfecture,Oti,0,Urbain,Femmes,434.0,colonnes
46,84,préfecture,Oti,0,Urbain,Ensemble,919.0,colonnes
46,84,préfecture,Oti,0,Rural,Hommes,1369.0,colonnes
46,84,préfecture,Oti,0,Rural,Femmes,1333.0,colonnes
46,84,préfecture,Oti,0,Rural,Ensemble,2702.0,colonnes
46,84,préfecture,Oti,0,Total,Hommes,1854.0,colonnes
46,84,préfecture,Oti,0,Total,Femmes,1767.0,colonnes
46,84,préfecture,Oti,0,Total,Ensemble,3621.0,colonnes
46,84,préfecture,Oti,1-4,Urbain,Hommes,1828.0,colonnes
46,84,préfecture,Oti,1-4,Urbain,Femmes,1800.0,colonnes
46,84,préfecture,Oti,1-4,Urbain,Ensemble,3628.0,colonnes
46,84,préfecture,Oti,1-4,Rural,Hommes,6334.0,colonnes
46,84,préfecture,Oti,1-4,Rural,Femmes,5987.0,colonnes
46,84,préfecture,Oti,1-4,Rural,Ensemble,12321.0,colonnes
46,84,préfecture,Oti,1-4,Total,Hommes,8162.0,colonnes
46,84,préfecture,Oti,1-4,Total,Femmes,7787.0,colonnes
46,84,préfecture,Oti,1-4,Total,Ensemble,15949.0,colonnes
46,84,préfecture,Oti,5-9,Urbain,Hommes,2422.0,colonnes
46,84,préfecture,Oti,5-9,Urbain,Femmes,2390.0,colonnes
46,84,préfecture,Oti,5-9,Urbain,Ensemble,4812.0,colonnes
46,84,préfecture,Oti,5-9,Rural,Hommes,8318.0,colonnes
46,84,préfecture,Oti,5-9,Rural,Femmes,7863.0,colonnes
46,84,préfecture,Oti,5-9,Rural,Ensemble,16181.0,colonnes
46,84,préfecture,Oti,5-9,Total,Hommes,10740.0,colonnes
46,84,préfecture,Oti,5-9,Total,Femmes,10253.0,colonnes
46,84,préfecture,Oti,5-9,Total,Ensemble,20993.0,colonnes
46,84,préfecture,Oti,10-14,Urbain,Hommes,2269.0,colonnes
46,84,préfecture,Oti,10-14,Urbain,Femmes,2380.0,colonnes
46,84,préfecture,Oti,10-14,Urbain,Ensemble,4649.0,colonnes
46,84,préfecture,Oti,10-14,Rural,Hommes,7164.0,colonnes
46,84,préfecture,Oti,10-14,Rural,Femmes,6625.0,colonnes
46,84,préfecture,Oti,10-14,Rural,Ensemble,13789.0,colonnes
46,84,préfecture,Oti,10-14,Total,Hommes,9433.0,colonnes
46,84,préfecture,Oti,10-14,Total,Femmes,9005.0,colonnes
46,84,préfecture,Oti,10-14,Total,Ensemble,18438.0,colonnes
46,84,préfecture,Oti,15-19,Urbain,Hommes,2275.0,colonnes
46,84,préfecture,Oti,15-19,Urbain,Femmes,2214.0,colonnes
46,84,préfecture,Oti,15-19,Urbain,Ensemble,4489.0,colonnes
46,84,préfecture,Oti,15-19,Rural,Hommes,4773.0,colonnes
46,84,préfecture,Oti,15-19,Rural,Femmes,4643.0,colonnes
46,84,préfecture,Oti,15-19,Rural,Ensemble,9416.0,colonnes
46,84,préfecture,Oti,15-19,Total,Hommes,7048.0,colonnes
46,84,préfecture,Oti,15-19,Total,Femmes,6857.0,colonnes
46,84,préfecture,Oti,15-19,Total,Ensemble,13905.0,colonnes
46,84,préfecture,Oti,20-24,Urbain,Hommes,1480.0,colonnes
46,84,préfecture,Oti,20-24,Urbain,Femmes,1571.0,colonnes
46,84,préfecture,Oti,20-24,Urbain,Ensemble,3051.0,colonnes
46,84,préfecture,Oti,20-24,Rural,Hommes,3057.0,colonnes
46,84,préfecture,Oti,20-24,Rural,Femmes,3833.0,colonnes
46,84,préfecture,Oti,20-24,Rural,Ensemble,6890.0,colonnes
46,84,préfecture,Oti,20-24,Total,Hommes,4537.0,colonnes
46,84,préfecture,Oti,20-24,Total,Femmes,5404.0,colonnes
46,84,préfecture,Oti,20-24,Total,Ensemble,9941.0,colonnes
46,84,préfecture,Oti,25-29,Urbain,Hommes,1208.0,colonnes
46,84,préfecture,Oti,25-29,Urbain,Femmes,1300.0,colonnes
46,84,préfecture,Oti,25-29,Urbain,Ensemble,2508.0,colonnes
46,84,préfecture,Oti,25-29,Rural,Hommes,2264.0,colonnes
46,84,préfecture,Oti,25-29,Rural,Femmes,3025.0,colonnes
46,84,préfecture,Oti,25-29,Rural,Ensemble,5289.0,colonnes
46,84,préfecture,Oti,25-29,Total,Hommes,3472.0,colonnes
46,84,préfecture,Oti,25-29,Total,Femmes,4325.0,colonnes
46,84,préfecture,Oti,25-29,Total,Ensemble,7797.0,colonnes
46,84,préfecture,Oti,30-34,Urbain,Hommes,1149.0,colonnes
46,84,préfecture,Oti,30-34,Urbain,Femmes,1240.0,colonnes
46,84,préfecture,Oti,30-34,Urbain,Ensemble,2389.0,colonnes
46,84,préfecture,Oti,30-34,Rural,Hommes,2119.0,colonnes
46,84,préfecture,Oti,30-34,Rural,Femmes,2888.0,colonnes
46,84,préfecture,Oti,30-34,Rural,Ensemble,5007.0,colonnes
46,84,préfecture,Oti,30-34,Total,Hommes,3268.0,colonnes
46,84,préfecture,Oti,30-34,Total,Femmes,4128.0,colonnes
46,84,préfecture,Oti,30-34,Total,Ensemble,7396.0,colonnes
46,84,préfecture,Oti,35-39,Urbain,Hommes,993.0,colonnes
46,84,préfecture,Oti,35-39,Urbain,Femmes,990.0,colonnes
46,84,préfecture,Oti,35-39,Urbain,Ensemble,1983.0,colonnes
46,84,préfecture,Oti,35-39,Rural,Hommes,1868.0,colonnes
46,84,préfecture,Oti,35-39,Rural,Femmes,2355.0,colonnes
46,84,préfecture,Oti,35-39,Rural,Ensemble,4223.0,colonnes
46,84,préfecture,Oti,35-39,Total,Hommes,2861.0,colonnes
46,84,préfecture,Oti,35-39,Total,Femmes,3345.0,colonnes
46,84,préfecture,Oti,35-39,Total,Ensemble,6206.0,colonnes
46,84,préfecture,Oti,40-44,Urbain,Hommes,782.0,colonnes
46,84,préfecture,Oti,40-44,Urbain,Femmes,752.0,colonnes
46,84,préfecture,Oti,40-44,Urbain,Ensemble,1534.0,colonnes
46,84,préfecture,Oti,40-44,Rural,Hommes,1605.0,colonnes
46,84,préfecture,Oti,40-44,Rural,Femmes,2137.0,colonnes
46,84,préfecture,Oti,40-44,Rural,Ensemble,3742.0,colonnes
46,84,préfecture,Oti,40-44,Total,Hommes,2387.0,colonnes
46,84,préfecture,Oti,40-44,Total,Femmes,2889.0,colonnes
46,84,préfecture,Oti,40-44,Total,Ensemble,5276.0,colonnes
46,84,préfecture,Oti,45-49,Urbain,Hommes,572.0,colonnes
46,84,préfecture,Oti,45-49,Urbain,Femmes,632.0,colonnes
46,84,préfecture,Oti,45-49,Urbain,Ensemble,1204.0,colonnes
46,84,préfecture,Oti,45-49,Rural,Hommes,1205.0,colonnes
46,84,préfecture,Oti,45-49,Rural,Femmes,1371.0,colonnes
46,84,préfecture,Oti,45-49,Rural,Ensemble,2576.0,colonnes
46,84,préfecture,Oti,45-49,Total,Hommes,1777.0,colonnes
46,84,préfecture,Oti,45-49,Total,Femmes,2003.0,colonnes
46,84,préfecture,Oti,45-49,Total,Ensemble,3780.0,colonnes
46,84,préfecture,Oti,50-54,Urbain,Hommes,492.0,colonnes
46,84,préfecture,Oti,50-54,Urbain,Femmes,558.0,colonnes
46,84,préfecture,Oti,50-54,Urbain,Ensemble,1050.0,colonnes
46,84,préfecture,Oti,50-54,Rural,Hommes,1142.0,colonnes
46,84,préfecture,Oti,50-54,Rural,Femmes,1355.0,colonnes
46,84,préfecture,Oti,50-54,Rural,Ensemble,2497.0,colonnes
46,84,préfecture,Oti,50-54,Total,Hommes,1634.0,colonnes
46,84,préfecture,Oti,50-54,Total,Femmes,1913.0,colonnes
46,84,préfecture,Oti,50-54,Total,Ensemble,3547.0,colonnes
46,84,préfecture,Oti,55-59,Urbain,Hommes,328.0,colonnes
46,84,préfecture,Oti,55-59,Urbain,Femmes,368.0,colonnes
46,84,préfecture,Oti,55-59,Urbain,Ensemble,696.0,colonnes
46,84,préfecture,Oti,55-59,Rural,Hommes,673.0,colonnes
46,84,préfecture,Oti,55-59,Rural,Femmes,716.0,colonnes
46,84,préfecture,Oti,55-59,Rural,Ensemble,1389.0,colonnes
46,84,préfecture,Oti,55-59,Total,Hommes,1001.0,colonnes
46,84,préfecture,Oti,55-59,Total,Femmes,1084.0,colonnes
46,84,préfecture,Oti,55-59,Total,Ensemble,2085.0,colonnes
46,84,préfecture,Oti,60-64,Urbain,Hommes,288.0,colonnes
46,84,préfecture,Oti,60-64,Urbain,Femmes,370.0,colonnes
46,84,préfecture,Oti,60-64,Urbain,Ensemble,658.0,colonnes
46,84,préfecture,Oti,60-64,Rural,Hommes,594.0,colonnes
46,84,préfecture,Oti,60-64,Rural,Femmes,858.0,colonnes
46,84,préfecture,Oti,60-64,Rural,Ensemble,1452.0,colonnes
46,84,préfecture,Oti,60-64,Total,Hommes,882.0,colonnes
46,84,préfecture,Oti,60-64,Total,Femmes,1228.0,colonnes
46,84,préfecture,Oti,60-64,Total,Ensemble,2110.0,colonnes
46,84,préfecture,Oti,65-69,Urbain,Hommes,197.0,colonnes
46,84,préfecture,Oti,65-69,Urbain,Femmes,207.0,colonnes
46,84,préfecture,Oti,65-69,Urbain,Ensemble,404.0,colonnes
46,84,préfecture,Oti,65-69,Rural,Hommes,298.0,colonnes
46,84,préfecture,Oti,65-69,Rural,Femmes,408.0,colonnes
46,84,préfecture,Oti,65-69,Rural,Ensemble,706.0,colonnes
46,84,préfecture,Oti,65-69,Total,Hommes,495.0,colonnes
46,84,préfecture,Oti,65-69,Total,Femmes,615.0,colonnes
46,84,préfecture,Oti,65-69,Total,Ensemble,1110.0,colonnes
46,84,préfecture,Oti,70-74,Urbain,Hommes,137.0,colonnes
46,84,préfecture,Oti,70-74,Urbain,Femmes,213.0,colonnes
46,84,préfecture,Oti,70-74,Urbain,Ensemble,350.0,colonnes
46,84,préfecture,Oti,70-74,Rural,Hommes,319.0,colonnes
46,84,préfecture,Oti,70-74,Rural,Femmes,489.0,colonnes
46,84,préfecture,Oti,70-74,Rural,Ensemble,808.0,colonnes
46,84,préfecture,Oti,70-74,Total,Hommes,456.0,colonnes
46,84,préfecture,Oti,70-74,Total,Femmes,702.0,colonnes
46,84,préfecture,Oti,70-74,Total,Ensemble,1158.0,colonnes
46,84,préfecture,Oti,75-79,Urbain,Hommes,65.0,colonnes
46,84,préfecture,Oti,75-79,Urbain,Femmes,105.0,colonnes
46,84,préfecture,Oti,75-79,Urbain,Ensemble,170.0,colonnes
46,84,préfecture,Oti,75-79,Rural,Hommes,131.0,colonnes
46,84,préfecture,Oti,75-79,Rural,Femmes,181.0,colonnes
46,84,préfecture,Oti,75-79,Rural,Ensemble,312.0,colonnes
46,84,préfecture,Oti,75-79,Total,Hommes,196.0,colonnes
46,84,préfecture,Oti,75-79,Total,Femmes,286.0,colonnes
46,84,préfecture,Oti,75-79,Total,Ensemble,482.0,colonnes
46,84,préfecture,Oti,80-84,Urbain,Hommes,39.0,colonnes
46,84,préfecture,Oti,80-84,Urbain,Femmes,89.0,colonnes
46,84,préfecture,Oti,80-84,Urbain,Ensemble,128.0,colonnes
46,84,préfecture,Oti,80-84,Rural,Hommes,133.0,colonnes
46,84,préfecture,Oti,80-84,Rural,Femmes,207.0,colonnes
46,84,préfecture,Oti,80-84,Rural,Ensemble,340.0,colonnes
46,84,préfecture,Oti,80-84,Total,Hommes,172.0,colonnes
46,84,préfecture,Oti,80-84,Total,Femmes,296.0,colonnes
46,84,préfecture,Oti,80-84,Total,Ensemble,468.0,colonnes
46,84,préfecture,Oti,85 et +,Urbain,Hommes,39.0,colonnes
46,84,préfecture,Oti,85 et +,Urbain,Femmes,62.0,colonnes
46,84,préfecture,Oti,85 et +,Urbain,Ensemble,101.0,colonnes
46,84,préfecture,Oti,85 et +,Rural,Hommes,136.0,colonnes
46,84,préfecture,Oti,85 et +,Rural,Femmes,159.0,colonnes
46,84,préfecture,Oti,85 et +,Rural,Ensemble,295.0,colonnes
46,84,préfecture,Oti,85 et +,Total,Hommes,175.0,colonnes
46,84,préfecture,Oti,85 et +,Total,Femmes,221.0,colonnes
46,84,préfecture,Oti,85 et +,Total,Ensemble,396.0,colonnes
46,84,préfecture,Oti,ND,Urbain,Hommes,44.0,colonnes
46,84,préfecture,Oti,ND,Urbain,Femmes,24.0,colonnes
46,84,préfecture,Oti,ND,Urbain,Ensemble,68.0,colonnes
46,84,préfecture,Oti,ND,Rural,Hommes,44.0,colonnes
46,84,préfecture,Oti,ND,Rural,Femmes,78.0,colonnes
46,84,préfecture,Oti,ND,Rural,Ensemble,122.0,colonnes
46,84,préfecture,Oti,ND,Total,Hommes,88.0,colonnes
46,84,préfecture,Oti,ND,Total,Femmes,102.0,colonnes
46,84,préfecture,Oti,ND,Total,Ensemble,190.0,colonnes
46,84,préfecture,Oti,Total,Urbain,Hommes,17092.0,colonnes
46,84,préfecture,Oti,Total,Urbain,Femmes,17699.0,colonnes
46,84,préfecture,Oti,Total,Urbain,Ensemble,34791.0,colonnes
46,84,préfecture,Oti,Total,Rural,Hommes,43546.0,colonnes
46,84,préfecture,Oti,Total,Rural,Femmes,46511.0,colonnes
46,84,préfecture,Oti,Total,Rural,Ensemble,90057.0,colonnes
46,84,préfecture,Oti,Total,Total,Hommes,60638.0,colonnes
46,84,préfecture,Oti,Total,Total,Femmes,64210.0,colonnes
46,84,préfecture,Oti,Total,Total,Ensemble,124848.0,colonnes
47,85,préfecture,Tandjoare,0,Urbain,Hommes,34.0,colonnes
47,85,préfecture,Tandjoare,0,Urbain,Femmes,41.0,colonnes
47,85,préfecture,Tandjoare,0,Urbain,Ensemble,75.0,colonnes
47,85,préfecture,Tandjoare,0,Rural,Hommes,2106.0,colonnes
47,85,préfecture,Tandjoare,0,Rural,Femmes,2050.0,colonnes
47,85,préfecture,Tandjoare,0,Rural,Ensemble,4156.0,colonnes
47,85,préfecture,Tandjoare,0,Total,Hommes,2140.0,colonnes
47,85,préfecture,Tandjoare,0,Total,Femmes,2091.0,colonnes
47,85,préfecture,Tandjoare,0,Total,Ensemble,4231.0,colonnes
47,85,préfecture,Tandjoare,1-4,Urbain,Hommes,150.0,colonnes
47,85,préfecture,Tandjoare,1-4,Urbain,Femmes,162.0,colonnes
47,85,préfecture,Tandjoare,1-4,Urbain,Ensemble,312.0,colonnes
47,85,préfecture,Tandjoare,1-4,Rural,Hommes,8468.0,colonnes
47,85,préfecture,Tandjoare,1-4,Rural,Femmes,8410.0,colonnes
47,85,préfecture,Tandjoare,1-4,Rural,Ensemble,16878.0,colonnes
47,85,préfecture,Tandjoare,1-4,Total,Hommes,8618.0,colonnes
47,85,préfecture,Tandjoare,1-4,Total,Femmes,8572.0,colonnes
47,85,préfecture,Tandjoare,1-4,Total,Ensemble,17190.0,colonnes
47,85,préfecture,Tandjoare,5-9,Urbain,Hommes,196.0,colonnes
47,85,préfecture,Tandjoare,5-9,Urbain,Femmes,207.0,colonnes
47,85,préfecture,Tandjoare,5-9,Urbain,Ensemble,403.0,colonnes
47,85,préfecture,Tandjoare,5-9,Rural,Hommes,10679.0,colonnes
47,85,préfecture,Tandjoare,5-9,Rural,Femmes,10264.0,colonnes
47,85,préfecture,Tandjoare,5-9,Rural,Ensemble,20943.0,colonnes
47,85,préfecture,Tandjoare,5-9,Total,Hommes,10875.0,colonnes
47,85,préfecture,Tandjoare,5-9,Total,Femmes,10471.0,colonnes
47,85,préfecture,Tandjoare,5-9,Total,Ensemble,21346.0,colonnes
47,85,préfecture,Tandjoare,10-14,Urbain,Hommes,209.0,colonnes
47,85,préfecture,Tandjoare,10-14,Urbain,Femmes,226.0,colonnes
47,85,préfecture,Tandjoare,10-14,Urbain,Ensemble,435.0,colonnes
47,85,préfecture,Tandjoare,10-14,Rural,Hommes,10987.0,colonnes
47,85,préfecture,Tandjoare,10-14,Rural,Femmes,10067.0,colonnes
47,85,préfecture,Tandjoare,10-14,Rural,Ensemble,21054.0,colonnes
47,85,préfecture,Tandjoare,10-14,Total,Hommes,11196.0,colonnes
47,85,préfecture,Tandjoare,10-14,Total,Femmes,10293.0,colonnes
47,85,préfecture,Tandjoare,10-14,Total,Ensemble,21489.0,colonnes
47,85,préfecture,Tandjoare,15-19,Urbain,Hommes,202.0,colonnes
47,85,préfecture,Tandjoare,15-19,Urbain,Femmes,218.0,colonnes
47,85,préfecture,Tandjoare,15-19,Urbain,Ensemble,420.0,colonnes
47,85,préfecture,Tandjoare,15-19,Rural,Hommes,7280.0,colonnes
47,85,préfecture,Tandjoare,15-19,Rural,Femmes,6994.0,colonnes
47,85,préfecture,Tandjoare,15-19,Rural,Ensemble,14274.0,colonnes
47,85,préfecture,Tandjoare,15-19,Total,Hommes,7482.0,colonnes
47,85,préfecture,Tandjoare,15-19,Total,Femmes,7212.0,colonnes
47,85,préfecture,Tandjoare,15-19,Total,Ensemble,14694.0,colonnes
47,85,préfecture,Tandjoare,20-24,Urbain,Hommes,105.0,colonnes
47,85,préfecture,Tandjoare,20-24,Urbain,Femmes,126.0,colonnes
47,85,préfecture,Tandjoare,20-24,Urbain,Ensemble,231.0,colonnes
47,85,préfecture,Tandjoare,20-24,Rural,Hommes,4574.0,colonnes
47,85,préfecture,Tandjoare,20-24,Rural,Femmes,5973.0,colonnes
47,85,préfecture,Tandjoare,20-24,Rural,Ensemble,10547.0,colonnes
47,85,préfecture,Tandjoare,20-24,Total,Hommes,4679.0,colonnes
47,85,préfecture,Tandjoare,20-24,Total,Femmes,6099.0,colonnes
47,85,préfecture,Tandjoare,20-24,Total,Ensemble,10778.0,colonnes
47,85,préfecture,Tandjoare,25-29,Urbain,Hommes,60.0,colonnes
47,85,préfecture,Tandjoare,25-29,Urbain,Femmes,99.0,colonnes
47,85,préfecture,Tandjoare,25-29,Urbain,Ensemble,159.0,colonnes
47,85,préfecture,Tandjoare,25-29,Rural,Hommes,3630.0,colonnes
47,85,préfecture,Tandjoare,25-29,Rural,Femmes,4250.0,colonnes
47,85,préfecture,Tandjoare,25-29,Rural,Ensemble,7880.0,colonnes
47,85,préfecture,Tandjoare,25-29,Total,Hommes,3690.0,colonnes
47,85,préfecture,Tandjoare,25-29,Total,Femmes,4349.0,colonnes
47,85,préfecture,Tandjoare,25-29,Total,Ensemble,8039.0,colonnes
47,85,préfecture,Tandjoare,30-34,Urbain,Hommes,77.0,colonnes
47,85,préfecture,Tandjoare,30-34,Urbain,Femmes,99.0,colonnes
47,85,préfecture,Tandjoare,30-34,Urbain,Ensemble,176.0,colonnes
47,85,préfecture,Tandjoare,30-34,Rural,Hommes,3511.0,colonnes
47,85,préfecture,Tandjoare,30-34,Rural,Femmes,4278.0,colonnes
47,85,préfecture,Tandjoare,30-34,Rural,Ensemble,7789.0,colonnes
47,85,préfecture,Tandjoare,30-34,Total,Hommes,3588.0,colonnes
47,85,préfecture,Tandjoare,30-34,Total,Femmes,4377.0,colonnes
47,85,préfecture,Tandjoare,30-34,Total,Ensemble,7965.0,colonnes
47,85,préfecture,Tandjoare,35-39,Urbain,Hommes,89.0,colonnes
47,85,préfecture,Tandjoare,35-39,Urbain,Femmes,109.0,colonnes
47,85,préfecture,Tandjoare,35-39,Urbain,Ensemble,198.0,colonnes
47,85,préfecture,Tandjoare,35-39,Rural,Hommes,2857.0,colonnes
47,85,préfecture,Tandjoare,35-39,Rural,Femmes,3677.0,colonnes
47,85,préfecture,Tandjoare,35-39,Rural,Ensemble,6534.0,colonnes
47,85,préfecture,Tandjoare,35-39,Total,Hommes,2946.0,colonnes
47,85,préfecture,Tandjoare,35-39,Total,Femmes,3786.0,colonnes
47,85,préfecture,Tandjoare,35-39,Total,Ensemble,6732.0,colonnes
47,85,préfecture,Tandjoare,40-44,Urbain,Hommes,82.0,colonnes
47,85,préfecture,Tandjoare,40-44,Urbain,Femmes,80.0,colonnes
47,85,préfecture,Tandjoare,40-44,Urbain,Ensemble,162.0,colonnes
47,85,préfecture,Tandjoare,40-44,Rural,Hommes,2441.0,colonnes
47,85,préfecture,Tandjoare,40-44,Rural,Femmes,3422.0,colonnes
47,85,préfecture,Tandjoare,40-44,Rural,Ensemble,5863.0,colonnes
47,85,préfecture,Tandjoare,40-44,Total,Hommes,2523.0,colonnes
47,85,préfecture,Tandjoare,40-44,Total,Femmes,3502.0,colonnes
47,85,préfecture,Tandjoare,40-44,Total,Ensemble,6025.0,colonnes
47,85,préfecture,Tandjoare,45-49,Urbain,Hommes,49.0,colonnes
47,85,préfecture,Tandjoare,45-49,Urbain,Femmes,57.0,colonnes
47,85,préfecture,Tandjoare,45-49,Urbain,Ensemble,106.0,colonnes
47,85,préfecture,Tandjoare,45-49,Rural,Hommes,1887.0,colonnes
47,85,préfecture,Tandjoare,45-49,Rural,Femmes,2462.0,colonnes
47,85,préfecture,Tandjoare,45-49,Rural,Ensemble,4349.0,colonnes
47,85,préfecture,Tandjoare,45-49,Total,Hommes,1936.0,colonnes
47,85,préfecture,Tandjoare,45-49,Total,Femmes,2519.0,colonnes
47,85,préfecture,Tandjoare,45-49,Total,Ensemble,4455.0,colonnes
47,85,préfecture,Tandjoare,50-54,Urbain,Hommes,47.0,colonnes
47,85,préfecture,Tandjoare,50-54,Urbain,Femmes,54.0,colonnes
47,85,préfecture,Tandjoare,50-54,Urbain,Ensemble,101.0,colonnes
47,85,préfecture,Tandjoare,50-54,Rural,Hommes,1803.0,colonnes
47,85,préfecture,Tandjoare,50-54,Rural,Femmes,2735.0,colonnes
47,85,préfecture,Tandjoare,50-54,Rural,Ensemble,4538.0,colonnes
47,85,préfecture,Tandjoare,50-54,Total,Hommes,1850.0,colonnes
47,85,préfecture,Tandjoare,50-54,Total,Femmes,2789.0,colonnes
47,85,préfecture,Tandjoare,50-54,Total,Ensemble,4639.0,colonnes
47,85,préfecture,Tandjoare,55-59,Urbain,Hommes,37.0,colonnes
47,85,préfecture,Tandjoare,55-59,Urbain,Femmes,43.0,colonnes
47,85,préfecture,Tandjoare,55-59,Urbain,Ensemble,80.0,colonnes
47,85,préfecture,Tandjoare,55-59,Rural,Hommes,1388.0,colonnes
47,85,préfecture,Tandjoare,55-59,Rural,Femmes,1525.0,colonnes
47,85,préfecture,Tandjoare,55-59,Rural,Ensemble,2913.0,colonnes
47,85,préfecture,Tandjoare,55-59,Total,Hommes,1425.0,colonnes
47,85,préfecture,Tandjoare,55-59,Total,Femmes,1568.0,colonnes
47,85,préfecture,Tandjoare,55-59,Total,Ensemble,2993.0,colonnes
47,85,préfecture,Tandjoare,60-64,Urbain,Hommes,30.0,colonnes
47,85,préfecture,Tandjoare,60-64,Urbain,Femmes,40.0,colonnes
47,85,préfecture,Tandjoare,60-64,Urbain,Ensemble,70.0,colonnes
47,85,préfecture,Tandjoare,60-64,Rural,Hommes,1048.0,colonnes
47,85,préfecture,Tandjoare,60-64,Rural,Femmes,1801.0,colonnes
47,85,préfecture,Tandjoare,60-64,Rural,Ensemble,2849.0,colonnes
47,85,préfecture,Tandjoare,60-64,Total,Hommes,1078.0,colonnes
47,85,préfecture,Tandjoare,60-64,Total,Femmes,1841.0,colonnes
47,85,préfecture,Tandjoare,60-64,Total,Ensemble,2919.0,colonnes
47,85,préfecture,Tandjoare,65-69,Urbain,Hommes,19.0,colonnes
47,85,préfecture,Tandjoare,65-69,Urbain,Femmes,17.0,colonnes
47,85,préfecture,Tandjoare,65-69,Urbain,Ensemble,36.0,colonnes
47,85,préfecture,Tandjoare,65-69,Rural,Hommes,636.0,colonnes
47,85,préfecture,Tandjoare,65-69,Rural,Femmes,864.0,colonnes
47,85,préfecture,Tandjoare,65-69,Rural,Ensemble,1500.0,colonnes
47,85,préfecture,Tandjoare,65-69,Total,Hommes,655.0,colonnes
47,85,préfecture,Tandjoare,65-69,Total,Femmes,881.0,colonnes
47,85,préfecture,Tandjoare,65-69,Total,Ensemble,1536.0,colonnes
47,85,préfecture,Tandjoare,70-74,Urbain,Hommes,17.0,colonnes
47,85,préfecture,Tandjoare,70-74,Urbain,Femmes,30.0,colonnes
47,85,préfecture,Tandjoare,70-74,Urbain,Ensemble,47.0,colonnes
47,85,préfecture,Tandjoare,70-74,Rural,Hommes,564.0,colonnes
47,85,préfecture,Tandjoare,70-74,Rural,Femmes,958.0,colonnes
47,85,préfecture,Tandjoare,70-74,Rural,Ensemble,1522.0,colonnes
47,85,préfecture,Tandjoare,70-74,Total,Hommes,581.0,colonnes
47,85,préfecture,Tandjoare,70-74,Total,Femmes,988.0,colonnes
47,85,préfecture,Tandjoare,70-74,Total,Ensemble,1569.0,colonnes
47,85,préfecture,Tandjoare,75-79,Urbain,Hommes,11.0,colonnes
47,85,préfecture,Tandjoare,75-79,Urbain,Femmes,12.0,colonnes
47,85,préfecture,Tandjoare,75-79,Urbain,Ensemble,23.0,colonnes
47,85,préfecture,Tandjoare,75-79,Rural,Hommes,315.0,colonnes
47,85,préfecture,Tandjoare,75-79,Rural,Femmes,447.0,colonnes
47,85,préfecture,Tandjoare,75-79,Rural,Ensemble,762.0,colonnes
47,85,préfecture,Tandjoare,75-79,Total,Hommes,326.0,colonnes
47,85,préfecture,Tandjoare,75-79,Total,Femmes,459.0,colonnes
47,85,préfecture,Tandjoare,75-79,Total,Ensemble,785.0,colonnes
47,85,préfecture,Tandjoare,80-84,Urbain,Hommes,3.0,colonnes
47,85,préfecture,Tandjoare,80-84,Urbain,Femmes,15.0,colonnes
47,85,préfecture,Tandjoare,80-84,Urbain,Ensemble,18.0,colonnes
47,85,préfecture,Tandjoare,80-84,Rural,Hommes,246.0,colonnes
47,85,préfecture,Tandjoare,80-84,Rural,Femmes,430.0,colonnes
47,85,préfecture,Tandjoare,80-84,Rural,Ensemble,676.0,colonnes
47,85,préfecture,Tandjoare,80-84,Total,Hommes,249.0,colonnes
47,85,préfecture,Tandjoare,80-84,Total,Femmes,445.0,colonnes
47,85,préfecture,Tandjoare,80-84,Total,Ensemble,694.0,colonnes
47,85,préfecture,Tandjoare,85 et +,Urbain,Hommes,9.0,colonnes
47,85,préfecture,Tandjoare,85 et +,Urbain,Femmes,25.0,colonnes
47,85,préfecture,Tandjoare,85 et +,Urbain,Ensemble,34.0,colonnes
47,85,préfecture,Tandjoare,85 et +,Rural,Hommes,301.0,colonnes
47,85,préfecture,Tandjoare,85 et +,Rural,Femmes,352.0,colonnes
47,85,préfecture,Tandjoare,85 et +,Rural,Ensemble,653.0,colonnes
47,85,préfecture,Tandjoare,85 et +,Total,Hommes,310.0,colonnes
47,85,préfecture,Tandjoare,85 et +,Total,Femmes,377.0,colonnes
47,85,préfecture,Tandjoare,85 et +,Total,Ensemble,687.0,colonnes
47,85,préfecture,Tandjoare,ND,Urbain,Hommes,,colonnes
47,85,préfecture,Tandjoare,ND,Urbain,Femmes,,colonnes
47,85,préfecture,Tandjoare,ND,Urbain,Ensemble,,colonnes
47,85,préfecture,Tandjoare,ND,Rural,Hommes,34.0,colonnes
47,85,préfecture,Tandjoare,ND,Rural,Femmes,67.0,colonnes
47,85,préfecture,Tandjoare,ND,Rural,Ensemble,101.0,colonnes
47,85,préfecture,Tandjoare,ND,Total,Hommes,34.0,colonnes
47,85,préfecture,Tandjoare,ND,Total,Femmes,67.0,colonnes
47,85,préfecture,Tandjoare,ND,Total,Ensemble,101.0,colonnes
47,85,préfecture,Tandjoare,Total,Urbain,Hommes,1426.0,colonnes
47,85,préfecture,Tandjoare,Total,Urbain,Femmes,1660.0,colonnes
47,85,préfecture,Tandjoare,Total,Urbain,Ensemble,3086.0,colonnes
47,85,préfecture,Tandjoare,Total,Rural,Hommes,64755.0,colonnes
47,85,préfecture,Tandjoare,Total,Rural,Femmes,71026.0,colonnes
47,85,préfecture,Tandjoare,Total,Rural,Ensemble,135781.0,colonnes
47,85,préfecture,Tandjoare,Total,Total,Hommes,66181.0,colonnes
47,85,préfecture,Tandjoare,Total,Total,Femmes,72686.0,colonnes
47,85,préfecture,Tandjoare,Total,Total,Ensemble,138867.0,colonnes
