FID,route_type,route_nom,Préfecture déclarée,Préfecture,Région,km
_mview_route_routes.fid--830921d_193db4998a0_759a,Route nationale non revêtue,TGRKRTRN38 RN1 BAFILO-DAKO-RN17 BASSAR,Assoli,Assoli,Kara,5.309537767513693
_mview_route_routes.fid--830921d_193db4998a0_759b,Route nationale revêtue,TGRKRR RN1 ALEHERIDE-KARA-NABLOUGOU,Assoli,Assoli,Kara,8.246054778732944
_mview_route_routes.fid--830921d_193db4998a0_759c,Route nationale non revêtue,TGRPRTRN15BIS HIHIATRO(RN5)-KLABE-APEGANME-KOUGNOHOU,Wawa,Wawa,Plateaux,9.355233937980064
_mview_route_routes.fid--830921d_193db4998a0_759d,Route nationale non revêtue,TGRKRTRN18 NIAMTOUGOU-KOUMEA-FARINDE-TCHIKAWA-RN20,Binah,Binah,Kara,7.335723065851771
_mview_route_routes.fid--830921d_193db4998a0_759d,Route nationale non revêtue,TGRKRTRN18 NIAMTOUGOU-KOUMEA-FARINDE-TCHIKAWA-RN20,Binah,Kozah,Kara,1.4482077188261429
_mview_route_routes.fid--830921d_193db4998a0_759e,Route nationale revêtue,TGRCRRRN14 SOKODE-TCHAMBA-KABOLI-FRE BENIN,Tchaoudjo,Tchamba,Centrale,2.6944828408758985
_mview_route_routes.fid--830921d_193db4998a0_759e,Route nationale revêtue,TGRCRRRN14 SOKODE-TCHAMBA-KABOLI-FRE BENIN,Tchaoudjo,Tchaoudjo,Centrale,14.20363212983796
_mview_route_routes.fid--830921d_193db4998a0_759f,Route nationale revêtue,TGRPRRRN15 TEMEDJA(RN5)-BADOU-FRE GHANA,Wawa,Wawa,Plateaux,13.276540508943171
_mview_route_routes.fid--830921d_193db4998a0_75a0,Route nationale revêtue,TGRCRRRRN27 LANGABOU-YEGUE-FRE GHANA,Blitta,Blitta,Centrale,9.671119566250068
_mview_route_routes.fid--830921d_193db4998a0_75a1,Route nationale revêtue,TGRPRRRN9A ROUTE DU MONT AGOU,Agou,Agou,Plateaux,6.961522941473946
_mview_route_routes.fid--830921d_193db4998a0_75a2,Route nationale revêtue,TGRSRRRN24 RN1 DAPAONG BORGOU-MANDOURI-FRE BENIN_1,Kpendjal,Kpendjal,Savanes,20.729738668750635
_mview_route_routes.fid--830921d_193db4998a0_75a3,Route nationale non revêtue,TGRPRTRN29 DEGOU(RN10)-KOLOKOPE-ANIE(RN1),Est-Mono,Est-Mono,Plateaux,0.9294214682537971
_mview_route_routes.fid--830921d_193db4998a0_75a4,Route nationale non revêtue,TGRPRTRN9 NOTSE(RN1)-YIBOE-AVEDJE-AGOU(RN5),Haho,Haho,Plateaux,24.078244577931418
_mview_route_routes.fid--830921d_193db4998a0_75a5,Route nationale non revêtue,TGRPRTRN9 NOTSE(RN1)-YIBOE-AVEDJE-AGOU(RN5),Agou,Agou,Plateaux,3.1445453581977643
_mview_route_routes.fid--830921d_193db4998a0_75a6,Route nationale non revêtue,TGRPRTRN9 NOTSE(RN1)-YIBOE-AVEDJE-AGOU(RN5),Agou,Agou,Plateaux,2.6253040737859545
_mview_route_routes.fid--830921d_193db4998a0_75a7,Route nationale non revêtue,TGRPRTRN9 NOTSE(RN1)-YIBOE-AVEDJE-AGOU(RN5),Haho,Agou,Plateaux,3.845066322695977
_mview_route_routes.fid--830921d_193db4998a0_75a7,Route nationale non revêtue,TGRPRTRN9 NOTSE(RN1)-YIBOE-AVEDJE-AGOU(RN5),Haho,Haho,Plateaux,5.396884727320889
_mview_route_routes.fid--830921d_193db4998a0_75a8,Route nationale non revêtue,TGRPRTRN9 NOTSE(RN1)-YIBOE-AVEDJE-AGOU(RN5),Agou,Agou,Plateaux,3.394389847609465
_mview_route_routes.fid--830921d_193db4998a0_75a9,Route nationale non revêtue,TGRPRTRN9 NOTSE(RN1)-YIBOE-AVEDJE-AGOU(RN5),Agou,Agou,Plateaux,1.9710775682860708
_mview_route_routes.fid--830921d_193db4998a0_75aa,Voirie urbaine,TGRKVT KARA AFFAIRES SOCIAL-EPP TCHINTCHINDA-BORNE FONDEN-MARCHE TCHINTCHINDA,Kozah,Kozah,Kara,0.07338790125868921
_mview_route_routes.fid--830921d_193db4998a0_75ab,Route nationale non revêtue,TGRPRTRN9 NOTSE(RN1)-YIBOE-AVEDJE-AGOU(RN5),Agou,Agou,Plateaux,1.5124433866390803
_mview_route_routes.fid--830921d_193db4998a0_75ac,Voirie urbaine,TGRKVT KARA AFFAIRES SOCIAL-EPP TCHINTCHINDA-BORNE FONDEN-MARCHE TCHINTCHINDA,Kozah,Kozah,Kara,0.465363477169293
_mview_route_routes.fid--830921d_193db4998a0_75ad,Voirie urbaine,TGRKVT KARA AFFAIRES SOCIAL-EPP TCHINTCHINDA-BORNE FONDEN-MARCHE TCHINTCHINDA,Kozah,Kozah,Kara,0.6368545318926078
_mview_route_routes.fid--830921d_193db4998a0_75ae,Route nationale revêtue,TGRKRRRN21 TCHITCHAO-SARAKAWA-KANTE,Kozah,Kozah,Kara,3.9624342538412405
_mview_route_routes.fid--830921d_193db4998a0_75af,Route nationale revêtue,TGRKRRRN21 TCHITCHAO-SARAKAWA-KANTE,Kozah,Doufelgou,Kara,0.6341066455818347
_mview_route_routes.fid--830921d_193db4998a0_75af,Route nationale revêtue,TGRKRRRN21 TCHITCHAO-SARAKAWA-KANTE,Kozah,Kozah,Kara,18.266413077071853
_mview_route_routes.fid--830921d_193db4998a0_75b0,Route nationale revêtue,TGRKRRRN21 TCHITCHAO-SARAKAWA-KANTE,Doufelgou,Doufelgou,Kara,8.295073833715515
_mview_route_routes.fid--830921d_193db4998a0_75b0,Route nationale revêtue,TGRKRRRN21 TCHITCHAO-SARAKAWA-KANTE,Doufelgou,Kozah,Kara,0.23802571600206202
_mview_route_routes.fid--830921d_193db4998a0_75b1,Route nationale non revêtue,TGRPRTRN9 NOTSE(RN1)-YIBOE-AVEDJE-AGOU(RN5),Agou,Agou,Plateaux,6.532594617532686
_mview_route_routes.fid--830921d_193db4998a0_75b2,Voirie urbaine,TGRKVT KARA AFFAIRES SOCIAL-EPP TCHINTCHINDA-BORNE FONDEN-MARCHE TCHINTCHINDA,Kozah,Kozah,Kara,0.5166717056317036
_mview_route_routes.fid--830921d_193db4998a0_75b3,Voirie urbaine,TGRKVR KARA RN1-CEB,Kozah,Kozah,Kara,2.705997910413795
_mview_route_routes.fid--830921d_193db4998a0_75b4,Route nationale non revêtue,TGRKRTRN19A AWANDJELO-ATCHANGBADE,Kozah,Kozah,Kara,9.748008087995295
_mview_route_routes.fid--830921d_193db4998a0_75b5,Voirie urbaine,TGRKVT KARA AFFAIRES SOCIAL-EPP TCHINTCHINDA-BORNE FONDEN-MARCHE TCHINTCHINDA,Kozah,Kozah,Kara,0.5804304269754404
_mview_route_routes.fid--830921d_193db4998a0_75b6,Voirie urbaine,TGRKVT KARA AFFAIRES SOCIAL-EPP TCHINTCHINDA-BORNE FONDEN-MARCHE TCHINTCHINDA,Kozah,Kozah,Kara,0.8187457816337884
_mview_route_routes.fid--830921d_193db4998a0_75b7,Route nationale revêtue,TGRKRRRN21 TCHITCHAO-SARAKAWA-KANTE,Doufelgou,Doufelgou,Kara,7.113067512498064
_mview_route_routes.fid--830921d_193db4998a0_75b8,Voirie urbaine,TGRKVT KARA CHANTIER ROUGE-LEZIYO-MAISON DE LA FEMME,Kozah,Kozah,Kara,0.3948059573549124
_mview_route_routes.fid--830921d_193db4998a0_75b9,Route nationale non revêtue,TGRPRTRN10 NYAMASSILA(RN1)-KPESSI-FRE BENIN,Est-Mono,Est-Mono,Plateaux,2.6685571511934465
_mview_route_routes.fid--830921d_193db4998a0_75ba,Route nationale revêtue,TGRKRRRN21 TCHITCHAO-SARAKAWA-KANTE,Doufelgou,Doufelgou,Kara,2.7878953211256383
_mview_route_routes.fid--830921d_193db4998a0_75bb,Voirie urbaine,TGRKVT KARA ANCIENNE PCIE SANTE+ SOS,Kozah,Kozah,Kara,0.6087715514252482
_mview_route_routes.fid--830921d_193db4998a0_75bc,Route nationale revêtue,TGRKRRRN21 TCHITCHAO-SARAKAWA-KANTE,Doufelgou,Doufelgou,Kara,9.766407232217247
_mview_route_routes.fid--830921d_193db4998a0_75bd,Route nationale non revêtue,TGRPRTRN29 DEGOU(RN10)-KOLOKOPE-ANIE(RN1),Est-Mono,Est-Mono,Plateaux,0.14932988926114657
_mview_route_routes.fid--830921d_193db4998a0_75be,Route nationale revêtue,TGRKRRRN21 TCHITCHAO-SARAKAWA-KANTE,Kéran,Doufelgou,Kara,1.0291043433877902
_mview_route_routes.fid--830921d_193db4998a0_75be,Route nationale revêtue,TGRKRRRN21 TCHITCHAO-SARAKAWA-KANTE,Kéran,Kéran,Kara,3.2628776382681544
_mview_route_routes.fid--830921d_193db4998a0_75bf,Route nationale revêtue,TGRPRRRN1 AMAKPAPE-ATAKPAME-BABAME,Est-Mono,Est-Mono,Plateaux,3.317588230301487
_mview_route_routes.fid--830921d_193db4998a0_75c0,Route nationale revêtue,TGRKRRRN18B TCHITCHAO-PYA-KOUMEA,Kozah,Kozah,Kara,2.9149612835889065
_mview_route_routes.fid--830921d_193db4998a0_75c1,Route nationale revêtue,TGRKRRRN18B TCHITCHAO-PYA-KOUMEA,Kozah,Kozah,Kara,5.914086189258061
_mview_route_routes.fid--830921d_193db4998a0_75c2,Route nationale revêtue,TGRKRRRN21 TCHITCHAO-SARAKAWA-KANTE,Kéran,Doufelgou,Kara,0.08655205074429786
_mview_route_routes.fid--830921d_193db4998a0_75c2,Route nationale revêtue,TGRKRRRN21 TCHITCHAO-SARAKAWA-KANTE,Kéran,Kéran,Kara,7.655526483949017
_mview_route_routes.fid--830921d_193db4998a0_75c3,Route nationale revêtue,TGRKRRRN18B TCHITCHAO-PYA-KOUMEA,Kozah,Kozah,Kara,5.553337699600201
_mview_route_routes.fid--830921d_193db4998a0_75c4,Route nationale revêtue,TGRKRRRN18B BRETELLE SOUMDINA-RN16,Kozah,Kozah,Kara,6.066873164187755
_mview_route_routes.fid--830921d_193db4998a0_75c5,Route nationale revêtue,TGRPRRRN11A KPADAPE-KLO MAYONDI-FRE GHANA,Kloto,Kloto,Plateaux,1.243225188068203
_mview_route_routes.fid--830921d_193db4998a0_75c6,Route nationale revêtue,TGRPRRRN1 AMAKPAPE-ATAKPAME-BABAME,Est-Mono,Est-Mono,Plateaux,1.4520195086090906
_mview_route_routes.fid--830921d_193db4998a0_75c7,Route nationale revêtue,TGRPRRRN1 AMAKPAPE-ATAKPAME-BABAME,Est-Mono,Est-Mono,Plateaux,0.22585086997370626
_mview_route_routes.fid--830921d_193db4998a0_75c8,Route nationale revêtue,TGRSRRRN24 RN1 DAPAONG BORGOU-MANDOURI-FRE BENIN_1,Kpendjal,Kpendjal,Savanes,4.096239926883235
_mview_route_routes.fid--830921d_193db4998a0_75c9,Route nationale revêtue,TGRKRRRN18B BRETELLE SOUMDINA-RN16,Kozah,Kozah,Kara,3.469645433912833
_mview_route_routes.fid--830921d_193db4998a0_75ca,Voirie urbaine,TGRPRR RUE MARCHE CHATEAU 2,Kloto,Kloto,Plateaux,0.6503129006525888
_mview_route_routes.fid--830921d_193db4998a0_75cb,Route nationale revêtue,TGRPRRRN11A KPADAPE-KLO MAYONDI-FRE GHANA,Kloto,Kloto,Plateaux,1.9656061004037038
_mview_route_routes.fid--830921d_193db4998a0_75cc,Route nationale revêtue,TGRPRRRN11A KPADAPE-KLO MAYONDI-FRE GHANA,Kloto,Kloto,Plateaux,2.5011166377131713
_mview_route_routes.fid--830921d_193db4998a0_75cd,Route nationale revêtue,TGRKRRRN19 KARA-KABOU-FRE GHANA,Kozah,Kozah,Kara,3.935130235036343
_mview_route_routes.fid--830921d_193db4998a0_75ce,Route nationale revêtue,TGRKRRRN19 KARA-KABOU-FRE GHANA,Kozah,Kozah,Kara,2.13137386713422
_mview_route_routes.fid--830921d_193db4998a0_75cf,Route nationale revêtue,TGRPRRRN11A KPADAPE-KLO MAYONDI-FRE GHANA,Kloto,Kloto,Plateaux,1.612571394487523
_mview_route_routes.fid--830921d_193db4998a0_75d0,Piste rurale,TGRPRR ROUTE CHATEAU VIAL,Kloto,Kloto,Plateaux,0.24251970952051613
_mview_route_routes.fid--830921d_193db4998a0_75d1,Piste rurale,TGRPRR ROUTE CHATEAU VIAL,Kloto,Kloto,Plateaux,1.4668829765619338
_mview_route_routes.fid--830921d_193db4998a0_75d2,Voirie urbaine,TGRPRR RUE MARCHE CHATEAU,Kloto,Kloto,Plateaux,0.31489204056756465
_mview_route_routes.fid--830921d_193db4998a0_75d3,Voirie urbaine,TGRPRR RUE MARCHE CHATEAU,Kloto,Kloto,Plateaux,1.132841734942442
_mview_route_routes.fid--830921d_193db4998a0_75d4,Voirie urbaine,TGRPRRR RUE DU MARCHE,Kloto,Kloto,Plateaux,1.0066328838724203
_mview_route_routes.fid--830921d_193db4998a0_75d5,Route nationale revêtue,TGRPRRRN1 AMAKPAPE-ATAKPAME-BABAME,Est-Mono,Est-Mono,Plateaux,0.1719830753487689
_mview_route_routes.fid--830921d_193db4998a0_75d6,Route nationale revêtue,TGRPRRRN13 KPALIME(RN5)-MONT KLOTO KAMETONOU-FRE GHANA,Kloto,Kloto,Plateaux,3.5757128067059853
_mview_route_routes.fid--830921d_193db4998a0_75d7,Voirie urbaine,TGRPRR RUE DE L'HOPITAL,Kloto,Kloto,Plateaux,0.710757683136572
_mview_route_routes.fid--830921d_193db4998a0_75d8,Voirie urbaine,TGRPRR RUE DE L'HOPITAL,Ogou,Ogou,Plateaux,0.36416905090848695
_mview_route_routes.fid--830921d_193db4998a0_75d9,Voirie urbaine,TGRPRR RUE DE L'HOPITAL,Ogou,Ogou,Plateaux,0.40444888947582613
_mview_route_routes.fid--830921d_193db4998a0_75da,Voirie urbaine,TGRPRT RUE PREMIER MINISTRE,Haho,Haho,Plateaux,1.7204654956854728
_mview_route_routes.fid--830921d_193db4998a0_75db,Voirie urbaine,TGRPRT RUE ORABANK-RN1_1,Haho,Haho,Plateaux,0.9165756748251412
_mview_route_routes.fid--830921d_193db4998a0_75dc,Route nationale revêtue,TGRPRRRN11 KPALIME (RN5)-KPADAPE-FRE GHANA,Kloto,Kloto,Plateaux,2.871522248888958
_mview_route_routes.fid--830921d_193db4998a0_75dd,Route nationale revêtue,TGRPRRRN11 KPALIME (RN5)-KPADAPE-FRE GHANA,Kloto,Kloto,Plateaux,0.12811612667750585
_mview_route_routes.fid--830921d_193db4998a0_75de,Route nationale revêtue,TGRPRRRN11 KPALIME (RN5)-KPADAPE-FRE GHANA,Kloto,Kloto,Plateaux,2.173104381698583
_mview_route_routes.fid--830921d_193db4998a0_75df,Route nationale revêtue,TGRPRRRN11 KPALIME (RN5)-KPADAPE-FRE GHANA,Kloto,Kloto,Plateaux,2.1059736359119348
_mview_route_routes.fid--830921d_193db4998a0_75e0,Route nationale revêtue,TGRPRRRN11 KPALIME (RN5)-KPADAPE-FRE GHANA,Kloto,Kloto,Plateaux,0.24058553051217452
_mview_route_routes.fid--830921d_193db4998a0_75e1,Route nationale revêtue,TGRPRRRN11 KPALIME (RN5)-KPADAPE-FRE GHANA,Kloto,Kloto,Plateaux,5.871328344666751
_mview_route_routes.fid--830921d_193db4998a0_75e2,Route nationale revêtue,TGRKRRRN18B PYA-TCHARE-LASSA-RN16,Kozah,Kozah,Kara,0.4756063756937905
_mview_route_routes.fid--830921d_193db4998a0_75e3,Route nationale revêtue,TGRPRRRN1 AMAKPAPE-ATAKPAME-BABAME,Est-Mono,Est-Mono,Plateaux,0.14634083944425333
_mview_route_routes.fid--830921d_193db4998a0_75e4,Route nationale revêtue,TGRPRRRN11 KPALIME (RN5)-KPADAPE-FRE GHANA,Kloto,Kloto,Plateaux,2.598504057281381
_mview_route_routes.fid--830921d_193db4998a0_75e5,Route nationale revêtue,TGRPRRRN11 KPALIME (RN5)-KPADAPE-FRE GHANA,Kloto,Kloto,Plateaux,2.842852362985791
_mview_route_routes.fid--830921d_193db4998a0_75e6,Route nationale non revêtue,TGRKRTRN40 KANTE-NADOBA,Kéran,Kéran,Kara,13.110426431710318
_mview_route_routes.fid--830921d_193db4998a0_75e7,Route nationale non revêtue,TGRKRTRN40 KANTE-NADOBA,Kéran,Kéran,Kara,7.840220723294096
_mview_route_routes.fid--830921d_193db4998a0_75e8,Route nationale revêtue,TGRKRRRN18B PYA-TCHARE-LASSA-RN16,Kozah,Kozah,Kara,1.6247122143179484
_mview_route_routes.fid--830921d_193db4998a0_75e9,Route nationale revêtue,TGRKRRRN19 KARA-KABOU-FRE GHANA,Kozah,Kozah,Kara,0.9140023077174657
_mview_route_routes.fid--830921d_193db4998a0_75ea,Voirie urbaine,TGRKVT KARA ATOP WAKADA LYCEE DONGOYO SORAD,Kozah,Kozah,Kara,0.9300557049017175
_mview_route_routes.fid--830921d_193db4998a0_75eb,Route nationale non revêtue,TGRKRTRN40 KANTE-NADOBA,Kéran,Kéran,Kara,7.436414903843776
_mview_route_routes.fid--830921d_193db4998a0_75ec,Voirie urbaine,TGRPRT RUE RN1-MARCHE,Haho,Haho,Plateaux,0.6978416455036224
_mview_route_routes.fid--830921d_193db4998a0_75ed,Route nationale revêtue,TGRKRRRN18B PYA-TCHARE-LASSA-RN16,Kozah,Kozah,Kara,1.7233473736175777
_mview_route_routes.fid--830921d_193db4998a0_75ee,Route nationale revêtue,TGRKRRRN18B PYA-TCHARE-LASSA-RN16,Kozah,Kozah,Kara,0.23130030140943084
_mview_route_routes.fid--830921d_193db4998a0_75ef,Route nationale revêtue,TGRKRRRN18B PYA-TCHARE-LASSA-RN16,Kozah,Kozah,Kara,0.18954302015247446
_mview_route_routes.fid--830921d_193db4998a0_75f0,Route nationale revêtue,TGRKRRRN18B PYA-TCHARE-LASSA-RN16,Kozah,Kozah,Kara,1.5848306064928304
_mview_route_routes.fid--830921d_193db4998a0_75f1,Route nationale revêtue,TGRKRRRN19 KARA-KABOU-FRE GHANA,Kozah,Kozah,Kara,0.5801933171309882
_mview_route_routes.fid--830921d_193db4998a0_75f2,Route nationale revêtue,TGRKRRRN19 KARA-KABOU-FRE GHANA,Kozah,Kozah,Kara,0.4179216848321255
_mview_route_routes.fid--830921d_193db4998a0_75f3,Route nationale revêtue,TGRKRRRN19 KARA-KABOU-FRE GHANA,Kozah,Kozah,Kara,0.6370184246635642
_mview_route_routes.fid--830921d_193db4998a0_75f4,Route nationale revêtue,TGRKRRRN19 KARA-KABOU-FRE GHANA,Kozah,Kozah,Kara,1.278261875289333
_mview_route_routes.fid--830921d_193db4998a0_75f5,Route nationale revêtue,TGRKRRRN19 KARA-KABOU-FRE GHANA,Kozah,Kozah,Kara,0.913870206951887
_mview_route_routes.fid--830921d_193db4998a0_75f6,Route nationale revêtue,TGRKRRRN18B PYA-TCHARE-LASSA-RN16,Kozah,Kozah,Kara,7.536371027301093
_mview_route_routes.fid--830921d_193db4998a0_75f7,Voirie urbaine,TGRKVT KARA ATOP WAKADA LYCEE DONGOYO SORAD,Kozah,Kozah,Kara,0.2614421030905498
_mview_route_routes.fid--830921d_193db4998a0_75f8,Route nationale revêtue,TGRKRRRN19 KARA-KABOU-FRE GHANA,Kozah,Kozah,Kara,7.691436119173152
_mview_route_routes.fid--830921d_193db4998a0_75f9,Route nationale revêtue,TGRKRRRN19 KARA-KABOU-FRE GHANA,Kozah,Kozah,Kara,6.467724196327942
_mview_route_routes.fid--830921d_193db4998a0_75fa,Route nationale revêtue,TGRMRRRN36 ANEHO-AKLAKOU,Lacs,Lacs,Maritime,2.541622482982181
_mview_route_routes.fid--830921d_193db4998a0_75fb,Voirie urbaine,TGRMVTA CAREFOUR Y (ANEHO)-ZONGO,Lacs,Lacs,Maritime,0.1599977750978311
_mview_route_routes.fid--830921d_193db4998a0_75fc,Route nationale revêtue,TGRPRRRN1 AMAKPAPE-ATAKPAME-BABAME,Est-Mono,Est-Mono,Plateaux,0.04598337667375289
_mview_route_routes.fid--830921d_193db4998a0_75fd,Route nationale revêtue,TGRKRRRN19 KARA-KABOU-FRE GHANA,Kozah,Kozah,Kara,6.942061923044557
_mview_route_routes.fid--830921d_193db4998a0_75fe,Route nationale revêtue,TGRKRRRN19 KARA-KABOU-FRE GHANA,Bassar,Bassar,Kara,7.159949566894058
_mview_route_routes.fid--830921d_193db4998a0_75ff,Route nationale revêtue,TGRKRRRN19 KARA-KABOU-FRE GHANA,Bassar,Bassar,Kara,16.073709358266644
_mview_route_routes.fid--830921d_193db4998a0_7600,Route nationale revêtue,TGRKRRRN19 KARA-KABOU-FRE GHANA,Bassar,Bassar,Kara,21.41399872097283
_mview_route_routes.fid--830921d_193db4998a0_7601,Route nationale revêtue,TGRKRRRN19 KARA-KABOU-FRE GHANA,Bassar,Bassar,Kara,6.614088298091279
_mview_route_routes.fid--830921d_193db4998a0_7601,Route nationale revêtue,TGRKRRRN19 KARA-KABOU-FRE GHANA,Bassar,Kozah,Kara,0.1603815680819932
_mview_route_routes.fid--830921d_193db4998a0_7602,Voirie urbaine,TGRKVT KARA PONT PATASCOM-DOMINO-AGAMADE,Kozah,Kozah,Kara,0.33894783075507534
_mview_route_routes.fid--830921d_193db4998a0_7603,Voirie urbaine,TGRKVT KARA PONT PATASCOM-DOMINO-AGAMADE,Kozah,Kozah,Kara,0.5454995001838282
_mview_route_routes.fid--830921d_193db4998a0_7604,Voirie urbaine,TGRKVT KARA PONT PATASCOM-DOMINO-AGAMADE,Kozah,Kozah,Kara,0.14563295041284452
_mview_route_routes.fid--830921d_193db4998a0_7605,Voirie urbaine,TGRKVT KARA PONT PATASCOM-DOMINO-AGAMADE,Kozah,Kozah,Kara,0.8565247553057022
_mview_route_routes.fid--830921d_193db4998a0_7606,Voirie urbaine,TGRMVRA RN3-COLLEGE POLYTECHNIQUE BRUCE-STADE DEGBENOU_1,Lacs,Lacs,Maritime,0.5237440663430974
_mview_route_routes.fid--830921d_193db4998a0_7607,Voirie urbaine,TGRMVTA CAREFOUR Y (ANEHO)-ZONGO,Lacs,Lacs,Maritime,1.1659171591427997
_mview_route_routes.fid--830921d_193db4998a0_7608,Route nationale revêtue,TGRMRRRN36 ANEHO-AKLAKOU,Lacs,Lacs,Maritime,4.035960963114359
_mview_route_routes.fid--830921d_193db4998a0_7609,Route nationale revêtue,TGRMRRRN36 ANEHO-AKLAKOU,Lacs,Lacs,Maritime,1.3836138001280056
_mview_route_routes.fid--830921d_193db4998a0_760a,Route nationale revêtue,TGRMRRRN36 ANEHO-AKLAKOU,Lacs,Lacs,Maritime,4.817601269998463
_mview_route_routes.fid--830921d_193db4998a0_760b,Route nationale revêtue,TGRMRRRN2/3 AFLAO-AVEPOZO CHAUSSEE NORD,Golfe,Golfe,Maritime,0.0002131213973335338
_mview_route_routes.fid--830921d_193db4998a0_760c,Route nationale revêtue,TGRMRRRN36 ANEHO-AKLAKOU,Lacs,Lacs,Maritime,2.8727488584139174
_mview_route_routes.fid--830921d_193db4998a0_760d,Route nationale non revêtue,TGRMRTRN36 AKLAKOU-AVEVE-AFAGNAN,Lacs,Lacs,Maritime,6.913217501286953
_mview_route_routes.fid--830921d_193db4998a0_760e,Route nationale non revêtue,TGRMRTRN36 AKLAKOU-AVEVE-AFAGNAN,Bas-Mono,Bas-Mono,Maritime,14.827514181748692
_mview_route_routes.fid--830921d_193db4998a0_760e,Route nationale non revêtue,TGRMRTRN36 AKLAKOU-AVEVE-AFAGNAN,Bas-Mono,Lacs,Maritime,4.54143653854475
_mview_route_routes.fid--830921d_193db4998a0_760f,Voirie urbaine,TGRMRTRN36 AKLAKOU-AVEVE-AFAGNAN,Bas-Mono,Bas-Mono,Maritime,2.7624187579872066
_mview_route_routes.fid--830921d_193db4998a0_7610,Route nationale revêtue,TGRSRRRN24 RN1 DAPAONG BORGOU-MANDOURI-FRE BENIN_1,Kpendjal,Kpendjal,Savanes,3.565943970613358
_mview_route_routes.fid--830921d_193db4998a0_7611,Route nationale revêtue,TGRPRRRN1 AMAKPAPE-ATAKPAME-BABAME,Est-Mono,Est-Mono,Plateaux,0.07513446575652893
_mview_route_routes.fid--830921d_193db4998a0_7612,Route nationale revêtue,TGRMRRRN2/3 ANEHO SANVEE CONDJI CHAUSSE NORD,Lacs,Lacs,Maritime,4.165695357061117
_mview_route_routes.fid--830921d_193db4998a0_7613,Route nationale revêtue,TGRSRRRN24 RN1 DAPAONG BORGOU-MANDOURI-FRE BENIN_1,Kpendjal-Ouest,Kpendjal-Ouest,Savanes,3.8079729521256196
_mview_route_routes.fid--830921d_193db4998a0_7614,Route nationale revêtue,TGRSRRRN24 RN1 DAPAONG BORGOU-MANDOURI-FRE BENIN_1,Kpendjal-Ouest,Kpendjal,Savanes,1.729248296292985
_mview_route_routes.fid--830921d_193db4998a0_7614,Route nationale revêtue,TGRSRRRN24 RN1 DAPAONG BORGOU-MANDOURI-FRE BENIN_1,Kpendjal-Ouest,Kpendjal-Ouest,Savanes,8.670656504462679
_mview_route_routes.fid--830921d_193db4998a0_7615,Route nationale revêtue,TGRSRRRN24 RN1 DAPAONG BORGOU-MANDOURI-FRE BENIN_1,Kpendjal,Kpendjal,Savanes,19.17427612183537
_mview_route_routes.fid--830921d_193db4998a0_7616,Route nationale revêtue,TGRPRRRN1 AMAKPAPE-ATAKPAME-BABAME,Est-Mono,Est-Mono,Plateaux,0.14208873877216965
_mview_route_routes.fid--830921d_193db4998a0_7617,Piste rurale,TGRPPISTE BEME-TOUSSI,Kpélé,Kpélé,Plateaux,2.9187662582205167
_mview_route_routes.fid--830921d_193db4998a0_7618,Piste rurale,TGRPPISTE BEME-TOUSSI,Kpélé,Kpélé,Plateaux,0.34971682965242484
_mview_route_routes.fid--830921d_193db4998a0_7619,Voirie urbaine,TGRPVT BEME RUE FIABOE,Kpélé,Kpélé,Plateaux,0.1675394006306927
_mview_route_routes.fid--830921d_193db4998a0_761a,Voirie urbaine,TGRPRRRN30 ADETA(RN5)-NDIGBE-APEYEME-FRE GHANA,Danyi,Danyi,Plateaux,0.7415057697338494
_mview_route_routes.fid--830921d_193db4998a0_761b,Route nationale revêtue,TGRPRRRN1 AMAKPAPE-ATAKPAME-BABAME,Est-Mono,Est-Mono,Plateaux,0.08180686896965876
_mview_route_routes.fid--830921d_193db4998a0_761c,Voirie urbaine,TGRKVT KARA RUE DE 28 RN16-(RUE DE L UNITÉ),Kozah,Kozah,Kara,3.1582245883936606
_mview_route_routes.fid--830921d_193db4998a0_761d,Route nationale revêtue,TGRPRRRN30 ADETA(RN5)-NDIGBE-APEYEME-FRE GHANA,Kpélé,Kpélé,Plateaux,3.993615787902061
_mview_route_routes.fid--830921d_193db4998a0_761e,Voirie urbaine,TGRPRRRN30 ADETA(RN5)-NDIGBE-APEYEME-FRE GHANA,Danyi,Danyi,Plateaux,1.256601863147413
_mview_route_routes.fid--830921d_193db4998a0_761f,Route nationale revêtue,TGRPRRRN30 ADETA(RN5)-NDIGBE-APEYEME-FRE GHANA,Danyi,Kpélé,Plateaux,0.9630592114015164
_mview_route_routes.fid--830921d_193db4998a0_7620,Route nationale revêtue,TGRPRRRN30 ADETA(RN5)-NDIGBE-APEYEME-FRE GHANA,Danyi,Danyi,Plateaux,2.8331739574982775
_mview_route_routes.fid--830921d_193db4998a0_7620,Route nationale revêtue,TGRPRRRN30 ADETA(RN5)-NDIGBE-APEYEME-FRE GHANA,Danyi,Kpélé,Plateaux,0.8727363918749703
_mview_route_routes.fid--830921d_193db4998a0_7621,Voirie urbaine,TGRPRRRN30 ADETA(RN5)-NDIGBE-APEYEME-FRE GHANA,Danyi,Danyi,Plateaux,1.6714823133683234
_mview_route_routes.fid--830921d_193db4998a0_7622,Voirie urbaine,TGRPRRRN30 ADETA(RN5)-NDIGBE-APEYEME-FRE GHANA,Danyi,Danyi,Plateaux,1.5338376869906443
_mview_route_routes.fid--830921d_193db4998a0_7623,Route nationale revêtue,TGRPRRRN30 ADETA(RN5)-NDIGBE-APEYEME-FRE GHANA,Danyi,Danyi,Plateaux,1.4732906323988577
_mview_route_routes.fid--830921d_193db4998a0_7624,Route nationale revêtue,TGRMRRRN2/3 AFLAO-AVEPOZO CHAUSSEE NORD,Golfe,Golfe,Maritime,1.3261588941846927
_mview_route_routes.fid--830921d_193db4998a0_7625,Voirie urbaine,TGRPRRRN30 ADETA(RN5)-NDIGBE-APEYEME-FRE GHANA,Danyi,Danyi,Plateaux,3.278221587690655
_mview_route_routes.fid--830921d_193db4998a0_7626,Voirie urbaine,TGRPRRRN30 ADETA(RN5)-NDIGBE-APEYEME-FRE GHANA,Danyi,Danyi,Plateaux,0.8691497184306499
_mview_route_routes.fid--830921d_193db4998a0_7627,Route nationale revêtue,TGRPRRRN30 ADETA(RN5)-NDIGBE-APEYEME-FRE GHANA,Danyi,Danyi,Plateaux,2.681839837080151
_mview_route_routes.fid--830921d_193db4998a0_7628,Piste rurale,TGRPPISTE BEME-TOUSSI ALATI,Kpélé,Kpélé,Plateaux,2.5757289898576565
_mview_route_routes.fid--830921d_193db4998a0_7629,Voirie urbaine,TGRPRRRN30 ADETA(RN5)-NDIGBE-APEYEME-FRE GHANA,Danyi,Danyi,Plateaux,2.3321428846163212
_mview_route_routes.fid--830921d_193db4998a0_762a,Route nationale revêtue,TGRPRRRN30 ADETA(RN5)-NDIGBE-APEYEME-FRE GHANA,Danyi,Danyi,Plateaux,1.152791752738769
_mview_route_routes.fid--830921d_193db4998a0_762b,Voirie urbaine,TGRKVT KARA RUE 28 MARCHÉ SARAKAWADA,Kozah,Kozah,Kara,1.2111091654159352
_mview_route_routes.fid--830921d_193db4998a0_762c,Voirie urbaine,TGRPRRRN30 ADETA(RN5)-NDIGBE-APEYEME-FRE GHANA,Danyi,Danyi,Plateaux,2.3650923017683954
_mview_route_routes.fid--830921d_193db4998a0_762d,Voirie urbaine,TGRPRRRN30 ADETA(RN5)-NDIGBE-APEYEME-FRE GHANA,Danyi,Danyi,Plateaux,1.8576311506187342
_mview_route_routes.fid--830921d_193db4998a0_762e,Route nationale revêtue,TGRPRRRN30 ADETA(RN5)-NDIGBE-APEYEME-FRE GHANA,Danyi,Danyi,Plateaux,0.2051357130495021
_mview_route_routes.fid--830921d_193db4998a0_762f,Voirie urbaine,TGRKVT KARA CHANTIER ROUGE-LEZIYO-MAISON DE LA FEMME,Kozah,Kozah,Kara,0.2188318489045213
_mview_route_routes.fid--830921d_193db4998a0_7630,Voirie urbaine,TGRKVT KARA CHANTIER ROUGE-LEZIYO-MAISON DE LA FEMME,Kozah,Kozah,Kara,0.1477738482867927
_mview_route_routes.fid--830921d_193db4998a0_7631,Voirie urbaine,TGRPRRRN30 ADETA(RN5)-NDIGBE-APEYEME-FRE GHANA,Danyi,Danyi,Plateaux,2.921458991941375
_mview_route_routes.fid--830921d_193db4998a0_7632,Voirie urbaine,TGRKVT KARA CHANTIER ROUGE-LEZIYO-MAISON DE LA FEMME,Kozah,Kozah,Kara,0.2121647506737167
_mview_route_routes.fid--830921d_193db4998a0_7633,Route nationale revêtue,TGRPRRRN1 AMAKPAPE-ATAKPAME-BABAME,Est-Mono,Est-Mono,Plateaux,0.08307620497801844
_mview_route_routes.fid--830921d_193db4998a0_7634,Route nationale revêtue,TGRPRRRN1 AMAKPAPE-ATAKPAME-BABAME,Est-Mono,Est-Mono,Plateaux,0.1599665160122797
_mview_route_routes.fid--830921d_193db4998a0_7635,Voirie urbaine,TGRKVT KARA LYCEE KARA2 RN16 ANTIGANG TCHINTCHINDA,Kozah,Kozah,Kara,0.5554322955194576
_mview_route_routes.fid--830921d_193db4998a0_7636,Voirie urbaine,TGRKVT KARA LYCEE KARA2 RN16 ANTIGANG TCHINTCHINDA,Kozah,Kozah,Kara,0.4130954817800505
_mview_route_routes.fid--830921d_193db4998a0_7637,Voirie urbaine,TGRKVT RN16 ANC PCIE SANTE+ LYCEE KARA2,Kozah,Kozah,Kara,0.4735732616302733
_mview_route_routes.fid--830921d_193db4998a0_7638,Voirie urbaine,TGRKVT RN16 ANC PCIE SANTE+ LYCEE KARA2,Kozah,Kozah,Kara,0.4057580794096247
_mview_route_routes.fid--830921d_193db4998a0_7639,Voirie urbaine,TGRKVT KARA WAKADA LYCEE DONGOYO SORAD,Kozah,Kozah,Kara,0.9115866126963152
_mview_route_routes.fid--830921d_193db4998a0_763a,Voirie urbaine,TGRKVT KARA WAKADA LYCEE DONGOYO SORAD,Kozah,Kozah,Kara,0.0025144985766940645
_mview_route_routes.fid--830921d_193db4998a0_763b,Voirie urbaine,TGRKVT KARA WAKADA LYCEE DONGOYO SORAD,Kozah,Kozah,Kara,0.8013584580159491
_mview_route_routes.fid--830921d_193db4998a0_763c,Voirie urbaine,TGRKVTKARA STADE MUNICIPAL-HOTEL DOUCEUR-CORIS BANQUE,Kozah,Kozah,Kara,0.881526424903883
_mview_route_routes.fid--830921d_193db4998a0_763d,Voirie urbaine,TGRKVT KARA CHANTIER ROUGE-LEZIYO-MAISON DE LA FEMME,Kozah,Kozah,Kara,1.1858440816499305
_mview_route_routes.fid--830921d_193db4998a0_763e,Voirie urbaine,TGRPRT RUE NOUVEAU MARCHE,Haho,Haho,Plateaux,0.762264619303906
_mview_route_routes.fid--830921d_193db4998a0_763f,Route nationale revêtue,TGRMRRRN2/3 AFLAO-AVEPOZO CHAUSSEE NORD,Golfe,Golfe,Maritime,9.333414402859797
_mview_route_routes.fid--830921d_193db4998a0_7640,Route nationale revêtue,TGRMRRRN2/3 AFLAO-AVEPOZO CHAUSSEE NORD,Golfe,Golfe,Maritime,1.2006607565254204
_mview_route_routes.fid--830921d_193db4998a0_7641,Route nationale revêtue,TGRMRRRN2/3 AFLAO-AVEPOZO CHAUSSEE NORD,Golfe,Golfe,Maritime,1.5574735821859256
_mview_route_routes.fid--830921d_193db4998a0_7642,Route nationale revêtue,TGRMRRRN2/3 AFLAO-AVEPOZO CHAUSSEE NORD,Golfe,Golfe,Maritime,2.8327215806413863
_mview_route_routes.fid--830921d_193db4998a0_7643,Voirie urbaine,TGRKVR BASSAR RN17 CONTOURNEMENT,Bassar,Bassar,Kara,1.22914052870701
_mview_route_routes.fid--830921d_193db4998a0_7644,Voirie urbaine,TGRPRT RUE NOUVEAU MARCHE,Haho,Haho,Plateaux,0.21743868183297643
_mview_route_routes.fid--830921d_193db4998a0_7645,Voirie urbaine,TGRPRT RUE NOUVEAU MARCHE,Haho,Haho,Plateaux,0.1263784768523971
_mview_route_routes.fid--830921d_193db4998a0_7646,Route nationale revêtue,TGRCRRRRN27 LANGABOU-YEGUE-FRE GHANA,Blitta,Blitta,Centrale,7.3067291927717735
_mview_route_routes.fid--830921d_193db4998a0_7647,Voirie urbaine,TGRCVRRN1-BLITTA GARE,Blitta,Blitta,Centrale,1.4196045731260285
_mview_route_routes.fid--830921d_193db4998a0_7648,Voirie urbaine,TGRCVRRN1-BLITTA GARE,Blitta,Blitta,Centrale,3.0968915311616034
_mview_route_routes.fid--830921d_193db4998a0_7649,Route nationale revêtue,TGRCVRRN1-BLITTA GARE,Blitta,Blitta,Centrale,23.451596764442495
_mview_route_routes.fid--830921d_193db4998a0_7649,Route nationale revêtue,TGRCVRRN1-BLITTA GARE,Blitta,Sotouboua,Centrale,1.1403437813889195
_mview_route_routes.fid--830921d_193db4998a0_764a,Voirie urbaine,TGRKVR BASSAR TRAVERSEE,Bassar,Bassar,Kara,2.0194158234500352
_mview_route_routes.fid--830921d_193db4998a0_764b,Route nationale revêtue,TGRCRRRRN27 LANGABOU-YEGUE-FRE GHANA,Blitta,Blitta,Centrale,9.634631708888508
_mview_route_routes.fid--830921d_193db4998a0_764c,Route nationale revêtue,TGRCRRRRN27 LANGABOU-YEGUE-FRE GHANA,Blitta,Blitta,Centrale,8.481387289588463
_mview_route_routes.fid--830921d_193db4998a0_764d,Route nationale revêtue,TGRCRRRRN27 LANGABOU-YEGUE-FRE GHANA,Blitta,Blitta,Centrale,9.394666771149259
_mview_route_routes.fid--830921d_193db4998a0_764e,Route nationale revêtue,TGRCRRRRN27 LANGABOU-YEGUE-FRE GHANA,Blitta,Blitta,Centrale,2.221919698119379
_mview_route_routes.fid--830921d_193db4998a0_764f,Route nationale revêtue,TGRCRRRRN27 LANGABOU-YEGUE-FRE GHANA,Blitta,Blitta,Centrale,2.0836996998595776
_mview_route_routes.fid--830921d_193db4998a0_7650,Route nationale revêtue,TGRCRRRRN27 LANGABOU-YEGUE-FRE GHANA,Blitta,Blitta,Centrale,7.861298483989152
_mview_route_routes.fid--830921d_193db4998a0_7651,Route nationale non revêtue,TGRKRTRN20 PAGOUDA-SIOU-NIAMTOUGOU,Binah,Binah,Kara,4.138276753193017
_mview_route_routes.fid--830921d_193db4998a0_7652,Route nationale revêtue,TGRCRRRRN27 LANGABOU-YEGUE-FRE GHANA,Blitta,Blitta,Centrale,4.972363296201472
_mview_route_routes.fid--830921d_193db4998a0_7653,Route nationale revêtue,TGRCRRRRN27 LANGABOU-YEGUE-FRE GHANA,Blitta,Blitta,Centrale,3.575148821517359
_mview_route_routes.fid--830921d_193db4998a0_7654,Route nationale revêtue,TGRCRRRRN27 LANGABOU-YEGUE-FRE GHANA,Blitta,Blitta,Centrale,0.8258539951496985
_mview_route_routes.fid--830921d_193db4998a0_7655,Route nationale revêtue,TGRPRRRN1 AMAKPAPE-ATAKPAME-BABAME,Est-Mono,Est-Mono,Plateaux,0.13280707375779446
_mview_route_routes.fid--830921d_193db4998a0_7656,Route nationale revêtue,TGRPRRRN1 AMAKPAPE-ATAKPAME-BABAME,Est-Mono,Est-Mono,Plateaux,0.2875284599073805
_mview_route_routes.fid--830921d_193db4998a0_7657,Route nationale non revêtue,TGRKRTRN20 PAGOUDA-SIOU-NIAMTOUGOU,Binah,Binah,Kara,11.03958660991718
_mview_route_routes.fid--830921d_193db4998a0_7658,Route nationale non revêtue,TGRKRTRN20 PAGOUDA-SIOU-NIAMTOUGOU,Doufelgou,Binah,Kara,1.3054905901284128
_mview_route_routes.fid--830921d_193db4998a0_7658,Route nationale non revêtue,TGRKRTRN20 PAGOUDA-SIOU-NIAMTOUGOU,Doufelgou,Doufelgou,Kara,1.516955121001105
_mview_route_routes.fid--830921d_193db4998a0_7659,Route nationale non revêtue,TGRKRTRN20 PAGOUDA-SIOU-NIAMTOUGOU,Doufelgou,Doufelgou,Kara,1.335698854988185
_mview_route_routes.fid--830921d_193db4998a0_765a,Route nationale non revêtue,TGRKRTRN20 PAGOUDA-SIOU-NIAMTOUGOU,Doufelgou,Doufelgou,Kara,3.661258253349053
_mview_route_routes.fid--830921d_193db4998a0_765b,Route nationale non revêtue,TGRKRTRN20 PAGOUDA-SIOU-NIAMTOUGOU,Doufelgou,Doufelgou,Kara,1.0540763750649755
_mview_route_routes.fid--830921d_193db4998a0_765c,Route nationale non revêtue,TGRKRTRN20 PAGOUDA-SIOU-NIAMTOUGOU,Doufelgou,Doufelgou,Kara,2.8235992552672298
_mview_route_routes.fid--830921d_193db4998a0_765d,Route nationale non revêtue,TGRKRTRN20 PAGOUDA-SIOU-NIAMTOUGOU,Doufelgou,Doufelgou,Kara,3.264934081869742
_mview_route_routes.fid--830921d_193db4998a0_765e,Route nationale revêtue,TGRKRRRN20 KETAO-PAGOUDA,Binah,Binah,Kara,14.608486973970109
_mview_route_routes.fid--830921d_193db4998a0_765f,Voirie urbaine,TGRKVT BASSAR RN17 KODJODOUMPOU,Bassar,Bassar,Kara,0.3644186565141849
_mview_route_routes.fid--830921d_193db4998a0_7660,Voirie urbaine,TGRKVT BASSAR BAR ZEPHIR CENTRE HANDIKAPE,Bassar,Bassar,Kara,1.0674850717488316
_mview_route_routes.fid--830921d_193db4998a0_7661,Voirie urbaine,TGRKVT BASSAR CAP RIVIERE DJARE,Bassar,Bassar,Kara,1.3262802481865998
_mview_route_routes.fid--830921d_193db4998a0_7662,Route nationale non revêtue,TGRKVT BASSAR RN17 NANGBANI BORN FONDEN,Bassar,Bassar,Kara,0.8549481265892814
_mview_route_routes.fid--830921d_193db4998a0_7663,Route nationale non revêtue,TGRKVT BASSAR RN17 NANGBANI BORN FONDEN,Bassar,Bassar,Kara,1.2432924235338487
_mview_route_routes.fid--830921d_193db4998a0_7664,Voirie urbaine,TGRKVR BASSAR TRAVERSEE,Bassar,Bassar,Kara,2.6269432241248243
_mview_route_routes.fid--830921d_193db4998a0_7665,Route nationale non revêtue,TGRKRTRN39 RN17 BASSAR-BITCHABE-RN19,Bassar,Bassar,Kara,0.7016149208986449
_mview_route_routes.fid--830921d_193db4998a0_7666,Route nationale non revêtue,TGRKRTRN39 RN17 BASSAR-BITCHABE-RN19,Bassar,Bassar,Kara,5.443472039960674
_mview_route_routes.fid--830921d_193db4998a0_7667,Route nationale revêtue,TGRPRRRN1 AMAKPAPE-ATAKPAME-BABAME,Est-Mono,Blitta,Centrale,0.058939604058447656
_mview_route_routes.fid--830921d_193db4998a0_7667,Route nationale revêtue,TGRPRRRN1 AMAKPAPE-ATAKPAME-BABAME,Est-Mono,Est-Mono,Plateaux,0.04800184708204333
_mview_route_routes.fid--830921d_193db4998a0_7668,Voirie urbaine,TGRKVT BASSAR RN17 FUCEC BRETELLE CHP,Bassar,Bassar,Kara,0.8262289111035094
_mview_route_routes.fid--830921d_193db4998a0_7669,Route nationale non revêtue,TGRKRTRN39 RN17 BASSAR-BITCHABE-RN19,Bassar,Bassar,Kara,11.060550742551253
_mview_route_routes.fid--830921d_193db4998a0_766a,Route nationale non revêtue,TGRKRTRN39 RN17 BASSAR-BITCHABE-RN19,Bassar,Bassar,Kara,15.698463187752834
_mview_route_routes.fid--830921d_193db4998a0_766b,Voirie urbaine,TGRKVT BASSAR TDE BRETELLE CHP BASSAR,Bassar,Bassar,Kara,0.739530903402096
_mview_route_routes.fid--830921d_193db4998a0_766c,Voirie urbaine,TGRKVT BASSAR KPANKISSI EPP BIKOUNDJIB MAIRIE,Bassar,Bassar,Kara,1.0500526155119356
_mview_route_routes.fid--830921d_193db4998a0_766d,Voirie urbaine,TGRKVT BASSAR TGCEL HOTEL BASSAR,Bassar,Bassar,Kara,0.52571359657432
_mview_route_routes.fid--830921d_193db4998a0_766e,Route nationale revêtue,TGRKRRRN17 MALFAKASSA-BASSAR-KABOU-GUERIN KOUKA-KATCHAMBA,Bassar,Bassar,Kara,7.445213917802759
_mview_route_routes.fid--830921d_193db4998a0_766f,Route nationale revêtue,TGRPRRRN1 AMAKPAPE-ATAKPAME-BABAME,Blitta,Blitta,Centrale,1.6360243204848373
_mview_route_routes.fid--830921d_193db4998a0_7670,Voirie urbaine,TGRCVR BLITTA AVENUE FAURE CHAUSSE EST,Blitta,Blitta,Centrale,0.8106066205725329
_mview_route_routes.fid--830921d_193db4998a0_7671,Route nationale non revêtue,TGRPRTRN10 NYAMASSILA(RN1)-KPESSI-FRE BENIN,Est-Mono,Est-Mono,Plateaux,5.2504327159465305
_mview_route_routes.fid--830921d_193db4998a0_7672,Route nationale revêtue,TGRKRRRN17 MALFAKASSA-BASSAR-KABOU-GUERIN KOUKA-KATCHAMBA,Bassar,Bassar,Kara,7.0878864503157395
_mview_route_routes.fid--830921d_193db4998a0_7673,Route nationale revêtue,TGRKRRRN17 MALFAKASSA-BASSAR-KABOU-GUERIN KOUKA-KATCHAMBA,Dankpen,Dankpen,Kara,15.961534415807058
_mview_route_routes.fid--830921d_193db4998a0_7674,Route nationale revêtue,TGRKRRRN17 MALFAKASSA-BASSAR-KABOU-GUERIN KOUKA-KATCHAMBA,Dankpen,Dankpen,Kara,5.262720731790292
_mview_route_routes.fid--830921d_193db4998a0_7675,Voirie urbaine,TGRKVRNIAMTOUGOU RN1-MARCHE,Doufelgou,Doufelgou,Kara,0.18803445933754134
_mview_route_routes.fid--830921d_193db4998a0_7676,Route nationale revêtue,TGRKRRRN17 MALFAKASSA-BASSAR-KABOU-GUERIN KOUKA-KATCHAMBA,Bassar,Bassar,Kara,13.765115244580857
_mview_route_routes.fid--830921d_193db4998a0_7677,Route nationale non revêtue,TGRKRTRN20 PAGOUDA-SIOU-NIAMTOUGOU,Doufelgou,Doufelgou,Kara,1.722909121149159
_mview_route_routes.fid--830921d_193db4998a0_7678,Route nationale non revêtue,TGRPRTRN29 DEGOU(RN10)-KOLOKOPE-ANIE(RN1),Est-Mono,Est-Mono,Plateaux,1.7677149581558584
_mview_route_routes.fid--830921d_193db4998a0_7679,Route nationale revêtue,TGRKRRRN17 MALFAKASSA-BASSAR-KABOU-GUERIN KOUKA-KATCHAMBA,Bassar,Bassar,Kara,11.493939556796098
_mview_route_routes.fid--830921d_193db4998a0_7679,Route nationale revêtue,TGRKRRRN17 MALFAKASSA-BASSAR-KABOU-GUERIN KOUKA-KATCHAMBA,Bassar,Dankpen,Kara,2.566940398749334
_mview_route_routes.fid--830921d_193db4998a0_767a,Route nationale revêtue,TGRKRRRN17 MALFAKASSA-BASSAR-KABOU-GUERIN KOUKA-KATCHAMBA,Dankpen,Dankpen,Kara,13.612945394216725
_mview_route_routes.fid--830921d_193db4998a0_767b,Route nationale non revêtue,TGRPRTRN29 DEGOU(RN10)-KOLOKOPE-ANIE(RN1),Est-Mono,Est-Mono,Plateaux,0.24849744836736176
_mview_route_routes.fid--830921d_193db4998a0_767c,Route nationale revêtue,TGRCRRRN1 BABAME-SOKODE-ALEHERIDE,Blitta,Blitta,Centrale,8.662797884657438
_mview_route_routes.fid--830921d_193db4998a0_767d,Route nationale revêtue,TGRCRRRN1 BABAME-SOKODE-ALEHERIDE,Blitta,Blitta,Centrale,3.962088339556451
_mview_route_routes.fid--830921d_193db4998a0_767e,Route nationale revêtue,TGRCRRRN1 BABAME-SOKODE-ALEHERIDE,Blitta,Blitta,Centrale,9.165589703022922
_mview_route_routes.fid--830921d_193db4998a0_767f,Voirie urbaine,TGRPRT RUE HÔPITAL-ORABANK,Wawa,Wawa,Plateaux,0.373925088316669
_mview_route_routes.fid--830921d_193db4998a0_7680,Route nationale revêtue,TGRCRRRN1 BABAME-SOKODE-ALEHERIDE,Blitta,Blitta,Centrale,5.291710096634198
_mview_route_routes.fid--830921d_193db4998a0_7681,Route nationale revêtue,TGRCRRRN1 BABAME-SOKODE-ALEHERIDE,Tchaoudjo,Sotouboua,Centrale,0.621179583412295
_mview_route_routes.fid--830921d_193db4998a0_7681,Route nationale revêtue,TGRCRRRN1 BABAME-SOKODE-ALEHERIDE,Tchaoudjo,Tchaoudjo,Centrale,19.04178538641684
_mview_route_routes.fid--830921d_193db4998a0_7682,Route nationale revêtue,TGRMRRRN5 LOME-AMOUZOU COPE,Avé,Avé,Maritime,5.933532982911443
_mview_route_routes.fid--830921d_193db4998a0_7683,Route nationale revêtue,TGRCRRRN1 BABAME-SOKODE-ALEHERIDE,Sotouboua,Sotouboua,Centrale,14.148058070721323
_mview_route_routes.fid--830921d_193db4998a0_7684,Route nationale revêtue,TGRCRRRN1 BABAME-SOKODE-ALEHERIDE,Tchaoudjo,Tchaoudjo,Centrale,5.968921183724539
_mview_route_routes.fid--830921d_193db4998a0_7685,Route nationale revêtue,TGRKRRRN1 BRETELLE D ALEDJO,Assoli,Assoli,Kara,9.256770503458876
_mview_route_routes.fid--830921d_193db4998a0_7685,Route nationale revêtue,TGRKRRRN1 BRETELLE D ALEDJO,Assoli,Tchaoudjo,Centrale,2.202812421250301
_mview_route_routes.fid--830921d_193db4998a0_7686,Route nationale revêtue,TGRCRRRN1 BABAME-SOKODE-ALEHERIDE,Sotouboua,Sotouboua,Centrale,28.043338500516708
_mview_route_routes.fid--830921d_193db4998a0_7687,Route nationale revêtue,TGRCRRRN1 BABAME-SOKODE-ALEHERIDE,Sotouboua,Sotouboua,Centrale,0.8873739444486898
_mview_route_routes.fid--830921d_193db4998a0_7688,Route nationale revêtue,TGRMRRRN5 LOME-AMOUZOU COPE,Golfe,Golfe,Maritime,1.8047405801022325
_mview_route_routes.fid--830921d_193db4998a0_7689,Route nationale revêtue,TGRCRRRN1 BABAME-SOKODE-ALEHERIDE,Tchaoudjo,Tchaoudjo,Centrale,1.3417409584258455
_mview_route_routes.fid--830921d_193db4998a0_768a,Route nationale revêtue,TGRCRRRN1 BABAME-SOKODE-ALEHERIDE,Tchaoudjo,Tchaoudjo,Centrale,2.169903580774167
_mview_route_routes.fid--830921d_193db4998a0_768b,Route nationale revêtue,TGRCRRRN1 BABAME-SOKODE-ALEHERIDE,Tchaoudjo,Tchaoudjo,Centrale,0.5963139679680338
_mview_route_routes.fid--830921d_193db4998a0_768c,Route nationale revêtue,TGRCRRRN1 BABAME-SOKODE-ALEHERIDE,Tchaoudjo,Tchaoudjo,Centrale,0.6115365662344929
_mview_route_routes.fid--830921d_193db4998a0_768d,Route nationale revêtue,TGRCRRRN1 BABAME-SOKODE-ALEHERIDE,Tchaoudjo,Tchaoudjo,Centrale,0.6335725526686211
_mview_route_routes.fid--830921d_193db4998a0_768e,Route nationale revêtue,TGRPRRRN1 AMAKPAPE-ATAKPAME-BABAME,Haho,Haho,Plateaux,8.8283639252073
_mview_route_routes.fid--830921d_193db4998a0_768e,Route nationale revêtue,TGRPRRRN1 AMAKPAPE-ATAKPAME-BABAME,Haho,Zio,Maritime,5.139955013640722e-07
_mview_route_routes.fid--830921d_193db4998a0_768f,Route nationale revêtue,TGRPRRRN1 AMAKPAPE-ATAKPAME-BABAME,Haho,Haho,Plateaux,1.0957571216193227
_mview_route_routes.fid--830921d_193db4998a0_7690,Route nationale revêtue,TGRCRRRN1 BABAME-SOKODE-ALEHERIDE,Tchaoudjo,Tchaoudjo,Centrale,7.125912815586806
_mview_route_routes.fid--830921d_193db4998a0_7691,Route nationale revêtue,TGRPRRRN1 AMAKPAPE-ATAKPAME-BABAME,Est-Mono,Est-Mono,Plateaux,2.6993004697152063
_mview_route_routes.fid--830921d_193db4998a0_7692,Route nationale revêtue,TGRCRRRN1 BABAME-SOKODE-ALEHERIDE,Tchaoudjo,Tchaoudjo,Centrale,7.810592925836884
_mview_route_routes.fid--830921d_193db4998a0_7693,Route nationale revêtue,TGRCRRRN1 BABAME-SOKODE-ALEHERIDE,Tchaoudjo,Tchaoudjo,Centrale,9.096319197754339
_mview_route_routes.fid--830921d_193db4998a0_7694,Route nationale revêtue,TGRCRRRN1 BABAME-SOKODE-ALEHERIDE,Tchaoudjo,Tchaoudjo,Centrale,2.712416216699591
_mview_route_routes.fid--830921d_193db4998a0_7695,Route nationale revêtue,TGRCRRRN1 BABAME-SOKODE-ALEHERIDE,Assoli,Tchaoudjo,Centrale,0.9132401575135564
_mview_route_routes.fid--830921d_193db4998a0_7696,Route nationale revêtue,TGRMRRRN34 LOME-VOGAN-ANFOIN,Golfe,Golfe,Maritime,0.7992443393092538
_mview_route_routes.fid--830921d_193db4998a0_7697,Route nationale revêtue,TGRPRRRN1 AMAKPAPE-ATAKPAME-BABAME,Haho,Haho,Plateaux,6.570875763237337
_mview_route_routes.fid--830921d_193db4998a0_7698,Route nationale revêtue,TGRPRRRN1 AMAKPAPE-ATAKPAME-BABAME,Haho,Haho,Plateaux,5.578695269166482
_mview_route_routes.fid--830921d_193db4998a0_7699,Route nationale revêtue,TGRPRRRN1 AMAKPAPE-ATAKPAME-BABAME,Haho,Haho,Plateaux,16.503484991421733
_mview_route_routes.fid--830921d_193db4998a0_769a,Route nationale revêtue,TGRPRRRN1 AMAKPAPE-ATAKPAME-BABAME,Haho,Haho,Plateaux,14.412884047725745
_mview_route_routes.fid--830921d_193db4998a0_769b,Route nationale revêtue,TGRPRRRN1 AMAKPAPE-ATAKPAME-BABAME,Ogou,Haho,Plateaux,0.012480933389913842
_mview_route_routes.fid--830921d_193db4998a0_769b,Route nationale revêtue,TGRPRRRN1 AMAKPAPE-ATAKPAME-BABAME,Ogou,Ogou,Plateaux,15.822860162251537
_mview_route_routes.fid--830921d_193db4998a0_769c,Route nationale revêtue,TGRPRRRN1 AMAKPAPE-ATAKPAME-BABAME,Ogou,Ogou,Plateaux,11.480881985599485
_mview_route_routes.fid--830921d_193db4998a0_769d,Route nationale revêtue,TGRPRRRN1 AMAKPAPE-ATAKPAME-BABAME,Ogou,Ogou,Plateaux,2.915496606165916
_mview_route_routes.fid--830921d_193db4998a0_769e,Route nationale revêtue,TGRPRRRN1 AMAKPAPE-ATAKPAME-BABAME,Ogou,Ogou,Plateaux,5.929781284062265
_mview_route_routes.fid--830921d_193db4998a0_769f,Route nationale revêtue,TGRPRRRN1 AMAKPAPE-ATAKPAME-BABAME,Ogou,Anié,Plateaux,0.20760460294696803
_mview_route_routes.fid--830921d_193db4998a0_769f,Route nationale revêtue,TGRPRRRN1 AMAKPAPE-ATAKPAME-BABAME,Ogou,Ogou,Plateaux,14.591237116104145
_mview_route_routes.fid--830921d_193db4998a0_76a0,Route nationale revêtue,TGRPRRRN1 AMAKPAPE-ATAKPAME-BABAME,Anié,Anié,Plateaux,22.288763605312628
_mview_route_routes.fid--830921d_193db4998a0_76a1,Route nationale revêtue,TGRPRRRN1 AMAKPAPE-ATAKPAME-BABAME,Est-Mono,Anié,Plateaux,0.3841769274519313
_mview_route_routes.fid--830921d_193db4998a0_76a2,Route nationale revêtue,TGRPRRRN1 AMAKPAPE-ATAKPAME-BABAME,Est-Mono,Anié,Plateaux,0.2368145248404214
_mview_route_routes.fid--830921d_193db4998a0_76a3,Route nationale revêtue,TGRPRRRN1 AMAKPAPE-ATAKPAME-BABAME,Est-Mono,Anié,Plateaux,1.057854939680321
_mview_route_routes.fid--830921d_193db4998a0_76a4,Route nationale revêtue,TGRPRRRN1 AMAKPAPE-ATAKPAME-BABAME,Est-Mono,Anié,Plateaux,0.7507115530857459
_mview_route_routes.fid--830921d_193db4998a0_76a4,Route nationale revêtue,TGRPRRRN1 AMAKPAPE-ATAKPAME-BABAME,Est-Mono,Est-Mono,Plateaux,1.290717942301104
_mview_route_routes.fid--830921d_193db4998a0_76a5,Route nationale revêtue,TGRMRRRN34 LOME-VOGAN-ANFOIN,Golfe,Golfe,Maritime,1.1738634927219729
_mview_route_routes.fid--830921d_193db4998a0_76a6,Route nationale revêtue,TGRMRRRN34 LOME-VOGAN-ANFOIN,Golfe,Golfe,Maritime,0.4933115296883665
_mview_route_routes.fid--830921d_193db4998a0_76a7,Route nationale non revêtue,TGRSRTRN25 RN1-KONG-RN1_2,Cinkassé,Cinkassé,Savanes,7.535692333397418
_mview_route_routes.fid--830921d_193db4998a0_76a8,Route nationale non revêtue,TGRSRTRN25 RN1-KONG-RN1_2,Tône,Cinkassé,Savanes,1.264702187881005
_mview_route_routes.fid--830921d_193db4998a0_76a8,Route nationale non revêtue,TGRSRTRN25 RN1-KONG-RN1_2,Tône,Tône,Savanes,2.0012870481443197
_mview_route_routes.fid--830921d_193db4998a0_76a9,Route nationale revêtue,TGRMRRRN5 LOME-AMOUZOU COPE,Golfe,Golfe,Maritime,0.9246799742981259
_mview_route_routes.fid--830921d_193db4998a0_76aa,Route nationale revêtue,TGRMRRRN5 LOME-AMOUZOU COPE,Golfe,Golfe,Maritime,1.5114047211075783
_mview_route_routes.fid--830921d_193db4998a0_76ab,Route nationale revêtue,TGRMRRRN5 LOME-AMOUZOU COPE,Golfe,Golfe,Maritime,0.10839758643742088
_mview_route_routes.fid--830921d_193db4998a0_76ac,Route nationale non revêtue,TGRPRTRN29 DEGOU(RN10)-KOLOKOPE-ANIE(RN1),Est-Mono,Est-Mono,Plateaux,1.3603164089062771
_mview_route_routes.fid--830921d_193db4998a0_76ad,Route nationale revêtue,TGRPRRRN6 NOTSE-TOHOUN,Haho,Haho,Plateaux,2.5811420544606563
_mview_route_routes.fid--830921d_193db4998a0_76ae,Route nationale revêtue,TGRPRRRN6 NOTSE-TOHOUN,Haho,Haho,Plateaux,20.376097195031576
_mview_route_routes.fid--830921d_193db4998a0_76af,Route nationale revêtue,TGRPRRRN6 NOTSE-TOHOUN,Haho,Haho,Plateaux,20.711074734647593
_mview_route_routes.fid--830921d_193db4998a0_76b0,Route nationale revêtue,TGRPRRRN6 NOTSE-TOHOUN,Haho,Haho,Plateaux,0.2693342911458354
_mview_route_routes.fid--830921d_193db4998a0_76b0,Route nationale revêtue,TGRPRRRN6 NOTSE-TOHOUN,Haho,Moyen-Mono,Plateaux,0.23451867121816716
_mview_route_routes.fid--830921d_193db4998a0_76b1,Route nationale revêtue,TGRPRRRN6 NOTSE-TOHOUN,Moyen-Mono,Moyen-Mono,Plateaux,12.26269135373137
_mview_route_routes.fid--830921d_193db4998a0_76b2,Voirie urbaine,TGRPRT RUE EGLISE CATHOLIQUE (RN1)-MARCHE,Haho,Haho,Plateaux,0.6160443549264446
_mview_route_routes.fid--830921d_193db4998a0_76b3,Voirie urbaine,TGRMVRL RN5-SEGBE,Golfe,Golfe,Maritime,0.8462744130132763
_mview_route_routes.fid--830921d_193db4998a0_76b4,Route nationale revêtue,TGRMRRRN5 LOME-AMOUZOU COPE,Avé,Avé,Maritime,2.8608726359362775
_mview_route_routes.fid--830921d_193db4998a0_76b5,Route nationale revêtue,TGRMVRL RN5-SEGBE,Golfe,Golfe,Maritime,9.610133110498914
_mview_route_routes.fid--830921d_193db4998a0_76b6,Route nationale revêtue,TGRMRRRN2/3 AVEPOZO-ANEHO,Golfe,Golfe,Maritime,3.503278966203536
_mview_route_routes.fid--830921d_193db4998a0_76b6,Route nationale revêtue,TGRMRRRN2/3 AVEPOZO-ANEHO,Golfe,Lacs,Maritime,0.5540595260049339
_mview_route_routes.fid--830921d_193db4998a0_76b7,Route nationale revêtue,TGRMRRRN2/3 AVEPOZO-ANEHO,Lacs,Lacs,Maritime,24.460730755330196
_mview_route_routes.fid--830921d_193db4998a0_76b8,Route nationale revêtue,TGRMRRRN2/3 AVEPOZO-ANEHO,Lacs,Lacs,Maritime,1.5844168228084172
_mview_route_routes.fid--830921d_193db4998a0_76b9,Route nationale revêtue,TGRMRRRN5 LOME-AMOUZOU COPE,Golfe,Golfe,Maritime,1.5262386667928263
_mview_route_routes.fid--830921d_193db4998a0_76ba,Route nationale revêtue,TGRMRRRN5 LOME-AMOUZOU COPE,Avé,Avé,Maritime,1.420931220427479
_mview_route_routes.fid--830921d_193db4998a0_76bb,Route nationale non revêtue,TGRKRTRN18 NIAMTOUGOU-KOUMEA-FARINDE-TCHIKAWA-RN20,Doufelgou,Doufelgou,Kara,0.384668555564021
_mview_route_routes.fid--830921d_193db4998a0_76bc,Route nationale revêtue,TGRMRRRN5 LOME-AMOUZOU COPE,Golfe,Golfe,Maritime,5.07740837698699
_mview_route_routes.fid--830921d_193db4998a0_76bd,Route nationale revêtue,TGRMRRRN5 LOME-AMOUZOU COPE,Golfe,Golfe,Maritime,2.5094412550723946
_mview_route_routes.fid--830921d_193db4998a0_76be,Route nationale revêtue,TGRMRRRN5 LOME-AMOUZOU COPE,Golfe,Agoè-Nyivé,Maritime,0.23849043892230115
_mview_route_routes.fid--830921d_193db4998a0_76be,Route nationale revêtue,TGRMRRRN5 LOME-AMOUZOU COPE,Golfe,Golfe,Maritime,3.2093179800617255
_mview_route_routes.fid--830921d_193db4998a0_76bf,Route nationale revêtue,TGRMRRRN5 LOME-AMOUZOU COPE,Agoè-Nyivé,Agoè-Nyivé,Maritime,2.629884505263587
_mview_route_routes.fid--830921d_193db4998a0_76bf,Route nationale revêtue,TGRMRRRN5 LOME-AMOUZOU COPE,Agoè-Nyivé,Avé,Maritime,0.24012115277820312
_mview_route_routes.fid--830921d_193db4998a0_76c0,Route nationale revêtue,TGRMRRRN5 LOME-AMOUZOU COPE,Avé,Avé,Maritime,2.9644419449322075
_mview_route_routes.fid--830921d_193db4998a0_76c1,Route nationale revêtue,TGRMRRRN5 LOME-AMOUZOU COPE,Avé,Avé,Maritime,0.7631262428002406
_mview_route_routes.fid--830921d_193db4998a0_76c2,Route nationale non revêtue,TGRPRTRN29 DEGOU(RN10)-KOLOKOPE-ANIE(RN1),Est-Mono,Est-Mono,Plateaux,3.022520986939502
_mview_route_routes.fid--830921d_193db4998a0_76c3,Route nationale revêtue,TGRMRRRN5 LOME-AMOUZOU COPE,Avé,Avé,Maritime,9.762177368571479
_mview_route_routes.fid--830921d_193db4998a0_76c4,Route nationale revêtue,TGRMRRRN5 LOME-AMOUZOU COPE,Avé,Avé,Maritime,8.188545348468454
_mview_route_routes.fid--830921d_193db4998a0_76c5,Route nationale revêtue,TGRMRRRN5 LOME-AMOUZOU COPE,Avé,Avé,Maritime,23.74531017235945
_mview_route_routes.fid--830921d_193db4998a0_76c6,Route nationale revêtue,TGRMRRRN5 LOME-AMOUZOU COPE,Agou,Agou,Plateaux,3.588877067126516
_mview_route_routes.fid--830921d_193db4998a0_76c6,Route nationale revêtue,TGRMRRRN5 LOME-AMOUZOU COPE,Agou,Avé,Maritime,0.09979257620249458
_mview_route_routes.fid--830921d_193db4998a0_76c7,Route nationale revêtue,TGRMRRRN34 LOME-VOGAN-ANFOIN,Golfe,Golfe,Maritime,0.3388964262320687
_mview_route_routes.fid--830921d_193db4998a0_76c8,Route nationale revêtue,TGRMRRRN34 LOME-VOGAN-ANFOIN,Golfe,Golfe,Maritime,3.661034224539483
_mview_route_routes.fid--830921d_193db4998a0_76c9,Route nationale revêtue,TGRMRRRN34 LOME-VOGAN-ANFOIN,Golfe,Golfe,Maritime,2.4587778022184
_mview_route_routes.fid--830921d_193db4998a0_76ca,Route nationale revêtue,TGRMRRRN34 LOME-VOGAN-ANFOIN,Golfe,Golfe,Maritime,0.012508345627000414
_mview_route_routes.fid--830921d_193db4998a0_76cb,Route nationale revêtue,TGRMRRRN34 LOME-VOGAN-ANFOIN,Golfe,Golfe,Maritime,3.65630834521497
_mview_route_routes.fid--830921d_193db4998a0_76cc,Route nationale revêtue,TGRMRRRN34 LOME-VOGAN-ANFOIN,Zio,Golfe,Maritime,0.0005709491266727508
_mview_route_routes.fid--830921d_193db4998a0_76cc,Route nationale revêtue,TGRMRRRN34 LOME-VOGAN-ANFOIN,Zio,Zio,Maritime,3.1588913811998727
_mview_route_routes.fid--830921d_193db4998a0_76cd,Route nationale revêtue,TGRMRRRN34 LOME-VOGAN-ANFOIN,Zio,Zio,Maritime,2.904039902937195
_mview_route_routes.fid--830921d_193db4998a0_76ce,Route nationale revêtue,TGRMRRRN34 LOME-VOGAN-ANFOIN,Zio,Zio,Maritime,8.736564916472588
_mview_route_routes.fid--830921d_193db4998a0_76cf,Route nationale non revêtue,TGRPRTRN29 DEGOU(RN10)-KOLOKOPE-ANIE(RN1),Est-Mono,Est-Mono,Plateaux,0.19954850790632195
_mview_route_routes.fid--830921d_193db4998a0_76d0,Route nationale revêtue,TGRMRRRN34 LOME-VOGAN-ANFOIN,Zio,Zio,Maritime,2.698708156898145
_mview_route_routes.fid--830921d_193db4998a0_76d1,Route nationale revêtue,TGRMRRRN34 LOME-VOGAN-ANFOIN,Vo,Vo,Maritime,12.288577529896394
_mview_route_routes.fid--830921d_193db4998a0_76d1,Route nationale revêtue,TGRMRRRN34 LOME-VOGAN-ANFOIN,Vo,Zio,Maritime,2.5645570565717793e-05
_mview_route_routes.fid--830921d_193db4998a0_76d2,Voirie urbaine,TGRMRRVR LOME GRD CONTOURNEMENT CHAUSSEE NORD,Agoè-Nyivé,Agoè-Nyivé,Maritime,4.316295081253611
_mview_route_routes.fid--830921d_193db4998a0_76d3,Route nationale revêtue,TGRMRRRN34 LOME-VOGAN-ANFOIN,Vo,Vo,Maritime,12.81157453763692
_mview_route_routes.fid--830921d_193db4998a0_76d4,Route nationale revêtue,TGRMRRRN34 LOME-VOGAN-ANFOIN,Vo,Lacs,Maritime,0.01070564199732903
_mview_route_routes.fid--830921d_193db4998a0_76d4,Route nationale revêtue,TGRMRRRN34 LOME-VOGAN-ANFOIN,Vo,Vo,Maritime,3.7591775498366995
_mview_route_routes.fid--830921d_193db4998a0_76d5,Route nationale revêtue,TGRMRRRN34 LOME-VOGAN-ANFOIN,Lacs,Lacs,Maritime,1.6323910282720544
_mview_route_routes.fid--830921d_193db4998a0_76d6,Route nationale non revêtue,TGRPRTRN10 NYAMASSILA(RN1)-KPESSI-FRE BENIN,Est-Mono,Est-Mono,Plateaux,2.0013503087732643
_mview_route_routes.fid--830921d_193db4998a0_76d7,Voirie urbaine,TGRMRRVR LOME GRD CONTOURNEMENT CHAUSSEE SUD,Golfe,Golfe,Maritime,4.6710757289561995
_mview_route_routes.fid--830921d_193db4998a0_76d8,Voirie urbaine,TGRMRRVR LOME GRD CONTOURNEMENT CHAUSSEE SUD,Golfe,Golfe,Maritime,3.5784843617580613
_mview_route_routes.fid--830921d_193db4998a0_76d9,Voirie urbaine,TGRMRRVR LOME GRD CONTOURNEMENT CHAUSSEE SUD,Golfe,Golfe,Maritime,0.4121671476960299
_mview_route_routes.fid--830921d_193db4998a0_76da,Voirie urbaine,TGRMRRVR LOME GRD CONTOURNEMENT CHAUSSEE SUD,Golfe,Agoè-Nyivé,Maritime,1.0910725195572981
_mview_route_routes.fid--830921d_193db4998a0_76da,Voirie urbaine,TGRMRRVR LOME GRD CONTOURNEMENT CHAUSSEE SUD,Golfe,Golfe,Maritime,0.003802479031469944
_mview_route_routes.fid--830921d_193db4998a0_76db,Route nationale non revêtue,TGRPRTRN10 NYAMASSILA(RN1)-KPESSI-FRE BENIN,Est-Mono,Est-Mono,Plateaux,0.6541989370811255
_mview_route_routes.fid--830921d_193db4998a0_76dc,Voirie urbaine,TGRPRT RUE ZONGO-STADE BADOU,Wawa,Wawa,Plateaux,0.2266985221181096
_mview_route_routes.fid--830921d_193db4998a0_76dd,Voirie urbaine,TGRMRRVR LOME GRD CONTOURNEMENT CHAUSSEE SUD,Agoè-Nyivé,Agoè-Nyivé,Maritime,9.391699165724905
_mview_route_routes.fid--830921d_193db4998a0_76de,Voirie urbaine,TGRMRRVR LOME GRD CONTOURNEMENT CHAUSSEE SUD,Agoè-Nyivé,Agoè-Nyivé,Maritime,4.300158703037296
_mview_route_routes.fid--830921d_193db4998a0_76df,Route nationale revêtue,TGRMRRVR LOME GRD CONTOURNEMENT CHAUSSEE SUD,Agoè-Nyivé,Agoè-Nyivé,Maritime,3.5726157380258026
_mview_route_routes.fid--830921d_193db4998a0_76e0,Voirie urbaine,TGRMRRVR LOME GRD CONTOURNEMENT CHAUSSEE SUD,Avé,Agoè-Nyivé,Maritime,1.2601535746238259e-07
_mview_route_routes.fid--830921d_193db4998a0_76e0,Voirie urbaine,TGRMRRVR LOME GRD CONTOURNEMENT CHAUSSEE SUD,Avé,Avé,Maritime,7.734693972138949
_mview_route_routes.fid--830921d_193db4998a0_76e0,Voirie urbaine,TGRMRRVR LOME GRD CONTOURNEMENT CHAUSSEE SUD,Avé,Zio,Maritime,0.33818134967312613
_mview_route_routes.fid--830921d_193db4998a0_76e1,Route nationale non revêtue,TGRPRTRN10 NYAMASSILA(RN1)-KPESSI-FRE BENIN,Est-Mono,Est-Mono,Plateaux,3.3311698164592474
_mview_route_routes.fid--830921d_193db4998a0_76e2,Voirie urbaine,TGRMRRVR LOME GRD CONTOURNEMENT CHAUSSEE NORD,Golfe,Golfe,Maritime,4.685789643123089
_mview_route_routes.fid--830921d_193db4998a0_76e3,Voirie urbaine,TGRMRRVR LOME GRD CONTOURNEMENT CHAUSSEE NORD,Golfe,Agoè-Nyivé,Maritime,1.0819147692585824
_mview_route_routes.fid--830921d_193db4998a0_76e3,Voirie urbaine,TGRMRRVR LOME GRD CONTOURNEMENT CHAUSSEE NORD,Golfe,Golfe,Maritime,3.988448701415741
_mview_route_routes.fid--830921d_193db4998a0_76e4,Voirie urbaine,TGRMRRVR LOME GRD CONTOURNEMENT CHAUSSEE NORD,Agoè-Nyivé,Agoè-Nyivé,Maritime,9.392973436977712
_mview_route_routes.fid--830921d_193db4998a0_76e5,Route nationale revêtue,TGRMRRVR LOME GRD CONTOURNEMENT CHAUSSEE NORD,Agoè-Nyivé,Agoè-Nyivé,Maritime,3.552490379537373
_mview_route_routes.fid--830921d_193db4998a0_76e6,Voirie urbaine,TGRMRRVR LOME GRD CONTOURNEMENT CHAUSSEE NORD,Avé,Agoè-Nyivé,Maritime,7.686599568214651e-08
_mview_route_routes.fid--830921d_193db4998a0_76e6,Voirie urbaine,TGRMRRVR LOME GRD CONTOURNEMENT CHAUSSEE NORD,Avé,Avé,Maritime,7.043869519357836
_mview_route_routes.fid--830921d_193db4998a0_76e6,Voirie urbaine,TGRMRRVR LOME GRD CONTOURNEMENT CHAUSSEE NORD,Avé,Zio,Maritime,0.3555028176343462
_mview_route_routes.fid--830921d_193db4998a0_76e7,Voirie urbaine,TGRMRRVR LOME GRD CONTOURNEMENT CHAUSSEE NORD,Avé,Avé,Maritime,0.7225278619251511
_mview_route_routes.fid--830921d_193db4998a0_76e8,Route nationale non revêtue,TGRPRTRN10 NYAMASSILA(RN1)-KPESSI-FRE BENIN,Est-Mono,Est-Mono,Plateaux,0.27548442267267503
_mview_route_routes.fid--830921d_193db4998a0_76e9,Route nationale non revêtue,TGRPRTRN10 NYAMASSILA(RN1)-KPESSI-FRE BENIN,Est-Mono,Est-Mono,Plateaux,0.5665446354874356
_mview_route_routes.fid--830921d_193db4998a0_76ea,Route nationale non revêtue,TGRPRTRN10 NYAMASSILA(RN1)-KPESSI-FRE BENIN,Est-Mono,Est-Mono,Plateaux,1.018694852561123
_mview_route_routes.fid--830921d_193db4998a0_76eb,Route nationale non revêtue,TGRPRTRN10 NYAMASSILA(RN1)-KPESSI-FRE BENIN,Est-Mono,Est-Mono,Plateaux,0.37922393206123545
_mview_route_routes.fid--830921d_193db4998a0_76ec,Route nationale non revêtue,TGRPRTRN10 NYAMASSILA(RN1)-KPESSI-FRE BENIN,Est-Mono,Est-Mono,Plateaux,0.5518548041846115
_mview_route_routes.fid--830921d_193db4998a0_76ed,Route nationale non revêtue,TGRPRTRN10 NYAMASSILA(RN1)-KPESSI-FRE BENIN,Est-Mono,Est-Mono,Plateaux,0.22591675877141515
_mview_route_routes.fid--830921d_193db4998a0_76ee,Route nationale non revêtue,TGRPRTRN29 DEGOU(RN10)-KOLOKOPE-ANIE(RN1),Est-Mono,Est-Mono,Plateaux,1.0569846192260035
_mview_route_routes.fid--830921d_193db4998a0_76ef,Route nationale non revêtue,TGRPRTRN10 NYAMASSILA(RN1)-KPESSI-FRE BENIN,Blitta,Blitta,Centrale,0.22288988286114067
_mview_route_routes.fid--830921d_193db4998a0_76ef,Route nationale non revêtue,TGRPRTRN10 NYAMASSILA(RN1)-KPESSI-FRE BENIN,Blitta,Est-Mono,Plateaux,6.565871691101674
_mview_route_routes.fid--830921d_193db4998a0_76f0,Route nationale non revêtue,TGRPRTRN10 NYAMASSILA(RN1)-KPESSI-FRE BENIN,Est-Mono,Est-Mono,Plateaux,0.8478536511796595
_mview_route_routes.fid--830921d_193db4998a0_76f1,Route nationale non revêtue,TGRPRTRN10 NYAMASSILA(RN1)-KPESSI-FRE BENIN,Est-Mono,Est-Mono,Plateaux,0.8789014932765963
_mview_route_routes.fid--830921d_193db4998a0_76f2,Route nationale non revêtue,TGRPRTRN29 DEGOU(RN10)-KOLOKOPE-ANIE(RN1),Est-Mono,Est-Mono,Plateaux,0.05936523192213782
_mview_route_routes.fid--830921d_193db4998a0_76f3,Route nationale non revêtue,TGRPRTRN10 NYAMASSILA(RN1)-KPESSI-FRE BENIN,Est-Mono,Est-Mono,Plateaux,1.611954629831969
_mview_route_routes.fid--830921d_193db4998a0_76f4,Route nationale non revêtue,TGRPRTRN10 NYAMASSILA(RN1)-KPESSI-FRE BENIN,Est-Mono,Est-Mono,Plateaux,15.723660591167238
_mview_route_routes.fid--830921d_193db4998a0_76f5,Route nationale non revêtue,TGRPRTRN10 NYAMASSILA(RN1)-KPESSI-FRE BENIN,Est-Mono,Est-Mono,Plateaux,0.611972499196909
_mview_route_routes.fid--830921d_193db4998a0_76f6,Route nationale non revêtue,TGRPRTRN10 NYAMASSILA(RN1)-KPESSI-FRE BENIN,Est-Mono,Est-Mono,Plateaux,4.211174275025037
_mview_route_routes.fid--830921d_193db4998a0_76f7,Route nationale non revêtue,TGRPRTRN10 NYAMASSILA(RN1)-KPESSI-FRE BENIN,Est-Mono,Est-Mono,Plateaux,4.680359273238186
_mview_route_routes.fid--830921d_193db4998a0_76f8,Route nationale non revêtue,TGRPRTRN29 DEGOU(RN10)-KOLOKOPE-ANIE(RN1),Est-Mono,Est-Mono,Plateaux,2.6620403136885487
_mview_route_routes.fid--830921d_193db4998a0_76f9,Route nationale non revêtue,TGRPRTRN29 DEGOU(RN10)-KOLOKOPE-ANIE(RN1),Est-Mono,Est-Mono,Plateaux,0.42617896213332584
_mview_route_routes.fid--830921d_193db4998a0_76fa,Route nationale non revêtue,TGRPRTRN29 DEGOU(RN10)-KOLOKOPE-ANIE(RN1),Est-Mono,Est-Mono,Plateaux,1.725752267381999
_mview_route_routes.fid--830921d_193db4998a0_76fb,Route nationale non revêtue,TGRPRTRN29 DEGOU(RN10)-KOLOKOPE-ANIE(RN1),Est-Mono,Est-Mono,Plateaux,3.6299957803039904
_mview_route_routes.fid--830921d_193db4998a0_76fc,Route nationale non revêtue,TGRPRTRN29 DEGOU(RN10)-KOLOKOPE-ANIE(RN1),Est-Mono,Est-Mono,Plateaux,0.34608782546906797
_mview_route_routes.fid--830921d_193db4998a0_76fd,Route nationale non revêtue,TGRPRTRN10 NYAMASSILA(RN1)-KPESSI-FRE BENIN,Est-Mono,Est-Mono,Plateaux,3.085875404415109
_mview_route_routes.fid--830921d_193db4998a0_76fe,Route nationale revêtue,TGRPRRRN1 AMAKPAPE-ATAKPAME-BABAME_1,Est-Mono,Est-Mono,Plateaux,0.4439682057819052
_mview_route_routes.fid--830921d_193db4998a0_76ff,Voirie urbaine,TGRPRR ALIMONDJI(RN1)-ELAVAGNON,Est-Mono,Est-Mono,Plateaux,11.188094839591374
_mview_route_routes.fid--830921d_193db4998a0_7700,Route nationale non revêtue,TGRPRTRN29 DEGOU(RN10)-KOLOKOPE-ANIE(RN1),Est-Mono,Est-Mono,Plateaux,0.6740992480618656
_mview_route_routes.fid--830921d_193db4998a0_7701,Route nationale non revêtue,TGRPRTRN29 DEGOU(RN10)-KOLOKOPE-ANIE(RN1),Est-Mono,Est-Mono,Plateaux,0.3399686482757888
_mview_route_routes.fid--830921d_193db4998a0_7702,Route nationale non revêtue,TGRPRTRN29 DEGOU(RN10)-KOLOKOPE-ANIE(RN1),Est-Mono,Est-Mono,Plateaux,2.0190429207614526
_mview_route_routes.fid--830921d_193db4998a0_7703,Route nationale non revêtue,TGRPRTRN29 DEGOU(RN10)-KOLOKOPE-ANIE(RN1),Est-Mono,Est-Mono,Plateaux,0.5034228592823236
_mview_route_routes.fid--830921d_193db4998a0_7704,Route nationale non revêtue,TGRPRTRN29 DEGOU(RN10)-KOLOKOPE-ANIE(RN1),Est-Mono,Est-Mono,Plateaux,3.9429052728897243
_mview_route_routes.fid--830921d_193db4998a0_7705,Route nationale non revêtue,TGRPRTRN29 DEGOU(RN10)-KOLOKOPE-ANIE(RN1),Est-Mono,Est-Mono,Plateaux,0.24180948082004206
_mview_route_routes.fid--830921d_193db4998a0_7706,Route nationale non revêtue,TGRPRTRN29 DEGOU(RN10)-KOLOKOPE-ANIE(RN1),Est-Mono,Est-Mono,Plateaux,5.3642269028620735
_mview_route_routes.fid--830921d_193db4998a0_7707,Route nationale non revêtue,TGRKRTRN18 NIAMTOUGOU-KOUMEA-FARINDE-TCHIKAWA-RN20,Doufelgou,Doufelgou,Kara,3.095635688265942
_mview_route_routes.fid--830921d_193db4998a0_7708,Route nationale non revêtue,TGRKRTRN18 NIAMTOUGOU-KOUMEA-FARINDE-TCHIKAWA-RN20,Doufelgou,Doufelgou,Kara,4.982459158311011
_mview_route_routes.fid--830921d_193db4998a0_7709,Route nationale non revêtue,TGRPRTRN29 DEGOU(RN10)-KOLOKOPE-ANIE(RN1),Anié,Anié,Plateaux,3.836355104807279
_mview_route_routes.fid--830921d_193db4998a0_7709,Route nationale non revêtue,TGRPRTRN29 DEGOU(RN10)-KOLOKOPE-ANIE(RN1),Anié,Est-Mono,Plateaux,2.593171793463952
_mview_route_routes.fid--830921d_193db4998a0_770a,Route nationale non revêtue,TGRPRTRN29 DEGOU(RN10)-KOLOKOPE-ANIE(RN1),Anié,Anié,Plateaux,9.860370282640448
_mview_route_routes.fid--830921d_193db4998a0_770b,Route nationale non revêtue,TGRPRTRN29 DEGOU(RN10)-KOLOKOPE-ANIE(RN1),Anié,Anié,Plateaux,0.05201191913354802
_mview_route_routes.fid--830921d_193db4998a0_770c,Piste rurale,TGRKRT KOUMEA-SIOU,Doufelgou,Doufelgou,Kara,0.7178635744453272
_mview_route_routes.fid--830921d_193db4998a0_770d,Piste rurale,TGRKRT KOUMEA-SIOU,Doufelgou,Doufelgou,Kara,4.236551266035143
_mview_route_routes.fid--830921d_193db4998a0_770e,Piste rurale,TGRKRT KOUMEA-SIOU,Doufelgou,Doufelgou,Kara,3.0139309010305
_mview_route_routes.fid--830921d_193db4998a0_770f,Route nationale non revêtue,TGRKRTRN18 NIAMTOUGOU-KOUMEA-FARINDE-TCHIKAWA-RN20,Kozah,Doufelgou,Kara,1.5279342224309072
_mview_route_routes.fid--830921d_193db4998a0_770f,Route nationale non revêtue,TGRKRTRN18 NIAMTOUGOU-KOUMEA-FARINDE-TCHIKAWA-RN20,Kozah,Kozah,Kara,0.238067368004341
_mview_route_routes.fid--830921d_193db4998a0_7710,Route nationale non revêtue,TGRKRTRN18 NIAMTOUGOU-KOUMEA-FARINDE-TCHIKAWA-RN20,Kozah,Kozah,Kara,1.5658938158676112
_mview_route_routes.fid--830921d_193db4998a0_7711,Route nationale non revêtue,TGRKRTRN18 NIAMTOUGOU-KOUMEA-FARINDE-TCHIKAWA-RN20,Kozah,Kozah,Kara,1.7149868687802874
_mview_route_routes.fid--830921d_193db4998a0_7712,Voirie urbaine,TGRCVRTCHAMBA BRETELLE CAREF COMMISSARIAT-RUE DE L ANCIEN MARCHE,Tchamba,Tchamba,Centrale,0.2654671536731902
_mview_route_routes.fid--830921d_193db4998a0_7713,Voirie urbaine,TGRCVRTCHAMBA RN 14 (COMMISSARIAT)-ANCIEN MARCHE,Tchamba,Tchamba,Centrale,0.7502106421217754
_mview_route_routes.fid--830921d_193db4998a0_7714,Route nationale revêtue,TGRCRRRRN17 SOKODE-MALFAKASSA,Tchaoudjo,Tchaoudjo,Centrale,0.577906616570282
_mview_route_routes.fid--830921d_193db4998a0_7715,Route nationale revêtue,TGRKRRRN1 BRETELLE DE DEFALE,Doufelgou,Doufelgou,Kara,5.216503033879755
_mview_route_routes.fid--830921d_193db4998a0_7716,Route nationale revêtue,TGRKRRRN1 BRETELLE DE DEFALE,Kéran,Doufelgou,Kara,0.6211150370094346
_mview_route_routes.fid--830921d_193db4998a0_7716,Route nationale revêtue,TGRKRRRN1 BRETELLE DE DEFALE,Kéran,Kéran,Kara,0.26326021229959595
_mview_route_routes.fid--830921d_193db4998a0_7717,Voirie urbaine,TGRCVRBLITTA BLITTA GARE (EGLISE CATHO)-RN1,Blitta,Blitta,Centrale,2.523349502011601
_mview_route_routes.fid--830921d_193db4998a0_7718,Voirie urbaine,TGRMVRA CRF RN3-BRETELLE-PONT APOUNOUKPA,Lacs,Lacs,Maritime,1.0828390991289631
_mview_route_routes.fid--830921d_193db4998a0_7719,Voirie urbaine,TGRMVR ANEHO RN4-RN2,Lacs,Lacs,Maritime,0.4629634322012139
_mview_route_routes.fid--830921d_193db4998a0_771a,Voirie urbaine,TGRMVTA RN3-CIMETIERE DEGBENOU,Lacs,Lacs,Maritime,0.48222911574754845
_mview_route_routes.fid--830921d_193db4998a0_771a,Voirie urbaine,TGRMVTA RN3-CIMETIERE DEGBENOU,Lacs,Vo,Maritime,0.04555625338496337
_mview_route_routes.fid--830921d_193db4998a0_771b,Route nationale revêtue,TGRKRRRN17 BRETELLE KATCHAMBA,Dankpen,Dankpen,Kara,6.0641552414432995
_mview_route_routes.fid--830921d_193db4998a0_771c,Route nationale non revêtue,TGRSRTRN26 RN1 CINKASSE-FRE GHANA,Cinkassé,Cinkassé,Savanes,2.789107403657752
_mview_route_routes.fid--830921d_193db4998a0_771d,Voirie urbaine,TGRCVRBLITTA BLITTA GARE (EGLISE CATHO)-RN1,Blitta,Blitta,Centrale,1.171954090954495
_mview_route_routes.fid--830921d_193db4998a0_771e,Voirie urbaine,TGRCVRBLITTA BLITTA GARE (EGLISE CATHO)-RN1,Blitta,Blitta,Centrale,1.1340338472981253
_mview_route_routes.fid--830921d_193db4998a0_771f,Voirie urbaine,TGRCVRTCHAMBA RN 14 (COMMISSARIAT)-ANCIEN MARCHE,Tchamba,Tchamba,Centrale,0.3221558833255039
_mview_route_routes.fid--830921d_193db4998a0_7720,Voirie urbaine,TGRPRR RUE CARREFOUR TOTAL-GARE ROUTIERE 2 BADOU,Wawa,Wawa,Plateaux,0.12347730491985852
_mview_route_routes.fid--830921d_193db4998a0_7721,Route nationale revêtue,TGRSVRCINKASSEE BRETELLEE DE CINKASSE,Cinkassé,Cinkassé,Savanes,4.424832350876969
_mview_route_routes.fid--830921d_193db4998a0_7722,Voirie urbaine,TGRSVRCINKASSEE BRETELLEE DE CINKASSE,Tône,Tône,Savanes,0.9683661787950686
_mview_route_routes.fid--830921d_193db4998a0_7723,Voirie urbaine,TGRPVT BEME KPELI-VEGO,Kpélé,Kpélé,Plateaux,0.2517052145256075
_mview_route_routes.fid--830921d_193db4998a0_7724,Route nationale non revêtue,TGRSRTRN41 RN1 MANGO-BORGOU,Oti,Oti,Savanes,5.963645284246379
_mview_route_routes.fid--830921d_193db4998a0_7725,Voirie urbaine,TGRPRT RUE CARREFOUR TOTAL-GARE ROUTIERE 1 BADOU,Wawa,Wawa,Plateaux,0.0935114848550135
_mview_route_routes.fid--830921d_193db4998a0_7726,Route nationale revêtue,TGRMRRRN1 DAVIE-GOLF CLUB,Zio,Agoè-Nyivé,Maritime,0.00010034471182340145
_mview_route_routes.fid--830921d_193db4998a0_7726,Route nationale revêtue,TGRMRRRN1 DAVIE-GOLF CLUB,Zio,Zio,Maritime,1.9364280077156095
_mview_route_routes.fid--830921d_193db4998a0_7727,Route nationale revêtue,TGRMRRRN1 DAVIE-GOLF CLUB,Agoè-Nyivé,Agoè-Nyivé,Maritime,8.504643076899523
_mview_route_routes.fid--830921d_193db4998a0_7728,Route nationale non revêtue,TGRPRRRN30A DZOGBEGAN-DANYI ELAVAGNON,Danyi,Danyi,Plateaux,2.5320318134493545
_mview_route_routes.fid--830921d_193db4998a0_7729,Route nationale non revêtue,TGRPRRRN30A DZOGBEGAN-DANYI ELAVAGNON,Danyi,Danyi,Plateaux,0.8362960153386805
_mview_route_routes.fid--830921d_193db4998a0_772a,Route nationale non revêtue,TGRKRTRN38 RN1 BAFILO-DAKO-RN17 BASSAR,Assoli,Assoli,Kara,5.478369352047653
_mview_route_routes.fid--830921d_193db4998a0_772b,Route nationale non revêtue,TGRPRRRN30A DZOGBEGAN-DANYI ELAVAGNON,Danyi,Danyi,Plateaux,3.69734975433858
_mview_route_routes.fid--830921d_193db4998a0_772c,Route nationale non revêtue,TGRPRRRN30A DZOGBEGAN-DANYI ELAVAGNON,Danyi,Danyi,Plateaux,0.37965285349440564
_mview_route_routes.fid--830921d_193db4998a0_772d,Route nationale non revêtue,TGRPRRRN30A DZOGBEGAN-DANYI ELAVAGNON,Danyi,Danyi,Plateaux,0.3253738730183866
_mview_route_routes.fid--830921d_193db4998a0_772e,Voirie urbaine,TGRKVR KARA CAP ANCIEN MARCHE-RN1 SHELL1,Kozah,Kozah,Kara,0.1909618289918532
_mview_route_routes.fid--830921d_193db4998a0_772f,Voirie urbaine,TGRKVT KARA RUE DE 28 LYCEE SCIENTIFIQUE SCILL,Kozah,Kozah,Kara,0.6909810875916352
_mview_route_routes.fid--830921d_193db4998a0_7730,Route nationale non revêtue,TGRSRTRN41 RN1 MANGO-BORGOU,Oti,Oti,Savanes,20.53005503038224
_mview_route_routes.fid--830921d_193db4998a0_7731,Route nationale non revêtue,TGRSRTRN41 RN1 MANGO-BORGOU,Oti,Kpendjal,Savanes,0.7844932876665328
_mview_route_routes.fid--830921d_193db4998a0_7731,Route nationale non revêtue,TGRSRTRN41 RN1 MANGO-BORGOU,Oti,Oti,Savanes,10.717872993698643
_mview_route_routes.fid--830921d_193db4998a0_7732,Route nationale non revêtue,TGRSRTRN41 RN1 MANGO-BORGOU,Kpendjal,Kpendjal,Savanes,7.730653913350644
_mview_route_routes.fid--830921d_193db4998a0_7733,Route nationale non revêtue,TGRKRTRN38 RN1 BAFILO-DAKO-RN17 BASSAR,Assoli,Assoli,Kara,1.3047388944546692
_mview_route_routes.fid--830921d_193db4998a0_7734,Route nationale non revêtue,TGRKRTRN38 RN1 BAFILO-DAKO-RN17 BASSAR,Assoli,Assoli,Kara,2.81067880254586
_mview_route_routes.fid--830921d_193db4998a0_7735,Voirie urbaine,TGRKVT KARA RUE DE 50 LEZIYO COMMISSARIAT ADABAWERE CARREF LYCEE DONGOYO,Kozah,Kozah,Kara,0.4846060739380368
_mview_route_routes.fid--830921d_193db4998a0_7736,Route nationale non revêtue,TGRKRTRN38 RN1 BAFILO-DAKO-RN17 BASSAR,Assoli,Assoli,Kara,3.542419714474832
_mview_route_routes.fid--830921d_193db4998a0_7737,Route nationale non revêtue,TGRKRTRN38 RN1 BAFILO-DAKO-RN17 BASSAR,Assoli,Assoli,Kara,4.547511795887067
_mview_route_routes.fid--830921d_193db4998a0_7738,Route nationale non revêtue,TGRKRTRN38 RN1 BAFILO-DAKO-RN17 BASSAR,Assoli,Assoli,Kara,6.376292824449665
_mview_route_routes.fid--830921d_193db4998a0_7739,Route nationale non revêtue,TGRKRTRN38 RN1 BAFILO-DAKO-RN17 BASSAR,Assoli,Assoli,Kara,3.3063975181663627
_mview_route_routes.fid--830921d_193db4998a0_7739,Route nationale non revêtue,TGRKRTRN38 RN1 BAFILO-DAKO-RN17 BASSAR,Assoli,Bassar,Kara,0.1390270968450302
_mview_route_routes.fid--830921d_193db4998a0_773a,Route nationale non revêtue,TGRKRTRN38 RN1 BAFILO-DAKO-RN17 BASSAR,Bassar,Assoli,Kara,0.05580446366846136
_mview_route_routes.fid--830921d_193db4998a0_773a,Route nationale non revêtue,TGRKRTRN38 RN1 BAFILO-DAKO-RN17 BASSAR,Bassar,Bassar,Kara,24.63960076272687
_mview_route_routes.fid--830921d_193db4998a0_773b,Piste rurale,TGRPPISTE BEME-TSIKO,Kpélé,Kpélé,Plateaux,2.5853435710216335
_mview_route_routes.fid--830921d_193db4998a0_773c,Piste rurale,TGRPPISTE BEME-TSIKO,Kpélé,Kpélé,Plateaux,0.7214159968400392
_mview_route_routes.fid--830921d_193db4998a0_773d,Voirie urbaine,TGRPRR ROUTE CAMPEMENT,Kloto,Kloto,Plateaux,0.6870960421911823
_mview_route_routes.fid--830921d_193db4998a0_773e,Route nationale revêtue,TGRKRRRN16 RN1 KARA-KETAO-KEMERIDA-FRE BENIN,Kozah,Kozah,Kara,0.4953067567330255
_mview_route_routes.fid--830921d_193db4998a0_773f,Voirie urbaine,TGRPRR ROUTE CAMPEMENT,Kloto,Kloto,Plateaux,0.542491056810929
_mview_route_routes.fid--830921d_193db4998a0_7740,Voirie urbaine,TGRPRR RUE 1016 BTCI EGLISE CATHOLIQUE STE FAMILLE,Ogou,Ogou,Plateaux,0.36946531537987687
_mview_route_routes.fid--830921d_193db4998a0_7741,Voirie urbaine,TGRPRT EPP AGBONOU CEET-EGLISE CATHOLIQUE SAINT JEAN PAUL II,Ogou,Ogou,Plateaux,1.226948513482457
_mview_route_routes.fid--830921d_193db4998a0_7742,Route nationale revêtue,TGRKRTRN17 MALFAKASSA-BASSAR-KABOU-GUERIN KOUKA-KATCHAMBA_4,Dankpen,Dankpen,Kara,1.3045096736579562
_mview_route_routes.fid--830921d_193db4998a0_7743,Route nationale revêtue,TGRKRTRN17 MALFAKASSA-BASSAR-KABOU-GUERIN KOUKA-KATCHAMBA_4,Dankpen,Dankpen,Kara,0.35420724577314894
_mview_route_routes.fid--830921d_193db4998a0_7743,Route nationale revêtue,TGRKRTRN17 MALFAKASSA-BASSAR-KABOU-GUERIN KOUKA-KATCHAMBA_4,Dankpen,Oti-Sud,Savanes,0.40518314209638406
_mview_route_routes.fid--830921d_193db4998a0_7744,Voirie urbaine,TGRPRT RUE CARREFOUR TOTAL GARE ROUTIERE 3 BADOU,Wawa,Wawa,Plateaux,0.5126740425711289
_mview_route_routes.fid--830921d_193db4998a0_7745,Route nationale non revêtue,TGRMRTRN35 AKOUMAKPE-TCHEKPO,Vo,Vo,Maritime,11.070777205305673
_mview_route_routes.fid--830921d_193db4998a0_7746,Route nationale non revêtue,TGRMRTRN35 AKOUMAKPE-TCHEKPO,Yoto,Vo,Maritime,0.2965342941764925
_mview_route_routes.fid--830921d_193db4998a0_7746,Route nationale non revêtue,TGRMRTRN35 AKOUMAKPE-TCHEKPO,Yoto,Yoto,Maritime,8.80816457700468
_mview_route_routes.fid--830921d_193db4998a0_7747,Voirie urbaine,TGRPRT RUE STADE-LOM NAVA BADOU,Wawa,Wawa,Plateaux,0.20728606832509336
_mview_route_routes.fid--830921d_193db4998a0_7748,Route nationale revêtue,TGRSRRRN24 RN1 DAPAONG BORGOU-MANDOURI-FRE BENIN_2,Tône,Tône,Savanes,9.644024189021868
_mview_route_routes.fid--830921d_193db4998a0_7749,Route nationale revêtue,TGRSRRRN24 RN1 DAPAONG BORGOU-MANDOURI-FRE BENIN_2,Tône,Kpendjal-Ouest,Savanes,1.0503908584168744
_mview_route_routes.fid--830921d_193db4998a0_7749,Route nationale revêtue,TGRSRRRN24 RN1 DAPAONG BORGOU-MANDOURI-FRE BENIN_2,Tône,Tône,Savanes,12.758876386692114
_mview_route_routes.fid--830921d_193db4998a0_774a,Route nationale revêtue,TGRMRRRN1 DAVIE-GOLF CLUB,Agoè-Nyivé,Agoè-Nyivé,Maritime,3.5671954945995674
_mview_route_routes.fid--830921d_193db4998a0_774b,Route nationale revêtue,TGRSRRRN24 RN1 DAPAONG BORGOU-MANDOURI-FRE BENIN_2,Kpendjal-Ouest,Kpendjal-Ouest,Savanes,7.272617285010409
_mview_route_routes.fid--830921d_193db4998a0_774c,Voirie urbaine,TGRSVRDAPAONG KONKOIRE-ECOLE CENTRALE,Tône,Tône,Savanes,1.236546977841121
_mview_route_routes.fid--830921d_193db4998a0_774d,Voirie urbaine,TGRSVR DAPAONG ZONGO-CAREFOUR Y,Tône,Tône,Savanes,0.71365335440335
_mview_route_routes.fid--830921d_193db4998a0_774e,Voirie urbaine,TGRSVR DAPAONG RN1-ZONGO-ANCIENNE DOUANE,Tône,Tône,Savanes,1.1235838895898962
_mview_route_routes.fid--830921d_193db4998a0_774f,Route nationale revêtue,TGRSRTRN17 KATCHAMBA-SADORI RN1,Oti-Sud,Oti-Sud,Savanes,14.952420334747517
_mview_route_routes.fid--830921d_193db4998a0_7750,Voirie urbaine,TGRSVR CARNAVAL CEG NASSABLE 1,Tône,Tône,Savanes,1.1512365071054333
_mview_route_routes.fid--830921d_193db4998a0_7751,Route nationale non revêtue,TGRSRTRN17 KATCHAMBA-SADORI RN1,Oti-Sud,Oti-Sud,Savanes,24.669069118109327
_mview_route_routes.fid--830921d_193db4998a0_7752,Route nationale revêtue,TGRSRTRN17 KATCHAMBA-SADORI RN1,Oti-Sud,Oti-Sud,Savanes,4.879783395815356
_mview_route_routes.fid--830921d_193db4998a0_7753,Route nationale non revêtue,TGRSRTRN17 KATCHAMBA-SADORI RN1,Oti,Oti,Savanes,10.251095233582884
_mview_route_routes.fid--830921d_193db4998a0_7753,Route nationale non revêtue,TGRSRTRN17 KATCHAMBA-SADORI RN1,Oti,Oti-Sud,Savanes,0.9197452024185545
_mview_route_routes.fid--830921d_193db4998a0_7754,Route nationale revêtue,TGRKRRRN1 BRETELLE DE BAFILO,Assoli,Assoli,Kara,5.347403677344968
_mview_route_routes.fid--830921d_193db4998a0_7755,Route nationale revêtue,TGRKRRRN1 BRETELLE DE BAFILO,Assoli,Assoli,Kara,1.2108830841623632
_mview_route_routes.fid--830921d_193db4998a0_7756,Voirie urbaine,TGRKVRNIAMTOUG ROND POINT MARCHE-RN1,Doufelgou,Doufelgou,Kara,0.21799354568851073
_mview_route_routes.fid--830921d_193db4998a0_7757,Voirie urbaine,TGRPRR RUES DOULASSAME,Ogou,Ogou,Plateaux,0.19208714471607835
_mview_route_routes.fid--830921d_193db4998a0_7758,Voirie urbaine,TGRPRR RUES DOULASSAME,Ogou,Amou,Plateaux,0.038540481546926804
_mview_route_routes.fid--830921d_193db4998a0_7758,Voirie urbaine,TGRPRR RUES DOULASSAME,Ogou,Ogou,Plateaux,0.15867796325982678
_mview_route_routes.fid--830921d_193db4998a0_7759,Voirie urbaine,TGRPRR RUES DOULASSAME,Ogou,Ogou,Plateaux,0.20734787319731068
_mview_route_routes.fid--830921d_193db4998a0_775a,Voirie urbaine,TGRPRR RUES DOULASSAME,Ogou,Amou,Plateaux,0.18968998960907732
_mview_route_routes.fid--830921d_193db4998a0_775a,Voirie urbaine,TGRPRR RUES DOULASSAME,Ogou,Ogou,Plateaux,0.14428318126272766
_mview_route_routes.fid--830921d_193db4998a0_775b,Voirie urbaine,TGRPRR RUES DOULASSAME,Ogou,Ogou,Plateaux,0.06118141236022874
_mview_route_routes.fid--830921d_193db4998a0_775c,Voirie urbaine,TGRPRR RUES DOULASSAME,Ogou,Amou,Plateaux,0.025167049461131092
_mview_route_routes.fid--830921d_193db4998a0_775c,Voirie urbaine,TGRPRR RUES DOULASSAME,Ogou,Ogou,Plateaux,0.18458521040767484
_mview_route_routes.fid--830921d_193db4998a0_775d,Voirie urbaine,TGRPRR RUES DOULASSAME,Ogou,Ogou,Plateaux,0.12615738068744792
_mview_route_routes.fid--830921d_193db4998a0_775e,Voirie urbaine,TGRPRR RUES DOULASSAME,Ogou,Amou,Plateaux,0.020175457970969243
_mview_route_routes.fid--830921d_193db4998a0_775e,Voirie urbaine,TGRPRR RUES DOULASSAME,Ogou,Ogou,Plateaux,0.17955199003702882
_mview_route_routes.fid--830921d_193db4998a0_775f,Voirie urbaine,TGRCVRTCHAMBA BRETELLE RUE MISSION CATHOLIQUE-RUE ANCIEN MARCHE,Tchamba,Tchamba,Centrale,0.1445612560556211
_mview_route_routes.fid--830921d_193db4998a0_7760,Route nationale revêtue,TGRMRRRN2/3 ANEHO SANVEE CONDJI CHAUSSE SUD,Lacs,Lacs,Maritime,4.263347110691394
_mview_route_routes.fid--830921d_193db4998a0_7761,Voirie urbaine,TGRMVR ANEHO RN2-YESUVITO,Lacs,Lacs,Maritime,0.914632851416878
_mview_route_routes.fid--830921d_193db4998a0_7762,Route nationale revêtue,TGRCRRRRN17 SOKODE-MALFAKASSA,Tchaoudjo,Tchaoudjo,Centrale,2.821275105258579
_mview_route_routes.fid--830921d_193db4998a0_7763,Route nationale revêtue,TGRCRRRRN17 SOKODE-MALFAKASSA,Tchaoudjo,Tchaoudjo,Centrale,2.339721372938144
_mview_route_routes.fid--830921d_193db4998a0_7764,Voirie urbaine,TGRPRR RUE GBEKON-TOTAL (POSTE),Ogou,Amou,Plateaux,3.4636103390988198
_mview_route_routes.fid--830921d_193db4998a0_7764,Voirie urbaine,TGRPRR RUE GBEKON-TOTAL (POSTE),Ogou,Ogou,Plateaux,1.6505122407411763
_mview_route_routes.fid--830921d_193db4998a0_7765,Route nationale non revêtue,TGRPRRRN15A BADOU-REVIERE WAWA (FRE GHANA),Wawa,Wawa,Plateaux,2.107231273680331
_mview_route_routes.fid--830921d_193db4998a0_7766,Voirie urbaine,TGRPRT RUE DU CEG BADOU,Wawa,Wawa,Plateaux,0.2351412953971067
_mview_route_routes.fid--830921d_193db4998a0_7767,Route nationale revêtue,TGRKRRRN16 RN1 KARA-KETAO-KEMERIDA-FRE BENIN,Binah,Binah,Kara,1.5207215010778659
_mview_route_routes.fid--830921d_193db4998a0_7768,Route nationale revêtue,TGRCRRRRN17 SOKODE-MALFAKASSA,Tchaoudjo,Tchaoudjo,Centrale,10.220863369086864
_mview_route_routes.fid--830921d_193db4998a0_7769,Route nationale revêtue,TGRCRRRRN17 SOKODE-MALFAKASSA,Tchaoudjo,Tchaoudjo,Centrale,4.5469640462659395
_mview_route_routes.fid--830921d_193db4998a0_776a,Route nationale revêtue,TGRCRRRRN17 SOKODE-MALFAKASSA,Bassar,Bassar,Kara,1.6044336946971751
_mview_route_routes.fid--830921d_193db4998a0_776b,Voirie urbaine,TGRCVRSOKODE UTB-TOTAL BARRIER,Tchaoudjo,Tchaoudjo,Centrale,0.9234240249063613
_mview_route_routes.fid--830921d_193db4998a0_776c,Route nationale revêtue,TGRKRTRN17 MALFAKASSA-BASSAR-KABOU-GUERIN KOUKA-KATCHAMBA_2,Bassar,Bassar,Kara,24.96419107594938
_mview_route_routes.fid--830921d_193db4998a0_776d,Route nationale revêtue,TGRKRTRN17 MALFAKASSA-BASSAR-KABOU-GUERIN KOUKA-KATCHAMBA_2,Bassar,Bassar,Kara,4.312548765523934
_mview_route_routes.fid--830921d_193db4998a0_776e,Voirie urbaine,TGRKVT KARA RUE DE 50 LEZIYO COMMISSARIAT ADABAWERE CARREF LYCEE DONGOYO,Kozah,Kozah,Kara,0.4173406797473074
_mview_route_routes.fid--830921d_193db4998a0_776f,Route nationale non revêtue,TGRMRTRN37 TABLIGBO-GBOTO-TOKPLI-FRT BENIN,Yoto,Yoto,Maritime,2.6642625295886884
_mview_route_routes.fid--830921d_193db4998a0_7770,Route nationale revêtue,TGRCRRRRN17 SOKODE-MALFAKASSA,Tchaoudjo,Tchaoudjo,Centrale,4.085314401110297
_mview_route_routes.fid--830921d_193db4998a0_7771,Route nationale revêtue,TGRCRRRRN17 SOKODE-MALFAKASSA,Tchaoudjo,Bassar,Kara,0.3747379934647904
_mview_route_routes.fid--830921d_193db4998a0_7771,Route nationale revêtue,TGRCRRRRN17 SOKODE-MALFAKASSA,Tchaoudjo,Tchaoudjo,Centrale,3.2086226890165808
_mview_route_routes.fid--830921d_193db4998a0_7772,Route nationale revêtue,TGRKRRRN16 RN1 KARA-KETAO-KEMERIDA-FRE BENIN,Kozah,Kozah,Kara,4.682086886809855
_mview_route_routes.fid--830921d_193db4998a0_7773,Route nationale revêtue,TGRKRRRN16 RN1 KARA-KETAO-KEMERIDA-FRE BENIN,Binah,Binah,Kara,5.293085733072506
_mview_route_routes.fid--830921d_193db4998a0_7773,Route nationale revêtue,TGRKRRRN16 RN1 KARA-KETAO-KEMERIDA-FRE BENIN,Binah,Kozah,Kara,1.5785135972590554
_mview_route_routes.fid--830921d_193db4998a0_7774,Route nationale revêtue,TGRKRRRN16 RN1 KARA-KETAO-KEMERIDA-FRE BENIN,Kozah,Kozah,Kara,12.20851034004237
_mview_route_routes.fid--830921d_193db4998a0_7775,Route nationale revêtue,TGRPRRRN31/30 NDIGBE-YIKPA-FRE GHANA,Danyi,Danyi,Plateaux,3.057356090132645
_mview_route_routes.fid--830921d_193db4998a0_7776,Route nationale revêtue,TGRPRRRN31/30 NDIGBE-YIKPA-FRE GHANA,Danyi,Danyi,Plateaux,0.24188548294301018
_mview_route_routes.fid--830921d_193db4998a0_7777,Route nationale revêtue,TGRPRRRN31/30 NDIGBE-YIKPA-FRE GHANA,Danyi,Danyi,Plateaux,6.190547065753959
_mview_route_routes.fid--830921d_193db4998a0_7778,Route nationale non revêtue,TGRSRTRN25 RN1-KONG-RN1_1,Tône,Tône,Savanes,2.6282120966357785
_mview_route_routes.fid--830921d_193db4998a0_7779,Route nationale revêtue,TGRPRRRN31/30 NDIGBE-YIKPA-FRE GHANA,Danyi,Danyi,Plateaux,4.3249256117939785
_mview_route_routes.fid--830921d_193db4998a0_777a,Route nationale revêtue,TGRPRRRN31/30 NDIGBE-YIKPA-FRE GHANA,Danyi,Danyi,Plateaux,0.17328594882080717
_mview_route_routes.fid--830921d_193db4998a0_777b,Route nationale revêtue,TGRSRRRN28 DAPAONG-PONIO-FRE BURKINA,Tône,Tône,Savanes,1.420619411482835
_mview_route_routes.fid--830921d_193db4998a0_777c,Route nationale revêtue,TGRSRRRN28 DAPAONG-PONIO-FRE BURKINA,Tône,Tône,Savanes,1.0523879510858456
_mview_route_routes.fid--830921d_193db4998a0_777d,Route nationale revêtue,TGRSRRRN28 DAPAONG-PONIO-FRE BURKINA,Tône,Tône,Savanes,0.39448214478190685
_mview_route_routes.fid--830921d_193db4998a0_777e,Route nationale revêtue,TGRSRRRN28 DAPAONG-PONIO-FRE BURKINA,Tône,Tône,Savanes,0.2526362579417129
_mview_route_routes.fid--830921d_193db4998a0_777f,Voirie urbaine,TGRSVRDAPAONG RN1DOUANE-POSTE-ORABANQ-SOS-RN1,Tône,Tône,Savanes,3.0518127979789074
_mview_route_routes.fid--830921d_193db4998a0_7780,Voirie urbaine,TGRSVRDAPAONG RN1DOUANE-POSTE-ORABANQ-SOS-RN1,Tône,Tône,Savanes,3.2953445622798916
_mview_route_routes.fid--830921d_193db4998a0_7781,Route nationale revêtue,TGRSRRRN28 DAPAONG-PONIO-FRE BURKINA,Tône,Tône,Savanes,10.851349735300957
_mview_route_routes.fid--830921d_193db4998a0_7782,Route nationale revêtue,TGRSRRRN28 DAPAONG-PONIO-FRE BURKINA,Tône,Kpendjal-Ouest,Savanes,0.47401118469614506
_mview_route_routes.fid--830921d_193db4998a0_7782,Route nationale revêtue,TGRSRRRN28 DAPAONG-PONIO-FRE BURKINA,Tône,Tône,Savanes,3.2536027560019667
_mview_route_routes.fid--830921d_193db4998a0_7783,Route nationale revêtue,TGRSRRRN28 DAPAONG-PONIO-FRE BURKINA,Tône,Kpendjal-Ouest,Savanes,3.02435619616174
_mview_route_routes.fid--830921d_193db4998a0_7784,Route nationale revêtue,TGRSRRRN28 DAPAONG-PONIO-FRE BURKINA,Tône,Kpendjal-Ouest,Savanes,0.8708614879776684
_mview_route_routes.fid--830921d_193db4998a0_7785,Route nationale revêtue,TGRSRRRN28 DAPAONG-PONIO-FRE BURKINA,Tône,Kpendjal-Ouest,Savanes,1.907763829129638
_mview_route_routes.fid--830921d_193db4998a0_7786,Route nationale revêtue,TGRSRRRN28 DAPAONG-PONIO-FRE BURKINA,Kpendjal-Ouest,Kpendjal-Ouest,Savanes,0.4679671032319091
_mview_route_routes.fid--830921d_193db4998a0_7787,Route nationale non revêtue,TGRSRTRN25 RN1-KONG-RN1_1,Tône,Tône,Savanes,0.6209781013881129
_mview_route_routes.fid--830921d_193db4998a0_7788,Route nationale revêtue,TGRSRRRN28 DAPAONG-PONIO-FRE BURKINA,Kpendjal-Ouest,Kpendjal-Ouest,Savanes,6.983718123098035
_mview_route_routes.fid--830921d_193db4998a0_7789,Route nationale revêtue,TGRSRRRN28 DAPAONG-PONIO-FRE BURKINA,Kpendjal-Ouest,Kpendjal-Ouest,Savanes,5.582025598926968
_mview_route_routes.fid--830921d_193db4998a0_778a,Voirie urbaine,TGRPRR RUE DE GAULE PROLONGEE,Ogou,Ogou,Plateaux,2.053855986018134
_mview_route_routes.fid--830921d_193db4998a0_778b,Route nationale non revêtue,TGRSRTRN25 RN1-KONG-RN1_1,Tône,Tône,Savanes,2.9007321798334376
_mview_route_routes.fid--830921d_193db4998a0_778c,Route nationale non revêtue,TGRSRTRN25 RN1-KONG-RN1_1,Tône,Tône,Savanes,1.4911469148190772
_mview_route_routes.fid--830921d_193db4998a0_778d,Route nationale non revêtue,TGRSRTRN25 RN1-KONG-RN1_1,Tône,Tône,Savanes,1.033425950870059
_mview_route_routes.fid--830921d_193db4998a0_778e,Route nationale non revêtue,TGRSRTRN25 RN1-KONG-RN1_1,Tône,Tône,Savanes,1.9569472445505134
_mview_route_routes.fid--830921d_193db4998a0_778f,Route nationale non revêtue,TGRSRTRN25 RN1-KONG-RN1_1,Tône,Tône,Savanes,1.9882176590472547
_mview_route_routes.fid--830921d_193db4998a0_7790,Voirie urbaine,TGRPRR RUE RN1-NOUVEAU MARCHE,Ogou,Ogou,Plateaux,0.9763957631238139
_mview_route_routes.fid--830921d_193db4998a0_7791,Voirie urbaine,TGRPRR RUE MARCHE(RN5)-STADE-AGBOFON-TALO(RN1),Ogou,Ogou,Plateaux,0.8158753345965086
_mview_route_routes.fid--830921d_193db4998a0_7792,Voirie urbaine,TGRPRR RUE BRETELLE DOULASSAME 2,Ogou,Ogou,Plateaux,0.4239007077300999
_mview_route_routes.fid--830921d_193db4998a0_7793,Route nationale non revêtue,TGRPRTRN8 AKPARE-NANGBETO,Ogou,Ogou,Plateaux,11.031318059713838
_mview_route_routes.fid--830921d_193db4998a0_7794,Voirie urbaine,TGRPRRR BRETELLE DE L'HOPITAL,Ogou,Ogou,Plateaux,0.11692526582073322
_mview_route_routes.fid--830921d_193db4998a0_7795,Voirie urbaine,TGRPRRR RUE SAINTE FAMILLE,Ogou,Ogou,Plateaux,0.1843885222464836
_mview_route_routes.fid--830921d_193db4998a0_7796,Voirie urbaine,TGRPRR RUE DE GAULE PROLONGEE,Ogou,Ogou,Plateaux,0.2858343510881125
_mview_route_routes.fid--830921d_193db4998a0_7797,Route nationale revêtue,TGRPRRRN5 ATAKPAME-KPALIME-AMOUSSOUKOPE,Ogou,Ogou,Plateaux,3.1169741553032924
_mview_route_routes.fid--830921d_193db4998a0_7798,Route nationale revêtue,TGRPRRRN5 ATAKPAME-KPALIME-AMOUSSOUKOPE,Ogou,Amou,Plateaux,1.0337220156858222
_mview_route_routes.fid--830921d_193db4998a0_7798,Route nationale revêtue,TGRPRRRN5 ATAKPAME-KPALIME-AMOUSSOUKOPE,Ogou,Ogou,Plateaux,0.7176886174467426
_mview_route_routes.fid--830921d_193db4998a0_7799,Route nationale revêtue,TGRPRRRN5 ATAKPAME-KPALIME-AMOUSSOUKOPE,Amou,Amou,Plateaux,3.1056779818237503
_mview_route_routes.fid--830921d_193db4998a0_779a,Route nationale revêtue,TGRPRRRN5 ATAKPAME-KPALIME-AMOUSSOUKOPE,Amou,Amou,Plateaux,4.031389130035742
_mview_route_routes.fid--830921d_193db4998a0_779b,Route nationale revêtue,TGRPRRRN5 ATAKPAME-KPALIME-AMOUSSOUKOPE,Amou,Amou,Plateaux,1.1316240623412015
_mview_route_routes.fid--830921d_193db4998a0_779c,Route nationale revêtue,TGRPRRRN5 ATAKPAME-KPALIME-AMOUSSOUKOPE,Amou,Amou,Plateaux,5.170942217628057
_mview_route_routes.fid--830921d_193db4998a0_779d,Route nationale revêtue,TGRPRRRN5 ATAKPAME-KPALIME-AMOUSSOUKOPE,Amou,Amou,Plateaux,6.697794505525668
_mview_route_routes.fid--830921d_193db4998a0_779e,Route nationale revêtue,TGRPRRRN5 ATAKPAME-KPALIME-AMOUSSOUKOPE,Amou,Amou,Plateaux,3.6520933410746523
_mview_route_routes.fid--830921d_193db4998a0_779f,Route nationale non revêtue,TGRPRTRN8 ATAKPAME-AKPARE,Ogou,Ogou,Plateaux,1.4303849817574927
_mview_route_routes.fid--830921d_193db4998a0_77a0,Route nationale revêtue,TGRPRRRN5 ATAKPAME-KPALIME-AMOUSSOUKOPE,Amou,Amou,Plateaux,3.094249074982938
_mview_route_routes.fid--830921d_193db4998a0_77a1,Route nationale revêtue,TGRPRRRN5 ATAKPAME-KPALIME-AMOUSSOUKOPE,Agou,Agou,Plateaux,1.4429732650986578
_mview_route_routes.fid--830921d_193db4998a0_77a2,Route nationale revêtue,TGRPRRRN5 ATAKPAME-KPALIME-AMOUSSOUKOPE,Agou,Agou,Plateaux,24.024770622700064
_mview_route_routes.fid--830921d_193db4998a0_77a3,Route nationale non revêtue,TGRPRTRN8 ATAKPAME-AKPARE,Ogou,Ogou,Plateaux,0.7656889579896721
_mview_route_routes.fid--830921d_193db4998a0_77a4,Route nationale revêtue,TGRPRRRN5 ATAKPAME-KPALIME-AMOUSSOUKOPE,Amou,Amou,Plateaux,6.284651805707085
_mview_route_routes.fid--830921d_193db4998a0_77a5,Route nationale non revêtue,TGRPRTRN8 ATAKPAME-AKPARE,Ogou,Ogou,Plateaux,2.0593645675806638
_mview_route_routes.fid--830921d_193db4998a0_77a6,Route nationale revêtue,TGRPRRRN5 ATAKPAME-KPALIME-AMOUSSOUKOPE,Amou,Amou,Plateaux,13.369700028041006
_mview_route_routes.fid--830921d_193db4998a0_77a6,Route nationale revêtue,TGRPRRRN5 ATAKPAME-KPALIME-AMOUSSOUKOPE,Amou,Kpélé,Plateaux,1.7948307647537167
_mview_route_routes.fid--830921d_193db4998a0_77a7,Route nationale revêtue,TGRPRRRN5 ATAKPAME-KPALIME-AMOUSSOUKOPE,Kpélé,Kpélé,Plateaux,24.894112977684536
_mview_route_routes.fid--830921d_193db4998a0_77a8,Route nationale revêtue,TGRPRRRN5 ATAKPAME-KPALIME-AMOUSSOUKOPE,Kloto,Agou,Plateaux,0.3911052989686028
_mview_route_routes.fid--830921d_193db4998a0_77a8,Route nationale revêtue,TGRPRRRN5 ATAKPAME-KPALIME-AMOUSSOUKOPE,Kloto,Kloto,Plateaux,5.333879839156912
_mview_route_routes.fid--830921d_193db4998a0_77a9,Route nationale revêtue,TGRPRRRN5 ATAKPAME-KPALIME-AMOUSSOUKOPE,Kpélé,Kpélé,Plateaux,6.51090834817613
_mview_route_routes.fid--830921d_193db4998a0_77aa,Route nationale revêtue,TGRPRRRN5 ATAKPAME-KPALIME-AMOUSSOUKOPE,Agou,Agou,Plateaux,1.389102740125187
_mview_route_routes.fid--830921d_193db4998a0_77ab,Route nationale non revêtue,TGRPRTRN8 ATAKPAME-AKPARE,Ogou,Ogou,Plateaux,0.8614477643289404
_mview_route_routes.fid--830921d_193db4998a0_77ac,Route nationale revêtue,TGRPRRRN5 ATAKPAME-KPALIME-AMOUSSOUKOPE,Kloto,Kloto,Plateaux,3.0149836650612647
_mview_route_routes.fid--830921d_193db4998a0_77ac,Route nationale revêtue,TGRPRRRN5 ATAKPAME-KPALIME-AMOUSSOUKOPE,Kloto,Kpélé,Plateaux,1.3829986369927925
_mview_route_routes.fid--830921d_193db4998a0_77ad,Route nationale revêtue,TGRPRRRN5 ATAKPAME-KPALIME-AMOUSSOUKOPE,Kloto,Kloto,Plateaux,9.132631015724808
_mview_route_routes.fid--830921d_193db4998a0_77ae,Route nationale revêtue,TGRPRRRN5 ATAKPAME-KPALIME-AMOUSSOUKOPE,Kloto,Kloto,Plateaux,7.27483905986138
_mview_route_routes.fid--830921d_193db4998a0_77af,Route nationale revêtue,TGRPRRRN5 ATAKPAME-KPALIME-AMOUSSOUKOPE,Agou,Agou,Plateaux,4.522804227567982
_mview_route_routes.fid--830921d_193db4998a0_77b0,Route nationale non revêtue,TGRPRTRN8 ATAKPAME-AKPARE,Ogou,Ogou,Plateaux,3.136276274375293
_mview_route_routes.fid--830921d_193db4998a0_77b1,Route nationale non revêtue,TGRPRTRN8 ATAKPAME-AKPARE,Ogou,Ogou,Plateaux,4.579135765704579
_mview_route_routes.fid--830921d_193db4998a0_77b2,Route nationale non revêtue,TGRPRTRN8 ATAKPAME-AKPARE,Ogou,Ogou,Plateaux,0.3178273121630597
_mview_route_routes.fid--830921d_193db4998a0_77b3,Route nationale non revêtue,TGRPRTRN8 ATAKPAME-AKPARE,Ogou,Ogou,Plateaux,1.0545233438680577
_mview_route_routes.fid--830921d_193db4998a0_77b4,Route nationale non revêtue,TGRPRTRN8 ATAKPAME-AKPARE,Ogou,Ogou,Plateaux,0.6702340986839457
_mview_route_routes.fid--830921d_193db4998a0_77b5,Route nationale non revêtue,TGRPRTRN8 ATAKPAME-AKPARE,Ogou,Ogou,Plateaux,0.003726009772457953
_mview_route_routes.fid--830921d_193db4998a0_77b6,Route nationale non revêtue,TGRPRTRN8 ATAKPAME-AKPARE,Ogou,Ogou,Plateaux,0.6073187080696498
_mview_route_routes.fid--830921d_193db4998a0_77b7,Route nationale non revêtue,TGRPRTRN8 ATAKPAME-AKPARE,Ogou,Ogou,Plateaux,3.7978453099623297
_mview_route_routes.fid--830921d_193db4998a0_77b8,Route nationale non revêtue,TGRPRTRN8 ATAKPAME-AKPARE,Ogou,Ogou,Plateaux,1.577313732847074
_mview_route_routes.fid--830921d_193db4998a0_77b9,Voirie urbaine,TGRPRR RUE ABATOIRE,Ogou,Ogou,Plateaux,0.16074866974930263
_mview_route_routes.fid--830921d_193db4998a0_77ba,Voirie urbaine,TGRPRT RUE NIORT PLOLONGEE,Ogou,Ogou,Plateaux,0.388878415534709
_mview_route_routes.fid--830921d_193db4998a0_77bb,Voirie urbaine,TGRPRT RUE NIORT PLOLONGEE,Ogou,Ogou,Plateaux,0.5533778691172558
_mview_route_routes.fid--830921d_193db4998a0_77bc,Voirie urbaine,TGRPRT RUE NIORT,Ogou,Ogou,Plateaux,0.22487668256757984
_mview_route_routes.fid--830921d_193db4998a0_77bd,Voirie urbaine,TGRPRR RUE ANCIEN SGGG,Ogou,Ogou,Plateaux,0.19567274383288077
_mview_route_routes.fid--830921d_193db4998a0_77be,Voirie urbaine,TGRMVRA RN4(ICAT)-CRF GLIDJI-LYCEE TECNIQUE_1,Lacs,Lacs,Maritime,0.9842754286876974
_mview_route_routes.fid--830921d_193db4998a0_77bf,Route nationale non revêtue,TGRSRTRN22 RN1 TCHANWIEKOU-MOGOU-GANDO-FRE BENIN,Oti-Sud,Oti-Sud,Savanes,6.829460902024196
_mview_route_routes.fid--830921d_193db4998a0_77c0,Voirie urbaine,TGRMVTA RN3 (MARCHE)-STADE,Lacs,Lacs,Maritime,0.44908447386523354
_mview_route_routes.fid--830921d_193db4998a0_77c1,Voirie urbaine,TGRMVTA RN3 (MARCHE)-STADE,Lacs,Lacs,Maritime,0.3499296309589089
_mview_route_routes.fid--830921d_193db4998a0_77c2,Voirie urbaine,TGRMVTA RN3 (MARCHE)-STADE,Lacs,Lacs,Maritime,0.37344985300033595
_mview_route_routes.fid--830921d_193db4998a0_77c3,Voirie urbaine,TGRMVTA RN3 (MARCHE)-STADE,Lacs,Lacs,Maritime,0.19709995334703906
_mview_route_routes.fid--830921d_193db4998a0_77c4,Voirie urbaine,TGRPRT RUE ONCLE SAM,Ogou,Ogou,Plateaux,0.8374328046338974
_mview_route_routes.fid--830921d_193db4998a0_77c5,Voirie urbaine,TGRPRT RUE ONCLE SAM,Ogou,Ogou,Plateaux,0.6418296389671762
_mview_route_routes.fid--830921d_193db4998a0_77c6,Route nationale non revêtue,TGRPRTRN8 NANVBETO-OUNTIVOU-RN6 TOHOUN,Ogou,Anié,Plateaux,0.6681373251417249
_mview_route_routes.fid--830921d_193db4998a0_77c6,Route nationale non revêtue,TGRPRTRN8 NANVBETO-OUNTIVOU-RN6 TOHOUN,Ogou,Ogou,Plateaux,0.6023592572245698
_mview_route_routes.fid--830921d_193db4998a0_77c7,Route nationale revêtue,TGRCRRRN14 SOKODE-TCHAMBA-KABOLI-FRE BENIN,Tchamba,Tchamba,Centrale,29.20562265599693
_mview_route_routes.fid--830921d_193db4998a0_77c8,Route nationale non revêtue,TGRPRTRN8 NANVBETO-OUNTIVOU-RN6 TOHOUN,Ogou,Ogou,Plateaux,2.005032504714962
_mview_route_routes.fid--830921d_193db4998a0_77c9,Route nationale non revêtue,TGRPRTRN8 NANVBETO-OUNTIVOU-RN6 TOHOUN,Ogou,Ogou,Plateaux,2.27571877992807
_mview_route_routes.fid--830921d_193db4998a0_77ca,Route nationale non revêtue,TGRPRTRN8 NANVBETO-OUNTIVOU-RN6 TOHOUN,Ogou,Ogou,Plateaux,2.0417318505966313
_mview_route_routes.fid--830921d_193db4998a0_77cb,Route nationale non revêtue,TGRPRTRN8 NANVBETO-OUNTIVOU-RN6 TOHOUN,Ogou,Ogou,Plateaux,4.180589828860116
_mview_route_routes.fid--830921d_193db4998a0_77cc,Route nationale non revêtue,TGRPRTRN8 NANVBETO-OUNTIVOU-RN6 TOHOUN,Ogou,Ogou,Plateaux,4.84074986688852
_mview_route_routes.fid--830921d_193db4998a0_77cd,Route nationale non revêtue,TGRPRTRN8 NANVBETO-OUNTIVOU-RN6 TOHOUN,Ogou,Ogou,Plateaux,3.588025284355803
_mview_route_routes.fid--830921d_193db4998a0_77ce,Route nationale non revêtue,TGRPRTRN8 NANVBETO-OUNTIVOU-RN6 TOHOUN,Moyen-Mono,Moyen-Mono,Plateaux,7.1379911229506545
_mview_route_routes.fid--830921d_193db4998a0_77cf,Route nationale non revêtue,TGRPRTRN8 NANVBETO-OUNTIVOU-RN6 TOHOUN,Moyen-Mono,Moyen-Mono,Plateaux,8.546580381477108
_mview_route_routes.fid--830921d_193db4998a0_77cf,Route nationale non revêtue,TGRPRTRN8 NANVBETO-OUNTIVOU-RN6 TOHOUN,Moyen-Mono,Ogou,Plateaux,0.49166652094481034
_mview_route_routes.fid--830921d_193db4998a0_77d0,Route nationale non revêtue,TGRPRTRN8 NANVBETO-OUNTIVOU-RN6 TOHOUN,Moyen-Mono,Moyen-Mono,Plateaux,9.909412210724609
_mview_route_routes.fid--830921d_193db4998a0_77d1,Route nationale non revêtue,TGRPRTRN8 NANVBETO-OUNTIVOU-RN6 TOHOUN,Moyen-Mono,Moyen-Mono,Plateaux,5.653803026126571
_mview_route_routes.fid--830921d_193db4998a0_77d2,Voirie urbaine,TGRPRR RUE MARCHE-DJAMA,Ogou,Amou,Plateaux,0.034714311874954544
_mview_route_routes.fid--830921d_193db4998a0_77d2,Voirie urbaine,TGRPRR RUE MARCHE-DJAMA,Ogou,Ogou,Plateaux,0.1558791938654276
_mview_route_routes.fid--830921d_193db4998a0_77d3,Voirie urbaine,TGRPRR RUE MARCHE-DJAMA,Ogou,Amou,Plateaux,0.732379528275487
_mview_route_routes.fid--830921d_193db4998a0_77d4,Voirie urbaine,TGRPRR RUE MARCHE-DJAMA,Ogou,Amou,Plateaux,0.2983840058838187
_mview_route_routes.fid--830921d_193db4998a0_77d5,Route nationale non revêtue,TGRPRTRN8 NANVBETO-OUNTIVOU-RN6 TOHOUN,Moyen-Mono,Moyen-Mono,Plateaux,5.473422308865481
_mview_route_routes.fid--830921d_193db4998a0_77d6,Route nationale non revêtue,TGRPRTRN8 NANVBETO-OUNTIVOU-RN6 TOHOUN,Moyen-Mono,Moyen-Mono,Plateaux,3.3391780067835426
_mview_route_routes.fid--830921d_193db4998a0_77d7,Route nationale non revêtue,TGRPRTRN8 NANVBETO-OUNTIVOU-RN6 TOHOUN,Moyen-Mono,Moyen-Mono,Plateaux,5.331687065719814
_mview_route_routes.fid--830921d_193db4998a0_77d8,Voirie urbaine,TGRPRR RUE MARCHE-DJAMA,Ogou,Ogou,Plateaux,0.22860040326140302
_mview_route_routes.fid--830921d_193db4998a0_77d9,Voirie urbaine,TGRPRT RUE MARCHE (RN5)-AGBOFON-TALO (RN1) BIS,Ogou,Ogou,Plateaux,2.64482929806903
_mview_route_routes.fid--830921d_193db4998a0_77da,Voirie urbaine,TGRPRT RUE MARCHE (RN5)-AGBOFON-TALO (RN1) BIS,Ogou,Ogou,Plateaux,1.088127007806798
_mview_route_routes.fid--830921d_193db4998a0_77db,Voirie urbaine,TGRPRT RUE MARCHE (RN5)-AGBOFON-TALO (RN1) BIS,Ogou,Ogou,Plateaux,0.7029203970280404
_mview_route_routes.fid--830921d_193db4998a0_77dc,Voirie urbaine,TGRPRT RUE MARCHE (RN5)-AGBOFON-TALO (RN1) BIS,Ogou,Ogou,Plateaux,0.1958574750731132
_mview_route_routes.fid--830921d_193db4998a0_77dd,Voirie urbaine,TGRPRT RUE MARCHE (RN5)-AGBOFON-TALO (RN1) BIS,Ogou,Ogou,Plateaux,0.9550468608367798
_mview_route_routes.fid--830921d_193db4998a0_77de,Voirie urbaine,TGRSRRRN28 BRETELLE DE CORBONGOU,Tône,Tône,Savanes,3.6346707328297616
_mview_route_routes.fid--830921d_193db4998a0_77df,Voirie urbaine,,Tchaoudjo,Tchaoudjo,Centrale,0.44031357849709024
_mview_route_routes.fid--830921d_193db4998a0_77e0,Voirie urbaine,TGRCVR SOKODE RN1 DRTP/RC PREFECTURE CHAUSSEE NORD,Tchaoudjo,Tchaoudjo,Centrale,0.49641535531782405
_mview_route_routes.fid--830921d_193db4998a0_77e1,Voirie urbaine,TGRCVRSOKODE POSTE-STADE,Tchaoudjo,Tchaoudjo,Centrale,0.6873521181819857
_mview_route_routes.fid--830921d_193db4998a0_77e2,Voirie urbaine,TGRCVRSOKODE UTB-KOULOUNDE,Tchaoudjo,Tchaoudjo,Centrale,2.3933752286271033
_mview_route_routes.fid--830921d_193db4998a0_77e3,Voirie urbaine,TGRCVRSOKODE STATION TOTAL-AVIATION,Tchaoudjo,Tchaoudjo,Centrale,1.450689725676309
_mview_route_routes.fid--830921d_193db4998a0_77e4,Route nationale revêtue,TGRCRRRN14 SOKODE-TCHAMBA-KABOLI-FRE BENIN,Tchaoudjo,Tchaoudjo,Centrale,0.18840096028114978
_mview_route_routes.fid--830921d_193db4998a0_77e5,Route nationale revêtue,TGRCRRRN14 SOKODE-TCHAMBA-KABOLI-FRE BENIN,Tchaoudjo,Tchaoudjo,Centrale,6.659413038779905
_mview_route_routes.fid--830921d_193db4998a0_77e6,Route nationale revêtue,TGRCRRRN14 SOKODE-TCHAMBA-KABOLI-FRE BENIN,Tchaoudjo,Tchamba,Centrale,1.405627114980941
_mview_route_routes.fid--830921d_193db4998a0_77e6,Route nationale revêtue,TGRCRRRN14 SOKODE-TCHAMBA-KABOLI-FRE BENIN,Tchaoudjo,Tchaoudjo,Centrale,5.136157536628675
_mview_route_routes.fid--830921d_193db4998a0_77e7,Voirie urbaine,TGRPRT RUE STADE-LOM NAVA BADOU,Wawa,Wawa,Plateaux,0.8332221970600306
_mview_route_routes.fid--830921d_193db4998a0_77e8,Route nationale revêtue,TGRCRRRN14 SOKODE-TCHAMBA-KABOLI-FRE BENIN,Tchamba,Tchamba,Centrale,13.543284398945293
_mview_route_routes.fid--830921d_193db4998a0_77e9,Voirie urbaine,TGRMVTT RN1-EPP BOLOUMONDJI-RN1,Zio,Zio,Maritime,0.3970251383410969
_mview_route_routes.fid--830921d_193db4998a0_77ea,Route nationale revêtue,TGRCRRRN14 SOKODE-TCHAMBA-KABOLI-FRE BENIN,Tchamba,Tchamba,Centrale,12.280165719429888
_mview_route_routes.fid--830921d_193db4998a0_77eb,Voirie urbaine,TGRCVRTCHAMBA RUE DE LA PREFECTURE,Tchamba,Tchamba,Centrale,0.6677223090868868
_mview_route_routes.fid--830921d_193db4998a0_77ec,Route nationale non revêtue,TGRMRTRN36A AFAGNAN-AGOMEGLOZOU,Bas-Mono,Bas-Mono,Maritime,3.1735615122712804
_mview_route_routes.fid--830921d_193db4998a0_77ed,Route nationale non revêtue,TGRMRTRN36A AFAGNAN-AGOMEGLOZOU,Bas-Mono,Bas-Mono,Maritime,1.8038260103534212
_mview_route_routes.fid--830921d_193db4998a0_77ee,Voirie urbaine,TGRCVRTCHAMBA RN14 (STATION TOTAL)-MISSION CATHOLIQUE,Tchamba,Tchamba,Centrale,1.4773713714848231
_mview_route_routes.fid--830921d_193db4998a0_77ef,Route nationale non revêtue,TGRCRTRN12 SOTOUBOUA-GOUBI-KABOLI,Sotouboua,Sotouboua,Centrale,0.2851243999656468
_mview_route_routes.fid--830921d_193db4998a0_77f0,Route nationale non revêtue,TGRCRTRN12 SOTOUBOUA-GOUBI-KABOLI,Sotouboua,Sotouboua,Centrale,0.8485651707382541
_mview_route_routes.fid--830921d_193db4998a0_77f1,Route nationale revêtue,TGRCRTRN12 SOTOUBOUA-GOUBI-KABOLI,Sotouboua,Sotouboua,Centrale,6.040246426735869
_mview_route_routes.fid--830921d_193db4998a0_77f2,Voirie urbaine,TGRMVTT RN1-EPP BOLOUMONDJI-RN1,Zio,Zio,Maritime,0.5352306210480011
_mview_route_routes.fid--830921d_193db4998a0_77f3,Route nationale non revêtue,TGRMRTRN36A AFAGNAN-AGOMEGLOZOU,Bas-Mono,Bas-Mono,Maritime,2.64236981655009
_mview_route_routes.fid--830921d_193db4998a0_77f4,Route nationale non revêtue,TGRMRTRN36A AFAGNAN-AGOMEGLOZOU,Bas-Mono,Bas-Mono,Maritime,2.126335567276499
_mview_route_routes.fid--830921d_193db4998a0_77f5,Voirie urbaine,TGRMVTT RN1-EPP BOLOUMONDJI-RN1,Zio,Zio,Maritime,0.2631842926844694
_mview_route_routes.fid--830921d_193db4998a0_77f6,Voirie urbaine,TGRMVTT RN1-EPP BOLOUMONDJI-RN1,Zio,Zio,Maritime,0.3758500936843414
_mview_route_routes.fid--830921d_193db4998a0_77f7,Route nationale revêtue,TGRCRTRN12 SOTOUBOUA-GOUBI-KABOLI,Sotouboua,Sotouboua,Centrale,6.590859553997312
_mview_route_routes.fid--830921d_193db4998a0_77f8,Route nationale non revêtue,TGRSRTRN22 RN1 TCHANWIEKOU-MOGOU-GANDO-FRE BENIN,Oti,Oti,Savanes,5.2564050375161075
_mview_route_routes.fid--830921d_193db4998a0_77f8,Route nationale non revêtue,TGRSRTRN22 RN1 TCHANWIEKOU-MOGOU-GANDO-FRE BENIN,Oti,Oti-Sud,Savanes,2.618994264275684
_mview_route_routes.fid--830921d_193db4998a0_77f9,Voirie urbaine,TGRMVTT RN1-EPP BOLOUMONDJI-RN1,Zio,Zio,Maritime,0.5198122957535303
_mview_route_routes.fid--830921d_193db4998a0_77fa,Route nationale revêtue,TGRCRTRN12 SOTOUBOUA-GOUBI-KABOLI,Sotouboua,Sotouboua,Centrale,9.404083426827535
_mview_route_routes.fid--830921d_193db4998a0_77fb,Route nationale revêtue,TGRCRTRN12 SOTOUBOUA-GOUBI-KABOLI,Sotouboua,Sotouboua,Centrale,2.1711623622092326
_mview_route_routes.fid--830921d_193db4998a0_77fc,Route nationale revêtue,TGRMRRRN1 LOME-AMAKPAPE,Zio,Agoè-Nyivé,Maritime,3.299899460070824e-09
_mview_route_routes.fid--830921d_193db4998a0_77fc,Route nationale revêtue,TGRMRRRN1 LOME-AMAKPAPE,Zio,Zio,Maritime,1.9292482971035103
_mview_route_routes.fid--830921d_193db4998a0_77fd,Route nationale revêtue,TGRCRTRN12 SOTOUBOUA-GOUBI-KABOLI,Sotouboua,Sotouboua,Centrale,6.738586891348322
_mview_route_routes.fid--830921d_193db4998a0_77fe,Route nationale revêtue,TGRMRRRN36 AMEGNRAN-AFAGNAN,Bas-Mono,Bas-Mono,Maritime,5.3986473570215345
_mview_route_routes.fid--830921d_193db4998a0_77fe,Route nationale revêtue,TGRMRRRN36 AMEGNRAN-AFAGNAN,Bas-Mono,Vo,Maritime,0.9920145770437286
_mview_route_routes.fid--830921d_193db4998a0_77ff,Route nationale revêtue,TGRMRRRN36 AMEGNRAN-AFAGNAN,Bas-Mono,Bas-Mono,Maritime,2.131689751197013
_mview_route_routes.fid--830921d_193db4998a0_7800,Route nationale revêtue,TGRCRTRN12 SOTOUBOUA-GOUBI-KABOLI,Sotouboua,Sotouboua,Centrale,2.3496496216202734
_mview_route_routes.fid--830921d_193db4998a0_7801,Route nationale revêtue,TGRCRTRN12 SOTOUBOUA-GOUBI-KABOLI,Sotouboua,Sotouboua,Centrale,1.739181140756799
_mview_route_routes.fid--830921d_193db4998a0_7802,Route nationale revêtue,TGRCRTRN12 SOTOUBOUA-GOUBI-KABOLI,Sotouboua,Sotouboua,Centrale,0.942831173713728
_mview_route_routes.fid--830921d_193db4998a0_7803,Route nationale revêtue,TGRCRTRN12 SOTOUBOUA-GOUBI-KABOLI,Tchamba,Sotouboua,Centrale,0.42991191490634206
_mview_route_routes.fid--830921d_193db4998a0_7803,Route nationale revêtue,TGRCRTRN12 SOTOUBOUA-GOUBI-KABOLI,Tchamba,Tchamba,Centrale,20.113135198861084
_mview_route_routes.fid--830921d_193db4998a0_7804,Route nationale revêtue,TGRCRTRN12 SOTOUBOUA-GOUBI-KABOLI,Tchamba,Tchamba,Centrale,5.813606505609674
_mview_route_routes.fid--830921d_193db4998a0_7805,Route nationale revêtue,TGRCRTRN12 SOTOUBOUA-GOUBI-KABOLI,Tchamba,Tchamba,Centrale,15.475462219378207
_mview_route_routes.fid--830921d_193db4998a0_7806,Route nationale non revêtue,TGRSRTRN22A RN1 SAGBIEBOU-GANDO,Oti-Sud,Oti-Sud,Savanes,7.216999582007212
_mview_route_routes.fid--830921d_193db4998a0_7807,Route nationale revêtue,TGRMRRRN2/3 AFLAO AVEPOZO VOIE SUD,Golfe,Golfe,Maritime,1.3284718752668723
_mview_route_routes.fid--830921d_193db4998a0_7808,Route nationale revêtue,TGRMRRRN1 LOME-AMAKPAPE,Zio,Zio,Maritime,2.156156825846814
_mview_route_routes.fid--830921d_193db4998a0_7809,Route nationale revêtue,TGRCRTRN12 SOTOUBOUA-GOUBI-KABOLI,Tchamba,Tchamba,Centrale,9.062949810318578
_mview_route_routes.fid--830921d_193db4998a0_780a,Route nationale non revêtue,TGRCRTRN12 SOTOUBOUA-GOUBI-KABOLI,Tchamba,Tchamba,Centrale,9.803128626522417
_mview_route_routes.fid--830921d_193db4998a0_780b,Voirie urbaine,,Sotouboua,Sotouboua,Centrale,0.41185458265266317
_mview_route_routes.fid--830921d_193db4998a0_780c,Route nationale revêtue,TGRSRRRN1 NABOULGOU-DAPAONG-CINKASSE-FRE BURKINA,Tône,Cinkassé,Savanes,0.8204947794043104
_mview_route_routes.fid--830921d_193db4998a0_780c,Route nationale revêtue,TGRSRRRN1 NABOULGOU-DAPAONG-CINKASSE-FRE BURKINA,Tône,Tône,Savanes,10.726496741189186
_mview_route_routes.fid--830921d_193db4998a0_780d,Route nationale non revêtue,TGRSRTRN22 RN1 TCHANWIEKOU-MOGOU-GANDO-FRE BENIN,Oti-Sud,Oti,Savanes,1.8150250893659017
_mview_route_routes.fid--830921d_193db4998a0_780d,Route nationale non revêtue,TGRSRTRN22 RN1 TCHANWIEKOU-MOGOU-GANDO-FRE BENIN,Oti-Sud,Oti-Sud,Savanes,15.467980721081036
_mview_route_routes.fid--830921d_193db4998a0_780e,Route nationale non revêtue,TGRSRTRN22A RN1 SAGBIEBOU-GANDO,Oti-Sud,Oti-Sud,Savanes,14.907224733506073
_mview_route_routes.fid--830921d_193db4998a0_780f,Route nationale revêtue,TGRMRRRN2/3 AFLAO AVEPOZO VOIE SUD,Golfe,Golfe,Maritime,3.1236350362870673
_mview_route_routes.fid--830921d_193db4998a0_7810,Route nationale revêtue,TGRSRRRN1 NABOULGOU-DAPAONG-CINKASSE-FRE BURKINA,Oti-Sud,Kéran,Kara,0.16109513769080072
_mview_route_routes.fid--830921d_193db4998a0_7810,Route nationale revêtue,TGRSRRRN1 NABOULGOU-DAPAONG-CINKASSE-FRE BURKINA,Oti-Sud,Oti-Sud,Savanes,35.26142374471069
_mview_route_routes.fid--830921d_193db4998a0_7811,Route nationale revêtue,TGRSRRRN1 NABOULGOU-DAPAONG-CINKASSE-FRE BURKINA,Oti,Oti,Savanes,9.098707995828018
_mview_route_routes.fid--830921d_193db4998a0_7811,Route nationale revêtue,TGRSRRRN1 NABOULGOU-DAPAONG-CINKASSE-FRE BURKINA,Oti,Oti-Sud,Savanes,0.36119886416631936
_mview_route_routes.fid--830921d_193db4998a0_7812,Route nationale revêtue,TGRSRRRN1 NABOULGOU-DAPAONG-CINKASSE-FRE BURKINA,Cinkassé,Cinkassé,Savanes,4.466940982480822
_mview_route_routes.fid--830921d_193db4998a0_7813,Route nationale revêtue,TGRSRRRN1 NABOULGOU-DAPAONG-CINKASSE-FRE BURKINA,Oti,Oti,Savanes,5.925264764192324
_mview_route_routes.fid--830921d_193db4998a0_7814,Route nationale revêtue,TGRSRRRN1 NABOULGOU-DAPAONG-CINKASSE-FRE BURKINA,Oti,Oti,Savanes,1.352407904082002
_mview_route_routes.fid--830921d_193db4998a0_7815,Route nationale revêtue,TGRSRRRN1 NABOULGOU-DAPAONG-CINKASSE-FRE BURKINA,Oti,Oti,Savanes,5.361694021502621
_mview_route_routes.fid--830921d_193db4998a0_7816,Route nationale non revêtue,TGRSRTRN24 RN1 GALANGASHI-NAKI EST,Oti,Kpendjal-Ouest,Savanes,1.972781674935037
_mview_route_routes.fid--830921d_193db4998a0_7816,Route nationale non revêtue,TGRSRTRN24 RN1 GALANGASHI-NAKI EST,Oti,Oti,Savanes,10.267225570392977
_mview_route_routes.fid--830921d_193db4998a0_7817,Route nationale non revêtue,TGRSRTRN24 RN1 GALANGASHI-NAKI EST,Kpendjal-Ouest,Kpendjal-Ouest,Savanes,1.6206282331022523
_mview_route_routes.fid--830921d_193db4998a0_7818,Route nationale revêtue,TGRSRRRN1 NABOULGOU-DAPAONG-CINKASSE-FRE BURKINA,Oti,Oti,Savanes,19.082890161102362
_mview_route_routes.fid--830921d_193db4998a0_7819,Route nationale revêtue,TGRSRRRN1 NABOULGOU-DAPAONG-CINKASSE-FRE BURKINA,Oti,Oti,Savanes,7.126380995026535
_mview_route_routes.fid--830921d_193db4998a0_781a,Route nationale revêtue,TGRSRRRN1 NABOULGOU-DAPAONG-CINKASSE-FRE BURKINA,Tandjoaré,Oti,Savanes,2.546771884077303
_mview_route_routes.fid--830921d_193db4998a0_781a,Route nationale revêtue,TGRSRRRN1 NABOULGOU-DAPAONG-CINKASSE-FRE BURKINA,Tandjoaré,Tandjoaré,Savanes,3.432546324651896
_mview_route_routes.fid--830921d_193db4998a0_781b,Route nationale revêtue,TGRSRRRN1 NABOULGOU-DAPAONG-CINKASSE-FRE BURKINA,Tandjoaré,Tandjoaré,Savanes,8.57544334151562
_mview_route_routes.fid--830921d_193db4998a0_781c,Route nationale revêtue,TGRSRRRN1 NABOULGOU-DAPAONG-CINKASSE-FRE BURKINA,Tandjoaré,Tandjoaré,Savanes,9.65585946811904
_mview_route_routes.fid--830921d_193db4998a0_781d,Route nationale revêtue,TGRSRRRN1 NABOULGOU-DAPAONG-CINKASSE-FRE BURKINA,Tandjoaré,Tandjoaré,Savanes,2.025560615254737
_mview_route_routes.fid--830921d_193db4998a0_781e,Route nationale revêtue,TGRSRRRN1 NABOULGOU-DAPAONG-CINKASSE-FRE BURKINA,Tône,Tandjoaré,Savanes,0.9685138604058037
_mview_route_routes.fid--830921d_193db4998a0_781e,Route nationale revêtue,TGRSRRRN1 NABOULGOU-DAPAONG-CINKASSE-FRE BURKINA,Tône,Tône,Savanes,2.765283811882802
_mview_route_routes.fid--830921d_193db4998a0_781f,Route nationale revêtue,TGRSRRRN1 NABOULGOU-DAPAONG-CINKASSE-FRE BURKINA,Tône,Tône,Savanes,12.100431244881504
_mview_route_routes.fid--830921d_193db4998a0_7820,Route nationale non revêtue,TGRSRTRN24 RN1 GALANGASHI-NAKI EST,Kpendjal-Ouest,Kpendjal-Ouest,Savanes,1.9002436746235107
_mview_route_routes.fid--830921d_193db4998a0_7821,Route nationale revêtue,TGRSRRRN1 NABOULGOU-DAPAONG-CINKASSE-FRE BURKINA,Cinkassé,Cinkassé,Savanes,17.980113777969187
_mview_route_routes.fid--830921d_193db4998a0_7822,Voirie urbaine,TGRCVRTCHAMBA BRETELLE MARCHE,Tchamba,Tchamba,Centrale,0.0566096345864815
_mview_route_routes.fid--830921d_193db4998a0_7823,Route nationale non revêtue,TGRMRTRN37 TABLIGBO-GBOTO-TOKPLI-FRT BENIN,Yoto,Yoto,Maritime,2.932677937553318
_mview_route_routes.fid--830921d_193db4998a0_7824,Route nationale non revêtue,TGRSRTRN23 RN1 MANGO-KOKOUMBO-FRE GHANA,Oti,Oti,Savanes,9.96684394611807
_mview_route_routes.fid--830921d_193db4998a0_7825,Route nationale non revêtue,TGRSRTRN24 RN1 GALANGASHI-NAKI EST,Oti,Oti,Savanes,5.080373268454651
_mview_route_routes.fid--830921d_193db4998a0_7826,Route nationale non revêtue,TGRSRTRN24 RN1 GALANGASHI-NAKI EST,Oti,Oti,Savanes,6.790167286409885
_mview_route_routes.fid--830921d_193db4998a0_7827,Route nationale non revêtue,TGRPRTRN15BIS HIHIATRO(RN5)-KLABE-APEGANME-KOUGNOHOU,Wawa,Wawa,Plateaux,0.6480244971172808
_mview_route_routes.fid--830921d_193db4998a0_7828,Route nationale revêtue,TGRMRRRN2/3 AFLAO AVEPOZO VOIE SUD,Golfe,Golfe,Maritime,7.402742177671631
_mview_route_routes.fid--830921d_193db4998a0_7829,Route nationale revêtue,TGRMRRRN2/3 AFLAO AVEPOZO VOIE SUD,Golfe,Golfe,Maritime,1.903550220757801
_mview_route_routes.fid--830921d_193db4998a0_782a,Route nationale revêtue,TGRMRRRN2/3 AFLAO AVEPOZO VOIE SUD,Golfe,Golfe,Maritime,4.365170660196518
_mview_route_routes.fid--830921d_193db4998a0_782b,Route nationale non revêtue,TGRPRTRN15BIS HIHIATRO(RN5)-KLABE-APEGANME-KOUGNOHOU,Akébou,Wawa,Plateaux,1.4435955520572104
_mview_route_routes.fid--830921d_193db4998a0_782c,Route nationale non revêtue,TGRMRTRN37 TABLIGBO-GBOTO-TOKPLI-FRT BENIN,Yoto,Yoto,Maritime,0.5260259789332667
_mview_route_routes.fid--830921d_193db4998a0_782d,Route nationale non revêtue,TGRPRTRN15BIS HIHIATRO(RN5)-KLABE-APEGANME-KOUGNOHOU,Amou,Amou,Plateaux,10.074433775505941
_mview_route_routes.fid--830921d_193db4998a0_782e,Route nationale non revêtue,TGRPRTRN15BIS HIHIATRO(RN5)-KLABE-APEGANME-KOUGNOHOU,Amou,Amou,Plateaux,6.250538308782578
_mview_route_routes.fid--830921d_193db4998a0_782f,Route nationale non revêtue,TGRPRTRN15BIS HIHIATRO(RN5)-KLABE-APEGANME-KOUGNOHOU,Amou,Amou,Plateaux,8.153592881790148
_mview_route_routes.fid--830921d_193db4998a0_7830,Route nationale non revêtue,TGRPRTRN15BIS HIHIATRO(RN5)-KLABE-APEGANME-KOUGNOHOU,Akébou,Akébou,Plateaux,3.8674737493946507
_mview_route_routes.fid--830921d_193db4998a0_7830,Route nationale non revêtue,TGRPRTRN15BIS HIHIATRO(RN5)-KLABE-APEGANME-KOUGNOHOU,Akébou,Wawa,Plateaux,2.808529195747997
_mview_route_routes.fid--830921d_193db4998a0_7831,Voirie urbaine,TGRMVTT RUE CEG VILLE 2,Zio,Zio,Maritime,1.4329242464244125
_mview_route_routes.fid--830921d_193db4998a0_7832,Voirie urbaine,TGRKVRBAFILO RN1-GRAND MARCHE DE BAFILO,Assoli,Assoli,Kara,0.3260336403041023
_mview_route_routes.fid--830921d_193db4998a0_7833,Route nationale non revêtue,TGRPRTRN15BIS HIHIATRO(RN5)-KLABE-APEGANME-KOUGNOHOU,Amou,Amou,Plateaux,4.00005988243954
_mview_route_routes.fid--830921d_193db4998a0_7833,Route nationale non revêtue,TGRPRTRN15BIS HIHIATRO(RN5)-KLABE-APEGANME-KOUGNOHOU,Amou,Wawa,Plateaux,0.9161472054569146
_mview_route_routes.fid--830921d_193db4998a0_7834,Route nationale non revêtue,TGRPRTRN15BIS HIHIATRO(RN5)-KLABE-APEGANME-KOUGNOHOU,Wawa,Wawa,Plateaux,0.18053952099007609
_mview_route_routes.fid--830921d_193db4998a0_7835,Route nationale revêtue,TGRKRRRN1 BRETELLE D ALEDJO,Assoli,Assoli,Kara,9.237523357223623
_mview_route_routes.fid--830921d_193db4998a0_7835,Route nationale revêtue,TGRKRRRN1 BRETELLE D ALEDJO,Assoli,Tchaoudjo,Centrale,0.8257768759835424
_mview_route_routes.fid--830921d_193db4998a0_7836,Voirie urbaine,TGRPRT RUE POSTE-ZONGO,Wawa,Wawa,Plateaux,0.5650493942182986
_mview_route_routes.fid--830921d_193db4998a0_7837,Voirie urbaine,TGRPRT RUE DU MARCHE BADOU,Wawa,Wawa,Plateaux,0.6596667878141096
_mview_route_routes.fid--830921d_193db4998a0_7838,Route nationale revêtue,TGRPRRRN15B BADOU-TOMEGBE-FRE GHANA,Wawa,Wawa,Plateaux,0.47168377348240875
_mview_route_routes.fid--830921d_193db4998a0_7839,Voirie urbaine,TGRPRRRN15B BADOU-TOMEGBE-FRE GHANA,Wawa,Wawa,Plateaux,1.20347093983881
_mview_route_routes.fid--830921d_193db4998a0_783a,Route nationale non revêtue,TGRMRTRN37 TABLIGBO-GBOTO-TOKPLI-FRT BENIN,Yoto,Yoto,Maritime,3.4857948317339305
_mview_route_routes.fid--830921d_193db4998a0_783b,Route nationale revêtue,TGRPRRRN15B BADOU-TOMEGBE-FRE GHANA,Wawa,Wawa,Plateaux,3.0317380878820415
_mview_route_routes.fid--830921d_193db4998a0_783c,Route nationale revêtue,TGRMRRRN4 TSEVIE-TABLIGBO-ANEHO,Lacs,Lacs,Maritime,4.793495363893584
_mview_route_routes.fid--830921d_193db4998a0_783d,Route nationale revêtue,TGRPRRRN15B BADOU-TOMEGBE-FRE GHANA,Wawa,Wawa,Plateaux,1.6968248925308915
_mview_route_routes.fid--830921d_193db4998a0_783e,Route nationale revêtue,TGRPRRRN15B BADOU-TOMEGBE-FRE GHANA,Wawa,Wawa,Plateaux,0.750329332409956
_mview_route_routes.fid--830921d_193db4998a0_783f,Route nationale revêtue,TGRMRRRN1 LOME-AMAKPAPE,Zio,Zio,Maritime,22.984604956780377
_mview_route_routes.fid--830921d_193db4998a0_7840,Route nationale revêtue,TGRMRRRN4 TSEVIE-TABLIGBO-ANEHO,Lacs,Lacs,Maritime,0.7780969258123607
_mview_route_routes.fid--830921d_193db4998a0_7841,Route nationale revêtue,TGRPRRRN15B BADOU-TOMEGBE-FRE GHANA,Wawa,Wawa,Plateaux,4.290971784396993
_mview_route_routes.fid--830921d_193db4998a0_7842,Route nationale revêtue,TGRPRRRN15B BADOU-TOMEGBE-FRE GHANA,Wawa,Wawa,Plateaux,6.1672615454248145
_mview_route_routes.fid--830921d_193db4998a0_7843,Route nationale revêtue,TGRPRRRN15B BADOU-TOMEGBE-FRE GHANA,Wawa,Wawa,Plateaux,3.6913254627559264
_mview_route_routes.fid--830921d_193db4998a0_7844,Route nationale revêtue,TGRMRRRN1 LOME-AMAKPAPE,Agoè-Nyivé,Agoè-Nyivé,Maritime,1.4856901144849204
_mview_route_routes.fid--830921d_193db4998a0_7845,Route nationale revêtue,TGRMRRRN1 LOME-AMAKPAPE,Agoè-Nyivé,Agoè-Nyivé,Maritime,3.5841541611355447
_mview_route_routes.fid--830921d_193db4998a0_7846,Route nationale revêtue,TGRMRRRN1 LOME-AMAKPAPE,Agoè-Nyivé,Agoè-Nyivé,Maritime,8.543403600220598
_mview_route_routes.fid--830921d_193db4998a0_7847,Route nationale revêtue,TGRMRRRN1 LOME-AMAKPAPE,Zio,Zio,Maritime,8.509479377057795
_mview_route_routes.fid--830921d_193db4998a0_7848,Route nationale revêtue,TGRMRRRN1 LOME-AMAKPAPE,Zio,Zio,Maritime,0.8228226810084843
_mview_route_routes.fid--830921d_193db4998a0_7849,Route nationale revêtue,TGRMRRRN1 LOME-AMAKPAPE,Zio,Zio,Maritime,2.028009897407901
_mview_route_routes.fid--830921d_193db4998a0_784a,Route nationale revêtue,TGRMRRRN1 LOME-AMAKPAPE,Zio,Haho,Plateaux,5.550199627166446e-06
_mview_route_routes.fid--830921d_193db4998a0_784a,Route nationale revêtue,TGRMRRRN1 LOME-AMAKPAPE,Zio,Zio,Maritime,8.23924500912924
_mview_route_routes.fid--830921d_193db4998a0_784b,Voirie urbaine,TGRMVTT RUE DES DEUX SEVRE (RN1-RN4),Zio,Zio,Maritime,2.0236591454987507
_mview_route_routes.fid--830921d_193db4998a0_784c,Voirie urbaine,TGRMVTT RUE DES DEUX SEVRE (RN1-RN4),Zio,Zio,Maritime,0.48981102428366874
_mview_route_routes.fid--830921d_193db4998a0_784d,Voirie urbaine,TGRMVTT RUE DES DEUX SEVRE (RN1-RN4),Zio,Zio,Maritime,1.0911572012679125
_mview_route_routes.fid--830921d_193db4998a0_784e,Voirie urbaine,TGRMVTT RUE DES DEUX SEVRE (RN1-RN4),Zio,Zio,Maritime,0.18217253380401704
_mview_route_routes.fid--830921d_193db4998a0_784f,Route nationale revêtue,TGRMRRRN4 TSEVIE-TABLIGBO-ANEHO,Zio,Zio,Maritime,4.986308455688029
_mview_route_routes.fid--830921d_193db4998a0_7850,Route nationale revêtue,TGRMRRRN4 TSEVIE-TABLIGBO-ANEHO,Yoto,Yoto,Maritime,9.306644903830232
_mview_route_routes.fid--830921d_193db4998a0_7851,Route nationale revêtue,TGRMRRRN4 TSEVIE-TABLIGBO-ANEHO,Yoto,Yoto,Maritime,11.848235814936597
_mview_route_routes.fid--830921d_193db4998a0_7852,Route nationale non revêtue,TGRMRTRN7 TSEVIE-KEVE,Avé,Avé,Maritime,3.4429897369760596
_mview_route_routes.fid--830921d_193db4998a0_7853,Route nationale revêtue,TGRMRRRN4 TSEVIE-TABLIGBO-ANEHO,Zio,Yoto,Maritime,0.5117450172343927
_mview_route_routes.fid--830921d_193db4998a0_7853,Route nationale revêtue,TGRMRRRN4 TSEVIE-TABLIGBO-ANEHO,Zio,Zio,Maritime,11.216457122474901
_mview_route_routes.fid--830921d_193db4998a0_7854,Route nationale revêtue,TGRMRRRN4 TSEVIE-TABLIGBO-ANEHO,Yoto,Yoto,Maritime,7.861135266238038
_mview_route_routes.fid--830921d_193db4998a0_7855,Route nationale revêtue,TGRMRRRN4 TSEVIE-TABLIGBO-ANEHO,Vo,Vo,Maritime,9.047005495930915
_mview_route_routes.fid--830921d_193db4998a0_7855,Route nationale revêtue,TGRMRRRN4 TSEVIE-TABLIGBO-ANEHO,Vo,Yoto,Maritime,1.2721872554626579
_mview_route_routes.fid--830921d_193db4998a0_7856,Route nationale revêtue,TGRMRTRN37 TABLIGBO-GBOTO-TOKPLI-FRT BENIN,Yoto,Yoto,Maritime,1.798110867572477
_mview_route_routes.fid--830921d_193db4998a0_7857,Route nationale revêtue,TGRMRRRN4 TSEVIE-TABLIGBO-ANEHO,Vo,Vo,Maritime,8.124085081822093
_mview_route_routes.fid--830921d_193db4998a0_7858,Route nationale revêtue,TGRMRRRN4 TSEVIE-TABLIGBO-ANEHO,Lacs,Lacs,Maritime,3.249682913040684
_mview_route_routes.fid--830921d_193db4998a0_7859,Route nationale revêtue,TGRMRRRN4 TSEVIE-TABLIGBO-ANEHO,Lacs,Lacs,Maritime,2.0772120602539235
_mview_route_routes.fid--830921d_193db4998a0_785a,Route nationale revêtue,TGRMRRRN4 TSEVIE-TABLIGBO-ANEHO,Lacs,Lacs,Maritime,3.165165336074958
_mview_route_routes.fid--830921d_193db4998a0_785b,Voirie urbaine,TGRMRTRN37 TABLIGBO-GBOTO-TOKPLI-FRT BENIN,Yoto,Yoto,Maritime,0.31326768346182926
_mview_route_routes.fid--830921d_193db4998a0_785c,Route nationale non revêtue,TGRMRTRN37 TABLIGBO-GBOTO-TOKPLI-FRT BENIN,Yoto,Yoto,Maritime,5.082394107023756
_mview_route_routes.fid--830921d_193db4998a0_785d,Route nationale revêtue,TGRMRRRN4 TSEVIE-TABLIGBO-ANEHO,Vo,Lacs,Maritime,2.9621020592495855
_mview_route_routes.fid--830921d_193db4998a0_785d,Route nationale revêtue,TGRMRRRN4 TSEVIE-TABLIGBO-ANEHO,Vo,Vo,Maritime,4.715191639433359
_mview_route_routes.fid--830921d_193db4998a0_785e,Route nationale non revêtue,TGRMRTRN37 TABLIGBO-GBOTO-TOKPLI-FRT BENIN,Yoto,Yoto,Maritime,0.8928865456856221
_mview_route_routes.fid--830921d_193db4998a0_785f,Route nationale non revêtue,TGRMRTRN37 TABLIGBO-GBOTO-TOKPLI-FRT BENIN,Yoto,Yoto,Maritime,1.1552355055039663
_mview_route_routes.fid--830921d_193db4998a0_7860,Voirie urbaine,TGRMRTRN7 TSEVIE-KEVE,Zio,Zio,Maritime,1.5979958471162208
_mview_route_routes.fid--830921d_193db4998a0_7861,Route nationale non revêtue,TGRMRTRN7 TSEVIE-KEVE,Zio,Zio,Maritime,13.91668521158603
_mview_route_routes.fid--830921d_193db4998a0_7862,Route nationale non revêtue,TGRMRTRN7 TSEVIE-KEVE,Zio,Avé,Maritime,0.657539444975799
_mview_route_routes.fid--830921d_193db4998a0_7862,Route nationale non revêtue,TGRMRTRN7 TSEVIE-KEVE,Zio,Zio,Maritime,0.3806579967110402
_mview_route_routes.fid--830921d_193db4998a0_7863,Route nationale non revêtue,TGRMRTRN7 TSEVIE-KEVE,Avé,Avé,Maritime,4.379328533488884
_mview_route_routes.fid--830921d_193db4998a0_7864,Route nationale non revêtue,TGRMRTRN7 TSEVIE-KEVE,Avé,Avé,Maritime,4.427437426773144
_mview_route_routes.fid--830921d_193db4998a0_7865,Route nationale non revêtue,TGRMRTRN7 TSEVIE-KEVE,Avé,Avé,Maritime,4.6084042619775
_mview_route_routes.fid--830921d_193db4998a0_7866,Route nationale revêtue,TGRPRRRN15 TEMEDJA(RN5)-BADOU-FRE GHANA,Amou,Amou,Plateaux,3.299478336293981
_mview_route_routes.fid--830921d_193db4998a0_7867,Route nationale revêtue,TGRPRRRN15 TEMEDJA(RN5)-BADOU-FRE GHANA,Amou,Amou,Plateaux,0.9271015082666677
_mview_route_routes.fid--830921d_193db4998a0_7867,Route nationale revêtue,TGRPRRRN15 TEMEDJA(RN5)-BADOU-FRE GHANA,Amou,Wawa,Plateaux,1.3292122934571584
_mview_route_routes.fid--830921d_193db4998a0_7868,Route nationale revêtue,TGRPRRRN15 TEMEDJA(RN5)-BADOU-FRE GHANA,Wawa,Wawa,Plateaux,9.083431320315265
_mview_route_routes.fid--830921d_193db4998a0_7869,Route nationale revêtue,TGRPRRRN15 TEMEDJA(RN5)-BADOU-FRE GHANA,Wawa,Wawa,Plateaux,1.9200794528622975
_mview_route_routes.fid--830921d_193db4998a0_786a,Route nationale revêtue,TGRPRRRN15 TEMEDJA(RN5)-BADOU-FRE GHANA,Amou,Amou,Plateaux,8.676870636371605
_mview_route_routes.fid--830921d_193db4998a0_786b,Route nationale revêtue,TGRPRRRN15 TEMEDJA(RN5)-BADOU-FRE GHANA,Wawa,Wawa,Plateaux,5.738417591063559
_mview_route_routes.fid--830921d_193db4998a0_786c,Route nationale revêtue,TGRPRRRN15 TEMEDJA(RN5)-BADOU-FRE GHANA,Wawa,Wawa,Plateaux,0.07375880777224997
_mview_route_routes.fid--830921d_193db4998a0_786d,Route nationale revêtue,TGRPRRRN15 TEMEDJA(RN5)-BADOU-FRE GHANA,Wawa,Wawa,Plateaux,2.413327820990234
_mview_route_routes.fid--830921d_193db4998a0_786e,Route nationale revêtue,TGRPRRRN15 TEMEDJA(RN5)-BADOU-FRE GHANA,Wawa,Wawa,Plateaux,2.2503326497285134
_mview_route_routes.fid--830921d_193db4998a0_786f,Route nationale revêtue,TGRPRRRN15 TEMEDJA(RN5)-BADOU-FRE GHANA,Wawa,Wawa,Plateaux,6.721080353807575
_mview_route_routes.fid--830921d_193db4998a0_7870,Route nationale revêtue,TGRPRRRN15 TEMEDJA(RN5)-BADOU-FRE GHANA,Wawa,Wawa,Plateaux,2.167535778022963
_mview_route_routes.fid--830921d_193db4998a0_7871,Route nationale revêtue,TGRPRRRN15 TEMEDJA(RN5)-BADOU-FRE GHANA,Wawa,Wawa,Plateaux,6.072149649440126
_mview_route_routes.fid--830921d_193db4998a0_7872,Route nationale revêtue,TGRPRRRN15 TEMEDJA(RN5)-BADOU-FRE GHANA,Wawa,Wawa,Plateaux,5.867104910150979
_mview_route_routes.fid--830921d_193db4998a0_7873,Route nationale revêtue,TGRPRRRN15 TEMEDJA(RN5)-BADOU-FRE GHANA,Wawa,Wawa,Plateaux,10.106710860200522
_mview_route_routes.fid--830921d_193db4998a0_7874,Route nationale revêtue,TGRPRRRN15 TEMEDJA(RN5)-BADOU-FRE GHANA,Wawa,Wawa,Plateaux,4.468245638151679
_mview_route_routes.fid--830921d_193db4998a0_7875,Route nationale revêtue,TGRPRR RN33 AGOU GADZEPE (RN5)-AGOTIME-FRE GHANA,Agou,Agou,Plateaux,2.2087974942213027
_mview_route_routes.fid--830921d_193db4998a0_7876,Route nationale revêtue,TGRPRRRN15 TEMEDJA(RN5)-BADOU-FRE GHANA,Wawa,Wawa,Plateaux,3.9008762031795463
_mview_route_routes.fid--830921d_193db4998a0_7877,Voirie urbaine,TGRPRR BRETELLE KOUGNOHOU(KOUGNOHOU-ADAPE(RN15)),Akébou,Akébou,Plateaux,2.4812497647824583
_mview_route_routes.fid--830921d_193db4998a0_7877,Voirie urbaine,TGRPRR BRETELLE KOUGNOHOU(KOUGNOHOU-ADAPE(RN15)),Akébou,Wawa,Plateaux,0.15294147949522868
_mview_route_routes.fid--830921d_193db4998a0_7878,Route nationale revêtue,TGRPRR BRETELLE KOUGNOHOU(KOUGNOHOU-ADAPE(RN15)),Wawa,Akébou,Plateaux,0.610511981920893
_mview_route_routes.fid--830921d_193db4998a0_7878,Route nationale revêtue,TGRPRR BRETELLE KOUGNOHOU(KOUGNOHOU-ADAPE(RN15)),Wawa,Wawa,Plateaux,2.2580902975915818
_mview_route_routes.fid--830921d_193db4998a0_7879,Route nationale revêtue,TGRPRR BRETELLE KOUGNOHOU(KOUGNOHOU-ADAPE(RN15)),Wawa,Wawa,Plateaux,0.07712329380435931
_mview_route_routes.fid--830921d_193db4998a0_787a,Route nationale revêtue,TGRPRRRN9A ROUTE DU MONT AGOU,Agou,Agou,Plateaux,0.8971686237212514
_mview_route_routes.fid--830921d_193db4998a0_787b,Route nationale revêtue,TGRPRRRN9A ROUTE DU MONT AGOU,Agou,Agou,Plateaux,0.04004621546544249
_mview_route_routes.fid--830921d_193db4998a0_787c,Route nationale non revêtue,TGRMRN42 KEVE-ZOLO-FRT GHANA,Avé,Avé,Maritime,1.6881258454047474
_mview_route_routes.fid--830921d_193db4998a0_787d,Route nationale revêtue,TGRPRRRN9A ROUTE DU MONT AGOU,Agou,Agou,Plateaux,3.7637038033766963
_mview_route_routes.fid--830921d_193db4998a0_787e,Route nationale revêtue,TGRPRRRN13 KPALIME(RN5)-MONT KLOTO-KAMETONOU-FRE GHANA,Kloto,Kloto,Plateaux,6.742729455655797
_mview_route_routes.fid--830921d_193db4998a0_787f,Route nationale non revêtue,TGRMRN42 KEVE-ZOLO-FRT GHANA,Avé,Avé,Maritime,7.1307629821348995
_mview_route_routes.fid--830921d_193db4998a0_7880,Route nationale non revêtue,TGRMRN42 KEVE-ZOLO-FRT GHANA,Avé,Avé,Maritime,1.346944728567985
_mview_route_routes.fid--830921d_193db4998a0_7881,Route nationale non revêtue,TGRPRT BRETELLE RN9-YIBOE,Agou,Agou,Plateaux,1.375519909179286
_mview_route_routes.fid--830921d_193db4998a0_7882,Route nationale non revêtue,TGRPRT BRETELLE RN9-YIBOE,Agou,Agou,Plateaux,2.506978232230134
_mview_route_routes.fid--830921d_193db4998a0_7883,Route nationale non revêtue,TGRPRT BRETELLE RN9-YIBOE,Agou,Agou,Plateaux,1.0720418280180428
_mview_route_routes.fid--830921d_193db4998a0_7884,Route nationale non revêtue,TGRPRT BRETELLE RN9-YIBOE,Agou,Agou,Plateaux,1.4213883585461162
_mview_route_routes.fid--830921d_193db4998a0_7885,Route nationale non revêtue,TGRPRT BRETELLE RN9-YIBOE,Agou,Agou,Plateaux,0.37229331436681334
_mview_route_routes.fid--830921d_193db4998a0_7886,Route nationale non revêtue,TGRPRT BRETELLE RN9-YIBOE,Agou,Agou,Plateaux,0.9401720636118543
_mview_route_routes.fid--830921d_193db4998a0_7887,Piste rurale,TGRPRR AZANHOUN FIAGBE-PRESIDENT COPE,Agou,Agou,Plateaux,9.016521943354602
_mview_route_routes.fid--830921d_193db4998a0_7888,Piste rurale,TGRPRR AZANHOUN FIAGBE-PRESIDENT COPE,Agou,Agou,Plateaux,4.403648832498738
_mview_route_routes.fid--830921d_193db4998a0_7889,Piste rurale,TGRPRR AZANHOUN FIAGBE-PRESIDENT COPE,Agou,Agou,Plateaux,1.523293421113052
_mview_route_routes.fid--830921d_193db4998a0_788a,Route nationale revêtue,TGRKRR RN1 ALEHERIDE-KARA-NABLOUGOU,Kozah,Kozah,Kara,1.1058295519132781
_mview_route_routes.fid--830921d_193db4998a0_788b,Route nationale revêtue,TGRPRR RN33 AGOU GADJEPE(RN5)-AGOTIME-FRE GHANA,Agou,Agou,Plateaux,4.318169385209939
_mview_route_routes.fid--830921d_193db4998a0_788c,Route nationale non revêtue,TGRPRR RN33 AGOU GADJEPE(RN5)-AGOTIME-FRE GHANA,Agou,Agou,Plateaux,2.9198396008098233
_mview_route_routes.fid--830921d_193db4998a0_788d,Route nationale revêtue,TGRPRR RN33 AGOU GADJEPE(RN5)-AGOTIME-FRE GHANA,Agou,Agou,Plateaux,0.6563348801398086
_mview_route_routes.fid--830921d_193db4998a0_788e,Route nationale revêtue,TGRPRR RN33 AGOU GADJEPE(RN5)-AGOTIME-FRE GHANA,Agou,Agou,Plateaux,7.490904803112118
_mview_route_routes.fid--830921d_193db4998a0_788f,Route nationale non revêtue,TGRPRR RN33 AGOU GADJEPE(RN5)-AGOTIME-FRE GHANA,Agou,Agou,Plateaux,3.030923678478642
_mview_route_routes.fid--830921d_193db4998a0_7890,Route nationale revêtue,TGRPRR RN33 AGOU GADJEPE(RN5)-AGOTIME-FRE GHANA,Agou,Agou,Plateaux,5.5864506833474765
_mview_route_routes.fid--830921d_193db4998a0_7891,Route nationale non revêtue,TGRPRR RN33 AGOU GADJEPE(RN5)-AGOTIME-FRE GHANA,Agou,Agou,Plateaux,3.4825569132115173
_mview_route_routes.fid--830921d_193db4998a0_7892,Route nationale revêtue,TGRPRR RN33 AGOU GADJEPE(RN5)-AGOTIME-FRE GHANA,Agou,Agou,Plateaux,4.0941946399918985
_mview_route_routes.fid--830921d_193db4998a0_7893,Voirie urbaine,TGRPRT RN15A-HÔPITAL BADOU,Wawa,Wawa,Plateaux,1.113211101399809
_mview_route_routes.fid--830921d_193db4998a0_7894,Route nationale non revêtue,TGRMRTRN32 ASSAHOUN-BATOUME-FRT GHANA,Avé,Avé,Maritime,3.607017594190293
_mview_route_routes.fid--830921d_193db4998a0_7895,Route nationale non revêtue,TGRMRTRN32 ASSAHOUN-BATOUME-FRT GHANA,Avé,Avé,Maritime,18.049429862726214
_mview_route_routes.fid--830921d_193db4998a0_7896,Route nationale revêtue,TGRPRR RN5-HOPITAL AGOU NYOGBO,Agou,Agou,Plateaux,3.0599380411966224
_mview_route_routes.fid--830921d_193db4998a0_7897,Route nationale revêtue,TGRPRR RN5-HOPITAL AGOU NYOGBO,Agou,Agou,Plateaux,0.6611163679141093
_mview_route_routes.fid--830921d_193db4998a0_7898,Route nationale non revêtue,TGRMVTA RN4(ICAT)-CRF GLIDJI-LYCEE TECNIQUE,Lacs,Lacs,Maritime,0.8366051222618648
_mview_route_routes.fid--830921d_193db4998a0_7899,Voirie urbaine,TGRKVRKARA CAP ANCIEN MARCHE-RN1 SHELL1,Kozah,Kozah,Kara,0.6668190764093365
_mview_route_routes.fid--830921d_193db4998a0_789a,Route nationale revêtue,TGRPRRRN13 KPALIME(RN5)-MONT KLOTO-KAMETONOU-FRE GHANA,Kloto,Kloto,Plateaux,0.4355736957470519
_mview_route_routes.fid--830921d_193db4998a0_789b,Route nationale revêtue,TGRPRRRN13 KPALIME(RN5)-MONT KLOTO-KAMETONOU-FRE GHANA,Kloto,Kloto,Plateaux,5.003634220569168
_mview_route_routes.fid--830921d_193db4998a0_789c,Voirie urbaine,TGRPRRRN13 KPALIME(RN5)-MONT KLOTO-KAMETONOU-FRE GHANA,Kloto,Kloto,Plateaux,4.077872526498409
_mview_route_routes.fid--830921d_193db4998a0_789d,Voirie urbaine,TGRPRRRN13 KPALIME(RN5)-MONT KLOTO-KAMETONOU-FRE GHANA,Kloto,Kloto,Plateaux,1.1591454737717244
_mview_route_routes.fid--830921d_193db4998a0_789e,Route nationale revêtue,TGRKRR RN1 ALEHERIDE-KARA-NABLOUGOU,Kozah,Kozah,Kara,1.45180329954456
_mview_route_routes.fid--830921d_193db4998a0_789f,Route nationale revêtue,TGRKRR RN1 ALEHERIDE-KARA-NABLOUGOU,Kozah,Kozah,Kara,2.8463921622903587
_mview_route_routes.fid--830921d_193db4998a0_78a0,Route nationale revêtue,TGRPRRRN15A BADOU-REVIERE WAWA (FRE GHABA),Wawa,Wawa,Plateaux,11.81693836061974
_mview_route_routes.fid--830921d_193db4998a0_78a1,Route nationale revêtue,TGRKRR RN1 ALEHERIDE-KARA-NABLOUGOU,Assoli,Assoli,Kara,2.725895485519434
_mview_route_routes.fid--830921d_193db4998a0_78a2,Route nationale revêtue,TGRKRR RN1 ALEHERIDE-KARA-NABLOUGOU,Assoli,Assoli,Kara,8.941261576996464
_mview_route_routes.fid--830921d_193db4998a0_78a3,Route nationale revêtue,TGRKRR RN1 ALEHERIDE-KARA-NABLOUGOU,Assoli,Assoli,Kara,0.9922005108298176
_mview_route_routes.fid--830921d_193db4998a0_78a4,Route nationale revêtue,TGRKRR RN1 ALEHERIDE-KARA-NABLOUGOU,Kozah,Assoli,Kara,0.7432610098288136
_mview_route_routes.fid--830921d_193db4998a0_78a4,Route nationale revêtue,TGRKRR RN1 ALEHERIDE-KARA-NABLOUGOU,Kozah,Kozah,Kara,5.5576168640636245
_mview_route_routes.fid--830921d_193db4998a0_78a5,Route nationale revêtue,TGRKRR RN1 ALEHERIDE-KARA-NABLOUGOU,Doufelgou,Doufelgou,Kara,5.638902494845737
_mview_route_routes.fid--830921d_193db4998a0_78a6,Route nationale revêtue,TGRKRR RN1 ALEHERIDE-KARA-NABLOUGOU,Kozah,Kozah,Kara,5.3768345113226195
_mview_route_routes.fid--830921d_193db4998a0_78a7,Route nationale revêtue,TGRKRR RN1 ALEHERIDE-KARA-NABLOUGOU,Kozah,Kozah,Kara,1.4183358763960583
_mview_route_routes.fid--830921d_193db4998a0_78a8,Route nationale revêtue,TGRKRR RN1 ALEHERIDE-KARA-NABLOUGOU,Kozah,Kozah,Kara,5.468629163755128
_mview_route_routes.fid--830921d_193db4998a0_78a9,Route nationale revêtue,TGRKRR RN1 ALEHERIDE-KARA-NABLOUGOU,Kozah,Kozah,Kara,3.8414306291654374
_mview_route_routes.fid--830921d_193db4998a0_78aa,Route nationale revêtue,TGRKRR RN1 ALEHERIDE-KARA-NABLOUGOU,Kozah,Kozah,Kara,5.848391927349987
_mview_route_routes.fid--830921d_193db4998a0_78ab,Route nationale revêtue,TGRKRR RN1 ALEHERIDE-KARA-NABLOUGOU,Kéran,Kéran,Kara,12.167383962751945
_mview_route_routes.fid--830921d_193db4998a0_78ac,Route nationale revêtue,TGRKRR RN1 ALEHERIDE-KARA-NABLOUGOU,Doufelgou,Doufelgou,Kara,5.780344189555608
_mview_route_routes.fid--830921d_193db4998a0_78ac,Route nationale revêtue,TGRKRR RN1 ALEHERIDE-KARA-NABLOUGOU,Doufelgou,Kozah,Kara,0.002571371570788895
_mview_route_routes.fid--830921d_193db4998a0_78ad,Route nationale revêtue,TGRKRR RN1 ALEHERIDE-KARA-NABLOUGOU,Doufelgou,Doufelgou,Kara,4.533732967718543
_mview_route_routes.fid--830921d_193db4998a0_78ae,Route nationale revêtue,TGRKRR RN1 ALEHERIDE-KARA-NABLOUGOU,Doufelgou,Doufelgou,Kara,7.016213512099361
_mview_route_routes.fid--830921d_193db4998a0_78af,Route nationale revêtue,TGRKRR RN1 ALEHERIDE-KARA-NABLOUGOU,Doufelgou,Doufelgou,Kara,7.555634676254721
_mview_route_routes.fid--830921d_193db4998a0_78af,Route nationale revêtue,TGRKRR RN1 ALEHERIDE-KARA-NABLOUGOU,Doufelgou,Kéran,Kara,3.2403236296909927
_mview_route_routes.fid--830921d_193db4998a0_78b0,Route nationale revêtue,TGRKRR RN1 ALEHERIDE-KARA-NABLOUGOU,Kéran,Kéran,Kara,1.2040927122635545
_mview_route_routes.fid--830921d_193db4998a0_78b1,Route nationale revêtue,TGRKRR RN1 ALEHERIDE-KARA-NABLOUGOU,Kéran,Kéran,Kara,8.833729616309114
_mview_route_routes.fid--830921d_193db4998a0_78b2,Route nationale revêtue,TGRKRR RN1 ALEHERIDE-KARA-NABLOUGOU,Kéran,Kéran,Kara,9.84569594912645
_mview_route_routes.fid--830921d_193db4998a0_78b3,Route nationale revêtue,TGRKRR RN1 ALEHERIDE-KARA-NABLOUGOU,Kéran,Kéran,Kara,9.005441723127019
_mview_route_routes.fid--830921d_193db4998a0_78b4,Route nationale revêtue,TGRMRRRN2/3 AFLAO AVEPOZO VOIE NORD,Golfe,Golfe,Maritime,1.8154243023711472
_mview_route_routes.fid--830921d_193db4998a0_78b5,Route nationale revêtue,TGRPRRRN8 AKPARE-NANGBETO,Ogou,Ogou,Plateaux,4.804389789226618
_mview_route_routes.fid--830921d_193db4998a0_78b6,Route nationale revêtue,TGRPRRRN8 AKPARE-NANGBETO,Ogou,Ogou,Plateaux,0.9017731362029069
_mview_route_routes.fid--830921d_193db4998a0_78b7,Route nationale revêtue,TGRPRRRN8 AKPARE-NANGBETO,Ogou,Anié,Plateaux,0.10164602855990734
_mview_route_routes.fid--830921d_193db4998a0_78b7,Route nationale revêtue,TGRPRRRN8 AKPARE-NANGBETO,Ogou,Ogou,Plateaux,1.2132877006078886
_mview_route_routes.fid--830921d_193db4998a0_78b8,Route nationale revêtue,TGRPRRRN8 AKPARE-NANGBETO,Ogou,Anié,Plateaux,0.36423014666204345
