ID,Maille,Territoire,Année,Catégorie,Mesure,Numérateur,Dénominateur,Valeur,Borne basse,Borne haute,Unité,Niveau,Source,Note
O1-01,National,Togo,1990,Moto,,,,1513.0,,,véhicules,A,D1_immatriculations.csv,
O1-01,National,Togo,1990,Voiture,,,,3814.0,,,véhicules,A,D1_immatriculations.csv,
O1-01,National,Togo,1990,Poids lourd,,,,337.0,,,véhicules,A,D1_immatriculations.csv,
O1-01,National,Togo,1990,Bus et car,,,,59.0,,,véhicules,A,D1_immatriculations.csv,
O1-01,National,Togo,1990,Autres,,,,1106.0,,,véhicules,A,D1_immatriculations.csv,
O1-01,National,Togo,1990,Ensemble,,,,6829.0,,,véhicules,A,D1_immatriculations.csv,
O1-01,National,Togo,1991,Moto,,,,1601.0,,,véhicules,A,D1_immatriculations.csv,
O1-01,National,Togo,1991,Voiture,,,,4004.0,,,véhicules,A,D1_immatriculations.csv,
O1-01,National,Togo,1991,Poids lourd,,,,381.0,,,véhicules,A,D1_immatriculations.csv,
O1-01,National,Togo,1991,Bus et car,,,,31.0,,,véhicules,A,D1_immatriculations.csv,
O1-01,National,Togo,1991,Autres,,,,1052.0,,,véhicules,A,D1_immatriculations.csv,
O1-01,National,Togo,1991,Ensemble,,,,7069.0,,,véhicules,A,D1_immatriculations.csv,
O1-01,National,Togo,1992,Moto,,,,1641.0,,,véhicules,A,D1_immatriculations.csv,
O1-01,National,Togo,1992,Voiture,,,,4300.0,,,véhicules,A,D1_immatriculations.csv,
O1-01,National,Togo,1992,Poids lourd,,,,386.0,,,véhicules,A,D1_immatriculations.csv,
O1-01,National,Togo,1992,Bus et car,,,,32.0,,,véhicules,A,D1_immatriculations.csv,
O1-01,National,Togo,1992,Autres,,,,891.0,,,véhicules,A,D1_immatriculations.csv,
O1-01,National,Togo,1992,Ensemble,,,,7250.0,,,véhicules,A,D1_immatriculations.csv,
O1-01,National,Togo,1993,Moto,,,,982.0,,,véhicules,A,D1_immatriculations.csv,
O1-01,National,Togo,1993,Voiture,,,,2577.0,,,véhicules,A,D1_immatriculations.csv,variation atypique depuis l’année précédente [SIG-02]
O1-01,National,Togo,1993,Poids lourd,,,,252.0,,,véhicules,A,D1_immatriculations.csv,
O1-01,National,Togo,1993,Bus et car,,,,3.0,,,véhicules,A,D1_immatriculations.csv,variation atypique depuis l’année précédente [SIG-04]
O1-01,National,Togo,1993,Autres,,,,535.0,,,véhicules,A,D1_immatriculations.csv,
O1-01,National,Togo,1993,Ensemble,,,,4349.0,,,véhicules,A,D1_immatriculations.csv,
O1-01,National,Togo,1994,Moto,,,,1887.0,,,véhicules,A,D1_immatriculations.csv,
O1-01,National,Togo,1994,Voiture,,,,3227.0,,,véhicules,A,D1_immatriculations.csv,
O1-01,National,Togo,1994,Poids lourd,,,,271.0,,,véhicules,A,D1_immatriculations.csv,
O1-01,National,Togo,1994,Bus et car,,,,29.0,,,véhicules,A,D1_immatriculations.csv,variation atypique depuis l’année précédente [SIG-04]
O1-01,National,Togo,1994,Autres,,,,710.0,,,véhicules,A,D1_immatriculations.csv,
O1-01,National,Togo,1994,Ensemble,,,,6124.0,,,véhicules,A,D1_immatriculations.csv,
O1-01,National,Togo,1995,Moto,,,,13883.0,,,véhicules,A,D1_immatriculations.csv,variation atypique depuis l’année précédente [SIG-01] ; rupture de série (04)
O1-01,National,Togo,1995,Voiture,,,,6728.0,,,véhicules,A,D1_immatriculations.csv,variation atypique depuis l’année précédente [SIG-02] ; rupture de série (04)
O1-01,National,Togo,1995,Poids lourd,,,,357.0,,,véhicules,A,D1_immatriculations.csv,rupture de série (04)
O1-01,National,Togo,1995,Bus et car,,,,15.0,,,véhicules,A,D1_immatriculations.csv,rupture de série (04)
O1-01,National,Togo,1995,Autres,,,,853.0,,,véhicules,A,D1_immatriculations.csv,rupture de série (04)
O1-01,National,Togo,1995,Ensemble,,,,21836.0,,,véhicules,A,D1_immatriculations.csv,rupture de série (04)
O1-01,National,Togo,1996,Moto,,,,15383.0,,,véhicules,A,D1_immatriculations.csv,
O1-01,National,Togo,1996,Voiture,,,,6239.0,,,véhicules,A,D1_immatriculations.csv,
O1-01,National,Togo,1996,Poids lourd,,,,621.0,,,véhicules,A,D1_immatriculations.csv,variation atypique depuis l’année précédente [SIG-03]
O1-01,National,Togo,1996,Bus et car,,,,16.0,,,véhicules,A,D1_immatriculations.csv,
O1-01,National,Togo,1996,Autres,,,,1296.0,,,véhicules,A,D1_immatriculations.csv,
O1-01,National,Togo,1996,Ensemble,,,,23555.0,,,véhicules,A,D1_immatriculations.csv,
O1-01,National,Togo,1997,Moto,,,,14445.0,,,véhicules,A,D1_immatriculations.csv,
O1-01,National,Togo,1997,Voiture,,,,7503.0,,,véhicules,A,D1_immatriculations.csv,
O1-01,National,Togo,1997,Poids lourd,,,,529.0,,,véhicules,A,D1_immatriculations.csv,
O1-01,National,Togo,1997,Bus et car,,,,28.0,,,véhicules,A,D1_immatriculations.csv,
O1-01,National,Togo,1997,Autres,,,,1850.0,,,véhicules,A,D1_immatriculations.csv,
O1-01,National,Togo,1997,Ensemble,,,,24355.0,,,véhicules,A,D1_immatriculations.csv,
O1-01,National,Togo,1998,Moto,,,,10603.0,,,véhicules,A,D1_immatriculations.csv,
O1-01,National,Togo,1998,Voiture,,,,7470.0,,,véhicules,A,D1_immatriculations.csv,
O1-01,National,Togo,1998,Poids lourd,,,,774.0,,,véhicules,A,D1_immatriculations.csv,
O1-01,National,Togo,1998,Bus et car,,,,35.0,,,véhicules,A,D1_immatriculations.csv,
O1-01,National,Togo,1998,Autres,,,,1787.0,,,véhicules,A,D1_immatriculations.csv,
O1-01,National,Togo,1998,Ensemble,,,,20669.0,,,véhicules,A,D1_immatriculations.csv,
O1-01,National,Togo,1999,Moto,,,,12917.0,,,véhicules,A,D1_immatriculations.csv,
O1-01,National,Togo,1999,Voiture,,,,8642.0,,,véhicules,A,D1_immatriculations.csv,
O1-01,National,Togo,1999,Poids lourd,,,,752.0,,,véhicules,A,D1_immatriculations.csv,
O1-01,National,Togo,1999,Bus et car,,,,26.0,,,véhicules,A,D1_immatriculations.csv,
O1-01,National,Togo,1999,Autres,,,,1566.0,,,véhicules,A,D1_immatriculations.csv,
O1-01,National,Togo,1999,Ensemble,,,,23903.0,,,véhicules,A,D1_immatriculations.csv,
O1-01,National,Togo,2000,Moto,,,,10639.0,,,véhicules,A,D1_immatriculations.csv,
O1-01,National,Togo,2000,Voiture,,,,7154.0,,,véhicules,A,D1_immatriculations.csv,
O1-01,National,Togo,2000,Poids lourd,,,,701.0,,,véhicules,A,D1_immatriculations.csv,
O1-01,National,Togo,2000,Bus et car,,,,30.0,,,véhicules,A,D1_immatriculations.csv,
O1-01,National,Togo,2000,Autres,,,,1456.0,,,véhicules,A,D1_immatriculations.csv,
O1-01,National,Togo,2000,Ensemble,,,,19980.0,,,véhicules,A,D1_immatriculations.csv,
O1-01,National,Togo,2001,Moto,,,,8500.0,,,véhicules,A,D1_immatriculations.csv,
O1-01,National,Togo,2001,Voiture,,,,8469.0,,,véhicules,A,D1_immatriculations.csv,
O1-01,National,Togo,2001,Poids lourd,,,,770.0,,,véhicules,A,D1_immatriculations.csv,
O1-01,National,Togo,2001,Bus et car,,,,32.0,,,véhicules,A,D1_immatriculations.csv,
O1-01,National,Togo,2001,Autres,,,,1567.0,,,véhicules,A,D1_immatriculations.csv,
O1-01,National,Togo,2001,Ensemble,,,,19338.0,,,véhicules,A,D1_immatriculations.csv,
O1-01,National,Togo,2002,Moto,,,,8632.0,,,véhicules,A,D1_immatriculations.csv,
O1-01,National,Togo,2002,Voiture,,,,9500.0,,,véhicules,A,D1_immatriculations.csv,
O1-01,National,Togo,2002,Poids lourd,,,,721.0,,,véhicules,A,D1_immatriculations.csv,
O1-01,National,Togo,2002,Bus et car,,,,29.0,,,véhicules,A,D1_immatriculations.csv,
O1-01,National,Togo,2002,Autres,,,,1671.0,,,véhicules,A,D1_immatriculations.csv,
O1-01,National,Togo,2002,Ensemble,,,,20553.0,,,véhicules,A,D1_immatriculations.csv,
O1-01,National,Togo,2003,Moto,,,,12130.0,,,véhicules,A,D1_immatriculations.csv,
O1-01,National,Togo,2003,Voiture,,,,13991.0,,,véhicules,A,D1_immatriculations.csv,variation atypique depuis l’année précédente [SIG-02]
O1-01,National,Togo,2003,Poids lourd,,,,1372.0,,,véhicules,A,D1_immatriculations.csv,variation atypique depuis l’année précédente [SIG-03]
O1-01,National,Togo,2003,Bus et car,,,,21.0,,,véhicules,A,D1_immatriculations.csv,
O1-01,National,Togo,2003,Autres,,,,1359.0,,,véhicules,A,D1_immatriculations.csv,
O1-01,National,Togo,2003,Ensemble,,,,28873.0,,,véhicules,A,D1_immatriculations.csv,
O1-01,National,Togo,2004,Moto,,,,33980.0,,,véhicules,A,D1_immatriculations.csv,variation atypique depuis l’année précédente [SIG-01] ; rupture de série (04)
O1-01,National,Togo,2004,Voiture,,,,11430.0,,,véhicules,A,D1_immatriculations.csv,rupture de série (04)
O1-01,National,Togo,2004,Poids lourd,,,,1086.0,,,véhicules,A,D1_immatriculations.csv,rupture de série (04)
O1-01,National,Togo,2004,Bus et car,,,,17.0,,,véhicules,A,D1_immatriculations.csv,rupture de série (04)
O1-01,National,Togo,2004,Autres,,,,1681.0,,,véhicules,A,D1_immatriculations.csv,rupture de série (04)
O1-01,National,Togo,2004,Ensemble,,,,48194.0,,,véhicules,A,D1_immatriculations.csv,rupture de série (04)
O1-01,National,Togo,2005,Moto,,,,27791.0,,,véhicules,A,D1_immatriculations.csv,
O1-01,National,Togo,2005,Voiture,,,,11308.0,,,véhicules,A,D1_immatriculations.csv,
O1-01,National,Togo,2005,Poids lourd,,,,1342.0,,,véhicules,A,D1_immatriculations.csv,
O1-01,National,Togo,2005,Bus et car,,,,18.0,,,véhicules,A,D1_immatriculations.csv,
O1-01,National,Togo,2005,Autres,,,,955.0,,,véhicules,A,D1_immatriculations.csv,
O1-01,National,Togo,2005,Ensemble,,,,41414.0,,,véhicules,A,D1_immatriculations.csv,
O1-01,National,Togo,2006,Moto,,,,35760.0,,,véhicules,A,D1_immatriculations.csv,
O1-01,National,Togo,2006,Voiture,,,,10961.0,,,véhicules,A,D1_immatriculations.csv,
O1-01,National,Togo,2006,Poids lourd,,,,1181.0,,,véhicules,A,D1_immatriculations.csv,
O1-01,National,Togo,2006,Bus et car,,,,28.0,,,véhicules,A,D1_immatriculations.csv,
O1-01,National,Togo,2006,Autres,,,,1305.0,,,véhicules,A,D1_immatriculations.csv,
O1-01,National,Togo,2006,Ensemble,,,,49235.0,,,véhicules,A,D1_immatriculations.csv,
O1-01,National,Togo,2007,Moto,,,,34454.0,,,véhicules,A,D1_immatriculations.csv,
O1-01,National,Togo,2007,Voiture,,,,10692.0,,,véhicules,A,D1_immatriculations.csv,
O1-01,National,Togo,2007,Poids lourd,,,,1057.0,,,véhicules,A,D1_immatriculations.csv,
O1-01,National,Togo,2007,Bus et car,,,,22.0,,,véhicules,A,D1_immatriculations.csv,
O1-01,National,Togo,2007,Autres,,,,1267.0,,,véhicules,A,D1_immatriculations.csv,
O1-01,National,Togo,2007,Ensemble,,,,47492.0,,,véhicules,A,D1_immatriculations.csv,
O1-01,National,Togo,2008,Moto,,,,44409.0,,,véhicules,A,D1_immatriculations.csv,
O1-01,National,Togo,2008,Voiture,,,,10989.0,,,véhicules,A,D1_immatriculations.csv,
O1-01,National,Togo,2008,Poids lourd,,,,1324.0,,,véhicules,A,D1_immatriculations.csv,
O1-01,National,Togo,2008,Bus et car,,,,18.0,,,véhicules,A,D1_immatriculations.csv,
O1-01,National,Togo,2008,Autres,,,,1075.0,,,véhicules,A,D1_immatriculations.csv,
O1-01,National,Togo,2008,Ensemble,,,,57815.0,,,véhicules,A,D1_immatriculations.csv,
O1-01,National,Togo,2009,Moto,,,,36277.0,,,véhicules,A,D1_immatriculations.csv,
O1-01,National,Togo,2009,Voiture,,,,5751.0,,,véhicules,A,D1_immatriculations.csv,variation atypique depuis l’année précédente [SIG-02]
O1-01,National,Togo,2009,Poids lourd,,,,1445.0,,,véhicules,A,D1_immatriculations.csv,
O1-01,National,Togo,2009,Bus et car,,,,36.0,,,véhicules,A,D1_immatriculations.csv,variation atypique depuis l’année précédente [SIG-04]
O1-01,National,Togo,2009,Autres,,,,1403.0,,,véhicules,A,D1_immatriculations.csv,
O1-01,National,Togo,2009,Ensemble,,,,44912.0,,,véhicules,A,D1_immatriculations.csv,
O1-01,National,Togo,2010,Moto,,,,38638.0,,,véhicules,A,D1_immatriculations.csv,
O1-01,National,Togo,2010,Voiture,,,,6229.0,,,véhicules,A,D1_immatriculations.csv,
O1-01,National,Togo,2010,Poids lourd,,,,2873.0,,,véhicules,A,D1_immatriculations.csv,variation atypique depuis l’année précédente [SIG-03]
O1-01,National,Togo,2010,Bus et car,,,,96.0,,,véhicules,A,D1_immatriculations.csv,variation atypique depuis l’année précédente [SIG-04]
O1-01,National,Togo,2010,Autres,,,,1542.0,,,véhicules,A,D1_immatriculations.csv,
O1-01,National,Togo,2010,Ensemble,,,,49378.0,,,véhicules,A,D1_immatriculations.csv,
O1-01,National,Togo,2011,Moto,,,,42283.0,,,véhicules,A,D1_immatriculations.csv,
O1-01,National,Togo,2011,Voiture,,,,7256.0,,,véhicules,A,D1_immatriculations.csv,
O1-01,National,Togo,2011,Poids lourd,,,,3668.0,,,véhicules,A,D1_immatriculations.csv,
O1-01,National,Togo,2011,Bus et car,,,,97.0,,,véhicules,A,D1_immatriculations.csv,
O1-01,National,Togo,2011,Autres,,,,2219.0,,,véhicules,A,D1_immatriculations.csv,
O1-01,National,Togo,2011,Ensemble,,,,55523.0,,,véhicules,A,D1_immatriculations.csv,
O1-01,National,Togo,2012,Moto,,,,43757.0,,,véhicules,A,D1_immatriculations.csv,
O1-01,National,Togo,2012,Voiture,,,,9056.0,,,véhicules,A,D1_immatriculations.csv,
O1-01,National,Togo,2012,Poids lourd,,,,4386.0,,,véhicules,A,D1_immatriculations.csv,
O1-01,National,Togo,2012,Bus et car,,,,102.0,,,véhicules,A,D1_immatriculations.csv,
O1-01,National,Togo,2012,Autres,,,,1986.0,,,véhicules,A,D1_immatriculations.csv,
O1-01,National,Togo,2012,Ensemble,,,,59287.0,,,véhicules,A,D1_immatriculations.csv,
O1-01,National,Togo,2013,Moto,,,,41830.0,,,véhicules,A,D1_immatriculations.csv,
O1-01,National,Togo,2013,Voiture,,,,9402.0,,,véhicules,A,D1_immatriculations.csv,
O1-01,National,Togo,2013,Poids lourd,,,,4466.0,,,véhicules,A,D1_immatriculations.csv,
O1-01,National,Togo,2013,Bus et car,,,,94.0,,,véhicules,A,D1_immatriculations.csv,
O1-01,National,Togo,2013,Autres,,,,2311.0,,,véhicules,A,D1_immatriculations.csv,
O1-01,National,Togo,2013,Ensemble,,,,58103.0,,,véhicules,A,D1_immatriculations.csv,
O1-01,National,Togo,2014,Moto,,,,51134.0,,,véhicules,A,D1_immatriculations.csv,
O1-01,National,Togo,2014,Voiture,,,,10304.0,,,véhicules,A,D1_immatriculations.csv,
O1-01,National,Togo,2014,Poids lourd,,,,4894.0,,,véhicules,A,D1_immatriculations.csv,
O1-01,National,Togo,2014,Bus et car,,,,103.0,,,véhicules,A,D1_immatriculations.csv,
O1-01,National,Togo,2014,Autres,,,,2533.0,,,véhicules,A,D1_immatriculations.csv,
O1-01,National,Togo,2014,Ensemble,,,,68968.0,,,véhicules,A,D1_immatriculations.csv,
O1-01,National,Togo,2015,Moto,,,,65599.0,,,véhicules,A,D1_immatriculations.csv,
O1-01,National,Togo,2015,Voiture,,,,14500.0,,,véhicules,A,D1_immatriculations.csv,
O1-01,National,Togo,2015,Poids lourd,,,,2333.0,,,véhicules,A,D1_immatriculations.csv,
O1-01,National,Togo,2015,Bus et car,,,,87.0,,,véhicules,A,D1_immatriculations.csv,
O1-01,National,Togo,2015,Autres,,,,3229.0,,,véhicules,A,D1_immatriculations.csv,
O1-01,National,Togo,2015,Ensemble,,,,85748.0,,,véhicules,A,D1_immatriculations.csv,
O1-01,National,Togo,2016,Moto,,,,45341.0,,,véhicules,A,D1_immatriculations.csv,
O1-01,National,Togo,2016,Voiture,,,,14079.0,,,véhicules,A,D1_immatriculations.csv,
O1-01,National,Togo,2016,Poids lourd,,,,1715.0,,,véhicules,A,D1_immatriculations.csv,
O1-01,National,Togo,2016,Bus et car,,,,62.0,,,véhicules,A,D1_immatriculations.csv,
O1-01,National,Togo,2016,Autres,,,,2923.0,,,véhicules,A,D1_immatriculations.csv,
O1-01,National,Togo,2016,Ensemble,,,,64120.0,,,véhicules,A,D1_immatriculations.csv,
O1-01,National,Togo,2017,Moto,,,,41187.0,,,véhicules,A,D1_immatriculations.csv,
O1-01,National,Togo,2017,Voiture,,,,14328.0,,,véhicules,A,D1_immatriculations.csv,
O1-01,National,Togo,2017,Poids lourd,,,,2232.0,,,véhicules,A,D1_immatriculations.csv,
O1-01,National,Togo,2017,Bus et car,,,,73.0,,,véhicules,A,D1_immatriculations.csv,
O1-01,National,Togo,2017,Autres,,,,3149.0,,,véhicules,A,D1_immatriculations.csv,
O1-01,National,Togo,2017,Ensemble,,,,60969.0,,,véhicules,A,D1_immatriculations.csv,
O1-01,National,Togo,2018,Moto,,,,43063.0,,,véhicules,A,D1_immatriculations.csv,
O1-01,National,Togo,2018,Voiture,,,,15607.0,,,véhicules,A,D1_immatriculations.csv,
O1-01,National,Togo,2018,Poids lourd,,,,2369.0,,,véhicules,A,D1_immatriculations.csv,
O1-01,National,Togo,2018,Bus et car,,,,83.0,,,véhicules,A,D1_immatriculations.csv,
O1-01,National,Togo,2018,Autres,,,,3224.0,,,véhicules,A,D1_immatriculations.csv,
O1-01,National,Togo,2018,Ensemble,,,,64346.0,,,véhicules,A,D1_immatriculations.csv,
O1-01,National,Togo,2019,Moto,,,,54873.0,,,véhicules,A,D1_immatriculations.csv,
O1-01,National,Togo,2019,Voiture,,,,18072.0,,,véhicules,A,D1_immatriculations.csv,
O1-01,National,Togo,2019,Poids lourd,,,,2454.0,,,véhicules,A,D1_immatriculations.csv,
O1-01,National,Togo,2019,Bus et car,,,,133.0,,,véhicules,A,D1_immatriculations.csv,
O1-01,National,Togo,2019,Autres,,,,3682.0,,,véhicules,A,D1_immatriculations.csv,
O1-01,National,Togo,2019,Ensemble,,,,79214.0,,,véhicules,A,D1_immatriculations.csv,
O1-01,National,Togo,2020,Moto,,,,44850.0,,,véhicules,A,D1_immatriculations.csv,
O1-01,National,Togo,2020,Voiture,,,,16386.0,,,véhicules,A,D1_immatriculations.csv,
O1-01,National,Togo,2020,Poids lourd,,,,3328.0,,,véhicules,A,D1_immatriculations.csv,
O1-01,National,Togo,2020,Bus et car,,,,91.0,,,véhicules,A,D1_immatriculations.csv,
O1-01,National,Togo,2020,Autres,,,,4085.0,,,véhicules,A,D1_immatriculations.csv,
O1-01,National,Togo,2020,Ensemble,,,,68740.0,,,véhicules,A,D1_immatriculations.csv,
O1-01,National,Togo,2021,Moto,,,,65363.0,,,véhicules,A,D1_immatriculations.csv,
O1-01,National,Togo,2021,Voiture,,,,20313.0,,,véhicules,A,D1_immatriculations.csv,
O1-01,National,Togo,2021,Poids lourd,,,,3226.0,,,véhicules,A,D1_immatriculations.csv,
O1-01,National,Togo,2021,Bus et car,,,,101.0,,,véhicules,A,D1_immatriculations.csv,
O1-01,National,Togo,2021,Autres,,,,4941.0,,,véhicules,A,D1_immatriculations.csv,
O1-01,National,Togo,2021,Ensemble,,,,93944.0,,,véhicules,A,D1_immatriculations.csv,
O1-01,National,Togo,2022,Moto,,,,67639.0,,,véhicules,A,D1_immatriculations.csv,
O1-01,National,Togo,2022,Voiture,,,,18131.0,,,véhicules,A,D1_immatriculations.csv,
O1-01,National,Togo,2022,Poids lourd,,,,3229.0,,,véhicules,A,D1_immatriculations.csv,
O1-01,National,Togo,2022,Bus et car,,,,145.0,,,véhicules,A,D1_immatriculations.csv,
O1-01,National,Togo,2022,Autres,,,,4626.0,,,véhicules,A,D1_immatriculations.csv,
O1-01,National,Togo,2022,Ensemble,,,,93770.0,,,véhicules,A,D1_immatriculations.csv,
O1-01,National,Togo,2023,Moto,,,,107845.0,,,véhicules,A,D1_immatriculations.csv,
O1-01,National,Togo,2023,Voiture,,,,15764.0,,,véhicules,A,D1_immatriculations.csv,
O1-01,National,Togo,2023,Poids lourd,,,,2620.0,,,véhicules,A,D1_immatriculations.csv,
O1-01,National,Togo,2023,Bus et car,,,,189.0,,,véhicules,A,D1_immatriculations.csv,
O1-01,National,Togo,2023,Autres,,,,4441.0,,,véhicules,A,D1_immatriculations.csv,
O1-01,National,Togo,2023,Ensemble,,,,130859.0,,,véhicules,A,D1_immatriculations.csv,
O1-01,National,Togo,2024,Moto,,,,65593.0,,,véhicules,A,D1_immatriculations.csv,
O1-01,National,Togo,2024,Voiture,,,,15325.0,,,véhicules,A,D1_immatriculations.csv,
O1-01,National,Togo,2024,Poids lourd,,,,2489.0,,,véhicules,A,D1_immatriculations.csv,
O1-01,National,Togo,2024,Bus et car,,,,122.0,,,véhicules,A,D1_immatriculations.csv,
O1-01,National,Togo,2024,Autres,,,,4669.0,,,véhicules,A,D1_immatriculations.csv,
O1-01,National,Togo,2024,Ensemble,,,,88198.0,,,véhicules,A,D1_immatriculations.csv,
O1-02,National,Togo,1990,Moto,,1513.0,6829.0,22.2,,,%,B,D1_immatriculations.csv,
O1-02,National,Togo,1990,Voiture,,3814.0,6829.0,55.9,,,%,B,D1_immatriculations.csv,
O1-02,National,Togo,1990,Poids lourd,,337.0,6829.0,4.9,,,%,B,D1_immatriculations.csv,
O1-02,National,Togo,1990,Bus et car,,59.0,6829.0,0.9,,,%,B,D1_immatriculations.csv,
O1-02,National,Togo,1990,Autres,,1106.0,6829.0,16.2,,,%,B,D1_immatriculations.csv,
O1-02,National,Togo,1991,Moto,,1601.0,7069.0,22.6,,,%,B,D1_immatriculations.csv,
O1-02,National,Togo,1991,Voiture,,4004.0,7069.0,56.6,,,%,B,D1_immatriculations.csv,
O1-02,National,Togo,1991,Poids lourd,,381.0,7069.0,5.4,,,%,B,D1_immatriculations.csv,
O1-02,National,Togo,1991,Bus et car,,31.0,7069.0,0.4,,,%,B,D1_immatriculations.csv,
O1-02,National,Togo,1991,Autres,,1052.0,7069.0,14.9,,,%,B,D1_immatriculations.csv,
O1-02,National,Togo,1992,Moto,,1641.0,7250.0,22.6,,,%,B,D1_immatriculations.csv,
O1-02,National,Togo,1992,Voiture,,4300.0,7250.0,59.3,,,%,B,D1_immatriculations.csv,
O1-02,National,Togo,1992,Poids lourd,,386.0,7250.0,5.3,,,%,B,D1_immatriculations.csv,
O1-02,National,Togo,1992,Bus et car,,32.0,7250.0,0.4,,,%,B,D1_immatriculations.csv,
O1-02,National,Togo,1992,Autres,,891.0,7250.0,12.3,,,%,B,D1_immatriculations.csv,
O1-02,National,Togo,1993,Moto,,982.0,4349.0,22.6,,,%,B,D1_immatriculations.csv,
O1-02,National,Togo,1993,Voiture,,2577.0,4349.0,59.3,,,%,B,D1_immatriculations.csv,
O1-02,National,Togo,1993,Poids lourd,,252.0,4349.0,5.8,,,%,B,D1_immatriculations.csv,
O1-02,National,Togo,1993,Bus et car,,3.0,4349.0,0.1,,,%,B,D1_immatriculations.csv,
O1-02,National,Togo,1993,Autres,,535.0,4349.0,12.3,,,%,B,D1_immatriculations.csv,
O1-02,National,Togo,1994,Moto,,1887.0,6124.0,30.8,,,%,B,D1_immatriculations.csv,
O1-02,National,Togo,1994,Voiture,,3227.0,6124.0,52.7,,,%,B,D1_immatriculations.csv,
O1-02,National,Togo,1994,Poids lourd,,271.0,6124.0,4.4,,,%,B,D1_immatriculations.csv,
O1-02,National,Togo,1994,Bus et car,,29.0,6124.0,0.5,,,%,B,D1_immatriculations.csv,
O1-02,National,Togo,1994,Autres,,710.0,6124.0,11.6,,,%,B,D1_immatriculations.csv,
O1-02,National,Togo,1995,Moto,,13883.0,21836.0,63.6,,,%,B,D1_immatriculations.csv,
O1-02,National,Togo,1995,Voiture,,6728.0,21836.0,30.8,,,%,B,D1_immatriculations.csv,
O1-02,National,Togo,1995,Poids lourd,,357.0,21836.0,1.6,,,%,B,D1_immatriculations.csv,
O1-02,National,Togo,1995,Bus et car,,15.0,21836.0,0.1,,,%,B,D1_immatriculations.csv,
O1-02,National,Togo,1995,Autres,,853.0,21836.0,3.9,,,%,B,D1_immatriculations.csv,
O1-02,National,Togo,1996,Moto,,15383.0,23555.0,65.3,,,%,B,D1_immatriculations.csv,
O1-02,National,Togo,1996,Voiture,,6239.0,23555.0,26.5,,,%,B,D1_immatriculations.csv,
O1-02,National,Togo,1996,Poids lourd,,621.0,23555.0,2.6,,,%,B,D1_immatriculations.csv,
O1-02,National,Togo,1996,Bus et car,,16.0,23555.0,0.1,,,%,B,D1_immatriculations.csv,
O1-02,National,Togo,1996,Autres,,1296.0,23555.0,5.5,,,%,B,D1_immatriculations.csv,
O1-02,National,Togo,1997,Moto,,14445.0,24355.0,59.3,,,%,B,D1_immatriculations.csv,
O1-02,National,Togo,1997,Voiture,,7503.0,24355.0,30.8,,,%,B,D1_immatriculations.csv,
O1-02,National,Togo,1997,Poids lourd,,529.0,24355.0,2.2,,,%,B,D1_immatriculations.csv,
O1-02,National,Togo,1997,Bus et car,,28.0,24355.0,0.1,,,%,B,D1_immatriculations.csv,
O1-02,National,Togo,1997,Autres,,1850.0,24355.0,7.6,,,%,B,D1_immatriculations.csv,
O1-02,National,Togo,1998,Moto,,10603.0,20669.0,51.3,,,%,B,D1_immatriculations.csv,
O1-02,National,Togo,1998,Voiture,,7470.0,20669.0,36.1,,,%,B,D1_immatriculations.csv,
O1-02,National,Togo,1998,Poids lourd,,774.0,20669.0,3.7,,,%,B,D1_immatriculations.csv,
O1-02,National,Togo,1998,Bus et car,,35.0,20669.0,0.2,,,%,B,D1_immatriculations.csv,
O1-02,National,Togo,1998,Autres,,1787.0,20669.0,8.6,,,%,B,D1_immatriculations.csv,
O1-02,National,Togo,1999,Moto,,12917.0,23903.0,54.0,,,%,B,D1_immatriculations.csv,
O1-02,National,Togo,1999,Voiture,,8642.0,23903.0,36.2,,,%,B,D1_immatriculations.csv,
O1-02,National,Togo,1999,Poids lourd,,752.0,23903.0,3.1,,,%,B,D1_immatriculations.csv,
O1-02,National,Togo,1999,Bus et car,,26.0,23903.0,0.1,,,%,B,D1_immatriculations.csv,
O1-02,National,Togo,1999,Autres,,1566.0,23903.0,6.6,,,%,B,D1_immatriculations.csv,
O1-02,National,Togo,2000,Moto,,10639.0,19980.0,53.2,,,%,B,D1_immatriculations.csv,
O1-02,National,Togo,2000,Voiture,,7154.0,19980.0,35.8,,,%,B,D1_immatriculations.csv,
O1-02,National,Togo,2000,Poids lourd,,701.0,19980.0,3.5,,,%,B,D1_immatriculations.csv,
O1-02,National,Togo,2000,Bus et car,,30.0,19980.0,0.2,,,%,B,D1_immatriculations.csv,
O1-02,National,Togo,2000,Autres,,1456.0,19980.0,7.3,,,%,B,D1_immatriculations.csv,
O1-02,National,Togo,2001,Moto,,8500.0,19338.0,44.0,,,%,B,D1_immatriculations.csv,
O1-02,National,Togo,2001,Voiture,,8469.0,19338.0,43.8,,,%,B,D1_immatriculations.csv,
O1-02,National,Togo,2001,Poids lourd,,770.0,19338.0,4.0,,,%,B,D1_immatriculations.csv,
O1-02,National,Togo,2001,Bus et car,,32.0,19338.0,0.2,,,%,B,D1_immatriculations.csv,
O1-02,National,Togo,2001,Autres,,1567.0,19338.0,8.1,,,%,B,D1_immatriculations.csv,
O1-02,National,Togo,2002,Moto,,8632.0,20553.0,42.0,,,%,B,D1_immatriculations.csv,
O1-02,National,Togo,2002,Voiture,,9500.0,20553.0,46.2,,,%,B,D1_immatriculations.csv,
O1-02,National,Togo,2002,Poids lourd,,721.0,20553.0,3.5,,,%,B,D1_immatriculations.csv,
O1-02,National,Togo,2002,Bus et car,,29.0,20553.0,0.1,,,%,B,D1_immatriculations.csv,
O1-02,National,Togo,2002,Autres,,1671.0,20553.0,8.1,,,%,B,D1_immatriculations.csv,
O1-02,National,Togo,2003,Moto,,12130.0,28873.0,42.0,,,%,B,D1_immatriculations.csv,
O1-02,National,Togo,2003,Voiture,,13991.0,28873.0,48.5,,,%,B,D1_immatriculations.csv,
O1-02,National,Togo,2003,Poids lourd,,1372.0,28873.0,4.8,,,%,B,D1_immatriculations.csv,
O1-02,National,Togo,2003,Bus et car,,21.0,28873.0,0.1,,,%,B,D1_immatriculations.csv,
O1-02,National,Togo,2003,Autres,,1359.0,28873.0,4.7,,,%,B,D1_immatriculations.csv,
O1-02,National,Togo,2004,Moto,,33980.0,48194.0,70.5,,,%,B,D1_immatriculations.csv,
O1-02,National,Togo,2004,Voiture,,11430.0,48194.0,23.7,,,%,B,D1_immatriculations.csv,
O1-02,National,Togo,2004,Poids lourd,,1086.0,48194.0,2.3,,,%,B,D1_immatriculations.csv,
O1-02,National,Togo,2004,Bus et car,,17.0,48194.0,0.0,,,%,B,D1_immatriculations.csv,
O1-02,National,Togo,2004,Autres,,1681.0,48194.0,3.5,,,%,B,D1_immatriculations.csv,
O1-02,National,Togo,2005,Moto,,27791.0,41414.0,67.1,,,%,B,D1_immatriculations.csv,
O1-02,National,Togo,2005,Voiture,,11308.0,41414.0,27.3,,,%,B,D1_immatriculations.csv,
O1-02,National,Togo,2005,Poids lourd,,1342.0,41414.0,3.2,,,%,B,D1_immatriculations.csv,
O1-02,National,Togo,2005,Bus et car,,18.0,41414.0,0.0,,,%,B,D1_immatriculations.csv,
O1-02,National,Togo,2005,Autres,,955.0,41414.0,2.3,,,%,B,D1_immatriculations.csv,
O1-02,National,Togo,2006,Moto,,35760.0,49235.0,72.6,,,%,B,D1_immatriculations.csv,
O1-02,National,Togo,2006,Voiture,,10961.0,49235.0,22.3,,,%,B,D1_immatriculations.csv,
O1-02,National,Togo,2006,Poids lourd,,1181.0,49235.0,2.4,,,%,B,D1_immatriculations.csv,
O1-02,National,Togo,2006,Bus et car,,28.0,49235.0,0.1,,,%,B,D1_immatriculations.csv,
O1-02,National,Togo,2006,Autres,,1305.0,49235.0,2.7,,,%,B,D1_immatriculations.csv,
O1-02,National,Togo,2007,Moto,,34454.0,47492.0,72.5,,,%,B,D1_immatriculations.csv,
O1-02,National,Togo,2007,Voiture,,10692.0,47492.0,22.5,,,%,B,D1_immatriculations.csv,
O1-02,National,Togo,2007,Poids lourd,,1057.0,47492.0,2.2,,,%,B,D1_immatriculations.csv,
O1-02,National,Togo,2007,Bus et car,,22.0,47492.0,0.0,,,%,B,D1_immatriculations.csv,
O1-02,National,Togo,2007,Autres,,1267.0,47492.0,2.7,,,%,B,D1_immatriculations.csv,
O1-02,National,Togo,2008,Moto,,44409.0,57815.0,76.8,,,%,B,D1_immatriculations.csv,
O1-02,National,Togo,2008,Voiture,,10989.0,57815.0,19.0,,,%,B,D1_immatriculations.csv,
O1-02,National,Togo,2008,Poids lourd,,1324.0,57815.0,2.3,,,%,B,D1_immatriculations.csv,
O1-02,National,Togo,2008,Bus et car,,18.0,57815.0,0.0,,,%,B,D1_immatriculations.csv,
O1-02,National,Togo,2008,Autres,,1075.0,57815.0,1.9,,,%,B,D1_immatriculations.csv,
O1-02,National,Togo,2009,Moto,,36277.0,44912.0,80.8,,,%,B,D1_immatriculations.csv,
O1-02,National,Togo,2009,Voiture,,5751.0,44912.0,12.8,,,%,B,D1_immatriculations.csv,
O1-02,National,Togo,2009,Poids lourd,,1445.0,44912.0,3.2,,,%,B,D1_immatriculations.csv,
O1-02,National,Togo,2009,Bus et car,,36.0,44912.0,0.1,,,%,B,D1_immatriculations.csv,
O1-02,National,Togo,2009,Autres,,1403.0,44912.0,3.1,,,%,B,D1_immatriculations.csv,
O1-02,National,Togo,2010,Moto,,38638.0,49378.0,78.2,,,%,B,D1_immatriculations.csv,
O1-02,National,Togo,2010,Voiture,,6229.0,49378.0,12.6,,,%,B,D1_immatriculations.csv,
O1-02,National,Togo,2010,Poids lourd,,2873.0,49378.0,5.8,,,%,B,D1_immatriculations.csv,
O1-02,National,Togo,2010,Bus et car,,96.0,49378.0,0.2,,,%,B,D1_immatriculations.csv,
O1-02,National,Togo,2010,Autres,,1542.0,49378.0,3.1,,,%,B,D1_immatriculations.csv,
O1-02,National,Togo,2011,Moto,,42283.0,55523.0,76.2,,,%,B,D1_immatriculations.csv,
O1-02,National,Togo,2011,Voiture,,7256.0,55523.0,13.1,,,%,B,D1_immatriculations.csv,
O1-02,National,Togo,2011,Poids lourd,,3668.0,55523.0,6.6,,,%,B,D1_immatriculations.csv,
O1-02,National,Togo,2011,Bus et car,,97.0,55523.0,0.2,,,%,B,D1_immatriculations.csv,
O1-02,National,Togo,2011,Autres,,2219.0,55523.0,4.0,,,%,B,D1_immatriculations.csv,
O1-02,National,Togo,2012,Moto,,43757.0,59287.0,73.8,,,%,B,D1_immatriculations.csv,
O1-02,National,Togo,2012,Voiture,,9056.0,59287.0,15.3,,,%,B,D1_immatriculations.csv,
O1-02,National,Togo,2012,Poids lourd,,4386.0,59287.0,7.4,,,%,B,D1_immatriculations.csv,
O1-02,National,Togo,2012,Bus et car,,102.0,59287.0,0.2,,,%,B,D1_immatriculations.csv,
O1-02,National,Togo,2012,Autres,,1986.0,59287.0,3.3,,,%,B,D1_immatriculations.csv,
O1-02,National,Togo,2013,Moto,,41830.0,58103.0,72.0,,,%,B,D1_immatriculations.csv,
O1-02,National,Togo,2013,Voiture,,9402.0,58103.0,16.2,,,%,B,D1_immatriculations.csv,
O1-02,National,Togo,2013,Poids lourd,,4466.0,58103.0,7.7,,,%,B,D1_immatriculations.csv,
O1-02,National,Togo,2013,Bus et car,,94.0,58103.0,0.2,,,%,B,D1_immatriculations.csv,
O1-02,National,Togo,2013,Autres,,2311.0,58103.0,4.0,,,%,B,D1_immatriculations.csv,
O1-02,National,Togo,2014,Moto,,51134.0,68968.0,74.1,,,%,B,D1_immatriculations.csv,
O1-02,National,Togo,2014,Voiture,,10304.0,68968.0,14.9,,,%,B,D1_immatriculations.csv,
O1-02,National,Togo,2014,Poids lourd,,4894.0,68968.0,7.1,,,%,B,D1_immatriculations.csv,
O1-02,National,Togo,2014,Bus et car,,103.0,68968.0,0.1,,,%,B,D1_immatriculations.csv,
O1-02,National,Togo,2014,Autres,,2533.0,68968.0,3.7,,,%,B,D1_immatriculations.csv,
O1-02,National,Togo,2015,Moto,,65599.0,85748.0,76.5,,,%,B,D1_immatriculations.csv,
O1-02,National,Togo,2015,Voiture,,14500.0,85748.0,16.9,,,%,B,D1_immatriculations.csv,
O1-02,National,Togo,2015,Poids lourd,,2333.0,85748.0,2.7,,,%,B,D1_immatriculations.csv,
O1-02,National,Togo,2015,Bus et car,,87.0,85748.0,0.1,,,%,B,D1_immatriculations.csv,
O1-02,National,Togo,2015,Autres,,3229.0,85748.0,3.8,,,%,B,D1_immatriculations.csv,
O1-02,National,Togo,2016,Moto,,45341.0,64120.0,70.7,,,%,B,D1_immatriculations.csv,
O1-02,National,Togo,2016,Voiture,,14079.0,64120.0,22.0,,,%,B,D1_immatriculations.csv,
O1-02,National,Togo,2016,Poids lourd,,1715.0,64120.0,2.7,,,%,B,D1_immatriculations.csv,
O1-02,National,Togo,2016,Bus et car,,62.0,64120.0,0.1,,,%,B,D1_immatriculations.csv,
O1-02,National,Togo,2016,Autres,,2923.0,64120.0,4.6,,,%,B,D1_immatriculations.csv,
O1-02,National,Togo,2017,Moto,,41187.0,60969.0,67.6,,,%,B,D1_immatriculations.csv,
O1-02,National,Togo,2017,Voiture,,14328.0,60969.0,23.5,,,%,B,D1_immatriculations.csv,
O1-02,National,Togo,2017,Poids lourd,,2232.0,60969.0,3.7,,,%,B,D1_immatriculations.csv,
O1-02,National,Togo,2017,Bus et car,,73.0,60969.0,0.1,,,%,B,D1_immatriculations.csv,
O1-02,National,Togo,2017,Autres,,3149.0,60969.0,5.2,,,%,B,D1_immatriculations.csv,
O1-02,National,Togo,2018,Moto,,43063.0,64346.0,66.9,,,%,B,D1_immatriculations.csv,
O1-02,National,Togo,2018,Voiture,,15607.0,64346.0,24.3,,,%,B,D1_immatriculations.csv,
O1-02,National,Togo,2018,Poids lourd,,2369.0,64346.0,3.7,,,%,B,D1_immatriculations.csv,
O1-02,National,Togo,2018,Bus et car,,83.0,64346.0,0.1,,,%,B,D1_immatriculations.csv,
O1-02,National,Togo,2018,Autres,,3224.0,64346.0,5.0,,,%,B,D1_immatriculations.csv,
O1-02,National,Togo,2019,Moto,,54873.0,79214.0,69.3,,,%,B,D1_immatriculations.csv,
O1-02,National,Togo,2019,Voiture,,18072.0,79214.0,22.8,,,%,B,D1_immatriculations.csv,
O1-02,National,Togo,2019,Poids lourd,,2454.0,79214.0,3.1,,,%,B,D1_immatriculations.csv,
O1-02,National,Togo,2019,Bus et car,,133.0,79214.0,0.2,,,%,B,D1_immatriculations.csv,
O1-02,National,Togo,2019,Autres,,3682.0,79214.0,4.6,,,%,B,D1_immatriculations.csv,
O1-02,National,Togo,2020,Moto,,44850.0,68740.0,65.2,,,%,B,D1_immatriculations.csv,
O1-02,National,Togo,2020,Voiture,,16386.0,68740.0,23.8,,,%,B,D1_immatriculations.csv,
O1-02,National,Togo,2020,Poids lourd,,3328.0,68740.0,4.8,,,%,B,D1_immatriculations.csv,
O1-02,National,Togo,2020,Bus et car,,91.0,68740.0,0.1,,,%,B,D1_immatriculations.csv,
O1-02,National,Togo,2020,Autres,,4085.0,68740.0,5.9,,,%,B,D1_immatriculations.csv,
O1-02,National,Togo,2021,Moto,,65363.0,93944.0,69.6,,,%,B,D1_immatriculations.csv,
O1-02,National,Togo,2021,Voiture,,20313.0,93944.0,21.6,,,%,B,D1_immatriculations.csv,
O1-02,National,Togo,2021,Poids lourd,,3226.0,93944.0,3.4,,,%,B,D1_immatriculations.csv,
O1-02,National,Togo,2021,Bus et car,,101.0,93944.0,0.1,,,%,B,D1_immatriculations.csv,
O1-02,National,Togo,2021,Autres,,4941.0,93944.0,5.3,,,%,B,D1_immatriculations.csv,
O1-02,National,Togo,2022,Moto,,67639.0,93770.0,72.1,,,%,B,D1_immatriculations.csv,
O1-02,National,Togo,2022,Voiture,,18131.0,93770.0,19.3,,,%,B,D1_immatriculations.csv,
O1-02,National,Togo,2022,Poids lourd,,3229.0,93770.0,3.4,,,%,B,D1_immatriculations.csv,
O1-02,National,Togo,2022,Bus et car,,145.0,93770.0,0.2,,,%,B,D1_immatriculations.csv,
O1-02,National,Togo,2022,Autres,,4626.0,93770.0,4.9,,,%,B,D1_immatriculations.csv,
O1-02,National,Togo,2023,Moto,,107845.0,130859.0,82.4,,,%,B,D1_immatriculations.csv,
O1-02,National,Togo,2023,Voiture,,15764.0,130859.0,12.0,,,%,B,D1_immatriculations.csv,
O1-02,National,Togo,2023,Poids lourd,,2620.0,130859.0,2.0,,,%,B,D1_immatriculations.csv,
O1-02,National,Togo,2023,Bus et car,,189.0,130859.0,0.1,,,%,B,D1_immatriculations.csv,
O1-02,National,Togo,2023,Autres,,4441.0,130859.0,3.4,,,%,B,D1_immatriculations.csv,
O1-02,National,Togo,2024,Moto,,65593.0,88198.0,74.4,,,%,B,D1_immatriculations.csv,
O1-02,National,Togo,2024,Voiture,,15325.0,88198.0,17.4,,,%,B,D1_immatriculations.csv,
O1-02,National,Togo,2024,Poids lourd,,2489.0,88198.0,2.8,,,%,B,D1_immatriculations.csv,
O1-02,National,Togo,2024,Bus et car,,122.0,88198.0,0.1,,,%,B,D1_immatriculations.csv,
O1-02,National,Togo,2024,Autres,,4669.0,88198.0,5.3,,,%,B,D1_immatriculations.csv,
O1-03,National,Togo,1991,Moto,croissance annuelle,1601.0,1513.0,5.8,,,%,B,D1_immatriculations.csv,
O1-03,National,Togo,1991,Voiture,croissance annuelle,4004.0,3814.0,5.0,,,%,B,D1_immatriculations.csv,
O1-03,National,Togo,1991,Poids lourd,croissance annuelle,381.0,337.0,13.1,,,%,B,D1_immatriculations.csv,
O1-03,National,Togo,1991,Bus et car,croissance annuelle,31.0,59.0,-47.5,,,%,B,D1_immatriculations.csv,
O1-03,National,Togo,1991,Autres,croissance annuelle,1052.0,1106.0,-4.9,,,%,B,D1_immatriculations.csv,
O1-03,National,Togo,1991,Ensemble,croissance annuelle,7069.0,6829.0,3.5,,,%,B,D1_immatriculations.csv,
O1-03,National,Togo,1992,Moto,croissance annuelle,1641.0,1601.0,2.5,,,%,B,D1_immatriculations.csv,
O1-03,National,Togo,1992,Voiture,croissance annuelle,4300.0,4004.0,7.4,,,%,B,D1_immatriculations.csv,
O1-03,National,Togo,1992,Poids lourd,croissance annuelle,386.0,381.0,1.3,,,%,B,D1_immatriculations.csv,
O1-03,National,Togo,1992,Bus et car,croissance annuelle,32.0,31.0,3.2,,,%,B,D1_immatriculations.csv,
O1-03,National,Togo,1992,Autres,croissance annuelle,891.0,1052.0,-15.3,,,%,B,D1_immatriculations.csv,
O1-03,National,Togo,1992,Ensemble,croissance annuelle,7250.0,7069.0,2.6,,,%,B,D1_immatriculations.csv,
O1-03,National,Togo,1993,Moto,croissance annuelle,982.0,1641.0,-40.2,,,%,B,D1_immatriculations.csv,
O1-03,National,Togo,1993,Voiture,croissance annuelle,2577.0,4300.0,-40.1,,,%,B,D1_immatriculations.csv,variation atypique depuis l’année précédente [SIG-02]
O1-03,National,Togo,1993,Poids lourd,croissance annuelle,252.0,386.0,-34.7,,,%,B,D1_immatriculations.csv,
O1-03,National,Togo,1993,Bus et car,croissance annuelle,3.0,32.0,-90.6,,,%,B,D1_immatriculations.csv,variation atypique depuis l’année précédente [SIG-04]
O1-03,National,Togo,1993,Autres,croissance annuelle,535.0,891.0,-40.0,,,%,B,D1_immatriculations.csv,
O1-03,National,Togo,1993,Ensemble,croissance annuelle,4349.0,7250.0,-40.0,,,%,B,D1_immatriculations.csv,
O1-03,National,Togo,1994,Moto,croissance annuelle,1887.0,982.0,92.2,,,%,B,D1_immatriculations.csv,
O1-03,National,Togo,1994,Voiture,croissance annuelle,3227.0,2577.0,25.2,,,%,B,D1_immatriculations.csv,
O1-03,National,Togo,1994,Poids lourd,croissance annuelle,271.0,252.0,7.5,,,%,B,D1_immatriculations.csv,
O1-03,National,Togo,1994,Bus et car,croissance annuelle,29.0,3.0,866.7,,,%,B,D1_immatriculations.csv,variation atypique depuis l’année précédente [SIG-04]
O1-03,National,Togo,1994,Autres,croissance annuelle,710.0,535.0,32.7,,,%,B,D1_immatriculations.csv,
O1-03,National,Togo,1994,Ensemble,croissance annuelle,6124.0,4349.0,40.8,,,%,B,D1_immatriculations.csv,
O1-03,National,Togo,1995,Moto,croissance annuelle,13883.0,1887.0,635.7,,,%,B,D1_immatriculations.csv,variation atypique depuis l’année précédente [SIG-01] ; rupture de série (04)
O1-03,National,Togo,1995,Voiture,croissance annuelle,6728.0,3227.0,108.5,,,%,B,D1_immatriculations.csv,variation atypique depuis l’année précédente [SIG-02] ; rupture de série (04)
O1-03,National,Togo,1995,Poids lourd,croissance annuelle,357.0,271.0,31.7,,,%,B,D1_immatriculations.csv,rupture de série (04)
O1-03,National,Togo,1995,Bus et car,croissance annuelle,15.0,29.0,-48.3,,,%,B,D1_immatriculations.csv,rupture de série (04)
O1-03,National,Togo,1995,Autres,croissance annuelle,853.0,710.0,20.1,,,%,B,D1_immatriculations.csv,rupture de série (04)
O1-03,National,Togo,1995,Ensemble,croissance annuelle,21836.0,6124.0,256.6,,,%,B,D1_immatriculations.csv,rupture de série (04)
O1-03,National,Togo,1996,Moto,croissance annuelle,15383.0,13883.0,10.8,,,%,B,D1_immatriculations.csv,
O1-03,National,Togo,1996,Voiture,croissance annuelle,6239.0,6728.0,-7.3,,,%,B,D1_immatriculations.csv,
O1-03,National,Togo,1996,Poids lourd,croissance annuelle,621.0,357.0,73.9,,,%,B,D1_immatriculations.csv,variation atypique depuis l’année précédente [SIG-03]
O1-03,National,Togo,1996,Bus et car,croissance annuelle,16.0,15.0,6.7,,,%,B,D1_immatriculations.csv,
O1-03,National,Togo,1996,Autres,croissance annuelle,1296.0,853.0,51.9,,,%,B,D1_immatriculations.csv,
O1-03,National,Togo,1996,Ensemble,croissance annuelle,23555.0,21836.0,7.9,,,%,B,D1_immatriculations.csv,
O1-03,National,Togo,1997,Moto,croissance annuelle,14445.0,15383.0,-6.1,,,%,B,D1_immatriculations.csv,
O1-03,National,Togo,1997,Voiture,croissance annuelle,7503.0,6239.0,20.3,,,%,B,D1_immatriculations.csv,
O1-03,National,Togo,1997,Poids lourd,croissance annuelle,529.0,621.0,-14.8,,,%,B,D1_immatriculations.csv,
O1-03,National,Togo,1997,Bus et car,croissance annuelle,28.0,16.0,75.0,,,%,B,D1_immatriculations.csv,
O1-03,National,Togo,1997,Autres,croissance annuelle,1850.0,1296.0,42.7,,,%,B,D1_immatriculations.csv,
O1-03,National,Togo,1997,Ensemble,croissance annuelle,24355.0,23555.0,3.4,,,%,B,D1_immatriculations.csv,
O1-03,National,Togo,1998,Moto,croissance annuelle,10603.0,14445.0,-26.6,,,%,B,D1_immatriculations.csv,
O1-03,National,Togo,1998,Voiture,croissance annuelle,7470.0,7503.0,-0.4,,,%,B,D1_immatriculations.csv,
O1-03,National,Togo,1998,Poids lourd,croissance annuelle,774.0,529.0,46.3,,,%,B,D1_immatriculations.csv,
O1-03,National,Togo,1998,Bus et car,croissance annuelle,35.0,28.0,25.0,,,%,B,D1_immatriculations.csv,
O1-03,National,Togo,1998,Autres,croissance annuelle,1787.0,1850.0,-3.4,,,%,B,D1_immatriculations.csv,
O1-03,National,Togo,1998,Ensemble,croissance annuelle,20669.0,24355.0,-15.1,,,%,B,D1_immatriculations.csv,
O1-03,National,Togo,1999,Moto,croissance annuelle,12917.0,10603.0,21.8,,,%,B,D1_immatriculations.csv,
O1-03,National,Togo,1999,Voiture,croissance annuelle,8642.0,7470.0,15.7,,,%,B,D1_immatriculations.csv,
O1-03,National,Togo,1999,Poids lourd,croissance annuelle,752.0,774.0,-2.8,,,%,B,D1_immatriculations.csv,
O1-03,National,Togo,1999,Bus et car,croissance annuelle,26.0,35.0,-25.7,,,%,B,D1_immatriculations.csv,
O1-03,National,Togo,1999,Autres,croissance annuelle,1566.0,1787.0,-12.4,,,%,B,D1_immatriculations.csv,
O1-03,National,Togo,1999,Ensemble,croissance annuelle,23903.0,20669.0,15.6,,,%,B,D1_immatriculations.csv,
O1-03,National,Togo,2000,Moto,croissance annuelle,10639.0,12917.0,-17.6,,,%,B,D1_immatriculations.csv,
O1-03,National,Togo,2000,Voiture,croissance annuelle,7154.0,8642.0,-17.2,,,%,B,D1_immatriculations.csv,
O1-03,National,Togo,2000,Poids lourd,croissance annuelle,701.0,752.0,-6.8,,,%,B,D1_immatriculations.csv,
O1-03,National,Togo,2000,Bus et car,croissance annuelle,30.0,26.0,15.4,,,%,B,D1_immatriculations.csv,
O1-03,National,Togo,2000,Autres,croissance annuelle,1456.0,1566.0,-7.0,,,%,B,D1_immatriculations.csv,
O1-03,National,Togo,2000,Ensemble,croissance annuelle,19980.0,23903.0,-16.4,,,%,B,D1_immatriculations.csv,
O1-03,National,Togo,2001,Moto,croissance annuelle,8500.0,10639.0,-20.1,,,%,B,D1_immatriculations.csv,
O1-03,National,Togo,2001,Voiture,croissance annuelle,8469.0,7154.0,18.4,,,%,B,D1_immatriculations.csv,
O1-03,National,Togo,2001,Poids lourd,croissance annuelle,770.0,701.0,9.8,,,%,B,D1_immatriculations.csv,
O1-03,National,Togo,2001,Bus et car,croissance annuelle,32.0,30.0,6.7,,,%,B,D1_immatriculations.csv,
O1-03,National,Togo,2001,Autres,croissance annuelle,1567.0,1456.0,7.6,,,%,B,D1_immatriculations.csv,
O1-03,National,Togo,2001,Ensemble,croissance annuelle,19338.0,19980.0,-3.2,,,%,B,D1_immatriculations.csv,
O1-03,National,Togo,2002,Moto,croissance annuelle,8632.0,8500.0,1.6,,,%,B,D1_immatriculations.csv,
O1-03,National,Togo,2002,Voiture,croissance annuelle,9500.0,8469.0,12.2,,,%,B,D1_immatriculations.csv,
O1-03,National,Togo,2002,Poids lourd,croissance annuelle,721.0,770.0,-6.4,,,%,B,D1_immatriculations.csv,
O1-03,National,Togo,2002,Bus et car,croissance annuelle,29.0,32.0,-9.4,,,%,B,D1_immatriculations.csv,
O1-03,National,Togo,2002,Autres,croissance annuelle,1671.0,1567.0,6.6,,,%,B,D1_immatriculations.csv,
O1-03,National,Togo,2002,Ensemble,croissance annuelle,20553.0,19338.0,6.3,,,%,B,D1_immatriculations.csv,
O1-03,National,Togo,2003,Moto,croissance annuelle,12130.0,8632.0,40.5,,,%,B,D1_immatriculations.csv,
O1-03,National,Togo,2003,Voiture,croissance annuelle,13991.0,9500.0,47.3,,,%,B,D1_immatriculations.csv,variation atypique depuis l’année précédente [SIG-02]
O1-03,National,Togo,2003,Poids lourd,croissance annuelle,1372.0,721.0,90.3,,,%,B,D1_immatriculations.csv,variation atypique depuis l’année précédente [SIG-03]
O1-03,National,Togo,2003,Bus et car,croissance annuelle,21.0,29.0,-27.6,,,%,B,D1_immatriculations.csv,
O1-03,National,Togo,2003,Autres,croissance annuelle,1359.0,1671.0,-18.7,,,%,B,D1_immatriculations.csv,
O1-03,National,Togo,2003,Ensemble,croissance annuelle,28873.0,20553.0,40.5,,,%,B,D1_immatriculations.csv,
O1-03,National,Togo,2004,Moto,croissance annuelle,33980.0,12130.0,180.1,,,%,B,D1_immatriculations.csv,variation atypique depuis l’année précédente [SIG-01] ; rupture de série (04)
O1-03,National,Togo,2004,Voiture,croissance annuelle,11430.0,13991.0,-18.3,,,%,B,D1_immatriculations.csv,rupture de série (04)
O1-03,National,Togo,2004,Poids lourd,croissance annuelle,1086.0,1372.0,-20.8,,,%,B,D1_immatriculations.csv,rupture de série (04)
O1-03,National,Togo,2004,Bus et car,croissance annuelle,17.0,21.0,-19.0,,,%,B,D1_immatriculations.csv,rupture de série (04)
O1-03,National,Togo,2004,Autres,croissance annuelle,1681.0,1359.0,23.7,,,%,B,D1_immatriculations.csv,rupture de série (04)
O1-03,National,Togo,2004,Ensemble,croissance annuelle,48194.0,28873.0,66.9,,,%,B,D1_immatriculations.csv,rupture de série (04)
O1-03,National,Togo,2005,Moto,croissance annuelle,27791.0,33980.0,-18.2,,,%,B,D1_immatriculations.csv,
O1-03,National,Togo,2005,Voiture,croissance annuelle,11308.0,11430.0,-1.1,,,%,B,D1_immatriculations.csv,
O1-03,National,Togo,2005,Poids lourd,croissance annuelle,1342.0,1086.0,23.6,,,%,B,D1_immatriculations.csv,
O1-03,National,Togo,2005,Bus et car,croissance annuelle,18.0,17.0,5.9,,,%,B,D1_immatriculations.csv,
O1-03,National,Togo,2005,Autres,croissance annuelle,955.0,1681.0,-43.2,,,%,B,D1_immatriculations.csv,
O1-03,National,Togo,2005,Ensemble,croissance annuelle,41414.0,48194.0,-14.1,,,%,B,D1_immatriculations.csv,
O1-03,National,Togo,2006,Moto,croissance annuelle,35760.0,27791.0,28.7,,,%,B,D1_immatriculations.csv,
O1-03,National,Togo,2006,Voiture,croissance annuelle,10961.0,11308.0,-3.1,,,%,B,D1_immatriculations.csv,
O1-03,National,Togo,2006,Poids lourd,croissance annuelle,1181.0,1342.0,-12.0,,,%,B,D1_immatriculations.csv,
O1-03,National,Togo,2006,Bus et car,croissance annuelle,28.0,18.0,55.6,,,%,B,D1_immatriculations.csv,
O1-03,National,Togo,2006,Autres,croissance annuelle,1305.0,955.0,36.6,,,%,B,D1_immatriculations.csv,
O1-03,National,Togo,2006,Ensemble,croissance annuelle,49235.0,41414.0,18.9,,,%,B,D1_immatriculations.csv,
O1-03,National,Togo,2007,Moto,croissance annuelle,34454.0,35760.0,-3.7,,,%,B,D1_immatriculations.csv,
O1-03,National,Togo,2007,Voiture,croissance annuelle,10692.0,10961.0,-2.5,,,%,B,D1_immatriculations.csv,
O1-03,National,Togo,2007,Poids lourd,croissance annuelle,1057.0,1181.0,-10.5,,,%,B,D1_immatriculations.csv,
O1-03,National,Togo,2007,Bus et car,croissance annuelle,22.0,28.0,-21.4,,,%,B,D1_immatriculations.csv,
O1-03,National,Togo,2007,Autres,croissance annuelle,1267.0,1305.0,-2.9,,,%,B,D1_immatriculations.csv,
O1-03,National,Togo,2007,Ensemble,croissance annuelle,47492.0,49235.0,-3.5,,,%,B,D1_immatriculations.csv,
O1-03,National,Togo,2008,Moto,croissance annuelle,44409.0,34454.0,28.9,,,%,B,D1_immatriculations.csv,
O1-03,National,Togo,2008,Voiture,croissance annuelle,10989.0,10692.0,2.8,,,%,B,D1_immatriculations.csv,
O1-03,National,Togo,2008,Poids lourd,croissance annuelle,1324.0,1057.0,25.3,,,%,B,D1_immatriculations.csv,
O1-03,National,Togo,2008,Bus et car,croissance annuelle,18.0,22.0,-18.2,,,%,B,D1_immatriculations.csv,
O1-03,National,Togo,2008,Autres,croissance annuelle,1075.0,1267.0,-15.2,,,%,B,D1_immatriculations.csv,
O1-03,National,Togo,2008,Ensemble,croissance annuelle,57815.0,47492.0,21.7,,,%,B,D1_immatriculations.csv,
O1-03,National,Togo,2009,Moto,croissance annuelle,36277.0,44409.0,-18.3,,,%,B,D1_immatriculations.csv,
O1-03,National,Togo,2009,Voiture,croissance annuelle,5751.0,10989.0,-47.7,,,%,B,D1_immatriculations.csv,variation atypique depuis l’année précédente [SIG-02]
O1-03,National,Togo,2009,Poids lourd,croissance annuelle,1445.0,1324.0,9.1,,,%,B,D1_immatriculations.csv,
O1-03,National,Togo,2009,Bus et car,croissance annuelle,36.0,18.0,100.0,,,%,B,D1_immatriculations.csv,variation atypique depuis l’année précédente [SIG-04]
O1-03,National,Togo,2009,Autres,croissance annuelle,1403.0,1075.0,30.5,,,%,B,D1_immatriculations.csv,
O1-03,National,Togo,2009,Ensemble,croissance annuelle,44912.0,57815.0,-22.3,,,%,B,D1_immatriculations.csv,
O1-03,National,Togo,2010,Moto,croissance annuelle,38638.0,36277.0,6.5,,,%,B,D1_immatriculations.csv,
O1-03,National,Togo,2010,Moto,multiplicateur sur 20 ans,38638.0,1513.0,25.54,,,multiplicateur,B,D1_immatriculations.csv,I(2010) / I(1990)
O1-03,National,Togo,2010,Voiture,croissance annuelle,6229.0,5751.0,8.3,,,%,B,D1_immatriculations.csv,
O1-03,National,Togo,2010,Voiture,multiplicateur sur 20 ans,6229.0,3814.0,1.63,,,multiplicateur,B,D1_immatriculations.csv,I(2010) / I(1990)
O1-03,National,Togo,2010,Poids lourd,croissance annuelle,2873.0,1445.0,98.8,,,%,B,D1_immatriculations.csv,variation atypique depuis l’année précédente [SIG-03]
O1-03,National,Togo,2010,Poids lourd,multiplicateur sur 20 ans,2873.0,337.0,8.53,,,multiplicateur,B,D1_immatriculations.csv,I(2010) / I(1990)
O1-03,National,Togo,2010,Bus et car,croissance annuelle,96.0,36.0,166.7,,,%,B,D1_immatriculations.csv,variation atypique depuis l’année précédente [SIG-04]
O1-03,National,Togo,2010,Bus et car,multiplicateur sur 20 ans,96.0,59.0,1.63,,,multiplicateur,B,D1_immatriculations.csv,I(2010) / I(1990)
O1-03,National,Togo,2010,Autres,croissance annuelle,1542.0,1403.0,9.9,,,%,B,D1_immatriculations.csv,
O1-03,National,Togo,2010,Autres,multiplicateur sur 20 ans,1542.0,1106.0,1.39,,,multiplicateur,B,D1_immatriculations.csv,I(2010) / I(1990)
O1-03,National,Togo,2010,Ensemble,croissance annuelle,49378.0,44912.0,9.9,,,%,B,D1_immatriculations.csv,
O1-03,National,Togo,2010,Ensemble,multiplicateur sur 20 ans,49378.0,6829.0,7.23,,,multiplicateur,B,D1_immatriculations.csv,I(2010) / I(1990)
O1-03,National,Togo,2011,Moto,croissance annuelle,42283.0,38638.0,9.4,,,%,B,D1_immatriculations.csv,
O1-03,National,Togo,2011,Moto,multiplicateur sur 20 ans,42283.0,1601.0,26.41,,,multiplicateur,B,D1_immatriculations.csv,I(2011) / I(1991)
O1-03,National,Togo,2011,Voiture,croissance annuelle,7256.0,6229.0,16.5,,,%,B,D1_immatriculations.csv,
O1-03,National,Togo,2011,Voiture,multiplicateur sur 20 ans,7256.0,4004.0,1.81,,,multiplicateur,B,D1_immatriculations.csv,I(2011) / I(1991)
O1-03,National,Togo,2011,Poids lourd,croissance annuelle,3668.0,2873.0,27.7,,,%,B,D1_immatriculations.csv,
O1-03,National,Togo,2011,Poids lourd,multiplicateur sur 20 ans,3668.0,381.0,9.63,,,multiplicateur,B,D1_immatriculations.csv,I(2011) / I(1991)
O1-03,National,Togo,2011,Bus et car,croissance annuelle,97.0,96.0,1.0,,,%,B,D1_immatriculations.csv,
O1-03,National,Togo,2011,Bus et car,multiplicateur sur 20 ans,97.0,31.0,3.13,,,multiplicateur,B,D1_immatriculations.csv,I(2011) / I(1991)
O1-03,National,Togo,2011,Autres,croissance annuelle,2219.0,1542.0,43.9,,,%,B,D1_immatriculations.csv,
O1-03,National,Togo,2011,Autres,multiplicateur sur 20 ans,2219.0,1052.0,2.11,,,multiplicateur,B,D1_immatriculations.csv,I(2011) / I(1991)
O1-03,National,Togo,2011,Ensemble,croissance annuelle,55523.0,49378.0,12.4,,,%,B,D1_immatriculations.csv,
O1-03,National,Togo,2011,Ensemble,multiplicateur sur 20 ans,55523.0,7069.0,7.85,,,multiplicateur,B,D1_immatriculations.csv,I(2011) / I(1991)
O1-03,National,Togo,2012,Moto,croissance annuelle,43757.0,42283.0,3.5,,,%,B,D1_immatriculations.csv,
O1-03,National,Togo,2012,Moto,multiplicateur sur 20 ans,43757.0,1641.0,26.66,,,multiplicateur,B,D1_immatriculations.csv,I(2012) / I(1992)
O1-03,National,Togo,2012,Voiture,croissance annuelle,9056.0,7256.0,24.8,,,%,B,D1_immatriculations.csv,
O1-03,National,Togo,2012,Voiture,multiplicateur sur 20 ans,9056.0,4300.0,2.11,,,multiplicateur,B,D1_immatriculations.csv,I(2012) / I(1992)
O1-03,National,Togo,2012,Poids lourd,croissance annuelle,4386.0,3668.0,19.6,,,%,B,D1_immatriculations.csv,
O1-03,National,Togo,2012,Poids lourd,multiplicateur sur 20 ans,4386.0,386.0,11.36,,,multiplicateur,B,D1_immatriculations.csv,I(2012) / I(1992)
O1-03,National,Togo,2012,Bus et car,croissance annuelle,102.0,97.0,5.2,,,%,B,D1_immatriculations.csv,
O1-03,National,Togo,2012,Bus et car,multiplicateur sur 20 ans,102.0,32.0,3.19,,,multiplicateur,B,D1_immatriculations.csv,I(2012) / I(1992)
O1-03,National,Togo,2012,Autres,croissance annuelle,1986.0,2219.0,-10.5,,,%,B,D1_immatriculations.csv,
O1-03,National,Togo,2012,Autres,multiplicateur sur 20 ans,1986.0,891.0,2.23,,,multiplicateur,B,D1_immatriculations.csv,I(2012) / I(1992)
O1-03,National,Togo,2012,Ensemble,croissance annuelle,59287.0,55523.0,6.8,,,%,B,D1_immatriculations.csv,
O1-03,National,Togo,2012,Ensemble,multiplicateur sur 20 ans,59287.0,7250.0,8.18,,,multiplicateur,B,D1_immatriculations.csv,I(2012) / I(1992)
O1-03,National,Togo,2013,Moto,croissance annuelle,41830.0,43757.0,-4.4,,,%,B,D1_immatriculations.csv,
O1-03,National,Togo,2013,Moto,multiplicateur sur 20 ans,41830.0,982.0,42.6,,,multiplicateur,B,D1_immatriculations.csv,I(2013) / I(1993)
O1-03,National,Togo,2013,Voiture,croissance annuelle,9402.0,9056.0,3.8,,,%,B,D1_immatriculations.csv,
O1-03,National,Togo,2013,Voiture,multiplicateur sur 20 ans,9402.0,2577.0,3.65,,,multiplicateur,B,D1_immatriculations.csv,I(2013) / I(1993)
O1-03,National,Togo,2013,Poids lourd,croissance annuelle,4466.0,4386.0,1.8,,,%,B,D1_immatriculations.csv,
O1-03,National,Togo,2013,Poids lourd,multiplicateur sur 20 ans,4466.0,252.0,17.72,,,multiplicateur,B,D1_immatriculations.csv,I(2013) / I(1993)
O1-03,National,Togo,2013,Bus et car,croissance annuelle,94.0,102.0,-7.8,,,%,B,D1_immatriculations.csv,
O1-03,National,Togo,2013,Bus et car,multiplicateur sur 20 ans,94.0,3.0,31.33,,,multiplicateur,B,D1_immatriculations.csv,I(2013) / I(1993)
O1-03,National,Togo,2013,Autres,croissance annuelle,2311.0,1986.0,16.4,,,%,B,D1_immatriculations.csv,
O1-03,National,Togo,2013,Autres,multiplicateur sur 20 ans,2311.0,535.0,4.32,,,multiplicateur,B,D1_immatriculations.csv,I(2013) / I(1993)
O1-03,National,Togo,2013,Ensemble,croissance annuelle,58103.0,59287.0,-2.0,,,%,B,D1_immatriculations.csv,
O1-03,National,Togo,2013,Ensemble,multiplicateur sur 20 ans,58103.0,4349.0,13.36,,,multiplicateur,B,D1_immatriculations.csv,I(2013) / I(1993)
O1-03,National,Togo,2014,Moto,croissance annuelle,51134.0,41830.0,22.2,,,%,B,D1_immatriculations.csv,
O1-03,National,Togo,2014,Moto,multiplicateur sur 20 ans,51134.0,1887.0,27.1,,,multiplicateur,B,D1_immatriculations.csv,I(2014) / I(1994)
O1-03,National,Togo,2014,Voiture,croissance annuelle,10304.0,9402.0,9.6,,,%,B,D1_immatriculations.csv,
O1-03,National,Togo,2014,Voiture,multiplicateur sur 20 ans,10304.0,3227.0,3.19,,,multiplicateur,B,D1_immatriculations.csv,I(2014) / I(1994)
O1-03,National,Togo,2014,Poids lourd,croissance annuelle,4894.0,4466.0,9.6,,,%,B,D1_immatriculations.csv,
O1-03,National,Togo,2014,Poids lourd,multiplicateur sur 20 ans,4894.0,271.0,18.06,,,multiplicateur,B,D1_immatriculations.csv,I(2014) / I(1994)
O1-03,National,Togo,2014,Bus et car,croissance annuelle,103.0,94.0,9.6,,,%,B,D1_immatriculations.csv,
O1-03,National,Togo,2014,Bus et car,multiplicateur sur 20 ans,103.0,29.0,3.55,,,multiplicateur,B,D1_immatriculations.csv,I(2014) / I(1994)
O1-03,National,Togo,2014,Autres,croissance annuelle,2533.0,2311.0,9.6,,,%,B,D1_immatriculations.csv,
O1-03,National,Togo,2014,Autres,multiplicateur sur 20 ans,2533.0,710.0,3.57,,,multiplicateur,B,D1_immatriculations.csv,I(2014) / I(1994)
O1-03,National,Togo,2014,Ensemble,croissance annuelle,68968.0,58103.0,18.7,,,%,B,D1_immatriculations.csv,
O1-03,National,Togo,2014,Ensemble,multiplicateur sur 20 ans,68968.0,6124.0,11.26,,,multiplicateur,B,D1_immatriculations.csv,I(2014) / I(1994)
O1-03,National,Togo,2015,Moto,croissance annuelle,65599.0,51134.0,28.3,,,%,B,D1_immatriculations.csv,
O1-03,National,Togo,2015,Moto,multiplicateur sur 20 ans,65599.0,13883.0,4.73,,,multiplicateur,B,D1_immatriculations.csv,I(2015) / I(1995) ; rupture de série en 1995 (04)
O1-03,National,Togo,2015,Voiture,croissance annuelle,14500.0,10304.0,40.7,,,%,B,D1_immatriculations.csv,
O1-03,National,Togo,2015,Voiture,multiplicateur sur 20 ans,14500.0,6728.0,2.16,,,multiplicateur,B,D1_immatriculations.csv,I(2015) / I(1995) ; rupture de série en 1995 (04)
O1-03,National,Togo,2015,Poids lourd,croissance annuelle,2333.0,4894.0,-52.3,,,%,B,D1_immatriculations.csv,
O1-03,National,Togo,2015,Poids lourd,multiplicateur sur 20 ans,2333.0,357.0,6.54,,,multiplicateur,B,D1_immatriculations.csv,I(2015) / I(1995) ; rupture de série en 1995 (04)
O1-03,National,Togo,2015,Bus et car,croissance annuelle,87.0,103.0,-15.5,,,%,B,D1_immatriculations.csv,
O1-03,National,Togo,2015,Bus et car,multiplicateur sur 20 ans,87.0,15.0,5.8,,,multiplicateur,B,D1_immatriculations.csv,I(2015) / I(1995) ; rupture de série en 1995 (04)
O1-03,National,Togo,2015,Autres,croissance annuelle,3229.0,2533.0,27.5,,,%,B,D1_immatriculations.csv,
O1-03,National,Togo,2015,Autres,multiplicateur sur 20 ans,3229.0,853.0,3.79,,,multiplicateur,B,D1_immatriculations.csv,I(2015) / I(1995) ; rupture de série en 1995 (04)
O1-03,National,Togo,2015,Ensemble,croissance annuelle,85748.0,68968.0,24.3,,,%,B,D1_immatriculations.csv,
O1-03,National,Togo,2015,Ensemble,multiplicateur sur 20 ans,85748.0,21836.0,3.93,,,multiplicateur,B,D1_immatriculations.csv,I(2015) / I(1995) ; rupture de série en 1995 (04)
O1-03,National,Togo,2016,Moto,croissance annuelle,45341.0,65599.0,-30.9,,,%,B,D1_immatriculations.csv,
O1-03,National,Togo,2016,Moto,multiplicateur sur 20 ans,45341.0,15383.0,2.95,,,multiplicateur,B,D1_immatriculations.csv,I(2016) / I(1996)
O1-03,National,Togo,2016,Voiture,croissance annuelle,14079.0,14500.0,-2.9,,,%,B,D1_immatriculations.csv,
O1-03,National,Togo,2016,Voiture,multiplicateur sur 20 ans,14079.0,6239.0,2.26,,,multiplicateur,B,D1_immatriculations.csv,I(2016) / I(1996)
O1-03,National,Togo,2016,Poids lourd,croissance annuelle,1715.0,2333.0,-26.5,,,%,B,D1_immatriculations.csv,
O1-03,National,Togo,2016,Poids lourd,multiplicateur sur 20 ans,1715.0,621.0,2.76,,,multiplicateur,B,D1_immatriculations.csv,I(2016) / I(1996)
O1-03,National,Togo,2016,Bus et car,croissance annuelle,62.0,87.0,-28.7,,,%,B,D1_immatriculations.csv,
O1-03,National,Togo,2016,Bus et car,multiplicateur sur 20 ans,62.0,16.0,3.88,,,multiplicateur,B,D1_immatriculations.csv,I(2016) / I(1996)
O1-03,National,Togo,2016,Autres,croissance annuelle,2923.0,3229.0,-9.5,,,%,B,D1_immatriculations.csv,
O1-03,National,Togo,2016,Autres,multiplicateur sur 20 ans,2923.0,1296.0,2.26,,,multiplicateur,B,D1_immatriculations.csv,I(2016) / I(1996)
O1-03,National,Togo,2016,Ensemble,croissance annuelle,64120.0,85748.0,-25.2,,,%,B,D1_immatriculations.csv,
O1-03,National,Togo,2016,Ensemble,multiplicateur sur 20 ans,64120.0,23555.0,2.72,,,multiplicateur,B,D1_immatriculations.csv,I(2016) / I(1996)
O1-03,National,Togo,2017,Moto,croissance annuelle,41187.0,45341.0,-9.2,,,%,B,D1_immatriculations.csv,
O1-03,National,Togo,2017,Moto,multiplicateur sur 20 ans,41187.0,14445.0,2.85,,,multiplicateur,B,D1_immatriculations.csv,I(2017) / I(1997)
O1-03,National,Togo,2017,Voiture,croissance annuelle,14328.0,14079.0,1.8,,,%,B,D1_immatriculations.csv,
O1-03,National,Togo,2017,Voiture,multiplicateur sur 20 ans,14328.0,7503.0,1.91,,,multiplicateur,B,D1_immatriculations.csv,I(2017) / I(1997)
O1-03,National,Togo,2017,Poids lourd,croissance annuelle,2232.0,1715.0,30.1,,,%,B,D1_immatriculations.csv,
O1-03,National,Togo,2017,Poids lourd,multiplicateur sur 20 ans,2232.0,529.0,4.22,,,multiplicateur,B,D1_immatriculations.csv,I(2017) / I(1997)
O1-03,National,Togo,2017,Bus et car,croissance annuelle,73.0,62.0,17.7,,,%,B,D1_immatriculations.csv,
O1-03,National,Togo,2017,Bus et car,multiplicateur sur 20 ans,73.0,28.0,2.61,,,multiplicateur,B,D1_immatriculations.csv,I(2017) / I(1997)
O1-03,National,Togo,2017,Autres,croissance annuelle,3149.0,2923.0,7.7,,,%,B,D1_immatriculations.csv,
O1-03,National,Togo,2017,Autres,multiplicateur sur 20 ans,3149.0,1850.0,1.7,,,multiplicateur,B,D1_immatriculations.csv,I(2017) / I(1997)
O1-03,National,Togo,2017,Ensemble,croissance annuelle,60969.0,64120.0,-4.9,,,%,B,D1_immatriculations.csv,
O1-03,National,Togo,2017,Ensemble,multiplicateur sur 20 ans,60969.0,24355.0,2.5,,,multiplicateur,B,D1_immatriculations.csv,I(2017) / I(1997)
O1-03,National,Togo,2018,Moto,croissance annuelle,43063.0,41187.0,4.6,,,%,B,D1_immatriculations.csv,
O1-03,National,Togo,2018,Moto,multiplicateur sur 20 ans,43063.0,10603.0,4.06,,,multiplicateur,B,D1_immatriculations.csv,I(2018) / I(1998)
O1-03,National,Togo,2018,Voiture,croissance annuelle,15607.0,14328.0,8.9,,,%,B,D1_immatriculations.csv,
O1-03,National,Togo,2018,Voiture,multiplicateur sur 20 ans,15607.0,7470.0,2.09,,,multiplicateur,B,D1_immatriculations.csv,I(2018) / I(1998)
O1-03,National,Togo,2018,Poids lourd,croissance annuelle,2369.0,2232.0,6.1,,,%,B,D1_immatriculations.csv,
O1-03,National,Togo,2018,Poids lourd,multiplicateur sur 20 ans,2369.0,774.0,3.06,,,multiplicateur,B,D1_immatriculations.csv,I(2018) / I(1998)
O1-03,National,Togo,2018,Bus et car,croissance annuelle,83.0,73.0,13.7,,,%,B,D1_immatriculations.csv,
O1-03,National,Togo,2018,Bus et car,multiplicateur sur 20 ans,83.0,35.0,2.37,,,multiplicateur,B,D1_immatriculations.csv,I(2018) / I(1998)
O1-03,National,Togo,2018,Autres,croissance annuelle,3224.0,3149.0,2.4,,,%,B,D1_immatriculations.csv,
O1-03,National,Togo,2018,Autres,multiplicateur sur 20 ans,3224.0,1787.0,1.8,,,multiplicateur,B,D1_immatriculations.csv,I(2018) / I(1998)
O1-03,National,Togo,2018,Ensemble,croissance annuelle,64346.0,60969.0,5.5,,,%,B,D1_immatriculations.csv,
O1-03,National,Togo,2018,Ensemble,multiplicateur sur 20 ans,64346.0,20669.0,3.11,,,multiplicateur,B,D1_immatriculations.csv,I(2018) / I(1998)
O1-03,National,Togo,2019,Moto,croissance annuelle,54873.0,43063.0,27.4,,,%,B,D1_immatriculations.csv,
O1-03,National,Togo,2019,Moto,multiplicateur sur 20 ans,54873.0,12917.0,4.25,,,multiplicateur,B,D1_immatriculations.csv,I(2019) / I(1999)
O1-03,National,Togo,2019,Voiture,croissance annuelle,18072.0,15607.0,15.8,,,%,B,D1_immatriculations.csv,
O1-03,National,Togo,2019,Voiture,multiplicateur sur 20 ans,18072.0,8642.0,2.09,,,multiplicateur,B,D1_immatriculations.csv,I(2019) / I(1999)
O1-03,National,Togo,2019,Poids lourd,croissance annuelle,2454.0,2369.0,3.6,,,%,B,D1_immatriculations.csv,
O1-03,National,Togo,2019,Poids lourd,multiplicateur sur 20 ans,2454.0,752.0,3.26,,,multiplicateur,B,D1_immatriculations.csv,I(2019) / I(1999)
O1-03,National,Togo,2019,Bus et car,croissance annuelle,133.0,83.0,60.2,,,%,B,D1_immatriculations.csv,
O1-03,National,Togo,2019,Bus et car,multiplicateur sur 20 ans,133.0,26.0,5.12,,,multiplicateur,B,D1_immatriculations.csv,I(2019) / I(1999)
O1-03,National,Togo,2019,Autres,croissance annuelle,3682.0,3224.0,14.2,,,%,B,D1_immatriculations.csv,
O1-03,National,Togo,2019,Autres,multiplicateur sur 20 ans,3682.0,1566.0,2.35,,,multiplicateur,B,D1_immatriculations.csv,I(2019) / I(1999)
O1-03,National,Togo,2019,Ensemble,croissance annuelle,79214.0,64346.0,23.1,,,%,B,D1_immatriculations.csv,
O1-03,National,Togo,2019,Ensemble,multiplicateur sur 20 ans,79214.0,23903.0,3.31,,,multiplicateur,B,D1_immatriculations.csv,I(2019) / I(1999)
O1-03,National,Togo,2020,Moto,croissance annuelle,44850.0,54873.0,-18.3,,,%,B,D1_immatriculations.csv,
O1-03,National,Togo,2020,Moto,multiplicateur sur 20 ans,44850.0,10639.0,4.22,,,multiplicateur,B,D1_immatriculations.csv,I(2020) / I(2000)
O1-03,National,Togo,2020,Voiture,croissance annuelle,16386.0,18072.0,-9.3,,,%,B,D1_immatriculations.csv,
O1-03,National,Togo,2020,Voiture,multiplicateur sur 20 ans,16386.0,7154.0,2.29,,,multiplicateur,B,D1_immatriculations.csv,I(2020) / I(2000)
O1-03,National,Togo,2020,Poids lourd,croissance annuelle,3328.0,2454.0,35.6,,,%,B,D1_immatriculations.csv,
O1-03,National,Togo,2020,Poids lourd,multiplicateur sur 20 ans,3328.0,701.0,4.75,,,multiplicateur,B,D1_immatriculations.csv,I(2020) / I(2000)
O1-03,National,Togo,2020,Bus et car,croissance annuelle,91.0,133.0,-31.6,,,%,B,D1_immatriculations.csv,
O1-03,National,Togo,2020,Bus et car,multiplicateur sur 20 ans,91.0,30.0,3.03,,,multiplicateur,B,D1_immatriculations.csv,I(2020) / I(2000)
O1-03,National,Togo,2020,Autres,croissance annuelle,4085.0,3682.0,10.9,,,%,B,D1_immatriculations.csv,
O1-03,National,Togo,2020,Autres,multiplicateur sur 20 ans,4085.0,1456.0,2.81,,,multiplicateur,B,D1_immatriculations.csv,I(2020) / I(2000)
O1-03,National,Togo,2020,Ensemble,croissance annuelle,68740.0,79214.0,-13.2,,,%,B,D1_immatriculations.csv,
O1-03,National,Togo,2020,Ensemble,multiplicateur sur 20 ans,68740.0,19980.0,3.44,,,multiplicateur,B,D1_immatriculations.csv,I(2020) / I(2000)
O1-03,National,Togo,2021,Moto,croissance annuelle,65363.0,44850.0,45.7,,,%,B,D1_immatriculations.csv,
O1-03,National,Togo,2021,Moto,multiplicateur sur 20 ans,65363.0,8500.0,7.69,,,multiplicateur,B,D1_immatriculations.csv,I(2021) / I(2001)
O1-03,National,Togo,2021,Voiture,croissance annuelle,20313.0,16386.0,24.0,,,%,B,D1_immatriculations.csv,
O1-03,National,Togo,2021,Voiture,multiplicateur sur 20 ans,20313.0,8469.0,2.4,,,multiplicateur,B,D1_immatriculations.csv,I(2021) / I(2001)
O1-03,National,Togo,2021,Poids lourd,croissance annuelle,3226.0,3328.0,-3.1,,,%,B,D1_immatriculations.csv,
O1-03,National,Togo,2021,Poids lourd,multiplicateur sur 20 ans,3226.0,770.0,4.19,,,multiplicateur,B,D1_immatriculations.csv,I(2021) / I(2001)
O1-03,National,Togo,2021,Bus et car,croissance annuelle,101.0,91.0,11.0,,,%,B,D1_immatriculations.csv,
O1-03,National,Togo,2021,Bus et car,multiplicateur sur 20 ans,101.0,32.0,3.16,,,multiplicateur,B,D1_immatriculations.csv,I(2021) / I(2001)
O1-03,National,Togo,2021,Autres,croissance annuelle,4941.0,4085.0,21.0,,,%,B,D1_immatriculations.csv,
O1-03,National,Togo,2021,Autres,multiplicateur sur 20 ans,4941.0,1567.0,3.15,,,multiplicateur,B,D1_immatriculations.csv,I(2021) / I(2001)
O1-03,National,Togo,2021,Ensemble,croissance annuelle,93944.0,68740.0,36.7,,,%,B,D1_immatriculations.csv,
O1-03,National,Togo,2021,Ensemble,multiplicateur sur 20 ans,93944.0,19338.0,4.86,,,multiplicateur,B,D1_immatriculations.csv,I(2021) / I(2001)
O1-03,National,Togo,2022,Moto,croissance annuelle,67639.0,65363.0,3.5,,,%,B,D1_immatriculations.csv,
O1-03,National,Togo,2022,Moto,multiplicateur sur 20 ans,67639.0,8632.0,7.84,,,multiplicateur,B,D1_immatriculations.csv,I(2022) / I(2002)
O1-03,National,Togo,2022,Voiture,croissance annuelle,18131.0,20313.0,-10.7,,,%,B,D1_immatriculations.csv,
O1-03,National,Togo,2022,Voiture,multiplicateur sur 20 ans,18131.0,9500.0,1.91,,,multiplicateur,B,D1_immatriculations.csv,I(2022) / I(2002)
O1-03,National,Togo,2022,Poids lourd,croissance annuelle,3229.0,3226.0,0.1,,,%,B,D1_immatriculations.csv,
O1-03,National,Togo,2022,Poids lourd,multiplicateur sur 20 ans,3229.0,721.0,4.48,,,multiplicateur,B,D1_immatriculations.csv,I(2022) / I(2002)
O1-03,National,Togo,2022,Bus et car,croissance annuelle,145.0,101.0,43.6,,,%,B,D1_immatriculations.csv,
O1-03,National,Togo,2022,Bus et car,multiplicateur sur 20 ans,145.0,29.0,5.0,,,multiplicateur,B,D1_immatriculations.csv,I(2022) / I(2002)
O1-03,National,Togo,2022,Autres,croissance annuelle,4626.0,4941.0,-6.4,,,%,B,D1_immatriculations.csv,
O1-03,National,Togo,2022,Autres,multiplicateur sur 20 ans,4626.0,1671.0,2.77,,,multiplicateur,B,D1_immatriculations.csv,I(2022) / I(2002)
O1-03,National,Togo,2022,Ensemble,croissance annuelle,93770.0,93944.0,-0.2,,,%,B,D1_immatriculations.csv,
O1-03,National,Togo,2022,Ensemble,multiplicateur sur 20 ans,93770.0,20553.0,4.56,,,multiplicateur,B,D1_immatriculations.csv,I(2022) / I(2002)
O1-03,National,Togo,2023,Moto,croissance annuelle,107845.0,67639.0,59.4,,,%,B,D1_immatriculations.csv,
O1-03,National,Togo,2023,Moto,multiplicateur sur 20 ans,107845.0,12130.0,8.89,,,multiplicateur,B,D1_immatriculations.csv,I(2023) / I(2003)
O1-03,National,Togo,2023,Voiture,croissance annuelle,15764.0,18131.0,-13.1,,,%,B,D1_immatriculations.csv,
O1-03,National,Togo,2023,Voiture,multiplicateur sur 20 ans,15764.0,13991.0,1.13,,,multiplicateur,B,D1_immatriculations.csv,I(2023) / I(2003)
O1-03,National,Togo,2023,Poids lourd,croissance annuelle,2620.0,3229.0,-18.9,,,%,B,D1_immatriculations.csv,
O1-03,National,Togo,2023,Poids lourd,multiplicateur sur 20 ans,2620.0,1372.0,1.91,,,multiplicateur,B,D1_immatriculations.csv,I(2023) / I(2003)
O1-03,National,Togo,2023,Bus et car,croissance annuelle,189.0,145.0,30.3,,,%,B,D1_immatriculations.csv,
O1-03,National,Togo,2023,Bus et car,multiplicateur sur 20 ans,189.0,21.0,9.0,,,multiplicateur,B,D1_immatriculations.csv,I(2023) / I(2003)
O1-03,National,Togo,2023,Autres,croissance annuelle,4441.0,4626.0,-4.0,,,%,B,D1_immatriculations.csv,
O1-03,National,Togo,2023,Autres,multiplicateur sur 20 ans,4441.0,1359.0,3.27,,,multiplicateur,B,D1_immatriculations.csv,I(2023) / I(2003)
O1-03,National,Togo,2023,Ensemble,croissance annuelle,130859.0,93770.0,39.6,,,%,B,D1_immatriculations.csv,
O1-03,National,Togo,2023,Ensemble,multiplicateur sur 20 ans,130859.0,28873.0,4.53,,,multiplicateur,B,D1_immatriculations.csv,I(2023) / I(2003)
O1-03,National,Togo,2024,Moto,croissance annuelle,65593.0,107845.0,-39.2,,,%,B,D1_immatriculations.csv,
O1-03,National,Togo,2024,Moto,multiplicateur sur 20 ans,65593.0,33980.0,1.93,,,multiplicateur,B,D1_immatriculations.csv,I(2024) / I(2004) ; rupture de série en 2004 (04)
O1-03,National,Togo,2024,Voiture,croissance annuelle,15325.0,15764.0,-2.8,,,%,B,D1_immatriculations.csv,
O1-03,National,Togo,2024,Voiture,multiplicateur sur 20 ans,15325.0,11430.0,1.34,,,multiplicateur,B,D1_immatriculations.csv,I(2024) / I(2004) ; rupture de série en 2004 (04)
O1-03,National,Togo,2024,Poids lourd,croissance annuelle,2489.0,2620.0,-5.0,,,%,B,D1_immatriculations.csv,
O1-03,National,Togo,2024,Poids lourd,multiplicateur sur 20 ans,2489.0,1086.0,2.29,,,multiplicateur,B,D1_immatriculations.csv,I(2024) / I(2004) ; rupture de série en 2004 (04)
O1-03,National,Togo,2024,Bus et car,croissance annuelle,122.0,189.0,-35.4,,,%,B,D1_immatriculations.csv,
O1-03,National,Togo,2024,Bus et car,multiplicateur sur 20 ans,122.0,17.0,7.18,,,multiplicateur,B,D1_immatriculations.csv,I(2024) / I(2004) ; rupture de série en 2004 (04)
O1-03,National,Togo,2024,Autres,croissance annuelle,4669.0,4441.0,5.1,,,%,B,D1_immatriculations.csv,
O1-03,National,Togo,2024,Autres,multiplicateur sur 20 ans,4669.0,1681.0,2.78,,,multiplicateur,B,D1_immatriculations.csv,I(2024) / I(2004) ; rupture de série en 2004 (04)
O1-03,National,Togo,2024,Ensemble,croissance annuelle,88198.0,130859.0,-32.6,,,%,B,D1_immatriculations.csv,
O1-03,National,Togo,2024,Ensemble,multiplicateur sur 20 ans,88198.0,48194.0,1.83,,,multiplicateur,B,D1_immatriculations.csv,I(2024) / I(2004) ; rupture de série en 2004 (04)
O1-03,National,Togo,1990–2024,Moto,taux de croissance annuel moyen,65593.0,1513.0,11.7,,,% par an,B,D1_immatriculations.csv,(I(2024) / I(1990))^(1/34) − 1
O1-03,National,Togo,1990–2024,Voiture,taux de croissance annuel moyen,15325.0,3814.0,4.2,,,% par an,B,D1_immatriculations.csv,(I(2024) / I(1990))^(1/34) − 1
O1-03,National,Togo,1990–2024,Poids lourd,taux de croissance annuel moyen,2489.0,337.0,6.1,,,% par an,B,D1_immatriculations.csv,(I(2024) / I(1990))^(1/34) − 1
O1-03,National,Togo,1990–2024,Bus et car,taux de croissance annuel moyen,122.0,59.0,2.2,,,% par an,B,D1_immatriculations.csv,(I(2024) / I(1990))^(1/34) − 1
O1-03,National,Togo,1990–2024,Autres,taux de croissance annuel moyen,4669.0,1106.0,4.3,,,% par an,B,D1_immatriculations.csv,(I(2024) / I(1990))^(1/34) − 1
O1-03,National,Togo,1990–2024,Ensemble,taux de croissance annuel moyen,88198.0,6829.0,7.8,,,% par an,B,D1_immatriculations.csv,(I(2024) / I(1990))^(1/34) − 1
O1-04,National,Togo,1990,Moto,,1513.0,3677181.0,0.41,,,pour 1 000 habitants,C,D1_immatriculations.csv ; D7_population_nationale.csv,
O1-04,National,Togo,1990,Voiture,,3814.0,3677181.0,1.04,,,pour 1 000 habitants,C,D1_immatriculations.csv ; D7_population_nationale.csv,
O1-04,National,Togo,1990,Poids lourd,,337.0,3677181.0,0.09,,,pour 1 000 habitants,C,D1_immatriculations.csv ; D7_population_nationale.csv,
O1-04,National,Togo,1990,Bus et car,,59.0,3677181.0,0.02,,,pour 1 000 habitants,C,D1_immatriculations.csv ; D7_population_nationale.csv,
O1-04,National,Togo,1990,Autres,,1106.0,3677181.0,0.3,,,pour 1 000 habitants,C,D1_immatriculations.csv ; D7_population_nationale.csv,
O1-04,National,Togo,1990,Ensemble,,6829.0,3677181.0,1.86,,,pour 1 000 habitants,C,D1_immatriculations.csv ; D7_population_nationale.csv,
O1-04,National,Togo,1991,Moto,,1601.0,3784587.0,0.42,,,pour 1 000 habitants,C,D1_immatriculations.csv ; D7_population_nationale.csv,
O1-04,National,Togo,1991,Voiture,,4004.0,3784587.0,1.06,,,pour 1 000 habitants,C,D1_immatriculations.csv ; D7_population_nationale.csv,
O1-04,National,Togo,1991,Poids lourd,,381.0,3784587.0,0.1,,,pour 1 000 habitants,C,D1_immatriculations.csv ; D7_population_nationale.csv,
O1-04,National,Togo,1991,Bus et car,,31.0,3784587.0,0.01,,,pour 1 000 habitants,C,D1_immatriculations.csv ; D7_population_nationale.csv,
O1-04,National,Togo,1991,Autres,,1052.0,3784587.0,0.28,,,pour 1 000 habitants,C,D1_immatriculations.csv ; D7_population_nationale.csv,
O1-04,National,Togo,1991,Ensemble,,7069.0,3784587.0,1.87,,,pour 1 000 habitants,C,D1_immatriculations.csv ; D7_population_nationale.csv,
O1-04,National,Togo,1992,Moto,,1641.0,3893149.0,0.42,,,pour 1 000 habitants,C,D1_immatriculations.csv ; D7_population_nationale.csv,
O1-04,National,Togo,1992,Voiture,,4300.0,3893149.0,1.1,,,pour 1 000 habitants,C,D1_immatriculations.csv ; D7_population_nationale.csv,
O1-04,National,Togo,1992,Poids lourd,,386.0,3893149.0,0.1,,,pour 1 000 habitants,C,D1_immatriculations.csv ; D7_population_nationale.csv,
O1-04,National,Togo,1992,Bus et car,,32.0,3893149.0,0.01,,,pour 1 000 habitants,C,D1_immatriculations.csv ; D7_population_nationale.csv,
O1-04,National,Togo,1992,Autres,,891.0,3893149.0,0.23,,,pour 1 000 habitants,C,D1_immatriculations.csv ; D7_population_nationale.csv,
O1-04,National,Togo,1992,Ensemble,,7250.0,3893149.0,1.86,,,pour 1 000 habitants,C,D1_immatriculations.csv ; D7_population_nationale.csv,
O1-04,National,Togo,1993,Moto,,982.0,3869090.0,0.25,,,pour 1 000 habitants,C,D1_immatriculations.csv ; D7_population_nationale.csv,population : variation atypique depuis l’année précédente [SIG-11]
O1-04,National,Togo,1993,Voiture,,2577.0,3869090.0,0.67,,,pour 1 000 habitants,C,D1_immatriculations.csv ; D7_population_nationale.csv,population : variation atypique depuis l’année précédente [SIG-11]
O1-04,National,Togo,1993,Poids lourd,,252.0,3869090.0,0.07,,,pour 1 000 habitants,C,D1_immatriculations.csv ; D7_population_nationale.csv,population : variation atypique depuis l’année précédente [SIG-11]
O1-04,National,Togo,1993,Bus et car,,3.0,3869090.0,0.0,,,pour 1 000 habitants,C,D1_immatriculations.csv ; D7_population_nationale.csv,population : variation atypique depuis l’année précédente [SIG-11]
O1-04,National,Togo,1993,Autres,,535.0,3869090.0,0.14,,,pour 1 000 habitants,C,D1_immatriculations.csv ; D7_population_nationale.csv,population : variation atypique depuis l’année précédente [SIG-11]
O1-04,National,Togo,1993,Ensemble,,4349.0,3869090.0,1.12,,,pour 1 000 habitants,C,D1_immatriculations.csv ; D7_population_nationale.csv,population : variation atypique depuis l’année précédente [SIG-11]
O1-04,National,Togo,1994,Moto,,1887.0,3883331.0,0.49,,,pour 1 000 habitants,C,D1_immatriculations.csv ; D7_population_nationale.csv,population : variation atypique depuis l’année précédente [SIG-11]
O1-04,National,Togo,1994,Voiture,,3227.0,3883331.0,0.83,,,pour 1 000 habitants,C,D1_immatriculations.csv ; D7_population_nationale.csv,population : variation atypique depuis l’année précédente [SIG-11]
O1-04,National,Togo,1994,Poids lourd,,271.0,3883331.0,0.07,,,pour 1 000 habitants,C,D1_immatriculations.csv ; D7_population_nationale.csv,population : variation atypique depuis l’année précédente [SIG-11]
O1-04,National,Togo,1994,Bus et car,,29.0,3883331.0,0.01,,,pour 1 000 habitants,C,D1_immatriculations.csv ; D7_population_nationale.csv,population : variation atypique depuis l’année précédente [SIG-11]
O1-04,National,Togo,1994,Autres,,710.0,3883331.0,0.18,,,pour 1 000 habitants,C,D1_immatriculations.csv ; D7_population_nationale.csv,population : variation atypique depuis l’année précédente [SIG-11]
O1-04,National,Togo,1994,Ensemble,,6124.0,3883331.0,1.58,,,pour 1 000 habitants,C,D1_immatriculations.csv ; D7_population_nationale.csv,population : variation atypique depuis l’année précédente [SIG-11]
O1-04,National,Togo,1995,Moto,,13883.0,4056113.0,3.42,,,pour 1 000 habitants,C,D1_immatriculations.csv ; D7_population_nationale.csv,population : variation atypique depuis l’année précédente [SIG-11]
O1-04,National,Togo,1995,Voiture,,6728.0,4056113.0,1.66,,,pour 1 000 habitants,C,D1_immatriculations.csv ; D7_population_nationale.csv,population : variation atypique depuis l’année précédente [SIG-11]
O1-04,National,Togo,1995,Poids lourd,,357.0,4056113.0,0.09,,,pour 1 000 habitants,C,D1_immatriculations.csv ; D7_population_nationale.csv,population : variation atypique depuis l’année précédente [SIG-11]
O1-04,National,Togo,1995,Bus et car,,15.0,4056113.0,0.0,,,pour 1 000 habitants,C,D1_immatriculations.csv ; D7_population_nationale.csv,population : variation atypique depuis l’année précédente [SIG-11]
O1-04,National,Togo,1995,Autres,,853.0,4056113.0,0.21,,,pour 1 000 habitants,C,D1_immatriculations.csv ; D7_population_nationale.csv,population : variation atypique depuis l’année précédente [SIG-11]
O1-04,National,Togo,1995,Ensemble,,21836.0,4056113.0,5.38,,,pour 1 000 habitants,C,D1_immatriculations.csv ; D7_population_nationale.csv,population : variation atypique depuis l’année précédente [SIG-11]
O1-04,National,Togo,1996,Moto,,15383.0,4209708.0,3.65,,,pour 1 000 habitants,C,D1_immatriculations.csv ; D7_population_nationale.csv,population : variation atypique depuis l’année précédente [SIG-11]
O1-04,National,Togo,1996,Voiture,,6239.0,4209708.0,1.48,,,pour 1 000 habitants,C,D1_immatriculations.csv ; D7_population_nationale.csv,population : variation atypique depuis l’année précédente [SIG-11]
O1-04,National,Togo,1996,Poids lourd,,621.0,4209708.0,0.15,,,pour 1 000 habitants,C,D1_immatriculations.csv ; D7_population_nationale.csv,population : variation atypique depuis l’année précédente [SIG-11]
O1-04,National,Togo,1996,Bus et car,,16.0,4209708.0,0.0,,,pour 1 000 habitants,C,D1_immatriculations.csv ; D7_population_nationale.csv,population : variation atypique depuis l’année précédente [SIG-11]
O1-04,National,Togo,1996,Autres,,1296.0,4209708.0,0.31,,,pour 1 000 habitants,C,D1_immatriculations.csv ; D7_population_nationale.csv,population : variation atypique depuis l’année précédente [SIG-11]
O1-04,National,Togo,1996,Ensemble,,23555.0,4209708.0,5.6,,,pour 1 000 habitants,C,D1_immatriculations.csv ; D7_population_nationale.csv,population : variation atypique depuis l’année précédente [SIG-11]
O1-04,National,Togo,1997,Moto,,14445.0,4345043.0,3.32,,,pour 1 000 habitants,C,D1_immatriculations.csv ; D7_population_nationale.csv,
O1-04,National,Togo,1997,Voiture,,7503.0,4345043.0,1.73,,,pour 1 000 habitants,C,D1_immatriculations.csv ; D7_population_nationale.csv,
O1-04,National,Togo,1997,Poids lourd,,529.0,4345043.0,0.12,,,pour 1 000 habitants,C,D1_immatriculations.csv ; D7_population_nationale.csv,
O1-04,National,Togo,1997,Bus et car,,28.0,4345043.0,0.01,,,pour 1 000 habitants,C,D1_immatriculations.csv ; D7_population_nationale.csv,
O1-04,National,Togo,1997,Autres,,1850.0,4345043.0,0.43,,,pour 1 000 habitants,C,D1_immatriculations.csv ; D7_population_nationale.csv,
O1-04,National,Togo,1997,Ensemble,,24355.0,4345043.0,5.61,,,pour 1 000 habitants,C,D1_immatriculations.csv ; D7_population_nationale.csv,
O1-04,National,Togo,1998,Moto,,10603.0,4469998.0,2.37,,,pour 1 000 habitants,C,D1_immatriculations.csv ; D7_population_nationale.csv,
O1-04,National,Togo,1998,Voiture,,7470.0,4469998.0,1.67,,,pour 1 000 habitants,C,D1_immatriculations.csv ; D7_population_nationale.csv,
O1-04,National,Togo,1998,Poids lourd,,774.0,4469998.0,0.17,,,pour 1 000 habitants,C,D1_immatriculations.csv ; D7_population_nationale.csv,
O1-04,National,Togo,1998,Bus et car,,35.0,4469998.0,0.01,,,pour 1 000 habitants,C,D1_immatriculations.csv ; D7_population_nationale.csv,
O1-04,National,Togo,1998,Autres,,1787.0,4469998.0,0.4,,,pour 1 000 habitants,C,D1_immatriculations.csv ; D7_population_nationale.csv,
O1-04,National,Togo,1998,Ensemble,,20669.0,4469998.0,4.62,,,pour 1 000 habitants,C,D1_immatriculations.csv ; D7_population_nationale.csv,
O1-04,National,Togo,1999,Moto,,12917.0,4598147.0,2.81,,,pour 1 000 habitants,C,D1_immatriculations.csv ; D7_population_nationale.csv,
O1-04,National,Togo,1999,Voiture,,8642.0,4598147.0,1.88,,,pour 1 000 habitants,C,D1_immatriculations.csv ; D7_population_nationale.csv,
O1-04,National,Togo,1999,Poids lourd,,752.0,4598147.0,0.16,,,pour 1 000 habitants,C,D1_immatriculations.csv ; D7_population_nationale.csv,
O1-04,National,Togo,1999,Bus et car,,26.0,4598147.0,0.01,,,pour 1 000 habitants,C,D1_immatriculations.csv ; D7_population_nationale.csv,
O1-04,National,Togo,1999,Autres,,1566.0,4598147.0,0.34,,,pour 1 000 habitants,C,D1_immatriculations.csv ; D7_population_nationale.csv,
O1-04,National,Togo,1999,Ensemble,,23903.0,4598147.0,5.2,,,pour 1 000 habitants,C,D1_immatriculations.csv ; D7_population_nationale.csv,
O1-04,National,Togo,2000,Moto,,10639.0,4726675.0,2.25,,,pour 1 000 habitants,C,D1_immatriculations.csv ; D7_population_nationale.csv,
O1-04,National,Togo,2000,Voiture,,7154.0,4726675.0,1.51,,,pour 1 000 habitants,C,D1_immatriculations.csv ; D7_population_nationale.csv,
O1-04,National,Togo,2000,Poids lourd,,701.0,4726675.0,0.15,,,pour 1 000 habitants,C,D1_immatriculations.csv ; D7_population_nationale.csv,
O1-04,National,Togo,2000,Bus et car,,30.0,4726675.0,0.01,,,pour 1 000 habitants,C,D1_immatriculations.csv ; D7_population_nationale.csv,
O1-04,National,Togo,2000,Autres,,1456.0,4726675.0,0.31,,,pour 1 000 habitants,C,D1_immatriculations.csv ; D7_population_nationale.csv,
O1-04,National,Togo,2000,Ensemble,,19980.0,4726675.0,4.23,,,pour 1 000 habitants,C,D1_immatriculations.csv ; D7_population_nationale.csv,
O1-04,National,Togo,2001,Moto,,8500.0,4852975.0,1.75,,,pour 1 000 habitants,C,D1_immatriculations.csv ; D7_population_nationale.csv,
O1-04,National,Togo,2001,Voiture,,8469.0,4852975.0,1.75,,,pour 1 000 habitants,C,D1_immatriculations.csv ; D7_population_nationale.csv,
O1-04,National,Togo,2001,Poids lourd,,770.0,4852975.0,0.16,,,pour 1 000 habitants,C,D1_immatriculations.csv ; D7_population_nationale.csv,
O1-04,National,Togo,2001,Bus et car,,32.0,4852975.0,0.01,,,pour 1 000 habitants,C,D1_immatriculations.csv ; D7_population_nationale.csv,
O1-04,National,Togo,2001,Autres,,1567.0,4852975.0,0.32,,,pour 1 000 habitants,C,D1_immatriculations.csv ; D7_population_nationale.csv,
O1-04,National,Togo,2001,Ensemble,,19338.0,4852975.0,3.98,,,pour 1 000 habitants,C,D1_immatriculations.csv ; D7_population_nationale.csv,
O1-04,National,Togo,2002,Moto,,8632.0,4977938.0,1.73,,,pour 1 000 habitants,C,D1_immatriculations.csv ; D7_population_nationale.csv,
O1-04,National,Togo,2002,Voiture,,9500.0,4977938.0,1.91,,,pour 1 000 habitants,C,D1_immatriculations.csv ; D7_population_nationale.csv,
O1-04,National,Togo,2002,Poids lourd,,721.0,4977938.0,0.14,,,pour 1 000 habitants,C,D1_immatriculations.csv ; D7_population_nationale.csv,
O1-04,National,Togo,2002,Bus et car,,29.0,4977938.0,0.01,,,pour 1 000 habitants,C,D1_immatriculations.csv ; D7_population_nationale.csv,
O1-04,National,Togo,2002,Autres,,1671.0,4977938.0,0.34,,,pour 1 000 habitants,C,D1_immatriculations.csv ; D7_population_nationale.csv,
O1-04,National,Togo,2002,Ensemble,,20553.0,4977938.0,4.13,,,pour 1 000 habitants,C,D1_immatriculations.csv ; D7_population_nationale.csv,
O1-04,National,Togo,2003,Moto,,12130.0,5105661.0,2.38,,,pour 1 000 habitants,C,D1_immatriculations.csv ; D7_population_nationale.csv,
O1-04,National,Togo,2003,Voiture,,13991.0,5105661.0,2.74,,,pour 1 000 habitants,C,D1_immatriculations.csv ; D7_population_nationale.csv,
O1-04,National,Togo,2003,Poids lourd,,1372.0,5105661.0,0.27,,,pour 1 000 habitants,C,D1_immatriculations.csv ; D7_population_nationale.csv,
O1-04,National,Togo,2003,Bus et car,,21.0,5105661.0,0.0,,,pour 1 000 habitants,C,D1_immatriculations.csv ; D7_population_nationale.csv,
O1-04,National,Togo,2003,Autres,,1359.0,5105661.0,0.27,,,pour 1 000 habitants,C,D1_immatriculations.csv ; D7_population_nationale.csv,
O1-04,National,Togo,2003,Ensemble,,28873.0,5105661.0,5.66,,,pour 1 000 habitants,C,D1_immatriculations.csv ; D7_population_nationale.csv,
O1-04,National,Togo,2004,Moto,,33980.0,5238395.0,6.49,,,pour 1 000 habitants,C,D1_immatriculations.csv ; D7_population_nationale.csv,
O1-04,National,Togo,2004,Voiture,,11430.0,5238395.0,2.18,,,pour 1 000 habitants,C,D1_immatriculations.csv ; D7_population_nationale.csv,
O1-04,National,Togo,2004,Poids lourd,,1086.0,5238395.0,0.21,,,pour 1 000 habitants,C,D1_immatriculations.csv ; D7_population_nationale.csv,
O1-04,National,Togo,2004,Bus et car,,17.0,5238395.0,0.0,,,pour 1 000 habitants,C,D1_immatriculations.csv ; D7_population_nationale.csv,
O1-04,National,Togo,2004,Autres,,1681.0,5238395.0,0.32,,,pour 1 000 habitants,C,D1_immatriculations.csv ; D7_population_nationale.csv,
O1-04,National,Togo,2004,Ensemble,,48194.0,5238395.0,9.2,,,pour 1 000 habitants,C,D1_immatriculations.csv ; D7_population_nationale.csv,
O1-04,National,Togo,2005,Moto,,27791.0,5374606.0,5.17,,,pour 1 000 habitants,C,D1_immatriculations.csv ; D7_population_nationale.csv,
O1-04,National,Togo,2005,Voiture,,11308.0,5374606.0,2.1,,,pour 1 000 habitants,C,D1_immatriculations.csv ; D7_population_nationale.csv,
O1-04,National,Togo,2005,Poids lourd,,1342.0,5374606.0,0.25,,,pour 1 000 habitants,C,D1_immatriculations.csv ; D7_population_nationale.csv,
O1-04,National,Togo,2005,Bus et car,,18.0,5374606.0,0.0,,,pour 1 000 habitants,C,D1_immatriculations.csv ; D7_population_nationale.csv,
O1-04,National,Togo,2005,Autres,,955.0,5374606.0,0.18,,,pour 1 000 habitants,C,D1_immatriculations.csv ; D7_population_nationale.csv,
O1-04,National,Togo,2005,Ensemble,,41414.0,5374606.0,7.71,,,pour 1 000 habitants,C,D1_immatriculations.csv ; D7_population_nationale.csv,
O1-04,National,Togo,2006,Moto,,35760.0,5527290.0,6.47,,,pour 1 000 habitants,C,D1_immatriculations.csv ; D7_population_nationale.csv,
O1-04,National,Togo,2006,Voiture,,10961.0,5527290.0,1.98,,,pour 1 000 habitants,C,D1_immatriculations.csv ; D7_population_nationale.csv,
O1-04,National,Togo,2006,Poids lourd,,1181.0,5527290.0,0.21,,,pour 1 000 habitants,C,D1_immatriculations.csv ; D7_population_nationale.csv,
O1-04,National,Togo,2006,Bus et car,,28.0,5527290.0,0.01,,,pour 1 000 habitants,C,D1_immatriculations.csv ; D7_population_nationale.csv,
O1-04,National,Togo,2006,Autres,,1305.0,5527290.0,0.24,,,pour 1 000 habitants,C,D1_immatriculations.csv ; D7_population_nationale.csv,
O1-04,National,Togo,2006,Ensemble,,49235.0,5527290.0,8.91,,,pour 1 000 habitants,C,D1_immatriculations.csv ; D7_population_nationale.csv,
O1-04,National,Togo,2007,Moto,,34454.0,5690677.0,6.05,,,pour 1 000 habitants,C,D1_immatriculations.csv ; D7_population_nationale.csv,
O1-04,National,Togo,2007,Voiture,,10692.0,5690677.0,1.88,,,pour 1 000 habitants,C,D1_immatriculations.csv ; D7_population_nationale.csv,
O1-04,National,Togo,2007,Poids lourd,,1057.0,5690677.0,0.19,,,pour 1 000 habitants,C,D1_immatriculations.csv ; D7_population_nationale.csv,
O1-04,National,Togo,2007,Bus et car,,22.0,5690677.0,0.0,,,pour 1 000 habitants,C,D1_immatriculations.csv ; D7_population_nationale.csv,
O1-04,National,Togo,2007,Autres,,1267.0,5690677.0,0.22,,,pour 1 000 habitants,C,D1_immatriculations.csv ; D7_population_nationale.csv,
O1-04,National,Togo,2007,Ensemble,,47492.0,5690677.0,8.35,,,pour 1 000 habitants,C,D1_immatriculations.csv ; D7_population_nationale.csv,
O1-04,National,Togo,2008,Moto,,44409.0,5856632.0,7.58,,,pour 1 000 habitants,C,D1_immatriculations.csv ; D7_population_nationale.csv,
O1-04,National,Togo,2008,Voiture,,10989.0,5856632.0,1.88,,,pour 1 000 habitants,C,D1_immatriculations.csv ; D7_population_nationale.csv,
O1-04,National,Togo,2008,Poids lourd,,1324.0,5856632.0,0.23,,,pour 1 000 habitants,C,D1_immatriculations.csv ; D7_population_nationale.csv,
O1-04,National,Togo,2008,Bus et car,,18.0,5856632.0,0.0,,,pour 1 000 habitants,C,D1_immatriculations.csv ; D7_population_nationale.csv,
O1-04,National,Togo,2008,Autres,,1075.0,5856632.0,0.18,,,pour 1 000 habitants,C,D1_immatriculations.csv ; D7_population_nationale.csv,
O1-04,National,Togo,2008,Ensemble,,57815.0,5856632.0,9.87,,,pour 1 000 habitants,C,D1_immatriculations.csv ; D7_population_nationale.csv,
O1-04,National,Togo,2009,Moto,,36277.0,6024964.0,6.02,,,pour 1 000 habitants,C,D1_immatriculations.csv ; D7_population_nationale.csv,
O1-04,National,Togo,2009,Voiture,,5751.0,6024964.0,0.95,,,pour 1 000 habitants,C,D1_immatriculations.csv ; D7_population_nationale.csv,
O1-04,National,Togo,2009,Poids lourd,,1445.0,6024964.0,0.24,,,pour 1 000 habitants,C,D1_immatriculations.csv ; D7_population_nationale.csv,
O1-04,National,Togo,2009,Bus et car,,36.0,6024964.0,0.01,,,pour 1 000 habitants,C,D1_immatriculations.csv ; D7_population_nationale.csv,
O1-04,National,Togo,2009,Autres,,1403.0,6024964.0,0.23,,,pour 1 000 habitants,C,D1_immatriculations.csv ; D7_population_nationale.csv,
O1-04,National,Togo,2009,Ensemble,,44912.0,6024964.0,7.45,,,pour 1 000 habitants,C,D1_immatriculations.csv ; D7_population_nationale.csv,
O1-04,National,Togo,2010,Moto,,38638.0,6191155.0,6.24,,,pour 1 000 habitants,B,D1_immatriculations.csv ; D7_population_nationale.csv,
O1-04,National,Togo,2010,Voiture,,6229.0,6191155.0,1.01,,,pour 1 000 habitants,B,D1_immatriculations.csv ; D7_population_nationale.csv,
O1-04,National,Togo,2010,Poids lourd,,2873.0,6191155.0,0.46,,,pour 1 000 habitants,B,D1_immatriculations.csv ; D7_population_nationale.csv,
O1-04,National,Togo,2010,Bus et car,,96.0,6191155.0,0.02,,,pour 1 000 habitants,B,D1_immatriculations.csv ; D7_population_nationale.csv,
O1-04,National,Togo,2010,Autres,,1542.0,6191155.0,0.25,,,pour 1 000 habitants,B,D1_immatriculations.csv ; D7_population_nationale.csv,
O1-04,National,Togo,2010,Ensemble,,49378.0,6191155.0,7.98,,,pour 1 000 habitants,B,D1_immatriculations.csv ; D7_population_nationale.csv,
O1-04,National,Togo,2011,Moto,,42283.0,6202000.0,6.82,,,pour 1 000 habitants,C,D1_immatriculations.csv ; D7_population_nationale.csv,population : variation atypique depuis l’année précédente [SIG-11]
O1-04,National,Togo,2011,Voiture,,7256.0,6202000.0,1.17,,,pour 1 000 habitants,C,D1_immatriculations.csv ; D7_population_nationale.csv,population : variation atypique depuis l’année précédente [SIG-11]
O1-04,National,Togo,2011,Poids lourd,,3668.0,6202000.0,0.59,,,pour 1 000 habitants,C,D1_immatriculations.csv ; D7_population_nationale.csv,population : variation atypique depuis l’année précédente [SIG-11]
O1-04,National,Togo,2011,Bus et car,,97.0,6202000.0,0.02,,,pour 1 000 habitants,C,D1_immatriculations.csv ; D7_population_nationale.csv,population : variation atypique depuis l’année précédente [SIG-11]
O1-04,National,Togo,2011,Autres,,2219.0,6202000.0,0.36,,,pour 1 000 habitants,C,D1_immatriculations.csv ; D7_population_nationale.csv,population : variation atypique depuis l’année précédente [SIG-11]
O1-04,National,Togo,2011,Ensemble,,55523.0,6202000.0,8.95,,,pour 1 000 habitants,C,D1_immatriculations.csv ; D7_population_nationale.csv,population : variation atypique depuis l’année précédente [SIG-11]
O1-04,National,Togo,2012,Moto,,43757.0,6353000.0,6.89,,,pour 1 000 habitants,C,D1_immatriculations.csv ; D7_population_nationale.csv,
O1-04,National,Togo,2012,Voiture,,9056.0,6353000.0,1.43,,,pour 1 000 habitants,C,D1_immatriculations.csv ; D7_population_nationale.csv,
O1-04,National,Togo,2012,Poids lourd,,4386.0,6353000.0,0.69,,,pour 1 000 habitants,C,D1_immatriculations.csv ; D7_population_nationale.csv,
O1-04,National,Togo,2012,Bus et car,,102.0,6353000.0,0.02,,,pour 1 000 habitants,C,D1_immatriculations.csv ; D7_population_nationale.csv,
O1-04,National,Togo,2012,Autres,,1986.0,6353000.0,0.31,,,pour 1 000 habitants,C,D1_immatriculations.csv ; D7_population_nationale.csv,
O1-04,National,Togo,2012,Ensemble,,59287.0,6353000.0,9.33,,,pour 1 000 habitants,C,D1_immatriculations.csv ; D7_population_nationale.csv,
O1-04,National,Togo,2013,Moto,,41830.0,6509000.0,6.43,,,pour 1 000 habitants,C,D1_immatriculations.csv ; D7_population_nationale.csv,
O1-04,National,Togo,2013,Voiture,,9402.0,6509000.0,1.44,,,pour 1 000 habitants,C,D1_immatriculations.csv ; D7_population_nationale.csv,
O1-04,National,Togo,2013,Poids lourd,,4466.0,6509000.0,0.69,,,pour 1 000 habitants,C,D1_immatriculations.csv ; D7_population_nationale.csv,
O1-04,National,Togo,2013,Bus et car,,94.0,6509000.0,0.01,,,pour 1 000 habitants,C,D1_immatriculations.csv ; D7_population_nationale.csv,
O1-04,National,Togo,2013,Autres,,2311.0,6509000.0,0.36,,,pour 1 000 habitants,C,D1_immatriculations.csv ; D7_population_nationale.csv,
O1-04,National,Togo,2013,Ensemble,,58103.0,6509000.0,8.93,,,pour 1 000 habitants,C,D1_immatriculations.csv ; D7_population_nationale.csv,
O1-04,National,Togo,2014,Moto,,51134.0,6669000.0,7.67,,,pour 1 000 habitants,C,D1_immatriculations.csv ; D7_population_nationale.csv,
O1-04,National,Togo,2014,Voiture,,10304.0,6669000.0,1.55,,,pour 1 000 habitants,C,D1_immatriculations.csv ; D7_population_nationale.csv,
O1-04,National,Togo,2014,Poids lourd,,4894.0,6669000.0,0.73,,,pour 1 000 habitants,C,D1_immatriculations.csv ; D7_population_nationale.csv,
O1-04,National,Togo,2014,Bus et car,,103.0,6669000.0,0.02,,,pour 1 000 habitants,C,D1_immatriculations.csv ; D7_population_nationale.csv,
O1-04,National,Togo,2014,Autres,,2533.0,6669000.0,0.38,,,pour 1 000 habitants,C,D1_immatriculations.csv ; D7_population_nationale.csv,
O1-04,National,Togo,2014,Ensemble,,68968.0,6669000.0,10.34,,,pour 1 000 habitants,C,D1_immatriculations.csv ; D7_population_nationale.csv,
O1-04,National,Togo,2015,Moto,,65599.0,6835000.0,9.6,,,pour 1 000 habitants,C,D1_immatriculations.csv ; D7_population_nationale.csv,
O1-04,National,Togo,2015,Voiture,,14500.0,6835000.0,2.12,,,pour 1 000 habitants,C,D1_immatriculations.csv ; D7_population_nationale.csv,
O1-04,National,Togo,2015,Poids lourd,,2333.0,6835000.0,0.34,,,pour 1 000 habitants,C,D1_immatriculations.csv ; D7_population_nationale.csv,
O1-04,National,Togo,2015,Bus et car,,87.0,6835000.0,0.01,,,pour 1 000 habitants,C,D1_immatriculations.csv ; D7_population_nationale.csv,
O1-04,National,Togo,2015,Autres,,3229.0,6835000.0,0.47,,,pour 1 000 habitants,C,D1_immatriculations.csv ; D7_population_nationale.csv,
O1-04,National,Togo,2015,Ensemble,,85748.0,6835000.0,12.55,,,pour 1 000 habitants,C,D1_immatriculations.csv ; D7_population_nationale.csv,
O1-04,National,Togo,2016,Moto,,45341.0,7006000.0,6.47,,,pour 1 000 habitants,C,D1_immatriculations.csv ; D7_population_nationale.csv,
O1-04,National,Togo,2016,Voiture,,14079.0,7006000.0,2.01,,,pour 1 000 habitants,C,D1_immatriculations.csv ; D7_population_nationale.csv,
O1-04,National,Togo,2016,Poids lourd,,1715.0,7006000.0,0.24,,,pour 1 000 habitants,C,D1_immatriculations.csv ; D7_population_nationale.csv,
O1-04,National,Togo,2016,Bus et car,,62.0,7006000.0,0.01,,,pour 1 000 habitants,C,D1_immatriculations.csv ; D7_population_nationale.csv,
O1-04,National,Togo,2016,Autres,,2923.0,7006000.0,0.42,,,pour 1 000 habitants,C,D1_immatriculations.csv ; D7_population_nationale.csv,
O1-04,National,Togo,2016,Ensemble,,64120.0,7006000.0,9.15,,,pour 1 000 habitants,C,D1_immatriculations.csv ; D7_population_nationale.csv,
O1-04,National,Togo,2017,Moto,,41187.0,7178000.0,5.74,,,pour 1 000 habitants,C,D1_immatriculations.csv ; D7_population_nationale.csv,
O1-04,National,Togo,2017,Voiture,,14328.0,7178000.0,2.0,,,pour 1 000 habitants,C,D1_immatriculations.csv ; D7_population_nationale.csv,
O1-04,National,Togo,2017,Poids lourd,,2232.0,7178000.0,0.31,,,pour 1 000 habitants,C,D1_immatriculations.csv ; D7_population_nationale.csv,
O1-04,National,Togo,2017,Bus et car,,73.0,7178000.0,0.01,,,pour 1 000 habitants,C,D1_immatriculations.csv ; D7_population_nationale.csv,
O1-04,National,Togo,2017,Autres,,3149.0,7178000.0,0.44,,,pour 1 000 habitants,C,D1_immatriculations.csv ; D7_population_nationale.csv,
O1-04,National,Togo,2017,Ensemble,,60969.0,7178000.0,8.49,,,pour 1 000 habitants,C,D1_immatriculations.csv ; D7_population_nationale.csv,
O1-04,National,Togo,2018,Moto,,43063.0,7352000.0,5.86,,,pour 1 000 habitants,C,D1_immatriculations.csv ; D7_population_nationale.csv,
O1-04,National,Togo,2018,Voiture,,15607.0,7352000.0,2.12,,,pour 1 000 habitants,C,D1_immatriculations.csv ; D7_population_nationale.csv,
O1-04,National,Togo,2018,Poids lourd,,2369.0,7352000.0,0.32,,,pour 1 000 habitants,C,D1_immatriculations.csv ; D7_population_nationale.csv,
O1-04,National,Togo,2018,Bus et car,,83.0,7352000.0,0.01,,,pour 1 000 habitants,C,D1_immatriculations.csv ; D7_population_nationale.csv,
O1-04,National,Togo,2018,Autres,,3224.0,7352000.0,0.44,,,pour 1 000 habitants,C,D1_immatriculations.csv ; D7_population_nationale.csv,
O1-04,National,Togo,2018,Ensemble,,64346.0,7352000.0,8.75,,,pour 1 000 habitants,C,D1_immatriculations.csv ; D7_population_nationale.csv,
O1-04,National,Togo,2019,Moto,,54873.0,7528000.0,7.29,,,pour 1 000 habitants,C,D1_immatriculations.csv ; D7_population_nationale.csv,
O1-04,National,Togo,2019,Voiture,,18072.0,7528000.0,2.4,,,pour 1 000 habitants,C,D1_immatriculations.csv ; D7_population_nationale.csv,
O1-04,National,Togo,2019,Poids lourd,,2454.0,7528000.0,0.33,,,pour 1 000 habitants,C,D1_immatriculations.csv ; D7_population_nationale.csv,
O1-04,National,Togo,2019,Bus et car,,133.0,7528000.0,0.02,,,pour 1 000 habitants,C,D1_immatriculations.csv ; D7_population_nationale.csv,
O1-04,National,Togo,2019,Autres,,3682.0,7528000.0,0.49,,,pour 1 000 habitants,C,D1_immatriculations.csv ; D7_population_nationale.csv,
O1-04,National,Togo,2019,Ensemble,,79214.0,7528000.0,10.52,,,pour 1 000 habitants,C,D1_immatriculations.csv ; D7_population_nationale.csv,
O1-04,National,Togo,2020,Moto,,44850.0,7706000.0,5.82,,,pour 1 000 habitants,C,D1_immatriculations.csv ; D7_population_nationale.csv,
O1-04,National,Togo,2020,Voiture,,16386.0,7706000.0,2.13,,,pour 1 000 habitants,C,D1_immatriculations.csv ; D7_population_nationale.csv,
O1-04,National,Togo,2020,Poids lourd,,3328.0,7706000.0,0.43,,,pour 1 000 habitants,C,D1_immatriculations.csv ; D7_population_nationale.csv,
O1-04,National,Togo,2020,Bus et car,,91.0,7706000.0,0.01,,,pour 1 000 habitants,C,D1_immatriculations.csv ; D7_population_nationale.csv,
O1-04,National,Togo,2020,Autres,,4085.0,7706000.0,0.53,,,pour 1 000 habitants,C,D1_immatriculations.csv ; D7_population_nationale.csv,
O1-04,National,Togo,2020,Ensemble,,68740.0,7706000.0,8.92,,,pour 1 000 habitants,C,D1_immatriculations.csv ; D7_population_nationale.csv,
O1-04,National,Togo,2021,Moto,,65363.0,7886000.0,8.29,,,pour 1 000 habitants,C,D1_immatriculations.csv ; D7_population_nationale.csv,
O1-04,National,Togo,2021,Voiture,,20313.0,7886000.0,2.58,,,pour 1 000 habitants,C,D1_immatriculations.csv ; D7_population_nationale.csv,
O1-04,National,Togo,2021,Poids lourd,,3226.0,7886000.0,0.41,,,pour 1 000 habitants,C,D1_immatriculations.csv ; D7_population_nationale.csv,
O1-04,National,Togo,2021,Bus et car,,101.0,7886000.0,0.01,,,pour 1 000 habitants,C,D1_immatriculations.csv ; D7_population_nationale.csv,
O1-04,National,Togo,2021,Autres,,4941.0,7886000.0,0.63,,,pour 1 000 habitants,C,D1_immatriculations.csv ; D7_population_nationale.csv,
O1-04,National,Togo,2021,Ensemble,,93944.0,7886000.0,11.91,,,pour 1 000 habitants,C,D1_immatriculations.csv ; D7_population_nationale.csv,
O1-04,National,Togo,2022,Moto,,67639.0,8095498.0,8.36,,,pour 1 000 habitants,B,D1_immatriculations.csv ; D7_population_nationale.csv,
O1-04,National,Togo,2022,Voiture,,18131.0,8095498.0,2.24,,,pour 1 000 habitants,B,D1_immatriculations.csv ; D7_population_nationale.csv,
O1-04,National,Togo,2022,Poids lourd,,3229.0,8095498.0,0.4,,,pour 1 000 habitants,B,D1_immatriculations.csv ; D7_population_nationale.csv,
O1-04,National,Togo,2022,Bus et car,,145.0,8095498.0,0.02,,,pour 1 000 habitants,B,D1_immatriculations.csv ; D7_population_nationale.csv,
O1-04,National,Togo,2022,Autres,,4626.0,8095498.0,0.57,,,pour 1 000 habitants,B,D1_immatriculations.csv ; D7_population_nationale.csv,
O1-04,National,Togo,2022,Ensemble,,93770.0,8095498.0,11.58,,,pour 1 000 habitants,B,D1_immatriculations.csv ; D7_population_nationale.csv,
O1-04,National,Togo,2023,Moto,,107845.0,8251000.0,13.07,,,pour 1 000 habitants,C,D1_immatriculations.csv ; D7_population_nationale.csv,
O1-04,National,Togo,2023,Voiture,,15764.0,8251000.0,1.91,,,pour 1 000 habitants,C,D1_immatriculations.csv ; D7_population_nationale.csv,
O1-04,National,Togo,2023,Poids lourd,,2620.0,8251000.0,0.32,,,pour 1 000 habitants,C,D1_immatriculations.csv ; D7_population_nationale.csv,
O1-04,National,Togo,2023,Bus et car,,189.0,8251000.0,0.02,,,pour 1 000 habitants,C,D1_immatriculations.csv ; D7_population_nationale.csv,
O1-04,National,Togo,2023,Autres,,4441.0,8251000.0,0.54,,,pour 1 000 habitants,C,D1_immatriculations.csv ; D7_population_nationale.csv,
O1-04,National,Togo,2023,Ensemble,,130859.0,8251000.0,15.86,,,pour 1 000 habitants,C,D1_immatriculations.csv ; D7_population_nationale.csv,
O1-04,National,Togo,2024,Moto,,65593.0,8437000.0,7.77,,,pour 1 000 habitants,C,D1_immatriculations.csv ; D7_population_nationale.csv,
O1-04,National,Togo,2024,Voiture,,15325.0,8437000.0,1.82,,,pour 1 000 habitants,C,D1_immatriculations.csv ; D7_population_nationale.csv,
O1-04,National,Togo,2024,Poids lourd,,2489.0,8437000.0,0.3,,,pour 1 000 habitants,C,D1_immatriculations.csv ; D7_population_nationale.csv,
O1-04,National,Togo,2024,Bus et car,,122.0,8437000.0,0.01,,,pour 1 000 habitants,C,D1_immatriculations.csv ; D7_population_nationale.csv,
O1-04,National,Togo,2024,Autres,,4669.0,8437000.0,0.55,,,pour 1 000 habitants,C,D1_immatriculations.csv ; D7_population_nationale.csv,
O1-04,National,Togo,2024,Ensemble,,88198.0,8437000.0,10.45,,,pour 1 000 habitants,C,D1_immatriculations.csv ; D7_population_nationale.csv,
O1-05,National,Togo,2009,Autres,,,,21091.0,13739.0,25385.0,véhicules,C,D1_parc_estime.csv,"durée de vie PA-01 (ans) : 15 [10–20] ; camionnettes : absentes de PA-01 (02, figé) ; 15 ans [10–20], la valeur des autres véhicules à 4 roues (05 §6)"
O1-05,National,Togo,2010,Autres,,,,21780.0,13825.0,25821.0,véhicules,C,D1_parc_estime.csv,"durée de vie PA-01 (ans) : 15 [10–20] ; camionnettes : absentes de PA-01 (02, figé) ; 15 ans [10–20], la valeur des autres véhicules à 4 roues (05 §6)"
O1-05,National,Togo,2011,Autres,,,,22703.0,14477.0,26988.0,véhicules,C,D1_parc_estime.csv,"durée de vie PA-01 (ans) : 15 [10–20] ; camionnettes : absentes de PA-01 (02, figé) ; 15 ans [10–20], la valeur des autres véhicules à 4 roues (05 §6)"
O1-05,National,Togo,2012,Autres,,,,22839.0,14792.0,28083.0,véhicules,C,D1_parc_estime.csv,"durée de vie PA-01 (ans) : 15 [10–20] ; camionnettes : absentes de PA-01 (02, figé) ; 15 ans [10–20], la valeur des autres véhicules à 4 roues (05 §6)"
O1-05,National,Togo,2013,Autres,,,,23363.0,15744.0,29859.0,véhicules,C,D1_parc_estime.csv,"durée de vie PA-01 (ans) : 15 [10–20] ; camionnettes : absentes de PA-01 (02, figé) ; 15 ans [10–20], la valeur des autres véhicules à 4 roues (05 §6)"
O1-05,National,Togo,2014,Autres,,,,24330.0,16596.0,31682.0,véhicules,C,D1_parc_estime.csv,"durée de vie PA-01 (ans) : 15 [10–20] ; camionnettes : absentes de PA-01 (02, figé) ; 15 ans [10–20], la valeur des autres véhicules à 4 roues (05 §6)"
O1-05,National,Togo,2015,Autres,,,,26103.0,18870.0,34058.0,véhicules,C,D1_parc_estime.csv,"durée de vie PA-01 (ans) : 15 [10–20] ; camionnettes : absentes de PA-01 (02, figé) ; 15 ans [10–20], la valeur des autres véhicules à 4 roues (05 §6)"
O1-05,National,Togo,2016,Autres,,,,27459.0,20488.0,35685.0,véhicules,C,D1_parc_estime.csv,"durée de vie PA-01 (ans) : 15 [10–20] ; camionnettes : absentes de PA-01 (02, figé) ; 15 ans [10–20], la valeur des autres véhicules à 4 roues (05 §6)"
O1-05,National,Togo,2017,Autres,,,,28937.0,22370.0,36984.0,véhicules,C,D1_parc_estime.csv,"durée de vie PA-01 (ans) : 15 [10–20] ; camionnettes : absentes de PA-01 (02, figé) ; 15 ans [10–20], la valeur des autres véhicules à 4 roues (05 §6)"
O1-05,National,Togo,2018,Autres,,,,30802.0,24519.0,38421.0,véhicules,C,D1_parc_estime.csv,"durée de vie PA-01 (ans) : 15 [10–20] ; camionnettes : absentes de PA-01 (02, figé) ; 15 ans [10–20], la valeur des autres véhicules à 4 roues (05 §6)"
O1-05,National,Togo,2019,Autres,,,,32803.0,26798.0,40537.0,véhicules,C,D1_parc_estime.csv,"durée de vie PA-01 (ans) : 15 [10–20] ; camionnettes : absentes de PA-01 (02, figé) ; 15 ans [10–20], la valeur des autres véhicules à 4 roues (05 §6)"
O1-05,National,Togo,2020,Autres,,,,35933.0,29341.0,43166.0,véhicules,C,D1_parc_estime.csv,"durée de vie PA-01 (ans) : 15 [10–20] ; camionnettes : absentes de PA-01 (02, figé) ; 15 ans [10–20], la valeur des autres véhicules à 4 roues (05 §6)"
O1-05,National,Togo,2021,Autres,,,,39569.0,32063.0,46540.0,véhicules,C,D1_parc_estime.csv,"durée de vie PA-01 (ans) : 15 [10–20] ; camionnettes : absentes de PA-01 (02, figé) ; 15 ans [10–20], la valeur des autres véhicules à 4 roues (05 §6)"
O1-05,National,Togo,2022,Autres,,,,42928.0,34703.0,49495.0,véhicules,C,D1_parc_estime.csv,"durée de vie PA-01 (ans) : 15 [10–20] ; camionnettes : absentes de PA-01 (02, figé) ; 15 ans [10–20], la valeur des autres véhicules à 4 roues (05 §6)"
O1-05,National,Togo,2023,Autres,,,,46294.0,36833.0,52577.0,véhicules,C,D1_parc_estime.csv,"durée de vie PA-01 (ans) : 15 [10–20] ; camionnettes : absentes de PA-01 (02, figé) ; 15 ans [10–20], la valeur des autres véhicules à 4 roues (05 §6)"
O1-05,National,Togo,2024,Autres,,,,49560.0,38969.0,55565.0,véhicules,C,D1_parc_estime.csv,"durée de vie PA-01 (ans) : 15 [10–20] ; camionnettes : absentes de PA-01 (02, figé) ; 15 ans [10–20], la valeur des autres véhicules à 4 roues (05 §6)"
O1-05,National,Togo,2009,Bus et car,,,,371.0,251.0,525.0,véhicules,C,D1_parc_estime.csv,durée de vie PA-01 (ans) : 15 [10–20]
O1-05,National,Togo,2010,Bus et car,,,,452.0,317.0,562.0,véhicules,C,D1_parc_estime.csv,durée de vie PA-01 (ans) : 15 [10–20]
O1-05,National,Togo,2011,Bus et car,,,,533.0,382.0,628.0,véhicules,C,D1_parc_estime.csv,durée de vie PA-01 (ans) : 15 [10–20]
O1-05,National,Togo,2012,Bus et car,,,,607.0,455.0,698.0,véhicules,C,D1_parc_estime.csv,durée de vie PA-01 (ans) : 15 [10–20]
O1-05,National,Togo,2013,Bus et car,,,,666.0,528.0,789.0,véhicules,C,D1_parc_estime.csv,durée de vie PA-01 (ans) : 15 [10–20]
O1-05,National,Togo,2014,Bus et car,,,,743.0,614.0,863.0,véhicules,C,D1_parc_estime.csv,durée de vie PA-01 (ans) : 15 [10–20]
O1-05,National,Togo,2015,Bus et car,,,,800.0,683.0,935.0,véhicules,C,D1_parc_estime.csv,durée de vie PA-01 (ans) : 15 [10–20]
O1-05,National,Togo,2016,Bus et car,,,,830.0,717.0,981.0,véhicules,C,D1_parc_estime.csv,durée de vie PA-01 (ans) : 15 [10–20]
O1-05,National,Togo,2017,Bus et car,,,,874.0,768.0,1026.0,véhicules,C,D1_parc_estime.csv,durée de vie PA-01 (ans) : 15 [10–20]
O1-05,National,Togo,2018,Bus et car,,,,936.0,833.0,1074.0,véhicules,C,D1_parc_estime.csv,durée de vie PA-01 (ans) : 15 [10–20]
O1-05,National,Togo,2019,Bus et car,,,,1052.0,930.0,1181.0,véhicules,C,D1_parc_estime.csv,durée de vie PA-01 (ans) : 15 [10–20]
O1-05,National,Togo,2020,Bus et car,,,,1125.0,925.0,1242.0,véhicules,C,D1_parc_estime.csv,durée de vie PA-01 (ans) : 15 [10–20]
O1-05,National,Togo,2021,Bus et car,,,,1198.0,929.0,1311.0,véhicules,C,D1_parc_estime.csv,durée de vie PA-01 (ans) : 15 [10–20]
O1-05,National,Togo,2022,Bus et car,,,,1321.0,972.0,1427.0,véhicules,C,D1_parc_estime.csv,durée de vie PA-01 (ans) : 15 [10–20]
O1-05,National,Togo,2023,Bus et car,,,,1492.0,1067.0,1595.0,véhicules,C,D1_parc_estime.csv,durée de vie PA-01 (ans) : 15 [10–20]
O1-05,National,Togo,2024,Bus et car,,,,1578.0,1086.0,1700.0,véhicules,C,D1_parc_estime.csv,durée de vie PA-01 (ans) : 15 [10–20]
O1-05,National,Togo,2009,Ensemble,,,,397122.0,303925.0,448890.0,véhicules,C,D1_parc_estime.csv,durée de vie PA-01 (ans) : par groupe ; somme des groupes ; vide si un groupe est vide
O1-05,National,Togo,2010,Ensemble,,,,426417.0,316171.0,482313.0,véhicules,C,D1_parc_estime.csv,durée de vie PA-01 (ans) : par groupe ; somme des groupes ; vide si un groupe est vide
O1-05,National,Togo,2011,Ensemble,,,,439788.0,325096.0,523868.0,véhicules,C,D1_parc_estime.csv,durée de vie PA-01 (ans) : par groupe ; somme des groupes ; vide si un groupe est vide
O1-05,National,Togo,2012,Ensemble,,,,461374.0,338008.0,568914.0,véhicules,C,D1_parc_estime.csv,durée de vie PA-01 (ans) : par groupe ; somme des groupes ; vide si un groupe est vide
O1-05,National,Togo,2013,Ensemble,,,,473651.0,334959.0,611520.0,véhicules,C,D1_parc_estime.csv,durée de vie PA-01 (ans) : par groupe ; somme des groupes ; vide si un groupe est vide
O1-05,National,Togo,2014,Ensemble,,,,497179.0,353436.0,642271.0,véhicules,C,D1_parc_estime.csv,durée de vie PA-01 (ans) : par groupe ; somme des groupes ; vide si un groupe est vide
O1-05,National,Togo,2015,Ensemble,,,,529177.0,386923.0,692275.0,véhicules,C,D1_parc_estime.csv,durée de vie PA-01 (ans) : par groupe ; somme des groupes ; vide si un groupe est vide
O1-05,National,Togo,2016,Ensemble,,,,546182.0,395285.0,712463.0,véhicules,C,D1_parc_estime.csv,durée de vie PA-01 (ans) : par groupe ; somme des groupes ; vide si un groupe est vide
O1-05,National,Togo,2017,Ensemble,,,,556592.0,399459.0,729068.0,véhicules,C,D1_parc_estime.csv,durée de vie PA-01 (ans) : par groupe ; somme des groupes ; vide si un groupe est vide
O1-05,National,Togo,2018,Ensemble,,,,561912.0,408569.0,738939.0,véhicules,C,D1_parc_estime.csv,durée de vie PA-01 (ans) : par groupe ; somme des groupes ; vide si un groupe est vide
O1-05,National,Togo,2019,Ensemble,,,,583155.0,428014.0,770890.0,véhicules,C,D1_parc_estime.csv,durée de vie PA-01 (ans) : par groupe ; somme des groupes ; vide si un groupe est vide
O1-05,National,Togo,2020,Ensemble,,,,596442.0,420415.0,791651.0,véhicules,C,D1_parc_estime.csv,durée de vie PA-01 (ans) : par groupe ; somme des groupes ; vide si un groupe est vide
O1-05,National,Togo,2021,Ensemble,,,,625777.0,455778.0,832474.0,véhicules,C,D1_parc_estime.csv,durée de vie PA-01 (ans) : par groupe ; somme des groupes ; vide si un groupe est vide
O1-05,National,Togo,2022,Ensemble,,,,640910.0,492831.0,870566.0,véhicules,C,D1_parc_estime.csv,durée de vie PA-01 (ans) : par groupe ; somme des groupes ; vide si un groupe est vide
O1-05,National,Togo,2023,Ensemble,,,,713022.0,564354.0,942852.0,véhicules,C,D1_parc_estime.csv,durée de vie PA-01 (ans) : par groupe ; somme des groupes ; vide si un groupe est vide
O1-05,National,Togo,2024,Ensemble,,,,751398.0,579845.0,965702.0,véhicules,C,D1_parc_estime.csv,durée de vie PA-01 (ans) : par groupe ; somme des groupes ; vide si un groupe est vide
O1-05,National,Togo,2009,Moto,,,,224801.0,178691.0,252572.0,véhicules,C,D1_parc_estime.csv,durée de vie PA-01 (ans) : 7 [5–10]
O1-05,National,Togo,2010,Moto,,,,251309.0,189538.0,280571.0,véhicules,C,D1_parc_estime.csv,durée de vie PA-01 (ans) : 7 [5–10]
O1-05,National,Togo,2011,Moto,,,,259612.0,196061.0,314354.0,véhicules,C,D1_parc_estime.csv,durée de vie PA-01 (ans) : 7 [5–10]
O1-05,National,Togo,2012,Moto,,,,275578.0,205364.0,349479.0,véhicules,C,D1_parc_estime.csv,durée de vie PA-01 (ans) : 7 [5–10]
O1-05,National,Togo,2013,Moto,,,,281648.0,202785.0,379179.0,véhicules,C,D1_parc_estime.csv,durée de vie PA-01 (ans) : 7 [5–10]
O1-05,National,Togo,2014,Moto,,,,298328.0,217642.0,396333.0,véhicules,C,D1_parc_estime.csv,durée de vie PA-01 (ans) : 7 [5–10]
O1-05,National,Togo,2015,Moto,,,,319518.0,244603.0,434141.0,véhicules,C,D1_parc_estime.csv,durée de vie PA-01 (ans) : 7 [5–10]
O1-05,National,Togo,2016,Moto,,,,328582.0,247661.0,443722.0,véhicules,C,D1_parc_estime.csv,durée de vie PA-01 (ans) : 7 [5–10]
O1-05,National,Togo,2017,Moto,,,,331131.0,245091.0,450455.0,véhicules,C,D1_parc_estime.csv,durée de vie PA-01 (ans) : 7 [5–10]
O1-05,National,Togo,2018,Moto,,,,331911.0,246324.0,449109.0,véhicules,C,D1_parc_estime.csv,durée de vie PA-01 (ans) : 7 [5–10]
O1-05,National,Togo,2019,Moto,,,,343027.0,250063.0,467705.0,véhicules,C,D1_parc_estime.csv,durée de vie PA-01 (ans) : 7 [5–10]
O1-05,National,Togo,2020,Moto,,,,346047.0,229314.0,473917.0,véhicules,C,D1_parc_estime.csv,durée de vie PA-01 (ans) : 7 [5–10]
O1-05,National,Togo,2021,Moto,,,,360276.0,249336.0,496997.0,véhicules,C,D1_parc_estime.csv,durée de vie PA-01 (ans) : 7 [5–10]
O1-05,National,Togo,2022,Moto,,,,362316.0,275788.0,520879.0,véhicules,C,D1_parc_estime.csv,durée de vie PA-01 (ans) : 7 [5–10]
O1-05,National,Togo,2023,Moto,,,,424820.0,340570.0,586894.0,véhicules,C,D1_parc_estime.csv,durée de vie PA-01 (ans) : 7 [5–10]
O1-05,National,Togo,2024,Moto,,,,449226.0,351290.0,601353.0,véhicules,C,D1_parc_estime.csv,durée de vie PA-01 (ans) : 7 [5–10]
O1-05,National,Togo,2009,Poids lourd,,,,14032.0,10999.0,15659.0,véhicules,C,D1_parc_estime.csv,durée de vie PA-01 (ans) : 15 [10–20]
O1-05,National,Togo,2010,Poids lourd,,,,16548.0,13171.0,18195.0,véhicules,C,D1_parc_estime.csv,durée de vie PA-01 (ans) : 15 [10–20]
O1-05,National,Togo,2011,Poids lourd,,,,19595.0,16069.0,21482.0,véhicules,C,D1_parc_estime.csv,durée de vie PA-01 (ans) : 15 [10–20]
O1-05,National,Togo,2012,Poids lourd,,,,23452.0,19734.0,25482.0,véhicules,C,D1_parc_estime.csv,durée de vie PA-01 (ans) : 15 [10–20]
O1-05,National,Togo,2013,Poids lourd,,,,27144.0,22828.0,29696.0,véhicules,C,D1_parc_estime.csv,durée de vie PA-01 (ans) : 15 [10–20]
O1-05,National,Togo,2014,Poids lourd,,,,31286.0,26636.0,34319.0,véhicules,C,D1_parc_estime.csv,durée de vie PA-01 (ans) : 15 [10–20]
O1-05,National,Togo,2015,Poids lourd,,,,32918.0,27627.0,36295.0,véhicules,C,D1_parc_estime.csv,durée de vie PA-01 (ans) : 15 [10–20]
O1-05,National,Togo,2016,Poids lourd,,,,33863.0,28161.0,37389.0,véhicules,C,D1_parc_estime.csv,durée de vie PA-01 (ans) : 15 [10–20]
O1-05,National,Togo,2017,Poids lourd,,,,35374.0,29336.0,39092.0,véhicules,C,D1_parc_estime.csv,durée de vie PA-01 (ans) : 15 [10–20]
O1-05,National,Togo,2018,Poids lourd,,,,36371.0,30381.0,40687.0,véhicules,C,D1_parc_estime.csv,durée de vie PA-01 (ans) : 15 [10–20]
O1-05,National,Togo,2019,Poids lourd,,,,37739.0,31390.0,42389.0,véhicules,C,D1_parc_estime.csv,durée de vie PA-01 (ans) : 15 [10–20]
O1-05,National,Togo,2020,Poids lourd,,,,39725.0,31845.0,45016.0,véhicules,C,D1_parc_estime.csv,durée de vie PA-01 (ans) : 15 [10–20]
O1-05,National,Togo,2021,Poids lourd,,,,41770.0,31403.0,47472.0,véhicules,C,D1_parc_estime.csv,durée de vie PA-01 (ans) : 15 [10–20]
O1-05,National,Togo,2022,Poids lourd,,,,43942.0,30246.0,49980.0,véhicules,C,D1_parc_estime.csv,durée de vie PA-01 (ans) : 15 [10–20]
O1-05,National,Togo,2023,Poids lourd,,,,45238.0,28400.0,51228.0,véhicules,C,D1_parc_estime.csv,durée de vie PA-01 (ans) : 15 [10–20]
O1-05,National,Togo,2024,Poids lourd,,,,46282.0,25995.0,52631.0,véhicules,C,D1_parc_estime.csv,durée de vie PA-01 (ans) : 15 [10–20]
O1-05,National,Togo,2009,Voiture,,,,136827.0,100245.0,154749.0,véhicules,C,D1_parc_estime.csv,durée de vie PA-01 (ans) : 15 [10–20]
O1-05,National,Togo,2010,Voiture,,,,136328.0,99320.0,157164.0,véhicules,C,D1_parc_estime.csv,durée de vie PA-01 (ans) : 15 [10–20]
O1-05,National,Togo,2011,Voiture,,,,137345.0,98107.0,160416.0,véhicules,C,D1_parc_estime.csv,durée de vie PA-01 (ans) : 15 [10–20]
O1-05,National,Togo,2012,Voiture,,,,138898.0,97663.0,165172.0,véhicules,C,D1_parc_estime.csv,durée de vie PA-01 (ans) : 15 [10–20]
O1-05,National,Togo,2013,Voiture,,,,140830.0,93074.0,171997.0,véhicules,C,D1_parc_estime.csv,durée de vie PA-01 (ans) : 15 [10–20]
O1-05,National,Togo,2014,Voiture,,,,142492.0,91948.0,179074.0,véhicules,C,D1_parc_estime.csv,durée de vie PA-01 (ans) : 15 [10–20]
O1-05,National,Togo,2015,Voiture,,,,149838.0,95140.0,186846.0,véhicules,C,D1_parc_estime.csv,durée de vie PA-01 (ans) : 15 [10–20]
O1-05,National,Togo,2016,Voiture,,,,155448.0,98258.0,194686.0,véhicules,C,D1_parc_estime.csv,durée de vie PA-01 (ans) : 15 [10–20]
O1-05,National,Togo,2017,Voiture,,,,160276.0,101894.0,201511.0,véhicules,C,D1_parc_estime.csv,durée de vie PA-01 (ans) : 15 [10–20]
O1-05,National,Togo,2018,Voiture,,,,161892.0,106512.0,209648.0,véhicules,C,D1_parc_estime.csv,durée de vie PA-01 (ans) : 15 [10–20]
O1-05,National,Togo,2019,Voiture,,,,168534.0,118833.0,219078.0,véhicules,C,D1_parc_estime.csv,durée de vie PA-01 (ans) : 15 [10–20]
O1-05,National,Togo,2020,Voiture,,,,173612.0,128990.0,228310.0,véhicules,C,D1_parc_estime.csv,durée de vie PA-01 (ans) : 15 [10–20]
O1-05,National,Togo,2021,Voiture,,,,182964.0,142047.0,240154.0,véhicules,C,D1_parc_estime.csv,durée de vie PA-01 (ans) : 15 [10–20]
O1-05,National,Togo,2022,Voiture,,,,190403.0,151122.0,248785.0,véhicules,C,D1_parc_estime.csv,durée de vie PA-01 (ans) : 15 [10–20]
O1-05,National,Togo,2023,Voiture,,,,195178.0,157484.0,250558.0,véhicules,C,D1_parc_estime.csv,durée de vie PA-01 (ans) : 15 [10–20]
O1-05,National,Togo,2024,Voiture,,,,204752.0,162505.0,254453.0,véhicules,C,D1_parc_estime.csv,durée de vie PA-01 (ans) : 15 [10–20]
O1-06,National,Togo,2007,A,,,,205.0,,,permis,A,D2_permis.csv,
O1-06,National,Togo,2007,B,,,,6148.0,,,permis,A,D2_permis.csv,
O1-06,National,Togo,2007,C,,,,459.0,,,permis,A,D2_permis.csv,
O1-06,National,Togo,2007,D,,,,87.0,,,permis,A,D2_permis.csv,
O1-06,National,Togo,2007,E,,,,32.0,,,permis,A,D2_permis.csv,
O1-06,National,Togo,2007,F,,,,0.0,,,permis,A,D2_permis.csv,
O1-06,National,Togo,2008,A,,,,198.0,,,permis,A,D2_permis.csv,
O1-06,National,Togo,2008,B,,,,6334.0,,,permis,A,D2_permis.csv,
O1-06,National,Togo,2008,C,,,,433.0,,,permis,A,D2_permis.csv,
O1-06,National,Togo,2008,D,,,,86.0,,,permis,A,D2_permis.csv,
O1-06,National,Togo,2008,E,,,,18.0,,,permis,A,D2_permis.csv,
O1-06,National,Togo,2008,F,,,,0.0,,,permis,A,D2_permis.csv,
O1-06,National,Togo,2009,A,,,,398.0,,,permis,A,D2_permis.csv,
O1-06,National,Togo,2009,B,,,,4771.0,,,permis,A,D2_permis.csv,
O1-06,National,Togo,2009,C,,,,236.0,,,permis,A,D2_permis.csv,
O1-06,National,Togo,2009,D,,,,45.0,,,permis,A,D2_permis.csv,
O1-06,National,Togo,2009,E,,,,38.0,,,permis,A,D2_permis.csv,variation atypique depuis l’année précédente [SIG-09]
O1-06,National,Togo,2009,F,,,,0.0,,,permis,A,D2_permis.csv,
O1-06,National,Togo,2010,A,,,,206.0,,,permis,A,D2_permis.csv,
O1-06,National,Togo,2010,B,,,,4690.0,,,permis,A,D2_permis.csv,
O1-06,National,Togo,2010,C,,,,299.0,,,permis,A,D2_permis.csv,
O1-06,National,Togo,2010,D,,,,83.0,,,permis,A,D2_permis.csv,
O1-06,National,Togo,2010,E,,,,35.0,,,permis,A,D2_permis.csv,
O1-06,National,Togo,2010,F,,,,0.0,,,permis,A,D2_permis.csv,
O1-06,National,Togo,2011,A,,,,157.0,,,permis,A,D2_permis.csv,
O1-06,National,Togo,2011,B,,,,5628.0,,,permis,A,D2_permis.csv,
O1-06,National,Togo,2011,C,,,,327.0,,,permis,A,D2_permis.csv,
O1-06,National,Togo,2011,D,,,,71.0,,,permis,A,D2_permis.csv,
O1-06,National,Togo,2011,E,,,,42.0,,,permis,A,D2_permis.csv,
O1-06,National,Togo,2011,F,,,,0.0,,,permis,A,D2_permis.csv,
O1-06,National,Togo,2012,A,,,,129.0,,,permis,A,D2_permis.csv,
O1-06,National,Togo,2012,B,,,,6307.0,,,permis,A,D2_permis.csv,
O1-06,National,Togo,2012,C,,,,428.0,,,permis,A,D2_permis.csv,
O1-06,National,Togo,2012,D,,,,77.0,,,permis,A,D2_permis.csv,
O1-06,National,Togo,2012,E,,,,28.0,,,permis,A,D2_permis.csv,
O1-06,National,Togo,2012,F,,,,0.0,,,permis,A,D2_permis.csv,
O1-06,National,Togo,2013,A,,,,,,,permis,A,D2_permis.csv,non renseignée (R-10)
O1-06,National,Togo,2013,B,,,,,,,permis,A,D2_permis.csv,non renseignée (R-10)
O1-06,National,Togo,2013,C,,,,,,,permis,A,D2_permis.csv,non renseignée (R-10)
O1-06,National,Togo,2013,D,,,,,,,permis,A,D2_permis.csv,non renseignée (R-10)
O1-06,National,Togo,2013,E,,,,,,,permis,A,D2_permis.csv,non renseignée (R-10)
O1-06,National,Togo,2013,F,,,,,,,permis,A,D2_permis.csv,non renseignée (R-10)
O1-06,National,Togo,2014,A,,,,283.0,,,permis,A,D2_permis.csv,
O1-06,National,Togo,2014,B,,,,11787.0,,,permis,A,D2_permis.csv,
O1-06,National,Togo,2014,C,,,,1016.0,,,permis,A,D2_permis.csv,
O1-06,National,Togo,2014,D,,,,202.0,,,permis,A,D2_permis.csv,
O1-06,National,Togo,2014,E,,,,74.0,,,permis,A,D2_permis.csv,
O1-06,National,Togo,2014,F,,,,0.0,,,permis,A,D2_permis.csv,
O1-06,National,Togo,2015,A,,,,104.0,,,permis,A,D2_permis.csv,
O1-06,National,Togo,2015,B,,,,7193.0,,,permis,A,D2_permis.csv,
O1-06,National,Togo,2015,C,,,,308.0,,,permis,A,D2_permis.csv,
O1-06,National,Togo,2015,D,,,,90.0,,,permis,A,D2_permis.csv,
O1-06,National,Togo,2015,E,,,,370.0,,,permis,A,D2_permis.csv,variation atypique depuis l’année précédente [SIG-09]
O1-06,National,Togo,2015,F,,,,7.0,,,permis,A,D2_permis.csv,
O1-06,National,Togo,2016,A,,,,387.0,,,permis,A,D2_permis.csv,
O1-06,National,Togo,2016,B,,,,23467.0,,,permis,A,D2_permis.csv,variation atypique depuis l’année précédente [SIG-06]
O1-06,National,Togo,2016,C,,,,1642.0,,,permis,A,D2_permis.csv,variation atypique depuis l’année précédente [SIG-07]
O1-06,National,Togo,2016,D,,,,292.0,,,permis,A,D2_permis.csv,variation atypique depuis l’année précédente [SIG-08]
O1-06,National,Togo,2016,E,,,,2635.0,,,permis,A,D2_permis.csv,variation atypique depuis l’année précédente [SIG-09]
O1-06,National,Togo,2016,F,,,,28.0,,,permis,A,D2_permis.csv,variation atypique depuis l’année précédente [SIG-10]
O1-06,National,Togo,2017,A,,,,312.0,,,permis,A,D2_permis.csv,
O1-06,National,Togo,2017,B,,,,16299.0,,,permis,A,D2_permis.csv,
O1-06,National,Togo,2017,C,,,,1353.0,,,permis,A,D2_permis.csv,
O1-06,National,Togo,2017,D,,,,337.0,,,permis,A,D2_permis.csv,
O1-06,National,Togo,2017,E,,,,1514.0,,,permis,A,D2_permis.csv,
O1-06,National,Togo,2017,F,,,,24.0,,,permis,A,D2_permis.csv,
O1-06,National,Togo,2018,A,,,,406.0,,,permis,A,D2_permis.csv,
O1-06,National,Togo,2018,B,,,,15855.0,,,permis,A,D2_permis.csv,
O1-06,National,Togo,2018,C,,,,1015.0,,,permis,A,D2_permis.csv,
O1-06,National,Togo,2018,D,,,,297.0,,,permis,A,D2_permis.csv,
O1-06,National,Togo,2018,E,,,,1263.0,,,permis,A,D2_permis.csv,
O1-06,National,Togo,2018,F,,,,18.0,,,permis,A,D2_permis.csv,
O1-06,National,Togo,2019,A,,,,2425.0,,,permis,A,D2_permis.csv,
O1-06,National,Togo,2019,B,,,,16377.0,,,permis,A,D2_permis.csv,
O1-06,National,Togo,2019,C,,,,898.0,,,permis,A,D2_permis.csv,
O1-06,National,Togo,2019,D,,,,299.0,,,permis,A,D2_permis.csv,
O1-06,National,Togo,2019,E,,,,1073.0,,,permis,A,D2_permis.csv,
O1-06,National,Togo,2019,F,,,,26.0,,,permis,A,D2_permis.csv,
O1-06,National,Togo,2020,A,,,,236.0,,,permis,A,D2_permis.csv,
O1-06,National,Togo,2020,B,,,,11017.0,,,permis,A,D2_permis.csv,
O1-06,National,Togo,2020,C,,,,763.0,,,permis,A,D2_permis.csv,
O1-06,National,Togo,2020,D,,,,230.0,,,permis,A,D2_permis.csv,
O1-06,National,Togo,2020,E,,,,806.0,,,permis,A,D2_permis.csv,
O1-06,National,Togo,2020,F,,,,21.0,,,permis,A,D2_permis.csv,
O1-06,National,Togo,2021,A,,,,211.0,,,permis,A,D2_permis.csv,
O1-06,National,Togo,2021,B,,,,16857.0,,,permis,A,D2_permis.csv,
O1-06,National,Togo,2021,C,,,,1160.0,,,permis,A,D2_permis.csv,
O1-06,National,Togo,2021,D,,,,389.0,,,permis,A,D2_permis.csv,
O1-06,National,Togo,2021,E,,,,1060.0,,,permis,A,D2_permis.csv,
O1-06,National,Togo,2021,F,,,,38.0,,,permis,A,D2_permis.csv,
O1-06,National,Togo,2022,A,,,,4837.0,,,permis,A,D2_permis.csv,variation atypique depuis l’année précédente [SIG-05]
O1-06,National,Togo,2022,B,,,,16988.0,,,permis,A,D2_permis.csv,
O1-06,National,Togo,2022,C,,,,1216.0,,,permis,A,D2_permis.csv,
O1-06,National,Togo,2022,D,,,,410.0,,,permis,A,D2_permis.csv,
O1-06,National,Togo,2022,E,,,,1119.0,,,permis,A,D2_permis.csv,
O1-06,National,Togo,2022,F,,,,28.0,,,permis,A,D2_permis.csv,
O1-06,National,Togo,2023,A,,,,1538.0,,,permis,A,D2_permis.csv,
O1-06,National,Togo,2023,B,,,,19641.0,,,permis,A,D2_permis.csv,
O1-06,National,Togo,2023,C,,,,1532.0,,,permis,A,D2_permis.csv,
O1-06,National,Togo,2023,D,,,,542.0,,,permis,A,D2_permis.csv,
O1-06,National,Togo,2023,E,,,,1260.0,,,permis,A,D2_permis.csv,
O1-06,National,Togo,2023,F,,,,35.0,,,permis,A,D2_permis.csv,
O1-06,National,Togo,2024,A,,,,10165.0,,,permis,A,D2_permis.csv,variation atypique depuis l’année précédente [SIG-05]
O1-06,National,Togo,2024,B,,,,23538.0,,,permis,A,D2_permis.csv,
O1-06,National,Togo,2024,C,,,,1973.0,,,permis,A,D2_permis.csv,
O1-06,National,Togo,2024,D,,,,679.0,,,permis,A,D2_permis.csv,
O1-06,National,Togo,2024,E,,,,1554.0,,,permis,A,D2_permis.csv,
O1-06,National,Togo,2024,F,,,,622.0,,,permis,A,D2_permis.csv,variation atypique depuis l’année précédente [SIG-10]
O1-07,National,Togo,2007,A,,205.0,2948776.0,0.07,,,pour 1 000 habitants en âge de conduire,C,D2_permis.csv ; D7_population_age_conduire.csv,
O1-07,National,Togo,2007,B,,6148.0,2948776.0,2.08,,,pour 1 000 habitants en âge de conduire,C,D2_permis.csv ; D7_population_age_conduire.csv,
O1-07,National,Togo,2007,C,,459.0,2603849.0,0.18,,,pour 1 000 habitants en âge de conduire,C,D2_permis.csv ; D7_population_age_conduire.csv,
O1-07,National,Togo,2007,D,,87.0,2603849.0,0.03,,,pour 1 000 habitants en âge de conduire,C,D2_permis.csv ; D7_population_age_conduire.csv,
O1-07,National,Togo,2007,E,,32.0,2948776.0,0.01,,,pour 1 000 habitants en âge de conduire,C,D2_permis.csv ; D7_population_age_conduire.csv,
O1-07,National,Togo,2007,F,,0.0,2948776.0,0.0,,,pour 1 000 habitants en âge de conduire,C,D2_permis.csv ; D7_population_age_conduire.csv,
O1-07,National,Togo,2008,A,,198.0,3041626.0,0.07,,,pour 1 000 habitants en âge de conduire,C,D2_permis.csv ; D7_population_age_conduire.csv,
O1-07,National,Togo,2008,B,,6334.0,3041626.0,2.08,,,pour 1 000 habitants en âge de conduire,C,D2_permis.csv ; D7_population_age_conduire.csv,
O1-07,National,Togo,2008,C,,433.0,2688282.0,0.16,,,pour 1 000 habitants en âge de conduire,C,D2_permis.csv ; D7_population_age_conduire.csv,
O1-07,National,Togo,2008,D,,86.0,2688282.0,0.03,,,pour 1 000 habitants en âge de conduire,C,D2_permis.csv ; D7_population_age_conduire.csv,
O1-07,National,Togo,2008,E,,18.0,3041626.0,0.01,,,pour 1 000 habitants en âge de conduire,C,D2_permis.csv ; D7_population_age_conduire.csv,
O1-07,National,Togo,2008,F,,0.0,3041626.0,0.0,,,pour 1 000 habitants en âge de conduire,C,D2_permis.csv ; D7_population_age_conduire.csv,
O1-07,National,Togo,2009,A,,398.0,3133765.0,0.13,,,pour 1 000 habitants en âge de conduire,C,D2_permis.csv ; D7_population_age_conduire.csv,
O1-07,National,Togo,2009,B,,4771.0,3133765.0,1.52,,,pour 1 000 habitants en âge de conduire,C,D2_permis.csv ; D7_population_age_conduire.csv,
O1-07,National,Togo,2009,C,,236.0,2772446.0,0.09,,,pour 1 000 habitants en âge de conduire,C,D2_permis.csv ; D7_population_age_conduire.csv,
O1-07,National,Togo,2009,D,,45.0,2772446.0,0.02,,,pour 1 000 habitants en âge de conduire,C,D2_permis.csv ; D7_population_age_conduire.csv,
O1-07,National,Togo,2009,E,,38.0,3133765.0,0.01,,,pour 1 000 habitants en âge de conduire,C,D2_permis.csv ; D7_population_age_conduire.csv,
O1-07,National,Togo,2009,F,,0.0,3133765.0,0.0,,,pour 1 000 habitants en âge de conduire,C,D2_permis.csv ; D7_population_age_conduire.csv,
O1-07,National,Togo,2010,A,,206.0,3221461.0,0.06,,,pour 1 000 habitants en âge de conduire,C,D2_permis.csv ; D7_population_age_conduire.csv,
O1-07,National,Togo,2010,B,,4690.0,3221461.0,1.46,,,pour 1 000 habitants en âge de conduire,C,D2_permis.csv ; D7_population_age_conduire.csv,
O1-07,National,Togo,2010,C,,299.0,2852821.0,0.1,,,pour 1 000 habitants en âge de conduire,C,D2_permis.csv ; D7_population_age_conduire.csv,
O1-07,National,Togo,2010,D,,83.0,2852821.0,0.03,,,pour 1 000 habitants en âge de conduire,C,D2_permis.csv ; D7_population_age_conduire.csv,
O1-07,National,Togo,2010,E,,35.0,3221461.0,0.01,,,pour 1 000 habitants en âge de conduire,C,D2_permis.csv ; D7_population_age_conduire.csv,
O1-07,National,Togo,2010,F,,0.0,3221461.0,0.0,,,pour 1 000 habitants en âge de conduire,C,D2_permis.csv ; D7_population_age_conduire.csv,
O1-07,National,Togo,2011,A,,157.0,3195240.0,0.05,,,pour 1 000 habitants en âge de conduire,C,D2_permis.csv ; D7_population_age_conduire.csv,
O1-07,National,Togo,2011,B,,5628.0,3195240.0,1.76,,,pour 1 000 habitants en âge de conduire,C,D2_permis.csv ; D7_population_age_conduire.csv,
O1-07,National,Togo,2011,C,,327.0,2839179.0,0.12,,,pour 1 000 habitants en âge de conduire,C,D2_permis.csv ; D7_population_age_conduire.csv,
O1-07,National,Togo,2011,D,,71.0,2839179.0,0.03,,,pour 1 000 habitants en âge de conduire,C,D2_permis.csv ; D7_population_age_conduire.csv,
O1-07,National,Togo,2011,E,,42.0,3195240.0,0.01,,,pour 1 000 habitants en âge de conduire,C,D2_permis.csv ; D7_population_age_conduire.csv,
O1-07,National,Togo,2011,F,,0.0,3195240.0,0.0,,,pour 1 000 habitants en âge de conduire,C,D2_permis.csv ; D7_population_age_conduire.csv,
O1-07,National,Togo,2012,A,,129.0,3284434.0,0.04,,,pour 1 000 habitants en âge de conduire,C,D2_permis.csv ; D7_population_age_conduire.csv,
O1-07,National,Togo,2012,B,,6307.0,3284434.0,1.92,,,pour 1 000 habitants en âge de conduire,C,D2_permis.csv ; D7_population_age_conduire.csv,
O1-07,National,Togo,2012,C,,428.0,2919588.0,0.15,,,pour 1 000 habitants en âge de conduire,C,D2_permis.csv ; D7_population_age_conduire.csv,
O1-07,National,Togo,2012,D,,77.0,2919588.0,0.03,,,pour 1 000 habitants en âge de conduire,C,D2_permis.csv ; D7_population_age_conduire.csv,
O1-07,National,Togo,2012,E,,28.0,3284434.0,0.01,,,pour 1 000 habitants en âge de conduire,C,D2_permis.csv ; D7_population_age_conduire.csv,
O1-07,National,Togo,2012,F,,0.0,3284434.0,0.0,,,pour 1 000 habitants en âge de conduire,C,D2_permis.csv ; D7_population_age_conduire.csv,
O1-07,National,Togo,2013,A,,,3376517.0,,,,pour 1 000 habitants en âge de conduire,C,D2_permis.csv ; D7_population_age_conduire.csv,non renseignée (R-10)
O1-07,National,Togo,2013,B,,,3376517.0,,,,pour 1 000 habitants en âge de conduire,C,D2_permis.csv ; D7_population_age_conduire.csv,non renseignée (R-10)
O1-07,National,Togo,2013,C,,,3002587.0,,,,pour 1 000 habitants en âge de conduire,C,D2_permis.csv ; D7_population_age_conduire.csv,non renseignée (R-10)
O1-07,National,Togo,2013,D,,,3002587.0,,,,pour 1 000 habitants en âge de conduire,C,D2_permis.csv ; D7_population_age_conduire.csv,non renseignée (R-10)
O1-07,National,Togo,2013,E,,,3376517.0,,,,pour 1 000 habitants en âge de conduire,C,D2_permis.csv ; D7_population_age_conduire.csv,non renseignée (R-10)
O1-07,National,Togo,2013,F,,,3376517.0,,,,pour 1 000 habitants en âge de conduire,C,D2_permis.csv ; D7_population_age_conduire.csv,non renseignée (R-10)
O1-07,National,Togo,2014,A,,283.0,3468917.0,0.08,,,pour 1 000 habitants en âge de conduire,C,D2_permis.csv ; D7_population_age_conduire.csv,
O1-07,National,Togo,2014,B,,11787.0,3468917.0,3.4,,,pour 1 000 habitants en âge de conduire,C,D2_permis.csv ; D7_population_age_conduire.csv,
O1-07,National,Togo,2014,C,,1016.0,3084992.0,0.33,,,pour 1 000 habitants en âge de conduire,C,D2_permis.csv ; D7_population_age_conduire.csv,
O1-07,National,Togo,2014,D,,202.0,3084992.0,0.07,,,pour 1 000 habitants en âge de conduire,C,D2_permis.csv ; D7_population_age_conduire.csv,
O1-07,National,Togo,2014,E,,74.0,3468917.0,0.02,,,pour 1 000 habitants en âge de conduire,C,D2_permis.csv ; D7_population_age_conduire.csv,
O1-07,National,Togo,2014,F,,0.0,3468917.0,0.0,,,pour 1 000 habitants en âge de conduire,C,D2_permis.csv ; D7_population_age_conduire.csv,
O1-07,National,Togo,2015,A,,104.0,3570716.0,0.03,,,pour 1 000 habitants en âge de conduire,C,D2_permis.csv ; D7_population_age_conduire.csv,
O1-07,National,Togo,2015,B,,7193.0,3570716.0,2.01,,,pour 1 000 habitants en âge de conduire,C,D2_permis.csv ; D7_population_age_conduire.csv,
O1-07,National,Togo,2015,C,,308.0,3175304.0,0.1,,,pour 1 000 habitants en âge de conduire,C,D2_permis.csv ; D7_population_age_conduire.csv,
O1-07,National,Togo,2015,D,,90.0,3175304.0,0.03,,,pour 1 000 habitants en âge de conduire,C,D2_permis.csv ; D7_population_age_conduire.csv,
O1-07,National,Togo,2015,E,,370.0,3570716.0,0.1,,,pour 1 000 habitants en âge de conduire,C,D2_permis.csv ; D7_population_age_conduire.csv,
O1-07,National,Togo,2015,F,,7.0,3570716.0,0.0,,,pour 1 000 habitants en âge de conduire,C,D2_permis.csv ; D7_population_age_conduire.csv,
O1-07,National,Togo,2016,A,,387.0,3681007.0,0.11,,,pour 1 000 habitants en âge de conduire,C,D2_permis.csv ; D7_population_age_conduire.csv,
O1-07,National,Togo,2016,B,,23467.0,3681007.0,6.38,,,pour 1 000 habitants en âge de conduire,C,D2_permis.csv ; D7_population_age_conduire.csv,
O1-07,National,Togo,2016,C,,1642.0,3270966.0,0.5,,,pour 1 000 habitants en âge de conduire,C,D2_permis.csv ; D7_population_age_conduire.csv,
O1-07,National,Togo,2016,D,,292.0,3270966.0,0.09,,,pour 1 000 habitants en âge de conduire,C,D2_permis.csv ; D7_population_age_conduire.csv,
O1-07,National,Togo,2016,E,,2635.0,3681007.0,0.72,,,pour 1 000 habitants en âge de conduire,C,D2_permis.csv ; D7_population_age_conduire.csv,
O1-07,National,Togo,2016,F,,28.0,3681007.0,0.01,,,pour 1 000 habitants en âge de conduire,C,D2_permis.csv ; D7_population_age_conduire.csv,
O1-07,National,Togo,2017,A,,312.0,3794850.0,0.08,,,pour 1 000 habitants en âge de conduire,C,D2_permis.csv ; D7_population_age_conduire.csv,
O1-07,National,Togo,2017,B,,16299.0,3794850.0,4.3,,,pour 1 000 habitants en âge de conduire,C,D2_permis.csv ; D7_population_age_conduire.csv,
O1-07,National,Togo,2017,C,,1353.0,3366341.0,0.4,,,pour 1 000 habitants en âge de conduire,C,D2_permis.csv ; D7_population_age_conduire.csv,
O1-07,National,Togo,2017,D,,337.0,3366341.0,0.1,,,pour 1 000 habitants en âge de conduire,C,D2_permis.csv ; D7_population_age_conduire.csv,
O1-07,National,Togo,2017,E,,1514.0,3794850.0,0.4,,,pour 1 000 habitants en âge de conduire,C,D2_permis.csv ; D7_population_age_conduire.csv,
O1-07,National,Togo,2017,F,,24.0,3794850.0,0.01,,,pour 1 000 habitants en âge de conduire,C,D2_permis.csv ; D7_population_age_conduire.csv,
O1-07,National,Togo,2018,A,,406.0,3915009.0,0.1,,,pour 1 000 habitants en âge de conduire,C,D2_permis.csv ; D7_population_age_conduire.csv,
O1-07,National,Togo,2018,B,,15855.0,3915009.0,4.05,,,pour 1 000 habitants en âge de conduire,C,D2_permis.csv ; D7_population_age_conduire.csv,
O1-07,National,Togo,2018,C,,1015.0,3464752.0,0.29,,,pour 1 000 habitants en âge de conduire,C,D2_permis.csv ; D7_population_age_conduire.csv,
O1-07,National,Togo,2018,D,,297.0,3464752.0,0.09,,,pour 1 000 habitants en âge de conduire,C,D2_permis.csv ; D7_population_age_conduire.csv,
O1-07,National,Togo,2018,E,,1263.0,3915009.0,0.32,,,pour 1 000 habitants en âge de conduire,C,D2_permis.csv ; D7_population_age_conduire.csv,
O1-07,National,Togo,2018,F,,18.0,3915009.0,0.0,,,pour 1 000 habitants en âge de conduire,C,D2_permis.csv ; D7_population_age_conduire.csv,
O1-07,National,Togo,2019,A,,2425.0,4040709.0,0.6,,,pour 1 000 habitants en âge de conduire,C,D2_permis.csv ; D7_population_age_conduire.csv,
O1-07,National,Togo,2019,B,,16377.0,4040709.0,4.05,,,pour 1 000 habitants en âge de conduire,C,D2_permis.csv ; D7_population_age_conduire.csv,
O1-07,National,Togo,2019,C,,898.0,3567053.0,0.25,,,pour 1 000 habitants en âge de conduire,C,D2_permis.csv ; D7_population_age_conduire.csv,
O1-07,National,Togo,2019,D,,299.0,3567053.0,0.08,,,pour 1 000 habitants en âge de conduire,C,D2_permis.csv ; D7_population_age_conduire.csv,
O1-07,National,Togo,2019,E,,1073.0,4040709.0,0.27,,,pour 1 000 habitants en âge de conduire,C,D2_permis.csv ; D7_population_age_conduire.csv,
O1-07,National,Togo,2019,F,,26.0,4040709.0,0.01,,,pour 1 000 habitants en âge de conduire,C,D2_permis.csv ; D7_population_age_conduire.csv,
O1-07,National,Togo,2020,A,,236.0,4176944.0,0.06,,,pour 1 000 habitants en âge de conduire,C,D2_permis.csv ; D7_population_age_conduire.csv,
O1-07,National,Togo,2020,B,,11017.0,4176944.0,2.64,,,pour 1 000 habitants en âge de conduire,C,D2_permis.csv ; D7_population_age_conduire.csv,
O1-07,National,Togo,2020,C,,763.0,3681517.0,0.21,,,pour 1 000 habitants en âge de conduire,C,D2_permis.csv ; D7_population_age_conduire.csv,
O1-07,National,Togo,2020,D,,230.0,3681517.0,0.06,,,pour 1 000 habitants en âge de conduire,C,D2_permis.csv ; D7_population_age_conduire.csv,
O1-07,National,Togo,2020,E,,806.0,4176944.0,0.19,,,pour 1 000 habitants en âge de conduire,C,D2_permis.csv ; D7_population_age_conduire.csv,
O1-07,National,Togo,2020,F,,21.0,4176944.0,0.01,,,pour 1 000 habitants en âge de conduire,C,D2_permis.csv ; D7_population_age_conduire.csv,
O1-07,National,Togo,2021,A,,211.0,4312969.0,0.05,,,pour 1 000 habitants en âge de conduire,C,D2_permis.csv ; D7_population_age_conduire.csv,
O1-07,National,Togo,2021,B,,16857.0,4312969.0,3.91,,,pour 1 000 habitants en âge de conduire,C,D2_permis.csv ; D7_population_age_conduire.csv,
O1-07,National,Togo,2021,C,,1160.0,3800085.0,0.31,,,pour 1 000 habitants en âge de conduire,C,D2_permis.csv ; D7_population_age_conduire.csv,
O1-07,National,Togo,2021,D,,389.0,3800085.0,0.1,,,pour 1 000 habitants en âge de conduire,C,D2_permis.csv ; D7_population_age_conduire.csv,
O1-07,National,Togo,2021,E,,1060.0,4312969.0,0.25,,,pour 1 000 habitants en âge de conduire,C,D2_permis.csv ; D7_population_age_conduire.csv,
O1-07,National,Togo,2021,F,,38.0,4312969.0,0.01,,,pour 1 000 habitants en âge de conduire,C,D2_permis.csv ; D7_population_age_conduire.csv,
O1-07,National,Togo,2022,A,,4837.0,4193458.0,1.15,,,pour 1 000 habitants en âge de conduire,C,D2_permis.csv ; D7_population_age_conduire.csv,
O1-07,National,Togo,2022,B,,16988.0,4193458.0,4.05,,,pour 1 000 habitants en âge de conduire,C,D2_permis.csv ; D7_population_age_conduire.csv,
O1-07,National,Togo,2022,C,,1216.0,3735515.0,0.33,,,pour 1 000 habitants en âge de conduire,C,D2_permis.csv ; D7_population_age_conduire.csv,
O1-07,National,Togo,2022,D,,410.0,3735515.0,0.11,,,pour 1 000 habitants en âge de conduire,C,D2_permis.csv ; D7_population_age_conduire.csv,
O1-07,National,Togo,2022,E,,1119.0,4193458.0,0.27,,,pour 1 000 habitants en âge de conduire,C,D2_permis.csv ; D7_population_age_conduire.csv,
O1-07,National,Togo,2022,F,,28.0,4193458.0,0.01,,,pour 1 000 habitants en âge de conduire,C,D2_permis.csv ; D7_population_age_conduire.csv,
O1-07,National,Togo,2023,A,,1538.0,4590553.0,0.34,,,pour 1 000 habitants en âge de conduire,C,D2_permis.csv ; D7_population_age_conduire.csv,
O1-07,National,Togo,2023,B,,19641.0,4590553.0,4.28,,,pour 1 000 habitants en âge de conduire,C,D2_permis.csv ; D7_population_age_conduire.csv,
O1-07,National,Togo,2023,C,,1532.0,4068943.0,0.38,,,pour 1 000 habitants en âge de conduire,C,D2_permis.csv ; D7_population_age_conduire.csv,
O1-07,National,Togo,2023,D,,542.0,4068943.0,0.13,,,pour 1 000 habitants en âge de conduire,C,D2_permis.csv ; D7_population_age_conduire.csv,
O1-07,National,Togo,2023,E,,1260.0,4590553.0,0.27,,,pour 1 000 habitants en âge de conduire,C,D2_permis.csv ; D7_population_age_conduire.csv,
O1-07,National,Togo,2023,F,,35.0,4590553.0,0.01,,,pour 1 000 habitants en âge de conduire,C,D2_permis.csv ; D7_population_age_conduire.csv,
O1-07,National,Togo,2024,A,,10165.0,4734735.0,2.15,,,pour 1 000 habitants en âge de conduire,C,D2_permis.csv ; D7_population_age_conduire.csv,
O1-07,National,Togo,2024,B,,23538.0,4734735.0,4.97,,,pour 1 000 habitants en âge de conduire,C,D2_permis.csv ; D7_population_age_conduire.csv,
O1-07,National,Togo,2024,C,,1973.0,4210466.0,0.47,,,pour 1 000 habitants en âge de conduire,C,D2_permis.csv ; D7_population_age_conduire.csv,
O1-07,National,Togo,2024,D,,679.0,4210466.0,0.16,,,pour 1 000 habitants en âge de conduire,C,D2_permis.csv ; D7_population_age_conduire.csv,
O1-07,National,Togo,2024,E,,1554.0,4734735.0,0.33,,,pour 1 000 habitants en âge de conduire,C,D2_permis.csv ; D7_population_age_conduire.csv,
O1-07,National,Togo,2024,F,,622.0,4734735.0,0.13,,,pour 1 000 habitants en âge de conduire,C,D2_permis.csv ; D7_population_age_conduire.csv,
O1-09,National,Togo,2007,A,,34454.0,205.0,168.07,,,ratio,B,D1_immatriculations.csv ; D2_permis.csv,Deux-roues et assimilées
O1-09,National,Togo,2008,A,,44409.0,198.0,224.29,,,ratio,B,D1_immatriculations.csv ; D2_permis.csv,Deux-roues et assimilées
O1-09,National,Togo,2009,A,,36277.0,398.0,91.15,,,ratio,B,D1_immatriculations.csv ; D2_permis.csv,Deux-roues et assimilées
O1-09,National,Togo,2010,A,,38638.0,206.0,187.56,,,ratio,B,D1_immatriculations.csv ; D2_permis.csv,Deux-roues et assimilées
O1-09,National,Togo,2011,A,,42283.0,157.0,269.32,,,ratio,B,D1_immatriculations.csv ; D2_permis.csv,Deux-roues et assimilées
O1-09,National,Togo,2012,A,,43757.0,129.0,339.2,,,ratio,B,D1_immatriculations.csv ; D2_permis.csv,Deux-roues et assimilées
O1-09,National,Togo,2014,A,,51134.0,283.0,180.69,,,ratio,B,D1_immatriculations.csv ; D2_permis.csv,Deux-roues et assimilées
O1-09,National,Togo,2015,A,,65599.0,104.0,630.76,,,ratio,B,D1_immatriculations.csv ; D2_permis.csv,Deux-roues et assimilées
O1-09,National,Togo,2016,A,,45341.0,387.0,117.16,,,ratio,B,D1_immatriculations.csv ; D2_permis.csv,Deux-roues et assimilées
O1-09,National,Togo,2017,A,,41187.0,312.0,132.01,,,ratio,B,D1_immatriculations.csv ; D2_permis.csv,Deux-roues et assimilées
O1-09,National,Togo,2018,A,,43063.0,406.0,106.07,,,ratio,B,D1_immatriculations.csv ; D2_permis.csv,Deux-roues et assimilées
O1-09,National,Togo,2019,A,,54873.0,2425.0,22.63,,,ratio,B,D1_immatriculations.csv ; D2_permis.csv,Deux-roues et assimilées
O1-09,National,Togo,2020,A,,44850.0,236.0,190.04,,,ratio,B,D1_immatriculations.csv ; D2_permis.csv,Deux-roues et assimilées
O1-09,National,Togo,2021,A,,65363.0,211.0,309.78,,,ratio,B,D1_immatriculations.csv ; D2_permis.csv,Deux-roues et assimilées
O1-09,National,Togo,2022,A,,67639.0,4837.0,13.98,,,ratio,B,D1_immatriculations.csv ; D2_permis.csv,Deux-roues et assimilées
O1-09,National,Togo,2023,A,,107845.0,1538.0,70.12,,,ratio,B,D1_immatriculations.csv ; D2_permis.csv,Deux-roues et assimilées
O1-09,National,Togo,2024,A,,65593.0,10165.0,6.45,,,ratio,B,D1_immatriculations.csv ; D2_permis.csv,Deux-roues et assimilées
O1-09,National,Togo,2007–2024,A,,892305.0,22197.0,40.2,,,ratio,B,D1_immatriculations.csv ; D2_permis.csv,"cumul des années communes, sans 2013 ; Deux-roues et assimilées"
O1-09,National,Togo,2007,B,,11959.0,6148.0,1.95,,,ratio,B,D1_immatriculations.csv ; D2_permis.csv,Voitures + Camionnettes
O1-09,National,Togo,2008,B,,12064.0,6334.0,1.9,,,ratio,B,D1_immatriculations.csv ; D2_permis.csv,Voitures + Camionnettes
O1-09,National,Togo,2009,B,,7154.0,4771.0,1.5,,,ratio,B,D1_immatriculations.csv ; D2_permis.csv,Voitures + Camionnettes
O1-09,National,Togo,2010,B,,7771.0,4690.0,1.66,,,ratio,B,D1_immatriculations.csv ; D2_permis.csv,Voitures + Camionnettes
O1-09,National,Togo,2011,B,,9475.0,5628.0,1.68,,,ratio,B,D1_immatriculations.csv ; D2_permis.csv,Voitures + Camionnettes
O1-09,National,Togo,2012,B,,11042.0,6307.0,1.75,,,ratio,B,D1_immatriculations.csv ; D2_permis.csv,Voitures + Camionnettes
O1-09,National,Togo,2014,B,,12837.0,11787.0,1.09,,,ratio,B,D1_immatriculations.csv ; D2_permis.csv,Voitures + Camionnettes
O1-09,National,Togo,2015,B,,17729.0,7193.0,2.46,,,ratio,B,D1_immatriculations.csv ; D2_permis.csv,Voitures + Camionnettes
O1-09,National,Togo,2016,B,,17002.0,23467.0,0.72,,,ratio,B,D1_immatriculations.csv ; D2_permis.csv,Voitures + Camionnettes
O1-09,National,Togo,2017,B,,17477.0,16299.0,1.07,,,ratio,B,D1_immatriculations.csv ; D2_permis.csv,Voitures + Camionnettes
O1-09,National,Togo,2018,B,,18831.0,15855.0,1.19,,,ratio,B,D1_immatriculations.csv ; D2_permis.csv,Voitures + Camionnettes
O1-09,National,Togo,2019,B,,21754.0,16377.0,1.33,,,ratio,B,D1_immatriculations.csv ; D2_permis.csv,Voitures + Camionnettes
O1-09,National,Togo,2020,B,,20471.0,11017.0,1.86,,,ratio,B,D1_immatriculations.csv ; D2_permis.csv,Voitures + Camionnettes
O1-09,National,Togo,2021,B,,25254.0,16857.0,1.5,,,ratio,B,D1_immatriculations.csv ; D2_permis.csv,Voitures + Camionnettes
O1-09,National,Togo,2022,B,,22757.0,16988.0,1.34,,,ratio,B,D1_immatriculations.csv ; D2_permis.csv,Voitures + Camionnettes
O1-09,National,Togo,2023,B,,20205.0,19641.0,1.03,,,ratio,B,D1_immatriculations.csv ; D2_permis.csv,Voitures + Camionnettes
O1-09,National,Togo,2024,B,,19994.0,23538.0,0.85,,,ratio,B,D1_immatriculations.csv ; D2_permis.csv,Voitures + Camionnettes
O1-09,National,Togo,2007–2024,B,,273776.0,212897.0,1.29,,,ratio,B,D1_immatriculations.csv ; D2_permis.csv,"cumul des années communes, sans 2013 ; Voitures + Camionnettes"
O1-09,National,Togo,2007,C,,865.0,459.0,1.88,,,ratio,B,D1_immatriculations.csv ; D2_permis.csv,Camions + Tracteurs
O1-09,National,Togo,2008,C,,1077.0,433.0,2.49,,,ratio,B,D1_immatriculations.csv ; D2_permis.csv,Camions + Tracteurs
O1-09,National,Togo,2009,C,,1141.0,236.0,4.83,,,ratio,B,D1_immatriculations.csv ; D2_permis.csv,Camions + Tracteurs
O1-09,National,Togo,2010,C,,2132.0,299.0,7.13,,,ratio,B,D1_immatriculations.csv ; D2_permis.csv,Camions + Tracteurs
O1-09,National,Togo,2011,C,,2690.0,327.0,8.23,,,ratio,B,D1_immatriculations.csv ; D2_permis.csv,Camions + Tracteurs
O1-09,National,Togo,2012,C,,3492.0,428.0,8.16,,,ratio,B,D1_immatriculations.csv ; D2_permis.csv,Camions + Tracteurs
O1-09,National,Togo,2014,C,,3764.0,1016.0,3.7,,,ratio,B,D1_immatriculations.csv ; D2_permis.csv,Camions + Tracteurs
O1-09,National,Togo,2015,C,,1840.0,308.0,5.97,,,ratio,B,D1_immatriculations.csv ; D2_permis.csv,Camions + Tracteurs
O1-09,National,Togo,2016,C,,1321.0,1642.0,0.8,,,ratio,B,D1_immatriculations.csv ; D2_permis.csv,Camions + Tracteurs
O1-09,National,Togo,2017,C,,1663.0,1353.0,1.23,,,ratio,B,D1_immatriculations.csv ; D2_permis.csv,Camions + Tracteurs
O1-09,National,Togo,2018,C,,1738.0,1015.0,1.71,,,ratio,B,D1_immatriculations.csv ; D2_permis.csv,Camions + Tracteurs
O1-09,National,Togo,2019,C,,1816.0,898.0,2.02,,,ratio,B,D1_immatriculations.csv ; D2_permis.csv,Camions + Tracteurs
O1-09,National,Togo,2020,C,,2512.0,763.0,3.29,,,ratio,B,D1_immatriculations.csv ; D2_permis.csv,Camions + Tracteurs
O1-09,National,Togo,2021,C,,2462.0,1160.0,2.12,,,ratio,B,D1_immatriculations.csv ; D2_permis.csv,Camions + Tracteurs
O1-09,National,Togo,2022,C,,2436.0,1216.0,2.0,,,ratio,B,D1_immatriculations.csv ; D2_permis.csv,Camions + Tracteurs
O1-09,National,Togo,2023,C,,2117.0,1532.0,1.38,,,ratio,B,D1_immatriculations.csv ; D2_permis.csv,Camions + Tracteurs
O1-09,National,Togo,2024,C,,2046.0,1973.0,1.04,,,ratio,B,D1_immatriculations.csv ; D2_permis.csv,Camions + Tracteurs
O1-09,National,Togo,2007–2024,C,,35112.0,15058.0,2.33,,,ratio,B,D1_immatriculations.csv ; D2_permis.csv,"cumul des années communes, sans 2013 ; Camions + Tracteurs"
O1-09,National,Togo,2007,D,,22.0,87.0,0.25,,,ratio,B,D1_immatriculations.csv ; D2_permis.csv,Autocars et autobus
O1-09,National,Togo,2008,D,,18.0,86.0,0.21,,,ratio,B,D1_immatriculations.csv ; D2_permis.csv,Autocars et autobus
O1-09,National,Togo,2009,D,,36.0,45.0,0.8,,,ratio,B,D1_immatriculations.csv ; D2_permis.csv,Autocars et autobus
O1-09,National,Togo,2010,D,,96.0,83.0,1.16,,,ratio,B,D1_immatriculations.csv ; D2_permis.csv,Autocars et autobus
O1-09,National,Togo,2011,D,,97.0,71.0,1.37,,,ratio,B,D1_immatriculations.csv ; D2_permis.csv,Autocars et autobus
O1-09,National,Togo,2012,D,,102.0,77.0,1.32,,,ratio,B,D1_immatriculations.csv ; D2_permis.csv,Autocars et autobus
O1-09,National,Togo,2014,D,,103.0,202.0,0.51,,,ratio,B,D1_immatriculations.csv ; D2_permis.csv,Autocars et autobus
O1-09,National,Togo,2015,D,,87.0,90.0,0.97,,,ratio,B,D1_immatriculations.csv ; D2_permis.csv,Autocars et autobus
O1-09,National,Togo,2016,D,,62.0,292.0,0.21,,,ratio,B,D1_immatriculations.csv ; D2_permis.csv,Autocars et autobus
O1-09,National,Togo,2017,D,,73.0,337.0,0.22,,,ratio,B,D1_immatriculations.csv ; D2_permis.csv,Autocars et autobus
O1-09,National,Togo,2018,D,,83.0,297.0,0.28,,,ratio,B,D1_immatriculations.csv ; D2_permis.csv,Autocars et autobus
O1-09,National,Togo,2019,D,,133.0,299.0,0.44,,,ratio,B,D1_immatriculations.csv ; D2_permis.csv,Autocars et autobus
O1-09,National,Togo,2020,D,,91.0,230.0,0.4,,,ratio,B,D1_immatriculations.csv ; D2_permis.csv,Autocars et autobus
O1-09,National,Togo,2021,D,,101.0,389.0,0.26,,,ratio,B,D1_immatriculations.csv ; D2_permis.csv,Autocars et autobus
O1-09,National,Togo,2022,D,,145.0,410.0,0.35,,,ratio,B,D1_immatriculations.csv ; D2_permis.csv,Autocars et autobus
O1-09,National,Togo,2023,D,,189.0,542.0,0.35,,,ratio,B,D1_immatriculations.csv ; D2_permis.csv,Autocars et autobus
O1-09,National,Togo,2024,D,,122.0,679.0,0.18,,,ratio,B,D1_immatriculations.csv ; D2_permis.csv,Autocars et autobus
O1-09,National,Togo,2007–2024,D,,1560.0,4216.0,0.37,,,ratio,B,D1_immatriculations.csv ; D2_permis.csv,"cumul des années communes, sans 2013 ; Autocars et autobus"
O1-09,National,Togo,2007,E,,192.0,32.0,6.0,,,ratio,B,D1_immatriculations.csv ; D2_permis.csv,Semi-remorques
O1-09,National,Togo,2008,E,,247.0,18.0,13.72,,,ratio,B,D1_immatriculations.csv ; D2_permis.csv,Semi-remorques
O1-09,National,Togo,2009,E,,304.0,38.0,8.0,,,ratio,B,D1_immatriculations.csv ; D2_permis.csv,Semi-remorques
O1-09,National,Togo,2010,E,,741.0,35.0,21.17,,,ratio,B,D1_immatriculations.csv ; D2_permis.csv,Semi-remorques
O1-09,National,Togo,2011,E,,978.0,42.0,23.29,,,ratio,B,D1_immatriculations.csv ; D2_permis.csv,Semi-remorques
O1-09,National,Togo,2012,E,,894.0,28.0,31.93,,,ratio,B,D1_immatriculations.csv ; D2_permis.csv,Semi-remorques
O1-09,National,Togo,2014,E,,1130.0,74.0,15.27,,,ratio,B,D1_immatriculations.csv ; D2_permis.csv,Semi-remorques
O1-09,National,Togo,2015,E,,493.0,370.0,1.33,,,ratio,B,D1_immatriculations.csv ; D2_permis.csv,Semi-remorques
O1-09,National,Togo,2016,E,,394.0,2635.0,0.15,,,ratio,B,D1_immatriculations.csv ; D2_permis.csv,Semi-remorques
O1-09,National,Togo,2017,E,,569.0,1514.0,0.38,,,ratio,B,D1_immatriculations.csv ; D2_permis.csv,Semi-remorques
O1-09,National,Togo,2018,E,,631.0,1263.0,0.5,,,ratio,B,D1_immatriculations.csv ; D2_permis.csv,Semi-remorques
O1-09,National,Togo,2019,E,,638.0,1073.0,0.59,,,ratio,B,D1_immatriculations.csv ; D2_permis.csv,Semi-remorques
O1-09,National,Togo,2020,E,,816.0,806.0,1.01,,,ratio,B,D1_immatriculations.csv ; D2_permis.csv,Semi-remorques
O1-09,National,Togo,2021,E,,764.0,1060.0,0.72,,,ratio,B,D1_immatriculations.csv ; D2_permis.csv,Semi-remorques
O1-09,National,Togo,2022,E,,793.0,1119.0,0.71,,,ratio,B,D1_immatriculations.csv ; D2_permis.csv,Semi-remorques
O1-09,National,Togo,2023,E,,503.0,1260.0,0.4,,,ratio,B,D1_immatriculations.csv ; D2_permis.csv,Semi-remorques
O1-09,National,Togo,2024,E,,443.0,1554.0,0.29,,,ratio,B,D1_immatriculations.csv ; D2_permis.csv,Semi-remorques
O1-09,National,Togo,2007–2024,E,,10530.0,12921.0,0.81,,,ratio,B,D1_immatriculations.csv ; D2_permis.csv,"cumul des années communes, sans 2013 ; Semi-remorques"
O2-01,National,Togo,2010,Accidents constatés,,,,3101.0,,,accidents,A,D3_accidents.csv,constatés par la police et la gendarmerie ; aucune source ne les dit corporels (écart 15)
O2-01,National,Togo,2010,Blessés,,,,6241.0,,,victimes,A,D3_accidents.csv,
O2-01,National,Togo,2010,Tués,,,,470.0,,,victimes,A,D3_accidents.csv,aucune définition publiée du tué
O2-01,National,Togo,2011,Accidents constatés,,,,7889.0,,,accidents,A,D3_accidents.csv,constatés par la police et la gendarmerie ; aucune source ne les dit corporels (écart 15) ; variation atypique depuis l’année précédente [SIG-12]
O2-01,National,Togo,2011,Blessés,,,,9376.0,,,victimes,A,D3_accidents.csv,
O2-01,National,Togo,2011,Tués,,,,739.0,,,victimes,A,D3_accidents.csv,aucune définition publiée du tué ; variation atypique depuis l’année précédente [SIG-13]
O2-01,National,Togo,2012,Accidents constatés,,,,8155.0,,,accidents,A,D3_accidents.csv,constatés par la police et la gendarmerie ; aucune source ne les dit corporels (écart 15)
O2-01,National,Togo,2012,Blessés,,,,9589.0,,,victimes,A,D3_accidents.csv,
O2-01,National,Togo,2012,Tués,,,,753.0,,,victimes,A,D3_accidents.csv,aucune définition publiée du tué
O2-01,National,Togo,2013,Accidents constatés,,,,5401.0,,,accidents,A,D3_accidents.csv,constatés par la police et la gendarmerie ; aucune source ne les dit corporels (écart 15) ; variation atypique depuis l’année précédente [SIG-12]
O2-01,National,Togo,2013,Blessés,,,,7636.0,,,victimes,A,D3_accidents.csv,
O2-01,National,Togo,2013,Tués,,,,640.0,,,victimes,A,D3_accidents.csv,aucune définition publiée du tué
O2-01,National,Togo,2014,Accidents constatés,,,,5390.0,,,accidents,A,D3_accidents.csv,constatés par la police et la gendarmerie ; aucune source ne les dit corporels (écart 15)
O2-01,National,Togo,2014,Blessés,,,,5565.0,,,victimes,A,D3_accidents.csv,
O2-01,National,Togo,2014,Tués,,,,802.0,,,victimes,A,D3_accidents.csv,aucune définition publiée du tué
O2-01,National,Togo,2015,Accidents constatés,,,,2851.0,,,accidents,A,D3_accidents.csv,constatés par la police et la gendarmerie ; aucune source ne les dit corporels (écart 15) ; variation atypique depuis l’année précédente [SIG-12]
O2-01,National,Togo,2015,Blessés,,,,3871.0,,,victimes,A,D3_accidents.csv,
O2-01,National,Togo,2015,Tués,,,,473.0,,,victimes,A,D3_accidents.csv,aucune définition publiée du tué ; variation atypique depuis l’année précédente [SIG-13]
O2-01,National,Togo,2016,Accidents constatés,,,,5393.0,,,accidents,A,D3_accidents.csv,constatés par la police et la gendarmerie ; aucune source ne les dit corporels (écart 15) ; variation atypique depuis l’année précédente [SIG-12]
O2-01,National,Togo,2016,Blessés,,,,6846.0,,,victimes,A,D3_accidents.csv,variation atypique depuis l’année précédente [SIG-14]
O2-01,National,Togo,2016,Tués,,,,514.0,,,victimes,A,D3_accidents.csv,aucune définition publiée du tué
O2-01,National,Togo,2017,Accidents constatés,,,,5181.0,,,accidents,A,D3_accidents.csv,constatés par la police et la gendarmerie ; aucune source ne les dit corporels (écart 15)
O2-01,National,Togo,2017,Blessés,,,,8624.0,,,victimes,A,D3_accidents.csv,
O2-01,National,Togo,2017,Tués,,,,580.0,,,victimes,A,D3_accidents.csv,aucune définition publiée du tué
O2-01,National,Togo,2018,Accidents constatés,,,,5814.0,,,accidents,A,D3_accidents.csv,constatés par la police et la gendarmerie ; aucune source ne les dit corporels (écart 15)
O2-01,National,Togo,2018,Blessés,,,,7951.0,,,victimes,A,D3_accidents.csv,
O2-01,National,Togo,2018,Tués,,,,592.0,,,victimes,A,D3_accidents.csv,aucune définition publiée du tué
O2-01,National,Togo,2019,Accidents constatés,,,,5402.0,,,accidents,A,D3_accidents.csv,constatés par la police et la gendarmerie ; aucune source ne les dit corporels (écart 15)
O2-01,National,Togo,2019,Blessés,,,,7520.0,,,victimes,A,D3_accidents.csv,
O2-01,National,Togo,2019,Tués,,,,580.0,,,victimes,A,D3_accidents.csv,aucune définition publiée du tué
O2-01,National,Togo,2020,Accidents constatés,,,,7130.0,,,accidents,A,D3_accidents.csv,constatés par la police et la gendarmerie ; aucune source ne les dit corporels (écart 15)
O2-01,National,Togo,2020,Blessés,,,,9514.0,,,victimes,A,D3_accidents.csv,
O2-01,National,Togo,2020,Tués,,,,576.0,,,victimes,A,D3_accidents.csv,aucune définition publiée du tué
O2-01,National,Togo,2021,Accidents constatés,,,,7392.0,,,accidents,A,D3_accidents.csv,constatés par la police et la gendarmerie ; aucune source ne les dit corporels (écart 15)
O2-01,National,Togo,2021,Blessés,,,,9376.0,,,victimes,A,D3_accidents.csv,
O2-01,National,Togo,2021,Tués,,,,680.0,,,victimes,A,D3_accidents.csv,aucune définition publiée du tué
O2-01,National,Togo,2022,Accidents constatés,,,,7507.0,,,accidents,A,D3_accidents.csv,constatés par la police et la gendarmerie ; aucune source ne les dit corporels (écart 15)
O2-01,National,Togo,2022,Blessés,,,,9918.0,,,victimes,A,D3_accidents.csv,
O2-01,National,Togo,2022,Tués,,,,683.0,,,victimes,A,D3_accidents.csv,aucune définition publiée du tué
O2-01,National,Togo,2023,Accidents constatés,,,,6906.0,,,accidents,A,D3_accidents.csv,constatés par la police et la gendarmerie ; aucune source ne les dit corporels (écart 15)
O2-01,National,Togo,2023,Blessés,,,,9504.0,,,victimes,A,D3_accidents.csv,
O2-01,National,Togo,2023,Tués,,,,546.0,,,victimes,A,D3_accidents.csv,aucune définition publiée du tué
O2-01,National,Togo,2024,Accidents constatés,,,,6529.0,,,accidents,A,D3_accidents.csv,constatés par la police et la gendarmerie ; aucune source ne les dit corporels (écart 15)
O2-01,National,Togo,2024,Blessés,,,,9079.0,,,victimes,A,D3_accidents.csv,
O2-01,National,Togo,2024,Tués,,,,597.0,,,victimes,A,D3_accidents.csv,aucune définition publiée du tué
O2-02,National,Togo,2010,,,470.0,6191155.0,7.59,,,pour 100 000 habitants,B,D3_accidents.csv ; D7_population_nationale.csv,
O2-02,National,Togo,2011,,,739.0,6202000.0,11.92,,,pour 100 000 habitants,C,D3_accidents.csv ; D7_population_nationale.csv,variation atypique depuis l’année précédente [SIG-13] ; population : variation atypique depuis l’année précédente [SIG-11]
O2-02,National,Togo,2012,,,753.0,6353000.0,11.85,,,pour 100 000 habitants,C,D3_accidents.csv ; D7_population_nationale.csv,
O2-02,National,Togo,2013,,,640.0,6509000.0,9.83,,,pour 100 000 habitants,C,D3_accidents.csv ; D7_population_nationale.csv,
O2-02,National,Togo,2014,,,802.0,6669000.0,12.03,,,pour 100 000 habitants,C,D3_accidents.csv ; D7_population_nationale.csv,
O2-02,National,Togo,2015,,,473.0,6835000.0,6.92,,,pour 100 000 habitants,C,D3_accidents.csv ; D7_population_nationale.csv,variation atypique depuis l’année précédente [SIG-13]
O2-02,National,Togo,2016,,,514.0,7006000.0,7.34,,,pour 100 000 habitants,C,D3_accidents.csv ; D7_population_nationale.csv,
O2-02,National,Togo,2017,,,580.0,7178000.0,8.08,,,pour 100 000 habitants,C,D3_accidents.csv ; D7_population_nationale.csv,
O2-02,National,Togo,2018,,,592.0,7352000.0,8.05,,,pour 100 000 habitants,C,D3_accidents.csv ; D7_population_nationale.csv,
O2-02,National,Togo,2019,,,580.0,7528000.0,7.7,,,pour 100 000 habitants,C,D3_accidents.csv ; D7_population_nationale.csv,
O2-02,National,Togo,2020,,,576.0,7706000.0,7.47,,,pour 100 000 habitants,C,D3_accidents.csv ; D7_population_nationale.csv,
O2-02,National,Togo,2021,,,680.0,7886000.0,8.62,,,pour 100 000 habitants,C,D3_accidents.csv ; D7_population_nationale.csv,
O2-02,National,Togo,2022,,,683.0,8095498.0,8.44,,,pour 100 000 habitants,B,D3_accidents.csv ; D7_population_nationale.csv,
O2-02,National,Togo,2023,,,546.0,8251000.0,6.62,,,pour 100 000 habitants,C,D3_accidents.csv ; D7_population_nationale.csv,
O2-02,National,Togo,2024,,,597.0,8437000.0,7.08,,,pour 100 000 habitants,C,D3_accidents.csv ; D7_population_nationale.csv,
O2-03,National,Togo,2010,,,3101.0,6191155.0,50.1,,,pour 100 000 habitants,B,D3_accidents.csv ; D7_population_nationale.csv,accidents constatés (écart 15)
O2-03,National,Togo,2011,,,7889.0,6202000.0,127.2,,,pour 100 000 habitants,C,D3_accidents.csv ; D7_population_nationale.csv,accidents constatés (écart 15) ; variation atypique depuis l’année précédente [SIG-12] ; population : variation atypique depuis l’année précédente [SIG-11]
O2-03,National,Togo,2012,,,8155.0,6353000.0,128.4,,,pour 100 000 habitants,C,D3_accidents.csv ; D7_population_nationale.csv,accidents constatés (écart 15)
O2-03,National,Togo,2013,,,5401.0,6509000.0,83.0,,,pour 100 000 habitants,C,D3_accidents.csv ; D7_population_nationale.csv,accidents constatés (écart 15) ; variation atypique depuis l’année précédente [SIG-12]
O2-03,National,Togo,2014,,,5390.0,6669000.0,80.8,,,pour 100 000 habitants,C,D3_accidents.csv ; D7_population_nationale.csv,accidents constatés (écart 15)
O2-03,National,Togo,2015,,,2851.0,6835000.0,41.7,,,pour 100 000 habitants,C,D3_accidents.csv ; D7_population_nationale.csv,accidents constatés (écart 15) ; variation atypique depuis l’année précédente [SIG-12]
O2-03,National,Togo,2016,,,5393.0,7006000.0,77.0,,,pour 100 000 habitants,C,D3_accidents.csv ; D7_population_nationale.csv,accidents constatés (écart 15) ; variation atypique depuis l’année précédente [SIG-12]
O2-03,National,Togo,2017,,,5181.0,7178000.0,72.2,,,pour 100 000 habitants,C,D3_accidents.csv ; D7_population_nationale.csv,accidents constatés (écart 15)
O2-03,National,Togo,2018,,,5814.0,7352000.0,79.1,,,pour 100 000 habitants,C,D3_accidents.csv ; D7_population_nationale.csv,accidents constatés (écart 15)
O2-03,National,Togo,2019,,,5402.0,7528000.0,71.8,,,pour 100 000 habitants,C,D3_accidents.csv ; D7_population_nationale.csv,accidents constatés (écart 15)
O2-03,National,Togo,2020,,,7130.0,7706000.0,92.5,,,pour 100 000 habitants,C,D3_accidents.csv ; D7_population_nationale.csv,accidents constatés (écart 15)
O2-03,National,Togo,2021,,,7392.0,7886000.0,93.7,,,pour 100 000 habitants,C,D3_accidents.csv ; D7_population_nationale.csv,accidents constatés (écart 15)
O2-03,National,Togo,2022,,,7507.0,8095498.0,92.7,,,pour 100 000 habitants,B,D3_accidents.csv ; D7_population_nationale.csv,accidents constatés (écart 15)
O2-03,National,Togo,2023,,,6906.0,8251000.0,83.7,,,pour 100 000 habitants,C,D3_accidents.csv ; D7_population_nationale.csv,accidents constatés (écart 15)
O2-03,National,Togo,2024,,,6529.0,8437000.0,77.4,,,pour 100 000 habitants,C,D3_accidents.csv ; D7_population_nationale.csv,accidents constatés (écart 15)
O2-04,National,Togo,2010,,,470.0,426417.0,11.02,9.74,14.87,pour 10 000 véhicules du parc estimé,C,D3_accidents.csv ; D1_parc_estime.csv,"bornes : parc estimé haut, puis bas (PA-01)"
O2-04,National,Togo,2011,,,739.0,439788.0,16.8,14.11,22.73,pour 10 000 véhicules du parc estimé,C,D3_accidents.csv ; D1_parc_estime.csv,"bornes : parc estimé haut, puis bas (PA-01) ; variation atypique depuis l’année précédente [SIG-13]"
O2-04,National,Togo,2012,,,753.0,461374.0,16.32,13.24,22.28,pour 10 000 véhicules du parc estimé,C,D3_accidents.csv ; D1_parc_estime.csv,"bornes : parc estimé haut, puis bas (PA-01)"
O2-04,National,Togo,2013,,,640.0,473651.0,13.51,10.47,19.11,pour 10 000 véhicules du parc estimé,C,D3_accidents.csv ; D1_parc_estime.csv,"bornes : parc estimé haut, puis bas (PA-01)"
O2-04,National,Togo,2014,,,802.0,497179.0,16.13,12.49,22.69,pour 10 000 véhicules du parc estimé,C,D3_accidents.csv ; D1_parc_estime.csv,"bornes : parc estimé haut, puis bas (PA-01)"
O2-04,National,Togo,2015,,,473.0,529177.0,8.94,6.83,12.22,pour 10 000 véhicules du parc estimé,C,D3_accidents.csv ; D1_parc_estime.csv,"bornes : parc estimé haut, puis bas (PA-01) ; variation atypique depuis l’année précédente [SIG-13]"
O2-04,National,Togo,2016,,,514.0,546182.0,9.41,7.21,13.0,pour 10 000 véhicules du parc estimé,C,D3_accidents.csv ; D1_parc_estime.csv,"bornes : parc estimé haut, puis bas (PA-01)"
O2-04,National,Togo,2017,,,580.0,556592.0,10.42,7.96,14.52,pour 10 000 véhicules du parc estimé,C,D3_accidents.csv ; D1_parc_estime.csv,"bornes : parc estimé haut, puis bas (PA-01)"
O2-04,National,Togo,2018,,,592.0,561912.0,10.54,8.01,14.49,pour 10 000 véhicules du parc estimé,C,D3_accidents.csv ; D1_parc_estime.csv,"bornes : parc estimé haut, puis bas (PA-01)"
O2-04,National,Togo,2019,,,580.0,583155.0,9.95,7.52,13.55,pour 10 000 véhicules du parc estimé,C,D3_accidents.csv ; D1_parc_estime.csv,"bornes : parc estimé haut, puis bas (PA-01)"
O2-04,National,Togo,2020,,,576.0,596442.0,9.66,7.28,13.7,pour 10 000 véhicules du parc estimé,C,D3_accidents.csv ; D1_parc_estime.csv,"bornes : parc estimé haut, puis bas (PA-01)"
O2-04,National,Togo,2021,,,680.0,625777.0,10.87,8.17,14.92,pour 10 000 véhicules du parc estimé,C,D3_accidents.csv ; D1_parc_estime.csv,"bornes : parc estimé haut, puis bas (PA-01)"
O2-04,National,Togo,2022,,,683.0,640910.0,10.66,7.85,13.86,pour 10 000 véhicules du parc estimé,C,D3_accidents.csv ; D1_parc_estime.csv,"bornes : parc estimé haut, puis bas (PA-01)"
O2-04,National,Togo,2023,,,546.0,713022.0,7.66,5.79,9.67,pour 10 000 véhicules du parc estimé,C,D3_accidents.csv ; D1_parc_estime.csv,"bornes : parc estimé haut, puis bas (PA-01)"
O2-04,National,Togo,2024,,,597.0,751398.0,7.95,6.18,10.3,pour 10 000 véhicules du parc estimé,C,D3_accidents.csv ; D1_parc_estime.csv,"bornes : parc estimé haut, puis bas (PA-01)"
O2-05,National,Togo,2010,,,470.0,3101.0,15.2,,,pour 100 accidents constatés,B,D3_accidents.csv,
O2-05,National,Togo,2011,,,739.0,7889.0,9.4,,,pour 100 accidents constatés,B,D3_accidents.csv,
O2-05,National,Togo,2012,,,753.0,8155.0,9.2,,,pour 100 accidents constatés,B,D3_accidents.csv,
O2-05,National,Togo,2013,,,640.0,5401.0,11.8,,,pour 100 accidents constatés,B,D3_accidents.csv,
O2-05,National,Togo,2014,,,802.0,5390.0,14.9,,,pour 100 accidents constatés,B,D3_accidents.csv,
O2-05,National,Togo,2015,,,473.0,2851.0,16.6,,,pour 100 accidents constatés,B,D3_accidents.csv,
O2-05,National,Togo,2016,,,514.0,5393.0,9.5,,,pour 100 accidents constatés,B,D3_accidents.csv,
O2-05,National,Togo,2017,,,580.0,5181.0,11.2,,,pour 100 accidents constatés,B,D3_accidents.csv,
O2-05,National,Togo,2018,,,592.0,5814.0,10.2,,,pour 100 accidents constatés,B,D3_accidents.csv,
O2-05,National,Togo,2019,,,580.0,5402.0,10.7,,,pour 100 accidents constatés,B,D3_accidents.csv,
O2-05,National,Togo,2020,,,576.0,7130.0,8.1,,,pour 100 accidents constatés,B,D3_accidents.csv,
O2-05,National,Togo,2021,,,680.0,7392.0,9.2,,,pour 100 accidents constatés,B,D3_accidents.csv,
O2-05,National,Togo,2022,,,683.0,7507.0,9.1,,,pour 100 accidents constatés,B,D3_accidents.csv,
O2-05,National,Togo,2023,,,546.0,6906.0,7.9,,,pour 100 accidents constatés,B,D3_accidents.csv,
O2-05,National,Togo,2024,,,597.0,6529.0,9.1,,,pour 100 accidents constatés,B,D3_accidents.csv,
O2-06,National,Togo,2010,,,6241.0,3101.0,201.3,,,pour 100 accidents constatés,B,D3_accidents.csv,
O2-06,National,Togo,2011,,,9376.0,7889.0,118.8,,,pour 100 accidents constatés,B,D3_accidents.csv,
O2-06,National,Togo,2012,,,9589.0,8155.0,117.6,,,pour 100 accidents constatés,B,D3_accidents.csv,
O2-06,National,Togo,2013,,,7636.0,5401.0,141.4,,,pour 100 accidents constatés,B,D3_accidents.csv,
O2-06,National,Togo,2014,,,5565.0,5390.0,103.2,,,pour 100 accidents constatés,B,D3_accidents.csv,
O2-06,National,Togo,2015,,,3871.0,2851.0,135.8,,,pour 100 accidents constatés,B,D3_accidents.csv,
O2-06,National,Togo,2016,,,6846.0,5393.0,126.9,,,pour 100 accidents constatés,B,D3_accidents.csv,
O2-06,National,Togo,2017,,,8624.0,5181.0,166.5,,,pour 100 accidents constatés,B,D3_accidents.csv,
O2-06,National,Togo,2018,,,7951.0,5814.0,136.8,,,pour 100 accidents constatés,B,D3_accidents.csv,
O2-06,National,Togo,2019,,,7520.0,5402.0,139.2,,,pour 100 accidents constatés,B,D3_accidents.csv,
O2-06,National,Togo,2020,,,9514.0,7130.0,133.4,,,pour 100 accidents constatés,B,D3_accidents.csv,
O2-06,National,Togo,2021,,,9376.0,7392.0,126.8,,,pour 100 accidents constatés,B,D3_accidents.csv,
O2-06,National,Togo,2022,,,9918.0,7507.0,132.1,,,pour 100 accidents constatés,B,D3_accidents.csv,
O2-06,National,Togo,2023,,,9504.0,6906.0,137.6,,,pour 100 accidents constatés,B,D3_accidents.csv,
O2-06,National,Togo,2024,,,9079.0,6529.0,139.1,,,pour 100 accidents constatés,B,D3_accidents.csv,
O2-09,National,Togo,2021,Véhicules à 4 roues,,,,11.0,,,% des tués déclarés,C,D3_victimes_usager_2021.csv,OMS ; ni sexe ni âge (écart 3)
O2-09,National,Togo,2021,Deux et trois-roues motorisés,,,,60.0,,,% des tués déclarés,C,D3_victimes_usager_2021.csv,OMS ; ni sexe ni âge (écart 3)
O2-09,National,Togo,2021,Piétons,,,,23.0,,,% des tués déclarés,C,D3_victimes_usager_2021.csv,OMS ; ni sexe ni âge (écart 3)
O2-09,National,Togo,2021,Cyclistes,,,,0.0,,,% des tués déclarés,C,D3_victimes_usager_2021.csv,OMS ; ni sexe ni âge (écart 3)
O2-09,National,Togo,2021,Autres et inconnus,,,,6.0,,,% des tués déclarés,C,D3_victimes_usager_2021.csv,OMS ; ni sexe ni âge (écart 3)
O2-E1,National,Togo,2010,,,6241.0,6191155.0,100.8,,,pour 100 000 habitants,B,D3_accidents.csv ; D7_population_nationale.csv,"complément de l’énoncé, hors 02 (écart 22)"
O2-E1,National,Togo,2011,,,9376.0,6202000.0,151.2,,,pour 100 000 habitants,C,D3_accidents.csv ; D7_population_nationale.csv,"complément de l’énoncé, hors 02 (écart 22) ; population : variation atypique depuis l’année précédente [SIG-11]"
O2-E1,National,Togo,2012,,,9589.0,6353000.0,150.9,,,pour 100 000 habitants,C,D3_accidents.csv ; D7_population_nationale.csv,"complément de l’énoncé, hors 02 (écart 22)"
O2-E1,National,Togo,2013,,,7636.0,6509000.0,117.3,,,pour 100 000 habitants,C,D3_accidents.csv ; D7_population_nationale.csv,"complément de l’énoncé, hors 02 (écart 22)"
O2-E1,National,Togo,2014,,,5565.0,6669000.0,83.4,,,pour 100 000 habitants,C,D3_accidents.csv ; D7_population_nationale.csv,"complément de l’énoncé, hors 02 (écart 22)"
O2-E1,National,Togo,2015,,,3871.0,6835000.0,56.6,,,pour 100 000 habitants,C,D3_accidents.csv ; D7_population_nationale.csv,"complément de l’énoncé, hors 02 (écart 22)"
O2-E1,National,Togo,2016,,,6846.0,7006000.0,97.7,,,pour 100 000 habitants,C,D3_accidents.csv ; D7_population_nationale.csv,"complément de l’énoncé, hors 02 (écart 22) ; variation atypique depuis l’année précédente [SIG-14]"
O2-E1,National,Togo,2017,,,8624.0,7178000.0,120.1,,,pour 100 000 habitants,C,D3_accidents.csv ; D7_population_nationale.csv,"complément de l’énoncé, hors 02 (écart 22)"
O2-E1,National,Togo,2018,,,7951.0,7352000.0,108.1,,,pour 100 000 habitants,C,D3_accidents.csv ; D7_population_nationale.csv,"complément de l’énoncé, hors 02 (écart 22)"
O2-E1,National,Togo,2019,,,7520.0,7528000.0,99.9,,,pour 100 000 habitants,C,D3_accidents.csv ; D7_population_nationale.csv,"complément de l’énoncé, hors 02 (écart 22)"
O2-E1,National,Togo,2020,,,9514.0,7706000.0,123.5,,,pour 100 000 habitants,C,D3_accidents.csv ; D7_population_nationale.csv,"complément de l’énoncé, hors 02 (écart 22)"
O2-E1,National,Togo,2021,,,9376.0,7886000.0,118.9,,,pour 100 000 habitants,C,D3_accidents.csv ; D7_population_nationale.csv,"complément de l’énoncé, hors 02 (écart 22)"
O2-E1,National,Togo,2022,,,9918.0,8095498.0,122.5,,,pour 100 000 habitants,B,D3_accidents.csv ; D7_population_nationale.csv,"complément de l’énoncé, hors 02 (écart 22)"
O2-E1,National,Togo,2023,,,9504.0,8251000.0,115.2,,,pour 100 000 habitants,C,D3_accidents.csv ; D7_population_nationale.csv,"complément de l’énoncé, hors 02 (écart 22)"
O2-E1,National,Togo,2024,,,9079.0,8437000.0,107.6,,,pour 100 000 habitants,C,D3_accidents.csv ; D7_population_nationale.csv,"complément de l’énoncé, hors 02 (écart 22)"
O2-E2,National,Togo,2010,,,3101.0,426417.0,72.72,64.29,98.08,pour 10 000 véhicules du parc estimé,C,D3_accidents.csv ; D1_parc_estime.csv,"complément de l’énoncé, hors 02 (écart 22) ; bornes : parc estimé haut, puis bas (PA-01)"
O2-E2,National,Togo,2011,,,7889.0,439788.0,179.38,150.59,242.67,pour 10 000 véhicules du parc estimé,C,D3_accidents.csv ; D1_parc_estime.csv,"complément de l’énoncé, hors 02 (écart 22) ; bornes : parc estimé haut, puis bas (PA-01) ; variation atypique depuis l’année précédente [SIG-12]"
O2-E2,National,Togo,2012,,,8155.0,461374.0,176.75,143.34,241.27,pour 10 000 véhicules du parc estimé,C,D3_accidents.csv ; D1_parc_estime.csv,"complément de l’énoncé, hors 02 (écart 22) ; bornes : parc estimé haut, puis bas (PA-01)"
O2-E2,National,Togo,2013,,,5401.0,473651.0,114.03,88.32,161.24,pour 10 000 véhicules du parc estimé,C,D3_accidents.csv ; D1_parc_estime.csv,"complément de l’énoncé, hors 02 (écart 22) ; bornes : parc estimé haut, puis bas (PA-01) ; variation atypique depuis l’année précédente [SIG-12]"
O2-E2,National,Togo,2014,,,5390.0,497179.0,108.41,83.92,152.5,pour 10 000 véhicules du parc estimé,C,D3_accidents.csv ; D1_parc_estime.csv,"complément de l’énoncé, hors 02 (écart 22) ; bornes : parc estimé haut, puis bas (PA-01)"
O2-E2,National,Togo,2015,,,2851.0,529177.0,53.88,41.18,73.68,pour 10 000 véhicules du parc estimé,C,D3_accidents.csv ; D1_parc_estime.csv,"complément de l’énoncé, hors 02 (écart 22) ; bornes : parc estimé haut, puis bas (PA-01) ; variation atypique depuis l’année précédente [SIG-12]"
O2-E2,National,Togo,2016,,,5393.0,546182.0,98.74,75.7,136.43,pour 10 000 véhicules du parc estimé,C,D3_accidents.csv ; D1_parc_estime.csv,"complément de l’énoncé, hors 02 (écart 22) ; bornes : parc estimé haut, puis bas (PA-01) ; variation atypique depuis l’année précédente [SIG-12]"
O2-E2,National,Togo,2017,,,5181.0,556592.0,93.08,71.06,129.7,pour 10 000 véhicules du parc estimé,C,D3_accidents.csv ; D1_parc_estime.csv,"complément de l’énoncé, hors 02 (écart 22) ; bornes : parc estimé haut, puis bas (PA-01)"
O2-E2,National,Togo,2018,,,5814.0,561912.0,103.47,78.68,142.3,pour 10 000 véhicules du parc estimé,C,D3_accidents.csv ; D1_parc_estime.csv,"complément de l’énoncé, hors 02 (écart 22) ; bornes : parc estimé haut, puis bas (PA-01)"
O2-E2,National,Togo,2019,,,5402.0,583155.0,92.63,70.07,126.21,pour 10 000 véhicules du parc estimé,C,D3_accidents.csv ; D1_parc_estime.csv,"complément de l’énoncé, hors 02 (écart 22) ; bornes : parc estimé haut, puis bas (PA-01)"
O2-E2,National,Togo,2020,,,7130.0,596442.0,119.54,90.06,169.59,pour 10 000 véhicules du parc estimé,C,D3_accidents.csv ; D1_parc_estime.csv,"complément de l’énoncé, hors 02 (écart 22) ; bornes : parc estimé haut, puis bas (PA-01)"
O2-E2,National,Togo,2021,,,7392.0,625777.0,118.13,88.8,162.18,pour 10 000 véhicules du parc estimé,C,D3_accidents.csv ; D1_parc_estime.csv,"complément de l’énoncé, hors 02 (écart 22) ; bornes : parc estimé haut, puis bas (PA-01)"
O2-E2,National,Togo,2022,,,7507.0,640910.0,117.13,86.23,152.32,pour 10 000 véhicules du parc estimé,C,D3_accidents.csv ; D1_parc_estime.csv,"complément de l’énoncé, hors 02 (écart 22) ; bornes : parc estimé haut, puis bas (PA-01)"
O2-E2,National,Togo,2023,,,6906.0,713022.0,96.86,73.25,122.37,pour 10 000 véhicules du parc estimé,C,D3_accidents.csv ; D1_parc_estime.csv,"complément de l’énoncé, hors 02 (écart 22) ; bornes : parc estimé haut, puis bas (PA-01)"
O2-E2,National,Togo,2024,,,6529.0,751398.0,86.89,67.61,112.6,pour 10 000 véhicules du parc estimé,C,D3_accidents.csv ; D1_parc_estime.csv,"complément de l’énoncé, hors 02 (écart 22) ; bornes : parc estimé haut, puis bas (PA-01)"
O2-E3,National,Togo,2010,,,6241.0,426417.0,146.36,129.4,197.39,pour 10 000 véhicules du parc estimé,C,D3_accidents.csv ; D1_parc_estime.csv,"complément de l’énoncé, hors 02 (écart 22) ; bornes : parc estimé haut, puis bas (PA-01)"
O2-E3,National,Togo,2011,,,9376.0,439788.0,213.19,178.98,288.41,pour 10 000 véhicules du parc estimé,C,D3_accidents.csv ; D1_parc_estime.csv,"complément de l’énoncé, hors 02 (écart 22) ; bornes : parc estimé haut, puis bas (PA-01)"
O2-E3,National,Togo,2012,,,9589.0,461374.0,207.84,168.55,283.69,pour 10 000 véhicules du parc estimé,C,D3_accidents.csv ; D1_parc_estime.csv,"complément de l’énoncé, hors 02 (écart 22) ; bornes : parc estimé haut, puis bas (PA-01)"
O2-E3,National,Togo,2013,,,7636.0,473651.0,161.22,124.87,227.97,pour 10 000 véhicules du parc estimé,C,D3_accidents.csv ; D1_parc_estime.csv,"complément de l’énoncé, hors 02 (écart 22) ; bornes : parc estimé haut, puis bas (PA-01)"
O2-E3,National,Togo,2014,,,5565.0,497179.0,111.93,86.65,157.45,pour 10 000 véhicules du parc estimé,C,D3_accidents.csv ; D1_parc_estime.csv,"complément de l’énoncé, hors 02 (écart 22) ; bornes : parc estimé haut, puis bas (PA-01)"
O2-E3,National,Togo,2015,,,3871.0,529177.0,73.15,55.92,100.05,pour 10 000 véhicules du parc estimé,C,D3_accidents.csv ; D1_parc_estime.csv,"complément de l’énoncé, hors 02 (écart 22) ; bornes : parc estimé haut, puis bas (PA-01)"
O2-E3,National,Togo,2016,,,6846.0,546182.0,125.34,96.09,173.19,pour 10 000 véhicules du parc estimé,C,D3_accidents.csv ; D1_parc_estime.csv,"complément de l’énoncé, hors 02 (écart 22) ; bornes : parc estimé haut, puis bas (PA-01) ; variation atypique depuis l’année précédente [SIG-14]"
O2-E3,National,Togo,2017,,,8624.0,556592.0,154.94,118.29,215.89,pour 10 000 véhicules du parc estimé,C,D3_accidents.csv ; D1_parc_estime.csv,"complément de l’énoncé, hors 02 (écart 22) ; bornes : parc estimé haut, puis bas (PA-01)"
O2-E3,National,Togo,2018,,,7951.0,561912.0,141.5,107.6,194.61,pour 10 000 véhicules du parc estimé,C,D3_accidents.csv ; D1_parc_estime.csv,"complément de l’énoncé, hors 02 (écart 22) ; bornes : parc estimé haut, puis bas (PA-01)"
O2-E3,National,Togo,2019,,,7520.0,583155.0,128.95,97.55,175.7,pour 10 000 véhicules du parc estimé,C,D3_accidents.csv ; D1_parc_estime.csv,"complément de l’énoncé, hors 02 (écart 22) ; bornes : parc estimé haut, puis bas (PA-01)"
O2-E3,National,Togo,2020,,,9514.0,596442.0,159.51,120.18,226.3,pour 10 000 véhicules du parc estimé,C,D3_accidents.csv ; D1_parc_estime.csv,"complément de l’énoncé, hors 02 (écart 22) ; bornes : parc estimé haut, puis bas (PA-01)"
O2-E3,National,Togo,2021,,,9376.0,625777.0,149.83,112.63,205.71,pour 10 000 véhicules du parc estimé,C,D3_accidents.csv ; D1_parc_estime.csv,"complément de l’énoncé, hors 02 (écart 22) ; bornes : parc estimé haut, puis bas (PA-01)"
O2-E3,National,Togo,2022,,,9918.0,640910.0,154.75,113.93,201.25,pour 10 000 véhicules du parc estimé,C,D3_accidents.csv ; D1_parc_estime.csv,"complément de l’énoncé, hors 02 (écart 22) ; bornes : parc estimé haut, puis bas (PA-01)"
O2-E3,National,Togo,2023,,,9504.0,713022.0,133.29,100.8,168.4,pour 10 000 véhicules du parc estimé,C,D3_accidents.csv ; D1_parc_estime.csv,"complément de l’énoncé, hors 02 (écart 22) ; bornes : parc estimé haut, puis bas (PA-01)"
O2-E3,National,Togo,2024,,,9079.0,751398.0,120.83,94.01,156.58,pour 10 000 véhicules du parc estimé,C,D3_accidents.csv ; D1_parc_estime.csv,"complément de l’énoncé, hors 02 (écart 22) ; bornes : parc estimé haut, puis bas (PA-01)"
O3-01,Préfecture,Agou,2020,Bon,,,,44.6,,,km,C,D4_D5_etat_trace.csv,
O3-01,Préfecture,Agou,2020,Moyen,,,,16.5,,,km,C,D4_D5_etat_trace.csv,
O3-01,Préfecture,Agou,2020,Mauvais,,,,49.6,,,km,C,D4_D5_etat_trace.csv,
O3-01,Préfecture,Agou,2020,Travaux,,,,13.4,,,km,C,D4_D5_etat_trace.csv,
O3-01,Préfecture,Agou,2020,Non évalué,,,,2.2,,,km,C,D4_D5_etat_trace.csv,
O3-01,Préfecture,Agoè-Nyivé,2020,Bon,,,,6.4,,,km,C,D4_D5_etat_trace.csv,
O3-01,Préfecture,Agoè-Nyivé,2020,Moyen,,,,11.3,,,km,C,D4_D5_etat_trace.csv,
O3-01,Préfecture,Agoè-Nyivé,2020,Mauvais,,,,7.2,,,km,C,D4_D5_etat_trace.csv,
O3-01,Préfecture,Agoè-Nyivé,2020,Travaux,,,,2.9,,,km,C,D4_D5_etat_trace.csv,
O3-01,Préfecture,Agoè-Nyivé,2020,Non évalué,,,,7.1,,,km,C,D4_D5_etat_trace.csv,
O3-01,Préfecture,Akébou,2020,Bon,,,,3.1,,,km,C,D4_D5_etat_trace.csv,
O3-01,Préfecture,Akébou,2020,Moyen,,,,3.3,,,km,C,D4_D5_etat_trace.csv,
O3-01,Préfecture,Akébou,2020,Mauvais,,,,0.5,,,km,C,D4_D5_etat_trace.csv,
O3-01,Préfecture,Akébou,2020,Travaux,,,,0.0,,,km,C,D4_D5_etat_trace.csv,
O3-01,Préfecture,Akébou,2020,Non évalué,,,,0.0,,,km,C,D4_D5_etat_trace.csv,
O3-01,Préfecture,Amou,2020,Bon,,,,44.3,,,km,C,D4_D5_etat_trace.csv,
O3-01,Préfecture,Amou,2020,Moyen,,,,27.4,,,km,C,D4_D5_etat_trace.csv,
O3-01,Préfecture,Amou,2020,Mauvais,,,,4.0,,,km,C,D4_D5_etat_trace.csv,
O3-01,Préfecture,Amou,2020,Travaux,,,,14.7,,,km,C,D4_D5_etat_trace.csv,
O3-01,Préfecture,Amou,2020,Non évalué,,,,0.0,,,km,C,D4_D5_etat_trace.csv,
O3-01,Préfecture,Anié,2020,Bon,,,,8.9,,,km,C,D4_D5_etat_trace.csv,
O3-01,Préfecture,Anié,2020,Moyen,,,,21.4,,,km,C,D4_D5_etat_trace.csv,
O3-01,Préfecture,Anié,2020,Mauvais,,,,9.3,,,km,C,D4_D5_etat_trace.csv,
O3-01,Préfecture,Anié,2020,Travaux,,,,0.7,,,km,C,D4_D5_etat_trace.csv,
O3-01,Préfecture,Anié,2020,Non évalué,,,,0.0,,,km,C,D4_D5_etat_trace.csv,
O3-01,Préfecture,Assoli,2020,Bon,,,,34.6,,,km,C,D4_D5_etat_trace.csv,
O3-01,Préfecture,Assoli,2020,Moyen,,,,15.7,,,km,C,D4_D5_etat_trace.csv,
O3-01,Préfecture,Assoli,2020,Mauvais,,,,15.8,,,km,C,D4_D5_etat_trace.csv,
O3-01,Préfecture,Assoli,2020,Travaux,,,,6.4,,,km,C,D4_D5_etat_trace.csv,
O3-01,Préfecture,Assoli,2020,Non évalué,,,,0.0,,,km,C,D4_D5_etat_trace.csv,
O3-01,Préfecture,Avé,2020,Bon,,,,10.4,,,km,C,D4_D5_etat_trace.csv,
O3-01,Préfecture,Avé,2020,Moyen,,,,19.3,,,km,C,D4_D5_etat_trace.csv,
O3-01,Préfecture,Avé,2020,Mauvais,,,,3.0,,,km,C,D4_D5_etat_trace.csv,
O3-01,Préfecture,Avé,2020,Travaux,,,,78.0,,,km,C,D4_D5_etat_trace.csv,
O3-01,Préfecture,Avé,2020,Non évalué,,,,0.0,,,km,C,D4_D5_etat_trace.csv,
O3-01,Préfecture,Bas-Mono,2020,Bon,,,,0.5,,,km,C,D4_D5_etat_trace.csv,
O3-01,Préfecture,Bas-Mono,2020,Moyen,,,,8.8,,,km,C,D4_D5_etat_trace.csv,
O3-01,Préfecture,Bas-Mono,2020,Mauvais,,,,7.6,,,km,C,D4_D5_etat_trace.csv,
O3-01,Préfecture,Bas-Mono,2020,Travaux,,,,18.9,,,km,C,D4_D5_etat_trace.csv,
O3-01,Préfecture,Bas-Mono,2020,Non évalué,,,,0.0,,,km,C,D4_D5_etat_trace.csv,
O3-01,Préfecture,Bassar,2020,Bon,,,,74.0,,,km,C,D4_D5_etat_trace.csv,
O3-01,Préfecture,Bassar,2020,Moyen,,,,30.3,,,km,C,D4_D5_etat_trace.csv,
O3-01,Préfecture,Bassar,2020,Mauvais,,,,46.9,,,km,C,D4_D5_etat_trace.csv,
O3-01,Préfecture,Bassar,2020,Travaux,,,,16.3,,,km,C,D4_D5_etat_trace.csv,
O3-01,Préfecture,Bassar,2020,Non évalué,,,,31.4,,,km,C,D4_D5_etat_trace.csv,
O3-01,Préfecture,Binah,2020,Bon,,,,15.7,,,km,C,D4_D5_etat_trace.csv,
O3-01,Préfecture,Binah,2020,Moyen,,,,27.9,,,km,C,D4_D5_etat_trace.csv,
O3-01,Préfecture,Binah,2020,Mauvais,,,,1.5,,,km,C,D4_D5_etat_trace.csv,
O3-01,Préfecture,Binah,2020,Travaux,,,,0.0,,,km,C,D4_D5_etat_trace.csv,
O3-01,Préfecture,Binah,2020,Non évalué,,,,0.0,,,km,C,D4_D5_etat_trace.csv,
O3-01,Préfecture,Blitta,2020,Bon,,,,9.8,,,km,C,D4_D5_etat_trace.csv,
O3-01,Préfecture,Blitta,2020,Moyen,,,,22.3,,,km,C,D4_D5_etat_trace.csv,
O3-01,Préfecture,Blitta,2020,Mauvais,,,,69.0,,,km,C,D4_D5_etat_trace.csv,
O3-01,Préfecture,Blitta,2020,Travaux,,,,0.0,,,km,C,D4_D5_etat_trace.csv,
O3-01,Préfecture,Blitta,2020,Non évalué,,,,23.5,,,km,C,D4_D5_etat_trace.csv,
O3-01,Préfecture,Cinkassé,2020,Bon,,,,13.5,,,km,C,D4_D5_etat_trace.csv,
O3-01,Préfecture,Cinkassé,2020,Moyen,,,,4.4,,,km,C,D4_D5_etat_trace.csv,
O3-01,Préfecture,Cinkassé,2020,Mauvais,,,,4.4,,,km,C,D4_D5_etat_trace.csv,
O3-01,Préfecture,Cinkassé,2020,Travaux,,,,13.8,,,km,C,D4_D5_etat_trace.csv,
O3-01,Préfecture,Cinkassé,2020,Non évalué,,,,4.4,,,km,C,D4_D5_etat_trace.csv,
O3-01,Préfecture,Dankpen,2020,Bon,,,,28.7,,,km,C,D4_D5_etat_trace.csv,
O3-01,Préfecture,Dankpen,2020,Moyen,,,,16.7,,,km,C,D4_D5_etat_trace.csv,
O3-01,Préfecture,Dankpen,2020,Mauvais,,,,0.0,,,km,C,D4_D5_etat_trace.csv,
O3-01,Préfecture,Dankpen,2020,Travaux,,,,13.4,,,km,C,D4_D5_etat_trace.csv,
O3-01,Préfecture,Dankpen,2020,Non évalué,,,,1.7,,,km,C,D4_D5_etat_trace.csv,
O3-01,Préfecture,Danyi,2020,Bon,,,,0.0,,,km,C,D4_D5_etat_trace.csv,
O3-01,Préfecture,Danyi,2020,Moyen,,,,0.0,,,km,C,D4_D5_etat_trace.csv,
O3-01,Préfecture,Danyi,2020,Mauvais,,,,49.8,,,km,C,D4_D5_etat_trace.csv,
O3-01,Préfecture,Danyi,2020,Travaux,,,,0.0,,,km,C,D4_D5_etat_trace.csv,
O3-01,Préfecture,Danyi,2020,Non évalué,,,,0.0,,,km,C,D4_D5_etat_trace.csv,
O3-01,Préfecture,Doufelgou,2020,Bon,,,,26.5,,,km,C,D4_D5_etat_trace.csv,
O3-01,Préfecture,Doufelgou,2020,Moyen,,,,32.8,,,km,C,D4_D5_etat_trace.csv,
O3-01,Préfecture,Doufelgou,2020,Mauvais,,,,3.4,,,km,C,D4_D5_etat_trace.csv,
O3-01,Préfecture,Doufelgou,2020,Travaux,,,,38.5,,,km,C,D4_D5_etat_trace.csv,
O3-01,Préfecture,Doufelgou,2020,Non évalué,,,,0.0,,,km,C,D4_D5_etat_trace.csv,
O3-01,Préfecture,Est-Mono,2020,Bon,,,,15.6,,,km,C,D4_D5_etat_trace.csv,
O3-01,Préfecture,Est-Mono,2020,Moyen,,,,76.1,,,km,C,D4_D5_etat_trace.csv,
O3-01,Préfecture,Est-Mono,2020,Mauvais,,,,19.0,,,km,C,D4_D5_etat_trace.csv,
O3-01,Préfecture,Est-Mono,2020,Travaux,,,,0.0,,,km,C,D4_D5_etat_trace.csv,
O3-01,Préfecture,Est-Mono,2020,Non évalué,,,,0.0,,,km,C,D4_D5_etat_trace.csv,
O3-01,Préfecture,Golfe,2020,Bon,,,,30.7,,,km,C,D4_D5_etat_trace.csv,
O3-01,Préfecture,Golfe,2020,Moyen,,,,6.9,,,km,C,D4_D5_etat_trace.csv,
O3-01,Préfecture,Golfe,2020,Mauvais,,,,0.3,,,km,C,D4_D5_etat_trace.csv,
O3-01,Préfecture,Golfe,2020,Travaux,,,,32.0,,,km,C,D4_D5_etat_trace.csv,
O3-01,Préfecture,Golfe,2020,Non évalué,,,,9.6,,,km,C,D4_D5_etat_trace.csv,
O3-01,Préfecture,Haho,2020,Bon,,,,89.4,,,km,C,D4_D5_etat_trace.csv,
O3-01,Préfecture,Haho,2020,Moyen,,,,21.2,,,km,C,D4_D5_etat_trace.csv,
O3-01,Préfecture,Haho,2020,Mauvais,,,,14.3,,,km,C,D4_D5_etat_trace.csv,
O3-01,Préfecture,Haho,2020,Travaux,,,,0.0,,,km,C,D4_D5_etat_trace.csv,
O3-01,Préfecture,Haho,2020,Non évalué,,,,0.0,,,km,C,D4_D5_etat_trace.csv,
O3-01,Préfecture,Kloto,2020,Bon,,,,16.3,,,km,C,D4_D5_etat_trace.csv,
O3-01,Préfecture,Kloto,2020,Moyen,,,,2.5,,,km,C,D4_D5_etat_trace.csv,
O3-01,Préfecture,Kloto,2020,Mauvais,,,,49.1,,,km,C,D4_D5_etat_trace.csv,
O3-01,Préfecture,Kloto,2020,Travaux,,,,7.7,,,km,C,D4_D5_etat_trace.csv,
O3-01,Préfecture,Kloto,2020,Non évalué,,,,3.6,,,km,C,D4_D5_etat_trace.csv,
O3-01,Préfecture,Kozah,2020,Bon,,,,36.3,,,km,C,D4_D5_etat_trace.csv,
O3-01,Préfecture,Kozah,2020,Moyen,,,,55.5,,,km,C,D4_D5_etat_trace.csv,
O3-01,Préfecture,Kozah,2020,Mauvais,,,,37.6,,,km,C,D4_D5_etat_trace.csv,
O3-01,Préfecture,Kozah,2020,Travaux,,,,32.0,,,km,C,D4_D5_etat_trace.csv,
O3-01,Préfecture,Kozah,2020,Non évalué,,,,0.0,,,km,C,D4_D5_etat_trace.csv,
O3-01,Préfecture,Kpendjal,2020,Bon,,,,29.3,,,km,C,D4_D5_etat_trace.csv,
O3-01,Préfecture,Kpendjal,2020,Moyen,,,,2.1,,,km,C,D4_D5_etat_trace.csv,
O3-01,Préfecture,Kpendjal,2020,Mauvais,,,,3.0,,,km,C,D4_D5_etat_trace.csv,
O3-01,Préfecture,Kpendjal,2020,Travaux,,,,23.5,,,km,C,D4_D5_etat_trace.csv,
O3-01,Préfecture,Kpendjal,2020,Non évalué,,,,0.0,,,km,C,D4_D5_etat_trace.csv,
O3-01,Préfecture,Kpendjal-Ouest,2020,Bon,,,,17.4,,,km,C,D4_D5_etat_trace.csv,
O3-01,Préfecture,Kpendjal-Ouest,2020,Moyen,,,,16.0,,,km,C,D4_D5_etat_trace.csv,
O3-01,Préfecture,Kpendjal-Ouest,2020,Mauvais,,,,2.7,,,km,C,D4_D5_etat_trace.csv,
O3-01,Préfecture,Kpendjal-Ouest,2020,Travaux,,,,9.9,,,km,C,D4_D5_etat_trace.csv,
O3-01,Préfecture,Kpendjal-Ouest,2020,Non évalué,,,,0.0,,,km,C,D4_D5_etat_trace.csv,
O3-01,Préfecture,Kpélé,2020,Bon,,,,22.8,,,km,C,D4_D5_etat_trace.csv,
O3-01,Préfecture,Kpélé,2020,Moyen,,,,2.1,,,km,C,D4_D5_etat_trace.csv,
O3-01,Préfecture,Kpélé,2020,Mauvais,,,,5.9,,,km,C,D4_D5_etat_trace.csv,
O3-01,Préfecture,Kpélé,2020,Travaux,,,,10.7,,,km,C,D4_D5_etat_trace.csv,
O3-01,Préfecture,Kpélé,2020,Non évalué,,,,0.0,,,km,C,D4_D5_etat_trace.csv,
O3-01,Préfecture,Kéran,2020,Bon,,,,7.7,,,km,C,D4_D5_etat_trace.csv,
O3-01,Préfecture,Kéran,2020,Moyen,,,,27.5,,,km,C,D4_D5_etat_trace.csv,
O3-01,Préfecture,Kéran,2020,Mauvais,,,,0.2,,,km,C,D4_D5_etat_trace.csv,
O3-01,Préfecture,Kéran,2020,Travaux,,,,52.6,,,km,C,D4_D5_etat_trace.csv,
O3-01,Préfecture,Kéran,2020,Non évalué,,,,0.0,,,km,C,D4_D5_etat_trace.csv,
O3-01,Préfecture,Lacs,2020,Bon,,,,34.3,,,km,C,D4_D5_etat_trace.csv,
O3-01,Préfecture,Lacs,2020,Moyen,,,,14.8,,,km,C,D4_D5_etat_trace.csv,
O3-01,Préfecture,Lacs,2020,Mauvais,,,,7.7,,,km,C,D4_D5_etat_trace.csv,
O3-01,Préfecture,Lacs,2020,Travaux,,,,25.7,,,km,C,D4_D5_etat_trace.csv,
O3-01,Préfecture,Lacs,2020,Non évalué,,,,0.8,,,km,C,D4_D5_etat_trace.csv,
O3-01,Préfecture,Moyen-Mono,2020,Bon,,,,12.3,,,km,C,D4_D5_etat_trace.csv,
O3-01,Préfecture,Moyen-Mono,2020,Moyen,,,,0.2,,,km,C,D4_D5_etat_trace.csv,
O3-01,Préfecture,Moyen-Mono,2020,Mauvais,,,,0.0,,,km,C,D4_D5_etat_trace.csv,
O3-01,Préfecture,Moyen-Mono,2020,Travaux,,,,45.4,,,km,C,D4_D5_etat_trace.csv,
O3-01,Préfecture,Moyen-Mono,2020,Non évalué,,,,0.0,,,km,C,D4_D5_etat_trace.csv,
O3-01,Préfecture,Mô,2020,Bon,,,,0.0,,,km,C,D4_D5_etat_trace.csv,aucune route nationale
O3-01,Préfecture,Mô,2020,Moyen,,,,0.0,,,km,C,D4_D5_etat_trace.csv,aucune route nationale
O3-01,Préfecture,Mô,2020,Mauvais,,,,0.0,,,km,C,D4_D5_etat_trace.csv,aucune route nationale
O3-01,Préfecture,Mô,2020,Travaux,,,,0.0,,,km,C,D4_D5_etat_trace.csv,aucune route nationale
O3-01,Préfecture,Mô,2020,Non évalué,,,,0.0,,,km,C,D4_D5_etat_trace.csv,aucune route nationale
O3-01,Préfecture,Ogou,2020,Bon,,,,20.9,,,km,C,D4_D5_etat_trace.csv,
O3-01,Préfecture,Ogou,2020,Moyen,,,,19.7,,,km,C,D4_D5_etat_trace.csv,
O3-01,Préfecture,Ogou,2020,Mauvais,,,,30.9,,,km,C,D4_D5_etat_trace.csv,
O3-01,Préfecture,Ogou,2020,Travaux,,,,42.0,,,km,C,D4_D5_etat_trace.csv,
O3-01,Préfecture,Ogou,2020,Non évalué,,,,11.0,,,km,C,D4_D5_etat_trace.csv,
O3-01,Préfecture,Oti,2020,Bon,,,,41.9,,,km,C,D4_D5_etat_trace.csv,
O3-01,Préfecture,Oti,2020,Moyen,,,,33.5,,,km,C,D4_D5_etat_trace.csv,
O3-01,Préfecture,Oti,2020,Mauvais,,,,29.7,,,km,C,D4_D5_etat_trace.csv,
O3-01,Préfecture,Oti,2020,Travaux,,,,35.5,,,km,C,D4_D5_etat_trace.csv,
O3-01,Préfecture,Oti,2020,Non évalué,,,,0.0,,,km,C,D4_D5_etat_trace.csv,
O3-01,Préfecture,Oti-Sud,2020,Bon,,,,27.7,,,km,C,D4_D5_etat_trace.csv,
O3-01,Préfecture,Oti-Sud,2020,Moyen,,,,23.9,,,km,C,D4_D5_etat_trace.csv,
O3-01,Préfecture,Oti-Sud,2020,Mauvais,,,,19.0,,,km,C,D4_D5_etat_trace.csv,
O3-01,Préfecture,Oti-Sud,2020,Travaux,,,,61.1,,,km,C,D4_D5_etat_trace.csv,
O3-01,Préfecture,Oti-Sud,2020,Non évalué,,,,0.4,,,km,C,D4_D5_etat_trace.csv,
O3-01,Préfecture,Sotouboua,2020,Bon,,,,13.5,,,km,C,D4_D5_etat_trace.csv,
O3-01,Préfecture,Sotouboua,2020,Moyen,,,,18.9,,,km,C,D4_D5_etat_trace.csv,
O3-01,Préfecture,Sotouboua,2020,Mauvais,,,,20.1,,,km,C,D4_D5_etat_trace.csv,
O3-01,Préfecture,Sotouboua,2020,Travaux,,,,37.6,,,km,C,D4_D5_etat_trace.csv,
O3-01,Préfecture,Sotouboua,2020,Non évalué,,,,1.1,,,km,C,D4_D5_etat_trace.csv,
O3-01,Préfecture,Tandjoaré,2020,Bon,,,,6.9,,,km,C,D4_D5_etat_trace.csv,
O3-01,Préfecture,Tandjoaré,2020,Moyen,,,,3.1,,,km,C,D4_D5_etat_trace.csv,
O3-01,Préfecture,Tandjoaré,2020,Mauvais,,,,0.3,,,km,C,D4_D5_etat_trace.csv,
O3-01,Préfecture,Tandjoaré,2020,Travaux,,,,14.6,,,km,C,D4_D5_etat_trace.csv,
O3-01,Préfecture,Tandjoaré,2020,Non évalué,,,,0.0,,,km,C,D4_D5_etat_trace.csv,
O3-01,Préfecture,Tchamba,2020,Bon,,,,0.1,,,km,C,D4_D5_etat_trace.csv,
O3-01,Préfecture,Tchamba,2020,Moyen,,,,18.9,,,km,C,D4_D5_etat_trace.csv,
O3-01,Préfecture,Tchamba,2020,Mauvais,,,,41.0,,,km,C,D4_D5_etat_trace.csv,
O3-01,Préfecture,Tchamba,2020,Travaux,,,,60.4,,,km,C,D4_D5_etat_trace.csv,
O3-01,Préfecture,Tchamba,2020,Non évalué,,,,0.0,,,km,C,D4_D5_etat_trace.csv,
O3-01,Préfecture,Tchaoudjo,2020,Bon,,,,18.0,,,km,C,D4_D5_etat_trace.csv,
O3-01,Préfecture,Tchaoudjo,2020,Moyen,,,,33.5,,,km,C,D4_D5_etat_trace.csv,
O3-01,Préfecture,Tchaoudjo,2020,Mauvais,,,,46.3,,,km,C,D4_D5_etat_trace.csv,
O3-01,Préfecture,Tchaoudjo,2020,Travaux,,,,27.9,,,km,C,D4_D5_etat_trace.csv,
O3-01,Préfecture,Tchaoudjo,2020,Non évalué,,,,0.0,,,km,C,D4_D5_etat_trace.csv,
O3-01,Préfecture,Tône,2020,Bon,,,,30.3,,,km,C,D4_D5_etat_trace.csv,
O3-01,Préfecture,Tône,2020,Moyen,,,,20.2,,,km,C,D4_D5_etat_trace.csv,
O3-01,Préfecture,Tône,2020,Mauvais,,,,7.7,,,km,C,D4_D5_etat_trace.csv,
O3-01,Préfecture,Tône,2020,Travaux,,,,25.8,,,km,C,D4_D5_etat_trace.csv,
O3-01,Préfecture,Tône,2020,Non évalué,,,,0.0,,,km,C,D4_D5_etat_trace.csv,
O3-01,Préfecture,Vo,2020,Bon,,,,49.8,,,km,C,D4_D5_etat_trace.csv,
O3-01,Préfecture,Vo,2020,Moyen,,,,10.4,,,km,C,D4_D5_etat_trace.csv,
O3-01,Préfecture,Vo,2020,Mauvais,,,,2.9,,,km,C,D4_D5_etat_trace.csv,
O3-01,Préfecture,Vo,2020,Travaux,,,,0.0,,,km,C,D4_D5_etat_trace.csv,
O3-01,Préfecture,Vo,2020,Non évalué,,,,0.0,,,km,C,D4_D5_etat_trace.csv,
O3-01,Préfecture,Wawa,2020,Bon,,,,78.1,,,km,C,D4_D5_etat_trace.csv,
O3-01,Préfecture,Wawa,2020,Moyen,,,,13.5,,,km,C,D4_D5_etat_trace.csv,
O3-01,Préfecture,Wawa,2020,Mauvais,,,,38.3,,,km,C,D4_D5_etat_trace.csv,
O3-01,Préfecture,Wawa,2020,Travaux,,,,0.0,,,km,C,D4_D5_etat_trace.csv,
O3-01,Préfecture,Wawa,2020,Non évalué,,,,2.1,,,km,C,D4_D5_etat_trace.csv,
O3-01,Préfecture,Yoto,2020,Bon,,,,30.8,,,km,C,D4_D5_etat_trace.csv,
O3-01,Préfecture,Yoto,2020,Moyen,,,,23.0,,,km,C,D4_D5_etat_trace.csv,
O3-01,Préfecture,Yoto,2020,Mauvais,,,,4.7,,,km,C,D4_D5_etat_trace.csv,
O3-01,Préfecture,Yoto,2020,Travaux,,,,0.0,,,km,C,D4_D5_etat_trace.csv,
O3-01,Préfecture,Yoto,2020,Non évalué,,,,0.0,,,km,C,D4_D5_etat_trace.csv,
O3-01,Préfecture,Zio,2020,Bon,,,,46.0,,,km,C,D4_D5_etat_trace.csv,
O3-01,Préfecture,Zio,2020,Moyen,,,,33.9,,,km,C,D4_D5_etat_trace.csv,
O3-01,Préfecture,Zio,2020,Mauvais,,,,16.6,,,km,C,D4_D5_etat_trace.csv,
O3-01,Préfecture,Zio,2020,Travaux,,,,0.0,,,km,C,D4_D5_etat_trace.csv,
O3-01,Préfecture,Zio,2020,Non évalué,,,,0.0,,,km,C,D4_D5_etat_trace.csv,
O3-02,Préfecture,Agou,2020,,,49.59,124.063,40.0,,,% des km évalués,C,D4_D5_etat_trace.csv,
O3-02,Préfecture,Agoè-Nyivé,2020,,,7.226,27.795,26.0,,,% des km évalués,C,D4_D5_etat_trace.csv,
O3-02,Préfecture,Akébou,2020,,,0.547,6.97,7.8,,,% des km évalués,C,D4_D5_etat_trace.csv,
O3-02,Préfecture,Amou,2020,,,4.03,90.506,4.5,,,% des km évalués,C,D4_D5_etat_trace.csv,
O3-02,Préfecture,Anié,2020,,,9.263,40.252,23.0,,,% des km évalués,C,D4_D5_etat_trace.csv,
O3-02,Préfecture,Assoli,2020,,,15.791,72.547,21.8,,,% des km évalués,C,D4_D5_etat_trace.csv,
O3-02,Préfecture,Avé,2020,,,3.041,110.766,2.7,,,% des km évalués,C,D4_D5_etat_trace.csv,
O3-02,Préfecture,Bas-Mono,2020,,,7.572,35.819,21.1,,,% des km évalués,C,D4_D5_etat_trace.csv,
O3-02,Préfecture,Bassar,2020,,,46.906,167.472,28.0,,,% des km évalués,C,D4_D5_etat_trace.csv,
O3-02,Préfecture,Binah,2020,,,1.509,45.162,3.3,,,% des km évalués,C,D4_D5_etat_trace.csv,
O3-02,Préfecture,Blitta,2020,,,68.986,101.087,68.2,,,% des km évalués,C,D4_D5_etat_trace.csv,
O3-02,Préfecture,Cinkassé,2020,,,4.362,35.98,12.1,,,% des km évalués,C,D4_D5_etat_trace.csv,
O3-02,Préfecture,Dankpen,2020,,,0.0,58.83,0.0,,,% des km évalués,C,D4_D5_etat_trace.csv,
O3-02,Préfecture,Danyi,2020,,,49.813,49.813,100.0,,,% des km évalués,C,D4_D5_etat_trace.csv,
O3-02,Préfecture,Doufelgou,2020,,,3.445,101.23,3.4,,,% des km évalués,C,D4_D5_etat_trace.csv,
O3-02,Préfecture,Est-Mono,2020,,,18.991,110.73,17.2,,,% des km évalués,C,D4_D5_etat_trace.csv,
O3-02,Préfecture,Golfe,2020,,,0.345,69.984,0.5,,,% des km évalués,C,D4_D5_etat_trace.csv,
O3-02,Préfecture,Haho,2020,,,14.312,124.938,11.5,,,% des km évalués,C,D4_D5_etat_trace.csv,
O3-02,Préfecture,Kloto,2020,,,49.09,75.554,65.0,,,% des km évalués,C,D4_D5_etat_trace.csv,
O3-02,Préfecture,Kozah,2020,,,37.565,161.38,23.3,,,% des km évalués,C,D4_D5_etat_trace.csv,
O3-02,Préfecture,Kpendjal,2020,,,3.02,57.941,5.2,,,% des km évalués,C,D4_D5_etat_trace.csv,
O3-02,Préfecture,Kpendjal-Ouest,2020,,,2.749,46.081,6.0,,,% des km évalués,C,D4_D5_etat_trace.csv,
O3-02,Préfecture,Kpélé,2020,,,5.917,41.488,14.3,,,% des km évalués,C,D4_D5_etat_trace.csv,
O3-02,Préfecture,Kéran,2020,,,0.157,87.854,0.2,,,% des km évalués,C,D4_D5_etat_trace.csv,
O3-02,Préfecture,Lacs,2020,,,7.737,82.492,9.4,,,% des km évalués,C,D4_D5_etat_trace.csv,
O3-02,Préfecture,Moyen-Mono,2020,,,0.0,57.896,0.0,,,% des km évalués,C,D4_D5_etat_trace.csv,
O3-02,Préfecture,Mô,2020,,,0.0,0.0,,,,% des km évalués,C,D4_D5_etat_trace.csv,non défini : aucun km évalué (R-10)
O3-02,Préfecture,Ogou,2020,,,30.894,113.473,27.2,,,% des km évalués,C,D4_D5_etat_trace.csv,
O3-02,Préfecture,Oti,2020,,,29.736,140.625,21.1,,,% des km évalués,C,D4_D5_etat_trace.csv,
O3-02,Préfecture,Oti-Sud,2020,,,18.959,131.685,14.4,,,% des km évalués,C,D4_D5_etat_trace.csv,
O3-02,Préfecture,Sotouboua,2020,,,20.051,90.089,22.3,,,% des km évalués,C,D4_D5_etat_trace.csv,
O3-02,Préfecture,Tandjoaré,2020,,,0.27,24.816,1.1,,,% des km évalués,C,D4_D5_etat_trace.csv,
O3-02,Préfecture,Tchamba,2020,,,40.96,120.323,34.0,,,% des km évalués,C,D4_D5_etat_trace.csv,
O3-02,Préfecture,Tchaoudjo,2020,,,46.322,125.652,36.9,,,% des km évalués,C,D4_D5_etat_trace.csv,
O3-02,Préfecture,Tône,2020,,,7.693,84.049,9.2,,,% des km évalués,C,D4_D5_etat_trace.csv,
O3-02,Préfecture,Vo,2020,,,2.884,63.132,4.6,,,% des km évalués,C,D4_D5_etat_trace.csv,
O3-02,Préfecture,Wawa,2020,,,38.293,129.905,29.5,,,% des km évalués,C,D4_D5_etat_trace.csv,
O3-02,Préfecture,Yoto,2020,,,4.736,58.536,8.1,,,% des km évalués,C,D4_D5_etat_trace.csv,
O3-02,Préfecture,Zio,2020,,,16.578,96.551,17.2,,,% des km évalués,C,D4_D5_etat_trace.csv,
O3-03,Préfecture,Agou,2020,,,13.44,124.063,10.8,,,% des km évalués,C,D4_D5_etat_trace.csv,
O3-03,Préfecture,Agoè-Nyivé,2020,,,2.888,27.795,10.4,,,% des km évalués,C,D4_D5_etat_trace.csv,
O3-03,Préfecture,Akébou,2020,,,0.0,6.97,0.0,,,% des km évalués,C,D4_D5_etat_trace.csv,
O3-03,Préfecture,Amou,2020,,,14.714,90.506,16.3,,,% des km évalués,C,D4_D5_etat_trace.csv,
O3-03,Préfecture,Anié,2020,,,0.669,40.252,1.7,,,% des km évalués,C,D4_D5_etat_trace.csv,
O3-03,Préfecture,Assoli,2020,,,6.432,72.547,8.9,,,% des km évalués,C,D4_D5_etat_trace.csv,
O3-03,Préfecture,Avé,2020,,,77.955,110.766,70.4,,,% des km évalués,C,D4_D5_etat_trace.csv,
O3-03,Préfecture,Bas-Mono,2020,,,18.907,35.819,52.8,,,% des km évalués,C,D4_D5_etat_trace.csv,
O3-03,Préfecture,Bassar,2020,,,16.288,167.472,9.7,,,% des km évalués,C,D4_D5_etat_trace.csv,
O3-03,Préfecture,Binah,2020,,,0.0,45.162,0.0,,,% des km évalués,C,D4_D5_etat_trace.csv,
O3-03,Préfecture,Blitta,2020,,,0.0,101.087,0.0,,,% des km évalués,C,D4_D5_etat_trace.csv,
O3-03,Préfecture,Cinkassé,2020,,,13.798,35.98,38.3,,,% des km évalués,C,D4_D5_etat_trace.csv,
O3-03,Préfecture,Dankpen,2020,,,13.446,58.83,22.9,,,% des km évalués,C,D4_D5_etat_trace.csv,
O3-03,Préfecture,Danyi,2020,,,0.0,49.813,0.0,,,% des km évalués,C,D4_D5_etat_trace.csv,
O3-03,Préfecture,Doufelgou,2020,,,38.518,101.23,38.0,,,% des km évalués,C,D4_D5_etat_trace.csv,
O3-03,Préfecture,Est-Mono,2020,,,0.0,110.73,0.0,,,% des km évalués,C,D4_D5_etat_trace.csv,
O3-03,Préfecture,Golfe,2020,,,31.998,69.984,45.7,,,% des km évalués,C,D4_D5_etat_trace.csv,
O3-03,Préfecture,Haho,2020,,,0.0,124.938,0.0,,,% des km évalués,C,D4_D5_etat_trace.csv,
O3-03,Préfecture,Kloto,2020,,,7.657,75.554,10.1,,,% des km évalués,C,D4_D5_etat_trace.csv,
O3-03,Préfecture,Kozah,2020,,,32.048,161.38,19.9,,,% des km évalués,C,D4_D5_etat_trace.csv,
O3-03,Préfecture,Kpendjal,2020,,,23.475,57.941,40.5,,,% des km évalués,C,D4_D5_etat_trace.csv,
O3-03,Préfecture,Kpendjal-Ouest,2020,,,9.906,46.081,21.5,,,% des km évalués,C,D4_D5_etat_trace.csv,
O3-03,Préfecture,Kpélé,2020,,,10.696,41.488,25.8,,,% des km évalués,C,D4_D5_etat_trace.csv,
O3-03,Préfecture,Kéran,2020,,,52.568,87.854,59.8,,,% des km évalués,C,D4_D5_etat_trace.csv,
O3-03,Préfecture,Lacs,2020,,,25.739,82.492,31.2,,,% des km évalués,C,D4_D5_etat_trace.csv,
O3-03,Préfecture,Moyen-Mono,2020,,,45.429,57.896,78.5,,,% des km évalués,C,D4_D5_etat_trace.csv,
O3-03,Préfecture,Mô,2020,,,0.0,0.0,,,,% des km évalués,C,D4_D5_etat_trace.csv,non défini : aucun km évalué (R-10)
O3-03,Préfecture,Ogou,2020,,,42.028,113.473,37.0,,,% des km évalués,C,D4_D5_etat_trace.csv,
O3-03,Préfecture,Oti,2020,,,35.467,140.625,25.2,,,% des km évalués,C,D4_D5_etat_trace.csv,
O3-03,Préfecture,Oti-Sud,2020,,,61.1,131.685,46.4,,,% des km évalués,C,D4_D5_etat_trace.csv,
O3-03,Préfecture,Sotouboua,2020,,,37.641,90.089,41.8,,,% des km évalués,C,D4_D5_etat_trace.csv,
O3-03,Préfecture,Tandjoaré,2020,,,14.622,24.816,58.9,,,% des km évalués,C,D4_D5_etat_trace.csv,
O3-03,Préfecture,Tchamba,2020,,,60.429,120.323,50.2,,,% des km évalués,C,D4_D5_etat_trace.csv,
O3-03,Préfecture,Tchaoudjo,2020,,,27.866,125.652,22.2,,,% des km évalués,C,D4_D5_etat_trace.csv,
O3-03,Préfecture,Tône,2020,,,25.845,84.049,30.7,,,% des km évalués,C,D4_D5_etat_trace.csv,
O3-03,Préfecture,Vo,2020,,,0.0,63.132,0.0,,,% des km évalués,C,D4_D5_etat_trace.csv,
O3-03,Préfecture,Wawa,2020,,,0.0,129.905,0.0,,,% des km évalués,C,D4_D5_etat_trace.csv,
O3-03,Préfecture,Yoto,2020,,,0.0,58.536,0.0,,,% des km évalués,C,D4_D5_etat_trace.csv,
O3-03,Préfecture,Zio,2020,,,0.0,96.551,0.0,,,% des km évalués,C,D4_D5_etat_trace.csv,
O3-04,Zone,Grand Lomé,2020,route nationale revêtue ; Bon,,,,37.1,,,km,C,D4_D5_etat_trace.csv,
O3-04,Zone,Grand Lomé,2020,route nationale revêtue ; Moyen,,,,18.2,,,km,C,D4_D5_etat_trace.csv,
O3-04,Zone,Grand Lomé,2020,route nationale revêtue ; Mauvais,,,,7.6,,,km,C,D4_D5_etat_trace.csv,
O3-04,Zone,Grand Lomé,2020,route nationale revêtue ; Travaux,,,,34.9,,,km,C,D4_D5_etat_trace.csv,
O3-04,Zone,Grand Lomé,2020,route nationale revêtue ; Non évalué,,,,16.7,,,km,C,D4_D5_etat_trace.csv,
O3-04,Zone,Grand Lomé,2020,route nationale non revêtue ; Bon,,,,0.0,,,km,C,D4_D5_etat_trace.csv,
O3-04,Zone,Grand Lomé,2020,route nationale non revêtue ; Moyen,,,,0.0,,,km,C,D4_D5_etat_trace.csv,
O3-04,Zone,Grand Lomé,2020,route nationale non revêtue ; Mauvais,,,,0.0,,,km,C,D4_D5_etat_trace.csv,
O3-04,Zone,Grand Lomé,2020,route nationale non revêtue ; Travaux,,,,0.0,,,km,C,D4_D5_etat_trace.csv,
O3-04,Zone,Grand Lomé,2020,route nationale non revêtue ; Non évalué,,,,0.0,,,km,C,D4_D5_etat_trace.csv,
O3-04,Zone,Maritime hors Grand Lomé,2020,route nationale revêtue ; Bon,,,,159.0,,,km,C,D4_D5_etat_trace.csv,
O3-04,Zone,Maritime hors Grand Lomé,2020,route nationale revêtue ; Moyen,,,,38.1,,,km,C,D4_D5_etat_trace.csv,
O3-04,Zone,Maritime hors Grand Lomé,2020,route nationale revêtue ; Mauvais,,,,30.6,,,km,C,D4_D5_etat_trace.csv,
O3-04,Zone,Maritime hors Grand Lomé,2020,route nationale revêtue ; Travaux,,,,69.8,,,km,C,D4_D5_etat_trace.csv,
O3-04,Zone,Maritime hors Grand Lomé,2020,route nationale revêtue ; Non évalué,,,,0.0,,,km,C,D4_D5_etat_trace.csv,
O3-04,Zone,Maritime hors Grand Lomé,2020,route nationale non revêtue ; Bon,,,,12.8,,,km,C,D4_D5_etat_trace.csv,
O3-04,Zone,Maritime hors Grand Lomé,2020,route nationale non revêtue ; Moyen,,,,72.2,,,km,C,D4_D5_etat_trace.csv,
O3-04,Zone,Maritime hors Grand Lomé,2020,route nationale non revêtue ; Mauvais,,,,12.0,,,km,C,D4_D5_etat_trace.csv,
O3-04,Zone,Maritime hors Grand Lomé,2020,route nationale non revêtue ; Travaux,,,,52.8,,,km,C,D4_D5_etat_trace.csv,
O3-04,Zone,Maritime hors Grand Lomé,2020,route nationale non revêtue ; Non évalué,,,,0.8,,,km,C,D4_D5_etat_trace.csv,
O3-04,Zone,Plateaux,2020,route nationale revêtue ; Bon,,,,304.3,,,km,C,D4_D5_etat_trace.csv,
O3-04,Zone,Plateaux,2020,route nationale revêtue ; Moyen,,,,68.8,,,km,C,D4_D5_etat_trace.csv,
O3-04,Zone,Plateaux,2020,route nationale revêtue ; Mauvais,,,,244.6,,,km,C,D4_D5_etat_trace.csv,
O3-04,Zone,Plateaux,2020,route nationale revêtue ; Travaux,,,,47.7,,,km,C,D4_D5_etat_trace.csv,
O3-04,Zone,Plateaux,2020,route nationale revêtue ; Non évalué,,,,5.8,,,km,C,D4_D5_etat_trace.csv,
O3-04,Zone,Plateaux,2020,route nationale non revêtue ; Bon,,,,51.9,,,km,C,D4_D5_etat_trace.csv,
O3-04,Zone,Plateaux,2020,route nationale non revêtue ; Moyen,,,,135.3,,,km,C,D4_D5_etat_trace.csv,
O3-04,Zone,Plateaux,2020,route nationale non revêtue ; Mauvais,,,,26.1,,,km,C,D4_D5_etat_trace.csv,
O3-04,Zone,Plateaux,2020,route nationale non revêtue ; Travaux,,,,86.9,,,km,C,D4_D5_etat_trace.csv,
O3-04,Zone,Plateaux,2020,route nationale non revêtue ; Non évalué,,,,13.1,,,km,C,D4_D5_etat_trace.csv,
O3-04,Zone,Centrale,2020,route nationale revêtue ; Bon,,,,41.4,,,km,C,D4_D5_etat_trace.csv,
O3-04,Zone,Centrale,2020,route nationale revêtue ; Moyen,,,,93.3,,,km,C,D4_D5_etat_trace.csv,
O3-04,Zone,Centrale,2020,route nationale revêtue ; Mauvais,,,,176.3,,,km,C,D4_D5_etat_trace.csv,
O3-04,Zone,Centrale,2020,route nationale revêtue ; Travaux,,,,27.9,,,km,C,D4_D5_etat_trace.csv,
O3-04,Zone,Centrale,2020,route nationale revêtue ; Non évalué,,,,24.6,,,km,C,D4_D5_etat_trace.csv,
O3-04,Zone,Centrale,2020,route nationale non revêtue ; Bon,,,,0.0,,,km,C,D4_D5_etat_trace.csv,
O3-04,Zone,Centrale,2020,route nationale non revêtue ; Moyen,,,,0.2,,,km,C,D4_D5_etat_trace.csv,
O3-04,Zone,Centrale,2020,route nationale non revêtue ; Mauvais,,,,0.1,,,km,C,D4_D5_etat_trace.csv,
O3-04,Zone,Centrale,2020,route nationale non revêtue ; Travaux,,,,98.1,,,km,C,D4_D5_etat_trace.csv,
O3-04,Zone,Centrale,2020,route nationale non revêtue ; Non évalué,,,,0.0,,,km,C,D4_D5_etat_trace.csv,
O3-04,Zone,Kara,2020,route nationale revêtue ; Bon,,,,107.4,,,km,C,D4_D5_etat_trace.csv,
O3-04,Zone,Kara,2020,route nationale revêtue ; Moyen,,,,165.6,,,km,C,D4_D5_etat_trace.csv,
O3-04,Zone,Kara,2020,route nationale revêtue ; Mauvais,,,,100.7,,,km,C,D4_D5_etat_trace.csv,
O3-04,Zone,Kara,2020,route nationale revêtue ; Travaux,,,,130.8,,,km,C,D4_D5_etat_trace.csv,
O3-04,Zone,Kara,2020,route nationale revêtue ; Non évalué,,,,30.9,,,km,C,D4_D5_etat_trace.csv,
O3-04,Zone,Kara,2020,route nationale non revêtue ; Bon,,,,116.0,,,km,C,D4_D5_etat_trace.csv,
O3-04,Zone,Kara,2020,route nationale non revêtue ; Moyen,,,,40.7,,,km,C,D4_D5_etat_trace.csv,
O3-04,Zone,Kara,2020,route nationale non revêtue ; Mauvais,,,,4.7,,,km,C,D4_D5_etat_trace.csv,
O3-04,Zone,Kara,2020,route nationale non revêtue ; Travaux,,,,28.5,,,km,C,D4_D5_etat_trace.csv,
O3-04,Zone,Kara,2020,route nationale non revêtue ; Non évalué,,,,2.1,,,km,C,D4_D5_etat_trace.csv,
O3-04,Zone,Savanes,2020,route nationale revêtue ; Bon,,,,104.8,,,km,C,D4_D5_etat_trace.csv,
O3-04,Zone,Savanes,2020,route nationale revêtue ; Moyen,,,,47.8,,,km,C,D4_D5_etat_trace.csv,
O3-04,Zone,Savanes,2020,route nationale revêtue ; Mauvais,,,,3.0,,,km,C,D4_D5_etat_trace.csv,
O3-04,Zone,Savanes,2020,route nationale revêtue ; Travaux,,,,138.7,,,km,C,D4_D5_etat_trace.csv,
O3-04,Zone,Savanes,2020,route nationale revêtue ; Non évalué,,,,4.8,,,km,C,D4_D5_etat_trace.csv,
O3-04,Zone,Savanes,2020,route nationale non revêtue ; Bon,,,,62.1,,,km,C,D4_D5_etat_trace.csv,
O3-04,Zone,Savanes,2020,route nationale non revêtue ; Moyen,,,,55.4,,,km,C,D4_D5_etat_trace.csv,
O3-04,Zone,Savanes,2020,route nationale non revêtue ; Mauvais,,,,63.8,,,km,C,D4_D5_etat_trace.csv,
O3-04,Zone,Savanes,2020,route nationale non revêtue ; Travaux,,,,45.5,,,km,C,D4_D5_etat_trace.csv,
O3-04,Zone,Savanes,2020,route nationale non revêtue ; Non évalué,,,,0.0,,,km,C,D4_D5_etat_trace.csv,
O3-05,Tronçon,TGRKRRRN19 KARA-KABOU-FRE GHANA,2020,route nationale revêtue,km en mauvais état,,,76.25,,,km,C,D4_etat_troncons.csv,"rang 1 sur 49 ; 84,01 km relevés ; zones traversées : Kara"
O3-05,Tronçon,TGRCRRRN1 BABAME-SOKODE-ALEHERIDE,2020,route nationale revêtue,km en mauvais état,,,59.1,,,km,C,D4_etat_troncons.csv,"rang 2 sur 49 ; 154,59 km relevés ; zones traversées : Centrale"
O3-05,Tronçon,TGRCRRRN14 SOKODE-TCHAMBA-KABOLI-FRE BENIN,2020,route nationale revêtue,km en mauvais état,,,59.1,,,km,C,D4_etat_troncons.csv,"rang 3 sur 49 ; 86,43 km relevés ; zones traversées : Centrale"
O3-05,Tronçon,TGRCRRRRN27 LANGABOU-YEGUE-FRE GHANA,2020,route nationale revêtue,km en mauvais état,,,56.05,,,km,C,D4_etat_troncons.csv,"rang 4 sur 49 ; 66,67 km relevés ; zones traversées : Centrale"
O3-05,Tronçon,RN1 AMAKPAPE-ATAKPAME- BABAME,2020,route nationale revêtue,km en mauvais état,,,38.12,,,km,C,D4_etat_troncons.csv,"rang 5 sur 49 ; 139,74 km relevés ; zones traversées : Plateaux ; Centrale ; Maritime hors Grand Lomé"
O3-05,Tronçon,TGRPRRRN30 ADETA(RN5)-NDIGBE-APEYEME-FRE GHANA,2020,route nationale revêtue,km en mauvais état,,,33.5,,,km,C,D4_etat_troncons.csv,"rang 6 sur 49 ; 33,50 km relevés ; zones traversées : Plateaux"
O3-05,Tronçon,RN33 AGOU GADJEPE(RN5)-AGOTIME-FRE GHANA,2020,route nationale revêtue,km en mauvais état,,,31.58,,,km,C,D4_etat_troncons.csv,"rang 7 sur 49 ; 31,68 km relevés ; zones traversées : Plateaux"
O3-05,Tronçon,TGRPRRRN15B BADOU-TOMEGBE-FRE GHANA,2020,route nationale revêtue,km en mauvais état,,,21.37,,,km,C,D4_etat_troncons.csv,"rang 8 sur 49 ; 21,37 km relevés ; zones traversées : Plateaux"
O3-05,Tronçon,TGRSRTRN22 RN1 TCHANWIEKOU-MOGOU-GANDO-FRE BENIN,2020,route nationale non revêtue,km en mauvais état,,,21.22,,,km,C,D4_etat_troncons.csv,"rang 9 sur 49 ; 43,61 km relevés ; zones traversées : Savanes"
O3-05,Tronçon,TGRPRRRN13 KPALIME(RN5)-MONT KLOTO-KAMETONOU-FRE GHANA,2020,route nationale revêtue,km en mauvais état,,,20.51,,,km,C,D4_etat_troncons.csv,"rang 10 sur 49 ; 20,91 km relevés ; zones traversées : Plateaux"
O3-05,Tronçon,RN11 KPALIME (RN5)-KPADAPE-FRE GHANA,2020,route nationale revêtue,km en mauvais état,,,18.92,,,km,C,D4_etat_troncons.csv,"rang 11 sur 49 ; 18,92 km relevés ; zones traversées : Plateaux"
O3-05,Tronçon,TGRPRRRN8 AKPARE-NANGBETO,2020,route nationale revêtue,km en mauvais état,,,18.35,,,km,C,D4_etat_troncons.csv,"rang 12 sur 49 ; 18,40 km relevés ; zones traversées : Plateaux"
O3-05,Tronçon,DAVIE-AMAKPAPE,2020,route nationale revêtue,km en mauvais état,,,18.31,,,km,C,D4_etat_troncons.csv,"rang 13 sur 49 ; 61,95 km relevés ; zones traversées : Maritime hors Grand Lomé ; Grand Lomé ; Plateaux"
O3-05,Tronçon,TGRSRTRN41 RN1 MANGO-BORGOU,2020,route nationale non revêtue,km en mauvais état,,,16.22,,,km,C,D4_etat_troncons.csv,"rang 14 sur 49 ; 45,74 km relevés ; zones traversées : Savanes"
O3-05,Tronçon,TGRPRRRN31/30 NDIGBE-YIKPA-FRE GHANA,2020,route nationale revêtue,km en mauvais état,,,14.54,,,km,C,D4_etat_troncons.csv,"rang 15 sur 49 ; 14,54 km relevés ; zones traversées : Plateaux"
O3-05,Tronçon,TGRPRRRN15A BADOU-REVIERE WAWA (FRE GHABA),2020,route nationale revêtue,km en mauvais état,,,13.68,,,km,C,D4_etat_troncons.csv,"rang 16 sur 49 ; 13,93 km relevés ; zones traversées : Plateaux"
O3-05,Tronçon,TGRPRTRN10 NYAMASSILA(RN1)-KPESSI-FRE BENIN,2020,route nationale non revêtue,km en mauvais état,,,12.8,,,km,C,D4_etat_troncons.csv,"rang 17 sur 49 ; 55,88 km relevés ; zones traversées : Plateaux ; Centrale"
O3-05,Tronçon,TGRKRRRN1 BRETELLE D ALEDJO,2020,route nationale revêtue,km en mauvais état,,,11.08,,,km,C,D4_etat_troncons.csv,"rang 18 sur 49 ; 11,53 km relevés ; zones traversées : Kara ; Centrale"
O3-05,Tronçon,TGRSRTRN25 RN1-KONG-RN1,2020,route nationale non revêtue,km en mauvais état,,,10.93,,,km,C,D4_etat_troncons.csv,"rang 19 sur 49 ; 23,33 km relevés ; zones traversées : Savanes"
O3-05,Tronçon,TGRSRTRN24 RN1 GALANGASHI-NAKI EST,2020,route nationale non revêtue,km en mauvais état,,,10.5,,,km,C,D4_etat_troncons.csv,"rang 20 sur 49 ; 27,65 km relevés ; zones traversées : Savanes"
O3-05,Tronçon,AZANHOUN FIAGBE-PRESIDENT COPE,2020,route nationale revêtue,km en mauvais état,,,9.0,,,km,C,D4_etat_troncons.csv,"rang 21 sur 49 ; 9,05 km relevés ; zones traversées : Plateaux"
O3-05,Tronçon,RN36 AMEGNRAN-AFAGNAN,2020,route nationale revêtue,km en mauvais état,,,8.57,,,km,C,D4_etat_troncons.csv,"rang 22 sur 49 ; 8,57 km relevés ; zones traversées : Maritime hors Grand Lomé"
O3-05,Tronçon,TGRPRRRN30A DZOGBEGAN-DANYI ELAVAGNON,2020,route nationale revêtue,km en mauvais état,,,7.69,,,km,C,D4_etat_troncons.csv,"rang 23 sur 49 ; 7,69 km relevés ; zones traversées : Plateaux"
O3-05,Tronçon,RN36 ANEHO-AKLAKOU,2020,route nationale revêtue,km en mauvais état,,,7.28,,,km,C,D4_etat_troncons.csv,"rang 24 sur 49 ; 15,68 km relevés ; zones traversées : Maritime hors Grand Lomé"
O3-05,Tronçon,RN11A KPADAPE-KLO MAYONDI-FRE GHANA,2020,route nationale revêtue,km en mauvais état,,,6.81,,,km,C,D4_etat_troncons.csv,"rang 25 sur 49 ; 7,41 km relevés ; zones traversées : Plateaux"
O3-05,Tronçon,TGRPRTRN15BIS HIHIATRO(RN5)-KLABE-APEGANME-KOUGNOHOU,2020,route nationale non revêtue,km en mauvais état,,,6.75,,,km,C,D4_etat_troncons.csv,"rang 26 sur 49 ; 47,97 km relevés ; zones traversées : Plateaux"
O3-05,Tronçon,TGRKRRRN1 BRETELLE DE BAFILO,2020,route nationale revêtue,km en mauvais état,,,6.27,,,km,C,D4_etat_troncons.csv,"rang 27 sur 49 ; 6,57 km relevés ; zones traversées : Kara"
O3-05,Tronçon,TGRMRTRN7 TSEVIE-KEVE,2020,route nationale non revêtue,km en mauvais état,,,5.8,,,km,C,D4_etat_troncons.csv,"rang 28 sur 49 ; 33,02 km relevés ; zones traversées : Maritime hors Grand Lomé"
O3-05,Tronçon,TGRKRRRN16 RN1 KARA-KETAO-KEMERIDA-FRE BENIN,2020,route nationale revêtue,km en mauvais état,,,4.84,,,km,C,D4_etat_troncons.csv,"rang 29 sur 49 ; 25,84 km relevés ; zones traversées : Kara"
O3-05,Tronçon,TGRPRTRN29 DEGOU(RN10)-KOLOKOPE-ANIE(RN1),2020,route nationale non revêtue,km en mauvais état,,,4.7,,,km,C,D4_etat_troncons.csv,"rang 30 sur 49 ; 47,01 km relevés ; zones traversées : Plateaux"
O3-05,Tronçon,TGRKRTRN19A AWANDJELO-ATCHANGBADE,2020,route nationale non revêtue,km en mauvais état,,,4.66,,,km,C,D4_etat_troncons.csv,"rang 31 sur 49 ; 9,76 km relevés ; zones traversées : Kara"
O3-05,Tronçon,TGRPRRRN9A ROUTE DU MONT AGOU,2020,route nationale revêtue,km en mauvais état,,,4.42,,,km,C,D4_etat_troncons.csv,"rang 32 sur 49 ; 11,67 km relevés ; zones traversées : Plateaux"
O3-05,Tronçon,RN5-HOPITAL AGOU NYOGBO,2020,route nationale revêtue,km en mauvais état,,,3.74,,,km,C,D4_etat_troncons.csv,"rang 33 sur 49 ; 3,74 km relevés ; zones traversées : Plateaux"
O3-05,Tronçon,TGRKRRRN1 BRETELLE DE DEFALE,2020,route nationale revêtue,km en mauvais état,,,3.6,,,km,C,D4_etat_troncons.csv,"rang 34 sur 49 ; 6,14 km relevés ; zones traversées : Kara"
O3-05,Tronçon,TGRMRTRN37 TABLIGBO-GBOTO-TOKPLI-FRT BENIN,2020,route nationale non revêtue,km en mauvais état,,,3.15,,,km,C,D4_etat_troncons.csv,"rang 35 sur 49 ; 18,92 km relevés ; zones traversées : Maritime hors Grand Lomé"
O3-05,Tronçon,TGRMRTRN35 AKOUMAKPE-TCHEKPO,2020,route nationale non revêtue,km en mauvais état,,,3.0,,,km,C,D4_etat_troncons.csv,"rang 36 sur 49 ; 20,19 km relevés ; zones traversées : Maritime hors Grand Lomé"
O3-05,Tronçon,DAVIE-LOME (PASSAGE SUPERIEUR),2020,route nationale revêtue,km en mauvais état,,,2.59,,,km,C,D4_etat_troncons.csv,"rang 37 sur 49 ; 10,09 km relevés ; zones traversées : Maritime hors Grand Lomé ; Grand Lomé ; Plateaux"
O3-05,Tronçon,TGRSRTRN17 KATCHAMBA-SADORI RN1,2020,route nationale non revêtue,km en mauvais état,,,2.5,,,km,C,D4_etat_troncons.csv,"rang 38 sur 49 ; 56,84 km relevés ; zones traversées : Savanes"
O3-05,Tronçon,TGRSRTRN23 RN1 MANGO-KOKOUMBO-FRE GHANA,2020,route nationale non revêtue,km en mauvais état,,,2.42,,,km,C,D4_etat_troncons.csv,"rang 39 sur 49 ; 10,32 km relevés ; zones traversées : Savanes"
O3-05,Tronçon,TGRSRRRN1 NABLOUGOU-DAPAONG-CINKASSE FRE BURKINA,2020,route nationale revêtue,km en mauvais état,,,1.75,,,km,C,D4_etat_troncons.csv,"rang 40 sur 49 ; 160,83 km relevés ; zones traversées : Savanes ; Kara"
O3-05,Tronçon,ROUTE CHATEAU VIAL,2020,route nationale revêtue,km en mauvais état,,,1.65,,,km,C,D4_etat_troncons.csv,"rang 41 sur 49 ; 1,65 km relevés ; zones traversées : Plateaux"
O3-05,Tronçon,TGRSRRRN28 DAPAONG-PONIO-FRE BURKINA,2020,route nationale revêtue,km en mauvais état,,,1.25,,,km,C,D4_etat_troncons.csv,"rang 42 sur 49 ; 37,32 km relevés ; zones traversées : Savanes"
O3-05,Tronçon,ROUTE CAMPEMENT,2020,route nationale revêtue,km en mauvais état,,,1.2,,,km,C,D4_etat_troncons.csv,"rang 43 sur 49 ; 1,20 km relevés ; zones traversées : Plateaux"
O3-05,Tronçon,TGRPRT RN15A-HÔPITAL BADOU,2020,route nationale non revêtue,km en mauvais état,,,1.07,,,km,C,D4_etat_troncons.csv,"rang 44 sur 49 ; 1,12 km relevés ; zones traversées : Plateaux"
O3-05,Tronçon,TGRPRT BRETELLE RN9-YIBOE,2020,route nationale non revêtue,km en mauvais état,,,0.85,,,km,C,D4_etat_troncons.csv,"rang 45 sur 49 ; 9,26 km relevés ; zones traversées : Plateaux"
O3-05,Tronçon,TSEVIE-TABLIGBO-ANFOIN-ANEHO,2020,route nationale revêtue,km en mauvais état,,,0.77,,,km,C,D4_etat_troncons.csv,"rang 46 sur 49 ; 85,93 km relevés ; zones traversées : Maritime hors Grand Lomé"
O3-05,Tronçon,RN2/3 AFLAO-HILACONDJI-FRT BENIN RETOUR (CARREFOUR AVEPOZO - FRT GHANA),2020,route nationale revêtue,km en mauvais état,,,0.45,,,km,C,D4_etat_troncons.csv,"rang 47 sur 49 ; 18,27 km relevés ; zones traversées : Grand Lomé ; Maritime hors Grand Lomé"
O3-05,Tronçon,TGRKRRRN20 KETAO-PAGOUDA,2020,route nationale revêtue,km en mauvais état,,,0.23,,,km,C,D4_etat_troncons.csv,"rang 48 sur 49 ; 14,60 km relevés ; zones traversées : Kara"
O3-05,Tronçon,RN2/3 AFLAO-HILACONDJI-FRT BENIN RETOUR 2,2020,route nationale revêtue,km en mauvais état,,,0.2,,,km,C,D4_etat_troncons.csv,"rang 49 sur 49 ; 5,60 km relevés ; zones traversées : Grand Lomé ; Maritime hors Grand Lomé"
O3-05,Zone,Grand Lomé,2020,,nombre de tronçons,,,4.0,,,tronçons,C,D4_etat_troncons.csv,un tronçon qui traverse plusieurs zones compte dans chacune
O3-05,Zone,Grand Lomé,2020,,km en mauvais état,,,21.55,,,km,C,D4_etat_troncons.csv,un tronçon qui traverse plusieurs zones compte dans chacune
O3-05,Zone,Maritime hors Grand Lomé,2020,,nombre de tronçons,,,11.0,,,tronçons,C,D4_etat_troncons.csv,un tronçon qui traverse plusieurs zones compte dans chacune
O3-05,Zone,Maritime hors Grand Lomé,2020,,km en mauvais état,,,88.24,,,km,C,D4_etat_troncons.csv,un tronçon qui traverse plusieurs zones compte dans chacune
O3-05,Zone,Plateaux,2020,,nombre de tronçons,,,23.0,,,tronçons,C,D4_etat_troncons.csv,un tronçon qui traverse plusieurs zones compte dans chacune
O3-05,Zone,Plateaux,2020,,km en mauvais état,,,292.15,,,km,C,D4_etat_troncons.csv,un tronçon qui traverse plusieurs zones compte dans chacune
O3-05,Zone,Centrale,2020,,nombre de tronçons,,,6.0,,,tronçons,C,D4_etat_troncons.csv,un tronçon qui traverse plusieurs zones compte dans chacune
O3-05,Zone,Centrale,2020,,km en mauvais état,,,236.25,,,km,C,D4_etat_troncons.csv,un tronçon qui traverse plusieurs zones compte dans chacune
O3-05,Zone,Kara,2020,,nombre de tronçons,,,8.0,,,tronçons,C,D4_etat_troncons.csv,un tronçon qui traverse plusieurs zones compte dans chacune
O3-05,Zone,Kara,2020,,km en mauvais état,,,108.68,,,km,C,D4_etat_troncons.csv,un tronçon qui traverse plusieurs zones compte dans chacune
O3-05,Zone,Savanes,2020,,nombre de tronçons,,,8.0,,,tronçons,C,D4_etat_troncons.csv,un tronçon qui traverse plusieurs zones compte dans chacune
O3-05,Zone,Savanes,2020,,km en mauvais état,,,66.79,,,km,C,D4_etat_troncons.csv,un tronçon qui traverse plusieurs zones compte dans chacune
O3-05,National,Togo,2020,,nombre de tronçons,,,49.0,,,tronçons,C,D4_etat_troncons.csv,
O3-05,National,Togo,2020,,km en mauvais état,,,669.34,,,km,C,D4_etat_troncons.csv,
O3-06,Préfecture,Agou,2020 (état) ; 2021-2022 (tracé),,,2.209,115.245,1.9,,,% des km de routes nationales,B,D4_D5_etat_trace.csv ; D5_trace_prefecture.csv,
O3-06,Préfecture,Agoè-Nyivé,2020 (état) ; 2021-2022 (tracé),,,7.125,35.679,20.0,,,% des km de routes nationales,B,D4_D5_etat_trace.csv ; D5_trace_prefecture.csv,
O3-06,Préfecture,Akébou,2020 (état) ; 2021-2022 (tracé),,,0.0,4.478,0.0,,,% des km de routes nationales,B,D4_D5_etat_trace.csv ; D5_trace_prefecture.csv,
O3-06,Préfecture,Amou,2020 (état) ; 2021-2022 (tracé),,,0.0,88.954,0.0,,,% des km de routes nationales,B,D4_D5_etat_trace.csv ; D5_trace_prefecture.csv,
O3-06,Préfecture,Anié,2020 (état) ; 2021-2022 (tracé),,,0.0,39.809,0.0,,,% des km de routes nationales,B,D4_D5_etat_trace.csv ; D5_trace_prefecture.csv,
O3-06,Préfecture,Assoli,2020 (état) ; 2021-2022 (tracé),,,0.0,79.433,0.0,,,% des km de routes nationales,B,D4_D5_etat_trace.csv ; D5_trace_prefecture.csv,
O3-06,Préfecture,Avé,2020 (état) ; 2021-2022 (tracé),,,0.0,105.317,0.0,,,% des km de routes nationales,B,D4_D5_etat_trace.csv ; D5_trace_prefecture.csv,
O3-06,Préfecture,Bas-Mono,2020 (état) ; 2021-2022 (tracé),,,0.0,32.104,0.0,,,% des km de routes nationales,B,D4_D5_etat_trace.csv ; D5_trace_prefecture.csv,
O3-06,Préfecture,Bassar,2020 (état) ; 2021-2022 (tracé),,,31.375,182.091,17.2,,,% des km de routes nationales,B,D4_D5_etat_trace.csv ; D5_trace_prefecture.csv,
O3-06,Préfecture,Binah,2020 (état) ; 2021-2022 (tracé),,,0.0,45.241,0.0,,,% des km de routes nationales,B,D4_D5_etat_trace.csv ; D5_trace_prefecture.csv,
O3-06,Préfecture,Blitta,2020 (état) ; 2021-2022 (tracé),,,23.452,118.481,19.8,,,% des km de routes nationales,B,D4_D5_etat_trace.csv ; D5_trace_prefecture.csv,
O3-06,Préfecture,Cinkassé,2020 (état) ; 2021-2022 (tracé),,,4.425,39.282,11.3,,,% des km de routes nationales,B,D4_D5_etat_trace.csv ; D5_trace_prefecture.csv,
O3-06,Préfecture,Dankpen,2020 (état) ; 2021-2022 (tracé),,,1.659,45.127,3.7,,,% des km de routes nationales,B,D4_D5_etat_trace.csv ; D5_trace_prefecture.csv,
O3-06,Préfecture,Danyi,2020 (état) ; 2021-2022 (tracé),,,0.0,30.105,0.0,,,% des km de routes nationales,B,D4_D5_etat_trace.csv ; D5_trace_prefecture.csv,
O3-06,Préfecture,Doufelgou,2020 (état) ; 2021-2022 (tracé),,,0.0,91.445,0.0,,,% des km de routes nationales,B,D4_D5_etat_trace.csv ; D5_trace_prefecture.csv,
O3-06,Préfecture,Est-Mono,2020 (état) ; 2021-2022 (tracé),,,0.0,99.207,0.0,,,% des km de routes nationales,B,D4_D5_etat_trace.csv ; D5_trace_prefecture.csv,
O3-06,Préfecture,Golfe,2020 (état) ; 2021-2022 (tracé),,,9.61,78.569,12.2,,,% des km de routes nationales,B,D4_D5_etat_trace.csv ; D5_trace_prefecture.csv,
O3-06,Préfecture,Haho,2020 (état) ; 2021-2022 (tracé),,,0.0,126.415,0.0,,,% des km de routes nationales,B,D4_D5_etat_trace.csv ; D5_trace_prefecture.csv,
O3-06,Préfecture,Kloto,2020 (état) ; 2021-2022 (tracé),,,3.576,66.668,5.4,,,% des km de routes nationales,B,D4_D5_etat_trace.csv ; D5_trace_prefecture.csv,
O3-06,Préfecture,Kozah,2020 (état) ; 2021-2022 (tracé),,,0.0,158.418,0.0,,,% des km de routes nationales,B,D4_D5_etat_trace.csv ; D5_trace_prefecture.csv,
O3-06,Préfecture,Kpendjal,2020 (état) ; 2021-2022 (tracé),,,0.0,57.81,0.0,,,% des km de routes nationales,B,D4_D5_etat_trace.csv ; D5_trace_prefecture.csv,
O3-06,Préfecture,Kpendjal-Ouest,2020 (état) ; 2021-2022 (tracé),,,0.0,45.606,0.0,,,% des km de routes nationales,B,D4_D5_etat_trace.csv ; D5_trace_prefecture.csv,
O3-06,Préfecture,Kpélé,2020 (état) ; 2021-2022 (tracé),,,0.0,40.412,0.0,,,% des km de routes nationales,B,D4_D5_etat_trace.csv ; D5_trace_prefecture.csv,
O3-06,Préfecture,Kéran,2020 (état) ; 2021-2022 (tracé),,,0.0,84.026,0.0,,,% des km de routes nationales,B,D4_D5_etat_trace.csv ; D5_trace_prefecture.csv,
O3-06,Préfecture,Lacs,2020 (état) ; 2021-2022 (tracé),,,0.837,81.64,1.0,,,% des km de routes nationales,B,D4_D5_etat_trace.csv ; D5_trace_prefecture.csv,
O3-06,Préfecture,Moyen-Mono,2020 (état) ; 2021-2022 (tracé),,,0.0,57.889,0.0,,,% des km de routes nationales,B,D4_D5_etat_trace.csv ; D5_trace_prefecture.csv,
O3-06,Préfecture,Mô,2020 (état) ; 2021-2022 (tracé),,,0.0,0.0,,,,% des km de routes nationales,B,D4_D5_etat_trace.csv ; D5_trace_prefecture.csv,non défini : aucune route nationale (R-10)
O3-06,Préfecture,Ogou,2020 (état) ; 2021-2022 (tracé),,,11.031,113.412,9.7,,,% des km de routes nationales,B,D4_D5_etat_trace.csv ; D5_trace_prefecture.csv,
O3-06,Préfecture,Oti,2020 (état) ; 2021-2022 (tracé),,,0.0,137.133,0.0,,,% des km de routes nationales,B,D4_D5_etat_trace.csv ; D5_trace_prefecture.csv,
O3-06,Préfecture,Oti-Sud,2020 (état) ; 2021-2022 (tracé),,,0.405,128.489,0.3,,,% des km de routes nationales,B,D4_D5_etat_trace.csv ; D5_trace_prefecture.csv,
O3-06,Préfecture,Sotouboua,2020 (état) ; 2021-2022 (tracé),,,1.14,82.381,1.4,,,% des km de routes nationales,B,D4_D5_etat_trace.csv ; D5_trace_prefecture.csv,
O3-06,Préfecture,Tandjoaré,2020 (état) ; 2021-2022 (tracé),,,0.0,24.658,0.0,,,% des km de routes nationales,B,D4_D5_etat_trace.csv ; D5_trace_prefecture.csv,
O3-06,Préfecture,Tchamba,2020 (état) ; 2021-2022 (tracé),,,0.0,119.397,0.0,,,% des km de routes nationales,B,D4_D5_etat_trace.csv ; D5_trace_prefecture.csv,
O3-06,Préfecture,Tchaoudjo,2020 (état) ; 2021-2022 (tracé),,,0.0,115.039,0.0,,,% des km de routes nationales,B,D4_D5_etat_trace.csv ; D5_trace_prefecture.csv,
O3-06,Préfecture,Tône,2020 (état) ; 2021-2022 (tracé),,,0.0,79.841,0.0,,,% des km de routes nationales,B,D4_D5_etat_trace.csv ; D5_trace_prefecture.csv,
O3-06,Préfecture,Vo,2020 (état) ; 2021-2022 (tracé),,,0.0,63.105,0.0,,,% des km de routes nationales,B,D4_D5_etat_trace.csv ; D5_trace_prefecture.csv,
O3-06,Préfecture,Wawa,2020 (état) ; 2021-2022 (tracé),,,2.107,127.1,1.7,,,% des km de routes nationales,B,D4_D5_etat_trace.csv ; D5_trace_prefecture.csv,
O3-06,Préfecture,Yoto,2020 (état) ; 2021-2022 (tracé),,,0.0,58.145,0.0,,,% des km de routes nationales,B,D4_D5_etat_trace.csv ; D5_trace_prefecture.csv,
O3-06,Préfecture,Zio,2020 (état) ; 2021-2022 (tracé),,,0.0,96.604,0.0,,,% des km de routes nationales,B,D4_D5_etat_trace.csv ; D5_trace_prefecture.csv,
O3-07,National,Togo,2020–2021,Routes nationales revêtues ; Bon,,15.09,30.45,-15.36,,,points de %,C,D4_etat_national_pct.csv,
O3-07,National,Togo,2021–2022,Routes nationales revêtues ; Bon,,34.3,15.09,19.21,,,points de %,C,D4_etat_national_pct.csv,
O3-07,National,Togo,2020–2021,Routes nationales revêtues ; Moyen,,25.38,14.41,10.97,,,points de %,C,D4_etat_national_pct.csv,
O3-07,National,Togo,2021–2022,Routes nationales revêtues ; Moyen,,19.54,25.38,-5.84,,,points de %,C,D4_etat_national_pct.csv,
O3-07,National,Togo,2020–2021,Routes nationales revêtues ; Mauvais,,28.55,31.93,-3.38,,,points de %,C,D4_etat_national_pct.csv,
O3-07,National,Togo,2021–2022,Routes nationales revêtues ; Mauvais,,25.6,28.55,-2.95,,,points de %,C,D4_etat_national_pct.csv,
O3-07,National,Togo,2020–2021,Routes nationales revêtues ; En travaux,,31.0,23.21,7.79,,,points de %,C,D4_etat_national_pct.csv,
O3-07,National,Togo,2021–2022,Routes nationales revêtues ; En travaux,,20.46,31.0,-10.54,,,points de %,C,D4_etat_national_pct.csv,
O3-07,National,Togo,2020–2021,Routes nationales non revêtues ; Bon,,18.21,18.55,-0.34,,,points de %,C,D4_etat_national_pct.csv,
O3-07,National,Togo,2021–2022,Routes nationales non revêtues ; Bon,,48.63,18.21,30.42,,,points de %,C,D4_etat_national_pct.csv,
O3-07,National,Togo,2020–2021,Routes nationales non revêtues ; Moyen,,41.03,56.61,-15.58,,,points de %,C,D4_etat_national_pct.csv,
O3-07,National,Togo,2021–2022,Routes nationales non revêtues ; Moyen,,26.1,41.03,-14.93,,,points de %,C,D4_etat_national_pct.csv,
O3-07,National,Togo,2020–2021,Routes nationales non revêtues ; Mauvais,,34.8,24.84,9.96,,,points de %,C,D4_etat_national_pct.csv,
O3-07,National,Togo,2021–2022,Routes nationales non revêtues ; Mauvais,,6.02,34.8,-28.78,,,points de %,C,D4_etat_national_pct.csv,
O3-07,National,Togo,2020–2021,Routes nationales non revêtues ; En travaux,,5.96,,,,,points de %,C,D4_etat_national_pct.csv,non défini : « - » dans l’annuaire (R-10)
O3-07,National,Togo,2021–2022,Routes nationales non revêtues ; En travaux,,19.25,5.96,13.29,,,points de %,C,D4_etat_national_pct.csv,
O3-07,National,Togo,2020–2021,Routes nationales revêtues et non revêtues ; Bon,,16.06,26.79,-10.73,,,points de %,C,D4_etat_national_pct.csv,
O3-07,National,Togo,2021–2022,Routes nationales revêtues et non revêtues ; Bon,,38.67,16.06,22.61,,,points de %,C,D4_etat_national_pct.csv,
O3-07,National,Togo,2020–2021,Routes nationales revêtues et non revêtues ; Moyen,,30.2,27.4,2.8,,,points de %,C,D4_etat_national_pct.csv,
O3-07,National,Togo,2021–2022,Routes nationales revêtues et non revêtues ; Moyen,,21.61,30.2,-8.59,,,points de %,C,D4_etat_national_pct.csv,
O3-07,National,Togo,2020–2021,Routes nationales revêtues et non revêtues ; Mauvais,,30.47,29.75,0.72,,,points de %,C,D4_etat_national_pct.csv,
O3-07,National,Togo,2021–2022,Routes nationales revêtues et non revêtues ; Mauvais,,19.63,30.47,-10.84,,,points de %,C,D4_etat_national_pct.csv,
O3-07,National,Togo,2020–2021,Routes nationales revêtues et non revêtues ; En travaux,,23.29,16.06,7.23,,,points de %,C,D4_etat_national_pct.csv,
O3-07,National,Togo,2021–2022,Routes nationales revêtues et non revêtues ; En travaux,,19.63,23.29,-3.66,,,points de %,C,D4_etat_national_pct.csv,
O4-01,Préfecture,Agou,2021-2022,Route nationale revêtue,,,,75.1,,,km,B,D5_trace_prefecture.csv,
O4-01,Préfecture,Agou,2021-2022,Route nationale non revêtue,,,,40.1,,,km,B,D5_trace_prefecture.csv,
O4-01,Préfecture,Agou,2021-2022,Piste rurale,,,,14.9,,,km,B,D5_trace_prefecture.csv,
O4-01,Préfecture,Agou,2021-2022,Voirie urbaine,,,,0.0,,,km,B,D5_trace_prefecture.csv,
O4-01,Préfecture,Agou,2021-2022,Ensemble,,,,130.2,,,km,B,D5_trace_prefecture.csv,
O4-01,Préfecture,Agoè-Nyivé,2021-2022,Route nationale revêtue,,,,35.7,,,km,B,D5_trace_prefecture.csv,
O4-01,Préfecture,Agoè-Nyivé,2021-2022,Route nationale non revêtue,,,,0.0,,,km,B,D5_trace_prefecture.csv,
O4-01,Préfecture,Agoè-Nyivé,2021-2022,Piste rurale,,,,0.0,,,km,B,D5_trace_prefecture.csv,
O4-01,Préfecture,Agoè-Nyivé,2021-2022,Voirie urbaine,,,,29.6,,,km,B,D5_trace_prefecture.csv,
O4-01,Préfecture,Agoè-Nyivé,2021-2022,Ensemble,,,,65.3,,,km,B,D5_trace_prefecture.csv,
O4-01,Préfecture,Akébou,2021-2022,Route nationale revêtue,,,,0.6,,,km,B,D5_trace_prefecture.csv,
O4-01,Préfecture,Akébou,2021-2022,Route nationale non revêtue,,,,3.9,,,km,B,D5_trace_prefecture.csv,
O4-01,Préfecture,Akébou,2021-2022,Piste rurale,,,,0.0,,,km,B,D5_trace_prefecture.csv,
O4-01,Préfecture,Akébou,2021-2022,Voirie urbaine,,,,2.5,,,km,B,D5_trace_prefecture.csv,
O4-01,Préfecture,Akébou,2021-2022,Ensemble,,,,7.0,,,km,B,D5_trace_prefecture.csv,
O4-01,Préfecture,Amou,2021-2022,Route nationale revêtue,,,,60.5,,,km,B,D5_trace_prefecture.csv,
O4-01,Préfecture,Amou,2021-2022,Route nationale non revêtue,,,,28.5,,,km,B,D5_trace_prefecture.csv,
O4-01,Préfecture,Amou,2021-2022,Piste rurale,,,,0.0,,,km,B,D5_trace_prefecture.csv,
O4-01,Préfecture,Amou,2021-2022,Voirie urbaine,,,,4.8,,,km,B,D5_trace_prefecture.csv,
O4-01,Préfecture,Amou,2021-2022,Ensemble,,,,93.8,,,km,B,D5_trace_prefecture.csv,
O4-01,Préfecture,Anié,2021-2022,Route nationale revêtue,,,,25.4,,,km,B,D5_trace_prefecture.csv,
O4-01,Préfecture,Anié,2021-2022,Route nationale non revêtue,,,,14.4,,,km,B,D5_trace_prefecture.csv,
O4-01,Préfecture,Anié,2021-2022,Piste rurale,,,,0.0,,,km,B,D5_trace_prefecture.csv,
O4-01,Préfecture,Anié,2021-2022,Voirie urbaine,,,,0.0,,,km,B,D5_trace_prefecture.csv,
O4-01,Préfecture,Anié,2021-2022,Ensemble,,,,39.8,,,km,B,D5_trace_prefecture.csv,
O4-01,Préfecture,Assoli,2021-2022,Route nationale revêtue,,,,46.7,,,km,B,D5_trace_prefecture.csv,
O4-01,Préfecture,Assoli,2021-2022,Route nationale non revêtue,,,,32.7,,,km,B,D5_trace_prefecture.csv,
O4-01,Préfecture,Assoli,2021-2022,Piste rurale,,,,0.0,,,km,B,D5_trace_prefecture.csv,
O4-01,Préfecture,Assoli,2021-2022,Voirie urbaine,,,,0.3,,,km,B,D5_trace_prefecture.csv,
O4-01,Préfecture,Assoli,2021-2022,Ensemble,,,,79.8,,,km,B,D5_trace_prefecture.csv,
O4-01,Préfecture,Avé,2021-2022,Route nationale revêtue,,,,56.0,,,km,B,D5_trace_prefecture.csv,
O4-01,Préfecture,Avé,2021-2022,Route nationale non revêtue,,,,49.3,,,km,B,D5_trace_prefecture.csv,
O4-01,Préfecture,Avé,2021-2022,Piste rurale,,,,0.0,,,km,B,D5_trace_prefecture.csv,
O4-01,Préfecture,Avé,2021-2022,Voirie urbaine,,,,15.5,,,km,B,D5_trace_prefecture.csv,
O4-01,Préfecture,Avé,2021-2022,Ensemble,,,,120.8,,,km,B,D5_trace_prefecture.csv,
O4-01,Préfecture,Bas-Mono,2021-2022,Route nationale revêtue,,,,7.5,,,km,B,D5_trace_prefecture.csv,
O4-01,Préfecture,Bas-Mono,2021-2022,Route nationale non revêtue,,,,24.6,,,km,B,D5_trace_prefecture.csv,
O4-01,Préfecture,Bas-Mono,2021-2022,Piste rurale,,,,0.0,,,km,B,D5_trace_prefecture.csv,
O4-01,Préfecture,Bas-Mono,2021-2022,Voirie urbaine,,,,2.8,,,km,B,D5_trace_prefecture.csv,
O4-01,Préfecture,Bas-Mono,2021-2022,Ensemble,,,,34.9,,,km,B,D5_trace_prefecture.csv,
O4-01,Préfecture,Bassar,2021-2022,Route nationale revêtue,,,,122.3,,,km,B,D5_trace_prefecture.csv,
O4-01,Préfecture,Bassar,2021-2022,Route nationale non revêtue,,,,59.8,,,km,B,D5_trace_prefecture.csv,
O4-01,Préfecture,Bassar,2021-2022,Piste rurale,,,,0.0,,,km,B,D5_trace_prefecture.csv,
O4-01,Préfecture,Bassar,2021-2022,Voirie urbaine,,,,11.8,,,km,B,D5_trace_prefecture.csv,
O4-01,Préfecture,Bassar,2021-2022,Ensemble,,,,193.9,,,km,B,D5_trace_prefecture.csv,
O4-01,Préfecture,Binah,2021-2022,Route nationale revêtue,,,,21.4,,,km,B,D5_trace_prefecture.csv,
O4-01,Préfecture,Binah,2021-2022,Route nationale non revêtue,,,,23.8,,,km,B,D5_trace_prefecture.csv,
O4-01,Préfecture,Binah,2021-2022,Piste rurale,,,,0.0,,,km,B,D5_trace_prefecture.csv,
O4-01,Préfecture,Binah,2021-2022,Voirie urbaine,,,,0.0,,,km,B,D5_trace_prefecture.csv,
O4-01,Préfecture,Binah,2021-2022,Ensemble,,,,45.2,,,km,B,D5_trace_prefecture.csv,
O4-01,Préfecture,Blitta,2021-2022,Route nationale revêtue,,,,118.3,,,km,B,D5_trace_prefecture.csv,
O4-01,Préfecture,Blitta,2021-2022,Route nationale non revêtue,,,,0.2,,,km,B,D5_trace_prefecture.csv,
O4-01,Préfecture,Blitta,2021-2022,Piste rurale,,,,0.0,,,km,B,D5_trace_prefecture.csv,
O4-01,Préfecture,Blitta,2021-2022,Voirie urbaine,,,,10.2,,,km,B,D5_trace_prefecture.csv,
O4-01,Préfecture,Blitta,2021-2022,Ensemble,,,,128.6,,,km,B,D5_trace_prefecture.csv,
O4-01,Préfecture,Cinkassé,2021-2022,Route nationale revêtue,,,,27.7,,,km,B,D5_trace_prefecture.csv,
O4-01,Préfecture,Cinkassé,2021-2022,Route nationale non revêtue,,,,11.6,,,km,B,D5_trace_prefecture.csv,
O4-01,Préfecture,Cinkassé,2021-2022,Piste rurale,,,,0.0,,,km,B,D5_trace_prefecture.csv,
O4-01,Préfecture,Cinkassé,2021-2022,Voirie urbaine,,,,0.0,,,km,B,D5_trace_prefecture.csv,
O4-01,Préfecture,Cinkassé,2021-2022,Ensemble,,,,39.3,,,km,B,D5_trace_prefecture.csv,
O4-01,Préfecture,Dankpen,2021-2022,Route nationale revêtue,,,,45.1,,,km,B,D5_trace_prefecture.csv,
O4-01,Préfecture,Dankpen,2021-2022,Route nationale non revêtue,,,,0.0,,,km,B,D5_trace_prefecture.csv,
O4-01,Préfecture,Dankpen,2021-2022,Piste rurale,,,,0.0,,,km,B,D5_trace_prefecture.csv,
O4-01,Préfecture,Dankpen,2021-2022,Voirie urbaine,,,,0.0,,,km,B,D5_trace_prefecture.csv,
O4-01,Préfecture,Dankpen,2021-2022,Ensemble,,,,45.1,,,km,B,D5_trace_prefecture.csv,
O4-01,Préfecture,Danyi,2021-2022,Route nationale revêtue,,,,22.3,,,km,B,D5_trace_prefecture.csv,
O4-01,Préfecture,Danyi,2021-2022,Route nationale non revêtue,,,,7.8,,,km,B,D5_trace_prefecture.csv,
O4-01,Préfecture,Danyi,2021-2022,Piste rurale,,,,0.0,,,km,B,D5_trace_prefecture.csv,
O4-01,Préfecture,Danyi,2021-2022,Voirie urbaine,,,,18.8,,,km,B,D5_trace_prefecture.csv,
O4-01,Préfecture,Danyi,2021-2022,Ensemble,,,,48.9,,,km,B,D5_trace_prefecture.csv,
O4-01,Préfecture,Doufelgou,2021-2022,Route nationale revêtue,,,,66.1,,,km,B,D5_trace_prefecture.csv,
O4-01,Préfecture,Doufelgou,2021-2022,Route nationale non revêtue,,,,25.4,,,km,B,D5_trace_prefecture.csv,
O4-01,Préfecture,Doufelgou,2021-2022,Piste rurale,,,,8.0,,,km,B,D5_trace_prefecture.csv,
O4-01,Préfecture,Doufelgou,2021-2022,Voirie urbaine,,,,0.4,,,km,B,D5_trace_prefecture.csv,
O4-01,Préfecture,Doufelgou,2021-2022,Ensemble,,,,99.8,,,km,B,D5_trace_prefecture.csv,
O4-01,Préfecture,Est-Mono,2021-2022,Route nationale revêtue,,,,10.8,,,km,B,D5_trace_prefecture.csv,
O4-01,Préfecture,Est-Mono,2021-2022,Route nationale non revêtue,,,,88.4,,,km,B,D5_trace_prefecture.csv,
O4-01,Préfecture,Est-Mono,2021-2022,Piste rurale,,,,0.0,,,km,B,D5_trace_prefecture.csv,
O4-01,Préfecture,Est-Mono,2021-2022,Voirie urbaine,,,,11.2,,,km,B,D5_trace_prefecture.csv,
O4-01,Préfecture,Est-Mono,2021-2022,Ensemble,,,,110.4,,,km,B,D5_trace_prefecture.csv,
O4-01,Préfecture,Golfe,2021-2022,Route nationale revêtue,,,,78.6,,,km,B,D5_trace_prefecture.csv,
O4-01,Préfecture,Golfe,2021-2022,Route nationale non revêtue,,,,0.0,,,km,B,D5_trace_prefecture.csv,
O4-01,Préfecture,Golfe,2021-2022,Piste rurale,,,,0.0,,,km,B,D5_trace_prefecture.csv,
O4-01,Préfecture,Golfe,2021-2022,Voirie urbaine,,,,18.2,,,km,B,D5_trace_prefecture.csv,
O4-01,Préfecture,Golfe,2021-2022,Ensemble,,,,96.8,,,km,B,D5_trace_prefecture.csv,
O4-01,Préfecture,Haho,2021-2022,Route nationale revêtue,,,,96.9,,,km,B,D5_trace_prefecture.csv,
O4-01,Préfecture,Haho,2021-2022,Route nationale non revêtue,,,,29.5,,,km,B,D5_trace_prefecture.csv,
O4-01,Préfecture,Haho,2021-2022,Piste rurale,,,,0.0,,,km,B,D5_trace_prefecture.csv,
O4-01,Préfecture,Haho,2021-2022,Voirie urbaine,,,,5.1,,,km,B,D5_trace_prefecture.csv,
O4-01,Préfecture,Haho,2021-2022,Ensemble,,,,131.5,,,km,B,D5_trace_prefecture.csv,
O4-01,Préfecture,Kloto,2021-2022,Route nationale revêtue,,,,66.7,,,km,B,D5_trace_prefecture.csv,
O4-01,Préfecture,Kloto,2021-2022,Route nationale non revêtue,,,,0.0,,,km,B,D5_trace_prefecture.csv,
O4-01,Préfecture,Kloto,2021-2022,Piste rurale,,,,1.7,,,km,B,D5_trace_prefecture.csv,
O4-01,Préfecture,Kloto,2021-2022,Voirie urbaine,,,,10.3,,,km,B,D5_trace_prefecture.csv,
O4-01,Préfecture,Kloto,2021-2022,Ensemble,,,,78.7,,,km,B,D5_trace_prefecture.csv,
O4-01,Préfecture,Kozah,2021-2022,Route nationale revêtue,,,,143.7,,,km,B,D5_trace_prefecture.csv,
O4-01,Préfecture,Kozah,2021-2022,Route nationale non revêtue,,,,14.7,,,km,B,D5_trace_prefecture.csv,
O4-01,Préfecture,Kozah,2021-2022,Piste rurale,,,,0.0,,,km,B,D5_trace_prefecture.csv,
O4-01,Préfecture,Kozah,2021-2022,Voirie urbaine,,,,22.9,,,km,B,D5_trace_prefecture.csv,
O4-01,Préfecture,Kozah,2021-2022,Ensemble,,,,181.3,,,km,B,D5_trace_prefecture.csv,
O4-01,Préfecture,Kpendjal,2021-2022,Route nationale revêtue,,,,49.3,,,km,B,D5_trace_prefecture.csv,
O4-01,Préfecture,Kpendjal,2021-2022,Route nationale non revêtue,,,,8.5,,,km,B,D5_trace_prefecture.csv,
O4-01,Préfecture,Kpendjal,2021-2022,Piste rurale,,,,0.0,,,km,B,D5_trace_prefecture.csv,
O4-01,Préfecture,Kpendjal,2021-2022,Voirie urbaine,,,,0.0,,,km,B,D5_trace_prefecture.csv,
O4-01,Préfecture,Kpendjal,2021-2022,Ensemble,,,,57.8,,,km,B,D5_trace_prefecture.csv,
O4-01,Préfecture,Kpendjal-Ouest,2021-2022,Route nationale revêtue,,,,40.1,,,km,B,D5_trace_prefecture.csv,
O4-01,Préfecture,Kpendjal-Ouest,2021-2022,Route nationale non revêtue,,,,5.5,,,km,B,D5_trace_prefecture.csv,
O4-01,Préfecture,Kpendjal-Ouest,2021-2022,Piste rurale,,,,0.0,,,km,B,D5_trace_prefecture.csv,
O4-01,Préfecture,Kpendjal-Ouest,2021-2022,Voirie urbaine,,,,0.0,,,km,B,D5_trace_prefecture.csv,
O4-01,Préfecture,Kpendjal-Ouest,2021-2022,Ensemble,,,,45.6,,,km,B,D5_trace_prefecture.csv,
O4-01,Préfecture,Kpélé,2021-2022,Route nationale revêtue,,,,40.4,,,km,B,D5_trace_prefecture.csv,
O4-01,Préfecture,Kpélé,2021-2022,Route nationale non revêtue,,,,0.0,,,km,B,D5_trace_prefecture.csv,
O4-01,Préfecture,Kpélé,2021-2022,Piste rurale,,,,9.2,,,km,B,D5_trace_prefecture.csv,
O4-01,Préfecture,Kpélé,2021-2022,Voirie urbaine,,,,0.4,,,km,B,D5_trace_prefecture.csv,
O4-01,Préfecture,Kpélé,2021-2022,Ensemble,,,,50.0,,,km,B,D5_trace_prefecture.csv,
O4-01,Préfecture,Kéran,2021-2022,Route nationale revêtue,,,,55.6,,,km,B,D5_trace_prefecture.csv,
O4-01,Préfecture,Kéran,2021-2022,Route nationale non revêtue,,,,28.4,,,km,B,D5_trace_prefecture.csv,
O4-01,Préfecture,Kéran,2021-2022,Piste rurale,,,,0.0,,,km,B,D5_trace_prefecture.csv,
O4-01,Préfecture,Kéran,2021-2022,Voirie urbaine,,,,0.0,,,km,B,D5_trace_prefecture.csv,
O4-01,Préfecture,Kéran,2021-2022,Ensemble,,,,84.0,,,km,B,D5_trace_prefecture.csv,
O4-01,Préfecture,Lacs,2021-2022,Route nationale revêtue,,,,69.3,,,km,B,D5_trace_prefecture.csv,
O4-01,Préfecture,Lacs,2021-2022,Route nationale non revêtue,,,,12.3,,,km,B,D5_trace_prefecture.csv,
O4-01,Préfecture,Lacs,2021-2022,Piste rurale,,,,0.0,,,km,B,D5_trace_prefecture.csv,
O4-01,Préfecture,Lacs,2021-2022,Voirie urbaine,,,,7.1,,,km,B,D5_trace_prefecture.csv,
O4-01,Préfecture,Lacs,2021-2022,Ensemble,,,,88.8,,,km,B,D5_trace_prefecture.csv,
O4-01,Préfecture,Moyen-Mono,2021-2022,Route nationale revêtue,,,,12.5,,,km,B,D5_trace_prefecture.csv,
O4-01,Préfecture,Moyen-Mono,2021-2022,Route nationale non revêtue,,,,45.4,,,km,B,D5_trace_prefecture.csv,
O4-01,Préfecture,Moyen-Mono,2021-2022,Piste rurale,,,,0.0,,,km,B,D5_trace_prefecture.csv,
O4-01,Préfecture,Moyen-Mono,2021-2022,Voirie urbaine,,,,0.0,,,km,B,D5_trace_prefecture.csv,
O4-01,Préfecture,Moyen-Mono,2021-2022,Ensemble,,,,57.9,,,km,B,D5_trace_prefecture.csv,
O4-01,Préfecture,Mô,2021-2022,Route nationale revêtue,,,,0.0,,,km,B,D5_trace_prefecture.csv,"aucune route classée (vrai vide, 05)"
O4-01,Préfecture,Mô,2021-2022,Route nationale non revêtue,,,,0.0,,,km,B,D5_trace_prefecture.csv,"aucune route classée (vrai vide, 05)"
O4-01,Préfecture,Mô,2021-2022,Piste rurale,,,,0.0,,,km,B,D5_trace_prefecture.csv,"aucune route classée (vrai vide, 05)"
O4-01,Préfecture,Mô,2021-2022,Voirie urbaine,,,,0.0,,,km,B,D5_trace_prefecture.csv,"aucune route classée (vrai vide, 05)"
O4-01,Préfecture,Mô,2021-2022,Ensemble,,,,0.0,,,km,B,D5_trace_prefecture.csv,"aucune route classée (vrai vide, 05)"
O4-01,Préfecture,Ogou,2021-2022,Route nationale revêtue,,,,61.5,,,km,B,D5_trace_prefecture.csv,
O4-01,Préfecture,Ogou,2021-2022,Route nationale non revêtue,,,,51.9,,,km,B,D5_trace_prefecture.csv,
O4-01,Préfecture,Ogou,2021-2022,Piste rurale,,,,0.0,,,km,B,D5_trace_prefecture.csv,
O4-01,Préfecture,Ogou,2021-2022,Voirie urbaine,,,,19.1,,,km,B,D5_trace_prefecture.csv,
O4-01,Préfecture,Ogou,2021-2022,Ensemble,,,,132.5,,,km,B,D5_trace_prefecture.csv,
O4-01,Préfecture,Oti,2021-2022,Route nationale revêtue,,,,50.5,,,km,B,D5_trace_prefecture.csv,
O4-01,Préfecture,Oti,2021-2022,Route nationale non revêtue,,,,86.6,,,km,B,D5_trace_prefecture.csv,
O4-01,Préfecture,Oti,2021-2022,Piste rurale,,,,0.0,,,km,B,D5_trace_prefecture.csv,
O4-01,Préfecture,Oti,2021-2022,Voirie urbaine,,,,0.0,,,km,B,D5_trace_prefecture.csv,
O4-01,Préfecture,Oti,2021-2022,Ensemble,,,,137.1,,,km,B,D5_trace_prefecture.csv,
O4-01,Préfecture,Oti-Sud,2021-2022,Route nationale revêtue,,,,55.9,,,km,B,D5_trace_prefecture.csv,
O4-01,Préfecture,Oti-Sud,2021-2022,Route nationale non revêtue,,,,72.6,,,km,B,D5_trace_prefecture.csv,
O4-01,Préfecture,Oti-Sud,2021-2022,Piste rurale,,,,0.0,,,km,B,D5_trace_prefecture.csv,
O4-01,Préfecture,Oti-Sud,2021-2022,Voirie urbaine,,,,0.0,,,km,B,D5_trace_prefecture.csv,
O4-01,Préfecture,Oti-Sud,2021-2022,Ensemble,,,,128.5,,,km,B,D5_trace_prefecture.csv,
O4-01,Préfecture,Sotouboua,2021-2022,Route nationale revêtue,,,,81.2,,,km,B,D5_trace_prefecture.csv,
O4-01,Préfecture,Sotouboua,2021-2022,Route nationale non revêtue,,,,1.1,,,km,B,D5_trace_prefecture.csv,
O4-01,Préfecture,Sotouboua,2021-2022,Piste rurale,,,,0.0,,,km,B,D5_trace_prefecture.csv,
O4-01,Préfecture,Sotouboua,2021-2022,Voirie urbaine,,,,0.4,,,km,B,D5_trace_prefecture.csv,
O4-01,Préfecture,Sotouboua,2021-2022,Ensemble,,,,82.8,,,km,B,D5_trace_prefecture.csv,
O4-01,Préfecture,Tandjoaré,2021-2022,Route nationale revêtue,,,,24.7,,,km,B,D5_trace_prefecture.csv,
O4-01,Préfecture,Tandjoaré,2021-2022,Route nationale non revêtue,,,,0.0,,,km,B,D5_trace_prefecture.csv,
O4-01,Préfecture,Tandjoaré,2021-2022,Piste rurale,,,,0.0,,,km,B,D5_trace_prefecture.csv,
O4-01,Préfecture,Tandjoaré,2021-2022,Voirie urbaine,,,,0.0,,,km,B,D5_trace_prefecture.csv,
O4-01,Préfecture,Tandjoaré,2021-2022,Ensemble,,,,24.7,,,km,B,D5_trace_prefecture.csv,
O4-01,Préfecture,Tchamba,2021-2022,Route nationale revêtue,,,,109.6,,,km,B,D5_trace_prefecture.csv,
O4-01,Préfecture,Tchamba,2021-2022,Route nationale non revêtue,,,,9.8,,,km,B,D5_trace_prefecture.csv,
O4-01,Préfecture,Tchamba,2021-2022,Piste rurale,,,,0.0,,,km,B,D5_trace_prefecture.csv,
O4-01,Préfecture,Tchamba,2021-2022,Voirie urbaine,,,,3.7,,,km,B,D5_trace_prefecture.csv,
O4-01,Préfecture,Tchamba,2021-2022,Ensemble,,,,123.1,,,km,B,D5_trace_prefecture.csv,
O4-01,Préfecture,Tchaoudjo,2021-2022,Route nationale revêtue,,,,115.0,,,km,B,D5_trace_prefecture.csv,
O4-01,Préfecture,Tchaoudjo,2021-2022,Route nationale non revêtue,,,,0.0,,,km,B,D5_trace_prefecture.csv,
O4-01,Préfecture,Tchaoudjo,2021-2022,Piste rurale,,,,0.0,,,km,B,D5_trace_prefecture.csv,
O4-01,Préfecture,Tchaoudjo,2021-2022,Voirie urbaine,,,,6.4,,,km,B,D5_trace_prefecture.csv,
O4-01,Préfecture,Tchaoudjo,2021-2022,Ensemble,,,,121.4,,,km,B,D5_trace_prefecture.csv,
O4-01,Préfecture,Tône,2021-2022,Route nationale revêtue,,,,65.2,,,km,B,D5_trace_prefecture.csv,
O4-01,Préfecture,Tône,2021-2022,Route nationale non revêtue,,,,14.6,,,km,B,D5_trace_prefecture.csv,
O4-01,Préfecture,Tône,2021-2022,Piste rurale,,,,0.0,,,km,B,D5_trace_prefecture.csv,
O4-01,Préfecture,Tône,2021-2022,Voirie urbaine,,,,15.2,,,km,B,D5_trace_prefecture.csv,
O4-01,Préfecture,Tône,2021-2022,Ensemble,,,,95.0,,,km,B,D5_trace_prefecture.csv,
O4-01,Préfecture,Vo,2021-2022,Route nationale revêtue,,,,51.7,,,km,B,D5_trace_prefecture.csv,
O4-01,Préfecture,Vo,2021-2022,Route nationale non revêtue,,,,11.4,,,km,B,D5_trace_prefecture.csv,
O4-01,Préfecture,Vo,2021-2022,Piste rurale,,,,0.0,,,km,B,D5_trace_prefecture.csv,
O4-01,Préfecture,Vo,2021-2022,Voirie urbaine,,,,0.0,,,km,B,D5_trace_prefecture.csv,
O4-01,Préfecture,Vo,2021-2022,Ensemble,,,,63.2,,,km,B,D5_trace_prefecture.csv,
O4-01,Préfecture,Wawa,2021-2022,Route nationale revêtue,,,,109.6,,,km,B,D5_trace_prefecture.csv,
O4-01,Préfecture,Wawa,2021-2022,Route nationale non revêtue,,,,17.5,,,km,B,D5_trace_prefecture.csv,
O4-01,Préfecture,Wawa,2021-2022,Piste rurale,,,,0.0,,,km,B,D5_trace_prefecture.csv,
O4-01,Préfecture,Wawa,2021-2022,Voirie urbaine,,,,6.3,,,km,B,D5_trace_prefecture.csv,
O4-01,Préfecture,Wawa,2021-2022,Ensemble,,,,133.4,,,km,B,D5_trace_prefecture.csv,
O4-01,Préfecture,Yoto,2021-2022,Route nationale revêtue,,,,32.6,,,km,B,D5_trace_prefecture.csv,
O4-01,Préfecture,Yoto,2021-2022,Route nationale non revêtue,,,,25.5,,,km,B,D5_trace_prefecture.csv,
O4-01,Préfecture,Yoto,2021-2022,Piste rurale,,,,0.0,,,km,B,D5_trace_prefecture.csv,
O4-01,Préfecture,Yoto,2021-2022,Voirie urbaine,,,,0.3,,,km,B,D5_trace_prefecture.csv,
O4-01,Préfecture,Yoto,2021-2022,Ensemble,,,,58.5,,,km,B,D5_trace_prefecture.csv,
O4-01,Préfecture,Zio,2021-2022,Route nationale revêtue,,,,82.3,,,km,B,D5_trace_prefecture.csv,
O4-01,Préfecture,Zio,2021-2022,Route nationale non revêtue,,,,14.3,,,km,B,D5_trace_prefecture.csv,
O4-01,Préfecture,Zio,2021-2022,Piste rurale,,,,0.0,,,km,B,D5_trace_prefecture.csv,
O4-01,Préfecture,Zio,2021-2022,Voirie urbaine,,,,9.6,,,km,B,D5_trace_prefecture.csv,
O4-01,Préfecture,Zio,2021-2022,Ensemble,,,,106.2,,,km,B,D5_trace_prefecture.csv,
O4-02,Préfecture,Agou,2021-2022,,,130.188,1095.98,118.8,,,km pour 1 000 km²,B,D5_trace_prefecture.csv ; table_maitresse_prefecture.csv,
O4-02,Préfecture,Agoè-Nyivé,2021-2022,,,65.253,167.1,390.5,,,km pour 1 000 km²,B,D5_trace_prefecture.csv ; table_maitresse_prefecture.csv,
O4-02,Préfecture,Akébou,2021-2022,,,6.959,1146.67,6.1,,,km pour 1 000 km²,B,D5_trace_prefecture.csv ; table_maitresse_prefecture.csv,
O4-02,Préfecture,Amou,2021-2022,,,93.757,1808.5,51.8,,,km pour 1 000 km²,B,D5_trace_prefecture.csv ; table_maitresse_prefecture.csv,
O4-02,Préfecture,Anié,2021-2022,,,39.809,1985.91,20.0,,,km pour 1 000 km²,B,D5_trace_prefecture.csv ; table_maitresse_prefecture.csv,
O4-02,Préfecture,Assoli,2021-2022,,,79.759,933.27,85.5,,,km pour 1 000 km²,B,D5_trace_prefecture.csv ; table_maitresse_prefecture.csv,
O4-02,Préfecture,Avé,2021-2022,,,120.818,1049.85,115.1,,,km pour 1 000 km²,B,D5_trace_prefecture.csv ; table_maitresse_prefecture.csv,
O4-02,Préfecture,Bas-Mono,2021-2022,,,34.866,329.4,105.8,,,km pour 1 000 km²,B,D5_trace_prefecture.csv ; table_maitresse_prefecture.csv,
O4-02,Préfecture,Bassar,2021-2022,,,193.866,3456.9,56.1,,,km pour 1 000 km²,B,D5_trace_prefecture.csv ; table_maitresse_prefecture.csv,
O4-02,Préfecture,Binah,2021-2022,,,45.241,580.79,77.9,,,km pour 1 000 km²,B,D5_trace_prefecture.csv ; table_maitresse_prefecture.csv,
O4-02,Préfecture,Blitta,2021-2022,,,128.637,3129.57,41.1,,,km pour 1 000 km²,B,D5_trace_prefecture.csv ; table_maitresse_prefecture.csv,
O4-02,Préfecture,Cinkassé,2021-2022,,,39.282,276.1,142.3,,,km pour 1 000 km²,B,D5_trace_prefecture.csv ; table_maitresse_prefecture.csv,
O4-02,Préfecture,Dankpen,2021-2022,,,45.127,2543.48,17.7,,,km pour 1 000 km²,B,D5_trace_prefecture.csv ; table_maitresse_prefecture.csv,
O4-02,Préfecture,Danyi,2021-2022,,,48.932,396.44,123.4,,,km pour 1 000 km²,B,D5_trace_prefecture.csv ; table_maitresse_prefecture.csv,
O4-02,Préfecture,Doufelgou,2021-2022,,,99.819,1157.9,86.2,,,km pour 1 000 km²,B,D5_trace_prefecture.csv ; table_maitresse_prefecture.csv,
O4-02,Préfecture,Est-Mono,2021-2022,,,110.395,2652.52,41.6,,,km pour 1 000 km²,B,D5_trace_prefecture.csv ; table_maitresse_prefecture.csv,
O4-02,Préfecture,Golfe,2021-2022,,,96.755,240.77,401.9,,,km pour 1 000 km²,B,D5_trace_prefecture.csv ; table_maitresse_prefecture.csv,
O4-02,Préfecture,Haho,2021-2022,,,131.472,3051.19,43.1,,,km pour 1 000 km²,B,D5_trace_prefecture.csv ; table_maitresse_prefecture.csv,
O4-02,Préfecture,Kloto,2021-2022,,,78.659,528.23,148.9,,,km pour 1 000 km²,B,D5_trace_prefecture.csv ; table_maitresse_prefecture.csv,
O4-02,Préfecture,Kozah,2021-2022,,,181.327,1085.98,167.0,,,km pour 1 000 km²,B,D5_trace_prefecture.csv ; table_maitresse_prefecture.csv,
O4-02,Préfecture,Kpendjal,2021-2022,,,57.81,1394.23,41.5,,,km pour 1 000 km²,B,D5_trace_prefecture.csv ; table_maitresse_prefecture.csv,
O4-02,Préfecture,Kpendjal-Ouest,2021-2022,,,45.606,786.49,58.0,,,km pour 1 000 km²,B,D5_trace_prefecture.csv ; table_maitresse_prefecture.csv,
O4-02,Préfecture,Kpélé,2021-2022,,,49.982,930.92,53.7,,,km pour 1 000 km²,B,D5_trace_prefecture.csv ; table_maitresse_prefecture.csv,
O4-02,Préfecture,Kéran,2021-2022,,,84.026,2018.97,41.6,,,km pour 1 000 km²,B,D5_trace_prefecture.csv ; table_maitresse_prefecture.csv,
O4-02,Préfecture,Lacs,2021-2022,,,88.786,416.3,213.3,,,km pour 1 000 km²,B,D5_trace_prefecture.csv ; table_maitresse_prefecture.csv,
O4-02,Préfecture,Moyen-Mono,2021-2022,,,57.889,626.15,92.5,,,km pour 1 000 km²,B,D5_trace_prefecture.csv ; table_maitresse_prefecture.csv,
O4-02,Préfecture,Mô,2021-2022,,,0.0,1255.65,0.0,,,km pour 1 000 km²,B,D5_trace_prefecture.csv ; table_maitresse_prefecture.csv,
O4-02,Préfecture,Ogou,2021-2022,,,132.513,1944.1,68.2,,,km pour 1 000 km²,B,D5_trace_prefecture.csv ; table_maitresse_prefecture.csv,
O4-02,Préfecture,Oti,2021-2022,,,137.133,1543.68,88.8,,,km pour 1 000 km²,B,D5_trace_prefecture.csv ; table_maitresse_prefecture.csv,
O4-02,Préfecture,Oti-Sud,2021-2022,,,128.489,2395.01,53.6,,,km pour 1 000 km²,B,D5_trace_prefecture.csv ; table_maitresse_prefecture.csv,
O4-02,Préfecture,Sotouboua,2021-2022,,,82.793,3147.69,26.3,,,km pour 1 000 km²,B,D5_trace_prefecture.csv ; table_maitresse_prefecture.csv,
O4-02,Préfecture,Tandjoaré,2021-2022,,,24.658,952.94,25.9,,,km pour 1 000 km²,B,D5_trace_prefecture.csv ; table_maitresse_prefecture.csv,
O4-02,Préfecture,Tchamba,2021-2022,,,123.081,3197.09,38.5,,,km pour 1 000 km²,B,D5_trace_prefecture.csv ; table_maitresse_prefecture.csv,
O4-02,Préfecture,Tchaoudjo,2021-2022,,,121.431,2396.14,50.7,,,km pour 1 000 km²,B,D5_trace_prefecture.csv ; table_maitresse_prefecture.csv,
O4-02,Préfecture,Tône,2021-2022,,,95.016,1221.72,77.8,,,km pour 1 000 km²,B,D5_trace_prefecture.csv ; table_maitresse_prefecture.csv,
O4-02,Préfecture,Vo,2021-2022,,,63.151,755.35,83.6,,,km pour 1 000 km²,B,D5_trace_prefecture.csv ; table_maitresse_prefecture.csv,
O4-02,Préfecture,Wawa,2021-2022,,,133.4,1244.81,107.2,,,km pour 1 000 km²,B,D5_trace_prefecture.csv ; table_maitresse_prefecture.csv,
O4-02,Préfecture,Yoto,2021-2022,,,58.458,1261.01,46.4,,,km pour 1 000 km²,B,D5_trace_prefecture.csv ; table_maitresse_prefecture.csv,
O4-02,Préfecture,Zio,2021-2022,,,106.207,2164.04,49.1,,,km pour 1 000 km²,B,D5_trace_prefecture.csv ; table_maitresse_prefecture.csv,
O4-03,Préfecture,Agou,2022,,,130.188,85793.0,15.17,,,km pour 10 000 habitants,B,D5_trace_prefecture.csv ; D7_population_prefecture_2022.csv,
O4-03,Préfecture,Agoè-Nyivé,2022,,,65.253,882695.0,0.74,,,km pour 10 000 habitants,B,D5_trace_prefecture.csv ; D7_population_prefecture_2022.csv,
O4-03,Préfecture,Akébou,2022,,,6.959,73830.0,0.94,,,km pour 10 000 habitants,B,D5_trace_prefecture.csv ; D7_population_prefecture_2022.csv,
O4-03,Préfecture,Amou,2022,,,93.757,114172.0,8.21,,,km pour 10 000 habitants,B,D5_trace_prefecture.csv ; D7_population_prefecture_2022.csv,
O4-03,Préfecture,Anié,2022,,,39.809,180158.0,2.21,,,km pour 10 000 habitants,B,D5_trace_prefecture.csv ; D7_population_prefecture_2022.csv,
O4-03,Préfecture,Assoli,2022,,,79.759,66394.0,12.01,,,km pour 10 000 habitants,B,D5_trace_prefecture.csv ; D7_population_prefecture_2022.csv,
O4-03,Préfecture,Avé,2022,,,120.818,111214.0,10.86,,,km pour 10 000 habitants,B,D5_trace_prefecture.csv ; D7_population_prefecture_2022.csv,
O4-03,Préfecture,Bas-Mono,2022,,,34.866,94860.0,3.68,,,km pour 10 000 habitants,B,D5_trace_prefecture.csv ; D7_population_prefecture_2022.csv,
O4-03,Préfecture,Bassar,2022,,,193.866,152065.0,12.75,,,km pour 10 000 habitants,B,D5_trace_prefecture.csv ; D7_population_prefecture_2022.csv,
O4-03,Préfecture,Binah,2022,,,45.241,84199.0,5.37,,,km pour 10 000 habitants,B,D5_trace_prefecture.csv ; D7_population_prefecture_2022.csv,
O4-03,Préfecture,Blitta,2022,,,128.637,163272.0,7.88,,,km pour 10 000 habitants,B,D5_trace_prefecture.csv ; D7_population_prefecture_2022.csv,
O4-03,Préfecture,Cinkassé,2022,,,39.282,128959.0,3.05,,,km pour 10 000 habitants,B,D5_trace_prefecture.csv ; D7_population_prefecture_2022.csv,
O4-03,Préfecture,Dankpen,2022,,,45.127,185662.0,2.43,,,km pour 10 000 habitants,B,D5_trace_prefecture.csv ; D7_population_prefecture_2022.csv,
O4-03,Préfecture,Danyi,2022,,,48.932,40240.0,12.16,,,km pour 10 000 habitants,B,D5_trace_prefecture.csv ; D7_population_prefecture_2022.csv,
O4-03,Préfecture,Doufelgou,2022,,,99.819,84767.0,11.78,,,km pour 10 000 habitants,B,D5_trace_prefecture.csv ; D7_population_prefecture_2022.csv,
O4-03,Préfecture,Est-Mono,2022,,,110.395,164460.0,6.71,,,km pour 10 000 habitants,B,D5_trace_prefecture.csv ; D7_population_prefecture_2022.csv,
O4-03,Préfecture,Golfe,2022,,,96.755,1305681.0,0.74,,,km pour 10 000 habitants,B,D5_trace_prefecture.csv ; D7_population_prefecture_2022.csv,
O4-03,Préfecture,Haho,2022,,,131.472,305096.0,4.31,,,km pour 10 000 habitants,B,D5_trace_prefecture.csv ; D7_population_prefecture_2022.csv,
O4-03,Préfecture,Kloto,2022,,,78.659,145986.0,5.39,,,km pour 10 000 habitants,B,D5_trace_prefecture.csv ; D7_population_prefecture_2022.csv,
O4-03,Préfecture,Kozah,2022,,,181.327,283738.0,6.39,,,km pour 10 000 habitants,B,D5_trace_prefecture.csv ; D7_population_prefecture_2022.csv,
O4-03,Préfecture,Kpendjal,2022,,,57.81,88365.0,6.54,,,km pour 10 000 habitants,B,D5_trace_prefecture.csv ; D7_population_prefecture_2022.csv,
O4-03,Préfecture,Kpendjal-Ouest,2022,,,45.606,123330.0,3.7,,,km pour 10 000 habitants,B,D5_trace_prefecture.csv ; D7_population_prefecture_2022.csv,
O4-03,Préfecture,Kpélé,2022,,,49.982,80939.0,6.18,,,km pour 10 000 habitants,B,D5_trace_prefecture.csv ; D7_population_prefecture_2022.csv,
O4-03,Préfecture,Kéran,2022,,,84.026,128687.0,6.53,,,km pour 10 000 habitants,B,D5_trace_prefecture.csv ; D7_population_prefecture_2022.csv,
O4-03,Préfecture,Lacs,2022,,,88.786,241247.0,3.68,,,km pour 10 000 habitants,B,D5_trace_prefecture.csv ; D7_population_prefecture_2022.csv,
O4-03,Préfecture,Moyen-Mono,2022,,,57.889,90505.0,6.4,,,km pour 10 000 habitants,B,D5_trace_prefecture.csv ; D7_population_prefecture_2022.csv,
O4-03,Préfecture,Mô,2022,,,0.0,52448.0,0.0,,,km pour 10 000 habitants,B,D5_trace_prefecture.csv ; D7_population_prefecture_2022.csv,
O4-03,Préfecture,Ogou,2022,,,132.513,253467.0,5.23,,,km pour 10 000 habitants,B,D5_trace_prefecture.csv ; D7_population_prefecture_2022.csv,
O4-03,Préfecture,Oti,2022,,,137.133,124848.0,10.98,,,km pour 10 000 habitants,B,D5_trace_prefecture.csv ; D7_population_prefecture_2022.csv,
O4-03,Préfecture,Oti-Sud,2022,,,128.489,150376.0,8.54,,,km pour 10 000 habitants,B,D5_trace_prefecture.csv ; D7_population_prefecture_2022.csv,
O4-03,Préfecture,Sotouboua,2022,,,82.793,138864.0,5.96,,,km pour 10 000 habitants,B,D5_trace_prefecture.csv ; D7_population_prefecture_2022.csv,
O4-03,Préfecture,Tandjoaré,2022,,,24.658,138867.0,1.78,,,km pour 10 000 habitants,B,D5_trace_prefecture.csv ; D7_population_prefecture_2022.csv,
O4-03,Préfecture,Tchamba,2022,,,123.081,200585.0,6.14,,,km pour 10 000 habitants,B,D5_trace_prefecture.csv ; D7_population_prefecture_2022.csv,
O4-03,Préfecture,Tchaoudjo,2022,,,121.431,240360.0,5.05,,,km pour 10 000 habitants,B,D5_trace_prefecture.csv ; D7_population_prefecture_2022.csv,
O4-03,Préfecture,Tône,2022,,,95.016,388775.0,2.44,,,km pour 10 000 habitants,B,D5_trace_prefecture.csv ; D7_population_prefecture_2022.csv,
O4-03,Préfecture,Vo,2022,,,63.151,224411.0,2.81,,,km pour 10 000 habitants,B,D5_trace_prefecture.csv ; D7_population_prefecture_2022.csv,
O4-03,Préfecture,Wawa,2022,,,133.4,101300.0,13.17,,,km pour 10 000 habitants,B,D5_trace_prefecture.csv ; D7_population_prefecture_2022.csv,
O4-03,Préfecture,Yoto,2022,,,58.458,174851.0,3.34,,,km pour 10 000 habitants,B,D5_trace_prefecture.csv ; D7_population_prefecture_2022.csv,
O4-03,Préfecture,Zio,2022,,,106.207,500032.0,2.12,,,km pour 10 000 habitants,B,D5_trace_prefecture.csv ; D7_population_prefecture_2022.csv,
O4-04,Préfecture,Agou,2021-2022,comptées (R-12),,,,0.0,,,auto-écoles,A,D6_auto_ecoles.csv,
O4-04,Préfecture,Agou,2021-2022,recensées,,,,1.0,,,auto-écoles,A,D6_auto_ecoles.csv,"agréées, antennes agréées, non agréées et non renseignées"
O4-04,Préfecture,Agoè-Nyivé,2021-2022,comptées (R-12),,,,29.0,,,auto-écoles,A,D6_auto_ecoles.csv,
O4-04,Préfecture,Agoè-Nyivé,2021-2022,recensées,,,,69.0,,,auto-écoles,A,D6_auto_ecoles.csv,"agréées, antennes agréées, non agréées et non renseignées"
O4-04,Préfecture,Akébou,2021-2022,comptées (R-12),,,,0.0,,,auto-écoles,A,D6_auto_ecoles.csv,
O4-04,Préfecture,Akébou,2021-2022,recensées,,,,0.0,,,auto-écoles,A,D6_auto_ecoles.csv,"agréées, antennes agréées, non agréées et non renseignées"
O4-04,Préfecture,Amou,2021-2022,comptées (R-12),,,,0.0,,,auto-écoles,A,D6_auto_ecoles.csv,
O4-04,Préfecture,Amou,2021-2022,recensées,,,,1.0,,,auto-écoles,A,D6_auto_ecoles.csv,"agréées, antennes agréées, non agréées et non renseignées"
O4-04,Préfecture,Anié,2021-2022,comptées (R-12),,,,1.0,,,auto-écoles,A,D6_auto_ecoles.csv,
O4-04,Préfecture,Anié,2021-2022,recensées,,,,1.0,,,auto-écoles,A,D6_auto_ecoles.csv,"agréées, antennes agréées, non agréées et non renseignées"
O4-04,Préfecture,Assoli,2021-2022,comptées (R-12),,,,1.0,,,auto-écoles,A,D6_auto_ecoles.csv,
O4-04,Préfecture,Assoli,2021-2022,recensées,,,,1.0,,,auto-écoles,A,D6_auto_ecoles.csv,"agréées, antennes agréées, non agréées et non renseignées"
O4-04,Préfecture,Avé,2021-2022,comptées (R-12),,,,0.0,,,auto-écoles,A,D6_auto_ecoles.csv,
O4-04,Préfecture,Avé,2021-2022,recensées,,,,0.0,,,auto-écoles,A,D6_auto_ecoles.csv,"agréées, antennes agréées, non agréées et non renseignées"
O4-04,Préfecture,Bas-Mono,2021-2022,comptées (R-12),,,,0.0,,,auto-écoles,A,D6_auto_ecoles.csv,
O4-04,Préfecture,Bas-Mono,2021-2022,recensées,,,,1.0,,,auto-écoles,A,D6_auto_ecoles.csv,"agréées, antennes agréées, non agréées et non renseignées"
O4-04,Préfecture,Bassar,2021-2022,comptées (R-12),,,,0.0,,,auto-écoles,A,D6_auto_ecoles.csv,
O4-04,Préfecture,Bassar,2021-2022,recensées,,,,2.0,,,auto-écoles,A,D6_auto_ecoles.csv,"agréées, antennes agréées, non agréées et non renseignées"
O4-04,Préfecture,Binah,2021-2022,comptées (R-12),,,,0.0,,,auto-écoles,A,D6_auto_ecoles.csv,
O4-04,Préfecture,Binah,2021-2022,recensées,,,,0.0,,,auto-écoles,A,D6_auto_ecoles.csv,"agréées, antennes agréées, non agréées et non renseignées"
O4-04,Préfecture,Blitta,2021-2022,comptées (R-12),,,,0.0,,,auto-écoles,A,D6_auto_ecoles.csv,
O4-04,Préfecture,Blitta,2021-2022,recensées,,,,2.0,,,auto-écoles,A,D6_auto_ecoles.csv,"agréées, antennes agréées, non agréées et non renseignées"
O4-04,Préfecture,Cinkassé,2021-2022,comptées (R-12),,,,1.0,,,auto-écoles,A,D6_auto_ecoles.csv,
O4-04,Préfecture,Cinkassé,2021-2022,recensées,,,,2.0,,,auto-écoles,A,D6_auto_ecoles.csv,"agréées, antennes agréées, non agréées et non renseignées"
O4-04,Préfecture,Dankpen,2021-2022,comptées (R-12),,,,0.0,,,auto-écoles,A,D6_auto_ecoles.csv,
O4-04,Préfecture,Dankpen,2021-2022,recensées,,,,0.0,,,auto-écoles,A,D6_auto_ecoles.csv,"agréées, antennes agréées, non agréées et non renseignées"
O4-04,Préfecture,Danyi,2021-2022,comptées (R-12),,,,0.0,,,auto-écoles,A,D6_auto_ecoles.csv,
O4-04,Préfecture,Danyi,2021-2022,recensées,,,,0.0,,,auto-écoles,A,D6_auto_ecoles.csv,"agréées, antennes agréées, non agréées et non renseignées"
O4-04,Préfecture,Doufelgou,2021-2022,comptées (R-12),,,,0.0,,,auto-écoles,A,D6_auto_ecoles.csv,
O4-04,Préfecture,Doufelgou,2021-2022,recensées,,,,0.0,,,auto-écoles,A,D6_auto_ecoles.csv,"agréées, antennes agréées, non agréées et non renseignées"
O4-04,Préfecture,Est-Mono,2021-2022,comptées (R-12),,,,0.0,,,auto-écoles,A,D6_auto_ecoles.csv,
O4-04,Préfecture,Est-Mono,2021-2022,recensées,,,,0.0,,,auto-écoles,A,D6_auto_ecoles.csv,"agréées, antennes agréées, non agréées et non renseignées"
O4-04,Préfecture,Golfe,2021-2022,comptées (R-12),,,,74.0,,,auto-écoles,A,D6_auto_ecoles.csv,
O4-04,Préfecture,Golfe,2021-2022,recensées,,,,143.0,,,auto-écoles,A,D6_auto_ecoles.csv,"agréées, antennes agréées, non agréées et non renseignées"
O4-04,Préfecture,Haho,2021-2022,comptées (R-12),,,,0.0,,,auto-écoles,A,D6_auto_ecoles.csv,
O4-04,Préfecture,Haho,2021-2022,recensées,,,,0.0,,,auto-écoles,A,D6_auto_ecoles.csv,"agréées, antennes agréées, non agréées et non renseignées"
O4-04,Préfecture,Kloto,2021-2022,comptées (R-12),,,,3.0,,,auto-écoles,A,D6_auto_ecoles.csv,
O4-04,Préfecture,Kloto,2021-2022,recensées,,,,3.0,,,auto-écoles,A,D6_auto_ecoles.csv,"agréées, antennes agréées, non agréées et non renseignées"
O4-04,Préfecture,Kozah,2021-2022,comptées (R-12),,,,6.0,,,auto-écoles,A,D6_auto_ecoles.csv,
O4-04,Préfecture,Kozah,2021-2022,recensées,,,,11.0,,,auto-écoles,A,D6_auto_ecoles.csv,"agréées, antennes agréées, non agréées et non renseignées"
O4-04,Préfecture,Kpendjal,2021-2022,comptées (R-12),,,,0.0,,,auto-écoles,A,D6_auto_ecoles.csv,
O4-04,Préfecture,Kpendjal,2021-2022,recensées,,,,0.0,,,auto-écoles,A,D6_auto_ecoles.csv,"agréées, antennes agréées, non agréées et non renseignées"
O4-04,Préfecture,Kpendjal-Ouest,2021-2022,comptées (R-12),,,,0.0,,,auto-écoles,A,D6_auto_ecoles.csv,
O4-04,Préfecture,Kpendjal-Ouest,2021-2022,recensées,,,,0.0,,,auto-écoles,A,D6_auto_ecoles.csv,"agréées, antennes agréées, non agréées et non renseignées"
O4-04,Préfecture,Kpélé,2021-2022,comptées (R-12),,,,1.0,,,auto-écoles,A,D6_auto_ecoles.csv,
O4-04,Préfecture,Kpélé,2021-2022,recensées,,,,2.0,,,auto-écoles,A,D6_auto_ecoles.csv,"agréées, antennes agréées, non agréées et non renseignées"
O4-04,Préfecture,Kéran,2021-2022,comptées (R-12),,,,0.0,,,auto-écoles,A,D6_auto_ecoles.csv,
O4-04,Préfecture,Kéran,2021-2022,recensées,,,,0.0,,,auto-écoles,A,D6_auto_ecoles.csv,"agréées, antennes agréées, non agréées et non renseignées"
O4-04,Préfecture,Lacs,2021-2022,comptées (R-12),,,,2.0,,,auto-écoles,A,D6_auto_ecoles.csv,
O4-04,Préfecture,Lacs,2021-2022,recensées,,,,5.0,,,auto-écoles,A,D6_auto_ecoles.csv,"agréées, antennes agréées, non agréées et non renseignées"
O4-04,Préfecture,Moyen-Mono,2021-2022,comptées (R-12),,,,0.0,,,auto-écoles,A,D6_auto_ecoles.csv,
O4-04,Préfecture,Moyen-Mono,2021-2022,recensées,,,,0.0,,,auto-écoles,A,D6_auto_ecoles.csv,"agréées, antennes agréées, non agréées et non renseignées"
O4-04,Préfecture,Mô,2021-2022,comptées (R-12),,,,0.0,,,auto-écoles,A,D6_auto_ecoles.csv,
O4-04,Préfecture,Mô,2021-2022,recensées,,,,0.0,,,auto-écoles,A,D6_auto_ecoles.csv,"agréées, antennes agréées, non agréées et non renseignées"
O4-04,Préfecture,Ogou,2021-2022,comptées (R-12),,,,2.0,,,auto-écoles,A,D6_auto_ecoles.csv,
O4-04,Préfecture,Ogou,2021-2022,recensées,,,,2.0,,,auto-écoles,A,D6_auto_ecoles.csv,"agréées, antennes agréées, non agréées et non renseignées"
O4-04,Préfecture,Oti,2021-2022,comptées (R-12),,,,0.0,,,auto-écoles,A,D6_auto_ecoles.csv,
O4-04,Préfecture,Oti,2021-2022,recensées,,,,3.0,,,auto-écoles,A,D6_auto_ecoles.csv,"agréées, antennes agréées, non agréées et non renseignées"
O4-04,Préfecture,Oti-Sud,2021-2022,comptées (R-12),,,,0.0,,,auto-écoles,A,D6_auto_ecoles.csv,
O4-04,Préfecture,Oti-Sud,2021-2022,recensées,,,,0.0,,,auto-écoles,A,D6_auto_ecoles.csv,"agréées, antennes agréées, non agréées et non renseignées"
O4-04,Préfecture,Sotouboua,2021-2022,comptées (R-12),,,,2.0,,,auto-écoles,A,D6_auto_ecoles.csv,
O4-04,Préfecture,Sotouboua,2021-2022,recensées,,,,4.0,,,auto-écoles,A,D6_auto_ecoles.csv,"agréées, antennes agréées, non agréées et non renseignées"
O4-04,Préfecture,Tandjoaré,2021-2022,comptées (R-12),,,,0.0,,,auto-écoles,A,D6_auto_ecoles.csv,
O4-04,Préfecture,Tandjoaré,2021-2022,recensées,,,,0.0,,,auto-écoles,A,D6_auto_ecoles.csv,"agréées, antennes agréées, non agréées et non renseignées"
O4-04,Préfecture,Tchamba,2021-2022,comptées (R-12),,,,0.0,,,auto-écoles,A,D6_auto_ecoles.csv,
O4-04,Préfecture,Tchamba,2021-2022,recensées,,,,2.0,,,auto-écoles,A,D6_auto_ecoles.csv,"agréées, antennes agréées, non agréées et non renseignées"
O4-04,Préfecture,Tchaoudjo,2021-2022,comptées (R-12),,,,2.0,,,auto-écoles,A,D6_auto_ecoles.csv,
O4-04,Préfecture,Tchaoudjo,2021-2022,recensées,,,,4.0,,,auto-écoles,A,D6_auto_ecoles.csv,"agréées, antennes agréées, non agréées et non renseignées"
O4-04,Préfecture,Tône,2021-2022,comptées (R-12),,,,3.0,,,auto-écoles,A,D6_auto_ecoles.csv,
O4-04,Préfecture,Tône,2021-2022,recensées,,,,5.0,,,auto-écoles,A,D6_auto_ecoles.csv,"agréées, antennes agréées, non agréées et non renseignées"
O4-04,Préfecture,Vo,2021-2022,comptées (R-12),,,,2.0,,,auto-écoles,A,D6_auto_ecoles.csv,
O4-04,Préfecture,Vo,2021-2022,recensées,,,,3.0,,,auto-écoles,A,D6_auto_ecoles.csv,"agréées, antennes agréées, non agréées et non renseignées"
O4-04,Préfecture,Wawa,2021-2022,comptées (R-12),,,,2.0,,,auto-écoles,A,D6_auto_ecoles.csv,
O4-04,Préfecture,Wawa,2021-2022,recensées,,,,2.0,,,auto-écoles,A,D6_auto_ecoles.csv,"agréées, antennes agréées, non agréées et non renseignées"
O4-04,Préfecture,Yoto,2021-2022,comptées (R-12),,,,0.0,,,auto-écoles,A,D6_auto_ecoles.csv,
O4-04,Préfecture,Yoto,2021-2022,recensées,,,,1.0,,,auto-écoles,A,D6_auto_ecoles.csv,"agréées, antennes agréées, non agréées et non renseignées"
O4-04,Préfecture,Zio,2021-2022,comptées (R-12),,,,1.0,,,auto-écoles,A,D6_auto_ecoles.csv,
O4-04,Préfecture,Zio,2021-2022,recensées,,,,2.0,,,auto-écoles,A,D6_auto_ecoles.csv,"agréées, antennes agréées, non agréées et non renseignées"
O4-05,Préfecture,Agou,2022,,,0.0,85793.0,0.0,,,pour 100 000 habitants,C,D6_auto_ecoles.csv ; D7_population_prefecture_2022.csv,activité non vérifiée (écart 13)
O4-05,Préfecture,Agoè-Nyivé,2022,,,29.0,882695.0,3.29,,,pour 100 000 habitants,C,D6_auto_ecoles.csv ; D7_population_prefecture_2022.csv,activité non vérifiée (écart 13)
O4-05,Préfecture,Akébou,2022,,,0.0,73830.0,0.0,,,pour 100 000 habitants,C,D6_auto_ecoles.csv ; D7_population_prefecture_2022.csv,activité non vérifiée (écart 13)
O4-05,Préfecture,Amou,2022,,,0.0,114172.0,0.0,,,pour 100 000 habitants,C,D6_auto_ecoles.csv ; D7_population_prefecture_2022.csv,activité non vérifiée (écart 13)
O4-05,Préfecture,Anié,2022,,,1.0,180158.0,0.56,,,pour 100 000 habitants,C,D6_auto_ecoles.csv ; D7_population_prefecture_2022.csv,activité non vérifiée (écart 13)
O4-05,Préfecture,Assoli,2022,,,1.0,66394.0,1.51,,,pour 100 000 habitants,C,D6_auto_ecoles.csv ; D7_population_prefecture_2022.csv,activité non vérifiée (écart 13)
O4-05,Préfecture,Avé,2022,,,0.0,111214.0,0.0,,,pour 100 000 habitants,C,D6_auto_ecoles.csv ; D7_population_prefecture_2022.csv,activité non vérifiée (écart 13)
O4-05,Préfecture,Bas-Mono,2022,,,0.0,94860.0,0.0,,,pour 100 000 habitants,C,D6_auto_ecoles.csv ; D7_population_prefecture_2022.csv,activité non vérifiée (écart 13)
O4-05,Préfecture,Bassar,2022,,,0.0,152065.0,0.0,,,pour 100 000 habitants,C,D6_auto_ecoles.csv ; D7_population_prefecture_2022.csv,activité non vérifiée (écart 13)
O4-05,Préfecture,Binah,2022,,,0.0,84199.0,0.0,,,pour 100 000 habitants,C,D6_auto_ecoles.csv ; D7_population_prefecture_2022.csv,activité non vérifiée (écart 13)
O4-05,Préfecture,Blitta,2022,,,0.0,163272.0,0.0,,,pour 100 000 habitants,C,D6_auto_ecoles.csv ; D7_population_prefecture_2022.csv,activité non vérifiée (écart 13)
O4-05,Préfecture,Cinkassé,2022,,,1.0,128959.0,0.78,,,pour 100 000 habitants,C,D6_auto_ecoles.csv ; D7_population_prefecture_2022.csv,activité non vérifiée (écart 13)
O4-05,Préfecture,Dankpen,2022,,,0.0,185662.0,0.0,,,pour 100 000 habitants,C,D6_auto_ecoles.csv ; D7_population_prefecture_2022.csv,activité non vérifiée (écart 13)
O4-05,Préfecture,Danyi,2022,,,0.0,40240.0,0.0,,,pour 100 000 habitants,C,D6_auto_ecoles.csv ; D7_population_prefecture_2022.csv,activité non vérifiée (écart 13)
O4-05,Préfecture,Doufelgou,2022,,,0.0,84767.0,0.0,,,pour 100 000 habitants,C,D6_auto_ecoles.csv ; D7_population_prefecture_2022.csv,activité non vérifiée (écart 13)
O4-05,Préfecture,Est-Mono,2022,,,0.0,164460.0,0.0,,,pour 100 000 habitants,C,D6_auto_ecoles.csv ; D7_population_prefecture_2022.csv,activité non vérifiée (écart 13)
O4-05,Préfecture,Golfe,2022,,,74.0,1305681.0,5.67,,,pour 100 000 habitants,C,D6_auto_ecoles.csv ; D7_population_prefecture_2022.csv,activité non vérifiée (écart 13)
O4-05,Préfecture,Haho,2022,,,0.0,305096.0,0.0,,,pour 100 000 habitants,C,D6_auto_ecoles.csv ; D7_population_prefecture_2022.csv,activité non vérifiée (écart 13)
O4-05,Préfecture,Kloto,2022,,,3.0,145986.0,2.05,,,pour 100 000 habitants,C,D6_auto_ecoles.csv ; D7_population_prefecture_2022.csv,activité non vérifiée (écart 13)
O4-05,Préfecture,Kozah,2022,,,6.0,283738.0,2.11,,,pour 100 000 habitants,C,D6_auto_ecoles.csv ; D7_population_prefecture_2022.csv,activité non vérifiée (écart 13)
O4-05,Préfecture,Kpendjal,2022,,,0.0,88365.0,0.0,,,pour 100 000 habitants,C,D6_auto_ecoles.csv ; D7_population_prefecture_2022.csv,activité non vérifiée (écart 13)
O4-05,Préfecture,Kpendjal-Ouest,2022,,,0.0,123330.0,0.0,,,pour 100 000 habitants,C,D6_auto_ecoles.csv ; D7_population_prefecture_2022.csv,activité non vérifiée (écart 13)
O4-05,Préfecture,Kpélé,2022,,,1.0,80939.0,1.24,,,pour 100 000 habitants,C,D6_auto_ecoles.csv ; D7_population_prefecture_2022.csv,activité non vérifiée (écart 13)
O4-05,Préfecture,Kéran,2022,,,0.0,128687.0,0.0,,,pour 100 000 habitants,C,D6_auto_ecoles.csv ; D7_population_prefecture_2022.csv,activité non vérifiée (écart 13)
O4-05,Préfecture,Lacs,2022,,,2.0,241247.0,0.83,,,pour 100 000 habitants,C,D6_auto_ecoles.csv ; D7_population_prefecture_2022.csv,activité non vérifiée (écart 13)
O4-05,Préfecture,Moyen-Mono,2022,,,0.0,90505.0,0.0,,,pour 100 000 habitants,C,D6_auto_ecoles.csv ; D7_population_prefecture_2022.csv,activité non vérifiée (écart 13)
O4-05,Préfecture,Mô,2022,,,0.0,52448.0,0.0,,,pour 100 000 habitants,C,D6_auto_ecoles.csv ; D7_population_prefecture_2022.csv,activité non vérifiée (écart 13)
O4-05,Préfecture,Ogou,2022,,,2.0,253467.0,0.79,,,pour 100 000 habitants,C,D6_auto_ecoles.csv ; D7_population_prefecture_2022.csv,activité non vérifiée (écart 13)
O4-05,Préfecture,Oti,2022,,,0.0,124848.0,0.0,,,pour 100 000 habitants,C,D6_auto_ecoles.csv ; D7_population_prefecture_2022.csv,activité non vérifiée (écart 13)
O4-05,Préfecture,Oti-Sud,2022,,,0.0,150376.0,0.0,,,pour 100 000 habitants,C,D6_auto_ecoles.csv ; D7_population_prefecture_2022.csv,activité non vérifiée (écart 13)
O4-05,Préfecture,Sotouboua,2022,,,2.0,138864.0,1.44,,,pour 100 000 habitants,C,D6_auto_ecoles.csv ; D7_population_prefecture_2022.csv,activité non vérifiée (écart 13)
O4-05,Préfecture,Tandjoaré,2022,,,0.0,138867.0,0.0,,,pour 100 000 habitants,C,D6_auto_ecoles.csv ; D7_population_prefecture_2022.csv,activité non vérifiée (écart 13)
O4-05,Préfecture,Tchamba,2022,,,0.0,200585.0,0.0,,,pour 100 000 habitants,C,D6_auto_ecoles.csv ; D7_population_prefecture_2022.csv,activité non vérifiée (écart 13)
O4-05,Préfecture,Tchaoudjo,2022,,,2.0,240360.0,0.83,,,pour 100 000 habitants,C,D6_auto_ecoles.csv ; D7_population_prefecture_2022.csv,activité non vérifiée (écart 13)
O4-05,Préfecture,Tône,2022,,,3.0,388775.0,0.77,,,pour 100 000 habitants,C,D6_auto_ecoles.csv ; D7_population_prefecture_2022.csv,activité non vérifiée (écart 13)
O4-05,Préfecture,Vo,2022,,,2.0,224411.0,0.89,,,pour 100 000 habitants,C,D6_auto_ecoles.csv ; D7_population_prefecture_2022.csv,activité non vérifiée (écart 13)
O4-05,Préfecture,Wawa,2022,,,2.0,101300.0,1.97,,,pour 100 000 habitants,C,D6_auto_ecoles.csv ; D7_population_prefecture_2022.csv,activité non vérifiée (écart 13)
O4-05,Préfecture,Yoto,2022,,,0.0,174851.0,0.0,,,pour 100 000 habitants,C,D6_auto_ecoles.csv ; D7_population_prefecture_2022.csv,activité non vérifiée (écart 13)
O4-05,Préfecture,Zio,2022,,,1.0,500032.0,0.2,,,pour 100 000 habitants,C,D6_auto_ecoles.csv ; D7_population_prefecture_2022.csv,activité non vérifiée (écart 13)
O4-06,Préfecture,Agou,2022,,,85793.0,0.0,,,,habitants,C,D6_auto_ecoles.csv ; D7_population_prefecture_2022.csv,non défini : aucune auto-école comptée (R-10)
O4-06,Préfecture,Agoè-Nyivé,2022,,,882695.0,29.0,30438.0,,,habitants,C,D6_auto_ecoles.csv ; D7_population_prefecture_2022.csv,
O4-06,Préfecture,Akébou,2022,,,73830.0,0.0,,,,habitants,C,D6_auto_ecoles.csv ; D7_population_prefecture_2022.csv,non défini : aucune auto-école comptée (R-10)
O4-06,Préfecture,Amou,2022,,,114172.0,0.0,,,,habitants,C,D6_auto_ecoles.csv ; D7_population_prefecture_2022.csv,non défini : aucune auto-école comptée (R-10)
O4-06,Préfecture,Anié,2022,,,180158.0,1.0,180158.0,,,habitants,C,D6_auto_ecoles.csv ; D7_population_prefecture_2022.csv,
O4-06,Préfecture,Assoli,2022,,,66394.0,1.0,66394.0,,,habitants,C,D6_auto_ecoles.csv ; D7_population_prefecture_2022.csv,
O4-06,Préfecture,Avé,2022,,,111214.0,0.0,,,,habitants,C,D6_auto_ecoles.csv ; D7_population_prefecture_2022.csv,non défini : aucune auto-école comptée (R-10)
O4-06,Préfecture,Bas-Mono,2022,,,94860.0,0.0,,,,habitants,C,D6_auto_ecoles.csv ; D7_population_prefecture_2022.csv,non défini : aucune auto-école comptée (R-10)
O4-06,Préfecture,Bassar,2022,,,152065.0,0.0,,,,habitants,C,D6_auto_ecoles.csv ; D7_population_prefecture_2022.csv,non défini : aucune auto-école comptée (R-10)
O4-06,Préfecture,Binah,2022,,,84199.0,0.0,,,,habitants,C,D6_auto_ecoles.csv ; D7_population_prefecture_2022.csv,non défini : aucune auto-école comptée (R-10)
O4-06,Préfecture,Blitta,2022,,,163272.0,0.0,,,,habitants,C,D6_auto_ecoles.csv ; D7_population_prefecture_2022.csv,non défini : aucune auto-école comptée (R-10)
O4-06,Préfecture,Cinkassé,2022,,,128959.0,1.0,128959.0,,,habitants,C,D6_auto_ecoles.csv ; D7_population_prefecture_2022.csv,
O4-06,Préfecture,Dankpen,2022,,,185662.0,0.0,,,,habitants,C,D6_auto_ecoles.csv ; D7_population_prefecture_2022.csv,non défini : aucune auto-école comptée (R-10)
O4-06,Préfecture,Danyi,2022,,,40240.0,0.0,,,,habitants,C,D6_auto_ecoles.csv ; D7_population_prefecture_2022.csv,non défini : aucune auto-école comptée (R-10)
O4-06,Préfecture,Doufelgou,2022,,,84767.0,0.0,,,,habitants,C,D6_auto_ecoles.csv ; D7_population_prefecture_2022.csv,non défini : aucune auto-école comptée (R-10)
O4-06,Préfecture,Est-Mono,2022,,,164460.0,0.0,,,,habitants,C,D6_auto_ecoles.csv ; D7_population_prefecture_2022.csv,non défini : aucune auto-école comptée (R-10)
O4-06,Préfecture,Golfe,2022,,,1305681.0,74.0,17644.0,,,habitants,C,D6_auto_ecoles.csv ; D7_population_prefecture_2022.csv,
O4-06,Préfecture,Haho,2022,,,305096.0,0.0,,,,habitants,C,D6_auto_ecoles.csv ; D7_population_prefecture_2022.csv,non défini : aucune auto-école comptée (R-10)
O4-06,Préfecture,Kloto,2022,,,145986.0,3.0,48662.0,,,habitants,C,D6_auto_ecoles.csv ; D7_population_prefecture_2022.csv,
O4-06,Préfecture,Kozah,2022,,,283738.0,6.0,47290.0,,,habitants,C,D6_auto_ecoles.csv ; D7_population_prefecture_2022.csv,
O4-06,Préfecture,Kpendjal,2022,,,88365.0,0.0,,,,habitants,C,D6_auto_ecoles.csv ; D7_population_prefecture_2022.csv,non défini : aucune auto-école comptée (R-10)
O4-06,Préfecture,Kpendjal-Ouest,2022,,,123330.0,0.0,,,,habitants,C,D6_auto_ecoles.csv ; D7_population_prefecture_2022.csv,non défini : aucune auto-école comptée (R-10)
O4-06,Préfecture,Kpélé,2022,,,80939.0,1.0,80939.0,,,habitants,C,D6_auto_ecoles.csv ; D7_population_prefecture_2022.csv,
O4-06,Préfecture,Kéran,2022,,,128687.0,0.0,,,,habitants,C,D6_auto_ecoles.csv ; D7_population_prefecture_2022.csv,non défini : aucune auto-école comptée (R-10)
O4-06,Préfecture,Lacs,2022,,,241247.0,2.0,120624.0,,,habitants,C,D6_auto_ecoles.csv ; D7_population_prefecture_2022.csv,
O4-06,Préfecture,Moyen-Mono,2022,,,90505.0,0.0,,,,habitants,C,D6_auto_ecoles.csv ; D7_population_prefecture_2022.csv,non défini : aucune auto-école comptée (R-10)
O4-06,Préfecture,Mô,2022,,,52448.0,0.0,,,,habitants,C,D6_auto_ecoles.csv ; D7_population_prefecture_2022.csv,non défini : aucune auto-école comptée (R-10)
O4-06,Préfecture,Ogou,2022,,,253467.0,2.0,126734.0,,,habitants,C,D6_auto_ecoles.csv ; D7_population_prefecture_2022.csv,
O4-06,Préfecture,Oti,2022,,,124848.0,0.0,,,,habitants,C,D6_auto_ecoles.csv ; D7_population_prefecture_2022.csv,non défini : aucune auto-école comptée (R-10)
O4-06,Préfecture,Oti-Sud,2022,,,150376.0,0.0,,,,habitants,C,D6_auto_ecoles.csv ; D7_population_prefecture_2022.csv,non défini : aucune auto-école comptée (R-10)
O4-06,Préfecture,Sotouboua,2022,,,138864.0,2.0,69432.0,,,habitants,C,D6_auto_ecoles.csv ; D7_population_prefecture_2022.csv,
O4-06,Préfecture,Tandjoaré,2022,,,138867.0,0.0,,,,habitants,C,D6_auto_ecoles.csv ; D7_population_prefecture_2022.csv,non défini : aucune auto-école comptée (R-10)
O4-06,Préfecture,Tchamba,2022,,,200585.0,0.0,,,,habitants,C,D6_auto_ecoles.csv ; D7_population_prefecture_2022.csv,non défini : aucune auto-école comptée (R-10)
O4-06,Préfecture,Tchaoudjo,2022,,,240360.0,2.0,120180.0,,,habitants,C,D6_auto_ecoles.csv ; D7_population_prefecture_2022.csv,
O4-06,Préfecture,Tône,2022,,,388775.0,3.0,129592.0,,,habitants,C,D6_auto_ecoles.csv ; D7_population_prefecture_2022.csv,
O4-06,Préfecture,Vo,2022,,,224411.0,2.0,112206.0,,,habitants,C,D6_auto_ecoles.csv ; D7_population_prefecture_2022.csv,
O4-06,Préfecture,Wawa,2022,,,101300.0,2.0,50650.0,,,habitants,C,D6_auto_ecoles.csv ; D7_population_prefecture_2022.csv,
O4-06,Préfecture,Yoto,2022,,,174851.0,0.0,,,,habitants,C,D6_auto_ecoles.csv ; D7_population_prefecture_2022.csv,non défini : aucune auto-école comptée (R-10)
O4-06,Préfecture,Zio,2022,,,500032.0,1.0,500032.0,,,habitants,C,D6_auto_ecoles.csv ; D7_population_prefecture_2022.csv,
O4-07,Préfecture,Agou,2022,sans auto-école comptée (R-12),population,,,85793.0,,,habitants,B,D6_auto_ecoles.csv ; D7_population_prefecture_2022.csv,"nature du zéro : 1 auto-école(s) recensée(s), aucune agréée ; vérifier leur activité et leur agrément"
O4-07,Préfecture,Akébou,2022,sans auto-école comptée (R-12),population,,,73830.0,,,habitants,B,D6_auto_ecoles.csv ; D7_population_prefecture_2022.csv,nature du zéro : aucune auto-école recensée ; vérifier sur place qu’il n’en existe pas
O4-07,Préfecture,Amou,2022,sans auto-école comptée (R-12),population,,,114172.0,,,habitants,B,D6_auto_ecoles.csv ; D7_population_prefecture_2022.csv,"nature du zéro : 1 auto-école(s) recensée(s), aucune agréée ; vérifier leur activité et leur agrément"
O4-07,Préfecture,Avé,2022,sans auto-école comptée (R-12),population,,,111214.0,,,habitants,B,D6_auto_ecoles.csv ; D7_population_prefecture_2022.csv,nature du zéro : aucune auto-école recensée ; vérifier sur place qu’il n’en existe pas
O4-07,Préfecture,Bas-Mono,2022,sans auto-école comptée (R-12),population,,,94860.0,,,habitants,B,D6_auto_ecoles.csv ; D7_population_prefecture_2022.csv,"nature du zéro : 1 auto-école(s) recensée(s), aucune agréée ; vérifier leur activité et leur agrément"
O4-07,Préfecture,Bassar,2022,sans auto-école comptée (R-12),population,,,152065.0,,,habitants,B,D6_auto_ecoles.csv ; D7_population_prefecture_2022.csv,"nature du zéro : 2 auto-école(s) recensée(s), aucune agréée ; vérifier leur activité et leur agrément"
O4-07,Préfecture,Binah,2022,sans auto-école comptée (R-12),population,,,84199.0,,,habitants,B,D6_auto_ecoles.csv ; D7_population_prefecture_2022.csv,nature du zéro : aucune auto-école recensée ; vérifier sur place qu’il n’en existe pas
O4-07,Préfecture,Blitta,2022,sans auto-école comptée (R-12),population,,,163272.0,,,habitants,B,D6_auto_ecoles.csv ; D7_population_prefecture_2022.csv,"nature du zéro : 2 auto-école(s) recensée(s), aucune agréée ; vérifier leur activité et leur agrément"
O4-07,Préfecture,Dankpen,2022,sans auto-école comptée (R-12),population,,,185662.0,,,habitants,B,D6_auto_ecoles.csv ; D7_population_prefecture_2022.csv,nature du zéro : aucune auto-école recensée ; vérifier sur place qu’il n’en existe pas
O4-07,Préfecture,Danyi,2022,sans auto-école comptée (R-12),population,,,40240.0,,,habitants,B,D6_auto_ecoles.csv ; D7_population_prefecture_2022.csv,nature du zéro : aucune auto-école recensée ; vérifier sur place qu’il n’en existe pas
O4-07,Préfecture,Doufelgou,2022,sans auto-école comptée (R-12),population,,,84767.0,,,habitants,B,D6_auto_ecoles.csv ; D7_population_prefecture_2022.csv,nature du zéro : aucune auto-école recensée ; vérifier sur place qu’il n’en existe pas
O4-07,Préfecture,Est-Mono,2022,sans auto-école comptée (R-12),population,,,164460.0,,,habitants,B,D6_auto_ecoles.csv ; D7_population_prefecture_2022.csv,nature du zéro : aucune auto-école recensée ; vérifier sur place qu’il n’en existe pas
O4-07,Préfecture,Haho,2022,sans auto-école comptée (R-12),population,,,305096.0,,,habitants,B,D6_auto_ecoles.csv ; D7_population_prefecture_2022.csv,nature du zéro : aucune auto-école recensée ; vérifier sur place qu’il n’en existe pas
O4-07,Préfecture,Kpendjal,2022,sans auto-école comptée (R-12),population,,,88365.0,,,habitants,B,D6_auto_ecoles.csv ; D7_population_prefecture_2022.csv,nature du zéro : aucune auto-école recensée ; vérifier sur place qu’il n’en existe pas
O4-07,Préfecture,Kpendjal-Ouest,2022,sans auto-école comptée (R-12),population,,,123330.0,,,habitants,B,D6_auto_ecoles.csv ; D7_population_prefecture_2022.csv,nature du zéro : aucune auto-école recensée ; vérifier sur place qu’il n’en existe pas
O4-07,Préfecture,Kéran,2022,sans auto-école comptée (R-12),population,,,128687.0,,,habitants,B,D6_auto_ecoles.csv ; D7_population_prefecture_2022.csv,nature du zéro : aucune auto-école recensée ; vérifier sur place qu’il n’en existe pas
O4-07,Préfecture,Moyen-Mono,2022,sans auto-école comptée (R-12),population,,,90505.0,,,habitants,B,D6_auto_ecoles.csv ; D7_population_prefecture_2022.csv,nature du zéro : aucune auto-école recensée ; vérifier sur place qu’il n’en existe pas
O4-07,Préfecture,Mô,2022,sans auto-école comptée (R-12),population,,,52448.0,,,habitants,B,D6_auto_ecoles.csv ; D7_population_prefecture_2022.csv,nature du zéro : aucune auto-école recensée ; vérifier sur place qu’il n’en existe pas
O4-07,Préfecture,Oti,2022,sans auto-école comptée (R-12),population,,,124848.0,,,habitants,B,D6_auto_ecoles.csv ; D7_population_prefecture_2022.csv,"nature du zéro : 3 auto-école(s) recensée(s), aucune agréée ; vérifier leur activité et leur agrément"
O4-07,Préfecture,Oti-Sud,2022,sans auto-école comptée (R-12),population,,,150376.0,,,habitants,B,D6_auto_ecoles.csv ; D7_population_prefecture_2022.csv,nature du zéro : aucune auto-école recensée ; vérifier sur place qu’il n’en existe pas
O4-07,Préfecture,Tandjoaré,2022,sans auto-école comptée (R-12),population,,,138867.0,,,habitants,B,D6_auto_ecoles.csv ; D7_population_prefecture_2022.csv,nature du zéro : aucune auto-école recensée ; vérifier sur place qu’il n’en existe pas
O4-07,Préfecture,Tchamba,2022,sans auto-école comptée (R-12),population,,,200585.0,,,habitants,B,D6_auto_ecoles.csv ; D7_population_prefecture_2022.csv,"nature du zéro : 2 auto-école(s) recensée(s), aucune agréée ; vérifier leur activité et leur agrément"
O4-07,Préfecture,Yoto,2022,sans auto-école comptée (R-12),population,,,174851.0,,,habitants,B,D6_auto_ecoles.csv ; D7_population_prefecture_2022.csv,"nature du zéro : 1 auto-école(s) recensée(s), aucune agréée ; vérifier leur activité et leur agrément"
O4-07,National,Togo,2022,sans auto-école comptée (R-12),nombre de préfectures,,,23.0,,,préfectures,B,D6_auto_ecoles.csv,
O4-07,National,Togo,2022,sans auto-école comptée (R-12),population,,,2932492.0,,,habitants,B,D6_auto_ecoles.csv ; D7_population_prefecture_2022.csv,
O4-07,National,Togo,2022,sans aucune auto-école recensée (définition littérale du 02),nombre de préfectures,,,15.0,,,préfectures,B,D6_auto_ecoles.csv,
O4-07,National,Togo,2022,sans aucune auto-école recensée (définition littérale du 02),population,,,1822046.0,,,habitants,B,D6_auto_ecoles.csv ; D7_population_prefecture_2022.csv,
O4-08,Préfecture,Agou,2021-2022,,distance (km),,,11.0,,,km,C,D13_points_depart_o4_08.csv ; D6_auto_ecoles.csv,point de départ : chef-lieu HDX ; auto-école la plus proche : Kloto ; au-delà de SE-08 (10 km)
O4-08,Préfecture,Agou,2022,,population si le point de départ est au-delà de SE-08 (10 km),,,85793.0,,,habitants,C,D7_population_prefecture_2022.csv ; D13_points_depart_o4_08.csv,"population de la préfecture, pas population à plus de 10 km : pas de grille (04 §8)"
O4-08,Préfecture,Agoè-Nyivé,2021-2022,,distance (km),,,1.8,,,km,C,D13_points_depart_o4_08.csv ; D6_auto_ecoles.csv,point de départ : point d'étiquette HDX ; auto-école la plus proche : Agoè-Nyivé
O4-08,Préfecture,Agoè-Nyivé,2022,,population si le point de départ est au-delà de SE-08 (10 km),,,0.0,,,habitants,C,D7_population_prefecture_2022.csv ; D13_points_depart_o4_08.csv,"population de la préfecture, pas population à plus de 10 km : pas de grille (04 §8)"
O4-08,Préfecture,Akébou,2021-2022,,distance (km),,,31.3,,,km,C,D13_points_depart_o4_08.csv ; D6_auto_ecoles.csv,point de départ : point d'étiquette HDX ; auto-école la plus proche : Wawa ; au-delà de SE-08 (10 km)
O4-08,Préfecture,Akébou,2022,,population si le point de départ est au-delà de SE-08 (10 km),,,73830.0,,,habitants,C,D7_population_prefecture_2022.csv ; D13_points_depart_o4_08.csv,"population de la préfecture, pas population à plus de 10 km : pas de grille (04 §8)"
O4-08,Préfecture,Amou,2021-2022,,distance (km),,,28.4,,,km,C,D13_points_depart_o4_08.csv ; D6_auto_ecoles.csv,point de départ : chef-lieu HDX ; auto-école la plus proche : Ogou ; au-delà de SE-08 (10 km)
O4-08,Préfecture,Amou,2022,,population si le point de départ est au-delà de SE-08 (10 km),,,114172.0,,,habitants,C,D7_population_prefecture_2022.csv ; D13_points_depart_o4_08.csv,"population de la préfecture, pas population à plus de 10 km : pas de grille (04 §8)"
O4-08,Préfecture,Anié,2021-2022,,distance (km),,,24.7,,,km,C,D13_points_depart_o4_08.csv ; D6_auto_ecoles.csv,point de départ : point d'étiquette HDX ; auto-école la plus proche : Anié ; au-delà de SE-08 (10 km)
O4-08,Préfecture,Anié,2022,,population si le point de départ est au-delà de SE-08 (10 km),,,180158.0,,,habitants,C,D7_population_prefecture_2022.csv ; D13_points_depart_o4_08.csv,"population de la préfecture, pas population à plus de 10 km : pas de grille (04 §8)"
O4-08,Préfecture,Assoli,2021-2022,,distance (km),,,2.6,,,km,C,D13_points_depart_o4_08.csv ; D6_auto_ecoles.csv,point de départ : chef-lieu HDX ; auto-école la plus proche : Assoli
O4-08,Préfecture,Assoli,2022,,population si le point de départ est au-delà de SE-08 (10 km),,,0.0,,,habitants,C,D7_population_prefecture_2022.csv ; D13_points_depart_o4_08.csv,"population de la préfecture, pas population à plus de 10 km : pas de grille (04 §8)"
O4-08,Préfecture,Avé,2021-2022,,distance (km),,,28.5,,,km,C,D13_points_depart_o4_08.csv ; D6_auto_ecoles.csv,point de départ : chef-lieu HDX ; auto-école la plus proche : Agoè-Nyivé ; au-delà de SE-08 (10 km)
O4-08,Préfecture,Avé,2022,,population si le point de départ est au-delà de SE-08 (10 km),,,111214.0,,,habitants,C,D7_population_prefecture_2022.csv ; D13_points_depart_o4_08.csv,"population de la préfecture, pas population à plus de 10 km : pas de grille (04 §8)"
O4-08,Préfecture,Bas-Mono,2021-2022,,distance (km),,,31.2,,,km,C,D13_points_depart_o4_08.csv ; D6_auto_ecoles.csv,point de départ : chef-lieu HDX ; auto-école la plus proche : Vo ; au-delà de SE-08 (10 km)
O4-08,Préfecture,Bas-Mono,2022,,population si le point de départ est au-delà de SE-08 (10 km),,,94860.0,,,habitants,C,D7_population_prefecture_2022.csv ; D13_points_depart_o4_08.csv,"population de la préfecture, pas population à plus de 10 km : pas de grille (04 §8)"
O4-08,Préfecture,Bassar,2021-2022,,distance (km),,,47.5,,,km,C,D13_points_depart_o4_08.csv ; D6_auto_ecoles.csv,point de départ : chef-lieu HDX ; auto-école la plus proche : Tchaoudjo ; au-delà de SE-08 (10 km)
O4-08,Préfecture,Bassar,2022,,population si le point de départ est au-delà de SE-08 (10 km),,,152065.0,,,habitants,C,D7_population_prefecture_2022.csv ; D13_points_depart_o4_08.csv,"population de la préfecture, pas population à plus de 10 km : pas de grille (04 §8)"
O4-08,Préfecture,Binah,2021-2022,,distance (km),,,24.3,,,km,C,D13_points_depart_o4_08.csv ; D6_auto_ecoles.csv,point de départ : chef-lieu HDX ; auto-école la plus proche : Kozah ; au-delà de SE-08 (10 km)
O4-08,Préfecture,Binah,2022,,population si le point de départ est au-delà de SE-08 (10 km),,,84199.0,,,habitants,C,D7_population_prefecture_2022.csv ; D13_points_depart_o4_08.csv,"population de la préfecture, pas population à plus de 10 km : pas de grille (04 §8)"
O4-08,Préfecture,Blitta,2021-2022,,distance (km),,,25.9,,,km,C,D13_points_depart_o4_08.csv ; D6_auto_ecoles.csv,point de départ : chef-lieu HDX ; auto-école la plus proche : Sotouboua ; au-delà de SE-08 (10 km)
O4-08,Préfecture,Blitta,2022,,population si le point de départ est au-delà de SE-08 (10 km),,,163272.0,,,habitants,C,D7_population_prefecture_2022.csv ; D13_points_depart_o4_08.csv,"population de la préfecture, pas population à plus de 10 km : pas de grille (04 §8)"
O4-08,Préfecture,Cinkassé,2021-2022,,distance (km),,,11.6,,,km,C,D13_points_depart_o4_08.csv ; D6_auto_ecoles.csv,point de départ : point d'étiquette HDX ; auto-école la plus proche : Cinkassé ; au-delà de SE-08 (10 km)
O4-08,Préfecture,Cinkassé,2022,,population si le point de départ est au-delà de SE-08 (10 km),,,128959.0,,,habitants,C,D7_population_prefecture_2022.csv ; D13_points_depart_o4_08.csv,"population de la préfecture, pas population à plus de 10 km : pas de grille (04 §8)"
O4-08,Préfecture,Dankpen,2021-2022,,distance (km),,,65.3,,,km,C,D13_points_depart_o4_08.csv ; D6_auto_ecoles.csv,point de départ : chef-lieu HDX ; auto-école la plus proche : Kozah ; au-delà de SE-08 (10 km)
O4-08,Préfecture,Dankpen,2022,,population si le point de départ est au-delà de SE-08 (10 km),,,185662.0,,,habitants,C,D7_population_prefecture_2022.csv ; D13_points_depart_o4_08.csv,"population de la préfecture, pas population à plus de 10 km : pas de grille (04 §8)"
O4-08,Préfecture,Danyi,2021-2022,,distance (km),,,12.9,,,km,C,D13_points_depart_o4_08.csv ; D6_auto_ecoles.csv,point de départ : point d'étiquette HDX ; auto-école la plus proche : Kpélé ; au-delà de SE-08 (10 km)
O4-08,Préfecture,Danyi,2022,,population si le point de départ est au-delà de SE-08 (10 km),,,40240.0,,,habitants,C,D7_population_prefecture_2022.csv ; D13_points_depart_o4_08.csv,"population de la préfecture, pas population à plus de 10 km : pas de grille (04 §8)"
O4-08,Préfecture,Doufelgou,2021-2022,,distance (km),,,25.2,,,km,C,D13_points_depart_o4_08.csv ; D6_auto_ecoles.csv,point de départ : chef-lieu HDX ; auto-école la plus proche : Kozah ; au-delà de SE-08 (10 km)
O4-08,Préfecture,Doufelgou,2022,,population si le point de départ est au-delà de SE-08 (10 km),,,84767.0,,,habitants,C,D7_population_prefecture_2022.csv ; D13_points_depart_o4_08.csv,"population de la préfecture, pas population à plus de 10 km : pas de grille (04 §8)"
O4-08,Préfecture,Est-Mono,2021-2022,,distance (km),,,27.4,,,km,C,D13_points_depart_o4_08.csv ; D6_auto_ecoles.csv,point de départ : chef-lieu HDX ; auto-école la plus proche : Anié ; au-delà de SE-08 (10 km)
O4-08,Préfecture,Est-Mono,2022,,population si le point de départ est au-delà de SE-08 (10 km),,,164460.0,,,habitants,C,D7_population_prefecture_2022.csv ; D13_points_depart_o4_08.csv,"population de la préfecture, pas population à plus de 10 km : pas de grille (04 §8)"
O4-08,Préfecture,Golfe,2021-2022,,distance (km),,,0.2,,,km,C,D13_points_depart_o4_08.csv ; D6_auto_ecoles.csv,point de départ : chef-lieu HDX ; auto-école la plus proche : Golfe
O4-08,Préfecture,Golfe,2022,,population si le point de départ est au-delà de SE-08 (10 km),,,0.0,,,habitants,C,D7_population_prefecture_2022.csv ; D13_points_depart_o4_08.csv,"population de la préfecture, pas population à plus de 10 km : pas de grille (04 §8)"
O4-08,Préfecture,Haho,2021-2022,,distance (km),,,51.7,,,km,C,D13_points_depart_o4_08.csv ; D6_auto_ecoles.csv,point de départ : chef-lieu HDX ; auto-école la plus proche : Kpélé ; au-delà de SE-08 (10 km)
O4-08,Préfecture,Haho,2022,,population si le point de départ est au-delà de SE-08 (10 km),,,305096.0,,,habitants,C,D7_population_prefecture_2022.csv ; D13_points_depart_o4_08.csv,"population de la préfecture, pas population à plus de 10 km : pas de grille (04 §8)"
O4-08,Préfecture,Kloto,2021-2022,,distance (km),,,0.2,,,km,C,D13_points_depart_o4_08.csv ; D6_auto_ecoles.csv,point de départ : chef-lieu HDX ; auto-école la plus proche : Kloto
O4-08,Préfecture,Kloto,2022,,population si le point de départ est au-delà de SE-08 (10 km),,,0.0,,,habitants,C,D7_population_prefecture_2022.csv ; D13_points_depart_o4_08.csv,"population de la préfecture, pas population à plus de 10 km : pas de grille (04 §8)"
O4-08,Préfecture,Kozah,2021-2022,,distance (km),,,1.6,,,km,C,D13_points_depart_o4_08.csv ; D6_auto_ecoles.csv,point de départ : chef-lieu HDX ; auto-école la plus proche : Kozah
O4-08,Préfecture,Kozah,2022,,population si le point de départ est au-delà de SE-08 (10 km),,,0.0,,,habitants,C,D7_population_prefecture_2022.csv ; D13_points_depart_o4_08.csv,"population de la préfecture, pas population à plus de 10 km : pas de grille (04 §8)"
O4-08,Préfecture,Kpendjal,2021-2022,,distance (km),,,66.3,,,km,C,D13_points_depart_o4_08.csv ; D6_auto_ecoles.csv,point de départ : chef-lieu HDX ; auto-école la plus proche : Tône ; au-delà de SE-08 (10 km)
O4-08,Préfecture,Kpendjal,2022,,population si le point de départ est au-delà de SE-08 (10 km),,,88365.0,,,habitants,C,D7_population_prefecture_2022.csv ; D13_points_depart_o4_08.csv,"population de la préfecture, pas population à plus de 10 km : pas de grille (04 §8)"
O4-08,Préfecture,Kpendjal-Ouest,2021-2022,,distance (km),,,26.3,,,km,C,D13_points_depart_o4_08.csv ; D6_auto_ecoles.csv,point de départ : point d'étiquette HDX ; auto-école la plus proche : Tône ; au-delà de SE-08 (10 km)
O4-08,Préfecture,Kpendjal-Ouest,2022,,population si le point de départ est au-delà de SE-08 (10 km),,,123330.0,,,habitants,C,D7_population_prefecture_2022.csv ; D13_points_depart_o4_08.csv,"population de la préfecture, pas population à plus de 10 km : pas de grille (04 §8)"
O4-08,Préfecture,Kpélé,2021-2022,,distance (km),,,8.2,,,km,C,D13_points_depart_o4_08.csv ; D6_auto_ecoles.csv,point de départ : point d'étiquette HDX ; auto-école la plus proche : Kpélé
O4-08,Préfecture,Kpélé,2022,,population si le point de départ est au-delà de SE-08 (10 km),,,0.0,,,habitants,C,D7_population_prefecture_2022.csv ; D13_points_depart_o4_08.csv,"population de la préfecture, pas population à plus de 10 km : pas de grille (04 §8)"
O4-08,Préfecture,Kéran,2021-2022,,distance (km),,,47.2,,,km,C,D13_points_depart_o4_08.csv ; D6_auto_ecoles.csv,point de départ : chef-lieu HDX ; auto-école la plus proche : Kozah ; au-delà de SE-08 (10 km)
O4-08,Préfecture,Kéran,2022,,population si le point de départ est au-delà de SE-08 (10 km),,,128687.0,,,habitants,C,D7_population_prefecture_2022.csv ; D13_points_depart_o4_08.csv,"population de la préfecture, pas population à plus de 10 km : pas de grille (04 §8)"
O4-08,Préfecture,Lacs,2021-2022,,distance (km),,,13.5,,,km,C,D13_points_depart_o4_08.csv ; D6_auto_ecoles.csv,point de départ : chef-lieu HDX ; auto-école la plus proche : Vo ; au-delà de SE-08 (10 km)
O4-08,Préfecture,Lacs,2022,,population si le point de départ est au-delà de SE-08 (10 km),,,241247.0,,,habitants,C,D7_population_prefecture_2022.csv ; D13_points_depart_o4_08.csv,"population de la préfecture, pas population à plus de 10 km : pas de grille (04 §8)"
O4-08,Préfecture,Moyen-Mono,2021-2022,,distance (km),,,72.4,,,km,C,D13_points_depart_o4_08.csv ; D6_auto_ecoles.csv,point de départ : chef-lieu HDX ; auto-école la plus proche : Ogou ; au-delà de SE-08 (10 km)
O4-08,Préfecture,Moyen-Mono,2022,,population si le point de départ est au-delà de SE-08 (10 km),,,90505.0,,,habitants,C,D7_population_prefecture_2022.csv ; D13_points_depart_o4_08.csv,"population de la préfecture, pas population à plus de 10 km : pas de grille (04 §8)"
O4-08,Préfecture,Mô,2021-2022,,distance (km),,,52.2,,,km,C,D13_points_depart_o4_08.csv ; D6_auto_ecoles.csv,point de départ : point d'étiquette HDX ; auto-école la plus proche : Sotouboua ; au-delà de SE-08 (10 km)
O4-08,Préfecture,Mô,2022,,population si le point de départ est au-delà de SE-08 (10 km),,,52448.0,,,habitants,C,D7_population_prefecture_2022.csv ; D13_points_depart_o4_08.csv,"population de la préfecture, pas population à plus de 10 km : pas de grille (04 §8)"
O4-08,Préfecture,Ogou,2021-2022,,distance (km),,,3.2,,,km,C,D13_points_depart_o4_08.csv ; D6_auto_ecoles.csv,point de départ : chef-lieu HDX ; auto-école la plus proche : Ogou
O4-08,Préfecture,Ogou,2022,,population si le point de départ est au-delà de SE-08 (10 km),,,0.0,,,habitants,C,D7_population_prefecture_2022.csv ; D13_points_depart_o4_08.csv,"population de la préfecture, pas population à plus de 10 km : pas de grille (04 §8)"
O4-08,Préfecture,Oti,2021-2022,,distance (km),,,62.0,,,km,C,D13_points_depart_o4_08.csv ; D6_auto_ecoles.csv,point de départ : chef-lieu HDX ; auto-école la plus proche : Tône ; au-delà de SE-08 (10 km)
O4-08,Préfecture,Oti,2022,,population si le point de départ est au-delà de SE-08 (10 km),,,124848.0,,,habitants,C,D7_population_prefecture_2022.csv ; D13_points_depart_o4_08.csv,"population de la préfecture, pas population à plus de 10 km : pas de grille (04 §8)"
O4-08,Préfecture,Oti-Sud,2021-2022,,distance (km),,,84.0,,,km,C,D13_points_depart_o4_08.csv ; D6_auto_ecoles.csv,point de départ : point d'étiquette HDX ; auto-école la plus proche : Tône ; au-delà de SE-08 (10 km)
O4-08,Préfecture,Oti-Sud,2022,,population si le point de départ est au-delà de SE-08 (10 km),,,150376.0,,,habitants,C,D7_population_prefecture_2022.csv ; D13_points_depart_o4_08.csv,"population de la préfecture, pas population à plus de 10 km : pas de grille (04 §8)"
O4-08,Préfecture,Sotouboua,2021-2022,,distance (km),,,0.7,,,km,C,D13_points_depart_o4_08.csv ; D6_auto_ecoles.csv,point de départ : chef-lieu HDX ; auto-école la plus proche : Sotouboua
O4-08,Préfecture,Sotouboua,2022,,population si le point de départ est au-delà de SE-08 (10 km),,,0.0,,,habitants,C,D7_population_prefecture_2022.csv ; D13_points_depart_o4_08.csv,"population de la préfecture, pas population à plus de 10 km : pas de grille (04 §8)"
O4-08,Préfecture,Tandjoaré,2021-2022,,distance (km),,,22.3,,,km,C,D13_points_depart_o4_08.csv ; D6_auto_ecoles.csv,point de départ : chef-lieu HDX ; auto-école la plus proche : Tône ; au-delà de SE-08 (10 km)
O4-08,Préfecture,Tandjoaré,2022,,population si le point de départ est au-delà de SE-08 (10 km),,,138867.0,,,habitants,C,D7_population_prefecture_2022.csv ; D13_points_depart_o4_08.csv,"population de la préfecture, pas population à plus de 10 km : pas de grille (04 §8)"
O4-08,Préfecture,Tchamba,2021-2022,,distance (km),,,31.1,,,km,C,D13_points_depart_o4_08.csv ; D6_auto_ecoles.csv,point de départ : chef-lieu HDX ; auto-école la plus proche : Tchaoudjo ; au-delà de SE-08 (10 km)
O4-08,Préfecture,Tchamba,2022,,population si le point de départ est au-delà de SE-08 (10 km),,,200585.0,,,habitants,C,D7_population_prefecture_2022.csv ; D13_points_depart_o4_08.csv,"population de la préfecture, pas population à plus de 10 km : pas de grille (04 §8)"
O4-08,Préfecture,Tchaoudjo,2021-2022,,distance (km),,,0.5,,,km,C,D13_points_depart_o4_08.csv ; D6_auto_ecoles.csv,point de départ : chef-lieu HDX ; auto-école la plus proche : Tchaoudjo
O4-08,Préfecture,Tchaoudjo,2022,,population si le point de départ est au-delà de SE-08 (10 km),,,0.0,,,habitants,C,D7_population_prefecture_2022.csv ; D13_points_depart_o4_08.csv,"population de la préfecture, pas population à plus de 10 km : pas de grille (04 §8)"
O4-08,Préfecture,Tône,2021-2022,,distance (km),,,0.7,,,km,C,D13_points_depart_o4_08.csv ; D6_auto_ecoles.csv,point de départ : chef-lieu HDX ; auto-école la plus proche : Tône
O4-08,Préfecture,Tône,2022,,population si le point de départ est au-delà de SE-08 (10 km),,,0.0,,,habitants,C,D7_population_prefecture_2022.csv ; D13_points_depart_o4_08.csv,"population de la préfecture, pas population à plus de 10 km : pas de grille (04 §8)"
O4-08,Préfecture,Vo,2021-2022,,distance (km),,,0.4,,,km,C,D13_points_depart_o4_08.csv ; D6_auto_ecoles.csv,point de départ : chef-lieu HDX ; auto-école la plus proche : Vo
O4-08,Préfecture,Vo,2022,,population si le point de départ est au-delà de SE-08 (10 km),,,0.0,,,habitants,C,D7_population_prefecture_2022.csv ; D13_points_depart_o4_08.csv,"population de la préfecture, pas population à plus de 10 km : pas de grille (04 §8)"
O4-08,Préfecture,Wawa,2021-2022,,distance (km),,,0.8,,,km,C,D13_points_depart_o4_08.csv ; D6_auto_ecoles.csv,point de départ : chef-lieu HDX ; auto-école la plus proche : Wawa
O4-08,Préfecture,Wawa,2022,,population si le point de départ est au-delà de SE-08 (10 km),,,0.0,,,habitants,C,D7_population_prefecture_2022.csv ; D13_points_depart_o4_08.csv,"population de la préfecture, pas population à plus de 10 km : pas de grille (04 §8)"
O4-08,Préfecture,Yoto,2021-2022,,distance (km),,,27.0,,,km,C,D13_points_depart_o4_08.csv ; D6_auto_ecoles.csv,point de départ : chef-lieu HDX ; auto-école la plus proche : Vo ; au-delà de SE-08 (10 km)
O4-08,Préfecture,Yoto,2022,,population si le point de départ est au-delà de SE-08 (10 km),,,174851.0,,,habitants,C,D7_population_prefecture_2022.csv ; D13_points_depart_o4_08.csv,"population de la préfecture, pas population à plus de 10 km : pas de grille (04 §8)"
O4-08,Préfecture,Zio,2021-2022,,distance (km),,,0.6,,,km,C,D13_points_depart_o4_08.csv ; D6_auto_ecoles.csv,point de départ : chef-lieu HDX ; auto-école la plus proche : Zio
O4-08,Préfecture,Zio,2022,,population si le point de départ est au-delà de SE-08 (10 km),,,0.0,,,habitants,C,D7_population_prefecture_2022.csv ; D13_points_depart_o4_08.csv,"population de la préfecture, pas population à plus de 10 km : pas de grille (04 §8)"
O4-08,National,Togo,2022,,nombre de préfectures dont le point de départ est au-delà de SE-08 (10 km),,,26.0,,,préfectures,C,D13_points_depart_o4_08.csv,"Agou, Akébou, Amou, Anié, Avé, Bas-Mono, Bassar, Binah, Blitta, Cinkassé, Dankpen, Danyi, Doufelgou, Est-Mono, Haho, Kpendjal, Kpendjal-Ouest, Kéran, Lacs, Moyen-Mono, Mô, Oti, Oti-Sud, Tandjoaré, Tchamba, Yoto"
O4-08,National,Togo,2022,,population si le point de départ est au-delà de SE-08 (10 km),,,3482856.0,,,habitants,C,D7_population_prefecture_2022.csv ; D13_points_depart_o4_08.csv,"population des préfectures, pas population à plus de 10 km : pas de grille (04 §8)"
O5-03,Préfecture,Agou,2022,,,,,85793.0,,,habitants,A,D7_population_prefecture_2022.csv,
O5-03,Préfecture,Agoè-Nyivé,2022,,,,,882695.0,,,habitants,A,D7_population_prefecture_2022.csv,
O5-03,Préfecture,Akébou,2022,,,,,73830.0,,,habitants,A,D7_population_prefecture_2022.csv,
O5-03,Préfecture,Amou,2022,,,,,114172.0,,,habitants,A,D7_population_prefecture_2022.csv,
O5-03,Préfecture,Anié,2022,,,,,180158.0,,,habitants,A,D7_population_prefecture_2022.csv,
O5-03,Préfecture,Assoli,2022,,,,,66394.0,,,habitants,A,D7_population_prefecture_2022.csv,
O5-03,Préfecture,Avé,2022,,,,,111214.0,,,habitants,A,D7_population_prefecture_2022.csv,
O5-03,Préfecture,Bas-Mono,2022,,,,,94860.0,,,habitants,A,D7_population_prefecture_2022.csv,
O5-03,Préfecture,Bassar,2022,,,,,152065.0,,,habitants,A,D7_population_prefecture_2022.csv,
O5-03,Préfecture,Binah,2022,,,,,84199.0,,,habitants,A,D7_population_prefecture_2022.csv,
O5-03,Préfecture,Blitta,2022,,,,,163272.0,,,habitants,A,D7_population_prefecture_2022.csv,
O5-03,Préfecture,Cinkassé,2022,,,,,128959.0,,,habitants,A,D7_population_prefecture_2022.csv,
O5-03,Préfecture,Dankpen,2022,,,,,185662.0,,,habitants,A,D7_population_prefecture_2022.csv,
O5-03,Préfecture,Danyi,2022,,,,,40240.0,,,habitants,A,D7_population_prefecture_2022.csv,
O5-03,Préfecture,Doufelgou,2022,,,,,84767.0,,,habitants,A,D7_population_prefecture_2022.csv,
O5-03,Préfecture,Est-Mono,2022,,,,,164460.0,,,habitants,A,D7_population_prefecture_2022.csv,
O5-03,Préfecture,Golfe,2022,,,,,1305681.0,,,habitants,A,D7_population_prefecture_2022.csv,
O5-03,Préfecture,Haho,2022,,,,,305096.0,,,habitants,A,D7_population_prefecture_2022.csv,
O5-03,Préfecture,Kloto,2022,,,,,145986.0,,,habitants,A,D7_population_prefecture_2022.csv,
O5-03,Préfecture,Kozah,2022,,,,,283738.0,,,habitants,A,D7_population_prefecture_2022.csv,
O5-03,Préfecture,Kpendjal,2022,,,,,88365.0,,,habitants,A,D7_population_prefecture_2022.csv,
O5-03,Préfecture,Kpendjal-Ouest,2022,,,,,123330.0,,,habitants,A,D7_population_prefecture_2022.csv,
O5-03,Préfecture,Kpélé,2022,,,,,80939.0,,,habitants,A,D7_population_prefecture_2022.csv,
O5-03,Préfecture,Kéran,2022,,,,,128687.0,,,habitants,A,D7_population_prefecture_2022.csv,
O5-03,Préfecture,Lacs,2022,,,,,241247.0,,,habitants,A,D7_population_prefecture_2022.csv,
O5-03,Préfecture,Moyen-Mono,2022,,,,,90505.0,,,habitants,A,D7_population_prefecture_2022.csv,
O5-03,Préfecture,Mô,2022,,,,,52448.0,,,habitants,A,D7_population_prefecture_2022.csv,
O5-03,Préfecture,Ogou,2022,,,,,253467.0,,,habitants,A,D7_population_prefecture_2022.csv,
O5-03,Préfecture,Oti,2022,,,,,124848.0,,,habitants,A,D7_population_prefecture_2022.csv,
O5-03,Préfecture,Oti-Sud,2022,,,,,150376.0,,,habitants,A,D7_population_prefecture_2022.csv,
O5-03,Préfecture,Sotouboua,2022,,,,,138864.0,,,habitants,A,D7_population_prefecture_2022.csv,
O5-03,Préfecture,Tandjoaré,2022,,,,,138867.0,,,habitants,A,D7_population_prefecture_2022.csv,
O5-03,Préfecture,Tchamba,2022,,,,,200585.0,,,habitants,A,D7_population_prefecture_2022.csv,
O5-03,Préfecture,Tchaoudjo,2022,,,,,240360.0,,,habitants,A,D7_population_prefecture_2022.csv,
O5-03,Préfecture,Tône,2022,,,,,388775.0,,,habitants,A,D7_population_prefecture_2022.csv,
O5-03,Préfecture,Vo,2022,,,,,224411.0,,,habitants,A,D7_population_prefecture_2022.csv,
O5-03,Préfecture,Wawa,2022,,,,,101300.0,,,habitants,A,D7_population_prefecture_2022.csv,
O5-03,Préfecture,Yoto,2022,,,,,174851.0,,,habitants,A,D7_population_prefecture_2022.csv,
O5-03,Préfecture,Zio,2022,,,,,500032.0,,,habitants,A,D7_population_prefecture_2022.csv,
O5-04,Préfecture,Agou,2022,"cible PA-04 : médiane de O3-02 (14,35 %)",km à remettre en état,,,31.8,,,km,C,D4_D5_etat_trace.csv ; D6_auto_ecoles.csv ; D7_population_prefecture_2022.csv,
O5-04,Préfecture,Agou,2022,"cible du 02 : médiane de O4-05 sur les 39 préfectures (0,00)",auto-écoles manquantes,,,0.0,,,auto-écoles,C,D4_D5_etat_trace.csv ; D6_auto_ecoles.csv ; D7_population_prefecture_2022.csv,"nature du zéro : 1 auto-école(s) recensée(s), aucune agréée ; vérifier leur activité et leur agrément ; négatif ou nul : déjà à la cible"
O5-04,Préfecture,Agou,2022,"cible de l’écart 21 : médiane de O4-05 sur les 16 préfectures avec au moins une auto-école comptée (1,065)",auto-écoles manquantes,,,1.0,,,auto-écoles,C,D4_D5_etat_trace.csv ; D6_auto_ecoles.csv ; D7_population_prefecture_2022.csv,"nature du zéro : 1 auto-école(s) recensée(s), aucune agréée ; vérifier leur activité et leur agrément"
O5-04,Préfecture,Agoè-Nyivé,2022,"cible PA-04 : médiane de O3-02 (14,35 %)",km à remettre en état,,,3.2,,,km,C,D4_D5_etat_trace.csv ; D6_auto_ecoles.csv ; D7_population_prefecture_2022.csv,
O5-04,Préfecture,Agoè-Nyivé,2022,"cible du 02 : médiane de O4-05 sur les 39 préfectures (0,00)",auto-écoles manquantes,,,-29.0,,,auto-écoles,C,D4_D5_etat_trace.csv ; D6_auto_ecoles.csv ; D7_population_prefecture_2022.csv,négatif ou nul : déjà à la cible
O5-04,Préfecture,Agoè-Nyivé,2022,"cible de l’écart 21 : médiane de O4-05 sur les 16 préfectures avec au moins une auto-école comptée (1,065)",auto-écoles manquantes,,,-19.0,,,auto-écoles,C,D4_D5_etat_trace.csv ; D6_auto_ecoles.csv ; D7_population_prefecture_2022.csv,négatif ou nul : déjà à la cible
O5-04,Préfecture,Akébou,2022,"cible PA-04 : médiane de O3-02 (14,35 %)",km à remettre en état,,,-0.5,,,km,C,D4_D5_etat_trace.csv ; D6_auto_ecoles.csv ; D7_population_prefecture_2022.csv,négatif : déjà sous la cible
O5-04,Préfecture,Akébou,2022,"cible du 02 : médiane de O4-05 sur les 39 préfectures (0,00)",auto-écoles manquantes,,,0.0,,,auto-écoles,C,D4_D5_etat_trace.csv ; D6_auto_ecoles.csv ; D7_population_prefecture_2022.csv,nature du zéro : aucune auto-école recensée ; vérifier sur place qu’il n’en existe pas ; négatif ou nul : déjà à la cible
O5-04,Préfecture,Akébou,2022,"cible de l’écart 21 : médiane de O4-05 sur les 16 préfectures avec au moins une auto-école comptée (1,065)",auto-écoles manquantes,,,1.0,,,auto-écoles,C,D4_D5_etat_trace.csv ; D6_auto_ecoles.csv ; D7_population_prefecture_2022.csv,nature du zéro : aucune auto-école recensée ; vérifier sur place qu’il n’en existe pas
O5-04,Préfecture,Amou,2022,"cible PA-04 : médiane de O3-02 (14,35 %)",km à remettre en état,,,-9.0,,,km,C,D4_D5_etat_trace.csv ; D6_auto_ecoles.csv ; D7_population_prefecture_2022.csv,négatif : déjà sous la cible
O5-04,Préfecture,Amou,2022,"cible du 02 : médiane de O4-05 sur les 39 préfectures (0,00)",auto-écoles manquantes,,,0.0,,,auto-écoles,C,D4_D5_etat_trace.csv ; D6_auto_ecoles.csv ; D7_population_prefecture_2022.csv,"nature du zéro : 1 auto-école(s) recensée(s), aucune agréée ; vérifier leur activité et leur agrément ; négatif ou nul : déjà à la cible"
O5-04,Préfecture,Amou,2022,"cible de l’écart 21 : médiane de O4-05 sur les 16 préfectures avec au moins une auto-école comptée (1,065)",auto-écoles manquantes,,,2.0,,,auto-écoles,C,D4_D5_etat_trace.csv ; D6_auto_ecoles.csv ; D7_population_prefecture_2022.csv,"nature du zéro : 1 auto-école(s) recensée(s), aucune agréée ; vérifier leur activité et leur agrément"
O5-04,Préfecture,Anié,2022,"cible PA-04 : médiane de O3-02 (14,35 %)",km à remettre en état,,,3.5,,,km,C,D4_D5_etat_trace.csv ; D6_auto_ecoles.csv ; D7_population_prefecture_2022.csv,
O5-04,Préfecture,Anié,2022,"cible du 02 : médiane de O4-05 sur les 39 préfectures (0,00)",auto-écoles manquantes,,,-1.0,,,auto-écoles,C,D4_D5_etat_trace.csv ; D6_auto_ecoles.csv ; D7_population_prefecture_2022.csv,négatif ou nul : déjà à la cible
O5-04,Préfecture,Anié,2022,"cible de l’écart 21 : médiane de O4-05 sur les 16 préfectures avec au moins une auto-école comptée (1,065)",auto-écoles manquantes,,,1.0,,,auto-écoles,C,D4_D5_etat_trace.csv ; D6_auto_ecoles.csv ; D7_population_prefecture_2022.csv,
O5-04,Préfecture,Assoli,2022,"cible PA-04 : médiane de O3-02 (14,35 %)",km à remettre en état,,,5.4,,,km,C,D4_D5_etat_trace.csv ; D6_auto_ecoles.csv ; D7_population_prefecture_2022.csv,
O5-04,Préfecture,Assoli,2022,"cible du 02 : médiane de O4-05 sur les 39 préfectures (0,00)",auto-écoles manquantes,,,-1.0,,,auto-écoles,C,D4_D5_etat_trace.csv ; D6_auto_ecoles.csv ; D7_population_prefecture_2022.csv,négatif ou nul : déjà à la cible
O5-04,Préfecture,Assoli,2022,"cible de l’écart 21 : médiane de O4-05 sur les 16 préfectures avec au moins une auto-école comptée (1,065)",auto-écoles manquantes,,,0.0,,,auto-écoles,C,D4_D5_etat_trace.csv ; D6_auto_ecoles.csv ; D7_population_prefecture_2022.csv,négatif ou nul : déjà à la cible
O5-04,Préfecture,Avé,2022,"cible PA-04 : médiane de O3-02 (14,35 %)",km à remettre en état,,,-12.9,,,km,C,D4_D5_etat_trace.csv ; D6_auto_ecoles.csv ; D7_population_prefecture_2022.csv,négatif : déjà sous la cible
O5-04,Préfecture,Avé,2022,"cible du 02 : médiane de O4-05 sur les 39 préfectures (0,00)",auto-écoles manquantes,,,0.0,,,auto-écoles,C,D4_D5_etat_trace.csv ; D6_auto_ecoles.csv ; D7_population_prefecture_2022.csv,nature du zéro : aucune auto-école recensée ; vérifier sur place qu’il n’en existe pas ; négatif ou nul : déjà à la cible
O5-04,Préfecture,Avé,2022,"cible de l’écart 21 : médiane de O4-05 sur les 16 préfectures avec au moins une auto-école comptée (1,065)",auto-écoles manquantes,,,2.0,,,auto-écoles,C,D4_D5_etat_trace.csv ; D6_auto_ecoles.csv ; D7_population_prefecture_2022.csv,nature du zéro : aucune auto-école recensée ; vérifier sur place qu’il n’en existe pas
O5-04,Préfecture,Bas-Mono,2022,"cible PA-04 : médiane de O3-02 (14,35 %)",km à remettre en état,,,2.4,,,km,C,D4_D5_etat_trace.csv ; D6_auto_ecoles.csv ; D7_population_prefecture_2022.csv,
O5-04,Préfecture,Bas-Mono,2022,"cible du 02 : médiane de O4-05 sur les 39 préfectures (0,00)",auto-écoles manquantes,,,0.0,,,auto-écoles,C,D4_D5_etat_trace.csv ; D6_auto_ecoles.csv ; D7_population_prefecture_2022.csv,"nature du zéro : 1 auto-école(s) recensée(s), aucune agréée ; vérifier leur activité et leur agrément ; négatif ou nul : déjà à la cible"
O5-04,Préfecture,Bas-Mono,2022,"cible de l’écart 21 : médiane de O4-05 sur les 16 préfectures avec au moins une auto-école comptée (1,065)",auto-écoles manquantes,,,2.0,,,auto-écoles,C,D4_D5_etat_trace.csv ; D6_auto_ecoles.csv ; D7_population_prefecture_2022.csv,"nature du zéro : 1 auto-école(s) recensée(s), aucune agréée ; vérifier leur activité et leur agrément"
O5-04,Préfecture,Bassar,2022,"cible PA-04 : médiane de O3-02 (14,35 %)",km à remettre en état,,,22.9,,,km,C,D4_D5_etat_trace.csv ; D6_auto_ecoles.csv ; D7_population_prefecture_2022.csv,
O5-04,Préfecture,Bassar,2022,"cible du 02 : médiane de O4-05 sur les 39 préfectures (0,00)",auto-écoles manquantes,,,0.0,,,auto-écoles,C,D4_D5_etat_trace.csv ; D6_auto_ecoles.csv ; D7_population_prefecture_2022.csv,"nature du zéro : 2 auto-école(s) recensée(s), aucune agréée ; vérifier leur activité et leur agrément ; négatif ou nul : déjà à la cible"
O5-04,Préfecture,Bassar,2022,"cible de l’écart 21 : médiane de O4-05 sur les 16 préfectures avec au moins une auto-école comptée (1,065)",auto-écoles manquantes,,,2.0,,,auto-écoles,C,D4_D5_etat_trace.csv ; D6_auto_ecoles.csv ; D7_population_prefecture_2022.csv,"nature du zéro : 2 auto-école(s) recensée(s), aucune agréée ; vérifier leur activité et leur agrément"
O5-04,Préfecture,Binah,2022,"cible PA-04 : médiane de O3-02 (14,35 %)",km à remettre en état,,,-5.0,,,km,C,D4_D5_etat_trace.csv ; D6_auto_ecoles.csv ; D7_population_prefecture_2022.csv,négatif : déjà sous la cible
O5-04,Préfecture,Binah,2022,"cible du 02 : médiane de O4-05 sur les 39 préfectures (0,00)",auto-écoles manquantes,,,0.0,,,auto-écoles,C,D4_D5_etat_trace.csv ; D6_auto_ecoles.csv ; D7_population_prefecture_2022.csv,nature du zéro : aucune auto-école recensée ; vérifier sur place qu’il n’en existe pas ; négatif ou nul : déjà à la cible
O5-04,Préfecture,Binah,2022,"cible de l’écart 21 : médiane de O4-05 sur les 16 préfectures avec au moins une auto-école comptée (1,065)",auto-écoles manquantes,,,1.0,,,auto-écoles,C,D4_D5_etat_trace.csv ; D6_auto_ecoles.csv ; D7_population_prefecture_2022.csv,nature du zéro : aucune auto-école recensée ; vérifier sur place qu’il n’en existe pas
O5-04,Préfecture,Blitta,2022,"cible PA-04 : médiane de O3-02 (14,35 %)",km à remettre en état,,,54.5,,,km,C,D4_D5_etat_trace.csv ; D6_auto_ecoles.csv ; D7_population_prefecture_2022.csv,
O5-04,Préfecture,Blitta,2022,"cible du 02 : médiane de O4-05 sur les 39 préfectures (0,00)",auto-écoles manquantes,,,0.0,,,auto-écoles,C,D4_D5_etat_trace.csv ; D6_auto_ecoles.csv ; D7_population_prefecture_2022.csv,"nature du zéro : 2 auto-école(s) recensée(s), aucune agréée ; vérifier leur activité et leur agrément ; négatif ou nul : déjà à la cible"
O5-04,Préfecture,Blitta,2022,"cible de l’écart 21 : médiane de O4-05 sur les 16 préfectures avec au moins une auto-école comptée (1,065)",auto-écoles manquantes,,,2.0,,,auto-écoles,C,D4_D5_etat_trace.csv ; D6_auto_ecoles.csv ; D7_population_prefecture_2022.csv,"nature du zéro : 2 auto-école(s) recensée(s), aucune agréée ; vérifier leur activité et leur agrément"
O5-04,Préfecture,Cinkassé,2022,"cible PA-04 : médiane de O3-02 (14,35 %)",km à remettre en état,,,-0.8,,,km,C,D4_D5_etat_trace.csv ; D6_auto_ecoles.csv ; D7_population_prefecture_2022.csv,négatif : déjà sous la cible
O5-04,Préfecture,Cinkassé,2022,"cible du 02 : médiane de O4-05 sur les 39 préfectures (0,00)",auto-écoles manquantes,,,-1.0,,,auto-écoles,C,D4_D5_etat_trace.csv ; D6_auto_ecoles.csv ; D7_population_prefecture_2022.csv,négatif ou nul : déjà à la cible
O5-04,Préfecture,Cinkassé,2022,"cible de l’écart 21 : médiane de O4-05 sur les 16 préfectures avec au moins une auto-école comptée (1,065)",auto-écoles manquantes,,,1.0,,,auto-écoles,C,D4_D5_etat_trace.csv ; D6_auto_ecoles.csv ; D7_population_prefecture_2022.csv,
O5-04,Préfecture,Dankpen,2022,"cible PA-04 : médiane de O3-02 (14,35 %)",km à remettre en état,,,-8.4,,,km,C,D4_D5_etat_trace.csv ; D6_auto_ecoles.csv ; D7_population_prefecture_2022.csv,négatif : déjà sous la cible
O5-04,Préfecture,Dankpen,2022,"cible du 02 : médiane de O4-05 sur les 39 préfectures (0,00)",auto-écoles manquantes,,,0.0,,,auto-écoles,C,D4_D5_etat_trace.csv ; D6_auto_ecoles.csv ; D7_population_prefecture_2022.csv,nature du zéro : aucune auto-école recensée ; vérifier sur place qu’il n’en existe pas ; négatif ou nul : déjà à la cible
O5-04,Préfecture,Dankpen,2022,"cible de l’écart 21 : médiane de O4-05 sur les 16 préfectures avec au moins une auto-école comptée (1,065)",auto-écoles manquantes,,,2.0,,,auto-écoles,C,D4_D5_etat_trace.csv ; D6_auto_ecoles.csv ; D7_population_prefecture_2022.csv,nature du zéro : aucune auto-école recensée ; vérifier sur place qu’il n’en existe pas
O5-04,Préfecture,Danyi,2022,"cible PA-04 : médiane de O3-02 (14,35 %)",km à remettre en état,,,42.7,,,km,C,D4_D5_etat_trace.csv ; D6_auto_ecoles.csv ; D7_population_prefecture_2022.csv,
O5-04,Préfecture,Danyi,2022,"cible du 02 : médiane de O4-05 sur les 39 préfectures (0,00)",auto-écoles manquantes,,,0.0,,,auto-écoles,C,D4_D5_etat_trace.csv ; D6_auto_ecoles.csv ; D7_population_prefecture_2022.csv,nature du zéro : aucune auto-école recensée ; vérifier sur place qu’il n’en existe pas ; négatif ou nul : déjà à la cible
O5-04,Préfecture,Danyi,2022,"cible de l’écart 21 : médiane de O4-05 sur les 16 préfectures avec au moins une auto-école comptée (1,065)",auto-écoles manquantes,,,1.0,,,auto-écoles,C,D4_D5_etat_trace.csv ; D6_auto_ecoles.csv ; D7_population_prefecture_2022.csv,nature du zéro : aucune auto-école recensée ; vérifier sur place qu’il n’en existe pas
O5-04,Préfecture,Doufelgou,2022,"cible PA-04 : médiane de O3-02 (14,35 %)",km à remettre en état,,,-11.1,,,km,C,D4_D5_etat_trace.csv ; D6_auto_ecoles.csv ; D7_population_prefecture_2022.csv,négatif : déjà sous la cible
O5-04,Préfecture,Doufelgou,2022,"cible du 02 : médiane de O4-05 sur les 39 préfectures (0,00)",auto-écoles manquantes,,,0.0,,,auto-écoles,C,D4_D5_etat_trace.csv ; D6_auto_ecoles.csv ; D7_population_prefecture_2022.csv,nature du zéro : aucune auto-école recensée ; vérifier sur place qu’il n’en existe pas ; négatif ou nul : déjà à la cible
O5-04,Préfecture,Doufelgou,2022,"cible de l’écart 21 : médiane de O4-05 sur les 16 préfectures avec au moins une auto-école comptée (1,065)",auto-écoles manquantes,,,1.0,,,auto-écoles,C,D4_D5_etat_trace.csv ; D6_auto_ecoles.csv ; D7_population_prefecture_2022.csv,nature du zéro : aucune auto-école recensée ; vérifier sur place qu’il n’en existe pas
O5-04,Préfecture,Est-Mono,2022,"cible PA-04 : médiane de O3-02 (14,35 %)",km à remettre en état,,,3.1,,,km,C,D4_D5_etat_trace.csv ; D6_auto_ecoles.csv ; D7_population_prefecture_2022.csv,
O5-04,Préfecture,Est-Mono,2022,"cible du 02 : médiane de O4-05 sur les 39 préfectures (0,00)",auto-écoles manquantes,,,0.0,,,auto-écoles,C,D4_D5_etat_trace.csv ; D6_auto_ecoles.csv ; D7_population_prefecture_2022.csv,nature du zéro : aucune auto-école recensée ; vérifier sur place qu’il n’en existe pas ; négatif ou nul : déjà à la cible
O5-04,Préfecture,Est-Mono,2022,"cible de l’écart 21 : médiane de O4-05 sur les 16 préfectures avec au moins une auto-école comptée (1,065)",auto-écoles manquantes,,,2.0,,,auto-écoles,C,D4_D5_etat_trace.csv ; D6_auto_ecoles.csv ; D7_population_prefecture_2022.csv,nature du zéro : aucune auto-école recensée ; vérifier sur place qu’il n’en existe pas
O5-04,Préfecture,Golfe,2022,"cible PA-04 : médiane de O3-02 (14,35 %)",km à remettre en état,,,-9.7,,,km,C,D4_D5_etat_trace.csv ; D6_auto_ecoles.csv ; D7_population_prefecture_2022.csv,négatif : déjà sous la cible
O5-04,Préfecture,Golfe,2022,"cible du 02 : médiane de O4-05 sur les 39 préfectures (0,00)",auto-écoles manquantes,,,-74.0,,,auto-écoles,C,D4_D5_etat_trace.csv ; D6_auto_ecoles.csv ; D7_population_prefecture_2022.csv,négatif ou nul : déjà à la cible
O5-04,Préfecture,Golfe,2022,"cible de l’écart 21 : médiane de O4-05 sur les 16 préfectures avec au moins une auto-école comptée (1,065)",auto-écoles manquantes,,,-60.0,,,auto-écoles,C,D4_D5_etat_trace.csv ; D6_auto_ecoles.csv ; D7_population_prefecture_2022.csv,négatif ou nul : déjà à la cible
O5-04,Préfecture,Haho,2022,"cible PA-04 : médiane de O3-02 (14,35 %)",km à remettre en état,,,-3.6,,,km,C,D4_D5_etat_trace.csv ; D6_auto_ecoles.csv ; D7_population_prefecture_2022.csv,négatif : déjà sous la cible
O5-04,Préfecture,Haho,2022,"cible du 02 : médiane de O4-05 sur les 39 préfectures (0,00)",auto-écoles manquantes,,,0.0,,,auto-écoles,C,D4_D5_etat_trace.csv ; D6_auto_ecoles.csv ; D7_population_prefecture_2022.csv,nature du zéro : aucune auto-école recensée ; vérifier sur place qu’il n’en existe pas ; négatif ou nul : déjà à la cible
O5-04,Préfecture,Haho,2022,"cible de l’écart 21 : médiane de O4-05 sur les 16 préfectures avec au moins une auto-école comptée (1,065)",auto-écoles manquantes,,,4.0,,,auto-écoles,C,D4_D5_etat_trace.csv ; D6_auto_ecoles.csv ; D7_population_prefecture_2022.csv,nature du zéro : aucune auto-école recensée ; vérifier sur place qu’il n’en existe pas
O5-04,Préfecture,Kloto,2022,"cible PA-04 : médiane de O3-02 (14,35 %)",km à remettre en état,,,38.2,,,km,C,D4_D5_etat_trace.csv ; D6_auto_ecoles.csv ; D7_population_prefecture_2022.csv,
O5-04,Préfecture,Kloto,2022,"cible du 02 : médiane de O4-05 sur les 39 préfectures (0,00)",auto-écoles manquantes,,,-3.0,,,auto-écoles,C,D4_D5_etat_trace.csv ; D6_auto_ecoles.csv ; D7_population_prefecture_2022.csv,négatif ou nul : déjà à la cible
O5-04,Préfecture,Kloto,2022,"cible de l’écart 21 : médiane de O4-05 sur les 16 préfectures avec au moins une auto-école comptée (1,065)",auto-écoles manquantes,,,-1.0,,,auto-écoles,C,D4_D5_etat_trace.csv ; D6_auto_ecoles.csv ; D7_population_prefecture_2022.csv,négatif ou nul : déjà à la cible
O5-04,Préfecture,Kozah,2022,"cible PA-04 : médiane de O3-02 (14,35 %)",km à remettre en état,,,14.4,,,km,C,D4_D5_etat_trace.csv ; D6_auto_ecoles.csv ; D7_population_prefecture_2022.csv,
O5-04,Préfecture,Kozah,2022,"cible du 02 : médiane de O4-05 sur les 39 préfectures (0,00)",auto-écoles manquantes,,,-6.0,,,auto-écoles,C,D4_D5_etat_trace.csv ; D6_auto_ecoles.csv ; D7_population_prefecture_2022.csv,négatif ou nul : déjà à la cible
O5-04,Préfecture,Kozah,2022,"cible de l’écart 21 : médiane de O4-05 sur les 16 préfectures avec au moins une auto-école comptée (1,065)",auto-écoles manquantes,,,-2.0,,,auto-écoles,C,D4_D5_etat_trace.csv ; D6_auto_ecoles.csv ; D7_population_prefecture_2022.csv,négatif ou nul : déjà à la cible
O5-04,Préfecture,Kpendjal,2022,"cible PA-04 : médiane de O3-02 (14,35 %)",km à remettre en état,,,-5.3,,,km,C,D4_D5_etat_trace.csv ; D6_auto_ecoles.csv ; D7_population_prefecture_2022.csv,négatif : déjà sous la cible
O5-04,Préfecture,Kpendjal,2022,"cible du 02 : médiane de O4-05 sur les 39 préfectures (0,00)",auto-écoles manquantes,,,0.0,,,auto-écoles,C,D4_D5_etat_trace.csv ; D6_auto_ecoles.csv ; D7_population_prefecture_2022.csv,nature du zéro : aucune auto-école recensée ; vérifier sur place qu’il n’en existe pas ; négatif ou nul : déjà à la cible
O5-04,Préfecture,Kpendjal,2022,"cible de l’écart 21 : médiane de O4-05 sur les 16 préfectures avec au moins une auto-école comptée (1,065)",auto-écoles manquantes,,,1.0,,,auto-écoles,C,D4_D5_etat_trace.csv ; D6_auto_ecoles.csv ; D7_population_prefecture_2022.csv,nature du zéro : aucune auto-école recensée ; vérifier sur place qu’il n’en existe pas
O5-04,Préfecture,Kpendjal-Ouest,2022,"cible PA-04 : médiane de O3-02 (14,35 %)",km à remettre en état,,,-3.9,,,km,C,D4_D5_etat_trace.csv ; D6_auto_ecoles.csv ; D7_population_prefecture_2022.csv,négatif : déjà sous la cible
O5-04,Préfecture,Kpendjal-Ouest,2022,"cible du 02 : médiane de O4-05 sur les 39 préfectures (0,00)",auto-écoles manquantes,,,0.0,,,auto-écoles,C,D4_D5_etat_trace.csv ; D6_auto_ecoles.csv ; D7_population_prefecture_2022.csv,nature du zéro : aucune auto-école recensée ; vérifier sur place qu’il n’en existe pas ; négatif ou nul : déjà à la cible
O5-04,Préfecture,Kpendjal-Ouest,2022,"cible de l’écart 21 : médiane de O4-05 sur les 16 préfectures avec au moins une auto-école comptée (1,065)",auto-écoles manquantes,,,2.0,,,auto-écoles,C,D4_D5_etat_trace.csv ; D6_auto_ecoles.csv ; D7_population_prefecture_2022.csv,nature du zéro : aucune auto-école recensée ; vérifier sur place qu’il n’en existe pas
O5-04,Préfecture,Kpélé,2022,"cible PA-04 : médiane de O3-02 (14,35 %)",km à remettre en état,,,-0.0,,,km,C,D4_D5_etat_trace.csv ; D6_auto_ecoles.csv ; D7_population_prefecture_2022.csv,
O5-04,Préfecture,Kpélé,2022,"cible du 02 : médiane de O4-05 sur les 39 préfectures (0,00)",auto-écoles manquantes,,,-1.0,,,auto-écoles,C,D4_D5_etat_trace.csv ; D6_auto_ecoles.csv ; D7_population_prefecture_2022.csv,négatif ou nul : déjà à la cible
O5-04,Préfecture,Kpélé,2022,"cible de l’écart 21 : médiane de O4-05 sur les 16 préfectures avec au moins une auto-école comptée (1,065)",auto-écoles manquantes,,,0.0,,,auto-écoles,C,D4_D5_etat_trace.csv ; D6_auto_ecoles.csv ; D7_population_prefecture_2022.csv,négatif ou nul : déjà à la cible
O5-04,Préfecture,Kéran,2022,"cible PA-04 : médiane de O3-02 (14,35 %)",km à remettre en état,,,-12.5,,,km,C,D4_D5_etat_trace.csv ; D6_auto_ecoles.csv ; D7_population_prefecture_2022.csv,négatif : déjà sous la cible
O5-04,Préfecture,Kéran,2022,"cible du 02 : médiane de O4-05 sur les 39 préfectures (0,00)",auto-écoles manquantes,,,0.0,,,auto-écoles,C,D4_D5_etat_trace.csv ; D6_auto_ecoles.csv ; D7_population_prefecture_2022.csv,nature du zéro : aucune auto-école recensée ; vérifier sur place qu’il n’en existe pas ; négatif ou nul : déjà à la cible
O5-04,Préfecture,Kéran,2022,"cible de l’écart 21 : médiane de O4-05 sur les 16 préfectures avec au moins une auto-école comptée (1,065)",auto-écoles manquantes,,,2.0,,,auto-écoles,C,D4_D5_etat_trace.csv ; D6_auto_ecoles.csv ; D7_population_prefecture_2022.csv,nature du zéro : aucune auto-école recensée ; vérifier sur place qu’il n’en existe pas
O5-04,Préfecture,Lacs,2022,"cible PA-04 : médiane de O3-02 (14,35 %)",km à remettre en état,,,-4.1,,,km,C,D4_D5_etat_trace.csv ; D6_auto_ecoles.csv ; D7_population_prefecture_2022.csv,négatif : déjà sous la cible
O5-04,Préfecture,Lacs,2022,"cible du 02 : médiane de O4-05 sur les 39 préfectures (0,00)",auto-écoles manquantes,,,-2.0,,,auto-écoles,C,D4_D5_etat_trace.csv ; D6_auto_ecoles.csv ; D7_population_prefecture_2022.csv,négatif ou nul : déjà à la cible
O5-04,Préfecture,Lacs,2022,"cible de l’écart 21 : médiane de O4-05 sur les 16 préfectures avec au moins une auto-école comptée (1,065)",auto-écoles manquantes,,,1.0,,,auto-écoles,C,D4_D5_etat_trace.csv ; D6_auto_ecoles.csv ; D7_population_prefecture_2022.csv,
O5-04,Préfecture,Moyen-Mono,2022,"cible PA-04 : médiane de O3-02 (14,35 %)",km à remettre en état,,,-8.3,,,km,C,D4_D5_etat_trace.csv ; D6_auto_ecoles.csv ; D7_population_prefecture_2022.csv,négatif : déjà sous la cible
O5-04,Préfecture,Moyen-Mono,2022,"cible du 02 : médiane de O4-05 sur les 39 préfectures (0,00)",auto-écoles manquantes,,,0.0,,,auto-écoles,C,D4_D5_etat_trace.csv ; D6_auto_ecoles.csv ; D7_population_prefecture_2022.csv,nature du zéro : aucune auto-école recensée ; vérifier sur place qu’il n’en existe pas ; négatif ou nul : déjà à la cible
O5-04,Préfecture,Moyen-Mono,2022,"cible de l’écart 21 : médiane de O4-05 sur les 16 préfectures avec au moins une auto-école comptée (1,065)",auto-écoles manquantes,,,1.0,,,auto-écoles,C,D4_D5_etat_trace.csv ; D6_auto_ecoles.csv ; D7_population_prefecture_2022.csv,nature du zéro : aucune auto-école recensée ; vérifier sur place qu’il n’en existe pas
O5-04,Préfecture,Mô,2022,"cible PA-04 : médiane de O3-02 (14,35 %)",km à remettre en état,,,,,,km,C,D4_D5_etat_trace.csv ; D6_auto_ecoles.csv ; D7_population_prefecture_2022.csv,non défini : aucun km évalué (R-10)
O5-04,Préfecture,Mô,2022,"cible du 02 : médiane de O4-05 sur les 39 préfectures (0,00)",auto-écoles manquantes,,,0.0,,,auto-écoles,C,D4_D5_etat_trace.csv ; D6_auto_ecoles.csv ; D7_population_prefecture_2022.csv,nature du zéro : aucune auto-école recensée ; vérifier sur place qu’il n’en existe pas ; négatif ou nul : déjà à la cible
O5-04,Préfecture,Mô,2022,"cible de l’écart 21 : médiane de O4-05 sur les 16 préfectures avec au moins une auto-école comptée (1,065)",auto-écoles manquantes,,,1.0,,,auto-écoles,C,D4_D5_etat_trace.csv ; D6_auto_ecoles.csv ; D7_population_prefecture_2022.csv,nature du zéro : aucune auto-école recensée ; vérifier sur place qu’il n’en existe pas
O5-04,Préfecture,Ogou,2022,"cible PA-04 : médiane de O3-02 (14,35 %)",km à remettre en état,,,14.6,,,km,C,D4_D5_etat_trace.csv ; D6_auto_ecoles.csv ; D7_population_prefecture_2022.csv,
O5-04,Préfecture,Ogou,2022,"cible du 02 : médiane de O4-05 sur les 39 préfectures (0,00)",auto-écoles manquantes,,,-2.0,,,auto-écoles,C,D4_D5_etat_trace.csv ; D6_auto_ecoles.csv ; D7_population_prefecture_2022.csv,négatif ou nul : déjà à la cible
O5-04,Préfecture,Ogou,2022,"cible de l’écart 21 : médiane de O4-05 sur les 16 préfectures avec au moins une auto-école comptée (1,065)",auto-écoles manquantes,,,1.0,,,auto-écoles,C,D4_D5_etat_trace.csv ; D6_auto_ecoles.csv ; D7_population_prefecture_2022.csv,
O5-04,Préfecture,Oti,2022,"cible PA-04 : médiane de O3-02 (14,35 %)",km à remettre en état,,,9.6,,,km,C,D4_D5_etat_trace.csv ; D6_auto_ecoles.csv ; D7_population_prefecture_2022.csv,
O5-04,Préfecture,Oti,2022,"cible du 02 : médiane de O4-05 sur les 39 préfectures (0,00)",auto-écoles manquantes,,,0.0,,,auto-écoles,C,D4_D5_etat_trace.csv ; D6_auto_ecoles.csv ; D7_population_prefecture_2022.csv,"nature du zéro : 3 auto-école(s) recensée(s), aucune agréée ; vérifier leur activité et leur agrément ; négatif ou nul : déjà à la cible"
O5-04,Préfecture,Oti,2022,"cible de l’écart 21 : médiane de O4-05 sur les 16 préfectures avec au moins une auto-école comptée (1,065)",auto-écoles manquantes,,,2.0,,,auto-écoles,C,D4_D5_etat_trace.csv ; D6_auto_ecoles.csv ; D7_population_prefecture_2022.csv,"nature du zéro : 3 auto-école(s) recensée(s), aucune agréée ; vérifier leur activité et leur agrément"
O5-04,Préfecture,Oti-Sud,2022,"cible PA-04 : médiane de O3-02 (14,35 %)",km à remettre en état,,,0.1,,,km,C,D4_D5_etat_trace.csv ; D6_auto_ecoles.csv ; D7_population_prefecture_2022.csv,
O5-04,Préfecture,Oti-Sud,2022,"cible du 02 : médiane de O4-05 sur les 39 préfectures (0,00)",auto-écoles manquantes,,,0.0,,,auto-écoles,C,D4_D5_etat_trace.csv ; D6_auto_ecoles.csv ; D7_population_prefecture_2022.csv,nature du zéro : aucune auto-école recensée ; vérifier sur place qu’il n’en existe pas ; négatif ou nul : déjà à la cible
O5-04,Préfecture,Oti-Sud,2022,"cible de l’écart 21 : médiane de O4-05 sur les 16 préfectures avec au moins une auto-école comptée (1,065)",auto-écoles manquantes,,,2.0,,,auto-écoles,C,D4_D5_etat_trace.csv ; D6_auto_ecoles.csv ; D7_population_prefecture_2022.csv,nature du zéro : aucune auto-école recensée ; vérifier sur place qu’il n’en existe pas
O5-04,Préfecture,Sotouboua,2022,"cible PA-04 : médiane de O3-02 (14,35 %)",km à remettre en état,,,7.1,,,km,C,D4_D5_etat_trace.csv ; D6_auto_ecoles.csv ; D7_population_prefecture_2022.csv,
O5-04,Préfecture,Sotouboua,2022,"cible du 02 : médiane de O4-05 sur les 39 préfectures (0,00)",auto-écoles manquantes,,,-2.0,,,auto-écoles,C,D4_D5_etat_trace.csv ; D6_auto_ecoles.csv ; D7_population_prefecture_2022.csv,négatif ou nul : déjà à la cible
O5-04,Préfecture,Sotouboua,2022,"cible de l’écart 21 : médiane de O4-05 sur les 16 préfectures avec au moins une auto-école comptée (1,065)",auto-écoles manquantes,,,0.0,,,auto-écoles,C,D4_D5_etat_trace.csv ; D6_auto_ecoles.csv ; D7_population_prefecture_2022.csv,négatif ou nul : déjà à la cible
O5-04,Préfecture,Tandjoaré,2022,"cible PA-04 : médiane de O3-02 (14,35 %)",km à remettre en état,,,-3.3,,,km,C,D4_D5_etat_trace.csv ; D6_auto_ecoles.csv ; D7_population_prefecture_2022.csv,négatif : déjà sous la cible
O5-04,Préfecture,Tandjoaré,2022,"cible du 02 : médiane de O4-05 sur les 39 préfectures (0,00)",auto-écoles manquantes,,,0.0,,,auto-écoles,C,D4_D5_etat_trace.csv ; D6_auto_ecoles.csv ; D7_population_prefecture_2022.csv,nature du zéro : aucune auto-école recensée ; vérifier sur place qu’il n’en existe pas ; négatif ou nul : déjà à la cible
O5-04,Préfecture,Tandjoaré,2022,"cible de l’écart 21 : médiane de O4-05 sur les 16 préfectures avec au moins une auto-école comptée (1,065)",auto-écoles manquantes,,,2.0,,,auto-écoles,C,D4_D5_etat_trace.csv ; D6_auto_ecoles.csv ; D7_population_prefecture_2022.csv,nature du zéro : aucune auto-école recensée ; vérifier sur place qu’il n’en existe pas
O5-04,Préfecture,Tchamba,2022,"cible PA-04 : médiane de O3-02 (14,35 %)",km à remettre en état,,,23.7,,,km,C,D4_D5_etat_trace.csv ; D6_auto_ecoles.csv ; D7_population_prefecture_2022.csv,
O5-04,Préfecture,Tchamba,2022,"cible du 02 : médiane de O4-05 sur les 39 préfectures (0,00)",auto-écoles manquantes,,,0.0,,,auto-écoles,C,D4_D5_etat_trace.csv ; D6_auto_ecoles.csv ; D7_population_prefecture_2022.csv,"nature du zéro : 2 auto-école(s) recensée(s), aucune agréée ; vérifier leur activité et leur agrément ; négatif ou nul : déjà à la cible"
O5-04,Préfecture,Tchamba,2022,"cible de l’écart 21 : médiane de O4-05 sur les 16 préfectures avec au moins une auto-école comptée (1,065)",auto-écoles manquantes,,,3.0,,,auto-écoles,C,D4_D5_etat_trace.csv ; D6_auto_ecoles.csv ; D7_population_prefecture_2022.csv,"nature du zéro : 2 auto-école(s) recensée(s), aucune agréée ; vérifier leur activité et leur agrément"
O5-04,Préfecture,Tchaoudjo,2022,"cible PA-04 : médiane de O3-02 (14,35 %)",km à remettre en état,,,28.3,,,km,C,D4_D5_etat_trace.csv ; D6_auto_ecoles.csv ; D7_population_prefecture_2022.csv,
O5-04,Préfecture,Tchaoudjo,2022,"cible du 02 : médiane de O4-05 sur les 39 préfectures (0,00)",auto-écoles manquantes,,,-2.0,,,auto-écoles,C,D4_D5_etat_trace.csv ; D6_auto_ecoles.csv ; D7_population_prefecture_2022.csv,négatif ou nul : déjà à la cible
O5-04,Préfecture,Tchaoudjo,2022,"cible de l’écart 21 : médiane de O4-05 sur les 16 préfectures avec au moins une auto-école comptée (1,065)",auto-écoles manquantes,,,1.0,,,auto-écoles,C,D4_D5_etat_trace.csv ; D6_auto_ecoles.csv ; D7_population_prefecture_2022.csv,
O5-04,Préfecture,Tône,2022,"cible PA-04 : médiane de O3-02 (14,35 %)",km à remettre en état,,,-4.4,,,km,C,D4_D5_etat_trace.csv ; D6_auto_ecoles.csv ; D7_population_prefecture_2022.csv,négatif : déjà sous la cible
O5-04,Préfecture,Tône,2022,"cible du 02 : médiane de O4-05 sur les 39 préfectures (0,00)",auto-écoles manquantes,,,-3.0,,,auto-écoles,C,D4_D5_etat_trace.csv ; D6_auto_ecoles.csv ; D7_population_prefecture_2022.csv,négatif ou nul : déjà à la cible
O5-04,Préfecture,Tône,2022,"cible de l’écart 21 : médiane de O4-05 sur les 16 préfectures avec au moins une auto-école comptée (1,065)",auto-écoles manquantes,,,2.0,,,auto-écoles,C,D4_D5_etat_trace.csv ; D6_auto_ecoles.csv ; D7_population_prefecture_2022.csv,
O5-04,Préfecture,Vo,2022,"cible PA-04 : médiane de O3-02 (14,35 %)",km à remettre en état,,,-6.2,,,km,C,D4_D5_etat_trace.csv ; D6_auto_ecoles.csv ; D7_population_prefecture_2022.csv,négatif : déjà sous la cible
O5-04,Préfecture,Vo,2022,"cible du 02 : médiane de O4-05 sur les 39 préfectures (0,00)",auto-écoles manquantes,,,-2.0,,,auto-écoles,C,D4_D5_etat_trace.csv ; D6_auto_ecoles.csv ; D7_population_prefecture_2022.csv,négatif ou nul : déjà à la cible
O5-04,Préfecture,Vo,2022,"cible de l’écart 21 : médiane de O4-05 sur les 16 préfectures avec au moins une auto-école comptée (1,065)",auto-écoles manquantes,,,1.0,,,auto-écoles,C,D4_D5_etat_trace.csv ; D6_auto_ecoles.csv ; D7_population_prefecture_2022.csv,
O5-04,Préfecture,Wawa,2022,"cible PA-04 : médiane de O3-02 (14,35 %)",km à remettre en état,,,19.7,,,km,C,D4_D5_etat_trace.csv ; D6_auto_ecoles.csv ; D7_population_prefecture_2022.csv,
O5-04,Préfecture,Wawa,2022,"cible du 02 : médiane de O4-05 sur les 39 préfectures (0,00)",auto-écoles manquantes,,,-2.0,,,auto-écoles,C,D4_D5_etat_trace.csv ; D6_auto_ecoles.csv ; D7_population_prefecture_2022.csv,négatif ou nul : déjà à la cible
O5-04,Préfecture,Wawa,2022,"cible de l’écart 21 : médiane de O4-05 sur les 16 préfectures avec au moins une auto-école comptée (1,065)",auto-écoles manquantes,,,0.0,,,auto-écoles,C,D4_D5_etat_trace.csv ; D6_auto_ecoles.csv ; D7_population_prefecture_2022.csv,négatif ou nul : déjà à la cible
O5-04,Préfecture,Yoto,2022,"cible PA-04 : médiane de O3-02 (14,35 %)",km à remettre en état,,,-3.7,,,km,C,D4_D5_etat_trace.csv ; D6_auto_ecoles.csv ; D7_population_prefecture_2022.csv,négatif : déjà sous la cible
O5-04,Préfecture,Yoto,2022,"cible du 02 : médiane de O4-05 sur les 39 préfectures (0,00)",auto-écoles manquantes,,,0.0,,,auto-écoles,C,D4_D5_etat_trace.csv ; D6_auto_ecoles.csv ; D7_population_prefecture_2022.csv,"nature du zéro : 1 auto-école(s) recensée(s), aucune agréée ; vérifier leur activité et leur agrément ; négatif ou nul : déjà à la cible"
O5-04,Préfecture,Yoto,2022,"cible de l’écart 21 : médiane de O4-05 sur les 16 préfectures avec au moins une auto-école comptée (1,065)",auto-écoles manquantes,,,2.0,,,auto-écoles,C,D4_D5_etat_trace.csv ; D6_auto_ecoles.csv ; D7_population_prefecture_2022.csv,"nature du zéro : 1 auto-école(s) recensée(s), aucune agréée ; vérifier leur activité et leur agrément"
O5-04,Préfecture,Zio,2022,"cible PA-04 : médiane de O3-02 (14,35 %)",km à remettre en état,,,2.7,,,km,C,D4_D5_etat_trace.csv ; D6_auto_ecoles.csv ; D7_population_prefecture_2022.csv,
O5-04,Préfecture,Zio,2022,"cible du 02 : médiane de O4-05 sur les 39 préfectures (0,00)",auto-écoles manquantes,,,-1.0,,,auto-écoles,C,D4_D5_etat_trace.csv ; D6_auto_ecoles.csv ; D7_population_prefecture_2022.csv,négatif ou nul : déjà à la cible
O5-04,Préfecture,Zio,2022,"cible de l’écart 21 : médiane de O4-05 sur les 16 préfectures avec au moins une auto-école comptée (1,065)",auto-écoles manquantes,,,5.0,,,auto-écoles,C,D4_D5_etat_trace.csv ; D6_auto_ecoles.csv ; D7_population_prefecture_2022.csv,
O5-04,National,Togo,2022,"cible PA-04 : médiane de O3-02 (14,35 %)",préfectures à écart positif,,,19.0,,,préfectures,C,D4_D5_etat_trace.csv ; D6_auto_ecoles.csv ; D7_population_prefecture_2022.csv,"Agou, Agoè-Nyivé, Anié, Assoli, Bas-Mono, Bassar, Blitta, Danyi, Est-Mono, Kloto, Kozah, Ogou, Oti, Oti-Sud, Sotouboua, Tchamba, Tchaoudjo, Wawa, Zio"
O5-04,National,Togo,2022,"cible PA-04 : médiane de O3-02 (14,35 %)",somme des écarts positifs (km à remettre en état),,,327.9,,,km,C,D4_D5_etat_trace.csv ; D6_auto_ecoles.csv ; D7_population_prefecture_2022.csv,les écarts négatifs ne se compensent pas entre préfectures
O5-04,National,Togo,2022,"cible du 02 : médiane de O4-05 sur les 39 préfectures (0,00)",préfectures à écart positif,,,0.0,,,préfectures,C,D4_D5_etat_trace.csv ; D6_auto_ecoles.csv ; D7_population_prefecture_2022.csv,
O5-04,National,Togo,2022,"cible du 02 : médiane de O4-05 sur les 39 préfectures (0,00)",somme des écarts positifs (auto-écoles manquantes),,,0.0,,,auto-écoles,C,D4_D5_etat_trace.csv ; D6_auto_ecoles.csv ; D7_population_prefecture_2022.csv,les écarts négatifs ne se compensent pas entre préfectures
O5-04,National,Togo,2022,"cible de l’écart 21 : médiane de O4-05 sur les 16 préfectures avec au moins une auto-école comptée (1,065)",préfectures à écart positif,,,31.0,,,préfectures,C,D4_D5_etat_trace.csv ; D6_auto_ecoles.csv ; D7_population_prefecture_2022.csv,"Agou, Akébou, Amou, Anié, Avé, Bas-Mono, Bassar, Binah, Blitta, Cinkassé, Dankpen, Danyi, Doufelgou, Est-Mono, Haho, Kpendjal, Kpendjal-Ouest, Kéran, Lacs, Moyen-Mono, Mô, Ogou, Oti, Oti-Sud, Tandjoaré, Tchamba, Tchaoudjo, Tône, Vo, Yoto, Zio"
O5-04,National,Togo,2022,"cible de l’écart 21 : médiane de O4-05 sur les 16 préfectures avec au moins une auto-école comptée (1,065)",somme des écarts positifs (auto-écoles manquantes),,,54.0,,,auto-écoles,C,D4_D5_etat_trace.csv ; D6_auto_ecoles.csv ; D7_population_prefecture_2022.csv,les écarts négatifs ne se compensent pas entre préfectures
