{
"type": "FeatureCollection",
"name": "auto_ecoles",
"crs": { "type": "name", "properties": { "name": "urn:ogc:def:crs:OGC:1.3:CRS84" } },
"features": [
{ "type": "Feature", "properties": { "FID": "_mview_entreprisesvariees_entreprises_variees.fid-7111a9c0_19415ae4b4d_720d", "Nom": "Auto-école Nouvelle", "Statut": "Agréée", "Comptée (R-12)": true, "Adresse": null, "Jours d'ouverture": "{lundi,mardi,mercredi,jeudi,vendredi,samedi}", "Localité": "Didaure", "Canton": "Sokodè (Komah)", "Commune": "Tchaoudjo 1", "Préfecture déclarée": "Tchaoudjo", "Préfecture": "Tchaoudjo", "Région": "Centrale", "Zone": "Centrale" }, "geometry": { "type": "Point", "coordinates": [ 1.138100471721113, 8.983154785280101 ] } },
{ "type": "Feature", "properties": { "FID": "_mview_entreprisesvariees_entreprises_variees.fid-7111a9c0_19415ae4b4d_720e", "Nom": "Auto-école la Prudence Pagala Gare", "Statut": "Non agréée", "Comptée (R-12)": false, "Adresse": null, "Jours d'ouverture": "{lundi,mardi,mercredi,jeudi,vendredi,samedi}", "Localité": "Pagala Gare", "Canton": "Pagala-Gare", "Commune": "Blitta 1", "Préfecture déclarée": "Blitta", "Préfecture": "Blitta", "Région": "Centrale", "Zone": "Centrale" }, "geometry": { "type": "Point", "coordinates": [ 0.988038333333333, 8.17755 ] } },
{ "type": "Feature", "properties": { "FID": "_mview_entreprisesvariees_entreprises_variees.fid-7111a9c0_19415ae4b4d_720f", "Nom": "Auto-école la Nouvelle Blitta", "Statut": "Non agréée", "Comptée (R-12)": false, "Adresse": "BP 09 Blitta", "Jours d'ouverture": "{mardi,mercredi,jeudi,vendredi,samedi,dimanche}", "Localité": "Blitta Dépôt", "Canton": "Blitta", "Commune": "Blitta 1", "Préfecture déclarée": "Blitta", "Préfecture": "Blitta", "Région": "Centrale", "Zone": "Centrale" }, "geometry": { "type": "Point", "coordinates": [ 0.982972721515746, 8.328168710609889 ] } },
{ "type": "Feature", "properties": { "FID": "_mview_entreprisesvariees_entreprises_variees.fid-7111a9c0_19415ae4b4d_7210", "Nom": "Auto-école Pugnus Dei Sotouboua", "Statut": "Antenne agréée", "Comptée (R-12)": true, "Adresse": "70158479/96857921", "Jours d'ouverture": "{lundi,mardi,mercredi,jeudi,vendredi,samedi}", "Localité": "Sotouboua (grand Marché)", "Canton": "Sotouboua", "Commune": "Sotouboua 1", "Préfecture déclarée": "Sotouboua", "Préfecture": "Sotouboua", "Région": "Centrale", "Zone": "Centrale" }, "geometry": { "type": "Point", "coordinates": [ 0.984993333333333, 8.55741 ] } },
{ "type": "Feature", "properties": { "FID": "_mview_entreprisesvariees_entreprises_variees.fid-7111a9c0_19415ae4b4d_7211", "Nom": "Auto-école le leader Sotouboua", "Statut": "Non agréée", "Comptée (R-12)": false, "Adresse": "90788065", "Jours d'ouverture": "{lundi,mardi,mercredi,jeudi,vendredi,samedi}", "Localité": "Sotouboua (kpétéyo)", "Canton": "Sotouboua", "Commune": "Sotouboua 1", "Préfecture déclarée": "Sotouboua", "Préfecture": "Sotouboua", "Région": "Centrale", "Zone": "Centrale" }, "geometry": { "type": "Point", "coordinates": [ 0.98746, 8.557846666666663 ] } },
{ "type": "Feature", "properties": { "FID": "_mview_entreprisesvariees_entreprises_variees.fid-7111a9c0_19415ae4b4d_7212", "Nom": "Auto-école les Intègres", "Statut": "Non agréée", "Comptée (R-12)": false, "Adresse": "22466479/91169631", "Jours d'ouverture": "{lundi,mardi,mercredi,jeudi,vendredi,samedi}", "Localité": "Sotouboua (lawaye)", "Canton": "Sotouboua", "Commune": "Sotouboua 1", "Préfecture déclarée": "Sotouboua", "Préfecture": "Sotouboua", "Région": "Centrale", "Zone": "Centrale" }, "geometry": { "type": "Point", "coordinates": [ 0.978818333333333, 8.564878333333333 ] } },
{ "type": "Feature", "properties": { "FID": "_mview_entreprisesvariees_entreprises_variees.fid-7111a9c0_19415ae4b4d_7213", "Nom": "Auto-école la Référence Sotouboua", "Statut": "Antenne agréée", "Comptée (R-12)": true, "Adresse": "90770970", "Jours d'ouverture": "{lundi,mardi,mercredi,jeudi,vendredi,samedi}", "Localité": "Sotouboua (zongo)", "Canton": "Sotouboua", "Commune": "Sotouboua 1", "Préfecture déclarée": "Sotouboua", "Préfecture": "Sotouboua", "Région": "Centrale", "Zone": "Centrale" }, "geometry": { "type": "Point", "coordinates": [ 0.9757658, 8.5606435 ] } },
{ "type": "Feature", "properties": { "FID": "_mview_entreprisesvariees_entreprises_variees.fid-7111a9c0_19415ae4b4d_7214", "Nom": "Auto-école", "Statut": "Non agréée", "Comptée (R-12)": false, "Adresse": null, "Jours d'ouverture": null, "Localité": "Adeta", "Canton": "Kpélé-Novivé", "Commune": "Kpélé 1", "Préfecture déclarée": "Kpélé", "Préfecture": "Kpélé", "Région": "Plateaux", "Zone": "Plateaux" }, "geometry": { "type": "Point", "coordinates": [ 0.729644108269185, 7.130569377921232 ] } },
{ "type": "Feature", "properties": { "FID": "_mview_entreprisesvariees_entreprises_variees.fid-7111a9c0_19415ae4b4d_7215", "Nom": "Auto-école la Nouvelle Wassouwa", "Statut": "Non agréée", "Comptée (R-12)": false, "Adresse": "90981828/98393151", "Jours d'ouverture": "{lundi,mardi,mercredi,jeudi,vendredi,samedi}", "Localité": "Wassouwa", "Canton": "Tchamba", "Commune": "Tchamba 1", "Préfecture déclarée": "Tchamba", "Préfecture": "Tchamba", "Région": "Centrale", "Zone": "Centrale" }, "geometry": { "type": "Point", "coordinates": [ 1.422936666666667, 9.026503333333334 ] } },
{ "type": "Feature", "properties": { "FID": "_mview_entreprisesvariees_entreprises_variees.fid-7111a9c0_19415ae4b4d_7216", "Nom": "Auto-école la Nouvelle Djama", "Statut": "Non agréée", "Comptée (R-12)": false, "Adresse": "90981828/98393151", "Jours d'ouverture": "{lundi,mardi,mercredi,jeudi,vendredi,samedi}", "Localité": "Djama", "Canton": "Kaboli", "Commune": "Tchamba 3", "Préfecture déclarée": "Tchamba", "Préfecture": "Tchamba", "Région": "Centrale", "Zone": "Centrale" }, "geometry": { "type": "Point", "coordinates": [ 1.586553333333333, 8.751013333333329 ] } },
{ "type": "Feature", "properties": { "FID": "_mview_entreprisesvariees_entreprises_variees.fid-7111a9c0_19415ae4b4d_7217", "Nom": "Auto-école à Dieu la Gloire Akamadé", "Statut": "Antenne agréée", "Comptée (R-12)": true, "Adresse": null, "Jours d'ouverture": "{lundi,mardi,mercredi,jeudi,samedi}", "Localité": "Akamade", "Canton": "Sokodè (Komah)", "Commune": "Tchaoudjo 1", "Préfecture déclarée": "Tchaoudjo", "Préfecture": "Tchaoudjo", "Région": "Centrale", "Zone": "Centrale" }, "geometry": { "type": "Point", "coordinates": [ 1.116670330376173, 8.989919613829478 ] } },
{ "type": "Feature", "properties": { "FID": "_mview_entreprisesvariees_entreprises_variees.fid-7111a9c0_19415ae4b4d_7218", "Nom": "Auto-école l'Identite", "Statut": "Agréée", "Comptée (R-12)": true, "Adresse": null, "Jours d'ouverture": null, "Localité": "Lomegan", "Canton": "Bè-Ouest", "Commune": "Golfe 3", "Préfecture déclarée": "Golfe", "Préfecture": "Golfe", "Région": "Maritime", "Zone": "Grand Lomé" }, "geometry": { "type": "Point", "coordinates": [ 1.205469730659822, 6.181999807885789 ] } },
{ "type": "Feature", "properties": { "FID": "_mview_entreprisesvariees_entreprises_variees.fid-7111a9c0_19415ae4b4d_7219", "Nom": "Auto-école Mawena", "Statut": "Non agréée", "Comptée (R-12)": false, "Adresse": null, "Jours d'ouverture": "{lundi,mardi,mercredi,jeudi,vendredi,samedi}", "Localité": "Tchawanda", "Canton": "Sokodè (Komah)", "Commune": "Tchaoudjo 1", "Préfecture déclarée": "Tchaoudjo", "Préfecture": "Tchaoudjo", "Région": "Centrale", "Zone": "Centrale" }, "geometry": { "type": "Point", "coordinates": [ 1.133057660694986, 8.987355843236807 ] } },
{ "type": "Feature", "properties": { "FID": "_mview_entreprisesvariees_entreprises_variees.fid-7111a9c0_19415ae4b4d_721a", "Nom": "Auto-école Sourou", "Statut": "Non agréée", "Comptée (R-12)": false, "Adresse": null, "Jours d'ouverture": null, "Localité": "Komah 2", "Canton": "Sokodè (Komah)", "Commune": "Tchaoudjo 1", "Préfecture déclarée": "Tchaoudjo", "Préfecture": "Tchaoudjo", "Région": "Centrale", "Zone": "Centrale" }, "geometry": { "type": "Point", "coordinates": [ 1.1440829024928, 8.977114560798848 ] } },
{ "type": "Feature", "properties": { "FID": "_mview_entreprisesvariees_entreprises_variees.fid-7111a9c0_19415ae4b4d_721b", "Nom": "Auto-école Luli", "Statut": "Non agréée", "Comptée (R-12)": false, "Adresse": "Agodeké", "Jours d'ouverture": "{jeudi, lundi, mardi, mercredi, samedi, vendredi}", "Localité": "Kpogan", "Canton": "Baguida", "Commune": "Golfe 6", "Préfecture déclarée": "Golfe", "Préfecture": "Golfe", "Région": "Maritime", "Zone": "Grand Lomé" }, "geometry": { "type": "Point", "coordinates": [ 1.369446666666667, 6.1867 ] } },
{ "type": "Feature", "properties": { "FID": "_mview_entreprisesvariees_entreprises_variees.fid-7111a9c0_19415ae4b4d_721c", "Nom": "Auto-école Tu es Mon Berger", "Statut": "Non agréée", "Comptée (R-12)": false, "Adresse": null, "Jours d'ouverture": "{jeudi, lundi, mardi, mercredi, samedi, vendredi}", "Localité": "Avepozo", "Canton": "Baguida", "Commune": "Golfe 6", "Préfecture déclarée": "Golfe", "Préfecture": "Golfe", "Région": "Maritime", "Zone": "Grand Lomé" }, "geometry": { "type": "Point", "coordinates": [ 1.349706666666667, 6.179768333333334 ] } },
{ "type": "Feature", "properties": { "FID": "_mview_entreprisesvariees_entreprises_variees.fid-7111a9c0_19415ae4b4d_721d", "Nom": "Auto-école Damaris Avépozo", "Statut": "Antenne agréée", "Comptée (R-12)": true, "Adresse": null, "Jours d'ouverture": "{jeudi, lundi, mardi, mercredi, samedi, vendredi}", "Localité": "Avekpozo", "Canton": "Baguida", "Commune": "Golfe 6", "Préfecture déclarée": "Golfe", "Préfecture": "Golfe", "Région": "Maritime", "Zone": "Grand Lomé" }, "geometry": { "type": "Point", "coordinates": [ 1.344271666666668, 6.169588333333333 ] } },
{ "type": "Feature", "properties": { "FID": "_mview_entreprisesvariees_entreprises_variees.fid-7111a9c0_19415ae4b4d_721e", "Nom": "Auto-école Shalom Paix", "Statut": "Agréée", "Comptée (R-12)": true, "Adresse": null, "Jours d'ouverture": "{jeudi, lundi, mardi, mercredi, vendredi}", "Localité": "Baguida", "Canton": "Baguida", "Commune": "Golfe 6", "Préfecture déclarée": "Golfe", "Préfecture": "Golfe", "Région": "Maritime", "Zone": "Grand Lomé" }, "geometry": { "type": "Point", "coordinates": [ 1.307971666666667, 6.158628333333334 ] } },
{ "type": "Feature", "properties": { "FID": "_mview_entreprisesvariees_entreprises_variees.fid-7111a9c0_19415ae4b4d_721f", "Nom": "Auto-école  Shalom", "Statut": "Non agréée", "Comptée (R-12)": false, "Adresse": "Avepozo Mawuvi", "Jours d'ouverture": "{jeudi, lundi, mardi, mercredi, samedi, vendredi}", "Localité": "Avepozo Mawuvi", "Canton": "Baguida", "Commune": "Golfe 6", "Préfecture déclarée": "Golfe", "Préfecture": "Golfe", "Région": "Maritime", "Zone": "Grand Lomé" }, "geometry": { "type": "Point", "coordinates": [ 1.338151666666667, 6.177006666666667 ] } },
{ "type": "Feature", "properties": { "FID": "_mview_entreprisesvariees_entreprises_variees.fid-7111a9c0_19415ae4b4d_7220", "Nom": "Auto-école le Rocher", "Statut": "Non agréée", "Comptée (R-12)": false, "Adresse": null, "Jours d'ouverture": "{jeudi, lundi, mardi, mercredi, vendredi}", "Localité": "Agodeke", "Canton": "Baguida", "Commune": "Golfe 6", "Préfecture déclarée": "Golfe", "Préfecture": "Golfe", "Région": "Maritime", "Zone": "Grand Lomé" }, "geometry": { "type": "Point", "coordinates": [ 1.366873333333334, 6.176551666666668 ] } },
{ "type": "Feature", "properties": { "FID": "_mview_entreprisesvariees_entreprises_variees.fid-7111a9c0_19415ae4b4d_7221", "Nom": "Auto-école Bon Berger", "Statut": "Non agréée", "Comptée (R-12)": false, "Adresse": null, "Jours d'ouverture": "{jeudi, lundi, mardi, mercredi, samedi, vendredi}", "Localité": "Baguida", "Canton": "Baguida", "Commune": "Golfe 6", "Préfecture déclarée": "Golfe", "Préfecture": "Golfe", "Région": "Maritime", "Zone": "Grand Lomé" }, "geometry": { "type": "Point", "coordinates": [ 1.326788809840393, 6.17185502915245 ] } },
{ "type": "Feature", "properties": { "FID": "_mview_entreprisesvariees_entreprises_variees.fid-7111a9c0_19415ae4b4d_7222", "Nom": "Auto-école le Savoir", "Statut": "Agréée", "Comptée (R-12)": true, "Adresse": null, "Jours d'ouverture": "{jeudi, lundi, mardi, mercredi, samedi, vendredi}", "Localité": "Agoe Zongo", "Canton": "Togblekope", "Commune": "Agoè-Nyivé 4", "Préfecture déclarée": "Agoè-Nyivé", "Préfecture": "Agoè-Nyivé", "Région": "Maritime", "Zone": "Grand Lomé" }, "geometry": { "type": "Point", "coordinates": [ 1.2101729, 6.2701936 ] } },
{ "type": "Feature", "properties": { "FID": "_mview_entreprisesvariees_entreprises_variees.fid-7111a9c0_19415ae4b4d_7223", "Nom": "Auto-école Nzambe-Nzambe Agoè", "Statut": "Antenne agréée", "Comptée (R-12)": true, "Adresse": null, "Jours d'ouverture": "{jeudi, lundi, mardi, mercredi, samedi, vendredi}", "Localité": "Agoe Zongo", "Canton": "Agoè-Nyivé", "Commune": "Agoè-Nyivé 1", "Préfecture déclarée": "Agoè-Nyivé", "Préfecture": "Agoè-Nyivé", "Région": "Maritime", "Zone": "Grand Lomé" }, "geometry": { "type": "Point", "coordinates": [ 1.208511666666667, 6.251951666666669 ] } },
{ "type": "Feature", "properties": { "FID": "_mview_entreprisesvariees_entreprises_variees.fid-7111a9c0_19415ae4b4d_7224", "Nom": "Auto-école la Vie", "Statut": "Non agréée", "Comptée (R-12)": false, "Adresse": null, "Jours d'ouverture": "{jeudi, lundi, mardi, mercredi, samedi, vendredi}", "Localité": "Zilidji", "Canton": "Togblekope", "Commune": "Agoè-Nyivé 4", "Préfecture déclarée": "Agoè-Nyivé", "Préfecture": "Agoè-Nyivé", "Région": "Maritime", "Zone": "Grand Lomé" }, "geometry": { "type": "Point", "coordinates": [ 1.1992118, 6.2589273 ] } },
{ "type": "Feature", "properties": { "FID": "_mview_entreprisesvariees_entreprises_variees.fid-7111a9c0_19415ae4b4d_7225", "Nom": "Auto-école Alito École", "Statut": "Non agréée", "Comptée (R-12)": false, "Adresse": null, "Jours d'ouverture": null, "Localité": "Haoussa Zongo", "Canton": "Togblekope", "Commune": "Agoè-Nyivé 4", "Préfecture déclarée": "Agoè-Nyivé", "Préfecture": "Agoè-Nyivé", "Région": "Maritime", "Zone": "Grand Lomé" }, "geometry": { "type": "Point", "coordinates": [ 1.206273333333333, 6.255273333333332 ] } },
{ "type": "Feature", "properties": { "FID": "_mview_entreprisesvariees_entreprises_variees.fid-7111a9c0_19415ae4b4d_7226", "Nom": "Centre D'Instruction Routiere Togo", "Statut": "Non renseigné", "Comptée (R-12)": false, "Adresse": "16 BP 582", "Jours d'ouverture": "{jeudi, lundi, mardi, mercredi, samedi, vendredi}", "Localité": "Demakpoe", "Canton": "Agoè-Nyivé", "Commune": "Agoè-Nyivé 1", "Préfecture déclarée": "Agoè-Nyivé", "Préfecture": "Agoè-Nyivé", "Région": "Maritime", "Zone": "Grand Lomé" }, "geometry": { "type": "Point", "coordinates": [ 1.194368333333332, 6.243238333333331 ] } },
{ "type": "Feature", "properties": { "FID": "_mview_entreprisesvariees_entreprises_variees.fid-7111a9c0_19415ae4b4d_7227", "Nom": "Auto-école la Sainte Etoile", "Statut": "Non agréée", "Comptée (R-12)": false, "Adresse": null, "Jours d'ouverture": null, "Localité": "Telessou", "Canton": "Agoè-Nyivé", "Commune": "Agoè-Nyivé 1", "Préfecture déclarée": "Agoè-Nyivé", "Préfecture": "Agoè-Nyivé", "Région": "Maritime", "Zone": "Grand Lomé" }, "geometry": { "type": "Point", "coordinates": [ 1.182878333333334, 6.218123333333334 ] } },
{ "type": "Feature", "properties": { "FID": "_mview_entreprisesvariees_entreprises_variees.fid-7111a9c0_19415ae4b4d_7228", "Nom": "Auto-école MKAF Togo", "Statut": "Agréée", "Comptée (R-12)": true, "Adresse": "01 BP 1676", "Jours d'ouverture": null, "Localité": "Gbonve", "Canton": "Agoè-Nyivé", "Commune": "Agoè-Nyivé 1", "Préfecture déclarée": "Agoè-Nyivé", "Préfecture": "Agoè-Nyivé", "Région": "Maritime", "Zone": "Grand Lomé" }, "geometry": { "type": "Point", "coordinates": [ 1.187520807677285, 6.216894129697341 ] } },
{ "type": "Feature", "properties": { "FID": "_mview_entreprisesvariees_entreprises_variees.fid-7111a9c0_19415ae4b4d_7229", "Nom": "Auto-école du Golfe Klévé", "Statut": "Agréée", "Comptée (R-12)": true, "Adresse": null, "Jours d'ouverture": "{jeudi, lundi, mardi, mercredi, samedi, vendredi}", "Localité": "Kleve", "Canton": "Agoè-Nyivé", "Commune": "Agoè-Nyivé 1", "Préfecture déclarée": "Agoè-Nyivé", "Préfecture": "Agoè-Nyivé", "Région": "Maritime", "Zone": "Grand Lomé" }, "geometry": { "type": "Point", "coordinates": [ 1.198125836166056, 6.222087057638992 ] } },
{ "type": "Feature", "properties": { "FID": "_mview_entreprisesvariees_entreprises_variees.fid-7111a9c0_19415ae4b4d_722a", "Nom": "Auto-école Oumar", "Statut": "Non agréée", "Comptée (R-12)": false, "Adresse": null, "Jours d'ouverture": null, "Localité": "Sorade", "Canton": "Agoè-Nyivé", "Commune": "Agoè-Nyivé 1", "Préfecture déclarée": "Agoè-Nyivé", "Préfecture": "Agoè-Nyivé", "Région": "Maritime", "Zone": "Grand Lomé" }, "geometry": { "type": "Point", "coordinates": [ 1.211498196424363, 6.232188129077177 ] } },
{ "type": "Feature", "properties": { "FID": "_mview_entreprisesvariees_entreprises_variees.fid-7111a9c0_19415ae4b4d_722b", "Nom": "Auto-école Korgo", "Statut": "Agréée", "Comptée (R-12)": true, "Adresse": null, "Jours d'ouverture": null, "Localité": "Atchanve", "Canton": "Agoè-Nyivé", "Commune": "Agoè-Nyivé 1", "Préfecture déclarée": "Agoè-Nyivé", "Préfecture": "Agoè-Nyivé", "Région": "Maritime", "Zone": "Grand Lomé" }, "geometry": { "type": "Point", "coordinates": [ 1.214936433860318, 6.2249578430227 ] } },
{ "type": "Feature", "properties": { "FID": "_mview_entreprisesvariees_entreprises_variees.fid-7111a9c0_19415ae4b4d_722c", "Nom": "Auto-école le Courage", "Statut": "Non agréée", "Comptée (R-12)": false, "Adresse": null, "Jours d'ouverture": "{jeudi, lundi, mardi, mercredi, samedi, vendredi}", "Localité": "Anokoui", "Canton": "Agoè-Nyivé", "Commune": "Agoè-Nyivé 1", "Préfecture déclarée": "Agoè-Nyivé", "Préfecture": "Agoè-Nyivé", "Région": "Maritime", "Zone": "Grand Lomé" }, "geometry": { "type": "Point", "coordinates": [ 1.179928394723672, 6.243413469411036 ] } },
{ "type": "Feature", "properties": { "FID": "_mview_entreprisesvariees_entreprises_variees.fid-7111a9c0_19415ae4b4d_722d", "Nom": "Auto-école du Golfe Adétikopé", "Statut": "Antenne agréée", "Comptée (R-12)": true, "Adresse": "90036506/90159906", "Jours d'ouverture": "{jeudi, lundi, mardi, mercredi, samedi, vendredi}", "Localité": "Adeticope", "Canton": "Adétikopé", "Commune": "Agoè-Nyivé 6", "Préfecture déclarée": "Agoè-Nyivé", "Préfecture": "Agoè-Nyivé", "Région": "Maritime", "Zone": "Grand Lomé" }, "geometry": { "type": "Point", "coordinates": [ 1.218355, 6.325763333333335 ] } },
{ "type": "Feature", "properties": { "FID": "_mview_entreprisesvariees_entreprises_variees.fid-7111a9c0_19415ae4b4d_722e", "Nom": "Auto-école les Elus de Dieu", "Statut": "Non agréée", "Comptée (R-12)": false, "Adresse": "Téléssou", "Jours d'ouverture": "{jeudi, lundi, mardi, mercredi, samedi, vendredi}", "Localité": "Telessou", "Canton": "Agoè-Nyivé", "Commune": "Agoè-Nyivé 1", "Préfecture déclarée": "Agoè-Nyivé", "Préfecture": "Agoè-Nyivé", "Région": "Maritime", "Zone": "Grand Lomé" }, "geometry": { "type": "Point", "coordinates": [ 1.175010177467904, 6.225657994972941 ] } },
{ "type": "Feature", "properties": { "FID": "_mview_entreprisesvariees_entreprises_variees.fid-7111a9c0_19415ae4b4d_722f", "Nom": "Auto-école Sous les Ailes de Dieu Anomé", "Statut": "Antenne agréée", "Comptée (R-12)": true, "Adresse": "Anome", "Jours d'ouverture": "{jeudi, lundi, mardi, mercredi, samedi, vendredi}", "Localité": "Anome", "Canton": "Agoè-Nyivé", "Commune": "Agoè-Nyivé 1", "Préfecture déclarée": "Agoè-Nyivé", "Préfecture": "Agoè-Nyivé", "Région": "Maritime", "Zone": "Grand Lomé" }, "geometry": { "type": "Point", "coordinates": [ 1.184700812326147, 6.215990873100693 ] } },
{ "type": "Feature", "properties": { "FID": "_mview_entreprisesvariees_entreprises_variees.fid-7111a9c0_19415ae4b4d_7230", "Nom": "Auto-école du Golfe Carefour bleu", "Statut": "Agréée", "Comptée (R-12)": true, "Adresse": "Carrefour Bleu", "Jours d'ouverture": "{jeudi, lundi, mardi, mercredi, samedi, vendredi}", "Localité": "Carrefour Bleu", "Canton": "Agoè-Nyivé", "Commune": "Agoè-Nyivé 1", "Préfecture déclarée": "Agoè-Nyivé", "Préfecture": "Agoè-Nyivé", "Région": "Maritime", "Zone": "Grand Lomé" }, "geometry": { "type": "Point", "coordinates": [ 1.205241666666666, 6.225473333333334 ] } },
{ "type": "Feature", "properties": { "FID": "_mview_entreprisesvariees_entreprises_variees.fid-7111a9c0_19415ae4b4d_7231", "Nom": "Auto-école Sissonne", "Statut": "Non agréée", "Comptée (R-12)": false, "Adresse": "Atchanvé", "Jours d'ouverture": "{jeudi, lundi, mardi, mercredi, samedi, vendredi}", "Localité": "Atchanve", "Canton": "Agoè-Nyivé", "Commune": "Agoè-Nyivé 1", "Préfecture déclarée": "Agoè-Nyivé", "Préfecture": "Agoè-Nyivé", "Région": "Maritime", "Zone": "Grand Lomé" }, "geometry": { "type": "Point", "coordinates": [ 1.211171666666667, 6.229001666666666 ] } },
{ "type": "Feature", "properties": { "FID": "_mview_entreprisesvariees_entreprises_variees.fid-7111a9c0_19415ae4b4d_7232", "Nom": "Auto-école Caba", "Statut": "Non agréée", "Comptée (R-12)": false, "Adresse": "Sorade", "Jours d'ouverture": "{jeudi, lundi, mardi, mercredi, samedi, vendredi}", "Localité": "Sorade", "Canton": "Agoè-Nyivé", "Commune": "Agoè-Nyivé 1", "Préfecture déclarée": "Agoè-Nyivé", "Préfecture": "Agoè-Nyivé", "Région": "Maritime", "Zone": "Grand Lomé" }, "geometry": { "type": "Point", "coordinates": [ 1.212836456701271, 6.230940105142965 ] } },
{ "type": "Feature", "properties": { "FID": "_mview_entreprisesvariees_entreprises_variees.fid-7111a9c0_19415ae4b4d_7233", "Nom": "Auto-école defi Focus", "Statut": "Non agréée", "Comptée (R-12)": false, "Adresse": "Adjougba", "Jours d'ouverture": "{jeudi, lundi, mardi, mercredi, samedi, vendredi}", "Localité": "Adjougba", "Canton": "Agoè-Nyivé", "Commune": "Agoè-Nyivé 1", "Préfecture déclarée": "Agoè-Nyivé", "Préfecture": "Agoè-Nyivé", "Région": "Maritime", "Zone": "Grand Lomé" }, "geometry": { "type": "Point", "coordinates": [ 1.22202734441571, 6.226362919403874 ] } },
{ "type": "Feature", "properties": { "FID": "_mview_entreprisesvariees_entreprises_variees.fid-7111a9c0_19415ae4b4d_7234", "Nom": "Auto-école les Experts", "Statut": "Non agréée", "Comptée (R-12)": false, "Adresse": "Aucune", "Jours d'ouverture": "{jeudi, lundi, mardi, mercredi, samedi, vendredi}", "Localité": "Adewi", "Canton": "Adétikopé", "Commune": "Agoè-Nyivé 6", "Préfecture déclarée": "Agoè-Nyivé", "Préfecture": "Agoè-Nyivé", "Région": "Maritime", "Zone": "Grand Lomé" }, "geometry": { "type": "Point", "coordinates": [ 1.221614755613029, 6.315228093476835 ] } },
{ "type": "Feature", "properties": { "FID": "_mview_entreprisesvariees_entreprises_variees.fid-7111a9c0_19415ae4b4d_7235", "Nom": "Auto-école ma Reussite Annexe Amarinta", "Statut": "Non agréée", "Comptée (R-12)": false, "Adresse": null, "Jours d'ouverture": null, "Localité": "Amarinta", "Canton": "Sanguera", "Commune": "Agoè-Nyivé 5", "Préfecture déclarée": "Agoè-Nyivé", "Préfecture": "Agoè-Nyivé", "Région": "Maritime", "Zone": "Grand Lomé" }, "geometry": { "type": "Point", "coordinates": [ 1.140371666666667, 6.247621666666665 ] } },
{ "type": "Feature", "properties": { "FID": "_mview_entreprisesvariees_entreprises_variees.fid-7111a9c0_19415ae4b4d_7236", "Nom": "Auto-école TNI (Togo Nouvelle Impression) Cacavéli", "Statut": "Antenne agréée", "Comptée (R-12)": true, "Adresse": "92648819/97702424", "Jours d'ouverture": "{jeudi, lundi, mardi, mercredi, samedi, vendredi}", "Localité": "Cacaveli", "Canton": "Agoè-Nyivé", "Commune": "Agoè-Nyivé 1", "Préfecture déclarée": "Agoè-Nyivé", "Préfecture": "Agoè-Nyivé", "Région": "Maritime", "Zone": "Grand Lomé" }, "geometry": { "type": "Point", "coordinates": [ 1.199216666666667, 6.211295 ] } },
{ "type": "Feature", "properties": { "FID": "_mview_entreprisesvariees_entreprises_variees.fid-7111a9c0_19415ae4b4d_7237", "Nom": "Auto-école MHJH", "Statut": "Non agréée", "Comptée (R-12)": false, "Adresse": null, "Jours d'ouverture": "{jeudi, lundi, mardi, mercredi, samedi, vendredi}", "Localité": "Avenou", "Canton": "Aflao-Gakli", "Commune": "Golfe 5", "Préfecture déclarée": "Golfe", "Préfecture": "Golfe", "Région": "Maritime", "Zone": "Grand Lomé" }, "geometry": { "type": "Point", "coordinates": [ 1.191363333333333, 6.172861666666667 ] } },
{ "type": "Feature", "properties": { "FID": "_mview_entreprisesvariees_entreprises_variees.fid-7111a9c0_19415ae4b4d_7238", "Nom": "Auto-école Baptrans", "Statut": "Agréée", "Comptée (R-12)": true, "Adresse": "12 BP 278 Lome", "Jours d'ouverture": "{jeudi, lundi, mardi, mercredi, vendredi}", "Localité": "Soviepe", "Canton": "Aflao-Gakli", "Commune": "Golfe 5", "Préfecture déclarée": "Golfe", "Préfecture": "Golfe", "Région": "Maritime", "Zone": "Grand Lomé" }, "geometry": { "type": "Point", "coordinates": [ 1.180552810743702, 6.177851106070137 ] } },
{ "type": "Feature", "properties": { "FID": "_mview_entreprisesvariees_entreprises_variees.fid-7111a9c0_19415ae4b4d_7239", "Nom": "Auto-école du Golfe Legbasokpé", "Statut": "Agréée", "Comptée (R-12)": true, "Adresse": null, "Jours d'ouverture": "{jeudi, lundi, mardi, mercredi, samedi, vendredi}", "Localité": "Legbasokpe", "Canton": "Légbassito", "Commune": "Agoè-Nyivé 2", "Préfecture déclarée": "Agoè-Nyivé", "Préfecture": "Agoè-Nyivé", "Région": "Maritime", "Zone": "Grand Lomé" }, "geometry": { "type": "Point", "coordinates": [ 1.163491918194107, 6.260329073759687 ] } },
{ "type": "Feature", "properties": { "FID": "_mview_entreprisesvariees_entreprises_variees.fid-7111a9c0_19415ae4b4d_723a", "Nom": "Auto-école Winner Sogbossito", "Statut": "Non agréée", "Comptée (R-12)": false, "Adresse": null, "Jours d'ouverture": "{jeudi, lundi, mardi, mercredi, samedi, vendredi}", "Localité": "Sogbossito", "Canton": "Agoè-Nyivé", "Commune": "Agoè-Nyivé 1", "Préfecture déclarée": "Agoè-Nyivé", "Préfecture": "Agoè-Nyivé", "Région": "Maritime", "Zone": "Grand Lomé" }, "geometry": { "type": "Point", "coordinates": [ 1.166325166679377, 6.257561588377603 ] } },
{ "type": "Feature", "properties": { "FID": "_mview_entreprisesvariees_entreprises_variees.fid-7111a9c0_19415ae4b4d_723b", "Nom": "Auto-école St Kotey", "Statut": "Non agréée", "Comptée (R-12)": false, "Adresse": "90789684/98796009", "Jours d'ouverture": "{jeudi, lundi, mardi, mercredi, samedi, vendredi}", "Localité": "Vakpossito Telessou", "Canton": "Vakpossito", "Commune": "Agoè-Nyivé 3", "Préfecture déclarée": "Agoè-Nyivé", "Préfecture": "Agoè-Nyivé", "Région": "Maritime", "Zone": "Grand Lomé" }, "geometry": { "type": "Point", "coordinates": [ 1.170288333333333, 6.217493333333334 ] } },
{ "type": "Feature", "properties": { "FID": "_mview_entreprisesvariees_entreprises_variees.fid-7111a9c0_19415ae4b4d_723c", "Nom": "Auto-école J.le Rocher", "Statut": "Agréée", "Comptée (R-12)": true, "Adresse": "BP S/c3408", "Jours d'ouverture": "{jeudi, lundi, mardi, mercredi, samedi, vendredi}", "Localité": "Djidjolé", "Canton": "Aflao-Gakli", "Commune": "Golfe 5", "Préfecture déclarée": "Golfe", "Préfecture": "Golfe", "Région": "Maritime", "Zone": "Grand Lomé" }, "geometry": { "type": "Point", "coordinates": [ 1.191765, 6.18965 ] } },
{ "type": "Feature", "properties": { "FID": "_mview_entreprisesvariees_entreprises_variees.fid-7111a9c0_19415ae4b4d_723d", "Nom": "Auto-école BAMB-SIS Agbalédogan", "Statut": "Agréée", "Comptée (R-12)": true, "Adresse": null, "Jours d'ouverture": "{jeudi, lundi, mardi, mercredi, samedi, vendredi}", "Localité": "Agbalédogan", "Canton": "Agoè-Nyivé", "Commune": "Agoè-Nyivé 1", "Préfecture déclarée": "Agoè-Nyivé", "Préfecture": "Agoè-Nyivé", "Région": "Maritime", "Zone": "Grand Lomé" }, "geometry": { "type": "Point", "coordinates": [ 1.1972710786259, 6.2015930306614 ] } },
{ "type": "Feature", "properties": { "FID": "_mview_entreprisesvariees_entreprises_variees.fid-7111a9c0_19415ae4b4d_723e", "Nom": "Auto-école  Saint Christophe Agbalépédo", "Statut": "Agréée", "Comptée (R-12)": true, "Adresse": null, "Jours d'ouverture": "{jeudi, lundi, mardi, mercredi, vendredi}", "Localité": "Agbalepedo", "Canton": "Aflao-Gakli", "Commune": "Golfe 5", "Préfecture déclarée": "Golfe", "Préfecture": "Golfe", "Région": "Maritime", "Zone": "Grand Lomé" }, "geometry": { "type": "Point", "coordinates": [ 1.196454543192517, 6.200091141807959 ] } },
{ "type": "Feature", "properties": { "FID": "_mview_entreprisesvariees_entreprises_variees.fid-7111a9c0_19415ae4b4d_723f", "Nom": "Auto-école le Gold", "Statut": "Non agréée", "Comptée (R-12)": false, "Adresse": null, "Jours d'ouverture": "{jeudi, lundi, mardi, mercredi, vendredi}", "Localité": "Djidjole", "Canton": "Aflao-Gakli", "Commune": "Golfe 5", "Préfecture déclarée": "Golfe", "Préfecture": "Golfe", "Région": "Maritime", "Zone": "Grand Lomé" }, "geometry": { "type": "Point", "coordinates": [ 1.19687, 6.182665 ] } },
{ "type": "Feature", "properties": { "FID": "_mview_entreprisesvariees_entreprises_variees.fid-7111a9c0_19415ae4b4d_7240", "Nom": "Auto-école ma Reussite Téléssou", "Statut": "Non agréée", "Comptée (R-12)": false, "Adresse": "90974929/99510494", "Jours d'ouverture": "{jeudi, lundi, mardi, mercredi, samedi, vendredi}", "Localité": "Agoe Telessou", "Canton": "Vakpossito", "Commune": "Agoè-Nyivé 3", "Préfecture déclarée": "Agoè-Nyivé", "Préfecture": "Agoè-Nyivé", "Région": "Maritime", "Zone": "Grand Lomé" }, "geometry": { "type": "Point", "coordinates": [ 1.170595456631288, 6.214412219218842 ] } },
{ "type": "Feature", "properties": { "FID": "_mview_entreprisesvariees_entreprises_variees.fid-7111a9c0_19415ae4b4d_7241", "Nom": "Auto-école Gnamassigan", "Statut": "Non agréée", "Comptée (R-12)": false, "Adresse": null, "Jours d'ouverture": null, "Localité": "Gnamassigan", "Canton": "Togblekope", "Commune": "Agoè-Nyivé 4", "Préfecture déclarée": "Agoè-Nyivé", "Préfecture": "Agoè-Nyivé", "Région": "Maritime", "Zone": "Grand Lomé" }, "geometry": { "type": "Point", "coordinates": [ 1.177750775808559, 6.266452865653485 ] } },
{ "type": "Feature", "properties": { "FID": "_mview_entreprisesvariees_entreprises_variees.fid-7111a9c0_19415ae4b4d_7242", "Nom": "Auto-école la Gracieuse Légbassito", "Statut": "Antenne agréée", "Comptée (R-12)": true, "Adresse": null, "Jours d'ouverture": "{jeudi, lundi, mardi, mercredi, samedi, vendredi}", "Localité": "Legbassito", "Canton": "Légbassito", "Commune": "Agoè-Nyivé 2", "Préfecture déclarée": "Agoè-Nyivé", "Préfecture": "Agoè-Nyivé", "Région": "Maritime", "Zone": "Grand Lomé" }, "geometry": { "type": "Point", "coordinates": [ 1.149775885622445, 6.266675862585643 ] } },
{ "type": "Feature", "properties": { "FID": "_mview_entreprisesvariees_entreprises_variees.fid-7111a9c0_19415ae4b4d_7243", "Nom": "Auto-école le Genie Sogbossito", "Statut": "Agréée", "Comptée (R-12)": true, "Adresse": null, "Jours d'ouverture": "{jeudi, lundi, mardi, mercredi, samedi, vendredi}", "Localité": "Sogbossito", "Canton": "Agoè-Nyivé", "Commune": "Agoè-Nyivé 1", "Préfecture déclarée": "Agoè-Nyivé", "Préfecture": "Agoè-Nyivé", "Région": "Maritime", "Zone": "Grand Lomé" }, "geometry": { "type": "Point", "coordinates": [ 1.17526, 6.251276666666665 ] } },
{ "type": "Feature", "properties": { "FID": "_mview_entreprisesvariees_entreprises_variees.fid-7111a9c0_19415ae4b4d_7244", "Nom": "Auto-école Abraham Lincoln", "Statut": "Agréée", "Comptée (R-12)": true, "Adresse": null, "Jours d'ouverture": "{jeudi, lundi, mardi, mercredi, samedi, vendredi}", "Localité": "Vakpossito", "Canton": "Vakpossito", "Commune": "Agoè-Nyivé 3", "Préfecture déclarée": "Agoè-Nyivé", "Préfecture": "Agoè-Nyivé", "Région": "Maritime", "Zone": "Grand Lomé" }, "geometry": { "type": "Point", "coordinates": [ 1.174569322588707, 6.214430782681505 ] } },
{ "type": "Feature", "properties": { "FID": "_mview_entreprisesvariees_entreprises_variees.fid-7111a9c0_19415ae4b4d_7245", "Nom": "Auto-école la Liberté Doumasséssé", "Statut": "Agréée", "Comptée (R-12)": true, "Adresse": "Doumassesse, Rue, Lomé ; BP S/c 15BP298", "Jours d'ouverture": "{jeudi, lundi, mardi, mercredi, samedi, vendredi}", "Localité": "Doumassesse", "Canton": "Bè-Ouest", "Commune": "Golfe 3", "Préfecture déclarée": "Golfe", "Préfecture": "Golfe", "Région": "Maritime", "Zone": "Grand Lomé" }, "geometry": { "type": "Point", "coordinates": [ 1.215420880874853, 6.163382809299719 ] } },
{ "type": "Feature", "properties": { "FID": "_mview_entreprisesvariees_entreprises_variees.fid-7111a9c0_19415ae4b4d_7246", "Nom": "Auto-école Afrique C.A", "Statut": "Non agréée", "Comptée (R-12)": false, "Adresse": null, "Jours d'ouverture": "{jeudi, lundi, mardi, mercredi, samedi, vendredi}", "Localité": "Lomegan", "Canton": "Bè-Ouest", "Commune": "Golfe 3", "Préfecture déclarée": "Golfe", "Préfecture": "Golfe", "Région": "Maritime", "Zone": "Grand Lomé" }, "geometry": { "type": "Point", "coordinates": [ 1.205718705246973, 6.184199894810827 ] } },
{ "type": "Feature", "properties": { "FID": "_mview_entreprisesvariees_entreprises_variees.fid-7111a9c0_19415ae4b4d_7247", "Nom": "Auto-école le Retour", "Statut": "Non agréée", "Comptée (R-12)": false, "Adresse": null, "Jours d'ouverture": "{jeudi, lundi, mardi, mercredi, vendredi}", "Localité": "Tokoin Doumassesse", "Canton": "Bè-Ouest", "Commune": "Golfe 3", "Préfecture déclarée": "Golfe", "Préfecture": "Golfe", "Région": "Maritime", "Zone": "Grand Lomé" }, "geometry": { "type": "Point", "coordinates": [ 1.216203333333334, 6.157608333333331 ] } },
{ "type": "Feature", "properties": { "FID": "_mview_entreprisesvariees_entreprises_variees.fid-7111a9c0_19415ae4b4d_7248", "Nom": "Auto-école CF le leader", "Statut": "Non agréée", "Comptée (R-12)": false, "Adresse": null, "Jours d'ouverture": "{jeudi, lundi, mardi, mercredi, vendredi}", "Localité": "Agbalepedo", "Canton": "Bè-Ouest", "Commune": "Golfe 3", "Préfecture déclarée": "Golfe", "Préfecture": "Golfe", "Région": "Maritime", "Zone": "Grand Lomé" }, "geometry": { "type": "Point", "coordinates": [ 1.206728333333334, 6.185483333333332 ] } },
{ "type": "Feature", "properties": { "FID": "_mview_entreprisesvariees_entreprises_variees.fid-7111a9c0_19415ae4b4d_7249", "Nom": "Auto-école B Groupe", "Statut": "Non agréée", "Comptée (R-12)": false, "Adresse": null, "Jours d'ouverture": "{jeudi, lundi, mardi, mercredi, samedi, vendredi}", "Localité": "Sogbossito", "Canton": "Agoè-Nyivé", "Commune": "Agoè-Nyivé 1", "Préfecture déclarée": "Agoè-Nyivé", "Préfecture": "Agoè-Nyivé", "Région": "Maritime", "Zone": "Grand Lomé" }, "geometry": { "type": "Point", "coordinates": [ 1.177406666666667, 6.250873333333332 ] } },
{ "type": "Feature", "properties": { "FID": "_mview_entreprisesvariees_entreprises_variees.fid-7111a9c0_19415ae4b4d_724a", "Nom": "Auto-école Adjrad_Togo", "Statut": "Non agréée", "Comptée (R-12)": false, "Adresse": "13 BP 544", "Jours d'ouverture": "{jeudi, lundi, mardi, mercredi, samedi, vendredi}", "Localité": "Demakpoe", "Canton": "Agoè-Nyivé", "Commune": "Agoè-Nyivé 1", "Préfecture déclarée": "Agoè-Nyivé", "Préfecture": "Agoè-Nyivé", "Région": "Maritime", "Zone": "Grand Lomé" }, "geometry": { "type": "Point", "coordinates": [ 1.198248231171053, 6.24216359911231 ] } },
{ "type": "Feature", "properties": { "FID": "_mview_entreprisesvariees_entreprises_variees.fid-7111a9c0_19415ae4b4d_724b", "Nom": "Auto-école TNI (Togo Nouvelle Impression) Démakpoè", "Statut": "Antenne agréée", "Comptée (R-12)": true, "Adresse": null, "Jours d'ouverture": "{jeudi, lundi, mardi, mercredi, samedi, vendredi}", "Localité": "Demakpoe", "Canton": "Agoè-Nyivé", "Commune": "Agoè-Nyivé 1", "Préfecture déclarée": "Agoè-Nyivé", "Préfecture": "Agoè-Nyivé", "Région": "Maritime", "Zone": "Grand Lomé" }, "geometry": { "type": "Point", "coordinates": [ 1.201634755162813, 6.241847379845974 ] } },
{ "type": "Feature", "properties": { "FID": "_mview_entreprisesvariees_entreprises_variees.fid-7111a9c0_19415ae4b4d_724c", "Nom": "Auto-école Winner Assiyéyé", "Statut": "Non agréée", "Comptée (R-12)": false, "Adresse": null, "Jours d'ouverture": "{jeudi, lundi, mardi, mercredi, samedi, vendredi}", "Localité": "Assiyeye", "Canton": "Agoè-Nyivé", "Commune": "Agoè-Nyivé 1", "Préfecture déclarée": "Agoè-Nyivé", "Préfecture": "Agoè-Nyivé", "Région": "Maritime", "Zone": "Grand Lomé" }, "geometry": { "type": "Point", "coordinates": [ 1.198786666666668, 6.230588333333333 ] } },
{ "type": "Feature", "properties": { "FID": "_mview_entreprisesvariees_entreprises_variees.fid-7111a9c0_19415ae4b4d_724d", "Nom": "Auto-école Basililela Soted", "Statut": "Antenne agréée", "Comptée (R-12)": true, "Adresse": null, "Jours d'ouverture": "{jeudi, lundi, mardi, mercredi, samedi, vendredi}", "Localité": "Soted", "Canton": "Bè-Ouest", "Commune": "Golfe 3", "Préfecture déclarée": "Golfe", "Préfecture": "Golfe", "Région": "Maritime", "Zone": "Grand Lomé" }, "geometry": { "type": "Point", "coordinates": [ 1.220686666666667, 6.152381666666666 ] } },
{ "type": "Feature", "properties": { "FID": "_mview_entreprisesvariees_entreprises_variees.fid-7111a9c0_19415ae4b4d_724e", "Nom": "Auto-école la Gracieuse Doumasséssé", "Statut": "Agréée", "Comptée (R-12)": true, "Adresse": null, "Jours d'ouverture": "{jeudi, lundi, mardi, mercredi, samedi, vendredi}", "Localité": "Doumassesse", "Canton": "Bè-Ouest", "Commune": "Golfe 3", "Préfecture déclarée": "Golfe", "Préfecture": "Golfe", "Région": "Maritime", "Zone": "Grand Lomé" }, "geometry": { "type": "Point", "coordinates": [ 1.220859012567111, 6.164817876690038 ] } },
{ "type": "Feature", "properties": { "FID": "_mview_entreprisesvariees_entreprises_variees.fid-7111a9c0_19415ae4b4d_724f", "Nom": "Auto-école Nzambe-Nzambe Ramco", "Statut": "Antenne agréée", "Comptée (R-12)": true, "Adresse": "Aucun", "Jours d'ouverture": "{jeudi, lundi, mardi, mercredi, samedi, vendredi}", "Localité": "Ramco", "Canton": "Amoutivé", "Commune": "Golfe 4", "Préfecture déclarée": "Golfe", "Préfecture": "Golfe", "Région": "Maritime", "Zone": "Grand Lomé" }, "geometry": { "type": "Point", "coordinates": [ 1.22012, 6.143261666666663 ] } },
{ "type": "Feature", "properties": { "FID": "_mview_entreprisesvariees_entreprises_variees.fid-7111a9c0_19415ae4b4d_7250", "Nom": "Auto-école Togo Express", "Statut": "Non agréée", "Comptée (R-12)": false, "Adresse": null, "Jours d'ouverture": null, "Localité": "Forever", "Canton": "Bè-Ouest", "Commune": "Golfe 3", "Préfecture déclarée": "Golfe", "Préfecture": "Golfe", "Région": "Maritime", "Zone": "Grand Lomé" }, "geometry": { "type": "Point", "coordinates": [ 1.227880896043348, 6.162413241361006 ] } },
{ "type": "Feature", "properties": { "FID": "_mview_entreprisesvariees_entreprises_variees.fid-7111a9c0_19415ae4b4d_7251", "Nom": "Auto-école Gratia", "Statut": "Agréée", "Comptée (R-12)": true, "Adresse": null, "Jours d'ouverture": "{jeudi, lundi, mardi, mercredi, samedi, vendredi}", "Localité": "Hedzranawoe", "Canton": "Bè-Ouest", "Commune": "Golfe 3", "Préfecture déclarée": "Golfe", "Préfecture": "Golfe", "Région": "Maritime", "Zone": "Grand Lomé" }, "geometry": { "type": "Point", "coordinates": [ 1.236655, 6.187848333333332 ] } },
{ "type": "Feature", "properties": { "FID": "_mview_entreprisesvariees_entreprises_variees.fid-7111a9c0_19415ae4b4d_7252", "Nom": "Auto-école l'Eternel", "Statut": "Agréée", "Comptée (R-12)": true, "Adresse": "90158330", "Jours d'ouverture": "{jeudi, lundi, mardi, mercredi, vendredi}", "Localité": "Avedji", "Canton": "Aflao-Gakli", "Commune": "Golfe 5", "Préfecture déclarée": "Golfe", "Préfecture": "Golfe", "Région": "Maritime", "Zone": "Grand Lomé" }, "geometry": { "type": "Point", "coordinates": [ 1.179964355010483, 6.201641865417299 ] } },
{ "type": "Feature", "properties": { "FID": "_mview_entreprisesvariees_entreprises_variees.fid-7111a9c0_19415ae4b4d_7253", "Nom": "Auto-école Sous les Ailes de Dieu Amadahomé", "Statut": "Antenne agréée", "Comptée (R-12)": true, "Adresse": null, "Jours d'ouverture": "{jeudi, lundi, mardi, mercredi, samedi, vendredi}", "Localité": "Amadahome", "Canton": "Aflao-Gakli", "Commune": "Golfe 5", "Préfecture déclarée": "Golfe", "Préfecture": "Golfe", "Région": "Maritime", "Zone": "Grand Lomé" }, "geometry": { "type": "Point", "coordinates": [ 1.155678899082897, 6.200394037600348 ] } },
{ "type": "Feature", "properties": { "FID": "_mview_entreprisesvariees_entreprises_variees.fid-7111a9c0_19415ae4b4d_7254", "Nom": "Auto-école Dieudonne Wognomé", "Statut": "Antenne agréée", "Comptée (R-12)": true, "Adresse": null, "Jours d'ouverture": "{jeudi, lundi, mardi, mercredi, samedi, vendredi}", "Localité": "Woyome", "Canton": "Aflao-Sagbado", "Commune": "Golfe 7", "Préfecture déclarée": "Golfe", "Préfecture": "Golfe", "Région": "Maritime", "Zone": "Grand Lomé" }, "geometry": { "type": "Point", "coordinates": [ 1.144773333333334, 6.201136666666668 ] } },
{ "type": "Feature", "properties": { "FID": "_mview_entreprisesvariees_entreprises_variees.fid-7111a9c0_19415ae4b4d_7255", "Nom": "Auto-école les Amis Ségbé", "Statut": "Antenne agréée", "Comptée (R-12)": true, "Adresse": null, "Jours d'ouverture": "{jeudi, lundi, mardi, mercredi, samedi, vendredi}", "Localité": "Segbe", "Canton": "Aflao-Sagbado", "Commune": "Golfe 7", "Préfecture déclarée": "Golfe", "Préfecture": "Golfe", "Région": "Maritime", "Zone": "Grand Lomé" }, "geometry": { "type": "Point", "coordinates": [ 1.101526666666667, 6.199731666666664 ] } },
{ "type": "Feature", "properties": { "FID": "_mview_entreprisesvariees_entreprises_variees.fid-7111a9c0_19415ae4b4d_7256", "Nom": "Auto-école GPS Togo", "Statut": "Non agréée", "Comptée (R-12)": false, "Adresse": null, "Jours d'ouverture": "{jeudi, lundi, mardi, mercredi, samedi, vendredi}", "Localité": "Segbe", "Canton": "Aflao-Sagbado", "Commune": "Golfe 7", "Préfecture déclarée": "Golfe", "Préfecture": "Golfe", "Région": "Maritime", "Zone": "Grand Lomé" }, "geometry": { "type": "Point", "coordinates": [ 1.103110131283046, 6.199796319483416 ] } },
{ "type": "Feature", "properties": { "FID": "_mview_entreprisesvariees_entreprises_variees.fid-7111a9c0_19415ae4b4d_7257", "Nom": "Auto-école TNI (Togo Nouvelle Impression) Vakpossito", "Statut": "Agréée", "Comptée (R-12)": true, "Adresse": "22567160/90203980/92526687", "Jours d'ouverture": "{jeudi, lundi, mardi, mercredi, samedi, vendredi}", "Localité": "Vakpossito", "Canton": "Vakpossito", "Commune": "Agoè-Nyivé 3", "Préfecture déclarée": "Agoè-Nyivé", "Préfecture": "Agoè-Nyivé", "Région": "Maritime", "Zone": "Grand Lomé" }, "geometry": { "type": "Point", "coordinates": [ 1.161558333333334, 6.218114296993238 ] } },
{ "type": "Feature", "properties": { "FID": "_mview_entreprisesvariees_entreprises_variees.fid-7111a9c0_19415ae4b4d_7258", "Nom": "Auto-école Sainte Famille Logogomé", "Statut": "Antenne agréée", "Comptée (R-12)": true, "Adresse": "90292127/93485258/91102621", "Jours d'ouverture": "{jeudi, lundi, mardi, mercredi, samedi, vendredi}", "Localité": "Logogome", "Canton": "Sanguera", "Commune": "Agoè-Nyivé 5", "Préfecture déclarée": "Agoè-Nyivé", "Préfecture": "Agoè-Nyivé", "Région": "Maritime", "Zone": "Grand Lomé" }, "geometry": { "type": "Point", "coordinates": [ 1.150816666666667, 6.213768333333335 ] } },
{ "type": "Feature", "properties": { "FID": "_mview_entreprisesvariees_entreprises_variees.fid-7111a9c0_19415ae4b4d_7259", "Nom": "Auto-école le Bonheur", "Statut": "Non agréée", "Comptée (R-12)": false, "Adresse": null, "Jours d'ouverture": "{jeudi, lundi, mardi, mercredi, samedi, vendredi}", "Localité": "Nokopé", "Canton": "Agoè-Nyivé", "Commune": "Agoè-Nyivé 1", "Préfecture déclarée": "Agoè-Nyivé", "Préfecture": "Agoè-Nyivé", "Région": "Maritime", "Zone": "Grand Lomé" }, "geometry": { "type": "Point", "coordinates": [ 1.172765, 6.238208333333334 ] } },
{ "type": "Feature", "properties": { "FID": "_mview_entreprisesvariees_entreprises_variees.fid-7111a9c0_19415ae4b4d_725a", "Nom": "Auto-école Mercy", "Statut": "Non agréée", "Comptée (R-12)": false, "Adresse": null, "Jours d'ouverture": "{jeudi, lundi, mardi, mercredi, vendredi}", "Localité": "Agoe Assiyeye", "Canton": "Agoè-Nyivé", "Commune": "Agoè-Nyivé 1", "Préfecture déclarée": "Agoè-Nyivé", "Préfecture": "Agoè-Nyivé", "Région": "Maritime", "Zone": "Grand Lomé" }, "geometry": { "type": "Point", "coordinates": [ 1.191038333333333, 6.2325 ] } },
{ "type": "Feature", "properties": { "FID": "_mview_entreprisesvariees_entreprises_variees.fid-7111a9c0_19415ae4b4d_725b", "Nom": "Auto-école la Joie Wognomé", "Statut": "Non agréée", "Comptée (R-12)": false, "Adresse": null, "Jours d'ouverture": "{jeudi, lundi, mardi, mercredi, samedi, vendredi}", "Localité": "Wonyome", "Canton": "Aflao-Sagbado", "Commune": "Golfe 7", "Préfecture déclarée": "Golfe", "Préfecture": "Golfe", "Région": "Maritime", "Zone": "Grand Lomé" }, "geometry": { "type": "Point", "coordinates": [ 1.15025, 6.191405 ] } },
{ "type": "Feature", "properties": { "FID": "_mview_entreprisesvariees_entreprises_variees.fid-7111a9c0_19415ae4b4d_725c", "Nom": "Auto-école VCP", "Statut": "Non agréée", "Comptée (R-12)": false, "Adresse": null, "Jours d'ouverture": "{jeudi, lundi, mardi, mercredi, samedi, vendredi}", "Localité": "Wugomedekpo", "Canton": "Aflao-Sagbado", "Commune": "Golfe 7", "Préfecture déclarée": "Golfe", "Préfecture": "Golfe", "Région": "Maritime", "Zone": "Grand Lomé" }, "geometry": { "type": "Point", "coordinates": [ 1.113031141404827, 6.218912416896335 ] } },
{ "type": "Feature", "properties": { "FID": "_mview_entreprisesvariees_entreprises_variees.fid-7111a9c0_19415ae4b4d_725d", "Nom": "Auto-école Marcoly", "Statut": "Non agréée", "Comptée (R-12)": false, "Adresse": null, "Jours d'ouverture": "{jeudi, lundi, mardi, mercredi, samedi, vendredi}", "Localité": "Apedokoe", "Canton": "Aflao-Sagbado", "Commune": "Golfe 7", "Préfecture déclarée": "Golfe", "Préfecture": "Golfe", "Région": "Maritime", "Zone": "Grand Lomé" }, "geometry": { "type": "Point", "coordinates": [ 1.137494213727597, 6.209690400732908 ] } },
{ "type": "Feature", "properties": { "FID": "_mview_entreprisesvariees_entreprises_variees.fid-7111a9c0_19415ae4b4d_725e", "Nom": "Auto-école Emmanuel Conduite", "Statut": "Non agréée", "Comptée (R-12)": false, "Adresse": "Carrefour Logote", "Jours d'ouverture": "{jeudi, lundi, mardi, mercredi, samedi, vendredi}", "Localité": "Logote", "Canton": "Aflao-Sagbado", "Commune": "Golfe 7", "Préfecture déclarée": "Golfe", "Préfecture": "Golfe", "Région": "Maritime", "Zone": "Grand Lomé" }, "geometry": { "type": "Point", "coordinates": [ 1.126058333333333, 6.193166666666667 ] } },
{ "type": "Feature", "properties": { "FID": "_mview_entreprisesvariees_entreprises_variees.fid-7111a9c0_19415ae4b4d_725f", "Nom": "Auto-école la Renaissance Logoté", "Statut": "Agréée", "Comptée (R-12)": true, "Adresse": null, "Jours d'ouverture": "{jeudi, lundi, mardi, mercredi, samedi, vendredi}", "Localité": "Logote", "Canton": "Aflao-Sagbado", "Commune": "Golfe 7", "Préfecture déclarée": "Golfe", "Préfecture": "Golfe", "Région": "Maritime", "Zone": "Grand Lomé" }, "geometry": { "type": "Point", "coordinates": [ 1.131652260510316, 6.193425399029946 ] } },
{ "type": "Feature", "properties": { "FID": "_mview_entreprisesvariees_entreprises_variees.fid-7111a9c0_19415ae4b4d_7260", "Nom": "Auto-école Forever", "Statut": "Non agréée", "Comptée (R-12)": false, "Adresse": null, "Jours d'ouverture": "{jeudi, lundi, mardi, mercredi, samedi, vendredi}", "Localité": "Sagbado", "Canton": "Aflao-Sagbado", "Commune": "Golfe 7", "Préfecture déclarée": "Golfe", "Préfecture": "Golfe", "Région": "Maritime", "Zone": "Grand Lomé" }, "geometry": { "type": "Point", "coordinates": [ 1.142341519769951, 6.193226629802008 ] } },
{ "type": "Feature", "properties": { "FID": "_mview_entreprisesvariees_entreprises_variees.fid-7111a9c0_19415ae4b4d_7261", "Nom": "Auto-école Chara", "Statut": "Non agréée", "Comptée (R-12)": false, "Adresse": null, "Jours d'ouverture": "{jeudi, lundi, mardi, mercredi, samedi, vendredi}", "Localité": "Wonyome", "Canton": "Aflao-Sagbado", "Commune": "Golfe 7", "Préfecture déclarée": "Golfe", "Préfecture": "Golfe", "Région": "Maritime", "Zone": "Grand Lomé" }, "geometry": { "type": "Point", "coordinates": [ 1.144498333333333, 6.193615 ] } },
{ "type": "Feature", "properties": { "FID": "_mview_entreprisesvariees_entreprises_variees.fid-7111a9c0_19415ae4b4d_7262", "Nom": "Auto-école Sainte Famille Wognomé", "Statut": "Agréée", "Comptée (R-12)": true, "Adresse": null, "Jours d'ouverture": "{jeudi, lundi, mardi, mercredi, samedi, vendredi}", "Localité": "Wonyome", "Canton": "Aflao-Sagbado", "Commune": "Golfe 7", "Préfecture déclarée": "Golfe", "Préfecture": "Golfe", "Région": "Maritime", "Zone": "Grand Lomé" }, "geometry": { "type": "Point", "coordinates": [ 1.15843378774192, 6.18906883458694 ] } },
{ "type": "Feature", "properties": { "FID": "_mview_entreprisesvariees_entreprises_variees.fid-7111a9c0_19415ae4b4d_7263", "Nom": "Auto-école le Permis Yokoè", "Statut": "Non agréée", "Comptée (R-12)": false, "Adresse": "BP: 14267 Lomé Togo", "Jours d'ouverture": "{jeudi, lundi, mardi, mercredi, samedi, vendredi}", "Localité": "Yokoe", "Canton": "Aflao-Sagbado", "Commune": "Golfe 7", "Préfecture déclarée": "Golfe", "Préfecture": "Golfe", "Région": "Maritime", "Zone": "Grand Lomé" }, "geometry": { "type": "Point", "coordinates": [ 1.143091967129006, 6.176499461154605 ] } },
{ "type": "Feature", "properties": { "FID": "_mview_entreprisesvariees_entreprises_variees.fid-7111a9c0_19415ae4b4d_7264", "Nom": "Auto-école Tam 228", "Statut": "Non agréée", "Comptée (R-12)": false, "Adresse": null, "Jours d'ouverture": "{jeudi, lundi, mardi, mercredi, samedi, vendredi}", "Localité": "Dassakope", "Canton": "Vakpossito", "Commune": "Agoè-Nyivé 3", "Préfecture déclarée": "Agoè-Nyivé", "Préfecture": "Agoè-Nyivé", "Région": "Maritime", "Zone": "Grand Lomé" }, "geometry": { "type": "Point", "coordinates": [ 1.159803333333333, 6.2094 ] } },
{ "type": "Feature", "properties": { "FID": "_mview_entreprisesvariees_entreprises_variees.fid-7111a9c0_19415ae4b4d_7265", "Nom": "Auto-école Beraca Bered", "Statut": "Non agréée", "Comptée (R-12)": false, "Adresse": null, "Jours d'ouverture": "{jeudi, lundi, mardi, mercredi, samedi, vendredi}", "Localité": "Logogome", "Canton": "Sanguera", "Commune": "Agoè-Nyivé 5", "Préfecture déclarée": "Agoè-Nyivé", "Préfecture": "Agoè-Nyivé", "Région": "Maritime", "Zone": "Grand Lomé" }, "geometry": { "type": "Point", "coordinates": [ 1.152116666666668, 6.217698333333333 ] } },
{ "type": "Feature", "properties": { "FID": "_mview_entreprisesvariees_entreprises_variees.fid-7111a9c0_19415ae4b4d_7266", "Nom": "Auto-école KMK Téléssou", "Statut": "Non agréée", "Comptée (R-12)": false, "Adresse": null, "Jours d'ouverture": "{jeudi, lundi, mardi, mercredi, samedi, vendredi}", "Localité": "Avedji Telessou", "Canton": "Aflao-Gakli", "Commune": "Golfe 5", "Préfecture déclarée": "Golfe", "Préfecture": "Golfe", "Région": "Maritime", "Zone": "Grand Lomé" }, "geometry": { "type": "Point", "coordinates": [ 1.176241666666668, 6.195753333333331 ] } },
{ "type": "Feature", "properties": { "FID": "_mview_entreprisesvariees_entreprises_variees.fid-7111a9c0_19415ae4b4d_7267", "Nom": "Auto-école Citoyenne Inclusive", "Statut": "Non agréée", "Comptée (R-12)": false, "Adresse": null, "Jours d'ouverture": "{jeudi, lundi, mardi, mercredi, samedi, vendredi}", "Localité": "Amadahome", "Canton": "Aflao-Gakli", "Commune": "Golfe 5", "Préfecture déclarée": "Golfe", "Préfecture": "Golfe", "Région": "Maritime", "Zone": "Grand Lomé" }, "geometry": { "type": "Point", "coordinates": [ 1.166293333333333, 6.20357 ] } },
{ "type": "Feature", "properties": { "FID": "_mview_entreprisesvariees_entreprises_variees.fid-7111a9c0_19415ae4b4d_7268", "Nom": "Auto-école la Capitale", "Statut": "Non agréée", "Comptée (R-12)": false, "Adresse": null, "Jours d'ouverture": "{jeudi, lundi, mardi, mercredi, samedi, vendredi}", "Localité": "Vakpossito", "Canton": "Vakpossito", "Commune": "Agoè-Nyivé 3", "Préfecture déclarée": "Agoè-Nyivé", "Préfecture": "Agoè-Nyivé", "Région": "Maritime", "Zone": "Grand Lomé" }, "geometry": { "type": "Point", "coordinates": [ 1.159653426119854, 6.220302674772594 ] } },
{ "type": "Feature", "properties": { "FID": "_mview_entreprisesvariees_entreprises_variees.fid-7111a9c0_19415ae4b4d_7269", "Nom": "Auto-école Dieudonne Nanégbé", "Statut": "Agréée", "Comptée (R-12)": true, "Adresse": null, "Jours d'ouverture": "{jeudi, lundi, mardi, mercredi, samedi, vendredi}", "Localité": "Nanegbe", "Canton": "Vakpossito", "Commune": "Agoè-Nyivé 3", "Préfecture déclarée": "Agoè-Nyivé", "Préfecture": "Agoè-Nyivé", "Région": "Maritime", "Zone": "Grand Lomé" }, "geometry": { "type": "Point", "coordinates": [ 1.157019232025529, 6.229642333244105 ] } },
{ "type": "Feature", "properties": { "FID": "_mview_entreprisesvariees_entreprises_variees.fid-7111a9c0_19415ae4b4d_726a", "Nom": "Auto-école le Reveil", "Statut": "Non agréée", "Comptée (R-12)": false, "Adresse": null, "Jours d'ouverture": "{jeudi, lundi, mardi, mercredi, samedi, vendredi}", "Localité": "Atigangome", "Canton": "Aflao-Gakli", "Commune": "Golfe 5", "Préfecture déclarée": "Golfe", "Préfecture": "Golfe", "Région": "Maritime", "Zone": "Grand Lomé" }, "geometry": { "type": "Point", "coordinates": [ 1.146595, 6.205553333333333 ] } },
{ "type": "Feature", "properties": { "FID": "_mview_entreprisesvariees_entreprises_variees.fid-7111a9c0_19415ae4b4d_726b", "Nom": "Auto-école Groupe Chez Toi", "Statut": "Non agréée", "Comptée (R-12)": false, "Adresse": null, "Jours d'ouverture": "{jeudi, lundi, mardi, mercredi, samedi, vendredi}", "Localité": "Sakpleto Kope", "Canton": "Agoè-Nyivé", "Commune": "Agoè-Nyivé 1", "Préfecture déclarée": "Agoè-Nyivé", "Préfecture": "Agoè-Nyivé", "Région": "Maritime", "Zone": "Grand Lomé" }, "geometry": { "type": "Point", "coordinates": [ 1.163163333333333, 6.24377 ] } },
{ "type": "Feature", "properties": { "FID": "_mview_entreprisesvariees_entreprises_variees.fid-7111a9c0_19415ae4b4d_726c", "Nom": "Auto-école la Nature", "Statut": "Non agréée", "Comptée (R-12)": false, "Adresse": null, "Jours d'ouverture": null, "Localité": "Dalime", "Canton": "Agoè-Nyivé", "Commune": "Agoè-Nyivé 1", "Préfecture déclarée": "Agoè-Nyivé", "Préfecture": "Agoè-Nyivé", "Région": "Maritime", "Zone": "Grand Lomé" }, "geometry": { "type": "Point", "coordinates": [ 1.162645314673673, 6.236132855456439 ] } },
{ "type": "Feature", "properties": { "FID": "_mview_entreprisesvariees_entreprises_variees.fid-7111a9c0_19415ae4b4d_726d", "Nom": "Auto-école St Justin", "Statut": "Non agréée", "Comptée (R-12)": false, "Adresse": null, "Jours d'ouverture": "{jeudi, lundi, mardi, mercredi, samedi, vendredi}", "Localité": "Doumassesse", "Canton": "Bè-Ouest", "Commune": "Golfe 3", "Préfecture déclarée": "Golfe", "Préfecture": "Golfe", "Région": "Maritime", "Zone": "Grand Lomé" }, "geometry": { "type": "Point", "coordinates": [ 1.217066666666668, 6.155031666666666 ] } },
{ "type": "Feature", "properties": { "FID": "_mview_entreprisesvariees_entreprises_variees.fid-7111a9c0_19415ae4b4d_726e", "Nom": "Auto-école L'Itineraire Forever", "Statut": "Agréée", "Comptée (R-12)": true, "Adresse": "93494613", "Jours d'ouverture": "{jeudi, lundi, mardi, mercredi, samedi, vendredi}", "Localité": "Forever", "Canton": "Bè-Ouest", "Commune": "Golfe 3", "Préfecture déclarée": "Golfe", "Préfecture": "Golfe", "Région": "Maritime", "Zone": "Grand Lomé" }, "geometry": { "type": "Point", "coordinates": [ 1.226865, 6.160558333333329 ] } },
{ "type": "Feature", "properties": { "FID": "_mview_entreprisesvariees_entreprises_variees.fid-7111a9c0_19415ae4b4d_726f", "Nom": "Auto-école Dieu Seul Suffit", "Statut": "Agréée", "Comptée (R-12)": true, "Adresse": null, "Jours d'ouverture": "{jeudi, lundi, mardi, mercredi, samedi, vendredi}", "Localité": "Lome 2", "Canton": "Bè-Ouest", "Commune": "Golfe 3", "Préfecture déclarée": "Golfe", "Préfecture": "Golfe", "Région": "Maritime", "Zone": "Grand Lomé" }, "geometry": { "type": "Point", "coordinates": [ 1.234357275785439, 6.17814728040377 ] } },
{ "type": "Feature", "properties": { "FID": "_mview_entreprisesvariees_entreprises_variees.fid-7111a9c0_19415ae4b4d_7270", "Nom": "Auto-école à Dieu la Gloire Agbalépédogan", "Statut": "Antenne agréée", "Comptée (R-12)": true, "Adresse": null, "Jours d'ouverture": "{jeudi, lundi, mardi, mercredi, samedi, vendredi}", "Localité": "Agbalepedogan", "Canton": "Aflao-Gakli", "Commune": "Golfe 5", "Préfecture déclarée": "Golfe", "Préfecture": "Golfe", "Région": "Maritime", "Zone": "Grand Lomé" }, "geometry": { "type": "Point", "coordinates": [ 1.199397840217735, 6.19736945205914 ] } },
{ "type": "Feature", "properties": { "FID": "_mview_entreprisesvariees_entreprises_variees.fid-7111a9c0_19415ae4b4d_7271", "Nom": "Auto-école Gloire à Dieu Aflao-Gakli", "Statut": "Antenne agréée", "Comptée (R-12)": true, "Adresse": null, "Jours d'ouverture": "{jeudi, lundi, mardi, mercredi, vendredi}", "Localité": "N/a", "Canton": "Aflao-Gakli", "Commune": "Golfe 5", "Préfecture déclarée": "Golfe", "Préfecture": "Golfe", "Région": "Maritime", "Zone": "Grand Lomé" }, "geometry": { "type": "Point", "coordinates": [ 1.188913333333333, 6.17233 ] } },
{ "type": "Feature", "properties": { "FID": "_mview_entreprisesvariees_entreprises_variees.fid-7111a9c0_19415ae4b4d_7272", "Nom": "Auto-école Saint Elie Annexe", "Statut": "Antenne agréée", "Comptée (R-12)": true, "Adresse": null, "Jours d'ouverture": "{jeudi, lundi, mardi, mercredi, samedi, vendredi}", "Localité": "N/a", "Canton": "Aflao-Gakli", "Commune": "Golfe 5", "Préfecture déclarée": "Golfe", "Préfecture": "Golfe", "Région": "Maritime", "Zone": "Grand Lomé" }, "geometry": { "type": "Point", "coordinates": [ 1.199241579264948, 6.170103008168669 ] } },
{ "type": "Feature", "properties": { "FID": "_mview_entreprisesvariees_entreprises_variees.fid-7111a9c0_19415ae4b4d_7273", "Nom": "Auto-école le leader Totsi", "Statut": "Non agréée", "Comptée (R-12)": false, "Adresse": null, "Jours d'ouverture": "{jeudi, lundi, mardi, mercredi, vendredi}", "Localité": "Totsi", "Canton": "Aflao-Gakli", "Commune": "Golfe 5", "Préfecture déclarée": "Golfe", "Préfecture": "Golfe", "Région": "Maritime", "Zone": "Grand Lomé" }, "geometry": { "type": "Point", "coordinates": [ 1.188495, 6.197031666666668 ] } },
{ "type": "Feature", "properties": { "FID": "_mview_entreprisesvariees_entreprises_variees.fid-7111a9c0_19415ae4b4d_7274", "Nom": "Auto-école Dieu Grace", "Statut": "Non agréée", "Comptée (R-12)": false, "Adresse": "19BP40", "Jours d'ouverture": "{jeudi, lundi, mardi, mercredi}", "Localité": "Akplome", "Canton": "Adétikopé", "Commune": "Agoè-Nyivé 6", "Préfecture déclarée": "Agoè-Nyivé", "Préfecture": "Zio", "Région": "Maritime", "Zone": "Maritime hors Grand Lomé" }, "geometry": { "type": "Point", "coordinates": [ 1.229066666666667, 6.321286666666666 ] } },
{ "type": "Feature", "properties": { "FID": "_mview_entreprisesvariees_entreprises_variees.fid-7111a9c0_19415ae4b4d_7275", "Nom": "Auto-école  Saint Christophe Annexe Tsivé", "Statut": "Antenne agréée", "Comptée (R-12)": true, "Adresse": null, "Jours d'ouverture": "{jeudi, lundi, mardi, mercredi, samedi, vendredi}", "Localité": "Tsive", "Canton": "Adétikopé", "Commune": "Agoè-Nyivé 6", "Préfecture déclarée": "Agoè-Nyivé", "Préfecture": "Agoè-Nyivé", "Région": "Maritime", "Zone": "Grand Lomé" }, "geometry": { "type": "Point", "coordinates": [ 1.21497, 6.317885 ] } },
{ "type": "Feature", "properties": { "FID": "_mview_entreprisesvariees_entreprises_variees.fid-7111a9c0_19415ae4b4d_7276", "Nom": "Auto-école Dakopas", "Statut": "Non agréée", "Comptée (R-12)": false, "Adresse": null, "Jours d'ouverture": "{jeudi, lundi, mardi, mercredi, samedi, vendredi}", "Localité": "Yokoe", "Canton": "Aflao-Sagbado", "Commune": "Golfe 7", "Préfecture déclarée": "Golfe", "Préfecture": "Golfe", "Région": "Maritime", "Zone": "Grand Lomé" }, "geometry": { "type": "Point", "coordinates": [ 1.153307002181828, 6.180571356135353 ] } },
{ "type": "Feature", "properties": { "FID": "_mview_entreprisesvariees_entreprises_variees.fid-7111a9c0_19415ae4b4d_7277", "Nom": "Auto-école CFC Sarl", "Statut": "Non agréée", "Comptée (R-12)": false, "Adresse": null, "Jours d'ouverture": "{jeudi, lundi, mardi, mercredi, samedi, vendredi}", "Localité": "Agbalepedogan", "Canton": "Aflao-Gakli", "Commune": "Golfe 5", "Préfecture déclarée": "Golfe", "Préfecture": "Golfe", "Région": "Maritime", "Zone": "Grand Lomé" }, "geometry": { "type": "Point", "coordinates": [ 1.201546731895331, 6.179983556574923 ] } },
{ "type": "Feature", "properties": { "FID": "_mview_entreprisesvariees_entreprises_variees.fid-7111a9c0_19415ae4b4d_7278", "Nom": "Auto-école Jesus T'aime", "Statut": "Non agréée", "Comptée (R-12)": false, "Adresse": null, "Jours d'ouverture": "{jeudi, lundi, mardi, mercredi, samedi, vendredi}", "Localité": "Yokoe", "Canton": "Aflao-Sagbado", "Commune": "Golfe 7", "Préfecture déclarée": "Golfe", "Préfecture": "Golfe", "Région": "Maritime", "Zone": "Grand Lomé" }, "geometry": { "type": "Point", "coordinates": [ 1.146415, 6.178336666666667 ] } },
{ "type": "Feature", "properties": { "FID": "_mview_entreprisesvariees_entreprises_variees.fid-7111a9c0_19415ae4b4d_7279", "Nom": "Auto-école la Joie Awatamé", "Statut": "Non agréée", "Comptée (R-12)": false, "Adresse": null, "Jours d'ouverture": "{jeudi, lundi, mardi, mercredi, samedi, vendredi}", "Localité": "Awatame", "Canton": "Aflao-Sagbado", "Commune": "Golfe 7", "Préfecture déclarée": "Golfe", "Préfecture": "Golfe", "Région": "Maritime", "Zone": "Grand Lomé" }, "geometry": { "type": "Point", "coordinates": [ 1.162430885445322, 6.180061693446677 ] } },
{ "type": "Feature", "properties": { "FID": "_mview_entreprisesvariees_entreprises_variees.fid-7111a9c0_19415ae4b4d_727a", "Nom": "Auto-école Bon Conducteur", "Statut": "Non agréée", "Comptée (R-12)": false, "Adresse": "A Côté De L'école Primaire Yokoe Copegan", "Jours d'ouverture": "{jeudi, lundi, mardi, mercredi, samedi, vendredi}", "Localité": "Yokoe", "Canton": "Aflao-Sagbado", "Commune": "Golfe 7", "Préfecture déclarée": "Golfe", "Préfecture": "Golfe", "Région": "Maritime", "Zone": "Grand Lomé" }, "geometry": { "type": "Point", "coordinates": [ 1.138496316871978, 6.17741434898323 ] } },
{ "type": "Feature", "properties": { "FID": "_mview_entreprisesvariees_entreprises_variees.fid-7111a9c0_19415ae4b4d_727b", "Nom": "Auto-école Basileia Klikamé", "Statut": "Antenne agréée", "Comptée (R-12)": true, "Adresse": null, "Jours d'ouverture": "{jeudi, lundi, mardi, mercredi, samedi, vendredi}", "Localité": "Klikame", "Canton": "Sanguera", "Commune": "Agoè-Nyivé 5", "Préfecture déclarée": "Agoè-Nyivé", "Préfecture": "Agoè-Nyivé", "Région": "Maritime", "Zone": "Grand Lomé" }, "geometry": { "type": "Point", "coordinates": [ 1.114544575842841, 6.250722010179545 ] } },
{ "type": "Feature", "properties": { "FID": "_mview_entreprisesvariees_entreprises_variees.fid-7111a9c0_19415ae4b4d_727c", "Nom": "Auto-école Mega Succès", "Statut": "Non agréée", "Comptée (R-12)": false, "Adresse": null, "Jours d'ouverture": "{jeudi, lundi, mardi, mercredi, samedi, vendredi}", "Localité": "Dekpo", "Canton": "Sanguera", "Commune": "Agoè-Nyivé 5", "Préfecture déclarée": "Agoè-Nyivé", "Préfecture": "Agoè-Nyivé", "Région": "Maritime", "Zone": "Grand Lomé" }, "geometry": { "type": "Point", "coordinates": [ 1.117213163454005, 6.227652510561414 ] } },
{ "type": "Feature", "properties": { "FID": "_mview_entreprisesvariees_entreprises_variees.fid-7111a9c0_19415ae4b4d_727d", "Nom": "Auto-école le Génie Zopomahé", "Statut": "Antenne agréée", "Comptée (R-12)": true, "Adresse": null, "Jours d'ouverture": "{jeudi, lundi, mardi, mercredi, samedi, vendredi}", "Localité": "Zopomahe", "Canton": "Sanguera", "Commune": "Agoè-Nyivé 5", "Préfecture déclarée": "Agoè-Nyivé", "Préfecture": "Agoè-Nyivé", "Région": "Maritime", "Zone": "Grand Lomé" }, "geometry": { "type": "Point", "coordinates": [ 1.147484845777856, 6.23363345884964 ] } },
{ "type": "Feature", "properties": { "FID": "_mview_entreprisesvariees_entreprises_variees.fid-7111a9c0_19415ae4b4d_727e", "Nom": "Auto-école des Grape", "Statut": "Non agréée", "Comptée (R-12)": false, "Adresse": null, "Jours d'ouverture": "{jeudi, lundi, mardi, mercredi, samedi, vendredi}", "Localité": "Djidjole", "Canton": "Aflao-Gakli", "Commune": "Golfe 5", "Préfecture déclarée": "Golfe", "Préfecture": "Golfe", "Région": "Maritime", "Zone": "Grand Lomé" }, "geometry": { "type": "Point", "coordinates": [ 1.187416666666667, 6.18336166666667 ] } },
{ "type": "Feature", "properties": { "FID": "_mview_entreprisesvariees_entreprises_variees.fid-7111a9c0_19415ae4b4d_727f", "Nom": "Auto-école la Dignite Sûr", "Statut": "Non agréée", "Comptée (R-12)": false, "Adresse": null, "Jours d'ouverture": "{jeudi, lundi, mardi, mercredi, samedi, vendredi}", "Localité": "Agbalepedo", "Canton": "Aflao-Gakli", "Commune": "Golfe 5", "Préfecture déclarée": "Golfe", "Préfecture": "Golfe", "Région": "Maritime", "Zone": "Grand Lomé" }, "geometry": { "type": "Point", "coordinates": [ 1.202668333333334, 6.194548333333333 ] } },
{ "type": "Feature", "properties": { "FID": "_mview_entreprisesvariees_entreprises_variees.fid-7111a9c0_19415ae4b4d_7280", "Nom": "Auto-école Adonaï Adidogomé", "Statut": "Antenne agréée", "Comptée (R-12)": true, "Adresse": null, "Jours d'ouverture": "{jeudi, mardi, mercredi, samedi, vendredi}", "Localité": "Adidogome", "Canton": "Aflao-Gakli", "Commune": "Golfe 5", "Préfecture déclarée": "Golfe", "Préfecture": "Golfe", "Région": "Maritime", "Zone": "Grand Lomé" }, "geometry": { "type": "Point", "coordinates": [ 1.178796666666667, 6.176595 ] } },
{ "type": "Feature", "properties": { "FID": "_mview_entreprisesvariees_entreprises_variees.fid-7111a9c0_19415ae4b4d_7281", "Nom": "Auto-école L2CI", "Statut": "Non agréée", "Comptée (R-12)": false, "Adresse": null, "Jours d'ouverture": "{jeudi, lundi, mardi, mercredi, vendredi}", "Localité": "Agbalepedogan", "Canton": "Agoè-Nyivé", "Commune": "Agoè-Nyivé 1", "Préfecture déclarée": "Agoè-Nyivé", "Préfecture": "Agoè-Nyivé", "Région": "Maritime", "Zone": "Grand Lomé" }, "geometry": { "type": "Point", "coordinates": [ 1.200150091811916, 6.199089908402724 ] } },
{ "type": "Feature", "properties": { "FID": "_mview_entreprisesvariees_entreprises_variees.fid-7111a9c0_19415ae4b4d_7282", "Nom": "Auto-école Damaris Casablanca", "Statut": "Agréée", "Comptée (R-12)": true, "Adresse": null, "Jours d'ouverture": "{jeudi, lundi, mardi, mercredi, samedi, vendredi}", "Localité": "Casablanca", "Canton": "Bè-Ouest", "Commune": "Golfe 3", "Préfecture déclarée": "Golfe", "Préfecture": "Golfe", "Région": "Maritime", "Zone": "Grand Lomé" }, "geometry": { "type": "Point", "coordinates": [ 1.2020446, 6.1486219 ] } },
{ "type": "Feature", "properties": { "FID": "_mview_entreprisesvariees_entreprises_variees.fid-7111a9c0_19415ae4b4d_7283", "Nom": "Auto-école Feu Vert", "Statut": "Agréée", "Comptée (R-12)": true, "Adresse": "BP 333", "Jours d'ouverture": "{jeudi, lundi, mardi, mercredi, samedi, vendredi}", "Localité": "Djidjole", "Canton": "Aflao-Gakli", "Commune": "Golfe 5", "Préfecture déclarée": "Golfe", "Préfecture": "Golfe", "Région": "Maritime", "Zone": "Grand Lomé" }, "geometry": { "type": "Point", "coordinates": [ 1.19675, 6.177315 ] } },
{ "type": "Feature", "properties": { "FID": "_mview_entreprisesvariees_entreprises_variees.fid-7111a9c0_19415ae4b4d_7284", "Nom": "Auto-école Amenouvévé", "Statut": "Non agréée", "Comptée (R-12)": false, "Adresse": null, "Jours d'ouverture": "{jeudi, lundi, mardi, mercredi, samedi, vendredi}", "Localité": "Lomégan", "Canton": "Aflao-Gakli", "Commune": "Golfe 5", "Préfecture déclarée": "Golfe", "Préfecture": "Golfe", "Région": "Maritime", "Zone": "Grand Lomé" }, "geometry": { "type": "Point", "coordinates": [ 1.204245, 6.186493333333332 ] } },
{ "type": "Feature", "properties": { "FID": "_mview_entreprisesvariees_entreprises_variees.fid-7111a9c0_19415ae4b4d_7285", "Nom": "Auto-école la Renaissance Djidjolé", "Statut": "Agréée", "Comptée (R-12)": true, "Adresse": null, "Jours d'ouverture": null, "Localité": "Djidjole", "Canton": "Aflao-Gakli", "Commune": "Golfe 5", "Préfecture déclarée": "Golfe", "Préfecture": "Golfe", "Région": "Maritime", "Zone": "Grand Lomé" }, "geometry": { "type": "Point", "coordinates": [ 1.188213333333333, 6.18149 ] } },
{ "type": "Feature", "properties": { "FID": "_mview_entreprisesvariees_entreprises_variees.fid-7111a9c0_19415ae4b4d_7286", "Nom": "Auto-école la Vision", "Statut": "Non agréée", "Comptée (R-12)": false, "Adresse": null, "Jours d'ouverture": "{jeudi, lundi, mardi, mercredi, vendredi}", "Localité": "Djidjole", "Canton": "Aflao-Gakli", "Commune": "Golfe 5", "Préfecture déclarée": "Golfe", "Préfecture": "Golfe", "Région": "Maritime", "Zone": "Grand Lomé" }, "geometry": { "type": "Point", "coordinates": [ 1.202181666666666, 6.178543333333332 ] } },
{ "type": "Feature", "properties": { "FID": "_mview_entreprisesvariees_entreprises_variees.fid-7111a9c0_19415ae4b4d_7287", "Nom": "Auto-école la Sympatique", "Statut": "Non agréée", "Comptée (R-12)": false, "Adresse": null, "Jours d'ouverture": "{jeudi, lundi, mardi, mercredi, vendredi}", "Localité": "Djidjole", "Canton": "Bè-Ouest", "Commune": "Golfe 3", "Préfecture déclarée": "Golfe", "Préfecture": "Golfe", "Région": "Maritime", "Zone": "Grand Lomé" }, "geometry": { "type": "Point", "coordinates": [ 1.204431666666667, 6.176146666666667 ] } },
{ "type": "Feature", "properties": { "FID": "_mview_entreprisesvariees_entreprises_variees.fid-7111a9c0_19415ae4b4d_7288", "Nom": "Auto Ecole / Garage la Patience", "Statut": "Non agréée", "Comptée (R-12)": false, "Adresse": null, "Jours d'ouverture": "{jeudi, lundi, mardi, samedi, vendredi}", "Localité": "Totsi", "Canton": "Aflao-Gakli", "Commune": "Golfe 5", "Préfecture déclarée": "Golfe", "Préfecture": "Golfe", "Région": "Maritime", "Zone": "Grand Lomé" }, "geometry": { "type": "Point", "coordinates": [ 1.184158333333333, 6.198431666666666 ] } },
{ "type": "Feature", "properties": { "FID": "_mview_entreprisesvariees_entreprises_variees.fid-7111a9c0_19415ae4b4d_7289", "Nom": "Auto-école St Antoine Junior", "Statut": "Non agréée", "Comptée (R-12)": false, "Adresse": null, "Jours d'ouverture": "{jeudi, lundi, mardi, mercredi, samedi, vendredi}", "Localité": "Totsi Gblinkome", "Canton": "Aflao-Gakli", "Commune": "Golfe 5", "Préfecture déclarée": "Golfe", "Préfecture": "Golfe", "Région": "Maritime", "Zone": "Grand Lomé" }, "geometry": { "type": "Point", "coordinates": [ 1.181395785877987, 6.191757771230936 ] } },
{ "type": "Feature", "properties": { "FID": "_mview_entreprisesvariees_entreprises_variees.fid-7111a9c0_19415ae4b4d_728a", "Nom": "Auto-école les Prodiges", "Statut": "Agréée", "Comptée (R-12)": true, "Adresse": "BP 1853 Lome-Togo", "Jours d'ouverture": "{jeudi, lundi, mardi, mercredi, vendredi}", "Localité": "Djidjole", "Canton": "Bè-Ouest", "Commune": "Golfe 3", "Préfecture déclarée": "Golfe", "Préfecture": "Golfe", "Région": "Maritime", "Zone": "Grand Lomé" }, "geometry": { "type": "Point", "coordinates": [ 1.202487383867433, 6.173072176668035 ] } },
{ "type": "Feature", "properties": { "FID": "_mview_entreprisesvariees_entreprises_variees.fid-7111a9c0_19415ae4b4d_728b", "Nom": "Auto-école le Gar", "Statut": "Non agréée", "Comptée (R-12)": false, "Adresse": null, "Jours d'ouverture": "{jeudi, lundi, mardi, mercredi, samedi, vendredi}", "Localité": "Lomegan", "Canton": "Bè-Ouest", "Commune": "Golfe 3", "Préfecture déclarée": "Golfe", "Préfecture": "Golfe", "Région": "Maritime", "Zone": "Grand Lomé" }, "geometry": { "type": "Point", "coordinates": [ 1.2058822511445, 6.180312585039517 ] } },
{ "type": "Feature", "properties": { "FID": "_mview_entreprisesvariees_entreprises_variees.fid-7111a9c0_19415ae4b4d_728c", "Nom": "Auto-école ICAE-Vie", "Statut": "Non agréée", "Comptée (R-12)": false, "Adresse": null, "Jours d'ouverture": "{jeudi, lundi, mardi, mercredi, samedi, vendredi}", "Localité": "Totsi", "Canton": "Aflao-Gakli", "Commune": "Golfe 5", "Préfecture déclarée": "Golfe", "Préfecture": "Golfe", "Région": "Maritime", "Zone": "Grand Lomé" }, "geometry": { "type": "Point", "coordinates": [ 1.183881666666666, 6.197978333333333 ] } },
{ "type": "Feature", "properties": { "FID": "_mview_entreprisesvariees_entreprises_variees.fid-7111a9c0_19415ae4b4d_728d", "Nom": "Auto-école Djifa", "Statut": "Non agréée", "Comptée (R-12)": false, "Adresse": null, "Jours d'ouverture": "{jeudi, mardi, mercredi, samedi, vendredi}", "Localité": "Gblenkome", "Canton": "Aflao-Gakli", "Commune": "Golfe 5", "Préfecture déclarée": "Golfe", "Préfecture": "Golfe", "Région": "Maritime", "Zone": "Grand Lomé" }, "geometry": { "type": "Point", "coordinates": [ 1.185565985539394, 6.189940384627703 ] } },
{ "type": "Feature", "properties": { "FID": "_mview_entreprisesvariees_entreprises_variees.fid-7111a9c0_19415ae4b4d_728e", "Nom": "Auto-école le Creneau", "Statut": "Non agréée", "Comptée (R-12)": false, "Adresse": "BP 8798", "Jours d'ouverture": "{jeudi, lundi, mardi, mercredi, vendredi}", "Localité": "Avedji", "Canton": "Aflao-Gakli", "Commune": "Golfe 5", "Préfecture déclarée": "Golfe", "Préfecture": "Golfe", "Région": "Maritime", "Zone": "Grand Lomé" }, "geometry": { "type": "Point", "coordinates": [ 1.175136666666668, 6.19017 ] } },
{ "type": "Feature", "properties": { "FID": "_mview_entreprisesvariees_entreprises_variees.fid-7111a9c0_19415ae4b4d_728f", "Nom": "Auto-école Rabbouni", "Statut": "Non agréée", "Comptée (R-12)": false, "Adresse": "BP 14008", "Jours d'ouverture": "{jeudi, lundi, mardi, mercredi, samedi, vendredi}", "Localité": "Sagbado", "Canton": "Aflao-Gakli", "Commune": "Golfe 5", "Préfecture déclarée": "Golfe", "Préfecture": "Golfe", "Région": "Maritime", "Zone": "Grand Lomé" }, "geometry": { "type": "Point", "coordinates": [ 1.15004, 6.199046666666665 ] } },
{ "type": "Feature", "properties": { "FID": "_mview_entreprisesvariees_entreprises_variees.fid-7111a9c0_19415ae4b4d_7290", "Nom": "Auto-école CFCP", "Statut": "Non agréée", "Comptée (R-12)": false, "Adresse": null, "Jours d'ouverture": "{jeudi, lundi, mardi, mercredi, samedi, vendredi}", "Localité": "Avedji", "Canton": "Aflao-Gakli", "Commune": "Golfe 5", "Préfecture déclarée": "Golfe", "Préfecture": "Golfe", "Région": "Maritime", "Zone": "Grand Lomé" }, "geometry": { "type": "Point", "coordinates": [ 1.171350969821084, 6.200422422515474 ] } },
{ "type": "Feature", "properties": { "FID": "_mview_entreprisesvariees_entreprises_variees.fid-7111a9c0_19415ae4b4d_7291", "Nom": "Auto-Ecole CV-AV", "Statut": "Non agréée", "Comptée (R-12)": false, "Adresse": null, "Jours d'ouverture": "{jeudi, lundi, mardi, mercredi, vendredi}", "Localité": "Amadahome", "Canton": "Aflao-Gakli", "Commune": "Golfe 5", "Préfecture déclarée": "Golfe", "Préfecture": "Golfe", "Région": "Maritime", "Zone": "Grand Lomé" }, "geometry": { "type": "Point", "coordinates": [ 1.153374664867287, 6.199544222765722 ] } },
{ "type": "Feature", "properties": { "FID": "_mview_entreprisesvariees_entreprises_variees.fid-7111a9c0_19415ae4b4d_7292", "Nom": "Auto-école la Prudence Adidogomé", "Statut": "Non agréée", "Comptée (R-12)": false, "Adresse": null, "Jours d'ouverture": "{jeudi, lundi, mardi, mercredi, samedi, vendredi}", "Localité": "Adidogome Franciscain", "Canton": "Aflao-Gakli", "Commune": "Golfe 5", "Préfecture déclarée": "Golfe", "Préfecture": "Golfe", "Région": "Maritime", "Zone": "Grand Lomé" }, "geometry": { "type": "Point", "coordinates": [ 1.179108457364488, 6.185009058894415 ] } },
{ "type": "Feature", "properties": { "FID": "_mview_entreprisesvariees_entreprises_variees.fid-7111a9c0_19415ae4b4d_7293", "Nom": "Auto-école les Amis Adidogomé", "Statut": "Antenne agréée", "Comptée (R-12)": true, "Adresse": "04 Lome 762", "Jours d'ouverture": "{jeudi, lundi, mardi, mercredi, samedi, vendredi}", "Localité": "Adidogome", "Canton": "Aflao-Gakli", "Commune": "Golfe 5", "Préfecture déclarée": "Golfe", "Préfecture": "Golfe", "Région": "Maritime", "Zone": "Grand Lomé" }, "geometry": { "type": "Point", "coordinates": [ 1.168105, 6.181533333333335 ] } },
{ "type": "Feature", "properties": { "FID": "_mview_entreprisesvariees_entreprises_variees.fid-7111a9c0_19415ae4b4d_7294", "Nom": "Auto-école Ava-Togo Adidogomé", "Statut": "Agréée", "Comptée (R-12)": true, "Adresse": null, "Jours d'ouverture": "{jeudi, lundi, mardi, mercredi, vendredi}", "Localité": "Adidogome", "Canton": "Aflao-Gakli", "Commune": "Golfe 5", "Préfecture déclarée": "Golfe", "Préfecture": "Golfe", "Région": "Maritime", "Zone": "Grand Lomé" }, "geometry": { "type": "Point", "coordinates": [ 1.150835, 6.203371666666669 ] } },
{ "type": "Feature", "properties": { "FID": "_mview_entreprisesvariees_entreprises_variees.fid-7111a9c0_19415ae4b4d_7295", "Nom": "Auto-école le Jalon", "Statut": "Agréée", "Comptée (R-12)": true, "Adresse": null, "Jours d'ouverture": "{jeudi, lundi, mardi, mercredi, samedi, vendredi}", "Localité": "Amadahome", "Canton": "Aflao-Gakli", "Commune": "Golfe 5", "Préfecture déclarée": "Golfe", "Préfecture": "Golfe", "Région": "Maritime", "Zone": "Grand Lomé" }, "geometry": { "type": "Point", "coordinates": [ 1.158846666666668, 6.198701666666667 ] } },
{ "type": "Feature", "properties": { "FID": "_mview_entreprisesvariees_entreprises_variees.fid-7111a9c0_19415ae4b4d_7296", "Nom": "Auto-école Merveilles de Paris", "Statut": "Non agréée", "Comptée (R-12)": false, "Adresse": null, "Jours d'ouverture": "{jeudi, lundi, mardi, mercredi, samedi, vendredi}", "Localité": "Adidoadin", "Canton": "Agoè-Nyivé", "Commune": "Agoè-Nyivé 1", "Préfecture déclarée": "Agoè-Nyivé", "Préfecture": "Agoè-Nyivé", "Région": "Maritime", "Zone": "Grand Lomé" }, "geometry": { "type": "Point", "coordinates": [ 1.186633151632423, 6.20740489002387 ] } },
{ "type": "Feature", "properties": { "FID": "_mview_entreprisesvariees_entreprises_variees.fid-7111a9c0_19415ae4b4d_7297", "Nom": "Auto-école Adonaï Agbalépédogan", "Statut": "Agréée", "Comptée (R-12)": true, "Adresse": null, "Jours d'ouverture": "{jeudi, lundi, mardi, mercredi, samedi, vendredi}", "Localité": "Agbalepedogan", "Canton": "Bè-Ouest", "Commune": "Golfe 3", "Préfecture déclarée": "Golfe", "Préfecture": "Golfe", "Région": "Maritime", "Zone": "Grand Lomé" }, "geometry": { "type": "Point", "coordinates": [ 1.207583391023215, 6.188512960678963 ] } },
{ "type": "Feature", "properties": { "FID": "_mview_entreprisesvariees_entreprises_variees.fid-7111a9c0_19415ae4b4d_7298", "Nom": "Auto-école Dieu Merci Agbalépédogan", "Statut": "Non agréée", "Comptée (R-12)": false, "Adresse": null, "Jours d'ouverture": "{jeudi, lundi, mardi, mercredi, vendredi}", "Localité": "Agbalepedogan", "Canton": "Aflao-Gakli", "Commune": "Golfe 5", "Préfecture déclarée": "Golfe", "Préfecture": "Golfe", "Région": "Maritime", "Zone": "Grand Lomé" }, "geometry": { "type": "Point", "coordinates": [ 1.192526666666667, 6.196786666666664 ] } },
{ "type": "Feature", "properties": { "FID": "_mview_entreprisesvariees_entreprises_variees.fid-7111a9c0_19415ae4b4d_7299", "Nom": "Auto-école la Colombe de Dieu Annexe", "Statut": "Non agréée", "Comptée (R-12)": false, "Adresse": null, "Jours d'ouverture": "{jeudi, mardi, mercredi, samedi, vendredi}", "Localité": "Adidoadin", "Canton": "Agoè-Nyivé", "Commune": "Agoè-Nyivé 1", "Préfecture déclarée": "Agoè-Nyivé", "Préfecture": "Agoè-Nyivé", "Région": "Maritime", "Zone": "Grand Lomé" }, "geometry": { "type": "Point", "coordinates": [ 1.187888333333335, 6.206473333333336 ] } },
{ "type": "Feature", "properties": { "FID": "_mview_entreprisesvariees_entreprises_variees.fid-7111a9c0_19415ae4b4d_729a", "Nom": "Auto-école BM FEOP", "Statut": "Non agréée", "Comptée (R-12)": false, "Adresse": null, "Jours d'ouverture": null, "Localité": "Agbalepedo Dabla Kope", "Canton": "Agoè-Nyivé", "Commune": "Agoè-Nyivé 1", "Préfecture déclarée": "Agoè-Nyivé", "Préfecture": "Golfe", "Région": "Maritime", "Zone": "Grand Lomé" }, "geometry": { "type": "Point", "coordinates": [ 1.205316666666667, 6.19956 ] } },
{ "type": "Feature", "properties": { "FID": "_mview_entreprisesvariees_entreprises_variees.fid-7111a9c0_19415ae4b4d_729b", "Nom": "Auto-école ONG Domino", "Statut": "Agréée", "Comptée (R-12)": true, "Adresse": "90053418", "Jours d'ouverture": "{jeudi, lundi, mardi, mercredi, vendredi}", "Localité": "Be", "Canton": "Bè-Est", "Commune": "Golfe 1", "Préfecture déclarée": "Golfe", "Préfecture": "Golfe", "Région": "Maritime", "Zone": "Grand Lomé" }, "geometry": { "type": "Point", "coordinates": [ 1.245346089453272, 6.144820740975296 ] } },
{ "type": "Feature", "properties": { "FID": "_mview_entreprisesvariees_entreprises_variees.fid-7111a9c0_19415ae4b4d_729c", "Nom": "Auto-école la Référence Houvémé", "Statut": "Agréée", "Comptée (R-12)": true, "Adresse": null, "Jours d'ouverture": "{jeudi, lundi, mardi, mercredi, samedi, vendredi}", "Localité": "Be Houveme", "Canton": "Bè-Est", "Commune": "Golfe 1", "Préfecture déclarée": "Golfe", "Préfecture": "Golfe", "Région": "Maritime", "Zone": "Grand Lomé" }, "geometry": { "type": "Point", "coordinates": [ 1.249226204842879, 6.147984792036858 ] } },
{ "type": "Feature", "properties": { "FID": "_mview_entreprisesvariees_entreprises_variees.fid-7111a9c0_19415ae4b4d_729d", "Nom": "Auto-école Saint Antoine de Padoue", "Statut": "Agréée", "Comptée (R-12)": true, "Adresse": "91344868", "Jours d'ouverture": "{jeudi, lundi, mardi, mercredi, samedi, vendredi}", "Localité": "Be Souza Kotokoukodzi", "Canton": "Bè-Est", "Commune": "Golfe 1", "Préfecture déclarée": "Golfe", "Préfecture": "Golfe", "Région": "Maritime", "Zone": "Grand Lomé" }, "geometry": { "type": "Point", "coordinates": [ 1.254385232206616, 6.136101278951408 ] } },
{ "type": "Feature", "properties": { "FID": "_mview_entreprisesvariees_entreprises_variees.fid-7111a9c0_19415ae4b4d_729e", "Nom": "Auto-école Emmanuel Jules", "Statut": "Agréée", "Comptée (R-12)": true, "Adresse": null, "Jours d'ouverture": "{jeudi, lundi, mardi, mercredi, samedi, vendredi}", "Localité": "Be Bassadji", "Canton": "Amoutivé", "Commune": "Golfe 4", "Préfecture déclarée": "Golfe", "Préfecture": "Golfe", "Région": "Maritime", "Zone": "Grand Lomé" }, "geometry": { "type": "Point", "coordinates": [ 1.235801714109525, 6.143548241831772 ] } },
{ "type": "Feature", "properties": { "FID": "_mview_entreprisesvariees_entreprises_variees.fid-7111a9c0_19415ae4b4d_729f", "Nom": "Auto-école la Liberté Akato", "Statut": "Antenne agréée", "Comptée (R-12)": true, "Adresse": "Non Loin du Carrefour Akato Deme", "Jours d'ouverture": "{jeudi, lundi, mardi, mercredi, samedi, vendredi}", "Localité": "Akato Deme", "Canton": "Aflao-Sagbado", "Commune": "Golfe 7", "Préfecture déclarée": "Golfe", "Préfecture": "Golfe", "Région": "Maritime", "Zone": "Grand Lomé" }, "geometry": { "type": "Point", "coordinates": [ 1.098968333333333, 6.203393333333334 ] } },
{ "type": "Feature", "properties": { "FID": "_mview_entreprisesvariees_entreprises_variees.fid-7111a9c0_19415ae4b4d_72a0", "Nom": "Auto-école Basileia Gbossimé", "Statut": "Antenne agréée", "Comptée (R-12)": true, "Adresse": null, "Jours d'ouverture": "{jeudi, lundi, mardi, mercredi, samedi, vendredi}", "Localité": "Gbossime", "Canton": "Bè-Ouest", "Commune": "Golfe 3", "Préfecture déclarée": "Golfe", "Préfecture": "Golfe", "Région": "Maritime", "Zone": "Grand Lomé" }, "geometry": { "type": "Point", "coordinates": [ 1.204763333333333, 6.159006666666668 ] } },
{ "type": "Feature", "properties": { "FID": "_mview_entreprisesvariees_entreprises_variees.fid-7111a9c0_19415ae4b4d_72a1", "Nom": "Auto-école Saint Kizito Bè Hédzé", "Statut": "Antenne agréée", "Comptée (R-12)": true, "Adresse": null, "Jours d'ouverture": "{jeudi, lundi, mardi, mercredi, samedi, vendredi}", "Localité": "Be Hedze", "Canton": "Bè-Est", "Commune": "Golfe 1", "Préfecture déclarée": "Golfe", "Préfecture": "Golfe", "Région": "Maritime", "Zone": "Grand Lomé" }, "geometry": { "type": "Point", "coordinates": [ 1.243946666666666, 6.147713333333331 ] } },
{ "type": "Feature", "properties": { "FID": "_mview_entreprisesvariees_entreprises_variees.fid-7111a9c0_19415ae4b4d_72a2", "Nom": "Auto-école THV", "Statut": "Non agréée", "Comptée (R-12)": false, "Adresse": null, "Jours d'ouverture": "{jeudi, lundi, mardi, mercredi, samedi, vendredi}", "Localité": "Ablogame", "Canton": "Bè-Est", "Commune": "Golfe 1", "Préfecture déclarée": "Golfe", "Préfecture": "Golfe", "Région": "Maritime", "Zone": "Grand Lomé" }, "geometry": { "type": "Point", "coordinates": [ 1.255893673470884, 6.136479748976051 ] } },
{ "type": "Feature", "properties": { "FID": "_mview_entreprisesvariees_entreprises_variees.fid-7111a9c0_19415ae4b4d_72a3", "Nom": "Auto-école Diipesha", "Statut": "Non agréée", "Comptée (R-12)": false, "Adresse": null, "Jours d'ouverture": "{jeudi, lundi, mardi, mercredi, samedi, vendredi}", "Localité": "Gbenyedji", "Canton": "Bè-Est", "Commune": "Golfe 1", "Préfecture déclarée": "Golfe", "Préfecture": "Golfe", "Région": "Maritime", "Zone": "Grand Lomé" }, "geometry": { "type": "Point", "coordinates": [ 1.255452918855876, 6.14785473696195 ] } },
{ "type": "Feature", "properties": { "FID": "_mview_entreprisesvariees_entreprises_variees.fid-7111a9c0_19415ae4b4d_72a4", "Nom": "Auto-école Rapha Bè Kpota", "Statut": "Agréée", "Comptée (R-12)": true, "Adresse": null, "Jours d'ouverture": "{jeudi, lundi, mardi, mercredi, samedi, vendredi}", "Localité": "Be Kpota", "Canton": "Bè-Est", "Commune": "Golfe 1", "Préfecture déclarée": "Golfe", "Préfecture": "Golfe", "Région": "Maritime", "Zone": "Grand Lomé" }, "geometry": { "type": "Point", "coordinates": [ 1.246718922557839, 6.152805466266955 ] } },
{ "type": "Feature", "properties": { "FID": "_mview_entreprisesvariees_entreprises_variees.fid-7111a9c0_19415ae4b4d_72a5", "Nom": "Auto-école du Mono", "Statut": "Non agréée", "Comptée (R-12)": false, "Adresse": "91991803", "Jours d'ouverture": "{jeudi, lundi, mardi, mercredi, samedi, vendredi}", "Localité": "Ablogame", "Canton": "Bè-Est", "Commune": "Golfe 1", "Préfecture déclarée": "Golfe", "Préfecture": "Golfe", "Région": "Maritime", "Zone": "Grand Lomé" }, "geometry": { "type": "Point", "coordinates": [ 1.261514112025708, 6.136625342074 ] } },
{ "type": "Feature", "properties": { "FID": "_mview_entreprisesvariees_entreprises_variees.fid-7111a9c0_19415ae4b4d_72a6", "Nom": "Auto-école Pas de Temps", "Statut": "Agréée", "Comptée (R-12)": true, "Adresse": "90243911", "Jours d'ouverture": "{jeudi, lundi, mardi, mercredi, samedi, vendredi}", "Localité": "Be Kpota", "Canton": "Bè-Est", "Commune": "Golfe 1", "Préfecture déclarée": "Golfe", "Préfecture": "Golfe", "Région": "Maritime", "Zone": "Grand Lomé" }, "geometry": { "type": "Point", "coordinates": [ 1.244900912369828, 6.15238311686108 ] } },
{ "type": "Feature", "properties": { "FID": "_mview_entreprisesvariees_entreprises_variees.fid-7111a9c0_19415ae4b4d_72a7", "Nom": "Auto-école le Genie Souza Nètimé", "Statut": "Antenne agréée", "Comptée (R-12)": true, "Adresse": "13BP: 538 Lomé-togo", "Jours d'ouverture": "{jeudi, lundi, mardi, mercredi, samedi, vendredi}", "Localité": "Souza Netime", "Canton": "Bè-Est", "Commune": "Golfe 1", "Préfecture déclarée": "Golfe", "Préfecture": "Golfe", "Région": "Maritime", "Zone": "Grand Lomé" }, "geometry": { "type": "Point", "coordinates": [ 1.235817156019258, 6.137109839428764 ] } },
{ "type": "Feature", "properties": { "FID": "_mview_entreprisesvariees_entreprises_variees.fid-7111a9c0_19415ae4b4d_72a8", "Nom": "Auto-école la Lumiere", "Statut": "Non agréée", "Comptée (R-12)": false, "Adresse": null, "Jours d'ouverture": "{jeudi, lundi, mardi, mercredi, vendredi}", "Localité": "Be-kpota", "Canton": "Bè-Est", "Commune": "Golfe 1", "Préfecture déclarée": "Golfe", "Préfecture": "Golfe", "Région": "Maritime", "Zone": "Grand Lomé" }, "geometry": { "type": "Point", "coordinates": [ 1.26604, 6.157545 ] } },
{ "type": "Feature", "properties": { "FID": "_mview_entreprisesvariees_entreprises_variees.fid-7111a9c0_19415ae4b4d_72a9", "Nom": "Auto-école Richmond", "Statut": "Non agréée", "Comptée (R-12)": false, "Adresse": "98736078", "Jours d'ouverture": "{jeudi, lundi, mardi, mercredi, vendredi}", "Localité": "Souzanetime", "Canton": "Bè-Est", "Commune": "Golfe 1", "Préfecture déclarée": "Golfe", "Préfecture": "Golfe", "Région": "Maritime", "Zone": "Grand Lomé" }, "geometry": { "type": "Point", "coordinates": [ 1.243238333333334, 6.137831666666666 ] } },
{ "type": "Feature", "properties": { "FID": "_mview_entreprisesvariees_entreprises_variees.fid-7111a9c0_19415ae4b4d_72aa", "Nom": "Auto-école Moderne", "Statut": "Non agréée", "Comptée (R-12)": false, "Adresse": "01BP1383", "Jours d'ouverture": "{jeudi, lundi, mardi, mercredi, samedi, vendredi}", "Localité": "Akodessewa", "Canton": "Bè-Est", "Commune": "Golfe 1", "Préfecture déclarée": "Golfe", "Préfecture": "Golfe", "Région": "Maritime", "Zone": "Grand Lomé" }, "geometry": { "type": "Point", "coordinates": [ 1.264974781285082, 6.153873266610682 ] } },
{ "type": "Feature", "properties": { "FID": "_mview_entreprisesvariees_entreprises_variees.fid-7111a9c0_19415ae4b4d_72ab", "Nom": "Auto-école St GK", "Statut": "Non agréée", "Comptée (R-12)": false, "Adresse": null, "Jours d'ouverture": "{jeudi, lundi, mardi, mercredi, samedi, vendredi}", "Localité": "Sogbossito", "Canton": "Agoè-Nyivé", "Commune": "Agoè-Nyivé 1", "Préfecture déclarée": "Agoè-Nyivé", "Préfecture": "Agoè-Nyivé", "Région": "Maritime", "Zone": "Grand Lomé" }, "geometry": { "type": "Point", "coordinates": [ 1.171618333333334, 6.252565 ] } },
{ "type": "Feature", "properties": { "FID": "_mview_entreprisesvariees_entreprises_variees.fid-7111a9c0_19415ae4b4d_72ac", "Nom": "Auto-école le Requin", "Statut": "Non agréée", "Comptée (R-12)": false, "Adresse": "93207625", "Jours d'ouverture": "{jeudi, lundi, mardi, mercredi, vendredi}", "Localité": "Hadi Kpota", "Canton": "Bè-Est", "Commune": "Golfe 1", "Préfecture déclarée": "Golfe", "Préfecture": "Golfe", "Région": "Maritime", "Zone": "Grand Lomé" }, "geometry": { "type": "Point", "coordinates": [ 1.266643851811304, 6.163745663263449 ] } },
{ "type": "Feature", "properties": { "FID": "_mview_entreprisesvariees_entreprises_variees.fid-7111a9c0_19415ae4b4d_72ad", "Nom": "Auto-école à Dieu la Gloire Bè", "Statut": "Antenne agréée", "Comptée (R-12)": true, "Adresse": "92055124", "Jours d'ouverture": "{jeudi, lundi, mardi, mercredi, samedi, vendredi}", "Localité": "N/a", "Canton": "Bè-Est", "Commune": "Golfe 1", "Préfecture déclarée": "Golfe", "Préfecture": "Golfe", "Région": "Maritime", "Zone": "Grand Lomé" }, "geometry": { "type": "Point", "coordinates": [ 1.275394377026112, 6.175815977433111 ] } },
{ "type": "Feature", "properties": { "FID": "_mview_entreprisesvariees_entreprises_variees.fid-7111a9c0_19415ae4b4d_72ae", "Nom": "Auto-école Ecole JADS", "Statut": "Non agréée", "Comptée (R-12)": false, "Adresse": "92530809", "Jours d'ouverture": "{jeudi, lundi, mardi, mercredi, vendredi}", "Localité": "Be Kpota", "Canton": "Bè-Est", "Commune": "Golfe 1", "Préfecture déclarée": "Golfe", "Préfecture": "Golfe", "Région": "Maritime", "Zone": "Grand Lomé" }, "geometry": { "type": "Point", "coordinates": [ 1.262223218405205, 6.16095938183868 ] } },
{ "type": "Feature", "properties": { "FID": "_mview_entreprisesvariees_entreprises_variees.fid-7111a9c0_19415ae4b4d_72af", "Nom": "Auto-école le Professeur", "Statut": "Agréée", "Comptée (R-12)": true, "Adresse": "90134934/99953737", "Jours d'ouverture": "{jeudi, lundi, mardi, mercredi, samedi, vendredi}", "Localité": "Atiegou", "Canton": "Bè-Est", "Commune": "Golfe 1", "Préfecture déclarée": "Golfe", "Préfecture": "Golfe", "Région": "Maritime", "Zone": "Grand Lomé" }, "geometry": { "type": "Point", "coordinates": [ 1.267633337163368, 6.178145879148763 ] } },
{ "type": "Feature", "properties": { "FID": "_mview_entreprisesvariees_entreprises_variees.fid-7111a9c0_19415ae4b4d_72b0", "Nom": "Auto-école J.charmer", "Statut": "Non agréée", "Comptée (R-12)": false, "Adresse": "98447616/91694261", "Jours d'ouverture": "{jeudi, lundi, mardi, mercredi, vendredi}", "Localité": "Be Kpota", "Canton": "Bè-Centre", "Commune": "Golfe 2", "Préfecture déclarée": "Golfe", "Préfecture": "Golfe", "Région": "Maritime", "Zone": "Grand Lomé" }, "geometry": { "type": "Point", "coordinates": [ 1.241374430587526, 6.151178717573525 ] } },
{ "type": "Feature", "properties": { "FID": "_mview_entreprisesvariees_entreprises_variees.fid-7111a9c0_19415ae4b4d_72b1", "Nom": "Auto-école Emaris", "Statut": "Non agréée", "Comptée (R-12)": false, "Adresse": "91823279", "Jours d'ouverture": "{jeudi, lundi, mardi, mercredi, samedi, vendredi}", "Localité": "Atiegou Kolas", "Canton": "Bè-Est", "Commune": "Golfe 1", "Préfecture déclarée": "Golfe", "Préfecture": "Golfe", "Région": "Maritime", "Zone": "Grand Lomé" }, "geometry": { "type": "Point", "coordinates": [ 1.275582300065154, 6.178508232096199 ] } },
{ "type": "Feature", "properties": { "FID": "_mview_entreprisesvariees_entreprises_variees.fid-7111a9c0_19415ae4b4d_72b2", "Nom": "Auto-école le Genie Logopé", "Statut": "Agréée", "Comptée (R-12)": true, "Adresse": null, "Jours d'ouverture": "{jeudi, lundi, mardi, mercredi, samedi, vendredi}", "Localité": "Logope", "Canton": "Agoè-Nyivé", "Commune": "Agoè-Nyivé 1", "Préfecture déclarée": "Agoè-Nyivé", "Préfecture": "Agoè-Nyivé", "Région": "Maritime", "Zone": "Grand Lomé" }, "geometry": { "type": "Point", "coordinates": [ 1.186655304690702, 6.233949060373366 ] } },
{ "type": "Feature", "properties": { "FID": "_mview_entreprisesvariees_entreprises_variees.fid-7111a9c0_19415ae4b4d_72b3", "Nom": "Auto-école Awara", "Statut": "Agréée", "Comptée (R-12)": true, "Adresse": "Kossigan", "Jours d'ouverture": "{jeudi, lundi, mardi, mercredi, samedi, vendredi}", "Localité": "Logope", "Canton": "Agoè-Nyivé", "Commune": "Agoè-Nyivé 1", "Préfecture déclarée": "Agoè-Nyivé", "Préfecture": "Agoè-Nyivé", "Région": "Maritime", "Zone": "Grand Lomé" }, "geometry": { "type": "Point", "coordinates": [ 1.185106666666667, 6.23459 ] } },
{ "type": "Feature", "properties": { "FID": "_mview_entreprisesvariees_entreprises_variees.fid-7111a9c0_19415ae4b4d_72b4", "Nom": "Auto-école KMK Sarl Annexe", "Statut": "Non agréée", "Comptée (R-12)": false, "Adresse": null, "Jours d'ouverture": "{jeudi, lundi, mardi, mercredi, samedi, vendredi}", "Localité": "Logope", "Canton": "Agoè-Nyivé", "Commune": "Agoè-Nyivé 1", "Préfecture déclarée": "Agoè-Nyivé", "Préfecture": "Agoè-Nyivé", "Région": "Maritime", "Zone": "Grand Lomé" }, "geometry": { "type": "Point", "coordinates": [ 1.182116666666667, 6.230106666666667 ] } },
{ "type": "Feature", "properties": { "FID": "_mview_entreprisesvariees_entreprises_variees.fid-7111a9c0_19415ae4b4d_72b5", "Nom": "Auto-école le Genie Afamé", "Statut": "Antenne agréée", "Comptée (R-12)": true, "Adresse": "BP 4234", "Jours d'ouverture": "{jeudi, lundi, mardi, mercredi, vendredi}", "Localité": "Afame", "Canton": "Bè-Est", "Commune": "Golfe 1", "Préfecture déclarée": "Golfe", "Préfecture": "Golfe", "Région": "Maritime", "Zone": "Grand Lomé" }, "geometry": { "type": "Point", "coordinates": [ 1.27912, 6.168875 ] } },
{ "type": "Feature", "properties": { "FID": "_mview_entreprisesvariees_entreprises_variees.fid-7111a9c0_19415ae4b4d_72b6", "Nom": "Auto-école Dieu Merci", "Statut": "Non agréée", "Comptée (R-12)": false, "Adresse": "92806935", "Jours d'ouverture": "{jeudi, lundi, mardi, mercredi, vendredi}", "Localité": "Adakpame", "Canton": "Bè-Est", "Commune": "Golfe 1", "Préfecture déclarée": "Golfe", "Préfecture": "Golfe", "Région": "Maritime", "Zone": "Grand Lomé" }, "geometry": { "type": "Point", "coordinates": [ 1.291849925579714, 6.169704966522096 ] } },
{ "type": "Feature", "properties": { "FID": "_mview_entreprisesvariees_entreprises_variees.fid-7111a9c0_19415ae4b4d_72b7", "Nom": "Auto-école Saint Kizito Zoro Bar", "Statut": "Antenne agréée", "Comptée (R-12)": true, "Adresse": "90997375", "Jours d'ouverture": "{jeudi, lundi, mardi, mercredi, vendredi}", "Localité": "Zoro Bar", "Canton": "Bè-Est", "Commune": "Golfe 1", "Préfecture déclarée": "Golfe", "Préfecture": "Golfe", "Région": "Maritime", "Zone": "Grand Lomé" }, "geometry": { "type": "Point", "coordinates": [ 1.283127911043461, 6.167025768668737 ] } },
{ "type": "Feature", "properties": { "FID": "_mview_entreprisesvariees_entreprises_variees.fid-7111a9c0_19415ae4b4d_72b8", "Nom": "Auto-école Saint Kizito Kagomé", "Statut": "Antenne agréée", "Comptée (R-12)": true, "Adresse": null, "Jours d'ouverture": "{jeudi, lundi, mardi, mercredi, vendredi}", "Localité": "Kagome", "Canton": "Bè-Est", "Commune": "Golfe 1", "Préfecture déclarée": "Golfe", "Préfecture": "Golfe", "Région": "Maritime", "Zone": "Grand Lomé" }, "geometry": { "type": "Point", "coordinates": [ 1.298370320055229, 6.167819153285302 ] } },
{ "type": "Feature", "properties": { "FID": "_mview_entreprisesvariees_entreprises_variees.fid-7111a9c0_19415ae4b4d_72b9", "Nom": "Auto-école la Puissance Divine Sabeto", "Statut": "Non agréée", "Comptée (R-12)": false, "Adresse": "98949126", "Jours d'ouverture": "{jeudi, lundi, mardi, mercredi, samedi, vendredi}", "Localité": "Sabeto", "Canton": "Bè-Est", "Commune": "Golfe 1", "Préfecture déclarée": "Golfe", "Préfecture": "Golfe", "Région": "Maritime", "Zone": "Grand Lomé" }, "geometry": { "type": "Point", "coordinates": [ 1.282081666666667, 6.174011666666664 ] } },
{ "type": "Feature", "properties": { "FID": "_mview_entreprisesvariees_entreprises_variees.fid-7111a9c0_19415ae4b4d_72ba", "Nom": "Auto-école la Puissance Divine Adakpamé", "Statut": "Non agréée", "Comptée (R-12)": false, "Adresse": null, "Jours d'ouverture": "{jeudi, lundi, mardi, mercredi, samedi, vendredi}", "Localité": "Adakpame", "Canton": "Bè-Est", "Commune": "Golfe 1", "Préfecture déclarée": "Golfe", "Préfecture": "Golfe", "Région": "Maritime", "Zone": "Grand Lomé" }, "geometry": { "type": "Point", "coordinates": [ 1.28966032016884, 6.171071095937135 ] } },
{ "type": "Feature", "properties": { "FID": "_mview_entreprisesvariees_entreprises_variees.fid-7111a9c0_19415ae4b4d_72bb", "Nom": "Auto-école l'étoile", "Statut": "Non agréée", "Comptée (R-12)": false, "Adresse": null, "Jours d'ouverture": "{jeudi, lundi, mardi, mercredi, samedi, vendredi}", "Localité": "Kelegougan", "Canton": "Bè-Est", "Commune": "Golfe 1", "Préfecture déclarée": "Golfe", "Préfecture": "Agoè-Nyivé", "Région": "Maritime", "Zone": "Grand Lomé" }, "geometry": { "type": "Point", "coordinates": [ 1.24057, 6.216573333333334 ] } },
{ "type": "Feature", "properties": { "FID": "_mview_entreprisesvariees_entreprises_variees.fid-7111a9c0_19415ae4b4d_72bc", "Nom": "Auto-école Dieu Merci Adakpamé", "Statut": "Non agréée", "Comptée (R-12)": false, "Adresse": null, "Jours d'ouverture": "{jeudi, lundi, mardi, mercredi, samedi, vendredi}", "Localité": "Adakpame", "Canton": "Bè-Est", "Commune": "Golfe 1", "Préfecture déclarée": "Golfe", "Préfecture": "Golfe", "Région": "Maritime", "Zone": "Grand Lomé" }, "geometry": { "type": "Point", "coordinates": [ 1.289126666666667, 6.167625 ] } },
{ "type": "Feature", "properties": { "FID": "_mview_entreprisesvariees_entreprises_variees.fid-7111a9c0_19415ae4b4d_72bd", "Nom": "Auto-école St Paul", "Statut": "Non agréée", "Comptée (R-12)": false, "Adresse": null, "Jours d'ouverture": "{jeudi, lundi, mardi, mercredi, samedi, vendredi}", "Localité": "Nukafu", "Canton": "Bè-Centre", "Commune": "Golfe 2", "Préfecture déclarée": "Golfe", "Préfecture": "Golfe", "Région": "Maritime", "Zone": "Grand Lomé" }, "geometry": { "type": "Point", "coordinates": [ 1.241771666666667, 6.158188333333334 ] } },
{ "type": "Feature", "properties": { "FID": "_mview_entreprisesvariees_entreprises_variees.fid-7111a9c0_19415ae4b4d_72be", "Nom": "Auto-école Malembe Malembe", "Statut": "Non agréée", "Comptée (R-12)": false, "Adresse": null, "Jours d'ouverture": "{jeudi, lundi, mardi, mercredi, vendredi}", "Localité": "Togo 2000", "Canton": "Bè-Centre", "Commune": "Golfe 2", "Préfecture déclarée": "Golfe", "Préfecture": "Golfe", "Région": "Maritime", "Zone": "Grand Lomé" }, "geometry": { "type": "Point", "coordinates": [ 1.254828412999465, 6.188855334180797 ] } },
{ "type": "Feature", "properties": { "FID": "_mview_entreprisesvariees_entreprises_variees.fid-7111a9c0_19415ae4b4d_72bf", "Nom": "Auto-école Rapha Wuiti-Nukafu", "Statut": "Antenne agréée", "Comptée (R-12)": true, "Adresse": null, "Jours d'ouverture": "{jeudi, lundi, mardi, mercredi, vendredi}", "Localité": "Wuiti-nukafu", "Canton": "Bè-Centre", "Commune": "Golfe 2", "Préfecture déclarée": "Golfe", "Préfecture": "Golfe", "Région": "Maritime", "Zone": "Grand Lomé" }, "geometry": { "type": "Point", "coordinates": [ 1.239920616341464, 6.163057762691573 ] } },
{ "type": "Feature", "properties": { "FID": "_mview_entreprisesvariees_entreprises_variees.fid-7111a9c0_19415ae4b4d_72c0", "Nom": "Auto-école la Perseverance", "Statut": "Non agréée", "Comptée (R-12)": false, "Adresse": null, "Jours d'ouverture": "{jeudi, lundi, mardi, mercredi, vendredi}", "Localité": "Anoukopé", "Canton": "Amoutivé", "Commune": "Golfe 4", "Préfecture déclarée": "Golfe", "Préfecture": "Golfe", "Région": "Maritime", "Zone": "Grand Lomé" }, "geometry": { "type": "Point", "coordinates": [ 1.219730887714208, 6.137236990088387 ] } },
{ "type": "Feature", "properties": { "FID": "_mview_entreprisesvariees_entreprises_variees.fid-7111a9c0_19415ae4b4d_72c1", "Nom": "Auto-école CFC-PRO SARL", "Statut": "Non agréée", "Comptée (R-12)": false, "Adresse": null, "Jours d'ouverture": "{jeudi, lundi, mardi, mercredi, samedi, vendredi}", "Localité": "Be-clime", "Canton": "Bè-Ouest", "Commune": "Golfe 3", "Préfecture déclarée": "Golfe", "Préfecture": "Golfe", "Région": "Maritime", "Zone": "Grand Lomé" }, "geometry": { "type": "Point", "coordinates": [ 1.208839037322003, 6.179498213804031 ] } },
{ "type": "Feature", "properties": { "FID": "_mview_entreprisesvariees_entreprises_variees.fid-7111a9c0_19415ae4b4d_72c2", "Nom": "Auto-école Petit Jesus", "Statut": "Non agréée", "Comptée (R-12)": false, "Adresse": null, "Jours d'ouverture": "{jeudi, lundi, mardi, mercredi, samedi, vendredi}", "Localité": "Tekoin Séminaire", "Canton": "Amoutivé", "Commune": "Golfe 4", "Préfecture déclarée": "Golfe", "Préfecture": "Golfe", "Région": "Maritime", "Zone": "Grand Lomé" }, "geometry": { "type": "Point", "coordinates": [ 1.211278662803462, 6.148260670274586 ] } },
{ "type": "Feature", "properties": { "FID": "_mview_entreprisesvariees_entreprises_variees.fid-7111a9c0_19415ae4b4d_72c3", "Nom": "Auto-école Amen", "Statut": "Non agréée", "Comptée (R-12)": false, "Adresse": "90189654", "Jours d'ouverture": "{jeudi, lundi, mardi, mercredi, samedi, vendredi}", "Localité": "Carrefour Commando", "Canton": "Agoè-Nyivé", "Commune": "Agoè-Nyivé 1", "Préfecture déclarée": "Agoè-Nyivé", "Préfecture": "Agoè-Nyivé", "Région": "Maritime", "Zone": "Grand Lomé" }, "geometry": { "type": "Point", "coordinates": [ 1.188856666666668, 6.241486666666663 ] } },
{ "type": "Feature", "properties": { "FID": "_mview_entreprisesvariees_entreprises_variees.fid-7111a9c0_19415ae4b4d_72c4", "Nom": "Auto-école le Citoyen", "Statut": "Non agréée", "Comptée (R-12)": false, "Adresse": "Agoè Koshigan 2", "Jours d'ouverture": "{jeudi, lundi, mardi, mercredi, samedi, vendredi}", "Localité": "Koshigan2", "Canton": "Agoè-Nyivé", "Commune": "Agoè-Nyivé 1", "Préfecture déclarée": "Agoè-Nyivé", "Préfecture": "Agoè-Nyivé", "Région": "Maritime", "Zone": "Grand Lomé" }, "geometry": { "type": "Point", "coordinates": [ 1.166604302644526, 6.243508354832533 ] } },
{ "type": "Feature", "properties": { "FID": "_mview_entreprisesvariees_entreprises_variees.fid-7111a9c0_19415ae4b4d_72c5", "Nom": "Auto-école les Benis", "Statut": "Non agréée", "Comptée (R-12)": false, "Adresse": null, "Jours d'ouverture": null, "Localité": "Agoe Assiyeye", "Canton": "Agoè-Nyivé", "Commune": "Agoè-Nyivé 1", "Préfecture déclarée": "Agoè-Nyivé", "Préfecture": "Agoè-Nyivé", "Région": "Maritime", "Zone": "Grand Lomé" }, "geometry": { "type": "Point", "coordinates": [ 1.20052523971031, 6.235151174169914 ] } },
{ "type": "Feature", "properties": { "FID": "_mview_entreprisesvariees_entreprises_variees.fid-7111a9c0_19415ae4b4d_72c6", "Nom": "Auto-école le Reccord", "Statut": "Non agréée", "Comptée (R-12)": false, "Adresse": null, "Jours d'ouverture": "{jeudi, lundi, mardi, mercredi, vendredi}", "Localité": "Agoe Minamadou", "Canton": "Agoè-Nyivé", "Commune": "Agoè-Nyivé 1", "Préfecture déclarée": "Agoè-Nyivé", "Préfecture": "Agoè-Nyivé", "Région": "Maritime", "Zone": "Grand Lomé" }, "geometry": { "type": "Point", "coordinates": [ 1.19324, 6.224793333333335 ] } },
{ "type": "Feature", "properties": { "FID": "_mview_entreprisesvariees_entreprises_variees.fid-7111a9c0_19415ae4b4d_72c7", "Nom": "Auto-école Nzambe-Nzambe Dekon", "Statut": "Antenne agréée", "Comptée (R-12)": true, "Adresse": "92861212", "Jours d'ouverture": "{lundi,mardi,mercredi,jeudi,vendredi,samedi}", "Localité": "Dekon", "Canton": "Bè-Est", "Commune": "Golfe 1", "Préfecture déclarée": "Golfe", "Préfecture": "Golfe", "Région": "Maritime", "Zone": "Grand Lomé" }, "geometry": { "type": "Point", "coordinates": [ 1.23419469930068, 6.134486700471797 ] } },
{ "type": "Feature", "properties": { "FID": "_mview_entreprisesvariees_entreprises_variees.fid-7111a9c0_19415ae4b4d_72c8", "Nom": "Auto-école Nzambe-Nzambe Kegue", "Statut": "Agréée", "Comptée (R-12)": true, "Adresse": "Sise en face du stade de kegue", "Jours d'ouverture": "{lundi,mardi,mercredi,vendredi,samedi}", "Localité": "Kégué", "Canton": "Bè-Centre", "Commune": "Golfe 2", "Préfecture déclarée": "Golfe", "Préfecture": "Golfe", "Région": "Maritime", "Zone": "Grand Lomé" }, "geometry": { "type": "Point", "coordinates": [ 1.241122858156358, 6.201321012932121 ] } },
{ "type": "Feature", "properties": { "FID": "_mview_entreprisesvariees_entreprises_variees.fid-7111a9c0_19415ae4b4d_72c9", "Nom": "Auto-école Nzambe-Nzambe Hedzranawoe", "Statut": "Antenne agréée", "Comptée (R-12)": true, "Adresse": null, "Jours d'ouverture": "{lundi,mardi,mercredi,jeudi,vendredi,samedi}", "Localité": "Hedzranawoe", "Canton": "Bè-Centre", "Commune": "Golfe 2", "Préfecture déclarée": "Golfe", "Préfecture": "Golfe", "Région": "Maritime", "Zone": "Grand Lomé" }, "geometry": { "type": "Point", "coordinates": [ 1.244291666666667, 6.170398333333332 ] } },
{ "type": "Feature", "properties": { "FID": "_mview_entreprisesvariees_entreprises_variees.fid-7111a9c0_19415ae4b4d_72ca", "Nom": "Auto-école l'internationale Pilote", "Statut": "Non agréée", "Comptée (R-12)": false, "Adresse": "BP 4225", "Jours d'ouverture": "{lundi,mardi,mercredi,jeudi,vendredi}", "Localité": "Amoutiévé", "Canton": "Amoutivé", "Commune": "Golfe 4", "Préfecture déclarée": "Golfe", "Préfecture": "Golfe", "Région": "Maritime", "Zone": "Grand Lomé" }, "geometry": { "type": "Point", "coordinates": [ 1.22888, 6.138706666666663 ] } },
{ "type": "Feature", "properties": { "FID": "_mview_entreprisesvariees_entreprises_variees.fid-7111a9c0_19415ae4b4d_72cb", "Nom": "Auto-école Basileia  Abové", "Statut": "Agréée", "Comptée (R-12)": true, "Adresse": null, "Jours d'ouverture": "{lundi,mardi,mercredi,jeudi,vendredi,samedi}", "Localité": "Above", "Canton": "Bè-Ouest", "Commune": "Golfe 3", "Préfecture déclarée": "Golfe", "Préfecture": "Golfe", "Région": "Maritime", "Zone": "Grand Lomé" }, "geometry": { "type": "Point", "coordinates": [ 1.204750403839615, 6.165303403778478 ] } },
{ "type": "Feature", "properties": { "FID": "_mview_entreprisesvariees_entreprises_variees.fid-7111a9c0_19415ae4b4d_72cc", "Nom": "Auto-école la Maitrise", "Statut": "Agréée", "Comptée (R-12)": true, "Adresse": "01BP 5040", "Jours d'ouverture": "{lundi,mardi,mercredi,jeudi,vendredi,samedi}", "Localité": "Nyekonakpoe", "Canton": "Amoutivé", "Commune": "Golfe 4", "Préfecture déclarée": "Golfe", "Préfecture": "Golfe", "Région": "Maritime", "Zone": "Grand Lomé" }, "geometry": { "type": "Point", "coordinates": [ 1.204328333333335, 6.126713333333333 ] } },
{ "type": "Feature", "properties": { "FID": "_mview_entreprisesvariees_entreprises_variees.fid-7111a9c0_19415ae4b4d_72cd", "Nom": "Auto-école le Gouverneur", "Statut": "Agréée", "Comptée (R-12)": true, "Adresse": "BP 2803", "Jours d'ouverture": "{lundi,mardi,mercredi,jeudi,vendredi,samedi}", "Localité": "Kassamblaca", "Canton": "Bè-Ouest", "Commune": "Golfe 3", "Préfecture déclarée": "Golfe", "Préfecture": "Golfe", "Région": "Maritime", "Zone": "Grand Lomé" }, "geometry": { "type": "Point", "coordinates": [ 1.20684, 6.152945 ] } },
{ "type": "Feature", "properties": { "FID": "_mview_entreprisesvariees_entreprises_variees.fid-7111a9c0_19415ae4b4d_72ce", "Nom": "Auto-école Deo Compassion", "Statut": "Agréée", "Comptée (R-12)": true, "Adresse": "92233574", "Jours d'ouverture": "{lundi,mardi,mercredi,jeudi,vendredi}", "Localité": "Nukafu", "Canton": "Bè-Centre", "Commune": "Golfe 2", "Préfecture déclarée": "Golfe", "Préfecture": "Golfe", "Région": "Maritime", "Zone": "Grand Lomé" }, "geometry": { "type": "Point", "coordinates": [ 1.238105, 6.15902 ] } },
{ "type": "Feature", "properties": { "FID": "_mview_entreprisesvariees_entreprises_variees.fid-7111a9c0_19415ae4b4d_72cf", "Nom": "Auto-école Nzambe Nzambe Tinga", "Statut": "Antenne agréée", "Comptée (R-12)": true, "Adresse": null, "Jours d'ouverture": "{lundi,mardi,jeudi,mercredi,samedi}", "Localité": "Tinga", "Canton": "Bè-Centre", "Commune": "Golfe 2", "Préfecture déclarée": "Golfe", "Préfecture": "Golfe", "Région": "Maritime", "Zone": "Grand Lomé" }, "geometry": { "type": "Point", "coordinates": [ 1.248152226220186, 6.201197072965417 ] } },
{ "type": "Feature", "properties": { "FID": "_mview_entreprisesvariees_entreprises_variees.fid-7111a9c0_19415ae4b4d_72d0", "Nom": "Auto-école OCDI", "Statut": "Agréée", "Comptée (R-12)": true, "Adresse": "07BP448", "Jours d'ouverture": "{lundi,mardi,mercredi,jeudi,vendredi}", "Localité": "Tokoin Séminaire", "Canton": "Bè-Ouest", "Commune": "Golfe 3", "Préfecture déclarée": "Golfe", "Préfecture": "Golfe", "Région": "Maritime", "Zone": "Grand Lomé" }, "geometry": { "type": "Point", "coordinates": [ 1.209786552201982, 6.149081563588559 ] } },
{ "type": "Feature", "properties": { "FID": "_mview_entreprisesvariees_entreprises_variees.fid-7111a9c0_19415ae4b4d_72d1", "Nom": "Auto-école FCAM", "Statut": "Agréée", "Comptée (R-12)": true, "Adresse": null, "Jours d'ouverture": "{lundi,mardi,mercredi,jeudi,vendredi,samedi}", "Localité": "Nyekonakpoe", "Canton": "Amoutivé", "Commune": "Golfe 4", "Préfecture déclarée": "Golfe", "Préfecture": "Golfe", "Région": "Maritime", "Zone": "Grand Lomé" }, "geometry": { "type": "Point", "coordinates": [ 1.202798333333333, 6.126373333333333 ] } },
{ "type": "Feature", "properties": { "FID": "_mview_entreprisesvariees_entreprises_variees.fid-7111a9c0_19415ae4b4d_72d2", "Nom": "Auto-école la Patience", "Statut": "Non agréée", "Comptée (R-12)": false, "Adresse": null, "Jours d'ouverture": "{lundi,mercredi,mardi,jeudi,vendredi}", "Localité": "Nyekonakpoe", "Canton": "Amoutivé", "Commune": "Golfe 4", "Préfecture déclarée": "Golfe", "Préfecture": "Golfe", "Région": "Maritime", "Zone": "Grand Lomé" }, "geometry": { "type": "Point", "coordinates": [ 1.213688333333333, 6.131481666666666 ] } },
{ "type": "Feature", "properties": { "FID": "_mview_entreprisesvariees_entreprises_variees.fid-7111a9c0_19415ae4b4d_72d3", "Nom": "Auto-école AE", "Statut": "Non agréée", "Comptée (R-12)": false, "Adresse": null, "Jours d'ouverture": "{lundi,mardi,mercredi,jeudi,vendredi}", "Localité": "Nukafu", "Canton": "Bè-Centre", "Commune": "Golfe 2", "Préfecture déclarée": "Golfe", "Préfecture": "Golfe", "Région": "Maritime", "Zone": "Grand Lomé" }, "geometry": { "type": "Point", "coordinates": [ 1.233633371460085, 6.158349656503772 ] } },
{ "type": "Feature", "properties": { "FID": "_mview_entreprisesvariees_entreprises_variees.fid-7111a9c0_19415ae4b4d_72d4", "Nom": "Auto-école Guilgal", "Statut": "Agréée", "Comptée (R-12)": true, "Adresse": null, "Jours d'ouverture": "{lundi,mardi,mercredi,jeudi,vendredi,samedi}", "Localité": "Hedzranawoe", "Canton": "Bè-Centre", "Commune": "Golfe 2", "Préfecture déclarée": "Golfe", "Préfecture": "Golfe", "Région": "Maritime", "Zone": "Grand Lomé" }, "geometry": { "type": "Point", "coordinates": [ 1.241807159043477, 6.185811851383592 ] } },
{ "type": "Feature", "properties": { "FID": "_mview_entreprisesvariees_entreprises_variees.fid-7111a9c0_19415ae4b4d_72d5", "Nom": "Auto-école Grace Of God", "Statut": "Agréée", "Comptée (R-12)": true, "Adresse": null, "Jours d'ouverture": "{lundi,mardi,mercredi,jeudi,vendredi,samedi}", "Localité": "Gbadago", "Canton": "Amoutivé", "Commune": "Golfe 4", "Préfecture déclarée": "Golfe", "Préfecture": "Golfe", "Région": "Maritime", "Zone": "Grand Lomé" }, "geometry": { "type": "Point", "coordinates": [ 1.214685431499266, 6.148453335079997 ] } },
{ "type": "Feature", "properties": { "FID": "_mview_entreprisesvariees_entreprises_variees.fid-7111a9c0_19415ae4b4d_72d6", "Nom": "Auto-école Freeway", "Statut": "Agréée", "Comptée (R-12)": true, "Adresse": null, "Jours d'ouverture": "{lundi,mardi,mercredi,jeudi,vendredi,samedi}", "Localité": "Sanguera", "Canton": "Sanguera", "Commune": "Agoè-Nyivé 5", "Préfecture déclarée": "Agoè-Nyivé", "Préfecture": "Agoè-Nyivé", "Région": "Maritime", "Zone": "Grand Lomé" }, "geometry": { "type": "Point", "coordinates": [ 1.12098, 6.230416116312027 ] } },
{ "type": "Feature", "properties": { "FID": "_mview_entreprisesvariees_entreprises_variees.fid-7111a9c0_19415ae4b4d_72d7", "Nom": "Auto-école Mega Succes", "Statut": "Non agréée", "Comptée (R-12)": false, "Adresse": null, "Jours d'ouverture": "{lundi,mardi,mercredi,jeudi,vendredi,samedi}", "Localité": "Dekpo", "Canton": "Sanguera", "Commune": "Agoè-Nyivé 5", "Préfecture déclarée": "Agoè-Nyivé", "Préfecture": "Agoè-Nyivé", "Région": "Maritime", "Zone": "Grand Lomé" }, "geometry": { "type": "Point", "coordinates": [ 1.117196666666667, 6.227661666666668 ] } },
{ "type": "Feature", "properties": { "FID": "_mview_entreprisesvariees_entreprises_variees.fid-7111a9c0_19415ae4b4d_72d8", "Nom": "Auto-école la Classe", "Statut": "Non agréée", "Comptée (R-12)": false, "Adresse": null, "Jours d'ouverture": "{lundi,mardi,mercredi,jeudi,vendredi,samedi}", "Localité": "Logope", "Canton": "Légbassito", "Commune": "Agoè-Nyivé 2", "Préfecture déclarée": "Agoè-Nyivé", "Préfecture": "Agoè-Nyivé", "Région": "Maritime", "Zone": "Grand Lomé" }, "geometry": { "type": "Point", "coordinates": [ 1.158837687101999, 6.249764266525649 ] } },
{ "type": "Feature", "properties": { "FID": "_mview_entreprisesvariees_entreprises_variees.fid-7111a9c0_19415ae4b4d_72d9", "Nom": "Auto-école Gloire à Dieu Légbassito", "Statut": "Antenne agréée", "Comptée (R-12)": true, "Adresse": null, "Jours d'ouverture": "{lundi,mardi,mercredi,jeudi,vendredi}", "Localité": "Sogbassito", "Canton": "Agoè-Nyivé", "Commune": "Agoè-Nyivé 1", "Préfecture déclarée": "Agoè-Nyivé", "Préfecture": "Agoè-Nyivé", "Région": "Maritime", "Zone": "Grand Lomé" }, "geometry": { "type": "Point", "coordinates": [ 1.173126738381512, 6.247622705924113 ] } },
{ "type": "Feature", "properties": { "FID": "_mview_entreprisesvariees_entreprises_variees.fid-7111a9c0_19415ae4b4d_72da", "Nom": "Auto-école St Francois", "Statut": "Non agréée", "Comptée (R-12)": false, "Adresse": "98048999", "Jours d'ouverture": "{lundi,mardi,mercredi,vendredi,samedi}", "Localité": "Logopé", "Canton": "Légbassito", "Commune": "Agoè-Nyivé 2", "Préfecture déclarée": "Agoè-Nyivé", "Préfecture": "Agoè-Nyivé", "Région": "Maritime", "Zone": "Grand Lomé" }, "geometry": { "type": "Point", "coordinates": [ 1.157651344819645, 6.255821814843984 ] } },
{ "type": "Feature", "properties": { "FID": "_mview_entreprisesvariees_entreprises_variees.fid-7111a9c0_19415ae4b4d_72db", "Nom": "Auto-école le Defi Septemtrion", "Statut": "Agréée", "Comptée (R-12)": true, "Adresse": null, "Jours d'ouverture": "{lundi,mardi,mercredi,jeudi,vendredi,samedi,dimanche}", "Localité": "Fehing", "Canton": "Commune De Kara", "Commune": "Kozah 1", "Préfecture déclarée": "Kozah", "Préfecture": "Kozah", "Région": "Kara", "Zone": "Kara" }, "geometry": { "type": "Point", "coordinates": [ 1.217915, 9.56223 ] } },
{ "type": "Feature", "properties": { "FID": "_mview_entreprisesvariees_entreprises_variees.fid-7111a9c0_19415ae4b4d_72dc", "Nom": "Auto-école Securite Pour Tous", "Statut": "Agréée", "Comptée (R-12)": true, "Adresse": "BP 679", "Jours d'ouverture": "{lundi,mardi,mercredi,jeudi,vendredi}", "Localité": "Ewaou", "Canton": "Commune De Kara", "Commune": "Kozah 1", "Préfecture déclarée": "Kozah", "Préfecture": "Kozah", "Région": "Kara", "Zone": "Kara" }, "geometry": { "type": "Point", "coordinates": [ 1.197487640222207, 9.54737364568313 ] } },
{ "type": "Feature", "properties": { "FID": "_mview_entreprisesvariees_entreprises_variees.fid-7111a9c0_19415ae4b4d_72dd", "Nom": "Auto-école Bon Courage Kparatao", "Statut": "Antenne agréée", "Comptée (R-12)": true, "Adresse": null, "Jours d'ouverture": "{lundi,mardi,mercredi,jeudi,vendredi}", "Localité": "Kparantaou", "Canton": "Bafilo", "Commune": "Assoli 1", "Préfecture déclarée": "Assoli", "Préfecture": "Assoli", "Région": "Kara", "Zone": "Kara" }, "geometry": { "type": "Point", "coordinates": [ 1.246416538487873, 9.362072719279846 ] } },
{ "type": "Feature", "properties": { "FID": "_mview_entreprisesvariees_entreprises_variees.fid-7111a9c0_19415ae4b4d_72de", "Nom": "Auto-école la Connaissance", "Statut": "Non agréée", "Comptée (R-12)": false, "Adresse": null, "Jours d'ouverture": null, "Localité": "Andjaoude", "Canton": "Commune De Kara", "Commune": "Kozah 1", "Préfecture déclarée": "Kozah", "Préfecture": "Kozah", "Région": "Kara", "Zone": "Kara" }, "geometry": { "type": "Point", "coordinates": [ 1.207908333333333, 9.559028333333337 ] } },
{ "type": "Feature", "properties": { "FID": "_mview_entreprisesvariees_entreprises_variees.fid-7111a9c0_19415ae4b4d_72df", "Nom": "Auto-école Agbeteo", "Statut": "Non agréée", "Comptée (R-12)": false, "Adresse": null, "Jours d'ouverture": "{lundi,mardi,mercredi,jeudi,vendredi,samedi}", "Localité": "Zongo", "Canton": "Commune De Kara", "Commune": "Kozah 1", "Préfecture déclarée": "Kozah", "Préfecture": "Kozah", "Région": "Kara", "Zone": "Kara" }, "geometry": { "type": "Point", "coordinates": [ 1.185865, 9.54514 ] } },
{ "type": "Feature", "properties": { "FID": "_mview_entreprisesvariees_entreprises_variees.fid-7111a9c0_19415ae4b4d_72e0", "Nom": "Auto-école la Bienvenue", "Statut": "Non agréée", "Comptée (R-12)": false, "Adresse": null, "Jours d'ouverture": "{lundi,mercredi,jeudi,vendredi,dimanche,samedi,mardi}", "Localité": "Tomde", "Canton": "Commune De Kara", "Commune": "Kozah 1", "Préfecture déclarée": "Kozah", "Préfecture": "Kozah", "Région": "Kara", "Zone": "Kara" }, "geometry": { "type": "Point", "coordinates": [ 1.205127893635552, 9.556609215759346 ] } },
{ "type": "Feature", "properties": { "FID": "_mview_entreprisesvariees_entreprises_variees.fid-7111a9c0_19415ae4b4d_72e1", "Nom": "Auto-école Pugnus Dei Welade", "Statut": "Agréée", "Comptée (R-12)": true, "Adresse": null, "Jours d'ouverture": "{samedi,vendredi,jeudi,mercredi,mardi,lundi}", "Localité": "Welade", "Canton": "Commune De Kara", "Commune": "Kozah 1", "Préfecture déclarée": "Kozah", "Préfecture": "Kozah", "Région": "Kara", "Zone": "Kara" }, "geometry": { "type": "Point", "coordinates": [ 1.193402186348112, 9.557288518275392 ] } },
{ "type": "Feature", "properties": { "FID": "_mview_entreprisesvariees_entreprises_variees.fid-7111a9c0_19415ae4b4d_72e2", "Nom": "Auto-école les Grands Patassoukomé", "Statut": "Antenne agréée", "Comptée (R-12)": true, "Adresse": null, "Jours d'ouverture": "{lundi,mardi,mercredi,jeudi,vendredi,samedi}", "Localité": "Patassoukome", "Canton": "Commune De Kara", "Commune": "Kozah 1", "Préfecture déclarée": "Kozah", "Préfecture": "Kozah", "Région": "Kara", "Zone": "Kara" }, "geometry": { "type": "Point", "coordinates": [ 1.18832, 9.547373333333336 ] } },
{ "type": "Feature", "properties": { "FID": "_mview_entreprisesvariees_entreprises_variees.fid-7111a9c0_19415ae4b4d_72e3", "Nom": "Auto-école Bon Courage Awaou", "Statut": "Agréée", "Comptée (R-12)": true, "Adresse": "BP 292", "Jours d'ouverture": "{lundi,mardi,mercredi,jeudi,vendredi,samedi}", "Localité": "Ewaou", "Canton": "Commune De Kara", "Commune": "Kozah 1", "Préfecture déclarée": "Kozah", "Préfecture": "Kozah", "Région": "Kara", "Zone": "Kara" }, "geometry": { "type": "Point", "coordinates": [ 1.197395, 9.545631666666665 ] } },
{ "type": "Feature", "properties": { "FID": "_mview_entreprisesvariees_entreprises_variees.fid-7111a9c0_19415ae4b4d_72e4", "Nom": "Auto-école le Sauveur Vient", "Statut": "Agréée", "Comptée (R-12)": true, "Adresse": "BP 147", "Jours d'ouverture": "{lundi,mardi,mercredi,jeudi,vendredi,samedi}", "Localité": "Tomde", "Canton": "Commune De Kara", "Commune": "Kozah 1", "Préfecture déclarée": "Kozah", "Préfecture": "Kozah", "Région": "Kara", "Zone": "Kara" }, "geometry": { "type": "Point", "coordinates": [ 1.202631666666667, 9.551556666666666 ] } },
{ "type": "Feature", "properties": { "FID": "_mview_entreprisesvariees_entreprises_variees.fid-7111a9c0_19415ae4b4d_72e5", "Nom": "Auto-école de la Kozah", "Statut": "Non agréée", "Comptée (R-12)": false, "Adresse": null, "Jours d'ouverture": "{dimanche,samedi,vendredi,jeudi,mercredi,mardi,lundi}", "Localité": "Tchalode", "Canton": "Commune De Kara", "Commune": "Kozah 1", "Préfecture déclarée": "Kozah", "Préfecture": "Kozah", "Région": "Kara", "Zone": "Kara" }, "geometry": { "type": "Point", "coordinates": [ 1.19315, 9.568231666666666 ] } },
{ "type": "Feature", "properties": { "FID": "_mview_entreprisesvariees_entreprises_variees.fid-7111a9c0_19415ae4b4d_72e6", "Nom": "Auto-école Sajer", "Statut": "Non agréée", "Comptée (R-12)": false, "Adresse": null, "Jours d'ouverture": "{lundi,mardi,mercredi,jeudi,vendredi,samedi}", "Localité": "Ewoou", "Canton": "Commune De Kara", "Commune": "Kozah 1", "Préfecture déclarée": "Kozah", "Préfecture": "Kozah", "Région": "Kara", "Zone": "Kara" }, "geometry": { "type": "Point", "coordinates": [ 1.19147, 9.548641666666667 ] } },
{ "type": "Feature", "properties": { "FID": "_mview_entreprisesvariees_entreprises_variees.fid-7111a9c0_19415ae4b4d_72e7", "Nom": "Auto-école la Satisfaction", "Statut": "Non agréée", "Comptée (R-12)": false, "Adresse": null, "Jours d'ouverture": "{lundi,mardi,mercredi,jeudi,vendredi,samedi,dimanche}", "Localité": "Nangbani", "Canton": "Bassar", "Commune": "Bassar 1", "Préfecture déclarée": "Bassar", "Préfecture": "Bassar", "Région": "Kara", "Zone": "Kara" }, "geometry": { "type": "Point", "coordinates": [ 0.785688333333332, 9.27232 ] } },
{ "type": "Feature", "properties": { "FID": "_mview_entreprisesvariees_entreprises_variees.fid-7111a9c0_19415ae4b4d_72e8", "Nom": "Auto-école les Intégrés", "Statut": "Non agréée", "Comptée (R-12)": false, "Adresse": null, "Jours d'ouverture": "{samedi,vendredi,jeudi,mercredi,mardi,lundi}", "Localité": "Biakpabe", "Canton": "Bassar", "Commune": "Bassar 1", "Préfecture déclarée": "Bassar", "Préfecture": "Bassar", "Région": "Kara", "Zone": "Kara" }, "geometry": { "type": "Point", "coordinates": [ 0.779981666666667, 9.273485 ] } },
{ "type": "Feature", "properties": { "FID": "_mview_entreprisesvariees_entreprises_variees.fid-7111a9c0_19415ae4b4d_72e9", "Nom": "Auto-école Saint Jules Agbodan", "Statut": "Antenne agréée", "Comptée (R-12)": true, "Adresse": "99915996", "Jours d'ouverture": "{samedi,vendredi,jeudi,mercredi,mardi,lundi}", "Localité": "Agbodan", "Canton": "Gbodjomé", "Commune": "Lacs 3", "Préfecture déclarée": "Lacs", "Préfecture": "Lacs", "Région": "Maritime", "Zone": "Maritime hors Grand Lomé" }, "geometry": { "type": "Point", "coordinates": [ 1.416549117362551, 6.206722459544289 ] } },
{ "type": "Feature", "properties": { "FID": "_mview_entreprisesvariees_entreprises_variees.fid-7111a9c0_19415ae4b4d_72ea", "Nom": "Auto-école Damaris Agbavi", "Statut": "Antenne agréée", "Comptée (R-12)": true, "Adresse": "90047716", "Jours d'ouverture": "{lundi,mardi,mercredi,jeudi,vendredi,samedi}", "Localité": "Agbavi", "Canton": "Gbodjomé", "Commune": "Lacs 3", "Préfecture déclarée": "Lacs", "Préfecture": "Lacs", "Région": "Maritime", "Zone": "Maritime hors Grand Lomé" }, "geometry": { "type": "Point", "coordinates": [ 1.394736666666667, 6.189736666666666 ] } },
{ "type": "Feature", "properties": { "FID": "_mview_entreprisesvariees_entreprises_variees.fid-7111a9c0_19415ae4b4d_72eb", "Nom": "Auto-école le Berger", "Statut": "Non agréée", "Comptée (R-12)": false, "Adresse": null, "Jours d'ouverture": "{lundi,mardi,mercredi,jeudi,vendredi,samedi}", "Localité": "Afoin Kpota", "Canton": "Anfoin", "Commune": "Lacs 4", "Préfecture déclarée": "Lacs", "Préfecture": "Lacs", "Région": "Maritime", "Zone": "Maritime hors Grand Lomé" }, "geometry": { "type": "Point", "coordinates": [ 1.610146666666667, 6.327245 ] } },
{ "type": "Feature", "properties": { "FID": "_mview_entreprisesvariees_entreprises_variees.fid-7111a9c0_19415ae4b4d_72ec", "Nom": "Auto-école Merciful God", "Statut": "Agréée", "Comptée (R-12)": true, "Adresse": "BP 78 Tsévié", "Jours d'ouverture": "{lundi,mardi,mercredi,jeudi,vendredi,samedi}", "Localité": "Agbalipe", "Canton": "Tsévié", "Commune": "Zio 1", "Préfecture déclarée": "Zio", "Préfecture": "Zio", "Région": "Maritime", "Zone": "Maritime hors Grand Lomé" }, "geometry": { "type": "Point", "coordinates": [ 1.212641027950797, 6.431882952544322 ] } },
{ "type": "Feature", "properties": { "FID": "_mview_entreprisesvariees_entreprises_variees.fid-7111a9c0_19415ae4b4d_72ed", "Nom": "Le Renouveau Centre de Formation Et d Éducation Routiere Aklakou", "Statut": "Non renseigné", "Comptée (R-12)": false, "Adresse": null, "Jours d'ouverture": "{lundi,mardi,mercredi,jeudi,vendredi,samedi}", "Localité": "Aklakou Noblokome", "Canton": "Aklakou", "Commune": "Lacs 2", "Préfecture déclarée": "Lacs", "Préfecture": "Lacs", "Région": "Maritime", "Zone": "Maritime hors Grand Lomé" }, "geometry": { "type": "Point", "coordinates": [ 1.712120191507937, 6.338482624851225 ] } },
{ "type": "Feature", "properties": { "FID": "_mview_entreprisesvariees_entreprises_variees.fid-7111a9c0_19415ae4b4d_72ee", "Nom": "Auto-école Domino", "Statut": "Agréée", "Comptée (R-12)": true, "Adresse": "99463827/91825854/98564654", "Jours d'ouverture": "{lundi,mardi,mercredi,jeudi,vendredi,samedi}", "Localité": "Yesuvito", "Canton": "Vogan", "Commune": "Vo 1", "Préfecture déclarée": "Vo", "Préfecture": "Vo", "Région": "Maritime", "Zone": "Maritime hors Grand Lomé" }, "geometry": { "type": "Point", "coordinates": [ 1.529565847662366, 6.333567118068135 ] } },
{ "type": "Feature", "properties": { "FID": "_mview_entreprisesvariees_entreprises_variees.fid-7111a9c0_19415ae4b4d_72ef", "Nom": "Auto-école Musai Togo", "Statut": "Non agréée", "Comptée (R-12)": false, "Adresse": "98254049 / 99044122", "Jours d'ouverture": "{lundi,mardi,mercredi,jeudi,vendredi,samedi,dimanche}", "Localité": "Agbleta", "Canton": "Afagnangan", "Commune": "Bas-Mono 1", "Préfecture déclarée": "Bas-Mono", "Préfecture": "Bas-Mono", "Région": "Maritime", "Zone": "Maritime hors Grand Lomé" }, "geometry": { "type": "Point", "coordinates": [ 1.625295, 6.49336 ] } },
{ "type": "Feature", "properties": { "FID": "_mview_entreprisesvariees_entreprises_variees.fid-7111a9c0_19415ae4b4d_72f0", "Nom": "Auto-école Saint Kizito Agbemavo", "Statut": "Antenne agréée", "Comptée (R-12)": true, "Adresse": "98840953 Vogan", "Jours d'ouverture": "{lundi,mardi,mercredi,jeudi,vendredi,samedi}", "Localité": "Agbemavo", "Canton": "Vogan", "Commune": "Vo 1", "Préfecture déclarée": "Vo", "Préfecture": "Vo", "Région": "Maritime", "Zone": "Maritime hors Grand Lomé" }, "geometry": { "type": "Point", "coordinates": [ 1.523257707439777, 6.340452162204777 ] } },
{ "type": "Feature", "properties": { "FID": "_mview_entreprisesvariees_entreprises_variees.fid-7111a9c0_19415ae4b4d_72f1", "Nom": "Auto-école Levireste", "Statut": "Non agréée", "Comptée (R-12)": false, "Adresse": null, "Jours d'ouverture": "{lundi,mardi,mercredi,jeudi,vendredi,samedi}", "Localité": "Amadoto", "Canton": "Canton D’Aneho", "Commune": "Lacs 1", "Préfecture déclarée": "Lacs", "Préfecture": "Lacs", "Région": "Maritime", "Zone": "Maritime hors Grand Lomé" }, "geometry": { "type": "Point", "coordinates": [ 1.613887229073862, 6.238456171689739 ] } },
{ "type": "Feature", "properties": { "FID": "_mview_entreprisesvariees_entreprises_variees.fid-7111a9c0_19415ae4b4d_72f2", "Nom": "Auto-école Amea", "Statut": "Non agréée", "Comptée (R-12)": false, "Adresse": "Cite A -togo", "Jours d'ouverture": "{lundi,mardi,mercredi,jeudi,vendredi,samedi}", "Localité": "Cite A", "Canton": "Tabligbo", "Commune": "Yoto 1", "Préfecture déclarée": "Yoto", "Préfecture": "Yoto", "Région": "Maritime", "Zone": "Maritime hors Grand Lomé" }, "geometry": { "type": "Point", "coordinates": [ 1.496236666666667, 6.595243333333333 ] } },
{ "type": "Feature", "properties": { "FID": "_mview_entreprisesvariees_entreprises_variees.fid-7111a9c0_19415ae4b4d_72f3", "Nom": "Auto-école  Nazareth", "Statut": "Non agréée", "Comptée (R-12)": false, "Adresse": "22485190/99553240/93737888", "Jours d'ouverture": "{lundi,mardi,mercredi,jeudi,vendredi,samedi}", "Localité": "Lom Nava", "Canton": "Vogan", "Commune": "Vo 1", "Préfecture déclarée": "Vo", "Préfecture": "Vo", "Région": "Maritime", "Zone": "Maritime hors Grand Lomé" }, "geometry": { "type": "Point", "coordinates": [ 1.536505, 6.332456666666667 ] } },
{ "type": "Feature", "properties": { "FID": "_mview_entreprisesvariees_entreprises_variees.fid-7111a9c0_19415ae4b4d_72f4", "Nom": "Auto-école Radji Badou", "Statut": "Antenne agréée", "Comptée (R-12)": true, "Adresse": "90136290", "Jours d'ouverture": "{lundi,mardi,mercredi,jeudi,vendredi,samedi}", "Localité": "Badou Ville", "Canton": "Badou", "Commune": "Wawa 1", "Préfecture déclarée": "Wawa", "Préfecture": "Wawa", "Région": "Plateaux", "Zone": "Plateaux" }, "geometry": { "type": "Point", "coordinates": [ 0.607151432449917, 7.585032065377712 ] } },
{ "type": "Feature", "properties": { "FID": "_mview_entreprisesvariees_entreprises_variees.fid-7111a9c0_19415ae4b4d_72f5", "Nom": "Auto-école le Succès Badou", "Statut": "Antenne agréée", "Comptée (R-12)": true, "Adresse": "90683042", "Jours d'ouverture": "{samedi,vendredi,jeudi,mercredi,mardi,lundi}", "Localité": "Badou Ville", "Canton": "Badou", "Commune": "Wawa 1", "Préfecture déclarée": "Wawa", "Préfecture": "Wawa", "Région": "Plateaux", "Zone": "Plateaux" }, "geometry": { "type": "Point", "coordinates": [ 0.606123460748938, 7.586761986776104 ] } },
{ "type": "Feature", "properties": { "FID": "_mview_entreprisesvariees_entreprises_variees.fid-7111a9c0_19415ae4b4d_72f6", "Nom": "Auto-école Radji Agbonou Gare", "Statut": "Agréée", "Comptée (R-12)": true, "Adresse": "BP: 437", "Jours d'ouverture": "{lundi,mardi,mercredi,jeudi,vendredi,samedi}", "Localité": "Agbonou Gare", "Canton": "Djama", "Commune": "Ogou 1", "Préfecture déclarée": "Ogou", "Préfecture": "Ogou", "Région": "Plateaux", "Zone": "Plateaux" }, "geometry": { "type": "Point", "coordinates": [ 1.155565840863712, 7.514350263949505 ] } },
{ "type": "Feature", "properties": { "FID": "_mview_entreprisesvariees_entreprises_variees.fid-7111a9c0_19415ae4b4d_72f7", "Nom": "Auto-école El Dorado", "Statut": "Non agréée", "Comptée (R-12)": false, "Adresse": null, "Jours d'ouverture": "{lundi,mardi,mercredi,jeudi,vendredi,samedi}", "Localité": "Amou Oblo", "Canton": "Amou-Oblo", "Commune": "Amou 2", "Préfecture déclarée": "Amou", "Préfecture": "Amou", "Région": "Plateaux", "Zone": "Plateaux" }, "geometry": { "type": "Point", "coordinates": [ 0.866749023567894, 7.386249664445303 ] } },
{ "type": "Feature", "properties": { "FID": "_mview_entreprisesvariees_entreprises_variees.fid-7111a9c0_19415ae4b4d_72f8", "Nom": "Auto-école Alhamoudou", "Statut": "Agréée", "Comptée (R-12)": true, "Adresse": null, "Jours d'ouverture": "{lundi,mardi,mercredi,jeudi,vendredi,samedi}", "Localité": "Anie", "Canton": "Anié", "Commune": "Anié 1", "Préfecture déclarée": "Anié", "Préfecture": "Anié", "Région": "Plateaux", "Zone": "Plateaux" }, "geometry": { "type": "Point", "coordinates": [ 1.193443333333333, 7.776311666666667 ] } },
{ "type": "Feature", "properties": { "FID": "_mview_entreprisesvariees_entreprises_variees.fid-7111a9c0_19415ae4b4d_72f9", "Nom": "Auto-école le Permis Gadjépé", "Statut": "Non agréée", "Comptée (R-12)": false, "Adresse": null, "Jours d'ouverture": "{lundi,mardi,mercredi,jeudi,vendredi,samedi}", "Localité": "Gadjepe", "Canton": "Agou-Tavié", "Commune": "Agou 1", "Préfecture déclarée": "Agou", "Préfecture": "Agou", "Région": "Plateaux", "Zone": "Plateaux" }, "geometry": { "type": "Point", "coordinates": [ 0.717818333333336, 6.846978333333333 ] } },
{ "type": "Feature", "properties": { "FID": "_mview_entreprisesvariees_entreprises_variees.fid-7111a9c0_19415ae4b4d_72fa", "Nom": "Auto-école Dieu Seul T'aime", "Statut": "Agréée", "Comptée (R-12)": true, "Adresse": null, "Jours d'ouverture": "{lundi,mardi,mercredi,jeudi,vendredi,samedi}", "Localité": "Totsoanyi", "Canton": "Agome-Kpalime", "Commune": "Kloto 1", "Préfecture déclarée": "Kloto", "Préfecture": "Kloto", "Région": "Plateaux", "Zone": "Plateaux" }, "geometry": { "type": "Point", "coordinates": [ 0.631291695899044, 6.908769064912407 ] } },
{ "type": "Feature", "properties": { "FID": "_mview_entreprisesvariees_entreprises_variees.fid-7111a9c0_19415ae4b4d_72fb", "Nom": "Auto-école Ouro", "Statut": "Agréée", "Comptée (R-12)": true, "Adresse": null, "Jours d'ouverture": "{lundi,mardi,mercredi,jeudi,vendredi,samedi}", "Localité": "Noumetukondzi", "Canton": "Agome-Kpalime", "Commune": "Kloto 1", "Préfecture déclarée": "Kloto", "Préfecture": "Kloto", "Région": "Plateaux", "Zone": "Plateaux" }, "geometry": { "type": "Point", "coordinates": [ 0.635523570283904, 6.90794528753452 ] } },
{ "type": "Feature", "properties": { "FID": "_mview_entreprisesvariees_entreprises_variees.fid-7111a9c0_19415ae4b4d_72fc", "Nom": "Auto-école Radji Adéta", "Statut": "Antenne agréée", "Comptée (R-12)": true, "Adresse": "Adeta", "Jours d'ouverture": "{samedi,vendredi,jeudi,mercredi,mardi}", "Localité": "Adeta", "Canton": "Kpélé-Novivé", "Commune": "Kpélé 1", "Préfecture déclarée": "Kpélé", "Préfecture": "Kpélé", "Région": "Plateaux", "Zone": "Plateaux" }, "geometry": { "type": "Point", "coordinates": [ 0.731777501248372, 7.121065097049891 ] } },
{ "type": "Feature", "properties": { "FID": "_mview_entreprisesvariees_entreprises_variees.fid-7111a9c0_19415ae4b4d_72fd", "Nom": "Auto-école Gloire à Dieu Kpalimé", "Statut": "Agréée", "Comptée (R-12)": true, "Adresse": null, "Jours d'ouverture": "{lundi,mardi,mercredi,jeudi,vendredi,samedi}", "Localité": "Kpalime", "Canton": "Agome-Kpalime", "Commune": "Kloto 1", "Préfecture déclarée": "Kloto", "Préfecture": "Kloto", "Région": "Plateaux", "Zone": "Plateaux" }, "geometry": { "type": "Point", "coordinates": [ 0.635027064691874, 6.899704692673049 ] } },
{ "type": "Feature", "properties": { "FID": "_mview_entreprisesvariees_entreprises_variees.fid-7111a9c0_19415ae4b4d_72fe", "Nom": "Auto-école Prospera", "Statut": "Non agréée", "Comptée (R-12)": false, "Adresse": null, "Jours d'ouverture": "{lundi,mardi,mercredi,jeudi,vendredi,samedi}", "Localité": "Lantaba", "Canton": "Cinkassé", "Commune": "Cinkassé 1", "Préfecture déclarée": "Cinkassé", "Préfecture": "Cinkassé", "Région": "Savanes", "Zone": "Savanes" }, "geometry": { "type": "Point", "coordinates": [ 0.008003333333335, 11.099995 ] } },
{ "type": "Feature", "properties": { "FID": "_mview_entreprisesvariees_entreprises_variees.fid-7111a9c0_19415ae4b4d_72ff", "Nom": "Auto-école Yendam", "Statut": "Non agréée", "Comptée (R-12)": false, "Adresse": null, "Jours d'ouverture": "{lundi,mardi,mercredi,jeudi,vendredi,samedi}", "Localité": "Tantigou", "Canton": "Dapaong", "Commune": "Tône 1", "Préfecture déclarée": "Tône", "Préfecture": "Tône", "Région": "Savanes", "Zone": "Savanes" }, "geometry": { "type": "Point", "coordinates": [ 0.19558, 10.86337 ] } },
{ "type": "Feature", "properties": { "FID": "_mview_entreprisesvariees_entreprises_variees.fid-7111a9c0_19415ae4b4d_7300", "Nom": "Auto-école Ak Prosper Tin-Salingue Timgdal", "Statut": "Antenne agréée", "Comptée (R-12)": true, "Adresse": null, "Jours d'ouverture": "{lundi,mardi,mercredi,jeudi,vendredi,samedi}", "Localité": "Timgbal", "Canton": "Dapaong", "Commune": "Tône 1", "Préfecture déclarée": "Tône", "Préfecture": "Tône", "Région": "Savanes", "Zone": "Savanes" }, "geometry": { "type": "Point", "coordinates": [ 0.203446952346121, 10.875912160561617 ] } },
{ "type": "Feature", "properties": { "FID": "_mview_entreprisesvariees_entreprises_variees.fid-7111a9c0_19415ae4b4d_7301", "Nom": "Auto-école le Défi", "Statut": "Non agréée", "Comptée (R-12)": false, "Adresse": "92101984", "Jours d'ouverture": "{lundi,mardi,mercredi,jeudi,vendredi,samedi}", "Localité": "Boumonga-ba", "Canton": "Dapaong", "Commune": "Tône 1", "Préfecture déclarée": "Tône", "Préfecture": "Tône", "Région": "Savanes", "Zone": "Savanes" }, "geometry": { "type": "Point", "coordinates": [ 0.211428333333334, 10.856645 ] } },
{ "type": "Feature", "properties": { "FID": "_mview_entreprisesvariees_entreprises_variees.fid-7111a9c0_19415ae4b4d_7302", "Nom": "Auto-école Prosper AK", "Statut": "Agréée", "Comptée (R-12)": true, "Adresse": null, "Jours d'ouverture": "{lundi,mardi,mercredi,jeudi,vendredi,samedi}", "Localité": "Orkoiré", "Canton": "Dapaong", "Commune": "Tône 1", "Préfecture déclarée": "Tône", "Préfecture": "Tône", "Région": "Savanes", "Zone": "Savanes" }, "geometry": { "type": "Point", "coordinates": [ 0.210445, 10.85675 ] } },
{ "type": "Feature", "properties": { "FID": "_mview_entreprisesvariees_entreprises_variees.fid-7111a9c0_19415ae4b4d_7303", "Nom": "Auto-école les Grands Kombonloaga", "Statut": "Agréée", "Comptée (R-12)": true, "Adresse": null, "Jours d'ouverture": "{lundi,mardi,mercredi,jeudi,vendredi,samedi}", "Localité": "Kombonloaga", "Canton": "Dapaong", "Commune": "Tône 1", "Préfecture déclarée": "Tône", "Préfecture": "Tône", "Région": "Savanes", "Zone": "Savanes" }, "geometry": { "type": "Point", "coordinates": [ 0.199518333333333, 10.869765 ] } },
{ "type": "Feature", "properties": { "FID": "_mview_entreprisesvariees_entreprises_variees.fid-7111a9c0_19415ae4b4d_7304", "Nom": "Auto-école Prosperak Annex Mango", "Statut": "Non agréée", "Comptée (R-12)": false, "Adresse": "90857026", "Jours d'ouverture": "{lundi,mardi,mercredi,jeudi,vendredi,samedi}", "Localité": "Sangbana", "Canton": "Mango", "Commune": "Oti 1", "Préfecture déclarée": "Oti", "Préfecture": "Oti", "Région": "Savanes", "Zone": "Savanes" }, "geometry": { "type": "Point", "coordinates": [ 0.475708442058688, 10.353916434151662 ] } },
{ "type": "Feature", "properties": { "FID": "_mview_entreprisesvariees_entreprises_variees.fid-7111a9c0_19415ae4b4d_7305", "Nom": "Auto-école Sawari", "Statut": "Non agréée", "Comptée (R-12)": false, "Adresse": "A Côté de L'église Catholique Mango", "Jours d'ouverture": "{lundi,mardi,mercredi,jeudi,vendredi}", "Localité": "Gono", "Canton": "Mango", "Commune": "Oti 1", "Préfecture déclarée": "Oti", "Préfecture": "Oti", "Région": "Savanes", "Zone": "Savanes" }, "geometry": { "type": "Point", "coordinates": [ 0.474776666666668, 10.354496666666666 ] } },
{ "type": "Feature", "properties": { "FID": "_mview_entreprisesvariees_entreprises_variees.fid-7111a9c0_19415ae4b4d_7306", "Nom": "Auto-école la delivrance", "Statut": "Non agréée", "Comptée (R-12)": false, "Adresse": "93237514", "Jours d'ouverture": "{vendredi,jeudi,mercredi,mardi,lundi}", "Localité": "Chef Canton", "Canton": "Barkoissi", "Commune": "Oti 2", "Préfecture déclarée": "Oti", "Préfecture": "Oti", "Région": "Savanes", "Zone": "Savanes" }, "geometry": { "type": "Point", "coordinates": [ 0.303019943623481, 10.553197156780227 ] } },
{ "type": "Feature", "properties": { "FID": "_mview_entreprisesvariees_entreprises_variees.fid-7111a9c0_19415ae4b4d_7307", "Nom": "Auto-école AK Prospere Tin-Salingue Cinkanssé", "Statut": "Agréée", "Comptée (R-12)": true, "Adresse": "90 57 37 37", "Jours d'ouverture": "{lundi,mardi,mercredi,jeudi,vendredi,samedi,dimanche}", "Localité": "Cinkanssé Langtaba ", "Canton": "Cinkassé", "Commune": "Cinkassé 1", "Préfecture déclarée": "Cinkassé", "Préfecture": "Cinkassé", "Région": "Savanes", "Zone": "Savanes" }, "geometry": { "type": "Point", "coordinates": [ 0.008071666666668, 11.099935 ] } },
{ "type": "Feature", "properties": { "FID": "_mview_entreprisesvariees_entreprises_variees.fid-7111a9c0_19415ae4b4d_7308", "Nom": "Auto-école Audacieux", "Statut": "Agréée", "Comptée (R-12)": true, "Adresse": null, "Jours d'ouverture": "{samedi,vendredi,jeudi,mercredi,mardi,lundi}", "Localité": "Hedzranawoe", "Canton": "Bè-Centre", "Commune": "Golfe 2", "Préfecture déclarée": "Golfe", "Préfecture": "Golfe", "Région": "Maritime", "Zone": "Grand Lomé" }, "geometry": { "type": "Point", "coordinates": [ 1.24452793040288, 6.191422924963467 ] } },
{ "type": "Feature", "properties": { "FID": "_mview_entreprisesvariees_entreprises_variees.fid-7111a9c0_19415ae4b4d_7309", "Nom": "Auto-école Ava Togo Amadahomé", "Statut": "Non agréée", "Comptée (R-12)": false, "Adresse": null, "Jours d'ouverture": "{lundi,mardi,mercredi,jeudi,vendredi,samedi}", "Localité": "Amadahome", "Canton": "Aflao-Gakli", "Commune": "Golfe 5", "Préfecture déclarée": "Golfe", "Préfecture": "Golfe", "Région": "Maritime", "Zone": "Grand Lomé" }, "geometry": { "type": "Point", "coordinates": [ 1.150852399189419, 6.203470462862289 ] } },
{ "type": "Feature", "properties": { "FID": "_mview_entreprisesvariees_entreprises_variees.fid-7111a9c0_19415ae4b4d_730a", "Nom": "Auto-école Blessing", "Statut": "Agréée", "Comptée (R-12)": true, "Adresse": "08Bp 81065", "Jours d'ouverture": "{lundi,mardi,mercredi,jeudi,vendredi,samedi}", "Localité": "Agoè Fiovi", "Canton": "Agoè-Nyivé", "Commune": "Agoè-Nyivé 1", "Préfecture déclarée": "Agoè-Nyivé", "Préfecture": "Agoè-Nyivé", "Région": "Maritime", "Zone": "Grand Lomé" }, "geometry": { "type": "Point", "coordinates": [ 1.191204255054501, 6.239286006144918 ] } },
{ "type": "Feature", "properties": { "FID": "_mview_entreprisesvariees_entreprises_variees.fid-7111a9c0_19415ae4b4d_730b", "Nom": "Auto-école ESCA (Ecole Supérieure de Conduite Automobile)", "Statut": "Agréée", "Comptée (R-12)": true, "Adresse": "BP 60257 lomé Togo", "Jours d'ouverture": "{lundi,mardi,mercredi,jeudi,vendredi,samedi}", "Localité": "Attiegou", "Canton": "Bè-Centre", "Commune": "Golfe 2", "Préfecture déclarée": "Golfe", "Préfecture": "Golfe", "Région": "Maritime", "Zone": "Grand Lomé" }, "geometry": { "type": "Point", "coordinates": [ 1.26295220566747, 6.196486184784987 ] } },
{ "type": "Feature", "properties": { "FID": "_mview_entreprisesvariees_entreprises_variees.fid-7111a9c0_19415ae4b4d_730c", "Nom": "Auto-école Essofa", "Statut": "Agréée", "Comptée (R-12)": true, "Adresse": null, "Jours d'ouverture": "{lundi,mardi,mercredi,jeudi,vendredi,samedi}", "Localité": "Cacaveli", "Canton": "Agoè-Nyivé", "Commune": "Agoè-Nyivé 1", "Préfecture déclarée": "Agoè-Nyivé", "Préfecture": "Agoè-Nyivé", "Région": "Maritime", "Zone": "Grand Lomé" }, "geometry": { "type": "Point", "coordinates": [ 1.19784632400603, 6.209808656520399 ] } },
{ "type": "Feature", "properties": { "FID": "_mview_entreprisesvariees_entreprises_variees.fid-7111a9c0_19415ae4b4d_730d", "Nom": "Auto-école Forrever conduite", "Statut": "Agréée", "Comptée (R-12)": true, "Adresse": null, "Jours d'ouverture": "{lundi,mardi,mercredi,jeudi,vendredi,samedi}", "Localité": "Tokoin Wuiti", "Canton": "Bè-Ouest", "Commune": "Golfe 3", "Préfecture déclarée": "Golfe", "Préfecture": "Golfe", "Région": "Maritime", "Zone": "Grand Lomé" }, "geometry": { "type": "Point", "coordinates": [ 1.23010809933728, 6.167430636123451 ] } },
{ "type": "Feature", "properties": { "FID": "_mview_entreprisesvariees_entreprises_variees.fid-7111a9c0_19415ae4b4d_730e", "Nom": "Auto-école la Fierté", "Statut": "Agréée", "Comptée (R-12)": true, "Adresse": "Sise à agoe Demakpoe sur la voie d'assiyeye échangeur peu avant les rails côté ouest, Lome", "Jours d'ouverture": "{lundi,mardi,mercredi,jeudi,vendredi,samedi}", "Localité": "Demakpoe", "Canton": "Agoè-Nyivé", "Commune": "Agoè-Nyivé 1", "Préfecture déclarée": "Agoè-Nyivé", "Préfecture": "Agoè-Nyivé", "Région": "Maritime", "Zone": "Grand Lomé" }, "geometry": { "type": "Point", "coordinates": [ 1.20239103390403, 6.237543985513279 ] } },
{ "type": "Feature", "properties": { "FID": "_mview_entreprisesvariees_entreprises_variees.fid-7111a9c0_19415ae4b4d_730f", "Nom": "Auto-école le Succès Atakpamé", "Statut": "Agréée", "Comptée (R-12)": true, "Adresse": "70246230", "Jours d'ouverture": "{lundi,mardi,mercredi,jeudi,vendredi}", "Localité": "Atakpame", "Canton": "Gnagna", "Commune": "Ogou 1", "Préfecture déclarée": "Ogou", "Préfecture": "Ogou", "Région": "Plateaux", "Zone": "Plateaux" }, "geometry": { "type": "Point", "coordinates": [ 1.15530114700029, 7.498069437651583 ] } },
{ "type": "Feature", "properties": { "FID": "_mview_entreprisesvariees_entreprises_variees.fid-7111a9c0_19415ae4b4d_7310", "Nom": "Auto-école le Paraclet Houmbi", "Statut": "Agréée", "Comptée (R-12)": true, "Adresse": "Sise à agir koffi Manou en face du bar palais russ", "Jours d'ouverture": "{lundi,mardi,mercredi,jeudi,vendredi,samedi}", "Localité": "Houmbi", "Canton": "Agoè-Nyivé", "Commune": "Agoè-Nyivé 1", "Préfecture déclarée": "Agoè-Nyivé", "Préfecture": "Agoè-Nyivé", "Région": "Maritime", "Zone": "Grand Lomé" }, "geometry": { "type": "Point", "coordinates": [ 1.22775833333333, 6.21967 ] } },
{ "type": "Feature", "properties": { "FID": "_mview_entreprisesvariees_entreprises_variees.fid-7111a9c0_19415ae4b4d_7311", "Nom": "Auto-école le Salut", "Statut": "Agréée", "Comptée (R-12)": true, "Adresse": "Sise en face du lycée de tokoin entre l'hôte eda oba et la dpj lome", "Jours d'ouverture": "{lundi,mardi,mercredi,jeudi,vendredi,samedi}", "Localité": "Tokoin Wuti ", "Canton": "Bè-Ouest", "Commune": "Golfe 3", "Préfecture déclarée": "Golfe", "Préfecture": "Golfe", "Région": "Maritime", "Zone": "Grand Lomé" }, "geometry": { "type": "Point", "coordinates": [ 1.231136666666671, 6.15257166666667 ] } },
{ "type": "Feature", "properties": { "FID": "_mview_entreprisesvariees_entreprises_variees.fid-7111a9c0_19415ae4b4d_7312", "Nom": "Auto-école L'Itineraire Annexe Forever", "Statut": "Antenne agréée", "Comptée (R-12)": true, "Adresse": "Sise tokoin forrever, derrière le siège du plan togo", "Jours d'ouverture": "{lundi,mardi,jeudi,mercredi,vendredi,samedi}", "Localité": "Forrever", "Canton": "Bè-Ouest", "Commune": "Golfe 3", "Préfecture déclarée": "Golfe", "Préfecture": "Golfe", "Région": "Maritime", "Zone": "Grand Lomé" }, "geometry": { "type": "Point", "coordinates": [ 1.22862094036309, 6.160478995655308 ] } },
{ "type": "Feature", "properties": { "FID": "_mview_entreprisesvariees_entreprises_variees.fid-7111a9c0_19415ae4b4d_7313", "Nom": "Auto-école Pasteur", "Statut": "Agréée", "Comptée (R-12)": true, "Adresse": "Rue de l'Entente, ex rue de l'Ocam face hôtel de la Paix, Bè château", "Jours d'ouverture": "{lundi,mardi,mercredi,jeudi,vendredi}", "Localité": "Bè Château", "Canton": "Bè-Est", "Commune": "Golfe 1", "Préfecture déclarée": "Golfe", "Préfecture": "Golfe", "Région": "Maritime", "Zone": "Grand Lomé" }, "geometry": { "type": "Point", "coordinates": [ 1.24697959881649, 6.133015955516349 ] } },
{ "type": "Feature", "properties": { "FID": "_mview_entreprisesvariees_entreprises_variees.fid-7111a9c0_19415ae4b4d_7314", "Nom": "Auto-école Romana's", "Statut": "Agréée", "Comptée (R-12)": true, "Adresse": "Non loin des rails face pharmacie Victoir, st AVEDJI wessome", "Jours d'ouverture": "{lundi,mardi,mercredi,jeudi,vendredi,samedi}", "Localité": "Avedji Wessome", "Canton": "Aflao-Gakli", "Commune": "Golfe 5", "Préfecture déclarée": "Golfe", "Préfecture": "Golfe", "Région": "Maritime", "Zone": "Grand Lomé" }, "geometry": { "type": "Point", "coordinates": [ 1.171189975990751, 6.192601577802108 ] } },
{ "type": "Feature", "properties": { "FID": "_mview_entreprisesvariees_entreprises_variees.fid-7111a9c0_19415ae4b4d_7315", "Nom": "Auto-école Saint Elie", "Statut": "Agréée", "Comptée (R-12)": true, "Adresse": "Sise à adidoadin, non loin du carrefour bodjona,en face de la direction sanol", "Jours d'ouverture": "{lundi,mardi,mercredi,jeudi,vendredi,samedi}", "Localité": "Adidoadin", "Canton": "Aflao-Gakli", "Commune": "Golfe 5", "Préfecture déclarée": "Golfe", "Préfecture": "Golfe", "Région": "Maritime", "Zone": "Grand Lomé" }, "geometry": { "type": "Point", "coordinates": [ 1.1891524, 6.2051833 ] } },
{ "type": "Feature", "properties": { "FID": "_mview_entreprisesvariees_entreprises_variees.fid-7111a9c0_19415ae4b4d_7316", "Nom": "Auto-école Saint Imamiah quartier des Etoiles", "Statut": "Agréée", "Comptée (R-12)": true, "Adresse": "68 rue 52 Ayatome 90710127", "Jours d'ouverture": "{lundi,mardi,mercredi,jeudi,vendredi,samedi}", "Localité": "Quartier Des Étoiles", "Canton": "Amoutivé", "Commune": "Golfe 4", "Préfecture déclarée": "Golfe", "Préfecture": "Golfe", "Région": "Maritime", "Zone": "Grand Lomé" }, "geometry": { "type": "Point", "coordinates": [ 1.22084043989793, 6.132244552930801 ] } },
{ "type": "Feature", "properties": { "FID": "_mview_entreprisesvariees_entreprises_variees.fid-7111a9c0_19415ae4b4d_7317", "Nom": "Auto-école Saint Jules Avépozo", "Statut": "Agréée", "Comptée (R-12)": true, "Adresse": "Avepozo", "Jours d'ouverture": "{lundi,mardi,mercredi,jeudi,vendredi,samedi}", "Localité": "Avepozo", "Canton": "Baguida", "Commune": "Golfe 6", "Préfecture déclarée": "Golfe", "Préfecture": "Golfe", "Région": "Maritime", "Zone": "Grand Lomé" }, "geometry": { "type": "Point", "coordinates": [ 1.341726666666671, 6.168526666666669 ] } },
{ "type": "Feature", "properties": { "FID": "_mview_entreprisesvariees_entreprises_variees.fid-7111a9c0_19415ae4b4d_7318", "Nom": "Auto-école Saint Kizito Adakpamé", "Statut": "Agréée", "Comptée (R-12)": true, "Adresse": null, "Jours d'ouverture": "{samedi,vendredi,jeudi,mercredi,mardi,lundi}", "Localité": "Adakpamé", "Canton": "Bè-Est", "Commune": "Golfe 1", "Préfecture déclarée": "Golfe", "Préfecture": "Golfe", "Région": "Maritime", "Zone": "Grand Lomé" }, "geometry": { "type": "Point", "coordinates": [ 1.26791437023682, 6.163539702174258 ] } },
{ "type": "Feature", "properties": { "FID": "_mview_entreprisesvariees_entreprises_variees.fid-7111a9c0_19415ae4b4d_7319", "Nom": "Auto-école Saint Max", "Statut": "Agréée", "Comptée (R-12)": true, "Adresse": null, "Jours d'ouverture": "{samedi,vendredi,jeudi,mercredi,mardi,lundi}", "Localité": "Avédji", "Canton": "Agoè-Nyivé", "Commune": "Agoè-Nyivé 1", "Préfecture déclarée": "Agoè-Nyivé", "Préfecture": "Golfe", "Région": "Maritime", "Zone": "Grand Lomé" }, "geometry": { "type": "Point", "coordinates": [ 1.181501219520832, 6.207599322777878 ] } },
{ "type": "Feature", "properties": { "FID": "_mview_entreprisesvariees_entreprises_variees.fid-7111a9c0_19415ae4b4d_731a", "Nom": "Auto-école Sous les Ailles de Dieu Adidoadin", "Statut": "Agréée", "Comptée (R-12)": true, "Adresse": null, "Jours d'ouverture": "{samedi,vendredi,jeudi,mercredi,mardi,lundi}", "Localité": "Adidoadin", "Canton": "Aflao-Gakli", "Commune": "Golfe 5", "Préfecture déclarée": "Golfe", "Préfecture": "Golfe", "Région": "Maritime", "Zone": "Grand Lomé" }, "geometry": { "type": "Point", "coordinates": [ 1.187441940065881, 6.20284658592343 ] } },
{ "type": "Feature", "properties": { "FID": "_mview_entreprisesvariees_entreprises_variees.fid-7111a9c0_19415ae4b4d_731b", "Nom": "Auto-école Zebra Adidogomé", "Statut": "Agréée", "Comptée (R-12)": true, "Adresse": null, "Jours d'ouverture": "{samedi,vendredi,jeudi,mercredi,mardi,lundi}", "Localité": "Adidogomé", "Canton": "Aflao-Gakli", "Commune": "Golfe 5", "Préfecture déclarée": "Golfe", "Préfecture": "Golfe", "Région": "Maritime", "Zone": "Grand Lomé" }, "geometry": { "type": "Point", "coordinates": [ 1.15917832110672, 6.191333287455263 ] } },
{ "type": "Feature", "properties": { "FID": "_mview_entreprisesvariees_entreprises_variees.fid-7111a9c0_19415ae4b4d_731c", "Nom": "Auto-école Lobokona Nzambe", "Statut": "Agréée", "Comptée (R-12)": true, "Adresse": null, "Jours d'ouverture": "{jeudi, lundi, mardi, mercredi, vendredi}", "Localité": "Nyékonakpoè", "Canton": "Amoutivé", "Commune": "Golfe 4", "Préfecture déclarée": "Golfe", "Préfecture": "Golfe", "Région": "Maritime", "Zone": "Grand Lomé" }, "geometry": { "type": "Point", "coordinates": [ 1.205683978060023, 6.129949759549678 ] } }
]
}
