{
"type": "FeatureCollection",
"name": "prefectures",
"crs": { "type": "name", "properties": { "name": "urn:ogc:def:crs:OGC:1.3:CRS84" } },
"features": [
{ "type": "Feature", "properties": { "Préfecture": "Agou", "Code HDX": "TG0403", "Région": "Plateaux", "Zone": "Plateaux", "Surface (km²)": 1095.98 }, "geometry": { "type": "Polygon", "coordinates": [ [ [ 0.754100000000166, 6.97556 ], [ 0.754100000000165, 6.977616000000181 ], [ 0.754511, 6.980496 ], [ 0.75533400000012, 6.982552 ], [ 0.754923, 6.984403 ], [ 0.754100000000165, 6.984609 ], [ 0.753072, 6.984197 ], [ 0.751221000000157, 6.981524 ], [ 0.751029, 6.981246000000113 ], [ 0.748959, 6.978233 ], [ 0.747111, 6.97667 ], [ 0.750752, 6.973216 ], [ 0.74983, 6.970057 ], [ 0.747988, 6.966899000000183 ], [ 0.745356000000186, 6.963213 ], [ 0.743908, 6.961107 ], [ 0.741144, 6.956369 ], [ 0.74009100000012, 6.956106000000146 ], [ 0.73324700000012, 6.957159 ], [ 0.729956000000129, 6.95729 ], [ 0.727850000000159, 6.956764 ], [ 0.727047, 6.955273000000146 ], [ 0.727018, 6.955111 ], [ 0.723333, 6.949270000000125 ], [ 0.723132, 6.948949 ], [ 0.723145, 6.948887 ], [ 0.723154, 6.948833 ], [ 0.723166, 6.948774000000127 ], [ 0.723044, 6.948539 ], [ 0.722600000000115, 6.947947000000114 ], [ 0.721573, 6.94670200000013 ], [ 0.720541, 6.945358000000111 ], [ 0.720071, 6.9441470000001 ], [ 0.71934800000014, 6.942833 ], [ 0.718922, 6.942363000000114 ], [ 0.718757, 6.942319 ], [ 0.718696, 6.942337 ], [ 0.718426, 6.942276 ], [ 0.718173, 6.942189 ], [ 0.71779, 6.941926 ], [ 0.717860000000144, 6.94122 ], [ 0.716913, 6.940483000000143 ], [ 0.714385, 6.939535 ], [ 0.711753, 6.937324000000102 ], [ 0.710911000000182, 6.935639 ], [ 0.710068, 6.934797 ], [ 0.706804, 6.934586 ], [ 0.704804, 6.932691 ], [ 0.702487, 6.929216000000167 ], [ 0.702487, 6.925425000000188 ], [ 0.703435000000127, 6.920477 ], [ 0.702592, 6.919318 ], [ 0.700487000000124, 6.919318 ], [ 0.69638, 6.918476 ], [ 0.694636, 6.917541000000142 ], [ 0.694112, 6.916934 ], [ 0.694112, 6.91491900000011 ], [ 0.694747000000177, 6.914063000000112 ], [ 0.695105000000126, 6.91398 ], [ 0.695257, 6.913442 ], [ 0.694843000000106, 6.911027000000102 ], [ 0.693498, 6.907645 ], [ 0.692532, 6.905955 ], [ 0.6917380000001, 6.90153800000013 ], [ 0.691488000000163, 6.900374000000114 ], [ 0.691616000000124, 6.900365 ], [ 0.693327000000124, 6.898391000000173 ], [ 0.695564000000104, 6.895627000000105 ], [ 0.699645, 6.892468 ], [ 0.697012, 6.888783000000104 ], [ 0.693853000000104, 6.885624 ], [ 0.69069500000012, 6.883518 ], [ 0.690599, 6.883271 ], [ 0.687141, 6.874305 ], [ 0.683455, 6.866013000000123 ], [ 0.679638, 6.864565 ], [ 0.679128000000161, 6.861503 ], [ 0.679112, 6.861406000000159 ], [ 0.674143000000186, 6.857960000000104 ], [ 0.674143000000186, 6.856872000000179 ], [ 0.674115000000143, 6.856646000000126 ], [ 0.674002, 6.856490000000176 ], [ 0.673493, 6.855967 ], [ 0.6728710000001, 6.855162 ], [ 0.672546000000183, 6.854809 ], [ 0.671896, 6.853522000000112 ], [ 0.672088000000144, 6.852881 ], [ 0.672486, 6.851534000000128 ], [ 0.673612000000105, 6.848818000000109 ], [ 0.673612000000105, 6.847228 ], [ 0.673369, 6.846301 ], [ 0.672751000000119, 6.845947 ], [ 0.671514, 6.846323 ], [ 0.670852, 6.84674200000012 ], [ 0.67041, 6.847405 ], [ 0.670101, 6.848244 ], [ 0.670035, 6.848575 ], [ 0.669969000000151, 6.849193 ], [ 0.66988, 6.849768 ], [ 0.669347000000188, 6.851022 ], [ 0.668673000000184, 6.851528000000143 ], [ 0.667494000000147, 6.851444000000128 ], [ 0.665135, 6.850770000000123 ], [ 0.662945, 6.849843 ], [ 0.66067100000015, 6.84858000000014 ], [ 0.659491, 6.847653000000149 ], [ 0.656802000000141, 6.845486000000106 ], [ 0.656944000000123, 6.844774000000142 ], [ 0.656877000000123, 6.840866000000119 ], [ 0.657483000000185, 6.8375640000001 ], [ 0.657820000000129, 6.835542000000146 ], [ 0.658629000000133, 6.833655000000134 ], [ 0.659573, 6.832644000000129 ], [ 0.660785, 6.831229000000121 ], [ 0.662538, 6.830420000000172 ], [ 0.662665000000118, 6.830246000000159 ], [ 0.66388300000017, 6.829752000000153 ], [ 0.669148, 6.827514 ], [ 0.673491, 6.825145 ], [ 0.680204000000174, 6.821723000000189 ], [ 0.680076, 6.821565 ], [ 0.677966, 6.81895900000012 ], [ 0.677966, 6.817511 ], [ 0.679283, 6.814879 ], [ 0.681652, 6.810535000000128 ], [ 0.681488, 6.809880000000135 ], [ 0.68226, 6.809494 ], [ 0.682368000000167, 6.809567000000185 ], [ 0.682348000000104, 6.809428 ], [ 0.681274, 6.808945 ], [ 0.681247000000155, 6.808953 ], [ 0.67823, 6.808166 ], [ 0.676387, 6.807903000000125 ], [ 0.672965, 6.807508000000155 ], [ 0.668512, 6.806745 ], [ 0.66708, 6.80506 ], [ 0.66555, 6.802728 ], [ 0.665354, 6.802358 ], [ 0.664973, 6.80183 ], [ 0.664763000000165, 6.801565 ], [ 0.664387000000147, 6.801310000000171 ], [ 0.657566, 6.796452 ], [ 0.653748, 6.79224 ], [ 0.650853000000155, 6.788950000000114 ], [ 0.648098, 6.785014000000102 ], [ 0.648221000000149, 6.785001 ], [ 0.646773, 6.783422 ], [ 0.645062, 6.778289 ], [ 0.642956, 6.773287 ], [ 0.644799000000149, 6.767759 ], [ 0.644799000000148, 6.764732 ], [ 0.643087, 6.763547 ], [ 0.638744, 6.7621 ], [ 0.628920000000108, 6.74873900000017 ], [ 0.62894400000016, 6.748620000000131 ], [ 0.632646, 6.748620000000131 ], [ 0.640049, 6.748004 ], [ 0.643751000000123, 6.745124 ], [ 0.646219, 6.741011 ], [ 0.641283, 6.726615 ], [ 0.644779, 6.712014000000181 ], [ 0.6419, 6.701937 ], [ 0.643751000000123, 6.692477000000167 ], [ 0.639638000000162, 6.674585 ], [ 0.639227, 6.667181 ], [ 0.635319, 6.650729 ], [ 0.635936000000129, 6.640857 ], [ 0.637787000000118, 6.63222000000019 ], [ 0.642929000000152, 6.628313 ], [ 0.646013, 6.620703000000104 ], [ 0.651566000000173, 6.614328 ], [ 0.653211, 6.610009 ], [ 0.658558, 6.606513000000175 ], [ 0.670897, 6.611243 ], [ 0.679946000000143, 6.606924000000107 ], [ 0.685293, 6.598493 ], [ 0.68599300000011, 6.598714 ], [ 0.686036000000116, 6.597958 ], [ 0.688285000000178, 6.592174 ], [ 0.681216, 6.583819 ], [ 0.691177, 6.578357 ], [ 0.702746000000162, 6.580606000000159 ], [ 0.715599000000111, 6.584783 ], [ 0.726845000000139, 6.585426 ], [ 0.73745, 6.577071 ], [ 0.74002, 6.570323 ], [ 0.738092000000107, 6.553293000000167 ], [ 0.720157, 6.536123 ], [ 0.716624, 6.533379 ], [ 0.714139000000102, 6.530472 ], [ 0.713168, 6.527656 ], [ 0.712954, 6.52526 ], [ 0.71318900000017, 6.523017 ], [ 0.713765, 6.519927 ], [ 0.718300000000113, 6.516742 ], [ 0.718738000000145, 6.517526 ], [ 0.718835000000126, 6.517701000000103 ], [ 0.721501000000104, 6.518837000000132 ], [ 0.726417, 6.519703 ], [ 0.728527, 6.519291 ], [ 0.731617, 6.519726000000162 ], [ 0.734843, 6.521287000000142 ], [ 0.737227000000132, 6.522423000000173 ], [ 0.743266, 6.523715000000151 ], [ 0.747053, 6.5257 ], [ 0.752387000000169, 6.527270000000102 ], [ 0.75534, 6.527002000000151 ], [ 0.758014000000173, 6.526311 ], [ 0.76125, 6.525623000000108 ], [ 0.763919, 6.526057 ], [ 0.768123000000116, 6.528887000000166 ], [ 0.772748000000149, 6.532141 ], [ 0.778356, 6.53554000000014 ], [ 0.785499000000185, 6.541335000000173 ], [ 0.7915220000001, 6.546282 ], [ 0.795734, 6.550635000000113 ], [ 0.798389, 6.551093 ], [ 0.800358, 6.550961 ], [ 0.803448, 6.551536 ], [ 0.808933, 6.550998000000163 ], [ 0.811179, 6.551711000000183 ], [ 0.816657, 6.552719 ], [ 0.82021600000013, 6.554 ], [ 0.823523, 6.557951 ], [ 0.828339, 6.565767 ], [ 0.830024, 6.570401000000118 ], [ 0.83177, 6.576359000000138 ], [ 0.832411, 6.578545000000133 ], [ 0.832832, 6.584162 ], [ 0.833113, 6.587391 ], [ 0.8355, 6.596097 ], [ 0.837045000000103, 6.598765000000184 ], [ 0.839993000000107, 6.607892 ], [ 0.841398, 6.612666 ], [ 0.842942, 6.615194 ], [ 0.845371000000114, 6.619280000000117 ], [ 0.846832, 6.62152600000013 ], [ 0.849865, 6.624222 ], [ 0.853122, 6.627143 ], [ 0.854920000000106, 6.629502000000173 ], [ 0.857616, 6.635343 ], [ 0.861134000000164, 6.645802 ], [ 0.861529000000132, 6.64665 ], [ 0.861529000000133, 6.64697 ], [ 0.861378000000117, 6.647064 ], [ 0.861228, 6.646989 ], [ 0.861105, 6.646998 ], [ 0.861046000000158, 6.647081000000185 ], [ 0.860988, 6.647228 ], [ 0.860988, 6.647493000000169 ], [ 0.861076000000139, 6.647876 ], [ 0.861400000000117, 6.648524 ], [ 0.862224, 6.649819 ], [ 0.863461000000143, 6.651498 ], [ 0.864404, 6.652587 ], [ 0.865287, 6.653795 ], [ 0.865905, 6.654796 ], [ 0.866200000000106, 6.65550300000018 ], [ 0.86676, 6.659561 ], [ 0.867111, 6.663597 ], [ 0.868515000000172, 6.669039000000168 ], [ 0.870446, 6.676586 ], [ 0.872201000000132, 6.684133 ], [ 0.872552, 6.689926000000127 ], [ 0.874307000000101, 6.694665 ], [ 0.877116, 6.697824 ], [ 0.8801, 6.70151 ], [ 0.881136, 6.701635000000123 ], [ 0.884656, 6.700552 ], [ 0.887292000000173, 6.700783000000113 ], [ 0.893219000000101, 6.702126 ], [ 0.90008, 6.703014000000165 ], [ 0.900236000000177, 6.705452 ], [ 0.899769000000107, 6.71204 ], [ 0.899741, 6.718411000000118 ], [ 0.899515, 6.720498000000133 ], [ 0.899582, 6.720642000000169 ], [ 0.900811000000147, 6.732226 ], [ 0.900986, 6.743459000000144 ], [ 0.899407000000166, 6.760660000000146 ], [ 0.8973, 6.769436 ], [ 0.896983000000148, 6.769987000000183 ], [ 0.909428000000106, 6.780837000000133 ], [ 0.916714, 6.785142000000179 ], [ 0.923567, 6.789191000000187 ], [ 0.93738500000012, 6.800117 ], [ 0.95152300000018, 6.807829 ], [ 0.961163, 6.811685 ], [ 0.964056, 6.817147 ], [ 0.963211000000172, 6.821054 ], [ 0.961485, 6.829037000000141 ], [ 0.961485, 6.841569 ], [ 0.960199, 6.850245 ], [ 0.960199, 6.855804 ], [ 0.960199, 6.856672000000116 ], [ 0.952744000000108, 6.860811000000127 ], [ 0.947924000000114, 6.859847000000115 ], [ 0.940855000000171, 6.849885 ], [ 0.93475, 6.822250000000111 ], [ 0.928323, 6.822250000000111 ], [ 0.907436000000132, 6.824500000000111 ], [ 0.892333000000178, 6.826106 ], [ 0.896189, 6.841530000000148 ], [ 0.897475, 6.848921 ], [ 0.903259, 6.869808 ], [ 0.903436000000113, 6.870143 ], [ 0.90332300000017, 6.870168 ], [ 0.90268, 6.877559000000132 ], [ 0.902719000000104, 6.879051000000119 ], [ 0.910224, 6.889320000000167 ], [ 0.920667, 6.894943000000183 ], [ 0.921471, 6.903378000000145 ], [ 0.919864, 6.909404000000108 ], [ 0.909420000000126, 6.919044000000155 ], [ 0.903797000000111, 6.925470000000187 ], [ 0.901789, 6.937119000000166 ], [ 0.906207, 6.947160000000168 ], [ 0.911429000000112, 6.9568 ], [ 0.915446000000145, 6.967646000000173 ], [ 0.918257, 6.978089 ], [ 0.918105, 6.978851 ], [ 0.914642, 6.976081 ], [ 0.909822, 6.973269 ], [ 0.902592, 6.972064000000158 ], [ 0.886124000000167, 6.969252 ], [ 0.877287000000138, 6.968047000000126 ], [ 0.87447500000019, 6.966039 ], [ 0.871664000000123, 6.962424000000111 ], [ 0.87447500000019, 6.959612000000162 ], [ 0.878894, 6.961219 ], [ 0.881304000000114, 6.95921 ], [ 0.881706000000179, 6.950374000000181 ], [ 0.878090000000156, 6.938324 ], [ 0.877839000000165, 6.938285000000177 ], [ 0.877822000000151, 6.938134000000105 ], [ 0.873533, 6.934296000000186 ], [ 0.864504000000125, 6.92459 ], [ 0.857281, 6.918495 ], [ 0.850734000000102, 6.914658 ], [ 0.845542, 6.912852 ], [ 0.844152000000179, 6.912504000000127 ], [ 0.842728, 6.911858000000108 ], [ 0.83821, 6.9130770000001 ], [ 0.835447, 6.913822 ], [ 0.827472000000114, 6.918677000000173 ], [ 0.822734000000139, 6.922722 ], [ 0.818226000000152, 6.927460000000166 ], [ 0.813141, 6.930812 ], [ 0.809211000000118, 6.933123000000136 ], [ 0.808518, 6.935435 ], [ 0.80886500000014, 6.937400000000139 ], [ 0.809558, 6.939596000000109 ], [ 0.809096, 6.942485 ], [ 0.808735000000183, 6.943447000000105 ], [ 0.806312000000106, 6.946879 ], [ 0.805284000000143, 6.948936 ], [ 0.801993000000152, 6.950992000000155 ], [ 0.798908000000154, 6.953049 ], [ 0.797058, 6.954694 ], [ 0.795207000000175, 6.955517 ], [ 0.794780000000173, 6.955539000000159 ], [ 0.785952000000179, 6.968062000000145 ], [ 0.782868000000121, 6.966416 ], [ 0.77896, 6.966828 ], [ 0.77546400000017, 6.967445 ], [ 0.774436, 6.968473 ], [ 0.775670000000162, 6.970324 ], [ 0.776081, 6.972586 ], [ 0.775875, 6.975260000000104 ], [ 0.773723000000189, 6.975618 ], [ 0.771877000000189, 6.983547000000102 ], [ 0.771745000000125, 6.983546 ], [ 0.769288, 6.982416000000113 ], [ 0.765258000000187, 6.982173000000103 ], [ 0.76235, 6.98171200000013 ], [ 0.762313, 6.98173 ], [ 0.759844, 6.982949000000188 ], [ 0.759036, 6.982141000000126 ], [ 0.758213000000125, 6.978850000000136 ], [ 0.757596, 6.976588 ], [ 0.756157, 6.974737000000175 ], [ 0.754100000000166, 6.97556 ] ] ] } },
{ "type": "Feature", "properties": { "Préfecture": "Agoè-Nyivé", "Code HDX": "TG0309", "Région": "Maritime", "Zone": "Grand Lomé", "Surface (km²)": 167.1 }, "geometry": { "type": "Polygon", "coordinates": [ [ [ 1.241990000000102, 6.35076 ], [ 1.234613, 6.359367000000133 ], [ 1.228114, 6.364461 ], [ 1.216147, 6.369248 ], [ 1.215185, 6.365344000000107 ], [ 1.215188000000126, 6.36449400000015 ], [ 1.209846, 6.359894 ], [ 1.204577, 6.352341 ], [ 1.198429, 6.344612 ], [ 1.193687000000125, 6.336708 ], [ 1.189822, 6.326169000000106 ], [ 1.189822, 6.315981 ], [ 1.178616000000146, 6.299012 ], [ 1.179765, 6.298610000000167 ], [ 1.179761630999964, 6.298605149000025 ], [ 1.179672653000068, 6.298556264000125 ], [ 1.177022, 6.297100000000114 ], [ 1.174931, 6.296934 ], [ 1.171911000000137, 6.29726600000015 ], [ 1.170417000000157, 6.299025 ], [ 1.16662, 6.301274000000149 ], [ 1.165458000000172, 6.300652000000182 ], [ 1.165624, 6.299075 ], [ 1.166827000000126, 6.297499 ], [ 1.167076000000123, 6.295424000000138 ], [ 1.165831000000139, 6.293474000000116 ], [ 1.16413, 6.292147 ], [ 1.1616, 6.286961000000133 ], [ 1.159393, 6.283452 ], [ 1.155521, 6.278448000000138 ], [ 1.146432000000175, 6.272155 ], [ 1.140196, 6.271507 ], [ 1.133072, 6.270767 ], [ 1.125295000000108, 6.26878500000015 ], [ 1.119351000000165, 6.263971 ], [ 1.108379, 6.2594 ], [ 1.09984, 6.258637 ], [ 1.097927, 6.255404 ], [ 1.098013, 6.253947 ], [ 1.102643000000115, 6.247958000000152 ], [ 1.104245000000163, 6.244354 ], [ 1.103977000000157, 6.239415000000123 ], [ 1.090711000000169, 6.223444 ], [ 1.09934, 6.223350000000151 ], [ 1.10626, 6.22452 ], [ 1.114170000000115, 6.22441 ], [ 1.116316, 6.224807 ], [ 1.119832, 6.22421 ], [ 1.12145, 6.22389 ], [ 1.12927, 6.21716 ], [ 1.129454000000123, 6.21685 ], [ 1.131102, 6.217694 ], [ 1.131843000000117, 6.218057 ], [ 1.132564, 6.218273000000181 ], [ 1.132858, 6.21836 ], [ 1.133457, 6.21856 ], [ 1.134226930000183, 6.218043330000171 ], [ 1.136567000000184, 6.216473 ], [ 1.137224000000174, 6.216743 ], [ 1.137476, 6.216637000000161 ], [ 1.138702, 6.216197 ], [ 1.139484, 6.215942 ], [ 1.139698, 6.215895 ], [ 1.140266000000167, 6.21564 ], [ 1.141129000000149, 6.215322 ], [ 1.141382000000135, 6.215225 ], [ 1.141407, 6.215292 ], [ 1.15068, 6.21302 ], [ 1.152685, 6.211518 ], [ 1.15355, 6.212541 ], [ 1.154638, 6.211696 ], [ 1.155518, 6.212644000000181 ], [ 1.155534000000102, 6.212644000000182 ], [ 1.155562, 6.212644000000181 ], [ 1.157426000000157, 6.21097 ], [ 1.158901000000129, 6.209695 ], [ 1.160347, 6.208465000000103 ], [ 1.165356, 6.204241 ], [ 1.165376000000151, 6.204326 ], [ 1.165565000000129, 6.205131000000107 ], [ 1.166400000000124, 6.20921 ], [ 1.168775, 6.206917 ], [ 1.17015, 6.208568 ], [ 1.171325000000137, 6.207606 ], [ 1.172757000000161, 6.20641 ], [ 1.17355, 6.20574 ], [ 1.174011000000178, 6.207717 ], [ 1.176021, 6.20728 ], [ 1.176950000000147, 6.21169 ], [ 1.180400000000135, 6.208729 ], [ 1.181323000000134, 6.207913 ], [ 1.182301, 6.207104 ], [ 1.183274, 6.206905000000177 ], [ 1.183134, 6.206199 ], [ 1.184865000000116, 6.205809 ], [ 1.185025, 6.205081 ], [ 1.183598, 6.203902 ], [ 1.184057, 6.203344 ], [ 1.185165, 6.204347 ], [ 1.185621000000141, 6.204475000000172 ], [ 1.186824000000173, 6.204730000000154 ], [ 1.186893, 6.204793 ], [ 1.19012, 6.205498 ], [ 1.190677000000107, 6.203358000000151 ], [ 1.194204, 6.201449 ], [ 1.194280000000163, 6.201438 ], [ 1.194878, 6.201109 ], [ 1.195299513000067, 6.200884891000044 ], [ 1.196046, 6.200488000000178 ], [ 1.197141000000101, 6.199904000000175 ], [ 1.198181, 6.19934600000016 ], [ 1.19877, 6.199027 ], [ 1.199046000000124, 6.198853 ], [ 1.200265000000115, 6.198191000000178 ], [ 1.200619, 6.19877500000018 ], [ 1.200916000000178, 6.199314000000185 ], [ 1.201722, 6.200737000000174 ], [ 1.201722, 6.200742 ], [ 1.202001, 6.200811 ], [ 1.202233, 6.200869 ], [ 1.20257, 6.201342000000125 ], [ 1.202744, 6.201792 ], [ 1.203111, 6.202592000000152 ], [ 1.202988000000175, 6.202727000000151 ], [ 1.202872000000184, 6.203015000000164 ], [ 1.202697, 6.203696 ], [ 1.202639, 6.20395 ], [ 1.203463, 6.204331 ], [ 1.203731000000176, 6.204469 ], [ 1.203324, 6.204816000000163 ], [ 1.203580000000102, 6.205173 ], [ 1.204282000000148, 6.206338000000129 ], [ 1.204328, 6.206301000000109 ], [ 1.20645300000018, 6.205015000000117 ], [ 1.206573000000162, 6.205089 ], [ 1.208577, 6.204604000000186 ], [ 1.20855900000015, 6.200779 ], [ 1.216964000000132, 6.204134 ], [ 1.229371000000128, 6.204117 ], [ 1.229411, 6.2058 ], [ 1.235829, 6.206025000000182 ], [ 1.239251000000138, 6.206219 ], [ 1.239227, 6.206924000000128 ], [ 1.241183000000149, 6.207021000000167 ], [ 1.241207000000145, 6.209525 ], [ 1.24375, 6.209421000000134 ], [ 1.245290000000125, 6.212909 ], [ 1.24573, 6.213760000000149 ], [ 1.246378000000107, 6.214696000000116 ], [ 1.247144, 6.215643000000171 ], [ 1.247561, 6.216164000000106 ], [ 1.247882000000175, 6.21655500000014 ], [ 1.248740000000112, 6.217668 ], [ 1.249050000000182, 6.218059 ], [ 1.250122, 6.21948 ], [ 1.244521, 6.227435 ], [ 1.244174000000157, 6.22743 ], [ 1.241573, 6.227394 ], [ 1.24829, 6.233217000000138 ], [ 1.248535, 6.235972000000173 ], [ 1.249930000000178, 6.240876000000185 ], [ 1.251726, 6.244328000000167 ], [ 1.250929, 6.248855000000106 ], [ 1.253162, 6.256776 ], [ 1.233362000000113, 6.27002 ], [ 1.232661, 6.271446 ], [ 1.230974, 6.27243 ], [ 1.228902, 6.273192000000109 ], [ 1.227323000000183, 6.274726 ], [ 1.226956, 6.275696000000152 ], [ 1.226625000000126, 6.276569 ], [ 1.226625158000161, 6.276568914000052 ], [ 1.235449000000131, 6.271763 ], [ 1.237699, 6.27141 ], [ 1.239948, 6.271418 ], [ 1.242285, 6.271696000000134 ], [ 1.245432000000164, 6.272066000000165 ], [ 1.24695800000012, 6.273241 ], [ 1.248709, 6.276614 ], [ 1.247892, 6.279797 ], [ 1.249016, 6.287104000000113 ], [ 1.250703, 6.29244400000016 ], [ 1.251476, 6.298592 ], [ 1.250597, 6.300348 ], [ 1.245855000000176, 6.303334 ], [ 1.237950000000126, 6.309307 ], [ 1.231276, 6.317562 ], [ 1.228114, 6.322656 ], [ 1.223981, 6.329169000000149 ], [ 1.22409, 6.330394 ], [ 1.222666000000117, 6.335839000000134 ], [ 1.218957, 6.341451000000119 ], [ 1.216477000000167, 6.347419 ], [ 1.21643, 6.347683 ], [ 1.218629, 6.349882 ], [ 1.222493, 6.35076 ], [ 1.226533000000188, 6.349355 ], [ 1.2311, 6.347950000000139 ], [ 1.233208, 6.344437 ], [ 1.241463, 6.339343000000155 ], [ 1.244801000000166, 6.34320700000012 ], [ 1.241990000000102, 6.35076 ] ] ] } },
{ "type": "Feature", "properties": { "Préfecture": "Akébou", "Code HDX": "TG0410", "Région": "Plateaux", "Zone": "Plateaux", "Surface (km²)": 1146.67 }, "geometry": { "type": "Polygon", "coordinates": [ [ [ 0.868160000000103, 8.02215 ], [ 0.861801, 8.031840000000104 ], [ 0.85317, 8.035928000000128 ], [ 0.841058000000146, 8.038048 ], [ 0.837123, 8.038742 ], [ 0.833532, 8.016544000000181 ], [ 0.834501000000103, 8.013879 ], [ 0.835228, 8.006611 ], [ 0.834259000000145, 8.002008 ], [ 0.83159400000011, 7.998616 ], [ 0.833878, 7.99392200000017 ], [ 0.833121000000119, 7.98938 ], [ 0.831109, 7.983839 ], [ 0.830625, 7.978509000000143 ], [ 0.83014, 7.974391000000138 ], [ 0.830850000000169, 7.972725000000139 ], [ 0.831606, 7.968182000000126 ], [ 0.829714000000138, 7.962505 ], [ 0.827821, 7.957962 ], [ 0.825929000000144, 7.953798000000122 ], [ 0.820629, 7.948499 ], [ 0.809274, 7.942443000000139 ], [ 0.796025000000157, 7.938279 ], [ 0.774565, 7.932741000000135 ], [ 0.773065, 7.932354 ], [ 0.772542000000158, 7.933138 ], [ 0.761223, 7.937745 ], [ 0.758463000000177, 7.939124000000105 ], [ 0.747622, 7.942222000000129 ], [ 0.744672, 7.943921 ], [ 0.744538, 7.943964 ], [ 0.744471000000146, 7.943915 ], [ 0.744453, 7.94387300000011 ], [ 0.744471000000146, 7.943836 ], [ 0.744495, 7.943806000000109 ], [ 0.744507000000112, 7.943757000000117 ], [ 0.744495, 7.943666 ], [ 0.744386, 7.943599 ], [ 0.739433, 7.945112000000165 ], [ 0.737103000000161, 7.946044 ], [ 0.734354, 7.947266 ], [ 0.723063, 7.949923000000126 ], [ 0.717291000000102, 7.950013000000128 ], [ 0.712645000000124, 7.951861 ], [ 0.710099000000127, 7.958719000000144 ], [ 0.709532000000138, 7.964587 ], [ 0.70139300000011, 7.963262000000157 ], [ 0.696472, 7.961747 ], [ 0.692876, 7.959666 ], [ 0.690037000000189, 7.955691 ], [ 0.689687, 7.95151600000014 ], [ 0.689659000000177, 7.947742000000175 ], [ 0.690565, 7.942659 ], [ 0.695147, 7.936197 ], [ 0.700068000000102, 7.921056 ], [ 0.684927000000188, 7.902129000000173 ], [ 0.678681, 7.897019000000117 ], [ 0.66619, 7.893991 ], [ 0.654077, 7.893613 ], [ 0.639693, 7.893991 ], [ 0.636246, 7.893553 ], [ 0.616015000000118, 7.890984000000114 ], [ 0.615846, 7.890584000000105 ], [ 0.616224, 7.884528000000103 ], [ 0.618117000000154, 7.880364 ], [ 0.618174, 7.880421000000124 ], [ 0.621902000000148, 7.859545 ], [ 0.615846, 7.836455000000172 ], [ 0.615468, 7.831913 ], [ 0.615846, 7.824721 ], [ 0.613953, 7.814122 ], [ 0.613575, 7.797845000000165 ], [ 0.610546, 7.789139000000147 ], [ 0.609033, 7.786111 ], [ 0.609411, 7.778919 ], [ 0.612439000000166, 7.77589 ], [ 0.614710000000116, 7.77248400000019 ], [ 0.615846, 7.769077 ], [ 0.614381, 7.761018 ], [ 0.614052, 7.760293000000103 ], [ 0.611899000000108, 7.757781 ], [ 0.60828400000014, 7.752961 ], [ 0.608284000000141, 7.744927 ], [ 0.611497, 7.732877 ], [ 0.616317, 7.711187000000108 ], [ 0.616730000000132, 7.711109 ], [ 0.625957, 7.709379 ], [ 0.631581, 7.702551 ], [ 0.636401, 7.694919 ], [ 0.638409, 7.697731 ], [ 0.643588000000136, 7.700838 ], [ 0.64443400000016, 7.701346000000172 ], [ 0.652066000000104, 7.691706000000124 ], [ 0.652126000000123, 7.691688 ], [ 0.650274, 7.683191 ], [ 0.650459, 7.682668000000148 ], [ 0.651664, 7.667405 ], [ 0.651767, 7.666532000000188 ], [ 0.654074, 7.64692 ], [ 0.660099, 7.63406600000013 ], [ 0.661595, 7.631241000000159 ], [ 0.663714, 7.627238 ], [ 0.667329, 7.626836 ], [ 0.672551, 7.622016 ], [ 0.676166, 7.618 ], [ 0.682995000000176, 7.615991000000125 ], [ 0.691028000000131, 7.615188000000103 ], [ 0.695446000000118, 7.613983 ], [ 0.699061, 7.614786 ], [ 0.703078, 7.614786 ], [ 0.709906000000159, 7.613581000000181 ], [ 0.714726000000155, 7.616795 ], [ 0.717940000000168, 7.620410000000163 ], [ 0.724366, 7.623623 ], [ 0.728383, 7.626836 ], [ 0.73842500000012, 7.631656 ], [ 0.751278, 7.642100000000142 ], [ 0.758106000000112, 7.648928 ], [ 0.760542967000049, 7.651771128000119 ], [ 0.76218, 7.653681 ], [ 0.765337000000159, 7.657363 ], [ 0.78196000000014, 7.660023 ], [ 0.78542, 7.660577 ], [ 0.788053000000104, 7.653115 ], [ 0.792650000000151, 7.640092 ], [ 0.79747, 7.632861000000105 ], [ 0.801888, 7.628845000000127 ], [ 0.809922, 7.634066000000132 ], [ 0.812332, 7.642100000000142 ], [ 0.815947, 7.652543 ], [ 0.819160000000181, 7.656158000000175 ], [ 0.825185, 7.671422000000121 ], [ 0.829202, 7.67825 ], [ 0.838039, 7.680660000000103 ], [ 0.844064000000174, 7.682267 ], [ 0.851294000000109, 7.68307 ], [ 0.858606, 7.682093000000179 ], [ 0.864823, 7.6842 ], [ 0.864549, 7.684275 ], [ 0.865934, 7.686605000000101 ], [ 0.868967, 7.691706000000121 ], [ 0.869369000000121, 7.703354 ], [ 0.870172000000139, 7.711388 ], [ 0.870976, 7.717413000000135 ], [ 0.86977, 7.722635 ], [ 0.870574000000147, 7.727455 ], [ 0.872181, 7.733480000000102 ], [ 0.872181, 7.737095 ], [ 0.874189000000115, 7.741513 ], [ 0.877001, 7.751956 ], [ 0.879411000000175, 7.757178000000124 ], [ 0.878063, 7.767962000000124 ], [ 0.877804, 7.770032000000185 ], [ 0.879562, 7.785156 ], [ 0.879812000000129, 7.787303 ], [ 0.880397, 7.791592 ], [ 0.883427, 7.813813 ], [ 0.896281000000159, 7.837914 ], [ 0.896795, 7.83804 ], [ 0.896641000000102, 7.8385 ], [ 0.896703, 7.838497000000189 ], [ 0.896899000000133, 7.838986000000149 ], [ 0.899716000000126, 7.846029 ], [ 0.913272000000178, 7.863602000000126 ], [ 0.927833, 7.873643 ], [ 0.952937, 7.874145 ], [ 0.959966, 7.869627 ], [ 0.977539000000149, 7.870129000000132 ], [ 0.988083000000188, 7.873643 ], [ 1.00364800000017, 7.880170000000135 ], [ 1.012183000000108, 7.882681 ], [ 1.030258000000117, 7.881175000000153 ], [ 1.034275, 7.880170000000133 ], [ 1.046827, 7.886195 ], [ 1.060384000000169, 7.880170000000135 ], [ 1.081973000000119, 7.876154 ], [ 1.082313, 7.876194000000109 ], [ 1.082313, 7.880777 ], [ 1.08167, 7.882705 ], [ 1.080385, 7.892987000000121 ], [ 1.075243000000171, 7.895879000000149 ], [ 1.06239, 7.906483 ], [ 1.054999000000123, 7.910661000000173 ], [ 1.051786, 7.910982000000102 ], [ 1.049536, 7.913231 ], [ 1.048572, 7.918373 ], [ 1.047287, 7.922550000000114 ], [ 1.046002000000159, 7.930905 ], [ 1.044074, 7.938938 ], [ 1.044074, 7.94247300000012 ], [ 1.039896000000169, 7.944401000000141 ], [ 1.038290000000132, 7.947936 ], [ 1.039896000000169, 7.952434 ], [ 1.038468000000138, 7.960595000000126 ], [ 1.033760000000143, 7.962445 ], [ 1.033198, 7.962494 ], [ 1.029867, 7.964311 ], [ 1.026839, 7.964916 ], [ 1.018057000000113, 7.966430000000116 ], [ 1.005339000000107, 7.967642000000182 ], [ 0.988986000000125, 7.971578 ], [ 0.979296, 7.974304000000186 ], [ 0.969908, 7.978846000000147 ], [ 0.963246, 7.980966 ], [ 0.94931600000018, 7.976121 ], [ 0.946288, 7.974909 ], [ 0.940838000000157, 7.971578 ], [ 0.93084400000015, 7.967944000000102 ], [ 0.91903400000018, 7.964613 ], [ 0.912675, 7.964613 ], [ 0.899048000000107, 7.961282 ], [ 0.895111000000156, 7.960980000000175 ], [ 0.884512, 7.959465 ], [ 0.868160000000103, 8.02215 ] ] ] } },
{ "type": "Feature", "properties": { "Préfecture": "Amou", "Code HDX": "TG0401", "Région": "Plateaux", "Zone": "Plateaux", "Surface (km²)": 1808.5 }, "geometry": { "type": "Polygon", "coordinates": [ [ [ 1.060384000000169, 7.880170000000135 ], [ 1.046827, 7.886195 ], [ 1.034275, 7.880170000000133 ], [ 1.030258000000117, 7.881175000000153 ], [ 1.012183000000108, 7.882681 ], [ 1.00364800000017, 7.880170000000135 ], [ 0.988083000000188, 7.873643 ], [ 0.977539000000149, 7.870129000000132 ], [ 0.959966, 7.869627 ], [ 0.952937, 7.874145 ], [ 0.927833, 7.873643 ], [ 0.913272000000178, 7.863602000000126 ], [ 0.899716000000126, 7.846029 ], [ 0.896899000000133, 7.838986000000149 ], [ 0.896703, 7.838497000000189 ], [ 0.896641000000102, 7.8385 ], [ 0.896795, 7.83804 ], [ 0.896281000000159, 7.837914 ], [ 0.883427, 7.813813 ], [ 0.880397, 7.791592 ], [ 0.879812000000129, 7.787303 ], [ 0.879562, 7.785156 ], [ 0.877804, 7.770032000000185 ], [ 0.878063, 7.767962000000124 ], [ 0.879411000000175, 7.757178000000124 ], [ 0.877001, 7.751956 ], [ 0.874189000000115, 7.741513 ], [ 0.872181, 7.737095 ], [ 0.872181, 7.733480000000102 ], [ 0.870574000000147, 7.727455 ], [ 0.86977, 7.722635 ], [ 0.870976, 7.717413000000135 ], [ 0.870172000000139, 7.711388 ], [ 0.869369000000121, 7.703354 ], [ 0.868967, 7.691706000000121 ], [ 0.865934, 7.686605000000101 ], [ 0.864549, 7.684275 ], [ 0.864823, 7.6842 ], [ 0.872649, 7.682066 ], [ 0.882222, 7.657765 ], [ 0.893067000000144, 7.653347000000111 ], [ 0.903511, 7.657363 ], [ 0.903109, 7.636477000000127 ], [ 0.903228000000126, 7.633855 ], [ 0.903511, 7.62764 ], [ 0.907126, 7.615590000000169 ], [ 0.913954000000103, 7.607958000000166 ], [ 0.91788, 7.601616 ], [ 0.919176, 7.599523 ], [ 0.930423000000133, 7.588678000000132 ], [ 0.941268, 7.582653 ], [ 0.95372, 7.577833 ], [ 0.97179400000016, 7.572611000000165 ], [ 0.981033, 7.571406 ], [ 0.985853, 7.570201 ], [ 0.990673, 7.571004 ], [ 0.993083000000184, 7.571406 ], [ 0.997903000000179, 7.568594000000131 ], [ 1.007868, 7.568196 ], [ 1.00674, 7.556544 ], [ 1.007543, 7.541683 ], [ 1.00433, 7.539273 ], [ 0.997903000000179, 7.536461 ], [ 0.991476, 7.533649000000137 ], [ 0.990271, 7.528829000000143 ], [ 0.981435, 7.522804 ], [ 0.981762000000117, 7.522711000000187 ], [ 0.977016, 7.516779 ], [ 0.970991000000141, 7.514771000000108 ], [ 0.965769, 7.514771000000108 ], [ 0.960949, 7.521197000000138 ], [ 0.955326, 7.523607 ], [ 0.946891, 7.534854 ], [ 0.94006300000018, 7.534453 ], [ 0.936909000000128, 7.531057 ], [ 0.931226000000151, 7.535658000000128 ], [ 0.930754, 7.535905000000128 ], [ 0.924398, 7.529231 ], [ 0.916364, 7.523206000000131 ], [ 0.913761000000136, 7.519446 ], [ 0.912749, 7.517984 ], [ 0.906724, 7.517181 ], [ 0.896281000000159, 7.514369000000102 ], [ 0.890256, 7.507942000000128 ], [ 0.886055000000113, 7.505357000000118 ], [ 0.886641000000111, 7.504729 ], [ 0.893067000000145, 7.504327 ], [ 0.897084000000177, 7.498302000000137 ], [ 0.897754, 7.497979 ], [ 0.894674, 7.4966960000001 ], [ 0.889854, 7.495892 ], [ 0.888649, 7.48986700000012 ], [ 0.885837, 7.484646000000168 ], [ 0.884632000000181, 7.477817000000186 ], [ 0.882222, 7.471792000000107 ], [ 0.881419, 7.464160000000104 ], [ 0.876197, 7.45693 ], [ 0.871377000000166, 7.452914 ], [ 0.866156, 7.448495 ], [ 0.862139000000184, 7.446889 ], [ 0.858122000000151, 7.443675 ], [ 0.85531, 7.439257 ], [ 0.85049, 7.430018000000132 ], [ 0.848673000000133, 7.418027000000107 ], [ 0.847277, 7.416763000000173 ], [ 0.839645, 7.407123000000126 ], [ 0.827194, 7.400295 ], [ 0.82197200000013, 7.398688000000106 ], [ 0.815144, 7.397082000000128 ], [ 0.807512, 7.393467000000156 ], [ 0.801085000000171, 7.390253000000142 ], [ 0.800817000000166, 7.389851 ], [ 0.797068000000138, 7.384228 ], [ 0.79345300000017, 7.37659600000012 ], [ 0.789035000000183, 7.366555000000118 ], [ 0.786625, 7.361735 ], [ 0.776583000000187, 7.35571 ], [ 0.766542, 7.35089 ], [ 0.762123000000146, 7.346471000000123 ], [ 0.761320000000126, 7.339241000000187 ], [ 0.761320000000126, 7.330405 ], [ 0.759312, 7.322773 ], [ 0.760517000000164, 7.318354 ], [ 0.762651000000119, 7.317954000000158 ], [ 0.766943, 7.317149 ], [ 0.774977, 7.312329000000148 ], [ 0.786223, 7.306706000000133 ], [ 0.795194000000152, 7.30436600000013 ], [ 0.795462, 7.304296 ], [ 0.79805, 7.303951 ], [ 0.813537000000167, 7.301886000000136 ], [ 0.821312, 7.29725800000017 ], [ 0.825587, 7.299878 ], [ 0.830407, 7.302689 ], [ 0.838842000000113, 7.306304 ], [ 0.84326, 7.309116 ], [ 0.848884000000169, 7.310321 ], [ 0.859729, 7.311526000000126 ], [ 0.866557000000171, 7.317149 ], [ 0.868677, 7.318336000000158 ], [ 0.876599, 7.322773 ], [ 0.885436, 7.321166000000177 ], [ 0.904314000000113, 7.321969 ], [ 0.920381, 7.314739 ], [ 0.932029000000171, 7.313534 ], [ 0.932126, 7.313857 ], [ 0.934841000000119, 7.312329000000149 ], [ 0.944481000000167, 7.305903000000115 ], [ 0.946489, 7.298271000000171 ], [ 0.952113000000112, 7.293853000000186 ], [ 0.952581000000124, 7.294243000000107 ], [ 0.956933000000163, 7.297869000000105 ], [ 0.96336, 7.300279 ], [ 0.96818, 7.302288000000148 ], [ 0.973000000000127, 7.301083000000119 ], [ 0.977820000000122, 7.290639000000169 ], [ 0.979426000000103, 7.280196000000104 ], [ 0.980631000000188, 7.270957 ], [ 0.980631000000187, 7.264531 ], [ 0.981435, 7.256497 ], [ 0.981033, 7.251677 ], [ 0.979828000000168, 7.243644 ], [ 0.979025, 7.231594 ], [ 0.981033, 7.225167000000171 ], [ 0.98505, 7.22356 ], [ 0.991075000000137, 7.225970000000189 ], [ 0.997903000000179, 7.225970000000187 ], [ 1.006338, 7.22356 ], [ 1.01156, 7.217937 ], [ 1.013166, 7.214322 ], [ 1.021602000000144, 7.213519 ], [ 1.028028000000178, 7.209904000000107 ], [ 1.032848000000173, 7.202674000000175 ], [ 1.037035, 7.195822 ], [ 1.035969000000136, 7.194271000000186 ], [ 1.038974, 7.192983 ], [ 1.040480000000173, 7.194239 ], [ 1.045702, 7.20187 ], [ 1.054137, 7.210305 ], [ 1.054405, 7.211216000000151 ], [ 1.054797000000121, 7.21121600000015 ], [ 1.059191, 7.21561 ], [ 1.061073000000134, 7.222513000000106 ], [ 1.06735, 7.234438 ], [ 1.065467, 7.253266 ], [ 1.058563000000106, 7.260797 ], [ 1.057935, 7.271467000000142 ], [ 1.05668, 7.276487 ], [ 1.056957000000125, 7.27673 ], [ 1.061701, 7.280881000000137 ], [ 1.067977, 7.280881000000137 ], [ 1.076764, 7.278998000000114 ], [ 1.079274000000112, 7.285902 ], [ 1.079519000000118, 7.289454 ], [ 1.080529, 7.304102000000171 ], [ 1.078646, 7.31916500000017 ], [ 1.080529, 7.326069000000129 ], [ 1.08806, 7.329207 ], [ 1.102496, 7.336110000000134 ], [ 1.110027000000172, 7.339248 ], [ 1.11191, 7.347407000000149 ], [ 1.115675000000124, 7.352428 ], [ 1.116999, 7.355339 ], [ 1.118813, 7.359332 ], [ 1.125089000000116, 7.359959 ], [ 1.13011, 7.359332 ], [ 1.135131, 7.359959 ], [ 1.141407, 7.364980000000173 ], [ 1.141407, 7.372442000000149 ], [ 1.14078, 7.372512 ], [ 1.142662, 7.383809 ], [ 1.142662, 7.398871 ], [ 1.138942, 7.428631000000166 ], [ 1.142103, 7.43684700000011 ], [ 1.144512000000134, 7.441667000000167 ], [ 1.143709000000115, 7.451709 ], [ 1.144914000000142, 7.458939000000156 ], [ 1.144516, 7.461921000000133 ], [ 1.144111000000124, 7.464964 ], [ 1.134471000000134, 7.480227 ], [ 1.125634000000106, 7.480629000000135 ], [ 1.122019000000137, 7.479424000000107 ], [ 1.118925000000104, 7.478049 ], [ 1.117927000000122, 7.48002 ], [ 1.116567, 7.482706 ], [ 1.115796, 7.486562 ], [ 1.113996, 7.491704 ], [ 1.109626, 7.500701 ], [ 1.107738000000154, 7.50911 ], [ 1.107999, 7.509578000000148 ], [ 1.112173, 7.517067 ], [ 1.115669, 7.520357000000105 ], [ 1.118754, 7.526732 ], [ 1.118679000000157, 7.527637 ], [ 1.118964000000119, 7.527677 ], [ 1.119165, 7.530434 ], [ 1.119988, 7.534136000000103 ], [ 1.123278, 7.537632 ], [ 1.12698, 7.54339 ], [ 1.131299, 7.547503000000118 ], [ 1.138908, 7.550177 ], [ 1.142405, 7.551205 ], [ 1.142652, 7.551824 ], [ 1.143638, 7.55429 ], [ 1.143227, 7.559637000000126 ], [ 1.142405, 7.564779000000157 ], [ 1.143021, 7.567658000000106 ], [ 1.145695000000103, 7.573827 ], [ 1.150631000000147, 7.579791 ], [ 1.152687, 7.584933 ], [ 1.153921, 7.595215 ], [ 1.154613, 7.597037 ], [ 1.154393, 7.597722 ], [ 1.1514, 7.606999 ], [ 1.149472000000173, 7.616960000000174 ], [ 1.149793000000102, 7.622102 ], [ 1.149472000000174, 7.627564 ], [ 1.146580000000142, 7.636883000000124 ], [ 1.140796000000136, 7.652628000000105 ], [ 1.140385, 7.65399 ], [ 1.138945, 7.658759 ], [ 1.135655, 7.669659 ], [ 1.131798000000117, 7.677693 ], [ 1.125693000000183, 7.687654 ], [ 1.123251, 7.691786 ], [ 1.122045000000128, 7.697014 ], [ 1.120399, 7.701128 ], [ 1.117499, 7.704492 ], [ 1.117338, 7.705006000000139 ], [ 1.116374, 7.709183 ], [ 1.11662200000012, 7.712278000000139 ], [ 1.116053000000136, 7.722519 ], [ 1.115988, 7.728669 ], [ 1.120605000000183, 7.729919000000166 ], [ 1.126158, 7.73321 ], [ 1.133356, 7.7365 ], [ 1.136852000000147, 7.739996 ], [ 1.139525000000106, 7.748428 ], [ 1.143021, 7.757066 ], [ 1.142199, 7.768788 ], [ 1.132122, 7.773518000000139 ], [ 1.123073, 7.774752 ], [ 1.114641, 7.77578 ], [ 1.112667000000101, 7.776953000000106 ], [ 1.112518, 7.77811 ], [ 1.110640000000104, 7.79814 ], [ 1.11059, 7.798193 ], [ 1.108984, 7.803013 ], [ 1.105449, 7.806869 ], [ 1.101914, 7.806548 ], [ 1.099665, 7.808155 ], [ 1.099022000000161, 7.815867 ], [ 1.098379, 7.818437 ], [ 1.09645200000017, 7.821329 ], [ 1.097094, 7.825186 ], [ 1.094845, 7.829684 ], [ 1.093559, 7.834826 ], [ 1.090025, 7.83836 ], [ 1.088739, 7.844466 ], [ 1.088097, 7.846072 ], [ 1.086490000000141, 7.856998 ], [ 1.081027, 7.861496000000104 ], [ 1.081027, 7.864710000000118 ], [ 1.081027, 7.868566000000157 ], [ 1.082313, 7.872422000000143 ], [ 1.082313, 7.876194000000109 ], [ 1.081973000000119, 7.876154 ], [ 1.060384000000169, 7.880170000000135 ] ] ] } },
{ "type": "Feature", "properties": { "Préfecture": "Anié", "Code HDX": "TG0411", "Région": "Plateaux", "Zone": "Plateaux", "Surface (km²)": 1985.91 }, "geometry": { "type": "Polygon", "coordinates": [ [ [ 1.142402000000118, 7.955166000000133 ], [ 1.147865, 7.963199 ], [ 1.148562, 7.966074000000105 ], [ 1.148236, 7.965707000000123 ], [ 1.141801000000157, 7.961922000000128 ], [ 1.125146, 7.957758 ], [ 1.117575000000103, 7.957001000000103 ], [ 1.110383000000127, 7.955487 ], [ 1.100542000000189, 7.954351 ], [ 1.094654, 7.952716000000124 ], [ 1.094485000000134, 7.952459 ], [ 1.083887, 7.950566 ], [ 1.074423, 7.949052 ], [ 1.062689, 7.949431000000118 ], [ 1.05928200000011, 7.949809000000132 ], [ 1.052090000000135, 7.954730000000153 ], [ 1.043762000000129, 7.958515000000147 ], [ 1.038468000000138, 7.960595000000126 ], [ 1.039896000000169, 7.952434 ], [ 1.038290000000132, 7.947936 ], [ 1.039896000000169, 7.944401000000141 ], [ 1.044074, 7.94247300000012 ], [ 1.044074, 7.938938 ], [ 1.046002000000159, 7.930905 ], [ 1.047287, 7.922550000000114 ], [ 1.048572, 7.918373 ], [ 1.049536, 7.913231 ], [ 1.051786, 7.910982000000102 ], [ 1.054999000000123, 7.910661000000173 ], [ 1.06239, 7.906483 ], [ 1.075243000000171, 7.895879000000149 ], [ 1.080385, 7.892987000000121 ], [ 1.08167, 7.882705 ], [ 1.082313, 7.880777 ], [ 1.082313, 7.876194000000109 ], [ 1.082313, 7.872422000000143 ], [ 1.081027, 7.868566000000157 ], [ 1.081027, 7.864710000000118 ], [ 1.081027, 7.861496000000104 ], [ 1.086490000000141, 7.856998 ], [ 1.088097, 7.846072 ], [ 1.088739, 7.844466 ], [ 1.090025, 7.83836 ], [ 1.093559, 7.834826 ], [ 1.094845, 7.829684 ], [ 1.097094, 7.825186 ], [ 1.09645200000017, 7.821329 ], [ 1.098379, 7.818437 ], [ 1.099022000000161, 7.815867 ], [ 1.099665, 7.808155 ], [ 1.101914, 7.806548 ], [ 1.105449, 7.806869 ], [ 1.108984, 7.803013 ], [ 1.11059, 7.798193 ], [ 1.110640000000104, 7.79814 ], [ 1.112518, 7.77811 ], [ 1.112667000000101, 7.776953000000106 ], [ 1.114641, 7.77578 ], [ 1.123073, 7.774752 ], [ 1.132122, 7.773518000000139 ], [ 1.142199, 7.768788 ], [ 1.143021, 7.757066 ], [ 1.139525000000106, 7.748428 ], [ 1.136852000000147, 7.739996 ], [ 1.133356, 7.7365 ], [ 1.126158, 7.73321 ], [ 1.120605000000183, 7.729919000000166 ], [ 1.115988, 7.728669 ], [ 1.116053000000136, 7.722519 ], [ 1.11662200000012, 7.712278000000139 ], [ 1.116696, 7.710951000000136 ], [ 1.132762000000128, 7.710951000000135 ], [ 1.141117, 7.710951000000134 ], [ 1.144973, 7.712557000000115 ], [ 1.149472000000173, 7.719627000000172 ], [ 1.153007, 7.722197000000168 ], [ 1.157827000000111, 7.72894600000012 ], [ 1.159112, 7.734730000000126 ], [ 1.166181000000107, 7.738907 ], [ 1.1755, 7.73633600000011 ], [ 1.177749000000176, 7.729910000000132 ], [ 1.178713000000187, 7.725411000000181 ], [ 1.181605, 7.7199480000001 ], [ 1.180320000000109, 7.70613100000014 ], [ 1.175179000000185, 7.700347 ], [ 1.172929000000181, 7.692313 ], [ 1.174215000000175, 7.687172000000146 ], [ 1.175821000000155, 7.682673 ], [ 1.184497, 7.679139 ], [ 1.193174000000114, 7.677211 ], [ 1.202171, 7.677853 ], [ 1.211143000000107, 7.68026 ], [ 1.215346, 7.681388000000141 ], [ 1.22852, 7.682031 ], [ 1.241052000000138, 7.681388000000141 ], [ 1.257762000000183, 7.681067 ], [ 1.262903000000108, 7.679781 ], [ 1.278327000000161, 7.671748 ], [ 1.28604, 7.665 ], [ 1.289895, 7.659216 ], [ 1.290077000000167, 7.659274 ], [ 1.290529, 7.657948 ], [ 1.294552, 7.649903 ], [ 1.294394000000125, 7.649736000000132 ], [ 1.294394000000125, 7.644274000000108 ], [ 1.299857, 7.638168 ], [ 1.297929, 7.63013500000011 ], [ 1.295680000000118, 7.623066 ], [ 1.293751, 7.617924000000187 ], [ 1.288610000000119, 7.615032000000156 ], [ 1.284111000000166, 7.61214000000018 ], [ 1.284433, 7.608605 ], [ 1.287003, 7.602500000000133 ], [ 1.291823, 7.600572000000112 ], [ 1.29825000000011, 7.597037 ], [ 1.303070000000162, 7.599608000000102 ], [ 1.306926, 7.603464000000144 ], [ 1.313996, 7.600893 ], [ 1.319137000000126, 7.594145 ], [ 1.316566, 7.590932 ], [ 1.310782000000188, 7.585791000000143 ], [ 1.307247, 7.582899000000169 ], [ 1.305962, 7.576151 ], [ 1.306926, 7.571009000000114 ], [ 1.312068000000181, 7.56876 ], [ 1.318816, 7.566189 ], [ 1.323636, 7.562654000000178 ], [ 1.32717, 7.559120000000179 ], [ 1.332312, 7.557192000000155 ], [ 1.338096, 7.556549 ], [ 1.343880000000127, 7.558798 ], [ 1.348379, 7.559441 ], [ 1.351270000000113, 7.553978000000142 ], [ 1.350949, 7.550122000000102 ], [ 1.349021, 7.545302000000104 ], [ 1.345486000000108, 7.543374 ], [ 1.338096, 7.54144600000012 ], [ 1.337353, 7.53439600000013 ], [ 1.337453, 7.533895 ], [ 1.340345000000184, 7.530682000000126 ], [ 1.343880000000127, 7.528754000000163 ], [ 1.352556000000163, 7.527468000000114 ], [ 1.360911000000102, 7.523291 ], [ 1.366052, 7.522327 ], [ 1.376977000000124, 7.522969 ], [ 1.379869000000156, 7.521363 ], [ 1.38308300000017, 7.517507 ], [ 1.385975, 7.509473000000185 ], [ 1.383726, 7.506581000000153 ], [ 1.381476, 7.505617000000144 ], [ 1.376656, 7.501119000000131 ], [ 1.376656, 7.497263000000147 ], [ 1.378905000000145, 7.492764 ], [ 1.385332, 7.486016000000175 ], [ 1.393687, 7.484409 ], [ 1.403327, 7.480232000000172 ], [ 1.405255, 7.470592000000125 ], [ 1.405576000000167, 7.46545 ], [ 1.411360000000172, 7.457738 ], [ 1.417465000000107, 7.452276 ], [ 1.42325, 7.444564 ], [ 1.431604, 7.434924 ], [ 1.432247000000132, 7.432353 ], [ 1.434175000000153, 7.427854 ], [ 1.441245, 7.423034000000142 ], [ 1.442851000000189, 7.426890000000127 ], [ 1.444136, 7.430746000000171 ], [ 1.445743, 7.441672 ], [ 1.446707, 7.451633000000129 ], [ 1.449921000000189, 7.459666 ], [ 1.449278000000106, 7.470913 ], [ 1.449033, 7.474828000000116 ], [ 1.448956000000123, 7.476055 ], [ 1.451848, 7.486337000000105 ], [ 1.448956000000123, 7.490193 ], [ 1.449751000000163, 7.492708 ], [ 1.450885, 7.496299000000135 ], [ 1.454419, 7.497905000000118 ], [ 1.461167, 7.501119000000129 ], [ 1.472093, 7.503047000000149 ], [ 1.480769000000123, 7.504653000000133 ], [ 1.49073, 7.508831000000159 ], [ 1.50037, 7.509955000000104 ], [ 1.513866000000178, 7.508991 ], [ 1.521578, 7.511241 ], [ 1.528969000000131, 7.516382 ], [ 1.53154, 7.521845 ], [ 1.533146, 7.527308 ], [ 1.531218, 7.536948 ], [ 1.533789000000127, 7.544017 ], [ 1.53636, 7.545945000000187 ], [ 1.544393000000184, 7.54755200000011 ], [ 1.554997, 7.547230000000123 ], [ 1.56785, 7.544338 ], [ 1.577812, 7.540482000000111 ], [ 1.587131000000113, 7.540482000000112 ], [ 1.596128, 7.533413000000165 ], [ 1.603197, 7.52538 ], [ 1.606411, 7.518953000000123 ], [ 1.603840000000105, 7.514454000000173 ], [ 1.604804000000115, 7.509955000000107 ], [ 1.610588000000121, 7.508349 ], [ 1.618943, 7.505778 ], [ 1.629226000000187, 7.506421 ], [ 1.640472, 7.507706000000155 ], [ 1.654611, 7.512205000000106 ], [ 1.659431, 7.520881 ], [ 1.659254000000147, 7.521287000000141 ], [ 1.653004, 7.535662 ], [ 1.651398, 7.542732000000113 ], [ 1.64947, 7.548194000000139 ], [ 1.649148, 7.558798 ], [ 1.650755000000174, 7.613425 ], [ 1.636938, 7.641382 ], [ 1.631475, 7.661304000000146 ], [ 1.631154, 7.675764000000184 ], [ 1.630903, 7.676606 ], [ 1.632158000000118, 7.711124 ], [ 1.632785000000127, 7.731835 ], [ 1.635924000000159, 7.796479 ], [ 1.635296, 7.810286000000133 ], [ 1.629647, 7.826604 ], [ 1.63153, 7.852336 ], [ 1.632158000000118, 7.88622700000019 ], [ 1.634041000000138, 7.896896 ], [ 1.634041000000138, 7.903172000000154 ], [ 1.632717000000184, 7.917295 ], [ 1.623597000000188, 7.916565 ], [ 1.562544, 7.908934000000103 ], [ 1.538845000000151, 7.907327 ], [ 1.530410000000131, 7.904917000000125 ], [ 1.518762, 7.913352 ], [ 1.503900000000159, 7.92861500000015 ], [ 1.50149, 7.937452000000177 ], [ 1.494260000000111, 7.943075 ], [ 1.493055, 7.950707 ], [ 1.491046, 7.957937000000127 ], [ 1.484218, 7.963962 ], [ 1.469356000000119, 7.965167 ], [ 1.448469000000159, 7.962757000000125 ], [ 1.442313, 7.964850000000126 ], [ 1.441094000000135, 7.955909000000189 ], [ 1.440301, 7.945598 ], [ 1.441094000000135, 7.924183 ], [ 1.440239, 7.908791000000179 ], [ 1.451407, 7.909448 ], [ 1.465214, 7.901289000000133 ], [ 1.467097, 7.896896 ], [ 1.463331, 7.862378 ], [ 1.458938, 7.839784 ], [ 1.448896000000104, 7.820955 ], [ 1.425047, 7.815935 ], [ 1.408102, 7.816562 ], [ 1.394294000000116, 7.80338200000017 ], [ 1.390670000000114, 7.795771000000117 ], [ 1.381742, 7.80087200000014 ], [ 1.36668, 7.807776000000104 ], [ 1.355383, 7.812169000000152 ], [ 1.347224, 7.817817000000104 ], [ 1.334044, 7.827232000000151 ], [ 1.323374, 7.83037 ], [ 1.303291000000115, 7.822838 ], [ 1.290111000000139, 7.824093000000118 ], [ 1.281952, 7.829114000000116 ], [ 1.282580000000166, 7.832880000000101 ], [ 1.28948400000013, 7.839156000000173 ], [ 1.28948400000013, 7.847315 ], [ 1.284463000000187, 7.852336 ], [ 1.276304, 7.846687000000144 ], [ 1.263752000000181, 7.843549 ], [ 1.250209000000154, 7.844819000000145 ], [ 1.243668, 7.845432 ], [ 1.23299900000012, 7.853591000000107 ], [ 1.218564000000185, 7.856729 ], [ 1.224212000000136, 7.869281000000114 ], [ 1.226502, 7.876531000000115 ], [ 1.222663, 7.877299000000106 ], [ 1.216122, 7.877057000000152 ], [ 1.209339, 7.87633 ], [ 1.20619, 7.87948 ], [ 1.204494, 7.881660000000123 ], [ 1.204251, 7.885778000000131 ], [ 1.204494, 7.888928 ], [ 1.205221, 7.892804 ], [ 1.206674, 7.896195 ], [ 1.207876000000113, 7.897054 ], [ 1.193174000000114, 7.896040000000143 ], [ 1.184176, 7.901503 ], [ 1.176785000000167, 7.907608 ], [ 1.172929000000181, 7.912428 ], [ 1.164253000000145, 7.912749000000131 ], [ 1.156863000000102, 7.912749000000133 ], [ 1.145937, 7.906001 ], [ 1.137582000000123, 7.90086 ], [ 1.13506400000017, 7.901364000000114 ], [ 1.129549, 7.902467 ], [ 1.126014000000111, 7.907929 ], [ 1.122801000000151, 7.913713 ], [ 1.121837, 7.917569000000128 ], [ 1.123765000000162, 7.923996 ], [ 1.127621, 7.927852 ], [ 1.133726000000139, 7.935564000000113 ], [ 1.135655, 7.942955 ], [ 1.138225, 7.948739 ], [ 1.142402000000118, 7.955166000000133 ] ] ] } },
{ "type": "Feature", "properties": { "Préfecture": "Assoli", "Code HDX": "TG0201", "Région": "Kara", "Zone": "Kara", "Surface (km²)": 933.27 }, "geometry": { "type": "Polygon", "coordinates": [ [ [ 1.344604000000174, 9.455550000000185 ], [ 1.339398000000187, 9.461557 ], [ 1.334193, 9.462758 ], [ 1.330189, 9.461557 ], [ 1.328988, 9.456351 ], [ 1.328588000000138, 9.451146000000108 ], [ 1.327787000000114, 9.443138000000145 ], [ 1.328054000000179, 9.438587000000156 ], [ 1.324583, 9.436331 ], [ 1.299758, 9.430725000000166 ], [ 1.293351000000143, 9.429524 ], [ 1.29324, 9.429272 ], [ 1.292475000000138, 9.429312000000152 ], [ 1.272855, 9.433717000000115 ], [ 1.264446, 9.435318 ], [ 1.261452000000133, 9.436019000000158 ], [ 1.245627000000127, 9.439723000000184 ], [ 1.240021, 9.442125000000148 ], [ 1.23401500000017, 9.442926000000172 ], [ 1.229611, 9.444127 ], [ 1.22160200000019, 9.443727 ], [ 1.213194000000158, 9.444528 ], [ 1.208789, 9.440924000000109 ], [ 1.203184, 9.437320000000113 ], [ 1.200381000000108, 9.430513 ], [ 1.195176, 9.425709 ], [ 1.191572000000122, 9.422105000000155 ], [ 1.183563, 9.418902000000173 ], [ 1.173954, 9.418101000000147 ], [ 1.173326000000145, 9.418325 ], [ 1.171729, 9.416559000000122 ], [ 1.166524, 9.416159 ], [ 1.160918, 9.411754 ], [ 1.159316, 9.409352000000125 ], [ 1.15896, 9.409517000000108 ], [ 1.159028, 9.409279000000138 ], [ 1.148327000000108, 9.408091 ], [ 1.143948, 9.409423000000116 ], [ 1.139118, 9.410893000000101 ], [ 1.131911, 9.412095 ], [ 1.126305000000173, 9.406489 ], [ 1.120699000000172, 9.405288 ], [ 1.119387000000131, 9.405215000000112 ], [ 1.118697, 9.404087 ], [ 1.114693, 9.398481 ], [ 1.110689, 9.396479000000113 ], [ 1.106685, 9.393676 ], [ 1.10228, 9.391273000000128 ], [ 1.100278000000174, 9.386869 ], [ 1.096274000000165, 9.38006200000012 ], [ 1.095474, 9.375257 ], [ 1.096274000000165, 9.369651 ], [ 1.093471, 9.362844000000162 ], [ 1.086664000000155, 9.365647 ], [ 1.080258000000185, 9.366448000000107 ], [ 1.077054, 9.374456000000121 ], [ 1.073451, 9.379261 ], [ 1.069847, 9.382064 ], [ 1.06704400000018, 9.390873 ], [ 1.063040000000172, 9.394477 ], [ 1.057835000000125, 9.402485000000183 ], [ 1.053430000000162, 9.402885 ], [ 1.05263, 9.406089000000124 ], [ 1.050472000000183, 9.409145 ], [ 1.05019, 9.409544 ], [ 1.041418000000135, 9.406089000000122 ], [ 1.031007000000103, 9.40568800000017 ], [ 1.019395000000145, 9.409292000000104 ], [ 1.010987, 9.412095 ], [ 1.001377, 9.422505 ], [ 0.988164000000154, 9.446930000000179 ], [ 0.984159, 9.452536 ], [ 0.983833, 9.451760000000148 ], [ 0.980956, 9.444928 ], [ 0.978153000000134, 9.431715 ], [ 0.974149000000125, 9.413696000000186 ], [ 0.971346, 9.403286 ], [ 0.966942000000131, 9.395678 ], [ 0.957732, 9.386068 ], [ 0.957332000000123, 9.384466 ], [ 0.954129000000136, 9.370852000000127 ], [ 0.956531, 9.363245000000118 ], [ 0.956531, 9.357639 ], [ 0.956238, 9.356931 ], [ 0.955980000000181, 9.352090000000146 ], [ 0.955988000000104, 9.35067 ], [ 0.956971, 9.345469000000151 ], [ 0.957489000000123, 9.338373000000104 ], [ 0.970383, 9.333714 ], [ 0.973729, 9.331840000000115 ], [ 0.976607000000115, 9.328543 ], [ 0.979254, 9.326653 ], [ 0.979625, 9.32534 ], [ 0.981158000000106, 9.321084 ], [ 0.981638, 9.318321 ], [ 0.983047, 9.315563000000171 ], [ 0.984333, 9.313726 ], [ 0.985725000000117, 9.31384900000012 ], [ 0.987348000000111, 9.314089 ], [ 0.988974, 9.313867000000185 ], [ 0.990027000000111, 9.31226 ], [ 0.990394, 9.309035 ], [ 0.998765000000105, 9.304419 ], [ 1.001785, 9.300286 ], [ 1.004192, 9.29604 ], [ 1.009939, 9.290866 ], [ 1.020908, 9.28903300000013 ], [ 1.026168, 9.28574900000018 ], [ 1.030993, 9.27489 ], [ 1.03346, 9.259757 ], [ 1.033439, 9.258484 ], [ 1.033105000000148, 9.237982000000157 ], [ 1.028417, 9.22423 ], [ 1.024645, 9.21711000000016 ], [ 1.018945, 9.214238 ], [ 1.017876, 9.213641 ], [ 1.019677, 9.213480000000176 ], [ 1.02944, 9.212393000000134 ], [ 1.040912, 9.213596 ], [ 1.055796000000157, 9.22052 ], [ 1.070506, 9.227362 ], [ 1.070724, 9.227717 ], [ 1.072725, 9.227717 ], [ 1.076730000000111, 9.229319 ], [ 1.082736, 9.23012000000011 ], [ 1.087941000000114, 9.229719000000157 ], [ 1.092746000000147, 9.229719000000159 ], [ 1.097951, 9.229319 ], [ 1.102756, 9.228118 ], [ 1.113167, 9.227317 ], [ 1.118773000000147, 9.226116000000104 ], [ 1.123177, 9.223313000000189 ], [ 1.131186, 9.222512 ], [ 1.142797000000143, 9.219709 ], [ 1.159615, 9.216506 ], [ 1.16522, 9.218508 ], [ 1.168424, 9.221711 ], [ 1.172828000000152, 9.226917000000132 ], [ 1.175230000000113, 9.228118 ], [ 1.178434, 9.229319 ], [ 1.182038000000148, 9.232122 ], [ 1.185196000000133, 9.235491 ], [ 1.187578, 9.235347 ], [ 1.189133, 9.235237 ], [ 1.189479000000119, 9.235257000000106 ], [ 1.189679000000126, 9.235285 ], [ 1.189751, 9.235331 ], [ 1.190506, 9.235407 ], [ 1.198132, 9.235635000000118 ], [ 1.200456, 9.232923 ], [ 1.203660000000184, 9.226516000000176 ], [ 1.210066000000154, 9.222912 ], [ 1.222879, 9.227717 ], [ 1.227055000000179, 9.229191000000183 ], [ 1.227062, 9.229262 ], [ 1.233121, 9.234763 ], [ 1.249023, 9.242616 ], [ 1.263654, 9.247761000000139 ], [ 1.268120000000124, 9.249331 ], [ 1.288957, 9.25243 ], [ 1.28868, 9.25317400000017 ], [ 1.288939000000141, 9.253175 ], [ 1.289347, 9.252943 ], [ 1.294553000000121, 9.24974 ], [ 1.302160000000185, 9.248138 ], [ 1.310569000000157, 9.245736 ], [ 1.313772000000142, 9.245736 ], [ 1.326185, 9.248539 ], [ 1.333392, 9.250541000000114 ], [ 1.342602, 9.252543 ], [ 1.343995, 9.252396 ], [ 1.350210000000175, 9.251742 ], [ 1.356216, 9.251742 ], [ 1.36022, 9.251742 ], [ 1.363824, 9.257348 ], [ 1.367828, 9.266157 ], [ 1.371431, 9.26976 ], [ 1.377037000000144, 9.26976 ], [ 1.377838000000169, 9.273364 ], [ 1.378639, 9.28097200000019 ], [ 1.378238, 9.286177 ], [ 1.379439000000104, 9.291783000000121 ], [ 1.383444000000168, 9.300992000000178 ], [ 1.384267, 9.304375000000107 ], [ 1.388775, 9.309271 ], [ 1.4067, 9.320339000000102 ], [ 1.413000000000126, 9.324461 ], [ 1.413074, 9.325017000000114 ], [ 1.407869000000176, 9.335027 ], [ 1.403064000000143, 9.355048000000124 ], [ 1.402663000000189, 9.371064000000104 ], [ 1.402663000000189, 9.381475 ], [ 1.401462, 9.389083 ], [ 1.39986, 9.395089 ], [ 1.401062, 9.399894 ], [ 1.401862000000164, 9.405499000000194 ], [ 1.401862000000165, 9.413107000000137 ], [ 1.401462, 9.416711 ], [ 1.39986, 9.422317 ], [ 1.39986, 9.428323 ], [ 1.400661, 9.434729000000177 ], [ 1.400261, 9.444339 ], [ 1.39825900000011, 9.449945 ], [ 1.39825900000011, 9.453949 ], [ 1.398208000000182, 9.453981 ], [ 1.395055, 9.455951000000139 ], [ 1.388249, 9.455951000000143 ], [ 1.38224200000019, 9.459154000000124 ], [ 1.375836, 9.461156 ], [ 1.369029000000126, 9.460756000000174 ], [ 1.365025000000117, 9.459154000000126 ], [ 1.361421000000178, 9.457152 ], [ 1.356216, 9.455150000000119 ], [ 1.348208000000113, 9.453148 ], [ 1.344604000000174, 9.455550000000185 ] ] ] } },
{ "type": "Feature", "properties": { "Préfecture": "Avé", "Code HDX": "TG0301", "Région": "Maritime", "Zone": "Maritime hors Grand Lomé", "Surface (km²)": 1049.85 }, "geometry": { "type": "Polygon", "coordinates": [ [ [ 0.90662, 6.702843 ], [ 0.900247, 6.703035000000114 ], [ 0.90008, 6.703014000000165 ], [ 0.893219000000101, 6.702126 ], [ 0.887292000000173, 6.700783000000113 ], [ 0.884656, 6.700552 ], [ 0.881136, 6.701635000000123 ], [ 0.8801, 6.70151 ], [ 0.877116, 6.697824 ], [ 0.874307000000101, 6.694665 ], [ 0.872552, 6.689926000000127 ], [ 0.872201000000132, 6.684133 ], [ 0.870446, 6.676586 ], [ 0.868515000000172, 6.669039000000168 ], [ 0.867111, 6.663597 ], [ 0.86676, 6.659561 ], [ 0.866200000000106, 6.65550300000018 ], [ 0.865905, 6.654796 ], [ 0.865287, 6.653795 ], [ 0.864404, 6.652587 ], [ 0.863461000000143, 6.651498 ], [ 0.862224, 6.649819 ], [ 0.861400000000117, 6.648524 ], [ 0.861076000000139, 6.647876 ], [ 0.860988, 6.647493000000169 ], [ 0.860988, 6.647228 ], [ 0.861046000000158, 6.647081000000185 ], [ 0.861105, 6.646998 ], [ 0.861228, 6.646989 ], [ 0.861378000000117, 6.647064 ], [ 0.861529000000133, 6.64697 ], [ 0.861529000000132, 6.64665 ], [ 0.861134000000164, 6.645802 ], [ 0.857616, 6.635343 ], [ 0.854920000000106, 6.629502000000173 ], [ 0.853122, 6.627143 ], [ 0.849865, 6.624222 ], [ 0.846832, 6.62152600000013 ], [ 0.845371000000114, 6.619280000000117 ], [ 0.842942, 6.615194 ], [ 0.841398, 6.612666 ], [ 0.839993000000107, 6.607892 ], [ 0.837045000000103, 6.598765000000184 ], [ 0.8355, 6.596097 ], [ 0.833113, 6.587391 ], [ 0.832832, 6.584162 ], [ 0.832411, 6.578545000000133 ], [ 0.83177, 6.576359000000138 ], [ 0.830024, 6.570401000000118 ], [ 0.828339, 6.565767 ], [ 0.823523, 6.557951 ], [ 0.82021600000013, 6.554 ], [ 0.816657, 6.552719 ], [ 0.811179, 6.551711000000183 ], [ 0.808933, 6.550998000000163 ], [ 0.803448, 6.551536 ], [ 0.800358, 6.550961 ], [ 0.798389, 6.551093 ], [ 0.795734, 6.550635000000113 ], [ 0.7915220000001, 6.546282 ], [ 0.785499000000185, 6.541335000000173 ], [ 0.778356, 6.53554000000014 ], [ 0.772748000000149, 6.532141 ], [ 0.768123000000116, 6.528887000000166 ], [ 0.763919, 6.526057 ], [ 0.76125, 6.525623000000108 ], [ 0.758014000000173, 6.526311 ], [ 0.75534, 6.527002000000151 ], [ 0.752387000000169, 6.527270000000102 ], [ 0.747053, 6.5257 ], [ 0.743266, 6.523715000000151 ], [ 0.737227000000132, 6.522423000000173 ], [ 0.734843, 6.521287000000142 ], [ 0.731617, 6.519726000000162 ], [ 0.728527, 6.519291 ], [ 0.726417, 6.519703 ], [ 0.721501000000104, 6.518837000000132 ], [ 0.718835000000126, 6.517701000000103 ], [ 0.718738000000145, 6.517526 ], [ 0.718590000000121, 6.513448 ], [ 0.719716, 6.507138 ], [ 0.721115000000168, 6.501378000000103 ], [ 0.724472000000105, 6.48739 ], [ 0.726953, 6.485205 ], [ 0.727804000000106, 6.478893 ], [ 0.741332000000114, 6.461655000000178 ], [ 0.74856, 6.441094 ], [ 0.756837000000132, 6.43152 ], [ 0.7626, 6.43182 ], [ 0.776092, 6.422268 ], [ 0.782434, 6.415706000000113 ], [ 0.786051, 6.404463000000132 ], [ 0.788361, 6.400573000000179 ], [ 0.788863000000164, 6.398829 ], [ 0.799058000000116, 6.396728000000167 ], [ 0.812465, 6.395712000000116 ], [ 0.823730000000126, 6.394151 ], [ 0.835006000000136, 6.389908 ], [ 0.843061000000148, 6.386724 ], [ 0.859731, 6.374458000000175 ], [ 0.869957000000113, 6.364847 ], [ 0.893121000000178, 6.337052 ], [ 0.903908, 6.321005 ], [ 0.929634, 6.32218100000017 ], [ 0.961259000000154, 6.322843 ], [ 0.965548, 6.322859000000106 ], [ 0.965482000000122, 6.32348400000012 ], [ 0.967692, 6.322868 ], [ 0.9961, 6.324051000000167 ], [ 1.00212, 6.306544 ], [ 1.002435, 6.306653 ], [ 1.002743, 6.305180000000179 ], [ 1.025619000000119, 6.243476 ], [ 1.029751, 6.239372000000117 ], [ 1.04056, 6.234014000000171 ], [ 1.04144, 6.232550000000173 ], [ 1.048658, 6.228801000000147 ], [ 1.058295000000157, 6.220254000000124 ], [ 1.081424, 6.180172 ], [ 1.08475, 6.172836000000189 ], [ 1.08475, 6.172837 ], [ 1.084751000000154, 6.172886 ], [ 1.084755, 6.173109 ], [ 1.084866, 6.179955000000177 ], [ 1.084941, 6.180489000000135 ], [ 1.08521, 6.182400000000143 ], [ 1.08521, 6.182401 ], [ 1.09103, 6.189893000000155 ], [ 1.090921, 6.205089 ], [ 1.090711000000169, 6.223444 ], [ 1.103977000000157, 6.239415000000123 ], [ 1.104245000000163, 6.244354 ], [ 1.102643000000115, 6.247958000000152 ], [ 1.098013, 6.253947 ], [ 1.097656000000144, 6.254442 ], [ 1.094802, 6.264239 ], [ 1.092400000000112, 6.265462000000184 ], [ 1.089021000000116, 6.267277 ], [ 1.087749, 6.269101 ], [ 1.086336000000188, 6.271345 ], [ 1.087031000000139, 6.273317000000133 ], [ 1.087023, 6.275566 ], [ 1.084205, 6.277665000000185 ], [ 1.080965, 6.279763 ], [ 1.078703000000132, 6.283410000000174 ], [ 1.075734000000125, 6.29024 ], [ 1.072974, 6.286735000000136 ], [ 1.067171, 6.278910000000168 ], [ 1.067058, 6.279008 ], [ 1.064915, 6.280870000000162 ], [ 1.059693, 6.286897000000181 ], [ 1.053771, 6.292218000000105 ], [ 1.050946000000124, 6.296145000000137 ], [ 1.0470830000001, 6.321548000000177 ], [ 1.046325, 6.326531 ], [ 1.053098, 6.327938 ], [ 1.060595, 6.327167 ], [ 1.063601, 6.326725 ], [ 1.06427600000012, 6.326615 ], [ 1.064726, 6.326617 ], [ 1.065846, 6.327634000000161 ], [ 1.067302, 6.328989 ], [ 1.069019, 6.336051 ], [ 1.072731, 6.352886000000182 ], [ 1.078038000000163, 6.387544 ], [ 1.078079000000173, 6.387811000000114 ], [ 1.07431, 6.395548 ], [ 1.074018, 6.400208 ], [ 1.073841000000185, 6.403511 ], [ 1.074582, 6.410752 ], [ 1.074961000000144, 6.41473400000018 ], [ 1.0749, 6.415031 ], [ 1.075437, 6.420210000000111 ], [ 1.075714, 6.422882000000187 ], [ 1.077062, 6.429410000000132 ], [ 1.078748000000132, 6.437312 ], [ 1.078044000000148, 6.442115000000116 ], [ 1.076996000000122, 6.446917 ], [ 1.078354, 6.450699000000157 ], [ 1.07318800000013, 6.455485 ], [ 1.068890000000181, 6.461696 ], [ 1.066982, 6.463014 ], [ 1.065905000000101, 6.463200000000143 ], [ 1.065604, 6.464382 ], [ 1.064548, 6.471244 ], [ 1.061820000000125, 6.477140000000134 ], [ 1.060742000000118, 6.479468 ], [ 1.060387, 6.482557000000155 ], [ 1.059002, 6.485641 ], [ 1.056247000000155, 6.488033 ], [ 1.054175000000158, 6.491458 ], [ 1.051073, 6.494879 ], [ 1.050369, 6.499339000000132 ], [ 1.04554400000012, 6.504470000000141 ], [ 1.038319, 6.508905 ], [ 1.027036000000122, 6.514248 ], [ 1.022501, 6.516395 ], [ 1.01663, 6.525641000000177 ], [ 1.014216, 6.528378000000147 ], [ 1.009406000000183, 6.529732 ], [ 1.006748000000186, 6.529828 ], [ 1.005182000000104, 6.537657000000137 ], [ 1.001344000000132, 6.546293 ], [ 0.995586000000173, 6.558191 ], [ 0.992899, 6.561454 ], [ 0.988294, 6.5651 ], [ 0.987493, 6.566915000000166 ], [ 0.988547, 6.576531000000159 ], [ 0.99151, 6.604444 ], [ 0.991256, 6.612792000000127 ], [ 0.990156000000127, 6.613227 ], [ 0.986624, 6.617387000000178 ], [ 0.980718, 6.632943000000125 ], [ 0.979961000000173, 6.634935 ], [ 0.976659000000154, 6.636460000000169 ], [ 0.972703, 6.636883000000181 ], [ 0.967429, 6.637081 ], [ 0.962592000000143, 6.63772000000017 ], [ 0.956876, 6.638795 ], [ 0.95291600000013, 6.639877 ], [ 0.950709000000131, 6.642285 ], [ 0.948920000000101, 6.649966000000177 ], [ 0.948671000000105, 6.656995000000165 ], [ 0.946673000000145, 6.66182 ], [ 0.939628, 6.665306 ], [ 0.932675000000131, 6.672856000000137 ], [ 0.931549, 6.679222000000152 ], [ 0.930644000000143, 6.685589000000106 ], [ 0.924480000000132, 6.688200000000109 ], [ 0.91809, 6.692566 ], [ 0.912797000000126, 6.697157000000118 ], [ 0.90662, 6.702843 ] ] ] } },
{ "type": "Feature", "properties": { "Préfecture": "Bas-Mono", "Code HDX": "TG0302", "Région": "Maritime", "Zone": "Maritime hors Grand Lomé", "Surface (km²)": 329.4 }, "geometry": { "type": "Polygon", "coordinates": [ [ [ 1.675705, 6.579606000000181 ], [ 1.674157, 6.583119 ], [ 1.670195000000149, 6.585526 ], [ 1.662726, 6.584187000000155 ], [ 1.65899700000017, 6.581540000000189 ], [ 1.65615, 6.577796 ], [ 1.650654, 6.57888 ], [ 1.643616000000123, 6.580839 ], [ 1.641413000000114, 6.582811000000163 ], [ 1.641036, 6.583085 ], [ 1.641075, 6.582929000000149 ], [ 1.639161000000115, 6.581556 ], [ 1.636066, 6.577998 ], [ 1.636021, 6.577946000000169 ], [ 1.63433300000014, 6.577717 ], [ 1.633995, 6.577941000000123 ], [ 1.633882000000142, 6.578278 ], [ 1.63343, 6.578952 ], [ 1.631068, 6.578495 ], [ 1.629386000000125, 6.576465 ], [ 1.625788000000114, 6.575555 ], [ 1.616339, 6.574742 ], [ 1.606553, 6.573589 ], [ 1.602841, 6.573241 ], [ 1.596875, 6.574237 ], [ 1.59547, 6.574233 ], [ 1.592037000000175, 6.574224 ], [ 1.585168, 6.571068 ], [ 1.575543, 6.569226 ], [ 1.57536400000015, 6.568986 ], [ 1.570529000000136, 6.567847 ], [ 1.565696000000116, 6.566033000000173 ], [ 1.560753, 6.563543 ], [ 1.555173, 6.560518 ], [ 1.554911, 6.560376000000189 ], [ 1.559196, 6.556900000000155 ], [ 1.563597000000186, 6.552412 ], [ 1.564499000000183, 6.551740000000108 ], [ 1.564164000000176, 6.550951000000167 ], [ 1.562593, 6.549371000000178 ], [ 1.559902000000136, 6.546326000000136 ], [ 1.556262, 6.542356 ], [ 1.55319900000012, 6.53773200000012 ], [ 1.551674, 6.533113 ], [ 1.553004000000158, 6.528941 ], [ 1.553006000000153, 6.528502000000116 ], [ 1.554766, 6.527628 ], [ 1.556524, 6.527633000000151 ], [ 1.558724, 6.52676 ], [ 1.563564, 6.524576000000138 ], [ 1.564454000000183, 6.520843000000184 ], [ 1.565349, 6.515132000000166 ], [ 1.570044000000166, 6.508132000000102 ], [ 1.572851, 6.503945 ], [ 1.579444, 6.503524 ], [ 1.582529, 6.500456 ], [ 1.581880000000183, 6.496938 ], [ 1.579689, 6.494514 ], [ 1.579043, 6.489898 ], [ 1.577519000000109, 6.484839 ], [ 1.577318000000162, 6.478245 ], [ 1.578654, 6.471656 ], [ 1.575159, 6.464614 ], [ 1.572749000000158, 6.46219 ], [ 1.572104, 6.457133000000113 ], [ 1.571674, 6.453836 ], [ 1.574538000000189, 6.450987 ], [ 1.581346, 6.45210500000013 ], [ 1.584641, 6.452114000000165 ], [ 1.586618000000158, 6.452119 ], [ 1.586842, 6.450801 ], [ 1.587065000000166, 6.4494830000001 ], [ 1.585752, 6.447722 ], [ 1.583783, 6.444639 ], [ 1.582692, 6.441999000000123 ], [ 1.584674, 6.440247000000111 ], [ 1.586646000000145, 6.44201 ], [ 1.586856000000125, 6.445747 ], [ 1.587951000000146, 6.4468490000001 ], [ 1.58971, 6.446414000000174 ], [ 1.591697, 6.442903000000114 ], [ 1.589505, 6.441139 ], [ 1.588189000000114, 6.440256000000146 ], [ 1.586655000000178, 6.438934000000189 ], [ 1.585564000000147, 6.436293000000148 ], [ 1.58491, 6.434314 ], [ 1.583378, 6.432332000000144 ], [ 1.584042000000181, 6.430575 ], [ 1.586238000000151, 6.430801000000145 ], [ 1.58843000000013, 6.432565 ], [ 1.590852000000154, 6.430594 ], [ 1.593273000000124, 6.429282 ], [ 1.595466, 6.430387000000167 ], [ 1.595410000000187, 6.430828 ], [ 1.595698, 6.43693 ], [ 1.594979, 6.439254000000175 ], [ 1.594508000000133, 6.440801 ], [ 1.594575, 6.441946000000144 ], [ 1.59545, 6.445781 ], [ 1.597267000000159, 6.449416 ], [ 1.598545, 6.450829 ], [ 1.601372, 6.451165000000173 ], [ 1.604737, 6.451031000000114 ], [ 1.606687000000136, 6.450426000000107 ], [ 1.606759, 6.450506000000189 ], [ 1.60689, 6.450358 ], [ 1.608169, 6.448473 ], [ 1.608236, 6.44706 ], [ 1.607698, 6.44383 ], [ 1.605343000000119, 6.440801 ], [ 1.601574, 6.438379 ], [ 1.599959000000126, 6.43784 ], [ 1.599286, 6.437302000000159 ], [ 1.599421, 6.436427 ], [ 1.601103000000137, 6.435754000000145 ], [ 1.604871000000117, 6.435889 ], [ 1.608236, 6.435754000000144 ], [ 1.611534, 6.435149 ], [ 1.612745, 6.433735 ], [ 1.613687, 6.429832 ], [ 1.614562000000148, 6.426736 ], [ 1.618196, 6.417449 ], [ 1.621763000000158, 6.411393000000146 ], [ 1.622702, 6.409439 ], [ 1.622959, 6.409083000000123 ], [ 1.626492, 6.402587 ], [ 1.627738, 6.396437 ], [ 1.62863300000015, 6.390462 ], [ 1.627762000000189, 6.387470000000121 ], [ 1.626542000000143, 6.385937000000126 ], [ 1.626457, 6.382456 ], [ 1.626288000000102, 6.382268000000124 ], [ 1.626457, 6.382057 ], [ 1.627599, 6.378632 ], [ 1.628527, 6.375349000000142 ], [ 1.629509000000155, 6.372198 ], [ 1.630239000000131, 6.369855000000143 ], [ 1.631952000000126, 6.364503000000183 ], [ 1.633665000000121, 6.363147 ], [ 1.636782, 6.361667000000181 ], [ 1.636811, 6.361704 ], [ 1.63691, 6.361596000000133 ], [ 1.640427, 6.359586 ], [ 1.644354, 6.357805 ], [ 1.650155, 6.3568 ], [ 1.652377, 6.356334000000174 ], [ 1.652359, 6.356568000000152 ], [ 1.652700000000152, 6.356466 ], [ 1.653414000000112, 6.358696 ], [ 1.653146000000106, 6.361104000000124 ], [ 1.652021000000104, 6.36356400000011 ], [ 1.651380000000188, 6.365273000000115 ], [ 1.650596000000178, 6.367485000000159 ], [ 1.649953, 6.36877 ], [ 1.649882, 6.369912 ], [ 1.650016000000107, 6.370259 ], [ 1.650239000000113, 6.370482000000153 ], [ 1.65345, 6.37390800000014 ], [ 1.654587000000163, 6.374780000000158 ], [ 1.659245000000112, 6.3798 ], [ 1.661240000000134, 6.382391000000154 ], [ 1.662299000000189, 6.38325600000013 ], [ 1.664154, 6.384612 ], [ 1.668007000000102, 6.386538 ], [ 1.672574000000168, 6.388536 ], [ 1.6768560000001, 6.390249 ], [ 1.677018, 6.390360000000156 ], [ 1.68014, 6.390646000000173 ], [ 1.681361000000153, 6.39075700000012 ], [ 1.686703, 6.391274 ], [ 1.689298000000122, 6.389912 ], [ 1.693761000000109, 6.390068000000156 ], [ 1.694551000000104, 6.390718000000106 ], [ 1.695127000000127, 6.390791 ], [ 1.695633000000101, 6.389856000000179 ], [ 1.695709, 6.388272 ], [ 1.697309, 6.386970000000133 ], [ 1.702881000000104, 6.38913 ], [ 1.706295000000125, 6.396865000000105 ], [ 1.709297, 6.397302 ], [ 1.714874000000123, 6.3977450000001 ], [ 1.722166, 6.398622 ], [ 1.727299, 6.405073000000186 ], [ 1.730724, 6.408086 ], [ 1.735444, 6.408098000000165 ], [ 1.74747, 6.403835 ], [ 1.75562500000018, 6.402567 ], [ 1.757762, 6.406436000000156 ], [ 1.759451, 6.417600000000164 ], [ 1.760851, 6.424331 ], [ 1.764322000000163, 6.424339000000145 ], [ 1.766742, 6.423027000000104 ], [ 1.767852, 6.418194 ], [ 1.773126000000161, 6.417547 ], [ 1.77563, 6.417553000000169 ], [ 1.777521000000149, 6.417558 ], [ 1.780587, 6.421302 ], [ 1.780794, 6.426797000000137 ], [ 1.776393, 6.429423000000155 ], [ 1.772667000000183, 6.425898000000188 ], [ 1.764754, 6.427198 ], [ 1.757708, 6.433554000000187 ], [ 1.753945000000102, 6.445193 ], [ 1.753053, 6.450466 ], [ 1.754360000000133, 6.455084 ], [ 1.75303, 6.459697000000176 ], [ 1.750823, 6.464087000000178 ], [ 1.744654, 6.470885 ], [ 1.740689, 6.474831 ], [ 1.736295, 6.47438 ], [ 1.733873, 6.476352000000133 ], [ 1.737597000000164, 6.480977000000166 ], [ 1.735168000000101, 6.486026000000153 ], [ 1.73033, 6.487552000000106 ], [ 1.72878, 6.491944 ], [ 1.728990000000124, 6.49612 ], [ 1.727226, 6.498533 ], [ 1.725899, 6.501826 ], [ 1.722604, 6.501598000000172 ], [ 1.721293000000117, 6.498518 ], [ 1.719543000000101, 6.495437 ], [ 1.716903000000173, 6.496529000000181 ], [ 1.712499, 6.500254 ], [ 1.708767, 6.498926 ], [ 1.705914, 6.497600000000147 ], [ 1.703273, 6.499132 ], [ 1.695579, 6.500430000000165 ], [ 1.69425, 6.504603000000147 ], [ 1.694237, 6.509657000000117 ], [ 1.696865, 6.512961000000132 ], [ 1.702359, 6.512975 ], [ 1.701859, 6.536270000000114 ], [ 1.695689000000129, 6.542847 ], [ 1.698533, 6.548129 ], [ 1.696544000000131, 6.552299000000176 ], [ 1.696321000000182, 6.55339800000013 ], [ 1.687750000000108, 6.553595 ], [ 1.683996, 6.560618000000148 ], [ 1.673899, 6.55619600000017 ], [ 1.670823, 6.555968000000122 ], [ 1.668400000000133, 6.55794 ], [ 1.66640800000016, 6.563429 ], [ 1.674184, 6.573009 ], [ 1.675705, 6.579606000000181 ] ] ] } },
{ "type": "Feature", "properties": { "Préfecture": "Bassar", "Code HDX": "TG0202", "Région": "Kara", "Zone": "Kara", "Surface (km²)": 3456.9 }, "geometry": { "type": "Polygon", "coordinates": [ [ [ 0.873996000000147, 9.661210000000152 ], [ 0.870637, 9.664502 ], [ 0.85551, 9.643111 ], [ 0.844571, 9.63831 ], [ 0.831691000000149, 9.629375 ], [ 0.828176, 9.630673 ], [ 0.824154, 9.639129000000136 ], [ 0.824427, 9.644279 ], [ 0.819807, 9.650611 ], [ 0.812175, 9.650865 ], [ 0.807026000000177, 9.644775 ], [ 0.806323000000134, 9.644231 ], [ 0.803078, 9.641721000000185 ], [ 0.797956, 9.631390000000179 ], [ 0.797081000000162, 9.625024000000167 ], [ 0.796219, 9.616841 ], [ 0.797806, 9.60746200000011 ], [ 0.79451, 9.598052000000107 ], [ 0.79180200000019, 9.591977 ], [ 0.787567, 9.586195000000144 ], [ 0.784846000000186, 9.582241000000179 ], [ 0.779059, 9.580689 ], [ 0.776011, 9.580064 ], [ 0.773239000000103, 9.583983000000103 ], [ 0.764901000000123, 9.599073 ], [ 0.759988, 9.603585000000121 ], [ 0.75540500000011, 9.604464 ], [ 0.749601, 9.605334 ], [ 0.74198, 9.604073 ], [ 0.729554000000121, 9.602362 ], [ 0.72975, 9.606575 ], [ 0.730170000000101, 9.610362 ], [ 0.730311, 9.615131000000131 ], [ 0.730451, 9.616674000000103 ], [ 0.738255, 9.628312 ], [ 0.738447000000178, 9.628598000000126 ], [ 0.720631, 9.63477 ], [ 0.709822000000146, 9.64287700000011 ], [ 0.707023000000163, 9.628981000000181 ], [ 0.707385000000102, 9.620503 ], [ 0.704989000000126, 9.613824 ], [ 0.700129000000175, 9.61046 ], [ 0.693176, 9.60072300000013 ], [ 0.687423, 9.594021 ], [ 0.685628, 9.58886100000012 ], [ 0.683539, 9.581881 ], [ 0.679945, 9.571863 ], [ 0.679950000000133, 9.57114 ], [ 0.680005, 9.563081000000127 ], [ 0.678712000000189, 9.560140000000104 ], [ 0.673779, 9.558880000000157 ], [ 0.671877, 9.558397000000125 ], [ 0.664942, 9.556636 ], [ 0.663642, 9.553549000000146 ], [ 0.661278, 9.551890000000187 ], [ 0.65838500000018, 9.54946 ], [ 0.656013, 9.548939 ], [ 0.655029000000127, 9.549112 ], [ 0.654624, 9.548592000000157 ], [ 0.6547020000001, 9.548345000000156 ], [ 0.65497100000016, 9.547492 ], [ 0.656302000000152, 9.54708700000015 ], [ 0.65826900000019, 9.54604600000016 ], [ 0.662088000000154, 9.542921 ], [ 0.671867000000135, 9.527761000000169 ], [ 0.675357, 9.518559000000151 ], [ 0.675431000000175, 9.517622 ], [ 0.677652, 9.504917 ], [ 0.677984, 9.504919 ], [ 0.677960000000155, 9.504616 ], [ 0.68594400000012, 9.496795 ], [ 0.699109000000136, 9.484197000000107 ], [ 0.699087, 9.483859 ], [ 0.688616, 9.480398 ], [ 0.687681000000112, 9.477160000000138 ], [ 0.684985, 9.476012 ], [ 0.673516000000177, 9.475936000000104 ], [ 0.66474600000015, 9.473698 ], [ 0.653295, 9.470956000000172 ], [ 0.644268, 9.470653000000143 ], [ 0.638649, 9.471585000000173 ], [ 0.626425, 9.474894 ], [ 0.608854, 9.475017 ], [ 0.60543, 9.476205000000165 ], [ 0.601763, 9.477149000000111 ], [ 0.600053000000115, 9.477379000000155 ], [ 0.597618000000124, 9.476636 ], [ 0.594193, 9.477824000000167 ], [ 0.592487000000118, 9.477569 ], [ 0.588568, 9.479723 ], [ 0.586378, 9.478739 ], [ 0.582461000000138, 9.48065 ], [ 0.559068, 9.475885000000176 ], [ 0.554836, 9.470525 ], [ 0.550262000000146, 9.461772 ], [ 0.54838500000011, 9.451099000000172 ], [ 0.54359, 9.439195 ], [ 0.540958, 9.431909 ], [ 0.539223000000163, 9.429188000000183 ], [ 0.547833, 9.425211000000104 ], [ 0.550248, 9.420497000000125 ], [ 0.556493, 9.413442000000144 ], [ 0.562277, 9.404019000000117 ], [ 0.562333, 9.395975000000135 ], [ 0.563362, 9.385099 ], [ 0.563871000000121, 9.383691 ], [ 0.560573, 9.375143 ], [ 0.558267, 9.364244000000156 ], [ 0.556401, 9.358554 ], [ 0.553109000000177, 9.352380000000153 ], [ 0.545533, 9.34570300000013 ], [ 0.543658000000107, 9.341431000000169 ], [ 0.543211, 9.33717 ], [ 0.548097, 9.319696 ], [ 0.544829, 9.31021 ], [ 0.534875000000113, 9.303044000000114 ], [ 0.515516000000106, 9.278778 ], [ 0.508439, 9.269266 ], [ 0.505165, 9.260726 ], [ 0.502897000000132, 9.244623 ], [ 0.515449, 9.220579 ], [ 0.52553200000017, 9.208819000000174 ], [ 0.526513000000135, 9.204567000000111 ], [ 0.514701000000173, 9.191238000000169 ], [ 0.500142, 9.162274 ], [ 0.487826000000155, 9.153199 ], [ 0.484491000000105, 9.153649 ], [ 0.470730000000118, 9.146929 ], [ 0.468863, 9.141711 ], [ 0.476234, 9.109115 ], [ 0.472961000000168, 9.10057600000016 ], [ 0.473223000000189, 9.100412 ], [ 0.472964, 9.100103000000102 ], [ 0.470601000000102, 9.097721 ], [ 0.466327, 9.096271000000115 ], [ 0.460195000000112, 9.088185 ], [ 0.457888, 9.07776 ], [ 0.455545000000143, 9.07253900000012 ], [ 0.454673000000128, 9.061178000000153 ], [ 0.452893, 9.043659000000103 ], [ 0.452949000000102, 9.035616 ], [ 0.453961, 9.027106 ], [ 0.455422000000112, 9.022385 ], [ 0.460740000000102, 9.010593 ], [ 0.466516000000184, 9.001170000000174 ], [ 0.472299000000135, 8.9908 ], [ 0.482385, 8.977621000000171 ], [ 0.491077, 8.959227 ], [ 0.497811000000127, 8.948863000000188 ], [ 0.503591, 8.938492 ], [ 0.508861000000138, 8.933323 ], [ 0.516085, 8.920596000000103 ], [ 0.515689, 8.908764 ], [ 0.516701, 8.899780000000133 ], [ 0.520568000000139, 8.890816 ], [ 0.526798, 8.884233 ], [ 0.527778000000184, 8.879981 ], [ 0.528285, 8.875252000000161 ], [ 0.52689, 8.870511 ], [ 0.523077, 8.871432 ], [ 0.519281, 8.869988 ], [ 0.517422, 8.863351 ], [ 0.518405, 8.858626000000131 ], [ 0.517483000000141, 8.854361 ], [ 0.510867000000189, 8.847693 ], [ 0.50486, 8.842041000000107 ], [ 0.503776, 8.841021 ], [ 0.511378, 8.842491 ], [ 0.524682000000155, 8.844945 ], [ 0.532753, 8.847364 ], [ 0.539388000000145, 8.851194 ], [ 0.544108, 8.856903 ], [ 0.546915000000126, 8.864019 ], [ 0.547435000000178, 8.86454300000014 ], [ 0.54991600000011, 8.871158 ], [ 0.553419, 8.875162000000158 ], [ 0.559926000000189, 8.878665000000128 ], [ 0.56943600000011, 8.878165000000138 ], [ 0.582949000000156, 8.876663 ], [ 0.588216, 8.878506 ], [ 0.59090300000014, 8.879447000000139 ], [ 0.592477, 8.88135 ], [ 0.591961, 8.887498000000164 ], [ 0.590985, 8.891278000000113 ], [ 0.586675, 8.895509 ], [ 0.579043000000127, 8.898298 ], [ 0.578042, 8.905863000000179 ], [ 0.581335, 8.911562000000117 ], [ 0.584165, 8.915366 ], [ 0.587001, 8.918224000000123 ], [ 0.592702000000145, 8.919681 ], [ 0.605992000000186, 8.924972000000135 ], [ 0.613584, 8.928333 ], [ 0.618781000000184, 8.934045 ], [ 0.623034000000189, 8.938804000000115 ], [ 0.628241, 8.943096000000137 ], [ 0.632020000000125, 8.947379000000124 ], [ 0.63381, 8.964900000000114 ], [ 0.63755, 8.975334000000148 ], [ 0.642270000000167, 8.981516 ], [ 0.647975, 8.982499000000191 ], [ 0.655581, 8.983967000000179 ], [ 0.660349000000167, 8.98257800000016 ], [ 0.665040000000147, 8.982802 ], [ 0.670539, 8.987777000000106 ], [ 0.674543, 8.993783000000178 ], [ 0.677546000000178, 9.000290000000179 ], [ 0.68105, 9.004294000000185 ], [ 0.683052, 9.007797 ], [ 0.685054, 9.012803 ], [ 0.691060000000107, 9.014805000000138 ], [ 0.696111, 9.012447 ], [ 0.696333000000153, 9.012617000000146 ], [ 0.701099000000113, 9.011701000000185 ], [ 0.704898, 9.013144 ], [ 0.709655000000168, 9.013647000000104 ], [ 0.713912000000165, 9.01793300000014 ], [ 0.71531000000016, 9.022674 ], [ 0.715432000000135, 9.02453 ], [ 0.715774000000181, 9.02457 ], [ 0.720002, 9.033587 ], [ 0.722341, 9.040227000000188 ], [ 0.725173, 9.044031000000187 ], [ 0.734638000000132, 9.053081 ], [ 0.742755000000102, 9.049345000000185 ], [ 0.747063, 9.045586 ], [ 0.756589, 9.044698 ], [ 0.762746, 9.049941000000103 ], [ 0.767489, 9.052809 ], [ 0.773672, 9.053793000000155 ], [ 0.78036, 9.050048000000119 ], [ 0.781873000000189, 9.036333 ], [ 0.785748000000183, 9.025471000000152 ], [ 0.792891, 9.025041000000101 ], [ 0.80960400000015, 9.016622 ], [ 0.822001, 9.013383 ], [ 0.832001, 9.012969000000112 ], [ 0.842, 9.012555000000132 ], [ 0.851538, 9.009771 ], [ 0.86633200000017, 9.003704 ], [ 0.872932, 9.00429 ], [ 0.873286, 9.004136 ], [ 0.874152, 9.004254 ], [ 0.874466000000156, 9.004242000000149 ], [ 0.87664, 9.004158000000134 ], [ 0.879417000000159, 9.004505 ], [ 0.885064, 9.005211 ], [ 0.891908000000172, 9.006264000000101 ], [ 0.896225000000129, 9.00679 ], [ 0.904227, 9.009212000000103 ], [ 0.908758, 9.00992 ], [ 0.910966, 9.010265 ], [ 0.920021000000133, 9.011739000000146 ], [ 0.926545, 9.012545 ], [ 0.938513000000171, 9.014024000000177 ], [ 0.947293000000116, 9.015109 ], [ 0.949609, 9.01553 ], [ 0.959086000000127, 9.0229 ], [ 0.966562000000124, 9.026796 ], [ 0.969510000000184, 9.030166000000122 ], [ 0.972464000000173, 9.034086000000118 ], [ 0.972866, 9.034619 ], [ 0.97530200000017, 9.037852000000157 ], [ 0.975489000000152, 9.039382000000103 ], [ 0.975519, 9.039623000000121 ], [ 0.976144, 9.044697 ], [ 0.981363000000159, 9.050136000000125 ], [ 0.982277000000124, 9.051089000000104 ], [ 0.982378000000153, 9.051194 ], [ 0.98362, 9.052488 ], [ 0.986667, 9.053077 ], [ 0.992886, 9.054278000000124 ], [ 0.99815, 9.057543000000125 ], [ 0.998764, 9.058401 ], [ 0.99964, 9.058953 ], [ 1.000228, 9.05932300000012 ], [ 1.000278, 9.059288 ], [ 1.000201, 9.059399 ], [ 1.001845, 9.062715000000141 ], [ 1.002161, 9.063158 ], [ 1.003082, 9.068843000000186 ], [ 1.001143, 9.074985 ], [ 0.997295000000179, 9.082064 ], [ 0.991038, 9.093863000000169 ], [ 0.989099, 9.100005000000181 ], [ 0.987628, 9.107570000000125 ], [ 0.987033000000167, 9.128866000000185 ], [ 0.987937, 9.13739 ], [ 0.98740800000013, 9.146853 ], [ 0.985423, 9.161042 ], [ 0.98534, 9.175714 ], [ 0.988605, 9.188038 ], [ 0.993325000000141, 9.195637 ], [ 0.993299, 9.20037 ], [ 0.999936, 9.206087 ], [ 1.006583, 9.20991 ], [ 1.01467, 9.211848000000145 ], [ 1.017876, 9.213641 ], [ 1.018945, 9.214238 ], [ 1.024645, 9.21711000000016 ], [ 1.028417, 9.22423 ], [ 1.033105000000148, 9.237982000000157 ], [ 1.033439, 9.258484 ], [ 1.03346, 9.259757 ], [ 1.030993, 9.27489 ], [ 1.026168, 9.28574900000018 ], [ 1.020908, 9.28903300000013 ], [ 1.009939, 9.290866 ], [ 1.004192, 9.29604 ], [ 1.001785, 9.300286 ], [ 0.998765000000105, 9.304419 ], [ 0.990394, 9.309035 ], [ 0.990027000000111, 9.31226 ], [ 0.988974, 9.313867000000185 ], [ 0.987348000000111, 9.314089 ], [ 0.985725000000117, 9.31384900000012 ], [ 0.984333, 9.313726 ], [ 0.983047, 9.315563000000171 ], [ 0.981638, 9.318321 ], [ 0.981158000000106, 9.321084 ], [ 0.979625, 9.32534 ], [ 0.979254, 9.326653 ], [ 0.976607000000115, 9.328543 ], [ 0.973729, 9.331840000000115 ], [ 0.970383, 9.333714 ], [ 0.957489000000123, 9.338373000000104 ], [ 0.956971, 9.345469000000151 ], [ 0.955988000000104, 9.35067 ], [ 0.955980000000181, 9.352090000000146 ], [ 0.956238, 9.356931 ], [ 0.956531, 9.357639 ], [ 0.956531, 9.363245000000118 ], [ 0.954129000000136, 9.370852000000127 ], [ 0.957332000000123, 9.384466 ], [ 0.957732, 9.386068 ], [ 0.966942000000131, 9.395678 ], [ 0.971346, 9.403286 ], [ 0.974149000000125, 9.413696000000186 ], [ 0.978153000000134, 9.431715 ], [ 0.980956, 9.444928 ], [ 0.983833, 9.451760000000148 ], [ 0.978954000000158, 9.452136000000168 ], [ 0.975751000000173, 9.458943 ], [ 0.979755000000183, 9.470154 ], [ 0.984159, 9.474559 ], [ 0.985361, 9.479363000000147 ], [ 0.988164000000154, 9.485370000000161 ], [ 0.98456, 9.48937400000017 ], [ 0.98736300000013, 9.491776000000131 ], [ 0.986962000000176, 9.496181 ], [ 0.981757, 9.501386 ], [ 0.984159, 9.508193 ], [ 0.988564, 9.513398000000164 ], [ 0.990166, 9.51780300000013 ], [ 0.99777300000011, 9.521006000000114 ], [ 1.002578, 9.529415 ], [ 1.006983, 9.53502 ], [ 1.007383000000118, 9.548234 ], [ 1.007784, 9.557043 ], [ 1.010587, 9.569055 ], [ 1.010461, 9.569999000000166 ], [ 1.009786, 9.575061000000121 ], [ 1.007784, 9.59348 ], [ 0.992168000000163, 9.600287 ], [ 0.985361, 9.60309 ], [ 0.97455, 9.605493 ], [ 0.966541000000177, 9.610698000000184 ], [ 0.962537, 9.617104000000152 ], [ 0.95893400000017, 9.62271 ], [ 0.951326, 9.624712000000104 ], [ 0.942917, 9.623911 ], [ 0.939313, 9.623911 ], [ 0.930905, 9.619908000000176 ], [ 0.930053, 9.619903 ], [ 0.913277, 9.633527 ], [ 0.916908, 9.645495 ], [ 0.915589, 9.645373 ], [ 0.915554, 9.651052 ], [ 0.9126720000001, 9.654348 ], [ 0.906466, 9.655257000000178 ], [ 0.899292, 9.65852600000011 ], [ 0.895927, 9.662765 ], [ 0.882587, 9.660316 ], [ 0.873996000000147, 9.661210000000152 ] ] ] } },
{ "type": "Feature", "properties": { "Préfecture": "Binah", "Code HDX": "TG0203", "Région": "Kara", "Zone": "Kara", "Surface (km²)": 580.79 }, "geometry": { "type": "Polygon", "coordinates": [ [ [ 1.363914, 9.885785000000167 ], [ 1.366421000000173, 9.947709 ], [ 1.366857, 9.974145000000133 ], [ 1.366149, 10.002263000000141 ], [ 1.365115000000117, 10.003277 ], [ 1.364113000000145, 10.012135 ], [ 1.341565, 10.02498400000019 ], [ 1.33783000000011, 10.021244 ], [ 1.301015000000119, 9.980003 ], [ 1.289397, 9.92314 ], [ 1.287203, 9.910238000000163 ], [ 1.287195000000111, 9.910194 ], [ 1.285071, 9.89979 ], [ 1.280465000000106, 9.87817000000018 ], [ 1.275411000000134, 9.872745000000174 ], [ 1.277961, 9.870958000000144 ], [ 1.283791000000178, 9.866669000000174 ], [ 1.287080000000174, 9.862366000000122 ], [ 1.284206, 9.856593 ], [ 1.278055, 9.852962 ], [ 1.278639, 9.85236800000013 ], [ 1.276968000000181, 9.852596000000174 ], [ 1.265666000000124, 9.862257000000168 ], [ 1.253993, 9.872439 ], [ 1.236336, 9.849147 ], [ 1.221195, 9.829991000000119 ], [ 1.213267000000144, 9.819512000000145 ], [ 1.21041200000019, 9.810499000000107 ], [ 1.208634000000131, 9.803651000000171 ], [ 1.205025000000149, 9.800032 ], [ 1.192398, 9.786288 ], [ 1.188436000000138, 9.78086800000017 ], [ 1.189950000000182, 9.769359 ], [ 1.194735000000151, 9.756787 ], [ 1.197815000000106, 9.751756000000171 ], [ 1.198005, 9.751629000000149 ], [ 1.220796000000121, 9.738418 ], [ 1.221268000000123, 9.738265000000181 ], [ 1.231658, 9.717026 ], [ 1.241738, 9.716472 ], [ 1.242682000000173, 9.711024 ], [ 1.24606, 9.707406 ], [ 1.249428, 9.704447000000187 ], [ 1.257717000000184, 9.697165 ], [ 1.258907, 9.697092 ], [ 1.25884, 9.696786 ], [ 1.26244400000013, 9.692382 ], [ 1.272855, 9.689178 ], [ 1.273019, 9.68910000000011 ], [ 1.281263, 9.685174000000188 ], [ 1.28283, 9.684330000000157 ], [ 1.296879, 9.6767660000001 ], [ 1.298628000000122, 9.674142 ], [ 1.305688, 9.663552 ], [ 1.306089, 9.653942 ], [ 1.303686000000141, 9.642731 ], [ 1.304087, 9.63232 ], [ 1.304833, 9.630363000000102 ], [ 1.30729, 9.623911 ], [ 1.312896000000137, 9.618706 ], [ 1.312896000000137, 9.615903 ], [ 1.316099000000122, 9.611098 ], [ 1.322506000000146, 9.607094 ], [ 1.32691, 9.606293 ], [ 1.330409, 9.606002000000101 ], [ 1.330514000000165, 9.603491000000188 ], [ 1.330514000000164, 9.600139000000127 ], [ 1.324908000000107, 9.598686000000155 ], [ 1.318902, 9.598686000000159 ], [ 1.310093, 9.597885000000131 ], [ 1.302485, 9.598285 ], [ 1.296295, 9.599059000000127 ], [ 1.296078, 9.599086 ], [ 1.290473, 9.58106800000013 ], [ 1.286068000000114, 9.575061000000119 ], [ 1.286469, 9.573059 ], [ 1.27766, 9.558645 ], [ 1.276210000000162, 9.554659000000127 ], [ 1.276058, 9.554240000000107 ], [ 1.270853000000102, 9.538224 ], [ 1.300883, 9.520606 ], [ 1.326109, 9.505791000000102 ], [ 1.360945, 9.486571 ], [ 1.36065, 9.487014000000103 ], [ 1.35854200000017, 9.490175 ], [ 1.359343, 9.507793 ], [ 1.347732000000121, 9.536622 ], [ 1.342526, 9.545832 ], [ 1.34301, 9.548898 ], [ 1.35854200000017, 9.588675 ], [ 1.366551, 9.611499 ], [ 1.366551, 9.649938 ], [ 1.369754, 9.66155 ], [ 1.366150000000119, 9.682772 ], [ 1.365685, 9.683547 ], [ 1.36575, 9.68357200000014 ], [ 1.363347, 9.697186000000157 ], [ 1.36535, 9.727217000000163 ], [ 1.366150000000118, 9.739630000000147 ], [ 1.366097, 9.739895 ], [ 1.366754000000185, 9.750815000000102 ], [ 1.366119, 9.806606 ], [ 1.365922, 9.807447 ], [ 1.366478, 9.807327 ], [ 1.366475, 9.808047000000101 ], [ 1.366401000000111, 9.823165 ], [ 1.363914, 9.885785000000167 ] ] ] } },
{ "type": "Feature", "properties": { "Préfecture": "Blitta", "Code HDX": "TG0101", "Région": "Centrale", "Zone": "Centrale", "Surface (km²)": 3129.57 }, "geometry": { "type": "Polygon", "coordinates": [ [ [ 0.771854, 8.412714000000108 ], [ 0.772351000000185, 8.388966 ], [ 0.738135000000113, 8.369339 ], [ 0.723291, 8.374291000000142 ], [ 0.714441, 8.364052000000131 ], [ 0.713601000000153, 8.36308 ], [ 0.714718, 8.357329 ], [ 0.721972, 8.35269300000016 ], [ 0.71986, 8.342965000000108 ], [ 0.723505, 8.337588 ], [ 0.728949000000171, 8.333301 ], [ 0.730203000000188, 8.331655 ], [ 0.730173, 8.331518000000131 ], [ 0.730043, 8.331508 ], [ 0.730131, 8.331329 ], [ 0.729694000000166, 8.329347 ], [ 0.730487, 8.317117000000168 ], [ 0.730207000000121, 8.303081000000189 ], [ 0.728115, 8.28975400000013 ], [ 0.72454, 8.283257 ], [ 0.712997, 8.280312 ], [ 0.701427, 8.282045000000153 ], [ 0.696733, 8.281658000000105 ], [ 0.693127, 8.280558 ], [ 0.684846, 8.275832000000149 ], [ 0.676956, 8.266070000000184 ], [ 0.67553, 8.262823 ], [ 0.668681000000163, 8.260265000000174 ], [ 0.665435000000173, 8.259526000000164 ], [ 0.658576, 8.258766000000149 ], [ 0.653154, 8.259454 ], [ 0.645932000000131, 8.259052000000166 ], [ 0.643880000000138, 8.258455 ], [ 0.643626, 8.258680000000139 ], [ 0.641107, 8.257323 ], [ 0.637812, 8.248215 ], [ 0.631998, 8.237943000000143 ], [ 0.630447000000174, 8.237361000000135 ], [ 0.625796, 8.232129 ], [ 0.623858000000155, 8.220694 ], [ 0.623868, 8.22067 ], [ 0.623606, 8.220471 ], [ 0.613385000000108, 8.216307 ], [ 0.602030000000127, 8.209494000000118 ], [ 0.594459, 8.205330000000172 ], [ 0.591431000000114, 8.200788 ], [ 0.589538000000176, 8.196624000000156 ], [ 0.589917, 8.191703000000132 ], [ 0.591431000000114, 8.187539 ], [ 0.59938, 8.178833 ], [ 0.600894, 8.173912 ], [ 0.602408000000139, 8.168234 ], [ 0.603165, 8.161421000000132 ], [ 0.603165, 8.155364 ], [ 0.60354400000017, 8.14438700000011 ], [ 0.602889000000118, 8.140327 ], [ 0.595465000000104, 8.135516000000109 ], [ 0.591589, 8.121175000000108 ], [ 0.591201000000126, 8.113035 ], [ 0.591201000000126, 8.108718 ], [ 0.591052, 8.108427000000177 ], [ 0.591052, 8.089501 ], [ 0.592188, 8.071331 ], [ 0.598623000000146, 8.04597 ], [ 0.59673, 8.038021000000127 ], [ 0.602030000000127, 8.025529000000176 ], [ 0.606572, 8.008874 ], [ 0.607221, 8.003678 ], [ 0.606761, 8.003386 ], [ 0.601083, 7.999979 ], [ 0.597677, 7.975753 ], [ 0.609411, 7.92351600000012 ], [ 0.613575, 7.920867000000158 ], [ 0.611682, 7.906861 ], [ 0.615089, 7.897776 ], [ 0.615846, 7.890963000000172 ], [ 0.616015000000118, 7.890984000000114 ], [ 0.636246, 7.893553 ], [ 0.639693, 7.893991 ], [ 0.654077, 7.893613 ], [ 0.66619, 7.893991 ], [ 0.678681, 7.897019000000117 ], [ 0.684927000000188, 7.902129000000173 ], [ 0.700068000000102, 7.921056 ], [ 0.695147, 7.936197 ], [ 0.690565, 7.942659 ], [ 0.689659000000177, 7.947742000000175 ], [ 0.689687, 7.95151600000014 ], [ 0.690037000000189, 7.955691 ], [ 0.692876, 7.959666 ], [ 0.696472, 7.961747 ], [ 0.70139300000011, 7.963262000000157 ], [ 0.709532000000138, 7.964587 ], [ 0.710099000000127, 7.958719000000144 ], [ 0.712645000000124, 7.951861 ], [ 0.717291000000102, 7.950013000000128 ], [ 0.723063, 7.949923000000126 ], [ 0.734354, 7.947266 ], [ 0.737103000000161, 7.946044 ], [ 0.739433, 7.945112000000165 ], [ 0.744386, 7.943599 ], [ 0.744495, 7.943666 ], [ 0.744507000000112, 7.943757000000117 ], [ 0.744495, 7.943806000000109 ], [ 0.744471000000146, 7.943836 ], [ 0.744453, 7.94387300000011 ], [ 0.744471000000146, 7.943915 ], [ 0.744538, 7.943964 ], [ 0.744672, 7.943921 ], [ 0.747622, 7.942222000000129 ], [ 0.758463000000177, 7.939124000000105 ], [ 0.761223, 7.937745 ], [ 0.772542000000158, 7.933138 ], [ 0.773065, 7.932354 ], [ 0.774565, 7.932741000000135 ], [ 0.796025000000157, 7.938279 ], [ 0.809274, 7.942443000000139 ], [ 0.820629, 7.948499 ], [ 0.825929000000144, 7.953798000000122 ], [ 0.827821, 7.957962 ], [ 0.829714000000138, 7.962505 ], [ 0.831606, 7.968182000000126 ], [ 0.830850000000169, 7.972725000000139 ], [ 0.83014, 7.974391000000138 ], [ 0.830625, 7.978509000000143 ], [ 0.831109, 7.983839 ], [ 0.833121000000119, 7.98938 ], [ 0.833878, 7.99392200000017 ], [ 0.83159400000011, 7.998616 ], [ 0.834259000000145, 8.002008 ], [ 0.835228, 8.006611 ], [ 0.834501000000103, 8.013879 ], [ 0.833532, 8.016544000000181 ], [ 0.837123, 8.038742 ], [ 0.841058000000146, 8.038048 ], [ 0.85317, 8.035928000000128 ], [ 0.861801, 8.031840000000104 ], [ 0.868160000000103, 8.02215 ], [ 0.884512, 7.959465 ], [ 0.895111000000156, 7.960980000000175 ], [ 0.899048000000107, 7.961282 ], [ 0.912675, 7.964613 ], [ 0.91903400000018, 7.964613 ], [ 0.93084400000015, 7.967944000000102 ], [ 0.940838000000157, 7.971578 ], [ 0.946288, 7.974909 ], [ 0.94931600000018, 7.976121 ], [ 0.963246, 7.980966 ], [ 0.969908, 7.978846000000147 ], [ 0.979296, 7.974304000000186 ], [ 0.988986000000125, 7.971578 ], [ 1.005339000000107, 7.967642000000182 ], [ 1.018057000000113, 7.966430000000116 ], [ 1.026839, 7.964916 ], [ 1.029867, 7.964311 ], [ 1.033198, 7.962494 ], [ 1.033760000000143, 7.962445 ], [ 1.038468000000138, 7.960595000000126 ], [ 1.043762000000129, 7.958515000000147 ], [ 1.052090000000135, 7.954730000000153 ], [ 1.05928200000011, 7.949809000000132 ], [ 1.062689, 7.949431000000118 ], [ 1.074423, 7.949052 ], [ 1.083887, 7.950566 ], [ 1.094485000000134, 7.952459 ], [ 1.094654, 7.952716000000124 ], [ 1.100542000000189, 7.954351 ], [ 1.110383000000127, 7.955487 ], [ 1.117575000000103, 7.957001000000103 ], [ 1.125146, 7.957758 ], [ 1.141801000000157, 7.961922000000128 ], [ 1.148236, 7.965707000000123 ], [ 1.148562, 7.966074000000105 ], [ 1.154292000000169, 7.972521 ], [ 1.169812, 7.985391 ], [ 1.18571, 7.989933000000178 ], [ 1.195552, 8.000532000000135 ], [ 1.197445000000187, 8.015294000000154 ], [ 1.206151, 8.024379 ], [ 1.208043, 8.025136 ], [ 1.211829, 8.0293 ], [ 1.21675, 8.033464 ], [ 1.220913, 8.032707 ], [ 1.226591000000155, 8.031192000000148 ], [ 1.234763, 8.032282 ], [ 1.235736, 8.037147000000118 ], [ 1.238643, 8.040539 ], [ 1.245911, 8.04901800000016 ], [ 1.248576, 8.051925 ], [ 1.250998, 8.056770000000139 ], [ 1.252210000000161, 8.069125 ], [ 1.250998, 8.074939 ], [ 1.250703, 8.07832 ], [ 1.2481, 8.082007000000148 ], [ 1.241559000000166, 8.085156 ], [ 1.236956000000134, 8.087094 ], [ 1.230788000000133, 8.091664000000151 ], [ 1.230416000000105, 8.09194 ], [ 1.230416000000105, 8.095573000000115 ], [ 1.233807000000184, 8.098965 ], [ 1.241317, 8.099934000000188 ], [ 1.247858000000122, 8.099692 ], [ 1.254641, 8.102357 ], [ 1.255476, 8.103631000000178 ], [ 1.256207000000131, 8.106554 ], [ 1.256449, 8.114549 ], [ 1.256207000000131, 8.123512 ], [ 1.256449, 8.132476000000111 ], [ 1.257176000000187, 8.135867000000189 ], [ 1.258629000000155, 8.142408000000158 ], [ 1.259356, 8.146527 ], [ 1.262263, 8.151372 ], [ 1.262748, 8.153552000000106 ], [ 1.263717000000157, 8.157913000000121 ], [ 1.264201, 8.165665000000105 ], [ 1.264336000000185, 8.177142 ], [ 1.264443, 8.186257000000182 ], [ 1.262748, 8.193525 ], [ 1.260325000000137, 8.199097000000108 ], [ 1.256207000000131, 8.201277 ], [ 1.251846, 8.204184 ], [ 1.246274, 8.210483 ], [ 1.243367, 8.216539000000182 ], [ 1.24288300000012, 8.220415 ], [ 1.243851, 8.227441000000171 ], [ 1.245547, 8.234224 ], [ 1.246026, 8.237413000000174 ], [ 1.247023000000183, 8.239024 ], [ 1.250877000000173, 8.242107 ], [ 1.256117000000131, 8.244419 ], [ 1.260182, 8.245829000000185 ], [ 1.259903, 8.246026000000141 ], [ 1.258702000000142, 8.249912000000108 ], [ 1.25735, 8.254284 ], [ 1.254576, 8.260141 ], [ 1.251493, 8.265536 ], [ 1.248719000000164, 8.269389000000162 ], [ 1.242707000000109, 8.273243 ], [ 1.240084000000139, 8.275050000000135 ], [ 1.239223000000152, 8.277058000000181 ], [ 1.237511, 8.283222 ], [ 1.234086, 8.287675 ], [ 1.232374000000108, 8.289387 ], [ 1.229976000000136, 8.295894 ], [ 1.229292, 8.301373000000124 ], [ 1.229634, 8.325689000000123 ], [ 1.231004, 8.330484000000181 ], [ 1.231004, 8.340758000000106 ], [ 1.230831, 8.34138 ], [ 1.229292, 8.346923 ], [ 1.229634, 8.350005000000122 ], [ 1.231004, 8.353772 ], [ 1.233059000000139, 8.357197 ], [ 1.235369000000105, 8.359717000000103 ], [ 1.227109, 8.360635000000173 ], [ 1.219601000000182, 8.362637000000118 ], [ 1.208089, 8.368643000000191 ], [ 1.188569000000143, 8.377152 ], [ 1.176456000000144, 8.380823 ], [ 1.171101, 8.375825 ], [ 1.161713000000135, 8.368438 ], [ 1.161542000000168, 8.366641 ], [ 1.149529, 8.367642000000162 ], [ 1.135692, 8.368075 ], [ 1.133513, 8.368143 ], [ 1.122502000000111, 8.372147 ], [ 1.114496, 8.376484 ], [ 1.098344, 8.3795310000001 ], [ 1.068652, 8.387158 ], [ 1.063965000000167, 8.388362 ], [ 1.055357, 8.393268 ], [ 1.048639, 8.392627 ], [ 1.045422000000143, 8.392319 ], [ 1.044718000000159, 8.392163 ], [ 1.035042, 8.390018 ], [ 1.029181000000165, 8.387739000000124 ], [ 1.022865, 8.385908000000141 ], [ 1.009775000000161, 8.383593 ], [ 0.99803, 8.383533000000112 ], [ 0.997167, 8.383529000000122 ], [ 0.980863, 8.383446 ], [ 0.96596, 8.38247 ], [ 0.958292000000143, 8.380181 ], [ 0.944295, 8.378758 ], [ 0.940225, 8.379637000000173 ], [ 0.932068000000186, 8.38454300000018 ], [ 0.925289, 8.384957000000156 ], [ 0.922139, 8.382691 ], [ 0.919441, 8.380428 ], [ 0.909032, 8.383972 ], [ 0.90210500000012, 8.382554 ], [ 0.90148900000014, 8.382746 ], [ 0.895138, 8.387661 ], [ 0.887925000000109, 8.384923000000185 ], [ 0.885657, 8.386711000000162 ], [ 0.882941, 8.387596 ], [ 0.877538000000129, 8.384418000000151 ], [ 0.873919000000172, 8.385298000000148 ], [ 0.868513000000178, 8.38257 ], [ 0.864907, 8.381201 ], [ 0.864051, 8.377714 ], [ 0.771854, 8.412714000000108 ] ] ] } },
{ "type": "Feature", "properties": { "Préfecture": "Cinkassé", "Code HDX": "TG0517", "Région": "Savanes", "Zone": "Savanes", "Surface (km²)": 276.1 }, "geometry": { "type": "Polygon", "coordinates": [ [ [ -0.093511, 11.129291000000135 ], [ -0.101727, 11.131428 ], [ -0.110050999999886, 11.133606000000102 ], [ -0.115321, 11.135025 ], [ -0.125456999999869, 11.136849 ], [ -0.131711999999878, 11.138040000000158 ], [ -0.132806, 11.136008 ], [ -0.133623999999884, 11.129792000000181 ], [ -0.134933, 11.127175 ], [ -0.138858, 11.123576000000126 ], [ -0.141966, 11.119160000000132 ], [ -0.142293, 11.116379 ], [ -0.141803, 11.111963000000118 ], [ -0.142457, 11.109673000000159 ], [ -0.142293, 11.106565 ], [ -0.13984, 11.104275 ], [ -0.137713, 11.105256000000107 ], [ -0.135751, 11.106074 ], [ -0.132479, 11.105420000000148 ], [ -0.129698, 11.105256000000109 ], [ -0.124791, 11.104929 ], [ -0.12266499999987, 11.104275 ], [ -0.12053799999984, 11.102639 ], [ -0.118739, 11.100186000000177 ], [ -0.112523, 11.098223000000132 ], [ -0.110703, 11.097152000000108 ], [ -0.109742, 11.09658700000011 ], [ -0.104835, 11.094951 ], [ -0.100951, 11.094148 ], [ -0.100091999999846, 11.093970000000127 ], [ -0.095021, 11.092988 ], [ -0.087987, 11.091026 ], [ -0.08422499999989, 11.090044 ], [ -0.079481999999871, 11.089063000000181 ], [ -0.07506499999988, 11.088245 ], [ -0.070158, 11.088081000000104 ], [ -0.067492, 11.088526000000174 ], [ -0.061815999999851, 11.092661 ], [ -0.054781999999874, 11.099858 ], [ -0.025829999999871, 11.108037000000142 ], [ -0.016016, 11.109182 ], [ -0.005056, 11.105256000000111 ], [ -0.000552999999854, 11.103235 ], [ 0.007822, 11.097651 ], [ 0.012771000000101, 11.086516000000129 ], [ 0.016483000000106, 11.074763 ], [ 0.020813, 11.059916000000101 ], [ 0.022669000000178, 11.055586000000176 ], [ 0.024089, 11.055053000000102 ], [ 0.024245000000178, 11.054024 ], [ 0.024737000000187, 11.04664400000013 ], [ 0.024573000000146, 11.042544 ], [ 0.024737000000187, 11.035491000000148 ], [ 0.025065000000154, 11.02778300000011 ], [ 0.025393000000122, 11.021715 ], [ 0.027033, 11.005806000000176 ], [ 0.029621, 10.993189 ], [ 0.036382, 10.993833 ], [ 0.043926, 10.995965 ], [ 0.05229, 10.997441 ], [ 0.065247, 10.999901 ], [ 0.072299000000156, 11.000885000000155 ], [ 0.075579000000118, 11.000393000000143 ], [ 0.082796, 11.000885000000151 ], [ 0.08624, 11.001214 ], [ 0.086522000000117, 11.000995 ], [ 0.089192, 10.998917 ], [ 0.090504, 10.995965 ], [ 0.092964, 10.994653 ], [ 0.095588, 10.994817 ], [ 0.101329000000134, 10.991701 ], [ 0.103297, 10.991209 ], [ 0.108545000000163, 10.990881 ], [ 0.111333, 10.991373 ], [ 0.114942, 10.992029000000171 ], [ 0.118549, 10.993341000000157 ], [ 0.121173000000114, 10.993177000000115 ], [ 0.12593, 10.989241 ], [ 0.133802, 10.977924 ], [ 0.137038, 10.971787 ], [ 0.138394000000176, 10.972643 ], [ 0.143519, 10.976744 ], [ 0.148439000000167, 10.985559 ], [ 0.154384000000164, 10.981049 ], [ 0.160125, 10.977974 ], [ 0.164635000000146, 10.976539000000116 ], [ 0.172220000000152, 10.973463 ], [ 0.176003000000151, 10.971842 ], [ 0.176628000000165, 10.973156000000186 ], [ 0.17703, 10.974465000000121 ], [ 0.177038000000153, 10.974386 ], [ 0.177842, 10.974815000000147 ], [ 0.199201, 10.966156 ], [ 0.199794, 10.970901000000136 ], [ 0.202869000000136, 10.975821 ], [ 0.208610000000136, 10.979921 ], [ 0.21476, 10.984842 ], [ 0.214094, 10.989215 ], [ 0.213421, 10.993638 ], [ 0.21189, 11.003702 ], [ 0.219207, 11.013593000000185 ], [ 0.217015000000117, 11.014773000000105 ], [ 0.21435, 11.020513 ], [ 0.212095, 11.028099000000109 ], [ 0.211275, 11.030149000000105 ], [ 0.205329, 11.031994000000168 ], [ 0.196514, 11.032199000000105 ], [ 0.192824000000144, 11.032404 ], [ 0.189204000000132, 11.040045000000191 ], [ 0.189134, 11.040194 ], [ 0.18236800000011, 11.041219000000183 ], [ 0.178063, 11.046344 ], [ 0.181753000000185, 11.06848500000018 ], [ 0.190364, 11.071766 ], [ 0.191302000000178, 11.071582 ], [ 0.190313, 11.072288 ], [ 0.169802, 11.078431000000137 ], [ 0.146084, 11.084483000000148 ], [ 0.100767000000134, 11.092949 ], [ 0.096686, 11.094297000000154 ], [ 0.074632000000123, 11.100126 ], [ 0.074451, 11.099580000000113 ], [ 0.071539000000144, 11.100744000000132 ], [ 0.043083, 11.108786000000121 ], [ 0.04211, 11.109110000000104 ], [ 0.03551, 11.111309000000178 ], [ 0.016745, 11.113277 ], [ 0.012119000000155, 11.113762 ], [ 0.001746, 11.114539 ], [ -0.006473, 11.115713 ], [ -0.030736999999818, 11.120796000000155 ], [ -0.036135, 11.122104 ], [ -0.054657, 11.125489000000131 ], [ -0.07621, 11.12832 ], [ -0.085588, 11.1292 ], [ -0.085415, 11.128785000000164 ], [ -0.093511, 11.129291000000135 ] ] ] } },
{ "type": "Feature", "properties": { "Préfecture": "Dankpen", "Code HDX": "TG0204", "Région": "Kara", "Zone": "Kara", "Surface (km²)": 2543.48 }, "geometry": { "type": "Polygon", "coordinates": [ [ [ 0.390985000000114, 10.023666 ], [ 0.374108, 10.024543000000106 ], [ 0.36271100000016, 10.030461 ], [ 0.358766, 10.030680000000187 ], [ 0.35745, 10.0309 ], [ 0.353286, 10.028708000000108 ], [ 0.352848000000165, 10.026735 ], [ 0.352848000000165, 10.02542 ], [ 0.357012, 10.017529 ], [ 0.35745, 10.007885 ], [ 0.3545, 9.995713 ], [ 0.354422, 9.995392 ], [ 0.35219, 9.986186 ], [ 0.353505000000155, 9.977200000000153 ], [ 0.361396, 9.965364000000138 ], [ 0.364999000000125, 9.961474000000122 ], [ 0.365888000000155, 9.960514000000101 ], [ 0.372527, 9.953347 ], [ 0.373142, 9.952683 ], [ 0.376259, 9.949318000000121 ], [ 0.380684, 9.944541000000127 ], [ 0.381177, 9.942677 ], [ 0.381678, 9.940785 ], [ 0.382656, 9.93708900000013 ], [ 0.380245, 9.932486 ], [ 0.374547000000177, 9.927664000000108 ], [ 0.363587000000166, 9.925911 ], [ 0.359861, 9.925034 ], [ 0.357231, 9.9235 ], [ 0.351532, 9.917582 ], [ 0.34890200000018, 9.910568 ], [ 0.346272000000171, 9.883608000000148 ], [ 0.348464000000149, 9.869361000000143 ], [ 0.352300000000128, 9.840977000000178 ], [ 0.352574, 9.840910000000118 ], [ 0.35219, 9.840429000000141 ], [ 0.349340000000155, 9.827498000000103 ], [ 0.338381, 9.811936000000173 ], [ 0.335751, 9.800757 ], [ 0.329833000000122, 9.794401 ], [ 0.326326, 9.785633 ], [ 0.33071, 9.773359 ], [ 0.328737, 9.768756 ], [ 0.323477, 9.768318 ], [ 0.321066, 9.765249000000154 ], [ 0.324354000000143, 9.753414 ], [ 0.319970000000126, 9.736317 ], [ 0.314709, 9.724481 ], [ 0.316902000000141, 9.720317 ], [ 0.320847, 9.718125 ], [ 0.322819000000151, 9.717906 ], [ 0.327422000000127, 9.717906 ], [ 0.33334, 9.717468 ], [ 0.338381, 9.712207 ], [ 0.343861000000174, 9.701029000000174 ], [ 0.345834, 9.686563000000147 ], [ 0.346351000000141, 9.684806 ], [ 0.346382, 9.6847 ], [ 0.346162000000106, 9.684261000000106 ], [ 0.347258, 9.671330000000124 ], [ 0.353834, 9.66848 ], [ 0.357341000000133, 9.664096 ], [ 0.361944000000108, 9.662124000000119 ], [ 0.366178000000161, 9.651436 ], [ 0.3656170000001, 9.650314 ], [ 0.3656170000001, 9.643625000000155 ], [ 0.361603000000174, 9.635598000000188 ], [ 0.359597, 9.630247000000109 ], [ 0.359597, 9.622889 ], [ 0.360266, 9.61954500000013 ], [ 0.3656170000001, 9.611518000000158 ], [ 0.366955000000132, 9.606167 ], [ 0.368012, 9.606128 ], [ 0.367897, 9.605820000000165 ], [ 0.371664, 9.596574 ], [ 0.377144000000102, 9.589039 ], [ 0.376116000000139, 9.58493 ], [ 0.371322, 9.577738000000124 ], [ 0.362417, 9.571916000000156 ], [ 0.36002, 9.571573 ], [ 0.351458, 9.568491000000106 ], [ 0.324745000000179, 9.574655000000119 ], [ 0.318581000000166, 9.574655000000119 ], [ 0.309676, 9.57397 ], [ 0.30282700000015, 9.572601000000134 ], [ 0.297347, 9.572258 ], [ 0.291183, 9.572943 ], [ 0.2881, 9.572601000000134 ], [ 0.282964000000163, 9.573285000000114 ], [ 0.2631, 9.563354000000118 ], [ 0.258305000000178, 9.563354000000116 ], [ 0.256936, 9.562669000000138 ], [ 0.245976, 9.570203000000163 ], [ 0.238099, 9.570546000000148 ], [ 0.235017000000141, 9.567121 ], [ 0.23399, 9.552052 ], [ 0.230223000000138, 9.546915000000126 ], [ 0.22988, 9.541778 ], [ 0.23125, 9.535613 ], [ 0.232962000000101, 9.528421 ], [ 0.233305, 9.525339000000143 ], [ 0.236730000000136, 9.520202 ], [ 0.244949, 9.51575 ], [ 0.260018000000173, 9.515407 ], [ 0.264127000000144, 9.515065 ], [ 0.281593, 9.518147000000168 ], [ 0.287758000000167, 9.51712 ], [ 0.299745, 9.508215000000122 ], [ 0.303169, 9.506846 ], [ 0.305567, 9.503078000000187 ], [ 0.304882, 9.497941 ], [ 0.302485000000105, 9.495886 ], [ 0.300087, 9.493489000000125 ], [ 0.293580000000134, 9.490407000000177 ], [ 0.289813, 9.485612000000115 ], [ 0.285361, 9.484585 ], [ 0.276114, 9.483215 ], [ 0.271662000000107, 9.480475000000123 ], [ 0.267552, 9.474996000000147 ], [ 0.262758, 9.472256 ], [ 0.260018000000174, 9.473283000000148 ], [ 0.255908, 9.474311000000114 ], [ 0.247689, 9.473968000000182 ], [ 0.243922000000111, 9.476023 ], [ 0.238442, 9.479448000000104 ], [ 0.23501700000014, 9.480475000000126 ], [ 0.230223000000138, 9.480133 ], [ 0.225770000000125, 9.478078 ], [ 0.224401000000172, 9.47122800000011 ], [ 0.227140000000134, 9.455132 ], [ 0.243579000000125, 9.438693 ], [ 0.244949, 9.434584 ], [ 0.243579000000125, 9.431501 ], [ 0.245291, 9.429789 ], [ 0.253511000000174, 9.429789 ], [ 0.259675, 9.423282 ], [ 0.270634000000143, 9.423282 ], [ 0.272347, 9.422255000000121 ], [ 0.278511000000151, 9.423967 ], [ 0.313444000000175, 9.440748 ], [ 0.321321000000182, 9.441091 ], [ 0.33125200000012, 9.4452 ], [ 0.33228, 9.446913 ], [ 0.336389000000111, 9.452050000000154 ], [ 0.340156, 9.464379 ], [ 0.344266000000118, 9.468146 ], [ 0.344951, 9.473626000000138 ], [ 0.341184000000168, 9.479105000000118 ], [ 0.340842000000123, 9.482872 ], [ 0.353856, 9.491434 ], [ 0.3655, 9.491434 ], [ 0.381253000000129, 9.489037000000163 ], [ 0.385705, 9.48527 ], [ 0.386733, 9.487667000000158 ], [ 0.396665, 9.489037000000163 ], [ 0.403172, 9.490749 ], [ 0.407281000000182, 9.491092 ], [ 0.417213, 9.495886 ], [ 0.42372, 9.49622900000014 ], [ 0.433652, 9.491434 ], [ 0.445981000000188, 9.493489000000126 ], [ 0.447693, 9.493832 ], [ 0.453515, 9.492119 ], [ 0.460365, 9.486297 ], [ 0.468242, 9.484927 ], [ 0.474064000000112, 9.483215 ], [ 0.478516, 9.479790000000149 ], [ 0.484338, 9.47842 ], [ 0.488448000000119, 9.475338 ], [ 0.49427, 9.468489000000146 ], [ 0.494299000000184, 9.468989000000136 ], [ 0.494334, 9.468887 ], [ 0.502939, 9.459985000000128 ], [ 0.501013, 9.456337000000135 ], [ 0.499659000000121, 9.441066 ], [ 0.502824000000147, 9.442057 ], [ 0.50769600000018, 9.443061000000169 ], [ 0.512818000000152, 9.443339 ], [ 0.518187000000125, 9.443135 ], [ 0.521861000000173, 9.441223000000152 ], [ 0.529247, 9.431827 ], [ 0.538786, 9.428502 ], [ 0.539223000000163, 9.429188000000183 ], [ 0.540958, 9.431909 ], [ 0.54359, 9.439195 ], [ 0.54838500000011, 9.451099000000172 ], [ 0.550262000000146, 9.461772 ], [ 0.554836, 9.470525 ], [ 0.559068, 9.475885000000176 ], [ 0.582461000000138, 9.48065 ], [ 0.586378, 9.478739 ], [ 0.588568, 9.479723 ], [ 0.592487000000118, 9.477569 ], [ 0.594193, 9.477824000000167 ], [ 0.597618000000124, 9.476636 ], [ 0.600053000000115, 9.477379000000155 ], [ 0.601763, 9.477149000000111 ], [ 0.60543, 9.476205000000165 ], [ 0.608854, 9.475017 ], [ 0.626425, 9.474894 ], [ 0.638649, 9.471585000000173 ], [ 0.644268, 9.470653000000143 ], [ 0.653295, 9.470956000000172 ], [ 0.66474600000015, 9.473698 ], [ 0.673516000000177, 9.475936000000104 ], [ 0.684985, 9.476012 ], [ 0.687681000000112, 9.477160000000138 ], [ 0.688616, 9.480398 ], [ 0.699087, 9.483859 ], [ 0.699109000000136, 9.484197000000107 ], [ 0.68594400000012, 9.496795 ], [ 0.677960000000155, 9.504616 ], [ 0.677984, 9.504919 ], [ 0.677652, 9.504917 ], [ 0.675431000000175, 9.517622 ], [ 0.675357, 9.518559000000151 ], [ 0.671867000000135, 9.527761000000169 ], [ 0.662088000000154, 9.542921 ], [ 0.65826900000019, 9.54604600000016 ], [ 0.656302000000152, 9.54708700000015 ], [ 0.65497100000016, 9.547492 ], [ 0.6547020000001, 9.548345000000156 ], [ 0.654624, 9.548592000000157 ], [ 0.655029000000127, 9.549112 ], [ 0.656013, 9.548939 ], [ 0.65838500000018, 9.54946 ], [ 0.661278, 9.551890000000187 ], [ 0.663642, 9.553549000000146 ], [ 0.664942, 9.556636 ], [ 0.671877, 9.558397000000125 ], [ 0.673779, 9.558880000000157 ], [ 0.678712000000189, 9.560140000000104 ], [ 0.680005, 9.563081000000127 ], [ 0.679950000000133, 9.57114 ], [ 0.679945, 9.571863 ], [ 0.683539, 9.581881 ], [ 0.685628, 9.58886100000012 ], [ 0.687423, 9.594021 ], [ 0.693176, 9.60072300000013 ], [ 0.700129000000175, 9.61046 ], [ 0.704989000000126, 9.613824 ], [ 0.707385000000102, 9.620503 ], [ 0.707023000000163, 9.628981000000181 ], [ 0.709822000000146, 9.64287700000011 ], [ 0.720631, 9.63477 ], [ 0.738447000000178, 9.628598000000126 ], [ 0.738255, 9.628312 ], [ 0.730451, 9.616674000000103 ], [ 0.730311, 9.615131000000131 ], [ 0.730170000000101, 9.610362 ], [ 0.72975, 9.606575 ], [ 0.729554000000121, 9.602362 ], [ 0.74198, 9.604073 ], [ 0.749601, 9.605334 ], [ 0.75540500000011, 9.604464 ], [ 0.759988, 9.603585000000121 ], [ 0.764901000000123, 9.599073 ], [ 0.773239000000103, 9.583983000000103 ], [ 0.776011, 9.580064 ], [ 0.779059, 9.580689 ], [ 0.784846000000186, 9.582241000000179 ], [ 0.787567, 9.586195000000144 ], [ 0.79180200000019, 9.591977 ], [ 0.79451, 9.598052000000107 ], [ 0.797806, 9.60746200000011 ], [ 0.796219, 9.616841 ], [ 0.797081000000162, 9.625024000000167 ], [ 0.797956, 9.631390000000179 ], [ 0.803078, 9.641721000000185 ], [ 0.806323000000134, 9.644231 ], [ 0.807026000000177, 9.644775 ], [ 0.812175, 9.650865 ], [ 0.819807, 9.650611 ], [ 0.824427, 9.644279 ], [ 0.824154, 9.639129000000136 ], [ 0.828176, 9.630673 ], [ 0.831691000000149, 9.629375 ], [ 0.844571, 9.63831 ], [ 0.85551, 9.643111 ], [ 0.870637, 9.664502 ], [ 0.876796000000184, 9.671166 ], [ 0.878689000000122, 9.673544000000163 ], [ 0.873854000000108, 9.683926 ], [ 0.871919, 9.688173000000122 ], [ 0.868064000000118, 9.694302000000107 ], [ 0.864219000000162, 9.699010000000101 ], [ 0.864657000000136, 9.705166000000188 ], [ 0.865033, 9.705559000000161 ], [ 0.864534000000106, 9.705638000000137 ], [ 0.864504000000126, 9.710371 ], [ 0.864467, 9.716286 ], [ 0.866818, 9.721625 ], [ 0.871665000000179, 9.728399 ], [ 0.869226, 9.736903 ], [ 0.868251000000156, 9.740209000000108 ], [ 0.859637, 9.744415000000119 ], [ 0.856699, 9.756228 ], [ 0.860693, 9.76428 ], [ 0.860466000000145, 9.764252 ], [ 0.860078, 9.764205000000116 ], [ 0.860792000000117, 9.766009000000167 ], [ 0.861483, 9.771411000000171 ], [ 0.858528, 9.779669 ], [ 0.858122000000151, 9.786504 ], [ 0.858431000000167, 9.794783 ], [ 0.860906000000115, 9.804874 ], [ 0.859427000000153, 9.809183000000131 ], [ 0.855411, 9.813116 ], [ 0.84522, 9.81809 ], [ 0.838993000000131, 9.827046 ], [ 0.83825800000011, 9.829653 ], [ 0.836765000000185, 9.834949 ], [ 0.839991000000111, 9.841087 ], [ 0.846477000000164, 9.847965000000157 ], [ 0.848702, 9.852449 ], [ 0.845136, 9.857441000000106 ], [ 0.844279, 9.861429 ], [ 0.845405, 9.86522400000012 ], [ 0.84808900000013, 9.873275000000149 ], [ 0.849699000000102, 9.877033 ], [ 0.846478, 9.881327 ], [ 0.840574, 9.883474 ], [ 0.837459, 9.877633000000111 ], [ 0.83628, 9.875422000000187 ], [ 0.831986, 9.873275000000152 ], [ 0.825008000000139, 9.872739 ], [ 0.816420000000107, 9.872739 ], [ 0.811752, 9.87462 ], [ 0.810201000000177, 9.876752 ], [ 0.810201000000177, 9.878109000000109 ], [ 0.810008, 9.881404 ], [ 0.808651000000168, 9.884117000000174 ], [ 0.805356, 9.885861 ], [ 0.801868, 9.885861 ], [ 0.799429, 9.886053000000118 ], [ 0.790388, 9.888036 ], [ 0.785557, 9.888573 ], [ 0.781263, 9.888036 ], [ 0.778042000000141, 9.887499 ], [ 0.769696, 9.889737000000137 ], [ 0.767307, 9.888036 ], [ 0.765697000000102, 9.87837400000018 ], [ 0.760330000000124, 9.87247 ], [ 0.757109, 9.869786000000147 ], [ 0.756572, 9.860125000000151 ], [ 0.754425, 9.855831000000139 ], [ 0.751061, 9.853075 ], [ 0.747763, 9.851755 ], [ 0.745300000000158, 9.847780000000114 ], [ 0.742617, 9.845633000000134 ], [ 0.73939600000017, 9.844559 ], [ 0.734029, 9.844559 ], [ 0.727786, 9.847851000000107 ], [ 0.724279, 9.850096 ], [ 0.717405000000156, 9.851358 ], [ 0.711514000000136, 9.850517 ], [ 0.708427, 9.849254 ], [ 0.706689, 9.847825000000112 ], [ 0.705666000000178, 9.84799 ], [ 0.700431, 9.848346 ], [ 0.696029, 9.848822 ], [ 0.691032000000121, 9.849655 ], [ 0.688296, 9.850726000000181 ], [ 0.684370000000115, 9.854295 ], [ 0.682228000000123, 9.858459000000151 ], [ 0.68092, 9.86524100000014 ], [ 0.679681, 9.875489 ], [ 0.679817000000128, 9.876535 ], [ 0.679627, 9.876346 ], [ 0.676757, 9.881010000000117 ], [ 0.672452, 9.883162 ], [ 0.665994, 9.882804 ], [ 0.662048, 9.880651000000114 ], [ 0.659046000000161, 9.877033 ], [ 0.65422400000017, 9.877910000000156 ], [ 0.65093700000017, 9.882732000000146 ], [ 0.648526000000174, 9.886677 ], [ 0.645676, 9.891499 ], [ 0.641292, 9.894568000000161 ], [ 0.636909000000117, 9.894787000000177 ], [ 0.634059, 9.893691 ], [ 0.630834, 9.888185000000135 ], [ 0.626170000000116, 9.883521 ], [ 0.622435000000166, 9.883383 ], [ 0.622248000000184, 9.883376000000169 ], [ 0.616634, 9.885252 ], [ 0.611812000000158, 9.887006 ], [ 0.608744000000172, 9.887006 ], [ 0.600634, 9.889198000000135 ], [ 0.595593, 9.887882000000106 ], [ 0.592086000000166, 9.886348 ], [ 0.587921000000166, 9.88591 ], [ 0.584626000000185, 9.881368 ], [ 0.584585000000175, 9.88117 ], [ 0.584567000000106, 9.881085 ], [ 0.584204000000113, 9.881205 ], [ 0.583782000000157, 9.881334 ], [ 0.570552, 9.88498200000015 ], [ 0.549348000000179, 9.892824 ], [ 0.535406, 9.897471 ], [ 0.531339000000116, 9.899214 ], [ 0.524078, 9.901538 ], [ 0.521754, 9.906766000000117 ], [ 0.518559000000154, 9.908218000000145 ], [ 0.515074000000141, 9.916642000000136 ], [ 0.515074000000141, 9.924775000000182 ], [ 0.517107000000125, 9.926808000000163 ], [ 0.519140000000107, 9.927389 ], [ 0.521754, 9.932908 ], [ 0.524949, 9.936103 ], [ 0.525100000000123, 9.93664 ], [ 0.525108, 9.936668000000113 ], [ 0.526983000000143, 9.943364 ], [ 0.519721, 9.951497000000133 ], [ 0.513912, 9.950335 ], [ 0.510717, 9.945688000000187 ], [ 0.506360000000143, 9.941331000000103 ], [ 0.502294000000177, 9.941331000000105 ], [ 0.499389000000122, 9.941621000000112 ], [ 0.497355, 9.945398000000129 ], [ 0.497355, 9.946269 ], [ 0.497161000000176, 9.946661 ], [ 0.491547, 9.951207000000126 ], [ 0.489223, 9.952369000000143 ], [ 0.486028, 9.953530000000114 ], [ 0.479928, 9.951497000000133 ], [ 0.478185, 9.951207000000124 ], [ 0.473247, 9.948883 ], [ 0.471214, 9.948012 ], [ 0.466857000000118, 9.944817 ], [ 0.465405, 9.943945 ], [ 0.461339000000123, 9.944526000000108 ], [ 0.45611, 9.94714 ], [ 0.453786, 9.952659000000152 ], [ 0.447106, 9.956435000000113 ], [ 0.441337, 9.956879 ], [ 0.439554000000101, 9.957016 ], [ 0.435487, 9.957597 ], [ 0.430259, 9.957306 ], [ 0.426192000000129, 9.958468 ], [ 0.423869, 9.960792 ], [ 0.420964, 9.963987 ], [ 0.418060000000139, 9.976186 ], [ 0.422707, 9.986353 ], [ 0.422416000000113, 9.994195000000159 ], [ 0.415445000000148, 10.009009 ], [ 0.413122000000158, 10.012204 ], [ 0.409927, 10.016561000000138 ], [ 0.407893, 10.019465 ], [ 0.40818400000012, 10.021789000000124 ], [ 0.407858000000148, 10.02219 ], [ 0.40019100000012, 10.016653 ], [ 0.390985000000114, 10.023666 ] ] ] } },
{ "type": "Feature", "properties": { "Préfecture": "Danyi", "Code HDX": "TG0404", "Région": "Plateaux", "Zone": "Plateaux", "Surface (km²)": 396.44 }, "geometry": { "type": "Polygon", "coordinates": [ [ [ 0.797068000000138, 7.384228 ], [ 0.800817000000166, 7.389851 ], [ 0.796265000000119, 7.389851 ], [ 0.77578, 7.386638000000173 ], [ 0.764533, 7.385032 ], [ 0.750073, 7.382622 ], [ 0.742441, 7.38181800000018 ], [ 0.736818, 7.381818000000179 ], [ 0.727178000000151, 7.385433000000149 ], [ 0.723161000000175, 7.380613 ], [ 0.71794000000017, 7.376998000000127 ], [ 0.712316, 7.376195000000168 ], [ 0.706693, 7.379810000000133 ], [ 0.696249, 7.385032 ], [ 0.681388, 7.386237 ], [ 0.673354, 7.385032 ], [ 0.656082, 7.378203 ], [ 0.648616000000118, 7.37559 ], [ 0.647729, 7.371847000000116 ], [ 0.646123000000102, 7.366705 ], [ 0.64548, 7.359957 ], [ 0.649979, 7.350799000000109 ], [ 0.650402, 7.347776000000122 ], [ 0.652228, 7.334732000000143 ], [ 0.653192, 7.328627 ], [ 0.657048, 7.31738 ], [ 0.656084, 7.311596 ], [ 0.653835000000129, 7.302599000000157 ], [ 0.643231, 7.281391 ], [ 0.643231, 7.280105 ], [ 0.643231, 7.270465 ], [ 0.639649, 7.249056 ], [ 0.636161, 7.22821 ], [ 0.631662000000119, 7.200253 ], [ 0.624894, 7.179641000000117 ], [ 0.624593, 7.178724 ], [ 0.621059, 7.170691000000147 ], [ 0.617408, 7.165563 ], [ 0.605956, 7.149482000000147 ], [ 0.598244, 7.132773 ], [ 0.598244, 7.121526 ], [ 0.600172, 7.116706 ], [ 0.603385000000117, 7.110922000000187 ], [ 0.61174, 7.098390000000166 ], [ 0.613119000000154, 7.095172000000161 ], [ 0.614395, 7.092195 ], [ 0.614632, 7.09164200000015 ], [ 0.623308000000122, 7.078146 ], [ 0.627164000000108, 7.072362 ], [ 0.632627, 7.072683000000155 ], [ 0.639053000000104, 7.077503 ], [ 0.643873, 7.081038 ], [ 0.653192, 7.082323 ], [ 0.659843, 7.083654 ], [ 0.662832, 7.084251 ], [ 0.670223, 7.088107 ], [ 0.672472, 7.090035 ], [ 0.676650000000109, 7.097105 ], [ 0.680184000000111, 7.104817 ], [ 0.682708, 7.108553000000144 ], [ 0.675834000000123, 7.113847 ], [ 0.669048000000146, 7.118372 ], [ 0.668637, 7.120840000000156 ], [ 0.671516, 7.123102 ], [ 0.678919, 7.12330700000018 ], [ 0.685089, 7.12207400000011 ], [ 0.688379000000168, 7.121457 ], [ 0.688996, 7.123513000000172 ], [ 0.690436, 7.127215 ], [ 0.690025000000105, 7.133179 ], [ 0.690642, 7.137909 ], [ 0.694549000000109, 7.140788 ], [ 0.69578300000012, 7.145107 ], [ 0.69698, 7.150495000000148 ], [ 0.697017, 7.15066 ], [ 0.703910000000177, 7.155605000000153 ], [ 0.702981, 7.156007 ], [ 0.7073, 7.159297 ], [ 0.708534000000157, 7.165467 ], [ 0.708739, 7.16772900000018 ], [ 0.712647000000118, 7.174927000000141 ], [ 0.714909, 7.178012000000138 ], [ 0.717788, 7.181096 ], [ 0.718238000000156, 7.18154600000014 ], [ 0.718970000000127, 7.183256 ], [ 0.719742, 7.18814 ], [ 0.722827, 7.19688 ], [ 0.725912, 7.204335000000128 ], [ 0.72899600000011, 7.206649 ], [ 0.730743, 7.207568 ], [ 0.733881, 7.209220000000186 ], [ 0.734521, 7.210052 ], [ 0.737847, 7.214377000000183 ], [ 0.752041000000133, 7.233336000000179 ], [ 0.752041000000133, 7.233644 ], [ 0.758429, 7.243651000000115 ], [ 0.759587000000124, 7.245466 ], [ 0.760283000000129, 7.245825 ], [ 0.768174, 7.256715 ], [ 0.772945000000108, 7.266586 ], [ 0.773419, 7.266908 ], [ 0.773370000000115, 7.266941000000145 ], [ 0.77578, 7.269351 ], [ 0.780198000000155, 7.277384000000154 ], [ 0.782608, 7.281516000000123 ], [ 0.782207000000143, 7.281802000000141 ], [ 0.791847000000132, 7.297869000000105 ], [ 0.795194000000152, 7.30436600000013 ], [ 0.786223, 7.306706000000133 ], [ 0.774977, 7.312329000000148 ], [ 0.766943, 7.317149 ], [ 0.762651000000119, 7.317954000000158 ], [ 0.760517000000164, 7.318354 ], [ 0.759312, 7.322773 ], [ 0.761320000000126, 7.330405 ], [ 0.761320000000126, 7.339241000000187 ], [ 0.762123000000146, 7.346471000000123 ], [ 0.766542, 7.35089 ], [ 0.776583000000187, 7.35571 ], [ 0.786625, 7.361735 ], [ 0.789035000000183, 7.366555000000118 ], [ 0.79345300000017, 7.37659600000012 ], [ 0.797068000000138, 7.384228 ] ] ] } },
{ "type": "Feature", "properties": { "Préfecture": "Doufelgou", "Code HDX": "TG0205", "Région": "Kara", "Zone": "Kara", "Surface (km²)": 1157.9 }, "geometry": { "type": "Polygon", "coordinates": [ [ [ 1.33783000000011, 10.021244 ], [ 1.341565, 10.02498400000019 ], [ 1.313664, 10.04087900000013 ], [ 1.310982, 10.042406 ], [ 1.306597000000124, 10.038159000000121 ], [ 1.302887000000112, 10.036641 ], [ 1.299514000000102, 10.03647200000017 ], [ 1.296478, 10.035460000000114 ], [ 1.292599000000109, 10.032931 ], [ 1.287372000000175, 10.028377 ], [ 1.282818000000134, 10.024667 ], [ 1.278939, 10.021126 ], [ 1.271291000000133, 10.017249 ], [ 1.267345, 10.017229000000155 ], [ 1.260290000000111, 10.010162 ], [ 1.253500000000145, 9.992382 ], [ 1.238039, 9.984651 ], [ 1.223010000000158, 9.982504 ], [ 1.217106000000172, 9.981431 ], [ 1.214693000000182, 9.981632 ], [ 1.210665000000121, 9.981968000000109 ], [ 1.20154, 9.982504 ], [ 1.188121, 9.992166000000109 ], [ 1.172019, 9.993776000000137 ], [ 1.159137000000159, 9.999144000000172 ], [ 1.151764, 9.98598100000015 ], [ 1.151622, 9.985725000000114 ], [ 1.148402, 9.984651 ], [ 1.139814, 9.972843 ], [ 1.134983, 9.961571 ], [ 1.13229900000016, 9.95137300000016 ], [ 1.130852000000175, 9.943171000000119 ], [ 1.130556000000183, 9.942875000000129 ], [ 1.110271000000126, 9.935203 ], [ 1.097578, 9.932971 ], [ 1.083824000000164, 9.92605500000019 ], [ 1.070440000000134, 9.91806 ], [ 1.0578, 9.907190000000183 ], [ 1.04734, 9.895973 ], [ 1.045464, 9.889639 ], [ 1.043694000000187, 9.891316 ], [ 1.04021, 9.892042 ], [ 1.035999000000118, 9.891751000000113 ], [ 1.034111, 9.887976 ], [ 1.033966000000135, 9.88071600000012 ], [ 1.034692000000177, 9.873601000000122 ], [ 1.032369000000132, 9.867067 ], [ 1.023909, 9.855935 ], [ 1.017166, 9.86093000000011 ], [ 1.010188, 9.863614000000151 ], [ 1.005357000000174, 9.864687000000117 ], [ 1.00467, 9.864412000000128 ], [ 0.998061000000121, 9.864373 ], [ 0.991177, 9.862533 ], [ 0.988654000000168, 9.859639 ], [ 0.982881, 9.854206000000147 ], [ 0.978508, 9.851780000000133 ], [ 0.973689, 9.850732000000107 ], [ 0.967248, 9.849658 ], [ 0.966771, 9.849615 ], [ 0.96134300000017, 9.849121 ], [ 0.954903, 9.847511 ], [ 0.951145000000167, 9.846438 ], [ 0.945778000000189, 9.846974 ], [ 0.941484000000173, 9.850732000000106 ], [ 0.936116, 9.856099 ], [ 0.929675, 9.858783000000129 ], [ 0.921087, 9.858246000000122 ], [ 0.91035200000016, 9.852879000000142 ], [ 0.904879000000108, 9.855615 ], [ 0.900456, 9.861980000000131 ], [ 0.897153000000174, 9.867717 ], [ 0.888794, 9.86982400000011 ], [ 0.888403, 9.869757 ], [ 0.887808, 9.870055 ], [ 0.880294, 9.871128000000166 ], [ 0.879721, 9.870555 ], [ 0.878986, 9.871202 ], [ 0.867735, 9.871491000000159 ], [ 0.864472, 9.871110000000101 ], [ 0.857975, 9.865671000000193 ], [ 0.857268, 9.862788 ], [ 0.852335, 9.853921000000181 ], [ 0.849162, 9.851805 ], [ 0.848702, 9.852449 ], [ 0.846477000000164, 9.847965000000157 ], [ 0.839991000000111, 9.841087 ], [ 0.836765000000185, 9.834949 ], [ 0.83825800000011, 9.829653 ], [ 0.838993000000131, 9.827046 ], [ 0.84522, 9.81809 ], [ 0.855411, 9.813116 ], [ 0.859427000000153, 9.809183000000131 ], [ 0.860906000000115, 9.804874 ], [ 0.858431000000167, 9.794783 ], [ 0.858122000000151, 9.786504 ], [ 0.858528, 9.779669 ], [ 0.861483, 9.771411000000171 ], [ 0.860792000000117, 9.766009000000167 ], [ 0.860078, 9.764205000000116 ], [ 0.860466000000145, 9.764252 ], [ 0.860693, 9.76428 ], [ 0.856699, 9.756228 ], [ 0.859637, 9.744415000000119 ], [ 0.868251000000156, 9.740209000000108 ], [ 0.869226, 9.736903 ], [ 0.871665000000179, 9.728399 ], [ 0.866818, 9.721625 ], [ 0.864467, 9.716286 ], [ 0.864504000000126, 9.710371 ], [ 0.864534000000106, 9.705638000000137 ], [ 0.865033, 9.705559000000161 ], [ 0.864657000000136, 9.705166000000188 ], [ 0.864219000000162, 9.699010000000101 ], [ 0.868064000000118, 9.694302000000107 ], [ 0.871919, 9.688173000000122 ], [ 0.873854000000108, 9.683926 ], [ 0.878689000000122, 9.673544000000163 ], [ 0.876796000000184, 9.671166 ], [ 0.870637, 9.664502 ], [ 0.873996000000147, 9.661210000000152 ], [ 0.882587, 9.660316 ], [ 0.895927, 9.662765 ], [ 0.899292, 9.65852600000011 ], [ 0.906466, 9.655257000000178 ], [ 0.9126720000001, 9.654348 ], [ 0.915554, 9.651052 ], [ 0.915589, 9.645373 ], [ 0.916908, 9.645495 ], [ 0.926553, 9.646386000000176 ], [ 0.929406, 9.647823 ], [ 0.938947, 9.647407000000101 ], [ 0.946101, 9.647449 ], [ 0.953261, 9.646546000000116 ], [ 0.958513000000152, 9.645630000000153 ], [ 0.976665000000139, 9.641004 ], [ 0.977266000000101, 9.642040000000121 ], [ 0.977730000000122, 9.64179 ], [ 0.979973, 9.64147 ], [ 0.981575000000134, 9.639227 ], [ 0.985739, 9.640188 ], [ 0.986018, 9.640841 ], [ 0.992466, 9.638907 ], [ 1.001755, 9.639548000000159 ], [ 1.009763, 9.641149 ], [ 1.027702, 9.643392 ], [ 1.03635, 9.645634000000145 ], [ 1.042757000000107, 9.649157000000116 ], [ 1.049163, 9.655244000000149 ], [ 1.057172000000152, 9.662291 ], [ 1.061657000000139, 9.662932000000181 ], [ 1.067422, 9.662611 ], [ 1.072227, 9.661330000000133 ], [ 1.080258000000184, 9.660094000000182 ], [ 1.080556000000116, 9.660049000000184 ], [ 1.086322000000109, 9.660369 ], [ 1.093689000000154, 9.661009 ], [ 1.102658, 9.665814 ], [ 1.111627, 9.674143000000127 ], [ 1.120597, 9.683432 ], [ 1.127964000000135, 9.694003 ], [ 1.131168, 9.696246 ], [ 1.139817000000108, 9.696246 ], [ 1.145262000000172, 9.694644000000151 ], [ 1.151668000000143, 9.694003 ], [ 1.156976, 9.695478 ], [ 1.16034000000019, 9.699589 ], [ 1.16136, 9.701921 ], [ 1.163143000000105, 9.705995 ], [ 1.163943, 9.71040000000016 ], [ 1.167948000000138, 9.716406 ], [ 1.171952000000148, 9.722412000000132 ], [ 1.181962, 9.732422 ], [ 1.186767, 9.737628 ], [ 1.191972, 9.743233 ], [ 1.191954, 9.743519 ], [ 1.198029, 9.751405 ], [ 1.197815000000106, 9.751756000000171 ], [ 1.194735000000151, 9.756787 ], [ 1.189950000000182, 9.769359 ], [ 1.188436000000138, 9.78086800000017 ], [ 1.192398, 9.786288 ], [ 1.205025000000149, 9.800032 ], [ 1.208634000000131, 9.803651000000171 ], [ 1.21041200000019, 9.810499000000107 ], [ 1.213267000000144, 9.819512000000145 ], [ 1.221195, 9.829991000000119 ], [ 1.236336, 9.849147 ], [ 1.253993, 9.872439 ], [ 1.265666000000124, 9.862257000000168 ], [ 1.276968000000181, 9.852596000000174 ], [ 1.278639, 9.85236800000013 ], [ 1.278055, 9.852962 ], [ 1.284206, 9.856593 ], [ 1.287080000000174, 9.862366000000122 ], [ 1.283791000000178, 9.866669000000174 ], [ 1.277961, 9.870958000000144 ], [ 1.275411000000134, 9.872745000000174 ], [ 1.280465000000106, 9.87817000000018 ], [ 1.285071, 9.89979 ], [ 1.287195000000111, 9.910194 ], [ 1.287203, 9.910238000000163 ], [ 1.289397, 9.92314 ], [ 1.301015000000119, 9.980003 ], [ 1.33783000000011, 10.021244 ] ] ] } },
{ "type": "Feature", "properties": { "Préfecture": "Est-Mono", "Code HDX": "TG0405", "Région": "Plateaux", "Zone": "Plateaux", "Surface (km²)": 2652.52 }, "geometry": { "type": "Polygon", "coordinates": [ [ [ 1.626810000000148, 8.379891 ], [ 1.629622, 8.392343 ], [ 1.633237, 8.403991000000133 ], [ 1.637254, 8.410418 ], [ 1.643681000000186, 8.413229000000113 ], [ 1.646091, 8.417246000000146 ], [ 1.645287, 8.424074000000187 ], [ 1.643279000000121, 8.427288 ], [ 1.639664000000153, 8.43251 ], [ 1.640869, 8.43974 ], [ 1.642877000000112, 8.455003 ], [ 1.646091, 8.467455 ], [ 1.646401, 8.469837000000153 ], [ 1.650547000000188, 8.47829 ], [ 1.649922000000174, 8.478124000000152 ], [ 1.619587, 8.47007 ], [ 1.593833, 8.455276 ], [ 1.571093, 8.449796 ], [ 1.565065000000118, 8.448152 ], [ 1.547257000000172, 8.442947000000176 ], [ 1.538489, 8.4402070000001 ], [ 1.534105000000181, 8.439111 ], [ 1.528078000000108, 8.438015000000123 ], [ 1.52479, 8.437741000000186 ], [ 1.52287200000012, 8.436371000000179 ], [ 1.518489, 8.433905 ], [ 1.515749, 8.431439000000125 ], [ 1.513009000000126, 8.428152000000123 ], [ 1.50068, 8.40322 ], [ 1.492461000000105, 8.394726 ], [ 1.489995, 8.392808000000112 ], [ 1.487803, 8.389795 ], [ 1.485063000000139, 8.384589 ], [ 1.48342, 8.382397 ], [ 1.478475, 8.377636000000166 ], [ 1.476022000000115, 8.375274000000104 ], [ 1.473129, 8.371855 ], [ 1.47279, 8.371923000000152 ], [ 1.469366, 8.368156 ], [ 1.462859, 8.365759000000139 ], [ 1.454982, 8.363704 ], [ 1.44642, 8.361991000000101 ], [ 1.441968000000145, 8.361649 ], [ 1.435118, 8.361991000000103 ], [ 1.424502, 8.362334 ], [ 1.417995, 8.362676000000137 ], [ 1.413542, 8.363019 ], [ 1.404981000000135, 8.362676000000134 ], [ 1.393336, 8.360279 ], [ 1.388884000000132, 8.358909 ], [ 1.384775000000161, 8.355142 ], [ 1.37861, 8.354799000000126 ], [ 1.371418, 8.354799000000126 ], [ 1.363884, 8.351032 ], [ 1.359432, 8.351032 ], [ 1.357377, 8.351032 ], [ 1.33854, 8.359594 ], [ 1.334773, 8.358224000000178 ], [ 1.331006, 8.358224000000176 ], [ 1.322444000000189, 8.358567000000166 ], [ 1.320047000000103, 8.35788200000013 ], [ 1.311143, 8.363361000000113 ], [ 1.3108, 8.366101000000185 ], [ 1.306005, 8.365416 ], [ 1.304978000000119, 8.364731000000175 ], [ 1.302238, 8.366444000000115 ], [ 1.297786, 8.365416 ], [ 1.295046, 8.365759000000139 ], [ 1.292649000000154, 8.366101000000183 ], [ 1.28785500000015, 8.366444000000117 ], [ 1.283745, 8.367128 ], [ 1.28203200000013, 8.367813 ], [ 1.277580000000171, 8.372608000000183 ], [ 1.259429, 8.372266 ], [ 1.244703, 8.372951000000116 ], [ 1.228949, 8.378430000000153 ], [ 1.229067, 8.378174 ], [ 1.236826, 8.361306000000125 ], [ 1.235369000000105, 8.359717000000103 ], [ 1.233059000000139, 8.357197 ], [ 1.231004, 8.353772 ], [ 1.229634, 8.350005000000122 ], [ 1.229292, 8.346923 ], [ 1.230831, 8.34138 ], [ 1.231004, 8.340758000000106 ], [ 1.231004, 8.330484000000181 ], [ 1.229634, 8.325689000000123 ], [ 1.229292, 8.301373000000124 ], [ 1.229976000000136, 8.295894 ], [ 1.232374000000108, 8.289387 ], [ 1.234086, 8.287675 ], [ 1.237511, 8.283222 ], [ 1.239223000000152, 8.277058000000181 ], [ 1.240084000000139, 8.275050000000135 ], [ 1.242707000000109, 8.273243 ], [ 1.248719000000164, 8.269389000000162 ], [ 1.251493, 8.265536 ], [ 1.254576, 8.260141 ], [ 1.25735, 8.254284 ], [ 1.258702000000142, 8.249912000000108 ], [ 1.259903, 8.246026000000141 ], [ 1.260182, 8.245829000000185 ], [ 1.256117000000131, 8.244419 ], [ 1.250877000000173, 8.242107 ], [ 1.247023000000183, 8.239024 ], [ 1.246026, 8.237413000000174 ], [ 1.245547, 8.234224 ], [ 1.243851, 8.227441000000171 ], [ 1.24288300000012, 8.220415 ], [ 1.243367, 8.216539000000182 ], [ 1.246274, 8.210483 ], [ 1.251846, 8.204184 ], [ 1.256207000000131, 8.201277 ], [ 1.260325000000137, 8.199097000000108 ], [ 1.262748, 8.193525 ], [ 1.264443, 8.186257000000182 ], [ 1.264336000000185, 8.177142 ], [ 1.264201, 8.165665000000105 ], [ 1.263717000000157, 8.157913000000121 ], [ 1.262748, 8.153552000000106 ], [ 1.262263, 8.151372 ], [ 1.259356, 8.146527 ], [ 1.258629000000155, 8.142408000000158 ], [ 1.257176000000187, 8.135867000000189 ], [ 1.256449, 8.132476000000111 ], [ 1.256207000000131, 8.123512 ], [ 1.256449, 8.114549 ], [ 1.256207000000131, 8.106554 ], [ 1.255476, 8.103631000000178 ], [ 1.254641, 8.102357 ], [ 1.247858000000122, 8.099692 ], [ 1.241317, 8.099934000000188 ], [ 1.233807000000184, 8.098965 ], [ 1.230416000000105, 8.095573000000115 ], [ 1.230416000000105, 8.09194 ], [ 1.230788000000133, 8.091664000000151 ], [ 1.236956000000134, 8.087094 ], [ 1.241559000000166, 8.085156 ], [ 1.2481, 8.082007000000148 ], [ 1.250703, 8.07832 ], [ 1.250998, 8.074939 ], [ 1.252210000000161, 8.069125 ], [ 1.250998, 8.056770000000139 ], [ 1.248576, 8.051925 ], [ 1.245911, 8.04901800000016 ], [ 1.238643, 8.040539 ], [ 1.235736, 8.037147000000118 ], [ 1.234763, 8.032282 ], [ 1.226591000000155, 8.031192000000148 ], [ 1.220913, 8.032707 ], [ 1.21675, 8.033464 ], [ 1.211829, 8.0293 ], [ 1.208043, 8.025136 ], [ 1.206151, 8.024379 ], [ 1.197445000000187, 8.015294000000154 ], [ 1.195552, 8.000532000000135 ], [ 1.18571, 7.989933000000178 ], [ 1.169812, 7.985391 ], [ 1.154292000000169, 7.972521 ], [ 1.148562, 7.966074000000105 ], [ 1.147865, 7.963199 ], [ 1.142402000000118, 7.955166000000133 ], [ 1.138225, 7.948739 ], [ 1.135655, 7.942955 ], [ 1.133726000000139, 7.935564000000113 ], [ 1.127621, 7.927852 ], [ 1.123765000000162, 7.923996 ], [ 1.121837, 7.917569000000128 ], [ 1.122801000000151, 7.913713 ], [ 1.126014000000111, 7.907929 ], [ 1.129549, 7.902467 ], [ 1.13506400000017, 7.901364000000114 ], [ 1.137582000000123, 7.90086 ], [ 1.145937, 7.906001 ], [ 1.156863000000102, 7.912749000000133 ], [ 1.164253000000145, 7.912749000000131 ], [ 1.172929000000181, 7.912428 ], [ 1.176785000000167, 7.907608 ], [ 1.184176, 7.901503 ], [ 1.193174000000114, 7.896040000000143 ], [ 1.207876000000113, 7.897054 ], [ 1.206674, 7.896195 ], [ 1.205221, 7.892804 ], [ 1.204494, 7.888928 ], [ 1.204251, 7.885778000000131 ], [ 1.204494, 7.881660000000123 ], [ 1.20619, 7.87948 ], [ 1.209339, 7.87633 ], [ 1.216122, 7.877057000000152 ], [ 1.222663, 7.877299000000106 ], [ 1.226502, 7.876531000000115 ], [ 1.224212000000136, 7.869281000000114 ], [ 1.218564000000185, 7.856729 ], [ 1.23299900000012, 7.853591000000107 ], [ 1.243668, 7.845432 ], [ 1.250209000000154, 7.844819000000145 ], [ 1.263752000000181, 7.843549 ], [ 1.276304, 7.846687000000144 ], [ 1.284463000000187, 7.852336 ], [ 1.28948400000013, 7.847315 ], [ 1.28948400000013, 7.839156000000173 ], [ 1.282580000000166, 7.832880000000101 ], [ 1.281952, 7.829114000000116 ], [ 1.290111000000139, 7.824093000000118 ], [ 1.303291000000115, 7.822838 ], [ 1.323374, 7.83037 ], [ 1.334044, 7.827232000000151 ], [ 1.347224, 7.817817000000104 ], [ 1.355383, 7.812169000000152 ], [ 1.36668, 7.807776000000104 ], [ 1.381742, 7.80087200000014 ], [ 1.390670000000114, 7.795771000000117 ], [ 1.394294000000116, 7.80338200000017 ], [ 1.408102, 7.816562 ], [ 1.425047, 7.815935 ], [ 1.448896000000104, 7.820955 ], [ 1.458938, 7.839784 ], [ 1.463331, 7.862378 ], [ 1.467097, 7.896896 ], [ 1.465214, 7.901289000000133 ], [ 1.451407, 7.909448 ], [ 1.440239, 7.908791000000179 ], [ 1.441094000000135, 7.924183 ], [ 1.440301, 7.945598 ], [ 1.441094000000135, 7.955909000000189 ], [ 1.442313, 7.964850000000126 ], [ 1.448469000000159, 7.962757000000125 ], [ 1.469356000000119, 7.965167 ], [ 1.484218, 7.963962 ], [ 1.491046, 7.957937000000127 ], [ 1.493055, 7.950707 ], [ 1.494260000000111, 7.943075 ], [ 1.50149, 7.937452000000177 ], [ 1.503900000000159, 7.92861500000015 ], [ 1.518762, 7.913352 ], [ 1.530410000000131, 7.904917000000125 ], [ 1.538845000000151, 7.907327 ], [ 1.562544, 7.908934000000103 ], [ 1.623597000000188, 7.916565 ], [ 1.632717000000184, 7.917295 ], [ 1.633639, 7.917369000000122 ], [ 1.634041000000138, 7.920984 ], [ 1.634844000000158, 7.95613 ], [ 1.636049000000185, 7.991477 ], [ 1.641271, 8.299557000000107 ], [ 1.64114, 8.300001 ], [ 1.641271, 8.300360000000126 ], [ 1.638057, 8.327674 ], [ 1.636852, 8.339724000000157 ], [ 1.63042600000017, 8.343741 ], [ 1.625318000000107, 8.35159800000014 ], [ 1.626007000000129, 8.357799 ], [ 1.626007000000129, 8.367037 ], [ 1.626810000000148, 8.379891 ] ] ] } },
{ "type": "Feature", "properties": { "Préfecture": "Golfe", "Code HDX": "TG0303", "Région": "Maritime", "Zone": "Grand Lomé", "Surface (km²)": 240.77 }, "geometry": { "type": "Polygon", "coordinates": [ [ [ 1.194280000000163, 6.201438 ], [ 1.194878, 6.201109 ], [ 1.195299513000067, 6.200884891000044 ], [ 1.196046, 6.200488000000178 ], [ 1.197141000000101, 6.199904000000175 ], [ 1.198181, 6.19934600000016 ], [ 1.19877, 6.199027 ], [ 1.199046000000124, 6.198853 ], [ 1.200265000000115, 6.198191000000178 ], [ 1.200619, 6.19877500000018 ], [ 1.200916000000178, 6.199314000000185 ], [ 1.201722, 6.200737000000174 ], [ 1.201722, 6.200742 ], [ 1.202001, 6.200811 ], [ 1.202233, 6.200869 ], [ 1.20257, 6.201342000000125 ], [ 1.202744, 6.201792 ], [ 1.203111, 6.202592000000152 ], [ 1.202988000000175, 6.202727000000151 ], [ 1.202872000000184, 6.203015000000164 ], [ 1.202697, 6.203696 ], [ 1.202639, 6.20395 ], [ 1.203463, 6.204331 ], [ 1.203731000000176, 6.204469 ], [ 1.203324, 6.204816000000163 ], [ 1.203580000000102, 6.205173 ], [ 1.204282000000148, 6.206338000000129 ], [ 1.204328, 6.206301000000109 ], [ 1.20645300000018, 6.205015000000117 ], [ 1.206573000000162, 6.205089 ], [ 1.208577, 6.204604000000186 ], [ 1.20855900000015, 6.200779 ], [ 1.216964000000132, 6.204134 ], [ 1.229371000000128, 6.204117 ], [ 1.229411, 6.2058 ], [ 1.235829, 6.206025000000182 ], [ 1.239251000000138, 6.206219 ], [ 1.239227, 6.206924000000128 ], [ 1.241183000000149, 6.207021000000167 ], [ 1.241207000000145, 6.209525 ], [ 1.24375, 6.209421000000134 ], [ 1.245290000000125, 6.212909 ], [ 1.24573, 6.213760000000149 ], [ 1.246378000000107, 6.214696000000116 ], [ 1.247144, 6.215643000000171 ], [ 1.247561, 6.216164000000106 ], [ 1.247882000000175, 6.21655500000014 ], [ 1.248740000000112, 6.217668 ], [ 1.249050000000182, 6.218059 ], [ 1.250122, 6.21948 ], [ 1.244521, 6.227435 ], [ 1.244174000000157, 6.22743 ], [ 1.241573, 6.227394 ], [ 1.24829, 6.233217000000138 ], [ 1.248535, 6.235972000000173 ], [ 1.249930000000178, 6.240876000000185 ], [ 1.251726, 6.244328000000167 ], [ 1.250929, 6.248855000000106 ], [ 1.253162, 6.256776 ], [ 1.257984, 6.253786 ], [ 1.263611, 6.251617 ], [ 1.266466, 6.251882 ], [ 1.268446, 6.25101 ], [ 1.270005, 6.250135000000171 ], [ 1.271731000000102, 6.248675000000163 ], [ 1.27390000000014, 6.245788000000176 ], [ 1.276049000000171, 6.243706 ], [ 1.277664000000186, 6.242539000000136 ], [ 1.278655000000128, 6.241663000000131 ], [ 1.279318000000103, 6.240676000000177 ], [ 1.279688000000135, 6.239468 ], [ 1.280021, 6.238259 ], [ 1.281416000000149, 6.237018 ], [ 1.28158400000018, 6.236213 ], [ 1.281663000000151, 6.234271 ], [ 1.281966000000182, 6.231120000000145 ], [ 1.282518, 6.230389 ], [ 1.282724, 6.22910800000011 ], [ 1.282841, 6.226836000000105 ], [ 1.283068, 6.224602000000174 ], [ 1.281216, 6.211593000000107 ], [ 1.281216, 6.209186 ], [ 1.281496000000175, 6.205111 ], [ 1.28214800000012, 6.201129 ], [ 1.283011000000101, 6.197935000000142 ], [ 1.283486000000153, 6.196178 ], [ 1.287812000000145, 6.191877 ], [ 1.289834, 6.190139000000102 ], [ 1.290695000000142, 6.190031 ], [ 1.296402000000171, 6.190709 ], [ 1.301012, 6.190943000000174 ], [ 1.310221000000126, 6.194928 ], [ 1.317680000000166, 6.196929 ], [ 1.320633000000101, 6.198419 ], [ 1.32076300000017, 6.198426 ], [ 1.329094000000111, 6.202627 ], [ 1.334363000000109, 6.202864 ], [ 1.343352, 6.207287000000121 ], [ 1.34993900000012, 6.207307000000184 ], [ 1.355676000000187, 6.209094000000107 ], [ 1.368245000000115, 6.209094000000106 ], [ 1.382719, 6.211623 ], [ 1.395366, 6.214574 ], [ 1.395441000000176, 6.214622 ], [ 1.397270000000162, 6.214389000000154 ], [ 1.397087000000114, 6.211441 ], [ 1.393252, 6.203275000000191 ], [ 1.390365994000035, 6.201723485000172 ], [ 1.386829000000149, 6.199822 ], [ 1.38491837700002, 6.19901838000004 ], [ 1.382704, 6.1980870000001 ], [ 1.382655000000113, 6.198067 ], [ 1.382654859000183, 6.19806627300005 ], [ 1.382336521000127, 6.196421315 ], [ 1.38140600000014, 6.191613000000189 ], [ 1.38134935000005, 6.191232406000154 ], [ 1.381335, 6.191136000000141 ], [ 1.381276, 6.190739000000178 ], [ 1.381243541000117, 6.190646888000172 ], [ 1.381239000000164, 6.190634 ], [ 1.381153000000154, 6.190387 ], [ 1.381162590999963, 6.190353576000063 ], [ 1.381186, 6.190272 ], [ 1.381165, 6.190092000000107 ], [ 1.381169, 6.189623 ], [ 1.381173447000151, 6.18908418 ], [ 1.381182, 6.188048 ], [ 1.38116, 6.187878 ], [ 1.38105800000011, 6.187802 ], [ 1.3809, 6.18768400000016 ], [ 1.380886884000176, 6.186797075000072 ], [ 1.380871, 6.18572300000011 ], [ 1.380884168000136, 6.185643427000172 ], [ 1.380941, 6.1853 ], [ 1.380945000000168, 6.185213 ], [ 1.38094538200005, 6.185204182000176 ], [ 1.380953685000122, 6.185012270000072 ], [ 1.380954, 6.185005 ], [ 1.380950690000135, 6.18499010300013 ], [ 1.380910000000142, 6.184807000000147 ], [ 1.380886, 6.184698 ], [ 1.380859090000172, 6.184406266000053 ], [ 1.380842, 6.184221 ], [ 1.380685, 6.183676 ], [ 1.380650547000073, 6.183470715000167 ], [ 1.380613, 6.183247 ], [ 1.380474000000106, 6.182426 ], [ 1.380435401, 6.182288547000039 ], [ 1.380171, 6.181347 ], [ 1.381623000000162, 6.177852 ], [ 1.382113000000174, 6.176675 ], [ 1.38491837700002, 6.175694850000125 ], [ 1.38689, 6.175006000000111 ], [ 1.389286, 6.174155 ], [ 1.387189, 6.173407000000169 ], [ 1.384845, 6.172751 ], [ 1.380373, 6.171316000000161 ], [ 1.376488000000164, 6.170664 ], [ 1.374295, 6.169938 ], [ 1.372969000000182, 6.169532000000173 ], [ 1.37158200000016, 6.168848 ], [ 1.367108, 6.167784000000153 ], [ 1.365536000000134, 6.167131 ], [ 1.362481000000116, 6.166812 ], [ 1.359056, 6.166153 ], [ 1.357082000000162, 6.165405000000132 ], [ 1.35511, 6.164441000000124 ], [ 1.352345, 6.163475000000119 ], [ 1.349682, 6.162602 ], [ 1.347431, 6.161760000000186 ], [ 1.345859, 6.161014 ], [ 1.345119000000125, 6.160703000000126 ], [ 1.342403000000104, 6.160262 ], [ 1.340868000000113, 6.1596550000001 ], [ 1.339181000000168, 6.159204 ], [ 1.337236000000189, 6.15832500000016 ], [ 1.332732, 6.156788000000174 ], [ 1.332111000000111, 6.156582000000185 ], [ 1.330814, 6.156086000000187 ], [ 1.326875, 6.154662000000143 ], [ 1.324919000000136, 6.154108000000122 ], [ 1.323872, 6.153687000000103 ], [ 1.321722000000136, 6.152975 ], [ 1.320703, 6.152452 ], [ 1.319814000000179, 6.151985000000138 ], [ 1.3172560000001, 6.151336 ], [ 1.315397000000132, 6.150601 ], [ 1.31427200000013, 6.150157 ], [ 1.310176000000127, 6.148834 ], [ 1.308851000000118, 6.148459 ], [ 1.307433, 6.147907 ], [ 1.305032000000153, 6.147212000000137 ], [ 1.302392, 6.146256 ], [ 1.299915, 6.145384 ], [ 1.297471, 6.144597 ], [ 1.295006000000114, 6.143791 ], [ 1.293950000000166, 6.143305000000169 ], [ 1.292585, 6.142824000000132 ], [ 1.2909, 6.142496000000165 ], [ 1.289759000000117, 6.142474000000107 ], [ 1.288488000000143, 6.142684 ], [ 1.286856000000114, 6.142372 ], [ 1.284522, 6.141130000000144 ], [ 1.282476, 6.139963 ], [ 1.282272, 6.139841 ], [ 1.280308000000106, 6.139009000000157 ], [ 1.278558, 6.138112 ], [ 1.276927000000114, 6.137605000000121 ], [ 1.275806000000103, 6.137081000000134 ], [ 1.273016, 6.136422000000152 ], [ 1.270671000000164, 6.135672 ], [ 1.269939, 6.135447000000112 ], [ 1.268446, 6.135089000000166 ], [ 1.266176, 6.134274 ], [ 1.264555, 6.133637 ], [ 1.26323, 6.133095 ], [ 1.261423, 6.13255 ], [ 1.258679, 6.131984000000102 ], [ 1.257160000000113, 6.131246000000146 ], [ 1.255623000000128, 6.13024700000011 ], [ 1.253817, 6.129545000000121 ], [ 1.252187, 6.128621 ], [ 1.250048000000163, 6.127629 ], [ 1.249696, 6.127452000000119 ], [ 1.248083000000122, 6.126871 ], [ 1.246532, 6.126332 ], [ 1.244988, 6.126016000000163 ], [ 1.244282, 6.125768 ], [ 1.243552, 6.125538 ], [ 1.241864, 6.125235 ], [ 1.240374000000145, 6.124394 ], [ 1.240142000000162, 6.124254 ], [ 1.239206000000139, 6.123899000000106 ], [ 1.237863, 6.123383 ], [ 1.236556, 6.123026 ], [ 1.234321, 6.123 ], [ 1.232056, 6.122159 ], [ 1.231264000000124, 6.121783 ], [ 1.230292000000134, 6.121158 ], [ 1.228605000000186, 6.120716 ], [ 1.226752, 6.119939 ], [ 1.224121, 6.118946000000107 ], [ 1.22227, 6.117631 ], [ 1.220334, 6.116761000000168 ], [ 1.217407, 6.115721000000121 ], [ 1.215045, 6.114515000000153 ], [ 1.21421, 6.114531 ], [ 1.212544, 6.113616 ], [ 1.209181000000115, 6.112323000000115 ], [ 1.204031000000157, 6.110078 ], [ 1.203702156000134, 6.10996800000015 ], [ 1.200155338000116, 6.109649763000049 ], [ 1.19763209000007, 6.109417699000176 ], [ 1.196370595000019, 6.109325843000021 ], [ 1.194369734000134, 6.109335547000114 ], [ 1.193268358000126, 6.10932297000005 ], [ 1.191769958000123, 6.109305859000186 ], [ 1.191762653000126, 6.112061132000123 ], [ 1.191756580000117, 6.114351505 ], [ 1.191751928000087, 6.116106424000179 ], [ 1.191747590000034, 6.117742292000171 ], [ 1.191741992000118, 6.119853970000122 ], [ 1.191736879000131, 6.12178218300005 ], [ 1.191725681000094, 6.126005854000027 ], [ 1.191716061000022, 6.129634192000026 ], [ 1.191702813000178, 6.134630867000169 ], [ 1.191690826000184, 6.13915228400009 ], [ 1.191677262000098, 6.144268089000148 ], [ 1.19166811500014, 6.147717968000051 ], [ 1.191657765000173, 6.151643756000169 ], [ 1.191648961000168, 6.155018806000157 ], [ 1.189630102000024, 6.154998139000156 ], [ 1.187071840999978, 6.154971949000129 ], [ 1.183148585000083, 6.154931733000183 ], [ 1.180055001000085, 6.154900004000124 ], [ 1.177376558999981, 6.154872532000127 ], [ 1.173686951999969, 6.154834690000031 ], [ 1.171182037000108, 6.15480899800002 ], [ 1.165897012000073, 6.156652928000027 ], [ 1.160243175000062, 6.156571267000118 ], [ 1.156009486000187, 6.156510085000035 ], [ 1.15107945200009, 6.155580525 ], [ 1.145889998000087, 6.154602051000039 ], [ 1.140861130000189, 6.15526979300006 ], [ 1.138074894000056, 6.155639754000049 ], [ 1.132490537000138, 6.156381254999984 ], [ 1.129209729000081, 6.156816887000161 ], [ 1.124968052000041, 6.157380104000139 ], [ 1.12389879400007, 6.157354299000076 ], [ 1.113848553000083, 6.157111753000036 ], [ 1.106572986, 6.156936169000119 ], [ 1.103399359000093, 6.157317910000131 ], [ 1.097267940000165, 6.158055430000048 ], [ 1.091168047000053, 6.158789158000046 ], [ 1.085880995000082, 6.162474156000087 ], [ 1.085507423000081, 6.164889029000165 ], [ 1.084979, 6.168375 ], [ 1.084511, 6.170392000000104 ], [ 1.08475, 6.172836000000189 ], [ 1.08475, 6.172837 ], [ 1.084751000000154, 6.172886 ], [ 1.084755, 6.173109 ], [ 1.084866, 6.179955000000177 ], [ 1.084941, 6.180489000000135 ], [ 1.08521, 6.182400000000143 ], [ 1.08521, 6.182401 ], [ 1.09103, 6.189893000000155 ], [ 1.090921, 6.205089 ], [ 1.090711000000169, 6.223444 ], [ 1.09934, 6.223350000000151 ], [ 1.10626, 6.22452 ], [ 1.114170000000115, 6.22441 ], [ 1.116316, 6.224807 ], [ 1.119832, 6.22421 ], [ 1.12145, 6.22389 ], [ 1.12927, 6.21716 ], [ 1.129454000000123, 6.21685 ], [ 1.131102, 6.217694 ], [ 1.131843000000117, 6.218057 ], [ 1.132564, 6.218273000000181 ], [ 1.132858, 6.21836 ], [ 1.133457, 6.21856 ], [ 1.134226930000183, 6.218043330000171 ], [ 1.136567000000184, 6.216473 ], [ 1.137224000000174, 6.216743 ], [ 1.137476, 6.216637000000161 ], [ 1.138702, 6.216197 ], [ 1.139484, 6.215942 ], [ 1.139698, 6.215895 ], [ 1.140266000000167, 6.21564 ], [ 1.141129000000149, 6.215322 ], [ 1.141382000000135, 6.215225 ], [ 1.141407, 6.215292 ], [ 1.15068, 6.21302 ], [ 1.152685, 6.211518 ], [ 1.15355, 6.212541 ], [ 1.154638, 6.211696 ], [ 1.155518, 6.212644000000181 ], [ 1.155534000000102, 6.212644000000182 ], [ 1.155562, 6.212644000000181 ], [ 1.157426000000157, 6.21097 ], [ 1.158901000000129, 6.209695 ], [ 1.160347, 6.208465000000103 ], [ 1.165356, 6.204241 ], [ 1.165376000000151, 6.204326 ], [ 1.165565000000129, 6.205131000000107 ], [ 1.166400000000124, 6.20921 ], [ 1.168775, 6.206917 ], [ 1.17015, 6.208568 ], [ 1.171325000000137, 6.207606 ], [ 1.172757000000161, 6.20641 ], [ 1.17355, 6.20574 ], [ 1.174011000000178, 6.207717 ], [ 1.176021, 6.20728 ], [ 1.176950000000147, 6.21169 ], [ 1.180400000000135, 6.208729 ], [ 1.181323000000134, 6.207913 ], [ 1.182301, 6.207104 ], [ 1.183274, 6.206905000000177 ], [ 1.183134, 6.206199 ], [ 1.184865000000116, 6.205809 ], [ 1.185025, 6.205081 ], [ 1.183598, 6.203902 ], [ 1.184057, 6.203344 ], [ 1.185165, 6.204347 ], [ 1.185621000000141, 6.204475000000172 ], [ 1.186824000000173, 6.204730000000154 ], [ 1.186893, 6.204793 ], [ 1.19012, 6.205498 ], [ 1.190677000000107, 6.203358000000151 ], [ 1.194204, 6.201449 ], [ 1.194280000000163, 6.201438 ] ] ] } },
{ "type": "Feature", "properties": { "Préfecture": "Haho", "Code HDX": "TG0406", "Région": "Plateaux", "Zone": "Plateaux", "Surface (km²)": 3051.19 }, "geometry": { "type": "Polygon", "coordinates": [ [ [ 0.981033, 7.225167000000171 ], [ 0.979025, 7.231594 ], [ 0.979828000000168, 7.243644 ], [ 0.981033, 7.251677 ], [ 0.981435, 7.256497 ], [ 0.980631000000187, 7.264531 ], [ 0.980631000000188, 7.270957 ], [ 0.979426000000103, 7.280196000000104 ], [ 0.977820000000122, 7.290639000000169 ], [ 0.973000000000127, 7.301083000000119 ], [ 0.96818, 7.302288000000148 ], [ 0.96336, 7.300279 ], [ 0.956933000000163, 7.297869000000105 ], [ 0.952581000000124, 7.294243000000107 ], [ 0.952514, 7.293049000000106 ], [ 0.950104000000182, 7.286622 ], [ 0.944481000000167, 7.274974 ], [ 0.939259000000106, 7.263326000000176 ], [ 0.931053, 7.258331 ], [ 0.929218000000105, 7.250071000000159 ], [ 0.928466, 7.241798 ], [ 0.933623, 7.240325 ], [ 0.937221, 7.235441 ], [ 0.934651, 7.231071000000155 ], [ 0.931566, 7.228757 ], [ 0.925397000000147, 7.22284400000018 ], [ 0.924111000000153, 7.216161 ], [ 0.924057000000118, 7.216133000000184 ], [ 0.924265000000105, 7.215646 ], [ 0.92262, 7.195904 ], [ 0.926322, 7.184593 ], [ 0.926116, 7.178423 ], [ 0.926425327000061, 7.173235157000022 ], [ 0.926982000000179, 7.163899000000186 ], [ 0.927967000000137, 7.14736900000014 ], [ 0.931669, 7.142228 ], [ 0.931299000000138, 7.142223000000114 ], [ 0.931927, 7.141455000000176 ], [ 0.937078, 7.126007 ], [ 0.937869, 7.117563 ], [ 0.94086, 7.111845000000185 ], [ 0.945434000000148, 7.104104 ], [ 0.950800000000186, 7.09566 ], [ 0.949305000000152, 7.088447 ], [ 0.949656, 7.07754 ], [ 0.950219, 7.073395000000116 ], [ 0.950877000000162, 7.069611000000179 ], [ 0.953838, 7.064511 ], [ 0.961242000000141, 7.058752 ], [ 0.967000000000155, 7.053488000000184 ], [ 0.962723, 7.046907000000147 ], [ 0.961407000000122, 7.045426 ], [ 0.951938, 7.033898 ], [ 0.94627, 7.02699900000016 ], [ 0.945835000000102, 7.027187 ], [ 0.93788, 7.030619000000171 ], [ 0.936728, 7.032593 ], [ 0.937715, 7.035061 ], [ 0.937839, 7.035596 ], [ 0.935988000000178, 7.036213 ], [ 0.933108, 7.034979 ], [ 0.930846000000144, 7.034979 ], [ 0.92937, 7.035813 ], [ 0.925889000000154, 7.029101 ], [ 0.917856, 7.027093 ], [ 0.907814000000145, 7.023076000000115 ], [ 0.904199000000176, 7.017051 ], [ 0.907011000000125, 7.010222 ], [ 0.917052000000126, 7.003394000000185 ], [ 0.921872000000121, 6.999779 ], [ 0.921069000000159, 6.989737000000103 ], [ 0.918659, 6.979294 ], [ 0.918105, 6.978851 ], [ 0.918257, 6.978089 ], [ 0.915446000000145, 6.967646000000173 ], [ 0.911429000000112, 6.9568 ], [ 0.906207, 6.947160000000168 ], [ 0.901789, 6.937119000000166 ], [ 0.903797000000111, 6.925470000000187 ], [ 0.909420000000126, 6.919044000000155 ], [ 0.919864, 6.909404000000108 ], [ 0.921471, 6.903378000000145 ], [ 0.920667, 6.894943000000183 ], [ 0.910224, 6.889320000000167 ], [ 0.902719000000104, 6.879051000000119 ], [ 0.90268, 6.877559000000132 ], [ 0.90332300000017, 6.870168 ], [ 0.903436000000113, 6.870143 ], [ 0.903259, 6.869808 ], [ 0.897475, 6.848921 ], [ 0.896189, 6.841530000000148 ], [ 0.892333000000178, 6.826106 ], [ 0.907436000000132, 6.824500000000111 ], [ 0.928323, 6.822250000000111 ], [ 0.93475, 6.822250000000111 ], [ 0.940855000000171, 6.849885 ], [ 0.947924000000114, 6.859847000000115 ], [ 0.952744000000108, 6.860811000000127 ], [ 0.960199, 6.856672000000116 ], [ 0.960199, 6.855804 ], [ 0.962378000000172, 6.856495 ], [ 0.976389, 6.857104 ], [ 0.984896000000106, 6.859611000000142 ], [ 0.997250000000179, 6.862134 ], [ 1.004393, 6.862439000000165 ], [ 1.018123, 6.864692 ], [ 1.027998, 6.868853000000115 ], [ 1.033484, 6.871072 ], [ 1.036786, 6.869987000000151 ], [ 1.036719000000177, 6.869355 ], [ 1.051434, 6.862687000000107 ], [ 1.056940000000111, 6.860293 ], [ 1.060026, 6.858108000000129 ], [ 1.064001000000133, 6.85373 ], [ 1.06863200000015, 6.850014000000101 ], [ 1.070843, 6.846727000000102 ], [ 1.079006000000163, 6.839509 ], [ 1.092461000000185, 6.827918000000126 ], [ 1.095136, 6.818482 ], [ 1.09761, 6.816519 ], [ 1.104734000000121, 6.809446 ], [ 1.121805000000165, 6.808442000000185 ], [ 1.122039, 6.808033 ], [ 1.122214, 6.808042000000114 ], [ 1.126836, 6.806302000000185 ], [ 1.132997, 6.804788 ], [ 1.13719, 6.800410000000114 ], [ 1.138080000000117, 6.797776000000168 ], [ 1.141831000000138, 6.794056000000182 ], [ 1.149968000000172, 6.792988 ], [ 1.15878, 6.787749 ], [ 1.162088, 6.784905 ], [ 1.16276, 6.781612000000165 ], [ 1.165624, 6.779865 ], [ 1.169367000000136, 6.778121000000112 ], [ 1.169816, 6.775706000000184 ], [ 1.173777000000143, 6.774403000000178 ], [ 1.17884800000013, 6.770247 ], [ 1.181492, 6.768719 ], [ 1.188747000000149, 6.768087 ], [ 1.192717000000131, 6.764366000000166 ], [ 1.199111000000188, 6.759117000000174 ], [ 1.203302, 6.755177000000118 ], [ 1.207497, 6.750139 ], [ 1.212125000000128, 6.746641000000125 ], [ 1.215644000000168, 6.745994 ], [ 1.219596000000138, 6.74710700000014 ], [ 1.225948, 6.753283000000125 ], [ 1.230091, 6.762307000000135 ], [ 1.236220000000174, 6.769360000000176 ], [ 1.239731, 6.770911 ], [ 1.240834, 6.770036000000173 ], [ 1.241716000000168, 6.769160000000171 ], [ 1.244150000000105, 6.764774000000158 ], [ 1.251634000000138, 6.761725000000126 ], [ 1.260217, 6.75868 ], [ 1.267475, 6.757607000000121 ], [ 1.274369, 6.756177 ], [ 1.27517, 6.756010000000116 ], [ 1.27566700000017, 6.756673 ], [ 1.284997000000146, 6.769114 ], [ 1.293767000000116, 6.777007 ], [ 1.30167200000011, 6.782638000000134 ], [ 1.309772000000123, 6.788408 ], [ 1.311201, 6.788708 ], [ 1.326907000000119, 6.799655 ], [ 1.339007000000151, 6.809234000000119 ], [ 1.351008000000149, 6.818735 ], [ 1.368078000000139, 6.823756000000173 ], [ 1.384647, 6.830785000000162 ], [ 1.40523300000018, 6.83681 ], [ 1.410373, 6.843663 ], [ 1.421049000000153, 6.843086 ], [ 1.43812, 6.839069000000108 ], [ 1.456697, 6.831538000000137 ], [ 1.470755, 6.830032 ], [ 1.471228000000111, 6.830095 ], [ 1.485818000000108, 6.832040000000118 ], [ 1.499374000000103, 6.836559 ], [ 1.5194580000001, 6.847605000000101 ], [ 1.532010000000184, 6.858651000000123 ], [ 1.542554, 6.875219000000127 ], [ 1.548077000000148, 6.888776 ], [ 1.556612, 6.901830000000131 ], [ 1.569164000000171, 6.906851 ], [ 1.577700000000164, 6.908859000000121 ], [ 1.576696, 6.921914000000128 ], [ 1.576688000000104, 6.922085 ], [ 1.575691, 6.946516 ], [ 1.567658000000108, 6.960574000000179 ], [ 1.55912300000017, 6.971118 ], [ 1.559625000000153, 6.984674 ], [ 1.557616, 6.995218000000136 ], [ 1.557616, 6.998024 ], [ 1.557638, 6.998007000000143 ], [ 1.55815600000011, 6.998000000000104 ], [ 1.549864, 7.011331000000155 ], [ 1.547811, 7.012576000000138 ], [ 1.536251000000107, 7.013065 ], [ 1.534743, 7.016082000000152 ], [ 1.534341000000154, 7.040584 ], [ 1.550809, 7.043395 ], [ 1.554023, 7.044199 ], [ 1.566474, 7.06147 ], [ 1.565999000000147, 7.06199 ], [ 1.562133000000188, 7.071604 ], [ 1.561257000000182, 7.071312 ], [ 1.557642, 7.071312 ], [ 1.557408, 7.071387 ], [ 1.537559000000158, 7.077739000000179 ], [ 1.525910000000124, 7.081755000000101 ], [ 1.521492, 7.086174000000143 ], [ 1.495384, 7.105052000000172 ], [ 1.484940000000108, 7.105454 ], [ 1.476907000000154, 7.101437 ], [ 1.470078000000171, 7.101839 ], [ 1.464455000000157, 7.106659 ], [ 1.462045, 7.123529 ], [ 1.461977000000104, 7.123551 ], [ 1.442765000000179, 7.130357000000116 ], [ 1.442068, 7.136455000000184 ], [ 1.441158, 7.144416 ], [ 1.44156, 7.171729 ], [ 1.44156, 7.185788000000118 ], [ 1.45602, 7.194624 ], [ 1.478915, 7.189805000000148 ], [ 1.478915, 7.201051000000177 ], [ 1.468070000000125, 7.214306 ], [ 1.468070000000125, 7.222741000000156 ], [ 1.45481500000011, 7.240013 ], [ 1.467669000000171, 7.283795 ], [ 1.466891, 7.29623 ], [ 1.466448, 7.296799 ], [ 1.464638, 7.29556 ], [ 1.45127, 7.292476 ], [ 1.445872, 7.29119 ], [ 1.424278000000186, 7.278337000000135 ], [ 1.424252000000138, 7.278311000000143 ], [ 1.421450000000107, 7.275509000000111 ], [ 1.41708, 7.268825 ], [ 1.414509000000124, 7.262656000000163 ], [ 1.413931000000105, 7.262559000000124 ], [ 1.413789, 7.261425 ], [ 1.409396000000187, 7.252011 ], [ 1.411279, 7.245735 ], [ 1.410024000000135, 7.23945900000018 ], [ 1.398099, 7.226906000000157 ], [ 1.396875, 7.226906000000158 ], [ 1.393092, 7.229113000000154 ], [ 1.376439, 7.237023 ], [ 1.36728, 7.241187000000139 ], [ 1.357288000000153, 7.242436000000112 ], [ 1.350626000000148, 7.244101 ], [ 1.327312, 7.242436000000112 ], [ 1.305246, 7.237440000000104 ], [ 1.294421, 7.236191000000129 ], [ 1.279017, 7.235774000000104 ], [ 1.275561, 7.234565 ], [ 1.274460000000147, 7.235065 ], [ 1.25626, 7.226906000000157 ], [ 1.244335000000149, 7.221886 ], [ 1.233038, 7.218748000000175 ], [ 1.229273, 7.219375000000184 ], [ 1.220486, 7.222513000000108 ], [ 1.21421, 7.227534000000104 ], [ 1.210444000000166, 7.2313 ], [ 1.198520000000143, 7.236948 ], [ 1.190988000000118, 7.23945900000018 ], [ 1.171995000000153, 7.23945900000018 ], [ 1.170771000000115, 7.239938 ], [ 1.159530000000132, 7.239105 ], [ 1.139546000000109, 7.235358000000134 ], [ 1.12414200000012, 7.233693 ], [ 1.11789700000014, 7.230778000000103 ], [ 1.116776001000176, 7.229576999000073 ], [ 1.112068000000136, 7.224533000000121 ], [ 1.108203, 7.21398 ], [ 1.102845000000116, 7.199347 ], [ 1.097913, 7.194141 ], [ 1.090002, 7.192059000000143 ], [ 1.0804270000001, 7.192892000000142 ], [ 1.074182000000121, 7.192476000000169 ], [ 1.064606, 7.19164300000017 ], [ 1.061495, 7.189569000000176 ], [ 1.061073000000135, 7.190505000000142 ], [ 1.049777, 7.192388000000165 ], [ 1.045383000000129, 7.192388000000165 ], [ 1.040362000000187, 7.192388000000165 ], [ 1.038974, 7.192983 ], [ 1.035969000000136, 7.194271000000186 ], [ 1.037035, 7.195822 ], [ 1.032848000000173, 7.202674000000175 ], [ 1.028028000000178, 7.209904000000107 ], [ 1.021602000000144, 7.213519 ], [ 1.013166, 7.214322 ], [ 1.01156, 7.217937 ], [ 1.006338, 7.22356 ], [ 0.997903000000179, 7.225970000000187 ], [ 0.991075000000137, 7.225970000000189 ], [ 0.98505, 7.22356 ], [ 0.981033, 7.225167000000171 ] ] ] } },
{ "type": "Feature", "properties": { "Préfecture": "Kloto", "Code HDX": "TG0412", "Région": "Plateaux", "Zone": "Plateaux", "Surface (km²)": 528.23 }, "geometry": { "type": "Polygon", "coordinates": [ [ [ 0.623308000000122, 7.078146 ], [ 0.614632, 7.09164200000015 ], [ 0.614395, 7.092195 ], [ 0.613346, 7.088750000000118 ], [ 0.610455000000172, 7.080395000000181 ], [ 0.601251000000161, 7.070240000000183 ], [ 0.601093, 7.070161 ], [ 0.597186, 7.066048 ], [ 0.595540000000143, 7.059878 ], [ 0.595540000000143, 7.058439 ], [ 0.597391000000129, 7.042192000000114 ], [ 0.599036000000184, 7.0333490000001 ], [ 0.599490000000117, 7.030172000000163 ], [ 0.598831, 7.028413000000114 ], [ 0.589782000000127, 7.023066 ], [ 0.585874, 7.020598 ], [ 0.583201, 7.017102 ], [ 0.571273, 7.005586000000164 ], [ 0.558934, 7.000033 ], [ 0.557494, 6.999827 ], [ 0.541659, 6.986665000000131 ], [ 0.5359, 6.981935000000135 ], [ 0.530965, 6.978645 ], [ 0.531294000000116, 6.978476000000114 ], [ 0.530348, 6.978028000000164 ], [ 0.522738, 6.974326 ], [ 0.520888000000127, 6.970213000000115 ], [ 0.519859, 6.96877300000017 ], [ 0.516569000000175, 6.966717 ], [ 0.51471800000013, 6.948414000000184 ], [ 0.526235, 6.939570000000118 ], [ 0.531787, 6.937925 ], [ 0.535078, 6.9368970000001 ], [ 0.537546000000134, 6.936074 ], [ 0.541453000000104, 6.935663000000147 ], [ 0.546183000000156, 6.933401 ], [ 0.555232000000102, 6.92291200000011 ], [ 0.558111000000111, 6.914069 ], [ 0.557775, 6.907232 ], [ 0.557494, 6.901524 ], [ 0.55153, 6.88712800000013 ], [ 0.547337, 6.880991 ], [ 0.541756000000134, 6.879306 ], [ 0.538985, 6.876023 ], [ 0.53765, 6.872357000000136 ], [ 0.538357, 6.8703450000001 ], [ 0.538749, 6.869908000000178 ], [ 0.534859, 6.863101 ], [ 0.531806, 6.854361 ], [ 0.530617, 6.850301 ], [ 0.530226, 6.850044 ], [ 0.528015, 6.842989000000102 ], [ 0.530121, 6.825826 ], [ 0.536755, 6.825721 ], [ 0.539071, 6.82709000000017 ], [ 0.54423, 6.825826 ], [ 0.547600000000159, 6.827722 ], [ 0.555286, 6.825194000000123 ], [ 0.558972000000153, 6.821614 ], [ 0.559182, 6.821614 ], [ 0.568291000000103, 6.813518 ], [ 0.568659000000139, 6.813191000000187 ], [ 0.568675, 6.81323 ], [ 0.568888, 6.8126 ], [ 0.577823, 6.807621 ], [ 0.579140000000109, 6.805120000000102 ], [ 0.581246000000135, 6.798671000000126 ], [ 0.580719, 6.797750000000121 ], [ 0.579403, 6.799592000000132 ], [ 0.577297, 6.801172000000121 ], [ 0.572427000000176, 6.803541 ], [ 0.56887300000011, 6.803278 ], [ 0.566504000000181, 6.799987000000102 ], [ 0.570189, 6.791695 ], [ 0.567628000000128, 6.786694000000181 ], [ 0.567012000000149, 6.786054000000148 ], [ 0.569776, 6.783422 ], [ 0.571750000000122, 6.778157 ], [ 0.570960000000127, 6.771708000000104 ], [ 0.571224, 6.770128000000112 ], [ 0.572277, 6.765258 ], [ 0.576488, 6.76131 ], [ 0.587676000000102, 6.762758000000134 ], [ 0.596758, 6.760388 ], [ 0.607419000000108, 6.753281000000129 ], [ 0.619001, 6.754466 ], [ 0.620581, 6.754729 ], [ 0.623739, 6.753939 ], [ 0.628872, 6.748674000000108 ], [ 0.628920000000108, 6.74873900000017 ], [ 0.638744, 6.7621 ], [ 0.643087, 6.763547 ], [ 0.644799000000148, 6.764732 ], [ 0.644799000000149, 6.767759 ], [ 0.642956, 6.773287 ], [ 0.645062, 6.778289 ], [ 0.646773, 6.783422 ], [ 0.648221000000149, 6.785001 ], [ 0.648098, 6.785014000000102 ], [ 0.650853000000155, 6.788950000000114 ], [ 0.653748, 6.79224 ], [ 0.657566, 6.796452 ], [ 0.664387000000147, 6.801310000000171 ], [ 0.664763000000165, 6.801565 ], [ 0.664973, 6.80183 ], [ 0.665354, 6.802358 ], [ 0.66555, 6.802728 ], [ 0.66708, 6.80506 ], [ 0.668512, 6.806745 ], [ 0.672965, 6.807508000000155 ], [ 0.676387, 6.807903000000125 ], [ 0.67823, 6.808166 ], [ 0.681247000000155, 6.808953 ], [ 0.681274, 6.808945 ], [ 0.682348000000104, 6.809428 ], [ 0.682368000000167, 6.809567000000185 ], [ 0.68226, 6.809494 ], [ 0.681488, 6.809880000000135 ], [ 0.681652, 6.810535000000128 ], [ 0.679283, 6.814879 ], [ 0.677966, 6.817511 ], [ 0.677966, 6.81895900000012 ], [ 0.680076, 6.821565 ], [ 0.680204000000174, 6.821723000000189 ], [ 0.673491, 6.825145 ], [ 0.669148, 6.827514 ], [ 0.66388300000017, 6.829752000000153 ], [ 0.662665000000118, 6.830246000000159 ], [ 0.662538, 6.830420000000172 ], [ 0.660785, 6.831229000000121 ], [ 0.659573, 6.832644000000129 ], [ 0.658629000000133, 6.833655000000134 ], [ 0.657820000000129, 6.835542000000146 ], [ 0.657483000000185, 6.8375640000001 ], [ 0.656877000000123, 6.840866000000119 ], [ 0.656944000000123, 6.844774000000142 ], [ 0.656802000000141, 6.845486000000106 ], [ 0.659491, 6.847653000000149 ], [ 0.66067100000015, 6.84858000000014 ], [ 0.662945, 6.849843 ], [ 0.665135, 6.850770000000123 ], [ 0.667494000000147, 6.851444000000128 ], [ 0.668673000000184, 6.851528000000143 ], [ 0.669347000000188, 6.851022 ], [ 0.66988, 6.849768 ], [ 0.669969000000151, 6.849193 ], [ 0.670035, 6.848575 ], [ 0.670101, 6.848244 ], [ 0.67041, 6.847405 ], [ 0.670852, 6.84674200000012 ], [ 0.671514, 6.846323 ], [ 0.672751000000119, 6.845947 ], [ 0.673369, 6.846301 ], [ 0.673612000000105, 6.847228 ], [ 0.673612000000105, 6.848818000000109 ], [ 0.672486, 6.851534000000128 ], [ 0.672088000000144, 6.852881 ], [ 0.671896, 6.853522000000112 ], [ 0.672546000000183, 6.854809 ], [ 0.6728710000001, 6.855162 ], [ 0.673493, 6.855967 ], [ 0.674002, 6.856490000000176 ], [ 0.674115000000143, 6.856646000000126 ], [ 0.674143000000186, 6.856872000000179 ], [ 0.674143000000186, 6.857960000000104 ], [ 0.679112, 6.861406000000159 ], [ 0.679128000000161, 6.861503 ], [ 0.679638, 6.864565 ], [ 0.683455, 6.866013000000123 ], [ 0.687141, 6.874305 ], [ 0.690599, 6.883271 ], [ 0.69069500000012, 6.883518 ], [ 0.693853000000104, 6.885624 ], [ 0.697012, 6.888783000000104 ], [ 0.699645, 6.892468 ], [ 0.695564000000104, 6.895627000000105 ], [ 0.693327000000124, 6.898391000000173 ], [ 0.691616000000124, 6.900365 ], [ 0.691488000000163, 6.900374000000114 ], [ 0.6917380000001, 6.90153800000013 ], [ 0.692532, 6.905955 ], [ 0.693498, 6.907645 ], [ 0.694843000000106, 6.911027000000102 ], [ 0.695257, 6.913442 ], [ 0.695105000000126, 6.91398 ], [ 0.694747000000177, 6.914063000000112 ], [ 0.694112, 6.91491900000011 ], [ 0.694112, 6.916934 ], [ 0.694636, 6.917541000000142 ], [ 0.69638, 6.918476 ], [ 0.700487000000124, 6.919318 ], [ 0.702592, 6.919318 ], [ 0.703435000000127, 6.920477 ], [ 0.702487, 6.925425000000188 ], [ 0.702487, 6.929216000000167 ], [ 0.704804, 6.932691 ], [ 0.706804, 6.934586 ], [ 0.710068, 6.934797 ], [ 0.710911000000182, 6.935639 ], [ 0.711753, 6.937324000000102 ], [ 0.714385, 6.939535 ], [ 0.716913, 6.940483000000143 ], [ 0.717860000000144, 6.94122 ], [ 0.71779, 6.941926 ], [ 0.718173, 6.942189 ], [ 0.718426, 6.942276 ], [ 0.718696, 6.942337 ], [ 0.718757, 6.942319 ], [ 0.718922, 6.942363000000114 ], [ 0.71934800000014, 6.942833 ], [ 0.720071, 6.9441470000001 ], [ 0.720541, 6.945358000000111 ], [ 0.721573, 6.94670200000013 ], [ 0.722600000000115, 6.947947000000114 ], [ 0.723044, 6.948539 ], [ 0.723166, 6.948774000000127 ], [ 0.723154, 6.948833 ], [ 0.723145, 6.948887 ], [ 0.723132, 6.948949 ], [ 0.723333, 6.949270000000125 ], [ 0.727018, 6.955111 ], [ 0.727047, 6.955273000000146 ], [ 0.727850000000159, 6.956764 ], [ 0.729956000000129, 6.95729 ], [ 0.73324700000012, 6.957159 ], [ 0.74009100000012, 6.956106000000146 ], [ 0.741144, 6.956369 ], [ 0.743908, 6.961107 ], [ 0.745356000000186, 6.963213 ], [ 0.747988, 6.966899000000183 ], [ 0.74983, 6.970057 ], [ 0.750752, 6.973216 ], [ 0.747111, 6.97667 ], [ 0.748959, 6.978233 ], [ 0.751029, 6.981246000000113 ], [ 0.751221000000157, 6.981524 ], [ 0.753072, 6.984197 ], [ 0.754100000000165, 6.984609 ], [ 0.754923, 6.984403 ], [ 0.75533400000012, 6.982552 ], [ 0.754511, 6.980496 ], [ 0.754100000000165, 6.977616000000181 ], [ 0.754100000000166, 6.97556 ], [ 0.756157, 6.974737000000175 ], [ 0.757596, 6.976588 ], [ 0.758213000000125, 6.978850000000136 ], [ 0.759036, 6.982141000000126 ], [ 0.759844, 6.982949000000188 ], [ 0.762313, 6.98173 ], [ 0.762532, 6.982038000000101 ], [ 0.76356, 6.983066 ], [ 0.739087, 7.016382000000135 ], [ 0.732918, 7.024197000000129 ], [ 0.72428, 7.023478000000126 ], [ 0.716465, 7.023889 ], [ 0.70392, 7.025123000000177 ], [ 0.696517, 7.026357000000131 ], [ 0.686028000000136, 7.028413000000114 ], [ 0.680887, 7.032526 ], [ 0.67698, 7.038696 ], [ 0.670193, 7.044454 ], [ 0.663201, 7.056588 ], [ 0.6578540000001, 7.066048 ], [ 0.658265, 7.075919 ], [ 0.659843, 7.083654 ], [ 0.653192, 7.082323 ], [ 0.643873, 7.081038 ], [ 0.639053000000104, 7.077503 ], [ 0.632627, 7.072683000000155 ], [ 0.627164000000108, 7.072362 ], [ 0.623308000000122, 7.078146 ] ] ] } },
{ "type": "Feature", "properties": { "Préfecture": "Kozah", "Code HDX": "TG0207", "Région": "Kara", "Zone": "Kara", "Surface (km²)": 1085.98 }, "geometry": { "type": "Polygon", "coordinates": [ [ [ 1.25884, 9.696786 ], [ 1.258907, 9.697092 ], [ 1.257717000000184, 9.697165 ], [ 1.249428, 9.704447000000187 ], [ 1.24606, 9.707406 ], [ 1.242682000000173, 9.711024 ], [ 1.241738, 9.716472 ], [ 1.231658, 9.717026 ], [ 1.221268000000123, 9.738265000000181 ], [ 1.220796000000121, 9.738418 ], [ 1.198005, 9.751629000000149 ], [ 1.197815000000106, 9.751756000000171 ], [ 1.198029, 9.751405 ], [ 1.191954, 9.743519 ], [ 1.191972, 9.743233 ], [ 1.186767, 9.737628 ], [ 1.181962, 9.732422 ], [ 1.171952000000148, 9.722412000000132 ], [ 1.167948000000138, 9.716406 ], [ 1.163943, 9.71040000000016 ], [ 1.163143000000105, 9.705995 ], [ 1.16136, 9.701921 ], [ 1.16034000000019, 9.699589 ], [ 1.156976, 9.695478 ], [ 1.151668000000143, 9.694003 ], [ 1.145262000000172, 9.694644000000151 ], [ 1.139817000000108, 9.696246 ], [ 1.131168, 9.696246 ], [ 1.127964000000135, 9.694003 ], [ 1.120597, 9.683432 ], [ 1.111627, 9.674143000000127 ], [ 1.102658, 9.665814 ], [ 1.093689000000154, 9.661009 ], [ 1.086322000000109, 9.660369 ], [ 1.080556000000116, 9.660049000000184 ], [ 1.080258000000184, 9.660094000000182 ], [ 1.072227, 9.661330000000133 ], [ 1.067422, 9.662611 ], [ 1.061657000000139, 9.662932000000181 ], [ 1.057172000000152, 9.662291 ], [ 1.049163, 9.655244000000149 ], [ 1.042757000000107, 9.649157000000116 ], [ 1.03635, 9.645634000000145 ], [ 1.027702, 9.643392 ], [ 1.009763, 9.641149 ], [ 1.001755, 9.639548000000159 ], [ 0.992466, 9.638907 ], [ 0.986018, 9.640841 ], [ 0.985739, 9.640188 ], [ 0.981575000000134, 9.639227 ], [ 0.979973, 9.64147 ], [ 0.977730000000122, 9.64179 ], [ 0.977266000000101, 9.642040000000121 ], [ 0.976665000000139, 9.641004 ], [ 0.958513000000152, 9.645630000000153 ], [ 0.953261, 9.646546000000116 ], [ 0.946101, 9.647449 ], [ 0.938947, 9.647407000000101 ], [ 0.929406, 9.647823 ], [ 0.926553, 9.646386000000176 ], [ 0.916908, 9.645495 ], [ 0.913277, 9.633527 ], [ 0.930053, 9.619903 ], [ 0.930905, 9.619908000000176 ], [ 0.939313, 9.623911 ], [ 0.942917, 9.623911 ], [ 0.951326, 9.624712000000104 ], [ 0.95893400000017, 9.62271 ], [ 0.962537, 9.617104000000152 ], [ 0.966541000000177, 9.610698000000184 ], [ 0.97455, 9.605493 ], [ 0.985361, 9.60309 ], [ 0.992168000000163, 9.600287 ], [ 1.007784, 9.59348 ], [ 1.009786, 9.575061000000121 ], [ 1.010461, 9.569999000000166 ], [ 1.010587, 9.569055 ], [ 1.007784, 9.557043 ], [ 1.007383000000118, 9.548234 ], [ 1.006983, 9.53502 ], [ 1.002578, 9.529415 ], [ 0.99777300000011, 9.521006000000114 ], [ 0.990166, 9.51780300000013 ], [ 0.988564, 9.513398000000164 ], [ 0.984159, 9.508193 ], [ 0.981757, 9.501386 ], [ 0.986962000000176, 9.496181 ], [ 0.98736300000013, 9.491776000000131 ], [ 0.98456, 9.48937400000017 ], [ 0.988164000000154, 9.485370000000161 ], [ 0.985361, 9.479363000000147 ], [ 0.984159, 9.474559 ], [ 0.979755000000183, 9.470154 ], [ 0.975751000000173, 9.458943 ], [ 0.978954000000158, 9.452136000000168 ], [ 0.983833, 9.451760000000148 ], [ 0.984159, 9.452536 ], [ 0.988164000000154, 9.446930000000179 ], [ 1.001377, 9.422505 ], [ 1.010987, 9.412095 ], [ 1.019395000000145, 9.409292000000104 ], [ 1.031007000000103, 9.40568800000017 ], [ 1.041418000000135, 9.406089000000122 ], [ 1.05019, 9.409544 ], [ 1.050472000000183, 9.409145 ], [ 1.05263, 9.406089000000124 ], [ 1.053430000000162, 9.402885 ], [ 1.057835000000125, 9.402485000000183 ], [ 1.063040000000172, 9.394477 ], [ 1.06704400000018, 9.390873 ], [ 1.069847, 9.382064 ], [ 1.073451, 9.379261 ], [ 1.077054, 9.374456000000121 ], [ 1.080258000000185, 9.366448000000107 ], [ 1.086664000000155, 9.365647 ], [ 1.093471, 9.362844000000162 ], [ 1.096274000000165, 9.369651 ], [ 1.095474, 9.375257 ], [ 1.096274000000165, 9.38006200000012 ], [ 1.100278000000174, 9.386869 ], [ 1.10228, 9.391273000000128 ], [ 1.106685, 9.393676 ], [ 1.110689, 9.396479000000113 ], [ 1.114693, 9.398481 ], [ 1.118697, 9.404087 ], [ 1.119387000000131, 9.405215000000112 ], [ 1.120699000000172, 9.405288 ], [ 1.126305000000173, 9.406489 ], [ 1.131911, 9.412095 ], [ 1.139118, 9.410893000000101 ], [ 1.143948, 9.409423000000116 ], [ 1.148327000000108, 9.408091 ], [ 1.159028, 9.409279000000138 ], [ 1.15896, 9.409517000000108 ], [ 1.159316, 9.409352000000125 ], [ 1.160918, 9.411754 ], [ 1.166524, 9.416159 ], [ 1.171729, 9.416559000000122 ], [ 1.173326000000145, 9.418325 ], [ 1.173954, 9.418101000000147 ], [ 1.183563, 9.418902000000173 ], [ 1.191572000000122, 9.422105000000155 ], [ 1.195176, 9.425709 ], [ 1.200381000000108, 9.430513 ], [ 1.203184, 9.437320000000113 ], [ 1.208789, 9.440924000000109 ], [ 1.213194000000158, 9.444528 ], [ 1.22160200000019, 9.443727 ], [ 1.229611, 9.444127 ], [ 1.23401500000017, 9.442926000000172 ], [ 1.240021, 9.442125000000148 ], [ 1.245627000000127, 9.439723000000184 ], [ 1.261452000000133, 9.436019000000158 ], [ 1.264446, 9.435318 ], [ 1.272855, 9.433717000000115 ], [ 1.292475000000138, 9.429312000000152 ], [ 1.29324, 9.429272 ], [ 1.293351000000143, 9.429524 ], [ 1.299758, 9.430725000000166 ], [ 1.324583, 9.436331 ], [ 1.328054000000179, 9.438587000000156 ], [ 1.327787000000114, 9.443138000000145 ], [ 1.328588000000138, 9.451146000000108 ], [ 1.328988, 9.456351 ], [ 1.330189, 9.461557 ], [ 1.334193, 9.462758 ], [ 1.339398000000187, 9.461557 ], [ 1.344604000000174, 9.455550000000185 ], [ 1.348208000000113, 9.453148 ], [ 1.356216, 9.455150000000119 ], [ 1.361421000000178, 9.457152 ], [ 1.365025000000117, 9.459154000000126 ], [ 1.369029000000126, 9.460756000000174 ], [ 1.375836, 9.461156 ], [ 1.38224200000019, 9.459154000000124 ], [ 1.388249, 9.455951000000143 ], [ 1.395055, 9.455951000000139 ], [ 1.398208000000182, 9.453981 ], [ 1.39821400000011, 9.453996 ], [ 1.394773000000157, 9.479964000000164 ], [ 1.389767, 9.497172 ], [ 1.375375, 9.491227 ], [ 1.365363, 9.485596 ], [ 1.362235, 9.486221 ], [ 1.36065, 9.487014000000103 ], [ 1.360945, 9.486571 ], [ 1.326109, 9.505791000000102 ], [ 1.300883, 9.520606 ], [ 1.270853000000102, 9.538224 ], [ 1.276058, 9.554240000000107 ], [ 1.276210000000162, 9.554659000000127 ], [ 1.27766, 9.558645 ], [ 1.286469, 9.573059 ], [ 1.286068000000114, 9.575061000000119 ], [ 1.290473, 9.58106800000013 ], [ 1.296078, 9.599086 ], [ 1.296295, 9.599059000000127 ], [ 1.302485, 9.598285 ], [ 1.310093, 9.597885000000131 ], [ 1.318902, 9.598686000000159 ], [ 1.324908000000107, 9.598686000000155 ], [ 1.330514000000164, 9.600139000000127 ], [ 1.330514000000165, 9.603491000000188 ], [ 1.330409, 9.606002000000101 ], [ 1.32691, 9.606293 ], [ 1.322506000000146, 9.607094 ], [ 1.316099000000122, 9.611098 ], [ 1.312896000000137, 9.615903 ], [ 1.312896000000137, 9.618706 ], [ 1.30729, 9.623911 ], [ 1.304833, 9.630363000000102 ], [ 1.304087, 9.63232 ], [ 1.303686000000141, 9.642731 ], [ 1.306089, 9.653942 ], [ 1.305688, 9.663552 ], [ 1.298628000000122, 9.674142 ], [ 1.296879, 9.6767660000001 ], [ 1.28283, 9.684330000000157 ], [ 1.281263, 9.685174000000188 ], [ 1.273019, 9.68910000000011 ], [ 1.272855, 9.689178 ], [ 1.26244400000013, 9.692382 ], [ 1.25884, 9.696786 ] ] ] } },
{ "type": "Feature", "properties": { "Préfecture": "Kpendjal", "Code HDX": "TG0513", "Région": "Savanes", "Zone": "Savanes", "Surface (km²)": 1394.23 }, "geometry": { "type": "Polygon", "coordinates": [ [ [ 0.659430000000157, 10.998057000000131 ], [ 0.650043, 10.998360000000103 ], [ 0.639141, 10.999571000000117 ], [ 0.626725, 10.993515000000174 ], [ 0.611282000000188, 10.984733 ], [ 0.597107000000108, 10.979117 ], [ 0.596443, 10.977163 ], [ 0.592507000000182, 10.968684 ], [ 0.588267, 10.960507 ], [ 0.584028000000103, 10.956874 ], [ 0.580394000000126, 10.956268000000138 ], [ 0.576457000000176, 10.952634 ], [ 0.576457000000175, 10.947486 ], [ 0.573126000000116, 10.944761 ], [ 0.573126000000117, 10.941732 ], [ 0.574943000000133, 10.938401000000113 ], [ 0.573429, 10.934162 ], [ 0.573126000000116, 10.932648 ], [ 0.575549, 10.927803 ], [ 0.575289000000168, 10.927154 ], [ 0.575549, 10.927197 ], [ 0.577063, 10.917507 ], [ 0.57676, 10.912359 ], [ 0.577183, 10.907985 ], [ 0.569713000000149, 10.914881 ], [ 0.569492000000139, 10.915084000000151 ], [ 0.564647, 10.909633000000154 ], [ 0.559802, 10.909028 ], [ 0.558288, 10.907513 ], [ 0.556774000000189, 10.905697 ], [ 0.553443, 10.90388 ], [ 0.550717000000134, 10.902971000000148 ], [ 0.546175, 10.904182000000162 ], [ 0.544358000000159, 10.903274000000179 ], [ 0.543450000000121, 10.899943 ], [ 0.540602, 10.899425 ], [ 0.54011800000012, 10.899337 ], [ 0.538302000000159, 10.897520000000158 ], [ 0.539816, 10.893281 ], [ 0.538302000000159, 10.891161000000125 ], [ 0.533759000000146, 10.885710000000133 ], [ 0.533759000000146, 10.883893000000111 ], [ 0.538907000000108, 10.880562000000168 ], [ 0.541027, 10.876928 ], [ 0.54133, 10.871478000000138 ], [ 0.540724000000182, 10.864816000000131 ], [ 0.536485, 10.862999 ], [ 0.536485, 10.859668000000173 ], [ 0.538453, 10.858305 ], [ 0.53815, 10.854368 ], [ 0.536939000000189, 10.851037000000131 ], [ 0.534213, 10.84922 ], [ 0.53451600000011, 10.847706000000189 ], [ 0.534213, 10.846495000000175 ], [ 0.53058, 10.848312 ], [ 0.530301, 10.847964 ], [ 0.529368, 10.846798 ], [ 0.527551, 10.844375 ], [ 0.531185000000165, 10.84165 ], [ 0.536333000000127, 10.836805 ], [ 0.536333000000127, 10.830748 ], [ 0.537242, 10.826206000000125 ], [ 0.535122000000116, 10.825297 ], [ 0.533608, 10.82650900000016 ], [ 0.533002, 10.829537 ], [ 0.53058, 10.830445 ], [ 0.528460000000109, 10.830445 ], [ 0.52573400000017, 10.828628000000151 ], [ 0.522706, 10.825903 ], [ 0.525432, 10.820452 ], [ 0.529671000000121, 10.814699000000132 ], [ 0.529065, 10.809853 ], [ 0.530277000000183, 10.805614 ], [ 0.529671000000121, 10.804100000000176 ], [ 0.53058, 10.795924000000129 ], [ 0.525129, 10.793804 ], [ 0.523009000000116, 10.788959 ], [ 0.520586, 10.78623300000015 ], [ 0.517256, 10.785325000000169 ], [ 0.509382, 10.779571000000146 ], [ 0.509382, 10.773515000000144 ], [ 0.510291000000166, 10.767761000000121 ], [ 0.508171, 10.760796 ], [ 0.509685000000104, 10.756557 ], [ 0.510896000000116, 10.742627000000139 ], [ 0.511804, 10.730817000000114 ], [ 0.510593, 10.722943 ], [ 0.510896000000116, 10.721126000000138 ], [ 0.508474, 10.717795 ], [ 0.508474, 10.713556000000155 ], [ 0.507262, 10.708105000000163 ], [ 0.50743, 10.708017000000153 ], [ 0.508023, 10.707939 ], [ 0.506786, 10.707464 ], [ 0.481349, 10.709159000000112 ], [ 0.482466, 10.692967000000124 ], [ 0.487648, 10.690506 ], [ 0.498065, 10.684691000000159 ], [ 0.514296, 10.679846 ], [ 0.522291, 10.678877000000114 ], [ 0.530527, 10.677908 ], [ 0.538487, 10.676738 ], [ 0.53865000000019, 10.677052000000115 ], [ 0.539204, 10.676728000000137 ], [ 0.545115, 10.673281 ], [ 0.556186, 10.668140000000109 ], [ 0.553302000000144, 10.663037000000145 ], [ 0.553876, 10.6587320000001 ], [ 0.551867, 10.650121000000127 ], [ 0.549284, 10.643807 ], [ 0.548709, 10.634909 ], [ 0.548036, 10.629347 ], [ 0.550263, 10.629068 ], [ 0.550566, 10.63028 ], [ 0.555714, 10.631188000000122 ], [ 0.553897000000177, 10.628766 ], [ 0.554503, 10.623921000000166 ], [ 0.556017, 10.619984 ], [ 0.570552, 10.621498 ], [ 0.579939, 10.613625 ], [ 0.583876000000145, 10.61392700000016 ], [ 0.592052, 10.616047 ], [ 0.605679, 10.616047 ], [ 0.610827, 10.614230000000191 ], [ 0.614764, 10.612111 ], [ 0.619307, 10.612413000000119 ], [ 0.624455000000182, 10.607871 ], [ 0.638081000000114, 10.610899 ], [ 0.645652, 10.612413000000119 ], [ 0.654737000000126, 10.613322 ], [ 0.667152000000101, 10.613625 ], [ 0.674373000000173, 10.614427000000147 ], [ 0.680525000000102, 10.620271000000173 ], [ 0.685547000000157, 10.64574400000015 ], [ 0.689135, 10.64682 ], [ 0.692723, 10.641439000000105 ], [ 0.702769000000104, 10.651126000000145 ], [ 0.704204000000175, 10.656149 ], [ 0.707433, 10.657943000000158 ], [ 0.727728000000184, 10.657172000000173 ], [ 0.735776000000158, 10.656866 ], [ 0.735855, 10.6569 ], [ 0.73669, 10.6566 ], [ 0.74351200000018, 10.654895 ], [ 0.750178000000177, 10.660321000000122 ], [ 0.75382500000012, 10.664652000000158 ], [ 0.754074000000117, 10.664759000000117 ], [ 0.767349, 10.660813000000131 ], [ 0.769860000000109, 10.665477 ], [ 0.763043, 10.674087 ], [ 0.773448000000145, 10.676958000000184 ], [ 0.773089000000142, 10.686286000000109 ], [ 0.777753000000189, 10.697049 ], [ 0.780982, 10.699561000000188 ], [ 0.784929, 10.69992 ], [ 0.786364000000162, 10.700278 ], [ 0.792822000000172, 10.696332 ], [ 0.795692000000145, 10.695255 ], [ 0.79840600000017, 10.695934000000134 ], [ 0.798531, 10.695391000000141 ], [ 0.801272000000154, 10.691965 ], [ 0.802726, 10.686635 ], [ 0.80490600000013, 10.683243 ], [ 0.807087, 10.681305000000121 ], [ 0.811932, 10.680336 ], [ 0.81205100000011, 10.680302 ], [ 0.812650000000134, 10.691391000000124 ], [ 0.81359700000013, 10.697069 ], [ 0.815016000000128, 10.704639 ], [ 0.819748000000118, 10.71079 ], [ 0.823533000000168, 10.719307 ], [ 0.825426000000107, 10.727351 ], [ 0.829684000000158, 10.738233 ], [ 0.836781, 10.754794000000173 ], [ 0.840567, 10.758579000000166 ], [ 0.845298000000128, 10.765677 ], [ 0.851923000000113, 10.775613 ], [ 0.86801, 10.795013 ], [ 0.86943, 10.797852000000148 ], [ 0.873688, 10.806368 ], [ 0.877473, 10.825295 ], [ 0.877371000000153, 10.825325 ], [ 0.879582000000141, 10.837562 ], [ 0.881399, 10.848766000000124 ], [ 0.883519, 10.856942 ], [ 0.885033000000135, 10.86148400000013 ], [ 0.90078, 10.886922 ], [ 0.898054000000116, 10.893886 ], [ 0.891089, 10.912964 ], [ 0.890181, 10.920232000000111 ], [ 0.899568000000157, 10.944761 ], [ 0.900174, 10.954148 ], [ 0.906533, 10.972923 ], [ 0.912287, 10.996543 ], [ 0.901083, 10.995938 ], [ 0.897751, 10.998057000000133 ], [ 0.891695000000141, 10.996543 ], [ 0.868075000000147, 10.995332 ], [ 0.854448000000104, 10.995332 ], [ 0.84808900000013, 10.997452000000122 ], [ 0.830222000000106, 10.996543 ], [ 0.788736000000142, 10.996846000000117 ], [ 0.787524, 10.997149 ], [ 0.76996, 10.996846000000119 ], [ 0.761481000000117, 10.996543 ], [ 0.755122000000142, 10.997149 ], [ 0.7414950000001, 10.99624 ], [ 0.731805, 10.997149 ], [ 0.714544, 10.998360000000101 ], [ 0.704551, 10.997754 ], [ 0.696072, 10.997452000000123 ], [ 0.684868000000108, 10.997452000000122 ], [ 0.670938, 10.997452000000123 ], [ 0.659430000000157, 10.998057000000131 ] ] ] } },
{ "type": "Feature", "properties": { "Préfecture": "Kpendjal-Ouest", "Code HDX": "TG0518", "Région": "Savanes", "Zone": "Savanes", "Surface (km²)": 786.49 }, "geometry": { "type": "Polygon", "coordinates": [ [ [ 0.50272, 11.004265 ], [ 0.50423400000011, 11.009413 ], [ 0.503931, 11.012744000000112 ], [ 0.444881000000122, 11.023343 ], [ 0.436064000000158, 11.026022 ], [ 0.413993, 11.032730000000127 ], [ 0.399621, 11.036065 ], [ 0.392362, 11.037539000000152 ], [ 0.397097, 11.029868000000135 ], [ 0.406773000000101, 11.0279 ], [ 0.408578, 11.026916000000142 ], [ 0.406282000000148, 11.023308 ], [ 0.401853000000131, 11.020848 ], [ 0.401197, 11.017240000000127 ], [ 0.401361000000121, 11.010843 ], [ 0.401853000000131, 11.005759000000181 ], [ 0.401853000000131, 11.002151 ], [ 0.398901000000137, 11.001495 ], [ 0.396113, 11.001987 ], [ 0.392669000000183, 11.003463000000124 ], [ 0.389553, 11.004611 ], [ 0.387748000000158, 11.002479 ], [ 0.389881, 10.996083 ], [ 0.389717000000189, 10.991982000000178 ], [ 0.389553, 10.989030000000184 ], [ 0.388569, 10.984766000000148 ], [ 0.382828, 10.98083 ], [ 0.378400000000113, 10.978534 ], [ 0.376385, 10.977944 ], [ 0.376292000000149, 10.977768 ], [ 0.372658, 10.975648000000147 ], [ 0.369327000000112, 10.971409 ], [ 0.365996, 10.968078000000162 ], [ 0.364027, 10.963990000000136 ], [ 0.361605000000169, 10.963687000000105 ], [ 0.359485, 10.960356000000159 ], [ 0.360127, 10.958858 ], [ 0.362210000000118, 10.953997000000186 ], [ 0.367964000000142, 10.952180000000114 ], [ 0.369478000000186, 10.951574 ], [ 0.373112000000106, 10.946729000000117 ], [ 0.373552, 10.946949 ], [ 0.371820000000128, 10.943744 ], [ 0.363619, 10.932673 ], [ 0.360749, 10.924063 ], [ 0.356649, 10.916887000000145 ], [ 0.352138, 10.899667000000136 ], [ 0.351728, 10.893311 ], [ 0.353983, 10.885931000000141 ], [ 0.359724000000141, 10.882856 ], [ 0.365669000000139, 10.87609 ], [ 0.371409, 10.865840000000105 ], [ 0.373869, 10.859280000000183 ], [ 0.374895, 10.852104000000111 ], [ 0.37715, 10.846979 ], [ 0.38043, 10.842059000000118 ], [ 0.38084, 10.837959000000183 ], [ 0.384717, 10.835129000000165 ], [ 0.384776000000102, 10.833118 ], [ 0.379722, 10.833801 ], [ 0.371727, 10.833559 ], [ 0.364460000000123, 10.831621000000155 ], [ 0.357918, 10.828956000000119 ], [ 0.346532, 10.827502 ], [ 0.337002, 10.827034 ], [ 0.33674, 10.82636900000011 ], [ 0.33366500000011, 10.823704 ], [ 0.333586, 10.823732 ], [ 0.333209, 10.823179000000152 ], [ 0.331801, 10.821595000000173 ], [ 0.33182, 10.821449 ], [ 0.330795, 10.817964000000133 ], [ 0.329155000000185, 10.817759 ], [ 0.326080000000104, 10.818169 ], [ 0.323620000000176, 10.816323 ], [ 0.321980000000168, 10.810993000000108 ], [ 0.320955, 10.808123000000139 ], [ 0.321365, 10.803613 ], [ 0.324645, 10.799308000000167 ], [ 0.32977000000011, 10.796438 ], [ 0.331923, 10.791005 ], [ 0.332743, 10.781164000000102 ], [ 0.332561000000112, 10.778895000000148 ], [ 0.332333, 10.776039 ], [ 0.334383, 10.767634 ], [ 0.338073000000178, 10.763738000000162 ], [ 0.346888000000149, 10.759228 ], [ 0.348324000000105, 10.756973000000128 ], [ 0.346274000000165, 10.753488000000118 ], [ 0.345248, 10.753078000000128 ], [ 0.342378, 10.754103 ], [ 0.339713000000131, 10.755743000000168 ], [ 0.336228000000119, 10.75656300000014 ], [ 0.330488000000173, 10.757383000000122 ], [ 0.328438000000176, 10.756768 ], [ 0.327412, 10.755538 ], [ 0.326593000000116, 10.751233 ], [ 0.326798, 10.746723 ], [ 0.329053000000101, 10.743442 ], [ 0.330078000000185, 10.736677 ], [ 0.328233000000126, 10.731347 ], [ 0.326629, 10.726000000000166 ], [ 0.32577300000014, 10.723147 ], [ 0.32577300000014, 10.715971000000136 ], [ 0.329258, 10.708181 ], [ 0.332948000000158, 10.703671 ], [ 0.333973, 10.70039 ], [ 0.33458800000011, 10.69629 ], [ 0.334588000000111, 10.696085 ], [ 0.338901, 10.691232 ], [ 0.33981000000017, 10.691176 ], [ 0.33967900000016, 10.691615000000183 ], [ 0.345752000000118, 10.686127000000111 ], [ 0.346775, 10.685258 ], [ 0.351116, 10.682002 ], [ 0.360884000000169, 10.682157 ], [ 0.367086000000143, 10.683708 ], [ 0.373442, 10.683243 ], [ 0.376699, 10.680452 ], [ 0.377474, 10.675180000000125 ], [ 0.377164000000164, 10.667428 ], [ 0.37855900000011, 10.661071000000165 ], [ 0.386699, 10.658823000000154 ], [ 0.395071000000144, 10.657273000000142 ], [ 0.399878000000173, 10.655257000000177 ], [ 0.400158, 10.655283000000166 ], [ 0.4067, 10.655877 ], [ 0.410731, 10.654172 ], [ 0.414297, 10.654017 ], [ 0.421119, 10.647505 ], [ 0.431817000000137, 10.641148 ], [ 0.435073, 10.638202000000147 ], [ 0.437554000000148, 10.633241 ], [ 0.44081, 10.625644 ], [ 0.447011000000145, 10.625488000000129 ], [ 0.450112, 10.62672900000018 ], [ 0.451818000000173, 10.627349 ], [ 0.458175000000153, 10.628279000000132 ], [ 0.46329100000014, 10.630605 ], [ 0.467012000000182, 10.633396 ], [ 0.468408, 10.633861 ], [ 0.471353, 10.634481000000104 ], [ 0.477245, 10.635101 ], [ 0.48189600000012, 10.634636000000171 ], [ 0.486238, 10.632776 ], [ 0.490114000000119, 10.63231 ], [ 0.496626000000163, 10.633396 ], [ 0.497365000000174, 10.633355 ], [ 0.498631000000104, 10.633939 ], [ 0.500775, 10.634812000000124 ], [ 0.502521000000115, 10.635051 ], [ 0.505458, 10.635130000000173 ], [ 0.507046, 10.635130000000174 ], [ 0.511190000000114, 10.635285 ], [ 0.520503, 10.640993000000151 ], [ 0.522053, 10.640528 ], [ 0.524069, 10.647505 ], [ 0.529805, 10.660064000000148 ], [ 0.538487, 10.676738 ], [ 0.530527, 10.677908 ], [ 0.522291, 10.678877000000114 ], [ 0.514296, 10.679846 ], [ 0.498065, 10.684691000000159 ], [ 0.487648, 10.690506 ], [ 0.482466, 10.692967000000124 ], [ 0.481349, 10.709159000000112 ], [ 0.506786, 10.707464 ], [ 0.508023, 10.707939 ], [ 0.50743, 10.708017000000153 ], [ 0.507262, 10.708105000000163 ], [ 0.508474, 10.713556000000155 ], [ 0.508474, 10.717795 ], [ 0.510896000000116, 10.721126000000138 ], [ 0.510593, 10.722943 ], [ 0.511804, 10.730817000000114 ], [ 0.510896000000116, 10.742627000000139 ], [ 0.509685000000104, 10.756557 ], [ 0.508171, 10.760796 ], [ 0.510291000000166, 10.767761000000121 ], [ 0.509382, 10.773515000000144 ], [ 0.509382, 10.779571000000146 ], [ 0.517256, 10.785325000000169 ], [ 0.520586, 10.78623300000015 ], [ 0.523009000000116, 10.788959 ], [ 0.525129, 10.793804 ], [ 0.53058, 10.795924000000129 ], [ 0.529671000000121, 10.804100000000176 ], [ 0.530277000000183, 10.805614 ], [ 0.529065, 10.809853 ], [ 0.529671000000121, 10.814699000000132 ], [ 0.525432, 10.820452 ], [ 0.522706, 10.825903 ], [ 0.52573400000017, 10.828628000000151 ], [ 0.528460000000109, 10.830445 ], [ 0.53058, 10.830445 ], [ 0.533002, 10.829537 ], [ 0.533608, 10.82650900000016 ], [ 0.535122000000116, 10.825297 ], [ 0.537242, 10.826206000000125 ], [ 0.536333000000127, 10.830748 ], [ 0.536333000000127, 10.836805 ], [ 0.531185000000165, 10.84165 ], [ 0.527551, 10.844375 ], [ 0.529368, 10.846798 ], [ 0.530301, 10.847964 ], [ 0.53058, 10.848312 ], [ 0.534213, 10.846495000000175 ], [ 0.53451600000011, 10.847706000000189 ], [ 0.534213, 10.84922 ], [ 0.536939000000189, 10.851037000000131 ], [ 0.53815, 10.854368 ], [ 0.538453, 10.858305 ], [ 0.536485, 10.859668000000173 ], [ 0.536485, 10.862999 ], [ 0.540724000000182, 10.864816000000131 ], [ 0.54133, 10.871478000000138 ], [ 0.541027, 10.876928 ], [ 0.538907000000108, 10.880562000000168 ], [ 0.533759000000146, 10.883893000000111 ], [ 0.533759000000146, 10.885710000000133 ], [ 0.538302000000159, 10.891161000000125 ], [ 0.539816, 10.893281 ], [ 0.538302000000159, 10.897520000000158 ], [ 0.54011800000012, 10.899337 ], [ 0.540602, 10.899425 ], [ 0.543450000000121, 10.899943 ], [ 0.544358000000159, 10.903274000000179 ], [ 0.546175, 10.904182000000162 ], [ 0.550717000000134, 10.902971000000148 ], [ 0.553443, 10.90388 ], [ 0.556774000000189, 10.905697 ], [ 0.558288, 10.907513 ], [ 0.559802, 10.909028 ], [ 0.564647, 10.909633000000154 ], [ 0.569492000000139, 10.915084000000151 ], [ 0.569713000000149, 10.914881 ], [ 0.577183, 10.907985 ], [ 0.57676, 10.912359 ], [ 0.577063, 10.917507 ], [ 0.575549, 10.927197 ], [ 0.575289000000168, 10.927154 ], [ 0.575549, 10.927803 ], [ 0.573126000000116, 10.932648 ], [ 0.573429, 10.934162 ], [ 0.574943000000133, 10.938401000000113 ], [ 0.573126000000117, 10.941732 ], [ 0.573126000000116, 10.944761 ], [ 0.576457000000175, 10.947486 ], [ 0.576457000000176, 10.952634 ], [ 0.580394000000126, 10.956268000000138 ], [ 0.584028000000103, 10.956874 ], [ 0.588267, 10.960507 ], [ 0.592507000000182, 10.968684 ], [ 0.596443, 10.977163 ], [ 0.597107000000108, 10.979117 ], [ 0.595232, 10.978374 ], [ 0.59099300000014, 10.975951000000178 ], [ 0.582211, 10.978979 ], [ 0.575549, 10.97867700000012 ], [ 0.550717000000134, 10.967169 ], [ 0.537696, 10.957782000000178 ], [ 0.500752, 10.936584 ], [ 0.509231, 10.952634 ], [ 0.509836000000178, 10.977768 ], [ 0.507111000000123, 10.984733 ], [ 0.494998, 10.984733 ], [ 0.491364000000146, 10.986853000000169 ], [ 0.497421, 10.995029 ], [ 0.50272, 11.004265 ] ] ] } },
{ "type": "Feature", "properties": { "Préfecture": "Kpélé", "Code HDX": "TG0407", "Région": "Plateaux", "Zone": "Plateaux", "Surface (km²)": 930.92 }, "geometry": { "type": "Polygon", "coordinates": [ [ [ 0.876599, 7.322773 ], [ 0.868677, 7.318336000000158 ], [ 0.866557000000171, 7.317149 ], [ 0.859729, 7.311526000000126 ], [ 0.848884000000169, 7.310321 ], [ 0.84326, 7.309116 ], [ 0.838842000000113, 7.306304 ], [ 0.830407, 7.302689 ], [ 0.825587, 7.299878 ], [ 0.821312, 7.29725800000017 ], [ 0.813537000000167, 7.301886000000136 ], [ 0.79805, 7.303951 ], [ 0.795462, 7.304296 ], [ 0.795194000000152, 7.30436600000013 ], [ 0.791847000000132, 7.297869000000105 ], [ 0.782207000000143, 7.281802000000141 ], [ 0.782608, 7.281516000000123 ], [ 0.780198000000155, 7.277384000000154 ], [ 0.77578, 7.269351 ], [ 0.773370000000115, 7.266941000000145 ], [ 0.773419, 7.266908 ], [ 0.772945000000108, 7.266586 ], [ 0.768174, 7.256715 ], [ 0.760283000000129, 7.245825 ], [ 0.759587000000124, 7.245466 ], [ 0.758429, 7.243651000000115 ], [ 0.752041000000133, 7.233644 ], [ 0.752041000000133, 7.233336000000179 ], [ 0.737847, 7.214377000000183 ], [ 0.734521, 7.210052 ], [ 0.733881, 7.209220000000186 ], [ 0.730743, 7.207568 ], [ 0.72899600000011, 7.206649 ], [ 0.725912, 7.204335000000128 ], [ 0.722827, 7.19688 ], [ 0.719742, 7.18814 ], [ 0.718970000000127, 7.183256 ], [ 0.718238000000156, 7.18154600000014 ], [ 0.717788, 7.181096 ], [ 0.714909, 7.178012000000138 ], [ 0.712647000000118, 7.174927000000141 ], [ 0.708739, 7.16772900000018 ], [ 0.708534000000157, 7.165467 ], [ 0.7073, 7.159297 ], [ 0.702981, 7.156007 ], [ 0.703910000000177, 7.155605000000153 ], [ 0.697017, 7.15066 ], [ 0.69698, 7.150495000000148 ], [ 0.69578300000012, 7.145107 ], [ 0.694549000000109, 7.140788 ], [ 0.690642, 7.137909 ], [ 0.690025000000105, 7.133179 ], [ 0.690436, 7.127215 ], [ 0.688996, 7.123513000000172 ], [ 0.688379000000168, 7.121457 ], [ 0.685089, 7.12207400000011 ], [ 0.678919, 7.12330700000018 ], [ 0.671516, 7.123102 ], [ 0.668637, 7.120840000000156 ], [ 0.669048000000146, 7.118372 ], [ 0.675834000000123, 7.113847 ], [ 0.682708, 7.108553000000144 ], [ 0.680184000000111, 7.104817 ], [ 0.676650000000109, 7.097105 ], [ 0.672472, 7.090035 ], [ 0.670223, 7.088107 ], [ 0.662832, 7.084251 ], [ 0.659843, 7.083654 ], [ 0.658265, 7.075919 ], [ 0.6578540000001, 7.066048 ], [ 0.663201, 7.056588 ], [ 0.670193, 7.044454 ], [ 0.67698, 7.038696 ], [ 0.680887, 7.032526 ], [ 0.686028000000136, 7.028413000000114 ], [ 0.696517, 7.026357000000131 ], [ 0.70392, 7.025123000000177 ], [ 0.716465, 7.023889 ], [ 0.72428, 7.023478000000126 ], [ 0.732918, 7.024197000000129 ], [ 0.739087, 7.016382000000135 ], [ 0.76356, 6.983066 ], [ 0.762532, 6.982038000000101 ], [ 0.762313, 6.98173 ], [ 0.76235, 6.98171200000013 ], [ 0.765258000000187, 6.982173000000103 ], [ 0.769288, 6.982416000000113 ], [ 0.771745000000125, 6.983546 ], [ 0.771877000000189, 6.983547000000102 ], [ 0.773723000000189, 6.975618 ], [ 0.775875, 6.975260000000104 ], [ 0.776081, 6.972586 ], [ 0.775670000000162, 6.970324 ], [ 0.774436, 6.968473 ], [ 0.77546400000017, 6.967445 ], [ 0.77896, 6.966828 ], [ 0.782868000000121, 6.966416 ], [ 0.785952000000179, 6.968062000000145 ], [ 0.794780000000173, 6.955539000000159 ], [ 0.795207000000175, 6.955517 ], [ 0.797058, 6.954694 ], [ 0.798908000000154, 6.953049 ], [ 0.801993000000152, 6.950992000000155 ], [ 0.805284000000143, 6.948936 ], [ 0.806312000000106, 6.946879 ], [ 0.808735000000183, 6.943447000000105 ], [ 0.809096, 6.942485 ], [ 0.809558, 6.939596000000109 ], [ 0.80886500000014, 6.937400000000139 ], [ 0.808518, 6.935435 ], [ 0.809211000000118, 6.933123000000136 ], [ 0.813141, 6.930812 ], [ 0.818226000000152, 6.927460000000166 ], [ 0.822734000000139, 6.922722 ], [ 0.827472000000114, 6.918677000000173 ], [ 0.835447, 6.913822 ], [ 0.83821, 6.9130770000001 ], [ 0.842728, 6.911858000000108 ], [ 0.844152000000179, 6.912504000000127 ], [ 0.845542, 6.912852 ], [ 0.850734000000102, 6.914658 ], [ 0.857281, 6.918495 ], [ 0.864504000000125, 6.92459 ], [ 0.873533, 6.934296000000186 ], [ 0.877822000000151, 6.938134000000105 ], [ 0.877839000000165, 6.938285000000177 ], [ 0.878090000000156, 6.938324 ], [ 0.881706000000179, 6.950374000000181 ], [ 0.881304000000114, 6.95921 ], [ 0.878894, 6.961219 ], [ 0.87447500000019, 6.959612000000162 ], [ 0.871664000000123, 6.962424000000111 ], [ 0.87447500000019, 6.966039 ], [ 0.877287000000138, 6.968047000000126 ], [ 0.886124000000167, 6.969252 ], [ 0.902592, 6.972064000000158 ], [ 0.909822, 6.973269 ], [ 0.914642, 6.976081 ], [ 0.918105, 6.978851 ], [ 0.918659, 6.979294 ], [ 0.921069000000159, 6.989737000000103 ], [ 0.921872000000121, 6.999779 ], [ 0.917052000000126, 7.003394000000185 ], [ 0.907011000000125, 7.010222 ], [ 0.904199000000176, 7.017051 ], [ 0.907814000000145, 7.023076000000115 ], [ 0.917856, 7.027093 ], [ 0.925889000000154, 7.029101 ], [ 0.92937, 7.035813 ], [ 0.930846000000144, 7.034979 ], [ 0.933108, 7.034979 ], [ 0.935988000000178, 7.036213 ], [ 0.937839, 7.035596 ], [ 0.937715, 7.035061 ], [ 0.936728, 7.032593 ], [ 0.93788, 7.030619000000171 ], [ 0.945835000000102, 7.027187 ], [ 0.94627, 7.02699900000016 ], [ 0.951938, 7.033898 ], [ 0.961407000000122, 7.045426 ], [ 0.962723, 7.046907000000147 ], [ 0.967000000000155, 7.053488000000184 ], [ 0.961242000000141, 7.058752 ], [ 0.953838, 7.064511 ], [ 0.950877000000162, 7.069611000000179 ], [ 0.950219, 7.073395000000116 ], [ 0.949656, 7.07754 ], [ 0.949305000000152, 7.088447 ], [ 0.950800000000186, 7.09566 ], [ 0.945434000000148, 7.104104 ], [ 0.94086, 7.111845000000185 ], [ 0.937869, 7.117563 ], [ 0.937078, 7.126007 ], [ 0.931927, 7.141455000000176 ], [ 0.931299000000138, 7.142223000000114 ], [ 0.931669, 7.142228 ], [ 0.927967000000137, 7.14736900000014 ], [ 0.926982000000179, 7.163899000000186 ], [ 0.926425327000061, 7.173235157000022 ], [ 0.926116, 7.178423 ], [ 0.926322, 7.184593 ], [ 0.92262, 7.195904 ], [ 0.924265000000105, 7.215646 ], [ 0.924057000000118, 7.216133000000184 ], [ 0.924111000000153, 7.216161 ], [ 0.925397000000147, 7.22284400000018 ], [ 0.931566, 7.228757 ], [ 0.934651, 7.231071000000155 ], [ 0.937221, 7.235441 ], [ 0.933623, 7.240325 ], [ 0.928466, 7.241798 ], [ 0.929218000000105, 7.250071000000159 ], [ 0.931053, 7.258331 ], [ 0.939259000000106, 7.263326000000176 ], [ 0.944481000000167, 7.274974 ], [ 0.950104000000182, 7.286622 ], [ 0.952514, 7.293049000000106 ], [ 0.952581000000124, 7.294243000000107 ], [ 0.952113000000112, 7.293853000000186 ], [ 0.946489, 7.298271000000171 ], [ 0.944481000000167, 7.305903000000115 ], [ 0.934841000000119, 7.312329000000149 ], [ 0.932126, 7.313857 ], [ 0.932029000000171, 7.313534 ], [ 0.920381, 7.314739 ], [ 0.904314000000113, 7.321969 ], [ 0.885436, 7.321166000000177 ], [ 0.876599, 7.322773 ] ] ] } },
{ "type": "Feature", "properties": { "Préfecture": "Kéran", "Code HDX": "TG0206", "Région": "Kara", "Zone": "Kara", "Surface (km²)": 2018.97 }, "geometry": { "type": "Polygon", "coordinates": [ [ [ 0.993955, 10.2175390000001 ], [ 0.954366, 10.250612000000102 ], [ 0.952811000000167, 10.251432 ], [ 0.953016, 10.251986000000102 ], [ 0.937589000000116, 10.263825000000166 ], [ 0.901657000000171, 10.289993 ], [ 0.887476000000106, 10.273573 ], [ 0.876992, 10.254703000000175 ], [ 0.866509, 10.244219000000157 ], [ 0.863364000000104, 10.244219000000157 ], [ 0.857074000000125, 10.241074000000138 ], [ 0.849735, 10.234784 ], [ 0.839252000000101, 10.227446 ], [ 0.838969000000133, 10.226528 ], [ 0.826672, 10.186560000000155 ], [ 0.824575, 10.175029000000164 ], [ 0.822478, 10.168738000000133 ], [ 0.819333, 10.163497 ], [ 0.819564000000185, 10.162111000000152 ], [ 0.816681, 10.158704000000171 ], [ 0.814169, 10.154757 ], [ 0.808788000000164, 10.151887000000103 ], [ 0.803764000000115, 10.153681 ], [ 0.798383, 10.161933 ], [ 0.797306000000106, 10.167673 ], [ 0.794078000000184, 10.171978000000138 ], [ 0.781161000000112, 10.179513 ], [ 0.777933000000189, 10.179871 ], [ 0.777523, 10.180008 ], [ 0.777215, 10.179871 ], [ 0.775421000000164, 10.178795 ], [ 0.773986, 10.176642 ], [ 0.767887, 10.174849 ], [ 0.757841, 10.179513 ], [ 0.754253, 10.182383 ], [ 0.748154, 10.178436000000147 ], [ 0.744207000000132, 10.175925 ], [ 0.739184, 10.174131000000104 ], [ 0.73667300000011, 10.172696 ], [ 0.733085, 10.168391 ], [ 0.738826, 10.160139 ], [ 0.738108000000182, 10.15296300000017 ], [ 0.742773000000171, 10.14507 ], [ 0.741092000000151, 10.141709000000164 ], [ 0.740261000000147, 10.140047000000154 ], [ 0.739518000000146, 10.140511000000174 ], [ 0.734521, 10.14363500000019 ], [ 0.710841, 10.163009 ], [ 0.706536, 10.166597 ], [ 0.704742, 10.168032000000151 ], [ 0.697987, 10.167111000000149 ], [ 0.692739000000131, 10.160383 ], [ 0.688342, 10.155711000000167 ], [ 0.684770000000128, 10.145268 ], [ 0.683710000000191, 10.143590000000186 ], [ 0.683113, 10.143164000000127 ], [ 0.680976000000101, 10.141907 ], [ 0.679572000000121, 10.141604 ], [ 0.678132000000176, 10.141366 ], [ 0.677086000000145, 10.141237 ], [ 0.676563, 10.141182 ], [ 0.676123, 10.141265 ], [ 0.675875000000133, 10.141384 ], [ 0.675710000000151, 10.141320000000119 ], [ 0.675581000000137, 10.14099 ], [ 0.67564, 10.140827 ], [ 0.675575000000151, 10.14082200000013 ], [ 0.67578, 10.136994000000128 ], [ 0.67496, 10.134465000000148 ], [ 0.673593000000153, 10.127151 ], [ 0.673114000000112, 10.121136 ], [ 0.672294000000136, 10.116215 ], [ 0.672226, 10.111157 ], [ 0.672636000000183, 10.108491 ], [ 0.672961, 10.108227 ], [ 0.67295300000012, 10.108168 ], [ 0.677624, 10.099648 ], [ 0.682021, 10.092778 ], [ 0.685319000000106, 10.086732 ], [ 0.686694, 10.08206 ], [ 0.686144000000127, 10.072716000000183 ], [ 0.687243000000136, 10.065571000000148 ], [ 0.687793000000171, 10.057876000000135 ], [ 0.686968, 10.053204000000109 ], [ 0.682021, 10.046334000000115 ], [ 0.678449000000113, 10.038364 ], [ 0.678449000000114, 10.033967000000187 ], [ 0.677899, 10.027646000000175 ], [ 0.67295300000012, 10.015829000000108 ], [ 0.667182, 10.00868400000013 ], [ 0.660311, 10.004561 ], [ 0.649593000000152, 9.996867 ], [ 0.645196000000113, 9.989996000000186 ], [ 0.643524000000184, 9.989002 ], [ 0.651284, 9.989002 ], [ 0.653796000000115, 9.988643000000135 ], [ 0.66707, 9.985414000000162 ], [ 0.6759780000001, 9.983237000000145 ], [ 0.677715000000148, 9.982812000000136 ], [ 0.677219, 9.978732 ], [ 0.677006, 9.976631000000113 ], [ 0.67677, 9.974931 ], [ 0.676700000000153, 9.9742 ], [ 0.676534000000117, 9.973562 ], [ 0.676369000000136, 9.973114000000123 ], [ 0.676180000000103, 9.971579000000132 ], [ 0.676227, 9.970706000000174 ], [ 0.676747000000148, 9.968665 ], [ 0.676399000000117, 9.966399000000138 ], [ 0.675681, 9.963529 ], [ 0.674648, 9.959742 ], [ 0.674261000000172, 9.959572000000152 ], [ 0.671594, 9.95888500000018 ], [ 0.669214000000181, 9.958103000000104 ], [ 0.668161000000111, 9.957704000000147 ], [ 0.667603, 9.957433 ], [ 0.667401, 9.957235 ], [ 0.667214, 9.956834000000127 ], [ 0.667165000000125, 9.956687 ], [ 0.666936, 9.956736 ], [ 0.6669, 9.956826000000147 ], [ 0.666899000000114, 9.956826000000149 ], [ 0.666899000000114, 9.95682 ], [ 0.666797, 9.956908 ], [ 0.666633000000162, 9.95678500000014 ], [ 0.666698, 9.956622000000149 ], [ 0.666846, 9.956450000000132 ], [ 0.666889, 9.95638200000019 ], [ 0.666899000000113, 9.955836000000145 ], [ 0.666979, 9.954877000000183 ], [ 0.667394, 9.953137 ], [ 0.668017, 9.950933 ], [ 0.668352, 9.949592 ], [ 0.66887000000014, 9.948821 ], [ 0.668864, 9.948819 ], [ 0.666711, 9.944155 ], [ 0.664516000000162, 9.942141000000161 ], [ 0.659591000000149, 9.937216000000145 ], [ 0.656425000000183, 9.934578 ], [ 0.656074000000104, 9.931764 ], [ 0.656425000000183, 9.92930100000018 ], [ 0.658712, 9.925960000000146 ], [ 0.675245, 9.91013 ], [ 0.677746, 9.907462000000121 ], [ 0.679627, 9.901819 ], [ 0.681421000000171, 9.896437000000105 ], [ 0.68178, 9.89141400000017 ], [ 0.682857000000126, 9.887468000000126 ], [ 0.681063, 9.880292 ], [ 0.680704000000162, 9.877422 ], [ 0.679817000000128, 9.876535 ], [ 0.679681, 9.875489 ], [ 0.68092, 9.86524100000014 ], [ 0.682228000000123, 9.858459000000151 ], [ 0.684370000000115, 9.854295 ], [ 0.688296, 9.850726000000181 ], [ 0.691032000000121, 9.849655 ], [ 0.696029, 9.848822 ], [ 0.700431, 9.848346 ], [ 0.705666000000178, 9.84799 ], [ 0.706689, 9.847825000000112 ], [ 0.708427, 9.849254 ], [ 0.711514000000136, 9.850517 ], [ 0.717405000000156, 9.851358 ], [ 0.724279, 9.850096 ], [ 0.727786, 9.847851000000107 ], [ 0.734029, 9.844559 ], [ 0.73939600000017, 9.844559 ], [ 0.742617, 9.845633000000134 ], [ 0.745300000000158, 9.847780000000114 ], [ 0.747763, 9.851755 ], [ 0.751061, 9.853075 ], [ 0.754425, 9.855831000000139 ], [ 0.756572, 9.860125000000151 ], [ 0.757109, 9.869786000000147 ], [ 0.760330000000124, 9.87247 ], [ 0.765697000000102, 9.87837400000018 ], [ 0.767307, 9.888036 ], [ 0.769696, 9.889737000000137 ], [ 0.778042000000141, 9.887499 ], [ 0.781263, 9.888036 ], [ 0.785557, 9.888573 ], [ 0.790388, 9.888036 ], [ 0.799429, 9.886053000000118 ], [ 0.801868, 9.885861 ], [ 0.805356, 9.885861 ], [ 0.808651000000168, 9.884117000000174 ], [ 0.810008, 9.881404 ], [ 0.810201000000177, 9.878109000000109 ], [ 0.810201000000177, 9.876752 ], [ 0.811752, 9.87462 ], [ 0.816420000000107, 9.872739 ], [ 0.825008000000139, 9.872739 ], [ 0.831986, 9.873275000000152 ], [ 0.83628, 9.875422000000187 ], [ 0.837459, 9.877633000000111 ], [ 0.840574, 9.883474 ], [ 0.846478, 9.881327 ], [ 0.849699000000102, 9.877033 ], [ 0.84808900000013, 9.873275000000149 ], [ 0.845405, 9.86522400000012 ], [ 0.844279, 9.861429 ], [ 0.845136, 9.857441000000106 ], [ 0.848702, 9.852449 ], [ 0.849162, 9.851805 ], [ 0.852335, 9.853921000000181 ], [ 0.857268, 9.862788 ], [ 0.857975, 9.865671000000193 ], [ 0.864472, 9.871110000000101 ], [ 0.867735, 9.871491000000159 ], [ 0.878986, 9.871202 ], [ 0.879721, 9.870555 ], [ 0.880294, 9.871128000000166 ], [ 0.887808, 9.870055 ], [ 0.888403, 9.869757 ], [ 0.888794, 9.86982400000011 ], [ 0.897153000000174, 9.867717 ], [ 0.900456, 9.861980000000131 ], [ 0.904879000000108, 9.855615 ], [ 0.91035200000016, 9.852879000000142 ], [ 0.921087, 9.858246000000122 ], [ 0.929675, 9.858783000000129 ], [ 0.936116, 9.856099 ], [ 0.941484000000173, 9.850732000000106 ], [ 0.945778000000189, 9.846974 ], [ 0.951145000000167, 9.846438 ], [ 0.954903, 9.847511 ], [ 0.96134300000017, 9.849121 ], [ 0.966771, 9.849615 ], [ 0.967248, 9.849658 ], [ 0.973689, 9.850732000000107 ], [ 0.978508, 9.851780000000133 ], [ 0.982881, 9.854206000000147 ], [ 0.988654000000168, 9.859639 ], [ 0.991177, 9.862533 ], [ 0.998061000000121, 9.864373 ], [ 1.00467, 9.864412000000128 ], [ 1.005357000000174, 9.864687000000117 ], [ 1.010188, 9.863614000000151 ], [ 1.017166, 9.86093000000011 ], [ 1.023909, 9.855935 ], [ 1.032369000000132, 9.867067 ], [ 1.034692000000177, 9.873601000000122 ], [ 1.033966000000135, 9.88071600000012 ], [ 1.034111, 9.887976 ], [ 1.035999000000118, 9.891751000000113 ], [ 1.04021, 9.892042 ], [ 1.043694000000187, 9.891316 ], [ 1.045464, 9.889639 ], [ 1.04734, 9.895973 ], [ 1.0578, 9.907190000000183 ], [ 1.070440000000134, 9.91806 ], [ 1.083824000000164, 9.92605500000019 ], [ 1.097578, 9.932971 ], [ 1.110271000000126, 9.935203 ], [ 1.130556000000183, 9.942875000000129 ], [ 1.130852000000175, 9.943171000000119 ], [ 1.13229900000016, 9.95137300000016 ], [ 1.134983, 9.961571 ], [ 1.139814, 9.972843 ], [ 1.148402, 9.984651 ], [ 1.151622, 9.985725000000114 ], [ 1.151764, 9.98598100000015 ], [ 1.159137000000159, 9.999144000000172 ], [ 1.172019, 9.993776000000137 ], [ 1.188121, 9.992166000000109 ], [ 1.20154, 9.982504 ], [ 1.210665000000121, 9.981968000000109 ], [ 1.214693000000182, 9.981632 ], [ 1.217106000000172, 9.981431 ], [ 1.223010000000158, 9.982504 ], [ 1.238039, 9.984651 ], [ 1.253500000000145, 9.992382 ], [ 1.260290000000111, 10.010162 ], [ 1.267345, 10.017229000000155 ], [ 1.271291000000133, 10.017249 ], [ 1.278939, 10.021126 ], [ 1.282818000000134, 10.024667 ], [ 1.287372000000175, 10.028377 ], [ 1.292599000000109, 10.032931 ], [ 1.296478, 10.035460000000114 ], [ 1.299514000000102, 10.03647200000017 ], [ 1.302887000000112, 10.036641 ], [ 1.306597000000124, 10.038159000000121 ], [ 1.310982, 10.042406 ], [ 1.157397, 10.129829 ], [ 1.134927000000175, 10.142609 ], [ 1.001665, 10.218342000000119 ], [ 0.99999, 10.220018 ], [ 0.996769000000143, 10.215187000000185 ], [ 0.993955, 10.2175390000001 ] ] ] } },
{ "type": "Feature", "properties": { "Préfecture": "Lacs", "Code HDX": "TG0304", "Région": "Maritime", "Zone": "Maritime hors Grand Lomé", "Surface (km²)": 416.3 }, "geometry": { "type": "Polygon", "coordinates": [ [ [ 1.767852, 6.418194 ], [ 1.766742, 6.423027000000104 ], [ 1.764322000000163, 6.424339000000145 ], [ 1.760851, 6.424331 ], [ 1.759451, 6.417600000000164 ], [ 1.757762, 6.406436000000156 ], [ 1.75562500000018, 6.402567 ], [ 1.74747, 6.403835 ], [ 1.735444, 6.408098000000165 ], [ 1.730724, 6.408086 ], [ 1.727299, 6.405073000000186 ], [ 1.722166, 6.398622 ], [ 1.714874000000123, 6.3977450000001 ], [ 1.709297, 6.397302 ], [ 1.706295000000125, 6.396865000000105 ], [ 1.702881000000104, 6.38913 ], [ 1.697309, 6.386970000000133 ], [ 1.695709, 6.388272 ], [ 1.695633000000101, 6.389856000000179 ], [ 1.695127000000127, 6.390791 ], [ 1.694551000000104, 6.390718000000106 ], [ 1.693761000000109, 6.390068000000156 ], [ 1.689298000000122, 6.389912 ], [ 1.686703, 6.391274 ], [ 1.681361000000153, 6.39075700000012 ], [ 1.68014, 6.390646000000173 ], [ 1.677018, 6.390360000000156 ], [ 1.6768560000001, 6.390249 ], [ 1.672574000000168, 6.388536 ], [ 1.668007000000102, 6.386538 ], [ 1.664154, 6.384612 ], [ 1.662299000000189, 6.38325600000013 ], [ 1.661240000000134, 6.382391000000154 ], [ 1.659245000000112, 6.3798 ], [ 1.654587000000163, 6.374780000000158 ], [ 1.65345, 6.37390800000014 ], [ 1.650239000000113, 6.370482000000153 ], [ 1.650016000000107, 6.370259 ], [ 1.649882, 6.369912 ], [ 1.649953, 6.36877 ], [ 1.650596000000178, 6.367485000000159 ], [ 1.651380000000188, 6.365273000000115 ], [ 1.652021000000104, 6.36356400000011 ], [ 1.653146000000106, 6.361104000000124 ], [ 1.653414000000112, 6.358696 ], [ 1.652700000000152, 6.356466 ], [ 1.652359, 6.356568000000152 ], [ 1.652377, 6.356334000000174 ], [ 1.650155, 6.3568 ], [ 1.644354, 6.357805 ], [ 1.640427, 6.359586 ], [ 1.63691, 6.361596000000133 ], [ 1.636811, 6.361704 ], [ 1.636782, 6.361667000000181 ], [ 1.633665000000121, 6.363147 ], [ 1.631952000000126, 6.364503000000183 ], [ 1.630239000000131, 6.369855000000143 ], [ 1.629509000000155, 6.372198 ], [ 1.625315, 6.371541 ], [ 1.622511, 6.37135 ], [ 1.62007, 6.372076 ], [ 1.618175000000122, 6.373901 ], [ 1.615609, 6.375785000000178 ], [ 1.613432, 6.375829 ], [ 1.612655, 6.375647000000129 ], [ 1.611417000000131, 6.376206 ], [ 1.610737, 6.377892 ], [ 1.610171, 6.379353000000151 ], [ 1.609153, 6.381489000000157 ], [ 1.607127000000105, 6.381933000000118 ], [ 1.606233, 6.380130000000122 ], [ 1.606576000000189, 6.377656 ], [ 1.605909, 6.375066000000174 ], [ 1.605349000000104, 6.374164000000179 ], [ 1.60502, 6.37090000000012 ], [ 1.604467000000114, 6.367523000000118 ], [ 1.605599000000154, 6.364826 ], [ 1.606279, 6.362915 ], [ 1.606281, 6.361902000000101 ], [ 1.60550000000012, 6.359987000000102 ], [ 1.604832000000101, 6.35706 ], [ 1.605405, 6.353461000000152 ], [ 1.60541400000011, 6.34986 ], [ 1.604856000000154, 6.348508 ], [ 1.602154, 6.34917600000017 ], [ 1.59844, 6.350517 ], [ 1.597875, 6.351415000000145 ], [ 1.596526000000153, 6.351074000000152 ], [ 1.59563, 6.349721000000102 ], [ 1.595529, 6.345445 ], [ 1.595087, 6.342744000000151 ], [ 1.594308000000126, 6.339591 ], [ 1.594544, 6.335653 ], [ 1.594719, 6.333010000000173 ], [ 1.595404, 6.329186000000106 ], [ 1.596205, 6.324125 ], [ 1.596887, 6.321651 ], [ 1.597124, 6.317038 ], [ 1.597109095000178, 6.317037049000078 ], [ 1.597113, 6.317036 ], [ 1.597400000000164, 6.316019000000154 ], [ 1.598792, 6.308606000000168 ], [ 1.600179, 6.30339 ], [ 1.601121, 6.298012 ], [ 1.597951, 6.297575000000109 ], [ 1.587708, 6.297575000000108 ], [ 1.582236000000137, 6.295891 ], [ 1.575220000000115, 6.29561 ], [ 1.571992, 6.293084 ], [ 1.568204000000151, 6.290980000000162 ], [ 1.564555, 6.28691 ], [ 1.559789, 6.282035 ], [ 1.565103, 6.279395000000135 ], [ 1.572285000000136, 6.262933 ], [ 1.577796, 6.255531 ], [ 1.583011000000113, 6.255819 ], [ 1.583025, 6.255695000000117 ], [ 1.582864, 6.25042 ], [ 1.584993000000168, 6.24269 ], [ 1.585544, 6.233725 ], [ 1.585025000000144, 6.230559 ], [ 1.584962, 6.230571 ], [ 1.580279, 6.231425000000171 ], [ 1.573959, 6.229826 ], [ 1.563421000000176, 6.228567000000112 ], [ 1.55868, 6.227675 ], [ 1.554112, 6.227838 ], [ 1.550247000000127, 6.227828000000101 ], [ 1.546211000000143, 6.226058 ], [ 1.541994000000102, 6.226223000000176 ], [ 1.534088000000168, 6.226376 ], [ 1.531794000000105, 6.230238 ], [ 1.529331, 6.231286 ], [ 1.527201, 6.232782 ], [ 1.521341000000121, 6.230226 ], [ 1.513896000000159, 6.228518000000179 ], [ 1.510104000000126, 6.227663000000122 ], [ 1.503501, 6.226800000000139 ], [ 1.498163, 6.225801 ], [ 1.492403000000138, 6.225222000000144 ], [ 1.486224000000107, 6.223376000000143 ], [ 1.479823000000181, 6.219542 ], [ 1.476506, 6.212149 ], [ 1.473519000000124, 6.212316 ], [ 1.461738, 6.216326 ], [ 1.452921, 6.221451 ], [ 1.445318, 6.226492 ], [ 1.437990000000128, 6.232939 ], [ 1.428698000000111, 6.238537000000122 ], [ 1.424895, 6.241198 ], [ 1.415953, 6.247149 ], [ 1.407651, 6.250358000000119 ], [ 1.405356, 6.251345 ], [ 1.405161, 6.244394000000113 ], [ 1.402561000000105, 6.23274 ], [ 1.39822500000014, 6.214268 ], [ 1.397270000000162, 6.214389000000154 ], [ 1.397087000000114, 6.211441 ], [ 1.393252, 6.203275000000191 ], [ 1.390365994000035, 6.201723485000172 ], [ 1.386829000000149, 6.199822 ], [ 1.38491837700002, 6.19901838000004 ], [ 1.382704, 6.1980870000001 ], [ 1.382655000000113, 6.198067 ], [ 1.382654859000183, 6.19806627300005 ], [ 1.382336521000127, 6.196421315 ], [ 1.38140600000014, 6.191613000000189 ], [ 1.38134935000005, 6.191232406000154 ], [ 1.381335, 6.191136000000141 ], [ 1.381276, 6.190739000000178 ], [ 1.381243541000117, 6.190646888000172 ], [ 1.381239000000164, 6.190634 ], [ 1.381153000000154, 6.190387 ], [ 1.381162590999963, 6.190353576000063 ], [ 1.381186, 6.190272 ], [ 1.381165, 6.190092000000107 ], [ 1.381169, 6.189623 ], [ 1.381173447000151, 6.18908418 ], [ 1.381182, 6.188048 ], [ 1.38116, 6.187878 ], [ 1.38105800000011, 6.187802 ], [ 1.3809, 6.18768400000016 ], [ 1.380886884000176, 6.186797075000072 ], [ 1.380871, 6.18572300000011 ], [ 1.380884168000136, 6.185643427000172 ], [ 1.380941, 6.1853 ], [ 1.380945000000168, 6.185213 ], [ 1.38094538200005, 6.185204182000176 ], [ 1.380953685000122, 6.185012270000072 ], [ 1.380954, 6.185005 ], [ 1.380950690000135, 6.18499010300013 ], [ 1.380910000000142, 6.184807000000147 ], [ 1.380886, 6.184698 ], [ 1.380859090000172, 6.184406266000053 ], [ 1.380842, 6.184221 ], [ 1.380685, 6.183676 ], [ 1.380650547000073, 6.183470715000167 ], [ 1.380613, 6.183247 ], [ 1.380474000000106, 6.182426 ], [ 1.380435401, 6.182288547000039 ], [ 1.380171, 6.181347 ], [ 1.381623000000162, 6.177852 ], [ 1.382113000000174, 6.176675 ], [ 1.38491837700002, 6.175694850000125 ], [ 1.38689, 6.175006000000111 ], [ 1.389286, 6.174155 ], [ 1.392754, 6.17516 ], [ 1.396356, 6.176232000000141 ], [ 1.399143, 6.177046000000189 ], [ 1.404416, 6.177389000000118 ], [ 1.406474, 6.177904000000125 ], [ 1.407975, 6.178333 ], [ 1.414020000000164, 6.179276000000129 ], [ 1.430227000000173, 6.181848000000115 ], [ 1.432585, 6.182234 ], [ 1.433357000000171, 6.18232 ], [ 1.433484, 6.182313 ], [ 1.433627000000115, 6.182365 ], [ 1.456345, 6.186294 ], [ 1.468777, 6.188047 ], [ 1.500483, 6.198868 ], [ 1.533492, 6.20454 ], [ 1.542068, 6.204993 ], [ 1.558345, 6.212763 ], [ 1.587501, 6.216276000000106 ], [ 1.587449000000164, 6.216737 ], [ 1.587633, 6.216630000000121 ], [ 1.589564000000167, 6.216934 ], [ 1.60695, 6.21967000000012 ], [ 1.619419, 6.223301000000162 ], [ 1.627665, 6.225702 ], [ 1.629379, 6.242409 ], [ 1.648039000000153, 6.248396000000128 ], [ 1.648163000000125, 6.248436 ], [ 1.668195, 6.247608000000128 ], [ 1.680652000000123, 6.25432 ], [ 1.684120000000178, 6.253729 ], [ 1.689793, 6.252761 ], [ 1.694615, 6.256729 ], [ 1.709901, 6.256766 ], [ 1.736414000000138, 6.264567 ], [ 1.749225, 6.271279 ], [ 1.764159000000177, 6.271842000000106 ], [ 1.769071000000167, 6.27519400000017 ], [ 1.770285, 6.281878 ], [ 1.799984000000165, 6.280892 ], [ 1.80718000000013, 6.284425000000113 ], [ 1.807527, 6.286360000000172 ], [ 1.805496, 6.291015 ], [ 1.801451, 6.292412000000184 ], [ 1.795649000000139, 6.29363 ], [ 1.791378, 6.300133 ], [ 1.789654, 6.302759 ], [ 1.797903, 6.306822000000182 ], [ 1.798415, 6.313505000000135 ], [ 1.795056000000102, 6.322464000000138 ], [ 1.792405000000144, 6.328788 ], [ 1.786950000000161, 6.33194 ], [ 1.782715, 6.339139000000103 ], [ 1.784295, 6.339846 ], [ 1.787801, 6.343898 ], [ 1.789368, 6.349880000000154 ], [ 1.785118, 6.363936000000137 ], [ 1.781931, 6.37395 ], [ 1.779113, 6.376405000000149 ], [ 1.772425, 6.380258 ], [ 1.770816000000139, 6.391682000000116 ], [ 1.774325, 6.394152000000191 ], [ 1.769216, 6.399239 ], [ 1.769538, 6.411547 ], [ 1.775335, 6.412792 ], [ 1.775856, 6.415782 ], [ 1.77563, 6.417553000000169 ], [ 1.773126000000161, 6.417547 ], [ 1.767852, 6.418194 ] ] ] } },
{ "type": "Feature", "properties": { "Préfecture": "Moyen-Mono", "Code HDX": "TG0408", "Région": "Plateaux", "Zone": "Plateaux", "Surface (km²)": 626.15 }, "geometry": { "type": "Polygon", "coordinates": [ [ [ 1.635968, 7.323962 ], [ 1.635968, 7.345373 ], [ 1.635968, 7.391041000000143 ], [ 1.634919000000139, 7.400688 ], [ 1.625741000000119, 7.40066 ], [ 1.616521, 7.391399 ], [ 1.615263, 7.390622000000123 ], [ 1.602815, 7.385052 ], [ 1.600608, 7.379867 ], [ 1.588589000000127, 7.365292 ], [ 1.588095000000123, 7.363266000000124 ], [ 1.58456, 7.35748200000012 ], [ 1.582326000000136, 7.35301500000014 ], [ 1.580383, 7.349127000000181 ], [ 1.579740000000186, 7.341736 ], [ 1.575563000000102, 7.3365950000001 ], [ 1.57395600000018, 7.33241800000019 ], [ 1.571064, 7.329526 ], [ 1.566244000000154, 7.327276 ], [ 1.562388000000112, 7.326634000000183 ], [ 1.559496000000138, 7.320207 ], [ 1.558853, 7.315387 ], [ 1.554676, 7.312816000000113 ], [ 1.549856, 7.308960000000128 ], [ 1.540858, 7.302533 ], [ 1.536681000000159, 7.299641000000178 ], [ 1.529612, 7.300284 ], [ 1.524149, 7.303176 ], [ 1.516758000000152, 7.307353 ], [ 1.511938000000157, 7.304783 ], [ 1.507118000000105, 7.304461000000172 ], [ 1.506667000000107, 7.304281 ], [ 1.503905, 7.303176 ], [ 1.502496000000178, 7.301141 ], [ 1.501013, 7.298999000000152 ], [ 1.495871, 7.295785 ], [ 1.491694, 7.2945 ], [ 1.489123000000177, 7.290965000000142 ], [ 1.480769000000123, 7.290001000000134 ], [ 1.475627, 7.289037000000121 ], [ 1.474572, 7.28892 ], [ 1.472735000000114, 7.288716 ], [ 1.467435, 7.29553 ], [ 1.466891, 7.29623 ], [ 1.467669000000171, 7.283795 ], [ 1.45481500000011, 7.240013 ], [ 1.468070000000125, 7.222741000000156 ], [ 1.468070000000125, 7.214306 ], [ 1.478915, 7.201051000000177 ], [ 1.478915, 7.189805000000148 ], [ 1.45602, 7.194624 ], [ 1.44156, 7.185788000000118 ], [ 1.44156, 7.171729 ], [ 1.441158, 7.144416 ], [ 1.442068, 7.136455000000184 ], [ 1.442765000000179, 7.130357000000116 ], [ 1.461977000000104, 7.123551 ], [ 1.462045, 7.123529 ], [ 1.464455000000157, 7.106659 ], [ 1.470078000000171, 7.101839 ], [ 1.476907000000154, 7.101437 ], [ 1.484940000000108, 7.105454 ], [ 1.495384, 7.105052000000172 ], [ 1.521492, 7.086174000000143 ], [ 1.525910000000124, 7.081755000000101 ], [ 1.537559000000158, 7.077739000000179 ], [ 1.557408, 7.071387 ], [ 1.557642, 7.071312 ], [ 1.561257000000182, 7.071312 ], [ 1.562133000000188, 7.071604 ], [ 1.565999000000147, 7.06199 ], [ 1.566474, 7.06147 ], [ 1.554023, 7.044199 ], [ 1.550809, 7.043395 ], [ 1.534341000000154, 7.040584 ], [ 1.534743, 7.016082000000152 ], [ 1.536251000000107, 7.013065 ], [ 1.547811, 7.012576000000138 ], [ 1.549864, 7.011331000000155 ], [ 1.55815600000011, 6.998000000000104 ], [ 1.587361000000158, 6.997605 ], [ 1.587361000000158, 6.994793000000128 ], [ 1.590976000000126, 6.993990000000111 ], [ 1.598207000000116, 6.993990000000111 ], [ 1.607445000000155, 6.995597 ], [ 1.641587000000129, 6.99399000000011 ], [ 1.639772, 7.067289 ], [ 1.639399, 7.075919 ], [ 1.637760000000185, 7.12006 ], [ 1.637513000000183, 7.125461 ], [ 1.637574, 7.125537000000121 ], [ 1.637560000000178, 7.128065 ], [ 1.637173000000133, 7.197436 ], [ 1.637615, 7.205803 ], [ 1.636071, 7.205971000000147 ], [ 1.637574, 7.205871 ], [ 1.636771, 7.24684200000013 ], [ 1.636537, 7.247918 ], [ 1.636370000000113, 7.262507 ], [ 1.635968, 7.323962 ] ] ] } },
{ "type": "Feature", "properties": { "Préfecture": "Mô", "Code HDX": "TG0102", "Région": "Centrale", "Zone": "Centrale", "Surface (km²)": 1255.65 }, "geometry": { "type": "Polygon", "coordinates": [ [ [ 0.693199000000163, 9.010212 ], [ 0.696111, 9.012447 ], [ 0.691060000000107, 9.014805000000138 ], [ 0.685054, 9.012803 ], [ 0.683052, 9.007797 ], [ 0.68105, 9.004294000000185 ], [ 0.677546000000178, 9.000290000000179 ], [ 0.674543, 8.993783000000178 ], [ 0.670539, 8.987777000000106 ], [ 0.665040000000147, 8.982802 ], [ 0.660349000000167, 8.98257800000016 ], [ 0.655581, 8.983967000000179 ], [ 0.647975, 8.982499000000191 ], [ 0.642270000000167, 8.981516 ], [ 0.63755, 8.975334000000148 ], [ 0.63381, 8.964900000000114 ], [ 0.632020000000125, 8.947379000000124 ], [ 0.628241, 8.943096000000137 ], [ 0.623034000000189, 8.938804000000115 ], [ 0.618781000000184, 8.934045 ], [ 0.613584, 8.928333 ], [ 0.605992000000186, 8.924972000000135 ], [ 0.592702000000145, 8.919681 ], [ 0.587001, 8.918224000000123 ], [ 0.584165, 8.915366 ], [ 0.581335, 8.911562000000117 ], [ 0.578042, 8.905863000000179 ], [ 0.579043000000127, 8.898298 ], [ 0.586675, 8.895509 ], [ 0.590985, 8.891278000000113 ], [ 0.591961, 8.887498000000164 ], [ 0.592477, 8.88135 ], [ 0.59090300000014, 8.879447000000139 ], [ 0.588216, 8.878506 ], [ 0.582949000000156, 8.876663 ], [ 0.56943600000011, 8.878165000000138 ], [ 0.559926000000189, 8.878665000000128 ], [ 0.553419, 8.875162000000158 ], [ 0.54991600000011, 8.871158 ], [ 0.547435000000178, 8.86454300000014 ], [ 0.546915000000126, 8.864019 ], [ 0.544108, 8.856903 ], [ 0.539388000000145, 8.851194 ], [ 0.532753, 8.847364 ], [ 0.524682000000155, 8.844945 ], [ 0.511378, 8.842491 ], [ 0.503776, 8.841021 ], [ 0.50486, 8.842041000000107 ], [ 0.502367000000163, 8.841127 ], [ 0.498864, 8.82461 ], [ 0.497362000000124, 8.812598 ], [ 0.491356, 8.807092000000123 ], [ 0.483848, 8.803588000000103 ], [ 0.471335000000124, 8.796581000000174 ], [ 0.467832000000159, 8.796081000000182 ], [ 0.46583, 8.796081000000184 ], [ 0.455319, 8.808594 ], [ 0.451815, 8.809094 ], [ 0.44681, 8.806592 ], [ 0.441805000000159, 8.802587 ], [ 0.437301, 8.801586 ], [ 0.434798, 8.800085 ], [ 0.432296000000123, 8.798083 ], [ 0.43780100000015, 8.790575000000104 ], [ 0.435799, 8.786571 ], [ 0.436278, 8.785312 ], [ 0.434798, 8.784068000000104 ], [ 0.432296000000122, 8.783568000000116 ], [ 0.42679, 8.784068000000103 ], [ 0.423787, 8.789074 ], [ 0.418782, 8.794079000000124 ], [ 0.41327600000011, 8.795080000000153 ], [ 0.408271, 8.792077000000173 ], [ 0.404267, 8.792577000000163 ], [ 0.396258000000104, 8.793578 ], [ 0.391253, 8.791576000000132 ], [ 0.385748, 8.786571 ], [ 0.384246000000132, 8.779564000000105 ], [ 0.388250000000141, 8.771556 ], [ 0.393255000000181, 8.766551 ], [ 0.395258000000183, 8.763548000000128 ], [ 0.395758000000172, 8.760044000000107 ], [ 0.391253, 8.757541000000117 ], [ 0.386248, 8.757541000000119 ], [ 0.384747000000176, 8.752036 ], [ 0.381243000000154, 8.749533 ], [ 0.376739, 8.749033000000111 ], [ 0.378741000000105, 8.743527 ], [ 0.382244, 8.735519000000183 ], [ 0.387750000000153, 8.724508 ], [ 0.394257, 8.715999000000181 ], [ 0.406269000000123, 8.701484 ], [ 0.422786, 8.677960000000152 ], [ 0.427791, 8.671453 ], [ 0.434298, 8.662945 ], [ 0.43780100000015, 8.653435 ], [ 0.449813000000178, 8.632914 ], [ 0.456236000000104, 8.622405000000185 ], [ 0.46633, 8.605886000000112 ], [ 0.468332000000147, 8.603384 ], [ 0.472837, 8.597878000000151 ], [ 0.476340000000164, 8.597878000000147 ], [ 0.484349, 8.59937900000017 ], [ 0.491356, 8.597878000000149 ], [ 0.49586, 8.594374000000128 ], [ 0.497362000000123, 8.591371000000152 ], [ 0.500865, 8.582863 ], [ 0.503368, 8.578858 ], [ 0.509374, 8.575855000000102 ], [ 0.513378000000102, 8.569349 ], [ 0.518884, 8.567847000000141 ], [ 0.52789300000012, 8.573853 ], [ 0.532898000000159, 8.573853 ], [ 0.535901, 8.568348000000185 ], [ 0.537403, 8.564344000000176 ], [ 0.536903, 8.559338 ], [ 0.540906000000177, 8.557336000000134 ], [ 0.548915, 8.554834 ], [ 0.558424000000116, 8.550329 ], [ 0.578445, 8.526805000000138 ], [ 0.585452000000146, 8.5218 ], [ 0.600467, 8.517796 ], [ 0.614982000000111, 8.513291 ], [ 0.617284000000154, 8.513536 ], [ 0.630498000000102, 8.524303 ], [ 0.642055000000141, 8.528414 ], [ 0.682551, 8.542822 ], [ 0.71574, 8.571727000000179 ], [ 0.744615000000124, 8.596877 ], [ 0.788113000000124, 8.638807000000158 ], [ 0.777148, 8.651433000000166 ], [ 0.764635000000169, 8.65844 ], [ 0.760131000000173, 8.666949 ], [ 0.75562600000012, 8.675457000000165 ], [ 0.74912, 8.681964000000164 ], [ 0.735606, 8.691474 ], [ 0.72059, 8.702986000000122 ], [ 0.707069, 8.707814 ], [ 0.705971, 8.726115000000165 ], [ 0.705030000000136, 8.730049 ], [ 0.705575, 8.73201500000016 ], [ 0.703072000000134, 8.76104500000014 ], [ 0.70057, 8.792077000000177 ], [ 0.700507000000188, 8.794320000000141 ], [ 0.699569000000167, 8.827613 ], [ 0.698067, 8.83412 ], [ 0.710080000000175, 8.849636 ], [ 0.738609, 8.859145 ], [ 0.742112, 8.860647 ], [ 0.740704, 8.87004 ], [ 0.717837, 8.892429000000103 ], [ 0.712832000000105, 8.906944000000124 ], [ 0.712832000000105, 8.946485 ], [ 0.707827, 8.978517 ], [ 0.693199000000163, 9.010212 ] ] ] } },
{ "type": "Feature", "properties": { "Préfecture": "Ogou", "Code HDX": "TG0409", "Région": "Plateaux", "Zone": "Plateaux", "Surface (km²)": 1944.1 }, "geometry": { "type": "Polygon", "coordinates": [ [ [ 1.181605, 7.7199480000001 ], [ 1.178713000000187, 7.725411000000181 ], [ 1.177749000000176, 7.729910000000132 ], [ 1.1755, 7.73633600000011 ], [ 1.166181000000107, 7.738907 ], [ 1.159112, 7.734730000000126 ], [ 1.157827000000111, 7.72894600000012 ], [ 1.153007, 7.722197000000168 ], [ 1.149472000000173, 7.719627000000172 ], [ 1.144973, 7.712557000000115 ], [ 1.141117, 7.710951000000134 ], [ 1.132762000000128, 7.710951000000135 ], [ 1.116696, 7.710951000000136 ], [ 1.11662200000012, 7.712278000000139 ], [ 1.116374, 7.709183 ], [ 1.117338, 7.705006000000139 ], [ 1.117499, 7.704492 ], [ 1.120399, 7.701128 ], [ 1.122045000000128, 7.697014 ], [ 1.123251, 7.691786 ], [ 1.125693000000183, 7.687654 ], [ 1.131798000000117, 7.677693 ], [ 1.135655, 7.669659 ], [ 1.138945, 7.658759 ], [ 1.140385, 7.65399 ], [ 1.140796000000136, 7.652628000000105 ], [ 1.146580000000142, 7.636883000000124 ], [ 1.149472000000174, 7.627564 ], [ 1.149793000000102, 7.622102 ], [ 1.149472000000173, 7.616960000000174 ], [ 1.1514, 7.606999 ], [ 1.154393, 7.597722 ], [ 1.154613, 7.597037 ], [ 1.153921, 7.595215 ], [ 1.152687, 7.584933 ], [ 1.150631000000147, 7.579791 ], [ 1.145695000000103, 7.573827 ], [ 1.143021, 7.567658000000106 ], [ 1.142405, 7.564779000000157 ], [ 1.143227, 7.559637000000126 ], [ 1.143638, 7.55429 ], [ 1.142652, 7.551824 ], [ 1.142405, 7.551205 ], [ 1.138908, 7.550177 ], [ 1.131299, 7.547503000000118 ], [ 1.12698, 7.54339 ], [ 1.123278, 7.537632 ], [ 1.119988, 7.534136000000103 ], [ 1.119165, 7.530434 ], [ 1.118964000000119, 7.527677 ], [ 1.118679000000157, 7.527637 ], [ 1.118754, 7.526732 ], [ 1.115669, 7.520357000000105 ], [ 1.112173, 7.517067 ], [ 1.107999, 7.509578000000148 ], [ 1.107738000000154, 7.50911 ], [ 1.109626, 7.500701 ], [ 1.113996, 7.491704 ], [ 1.115796, 7.486562 ], [ 1.116567, 7.482706 ], [ 1.117927000000122, 7.48002 ], [ 1.118925000000104, 7.478049 ], [ 1.122019000000137, 7.479424000000107 ], [ 1.125634000000106, 7.480629000000135 ], [ 1.134471000000134, 7.480227 ], [ 1.144111000000124, 7.464964 ], [ 1.144516, 7.461921000000133 ], [ 1.144914000000142, 7.458939000000156 ], [ 1.143709000000115, 7.451709 ], [ 1.144512000000134, 7.441667000000167 ], [ 1.142103, 7.43684700000011 ], [ 1.138942, 7.428631000000166 ], [ 1.142662, 7.398871 ], [ 1.142662, 7.383809 ], [ 1.14078, 7.372512 ], [ 1.141407, 7.372442000000149 ], [ 1.141407, 7.364980000000173 ], [ 1.135131, 7.359959 ], [ 1.13011, 7.359332 ], [ 1.125089000000116, 7.359959 ], [ 1.118813, 7.359332 ], [ 1.116999, 7.355339 ], [ 1.115675000000124, 7.352428 ], [ 1.11191, 7.347407000000149 ], [ 1.110027000000172, 7.339248 ], [ 1.102496, 7.336110000000134 ], [ 1.08806, 7.329207 ], [ 1.080529, 7.326069000000129 ], [ 1.078646, 7.31916500000017 ], [ 1.080529, 7.304102000000171 ], [ 1.079519000000118, 7.289454 ], [ 1.079274000000112, 7.285902 ], [ 1.076764, 7.278998000000114 ], [ 1.067977, 7.280881000000137 ], [ 1.061701, 7.280881000000137 ], [ 1.056957000000125, 7.27673 ], [ 1.05668, 7.276487 ], [ 1.057935, 7.271467000000142 ], [ 1.058563000000106, 7.260797 ], [ 1.065467, 7.253266 ], [ 1.06735, 7.234438 ], [ 1.061073000000134, 7.222513000000106 ], [ 1.059191, 7.21561 ], [ 1.054797000000121, 7.21121600000015 ], [ 1.054405, 7.211216000000151 ], [ 1.054137, 7.210305 ], [ 1.045702, 7.20187 ], [ 1.040480000000173, 7.194239 ], [ 1.038974, 7.192983 ], [ 1.040362000000187, 7.192388000000165 ], [ 1.045383000000129, 7.192388000000165 ], [ 1.049777, 7.192388000000165 ], [ 1.061073000000135, 7.190505000000142 ], [ 1.061495, 7.189569000000176 ], [ 1.064606, 7.19164300000017 ], [ 1.074182000000121, 7.192476000000169 ], [ 1.0804270000001, 7.192892000000142 ], [ 1.090002, 7.192059000000143 ], [ 1.097913, 7.194141 ], [ 1.102845000000116, 7.199347 ], [ 1.108203, 7.21398 ], [ 1.112068000000136, 7.224533000000121 ], [ 1.116776001000176, 7.229576999000073 ], [ 1.11789700000014, 7.230778000000103 ], [ 1.12414200000012, 7.233693 ], [ 1.139546000000109, 7.235358000000134 ], [ 1.159530000000132, 7.239105 ], [ 1.170771000000115, 7.239938 ], [ 1.171995000000153, 7.23945900000018 ], [ 1.190988000000118, 7.23945900000018 ], [ 1.198520000000143, 7.236948 ], [ 1.210444000000166, 7.2313 ], [ 1.21421, 7.227534000000104 ], [ 1.220486, 7.222513000000108 ], [ 1.229273, 7.219375000000184 ], [ 1.233038, 7.218748000000175 ], [ 1.244335000000149, 7.221886 ], [ 1.25626, 7.226906000000157 ], [ 1.274460000000147, 7.235065 ], [ 1.275561, 7.234565 ], [ 1.279017, 7.235774000000104 ], [ 1.294421, 7.236191000000129 ], [ 1.305246, 7.237440000000104 ], [ 1.327312, 7.242436000000112 ], [ 1.350626000000148, 7.244101 ], [ 1.357288000000153, 7.242436000000112 ], [ 1.36728, 7.241187000000139 ], [ 1.376439, 7.237023 ], [ 1.393092, 7.229113000000154 ], [ 1.396875, 7.226906000000158 ], [ 1.398099, 7.226906000000157 ], [ 1.410024000000135, 7.23945900000018 ], [ 1.411279, 7.245735 ], [ 1.409396000000187, 7.252011 ], [ 1.413789, 7.261425 ], [ 1.413931000000105, 7.262559000000124 ], [ 1.414509000000124, 7.262656000000163 ], [ 1.41708, 7.268825 ], [ 1.421450000000107, 7.275509000000111 ], [ 1.424252000000138, 7.278311000000143 ], [ 1.424278000000186, 7.278337000000135 ], [ 1.445872, 7.29119 ], [ 1.45127, 7.292476 ], [ 1.464638, 7.29556 ], [ 1.466448, 7.296799 ], [ 1.466891, 7.29623 ], [ 1.467435, 7.29553 ], [ 1.472735000000114, 7.288716 ], [ 1.474572, 7.28892 ], [ 1.475627, 7.289037000000121 ], [ 1.480769000000123, 7.290001000000134 ], [ 1.489123000000177, 7.290965000000142 ], [ 1.491694, 7.2945 ], [ 1.495871, 7.295785 ], [ 1.501013, 7.298999000000152 ], [ 1.502496000000178, 7.301141 ], [ 1.503905, 7.303176 ], [ 1.506667000000107, 7.304281 ], [ 1.507118000000105, 7.304461000000172 ], [ 1.511938000000157, 7.304783 ], [ 1.516758000000152, 7.307353 ], [ 1.524149, 7.303176 ], [ 1.529612, 7.300284 ], [ 1.536681000000159, 7.299641000000178 ], [ 1.540858, 7.302533 ], [ 1.549856, 7.308960000000128 ], [ 1.554676, 7.312816000000113 ], [ 1.558853, 7.315387 ], [ 1.559496000000138, 7.320207 ], [ 1.562388000000112, 7.326634000000183 ], [ 1.566244000000154, 7.327276 ], [ 1.571064, 7.329526 ], [ 1.57395600000018, 7.33241800000019 ], [ 1.575563000000102, 7.3365950000001 ], [ 1.579740000000186, 7.341736 ], [ 1.580383, 7.349127000000181 ], [ 1.582326000000136, 7.35301500000014 ], [ 1.58456, 7.35748200000012 ], [ 1.588095000000123, 7.363266000000124 ], [ 1.588589000000127, 7.365292 ], [ 1.600608, 7.379867 ], [ 1.602815, 7.385052 ], [ 1.615263, 7.390622000000123 ], [ 1.616521, 7.391399 ], [ 1.625741000000119, 7.40066 ], [ 1.634919000000139, 7.400688 ], [ 1.635652, 7.416608000000107 ], [ 1.642079000000138, 7.46834200000012 ], [ 1.644007000000159, 7.485695 ], [ 1.648184, 7.492443 ], [ 1.654290000000117, 7.494371000000113 ], [ 1.675498000000175, 7.494371000000116 ], [ 1.677426, 7.497584 ], [ 1.677105, 7.501119000000129 ], [ 1.675498000000175, 7.506581000000155 ], [ 1.67035600000014, 7.513008 ], [ 1.669071, 7.515579000000171 ], [ 1.668750000000159, 7.518149 ], [ 1.660074000000122, 7.52072 ], [ 1.659254000000147, 7.521287000000141 ], [ 1.659431, 7.520881 ], [ 1.654611, 7.512205000000106 ], [ 1.640472, 7.507706000000155 ], [ 1.629226000000187, 7.506421 ], [ 1.618943, 7.505778 ], [ 1.610588000000121, 7.508349 ], [ 1.604804000000115, 7.509955000000107 ], [ 1.603840000000105, 7.514454000000173 ], [ 1.606411, 7.518953000000123 ], [ 1.603197, 7.52538 ], [ 1.596128, 7.533413000000165 ], [ 1.587131000000113, 7.540482000000112 ], [ 1.577812, 7.540482000000111 ], [ 1.56785, 7.544338 ], [ 1.554997, 7.547230000000123 ], [ 1.544393000000184, 7.54755200000011 ], [ 1.53636, 7.545945000000187 ], [ 1.533789000000127, 7.544017 ], [ 1.531218, 7.536948 ], [ 1.533146, 7.527308 ], [ 1.53154, 7.521845 ], [ 1.528969000000131, 7.516382 ], [ 1.521578, 7.511241 ], [ 1.513866000000178, 7.508991 ], [ 1.50037, 7.509955000000104 ], [ 1.49073, 7.508831000000159 ], [ 1.480769000000123, 7.504653000000133 ], [ 1.472093, 7.503047000000149 ], [ 1.461167, 7.501119000000129 ], [ 1.454419, 7.497905000000118 ], [ 1.450885, 7.496299000000135 ], [ 1.449751000000163, 7.492708 ], [ 1.448956000000123, 7.490193 ], [ 1.451848, 7.486337000000105 ], [ 1.448956000000123, 7.476055 ], [ 1.449033, 7.474828000000116 ], [ 1.449278000000106, 7.470913 ], [ 1.449921000000189, 7.459666 ], [ 1.446707, 7.451633000000129 ], [ 1.445743, 7.441672 ], [ 1.444136, 7.430746000000171 ], [ 1.442851000000189, 7.426890000000127 ], [ 1.441245, 7.423034000000142 ], [ 1.434175000000153, 7.427854 ], [ 1.432247000000132, 7.432353 ], [ 1.431604, 7.434924 ], [ 1.42325, 7.444564 ], [ 1.417465000000107, 7.452276 ], [ 1.411360000000172, 7.457738 ], [ 1.405576000000167, 7.46545 ], [ 1.405255, 7.470592000000125 ], [ 1.403327, 7.480232000000172 ], [ 1.393687, 7.484409 ], [ 1.385332, 7.486016000000175 ], [ 1.378905000000145, 7.492764 ], [ 1.376656, 7.497263000000147 ], [ 1.376656, 7.501119000000131 ], [ 1.381476, 7.505617000000144 ], [ 1.383726, 7.506581000000153 ], [ 1.385975, 7.509473000000185 ], [ 1.38308300000017, 7.517507 ], [ 1.379869000000156, 7.521363 ], [ 1.376977000000124, 7.522969 ], [ 1.366052, 7.522327 ], [ 1.360911000000102, 7.523291 ], [ 1.352556000000163, 7.527468000000114 ], [ 1.343880000000127, 7.528754000000163 ], [ 1.340345000000184, 7.530682000000126 ], [ 1.337453, 7.533895 ], [ 1.337353, 7.53439600000013 ], [ 1.338096, 7.54144600000012 ], [ 1.345486000000108, 7.543374 ], [ 1.349021, 7.545302000000104 ], [ 1.350949, 7.550122000000102 ], [ 1.351270000000113, 7.553978000000142 ], [ 1.348379, 7.559441 ], [ 1.343880000000127, 7.558798 ], [ 1.338096, 7.556549 ], [ 1.332312, 7.557192000000155 ], [ 1.32717, 7.559120000000179 ], [ 1.323636, 7.562654000000178 ], [ 1.318816, 7.566189 ], [ 1.312068000000181, 7.56876 ], [ 1.306926, 7.571009000000114 ], [ 1.305962, 7.576151 ], [ 1.307247, 7.582899000000169 ], [ 1.310782000000188, 7.585791000000143 ], [ 1.316566, 7.590932 ], [ 1.319137000000126, 7.594145 ], [ 1.313996, 7.600893 ], [ 1.306926, 7.603464000000144 ], [ 1.303070000000162, 7.599608000000102 ], [ 1.29825000000011, 7.597037 ], [ 1.291823, 7.600572000000112 ], [ 1.287003, 7.602500000000133 ], [ 1.284433, 7.608605 ], [ 1.284111000000166, 7.61214000000018 ], [ 1.288610000000119, 7.615032000000156 ], [ 1.293751, 7.617924000000187 ], [ 1.295680000000118, 7.623066 ], [ 1.297929, 7.63013500000011 ], [ 1.299857, 7.638168 ], [ 1.294394000000125, 7.644274000000108 ], [ 1.294394000000125, 7.649736000000132 ], [ 1.294552, 7.649903 ], [ 1.290529, 7.657948 ], [ 1.290077000000167, 7.659274 ], [ 1.289895, 7.659216 ], [ 1.28604, 7.665 ], [ 1.278327000000161, 7.671748 ], [ 1.262903000000108, 7.679781 ], [ 1.257762000000183, 7.681067 ], [ 1.241052000000138, 7.681388000000141 ], [ 1.22852, 7.682031 ], [ 1.215346, 7.681388000000141 ], [ 1.211143000000107, 7.68026 ], [ 1.202171, 7.677853 ], [ 1.193174000000114, 7.677211 ], [ 1.184497, 7.679139 ], [ 1.175821000000155, 7.682673 ], [ 1.174215000000175, 7.687172000000146 ], [ 1.172929000000181, 7.692313 ], [ 1.175179000000185, 7.700347 ], [ 1.180320000000109, 7.70613100000014 ], [ 1.181605, 7.7199480000001 ] ] ] } },
{ "type": "Feature", "properties": { "Préfecture": "Oti", "Code HDX": "TG0514", "Région": "Savanes", "Zone": "Savanes", "Surface (km²)": 1543.68 }, "geometry": { "type": "Polygon", "coordinates": [ [ [ 0.346775, 10.685258 ], [ 0.345752000000118, 10.686127000000111 ], [ 0.342165, 10.683288 ], [ 0.342318, 10.682773 ], [ 0.339089, 10.681232000000135 ], [ 0.323462, 10.674286 ], [ 0.318505, 10.672352000000105 ], [ 0.306707000000189, 10.672726000000125 ], [ 0.304156000000149, 10.669325 ], [ 0.303837, 10.667089 ], [ 0.301999, 10.663719 ], [ 0.302355, 10.662805000000102 ], [ 0.302523, 10.662375 ], [ 0.307496, 10.662417000000175 ], [ 0.309926, 10.661784000000184 ], [ 0.311151000000166, 10.660804 ], [ 0.314841000000115, 10.658898000000134 ], [ 0.319497, 10.658454000000175 ], [ 0.319752, 10.65724500000016 ], [ 0.319786, 10.653370000000168 ], [ 0.32005, 10.651192 ], [ 0.320559, 10.649017 ], [ 0.321512, 10.648305000000104 ], [ 0.323763, 10.646622000000148 ], [ 0.328440000000172, 10.643756000000167 ], [ 0.329922, 10.64231500000011 ], [ 0.331997000000115, 10.641553000000105 ], [ 0.331786, 10.641054 ], [ 0.335642000000122, 10.637681 ], [ 0.335299000000134, 10.633136 ], [ 0.335305000000118, 10.633105000000114 ], [ 0.335317, 10.633055 ], [ 0.332121, 10.633055 ], [ 0.325389000000143, 10.629016 ], [ 0.319443, 10.621499000000142 ], [ 0.316638000000125, 10.610056000000156 ], [ 0.311365000000138, 10.596592000000101 ], [ 0.301155000000165, 10.586271000000179 ], [ 0.301132, 10.586144000000163 ], [ 0.300216, 10.585621 ], [ 0.299751000000186, 10.585905 ], [ 0.28896200000014, 10.588383000000135 ], [ 0.277521, 10.591012 ], [ 0.275657, 10.591609 ], [ 0.266545, 10.58863600000012 ], [ 0.258909, 10.587056000000134 ], [ 0.255437, 10.588108000000146 ], [ 0.253459000000134, 10.587018000000169 ], [ 0.249245, 10.58773900000017 ], [ 0.245018000000186, 10.589972000000158 ], [ 0.242703000000119, 10.592222000000165 ], [ 0.239653, 10.591060000000141 ], [ 0.236624, 10.587628 ], [ 0.22108, 10.572354000000134 ], [ 0.21578, 10.566253000000188 ], [ 0.214433, 10.565597 ], [ 0.208464000000106, 10.562687 ], [ 0.205499000000145, 10.561243 ], [ 0.201706000000172, 10.557803 ], [ 0.193188, 10.5524 ], [ 0.190498, 10.552133 ], [ 0.187339000000179, 10.549684 ], [ 0.188099, 10.546784000000114 ], [ 0.192758, 10.545857000000124 ], [ 0.20033800000016, 10.546651000000107 ], [ 0.205469000000107, 10.547665000000165 ], [ 0.215234, 10.550415000000154 ], [ 0.218433, 10.548506 ], [ 0.222629, 10.544667 ], [ 0.223164000000169, 10.539586000000154 ], [ 0.22269400000016, 10.5374020000001 ], [ 0.219047, 10.53470600000014 ], [ 0.214438, 10.530064 ], [ 0.21056, 10.525913 ], [ 0.208141, 10.522743000000107 ], [ 0.207177, 10.521039000000146 ], [ 0.207440000000134, 10.519104 ], [ 0.20870900000017, 10.514029000000106 ], [ 0.2036, 10.510593 ], [ 0.197987000000126, 10.508849000000168 ], [ 0.195062, 10.507612000000108 ], [ 0.191879000000142, 10.507826 ], [ 0.191664000000117, 10.504433000000176 ], [ 0.193150000000117, 10.502509000000146 ], [ 0.198531, 10.502799000000152 ], [ 0.203161000000136, 10.505019000000173 ], [ 0.205348, 10.506734000000165 ], [ 0.209237000000144, 10.509674 ], [ 0.211656000000119, 10.512844000000143 ], [ 0.215338, 10.511666 ], [ 0.215377000000103, 10.507306 ], [ 0.213705000000175, 10.50269 ], [ 0.213961, 10.501482 ], [ 0.216678000000115, 10.498599000000128 ], [ 0.217945000000157, 10.493766000000107 ], [ 0.218963, 10.489416 ], [ 0.219738000000177, 10.484821000000183 ], [ 0.21979, 10.479009000000133 ], [ 0.218649000000141, 10.469796 ], [ 0.217497, 10.461793000000169 ], [ 0.21657, 10.455973 ], [ 0.21587, 10.452091000000165 ], [ 0.216446000000133, 10.442409 ], [ 0.217011000000127, 10.433937000000185 ], [ 0.21717000000018, 10.429195 ], [ 0.216077000000155, 10.428843 ], [ 0.210961000000168, 10.426376 ], [ 0.207051, 10.425858000000119 ], [ 0.20190700000012, 10.42654 ], [ 0.191757000000166, 10.427496000000131 ], [ 0.185242, 10.425184000000174 ], [ 0.183349, 10.420453 ], [ 0.183349, 10.412761 ], [ 0.183349, 10.412568 ], [ 0.189027, 10.399635000000101 ], [ 0.192812, 10.396797000000104 ], [ 0.195966, 10.399005 ], [ 0.19912, 10.398374 ], [ 0.203852, 10.398374 ], [ 0.205113000000154, 10.402474000000154 ], [ 0.202590000000101, 10.411621 ], [ 0.208583, 10.413514 ], [ 0.210475, 10.414776000000186 ], [ 0.213314000000138, 10.417299 ], [ 0.217415000000186, 10.417299 ], [ 0.218348000000106, 10.417299 ], [ 0.227568, 10.410207000000129 ], [ 0.2297200000001, 10.40913 ], [ 0.235102, 10.406978000000148 ], [ 0.24156, 10.40626 ], [ 0.249094000000127, 10.405901 ], [ 0.259858, 10.40518400000019 ], [ 0.265239000000121, 10.408413 ], [ 0.266316, 10.410207000000126 ], [ 0.269545000000107, 10.415229000000181 ], [ 0.273132, 10.416665000000137 ], [ 0.281743, 10.415588 ], [ 0.286766000000115, 10.407695000000103 ], [ 0.2943, 10.402672 ], [ 0.29896500000018, 10.391550000000107 ], [ 0.292148000000111, 10.383298 ], [ 0.289139, 10.378183 ], [ 0.288381000000186, 10.377737000000137 ], [ 0.289457, 10.372356 ], [ 0.30022, 10.367691 ], [ 0.304884000000186, 10.364104000000113 ], [ 0.306319, 10.363386 ], [ 0.310983000000136, 10.353699 ], [ 0.312419, 10.340066 ], [ 0.314571000000171, 10.333608 ], [ 0.317083, 10.332531 ], [ 0.322465, 10.335043 ], [ 0.32533500000011, 10.335043 ], [ 0.332151, 10.328944 ], [ 0.332510000000127, 10.323921000000153 ], [ 0.331434000000115, 10.318898 ], [ 0.320312, 10.312799 ], [ 0.3178, 10.309569000000179 ], [ 0.317442, 10.308852000000174 ], [ 0.318877000000101, 10.305264000000136 ], [ 0.32748700000019, 10.305264000000136 ], [ 0.332151, 10.305264000000134 ], [ 0.336098000000163, 10.305623 ], [ 0.339327, 10.305623 ], [ 0.342197000000169, 10.305264000000138 ], [ 0.343991, 10.305264000000138 ], [ 0.351167, 10.307058 ], [ 0.353319, 10.307417000000102 ], [ 0.356548, 10.3074170000001 ], [ 0.36193, 10.306699 ], [ 0.365877000000125, 10.306341 ], [ 0.36982300000011, 10.307417 ], [ 0.378075, 10.308493000000112 ], [ 0.38238, 10.308493000000112 ], [ 0.384533, 10.308493000000112 ], [ 0.392067000000111, 10.304905 ], [ 0.393144, 10.301318000000151 ], [ 0.379869000000156, 10.291272 ], [ 0.376640000000179, 10.287684 ], [ 0.371976, 10.282661 ], [ 0.36982300000011, 10.280150000000162 ], [ 0.374129, 10.273333 ], [ 0.37894, 10.271958 ], [ 0.379151, 10.271898 ], [ 0.373411000000146, 10.263646000000108 ], [ 0.36193, 10.257906000000162 ], [ 0.359419000000116, 10.253241 ], [ 0.358701, 10.242837000000179 ], [ 0.35906, 10.237096000000179 ], [ 0.35906, 10.225974 ], [ 0.358500000000106, 10.222897 ], [ 0.358155000000124, 10.222754000000123 ], [ 0.358155000000124, 10.216668000000141 ], [ 0.353991, 10.20705800000013 ], [ 0.352389000000188, 10.197448 ], [ 0.351108, 10.194245 ], [ 0.348865000000104, 10.184315 ], [ 0.350147000000163, 10.169259 ], [ 0.348865000000103, 10.160931 ], [ 0.357835000000135, 10.139148 ], [ 0.356553000000133, 10.135625 ], [ 0.356873000000121, 10.126335000000154 ], [ 0.356914000000131, 10.125488 ], [ 0.357191000000171, 10.126294000000142 ], [ 0.357087, 10.12462 ], [ 0.361392, 10.127131000000134 ], [ 0.367132, 10.131436000000177 ], [ 0.374666000000105, 10.136459000000114 ], [ 0.383995000000141, 10.128925 ], [ 0.386506, 10.131795 ], [ 0.386148000000105, 10.135383 ], [ 0.387941000000126, 10.140765 ], [ 0.399422, 10.149375000000131 ], [ 0.403010000000107, 10.152604000000109 ], [ 0.409827000000178, 10.15403900000018 ], [ 0.420949, 10.154398 ], [ 0.428125, 10.157627 ], [ 0.432788000000188, 10.15978 ], [ 0.435668, 10.161220000000185 ], [ 0.424536, 10.16874900000016 ], [ 0.421667000000183, 10.173413 ], [ 0.415209000000176, 10.17449000000016 ], [ 0.410544000000186, 10.175207000000167 ], [ 0.408033, 10.176642 ], [ 0.406957, 10.179154 ], [ 0.406957, 10.1831 ], [ 0.406957, 10.185193 ], [ 0.408212000000105, 10.184356 ], [ 0.410006, 10.189738 ], [ 0.413235, 10.191532000000166 ], [ 0.418617, 10.191891 ], [ 0.423999, 10.185432000000105 ], [ 0.429021, 10.187226 ], [ 0.437273000000175, 10.193684 ], [ 0.443372000000124, 10.198707000000127 ], [ 0.453418, 10.204807 ], [ 0.461311, 10.205524 ], [ 0.473151, 10.198348000000124 ], [ 0.478891, 10.20086000000015 ], [ 0.481403, 10.20444800000018 ], [ 0.481044000000169, 10.208753 ], [ 0.485708, 10.213417000000108 ], [ 0.493242000000123, 10.213417000000105 ], [ 0.493349, 10.213473000000135 ], [ 0.5022120000001, 10.218081 ], [ 0.504724000000124, 10.22238700000014 ], [ 0.50293, 10.229921000000159 ], [ 0.504006, 10.23315 ], [ 0.5058, 10.235661000000109 ], [ 0.519792, 10.254677000000184 ], [ 0.520390000000135, 10.256338 ], [ 0.523021, 10.263646000000108 ], [ 0.528044, 10.273333 ], [ 0.534143000000142, 10.2851730000001 ], [ 0.549212000000125, 10.295936000000152 ], [ 0.560334, 10.304188 ], [ 0.569662, 10.311363 ], [ 0.578632, 10.322485 ], [ 0.588677000000189, 10.332531 ], [ 0.590710000000173, 10.335708 ], [ 0.583655000000135, 10.337913 ], [ 0.578273, 10.340424000000153 ], [ 0.57325, 10.342218 ], [ 0.569303000000161, 10.345089000000144 ], [ 0.567509, 10.346165000000152 ], [ 0.56535700000012, 10.356211 ], [ 0.562487, 10.365898 ], [ 0.560334, 10.374867000000167 ], [ 0.558181, 10.384195000000148 ], [ 0.552800000000162, 10.387066000000171 ], [ 0.540242, 10.396035 ], [ 0.532349, 10.404646 ], [ 0.52625, 10.411462 ], [ 0.520151, 10.418279 ], [ 0.51154, 10.428325 ], [ 0.514769000000115, 10.434424000000151 ], [ 0.519792, 10.435500000000161 ], [ 0.525891, 10.438729 ], [ 0.529838, 10.44195800000017 ], [ 0.530914000000109, 10.445905 ], [ 0.532708, 10.455592 ], [ 0.528044, 10.459897000000128 ], [ 0.523739000000149, 10.460256000000186 ], [ 0.518357000000151, 10.459897000000126 ], [ 0.513334, 10.462768 ], [ 0.512891000000138, 10.462999 ], [ 0.515307, 10.469764000000113 ], [ 0.51459, 10.477657 ], [ 0.519254000000103, 10.481603 ], [ 0.525712000000113, 10.479809000000104 ], [ 0.528941000000145, 10.483397000000139 ], [ 0.530017000000157, 10.501336 ], [ 0.53252900000018, 10.506 ], [ 0.539346, 10.507435 ], [ 0.554055, 10.499542000000133 ], [ 0.563025, 10.498466000000121 ], [ 0.569841, 10.503848000000119 ], [ 0.568048, 10.506359 ], [ 0.561948, 10.5077940000001 ], [ 0.560514000000182, 10.51138200000014 ], [ 0.562666, 10.524657 ], [ 0.563383, 10.542237000000112 ], [ 0.564460000000167, 10.551206 ], [ 0.567330000000141, 10.559817 ], [ 0.572712000000139, 10.568428 ], [ 0.586345000000108, 10.576321 ], [ 0.58867700000019, 10.575782 ], [ 0.591548, 10.566454 ], [ 0.595135, 10.565019 ], [ 0.605181, 10.564302 ], [ 0.606258, 10.564302 ], [ 0.615227000000119, 10.559279000000117 ], [ 0.624534, 10.559530000000109 ], [ 0.628502, 10.559637 ], [ 0.641418, 10.55282100000011 ], [ 0.64644, 10.553179 ], [ 0.65325700000011, 10.554615 ], [ 0.661868, 10.553897000000116 ], [ 0.666891, 10.551744000000152 ], [ 0.670837000000176, 10.552821000000106 ], [ 0.675501, 10.554615 ], [ 0.679448000000151, 10.558202000000167 ], [ 0.680883, 10.566095 ], [ 0.67944800000015, 10.575782 ], [ 0.669043, 10.590492 ], [ 0.666891, 10.595874 ], [ 0.666174000000184, 10.606637 ], [ 0.674373000000173, 10.614427000000147 ], [ 0.667152000000101, 10.613625 ], [ 0.654737000000126, 10.613322 ], [ 0.645652, 10.612413000000119 ], [ 0.638081000000114, 10.610899 ], [ 0.624455000000182, 10.607871 ], [ 0.619307, 10.612413000000119 ], [ 0.614764, 10.612111 ], [ 0.610827, 10.614230000000191 ], [ 0.605679, 10.616047 ], [ 0.592052, 10.616047 ], [ 0.583876000000145, 10.61392700000016 ], [ 0.579939, 10.613625 ], [ 0.570552, 10.621498 ], [ 0.556017, 10.619984 ], [ 0.554503, 10.623921000000166 ], [ 0.553897000000177, 10.628766 ], [ 0.555714, 10.631188000000122 ], [ 0.550566, 10.63028 ], [ 0.550263, 10.629068 ], [ 0.548036, 10.629347 ], [ 0.548709, 10.634909 ], [ 0.549284, 10.643807 ], [ 0.551867, 10.650121000000127 ], [ 0.553876, 10.6587320000001 ], [ 0.553302000000144, 10.663037000000145 ], [ 0.556186, 10.668140000000109 ], [ 0.545115, 10.673281 ], [ 0.539204, 10.676728000000137 ], [ 0.53865000000019, 10.677052000000115 ], [ 0.538487, 10.676738 ], [ 0.529805, 10.660064000000148 ], [ 0.524069, 10.647505 ], [ 0.522053, 10.640528 ], [ 0.520503, 10.640993000000151 ], [ 0.511190000000114, 10.635285 ], [ 0.507046, 10.635130000000174 ], [ 0.505458, 10.635130000000173 ], [ 0.502521000000115, 10.635051 ], [ 0.500775, 10.634812000000124 ], [ 0.498631000000104, 10.633939 ], [ 0.497365000000174, 10.633355 ], [ 0.496626000000163, 10.633396 ], [ 0.490114000000119, 10.63231 ], [ 0.486238, 10.632776 ], [ 0.48189600000012, 10.634636000000171 ], [ 0.477245, 10.635101 ], [ 0.471353, 10.634481000000104 ], [ 0.468408, 10.633861 ], [ 0.467012000000182, 10.633396 ], [ 0.46329100000014, 10.630605 ], [ 0.458175000000153, 10.628279000000132 ], [ 0.451818000000173, 10.627349 ], [ 0.450112, 10.62672900000018 ], [ 0.447011000000145, 10.625488000000129 ], [ 0.44081, 10.625644 ], [ 0.437554000000148, 10.633241 ], [ 0.435073, 10.638202000000147 ], [ 0.431817000000137, 10.641148 ], [ 0.421119, 10.647505 ], [ 0.414297, 10.654017 ], [ 0.410731, 10.654172 ], [ 0.4067, 10.655877 ], [ 0.400158, 10.655283000000166 ], [ 0.399878000000173, 10.655257000000177 ], [ 0.395071000000144, 10.657273000000142 ], [ 0.386699, 10.658823000000154 ], [ 0.37855900000011, 10.661071000000165 ], [ 0.377164000000164, 10.667428 ], [ 0.377474, 10.675180000000125 ], [ 0.376699, 10.680452 ], [ 0.373442, 10.683243 ], [ 0.367086000000143, 10.683708 ], [ 0.360884000000169, 10.682157 ], [ 0.351116, 10.682002 ], [ 0.346775, 10.685258 ] ] ] } },
{ "type": "Feature", "properties": { "Préfecture": "Oti-Sud", "Code HDX": "TG0519", "Région": "Savanes", "Zone": "Savanes", "Surface (km²)": 2395.01 }, "geometry": { "type": "Polygon", "coordinates": [ [ [ 0.792822000000172, 10.696332 ], [ 0.786364000000162, 10.700278 ], [ 0.784929, 10.69992 ], [ 0.780982, 10.699561000000188 ], [ 0.777753000000189, 10.697049 ], [ 0.773089000000142, 10.686286000000109 ], [ 0.773448000000145, 10.676958000000184 ], [ 0.763043, 10.674087 ], [ 0.769860000000109, 10.665477 ], [ 0.767349, 10.660813000000131 ], [ 0.754074000000117, 10.664759000000117 ], [ 0.75382500000012, 10.664652000000158 ], [ 0.750178000000177, 10.660321000000122 ], [ 0.74351200000018, 10.654895 ], [ 0.73669, 10.6566 ], [ 0.735855, 10.6569 ], [ 0.735776000000158, 10.656866 ], [ 0.727728000000184, 10.657172000000173 ], [ 0.707433, 10.657943000000158 ], [ 0.704204000000175, 10.656149 ], [ 0.702769000000104, 10.651126000000145 ], [ 0.692723, 10.641439000000105 ], [ 0.689135, 10.64682 ], [ 0.685547000000157, 10.64574400000015 ], [ 0.680525000000102, 10.620271000000173 ], [ 0.674373000000173, 10.614427000000147 ], [ 0.666174000000184, 10.606637 ], [ 0.666891, 10.595874 ], [ 0.669043, 10.590492 ], [ 0.67944800000015, 10.575782 ], [ 0.680883, 10.566095 ], [ 0.679448000000151, 10.558202000000167 ], [ 0.675501, 10.554615 ], [ 0.670837000000176, 10.552821000000106 ], [ 0.666891, 10.551744000000152 ], [ 0.661868, 10.553897000000116 ], [ 0.65325700000011, 10.554615 ], [ 0.64644, 10.553179 ], [ 0.641418, 10.55282100000011 ], [ 0.628502, 10.559637 ], [ 0.624534, 10.559530000000109 ], [ 0.615227000000119, 10.559279000000117 ], [ 0.606258, 10.564302 ], [ 0.605181, 10.564302 ], [ 0.595135, 10.565019 ], [ 0.591548, 10.566454 ], [ 0.58867700000019, 10.575782 ], [ 0.586345000000108, 10.576321 ], [ 0.572712000000139, 10.568428 ], [ 0.567330000000141, 10.559817 ], [ 0.564460000000167, 10.551206 ], [ 0.563383, 10.542237000000112 ], [ 0.562666, 10.524657 ], [ 0.560514000000182, 10.51138200000014 ], [ 0.561948, 10.5077940000001 ], [ 0.568048, 10.506359 ], [ 0.569841, 10.503848000000119 ], [ 0.563025, 10.498466000000121 ], [ 0.554055, 10.499542000000133 ], [ 0.539346, 10.507435 ], [ 0.53252900000018, 10.506 ], [ 0.530017000000157, 10.501336 ], [ 0.528941000000145, 10.483397000000139 ], [ 0.525712000000113, 10.479809000000104 ], [ 0.519254000000103, 10.481603 ], [ 0.51459, 10.477657 ], [ 0.515307, 10.469764000000113 ], [ 0.512891000000138, 10.462999 ], [ 0.513334, 10.462768 ], [ 0.518357000000151, 10.459897000000126 ], [ 0.523739000000149, 10.460256000000186 ], [ 0.528044, 10.459897000000128 ], [ 0.532708, 10.455592 ], [ 0.530914000000109, 10.445905 ], [ 0.529838, 10.44195800000017 ], [ 0.525891, 10.438729 ], [ 0.519792, 10.435500000000161 ], [ 0.514769000000115, 10.434424000000151 ], [ 0.51154, 10.428325 ], [ 0.520151, 10.418279 ], [ 0.52625, 10.411462 ], [ 0.532349, 10.404646 ], [ 0.540242, 10.396035 ], [ 0.552800000000162, 10.387066000000171 ], [ 0.558181, 10.384195000000148 ], [ 0.560334, 10.374867000000167 ], [ 0.562487, 10.365898 ], [ 0.56535700000012, 10.356211 ], [ 0.567509, 10.346165000000152 ], [ 0.569303000000161, 10.345089000000144 ], [ 0.57325, 10.342218 ], [ 0.578273, 10.340424000000153 ], [ 0.583655000000135, 10.337913 ], [ 0.590710000000173, 10.335708 ], [ 0.588677000000189, 10.332531 ], [ 0.578632, 10.322485 ], [ 0.569662, 10.311363 ], [ 0.560334, 10.304188 ], [ 0.549212000000125, 10.295936000000152 ], [ 0.534143000000142, 10.2851730000001 ], [ 0.528044, 10.273333 ], [ 0.523021, 10.263646000000108 ], [ 0.520390000000135, 10.256338 ], [ 0.519792, 10.254677000000184 ], [ 0.5058, 10.235661000000109 ], [ 0.504006, 10.23315 ], [ 0.50293, 10.229921000000159 ], [ 0.504724000000124, 10.22238700000014 ], [ 0.5022120000001, 10.218081 ], [ 0.493349, 10.213473000000135 ], [ 0.493242000000123, 10.213417000000105 ], [ 0.485708, 10.213417000000108 ], [ 0.481044000000169, 10.208753 ], [ 0.481403, 10.20444800000018 ], [ 0.478891, 10.20086000000015 ], [ 0.473151, 10.198348000000124 ], [ 0.461311, 10.205524 ], [ 0.453418, 10.204807 ], [ 0.443372000000124, 10.198707000000127 ], [ 0.437273000000175, 10.193684 ], [ 0.429021, 10.187226 ], [ 0.423999, 10.185432000000105 ], [ 0.418617, 10.191891 ], [ 0.413235, 10.191532000000166 ], [ 0.410006, 10.189738 ], [ 0.408212000000105, 10.184356 ], [ 0.406957, 10.185193 ], [ 0.406957, 10.1831 ], [ 0.406957, 10.179154 ], [ 0.408033, 10.176642 ], [ 0.410544000000186, 10.175207000000167 ], [ 0.415209000000176, 10.17449000000016 ], [ 0.421667000000183, 10.173413 ], [ 0.424536, 10.16874900000016 ], [ 0.435668, 10.161220000000185 ], [ 0.432788000000188, 10.15978 ], [ 0.428125, 10.157627 ], [ 0.420949, 10.154398 ], [ 0.409827000000178, 10.15403900000018 ], [ 0.403010000000107, 10.152604000000109 ], [ 0.399422, 10.149375000000131 ], [ 0.387941000000126, 10.140765 ], [ 0.386148000000105, 10.135383 ], [ 0.386506, 10.131795 ], [ 0.383995000000141, 10.128925 ], [ 0.374666000000105, 10.136459000000114 ], [ 0.367132, 10.131436000000177 ], [ 0.361392, 10.127131000000134 ], [ 0.357087, 10.12462 ], [ 0.357191000000171, 10.126294000000142 ], [ 0.356914000000131, 10.125488 ], [ 0.356369, 10.123902 ], [ 0.350628000000143, 10.103811000000121 ], [ 0.3474, 10.095559000000149 ], [ 0.349194000000182, 10.091612 ], [ 0.349552000000131, 10.087307 ], [ 0.353857000000177, 10.082643000000132 ], [ 0.358521, 10.080849 ], [ 0.363186, 10.079772000000105 ], [ 0.370361, 10.079055 ], [ 0.377537000000132, 10.07762 ], [ 0.384712000000151, 10.077261 ], [ 0.385789, 10.076902000000132 ], [ 0.39691100000016, 10.071521 ], [ 0.403369000000168, 10.066498000000138 ], [ 0.409109000000115, 10.061116000000141 ], [ 0.410185000000126, 10.060040000000127 ], [ 0.413415, 10.060040000000129 ], [ 0.414850000000116, 10.052505000000167 ], [ 0.411262, 10.039589000000147 ], [ 0.409827000000179, 10.032055 ], [ 0.40875, 10.028467 ], [ 0.40875, 10.024521 ], [ 0.40829, 10.022525 ], [ 0.408082, 10.022351 ], [ 0.407858000000148, 10.02219 ], [ 0.40818400000012, 10.021789000000124 ], [ 0.407893, 10.019465 ], [ 0.409927, 10.016561000000138 ], [ 0.413122000000158, 10.012204 ], [ 0.415445000000148, 10.009009 ], [ 0.422416000000113, 9.994195000000159 ], [ 0.422707, 9.986353 ], [ 0.418060000000139, 9.976186 ], [ 0.420964, 9.963987 ], [ 0.423869, 9.960792 ], [ 0.426192000000129, 9.958468 ], [ 0.430259, 9.957306 ], [ 0.435487, 9.957597 ], [ 0.439554000000101, 9.957016 ], [ 0.441337, 9.956879 ], [ 0.447106, 9.956435000000113 ], [ 0.453786, 9.952659000000152 ], [ 0.45611, 9.94714 ], [ 0.461339000000123, 9.944526000000108 ], [ 0.465405, 9.943945 ], [ 0.466857000000118, 9.944817 ], [ 0.471214, 9.948012 ], [ 0.473247, 9.948883 ], [ 0.478185, 9.951207000000124 ], [ 0.479928, 9.951497000000133 ], [ 0.486028, 9.953530000000114 ], [ 0.489223, 9.952369000000143 ], [ 0.491547, 9.951207000000126 ], [ 0.497161000000176, 9.946661 ], [ 0.497355, 9.946269 ], [ 0.497355, 9.945398000000129 ], [ 0.499389000000122, 9.941621000000112 ], [ 0.502294000000177, 9.941331000000105 ], [ 0.506360000000143, 9.941331000000103 ], [ 0.510717, 9.945688000000187 ], [ 0.513912, 9.950335 ], [ 0.519721, 9.951497000000133 ], [ 0.526983000000143, 9.943364 ], [ 0.525108, 9.936668000000113 ], [ 0.525100000000123, 9.93664 ], [ 0.524949, 9.936103 ], [ 0.521754, 9.932908 ], [ 0.519140000000107, 9.927389 ], [ 0.517107000000125, 9.926808000000163 ], [ 0.515074000000141, 9.924775000000182 ], [ 0.515074000000141, 9.916642000000136 ], [ 0.518559000000154, 9.908218000000145 ], [ 0.521754, 9.906766000000117 ], [ 0.524078, 9.901538 ], [ 0.531339000000116, 9.899214 ], [ 0.535406, 9.897471 ], [ 0.549348000000179, 9.892824 ], [ 0.570552, 9.88498200000015 ], [ 0.583782000000157, 9.881334 ], [ 0.584204000000113, 9.881205 ], [ 0.584567000000106, 9.881085 ], [ 0.584585000000175, 9.88117 ], [ 0.584626000000185, 9.881368 ], [ 0.587921000000166, 9.88591 ], [ 0.592086000000166, 9.886348 ], [ 0.595593, 9.887882000000106 ], [ 0.600634, 9.889198000000135 ], [ 0.608744000000172, 9.887006 ], [ 0.611812000000158, 9.887006 ], [ 0.616634, 9.885252 ], [ 0.622248000000184, 9.883376000000169 ], [ 0.622435000000166, 9.883383 ], [ 0.626170000000116, 9.883521 ], [ 0.630834, 9.888185000000135 ], [ 0.634059, 9.893691 ], [ 0.636909000000117, 9.894787000000177 ], [ 0.641292, 9.894568000000161 ], [ 0.645676, 9.891499 ], [ 0.648526000000174, 9.886677 ], [ 0.65093700000017, 9.882732000000146 ], [ 0.65422400000017, 9.877910000000156 ], [ 0.659046000000161, 9.877033 ], [ 0.662048, 9.880651000000114 ], [ 0.665994, 9.882804 ], [ 0.672452, 9.883162 ], [ 0.676757, 9.881010000000117 ], [ 0.679627, 9.876346 ], [ 0.679817000000128, 9.876535 ], [ 0.680704000000162, 9.877422 ], [ 0.681063, 9.880292 ], [ 0.682857000000126, 9.887468000000126 ], [ 0.68178, 9.89141400000017 ], [ 0.681421000000171, 9.896437000000105 ], [ 0.679627, 9.901819 ], [ 0.677746, 9.907462000000121 ], [ 0.675245, 9.91013 ], [ 0.658712, 9.925960000000146 ], [ 0.656425000000183, 9.92930100000018 ], [ 0.656074000000104, 9.931764 ], [ 0.656425000000183, 9.934578 ], [ 0.659591000000149, 9.937216000000145 ], [ 0.664516000000162, 9.942141000000161 ], [ 0.666711, 9.944155 ], [ 0.668864, 9.948819 ], [ 0.66887000000014, 9.948821 ], [ 0.668352, 9.949592 ], [ 0.668017, 9.950933 ], [ 0.667394, 9.953137 ], [ 0.666979, 9.954877000000183 ], [ 0.666899000000113, 9.955836000000145 ], [ 0.666889, 9.95638200000019 ], [ 0.666846, 9.956450000000132 ], [ 0.666698, 9.956622000000149 ], [ 0.666633000000162, 9.95678500000014 ], [ 0.666797, 9.956908 ], [ 0.666899000000114, 9.95682 ], [ 0.666899000000114, 9.956826000000149 ], [ 0.6669, 9.956826000000147 ], [ 0.666936, 9.956736 ], [ 0.667165000000125, 9.956687 ], [ 0.667214, 9.956834000000127 ], [ 0.667401, 9.957235 ], [ 0.667603, 9.957433 ], [ 0.668161000000111, 9.957704000000147 ], [ 0.669214000000181, 9.958103000000104 ], [ 0.671594, 9.95888500000018 ], [ 0.674261000000172, 9.959572000000152 ], [ 0.674648, 9.959742 ], [ 0.675681, 9.963529 ], [ 0.676399000000117, 9.966399000000138 ], [ 0.676747000000148, 9.968665 ], [ 0.676227, 9.970706000000174 ], [ 0.676180000000103, 9.971579000000132 ], [ 0.676369000000136, 9.973114000000123 ], [ 0.676534000000117, 9.973562 ], [ 0.676700000000153, 9.9742 ], [ 0.67677, 9.974931 ], [ 0.677006, 9.976631000000113 ], [ 0.677219, 9.978732 ], [ 0.677715000000148, 9.982812000000136 ], [ 0.6759780000001, 9.983237000000145 ], [ 0.66707, 9.985414000000162 ], [ 0.653796000000115, 9.988643000000135 ], [ 0.651284, 9.989002 ], [ 0.643524000000184, 9.989002 ], [ 0.645196000000113, 9.989996000000186 ], [ 0.649593000000152, 9.996867 ], [ 0.660311, 10.004561 ], [ 0.667182, 10.00868400000013 ], [ 0.67295300000012, 10.015829000000108 ], [ 0.677899, 10.027646000000175 ], [ 0.678449000000114, 10.033967000000187 ], [ 0.678449000000113, 10.038364 ], [ 0.682021, 10.046334000000115 ], [ 0.686968, 10.053204000000109 ], [ 0.687793000000171, 10.057876000000135 ], [ 0.687243000000136, 10.065571000000148 ], [ 0.686144000000127, 10.072716000000183 ], [ 0.686694, 10.08206 ], [ 0.685319000000106, 10.086732 ], [ 0.682021, 10.092778 ], [ 0.677624, 10.099648 ], [ 0.67295300000012, 10.108168 ], [ 0.672961, 10.108227 ], [ 0.672636000000183, 10.108491 ], [ 0.672226, 10.111157 ], [ 0.672294000000136, 10.116215 ], [ 0.673114000000112, 10.121136 ], [ 0.673593000000153, 10.127151 ], [ 0.67496, 10.134465000000148 ], [ 0.67578, 10.136994000000128 ], [ 0.675575000000151, 10.14082200000013 ], [ 0.67564, 10.140827 ], [ 0.675581000000137, 10.14099 ], [ 0.675710000000151, 10.141320000000119 ], [ 0.675875000000133, 10.141384 ], [ 0.676123, 10.141265 ], [ 0.676563, 10.141182 ], [ 0.677086000000145, 10.141237 ], [ 0.678132000000176, 10.141366 ], [ 0.679572000000121, 10.141604 ], [ 0.680976000000101, 10.141907 ], [ 0.683113, 10.143164000000127 ], [ 0.683710000000191, 10.143590000000186 ], [ 0.684770000000128, 10.145268 ], [ 0.688342, 10.155711000000167 ], [ 0.692739000000131, 10.160383 ], [ 0.697987, 10.167111000000149 ], [ 0.704742, 10.168032000000151 ], [ 0.706536, 10.166597 ], [ 0.710841, 10.163009 ], [ 0.734521, 10.14363500000019 ], [ 0.739518000000146, 10.140511000000174 ], [ 0.740261000000147, 10.140047000000154 ], [ 0.741092000000151, 10.141709000000164 ], [ 0.742773000000171, 10.14507 ], [ 0.738108000000182, 10.15296300000017 ], [ 0.738826, 10.160139 ], [ 0.733085, 10.168391 ], [ 0.73667300000011, 10.172696 ], [ 0.739184, 10.174131000000104 ], [ 0.744207000000132, 10.175925 ], [ 0.748154, 10.178436000000147 ], [ 0.754253, 10.182383 ], [ 0.757841, 10.179513 ], [ 0.767887, 10.174849 ], [ 0.773986, 10.176642 ], [ 0.775421000000164, 10.178795 ], [ 0.777215, 10.179871 ], [ 0.777523, 10.180008 ], [ 0.777933000000189, 10.179871 ], [ 0.781161000000112, 10.179513 ], [ 0.794078000000184, 10.171978000000138 ], [ 0.797306000000106, 10.167673 ], [ 0.798383, 10.161933 ], [ 0.803764000000115, 10.153681 ], [ 0.808788000000164, 10.151887000000103 ], [ 0.814169, 10.154757 ], [ 0.816681, 10.158704000000171 ], [ 0.819564000000185, 10.162111000000152 ], [ 0.819333, 10.163497 ], [ 0.822478, 10.168738000000133 ], [ 0.824575, 10.175029000000164 ], [ 0.826672, 10.186560000000155 ], [ 0.838969000000133, 10.226528 ], [ 0.839252000000101, 10.227446 ], [ 0.849735, 10.234784 ], [ 0.857074000000125, 10.241074000000138 ], [ 0.863364000000104, 10.244219000000157 ], [ 0.866509, 10.244219000000157 ], [ 0.876992, 10.254703000000175 ], [ 0.887476000000106, 10.273573 ], [ 0.901657000000171, 10.289993 ], [ 0.871573, 10.311902 ], [ 0.859734000000117, 10.320871 ], [ 0.846459, 10.331993000000123 ], [ 0.839283, 10.33881 ], [ 0.823497, 10.351008 ], [ 0.774345, 10.385092 ], [ 0.775062000000105, 10.392985000000179 ], [ 0.77578, 10.398367000000178 ], [ 0.775421000000165, 10.405184000000189 ], [ 0.774703000000103, 10.412001 ], [ 0.775421000000165, 10.419535000000108 ], [ 0.777933000000189, 10.443214000000182 ], [ 0.777527000000134, 10.443504000000193 ], [ 0.778471, 10.444111000000136 ], [ 0.778471, 10.448775 ], [ 0.781341, 10.47389 ], [ 0.781172, 10.47423900000018 ], [ 0.781341, 10.474248 ], [ 0.782417, 10.483577 ], [ 0.783135000000186, 10.494699 ], [ 0.782059000000118, 10.497928 ], [ 0.782417, 10.502592000000107 ], [ 0.783494, 10.512638000000152 ], [ 0.78744, 10.519454000000106 ], [ 0.791745, 10.535599000000104 ], [ 0.798562000000118, 10.552103 ], [ 0.801432, 10.55892 ], [ 0.805020000000128, 10.573989 ], [ 0.806455, 10.581164 ], [ 0.807173, 10.591210000000107 ], [ 0.8078900000001, 10.604843000000132 ], [ 0.808608000000164, 10.610225 ], [ 0.808156, 10.614590000000133 ], [ 0.809338, 10.625621000000137 ], [ 0.809811, 10.640289000000163 ], [ 0.810758, 10.655904 ], [ 0.811231000000134, 10.663474 ], [ 0.811704, 10.673884 ], [ 0.81205100000011, 10.680302 ], [ 0.811932, 10.680336 ], [ 0.807087, 10.681305000000121 ], [ 0.80490600000013, 10.683243 ], [ 0.802726, 10.686635 ], [ 0.801272000000154, 10.691965 ], [ 0.798531, 10.695391000000141 ], [ 0.79840600000017, 10.695934000000134 ], [ 0.795692000000145, 10.695255 ], [ 0.792822000000172, 10.696332 ] ] ] } },
{ "type": "Feature", "properties": { "Préfecture": "Sotouboua", "Code HDX": "TG0103", "Région": "Centrale", "Zone": "Centrale", "Surface (km²)": 3147.69 }, "geometry": { "type": "Polygon", "coordinates": [ [ [ 0.78036, 9.050048000000119 ], [ 0.773672, 9.053793000000155 ], [ 0.767489, 9.052809 ], [ 0.762746, 9.049941000000103 ], [ 0.756589, 9.044698 ], [ 0.747063, 9.045586 ], [ 0.742755000000102, 9.049345000000185 ], [ 0.734638000000132, 9.053081 ], [ 0.725173, 9.044031000000187 ], [ 0.722341, 9.040227000000188 ], [ 0.720002, 9.033587 ], [ 0.715774000000181, 9.02457 ], [ 0.715432000000135, 9.02453 ], [ 0.71531000000016, 9.022674 ], [ 0.713912000000165, 9.01793300000014 ], [ 0.709655000000168, 9.013647000000104 ], [ 0.704898, 9.013144 ], [ 0.701099000000113, 9.011701000000185 ], [ 0.696333000000153, 9.012617000000146 ], [ 0.696111, 9.012447 ], [ 0.693199000000163, 9.010212 ], [ 0.707827, 8.978517 ], [ 0.712832000000105, 8.946485 ], [ 0.712832000000105, 8.906944000000124 ], [ 0.717837, 8.892429000000103 ], [ 0.740704, 8.87004 ], [ 0.742112, 8.860647 ], [ 0.738609, 8.859145 ], [ 0.710080000000175, 8.849636 ], [ 0.698067, 8.83412 ], [ 0.699569000000167, 8.827613 ], [ 0.700507000000188, 8.794320000000141 ], [ 0.70057, 8.792077000000177 ], [ 0.703072000000134, 8.76104500000014 ], [ 0.705575, 8.73201500000016 ], [ 0.705030000000136, 8.730049 ], [ 0.705971, 8.726115000000165 ], [ 0.707069, 8.707814 ], [ 0.72059, 8.702986000000122 ], [ 0.735606, 8.691474 ], [ 0.74912, 8.681964000000164 ], [ 0.75562600000012, 8.675457000000165 ], [ 0.760131000000173, 8.666949 ], [ 0.764635000000169, 8.65844 ], [ 0.777148, 8.651433000000166 ], [ 0.788113000000124, 8.638807000000158 ], [ 0.744615000000124, 8.596877 ], [ 0.71574, 8.571727000000179 ], [ 0.682551, 8.542822 ], [ 0.642055000000141, 8.528414 ], [ 0.630498000000102, 8.524303 ], [ 0.617284000000154, 8.513536 ], [ 0.616985, 8.513291 ], [ 0.624492, 8.509287 ], [ 0.628496, 8.500278000000149 ], [ 0.644513000000131, 8.491269 ], [ 0.649518000000172, 8.483261 ], [ 0.655524, 8.46274 ], [ 0.656142, 8.462439000000188 ], [ 0.65752600000019, 8.441218000000106 ], [ 0.658527, 8.430707 ], [ 0.664533000000119, 8.419696000000158 ], [ 0.677046000000189, 8.41419 ], [ 0.685554, 8.409685 ], [ 0.693563, 8.402678 ], [ 0.697567000000105, 8.397673000000168 ], [ 0.702072000000158, 8.398674 ], [ 0.708078, 8.396172000000149 ], [ 0.708578, 8.389164000000106 ], [ 0.708578, 8.387663 ], [ 0.714084000000184, 8.384159 ], [ 0.713583, 8.364639000000182 ], [ 0.714441, 8.364052000000131 ], [ 0.723291, 8.374291000000142 ], [ 0.738135000000113, 8.369339 ], [ 0.772351000000185, 8.388966 ], [ 0.771854, 8.412714000000108 ], [ 0.864051, 8.377714 ], [ 0.864907, 8.381201 ], [ 0.868513000000178, 8.38257 ], [ 0.873919000000172, 8.385298000000148 ], [ 0.877538000000129, 8.384418000000151 ], [ 0.882941, 8.387596 ], [ 0.885657, 8.386711000000162 ], [ 0.887925000000109, 8.384923000000185 ], [ 0.895138, 8.387661 ], [ 0.90148900000014, 8.382746 ], [ 0.90210500000012, 8.382554 ], [ 0.909032, 8.383972 ], [ 0.919441, 8.380428 ], [ 0.922139, 8.382691 ], [ 0.925289, 8.384957000000156 ], [ 0.932068000000186, 8.38454300000018 ], [ 0.940225, 8.379637000000173 ], [ 0.944295, 8.378758 ], [ 0.958292000000143, 8.380181 ], [ 0.96596, 8.38247 ], [ 0.980863, 8.383446 ], [ 0.997167, 8.383529000000122 ], [ 0.99803, 8.383533000000112 ], [ 1.009775000000161, 8.383593 ], [ 1.022865, 8.385908000000141 ], [ 1.029181000000165, 8.387739000000124 ], [ 1.035042, 8.390018 ], [ 1.044718000000159, 8.392163 ], [ 1.045422000000143, 8.392319 ], [ 1.048639, 8.392627 ], [ 1.055357, 8.393268 ], [ 1.063965000000167, 8.388362 ], [ 1.068652, 8.387158 ], [ 1.098344, 8.3795310000001 ], [ 1.114496, 8.376484 ], [ 1.122502000000111, 8.372147 ], [ 1.133513, 8.368143 ], [ 1.135692, 8.368075 ], [ 1.149529, 8.367642000000162 ], [ 1.161542000000168, 8.366641 ], [ 1.161713000000135, 8.368438 ], [ 1.171101, 8.375825 ], [ 1.176456000000144, 8.380823 ], [ 1.188569000000143, 8.377152 ], [ 1.208089, 8.368643000000191 ], [ 1.219601000000182, 8.362637000000118 ], [ 1.227109, 8.360635000000173 ], [ 1.235369000000105, 8.359717000000103 ], [ 1.236826, 8.361306000000125 ], [ 1.229067, 8.378174 ], [ 1.228949, 8.378430000000153 ], [ 1.232048000000134, 8.386798 ], [ 1.232629, 8.386935 ], [ 1.233046000000115, 8.390687000000128 ], [ 1.235197, 8.395966000000158 ], [ 1.234987000000103, 8.405827000000158 ], [ 1.235375, 8.41398 ], [ 1.232269000000144, 8.428344 ], [ 1.2303280000001, 8.441155 ], [ 1.226982, 8.448760000000107 ], [ 1.227316, 8.453985 ], [ 1.227750000000128, 8.460795 ], [ 1.229463000000123, 8.465932000000182 ], [ 1.237339, 8.478261000000145 ], [ 1.238025000000107, 8.481686 ], [ 1.237553000000162, 8.485463 ], [ 1.237339, 8.487166000000114 ], [ 1.230148000000156, 8.501207000000134 ], [ 1.227065000000152, 8.512166 ], [ 1.228435000000161, 8.520728 ], [ 1.229337, 8.522893000000122 ], [ 1.23186, 8.528947 ], [ 1.235970000000123, 8.53271500000011 ], [ 1.240422, 8.534084 ], [ 1.246244, 8.535112 ], [ 1.252066000000127, 8.536139000000103 ], [ 1.258915000000173, 8.539564000000155 ], [ 1.268676, 8.548297000000105 ], [ 1.268676, 8.555489 ], [ 1.263539000000151, 8.557886000000167 ], [ 1.251960000000111, 8.555571000000102 ], [ 1.242648, 8.561492000000102 ], [ 1.242648, 8.566448 ], [ 1.24436, 8.570215000000132 ], [ 1.24710000000016, 8.576722 ], [ 1.250082000000134, 8.584425 ], [ 1.257069, 8.58895800000016 ], [ 1.262125, 8.600557 ], [ 1.258259, 8.618998 ], [ 1.253500000000145, 8.631491 ], [ 1.253500000000145, 8.638754 ], [ 1.253500000000145, 8.639521 ], [ 1.253436, 8.639602 ], [ 1.259116000000121, 8.645827000000109 ], [ 1.261233000000119, 8.648147 ], [ 1.26510000000019, 8.651716000000132 ], [ 1.268371000000116, 8.657367 ], [ 1.268684, 8.658666 ], [ 1.262874000000181, 8.668202000000123 ], [ 1.255527, 8.668169 ], [ 1.245332, 8.672621 ], [ 1.239102, 8.675405000000122 ], [ 1.233458, 8.673691 ], [ 1.212495, 8.684280000000115 ], [ 1.212372000000187, 8.684725000000187 ], [ 1.209119000000101, 8.69648 ], [ 1.207755, 8.707388 ], [ 1.203388, 8.726799 ], [ 1.19805, 8.736504 ], [ 1.191741, 8.737475 ], [ 1.178056, 8.742773000000168 ], [ 1.177540000000135, 8.745439000000147 ], [ 1.171644, 8.74541 ], [ 1.149345000000153, 8.744562 ], [ 1.131529, 8.739298 ], [ 1.120344000000102, 8.745899000000181 ], [ 1.110665, 8.748809 ], [ 1.103941, 8.755432 ], [ 1.090559, 8.755365 ], [ 1.077963000000182, 8.747165000000107 ], [ 1.063846, 8.745614 ], [ 1.04666, 8.762536 ], [ 1.040674, 8.76990100000012 ], [ 1.030247, 8.773545000000183 ], [ 1.023517000000139, 8.780905 ], [ 1.016798, 8.786047 ], [ 1.016338000000133, 8.785930000000176 ], [ 1.015642000000128, 8.787322 ], [ 0.993119000000149, 8.789324000000132 ], [ 0.980106, 8.787822 ], [ 0.973599, 8.784819 ], [ 0.973099000000103, 8.77531 ], [ 0.970596000000171, 8.770304 ], [ 0.962588000000154, 8.769804 ], [ 0.960855, 8.77361500000012 ], [ 0.961087000000134, 8.77581 ], [ 0.951076000000114, 8.784319 ], [ 0.942067, 8.786821000000145 ], [ 0.935060000000135, 8.792327000000112 ], [ 0.932057000000157, 8.801837 ], [ 0.934059, 8.811346 ], [ 0.938564000000156, 8.821857 ], [ 0.94507, 8.835872 ], [ 0.955080000000124, 8.847383000000148 ], [ 0.960586, 8.859396 ], [ 0.96409, 8.869906000000126 ], [ 0.965591, 8.87741400000016 ], [ 0.966092000000174, 8.887424 ], [ 0.962588000000153, 8.89343 ], [ 0.958584000000143, 8.898436000000117 ], [ 0.95802, 8.898529000000167 ], [ 0.952205000000106, 8.904768 ], [ 0.941778000000113, 8.907669 ], [ 0.923174, 8.909784 ], [ 0.903050000000122, 8.917806 ], [ 0.896990000000187, 8.936999000000128 ], [ 0.892409, 8.957679 ], [ 0.884087, 8.982036000000107 ], [ 0.87655, 9.001986000000157 ], [ 0.875448, 9.002707000000157 ], [ 0.873841, 9.003759000000118 ], [ 0.87326800000011, 9.004134 ], [ 0.873286, 9.004136 ], [ 0.872932, 9.00429 ], [ 0.86633200000017, 9.003704 ], [ 0.851538, 9.009771 ], [ 0.842, 9.012555000000132 ], [ 0.832001, 9.012969000000112 ], [ 0.822001, 9.013383 ], [ 0.80960400000015, 9.016622 ], [ 0.792891, 9.025041000000101 ], [ 0.785748000000183, 9.025471000000152 ], [ 0.781873000000189, 9.036333 ], [ 0.78036, 9.050048000000119 ] ] ] } },
{ "type": "Feature", "properties": { "Préfecture": "Tandjoaré", "Code HDX": "TG0515", "Région": "Savanes", "Zone": "Savanes", "Surface (km²)": 952.94 }, "geometry": { "type": "Polygon", "coordinates": [ [ [ 0.140649, 10.783419 ], [ 0.125888, 10.784444 ], [ 0.120304, 10.78513 ], [ 0.126298, 10.790595000000106 ], [ 0.128963, 10.795310000000141 ], [ 0.120558, 10.79777 ], [ 0.111742000000163, 10.802485000000102 ], [ 0.107232, 10.80474 ], [ 0.105182, 10.805765 ], [ 0.093086, 10.805355 ], [ 0.09209, 10.804809 ], [ 0.082236, 10.802863000000114 ], [ 0.073408, 10.800771 ], [ 0.068363, 10.79756900000018 ], [ 0.065231, 10.79572300000018 ], [ 0.065205000000106, 10.795720000000131 ], [ 0.063294, 10.795213000000105 ], [ 0.055160000000114, 10.793055 ], [ 0.049419000000114, 10.790390000000173 ], [ 0.044704, 10.788135000000125 ], [ 0.043064000000128, 10.784444 ], [ 0.044089, 10.781779 ], [ 0.047164, 10.780344000000127 ], [ 0.051060000000177, 10.780959 ], [ 0.057210000000111, 10.778294000000129 ], [ 0.06131, 10.775014 ], [ 0.065205000000105, 10.767634000000101 ], [ 0.059465000000159, 10.761073000000122 ], [ 0.052699, 10.758613000000139 ], [ 0.046139000000153, 10.754513 ], [ 0.045977, 10.75420300000013 ], [ 0.039662, 10.753070000000148 ], [ 0.025557, 10.751594 ], [ 0.018177, 10.752742000000183 ], [ 0.004564000000131, 10.756350000000108 ], [ -0.001035, 10.753066 ], [ -0.013372, 10.75197 ], [ -0.018307, 10.754346 ], [ -0.015657, 10.76028600000018 ], [ -0.010173999999893, 10.768327 ], [ -0.004292, 10.775703 ], [ -0.003799999999898, 10.779967 ], [ -0.005604, 10.785871 ], [ -0.013477, 10.783739 ], [ -0.034306, 10.774719000000117 ], [ -0.044966, 10.770619000000179 ], [ -0.069566999999893, 10.761106000000153 ], [ -0.072919, 10.759887 ], [ -0.073176, 10.759794000000172 ], [ -0.077603999999894, 10.752250000000172 ], [ -0.073995, 10.735029000000111 ], [ -0.076128, 10.727648000000105 ], [ -0.07586, 10.727456 ], [ -0.074353999999857, 10.723839 ], [ -0.084585, 10.718653000000131 ], [ -0.087976, 10.714988000000115 ], [ -0.08717499999983, 10.708459000000119 ], [ -0.071176, 10.675687000000151 ], [ -0.068237999999894, 10.651261 ], [ -0.063978, 10.641375000000153 ], [ -0.054334, 10.631542000000135 ], [ -0.04893, 10.629657000000124 ], [ -0.04279, 10.627538000000129 ], [ -0.032701, 10.622066000000189 ], [ -0.029758999999898, 10.62161 ], [ -0.02633, 10.621401 ], [ -0.020927, 10.619516 ], [ -0.012323, 10.615724000000171 ], [ -0.003715999999883, 10.611690000000179 ], [ 0.000708000000146, 10.609796000000129 ], [ 0.011055, 10.602872000000106 ], [ 0.011647, 10.60304 ], [ 0.011547, 10.602634000000135 ], [ 0.033881, 10.596308 ], [ 0.037652000000152, 10.594017000000179 ], [ 0.048407, 10.587485 ], [ 0.054959, 10.575746 ], [ 0.054638000000125, 10.575677 ], [ 0.056372, 10.573514 ], [ 0.059115, 10.568212 ], [ 0.063580000000115, 10.561958 ], [ 0.071727, 10.554526000000124 ], [ 0.073195, 10.55454 ], [ 0.081051, 10.551949 ], [ 0.088658000000122, 10.549840000000186 ], [ 0.094304, 10.547954000000116 ], [ 0.102162000000135, 10.545120000000109 ], [ 0.107568000000129, 10.542748000000131 ], [ 0.109973, 10.542934 ], [ 0.109822000000121, 10.542445 ], [ 0.116091, 10.539355 ], [ 0.118785, 10.539137 ], [ 0.131586, 10.531019 ], [ 0.141531, 10.514157 ], [ 0.14130200000011, 10.512460000000145 ], [ 0.147895, 10.487333 ], [ 0.149145000000147, 10.484438000000123 ], [ 0.153662000000111, 10.472127 ], [ 0.153303000000108, 10.457836000000155 ], [ 0.154806000000121, 10.45397400000013 ], [ 0.165167000000111, 10.444621 ], [ 0.167656, 10.440042000000119 ], [ 0.166022000000169, 10.431309000000171 ], [ 0.169524, 10.422864 ], [ 0.175454, 10.416377000000121 ], [ 0.18233400000014, 10.41304700000012 ], [ 0.183349, 10.412761 ], [ 0.183349, 10.420453 ], [ 0.185242, 10.425184000000174 ], [ 0.191757000000166, 10.427496000000131 ], [ 0.20190700000012, 10.42654 ], [ 0.207051, 10.425858000000119 ], [ 0.210961000000168, 10.426376 ], [ 0.216077000000155, 10.428843 ], [ 0.21717000000018, 10.429195 ], [ 0.217011000000127, 10.433937000000185 ], [ 0.216446000000133, 10.442409 ], [ 0.21587, 10.452091000000165 ], [ 0.21657, 10.455973 ], [ 0.217497, 10.461793000000169 ], [ 0.218649000000141, 10.469796 ], [ 0.21979, 10.479009000000133 ], [ 0.219738000000177, 10.484821000000183 ], [ 0.218963, 10.489416 ], [ 0.217945000000157, 10.493766000000107 ], [ 0.216678000000115, 10.498599000000128 ], [ 0.213961, 10.501482 ], [ 0.213705000000175, 10.50269 ], [ 0.215377000000103, 10.507306 ], [ 0.215338, 10.511666 ], [ 0.211656000000119, 10.512844000000143 ], [ 0.209237000000144, 10.509674 ], [ 0.205348, 10.506734000000165 ], [ 0.203161000000136, 10.505019000000173 ], [ 0.198531, 10.502799000000152 ], [ 0.193150000000117, 10.502509000000146 ], [ 0.191664000000117, 10.504433000000176 ], [ 0.191879000000142, 10.507826 ], [ 0.195062, 10.507612000000108 ], [ 0.197987000000126, 10.508849000000168 ], [ 0.2036, 10.510593 ], [ 0.20870900000017, 10.514029000000106 ], [ 0.207440000000134, 10.519104 ], [ 0.207177, 10.521039000000146 ], [ 0.208141, 10.522743000000107 ], [ 0.21056, 10.525913 ], [ 0.214438, 10.530064 ], [ 0.219047, 10.53470600000014 ], [ 0.22269400000016, 10.5374020000001 ], [ 0.223164000000169, 10.539586000000154 ], [ 0.222629, 10.544667 ], [ 0.218433, 10.548506 ], [ 0.215234, 10.550415000000154 ], [ 0.205469000000107, 10.547665000000165 ], [ 0.20033800000016, 10.546651000000107 ], [ 0.192758, 10.545857000000124 ], [ 0.188099, 10.546784000000114 ], [ 0.187339000000179, 10.549684 ], [ 0.190498, 10.552133 ], [ 0.193188, 10.5524 ], [ 0.201706000000172, 10.557803 ], [ 0.205499000000145, 10.561243 ], [ 0.208464000000106, 10.562687 ], [ 0.214433, 10.565597 ], [ 0.21578, 10.566253000000188 ], [ 0.22108, 10.572354000000134 ], [ 0.236624, 10.587628 ], [ 0.239653, 10.591060000000141 ], [ 0.242703000000119, 10.592222000000165 ], [ 0.245018000000186, 10.589972000000158 ], [ 0.249245, 10.58773900000017 ], [ 0.253459000000134, 10.587018000000169 ], [ 0.255437, 10.588108000000146 ], [ 0.258909, 10.587056000000134 ], [ 0.266545, 10.58863600000012 ], [ 0.275657, 10.591609 ], [ 0.277521, 10.591012 ], [ 0.28896200000014, 10.588383000000135 ], [ 0.299751000000186, 10.585905 ], [ 0.300216, 10.585621 ], [ 0.301132, 10.586144000000163 ], [ 0.301155000000165, 10.586271000000179 ], [ 0.311365000000138, 10.596592000000101 ], [ 0.316638000000125, 10.610056000000156 ], [ 0.319443, 10.621499000000142 ], [ 0.325389000000143, 10.629016 ], [ 0.332121, 10.633055 ], [ 0.335317, 10.633055 ], [ 0.335305000000118, 10.633105000000114 ], [ 0.335299000000134, 10.633136 ], [ 0.335642000000122, 10.637681 ], [ 0.331786, 10.641054 ], [ 0.331997000000115, 10.641553000000105 ], [ 0.329922, 10.64231500000011 ], [ 0.328440000000172, 10.643756000000167 ], [ 0.323763, 10.646622000000148 ], [ 0.321512, 10.648305000000104 ], [ 0.320559, 10.649017 ], [ 0.32005, 10.651192 ], [ 0.319786, 10.653370000000168 ], [ 0.319752, 10.65724500000016 ], [ 0.319497, 10.658454000000175 ], [ 0.314841000000115, 10.658898000000134 ], [ 0.311151000000166, 10.660804 ], [ 0.309926, 10.661784000000184 ], [ 0.307496, 10.662417000000175 ], [ 0.302523, 10.662375 ], [ 0.302355, 10.662805000000102 ], [ 0.301959, 10.662937 ], [ 0.300518, 10.664538000000164 ], [ 0.296673, 10.664859 ], [ 0.291707, 10.665500000000179 ], [ 0.286902, 10.668223 ], [ 0.283378000000142, 10.670145000000103 ], [ 0.28225600000019, 10.671106 ], [ 0.281135000000177, 10.675111000000125 ], [ 0.280494, 10.677193 ], [ 0.280975, 10.679916000000103 ], [ 0.280334000000153, 10.684882000000128 ], [ 0.277611, 10.689528000000164 ], [ 0.276329, 10.696576000000105 ], [ 0.273446, 10.699139000000116 ], [ 0.271363, 10.702823 ], [ 0.266558, 10.708590000000129 ], [ 0.262793000000103, 10.717551000000128 ], [ 0.259488, 10.722436000000187 ], [ 0.251559000000157, 10.720276000000126 ], [ 0.251354, 10.723557 ], [ 0.24950900000016, 10.728887000000157 ], [ 0.249919, 10.73237200000017 ], [ 0.250083, 10.733055 ], [ 0.24179, 10.73507700000016 ], [ 0.239873000000102, 10.738112000000115 ], [ 0.239053000000127, 10.741597000000183 ], [ 0.239463000000114, 10.7463130000001 ], [ 0.237098, 10.746542 ], [ 0.237055, 10.747281 ], [ 0.225113000000135, 10.749593 ], [ 0.218962, 10.750823 ], [ 0.214247, 10.753693 ], [ 0.213017, 10.767839 ], [ 0.212742, 10.780906 ], [ 0.203997000000186, 10.778499 ], [ 0.180216, 10.781574 ], [ 0.18001, 10.781574 ], [ 0.180256000000157, 10.781797 ], [ 0.178436, 10.781509 ], [ 0.177961000000153, 10.781984000000136 ], [ 0.164307000000179, 10.785777 ], [ 0.16402, 10.78567500000014 ], [ 0.157459, 10.783419 ], [ 0.149669000000131, 10.782599 ], [ 0.140649, 10.783419 ] ] ] } },
{ "type": "Feature", "properties": { "Préfecture": "Tchamba", "Code HDX": "TG0104", "Région": "Centrale", "Zone": "Centrale", "Surface (km²)": 3197.09 }, "geometry": { "type": "Polygon", "coordinates": [ [ [ 1.625876000000119, 8.97227900000013 ], [ 1.623821, 8.974677000000154 ], [ 1.62793100000016, 8.990773 ], [ 1.628616, 8.995568000000105 ], [ 1.629177, 8.998374 ], [ 1.629986, 8.998992 ], [ 1.626219, 9.025363 ], [ 1.62450600000011, 9.042144000000178 ], [ 1.615602, 9.062693 ], [ 1.617657, 9.071597000000166 ], [ 1.609542, 9.08815 ], [ 1.609437000000128, 9.088721 ], [ 1.604643000000124, 9.099337000000105 ], [ 1.598136000000125, 9.110981 ], [ 1.591971, 9.117146000000162 ], [ 1.583067000000142, 9.12742 ], [ 1.578957, 9.131872 ], [ 1.572792000000163, 9.144886000000154 ], [ 1.567998000000159, 9.153106 ], [ 1.563546, 9.161667 ], [ 1.559436000000119, 9.169887000000189 ], [ 1.553614, 9.175024000000121 ], [ 1.550874000000136, 9.176736 ], [ 1.544367000000136, 9.18016100000011 ], [ 1.536148, 9.184956000000168 ], [ 1.528614, 9.189750000000174 ], [ 1.526324000000102, 9.190437 ], [ 1.525868, 9.190948000000164 ], [ 1.508598, 9.208374000000106 ], [ 1.503764000000103, 9.213209000000118 ], [ 1.495967000000122, 9.220850000000153 ], [ 1.489885000000129, 9.227633 ], [ 1.485207000000173, 9.234338 ], [ 1.478658, 9.238705 ], [ 1.475421, 9.240771000000166 ], [ 1.471679000000108, 9.244748 ], [ 1.462011, 9.254728000000169 ], [ 1.459905000000106, 9.262057 ], [ 1.452966, 9.274766 ], [ 1.450159, 9.278898 ], [ 1.444623, 9.284278000000143 ], [ 1.444546000000116, 9.28420700000015 ], [ 1.440335, 9.280302000000173 ], [ 1.437138000000175, 9.276559 ], [ 1.434487, 9.271335 ], [ 1.430745, 9.263148000000113 ], [ 1.42517, 9.247126000000151 ], [ 1.424, 9.24159 ], [ 1.422909, 9.235196 ], [ 1.420570000000168, 9.229504000000134 ], [ 1.416009, 9.22330600000015 ], [ 1.410551, 9.219095 ], [ 1.407510000000116, 9.214261000000135 ], [ 1.402442000000178, 9.203891000000112 ], [ 1.396555, 9.195743 ], [ 1.395619000000181, 9.190363000000104 ], [ 1.395307000000116, 9.185451000000116 ], [ 1.396087, 9.177186000000122 ], [ 1.394605000000126, 9.170481000000107 ], [ 1.391487, 9.161124 ], [ 1.39079, 9.160356 ], [ 1.39079, 9.159748 ], [ 1.39281700000015, 9.155693 ], [ 1.406306000000143, 9.140879 ], [ 1.411188000000152, 9.131889000000173 ], [ 1.411145000000147, 9.131872 ], [ 1.410460000000114, 9.120228000000109 ], [ 1.40635, 9.110981 ], [ 1.402583000000106, 9.105844000000104 ], [ 1.397446000000173, 9.098995 ], [ 1.395734000000118, 9.092488000000118 ], [ 1.391967, 9.082556 ], [ 1.390939, 9.073652 ], [ 1.389912000000152, 9.068515 ], [ 1.384089, 9.063035000000131 ], [ 1.378953, 9.058925 ], [ 1.377913000000148, 9.05779200000012 ], [ 1.377146, 9.056303000000185 ], [ 1.373538000000167, 9.049306000000172 ], [ 1.371456, 9.04425 ], [ 1.363736, 9.034667 ], [ 1.36283, 9.033542 ], [ 1.355097, 9.033245 ], [ 1.350338000000136, 9.029378000000122 ], [ 1.35242, 9.024322000000152 ], [ 1.355097, 9.023132 ], [ 1.355383, 9.022858000000156 ], [ 1.37562000000014, 9.003501 ], [ 1.378084, 8.994629 ], [ 1.378953, 8.993513 ], [ 1.380075000000147, 8.991143 ], [ 1.376215000000172, 8.981491000000117 ], [ 1.373241000000121, 8.977030000000125 ], [ 1.368184, 8.972271 ], [ 1.364615000000128, 8.971081000000142 ], [ 1.355989000000136, 8.968999000000165 ], [ 1.333682, 8.970784 ], [ 1.315538, 8.973163000000111 ], [ 1.3084, 8.97465 ], [ 1.300667, 8.972568 ], [ 1.295016, 8.9678090000001 ], [ 1.295610000000181, 8.958589 ], [ 1.2968, 8.940148 ], [ 1.293826, 8.931523 ], [ 1.291446000000122, 8.923789000000115 ], [ 1.284605, 8.905706000000182 ], [ 1.283719, 8.898436000000116 ], [ 1.283416, 8.895950000000143 ], [ 1.283178, 8.887622000000135 ], [ 1.281988, 8.878342 ], [ 1.283178, 8.8693 ], [ 1.284843, 8.862399 ], [ 1.29222, 8.856927 ], [ 1.306068, 8.851073 ], [ 1.310256, 8.844601000000182 ], [ 1.311969000000147, 8.837558000000115 ], [ 1.315967, 8.831466 ], [ 1.321487, 8.822329 ], [ 1.324152, 8.816047 ], [ 1.326056, 8.807481 ], [ 1.326627, 8.801961000000173 ], [ 1.322629, 8.797392000000116 ], [ 1.31339700000018, 8.795013 ], [ 1.309971, 8.791015 ], [ 1.307305, 8.787018000000103 ], [ 1.305402000000186, 8.781878 ], [ 1.305592000000104, 8.778071 ], [ 1.307305, 8.773122 ], [ 1.307496, 8.768363 ], [ 1.306164, 8.762272 ], [ 1.303498, 8.759036 ], [ 1.294932, 8.754467000000147 ], [ 1.291696000000172, 8.750850000000183 ], [ 1.285129, 8.746948 ], [ 1.283416, 8.745615 ], [ 1.278657000000124, 8.743521 ], [ 1.27243, 8.735974000000171 ], [ 1.272375, 8.735907000000166 ], [ 1.272756000000186, 8.730768 ], [ 1.274279, 8.724486000000185 ], [ 1.277294000000154, 8.719531000000188 ], [ 1.275510000000111, 8.715366000000188 ], [ 1.273428, 8.712392000000136 ], [ 1.269264, 8.709418 ], [ 1.263613, 8.705849 ], [ 1.259746, 8.703469 ], [ 1.259746, 8.696033000000169 ], [ 1.26272100000017, 8.687110000000132 ], [ 1.268669, 8.67789 ], [ 1.26985900000011, 8.674023 ], [ 1.270156000000156, 8.664803 ], [ 1.268684, 8.658666 ], [ 1.268371000000116, 8.657367 ], [ 1.26510000000019, 8.651716000000132 ], [ 1.261233000000119, 8.648147 ], [ 1.259116000000121, 8.645827000000109 ], [ 1.253436, 8.639602 ], [ 1.253500000000145, 8.639521 ], [ 1.253500000000145, 8.638754 ], [ 1.253500000000145, 8.631491 ], [ 1.258259, 8.618998 ], [ 1.262125, 8.600557 ], [ 1.257069, 8.58895800000016 ], [ 1.250082000000134, 8.584425 ], [ 1.24710000000016, 8.576722 ], [ 1.24436, 8.570215000000132 ], [ 1.242648, 8.566448 ], [ 1.242648, 8.561492000000102 ], [ 1.251960000000111, 8.555571000000102 ], [ 1.263539000000151, 8.557886000000167 ], [ 1.268676, 8.555489 ], [ 1.268676, 8.548297000000105 ], [ 1.258915000000173, 8.539564000000155 ], [ 1.252066000000127, 8.536139000000103 ], [ 1.246244, 8.535112 ], [ 1.240422, 8.534084 ], [ 1.235970000000123, 8.53271500000011 ], [ 1.23186, 8.528947 ], [ 1.229337, 8.522893000000122 ], [ 1.228435000000161, 8.520728 ], [ 1.227065000000152, 8.512166 ], [ 1.230148000000156, 8.501207000000134 ], [ 1.237339, 8.487166000000114 ], [ 1.237553000000162, 8.485463 ], [ 1.238025000000107, 8.481686 ], [ 1.237339, 8.478261000000145 ], [ 1.229463000000123, 8.465932000000182 ], [ 1.227750000000128, 8.460795 ], [ 1.227316, 8.453985 ], [ 1.226982, 8.448760000000107 ], [ 1.2303280000001, 8.441155 ], [ 1.232269000000144, 8.428344 ], [ 1.235375, 8.41398 ], [ 1.234987000000103, 8.405827000000158 ], [ 1.235197, 8.395966000000158 ], [ 1.233046000000115, 8.390687000000128 ], [ 1.232629, 8.386935 ], [ 1.232048000000134, 8.386798 ], [ 1.228949, 8.378430000000153 ], [ 1.244703, 8.372951000000116 ], [ 1.259429, 8.372266 ], [ 1.277580000000171, 8.372608000000183 ], [ 1.28203200000013, 8.367813 ], [ 1.283745, 8.367128 ], [ 1.28785500000015, 8.366444000000117 ], [ 1.292649000000154, 8.366101000000183 ], [ 1.295046, 8.365759000000139 ], [ 1.297786, 8.365416 ], [ 1.302238, 8.366444000000115 ], [ 1.304978000000119, 8.364731000000175 ], [ 1.306005, 8.365416 ], [ 1.3108, 8.366101000000185 ], [ 1.311143, 8.363361000000113 ], [ 1.320047000000103, 8.35788200000013 ], [ 1.322444000000189, 8.358567000000166 ], [ 1.331006, 8.358224000000176 ], [ 1.334773, 8.358224000000178 ], [ 1.33854, 8.359594 ], [ 1.357377, 8.351032 ], [ 1.359432, 8.351032 ], [ 1.363884, 8.351032 ], [ 1.371418, 8.354799000000126 ], [ 1.37861, 8.354799000000126 ], [ 1.384775000000161, 8.355142 ], [ 1.388884000000132, 8.358909 ], [ 1.393336, 8.360279 ], [ 1.404981000000135, 8.362676000000134 ], [ 1.413542, 8.363019 ], [ 1.417995, 8.362676000000137 ], [ 1.424502, 8.362334 ], [ 1.435118, 8.361991000000103 ], [ 1.441968000000145, 8.361649 ], [ 1.44642, 8.361991000000101 ], [ 1.454982, 8.363704 ], [ 1.462859, 8.365759000000139 ], [ 1.469366, 8.368156 ], [ 1.47279, 8.371923000000152 ], [ 1.473129, 8.371855 ], [ 1.476022000000115, 8.375274000000104 ], [ 1.478475, 8.377636000000166 ], [ 1.48342, 8.382397 ], [ 1.485063000000139, 8.384589 ], [ 1.487803, 8.389795 ], [ 1.489995, 8.392808000000112 ], [ 1.492461000000105, 8.394726 ], [ 1.50068, 8.40322 ], [ 1.513009000000126, 8.428152000000123 ], [ 1.515749, 8.431439000000125 ], [ 1.518489, 8.433905 ], [ 1.52287200000012, 8.436371000000179 ], [ 1.52479, 8.437741000000186 ], [ 1.528078000000108, 8.438015000000123 ], [ 1.534105000000181, 8.439111 ], [ 1.538489, 8.4402070000001 ], [ 1.547257000000172, 8.442947000000176 ], [ 1.565065000000118, 8.448152 ], [ 1.571093, 8.449796 ], [ 1.593833, 8.455276 ], [ 1.619587, 8.47007 ], [ 1.649922000000174, 8.478124000000152 ], [ 1.650192000000118, 8.478432 ], [ 1.649507000000142, 8.481172000000129 ], [ 1.649164000000156, 8.490761 ], [ 1.641287000000148, 8.503433 ], [ 1.637504000000149, 8.508925 ], [ 1.630328, 8.633566000000142 ], [ 1.630328, 8.635628 ], [ 1.628616, 8.647614 ], [ 1.628616, 8.650697 ], [ 1.62930100000017, 8.654806000000178 ], [ 1.630328, 8.661313000000177 ], [ 1.631355, 8.673985 ], [ 1.631698, 8.679464 ], [ 1.632212000000152, 8.69539 ], [ 1.632554, 8.722103 ], [ 1.632554, 8.750185 ], [ 1.632554, 8.778953 ], [ 1.633239, 8.784090000000162 ], [ 1.633582, 8.796077 ], [ 1.632897000000185, 8.799844000000121 ], [ 1.632897000000185, 8.80498100000011 ], [ 1.632554, 8.811831 ], [ 1.631869, 8.816625 ], [ 1.631669000000159, 8.816313000000148 ], [ 1.631698, 8.816796000000124 ], [ 1.631355, 8.820906 ], [ 1.628958, 8.830495 ], [ 1.631013, 8.839057000000141 ], [ 1.631698, 8.847619000000119 ], [ 1.632726, 8.852414 ], [ 1.632726, 8.860291 ], [ 1.630328, 8.880154 ], [ 1.628616, 8.895565 ], [ 1.626903, 8.907894 ], [ 1.626561000000153, 8.914401000000167 ], [ 1.625666000000138, 8.921263 ], [ 1.625876000000119, 8.92193600000013 ], [ 1.623479, 8.945567 ], [ 1.622109, 8.955156 ], [ 1.625876000000119, 8.97227900000013 ] ] ] } },
{ "type": "Feature", "properties": { "Préfecture": "Tchaoudjo", "Code HDX": "TG0105", "Région": "Centrale", "Zone": "Centrale", "Surface (km²)": 2396.14 }, "geometry": { "type": "Polygon", "coordinates": [ [ [ 1.430745, 9.263148000000113 ], [ 1.434487, 9.271335 ], [ 1.437138000000175, 9.276559 ], [ 1.440335, 9.280302000000173 ], [ 1.444546000000116, 9.28420700000015 ], [ 1.436966000000155, 9.293004 ], [ 1.431143, 9.296549 ], [ 1.421417, 9.306945000000155 ], [ 1.418072, 9.312973000000111 ], [ 1.413042, 9.324488 ], [ 1.413000000000126, 9.324461 ], [ 1.4067, 9.320339000000102 ], [ 1.388775, 9.309271 ], [ 1.384267, 9.304375000000107 ], [ 1.383444000000168, 9.300992000000178 ], [ 1.379439000000104, 9.291783000000121 ], [ 1.378238, 9.286177 ], [ 1.378639, 9.28097200000019 ], [ 1.377838000000169, 9.273364 ], [ 1.377037000000144, 9.26976 ], [ 1.371431, 9.26976 ], [ 1.367828, 9.266157 ], [ 1.363824, 9.257348 ], [ 1.36022, 9.251742 ], [ 1.356216, 9.251742 ], [ 1.350210000000175, 9.251742 ], [ 1.343995, 9.252396 ], [ 1.342602, 9.252543 ], [ 1.333392, 9.250541000000114 ], [ 1.326185, 9.248539 ], [ 1.313772000000142, 9.245736 ], [ 1.310569000000157, 9.245736 ], [ 1.302160000000185, 9.248138 ], [ 1.294553000000121, 9.24974 ], [ 1.289347, 9.252943 ], [ 1.288939000000141, 9.253175 ], [ 1.28868, 9.25317400000017 ], [ 1.288957, 9.25243 ], [ 1.268120000000124, 9.249331 ], [ 1.263654, 9.247761000000139 ], [ 1.249023, 9.242616 ], [ 1.233121, 9.234763 ], [ 1.227062, 9.229262 ], [ 1.227055000000179, 9.229191000000183 ], [ 1.222879, 9.227717 ], [ 1.210066000000154, 9.222912 ], [ 1.203660000000184, 9.226516000000176 ], [ 1.200456, 9.232923 ], [ 1.198132, 9.235635000000118 ], [ 1.190506, 9.235407 ], [ 1.189751, 9.235331 ], [ 1.189679000000126, 9.235285 ], [ 1.189479000000119, 9.235257000000106 ], [ 1.189133, 9.235237 ], [ 1.187578, 9.235347 ], [ 1.185196000000133, 9.235491 ], [ 1.182038000000148, 9.232122 ], [ 1.178434, 9.229319 ], [ 1.175230000000113, 9.228118 ], [ 1.172828000000152, 9.226917000000132 ], [ 1.168424, 9.221711 ], [ 1.16522, 9.218508 ], [ 1.159615, 9.216506 ], [ 1.142797000000143, 9.219709 ], [ 1.131186, 9.222512 ], [ 1.123177, 9.223313000000189 ], [ 1.118773000000147, 9.226116000000104 ], [ 1.113167, 9.227317 ], [ 1.102756, 9.228118 ], [ 1.097951, 9.229319 ], [ 1.092746000000147, 9.229719000000159 ], [ 1.087941000000114, 9.229719000000157 ], [ 1.082736, 9.23012000000011 ], [ 1.076730000000111, 9.229319 ], [ 1.072725, 9.227717 ], [ 1.070724, 9.227717 ], [ 1.070506, 9.227362 ], [ 1.055796000000157, 9.22052 ], [ 1.040912, 9.213596 ], [ 1.02944, 9.212393000000134 ], [ 1.019677, 9.213480000000176 ], [ 1.017876, 9.213641 ], [ 1.01467, 9.211848000000145 ], [ 1.006583, 9.20991 ], [ 0.999936, 9.206087 ], [ 0.993299, 9.20037 ], [ 0.993325000000141, 9.195637 ], [ 0.988605, 9.188038 ], [ 0.98534, 9.175714 ], [ 0.985423, 9.161042 ], [ 0.98740800000013, 9.146853 ], [ 0.987937, 9.13739 ], [ 0.987033000000167, 9.128866000000185 ], [ 0.987628, 9.107570000000125 ], [ 0.989099, 9.100005000000181 ], [ 0.991038, 9.093863000000169 ], [ 0.997295000000179, 9.082064 ], [ 1.001143, 9.074985 ], [ 1.003082, 9.068843000000186 ], [ 1.002161, 9.063158 ], [ 1.001845, 9.062715000000141 ], [ 1.000201, 9.059399 ], [ 1.000278, 9.059288 ], [ 1.000228, 9.05932300000012 ], [ 0.99964, 9.058953 ], [ 0.998764, 9.058401 ], [ 0.99815, 9.057543000000125 ], [ 0.992886, 9.054278000000124 ], [ 0.986667, 9.053077 ], [ 0.98362, 9.052488 ], [ 0.982378000000153, 9.051194 ], [ 0.982277000000124, 9.051089000000104 ], [ 0.981363000000159, 9.050136000000125 ], [ 0.976144, 9.044697 ], [ 0.975519, 9.039623000000121 ], [ 0.975489000000152, 9.039382000000103 ], [ 0.97530200000017, 9.037852000000157 ], [ 0.972866, 9.034619 ], [ 0.972464000000173, 9.034086000000118 ], [ 0.969510000000184, 9.030166000000122 ], [ 0.966562000000124, 9.026796 ], [ 0.959086000000127, 9.0229 ], [ 0.949609, 9.01553 ], [ 0.947293000000116, 9.015109 ], [ 0.938513000000171, 9.014024000000177 ], [ 0.926545, 9.012545 ], [ 0.920021000000133, 9.011739000000146 ], [ 0.910966, 9.010265 ], [ 0.908758, 9.00992 ], [ 0.904227, 9.009212000000103 ], [ 0.896225000000129, 9.00679 ], [ 0.891908000000172, 9.006264000000101 ], [ 0.885064, 9.005211 ], [ 0.879417000000159, 9.004505 ], [ 0.87664, 9.004158000000134 ], [ 0.874466000000156, 9.004242000000149 ], [ 0.874152, 9.004254 ], [ 0.873286, 9.004136 ], [ 0.87326800000011, 9.004134 ], [ 0.873841, 9.003759000000118 ], [ 0.875448, 9.002707000000157 ], [ 0.87655, 9.001986000000157 ], [ 0.884087, 8.982036000000107 ], [ 0.892409, 8.957679 ], [ 0.896990000000187, 8.936999000000128 ], [ 0.903050000000122, 8.917806 ], [ 0.923174, 8.909784 ], [ 0.941778000000113, 8.907669 ], [ 0.952205000000106, 8.904768 ], [ 0.95802, 8.898529000000167 ], [ 0.958584000000143, 8.898436000000117 ], [ 0.962588000000153, 8.89343 ], [ 0.966092000000174, 8.887424 ], [ 0.965591, 8.87741400000016 ], [ 0.96409, 8.869906000000126 ], [ 0.960586, 8.859396 ], [ 0.955080000000124, 8.847383000000148 ], [ 0.94507, 8.835872 ], [ 0.938564000000156, 8.821857 ], [ 0.934059, 8.811346 ], [ 0.932057000000157, 8.801837 ], [ 0.935060000000135, 8.792327000000112 ], [ 0.942067, 8.786821000000145 ], [ 0.951076000000114, 8.784319 ], [ 0.961087000000134, 8.77581 ], [ 0.960855, 8.77361500000012 ], [ 0.962588000000154, 8.769804 ], [ 0.970596000000171, 8.770304 ], [ 0.973099000000103, 8.77531 ], [ 0.973599, 8.784819 ], [ 0.980106, 8.787822 ], [ 0.993119000000149, 8.789324000000132 ], [ 1.015642000000128, 8.787322 ], [ 1.016338000000133, 8.785930000000176 ], [ 1.016798, 8.786047 ], [ 1.023517000000139, 8.780905 ], [ 1.030247, 8.773545000000183 ], [ 1.040674, 8.76990100000012 ], [ 1.04666, 8.762536 ], [ 1.063846, 8.745614 ], [ 1.077963000000182, 8.747165000000107 ], [ 1.090559, 8.755365 ], [ 1.103941, 8.755432 ], [ 1.110665, 8.748809 ], [ 1.120344000000102, 8.745899000000181 ], [ 1.131529, 8.739298 ], [ 1.149345000000153, 8.744562 ], [ 1.171644, 8.74541 ], [ 1.177540000000135, 8.745439000000147 ], [ 1.178056, 8.742773000000168 ], [ 1.191741, 8.737475 ], [ 1.19805, 8.736504 ], [ 1.203388, 8.726799 ], [ 1.207755, 8.707388 ], [ 1.209119000000101, 8.69648 ], [ 1.212372000000187, 8.684725000000187 ], [ 1.212495, 8.684280000000115 ], [ 1.233458, 8.673691 ], [ 1.239102, 8.675405000000122 ], [ 1.245332, 8.672621 ], [ 1.255527, 8.668169 ], [ 1.262874000000181, 8.668202000000123 ], [ 1.268684, 8.658666 ], [ 1.270156000000156, 8.664803 ], [ 1.26985900000011, 8.674023 ], [ 1.268669, 8.67789 ], [ 1.26272100000017, 8.687110000000132 ], [ 1.259746, 8.696033000000169 ], [ 1.259746, 8.703469 ], [ 1.263613, 8.705849 ], [ 1.269264, 8.709418 ], [ 1.273428, 8.712392000000136 ], [ 1.275510000000111, 8.715366000000188 ], [ 1.277294000000154, 8.719531000000188 ], [ 1.274279, 8.724486000000185 ], [ 1.272756000000186, 8.730768 ], [ 1.272375, 8.735907000000166 ], [ 1.27243, 8.735974000000171 ], [ 1.278657000000124, 8.743521 ], [ 1.283416, 8.745615 ], [ 1.285129, 8.746948 ], [ 1.291696000000172, 8.750850000000183 ], [ 1.294932, 8.754467000000147 ], [ 1.303498, 8.759036 ], [ 1.306164, 8.762272 ], [ 1.307496, 8.768363 ], [ 1.307305, 8.773122 ], [ 1.305592000000104, 8.778071 ], [ 1.305402000000186, 8.781878 ], [ 1.307305, 8.787018000000103 ], [ 1.309971, 8.791015 ], [ 1.31339700000018, 8.795013 ], [ 1.322629, 8.797392000000116 ], [ 1.326627, 8.801961000000173 ], [ 1.326056, 8.807481 ], [ 1.324152, 8.816047 ], [ 1.321487, 8.822329 ], [ 1.315967, 8.831466 ], [ 1.311969000000147, 8.837558000000115 ], [ 1.310256, 8.844601000000182 ], [ 1.306068, 8.851073 ], [ 1.29222, 8.856927 ], [ 1.284843, 8.862399 ], [ 1.283178, 8.8693 ], [ 1.281988, 8.878342 ], [ 1.283178, 8.887622000000135 ], [ 1.283416, 8.895950000000143 ], [ 1.283719, 8.898436000000116 ], [ 1.284605, 8.905706000000182 ], [ 1.291446000000122, 8.923789000000115 ], [ 1.293826, 8.931523 ], [ 1.2968, 8.940148 ], [ 1.295610000000181, 8.958589 ], [ 1.295016, 8.9678090000001 ], [ 1.300667, 8.972568 ], [ 1.3084, 8.97465 ], [ 1.315538, 8.973163000000111 ], [ 1.333682, 8.970784 ], [ 1.355989000000136, 8.968999000000165 ], [ 1.364615000000128, 8.971081000000142 ], [ 1.368184, 8.972271 ], [ 1.373241000000121, 8.977030000000125 ], [ 1.376215000000172, 8.981491000000117 ], [ 1.380075000000147, 8.991143 ], [ 1.378953, 8.993513 ], [ 1.378084, 8.994629 ], [ 1.37562000000014, 9.003501 ], [ 1.355383, 9.022858000000156 ], [ 1.355097, 9.023132 ], [ 1.35242, 9.024322000000152 ], [ 1.350338000000136, 9.029378000000122 ], [ 1.355097, 9.033245 ], [ 1.36283, 9.033542 ], [ 1.363736, 9.034667 ], [ 1.371456, 9.04425 ], [ 1.373538000000167, 9.049306000000172 ], [ 1.377146, 9.056303000000185 ], [ 1.377913000000148, 9.05779200000012 ], [ 1.378953, 9.058925 ], [ 1.384089, 9.063035000000131 ], [ 1.389912000000152, 9.068515 ], [ 1.390939, 9.073652 ], [ 1.391967, 9.082556 ], [ 1.395734000000118, 9.092488000000118 ], [ 1.397446000000173, 9.098995 ], [ 1.402583000000106, 9.105844000000104 ], [ 1.40635, 9.110981 ], [ 1.410460000000114, 9.120228000000109 ], [ 1.411145000000147, 9.131872 ], [ 1.411188000000152, 9.131889000000173 ], [ 1.406306000000143, 9.140879 ], [ 1.39281700000015, 9.155693 ], [ 1.39079, 9.159748 ], [ 1.39079, 9.160356 ], [ 1.391487, 9.161124 ], [ 1.394605000000126, 9.170481000000107 ], [ 1.396087, 9.177186000000122 ], [ 1.395307000000116, 9.185451000000116 ], [ 1.395619000000181, 9.190363000000104 ], [ 1.396555, 9.195743 ], [ 1.402442000000178, 9.203891000000112 ], [ 1.407510000000116, 9.214261000000135 ], [ 1.410551, 9.219095 ], [ 1.416009, 9.22330600000015 ], [ 1.420570000000168, 9.229504000000134 ], [ 1.422909, 9.235196 ], [ 1.424, 9.24159 ], [ 1.42517, 9.247126000000151 ], [ 1.430745, 9.263148000000113 ] ] ] } },
{ "type": "Feature", "properties": { "Préfecture": "Tône", "Code HDX": "TG0516", "Région": "Savanes", "Zone": "Savanes", "Surface (km²)": 1221.72 }, "geometry": { "type": "Polygon", "coordinates": [ [ [ 0.265602000000172, 11.057005000000116 ], [ 0.191302000000178, 11.071582 ], [ 0.190364, 11.071766 ], [ 0.181753000000185, 11.06848500000018 ], [ 0.178063, 11.046344 ], [ 0.18236800000011, 11.041219000000183 ], [ 0.189134, 11.040194 ], [ 0.189204000000132, 11.040045000000191 ], [ 0.192824000000144, 11.032404 ], [ 0.196514, 11.032199000000105 ], [ 0.205329, 11.031994000000168 ], [ 0.211275, 11.030149000000105 ], [ 0.212095, 11.028099000000109 ], [ 0.21435, 11.020513 ], [ 0.217015000000117, 11.014773000000105 ], [ 0.219207, 11.013593000000185 ], [ 0.21189, 11.003702 ], [ 0.213421, 10.993638 ], [ 0.214094, 10.989215 ], [ 0.21476, 10.984842 ], [ 0.208610000000136, 10.979921 ], [ 0.202869000000136, 10.975821 ], [ 0.199794, 10.970901000000136 ], [ 0.199201, 10.966156 ], [ 0.177842, 10.974815000000147 ], [ 0.177038000000153, 10.974386 ], [ 0.17703, 10.974465000000121 ], [ 0.176628000000165, 10.973156000000186 ], [ 0.176003000000151, 10.971842 ], [ 0.172220000000152, 10.973463 ], [ 0.164635000000146, 10.976539000000116 ], [ 0.160125, 10.977974 ], [ 0.154384000000164, 10.981049 ], [ 0.148439000000167, 10.985559 ], [ 0.143519, 10.976744 ], [ 0.138394000000176, 10.972643 ], [ 0.137038, 10.971787 ], [ 0.133802, 10.977924 ], [ 0.12593, 10.989241 ], [ 0.121173000000114, 10.993177000000115 ], [ 0.118549, 10.993341000000157 ], [ 0.114942, 10.992029000000171 ], [ 0.111333, 10.991373 ], [ 0.108545000000163, 10.990881 ], [ 0.103297, 10.991209 ], [ 0.101329000000134, 10.991701 ], [ 0.095588, 10.994817 ], [ 0.092964, 10.994653 ], [ 0.090504, 10.995965 ], [ 0.089192, 10.998917 ], [ 0.086522000000117, 11.000995 ], [ 0.08624, 11.001214 ], [ 0.082796, 11.000885000000151 ], [ 0.075579000000118, 11.000393000000143 ], [ 0.072299000000156, 11.000885000000155 ], [ 0.065247, 10.999901 ], [ 0.05229, 10.997441 ], [ 0.043926, 10.995965 ], [ 0.036382, 10.993833 ], [ 0.029621, 10.993189 ], [ 0.029493, 10.993177000000113 ], [ 0.030313, 10.988913 ], [ 0.032117, 10.984485000000175 ], [ 0.029821, 10.977596 ], [ 0.026705000000163, 10.974316 ], [ 0.021785, 10.974152000000172 ], [ 0.017849000000126, 10.972348000000125 ], [ 0.006862, 10.961534000000142 ], [ 0.006572, 10.961573000000158 ], [ -0.007368, 10.959523000000161 ], [ -0.011673999999857, 10.956448000000137 ], [ -0.013724, 10.943942000000105 ], [ -0.013707999999837, 10.943916 ], [ -0.013801999999885, 10.943835000000149 ], [ -0.01575, 10.932414000000165 ], [ -0.015499, 10.93097 ], [ -0.015414, 10.928283000000132 ], [ -0.014071, 10.910649 ], [ -0.014995, 10.909389 ], [ -0.014906, 10.909034000000135 ], [ -0.015285, 10.908772000000168 ], [ -0.019155, 10.902908 ], [ -0.021074, 10.898409000000127 ], [ -0.02343, 10.892261 ], [ -0.031242, 10.872767 ], [ -0.03174399999989, 10.870148 ], [ -0.032008, 10.866262 ], [ -0.033961, 10.850261 ], [ -0.032853, 10.845194 ], [ -0.030649, 10.836403 ], [ -0.026458999999875, 10.825392 ], [ -0.027620999999839, 10.82075 ], [ -0.0282, 10.818205000000148 ], [ -0.03428799999989, 10.80769 ], [ -0.045539, 10.799813 ], [ -0.048461, 10.78992600000015 ], [ -0.053396, 10.784949 ], [ -0.058981999999843, 10.78459500000014 ], [ -0.062122, 10.781427 ], [ -0.067585, 10.768976000000123 ], [ -0.073482999999895, 10.769665 ], [ -0.075552, 10.765163 ], [ -0.073238999999887, 10.760556000000122 ], [ -0.072919, 10.759887 ], [ -0.069566999999893, 10.761106000000153 ], [ -0.044966, 10.770619000000179 ], [ -0.034306, 10.774719000000117 ], [ -0.013477, 10.783739 ], [ -0.005604, 10.785871 ], [ -0.003799999999898, 10.779967 ], [ -0.004292, 10.775703 ], [ -0.010173999999893, 10.768327 ], [ -0.015657, 10.76028600000018 ], [ -0.018307, 10.754346 ], [ -0.013372, 10.75197 ], [ -0.001035, 10.753066 ], [ 0.004564000000131, 10.756350000000108 ], [ 0.018177, 10.752742000000183 ], [ 0.025557, 10.751594 ], [ 0.039662, 10.753070000000148 ], [ 0.045977, 10.75420300000013 ], [ 0.046139000000153, 10.754513 ], [ 0.052699, 10.758613000000139 ], [ 0.059465000000159, 10.761073000000122 ], [ 0.065205000000105, 10.767634000000101 ], [ 0.06131, 10.775014 ], [ 0.057210000000111, 10.778294000000129 ], [ 0.051060000000177, 10.780959 ], [ 0.047164, 10.780344000000127 ], [ 0.044089, 10.781779 ], [ 0.043064000000128, 10.784444 ], [ 0.044704, 10.788135000000125 ], [ 0.049419000000114, 10.790390000000173 ], [ 0.055160000000114, 10.793055 ], [ 0.063294, 10.795213000000105 ], [ 0.065205000000106, 10.795720000000131 ], [ 0.065231, 10.79572300000018 ], [ 0.068363, 10.79756900000018 ], [ 0.073408, 10.800771 ], [ 0.082236, 10.802863000000114 ], [ 0.09209, 10.804809 ], [ 0.093086, 10.805355 ], [ 0.105182, 10.805765 ], [ 0.107232, 10.80474 ], [ 0.111742000000163, 10.802485000000102 ], [ 0.120558, 10.79777 ], [ 0.128963, 10.795310000000141 ], [ 0.126298, 10.790595000000106 ], [ 0.120304, 10.78513 ], [ 0.125888, 10.784444 ], [ 0.140649, 10.783419 ], [ 0.149669000000131, 10.782599 ], [ 0.157459, 10.783419 ], [ 0.16402, 10.78567500000014 ], [ 0.164307000000179, 10.785777 ], [ 0.177961000000153, 10.781984000000136 ], [ 0.178436, 10.781509 ], [ 0.180256000000157, 10.781797 ], [ 0.18001, 10.781574 ], [ 0.180216, 10.781574 ], [ 0.203997000000186, 10.778499 ], [ 0.212742, 10.780906 ], [ 0.213017, 10.767839 ], [ 0.214247, 10.753693 ], [ 0.218962, 10.750823 ], [ 0.225113000000135, 10.749593 ], [ 0.237055, 10.747281 ], [ 0.237098, 10.746542 ], [ 0.239463000000114, 10.7463130000001 ], [ 0.239053000000127, 10.741597000000183 ], [ 0.239873000000102, 10.738112000000115 ], [ 0.24179, 10.73507700000016 ], [ 0.250083, 10.733055 ], [ 0.249919, 10.73237200000017 ], [ 0.24950900000016, 10.728887000000157 ], [ 0.251354, 10.723557 ], [ 0.251559000000157, 10.720276000000126 ], [ 0.259488, 10.722436000000187 ], [ 0.262793000000103, 10.717551000000128 ], [ 0.266558, 10.708590000000129 ], [ 0.271363, 10.702823 ], [ 0.273446, 10.699139000000116 ], [ 0.276329, 10.696576000000105 ], [ 0.277611, 10.689528000000164 ], [ 0.280334000000153, 10.684882000000128 ], [ 0.280975, 10.679916000000103 ], [ 0.280494, 10.677193 ], [ 0.281135000000177, 10.675111000000125 ], [ 0.28225600000019, 10.671106 ], [ 0.283378000000142, 10.670145000000103 ], [ 0.286902, 10.668223 ], [ 0.291707, 10.665500000000179 ], [ 0.296673, 10.664859 ], [ 0.300518, 10.664538000000164 ], [ 0.301959, 10.662937 ], [ 0.302355, 10.662805000000102 ], [ 0.301999, 10.663719 ], [ 0.303837, 10.667089 ], [ 0.304156000000149, 10.669325 ], [ 0.306707000000189, 10.672726000000125 ], [ 0.318505, 10.672352000000105 ], [ 0.323462, 10.674286 ], [ 0.339089, 10.681232000000135 ], [ 0.342318, 10.682773 ], [ 0.342165, 10.683288 ], [ 0.345752000000118, 10.686127000000111 ], [ 0.33967900000016, 10.691615000000183 ], [ 0.33981000000017, 10.691176 ], [ 0.338901, 10.691232 ], [ 0.334588000000111, 10.696085 ], [ 0.33458800000011, 10.69629 ], [ 0.333973, 10.70039 ], [ 0.332948000000158, 10.703671 ], [ 0.329258, 10.708181 ], [ 0.32577300000014, 10.715971000000136 ], [ 0.32577300000014, 10.723147 ], [ 0.326629, 10.726000000000166 ], [ 0.328233000000126, 10.731347 ], [ 0.330078000000185, 10.736677 ], [ 0.329053000000101, 10.743442 ], [ 0.326798, 10.746723 ], [ 0.326593000000116, 10.751233 ], [ 0.327412, 10.755538 ], [ 0.328438000000176, 10.756768 ], [ 0.330488000000173, 10.757383000000122 ], [ 0.336228000000119, 10.75656300000014 ], [ 0.339713000000131, 10.755743000000168 ], [ 0.342378, 10.754103 ], [ 0.345248, 10.753078000000128 ], [ 0.346274000000165, 10.753488000000118 ], [ 0.348324000000105, 10.756973000000128 ], [ 0.346888000000149, 10.759228 ], [ 0.338073000000178, 10.763738000000162 ], [ 0.334383, 10.767634 ], [ 0.332333, 10.776039 ], [ 0.332561000000112, 10.778895000000148 ], [ 0.332743, 10.781164000000102 ], [ 0.331923, 10.791005 ], [ 0.32977000000011, 10.796438 ], [ 0.324645, 10.799308000000167 ], [ 0.321365, 10.803613 ], [ 0.320955, 10.808123000000139 ], [ 0.321980000000168, 10.810993000000108 ], [ 0.323620000000176, 10.816323 ], [ 0.326080000000104, 10.818169 ], [ 0.329155000000185, 10.817759 ], [ 0.330795, 10.817964000000133 ], [ 0.33182, 10.821449 ], [ 0.331801, 10.821595000000173 ], [ 0.333209, 10.823179000000152 ], [ 0.333586, 10.823732 ], [ 0.33366500000011, 10.823704 ], [ 0.33674, 10.82636900000011 ], [ 0.337002, 10.827034 ], [ 0.346532, 10.827502 ], [ 0.357918, 10.828956000000119 ], [ 0.364460000000123, 10.831621000000155 ], [ 0.371727, 10.833559 ], [ 0.379722, 10.833801 ], [ 0.384776000000102, 10.833118 ], [ 0.384717, 10.835129000000165 ], [ 0.38084, 10.837959000000183 ], [ 0.38043, 10.842059000000118 ], [ 0.37715, 10.846979 ], [ 0.374895, 10.852104000000111 ], [ 0.373869, 10.859280000000183 ], [ 0.371409, 10.865840000000105 ], [ 0.365669000000139, 10.87609 ], [ 0.359724000000141, 10.882856 ], [ 0.353983, 10.885931000000141 ], [ 0.351728, 10.893311 ], [ 0.352138, 10.899667000000136 ], [ 0.356649, 10.916887000000145 ], [ 0.360749, 10.924063 ], [ 0.363619, 10.932673 ], [ 0.371820000000128, 10.943744 ], [ 0.373552, 10.946949 ], [ 0.373112000000106, 10.946729000000117 ], [ 0.369478000000186, 10.951574 ], [ 0.367964000000142, 10.952180000000114 ], [ 0.362210000000118, 10.953997000000186 ], [ 0.360127, 10.958858 ], [ 0.359485, 10.960356000000159 ], [ 0.361605000000169, 10.963687000000105 ], [ 0.364027, 10.963990000000136 ], [ 0.365996, 10.968078000000162 ], [ 0.369327000000112, 10.971409 ], [ 0.372658, 10.975648000000147 ], [ 0.376292000000149, 10.977768 ], [ 0.376385, 10.977944 ], [ 0.378400000000113, 10.978534 ], [ 0.382828, 10.98083 ], [ 0.388569, 10.984766000000148 ], [ 0.389553, 10.989030000000184 ], [ 0.389717000000189, 10.991982000000178 ], [ 0.389881, 10.996083 ], [ 0.387748000000158, 11.002479 ], [ 0.389553, 11.004611 ], [ 0.392669000000183, 11.003463000000124 ], [ 0.396113, 11.001987 ], [ 0.398901000000137, 11.001495 ], [ 0.401853000000131, 11.002151 ], [ 0.401853000000131, 11.005759000000181 ], [ 0.401361000000121, 11.010843 ], [ 0.401197, 11.017240000000127 ], [ 0.401853000000131, 11.020848 ], [ 0.406282000000148, 11.023308 ], [ 0.408578, 11.026916000000142 ], [ 0.406773000000101, 11.0279 ], [ 0.397097, 11.029868000000135 ], [ 0.392362, 11.037539000000152 ], [ 0.362000000000137, 11.044244000000161 ], [ 0.359261000000175, 11.044742000000154 ], [ 0.33264, 11.047575 ], [ 0.3144, 11.048660000000154 ], [ 0.303119000000152, 11.049830000000156 ], [ 0.296353, 11.050240000000141 ], [ 0.291528000000142, 11.050425000000187 ], [ 0.291228, 11.050650000000132 ], [ 0.266627, 11.0568 ], [ 0.266540000000134, 11.056578000000171 ], [ 0.265602000000172, 11.057005000000116 ] ] ] } },
{ "type": "Feature", "properties": { "Préfecture": "Vo", "Code HDX": "TG0306", "Région": "Maritime", "Zone": "Maritime hors Grand Lomé", "Surface (km²)": 755.35 }, "geometry": { "type": "Polygon", "coordinates": [ [ [ 1.515899000000161, 6.554958 ], [ 1.513811, 6.557067000000131 ], [ 1.510447406000083, 6.562933161000102 ], [ 1.509174, 6.565154000000121 ], [ 1.510623, 6.569884000000116 ], [ 1.51173400000016, 6.57299 ], [ 1.511524000000179, 6.574108 ], [ 1.511489, 6.574149 ], [ 1.509473000000129, 6.576501000000122 ], [ 1.508106000000168, 6.577698 ], [ 1.504516000000137, 6.578211 ], [ 1.503885000000139, 6.578075000000183 ], [ 1.500148, 6.573791 ], [ 1.495621, 6.570497 ], [ 1.492851, 6.568481 ], [ 1.492403000000138, 6.567692000000136 ], [ 1.492555753000033, 6.562961696000057 ], [ 1.492585, 6.562056 ], [ 1.493131000000119, 6.555905000000108 ], [ 1.494024000000138, 6.551161000000148 ], [ 1.494221, 6.543953 ], [ 1.495642, 6.539211000000138 ], [ 1.495474, 6.536573000000146 ], [ 1.486688000000129, 6.535492 ], [ 1.483874000000185, 6.535835 ], [ 1.480708, 6.536529 ], [ 1.476491000000181, 6.535989000000141 ], [ 1.474319, 6.535982000000104 ], [ 1.473543000000177, 6.535348 ], [ 1.466127000000142, 6.535325000000115 ], [ 1.456801000000155, 6.531451 ], [ 1.452968, 6.527319 ], [ 1.44775900000019, 6.524282 ], [ 1.447694000000126, 6.524347 ], [ 1.44735, 6.52381800000012 ], [ 1.444842, 6.520188000000188 ], [ 1.440514, 6.513925000000143 ], [ 1.430674, 6.504452 ], [ 1.426832000000104, 6.498003 ], [ 1.414003, 6.483799 ], [ 1.409286000000179, 6.482926000000134 ], [ 1.404571000000146, 6.481194000000187 ], [ 1.402433000000145, 6.478613000000165 ], [ 1.398147000000108, 6.477312000000152 ], [ 1.393014000000107, 6.472145 ], [ 1.388746, 6.464835 ], [ 1.38447200000013, 6.459672 ], [ 1.384498000000178, 6.451517 ], [ 1.388802000000112, 6.447239 ], [ 1.38864800000016, 6.446217 ], [ 1.388375000000167, 6.446379000000152 ], [ 1.386245000000145, 6.441651 ], [ 1.382837, 6.433915 ], [ 1.378988000000106, 6.43004 ], [ 1.37128, 6.425295000000176 ], [ 1.36662500000017, 6.42316000000011 ], [ 1.367213000000163, 6.422492 ], [ 1.368087000000173, 6.417345000000182 ], [ 1.370682000000102, 6.410915 ], [ 1.371152000000109, 6.398041 ], [ 1.374197000000152, 6.384746000000176 ], [ 1.377453, 6.372524000000169 ], [ 1.380056, 6.363519000000109 ], [ 1.380530000000135, 6.348929000000113 ], [ 1.379547000000173, 6.348620000000153 ], [ 1.380339000000107, 6.348029000000109 ], [ 1.380827000000181, 6.344499 ], [ 1.382534, 6.332156 ], [ 1.384718, 6.319287 ], [ 1.385617, 6.305985 ], [ 1.385767, 6.303838 ], [ 1.386971000000131, 6.30389 ], [ 1.392278000000147, 6.2920400000001 ], [ 1.392511, 6.28786500000018 ], [ 1.394718, 6.2841370000001 ], [ 1.399347, 6.278657000000179 ], [ 1.400679000000139, 6.273827 ], [ 1.40421, 6.26812400000017 ], [ 1.405518000000143, 6.257013 ], [ 1.405788, 6.254724 ], [ 1.405359000000145, 6.251427 ], [ 1.405356, 6.251345 ], [ 1.407651, 6.250358000000119 ], [ 1.415953, 6.247149 ], [ 1.424895, 6.241198 ], [ 1.428698000000111, 6.238537000000122 ], [ 1.437990000000128, 6.232939 ], [ 1.445318, 6.226492 ], [ 1.452921, 6.221451 ], [ 1.461738, 6.216326 ], [ 1.473519000000124, 6.212316 ], [ 1.476506, 6.212149 ], [ 1.479823000000181, 6.219542 ], [ 1.486224000000107, 6.223376000000143 ], [ 1.492403000000138, 6.225222000000144 ], [ 1.498163, 6.225801 ], [ 1.503501, 6.226800000000139 ], [ 1.510104000000126, 6.227663000000122 ], [ 1.513896000000159, 6.228518000000179 ], [ 1.521341000000121, 6.230226 ], [ 1.527201, 6.232782 ], [ 1.529331, 6.231286 ], [ 1.531794000000105, 6.230238 ], [ 1.534088000000168, 6.226376 ], [ 1.541994000000102, 6.226223000000176 ], [ 1.546211000000143, 6.226058 ], [ 1.550247000000127, 6.227828000000101 ], [ 1.554112, 6.227838 ], [ 1.55868, 6.227675 ], [ 1.563421000000176, 6.228567000000112 ], [ 1.573959, 6.229826 ], [ 1.580279, 6.231425000000171 ], [ 1.584962, 6.230571 ], [ 1.585025000000144, 6.230559 ], [ 1.585544, 6.233725 ], [ 1.584993000000168, 6.24269 ], [ 1.582864, 6.25042 ], [ 1.583025, 6.255695000000117 ], [ 1.583011000000113, 6.255819 ], [ 1.577796, 6.255531 ], [ 1.572285000000136, 6.262933 ], [ 1.565103, 6.279395000000135 ], [ 1.559789, 6.282035 ], [ 1.564555, 6.28691 ], [ 1.568204000000151, 6.290980000000162 ], [ 1.571992, 6.293084 ], [ 1.575220000000115, 6.29561 ], [ 1.582236000000137, 6.295891 ], [ 1.587708, 6.297575000000108 ], [ 1.597951, 6.297575000000109 ], [ 1.601121, 6.298012 ], [ 1.600179, 6.30339 ], [ 1.598792, 6.308606000000168 ], [ 1.597400000000164, 6.316019000000154 ], [ 1.597113, 6.317036 ], [ 1.597109095000178, 6.317037049000078 ], [ 1.597124, 6.317038 ], [ 1.596887, 6.321651 ], [ 1.596205, 6.324125 ], [ 1.595404, 6.329186000000106 ], [ 1.594719, 6.333010000000173 ], [ 1.594544, 6.335653 ], [ 1.594308000000126, 6.339591 ], [ 1.595087, 6.342744000000151 ], [ 1.595529, 6.345445 ], [ 1.59563, 6.349721000000102 ], [ 1.596526000000153, 6.351074000000152 ], [ 1.597875, 6.351415000000145 ], [ 1.59844, 6.350517 ], [ 1.602154, 6.34917600000017 ], [ 1.604856000000154, 6.348508 ], [ 1.60541400000011, 6.34986 ], [ 1.605405, 6.353461000000152 ], [ 1.604832000000101, 6.35706 ], [ 1.60550000000012, 6.359987000000102 ], [ 1.606281, 6.361902000000101 ], [ 1.606279, 6.362915 ], [ 1.605599000000154, 6.364826 ], [ 1.604467000000114, 6.367523000000118 ], [ 1.60502, 6.37090000000012 ], [ 1.605349000000104, 6.374164000000179 ], [ 1.605909, 6.375066000000174 ], [ 1.606576000000189, 6.377656 ], [ 1.606233, 6.380130000000122 ], [ 1.607127000000105, 6.381933000000118 ], [ 1.609153, 6.381489000000157 ], [ 1.610171, 6.379353000000151 ], [ 1.610737, 6.377892 ], [ 1.611417000000131, 6.376206 ], [ 1.612655, 6.375647000000129 ], [ 1.613432, 6.375829 ], [ 1.615609, 6.375785000000178 ], [ 1.618175000000122, 6.373901 ], [ 1.62007, 6.372076 ], [ 1.622511, 6.37135 ], [ 1.625315, 6.371541 ], [ 1.629509000000155, 6.372198 ], [ 1.628527, 6.375349000000142 ], [ 1.627599, 6.378632 ], [ 1.626457, 6.382057 ], [ 1.626288000000102, 6.382268000000124 ], [ 1.626457, 6.382456 ], [ 1.626542000000143, 6.385937000000126 ], [ 1.627762000000189, 6.387470000000121 ], [ 1.62863300000015, 6.390462 ], [ 1.627738, 6.396437 ], [ 1.626492, 6.402587 ], [ 1.622959, 6.409083000000123 ], [ 1.622702, 6.409439 ], [ 1.621763000000158, 6.411393000000146 ], [ 1.618196, 6.417449 ], [ 1.614562000000148, 6.426736 ], [ 1.613687, 6.429832 ], [ 1.612745, 6.433735 ], [ 1.611534, 6.435149 ], [ 1.608236, 6.435754000000144 ], [ 1.604871000000117, 6.435889 ], [ 1.601103000000137, 6.435754000000145 ], [ 1.599421, 6.436427 ], [ 1.599286, 6.437302000000159 ], [ 1.599959000000126, 6.43784 ], [ 1.601574, 6.438379 ], [ 1.605343000000119, 6.440801 ], [ 1.607698, 6.44383 ], [ 1.608236, 6.44706 ], [ 1.608169, 6.448473 ], [ 1.60689, 6.450358 ], [ 1.606759, 6.450506000000189 ], [ 1.606687000000136, 6.450426000000107 ], [ 1.604737, 6.451031000000114 ], [ 1.601372, 6.451165000000173 ], [ 1.598545, 6.450829 ], [ 1.597267000000159, 6.449416 ], [ 1.59545, 6.445781 ], [ 1.594575, 6.441946000000144 ], [ 1.594508000000133, 6.440801 ], [ 1.594979, 6.439254000000175 ], [ 1.595698, 6.43693 ], [ 1.595410000000187, 6.430828 ], [ 1.595466, 6.430387000000167 ], [ 1.593273000000124, 6.429282 ], [ 1.590852000000154, 6.430594 ], [ 1.58843000000013, 6.432565 ], [ 1.586238000000151, 6.430801000000145 ], [ 1.584042000000181, 6.430575 ], [ 1.583378, 6.432332000000144 ], [ 1.58491, 6.434314 ], [ 1.585564000000147, 6.436293000000148 ], [ 1.586655000000178, 6.438934000000189 ], [ 1.588189000000114, 6.440256000000146 ], [ 1.589505, 6.441139 ], [ 1.591697, 6.442903000000114 ], [ 1.58971, 6.446414000000174 ], [ 1.587951000000146, 6.4468490000001 ], [ 1.586856000000125, 6.445747 ], [ 1.586646000000145, 6.44201 ], [ 1.584674, 6.440247000000111 ], [ 1.582692, 6.441999000000123 ], [ 1.583783, 6.444639 ], [ 1.585752, 6.447722 ], [ 1.587065000000166, 6.4494830000001 ], [ 1.586842, 6.450801 ], [ 1.586618000000158, 6.452119 ], [ 1.584641, 6.452114000000165 ], [ 1.581346, 6.45210500000013 ], [ 1.574538000000189, 6.450987 ], [ 1.571674, 6.453836 ], [ 1.572104, 6.457133000000113 ], [ 1.572749000000158, 6.46219 ], [ 1.575159, 6.464614 ], [ 1.578654, 6.471656 ], [ 1.577318000000162, 6.478245 ], [ 1.577519000000109, 6.484839 ], [ 1.579043, 6.489898 ], [ 1.579689, 6.494514 ], [ 1.581880000000183, 6.496938 ], [ 1.582529, 6.500456 ], [ 1.579444, 6.503524 ], [ 1.572851, 6.503945 ], [ 1.570044000000166, 6.508132000000102 ], [ 1.565349, 6.515132000000166 ], [ 1.564454000000183, 6.520843000000184 ], [ 1.563564, 6.524576000000138 ], [ 1.558724, 6.52676 ], [ 1.556524, 6.527633000000151 ], [ 1.554766, 6.527628 ], [ 1.553006000000153, 6.528502000000116 ], [ 1.553004000000158, 6.528941 ], [ 1.551674, 6.533113 ], [ 1.55319900000012, 6.53773200000012 ], [ 1.556262, 6.542356 ], [ 1.559902000000136, 6.546326000000136 ], [ 1.562593, 6.549371000000178 ], [ 1.564164000000176, 6.550951000000167 ], [ 1.564499000000183, 6.551740000000108 ], [ 1.563597000000186, 6.552412 ], [ 1.559196, 6.556900000000155 ], [ 1.554911, 6.560376000000189 ], [ 1.555173, 6.560518 ], [ 1.554865000000121, 6.560443 ], [ 1.550829000000135, 6.55797 ], [ 1.547844, 6.556555 ], [ 1.54521300000016, 6.55461300000013 ], [ 1.543279, 6.554959000000168 ], [ 1.541505000000143, 6.560404000000176 ], [ 1.537978000000181, 6.5642610000001 ], [ 1.535692, 6.564255000000117 ], [ 1.533427000000188, 6.563623 ], [ 1.533423, 6.563601 ], [ 1.535093000000188, 6.562779 ], [ 1.535469, 6.561577 ], [ 1.535462000000166, 6.561253 ], [ 1.535424, 6.561183 ], [ 1.535307000000159, 6.561051 ], [ 1.532517, 6.557938 ], [ 1.53090600000013, 6.556336 ], [ 1.529437, 6.553907000000151 ], [ 1.526274, 6.553546 ], [ 1.523282000000108, 6.554592000000184 ], [ 1.519100000000151, 6.555623 ], [ 1.518186000000185, 6.55553200000014 ], [ 1.517979000000139, 6.555472000000123 ], [ 1.517803000000129, 6.555235 ], [ 1.517774, 6.555000000000177 ], [ 1.51745, 6.55473300000011 ], [ 1.516242, 6.554612 ], [ 1.515899000000161, 6.554958 ] ] ] } },
{ "type": "Feature", "properties": { "Préfecture": "Wawa", "Code HDX": "TG0402", "Région": "Plateaux", "Zone": "Plateaux", "Surface (km²)": 1244.81 }, "geometry": { "type": "Polygon", "coordinates": [ [ [ 0.631581, 7.702551 ], [ 0.625957, 7.709379 ], [ 0.616730000000132, 7.711109 ], [ 0.616317, 7.70958 ], [ 0.617522000000122, 7.70476 ], [ 0.615916, 7.701949000000125 ], [ 0.611096, 7.705564 ], [ 0.607882, 7.706769000000124 ], [ 0.59703700000017, 7.707974 ], [ 0.589807, 7.707170000000134 ], [ 0.579765000000179, 7.676643 ], [ 0.578962000000162, 7.671823 ], [ 0.574142000000109, 7.648527 ], [ 0.573339000000147, 7.632861000000102 ], [ 0.575749, 7.626435 ], [ 0.576954000000113, 7.621213000000181 ], [ 0.576954000000114, 7.616424 ], [ 0.572134, 7.614385 ], [ 0.557673000000136, 7.608761000000186 ], [ 0.548435000000154, 7.607155 ], [ 0.545222, 7.600728 ], [ 0.536787, 7.599925 ], [ 0.527548, 7.594301000000143 ], [ 0.517908000000148, 7.587473 ], [ 0.517506, 7.571406 ], [ 0.517506, 7.558954 ], [ 0.513088, 7.545298000000114 ], [ 0.508268000000101, 7.524411000000158 ], [ 0.509072000000174, 7.518386 ], [ 0.510007, 7.515267000000108 ], [ 0.509875, 7.514771000000108 ], [ 0.512686, 7.502319000000112 ], [ 0.515097, 7.491474 ], [ 0.515616, 7.491344000000139 ], [ 0.515498, 7.490671 ], [ 0.517105000000129, 7.483842 ], [ 0.515498, 7.476612000000102 ], [ 0.5082680000001, 7.472194000000173 ], [ 0.502243, 7.463759 ], [ 0.512686, 7.454922000000125 ], [ 0.513892, 7.448897000000102 ], [ 0.519515, 7.451307 ], [ 0.525138, 7.446487000000161 ], [ 0.529155, 7.432429000000125 ], [ 0.530360000000144, 7.418772000000105 ], [ 0.531967, 7.416362 ], [ 0.534778, 7.409132 ], [ 0.545624, 7.398688000000107 ], [ 0.551649000000169, 7.397885000000144 ], [ 0.560485, 7.390655 ], [ 0.570527, 7.387843 ], [ 0.57856, 7.387441 ], [ 0.584987, 7.389048000000116 ], [ 0.596234000000153, 7.39226200000013 ], [ 0.603865, 7.39668 ], [ 0.614710000000116, 7.402303 ], [ 0.628367, 7.401500000000113 ], [ 0.634794000000113, 7.397483 ], [ 0.642426000000114, 7.393467000000157 ], [ 0.642388000000153, 7.393706 ], [ 0.642828000000122, 7.393065 ], [ 0.646041, 7.389450000000126 ], [ 0.648049000000128, 7.375391 ], [ 0.648616000000118, 7.37559 ], [ 0.656082, 7.378203 ], [ 0.673354, 7.385032 ], [ 0.681388, 7.386237 ], [ 0.696249, 7.385032 ], [ 0.706693, 7.379810000000133 ], [ 0.712316, 7.376195000000168 ], [ 0.71794000000017, 7.376998000000127 ], [ 0.723161000000175, 7.380613 ], [ 0.727178000000151, 7.385433000000149 ], [ 0.736818, 7.381818000000179 ], [ 0.742441, 7.38181800000018 ], [ 0.750073, 7.382622 ], [ 0.764533, 7.385032 ], [ 0.77578, 7.386638000000173 ], [ 0.796265000000119, 7.389851 ], [ 0.800817000000166, 7.389851 ], [ 0.801085000000171, 7.390253000000142 ], [ 0.807512, 7.393467000000156 ], [ 0.815144, 7.397082000000128 ], [ 0.82197200000013, 7.398688000000106 ], [ 0.827194, 7.400295 ], [ 0.839645, 7.407123000000126 ], [ 0.847277, 7.416763000000173 ], [ 0.848673000000133, 7.418027000000107 ], [ 0.85049, 7.430018000000132 ], [ 0.85531, 7.439257 ], [ 0.858122000000151, 7.443675 ], [ 0.862139000000184, 7.446889 ], [ 0.866156, 7.448495 ], [ 0.871377000000166, 7.452914 ], [ 0.876197, 7.45693 ], [ 0.881419, 7.464160000000104 ], [ 0.882222, 7.471792000000107 ], [ 0.884632000000181, 7.477817000000186 ], [ 0.885837, 7.484646000000168 ], [ 0.888649, 7.48986700000012 ], [ 0.889854, 7.495892 ], [ 0.894674, 7.4966960000001 ], [ 0.897754, 7.497979 ], [ 0.897084000000177, 7.498302000000137 ], [ 0.893067000000145, 7.504327 ], [ 0.886641000000111, 7.504729 ], [ 0.886055000000113, 7.505357000000118 ], [ 0.890256, 7.507942000000128 ], [ 0.896281000000159, 7.514369000000102 ], [ 0.906724, 7.517181 ], [ 0.912749, 7.517984 ], [ 0.913761000000136, 7.519446 ], [ 0.916364, 7.523206000000131 ], [ 0.924398, 7.529231 ], [ 0.930754, 7.535905000000128 ], [ 0.931226000000151, 7.535658000000128 ], [ 0.936909000000128, 7.531057 ], [ 0.94006300000018, 7.534453 ], [ 0.946891, 7.534854 ], [ 0.955326, 7.523607 ], [ 0.960949, 7.521197000000138 ], [ 0.965769, 7.514771000000108 ], [ 0.970991000000141, 7.514771000000108 ], [ 0.977016, 7.516779 ], [ 0.981762000000117, 7.522711000000187 ], [ 0.981435, 7.522804 ], [ 0.990271, 7.528829000000143 ], [ 0.991476, 7.533649000000137 ], [ 0.997903000000179, 7.536461 ], [ 1.00433, 7.539273 ], [ 1.007543, 7.541683 ], [ 1.00674, 7.556544 ], [ 1.007868, 7.568196 ], [ 0.997903000000179, 7.568594000000131 ], [ 0.993083000000184, 7.571406 ], [ 0.990673, 7.571004 ], [ 0.985853, 7.570201 ], [ 0.981033, 7.571406 ], [ 0.97179400000016, 7.572611000000165 ], [ 0.95372, 7.577833 ], [ 0.941268, 7.582653 ], [ 0.930423000000133, 7.588678000000132 ], [ 0.919176, 7.599523 ], [ 0.91788, 7.601616 ], [ 0.913954000000103, 7.607958000000166 ], [ 0.907126, 7.615590000000169 ], [ 0.903511, 7.62764 ], [ 0.903228000000126, 7.633855 ], [ 0.903109, 7.636477000000127 ], [ 0.903511, 7.657363 ], [ 0.893067000000144, 7.653347000000111 ], [ 0.882222, 7.657765 ], [ 0.872649, 7.682066 ], [ 0.864823, 7.6842 ], [ 0.858606, 7.682093000000179 ], [ 0.851294000000109, 7.68307 ], [ 0.844064000000174, 7.682267 ], [ 0.838039, 7.680660000000103 ], [ 0.829202, 7.67825 ], [ 0.825185, 7.671422000000121 ], [ 0.819160000000181, 7.656158000000175 ], [ 0.815947, 7.652543 ], [ 0.812332, 7.642100000000142 ], [ 0.809922, 7.634066000000132 ], [ 0.801888, 7.628845000000127 ], [ 0.79747, 7.632861000000105 ], [ 0.792650000000151, 7.640092 ], [ 0.788053000000104, 7.653115 ], [ 0.78542, 7.660577 ], [ 0.78196000000014, 7.660023 ], [ 0.765337000000159, 7.657363 ], [ 0.76218, 7.653681 ], [ 0.760542967000049, 7.651771128000119 ], [ 0.758106000000112, 7.648928 ], [ 0.751278, 7.642100000000142 ], [ 0.73842500000012, 7.631656 ], [ 0.728383, 7.626836 ], [ 0.724366, 7.623623 ], [ 0.717940000000168, 7.620410000000163 ], [ 0.714726000000155, 7.616795 ], [ 0.709906000000159, 7.613581000000181 ], [ 0.703078, 7.614786 ], [ 0.699061, 7.614786 ], [ 0.695446000000118, 7.613983 ], [ 0.691028000000131, 7.615188000000103 ], [ 0.682995000000176, 7.615991000000125 ], [ 0.676166, 7.618 ], [ 0.672551, 7.622016 ], [ 0.667329, 7.626836 ], [ 0.663714, 7.627238 ], [ 0.661595, 7.631241000000159 ], [ 0.660099, 7.63406600000013 ], [ 0.654074, 7.64692 ], [ 0.651767, 7.666532000000188 ], [ 0.651664, 7.667405 ], [ 0.650459, 7.682668000000148 ], [ 0.650274, 7.683191 ], [ 0.652126000000123, 7.691688 ], [ 0.652066000000104, 7.691706000000124 ], [ 0.64443400000016, 7.701346000000172 ], [ 0.643588000000136, 7.700838 ], [ 0.638409, 7.697731 ], [ 0.636401, 7.694919 ], [ 0.631581, 7.702551 ] ] ] } },
{ "type": "Feature", "properties": { "Préfecture": "Yoto", "Code HDX": "TG0307", "Région": "Maritime", "Zone": "Maritime hors Grand Lomé", "Surface (km²)": 1261.01 }, "geometry": { "type": "Polygon", "coordinates": [ [ [ 1.599561000000108, 6.831861 ], [ 1.601260000000138, 6.83839 ], [ 1.601905, 6.852814000000137 ], [ 1.595689000000164, 6.863784 ], [ 1.594647000000123, 6.867558 ], [ 1.596348000000148, 6.8734 ], [ 1.606626, 6.883388000000138 ], [ 1.603857, 6.890591000000143 ], [ 1.605555, 6.89712 ], [ 1.605186000000117, 6.906047000000171 ], [ 1.592804, 6.910131 ], [ 1.582478, 6.915938 ], [ 1.576688000000104, 6.922085 ], [ 1.576696, 6.921914000000128 ], [ 1.577700000000164, 6.908859000000121 ], [ 1.569164000000171, 6.906851 ], [ 1.556612, 6.901830000000131 ], [ 1.548077000000148, 6.888776 ], [ 1.542554, 6.875219000000127 ], [ 1.532010000000184, 6.858651000000123 ], [ 1.5194580000001, 6.847605000000101 ], [ 1.499374000000103, 6.836559 ], [ 1.485818000000108, 6.832040000000118 ], [ 1.471228000000111, 6.830095 ], [ 1.470755, 6.830032 ], [ 1.456697, 6.831538000000137 ], [ 1.43812, 6.839069000000108 ], [ 1.421049000000153, 6.843086 ], [ 1.410373, 6.843663 ], [ 1.40523300000018, 6.83681 ], [ 1.384647, 6.830785000000162 ], [ 1.368078000000139, 6.823756000000173 ], [ 1.351008000000149, 6.818735 ], [ 1.339007000000151, 6.809234000000119 ], [ 1.326907000000119, 6.799655 ], [ 1.311201, 6.788708 ], [ 1.309772000000123, 6.788408 ], [ 1.30167200000011, 6.782638000000134 ], [ 1.293767000000116, 6.777007 ], [ 1.284997000000146, 6.769114 ], [ 1.27566700000017, 6.756673 ], [ 1.276908000000162, 6.75427900000011 ], [ 1.278156, 6.751784 ], [ 1.277265, 6.749290000000144 ], [ 1.266040000000147, 6.747508 ], [ 1.259982, 6.744479000000125 ], [ 1.255171000000189, 6.73949000000016 ], [ 1.249113, 6.728621 ], [ 1.248474000000158, 6.726422000000184 ], [ 1.248175, 6.725301000000172 ], [ 1.247914000000151, 6.724778 ], [ 1.245695, 6.719428 ], [ 1.248293000000103, 6.712153000000114 ], [ 1.2483170000001, 6.705286 ], [ 1.253057, 6.700153 ], [ 1.256933000000174, 6.696734000000162 ], [ 1.263806, 6.695471000000111 ], [ 1.270686000000126, 6.692062000000133 ], [ 1.280993000000137, 6.690381000000116 ], [ 1.286156000000119, 6.686966 ], [ 1.294325, 6.683132 ], [ 1.299907, 6.682722 ], [ 1.300345000000107, 6.680148 ], [ 1.302929, 6.677582 ], [ 1.30423400000018, 6.672866 ], [ 1.303397, 6.666426000000115 ], [ 1.302994, 6.658699000000126 ], [ 1.302155000000141, 6.653117000000124 ], [ 1.300887, 6.64753400000018 ], [ 1.300481000000161, 6.640665000000126 ], [ 1.297921, 6.636365000000127 ], [ 1.294503, 6.631633 ], [ 1.293232000000103, 6.626907 ], [ 1.293587000000116, 6.626625000000161 ], [ 1.297535000000153, 6.623489 ], [ 1.29785, 6.623348 ], [ 1.295339000000126, 6.616241 ], [ 1.293254000000104, 6.598638000000165 ], [ 1.290717, 6.587471000000107 ], [ 1.293734, 6.583619 ], [ 1.297191000000112, 6.576764 ], [ 1.29894, 6.567329 ], [ 1.30241500000011, 6.554895 ], [ 1.304624000000103, 6.536019000000121 ], [ 1.30681200000015, 6.523580000000152 ], [ 1.311539, 6.52145000000013 ], [ 1.318412, 6.519327 ], [ 1.321861, 6.514618 ], [ 1.324458, 6.50776 ], [ 1.330482000000188, 6.502629 ], [ 1.33565, 6.497067 ], [ 1.34384800000015, 6.483360000000175 ], [ 1.346875000000125, 6.476074 ], [ 1.346496, 6.460622000000171 ], [ 1.347389, 6.449896 ], [ 1.352142000000185, 6.439611 ], [ 1.36662500000017, 6.42316000000011 ], [ 1.37128, 6.425295000000176 ], [ 1.378988000000106, 6.43004 ], [ 1.382837, 6.433915 ], [ 1.386245000000145, 6.441651 ], [ 1.388375000000167, 6.446379000000152 ], [ 1.38864800000016, 6.446217 ], [ 1.388802000000112, 6.447239 ], [ 1.384498000000178, 6.451517 ], [ 1.38447200000013, 6.459672 ], [ 1.388746, 6.464835 ], [ 1.393014000000107, 6.472145 ], [ 1.398147000000108, 6.477312000000152 ], [ 1.402433000000145, 6.478613000000165 ], [ 1.404571000000146, 6.481194000000187 ], [ 1.409286000000179, 6.482926000000134 ], [ 1.414003, 6.483799 ], [ 1.426832000000104, 6.498003 ], [ 1.430674, 6.504452 ], [ 1.440514, 6.513925000000143 ], [ 1.444842, 6.520188000000188 ], [ 1.44735, 6.52381800000012 ], [ 1.447694000000126, 6.524347 ], [ 1.44775900000019, 6.524282 ], [ 1.452968, 6.527319 ], [ 1.456801000000155, 6.531451 ], [ 1.466127000000142, 6.535325000000115 ], [ 1.473543000000177, 6.535348 ], [ 1.474319, 6.535982000000104 ], [ 1.476491000000181, 6.535989000000141 ], [ 1.480708, 6.536529 ], [ 1.483874000000185, 6.535835 ], [ 1.486688000000129, 6.535492 ], [ 1.495474, 6.536573000000146 ], [ 1.495642, 6.539211000000138 ], [ 1.494221, 6.543953 ], [ 1.494024000000138, 6.551161000000148 ], [ 1.493131000000119, 6.555905000000108 ], [ 1.492585, 6.562056 ], [ 1.492555753000033, 6.562961696000057 ], [ 1.492403000000138, 6.567692000000136 ], [ 1.492851, 6.568481 ], [ 1.495621, 6.570497 ], [ 1.500148, 6.573791 ], [ 1.503885000000139, 6.578075000000183 ], [ 1.504516000000137, 6.578211 ], [ 1.508106000000168, 6.577698 ], [ 1.509473000000129, 6.576501000000122 ], [ 1.511489, 6.574149 ], [ 1.511524000000179, 6.574108 ], [ 1.51173400000016, 6.57299 ], [ 1.510623, 6.569884000000116 ], [ 1.509174, 6.565154000000121 ], [ 1.510447406000083, 6.562933161000102 ], [ 1.513811, 6.557067000000131 ], [ 1.515899000000161, 6.554958 ], [ 1.516242, 6.554612 ], [ 1.51745, 6.55473300000011 ], [ 1.517774, 6.555000000000177 ], [ 1.517803000000129, 6.555235 ], [ 1.517979000000139, 6.555472000000123 ], [ 1.518186000000185, 6.55553200000014 ], [ 1.519100000000151, 6.555623 ], [ 1.523282000000108, 6.554592000000184 ], [ 1.526274, 6.553546 ], [ 1.529437, 6.553907000000151 ], [ 1.53090600000013, 6.556336 ], [ 1.532517, 6.557938 ], [ 1.535307000000159, 6.561051 ], [ 1.535424, 6.561183 ], [ 1.535462000000166, 6.561253 ], [ 1.535469, 6.561577 ], [ 1.535093000000188, 6.562779 ], [ 1.533423, 6.563601 ], [ 1.533427000000188, 6.563623 ], [ 1.535692, 6.564255000000117 ], [ 1.537978000000181, 6.5642610000001 ], [ 1.541505000000143, 6.560404000000176 ], [ 1.543279, 6.554959000000168 ], [ 1.54521300000016, 6.55461300000013 ], [ 1.547844, 6.556555 ], [ 1.550829000000135, 6.55797 ], [ 1.554865000000121, 6.560443 ], [ 1.555173, 6.560518 ], [ 1.560753, 6.563543 ], [ 1.565696000000116, 6.566033000000173 ], [ 1.570529000000136, 6.567847 ], [ 1.57536400000015, 6.568986 ], [ 1.575543, 6.569226 ], [ 1.585168, 6.571068 ], [ 1.592037000000175, 6.574224 ], [ 1.59547, 6.574233 ], [ 1.596875, 6.574237 ], [ 1.602841, 6.573241 ], [ 1.606553, 6.573589 ], [ 1.616339, 6.574742 ], [ 1.625788000000114, 6.575555 ], [ 1.629386000000125, 6.576465 ], [ 1.631068, 6.578495 ], [ 1.63343, 6.578952 ], [ 1.633882000000142, 6.578278 ], [ 1.633995, 6.577941000000123 ], [ 1.63433300000014, 6.577717 ], [ 1.636021, 6.577946000000169 ], [ 1.636066, 6.577998 ], [ 1.639161000000115, 6.581556 ], [ 1.641075, 6.582929000000149 ], [ 1.641036, 6.583085 ], [ 1.636632000000134, 6.600499000000127 ], [ 1.633054000000186, 6.602687000000173 ], [ 1.627009, 6.603219000000138 ], [ 1.621795000000134, 6.601282 ], [ 1.618488, 6.604844000000126 ], [ 1.616008, 6.607584000000145 ], [ 1.612428000000136, 6.610871 ], [ 1.612961, 6.616641 ], [ 1.610747000000117, 6.622404000000129 ], [ 1.610191000000157, 6.624875000000145 ], [ 1.608537, 6.626793 ], [ 1.603032, 6.630349 ], [ 1.603014000000144, 6.636941 ], [ 1.608228, 6.638879000000143 ], [ 1.611518000000161, 6.641635 ], [ 1.603755, 6.666337 ], [ 1.593564, 6.675373 ], [ 1.59024200000016, 6.684154 ], [ 1.579248000000177, 6.685496 ], [ 1.577691000000129, 6.685706 ], [ 1.573793, 6.688854 ], [ 1.576526, 6.693806000000166 ], [ 1.58119900000014, 6.69327 ], [ 1.584747, 6.701522000000181 ], [ 1.589689, 6.702909 ], [ 1.592152, 6.706213000000162 ], [ 1.591021000000126, 6.71719800000011 ], [ 1.59292, 6.725994000000126 ], [ 1.600064000000145, 6.726014 ], [ 1.608286, 6.733729 ], [ 1.614044, 6.737866000000108 ], [ 1.61953000000011, 6.741453 ], [ 1.620892, 6.745578000000137 ], [ 1.618129, 6.750789000000167 ], [ 1.620589, 6.755466 ], [ 1.624993, 6.759647000000141 ], [ 1.625876000000119, 6.759826 ], [ 1.622084, 6.764623 ], [ 1.608327, 6.770421 ], [ 1.608650000000182, 6.777633 ], [ 1.610007, 6.783474 ], [ 1.613420000000133, 6.791382000000111 ], [ 1.6113390000001, 6.798244000000123 ], [ 1.60892900000016, 6.799954 ], [ 1.598621, 6.800611 ], [ 1.596887, 6.806443000000116 ], [ 1.597513000000106, 6.808337000000164 ], [ 1.598930000000109, 6.812630000000127 ], [ 1.604071, 6.816765 ], [ 1.608188000000155, 6.818837000000143 ], [ 1.61504, 6.825381000000162 ], [ 1.613312, 6.82881 ], [ 1.611595000000136, 6.828462000000174 ], [ 1.603698, 6.827066000000115 ], [ 1.599561000000108, 6.831861 ] ] ] } },
{ "type": "Feature", "properties": { "Préfecture": "Zio", "Code HDX": "TG0308", "Région": "Maritime", "Zone": "Maritime hors Grand Lomé", "Surface (km²)": 2164.04 }, "geometry": { "type": "Polygon", "coordinates": [ [ [ 1.121805000000165, 6.808442000000185 ], [ 1.104734000000121, 6.809446 ], [ 1.09761, 6.816519 ], [ 1.095136, 6.818482 ], [ 1.092461000000185, 6.827918000000126 ], [ 1.079006000000163, 6.839509 ], [ 1.070843, 6.846727000000102 ], [ 1.06863200000015, 6.850014000000101 ], [ 1.064001000000133, 6.85373 ], [ 1.060026, 6.858108000000129 ], [ 1.056940000000111, 6.860293 ], [ 1.051434, 6.862687000000107 ], [ 1.036719000000177, 6.869355 ], [ 1.036786, 6.869987000000151 ], [ 1.033484, 6.871072 ], [ 1.027998, 6.868853000000115 ], [ 1.018123, 6.864692 ], [ 1.004393, 6.862439000000165 ], [ 0.997250000000179, 6.862134 ], [ 0.984896000000106, 6.859611000000142 ], [ 0.976389, 6.857104 ], [ 0.962378000000172, 6.856495 ], [ 0.960199, 6.855804 ], [ 0.960199, 6.850245 ], [ 0.961485, 6.841569 ], [ 0.961485, 6.829037000000141 ], [ 0.963211000000172, 6.821054 ], [ 0.964056, 6.817147 ], [ 0.961163, 6.811685 ], [ 0.95152300000018, 6.807829 ], [ 0.93738500000012, 6.800117 ], [ 0.923567, 6.789191000000187 ], [ 0.916714, 6.785142000000179 ], [ 0.909428000000106, 6.780837000000133 ], [ 0.896983000000148, 6.769987000000183 ], [ 0.8973, 6.769436 ], [ 0.899407000000166, 6.760660000000146 ], [ 0.900986, 6.743459000000144 ], [ 0.900811000000147, 6.732226 ], [ 0.899582, 6.720642000000169 ], [ 0.899515, 6.720498000000133 ], [ 0.899741, 6.718411000000118 ], [ 0.899769000000107, 6.71204 ], [ 0.900236000000177, 6.705452 ], [ 0.90008, 6.703014000000165 ], [ 0.900247, 6.703035000000114 ], [ 0.90662, 6.702843 ], [ 0.912797000000126, 6.697157000000118 ], [ 0.91809, 6.692566 ], [ 0.924480000000132, 6.688200000000109 ], [ 0.930644000000143, 6.685589000000106 ], [ 0.931549, 6.679222000000152 ], [ 0.932675000000131, 6.672856000000137 ], [ 0.939628, 6.665306 ], [ 0.946673000000145, 6.66182 ], [ 0.948671000000105, 6.656995000000165 ], [ 0.948920000000101, 6.649966000000177 ], [ 0.950709000000131, 6.642285 ], [ 0.95291600000013, 6.639877 ], [ 0.956876, 6.638795 ], [ 0.962592000000143, 6.63772000000017 ], [ 0.967429, 6.637081 ], [ 0.972703, 6.636883000000181 ], [ 0.976659000000154, 6.636460000000169 ], [ 0.979961000000173, 6.634935 ], [ 0.980718, 6.632943000000125 ], [ 0.986624, 6.617387000000178 ], [ 0.990156000000127, 6.613227 ], [ 0.991256, 6.612792000000127 ], [ 0.99151, 6.604444 ], [ 0.988547, 6.576531000000159 ], [ 0.987493, 6.566915000000166 ], [ 0.988294, 6.5651 ], [ 0.992899, 6.561454 ], [ 0.995586000000173, 6.558191 ], [ 1.001344000000132, 6.546293 ], [ 1.005182000000104, 6.537657000000137 ], [ 1.006748000000186, 6.529828 ], [ 1.009406000000183, 6.529732 ], [ 1.014216, 6.528378000000147 ], [ 1.01663, 6.525641000000177 ], [ 1.022501, 6.516395 ], [ 1.027036000000122, 6.514248 ], [ 1.038319, 6.508905 ], [ 1.04554400000012, 6.504470000000141 ], [ 1.050369, 6.499339000000132 ], [ 1.051073, 6.494879 ], [ 1.054175000000158, 6.491458 ], [ 1.056247000000155, 6.488033 ], [ 1.059002, 6.485641 ], [ 1.060387, 6.482557000000155 ], [ 1.060742000000118, 6.479468 ], [ 1.061820000000125, 6.477140000000134 ], [ 1.064548, 6.471244 ], [ 1.065604, 6.464382 ], [ 1.065905000000101, 6.463200000000143 ], [ 1.066982, 6.463014 ], [ 1.068890000000181, 6.461696 ], [ 1.07318800000013, 6.455485 ], [ 1.078354, 6.450699000000157 ], [ 1.076996000000122, 6.446917 ], [ 1.078044000000148, 6.442115000000116 ], [ 1.078748000000132, 6.437312 ], [ 1.077062, 6.429410000000132 ], [ 1.075714, 6.422882000000187 ], [ 1.075437, 6.420210000000111 ], [ 1.0749, 6.415031 ], [ 1.074961000000144, 6.41473400000018 ], [ 1.074582, 6.410752 ], [ 1.073841000000185, 6.403511 ], [ 1.074018, 6.400208 ], [ 1.07431, 6.395548 ], [ 1.078079000000173, 6.387811000000114 ], [ 1.078038000000163, 6.387544 ], [ 1.072731, 6.352886000000182 ], [ 1.069019, 6.336051 ], [ 1.067302, 6.328989 ], [ 1.065846, 6.327634000000161 ], [ 1.064726, 6.326617 ], [ 1.06427600000012, 6.326615 ], [ 1.063601, 6.326725 ], [ 1.060595, 6.327167 ], [ 1.053098, 6.327938 ], [ 1.046325, 6.326531 ], [ 1.0470830000001, 6.321548000000177 ], [ 1.050946000000124, 6.296145000000137 ], [ 1.053771, 6.292218000000105 ], [ 1.059693, 6.286897000000181 ], [ 1.064915, 6.280870000000162 ], [ 1.067058, 6.279008 ], [ 1.067171, 6.278910000000168 ], [ 1.072974, 6.286735000000136 ], [ 1.075734000000125, 6.29024 ], [ 1.078703000000132, 6.283410000000174 ], [ 1.080965, 6.279763 ], [ 1.084205, 6.277665000000185 ], [ 1.087023, 6.275566 ], [ 1.087031000000139, 6.273317000000133 ], [ 1.086336000000188, 6.271345 ], [ 1.087749, 6.269101 ], [ 1.089021000000116, 6.267277 ], [ 1.092400000000112, 6.265462000000184 ], [ 1.094802, 6.264239 ], [ 1.097656000000144, 6.254442 ], [ 1.098013, 6.253947 ], [ 1.097927, 6.255404 ], [ 1.09984, 6.258637 ], [ 1.108379, 6.2594 ], [ 1.119351000000165, 6.263971 ], [ 1.125295000000108, 6.26878500000015 ], [ 1.133072, 6.270767 ], [ 1.140196, 6.271507 ], [ 1.146432000000175, 6.272155 ], [ 1.155521, 6.278448000000138 ], [ 1.159393, 6.283452 ], [ 1.1616, 6.286961000000133 ], [ 1.16413, 6.292147 ], [ 1.165831000000139, 6.293474000000116 ], [ 1.167076000000123, 6.295424000000138 ], [ 1.166827000000126, 6.297499 ], [ 1.165624, 6.299075 ], [ 1.165458000000172, 6.300652000000182 ], [ 1.16662, 6.301274000000149 ], [ 1.170417000000157, 6.299025 ], [ 1.171911000000137, 6.29726600000015 ], [ 1.174931, 6.296934 ], [ 1.177022, 6.297100000000114 ], [ 1.179672653000068, 6.298556264000125 ], [ 1.179761630999964, 6.298605149000025 ], [ 1.179765, 6.298610000000167 ], [ 1.178616000000146, 6.299012 ], [ 1.189822, 6.315981 ], [ 1.189822, 6.326169000000106 ], [ 1.193687000000125, 6.336708 ], [ 1.198429, 6.344612 ], [ 1.204577, 6.352341 ], [ 1.209846, 6.359894 ], [ 1.215188000000126, 6.36449400000015 ], [ 1.215185, 6.365344000000107 ], [ 1.216147, 6.369248 ], [ 1.228114, 6.364461 ], [ 1.234613, 6.359367000000133 ], [ 1.241990000000102, 6.35076 ], [ 1.244801000000166, 6.34320700000012 ], [ 1.241463, 6.339343000000155 ], [ 1.233208, 6.344437 ], [ 1.2311, 6.347950000000139 ], [ 1.226533000000188, 6.349355 ], [ 1.222493, 6.35076 ], [ 1.218629, 6.349882 ], [ 1.21643, 6.347683 ], [ 1.216477000000167, 6.347419 ], [ 1.218957, 6.341451000000119 ], [ 1.222666000000117, 6.335839000000134 ], [ 1.22409, 6.330394 ], [ 1.223981, 6.329169000000149 ], [ 1.228114, 6.322656 ], [ 1.231276, 6.317562 ], [ 1.237950000000126, 6.309307 ], [ 1.245855000000176, 6.303334 ], [ 1.250597, 6.300348 ], [ 1.251476, 6.298592 ], [ 1.250703, 6.29244400000016 ], [ 1.249016, 6.287104000000113 ], [ 1.247892, 6.279797 ], [ 1.248709, 6.276614 ], [ 1.24695800000012, 6.273241 ], [ 1.245432000000164, 6.272066000000165 ], [ 1.242285, 6.271696000000134 ], [ 1.239948, 6.271418 ], [ 1.237699, 6.27141 ], [ 1.235449000000131, 6.271763 ], [ 1.226625158000161, 6.276568914000052 ], [ 1.226625000000126, 6.276569 ], [ 1.226956, 6.275696000000152 ], [ 1.227323000000183, 6.274726 ], [ 1.228902, 6.273192000000109 ], [ 1.230974, 6.27243 ], [ 1.232661, 6.271446 ], [ 1.233362000000113, 6.27002 ], [ 1.253162, 6.256776 ], [ 1.257984, 6.253786 ], [ 1.263611, 6.251617 ], [ 1.266466, 6.251882 ], [ 1.268446, 6.25101 ], [ 1.270005, 6.250135000000171 ], [ 1.271731000000102, 6.248675000000163 ], [ 1.27390000000014, 6.245788000000176 ], [ 1.276049000000171, 6.243706 ], [ 1.277664000000186, 6.242539000000136 ], [ 1.278655000000128, 6.241663000000131 ], [ 1.279318000000103, 6.240676000000177 ], [ 1.279688000000135, 6.239468 ], [ 1.280021, 6.238259 ], [ 1.281416000000149, 6.237018 ], [ 1.28158400000018, 6.236213 ], [ 1.281663000000151, 6.234271 ], [ 1.281966000000182, 6.231120000000145 ], [ 1.282518, 6.230389 ], [ 1.282724, 6.22910800000011 ], [ 1.282841, 6.226836000000105 ], [ 1.283068, 6.224602000000174 ], [ 1.281216, 6.211593000000107 ], [ 1.281216, 6.209186 ], [ 1.281496000000175, 6.205111 ], [ 1.28214800000012, 6.201129 ], [ 1.283011000000101, 6.197935000000142 ], [ 1.283486000000153, 6.196178 ], [ 1.287812000000145, 6.191877 ], [ 1.289834, 6.190139000000102 ], [ 1.290695000000142, 6.190031 ], [ 1.296402000000171, 6.190709 ], [ 1.301012, 6.190943000000174 ], [ 1.310221000000126, 6.194928 ], [ 1.317680000000166, 6.196929 ], [ 1.320633000000101, 6.198419 ], [ 1.32076300000017, 6.198426 ], [ 1.329094000000111, 6.202627 ], [ 1.334363000000109, 6.202864 ], [ 1.343352, 6.207287000000121 ], [ 1.34993900000012, 6.207307000000184 ], [ 1.355676000000187, 6.209094000000107 ], [ 1.368245000000115, 6.209094000000106 ], [ 1.382719, 6.211623 ], [ 1.395366, 6.214574 ], [ 1.395441000000176, 6.214622 ], [ 1.397270000000162, 6.214389000000154 ], [ 1.39822500000014, 6.214268 ], [ 1.402561000000105, 6.23274 ], [ 1.405161, 6.244394000000113 ], [ 1.405356, 6.251345 ], [ 1.405359000000145, 6.251427 ], [ 1.405788, 6.254724 ], [ 1.405518000000143, 6.257013 ], [ 1.40421, 6.26812400000017 ], [ 1.400679000000139, 6.273827 ], [ 1.399347, 6.278657000000179 ], [ 1.394718, 6.2841370000001 ], [ 1.392511, 6.28786500000018 ], [ 1.392278000000147, 6.2920400000001 ], [ 1.386971000000131, 6.30389 ], [ 1.385767, 6.303838 ], [ 1.385617, 6.305985 ], [ 1.384718, 6.319287 ], [ 1.382534, 6.332156 ], [ 1.380827000000181, 6.344499 ], [ 1.380339000000107, 6.348029000000109 ], [ 1.379547000000173, 6.348620000000153 ], [ 1.380530000000135, 6.348929000000113 ], [ 1.380056, 6.363519000000109 ], [ 1.377453, 6.372524000000169 ], [ 1.374197000000152, 6.384746000000176 ], [ 1.371152000000109, 6.398041 ], [ 1.370682000000102, 6.410915 ], [ 1.368087000000173, 6.417345000000182 ], [ 1.367213000000163, 6.422492 ], [ 1.36662500000017, 6.42316000000011 ], [ 1.352142000000185, 6.439611 ], [ 1.347389, 6.449896 ], [ 1.346496, 6.460622000000171 ], [ 1.346875000000125, 6.476074 ], [ 1.34384800000015, 6.483360000000175 ], [ 1.33565, 6.497067 ], [ 1.330482000000188, 6.502629 ], [ 1.324458, 6.50776 ], [ 1.321861, 6.514618 ], [ 1.318412, 6.519327 ], [ 1.311539, 6.52145000000013 ], [ 1.30681200000015, 6.523580000000152 ], [ 1.304624000000103, 6.536019000000121 ], [ 1.30241500000011, 6.554895 ], [ 1.29894, 6.567329 ], [ 1.297191000000112, 6.576764 ], [ 1.293734, 6.583619 ], [ 1.290717, 6.587471000000107 ], [ 1.293254000000104, 6.598638000000165 ], [ 1.295339000000126, 6.616241 ], [ 1.29785, 6.623348 ], [ 1.297535000000153, 6.623489 ], [ 1.293587000000116, 6.626625000000161 ], [ 1.293232000000103, 6.626907 ], [ 1.294503, 6.631633 ], [ 1.297921, 6.636365000000127 ], [ 1.300481000000161, 6.640665000000126 ], [ 1.300887, 6.64753400000018 ], [ 1.302155000000141, 6.653117000000124 ], [ 1.302994, 6.658699000000126 ], [ 1.303397, 6.666426000000115 ], [ 1.30423400000018, 6.672866 ], [ 1.302929, 6.677582 ], [ 1.300345000000107, 6.680148 ], [ 1.299907, 6.682722 ], [ 1.294325, 6.683132 ], [ 1.286156000000119, 6.686966 ], [ 1.280993000000137, 6.690381000000116 ], [ 1.270686000000126, 6.692062000000133 ], [ 1.263806, 6.695471000000111 ], [ 1.256933000000174, 6.696734000000162 ], [ 1.253057, 6.700153 ], [ 1.2483170000001, 6.705286 ], [ 1.248293000000103, 6.712153000000114 ], [ 1.245695, 6.719428 ], [ 1.247914000000151, 6.724778 ], [ 1.248175, 6.725301000000172 ], [ 1.248474000000158, 6.726422000000184 ], [ 1.249113, 6.728621 ], [ 1.255171000000189, 6.73949000000016 ], [ 1.259982, 6.744479000000125 ], [ 1.266040000000147, 6.747508 ], [ 1.277265, 6.749290000000144 ], [ 1.278156, 6.751784 ], [ 1.276908000000162, 6.75427900000011 ], [ 1.27566700000017, 6.756673 ], [ 1.27517, 6.756010000000116 ], [ 1.274369, 6.756177 ], [ 1.267475, 6.757607000000121 ], [ 1.260217, 6.75868 ], [ 1.251634000000138, 6.761725000000126 ], [ 1.244150000000105, 6.764774000000158 ], [ 1.241716000000168, 6.769160000000171 ], [ 1.240834, 6.770036000000173 ], [ 1.239731, 6.770911 ], [ 1.236220000000174, 6.769360000000176 ], [ 1.230091, 6.762307000000135 ], [ 1.225948, 6.753283000000125 ], [ 1.219596000000138, 6.74710700000014 ], [ 1.215644000000168, 6.745994 ], [ 1.212125000000128, 6.746641000000125 ], [ 1.207497, 6.750139 ], [ 1.203302, 6.755177000000118 ], [ 1.199111000000188, 6.759117000000174 ], [ 1.192717000000131, 6.764366000000166 ], [ 1.188747000000149, 6.768087 ], [ 1.181492, 6.768719 ], [ 1.17884800000013, 6.770247 ], [ 1.173777000000143, 6.774403000000178 ], [ 1.169816, 6.775706000000184 ], [ 1.169367000000136, 6.778121000000112 ], [ 1.165624, 6.779865 ], [ 1.16276, 6.781612000000165 ], [ 1.162088, 6.784905 ], [ 1.15878, 6.787749 ], [ 1.149968000000172, 6.792988 ], [ 1.141831000000138, 6.794056000000182 ], [ 1.138080000000117, 6.797776000000168 ], [ 1.13719, 6.800410000000114 ], [ 1.132997, 6.804788 ], [ 1.126836, 6.806302000000185 ], [ 1.122214, 6.808042000000114 ], [ 1.122039, 6.808033 ], [ 1.121805000000165, 6.808442000000185 ] ] ] } }
]
}
