Maille,Territoire,Zone,Région,Recommandation,Périmètre,Levier,Mesure,Année,Palier,Existant,Cible,Valeur,Borne basse,Borne haute,Indicateur,Sans action,Avec action,Population,Niveau,Source,Note,Horizon (ans),Palier de l’horizon
Préfecture,Danyi,Plateaux,Plateaux,REC-F1,Levier du 08,Auto-écoles,auto-écoles à ouvrir,2022,Passé,0.0,"1,065 pour 100 000 habitants (écart 21)",1.0,1.0,1.0,auto-écoles agréées pour 100 000 habitants,0.0,2.49,40240.0,B,A1 §4 ; 08 (O5-04) ; 10,"auto-écoles de la collecte 2021-2022, activité non vérifiée ; cible gardée à sa valeur de 2022 (A1-3)",,
Préfecture,Danyi,Plateaux,Plateaux,REC-R1,Levier du 08,Remise en état,km à remettre en état,2022,Passé,49.8,"14,35 % des km évalués en mauvais état (médiane de O3-02)",42.7,42.7,42.7,part des km évalués en mauvais état (%),100.0,14.28,40240.0,B,A1 §4 ; 08 (O5-04) ; 10,relevé de 2020 ; même valeur à chaque palier : aucune donnée ne mesure l’usure,,
Préfecture,Danyi,Plateaux,Plateaux,,Toutes,Accès rural,ruraux à plus de 2 km d’une route revêtue,2022,Passé,,aucune (10 §4.6),25001.0,25001.0,25001.0,part des ruraux à moins de 2 km (%),25.52,,40240.0,B,A1 §4 ; 08 (O5-04) ; 10,"population rurale supposée uniforme dans la préfecture, comme au 10 ; aucune cible (10 §4.6)",,
Préfecture,Blitta,Centrale,Centrale,REC-F2,Levier du 08,Auto-écoles,auto-écoles à ouvrir,2022,Passé,0.0,"1,065 pour 100 000 habitants (écart 21)",2.0,2.0,2.0,auto-écoles agréées pour 100 000 habitants,0.0,1.22,163272.0,B,A1 §4 ; 08 (O5-04) ; 10,"auto-écoles de la collecte 2021-2022, activité non vérifiée ; cible gardée à sa valeur de 2022 (A1-3)",,
Préfecture,Blitta,Centrale,Centrale,REC-R1,Levier du 08,Remise en état,km à remettre en état,2022,Passé,69.0,"14,35 % des km évalués en mauvais état (médiane de O3-02)",54.5,54.5,54.5,part des km évalués en mauvais état (%),68.24,14.33,163272.0,B,A1 §4 ; 08 (O5-04) ; 10,relevé de 2020 ; même valeur à chaque palier : aucune donnée ne mesure l’usure,,
Préfecture,Blitta,Centrale,Centrale,,Toutes,Accès rural,ruraux à plus de 2 km d’une route revêtue,2022,Passé,,aucune (10 §4.6),129877.0,129877.0,129877.0,part des ruraux à moins de 2 km (%),14.75,,163272.0,B,A1 §4 ; 08 (O5-04) ; 10,"population rurale supposée uniforme dans la préfecture, comme au 10 ; aucune cible (10 §4.6)",,
Préfecture,Agou,Plateaux,Plateaux,REC-F2,Levier du 08,Auto-écoles,auto-écoles à ouvrir,2022,Passé,0.0,"1,065 pour 100 000 habitants (écart 21)",1.0,1.0,1.0,auto-écoles agréées pour 100 000 habitants,0.0,1.17,85793.0,B,A1 §4 ; 08 (O5-04) ; 10,"auto-écoles de la collecte 2021-2022, activité non vérifiée ; cible gardée à sa valeur de 2022 (A1-3)",,
Préfecture,Agou,Plateaux,Plateaux,REC-R1,Levier du 08,Remise en état,km à remettre en état,2022,Passé,49.6,"14,35 % des km évalués en mauvais état (médiane de O3-02)",31.8,31.8,31.8,part des km évalués en mauvais état (%),39.97,14.34,85793.0,B,A1 §4 ; 08 (O5-04) ; 10,relevé de 2020 ; même valeur à chaque palier : aucune donnée ne mesure l’usure,,
Préfecture,Agou,Plateaux,Plateaux,,Toutes,Accès rural,ruraux à plus de 2 km d’une route revêtue,2022,Passé,,aucune (10 §4.6),60415.0,60415.0,60415.0,part des ruraux à moins de 2 km (%),25.63,,85793.0,B,A1 §4 ; 08 (O5-04) ; 10,"population rurale supposée uniforme dans la préfecture, comme au 10 ; aucune cible (10 §4.6)",,
Préfecture,Tchamba,Centrale,Centrale,REC-F2,Levier du 08,Auto-écoles,auto-écoles à ouvrir,2022,Passé,0.0,"1,065 pour 100 000 habitants (écart 21)",3.0,3.0,3.0,auto-écoles agréées pour 100 000 habitants,0.0,1.5,200585.0,B,A1 §4 ; 08 (O5-04) ; 10,"auto-écoles de la collecte 2021-2022, activité non vérifiée ; cible gardée à sa valeur de 2022 (A1-3)",,
Préfecture,Tchamba,Centrale,Centrale,REC-R1,Levier du 08,Remise en état,km à remettre en état,2022,Passé,41.0,"14,35 % des km évalués en mauvais état (médiane de O3-02)",23.7,23.7,23.7,part des km évalués en mauvais état (%),34.04,14.34,200585.0,B,A1 §4 ; 08 (O5-04) ; 10,relevé de 2020 ; même valeur à chaque palier : aucune donnée ne mesure l’usure,,
Préfecture,Tchamba,Centrale,Centrale,,Toutes,Accès rural,ruraux à plus de 2 km d’une route revêtue,2022,Passé,,aucune (10 §4.6),141656.0,141656.0,141656.0,part des ruraux à moins de 2 km (%),13.84,,200585.0,B,A1 §4 ; 08 (O5-04) ; 10,"population rurale supposée uniforme dans la préfecture, comme au 10 ; aucune cible (10 §4.6)",,
Préfecture,Bassar,Kara,Kara,REC-F2,Levier du 08,Auto-écoles,auto-écoles à ouvrir,2022,Passé,0.0,"1,065 pour 100 000 habitants (écart 21)",2.0,2.0,2.0,auto-écoles agréées pour 100 000 habitants,0.0,1.32,152065.0,B,A1 §4 ; 08 (O5-04) ; 10,"auto-écoles de la collecte 2021-2022, activité non vérifiée ; cible gardée à sa valeur de 2022 (A1-3)",,
Préfecture,Bassar,Kara,Kara,REC-R1,Levier du 08,Remise en état,km à remettre en état,2022,Passé,46.9,"14,35 % des km évalués en mauvais état (médiane de O3-02)",22.9,22.9,22.9,part des km évalués en mauvais état (%),28.01,14.33,152065.0,B,A1 §4 ; 08 (O5-04) ; 10,relevé de 2020 ; même valeur à chaque palier : aucune donnée ne mesure l’usure,,
Préfecture,Bassar,Kara,Kara,,Toutes,Accès rural,ruraux à plus de 2 km d’une route revêtue,2022,Passé,,aucune (10 §4.6),102960.0,102960.0,102960.0,part des ruraux à moins de 2 km (%),13.41,,152065.0,B,A1 §4 ; 08 (O5-04) ; 10,"population rurale supposée uniforme dans la préfecture, comme au 10 ; aucune cible (10 §4.6)",,
Préfecture,Oti,Savanes,Savanes,REC-F2,Levier du 08,Auto-écoles,auto-écoles à ouvrir,2022,Passé,0.0,"1,065 pour 100 000 habitants (écart 21)",2.0,2.0,2.0,auto-écoles agréées pour 100 000 habitants,0.0,1.6,124848.0,B,A1 §4 ; 08 (O5-04) ; 10,"auto-écoles de la collecte 2021-2022, activité non vérifiée ; cible gardée à sa valeur de 2022 (A1-3)",,
Préfecture,Oti,Savanes,Savanes,,Hors levier,Remise en état,km à remettre en état,2022,Passé,29.7,"14,35 % des km évalués en mauvais état (médiane de O3-02)",9.6,9.6,9.6,part des km évalués en mauvais état (%),21.15,14.32,124848.0,B,A1 §4 ; 08 (O5-04) ; 10,relevé de 2020 ; même valeur à chaque palier : aucune donnée ne mesure l’usure,,
Préfecture,Oti,Savanes,Savanes,,Toutes,Accès rural,ruraux à plus de 2 km d’une route revêtue,2022,Passé,,aucune (10 §4.6),77962.0,77962.0,77962.0,part des ruraux à moins de 2 km (%),13.43,,124848.0,B,A1 §4 ; 08 (O5-04) ; 10,"population rurale supposée uniforme dans la préfecture, comme au 10 ; aucune cible (10 §4.6)",,
Préfecture,Bas-Mono,Maritime hors Grand Lomé,Maritime,REC-F2,Levier du 08,Auto-écoles,auto-écoles à ouvrir,2022,Passé,0.0,"1,065 pour 100 000 habitants (écart 21)",2.0,2.0,2.0,auto-écoles agréées pour 100 000 habitants,0.0,2.11,94860.0,B,A1 §4 ; 08 (O5-04) ; 10,"auto-écoles de la collecte 2021-2022, activité non vérifiée ; cible gardée à sa valeur de 2022 (A1-3)",,
Préfecture,Bas-Mono,Maritime hors Grand Lomé,Maritime,,Hors levier,Remise en état,km à remettre en état,2022,Passé,7.6,"14,35 % des km évalués en mauvais état (médiane de O3-02)",2.4,2.4,2.4,part des km évalués en mauvais état (%),21.14,14.44,94860.0,B,A1 §4 ; 08 (O5-04) ; 10,relevé de 2020 ; même valeur à chaque palier : aucune donnée ne mesure l’usure,,
Préfecture,Bas-Mono,Maritime hors Grand Lomé,Maritime,,Toutes,Accès rural,ruraux à plus de 2 km d’une route revêtue,2022,Passé,,aucune (10 §4.6),71633.0,71633.0,71633.0,part des ruraux à moins de 2 km (%),12.44,,94860.0,B,A1 §4 ; 08 (O5-04) ; 10,"population rurale supposée uniforme dans la préfecture, comme au 10 ; aucune cible (10 §4.6)",,
Préfecture,Est-Mono,Plateaux,Plateaux,REC-F1,Levier du 08,Auto-écoles,auto-écoles à ouvrir,2022,Passé,0.0,"1,065 pour 100 000 habitants (écart 21)",2.0,2.0,2.0,auto-écoles agréées pour 100 000 habitants,0.0,1.22,164460.0,B,A1 §4 ; 08 (O5-04) ; 10,"auto-écoles de la collecte 2021-2022, activité non vérifiée ; cible gardée à sa valeur de 2022 (A1-3)",,
Préfecture,Est-Mono,Plateaux,Plateaux,,Hors levier,Remise en état,km à remettre en état,2022,Passé,19.0,"14,35 % des km évalués en mauvais état (médiane de O3-02)",3.1,3.1,3.1,part des km évalués en mauvais état (%),17.15,14.35,164460.0,B,A1 §4 ; 08 (O5-04) ; 10,relevé de 2020 ; même valeur à chaque palier : aucune donnée ne mesure l’usure,,
Préfecture,Est-Mono,Plateaux,Plateaux,,Toutes,Accès rural,ruraux à plus de 2 km d’une route revêtue,2022,Passé,,aucune (10 §4.6),150769.0,150769.0,150769.0,part des ruraux à moins de 2 km (%),1.64,,164460.0,B,A1 §4 ; 08 (O5-04) ; 10,"population rurale supposée uniforme dans la préfecture, comme au 10 ; aucune cible (10 §4.6)",,
Préfecture,Oti-Sud,Savanes,Savanes,REC-F1,Levier du 08,Auto-écoles,auto-écoles à ouvrir,2022,Passé,0.0,"1,065 pour 100 000 habitants (écart 21)",2.0,2.0,2.0,auto-écoles agréées pour 100 000 habitants,0.0,1.33,150376.0,B,A1 §4 ; 08 (O5-04) ; 10,"auto-écoles de la collecte 2021-2022, activité non vérifiée ; cible gardée à sa valeur de 2022 (A1-3)",,
Préfecture,Oti-Sud,Savanes,Savanes,,Hors levier,Remise en état,km à remettre en état,2022,Passé,19.0,"14,35 % des km évalués en mauvais état (médiane de O3-02)",0.1,0.1,0.1,part des km évalués en mauvais état (%),14.4,14.32,150376.0,B,A1 §4 ; 08 (O5-04) ; 10,relevé de 2020 ; même valeur à chaque palier : aucune donnée ne mesure l’usure,,
Préfecture,Oti-Sud,Savanes,Savanes,,Toutes,Accès rural,ruraux à plus de 2 km d’une route revêtue,2022,Passé,,aucune (10 §4.6),120836.0,120836.0,120836.0,part des ruraux à moins de 2 km (%),9.84,,150376.0,B,A1 §4 ; 08 (O5-04) ; 10,"population rurale supposée uniforme dans la préfecture, comme au 10 ; aucune cible (10 §4.6)",,
Préfecture,Tchaoudjo,Centrale,Centrale,,Hors levier,Auto-écoles,auto-écoles à ouvrir,2022,Passé,2.0,"1,065 pour 100 000 habitants (écart 21)",1.0,1.0,1.0,auto-écoles agréées pour 100 000 habitants,0.83,1.25,240360.0,B,A1 §4 ; 08 (O5-04) ; 10,"auto-écoles de la collecte 2021-2022, activité non vérifiée ; cible gardée à sa valeur de 2022 (A1-3)",,
Préfecture,Tchaoudjo,Centrale,Centrale,REC-R2,Levier du 08,Remise en état,km à remettre en état,2022,Passé,46.3,"14,35 % des km évalués en mauvais état (médiane de O3-02)",28.3,28.3,28.3,part des km évalués en mauvais état (%),36.87,14.34,240360.0,B,A1 §4 ; 08 (O5-04) ; 10,relevé de 2020 ; même valeur à chaque palier : aucune donnée ne mesure l’usure,,
Préfecture,Tchaoudjo,Centrale,Centrale,,Toutes,Accès rural,ruraux à plus de 2 km d’une route revêtue,2022,Passé,,aucune (10 §4.6),102694.0,102694.0,102694.0,part des ruraux à moins de 2 km (%),17.79,,240360.0,B,A1 §4 ; 08 (O5-04) ; 10,"population rurale supposée uniforme dans la préfecture, comme au 10 ; aucune cible (10 §4.6)",,
Préfecture,Haho,Plateaux,Plateaux,REC-F1,Levier du 08,Auto-écoles,auto-écoles à ouvrir,2022,Passé,0.0,"1,065 pour 100 000 habitants (écart 21)",4.0,4.0,4.0,auto-écoles agréées pour 100 000 habitants,0.0,1.31,305096.0,B,A1 §4 ; 08 (O5-04) ; 10,"auto-écoles de la collecte 2021-2022, activité non vérifiée ; cible gardée à sa valeur de 2022 (A1-3)",,
Préfecture,Haho,Plateaux,Plateaux,,Hors levier,Remise en état,km à remettre en état,2022,Passé,14.3,"14,35 % des km évalués en mauvais état (médiane de O3-02)",0.0,0.0,0.0,part des km évalués en mauvais état (%),11.46,11.46,305096.0,B,A1 §4 ; 08 (O5-04) ; 10,relevé de 2020 ; même valeur à chaque palier : aucune donnée ne mesure l’usure,,
Préfecture,Haho,Plateaux,Plateaux,,Toutes,Accès rural,ruraux à plus de 2 km d’une route revêtue,2022,Passé,,aucune (10 §4.6),224189.0,224189.0,224189.0,part des ruraux à moins de 2 km (%),12.41,,305096.0,B,A1 §4 ; 08 (O5-04) ; 10,"population rurale supposée uniforme dans la préfecture, comme au 10 ; aucune cible (10 §4.6)",,
Préfecture,Ogou,Plateaux,Plateaux,,Hors levier,Auto-écoles,auto-écoles à ouvrir,2022,Passé,2.0,"1,065 pour 100 000 habitants (écart 21)",1.0,1.0,1.0,auto-écoles agréées pour 100 000 habitants,0.79,1.18,253467.0,B,A1 §4 ; 08 (O5-04) ; 10,"auto-écoles de la collecte 2021-2022, activité non vérifiée ; cible gardée à sa valeur de 2022 (A1-3)",,
Préfecture,Ogou,Plateaux,Plateaux,REC-R2,Levier du 08,Remise en état,km à remettre en état,2022,Passé,30.9,"14,35 % des km évalués en mauvais état (médiane de O3-02)",14.6,14.6,14.6,part des km évalués en mauvais état (%),27.23,14.36,253467.0,B,A1 §4 ; 08 (O5-04) ; 10,relevé de 2020 ; même valeur à chaque palier : aucune donnée ne mesure l’usure,,
Préfecture,Ogou,Plateaux,Plateaux,,Toutes,Accès rural,ruraux à plus de 2 km d’une route revêtue,2022,Passé,,aucune (10 §4.6),136340.0,136340.0,136340.0,part des ruraux à moins de 2 km (%),12.19,,253467.0,B,A1 §4 ; 08 (O5-04) ; 10,"population rurale supposée uniforme dans la préfecture, comme au 10 ; aucune cible (10 §4.6)",,
Préfecture,Anié,Plateaux,Plateaux,,Hors levier,Auto-écoles,auto-écoles à ouvrir,2022,Passé,1.0,"1,065 pour 100 000 habitants (écart 21)",1.0,1.0,1.0,auto-écoles agréées pour 100 000 habitants,0.56,1.11,180158.0,B,A1 §4 ; 08 (O5-04) ; 10,"auto-écoles de la collecte 2021-2022, activité non vérifiée ; cible gardée à sa valeur de 2022 (A1-3)",,
Préfecture,Anié,Plateaux,Plateaux,REC-R2,Levier du 08,Remise en état,km à remettre en état,2022,Passé,9.3,"14,35 % des km évalués en mauvais état (médiane de O3-02)",3.5,3.5,3.5,part des km évalués en mauvais état (%),23.01,14.32,180158.0,B,A1 §4 ; 08 (O5-04) ; 10,relevé de 2020 ; même valeur à chaque palier : aucune donnée ne mesure l’usure,,
Préfecture,Anié,Plateaux,Plateaux,,Toutes,Accès rural,ruraux à plus de 2 km d’une route revêtue,2022,Passé,,aucune (10 §4.6),112928.0,112928.0,112928.0,part des ruraux à moins de 2 km (%),5.17,,180158.0,B,A1 §4 ; 08 (O5-04) ; 10,"population rurale supposée uniforme dans la préfecture, comme au 10 ; aucune cible (10 §4.6)",,
Préfecture,Yoto,Maritime hors Grand Lomé,Maritime,REC-F2,Levier du 08,Auto-écoles,auto-écoles à ouvrir,2022,Passé,0.0,"1,065 pour 100 000 habitants (écart 21)",2.0,2.0,2.0,auto-écoles agréées pour 100 000 habitants,0.0,1.14,174851.0,B,A1 §4 ; 08 (O5-04) ; 10,"auto-écoles de la collecte 2021-2022, activité non vérifiée ; cible gardée à sa valeur de 2022 (A1-3)",,
Préfecture,Yoto,Maritime hors Grand Lomé,Maritime,,Hors levier,Remise en état,km à remettre en état,2022,Passé,4.7,"14,35 % des km évalués en mauvais état (médiane de O3-02)",0.0,0.0,0.0,part des km évalués en mauvais état (%),8.09,8.09,174851.0,B,A1 §4 ; 08 (O5-04) ; 10,relevé de 2020 ; même valeur à chaque palier : aucune donnée ne mesure l’usure,,
Préfecture,Yoto,Maritime hors Grand Lomé,Maritime,,Toutes,Accès rural,ruraux à plus de 2 km d’une route revêtue,2022,Passé,,aucune (10 §4.6),124157.0,124157.0,124157.0,part des ruraux à moins de 2 km (%),9.96,,174851.0,B,A1 §4 ; 08 (O5-04) ; 10,"population rurale supposée uniforme dans la préfecture, comme au 10 ; aucune cible (10 §4.6)",,
Préfecture,Akébou,Plateaux,Plateaux,REC-F1,Levier du 08,Auto-écoles,auto-écoles à ouvrir,2022,Passé,0.0,"1,065 pour 100 000 habitants (écart 21)",1.0,1.0,1.0,auto-écoles agréées pour 100 000 habitants,0.0,1.35,73830.0,B,A1 §4 ; 08 (O5-04) ; 10,"auto-écoles de la collecte 2021-2022, activité non vérifiée ; cible gardée à sa valeur de 2022 (A1-3)",,
Préfecture,Akébou,Plateaux,Plateaux,,Hors levier,Remise en état,km à remettre en état,2022,Passé,0.5,"14,35 % des km évalués en mauvais état (médiane de O3-02)",0.0,0.0,0.0,part des km évalués en mauvais état (%),7.85,7.85,73830.0,B,A1 §4 ; 08 (O5-04) ; 10,relevé de 2020 ; même valeur à chaque palier : aucune donnée ne mesure l’usure,,
Préfecture,Akébou,Plateaux,Plateaux,,Toutes,Accès rural,ruraux à plus de 2 km d’une route revêtue,2022,Passé,,aucune (10 §4.6),65549.0,65549.0,65549.0,part des ruraux à moins de 2 km (%),0.55,,73830.0,B,A1 §4 ; 08 (O5-04) ; 10,"population rurale supposée uniforme dans la préfecture, comme au 10 ; aucune cible (10 §4.6)",,
Préfecture,Kloto,Plateaux,Plateaux,,Hors levier,Auto-écoles,auto-écoles à ouvrir,2022,Passé,3.0,"1,065 pour 100 000 habitants (écart 21)",0.0,0.0,0.0,auto-écoles agréées pour 100 000 habitants,2.05,2.05,145986.0,B,A1 §4 ; 08 (O5-04) ; 10,"auto-écoles de la collecte 2021-2022, activité non vérifiée ; cible gardée à sa valeur de 2022 (A1-3)",,
Préfecture,Kloto,Plateaux,Plateaux,REC-R2,Levier du 08,Remise en état,km à remettre en état,2022,Passé,49.1,"14,35 % des km évalués en mauvais état (médiane de O3-02)",38.2,38.2,38.2,part des km évalués en mauvais état (%),64.97,14.41,145986.0,B,A1 §4 ; 08 (O5-04) ; 10,relevé de 2020 ; même valeur à chaque palier : aucune donnée ne mesure l’usure,,
Préfecture,Kloto,Plateaux,Plateaux,,Toutes,Accès rural,ruraux à plus de 2 km d’une route revêtue,2022,Passé,,aucune (10 §4.6),34006.0,34006.0,34006.0,part des ruraux à moins de 2 km (%),41.88,,145986.0,B,A1 §4 ; 08 (O5-04) ; 10,"population rurale supposée uniforme dans la préfecture, comme au 10 ; aucune cible (10 §4.6)",,
Préfecture,Kpendjal-Ouest,Savanes,Savanes,REC-F1,Levier du 08,Auto-écoles,auto-écoles à ouvrir,2022,Passé,0.0,"1,065 pour 100 000 habitants (écart 21)",2.0,2.0,2.0,auto-écoles agréées pour 100 000 habitants,0.0,1.62,123330.0,B,A1 §4 ; 08 (O5-04) ; 10,"auto-écoles de la collecte 2021-2022, activité non vérifiée ; cible gardée à sa valeur de 2022 (A1-3)",,
Préfecture,Kpendjal-Ouest,Savanes,Savanes,,Hors levier,Remise en état,km à remettre en état,2022,Passé,2.7,"14,35 % des km évalués en mauvais état (médiane de O3-02)",0.0,0.0,0.0,part des km évalués en mauvais état (%),5.97,5.97,123330.0,B,A1 §4 ; 08 (O5-04) ; 10,relevé de 2020 ; même valeur à chaque palier : aucune donnée ne mesure l’usure,,
Préfecture,Kpendjal-Ouest,Savanes,Savanes,,Toutes,Accès rural,ruraux à plus de 2 km d’une route revêtue,2022,Passé,,aucune (10 §4.6),93517.0,93517.0,93517.0,part des ruraux à moins de 2 km (%),20.04,,123330.0,B,A1 §4 ; 08 (O5-04) ; 10,"population rurale supposée uniforme dans la préfecture, comme au 10 ; aucune cible (10 §4.6)",,
Préfecture,Kpendjal,Savanes,Savanes,REC-F1,Levier du 08,Auto-écoles,auto-écoles à ouvrir,2022,Passé,0.0,"1,065 pour 100 000 habitants (écart 21)",1.0,1.0,1.0,auto-écoles agréées pour 100 000 habitants,0.0,1.13,88365.0,B,A1 §4 ; 08 (O5-04) ; 10,"auto-écoles de la collecte 2021-2022, activité non vérifiée ; cible gardée à sa valeur de 2022 (A1-3)",,
Préfecture,Kpendjal,Savanes,Savanes,,Hors levier,Remise en état,km à remettre en état,2022,Passé,3.0,"14,35 % des km évalués en mauvais état (médiane de O3-02)",0.0,0.0,0.0,part des km évalués en mauvais état (%),5.21,5.21,88365.0,B,A1 §4 ; 08 (O5-04) ; 10,relevé de 2020 ; même valeur à chaque palier : aucune donnée ne mesure l’usure,,
Préfecture,Kpendjal,Savanes,Savanes,,Toutes,Accès rural,ruraux à plus de 2 km d’une route revêtue,2022,Passé,,aucune (10 §4.6),68897.0,68897.0,68897.0,part des ruraux à moins de 2 km (%),14.56,,88365.0,B,A1 §4 ; 08 (O5-04) ; 10,"population rurale supposée uniforme dans la préfecture, comme au 10 ; aucune cible (10 §4.6)",,
Préfecture,Zio,Maritime hors Grand Lomé,Maritime,,Hors levier,Auto-écoles,auto-écoles à ouvrir,2022,Passé,1.0,"1,065 pour 100 000 habitants (écart 21)",5.0,5.0,5.0,auto-écoles agréées pour 100 000 habitants,0.2,1.2,500032.0,B,A1 §4 ; 08 (O5-04) ; 10,"auto-écoles de la collecte 2021-2022, activité non vérifiée ; cible gardée à sa valeur de 2022 (A1-3)",,
Préfecture,Zio,Maritime hors Grand Lomé,Maritime,,Hors levier,Remise en état,km à remettre en état,2022,Passé,16.6,"14,35 % des km évalués en mauvais état (médiane de O3-02)",2.7,2.7,2.7,part des km évalués en mauvais état (%),17.17,14.37,500032.0,B,A1 §4 ; 08 (O5-04) ; 10,relevé de 2020 ; même valeur à chaque palier : aucune donnée ne mesure l’usure,,
Préfecture,Zio,Maritime hors Grand Lomé,Maritime,,Toutes,Accès rural,ruraux à plus de 2 km d’une route revêtue,2022,Passé,,aucune (10 §4.6),358854.0,358854.0,358854.0,part des ruraux à moins de 2 km (%),15.2,,500032.0,B,A1 §4 ; 08 (O5-04) ; 10,"population rurale supposée uniforme dans la préfecture, comme au 10 ; aucune cible (10 §4.6)",,
Préfecture,Wawa,Plateaux,Plateaux,,Hors levier,Auto-écoles,auto-écoles à ouvrir,2022,Passé,2.0,"1,065 pour 100 000 habitants (écart 21)",0.0,0.0,0.0,auto-écoles agréées pour 100 000 habitants,1.97,1.97,101300.0,B,A1 §4 ; 08 (O5-04) ; 10,"auto-écoles de la collecte 2021-2022, activité non vérifiée ; cible gardée à sa valeur de 2022 (A1-3)",,
Préfecture,Wawa,Plateaux,Plateaux,REC-R2,Levier du 08,Remise en état,km à remettre en état,2022,Passé,38.3,"14,35 % des km évalués en mauvais état (médiane de O3-02)",19.7,19.7,19.7,part des km évalués en mauvais état (%),29.48,14.31,101300.0,B,A1 §4 ; 08 (O5-04) ; 10,relevé de 2020 ; même valeur à chaque palier : aucune donnée ne mesure l’usure,,
Préfecture,Wawa,Plateaux,Plateaux,,Toutes,Accès rural,ruraux à plus de 2 km d’une route revêtue,2022,Passé,,aucune (10 §4.6),62066.0,62066.0,62066.0,part des ruraux à moins de 2 km (%),30.88,,101300.0,B,A1 §4 ; 08 (O5-04) ; 10,"population rurale supposée uniforme dans la préfecture, comme au 10 ; aucune cible (10 §4.6)",,
Préfecture,Amou,Plateaux,Plateaux,REC-F2,Levier du 08,Auto-écoles,auto-écoles à ouvrir,2022,Passé,0.0,"1,065 pour 100 000 habitants (écart 21)",2.0,2.0,2.0,auto-écoles agréées pour 100 000 habitants,0.0,1.75,114172.0,B,A1 §4 ; 08 (O5-04) ; 10,"auto-écoles de la collecte 2021-2022, activité non vérifiée ; cible gardée à sa valeur de 2022 (A1-3)",,
Préfecture,Amou,Plateaux,Plateaux,,Hors levier,Remise en état,km à remettre en état,2022,Passé,4.0,"14,35 % des km évalués en mauvais état (médiane de O3-02)",0.0,0.0,0.0,part des km évalués en mauvais état (%),4.45,4.45,114172.0,B,A1 §4 ; 08 (O5-04) ; 10,relevé de 2020 ; même valeur à chaque palier : aucune donnée ne mesure l’usure,,
Préfecture,Amou,Plateaux,Plateaux,,Toutes,Accès rural,ruraux à plus de 2 km d’une route revêtue,2022,Passé,,aucune (10 §4.6),93060.0,93060.0,93060.0,part des ruraux à moins de 2 km (%),12.35,,114172.0,B,A1 §4 ; 08 (O5-04) ; 10,"population rurale supposée uniforme dans la préfecture, comme au 10 ; aucune cible (10 §4.6)",,
Préfecture,Doufelgou,Kara,Kara,REC-F1,Levier du 08,Auto-écoles,auto-écoles à ouvrir,2022,Passé,0.0,"1,065 pour 100 000 habitants (écart 21)",1.0,1.0,1.0,auto-écoles agréées pour 100 000 habitants,0.0,1.18,84767.0,B,A1 §4 ; 08 (O5-04) ; 10,"auto-écoles de la collecte 2021-2022, activité non vérifiée ; cible gardée à sa valeur de 2022 (A1-3)",,
Préfecture,Doufelgou,Kara,Kara,,Hors levier,Remise en état,km à remettre en état,2022,Passé,3.4,"14,35 % des km évalués en mauvais état (médiane de O3-02)",0.0,0.0,0.0,part des km évalués en mauvais état (%),3.4,3.4,84767.0,B,A1 §4 ; 08 (O5-04) ; 10,relevé de 2020 ; même valeur à chaque palier : aucune donnée ne mesure l’usure,,
Préfecture,Doufelgou,Kara,Kara,,Toutes,Accès rural,ruraux à plus de 2 km d’une route revêtue,2022,Passé,,aucune (10 §4.6),44867.0,44867.0,44867.0,part des ruraux à moins de 2 km (%),22.15,,84767.0,B,A1 §4 ; 08 (O5-04) ; 10,"population rurale supposée uniforme dans la préfecture, comme au 10 ; aucune cible (10 §4.6)",,
Préfecture,Binah,Kara,Kara,REC-F1,Levier du 08,Auto-écoles,auto-écoles à ouvrir,2022,Passé,0.0,"1,065 pour 100 000 habitants (écart 21)",1.0,1.0,1.0,auto-écoles agréées pour 100 000 habitants,0.0,1.19,84199.0,B,A1 §4 ; 08 (O5-04) ; 10,"auto-écoles de la collecte 2021-2022, activité non vérifiée ; cible gardée à sa valeur de 2022 (A1-3)",,
Préfecture,Binah,Kara,Kara,,Hors levier,Remise en état,km à remettre en état,2022,Passé,1.5,"14,35 % des km évalués en mauvais état (médiane de O3-02)",0.0,0.0,0.0,part des km évalués en mauvais état (%),3.34,3.34,84199.0,B,A1 §4 ; 08 (O5-04) ; 10,relevé de 2020 ; même valeur à chaque palier : aucune donnée ne mesure l’usure,,
Préfecture,Binah,Kara,Kara,,Toutes,Accès rural,ruraux à plus de 2 km d’une route revêtue,2022,Passé,,aucune (10 §4.6),65650.0,65650.0,65650.0,part des ruraux à moins de 2 km (%),14.46,,84199.0,B,A1 §4 ; 08 (O5-04) ; 10,"population rurale supposée uniforme dans la préfecture, comme au 10 ; aucune cible (10 §4.6)",,
Préfecture,Avé,Maritime hors Grand Lomé,Maritime,REC-F1,Levier du 08,Auto-écoles,auto-écoles à ouvrir,2022,Passé,0.0,"1,065 pour 100 000 habitants (écart 21)",2.0,2.0,2.0,auto-écoles agréées pour 100 000 habitants,0.0,1.8,111214.0,B,A1 §4 ; 08 (O5-04) ; 10,"auto-écoles de la collecte 2021-2022, activité non vérifiée ; cible gardée à sa valeur de 2022 (A1-3)",,
Préfecture,Avé,Maritime hors Grand Lomé,Maritime,,Hors levier,Remise en état,km à remettre en état,2022,Passé,3.0,"14,35 % des km évalués en mauvais état (médiane de O3-02)",0.0,0.0,0.0,part des km évalués en mauvais état (%),2.75,2.75,111214.0,B,A1 §4 ; 08 (O5-04) ; 10,relevé de 2020 ; même valeur à chaque palier : aucune donnée ne mesure l’usure,,
Préfecture,Avé,Maritime hors Grand Lomé,Maritime,,Toutes,Accès rural,ruraux à plus de 2 km d’une route revêtue,2022,Passé,,aucune (10 §4.6),83476.0,83476.0,83476.0,part des ruraux à moins de 2 km (%),21.27,,111214.0,B,A1 §4 ; 08 (O5-04) ; 10,"population rurale supposée uniforme dans la préfecture, comme au 10 ; aucune cible (10 §4.6)",,
Préfecture,Sotouboua,Centrale,Centrale,,Hors levier,Auto-écoles,auto-écoles à ouvrir,2022,Passé,2.0,"1,065 pour 100 000 habitants (écart 21)",0.0,0.0,0.0,auto-écoles agréées pour 100 000 habitants,1.44,1.44,138864.0,B,A1 §4 ; 08 (O5-04) ; 10,"auto-écoles de la collecte 2021-2022, activité non vérifiée ; cible gardée à sa valeur de 2022 (A1-3)",,
Préfecture,Sotouboua,Centrale,Centrale,REC-R2,Levier du 08,Remise en état,km à remettre en état,2022,Passé,20.1,"14,35 % des km évalués en mauvais état (médiane de O3-02)",7.1,7.1,7.1,part des km évalués en mauvais état (%),22.26,14.38,138864.0,B,A1 §4 ; 08 (O5-04) ; 10,relevé de 2020 ; même valeur à chaque palier : aucune donnée ne mesure l’usure,,
Préfecture,Sotouboua,Centrale,Centrale,,Toutes,Accès rural,ruraux à plus de 2 km d’une route revêtue,2022,Passé,,aucune (10 §4.6),95714.0,95714.0,95714.0,part des ruraux à moins de 2 km (%),10.04,,138864.0,B,A1 §4 ; 08 (O5-04) ; 10,"population rurale supposée uniforme dans la préfecture, comme au 10 ; aucune cible (10 §4.6)",,
Préfecture,Tandjoaré,Savanes,Savanes,REC-F1,Levier du 08,Auto-écoles,auto-écoles à ouvrir,2022,Passé,0.0,"1,065 pour 100 000 habitants (écart 21)",2.0,2.0,2.0,auto-écoles agréées pour 100 000 habitants,0.0,1.44,138867.0,B,A1 §4 ; 08 (O5-04) ; 10,"auto-écoles de la collecte 2021-2022, activité non vérifiée ; cible gardée à sa valeur de 2022 (A1-3)",,
Préfecture,Tandjoaré,Savanes,Savanes,,Hors levier,Remise en état,km à remettre en état,2022,Passé,0.3,"14,35 % des km évalués en mauvais état (médiane de O3-02)",0.0,0.0,0.0,part des km évalués en mauvais état (%),1.09,1.09,138867.0,B,A1 §4 ; 08 (O5-04) ; 10,relevé de 2020 ; même valeur à chaque palier : aucune donnée ne mesure l’usure,,
Préfecture,Tandjoaré,Savanes,Savanes,,Toutes,Accès rural,ruraux à plus de 2 km d’une route revêtue,2022,Passé,,aucune (10 §4.6),122210.0,122210.0,122210.0,part des ruraux à moins de 2 km (%),9.99,,138867.0,B,A1 §4 ; 08 (O5-04) ; 10,"population rurale supposée uniforme dans la préfecture, comme au 10 ; aucune cible (10 §4.6)",,
Préfecture,Agoè-Nyivé,Grand Lomé,Maritime,,Hors levier,Auto-écoles,auto-écoles à ouvrir,2022,Passé,29.0,"1,065 pour 100 000 habitants (écart 21)",0.0,0.0,0.0,auto-écoles agréées pour 100 000 habitants,3.29,3.29,882695.0,B,A1 §4 ; 08 (O5-04) ; 10,"auto-écoles de la collecte 2021-2022, activité non vérifiée ; cible gardée à sa valeur de 2022 (A1-3)",,
Préfecture,Agoè-Nyivé,Grand Lomé,Maritime,REC-R2,Levier du 08,Remise en état,km à remettre en état,2022,Passé,7.2,"14,35 % des km évalués en mauvais état (médiane de O3-02)",3.2,3.2,3.2,part des km évalués en mauvais état (%),26.0,14.48,882695.0,B,A1 §4 ; 08 (O5-04) ; 10,relevé de 2020 ; même valeur à chaque palier : aucune donnée ne mesure l’usure,,
Préfecture,Agoè-Nyivé,Grand Lomé,Maritime,,Toutes,Accès rural,ruraux à plus de 2 km d’une route revêtue,2022,Passé,,aucune (10 §4.6),0.0,0.0,0.0,part des ruraux à moins de 2 km (%),,,882695.0,B,A1 §4 ; 08 (O5-04) ; 10,"population rurale supposée uniforme dans la préfecture, comme au 10 ; aucune cible (10 §4.6)",,
Préfecture,Assoli,Kara,Kara,,Hors levier,Auto-écoles,auto-écoles à ouvrir,2022,Passé,1.0,"1,065 pour 100 000 habitants (écart 21)",0.0,0.0,0.0,auto-écoles agréées pour 100 000 habitants,1.51,1.51,66394.0,B,A1 §4 ; 08 (O5-04) ; 10,"auto-écoles de la collecte 2021-2022, activité non vérifiée ; cible gardée à sa valeur de 2022 (A1-3)",,
Préfecture,Assoli,Kara,Kara,,Hors levier,Remise en état,km à remettre en état,2022,Passé,15.8,"14,35 % des km évalués en mauvais état (médiane de O3-02)",5.4,5.4,5.4,part des km évalués en mauvais état (%),21.77,14.32,66394.0,B,A1 §4 ; 08 (O5-04) ; 10,relevé de 2020 ; même valeur à chaque palier : aucune donnée ne mesure l’usure,,
Préfecture,Assoli,Kara,Kara,,Toutes,Accès rural,ruraux à plus de 2 km d’une route revêtue,2022,Passé,,aucune (10 §4.6),36467.0,36467.0,36467.0,part des ruraux à moins de 2 km (%),14.73,,66394.0,B,A1 §4 ; 08 (O5-04) ; 10,"population rurale supposée uniforme dans la préfecture, comme au 10 ; aucune cible (10 §4.6)",,
Préfecture,Kozah,Kara,Kara,,Hors levier,Auto-écoles,auto-écoles à ouvrir,2022,Passé,6.0,"1,065 pour 100 000 habitants (écart 21)",0.0,0.0,0.0,auto-écoles agréées pour 100 000 habitants,2.11,2.11,283738.0,B,A1 §4 ; 08 (O5-04) ; 10,"auto-écoles de la collecte 2021-2022, activité non vérifiée ; cible gardée à sa valeur de 2022 (A1-3)",,
Préfecture,Kozah,Kara,Kara,REC-R2,Levier du 08,Remise en état,km à remettre en état,2022,Passé,37.6,"14,35 % des km évalués en mauvais état (médiane de O3-02)",14.4,14.4,14.4,part des km évalués en mauvais état (%),23.28,14.35,283738.0,B,A1 §4 ; 08 (O5-04) ; 10,relevé de 2020 ; même valeur à chaque palier : aucune donnée ne mesure l’usure,,
Préfecture,Kozah,Kara,Kara,,Toutes,Accès rural,ruraux à plus de 2 km d’une route revêtue,2022,Passé,,aucune (10 §4.6),71480.0,71480.0,71480.0,part des ruraux à moins de 2 km (%),43.11,,283738.0,B,A1 §4 ; 08 (O5-04) ; 10,"population rurale supposée uniforme dans la préfecture, comme au 10 ; aucune cible (10 §4.6)",,
Préfecture,Cinkassé,Savanes,Savanes,,Hors levier,Auto-écoles,auto-écoles à ouvrir,2022,Passé,1.0,"1,065 pour 100 000 habitants (écart 21)",1.0,1.0,1.0,auto-écoles agréées pour 100 000 habitants,0.78,1.55,128959.0,B,A1 §4 ; 08 (O5-04) ; 10,"auto-écoles de la collecte 2021-2022, activité non vérifiée ; cible gardée à sa valeur de 2022 (A1-3)",,
Préfecture,Cinkassé,Savanes,Savanes,,Hors levier,Remise en état,km à remettre en état,2022,Passé,4.4,"14,35 % des km évalués en mauvais état (médiane de O3-02)",0.0,0.0,0.0,part des km évalués en mauvais état (%),12.12,12.12,128959.0,B,A1 §4 ; 08 (O5-04) ; 10,relevé de 2020 ; même valeur à chaque palier : aucune donnée ne mesure l’usure,,
Préfecture,Cinkassé,Savanes,Savanes,,Toutes,Accès rural,ruraux à plus de 2 km d’une route revêtue,2022,Passé,,aucune (10 §4.6),49185.0,49185.0,49185.0,part des ruraux à moins de 2 km (%),31.81,,128959.0,B,A1 §4 ; 08 (O5-04) ; 10,"population rurale supposée uniforme dans la préfecture, comme au 10 ; aucune cible (10 §4.6)",,
Préfecture,Kéran,Kara,Kara,REC-F1,Levier du 08,Auto-écoles,auto-écoles à ouvrir,2022,Passé,0.0,"1,065 pour 100 000 habitants (écart 21)",2.0,2.0,2.0,auto-écoles agréées pour 100 000 habitants,0.0,1.55,128687.0,B,A1 §4 ; 08 (O5-04) ; 10,"auto-écoles de la collecte 2021-2022, activité non vérifiée ; cible gardée à sa valeur de 2022 (A1-3)",,
Préfecture,Kéran,Kara,Kara,,Hors levier,Remise en état,km à remettre en état,2022,Passé,0.2,"14,35 % des km évalués en mauvais état (médiane de O3-02)",0.0,0.0,0.0,part des km évalués en mauvais état (%),0.18,0.18,128687.0,B,A1 §4 ; 08 (O5-04) ; 10,relevé de 2020 ; même valeur à chaque palier : aucune donnée ne mesure l’usure,,
Préfecture,Kéran,Kara,Kara,,Toutes,Accès rural,ruraux à plus de 2 km d’une route revêtue,2022,Passé,,aucune (10 §4.6),102214.0,102214.0,102214.0,part des ruraux à moins de 2 km (%),9.84,,128687.0,B,A1 §4 ; 08 (O5-04) ; 10,"population rurale supposée uniforme dans la préfecture, comme au 10 ; aucune cible (10 §4.6)",,
Préfecture,Tône,Savanes,Savanes,,Hors levier,Auto-écoles,auto-écoles à ouvrir,2022,Passé,3.0,"1,065 pour 100 000 habitants (écart 21)",2.0,2.0,2.0,auto-écoles agréées pour 100 000 habitants,0.77,1.29,388775.0,B,A1 §4 ; 08 (O5-04) ; 10,"auto-écoles de la collecte 2021-2022, activité non vérifiée ; cible gardée à sa valeur de 2022 (A1-3)",,
Préfecture,Tône,Savanes,Savanes,,Hors levier,Remise en état,km à remettre en état,2022,Passé,7.7,"14,35 % des km évalués en mauvais état (médiane de O3-02)",0.0,0.0,0.0,part des km évalués en mauvais état (%),9.15,9.15,388775.0,B,A1 §4 ; 08 (O5-04) ; 10,relevé de 2020 ; même valeur à chaque palier : aucune donnée ne mesure l’usure,,
Préfecture,Tône,Savanes,Savanes,,Toutes,Accès rural,ruraux à plus de 2 km d’une route revêtue,2022,Passé,,aucune (10 §4.6),215556.0,215556.0,215556.0,part des ruraux à moins de 2 km (%),20.49,,388775.0,B,A1 §4 ; 08 (O5-04) ; 10,"population rurale supposée uniforme dans la préfecture, comme au 10 ; aucune cible (10 §4.6)",,
Préfecture,Dankpen,Kara,Kara,REC-F1,Levier du 08,Auto-écoles,auto-écoles à ouvrir,2022,Passé,0.0,"1,065 pour 100 000 habitants (écart 21)",2.0,2.0,2.0,auto-écoles agréées pour 100 000 habitants,0.0,1.08,185662.0,B,A1 §4 ; 08 (O5-04) ; 10,"auto-écoles de la collecte 2021-2022, activité non vérifiée ; cible gardée à sa valeur de 2022 (A1-3)",,
Préfecture,Dankpen,Kara,Kara,,Hors levier,Remise en état,km à remettre en état,2022,Passé,0.0,"14,35 % des km évalués en mauvais état (médiane de O3-02)",0.0,0.0,0.0,part des km évalués en mauvais état (%),0.0,0.0,185662.0,B,A1 §4 ; 08 (O5-04) ; 10,relevé de 2020 ; même valeur à chaque palier : aucune donnée ne mesure l’usure,,
Préfecture,Dankpen,Kara,Kara,,Toutes,Accès rural,ruraux à plus de 2 km d’une route revêtue,2022,Passé,,aucune (10 §4.6),154501.0,154501.0,154501.0,part des ruraux à moins de 2 km (%),6.71,,185662.0,B,A1 §4 ; 08 (O5-04) ; 10,"population rurale supposée uniforme dans la préfecture, comme au 10 ; aucune cible (10 §4.6)",,
Préfecture,Moyen-Mono,Plateaux,Plateaux,REC-F1,Levier du 08,Auto-écoles,auto-écoles à ouvrir,2022,Passé,0.0,"1,065 pour 100 000 habitants (écart 21)",1.0,1.0,1.0,auto-écoles agréées pour 100 000 habitants,0.0,1.1,90505.0,B,A1 §4 ; 08 (O5-04) ; 10,"auto-écoles de la collecte 2021-2022, activité non vérifiée ; cible gardée à sa valeur de 2022 (A1-3)",,
Préfecture,Moyen-Mono,Plateaux,Plateaux,,Hors levier,Remise en état,km à remettre en état,2022,Passé,0.0,"14,35 % des km évalués en mauvais état (médiane de O3-02)",0.0,0.0,0.0,part des km évalués en mauvais état (%),0.0,0.0,90505.0,B,A1 §4 ; 08 (O5-04) ; 10,relevé de 2020 ; même valeur à chaque palier : aucune donnée ne mesure l’usure,,
Préfecture,Moyen-Mono,Plateaux,Plateaux,,Toutes,Accès rural,ruraux à plus de 2 km d’une route revêtue,2022,Passé,,aucune (10 §4.6),75574.0,75574.0,75574.0,part des ruraux à moins de 2 km (%),7.8,,90505.0,B,A1 §4 ; 08 (O5-04) ; 10,"population rurale supposée uniforme dans la préfecture, comme au 10 ; aucune cible (10 §4.6)",,
Préfecture,Kpélé,Plateaux,Plateaux,,Hors levier,Auto-écoles,auto-écoles à ouvrir,2022,Passé,1.0,"1,065 pour 100 000 habitants (écart 21)",0.0,0.0,0.0,auto-écoles agréées pour 100 000 habitants,1.24,1.24,80939.0,B,A1 §4 ; 08 (O5-04) ; 10,"auto-écoles de la collecte 2021-2022, activité non vérifiée ; cible gardée à sa valeur de 2022 (A1-3)",,
Préfecture,Kpélé,Plateaux,Plateaux,,Hors levier,Remise en état,km à remettre en état,2022,Passé,5.9,"14,35 % des km évalués en mauvais état (médiane de O3-02)",0.0,0.0,0.0,part des km évalués en mauvais état (%),14.26,14.26,80939.0,B,A1 §4 ; 08 (O5-04) ; 10,relevé de 2020 ; même valeur à chaque palier : aucune donnée ne mesure l’usure,,
Préfecture,Kpélé,Plateaux,Plateaux,,Toutes,Accès rural,ruraux à plus de 2 km d’une route revêtue,2022,Passé,,aucune (10 §4.6),55011.0,55011.0,55011.0,part des ruraux à moins de 2 km (%),16.39,,80939.0,B,A1 §4 ; 08 (O5-04) ; 10,"population rurale supposée uniforme dans la préfecture, comme au 10 ; aucune cible (10 §4.6)",,
Préfecture,Lacs,Maritime hors Grand Lomé,Maritime,,Hors levier,Auto-écoles,auto-écoles à ouvrir,2022,Passé,2.0,"1,065 pour 100 000 habitants (écart 21)",1.0,1.0,1.0,auto-écoles agréées pour 100 000 habitants,0.83,1.24,241247.0,B,A1 §4 ; 08 (O5-04) ; 10,"auto-écoles de la collecte 2021-2022, activité non vérifiée ; cible gardée à sa valeur de 2022 (A1-3)",,
Préfecture,Lacs,Maritime hors Grand Lomé,Maritime,,Hors levier,Remise en état,km à remettre en état,2022,Passé,7.7,"14,35 % des km évalués en mauvais état (médiane de O3-02)",0.0,0.0,0.0,part des km évalués en mauvais état (%),9.38,9.38,241247.0,B,A1 §4 ; 08 (O5-04) ; 10,relevé de 2020 ; même valeur à chaque palier : aucune donnée ne mesure l’usure,,
Préfecture,Lacs,Maritime hors Grand Lomé,Maritime,,Toutes,Accès rural,ruraux à plus de 2 km d’une route revêtue,2022,Passé,,aucune (10 §4.6),115503.0,115503.0,115503.0,part des ruraux à moins de 2 km (%),45.78,,241247.0,B,A1 §4 ; 08 (O5-04) ; 10,"population rurale supposée uniforme dans la préfecture, comme au 10 ; aucune cible (10 §4.6)",,
Préfecture,Vo,Maritime hors Grand Lomé,Maritime,,Hors levier,Auto-écoles,auto-écoles à ouvrir,2022,Passé,2.0,"1,065 pour 100 000 habitants (écart 21)",1.0,1.0,1.0,auto-écoles agréées pour 100 000 habitants,0.89,1.34,224411.0,B,A1 §4 ; 08 (O5-04) ; 10,"auto-écoles de la collecte 2021-2022, activité non vérifiée ; cible gardée à sa valeur de 2022 (A1-3)",,
Préfecture,Vo,Maritime hors Grand Lomé,Maritime,,Hors levier,Remise en état,km à remettre en état,2022,Passé,2.9,"14,35 % des km évalués en mauvais état (médiane de O3-02)",0.0,0.0,0.0,part des km évalués en mauvais état (%),4.57,4.57,224411.0,B,A1 §4 ; 08 (O5-04) ; 10,relevé de 2020 ; même valeur à chaque palier : aucune donnée ne mesure l’usure,,
Préfecture,Vo,Maritime hors Grand Lomé,Maritime,,Toutes,Accès rural,ruraux à plus de 2 km d’une route revêtue,2022,Passé,,aucune (10 §4.6),138943.0,138943.0,138943.0,part des ruraux à moins de 2 km (%),30.33,,224411.0,B,A1 §4 ; 08 (O5-04) ; 10,"population rurale supposée uniforme dans la préfecture, comme au 10 ; aucune cible (10 §4.6)",,
Préfecture,Golfe,Grand Lomé,Maritime,,Hors levier,Auto-écoles,auto-écoles à ouvrir,2022,Passé,74.0,"1,065 pour 100 000 habitants (écart 21)",0.0,0.0,0.0,auto-écoles agréées pour 100 000 habitants,5.67,5.67,1305681.0,B,A1 §4 ; 08 (O5-04) ; 10,"auto-écoles de la collecte 2021-2022, activité non vérifiée ; cible gardée à sa valeur de 2022 (A1-3)",,
Préfecture,Golfe,Grand Lomé,Maritime,,Hors levier,Remise en état,km à remettre en état,2022,Passé,0.3,"14,35 % des km évalués en mauvais état (médiane de O3-02)",0.0,0.0,0.0,part des km évalués en mauvais état (%),0.49,0.49,1305681.0,B,A1 §4 ; 08 (O5-04) ; 10,relevé de 2020 ; même valeur à chaque palier : aucune donnée ne mesure l’usure,,
Préfecture,Golfe,Grand Lomé,Maritime,,Toutes,Accès rural,ruraux à plus de 2 km d’une route revêtue,2022,Passé,,aucune (10 §4.6),0.0,0.0,0.0,part des ruraux à moins de 2 km (%),,,1305681.0,B,A1 §4 ; 08 (O5-04) ; 10,"population rurale supposée uniforme dans la préfecture, comme au 10 ; aucune cible (10 §4.6)",,
Préfecture,Mô,Centrale,Centrale,REC-F1,Levier du 08,Auto-écoles,auto-écoles à ouvrir,2022,Passé,0.0,"1,065 pour 100 000 habitants (écart 21)",1.0,1.0,1.0,auto-écoles agréées pour 100 000 habitants,0.0,1.91,52448.0,B,A1 §4 ; 08 (O5-04) ; 10,"auto-écoles de la collecte 2021-2022, activité non vérifiée ; cible gardée à sa valeur de 2022 (A1-3)",,
Préfecture,Mô,Centrale,Centrale,,Hors levier,Remise en état,km à remettre en état,2022,Passé,0.0,"14,35 % des km évalués en mauvais état (médiane de O3-02)",0.0,0.0,0.0,part des km évalués en mauvais état (%),,,52448.0,B,A1 §4 ; 08 (O5-04) ; 10,relevé de 2020 ; même valeur à chaque palier : aucune donnée ne mesure l’usure,,
Préfecture,Mô,Centrale,Centrale,,Toutes,Accès rural,ruraux à plus de 2 km d’une route revêtue,2022,Passé,,aucune (10 §4.6),44335.0,44335.0,44335.0,part des ruraux à moins de 2 km (%),0.0,,52448.0,B,A1 §4 ; 08 (O5-04) ; 10,"population rurale supposée uniforme dans la préfecture, comme au 10 ; aucune cible (10 §4.6)",,
Préfecture,Mô,Centrale,Centrale,REC-R4,Levier du 10,Desserte de Mô,km de routes classées,2022,Passé,0.0,"5,39 km pour 10 000 habitants (écart 28)",28.3,28.3,28.3,km de routes classées pour 10 000 habitants,0.0,5.39,52448.0,B,A1 §4 ; 08 (O5-04) ; 10,ordre de grandeur derrière une vérification (REC-R4),,
Préfecture,Danyi,Plateaux,Plateaux,REC-F1,Levier du 08,Auto-écoles,auto-écoles à ouvrir,2026,Actuel,0.0,"1,065 pour 100 000 habitants (écart 21)",1.0,1.0,1.0,auto-écoles agréées pour 100 000 habitants,0.0,2.36,42414.0,C,A1 §4 ; recensement 2022 ; projections de l'INSEED 2011-2031 ; variante (b) : croissance régionale 2010-2022,"auto-écoles de la collecte 2021-2022, activité non vérifiée ; cible gardée à sa valeur de 2022 (A1-3)",,
Préfecture,Danyi,Plateaux,Plateaux,REC-R1,Levier du 08,Remise en état,km à remettre en état,2026,Actuel,49.8,"14,35 % des km évalués en mauvais état (médiane de O3-02)",42.7,42.7,42.7,part des km évalués en mauvais état (%),100.0,14.28,42414.0,C,A1 §4 ; recensement 2022 ; projections de l'INSEED 2011-2031 ; variante (b) : croissance régionale 2010-2022,relevé de 2020 ; même valeur à chaque palier : aucune donnée ne mesure l’usure,,
Préfecture,Danyi,Plateaux,Plateaux,,Toutes,Accès rural,ruraux à plus de 2 km d’une route revêtue,2026,Actuel,,aucune (10 §4.6),26352.0,26352.0,27214.0,part des ruraux à moins de 2 km (%),25.52,,42414.0,C,A1 §4 ; recensement 2022 ; projections de l'INSEED 2011-2031 ; variante (b) : croissance régionale 2010-2022,"population rurale supposée uniforme dans la préfecture, comme au 10 ; aucune cible (10 §4.6)",,
Préfecture,Blitta,Centrale,Centrale,REC-F2,Levier du 08,Auto-écoles,auto-écoles à ouvrir,2026,Actuel,0.0,"1,065 pour 100 000 habitants (écart 21)",2.0,2.0,2.0,auto-écoles agréées pour 100 000 habitants,0.0,1.13,176691.0,C,A1 §4 ; recensement 2022 ; projections de l'INSEED 2011-2031 ; variante (b) : croissance régionale 2010-2022,"auto-écoles de la collecte 2021-2022, activité non vérifiée ; cible gardée à sa valeur de 2022 (A1-3)",,
Préfecture,Blitta,Centrale,Centrale,REC-R1,Levier du 08,Remise en état,km à remettre en état,2026,Actuel,69.0,"14,35 % des km évalués en mauvais état (médiane de O3-02)",54.5,54.5,54.5,part des km évalués en mauvais état (%),68.24,14.33,176691.0,C,A1 §4 ; recensement 2022 ; projections de l'INSEED 2011-2031 ; variante (b) : croissance régionale 2010-2022,relevé de 2020 ; même valeur à chaque palier : aucune donnée ne mesure l’usure,,
Préfecture,Blitta,Centrale,Centrale,,Toutes,Accès rural,ruraux à plus de 2 km d’une route revêtue,2026,Actuel,,aucune (10 §4.6),140552.0,140552.0,141372.0,part des ruraux à moins de 2 km (%),14.75,,176691.0,C,A1 §4 ; recensement 2022 ; projections de l'INSEED 2011-2031 ; variante (b) : croissance régionale 2010-2022,"population rurale supposée uniforme dans la préfecture, comme au 10 ; aucune cible (10 §4.6)",,
Préfecture,Agou,Plateaux,Plateaux,REC-F2,Levier du 08,Auto-écoles,auto-écoles à ouvrir,2026,Actuel,0.0,"1,065 pour 100 000 habitants (écart 21)",1.0,1.0,1.0,auto-écoles agréées pour 100 000 habitants,0.0,1.11,90429.0,C,A1 §4 ; recensement 2022 ; projections de l'INSEED 2011-2031 ; variante (b) : croissance régionale 2010-2022,"auto-écoles de la collecte 2021-2022, activité non vérifiée ; cible gardée à sa valeur de 2022 (A1-3)",,
Préfecture,Agou,Plateaux,Plateaux,REC-R1,Levier du 08,Remise en état,km à remettre en état,2026,Actuel,49.6,"14,35 % des km évalués en mauvais état (médiane de O3-02)",31.8,31.8,31.8,part des km évalués en mauvais état (%),39.97,14.34,90429.0,C,A1 §4 ; recensement 2022 ; projections de l'INSEED 2011-2031 ; variante (b) : croissance régionale 2010-2022,relevé de 2020 ; même valeur à chaque palier : aucune donnée ne mesure l’usure,,
Préfecture,Agou,Plateaux,Plateaux,,Toutes,Accès rural,ruraux à plus de 2 km d’une route revêtue,2026,Actuel,,aucune (10 §4.6),63680.0,63680.0,65763.0,part des ruraux à moins de 2 km (%),25.63,,90429.0,C,A1 §4 ; recensement 2022 ; projections de l'INSEED 2011-2031 ; variante (b) : croissance régionale 2010-2022,"population rurale supposée uniforme dans la préfecture, comme au 10 ; aucune cible (10 §4.6)",,
Préfecture,Tchamba,Centrale,Centrale,REC-F2,Levier du 08,Auto-écoles,auto-écoles à ouvrir,2026,Actuel,0.0,"1,065 pour 100 000 habitants (écart 21)",3.0,3.0,3.0,auto-écoles agréées pour 100 000 habitants,0.0,1.38,217071.0,C,A1 §4 ; recensement 2022 ; projections de l'INSEED 2011-2031 ; variante (b) : croissance régionale 2010-2022,"auto-écoles de la collecte 2021-2022, activité non vérifiée ; cible gardée à sa valeur de 2022 (A1-3)",,
Préfecture,Tchamba,Centrale,Centrale,REC-R1,Levier du 08,Remise en état,km à remettre en état,2026,Actuel,41.0,"14,35 % des km évalués en mauvais état (médiane de O3-02)",23.7,23.7,23.7,part des km évalués en mauvais état (%),34.04,14.34,217071.0,C,A1 §4 ; recensement 2022 ; projections de l'INSEED 2011-2031 ; variante (b) : croissance régionale 2010-2022,relevé de 2020 ; même valeur à chaque palier : aucune donnée ne mesure l’usure,,
Préfecture,Tchamba,Centrale,Centrale,,Toutes,Accès rural,ruraux à plus de 2 km d’une route revêtue,2026,Actuel,,aucune (10 §4.6),153299.0,153299.0,154194.0,part des ruraux à moins de 2 km (%),13.84,,217071.0,C,A1 §4 ; recensement 2022 ; projections de l'INSEED 2011-2031 ; variante (b) : croissance régionale 2010-2022,"population rurale supposée uniforme dans la préfecture, comme au 10 ; aucune cible (10 §4.6)",,
Préfecture,Bassar,Kara,Kara,REC-F2,Levier du 08,Auto-écoles,auto-écoles à ouvrir,2026,Actuel,0.0,"1,065 pour 100 000 habitants (écart 21)",2.0,2.0,2.0,auto-écoles agréées pour 100 000 habitants,0.0,1.22,164241.0,C,A1 §4 ; recensement 2022 ; projections de l'INSEED 2011-2031 ; variante (b) : croissance régionale 2010-2022,"auto-écoles de la collecte 2021-2022, activité non vérifiée ; cible gardée à sa valeur de 2022 (A1-3)",,
Préfecture,Bassar,Kara,Kara,REC-R1,Levier du 08,Remise en état,km à remettre en état,2026,Actuel,46.9,"14,35 % des km évalués en mauvais état (médiane de O3-02)",22.9,22.9,22.9,part des km évalués en mauvais état (%),28.01,14.33,164241.0,C,A1 §4 ; recensement 2022 ; projections de l'INSEED 2011-2031 ; variante (b) : croissance régionale 2010-2022,relevé de 2020 ; même valeur à chaque palier : aucune donnée ne mesure l’usure,,
Préfecture,Bassar,Kara,Kara,,Toutes,Accès rural,ruraux à plus de 2 km d’une route revêtue,2026,Actuel,,aucune (10 §4.6),111204.0,111204.0,112073.0,part des ruraux à moins de 2 km (%),13.41,,164241.0,C,A1 §4 ; recensement 2022 ; projections de l'INSEED 2011-2031 ; variante (b) : croissance régionale 2010-2022,"population rurale supposée uniforme dans la préfecture, comme au 10 ; aucune cible (10 §4.6)",,
Préfecture,Oti,Savanes,Savanes,REC-F2,Levier du 08,Auto-écoles,auto-écoles à ouvrir,2026,Actuel,0.0,"1,065 pour 100 000 habitants (écart 21)",2.0,2.0,2.0,auto-écoles agréées pour 100 000 habitants,0.0,1.45,138292.0,C,A1 §4 ; recensement 2022 ; projections de l'INSEED 2011-2031 ; variante (b) : croissance régionale 2010-2022,"auto-écoles de la collecte 2021-2022, activité non vérifiée ; cible gardée à sa valeur de 2022 (A1-3)",,
Préfecture,Oti,Savanes,Savanes,,Hors levier,Remise en état,km à remettre en état,2026,Actuel,29.7,"14,35 % des km évalués en mauvais état (médiane de O3-02)",9.6,9.6,9.6,part des km évalués en mauvais état (%),21.15,14.32,138292.0,C,A1 §4 ; recensement 2022 ; projections de l'INSEED 2011-2031 ; variante (b) : croissance régionale 2010-2022,relevé de 2020 ; même valeur à chaque palier : aucune donnée ne mesure l’usure,,
Préfecture,Oti,Savanes,Savanes,,Toutes,Accès rural,ruraux à plus de 2 km d’une route revêtue,2026,Actuel,,aucune (10 §4.6),86358.0,84862.0,86358.0,part des ruraux à moins de 2 km (%),13.43,,138292.0,C,A1 §4 ; recensement 2022 ; projections de l'INSEED 2011-2031 ; variante (b) : croissance régionale 2010-2022,"population rurale supposée uniforme dans la préfecture, comme au 10 ; aucune cible (10 §4.6)",,
Préfecture,Bas-Mono,Maritime hors Grand Lomé,Maritime,REC-F2,Levier du 08,Auto-écoles,auto-écoles à ouvrir,2026,Actuel,0.0,"1,065 pour 100 000 habitants (écart 21)",2.0,2.0,2.0,auto-écoles agréées pour 100 000 habitants,0.0,1.91,104538.0,C,A1 §4 ; recensement 2022 ; projections de l'INSEED 2011-2031 ; variante (b) : croissance régionale 2010-2022,"auto-écoles de la collecte 2021-2022, activité non vérifiée ; cible gardée à sa valeur de 2022 (A1-3)",,
Préfecture,Bas-Mono,Maritime hors Grand Lomé,Maritime,,Hors levier,Remise en état,km à remettre en état,2026,Actuel,7.6,"14,35 % des km évalués en mauvais état (médiane de O3-02)",2.4,2.4,2.4,part des km évalués en mauvais état (%),21.14,14.44,104538.0,C,A1 §4 ; recensement 2022 ; projections de l'INSEED 2011-2031 ; variante (b) : croissance régionale 2010-2022,relevé de 2020 ; même valeur à chaque palier : aucune donnée ne mesure l’usure,,
Préfecture,Bas-Mono,Maritime hors Grand Lomé,Maritime,,Toutes,Accès rural,ruraux à plus de 2 km d’une route revêtue,2026,Actuel,,aucune (10 §4.6),78941.0,77973.0,78941.0,part des ruraux à moins de 2 km (%),12.44,,104538.0,C,A1 §4 ; recensement 2022 ; projections de l'INSEED 2011-2031 ; variante (b) : croissance régionale 2010-2022,"population rurale supposée uniforme dans la préfecture, comme au 10 ; aucune cible (10 §4.6)",,
Préfecture,Est-Mono,Plateaux,Plateaux,REC-F1,Levier du 08,Auto-écoles,auto-écoles à ouvrir,2026,Actuel,0.0,"1,065 pour 100 000 habitants (écart 21)",2.0,2.0,2.0,auto-écoles agréées pour 100 000 habitants,0.0,1.15,173347.0,C,A1 §4 ; recensement 2022 ; projections de l'INSEED 2011-2031 ; variante (b) : croissance régionale 2010-2022,"auto-écoles de la collecte 2021-2022, activité non vérifiée ; cible gardée à sa valeur de 2022 (A1-3)",,
Préfecture,Est-Mono,Plateaux,Plateaux,,Hors levier,Remise en état,km à remettre en état,2026,Actuel,19.0,"14,35 % des km évalués en mauvais état (médiane de O3-02)",3.1,3.1,3.1,part des km évalués en mauvais état (%),17.15,14.35,173347.0,C,A1 §4 ; recensement 2022 ; projections de l'INSEED 2011-2031 ; variante (b) : croissance régionale 2010-2022,relevé de 2020 ; même valeur à chaque palier : aucune donnée ne mesure l’usure,,
Préfecture,Est-Mono,Plateaux,Plateaux,,Toutes,Accès rural,ruraux à plus de 2 km d’une route revêtue,2026,Actuel,,aucune (10 §4.6),158916.0,158916.0,164113.0,part des ruraux à moins de 2 km (%),1.64,,173347.0,C,A1 §4 ; recensement 2022 ; projections de l'INSEED 2011-2031 ; variante (b) : croissance régionale 2010-2022,"population rurale supposée uniforme dans la préfecture, comme au 10 ; aucune cible (10 §4.6)",,
Préfecture,Oti-Sud,Savanes,Savanes,REC-F1,Levier du 08,Auto-écoles,auto-écoles à ouvrir,2026,Actuel,0.0,"1,065 pour 100 000 habitants (écart 21)",2.0,2.0,2.0,auto-écoles agréées pour 100 000 habitants,0.0,1.2,166569.0,C,A1 §4 ; recensement 2022 ; projections de l'INSEED 2011-2031 ; variante (b) : croissance régionale 2010-2022,"auto-écoles de la collecte 2021-2022, activité non vérifiée ; cible gardée à sa valeur de 2022 (A1-3)",,
Préfecture,Oti-Sud,Savanes,Savanes,,Hors levier,Remise en état,km à remettre en état,2026,Actuel,19.0,"14,35 % des km évalués en mauvais état (médiane de O3-02)",0.1,0.1,0.1,part des km évalués en mauvais état (%),14.4,14.32,166569.0,C,A1 §4 ; recensement 2022 ; projections de l'INSEED 2011-2031 ; variante (b) : croissance régionale 2010-2022,relevé de 2020 ; même valeur à chaque palier : aucune donnée ne mesure l’usure,,
Préfecture,Oti-Sud,Savanes,Savanes,,Toutes,Accès rural,ruraux à plus de 2 km d’une route revêtue,2026,Actuel,,aucune (10 §4.6),133848.0,131531.0,133848.0,part des ruraux à moins de 2 km (%),9.84,,166569.0,C,A1 §4 ; recensement 2022 ; projections de l'INSEED 2011-2031 ; variante (b) : croissance régionale 2010-2022,"population rurale supposée uniforme dans la préfecture, comme au 10 ; aucune cible (10 §4.6)",,
Préfecture,Tchaoudjo,Centrale,Centrale,,Hors levier,Auto-écoles,auto-écoles à ouvrir,2026,Actuel,2.0,"1,065 pour 100 000 habitants (écart 21)",1.0,1.0,1.0,auto-écoles agréées pour 100 000 habitants,0.77,1.15,260115.0,C,A1 §4 ; recensement 2022 ; projections de l'INSEED 2011-2031 ; variante (b) : croissance régionale 2010-2022,"auto-écoles de la collecte 2021-2022, activité non vérifiée ; cible gardée à sa valeur de 2022 (A1-3)",,
Préfecture,Tchaoudjo,Centrale,Centrale,REC-R2,Levier du 08,Remise en état,km à remettre en état,2026,Actuel,46.3,"14,35 % des km évalués en mauvais état (médiane de O3-02)",28.3,28.3,28.3,part des km évalués en mauvais état (%),36.87,14.34,260115.0,C,A1 §4 ; recensement 2022 ; projections de l'INSEED 2011-2031 ; variante (b) : croissance régionale 2010-2022,relevé de 2020 ; même valeur à chaque palier : aucune donnée ne mesure l’usure,,
Préfecture,Tchaoudjo,Centrale,Centrale,,Toutes,Accès rural,ruraux à plus de 2 km d’une route revêtue,2026,Actuel,,aucune (10 §4.6),111134.0,111134.0,111783.0,part des ruraux à moins de 2 km (%),17.79,,260115.0,C,A1 §4 ; recensement 2022 ; projections de l'INSEED 2011-2031 ; variante (b) : croissance régionale 2010-2022,"population rurale supposée uniforme dans la préfecture, comme au 10 ; aucune cible (10 §4.6)",,
Préfecture,Haho,Plateaux,Plateaux,REC-F1,Levier du 08,Auto-écoles,auto-écoles à ouvrir,2026,Actuel,0.0,"1,065 pour 100 000 habitants (écart 21)",4.0,4.0,4.0,auto-écoles agréées pour 100 000 habitants,0.0,1.24,321582.0,C,A1 §4 ; recensement 2022 ; projections de l'INSEED 2011-2031 ; variante (b) : croissance régionale 2010-2022,"auto-écoles de la collecte 2021-2022, activité non vérifiée ; cible gardée à sa valeur de 2022 (A1-3)",,
Préfecture,Haho,Plateaux,Plateaux,,Hors levier,Remise en état,km à remettre en état,2026,Actuel,14.3,"14,35 % des km évalués en mauvais état (médiane de O3-02)",0.0,0.0,0.0,part des km évalués en mauvais état (%),11.46,11.46,321582.0,C,A1 §4 ; recensement 2022 ; projections de l'INSEED 2011-2031 ; variante (b) : croissance régionale 2010-2022,relevé de 2020 ; même valeur à chaque palier : aucune donnée ne mesure l’usure,,
Préfecture,Haho,Plateaux,Plateaux,,Toutes,Accès rural,ruraux à plus de 2 km d’une route revêtue,2026,Actuel,,aucune (10 §4.6),236304.0,236304.0,244031.0,part des ruraux à moins de 2 km (%),12.41,,321582.0,C,A1 §4 ; recensement 2022 ; projections de l'INSEED 2011-2031 ; variante (b) : croissance régionale 2010-2022,"population rurale supposée uniforme dans la préfecture, comme au 10 ; aucune cible (10 §4.6)",,
Préfecture,Ogou,Plateaux,Plateaux,,Hors levier,Auto-écoles,auto-écoles à ouvrir,2026,Actuel,2.0,"1,065 pour 100 000 habitants (écart 21)",1.0,1.0,1.0,auto-écoles agréées pour 100 000 habitants,0.75,1.12,267164.0,C,A1 §4 ; recensement 2022 ; projections de l'INSEED 2011-2031 ; variante (b) : croissance régionale 2010-2022,"auto-écoles de la collecte 2021-2022, activité non vérifiée ; cible gardée à sa valeur de 2022 (A1-3)",,
Préfecture,Ogou,Plateaux,Plateaux,REC-R2,Levier du 08,Remise en état,km à remettre en état,2026,Actuel,30.9,"14,35 % des km évalués en mauvais état (médiane de O3-02)",14.6,14.6,14.6,part des km évalués en mauvais état (%),27.23,14.36,267164.0,C,A1 §4 ; recensement 2022 ; projections de l'INSEED 2011-2031 ; variante (b) : croissance régionale 2010-2022,relevé de 2020 ; même valeur à chaque palier : aucune donnée ne mesure l’usure,,
Préfecture,Ogou,Plateaux,Plateaux,,Toutes,Accès rural,ruraux à plus de 2 km d’une route revêtue,2026,Actuel,,aucune (10 §4.6),143707.0,143707.0,148406.0,part des ruraux à moins de 2 km (%),12.19,,267164.0,C,A1 §4 ; recensement 2022 ; projections de l'INSEED 2011-2031 ; variante (b) : croissance régionale 2010-2022,"population rurale supposée uniforme dans la préfecture, comme au 10 ; aucune cible (10 §4.6)",,
Préfecture,Anié,Plateaux,Plateaux,,Hors levier,Auto-écoles,auto-écoles à ouvrir,2026,Actuel,1.0,"1,065 pour 100 000 habitants (écart 21)",2.0,2.0,2.0,auto-écoles agréées pour 100 000 habitants,0.53,1.58,189893.0,C,A1 §4 ; recensement 2022 ; projections de l'INSEED 2011-2031 ; variante (b) : croissance régionale 2010-2022,"auto-écoles de la collecte 2021-2022, activité non vérifiée ; cible gardée à sa valeur de 2022 (A1-3)",,
Préfecture,Anié,Plateaux,Plateaux,REC-R2,Levier du 08,Remise en état,km à remettre en état,2026,Actuel,9.3,"14,35 % des km évalués en mauvais état (médiane de O3-02)",3.5,3.5,3.5,part des km évalués en mauvais état (%),23.01,14.32,189893.0,C,A1 §4 ; recensement 2022 ; projections de l'INSEED 2011-2031 ; variante (b) : croissance régionale 2010-2022,relevé de 2020 ; même valeur à chaque palier : aucune donnée ne mesure l’usure,,
Préfecture,Anié,Plateaux,Plateaux,,Toutes,Accès rural,ruraux à plus de 2 km d’une route revêtue,2026,Actuel,,aucune (10 §4.6),119030.0,119030.0,122923.0,part des ruraux à moins de 2 km (%),5.17,,189893.0,C,A1 §4 ; recensement 2022 ; projections de l'INSEED 2011-2031 ; variante (b) : croissance régionale 2010-2022,"population rurale supposée uniforme dans la préfecture, comme au 10 ; aucune cible (10 §4.6)",,
Préfecture,Yoto,Maritime hors Grand Lomé,Maritime,REC-F2,Levier du 08,Auto-écoles,auto-écoles à ouvrir,2026,Actuel,0.0,"1,065 pour 100 000 habitants (écart 21)",3.0,3.0,3.0,auto-écoles agréées pour 100 000 habitants,0.0,1.56,192690.0,C,A1 §4 ; recensement 2022 ; projections de l'INSEED 2011-2031 ; variante (b) : croissance régionale 2010-2022,"auto-écoles de la collecte 2021-2022, activité non vérifiée ; cible gardée à sa valeur de 2022 (A1-3)",,
Préfecture,Yoto,Maritime hors Grand Lomé,Maritime,,Hors levier,Remise en état,km à remettre en état,2026,Actuel,4.7,"14,35 % des km évalués en mauvais état (médiane de O3-02)",0.0,0.0,0.0,part des km évalués en mauvais état (%),8.09,8.09,192690.0,C,A1 §4 ; recensement 2022 ; projections de l'INSEED 2011-2031 ; variante (b) : croissance régionale 2010-2022,relevé de 2020 ; même valeur à chaque palier : aucune donnée ne mesure l’usure,,
Préfecture,Yoto,Maritime hors Grand Lomé,Maritime,,Toutes,Accès rural,ruraux à plus de 2 km d’une route revêtue,2026,Actuel,,aucune (10 §4.6),136825.0,135146.0,136825.0,part des ruraux à moins de 2 km (%),9.96,,192690.0,C,A1 §4 ; recensement 2022 ; projections de l'INSEED 2011-2031 ; variante (b) : croissance régionale 2010-2022,"population rurale supposée uniforme dans la préfecture, comme au 10 ; aucune cible (10 §4.6)",,
Préfecture,Akébou,Plateaux,Plateaux,REC-F1,Levier du 08,Auto-écoles,auto-écoles à ouvrir,2026,Actuel,0.0,"1,065 pour 100 000 habitants (écart 21)",1.0,1.0,1.0,auto-écoles agréées pour 100 000 habitants,0.0,1.29,77820.0,C,A1 §4 ; recensement 2022 ; projections de l'INSEED 2011-2031 ; variante (b) : croissance régionale 2010-2022,"auto-écoles de la collecte 2021-2022, activité non vérifiée ; cible gardée à sa valeur de 2022 (A1-3)",,
Préfecture,Akébou,Plateaux,Plateaux,,Hors levier,Remise en état,km à remettre en état,2026,Actuel,0.5,"14,35 % des km évalués en mauvais état (médiane de O3-02)",0.0,0.0,0.0,part des km évalués en mauvais état (%),7.85,7.85,77820.0,C,A1 §4 ; recensement 2022 ; projections de l'INSEED 2011-2031 ; variante (b) : croissance régionale 2010-2022,relevé de 2020 ; même valeur à chaque palier : aucune donnée ne mesure l’usure,,
Préfecture,Akébou,Plateaux,Plateaux,,Toutes,Accès rural,ruraux à plus de 2 km d’une route revêtue,2026,Actuel,,aucune (10 §4.6),69091.0,69091.0,71350.0,part des ruraux à moins de 2 km (%),0.55,,77820.0,C,A1 §4 ; recensement 2022 ; projections de l'INSEED 2011-2031 ; variante (b) : croissance régionale 2010-2022,"population rurale supposée uniforme dans la préfecture, comme au 10 ; aucune cible (10 §4.6)",,
Préfecture,Kloto,Plateaux,Plateaux,,Hors levier,Auto-écoles,auto-écoles à ouvrir,2026,Actuel,3.0,"1,065 pour 100 000 habitants (écart 21)",0.0,0.0,0.0,auto-écoles agréées pour 100 000 habitants,1.95,1.95,153875.0,C,A1 §4 ; recensement 2022 ; projections de l'INSEED 2011-2031 ; variante (b) : croissance régionale 2010-2022,"auto-écoles de la collecte 2021-2022, activité non vérifiée ; cible gardée à sa valeur de 2022 (A1-3)",,
Préfecture,Kloto,Plateaux,Plateaux,REC-R2,Levier du 08,Remise en état,km à remettre en état,2026,Actuel,49.1,"14,35 % des km évalués en mauvais état (médiane de O3-02)",38.2,38.2,38.2,part des km évalués en mauvais état (%),64.97,14.41,153875.0,C,A1 §4 ; recensement 2022 ; projections de l'INSEED 2011-2031 ; variante (b) : croissance régionale 2010-2022,relevé de 2020 ; même valeur à chaque palier : aucune donnée ne mesure l’usure,,
Préfecture,Kloto,Plateaux,Plateaux,,Toutes,Accès rural,ruraux à plus de 2 km d’une route revêtue,2026,Actuel,,aucune (10 §4.6),35843.0,35843.0,37016.0,part des ruraux à moins de 2 km (%),41.88,,153875.0,C,A1 §4 ; recensement 2022 ; projections de l'INSEED 2011-2031 ; variante (b) : croissance régionale 2010-2022,"population rurale supposée uniforme dans la préfecture, comme au 10 ; aucune cible (10 §4.6)",,
Préfecture,Kpendjal-Ouest,Savanes,Savanes,REC-F1,Levier du 08,Auto-écoles,auto-écoles à ouvrir,2026,Actuel,0.0,"1,065 pour 100 000 habitants (écart 21)",2.0,2.0,2.0,auto-écoles agréées pour 100 000 habitants,0.0,1.46,136611.0,C,A1 §4 ; recensement 2022 ; projections de l'INSEED 2011-2031 ; variante (b) : croissance régionale 2010-2022,"auto-écoles de la collecte 2021-2022, activité non vérifiée ; cible gardée à sa valeur de 2022 (A1-3)",,
Préfecture,Kpendjal-Ouest,Savanes,Savanes,,Hors levier,Remise en état,km à remettre en état,2026,Actuel,2.7,"14,35 % des km évalués en mauvais état (médiane de O3-02)",0.0,0.0,0.0,part des km évalués en mauvais état (%),5.97,5.97,136611.0,C,A1 §4 ; recensement 2022 ; projections de l'INSEED 2011-2031 ; variante (b) : croissance régionale 2010-2022,relevé de 2020 ; même valeur à chaque palier : aucune donnée ne mesure l’usure,,
Préfecture,Kpendjal-Ouest,Savanes,Savanes,,Toutes,Accès rural,ruraux à plus de 2 km d’une route revêtue,2026,Actuel,,aucune (10 §4.6),103587.0,101794.0,103587.0,part des ruraux à moins de 2 km (%),20.04,,136611.0,C,A1 §4 ; recensement 2022 ; projections de l'INSEED 2011-2031 ; variante (b) : croissance régionale 2010-2022,"population rurale supposée uniforme dans la préfecture, comme au 10 ; aucune cible (10 §4.6)",,
Préfecture,Kpendjal,Savanes,Savanes,REC-F1,Levier du 08,Auto-écoles,auto-écoles à ouvrir,2026,Actuel,0.0,"1,065 pour 100 000 habitants (écart 21)",2.0,2.0,2.0,auto-écoles agréées pour 100 000 habitants,0.0,2.04,97881.0,C,A1 §4 ; recensement 2022 ; projections de l'INSEED 2011-2031 ; variante (b) : croissance régionale 2010-2022,"auto-écoles de la collecte 2021-2022, activité non vérifiée ; cible gardée à sa valeur de 2022 (A1-3)",,
Préfecture,Kpendjal,Savanes,Savanes,,Hors levier,Remise en état,km à remettre en état,2026,Actuel,3.0,"14,35 % des km évalués en mauvais état (médiane de O3-02)",0.0,0.0,0.0,part des km évalués en mauvais état (%),5.21,5.21,97881.0,C,A1 §4 ; recensement 2022 ; projections de l'INSEED 2011-2031 ; variante (b) : croissance régionale 2010-2022,relevé de 2020 ; même valeur à chaque palier : aucune donnée ne mesure l’usure,,
Préfecture,Kpendjal,Savanes,Savanes,,Toutes,Accès rural,ruraux à plus de 2 km d’une route revêtue,2026,Actuel,,aucune (10 §4.6),76316.0,74994.0,76316.0,part des ruraux à moins de 2 km (%),14.56,,97881.0,C,A1 §4 ; recensement 2022 ; projections de l'INSEED 2011-2031 ; variante (b) : croissance régionale 2010-2022,"population rurale supposée uniforme dans la préfecture, comme au 10 ; aucune cible (10 §4.6)",,
Préfecture,Zio,Maritime hors Grand Lomé,Maritime,,Hors levier,Auto-écoles,auto-écoles à ouvrir,2026,Actuel,1.0,"1,065 pour 100 000 habitants (écart 21)",5.0,5.0,5.0,auto-écoles agréées pour 100 000 habitants,0.18,1.09,551048.0,C,A1 §4 ; recensement 2022 ; projections de l'INSEED 2011-2031 ; variante (b) : croissance régionale 2010-2022,"auto-écoles de la collecte 2021-2022, activité non vérifiée ; cible gardée à sa valeur de 2022 (A1-3)",,
Préfecture,Zio,Maritime hors Grand Lomé,Maritime,,Hors levier,Remise en état,km à remettre en état,2026,Actuel,16.6,"14,35 % des km évalués en mauvais état (médiane de O3-02)",2.7,2.7,2.7,part des km évalués en mauvais état (%),17.17,14.37,551048.0,C,A1 §4 ; recensement 2022 ; projections de l'INSEED 2011-2031 ; variante (b) : croissance régionale 2010-2022,relevé de 2020 ; même valeur à chaque palier : aucune donnée ne mesure l’usure,,
Préfecture,Zio,Maritime hors Grand Lomé,Maritime,,Toutes,Accès rural,ruraux à plus de 2 km d’une route revêtue,2026,Actuel,,aucune (10 §4.6),395466.0,390614.0,395466.0,part des ruraux à moins de 2 km (%),15.2,,551048.0,C,A1 §4 ; recensement 2022 ; projections de l'INSEED 2011-2031 ; variante (b) : croissance régionale 2010-2022,"population rurale supposée uniforme dans la préfecture, comme au 10 ; aucune cible (10 §4.6)",,
Préfecture,Wawa,Plateaux,Plateaux,,Hors levier,Auto-écoles,auto-écoles à ouvrir,2026,Actuel,2.0,"1,065 pour 100 000 habitants (écart 21)",0.0,0.0,0.0,auto-écoles agréées pour 100 000 habitants,1.87,1.87,106774.0,C,A1 §4 ; recensement 2022 ; projections de l'INSEED 2011-2031 ; variante (b) : croissance régionale 2010-2022,"auto-écoles de la collecte 2021-2022, activité non vérifiée ; cible gardée à sa valeur de 2022 (A1-3)",,
Préfecture,Wawa,Plateaux,Plateaux,REC-R2,Levier du 08,Remise en état,km à remettre en état,2026,Actuel,38.3,"14,35 % des km évalués en mauvais état (médiane de O3-02)",19.7,19.7,19.7,part des km évalués en mauvais état (%),29.48,14.31,106774.0,C,A1 §4 ; recensement 2022 ; projections de l'INSEED 2011-2031 ; variante (b) : croissance régionale 2010-2022,relevé de 2020 ; même valeur à chaque palier : aucune donnée ne mesure l’usure,,
Préfecture,Wawa,Plateaux,Plateaux,,Toutes,Accès rural,ruraux à plus de 2 km d’une route revêtue,2026,Actuel,,aucune (10 §4.6),65420.0,65420.0,67559.0,part des ruraux à moins de 2 km (%),30.88,,106774.0,C,A1 §4 ; recensement 2022 ; projections de l'INSEED 2011-2031 ; variante (b) : croissance régionale 2010-2022,"population rurale supposée uniforme dans la préfecture, comme au 10 ; aucune cible (10 §4.6)",,
Préfecture,Amou,Plateaux,Plateaux,REC-F2,Levier du 08,Auto-écoles,auto-écoles à ouvrir,2026,Actuel,0.0,"1,065 pour 100 000 habitants (écart 21)",2.0,2.0,2.0,auto-écoles agréées pour 100 000 habitants,0.0,1.66,120342.0,C,A1 §4 ; recensement 2022 ; projections de l'INSEED 2011-2031 ; variante (b) : croissance régionale 2010-2022,"auto-écoles de la collecte 2021-2022, activité non vérifiée ; cible gardée à sa valeur de 2022 (A1-3)",,
Préfecture,Amou,Plateaux,Plateaux,,Hors levier,Remise en état,km à remettre en état,2026,Actuel,4.0,"14,35 % des km évalués en mauvais état (médiane de O3-02)",0.0,0.0,0.0,part des km évalués en mauvais état (%),4.45,4.45,120342.0,C,A1 §4 ; recensement 2022 ; projections de l'INSEED 2011-2031 ; variante (b) : croissance régionale 2010-2022,relevé de 2020 ; même valeur à chaque palier : aucune donnée ne mesure l’usure,,
Préfecture,Amou,Plateaux,Plateaux,,Toutes,Accès rural,ruraux à plus de 2 km d’une route revêtue,2026,Actuel,,aucune (10 §4.6),98089.0,98089.0,101297.0,part des ruraux à moins de 2 km (%),12.35,,120342.0,C,A1 §4 ; recensement 2022 ; projections de l'INSEED 2011-2031 ; variante (b) : croissance régionale 2010-2022,"population rurale supposée uniforme dans la préfecture, comme au 10 ; aucune cible (10 §4.6)",,
Préfecture,Doufelgou,Kara,Kara,REC-F1,Levier du 08,Auto-écoles,auto-écoles à ouvrir,2026,Actuel,0.0,"1,065 pour 100 000 habitants (écart 21)",1.0,1.0,1.0,auto-écoles agréées pour 100 000 habitants,0.0,1.09,91554.0,C,A1 §4 ; recensement 2022 ; projections de l'INSEED 2011-2031 ; variante (b) : croissance régionale 2010-2022,"auto-écoles de la collecte 2021-2022, activité non vérifiée ; cible gardée à sa valeur de 2022 (A1-3)",,
Préfecture,Doufelgou,Kara,Kara,,Hors levier,Remise en état,km à remettre en état,2026,Actuel,3.4,"14,35 % des km évalués en mauvais état (médiane de O3-02)",0.0,0.0,0.0,part des km évalués en mauvais état (%),3.4,3.4,91554.0,C,A1 §4 ; recensement 2022 ; projections de l'INSEED 2011-2031 ; variante (b) : croissance régionale 2010-2022,relevé de 2020 ; même valeur à chaque palier : aucune donnée ne mesure l’usure,,
Préfecture,Doufelgou,Kara,Kara,,Toutes,Accès rural,ruraux à plus de 2 km d’une route revêtue,2026,Actuel,,aucune (10 §4.6),48460.0,48460.0,48838.0,part des ruraux à moins de 2 km (%),22.15,,91554.0,C,A1 §4 ; recensement 2022 ; projections de l'INSEED 2011-2031 ; variante (b) : croissance régionale 2010-2022,"population rurale supposée uniforme dans la préfecture, comme au 10 ; aucune cible (10 §4.6)",,
Préfecture,Binah,Kara,Kara,REC-F1,Levier du 08,Auto-écoles,auto-écoles à ouvrir,2026,Actuel,0.0,"1,065 pour 100 000 habitants (écart 21)",1.0,1.0,1.0,auto-écoles agréées pour 100 000 habitants,0.0,1.1,90941.0,C,A1 §4 ; recensement 2022 ; projections de l'INSEED 2011-2031 ; variante (b) : croissance régionale 2010-2022,"auto-écoles de la collecte 2021-2022, activité non vérifiée ; cible gardée à sa valeur de 2022 (A1-3)",,
Préfecture,Binah,Kara,Kara,,Hors levier,Remise en état,km à remettre en état,2026,Actuel,1.5,"14,35 % des km évalués en mauvais état (médiane de O3-02)",0.0,0.0,0.0,part des km évalués en mauvais état (%),3.34,3.34,90941.0,C,A1 §4 ; recensement 2022 ; projections de l'INSEED 2011-2031 ; variante (b) : croissance régionale 2010-2022,relevé de 2020 ; même valeur à chaque palier : aucune donnée ne mesure l’usure,,
Préfecture,Binah,Kara,Kara,,Toutes,Accès rural,ruraux à plus de 2 km d’une route revêtue,2026,Actuel,,aucune (10 §4.6),70907.0,70907.0,71460.0,part des ruraux à moins de 2 km (%),14.46,,90941.0,C,A1 §4 ; recensement 2022 ; projections de l'INSEED 2011-2031 ; variante (b) : croissance régionale 2010-2022,"population rurale supposée uniforme dans la préfecture, comme au 10 ; aucune cible (10 §4.6)",,
Préfecture,Avé,Maritime hors Grand Lomé,Maritime,REC-F1,Levier du 08,Auto-écoles,auto-écoles à ouvrir,2026,Actuel,0.0,"1,065 pour 100 000 habitants (écart 21)",2.0,2.0,2.0,auto-écoles agréées pour 100 000 habitants,0.0,1.63,122561.0,C,A1 §4 ; recensement 2022 ; projections de l'INSEED 2011-2031 ; variante (b) : croissance régionale 2010-2022,"auto-écoles de la collecte 2021-2022, activité non vérifiée ; cible gardée à sa valeur de 2022 (A1-3)",,
Préfecture,Avé,Maritime hors Grand Lomé,Maritime,,Hors levier,Remise en état,km à remettre en état,2026,Actuel,3.0,"14,35 % des km évalués en mauvais état (médiane de O3-02)",0.0,0.0,0.0,part des km évalués en mauvais état (%),2.75,2.75,122561.0,C,A1 §4 ; recensement 2022 ; projections de l'INSEED 2011-2031 ; variante (b) : croissance régionale 2010-2022,relevé de 2020 ; même valeur à chaque palier : aucune donnée ne mesure l’usure,,
Préfecture,Avé,Maritime hors Grand Lomé,Maritime,,Toutes,Accès rural,ruraux à plus de 2 km d’une route revêtue,2026,Actuel,,aucune (10 §4.6),91993.0,90864.0,91993.0,part des ruraux à moins de 2 km (%),21.27,,122561.0,C,A1 §4 ; recensement 2022 ; projections de l'INSEED 2011-2031 ; variante (b) : croissance régionale 2010-2022,"population rurale supposée uniforme dans la préfecture, comme au 10 ; aucune cible (10 §4.6)",,
Préfecture,Sotouboua,Centrale,Centrale,,Hors levier,Auto-écoles,auto-écoles à ouvrir,2026,Actuel,2.0,"1,065 pour 100 000 habitants (écart 21)",0.0,0.0,0.0,auto-écoles agréées pour 100 000 habitants,1.33,1.33,150277.0,C,A1 §4 ; recensement 2022 ; projections de l'INSEED 2011-2031 ; variante (b) : croissance régionale 2010-2022,"auto-écoles de la collecte 2021-2022, activité non vérifiée ; cible gardée à sa valeur de 2022 (A1-3)",,
Préfecture,Sotouboua,Centrale,Centrale,REC-R2,Levier du 08,Remise en état,km à remettre en état,2026,Actuel,20.1,"14,35 % des km évalués en mauvais état (médiane de O3-02)",7.1,7.1,7.1,part des km évalués en mauvais état (%),22.26,14.38,150277.0,C,A1 §4 ; recensement 2022 ; projections de l'INSEED 2011-2031 ; variante (b) : croissance régionale 2010-2022,relevé de 2020 ; même valeur à chaque palier : aucune donnée ne mesure l’usure,,
Préfecture,Sotouboua,Centrale,Centrale,,Toutes,Accès rural,ruraux à plus de 2 km d’une route revêtue,2026,Actuel,,aucune (10 §4.6),103580.0,103580.0,104185.0,part des ruraux à moins de 2 km (%),10.04,,150277.0,C,A1 §4 ; recensement 2022 ; projections de l'INSEED 2011-2031 ; variante (b) : croissance régionale 2010-2022,"population rurale supposée uniforme dans la préfecture, comme au 10 ; aucune cible (10 §4.6)",,
Préfecture,Tandjoaré,Savanes,Savanes,REC-F1,Levier du 08,Auto-écoles,auto-écoles à ouvrir,2026,Actuel,0.0,"1,065 pour 100 000 habitants (écart 21)",2.0,2.0,2.0,auto-écoles agréées pour 100 000 habitants,0.0,1.3,153821.0,C,A1 §4 ; recensement 2022 ; projections de l'INSEED 2011-2031 ; variante (b) : croissance régionale 2010-2022,"auto-écoles de la collecte 2021-2022, activité non vérifiée ; cible gardée à sa valeur de 2022 (A1-3)",,
Préfecture,Tandjoaré,Savanes,Savanes,,Hors levier,Remise en état,km à remettre en état,2026,Actuel,0.3,"14,35 % des km évalués en mauvais état (médiane de O3-02)",0.0,0.0,0.0,part des km évalués en mauvais état (%),1.09,1.09,153821.0,C,A1 §4 ; recensement 2022 ; projections de l'INSEED 2011-2031 ; variante (b) : croissance régionale 2010-2022,relevé de 2020 ; même valeur à chaque palier : aucune donnée ne mesure l’usure,,
Préfecture,Tandjoaré,Savanes,Savanes,,Toutes,Accès rural,ruraux à plus de 2 km d’une route revêtue,2026,Actuel,,aucune (10 §4.6),135370.0,133026.0,135370.0,part des ruraux à moins de 2 km (%),9.99,,153821.0,C,A1 §4 ; recensement 2022 ; projections de l'INSEED 2011-2031 ; variante (b) : croissance régionale 2010-2022,"population rurale supposée uniforme dans la préfecture, comme au 10 ; aucune cible (10 §4.6)",,
Préfecture,Agoè-Nyivé,Grand Lomé,Maritime,,Hors levier,Auto-écoles,auto-écoles à ouvrir,2026,Actuel,29.0,"1,065 pour 100 000 habitants (écart 21)",0.0,0.0,0.0,auto-écoles agréées pour 100 000 habitants,2.98,2.98,972753.0,C,A1 §4 ; recensement 2022 ; projections de l'INSEED 2011-2031 ; variante (b) : croissance régionale 2010-2022,"auto-écoles de la collecte 2021-2022, activité non vérifiée ; cible gardée à sa valeur de 2022 (A1-3)",,
Préfecture,Agoè-Nyivé,Grand Lomé,Maritime,REC-R2,Levier du 08,Remise en état,km à remettre en état,2026,Actuel,7.2,"14,35 % des km évalués en mauvais état (médiane de O3-02)",3.2,3.2,3.2,part des km évalués en mauvais état (%),26.0,14.48,972753.0,C,A1 §4 ; recensement 2022 ; projections de l'INSEED 2011-2031 ; variante (b) : croissance régionale 2010-2022,relevé de 2020 ; même valeur à chaque palier : aucune donnée ne mesure l’usure,,
Préfecture,Agoè-Nyivé,Grand Lomé,Maritime,,Toutes,Accès rural,ruraux à plus de 2 km d’une route revêtue,2026,Actuel,,aucune (10 §4.6),0.0,0.0,0.0,part des ruraux à moins de 2 km (%),,,972753.0,C,A1 §4 ; recensement 2022 ; projections de l'INSEED 2011-2031 ; variante (b) : croissance régionale 2010-2022,"population rurale supposée uniforme dans la préfecture, comme au 10 ; aucune cible (10 §4.6)",,
Préfecture,Assoli,Kara,Kara,,Hors levier,Auto-écoles,auto-écoles à ouvrir,2026,Actuel,1.0,"1,065 pour 100 000 habitants (écart 21)",0.0,0.0,0.0,auto-écoles agréées pour 100 000 habitants,1.39,1.39,71710.0,C,A1 §4 ; recensement 2022 ; projections de l'INSEED 2011-2031 ; variante (b) : croissance régionale 2010-2022,"auto-écoles de la collecte 2021-2022, activité non vérifiée ; cible gardée à sa valeur de 2022 (A1-3)",,
Préfecture,Assoli,Kara,Kara,,Hors levier,Remise en état,km à remettre en état,2026,Actuel,15.8,"14,35 % des km évalués en mauvais état (médiane de O3-02)",5.4,5.4,5.4,part des km évalués en mauvais état (%),21.77,14.32,71710.0,C,A1 §4 ; recensement 2022 ; projections de l'INSEED 2011-2031 ; variante (b) : croissance régionale 2010-2022,relevé de 2020 ; même valeur à chaque palier : aucune donnée ne mesure l’usure,,
Préfecture,Assoli,Kara,Kara,,Toutes,Accès rural,ruraux à plus de 2 km d’une route revêtue,2026,Actuel,,aucune (10 §4.6),39387.0,39387.0,39694.0,part des ruraux à moins de 2 km (%),14.73,,71710.0,C,A1 §4 ; recensement 2022 ; projections de l'INSEED 2011-2031 ; variante (b) : croissance régionale 2010-2022,"population rurale supposée uniforme dans la préfecture, comme au 10 ; aucune cible (10 §4.6)",,
Préfecture,Kozah,Kara,Kara,,Hors levier,Auto-écoles,auto-écoles à ouvrir,2026,Actuel,6.0,"1,065 pour 100 000 habitants (écart 21)",0.0,0.0,0.0,auto-écoles agréées pour 100 000 habitants,1.96,1.96,306458.0,C,A1 §4 ; recensement 2022 ; projections de l'INSEED 2011-2031 ; variante (b) : croissance régionale 2010-2022,"auto-écoles de la collecte 2021-2022, activité non vérifiée ; cible gardée à sa valeur de 2022 (A1-3)",,
Préfecture,Kozah,Kara,Kara,REC-R2,Levier du 08,Remise en état,km à remettre en état,2026,Actuel,37.6,"14,35 % des km évalués en mauvais état (médiane de O3-02)",14.4,14.4,14.4,part des km évalués en mauvais état (%),23.28,14.35,306458.0,C,A1 §4 ; recensement 2022 ; projections de l'INSEED 2011-2031 ; variante (b) : croissance régionale 2010-2022,relevé de 2020 ; même valeur à chaque palier : aucune donnée ne mesure l’usure,,
Préfecture,Kozah,Kara,Kara,,Toutes,Accès rural,ruraux à plus de 2 km d’une route revêtue,2026,Actuel,,aucune (10 §4.6),77203.0,77203.0,77806.0,part des ruraux à moins de 2 km (%),43.11,,306458.0,C,A1 §4 ; recensement 2022 ; projections de l'INSEED 2011-2031 ; variante (b) : croissance régionale 2010-2022,"population rurale supposée uniforme dans la préfecture, comme au 10 ; aucune cible (10 §4.6)",,
Préfecture,Cinkassé,Savanes,Savanes,,Hors levier,Auto-écoles,auto-écoles à ouvrir,2026,Actuel,1.0,"1,065 pour 100 000 habitants (écart 21)",1.0,1.0,1.0,auto-écoles agréées pour 100 000 habitants,0.7,1.4,142846.0,C,A1 §4 ; recensement 2022 ; projections de l'INSEED 2011-2031 ; variante (b) : croissance régionale 2010-2022,"auto-écoles de la collecte 2021-2022, activité non vérifiée ; cible gardée à sa valeur de 2022 (A1-3)",,
Préfecture,Cinkassé,Savanes,Savanes,,Hors levier,Remise en état,km à remettre en état,2026,Actuel,4.4,"14,35 % des km évalués en mauvais état (médiane de O3-02)",0.0,0.0,0.0,part des km évalués en mauvais état (%),12.12,12.12,142846.0,C,A1 §4 ; recensement 2022 ; projections de l'INSEED 2011-2031 ; variante (b) : croissance régionale 2010-2022,relevé de 2020 ; même valeur à chaque palier : aucune donnée ne mesure l’usure,,
Préfecture,Cinkassé,Savanes,Savanes,,Toutes,Accès rural,ruraux à plus de 2 km d’une route revêtue,2026,Actuel,,aucune (10 §4.6),54482.0,53538.0,54482.0,part des ruraux à moins de 2 km (%),31.81,,142846.0,C,A1 §4 ; recensement 2022 ; projections de l'INSEED 2011-2031 ; variante (b) : croissance régionale 2010-2022,"population rurale supposée uniforme dans la préfecture, comme au 10 ; aucune cible (10 §4.6)",,
Préfecture,Kéran,Kara,Kara,REC-F1,Levier du 08,Auto-écoles,auto-écoles à ouvrir,2026,Actuel,0.0,"1,065 pour 100 000 habitants (écart 21)",2.0,2.0,2.0,auto-écoles agréées pour 100 000 habitants,0.0,1.44,138991.0,C,A1 §4 ; recensement 2022 ; projections de l'INSEED 2011-2031 ; variante (b) : croissance régionale 2010-2022,"auto-écoles de la collecte 2021-2022, activité non vérifiée ; cible gardée à sa valeur de 2022 (A1-3)",,
Préfecture,Kéran,Kara,Kara,,Hors levier,Remise en état,km à remettre en état,2026,Actuel,0.2,"14,35 % des km évalués en mauvais état (médiane de O3-02)",0.0,0.0,0.0,part des km évalués en mauvais état (%),0.18,0.18,138991.0,C,A1 §4 ; recensement 2022 ; projections de l'INSEED 2011-2031 ; variante (b) : croissance régionale 2010-2022,relevé de 2020 ; même valeur à chaque palier : aucune donnée ne mesure l’usure,,
Préfecture,Kéran,Kara,Kara,,Toutes,Accès rural,ruraux à plus de 2 km d’une route revêtue,2026,Actuel,,aucune (10 §4.6),110399.0,110399.0,111261.0,part des ruraux à moins de 2 km (%),9.84,,138991.0,C,A1 §4 ; recensement 2022 ; projections de l'INSEED 2011-2031 ; variante (b) : croissance régionale 2010-2022,"population rurale supposée uniforme dans la préfecture, comme au 10 ; aucune cible (10 §4.6)",,
Préfecture,Tône,Savanes,Savanes,,Hors levier,Auto-écoles,auto-écoles à ouvrir,2026,Actuel,3.0,"1,065 pour 100 000 habitants (écart 21)",2.0,2.0,2.0,auto-écoles agréées pour 100 000 habitants,0.7,1.16,430640.0,C,A1 §4 ; recensement 2022 ; projections de l'INSEED 2011-2031 ; variante (b) : croissance régionale 2010-2022,"auto-écoles de la collecte 2021-2022, activité non vérifiée ; cible gardée à sa valeur de 2022 (A1-3)",,
Préfecture,Tône,Savanes,Savanes,,Hors levier,Remise en état,km à remettre en état,2026,Actuel,7.7,"14,35 % des km évalués en mauvais état (médiane de O3-02)",0.0,0.0,0.0,part des km évalués en mauvais état (%),9.15,9.15,430640.0,C,A1 §4 ; recensement 2022 ; projections de l'INSEED 2011-2031 ; variante (b) : croissance régionale 2010-2022,relevé de 2020 ; même valeur à chaque palier : aucune donnée ne mesure l’usure,,
Préfecture,Tône,Savanes,Savanes,,Toutes,Accès rural,ruraux à plus de 2 km d’une route revêtue,2026,Actuel,,aucune (10 §4.6),238768.0,234634.0,238768.0,part des ruraux à moins de 2 km (%),20.49,,430640.0,C,A1 §4 ; recensement 2022 ; projections de l'INSEED 2011-2031 ; variante (b) : croissance régionale 2010-2022,"population rurale supposée uniforme dans la préfecture, comme au 10 ; aucune cible (10 §4.6)",,
Préfecture,Dankpen,Kara,Kara,REC-F1,Levier du 08,Auto-écoles,auto-écoles à ouvrir,2026,Actuel,0.0,"1,065 pour 100 000 habitants (écart 21)",3.0,3.0,3.0,auto-écoles agréées pour 100 000 habitants,0.0,1.5,200528.0,C,A1 §4 ; recensement 2022 ; projections de l'INSEED 2011-2031 ; variante (b) : croissance régionale 2010-2022,"auto-écoles de la collecte 2021-2022, activité non vérifiée ; cible gardée à sa valeur de 2022 (A1-3)",,
Préfecture,Dankpen,Kara,Kara,,Hors levier,Remise en état,km à remettre en état,2026,Actuel,0.0,"14,35 % des km évalués en mauvais état (médiane de O3-02)",0.0,0.0,0.0,part des km évalués en mauvais état (%),0.0,0.0,200528.0,C,A1 §4 ; recensement 2022 ; projections de l'INSEED 2011-2031 ; variante (b) : croissance régionale 2010-2022,relevé de 2020 ; même valeur à chaque palier : aucune donnée ne mesure l’usure,,
Préfecture,Dankpen,Kara,Kara,,Toutes,Accès rural,ruraux à plus de 2 km d’une route revêtue,2026,Actuel,,aucune (10 §4.6),166873.0,166873.0,168176.0,part des ruraux à moins de 2 km (%),6.71,,200528.0,C,A1 §4 ; recensement 2022 ; projections de l'INSEED 2011-2031 ; variante (b) : croissance régionale 2010-2022,"population rurale supposée uniforme dans la préfecture, comme au 10 ; aucune cible (10 §4.6)",,
Préfecture,Moyen-Mono,Plateaux,Plateaux,REC-F1,Levier du 08,Auto-écoles,auto-écoles à ouvrir,2026,Actuel,0.0,"1,065 pour 100 000 habitants (écart 21)",2.0,2.0,2.0,auto-écoles agréées pour 100 000 habitants,0.0,2.1,95396.0,C,A1 §4 ; recensement 2022 ; projections de l'INSEED 2011-2031 ; variante (b) : croissance régionale 2010-2022,"auto-écoles de la collecte 2021-2022, activité non vérifiée ; cible gardée à sa valeur de 2022 (A1-3)",,
Préfecture,Moyen-Mono,Plateaux,Plateaux,,Hors levier,Remise en état,km à remettre en état,2026,Actuel,0.0,"14,35 % des km évalués en mauvais état (médiane de O3-02)",0.0,0.0,0.0,part des km évalués en mauvais état (%),0.0,0.0,95396.0,C,A1 §4 ; recensement 2022 ; projections de l'INSEED 2011-2031 ; variante (b) : croissance régionale 2010-2022,relevé de 2020 ; même valeur à chaque palier : aucune donnée ne mesure l’usure,,
Préfecture,Moyen-Mono,Plateaux,Plateaux,,Toutes,Accès rural,ruraux à plus de 2 km d’une route revêtue,2026,Actuel,,aucune (10 §4.6),79658.0,79658.0,82263.0,part des ruraux à moins de 2 km (%),7.8,,95396.0,C,A1 §4 ; recensement 2022 ; projections de l'INSEED 2011-2031 ; variante (b) : croissance régionale 2010-2022,"population rurale supposée uniforme dans la préfecture, comme au 10 ; aucune cible (10 §4.6)",,
Préfecture,Kpélé,Plateaux,Plateaux,,Hors levier,Auto-écoles,auto-écoles à ouvrir,2026,Actuel,1.0,"1,065 pour 100 000 habitants (écart 21)",0.0,0.0,0.0,auto-écoles agréées pour 100 000 habitants,1.17,1.17,85313.0,C,A1 §4 ; recensement 2022 ; projections de l'INSEED 2011-2031 ; variante (b) : croissance régionale 2010-2022,"auto-écoles de la collecte 2021-2022, activité non vérifiée ; cible gardée à sa valeur de 2022 (A1-3)",,
Préfecture,Kpélé,Plateaux,Plateaux,,Hors levier,Remise en état,km à remettre en état,2026,Actuel,5.9,"14,35 % des km évalués en mauvais état (médiane de O3-02)",0.0,0.0,0.0,part des km évalués en mauvais état (%),14.26,14.26,85313.0,C,A1 §4 ; recensement 2022 ; projections de l'INSEED 2011-2031 ; variante (b) : croissance régionale 2010-2022,relevé de 2020 ; même valeur à chaque palier : aucune donnée ne mesure l’usure,,
Préfecture,Kpélé,Plateaux,Plateaux,,Toutes,Accès rural,ruraux à plus de 2 km d’une route revêtue,2026,Actuel,,aucune (10 §4.6),57984.0,57984.0,59880.0,part des ruraux à moins de 2 km (%),16.39,,85313.0,C,A1 §4 ; recensement 2022 ; projections de l'INSEED 2011-2031 ; variante (b) : croissance régionale 2010-2022,"population rurale supposée uniforme dans la préfecture, comme au 10 ; aucune cible (10 §4.6)",,
Préfecture,Lacs,Maritime hors Grand Lomé,Maritime,,Hors levier,Auto-écoles,auto-écoles à ouvrir,2026,Actuel,2.0,"1,065 pour 100 000 habitants (écart 21)",1.0,1.0,1.0,auto-écoles agréées pour 100 000 habitants,0.75,1.13,265861.0,C,A1 §4 ; recensement 2022 ; projections de l'INSEED 2011-2031 ; variante (b) : croissance régionale 2010-2022,"auto-écoles de la collecte 2021-2022, activité non vérifiée ; cible gardée à sa valeur de 2022 (A1-3)",,
Préfecture,Lacs,Maritime hors Grand Lomé,Maritime,,Hors levier,Remise en état,km à remettre en état,2026,Actuel,7.7,"14,35 % des km évalués en mauvais état (médiane de O3-02)",0.0,0.0,0.0,part des km évalués en mauvais état (%),9.38,9.38,265861.0,C,A1 §4 ; recensement 2022 ; projections de l'INSEED 2011-2031 ; variante (b) : croissance régionale 2010-2022,relevé de 2020 ; même valeur à chaque palier : aucune donnée ne mesure l’usure,,
Préfecture,Lacs,Maritime hors Grand Lomé,Maritime,,Toutes,Accès rural,ruraux à plus de 2 km d’une route revêtue,2026,Actuel,,aucune (10 §4.6),127287.0,125725.0,127287.0,part des ruraux à moins de 2 km (%),45.78,,265861.0,C,A1 §4 ; recensement 2022 ; projections de l'INSEED 2011-2031 ; variante (b) : croissance régionale 2010-2022,"population rurale supposée uniforme dans la préfecture, comme au 10 ; aucune cible (10 §4.6)",,
Préfecture,Vo,Maritime hors Grand Lomé,Maritime,,Hors levier,Auto-écoles,auto-écoles à ouvrir,2026,Actuel,2.0,"1,065 pour 100 000 habitants (écart 21)",1.0,1.0,1.0,auto-écoles agréées pour 100 000 habitants,0.81,1.21,247307.0,C,A1 §4 ; recensement 2022 ; projections de l'INSEED 2011-2031 ; variante (b) : croissance régionale 2010-2022,"auto-écoles de la collecte 2021-2022, activité non vérifiée ; cible gardée à sa valeur de 2022 (A1-3)",,
Préfecture,Vo,Maritime hors Grand Lomé,Maritime,,Hors levier,Remise en état,km à remettre en état,2026,Actuel,2.9,"14,35 % des km évalués en mauvais état (médiane de O3-02)",0.0,0.0,0.0,part des km évalués en mauvais état (%),4.57,4.57,247307.0,C,A1 §4 ; recensement 2022 ; projections de l'INSEED 2011-2031 ; variante (b) : croissance régionale 2010-2022,relevé de 2020 ; même valeur à chaque palier : aucune donnée ne mesure l’usure,,
Préfecture,Vo,Maritime hors Grand Lomé,Maritime,,Toutes,Accès rural,ruraux à plus de 2 km d’une route revêtue,2026,Actuel,,aucune (10 §4.6),153119.0,151240.0,153119.0,part des ruraux à moins de 2 km (%),30.33,,247307.0,C,A1 §4 ; recensement 2022 ; projections de l'INSEED 2011-2031 ; variante (b) : croissance régionale 2010-2022,"population rurale supposée uniforme dans la préfecture, comme au 10 ; aucune cible (10 §4.6)",,
Préfecture,Golfe,Grand Lomé,Maritime,,Hors levier,Auto-écoles,auto-écoles à ouvrir,2026,Actuel,74.0,"1,065 pour 100 000 habitants (écart 21)",0.0,0.0,0.0,auto-écoles agréées pour 100 000 habitants,5.14,5.14,1438895.0,C,A1 §4 ; recensement 2022 ; projections de l'INSEED 2011-2031 ; variante (b) : croissance régionale 2010-2022,"auto-écoles de la collecte 2021-2022, activité non vérifiée ; cible gardée à sa valeur de 2022 (A1-3)",,
Préfecture,Golfe,Grand Lomé,Maritime,,Hors levier,Remise en état,km à remettre en état,2026,Actuel,0.3,"14,35 % des km évalués en mauvais état (médiane de O3-02)",0.0,0.0,0.0,part des km évalués en mauvais état (%),0.49,0.49,1438895.0,C,A1 §4 ; recensement 2022 ; projections de l'INSEED 2011-2031 ; variante (b) : croissance régionale 2010-2022,relevé de 2020 ; même valeur à chaque palier : aucune donnée ne mesure l’usure,,
Préfecture,Golfe,Grand Lomé,Maritime,,Toutes,Accès rural,ruraux à plus de 2 km d’une route revêtue,2026,Actuel,,aucune (10 §4.6),0.0,0.0,0.0,part des ruraux à moins de 2 km (%),,,1438895.0,C,A1 §4 ; recensement 2022 ; projections de l'INSEED 2011-2031 ; variante (b) : croissance régionale 2010-2022,"population rurale supposée uniforme dans la préfecture, comme au 10 ; aucune cible (10 §4.6)",,
Préfecture,Mô,Centrale,Centrale,REC-F1,Levier du 08,Auto-écoles,auto-écoles à ouvrir,2026,Actuel,0.0,"1,065 pour 100 000 habitants (écart 21)",1.0,1.0,1.0,auto-écoles agréées pour 100 000 habitants,0.0,1.76,56759.0,C,A1 §4 ; recensement 2022 ; projections de l'INSEED 2011-2031 ; variante (b) : croissance régionale 2010-2022,"auto-écoles de la collecte 2021-2022, activité non vérifiée ; cible gardée à sa valeur de 2022 (A1-3)",,
Préfecture,Mô,Centrale,Centrale,,Hors levier,Remise en état,km à remettre en état,2026,Actuel,0.0,"14,35 % des km évalués en mauvais état (médiane de O3-02)",0.0,0.0,0.0,part des km évalués en mauvais état (%),,,56759.0,C,A1 §4 ; recensement 2022 ; projections de l'INSEED 2011-2031 ; variante (b) : croissance régionale 2010-2022,relevé de 2020 ; même valeur à chaque palier : aucune donnée ne mesure l’usure,,
Préfecture,Mô,Centrale,Centrale,,Toutes,Accès rural,ruraux à plus de 2 km d’une route revêtue,2026,Actuel,,aucune (10 §4.6),47979.0,47979.0,48259.0,part des ruraux à moins de 2 km (%),0.0,,56759.0,C,A1 §4 ; recensement 2022 ; projections de l'INSEED 2011-2031 ; variante (b) : croissance régionale 2010-2022,"population rurale supposée uniforme dans la préfecture, comme au 10 ; aucune cible (10 §4.6)",,
Préfecture,Mô,Centrale,Centrale,REC-R4,Levier du 10,Desserte de Mô,km de routes classées,2026,Actuel,0.0,"5,39 km pour 10 000 habitants (écart 28)",30.6,30.6,30.8,km de routes classées pour 10 000 habitants,0.0,5.39,56759.0,C,A1 §4 ; recensement 2022 ; projections de l'INSEED 2011-2031 ; variante (b) : croissance régionale 2010-2022,ordre de grandeur derrière une vérification (REC-R4),,
Préfecture,Danyi,Plateaux,Plateaux,REC-F1,Levier du 08,Auto-écoles,auto-écoles à ouvrir,2027,+1 an,0.0,"1,065 pour 100 000 habitants (écart 21)",1.0,1.0,1.0,auto-écoles agréées pour 100 000 habitants,0.0,2.33,42980.0,C,A1 §4 ; recensement 2022 ; projections de l'INSEED 2011-2031 ; variante (b) : croissance régionale 2010-2022,"auto-écoles de la collecte 2021-2022, activité non vérifiée ; cible gardée à sa valeur de 2022 (A1-3)",,
Préfecture,Danyi,Plateaux,Plateaux,REC-R1,Levier du 08,Remise en état,km à remettre en état,2027,+1 an,49.8,"14,35 % des km évalués en mauvais état (médiane de O3-02)",42.7,42.7,42.7,part des km évalués en mauvais état (%),100.0,14.28,42980.0,C,A1 §4 ; recensement 2022 ; projections de l'INSEED 2011-2031 ; variante (b) : croissance régionale 2010-2022,relevé de 2020 ; même valeur à chaque palier : aucune donnée ne mesure l’usure,,
Préfecture,Danyi,Plateaux,Plateaux,,Toutes,Accès rural,ruraux à plus de 2 km d’une route revêtue,2027,+1 an,,aucune (10 §4.6),26703.0,26703.0,27801.0,part des ruraux à moins de 2 km (%),25.52,,42980.0,C,A1 §4 ; recensement 2022 ; projections de l'INSEED 2011-2031 ; variante (b) : croissance régionale 2010-2022,"population rurale supposée uniforme dans la préfecture, comme au 10 ; aucune cible (10 §4.6)",,
Préfecture,Blitta,Centrale,Centrale,REC-F2,Levier du 08,Auto-écoles,auto-écoles à ouvrir,2027,+1 an,0.0,"1,065 pour 100 000 habitants (écart 21)",2.0,2.0,2.0,auto-écoles agréées pour 100 000 habitants,0.0,1.11,180230.0,C,A1 §4 ; recensement 2022 ; projections de l'INSEED 2011-2031 ; variante (b) : croissance régionale 2010-2022,"auto-écoles de la collecte 2021-2022, activité non vérifiée ; cible gardée à sa valeur de 2022 (A1-3)",,
Préfecture,Blitta,Centrale,Centrale,REC-R1,Levier du 08,Remise en état,km à remettre en état,2027,+1 an,69.0,"14,35 % des km évalués en mauvais état (médiane de O3-02)",54.5,54.5,54.5,part des km évalués en mauvais état (%),68.24,14.33,180230.0,C,A1 §4 ; recensement 2022 ; projections de l'INSEED 2011-2031 ; variante (b) : croissance régionale 2010-2022,relevé de 2020 ; même valeur à chaque palier : aucune donnée ne mesure l’usure,,
Préfecture,Blitta,Centrale,Centrale,,Toutes,Accès rural,ruraux à plus de 2 km d’une route revêtue,2027,+1 an,,aucune (10 §4.6),143366.0,143366.0,144420.0,part des ruraux à moins de 2 km (%),14.75,,180230.0,C,A1 §4 ; recensement 2022 ; projections de l'INSEED 2011-2031 ; variante (b) : croissance régionale 2010-2022,"population rurale supposée uniforme dans la préfecture, comme au 10 ; aucune cible (10 §4.6)",,
Préfecture,Agou,Plateaux,Plateaux,REC-F2,Levier du 08,Auto-écoles,auto-écoles à ouvrir,2027,+1 an,0.0,"1,065 pour 100 000 habitants (écart 21)",1.0,1.0,2.0,auto-écoles agréées pour 100 000 habitants,0.0,1.09,91634.0,C,A1 §4 ; recensement 2022 ; projections de l'INSEED 2011-2031 ; variante (b) : croissance régionale 2010-2022,"auto-écoles de la collecte 2021-2022, activité non vérifiée ; cible gardée à sa valeur de 2022 (A1-3)",,
Préfecture,Agou,Plateaux,Plateaux,REC-R1,Levier du 08,Remise en état,km à remettre en état,2027,+1 an,49.6,"14,35 % des km évalués en mauvais état (médiane de O3-02)",31.8,31.8,31.8,part des km évalués en mauvais état (%),39.97,14.34,91634.0,C,A1 §4 ; recensement 2022 ; projections de l'INSEED 2011-2031 ; variante (b) : croissance régionale 2010-2022,relevé de 2020 ; même valeur à chaque palier : aucune donnée ne mesure l’usure,,
Préfecture,Agou,Plateaux,Plateaux,,Toutes,Accès rural,ruraux à plus de 2 km d’une route revêtue,2027,+1 an,,aucune (10 §4.6),64529.0,64529.0,67181.0,part des ruraux à moins de 2 km (%),25.63,,91634.0,C,A1 §4 ; recensement 2022 ; projections de l'INSEED 2011-2031 ; variante (b) : croissance régionale 2010-2022,"population rurale supposée uniforme dans la préfecture, comme au 10 ; aucune cible (10 §4.6)",,
Préfecture,Tchamba,Centrale,Centrale,REC-F2,Levier du 08,Auto-écoles,auto-écoles à ouvrir,2027,+1 an,0.0,"1,065 pour 100 000 habitants (écart 21)",3.0,3.0,3.0,auto-écoles agréées pour 100 000 habitants,0.0,1.35,221418.0,C,A1 §4 ; recensement 2022 ; projections de l'INSEED 2011-2031 ; variante (b) : croissance régionale 2010-2022,"auto-écoles de la collecte 2021-2022, activité non vérifiée ; cible gardée à sa valeur de 2022 (A1-3)",,
Préfecture,Tchamba,Centrale,Centrale,REC-R1,Levier du 08,Remise en état,km à remettre en état,2027,+1 an,41.0,"14,35 % des km évalués en mauvais état (médiane de O3-02)",23.7,23.7,23.7,part des km évalués en mauvais état (%),34.04,14.34,221418.0,C,A1 §4 ; recensement 2022 ; projections de l'INSEED 2011-2031 ; variante (b) : croissance régionale 2010-2022,relevé de 2020 ; même valeur à chaque palier : aucune donnée ne mesure l’usure,,
Préfecture,Tchamba,Centrale,Centrale,,Toutes,Accès rural,ruraux à plus de 2 km d’une route revêtue,2027,+1 an,,aucune (10 §4.6),156369.0,156369.0,157518.0,part des ruraux à moins de 2 km (%),13.84,,221418.0,C,A1 §4 ; recensement 2022 ; projections de l'INSEED 2011-2031 ; variante (b) : croissance régionale 2010-2022,"population rurale supposée uniforme dans la préfecture, comme au 10 ; aucune cible (10 §4.6)",,
Préfecture,Bassar,Kara,Kara,REC-F2,Levier du 08,Auto-écoles,auto-écoles à ouvrir,2027,+1 an,0.0,"1,065 pour 100 000 habitants (écart 21)",2.0,2.0,2.0,auto-écoles agréées pour 100 000 habitants,0.0,1.19,167448.0,C,A1 §4 ; recensement 2022 ; projections de l'INSEED 2011-2031 ; variante (b) : croissance régionale 2010-2022,"auto-écoles de la collecte 2021-2022, activité non vérifiée ; cible gardée à sa valeur de 2022 (A1-3)",,
Préfecture,Bassar,Kara,Kara,REC-R1,Levier du 08,Remise en état,km à remettre en état,2027,+1 an,46.9,"14,35 % des km évalués en mauvais état (médiane de O3-02)",22.9,22.9,22.9,part des km évalués en mauvais état (%),28.01,14.33,167448.0,C,A1 §4 ; recensement 2022 ; projections de l'INSEED 2011-2031 ; variante (b) : croissance régionale 2010-2022,relevé de 2020 ; même valeur à chaque palier : aucune donnée ne mesure l’usure,,
Préfecture,Bassar,Kara,Kara,,Toutes,Accès rural,ruraux à plus de 2 km d’une route revêtue,2027,+1 an,,aucune (10 §4.6),113376.0,113376.0,114489.0,part des ruraux à moins de 2 km (%),13.41,,167448.0,C,A1 §4 ; recensement 2022 ; projections de l'INSEED 2011-2031 ; variante (b) : croissance régionale 2010-2022,"population rurale supposée uniforme dans la préfecture, comme au 10 ; aucune cible (10 §4.6)",,
Préfecture,Oti,Savanes,Savanes,REC-F2,Levier du 08,Auto-écoles,auto-écoles à ouvrir,2027,+1 an,0.0,"1,065 pour 100 000 habitants (écart 21)",2.0,2.0,2.0,auto-écoles agréées pour 100 000 habitants,0.0,1.41,141885.0,C,A1 §4 ; recensement 2022 ; projections de l'INSEED 2011-2031 ; variante (b) : croissance régionale 2010-2022,"auto-écoles de la collecte 2021-2022, activité non vérifiée ; cible gardée à sa valeur de 2022 (A1-3)",,
Préfecture,Oti,Savanes,Savanes,,Hors levier,Remise en état,km à remettre en état,2027,+1 an,29.7,"14,35 % des km évalués en mauvais état (médiane de O3-02)",9.6,9.6,9.6,part des km évalués en mauvais état (%),21.15,14.32,141885.0,C,A1 §4 ; recensement 2022 ; projections de l'INSEED 2011-2031 ; variante (b) : croissance régionale 2010-2022,relevé de 2020 ; même valeur à chaque palier : aucune donnée ne mesure l’usure,,
Préfecture,Oti,Savanes,Savanes,,Toutes,Accès rural,ruraux à plus de 2 km d’une route revêtue,2027,+1 an,,aucune (10 §4.6),88601.0,86692.0,88601.0,part des ruraux à moins de 2 km (%),13.43,,141885.0,C,A1 §4 ; recensement 2022 ; projections de l'INSEED 2011-2031 ; variante (b) : croissance régionale 2010-2022,"population rurale supposée uniforme dans la préfecture, comme au 10 ; aucune cible (10 §4.6)",,
Préfecture,Bas-Mono,Maritime hors Grand Lomé,Maritime,REC-F2,Levier du 08,Auto-écoles,auto-écoles à ouvrir,2027,+1 an,0.0,"1,065 pour 100 000 habitants (écart 21)",2.0,2.0,2.0,auto-écoles agréées pour 100 000 habitants,0.0,1.87,107117.0,C,A1 §4 ; recensement 2022 ; projections de l'INSEED 2011-2031 ; variante (b) : croissance régionale 2010-2022,"auto-écoles de la collecte 2021-2022, activité non vérifiée ; cible gardée à sa valeur de 2022 (A1-3)",,
Préfecture,Bas-Mono,Maritime hors Grand Lomé,Maritime,,Hors levier,Remise en état,km à remettre en état,2027,+1 an,7.6,"14,35 % des km évalués en mauvais état (médiane de O3-02)",2.4,2.4,2.4,part des km évalués en mauvais état (%),21.14,14.44,107117.0,C,A1 §4 ; recensement 2022 ; projections de l'INSEED 2011-2031 ; variante (b) : croissance régionale 2010-2022,relevé de 2020 ; même valeur à chaque palier : aucune donnée ne mesure l’usure,,
Préfecture,Bas-Mono,Maritime hors Grand Lomé,Maritime,,Toutes,Accès rural,ruraux à plus de 2 km d’une route revêtue,2027,+1 an,,aucune (10 §4.6),80888.0,79654.0,80888.0,part des ruraux à moins de 2 km (%),12.44,,107117.0,C,A1 §4 ; recensement 2022 ; projections de l'INSEED 2011-2031 ; variante (b) : croissance régionale 2010-2022,"population rurale supposée uniforme dans la préfecture, comme au 10 ; aucune cible (10 §4.6)",,
Préfecture,Est-Mono,Plateaux,Plateaux,REC-F1,Levier du 08,Auto-écoles,auto-écoles à ouvrir,2027,+1 an,0.0,"1,065 pour 100 000 habitants (écart 21)",2.0,2.0,2.0,auto-écoles agréées pour 100 000 habitants,0.0,1.14,175657.0,C,A1 §4 ; recensement 2022 ; projections de l'INSEED 2011-2031 ; variante (b) : croissance régionale 2010-2022,"auto-écoles de la collecte 2021-2022, activité non vérifiée ; cible gardée à sa valeur de 2022 (A1-3)",,
Préfecture,Est-Mono,Plateaux,Plateaux,,Hors levier,Remise en état,km à remettre en état,2027,+1 an,19.0,"14,35 % des km évalués en mauvais état (médiane de O3-02)",3.1,3.1,3.1,part des km évalués en mauvais état (%),17.15,14.35,175657.0,C,A1 §4 ; recensement 2022 ; projections de l'INSEED 2011-2031 ; variante (b) : croissance régionale 2010-2022,relevé de 2020 ; même valeur à chaque palier : aucune donnée ne mesure l’usure,,
Préfecture,Est-Mono,Plateaux,Plateaux,,Toutes,Accès rural,ruraux à plus de 2 km d’une route revêtue,2027,+1 an,,aucune (10 §4.6),161034.0,161034.0,167651.0,part des ruraux à moins de 2 km (%),1.64,,175657.0,C,A1 §4 ; recensement 2022 ; projections de l'INSEED 2011-2031 ; variante (b) : croissance régionale 2010-2022,"population rurale supposée uniforme dans la préfecture, comme au 10 ; aucune cible (10 §4.6)",,
Préfecture,Oti-Sud,Savanes,Savanes,REC-F1,Levier du 08,Auto-écoles,auto-écoles à ouvrir,2027,+1 an,0.0,"1,065 pour 100 000 habitants (écart 21)",2.0,2.0,2.0,auto-écoles agréées pour 100 000 habitants,0.0,1.17,170897.0,C,A1 §4 ; recensement 2022 ; projections de l'INSEED 2011-2031 ; variante (b) : croissance régionale 2010-2022,"auto-écoles de la collecte 2021-2022, activité non vérifiée ; cible gardée à sa valeur de 2022 (A1-3)",,
Préfecture,Oti-Sud,Savanes,Savanes,,Hors levier,Remise en état,km à remettre en état,2027,+1 an,19.0,"14,35 % des km évalués en mauvais état (médiane de O3-02)",0.1,0.1,0.1,part des km évalués en mauvais état (%),14.4,14.32,170897.0,C,A1 §4 ; recensement 2022 ; projections de l'INSEED 2011-2031 ; variante (b) : croissance régionale 2010-2022,relevé de 2020 ; même valeur à chaque palier : aucune donnée ne mesure l’usure,,
Préfecture,Oti-Sud,Savanes,Savanes,,Toutes,Accès rural,ruraux à plus de 2 km d’une route revêtue,2027,+1 an,,aucune (10 §4.6),137326.0,134367.0,137326.0,part des ruraux à moins de 2 km (%),9.84,,170897.0,C,A1 §4 ; recensement 2022 ; projections de l'INSEED 2011-2031 ; variante (b) : croissance régionale 2010-2022,"population rurale supposée uniforme dans la préfecture, comme au 10 ; aucune cible (10 §4.6)",,
Préfecture,Tchaoudjo,Centrale,Centrale,,Hors levier,Auto-écoles,auto-écoles à ouvrir,2027,+1 an,2.0,"1,065 pour 100 000 habitants (écart 21)",1.0,1.0,1.0,auto-écoles agréées pour 100 000 habitants,0.75,1.13,265324.0,C,A1 §4 ; recensement 2022 ; projections de l'INSEED 2011-2031 ; variante (b) : croissance régionale 2010-2022,"auto-écoles de la collecte 2021-2022, activité non vérifiée ; cible gardée à sa valeur de 2022 (A1-3)",,
Préfecture,Tchaoudjo,Centrale,Centrale,REC-R2,Levier du 08,Remise en état,km à remettre en état,2027,+1 an,46.3,"14,35 % des km évalués en mauvais état (médiane de O3-02)",28.3,28.3,28.3,part des km évalués en mauvais état (%),36.87,14.34,265324.0,C,A1 §4 ; recensement 2022 ; projections de l'INSEED 2011-2031 ; variante (b) : croissance régionale 2010-2022,relevé de 2020 ; même valeur à chaque palier : aucune donnée ne mesure l’usure,,
Préfecture,Tchaoudjo,Centrale,Centrale,,Toutes,Accès rural,ruraux à plus de 2 km d’une route revêtue,2027,+1 an,,aucune (10 §4.6),113360.0,113360.0,114193.0,part des ruraux à moins de 2 km (%),17.79,,265324.0,C,A1 §4 ; recensement 2022 ; projections de l'INSEED 2011-2031 ; variante (b) : croissance régionale 2010-2022,"population rurale supposée uniforme dans la préfecture, comme au 10 ; aucune cible (10 §4.6)",,
Préfecture,Haho,Plateaux,Plateaux,REC-F1,Levier du 08,Auto-écoles,auto-écoles à ouvrir,2027,+1 an,0.0,"1,065 pour 100 000 habitants (écart 21)",4.0,4.0,4.0,auto-écoles agréées pour 100 000 habitants,0.0,1.23,325867.0,C,A1 §4 ; recensement 2022 ; projections de l'INSEED 2011-2031 ; variante (b) : croissance régionale 2010-2022,"auto-écoles de la collecte 2021-2022, activité non vérifiée ; cible gardée à sa valeur de 2022 (A1-3)",,
Préfecture,Haho,Plateaux,Plateaux,,Hors levier,Remise en état,km à remettre en état,2027,+1 an,14.3,"14,35 % des km évalués en mauvais état (médiane de O3-02)",0.0,0.0,0.0,part des km évalués en mauvais état (%),11.46,11.46,325867.0,C,A1 §4 ; recensement 2022 ; projections de l'INSEED 2011-2031 ; variante (b) : croissance régionale 2010-2022,relevé de 2020 ; même valeur à chaque palier : aucune donnée ne mesure l’usure,,
Préfecture,Haho,Plateaux,Plateaux,,Toutes,Accès rural,ruraux à plus de 2 km d’une route revêtue,2027,+1 an,,aucune (10 §4.6),239452.0,239452.0,249293.0,part des ruraux à moins de 2 km (%),12.41,,325867.0,C,A1 §4 ; recensement 2022 ; projections de l'INSEED 2011-2031 ; variante (b) : croissance régionale 2010-2022,"population rurale supposée uniforme dans la préfecture, comme au 10 ; aucune cible (10 §4.6)",,
Préfecture,Ogou,Plateaux,Plateaux,,Hors levier,Auto-écoles,auto-écoles à ouvrir,2027,+1 an,2.0,"1,065 pour 100 000 habitants (écart 21)",1.0,1.0,2.0,auto-écoles agréées pour 100 000 habitants,0.74,1.11,270724.0,C,A1 §4 ; recensement 2022 ; projections de l'INSEED 2011-2031 ; variante (b) : croissance régionale 2010-2022,"auto-écoles de la collecte 2021-2022, activité non vérifiée ; cible gardée à sa valeur de 2022 (A1-3)",,
Préfecture,Ogou,Plateaux,Plateaux,REC-R2,Levier du 08,Remise en état,km à remettre en état,2027,+1 an,30.9,"14,35 % des km évalués en mauvais état (médiane de O3-02)",14.6,14.6,14.6,part des km évalués en mauvais état (%),27.23,14.36,270724.0,C,A1 §4 ; recensement 2022 ; projections de l'INSEED 2011-2031 ; variante (b) : croissance régionale 2010-2022,relevé de 2020 ; même valeur à chaque palier : aucune donnée ne mesure l’usure,,
Préfecture,Ogou,Plateaux,Plateaux,,Toutes,Accès rural,ruraux à plus de 2 km d’une route revêtue,2027,+1 an,,aucune (10 §4.6),145622.0,145622.0,151606.0,part des ruraux à moins de 2 km (%),12.19,,270724.0,C,A1 §4 ; recensement 2022 ; projections de l'INSEED 2011-2031 ; variante (b) : croissance régionale 2010-2022,"population rurale supposée uniforme dans la préfecture, comme au 10 ; aucune cible (10 §4.6)",,
Préfecture,Anié,Plateaux,Plateaux,,Hors levier,Auto-écoles,auto-écoles à ouvrir,2027,+1 an,1.0,"1,065 pour 100 000 habitants (écart 21)",2.0,2.0,2.0,auto-écoles agréées pour 100 000 habitants,0.52,1.56,192423.0,C,A1 §4 ; recensement 2022 ; projections de l'INSEED 2011-2031 ; variante (b) : croissance régionale 2010-2022,"auto-écoles de la collecte 2021-2022, activité non vérifiée ; cible gardée à sa valeur de 2022 (A1-3)",,
Préfecture,Anié,Plateaux,Plateaux,REC-R2,Levier du 08,Remise en état,km à remettre en état,2027,+1 an,9.3,"14,35 % des km évalués en mauvais état (médiane de O3-02)",3.5,3.5,3.5,part des km évalués en mauvais état (%),23.01,14.32,192423.0,C,A1 §4 ; recensement 2022 ; projections de l'INSEED 2011-2031 ; variante (b) : croissance régionale 2010-2022,relevé de 2020 ; même valeur à chaque palier : aucune donnée ne mesure l’usure,,
Préfecture,Anié,Plateaux,Plateaux,,Toutes,Accès rural,ruraux à plus de 2 km d’une route revêtue,2027,+1 an,,aucune (10 §4.6),120616.0,120616.0,125573.0,part des ruraux à moins de 2 km (%),5.17,,192423.0,C,A1 §4 ; recensement 2022 ; projections de l'INSEED 2011-2031 ; variante (b) : croissance régionale 2010-2022,"population rurale supposée uniforme dans la préfecture, comme au 10 ; aucune cible (10 §4.6)",,
Préfecture,Yoto,Maritime hors Grand Lomé,Maritime,REC-F2,Levier du 08,Auto-écoles,auto-écoles à ouvrir,2027,+1 an,0.0,"1,065 pour 100 000 habitants (écart 21)",3.0,3.0,3.0,auto-écoles agréées pour 100 000 habitants,0.0,1.52,197443.0,C,A1 §4 ; recensement 2022 ; projections de l'INSEED 2011-2031 ; variante (b) : croissance régionale 2010-2022,"auto-écoles de la collecte 2021-2022, activité non vérifiée ; cible gardée à sa valeur de 2022 (A1-3)",,
Préfecture,Yoto,Maritime hors Grand Lomé,Maritime,,Hors levier,Remise en état,km à remettre en état,2027,+1 an,4.7,"14,35 % des km évalués en mauvais état (médiane de O3-02)",0.0,0.0,0.0,part des km évalués en mauvais état (%),8.09,8.09,197443.0,C,A1 §4 ; recensement 2022 ; projections de l'INSEED 2011-2031 ; variante (b) : croissance régionale 2010-2022,relevé de 2020 ; même valeur à chaque palier : aucune donnée ne mesure l’usure,,
Préfecture,Yoto,Maritime hors Grand Lomé,Maritime,,Toutes,Accès rural,ruraux à plus de 2 km d’une route revêtue,2027,+1 an,,aucune (10 §4.6),140200.0,138060.0,140200.0,part des ruraux à moins de 2 km (%),9.96,,197443.0,C,A1 §4 ; recensement 2022 ; projections de l'INSEED 2011-2031 ; variante (b) : croissance régionale 2010-2022,"population rurale supposée uniforme dans la préfecture, comme au 10 ; aucune cible (10 §4.6)",,
Préfecture,Akébou,Plateaux,Plateaux,REC-F1,Levier du 08,Auto-écoles,auto-écoles à ouvrir,2027,+1 an,0.0,"1,065 pour 100 000 habitants (écart 21)",1.0,1.0,1.0,auto-écoles agréées pour 100 000 habitants,0.0,1.27,78856.0,C,A1 §4 ; recensement 2022 ; projections de l'INSEED 2011-2031 ; variante (b) : croissance régionale 2010-2022,"auto-écoles de la collecte 2021-2022, activité non vérifiée ; cible gardée à sa valeur de 2022 (A1-3)",,
Préfecture,Akébou,Plateaux,Plateaux,,Hors levier,Remise en état,km à remettre en état,2027,+1 an,0.5,"14,35 % des km évalués en mauvais état (médiane de O3-02)",0.0,0.0,0.0,part des km évalués en mauvais état (%),7.85,7.85,78856.0,C,A1 §4 ; recensement 2022 ; projections de l'INSEED 2011-2031 ; variante (b) : croissance régionale 2010-2022,relevé de 2020 ; même valeur à chaque palier : aucune donnée ne mesure l’usure,,
Préfecture,Akébou,Plateaux,Plateaux,,Toutes,Accès rural,ruraux à plus de 2 km d’une route revêtue,2027,+1 an,,aucune (10 §4.6),70011.0,70011.0,72888.0,part des ruraux à moins de 2 km (%),0.55,,78856.0,C,A1 §4 ; recensement 2022 ; projections de l'INSEED 2011-2031 ; variante (b) : croissance régionale 2010-2022,"population rurale supposée uniforme dans la préfecture, comme au 10 ; aucune cible (10 §4.6)",,
Préfecture,Kloto,Plateaux,Plateaux,,Hors levier,Auto-écoles,auto-écoles à ouvrir,2027,+1 an,3.0,"1,065 pour 100 000 habitants (écart 21)",0.0,0.0,0.0,auto-écoles agréées pour 100 000 habitants,1.92,1.92,155925.0,C,A1 §4 ; recensement 2022 ; projections de l'INSEED 2011-2031 ; variante (b) : croissance régionale 2010-2022,"auto-écoles de la collecte 2021-2022, activité non vérifiée ; cible gardée à sa valeur de 2022 (A1-3)",,
Préfecture,Kloto,Plateaux,Plateaux,REC-R2,Levier du 08,Remise en état,km à remettre en état,2027,+1 an,49.1,"14,35 % des km évalués en mauvais état (médiane de O3-02)",38.2,38.2,38.2,part des km évalués en mauvais état (%),64.97,14.41,155925.0,C,A1 §4 ; recensement 2022 ; projections de l'INSEED 2011-2031 ; variante (b) : croissance régionale 2010-2022,relevé de 2020 ; même valeur à chaque palier : aucune donnée ne mesure l’usure,,
Préfecture,Kloto,Plateaux,Plateaux,,Toutes,Accès rural,ruraux à plus de 2 km d’une route revêtue,2027,+1 an,,aucune (10 §4.6),36321.0,36321.0,37814.0,part des ruraux à moins de 2 km (%),41.88,,155925.0,C,A1 §4 ; recensement 2022 ; projections de l'INSEED 2011-2031 ; variante (b) : croissance régionale 2010-2022,"population rurale supposée uniforme dans la préfecture, comme au 10 ; aucune cible (10 §4.6)",,
Préfecture,Kpendjal-Ouest,Savanes,Savanes,REC-F1,Levier du 08,Auto-écoles,auto-écoles à ouvrir,2027,+1 an,0.0,"1,065 pour 100 000 habitants (écart 21)",2.0,2.0,2.0,auto-écoles agréées pour 100 000 habitants,0.0,1.43,140160.0,C,A1 §4 ; recensement 2022 ; projections de l'INSEED 2011-2031 ; variante (b) : croissance régionale 2010-2022,"auto-écoles de la collecte 2021-2022, activité non vérifiée ; cible gardée à sa valeur de 2022 (A1-3)",,
Préfecture,Kpendjal-Ouest,Savanes,Savanes,,Hors levier,Remise en état,km à remettre en état,2027,+1 an,2.7,"14,35 % des km évalués en mauvais état (médiane de O3-02)",0.0,0.0,0.0,part des km évalués en mauvais état (%),5.97,5.97,140160.0,C,A1 §4 ; recensement 2022 ; projections de l'INSEED 2011-2031 ; variante (b) : croissance régionale 2010-2022,relevé de 2020 ; même valeur à chaque palier : aucune donnée ne mesure l’usure,,
Préfecture,Kpendjal-Ouest,Savanes,Savanes,,Toutes,Accès rural,ruraux à plus de 2 km d’une route revêtue,2027,+1 an,,aucune (10 §4.6),106278.0,103988.0,106278.0,part des ruraux à moins de 2 km (%),20.04,,140160.0,C,A1 §4 ; recensement 2022 ; projections de l'INSEED 2011-2031 ; variante (b) : croissance régionale 2010-2022,"population rurale supposée uniforme dans la préfecture, comme au 10 ; aucune cible (10 §4.6)",,
Préfecture,Kpendjal,Savanes,Savanes,REC-F1,Levier du 08,Auto-écoles,auto-écoles à ouvrir,2027,+1 an,0.0,"1,065 pour 100 000 habitants (écart 21)",2.0,2.0,2.0,auto-écoles agréées pour 100 000 habitants,0.0,1.99,100424.0,C,A1 §4 ; recensement 2022 ; projections de l'INSEED 2011-2031 ; variante (b) : croissance régionale 2010-2022,"auto-écoles de la collecte 2021-2022, activité non vérifiée ; cible gardée à sa valeur de 2022 (A1-3)",,
Préfecture,Kpendjal,Savanes,Savanes,,Hors levier,Remise en état,km à remettre en état,2027,+1 an,3.0,"14,35 % des km évalués en mauvais état (médiane de O3-02)",0.0,0.0,0.0,part des km évalués en mauvais état (%),5.21,5.21,100424.0,C,A1 §4 ; recensement 2022 ; projections de l'INSEED 2011-2031 ; variante (b) : croissance régionale 2010-2022,relevé de 2020 ; même valeur à chaque palier : aucune donnée ne mesure l’usure,,
Préfecture,Kpendjal,Savanes,Savanes,,Toutes,Accès rural,ruraux à plus de 2 km d’une route revêtue,2027,+1 an,,aucune (10 §4.6),78299.0,76611.0,78299.0,part des ruraux à moins de 2 km (%),14.56,,100424.0,C,A1 §4 ; recensement 2022 ; projections de l'INSEED 2011-2031 ; variante (b) : croissance régionale 2010-2022,"population rurale supposée uniforme dans la préfecture, comme au 10 ; aucune cible (10 §4.6)",,
Préfecture,Zio,Maritime hors Grand Lomé,Maritime,,Hors levier,Auto-écoles,auto-écoles à ouvrir,2027,+1 an,1.0,"1,065 pour 100 000 habitants (écart 21)",6.0,5.0,6.0,auto-écoles agréées pour 100 000 habitants,0.18,1.24,564641.0,C,A1 §4 ; recensement 2022 ; projections de l'INSEED 2011-2031 ; variante (b) : croissance régionale 2010-2022,"auto-écoles de la collecte 2021-2022, activité non vérifiée ; cible gardée à sa valeur de 2022 (A1-3)",,
Préfecture,Zio,Maritime hors Grand Lomé,Maritime,,Hors levier,Remise en état,km à remettre en état,2027,+1 an,16.6,"14,35 % des km évalués en mauvais état (médiane de O3-02)",2.7,2.7,2.7,part des km évalués en mauvais état (%),17.17,14.37,564641.0,C,A1 §4 ; recensement 2022 ; projections de l'INSEED 2011-2031 ; variante (b) : croissance régionale 2010-2022,relevé de 2020 ; même valeur à chaque palier : aucune donnée ne mesure l’usure,,
Préfecture,Zio,Maritime hors Grand Lomé,Maritime,,Toutes,Accès rural,ruraux à plus de 2 km d’une route revêtue,2027,+1 an,,aucune (10 §4.6),405221.0,399037.0,405221.0,part des ruraux à moins de 2 km (%),15.2,,564641.0,C,A1 §4 ; recensement 2022 ; projections de l'INSEED 2011-2031 ; variante (b) : croissance régionale 2010-2022,"population rurale supposée uniforme dans la préfecture, comme au 10 ; aucune cible (10 §4.6)",,
Préfecture,Wawa,Plateaux,Plateaux,,Hors levier,Auto-écoles,auto-écoles à ouvrir,2027,+1 an,2.0,"1,065 pour 100 000 habitants (écart 21)",0.0,0.0,0.0,auto-écoles agréées pour 100 000 habitants,1.85,1.85,108197.0,C,A1 §4 ; recensement 2022 ; projections de l'INSEED 2011-2031 ; variante (b) : croissance régionale 2010-2022,"auto-écoles de la collecte 2021-2022, activité non vérifiée ; cible gardée à sa valeur de 2022 (A1-3)",,
Préfecture,Wawa,Plateaux,Plateaux,REC-R2,Levier du 08,Remise en état,km à remettre en état,2027,+1 an,38.3,"14,35 % des km évalués en mauvais état (médiane de O3-02)",19.7,19.7,19.7,part des km évalués en mauvais état (%),29.48,14.31,108197.0,C,A1 §4 ; recensement 2022 ; projections de l'INSEED 2011-2031 ; variante (b) : croissance régionale 2010-2022,relevé de 2020 ; même valeur à chaque palier : aucune donnée ne mesure l’usure,,
Préfecture,Wawa,Plateaux,Plateaux,,Toutes,Accès rural,ruraux à plus de 2 km d’une route revêtue,2027,+1 an,,aucune (10 §4.6),66292.0,66292.0,69016.0,part des ruraux à moins de 2 km (%),30.88,,108197.0,C,A1 §4 ; recensement 2022 ; projections de l'INSEED 2011-2031 ; variante (b) : croissance régionale 2010-2022,"population rurale supposée uniforme dans la préfecture, comme au 10 ; aucune cible (10 §4.6)",,
Préfecture,Amou,Plateaux,Plateaux,REC-F2,Levier du 08,Auto-écoles,auto-écoles à ouvrir,2027,+1 an,0.0,"1,065 pour 100 000 habitants (écart 21)",2.0,2.0,2.0,auto-écoles agréées pour 100 000 habitants,0.0,1.64,121945.0,C,A1 §4 ; recensement 2022 ; projections de l'INSEED 2011-2031 ; variante (b) : croissance régionale 2010-2022,"auto-écoles de la collecte 2021-2022, activité non vérifiée ; cible gardée à sa valeur de 2022 (A1-3)",,
Préfecture,Amou,Plateaux,Plateaux,,Hors levier,Remise en état,km à remettre en état,2027,+1 an,4.0,"14,35 % des km évalués en mauvais état (médiane de O3-02)",0.0,0.0,0.0,part des km évalués en mauvais état (%),4.45,4.45,121945.0,C,A1 §4 ; recensement 2022 ; projections de l'INSEED 2011-2031 ; variante (b) : croissance régionale 2010-2022,relevé de 2020 ; même valeur à chaque palier : aucune donnée ne mesure l’usure,,
Préfecture,Amou,Plateaux,Plateaux,,Toutes,Accès rural,ruraux à plus de 2 km d’une route revêtue,2027,+1 an,,aucune (10 §4.6),99396.0,99396.0,103481.0,part des ruraux à moins de 2 km (%),12.35,,121945.0,C,A1 §4 ; recensement 2022 ; projections de l'INSEED 2011-2031 ; variante (b) : croissance régionale 2010-2022,"population rurale supposée uniforme dans la préfecture, comme au 10 ; aucune cible (10 §4.6)",,
Préfecture,Doufelgou,Kara,Kara,REC-F1,Levier du 08,Auto-écoles,auto-écoles à ouvrir,2027,+1 an,0.0,"1,065 pour 100 000 habitants (écart 21)",1.0,1.0,2.0,auto-écoles agréées pour 100 000 habitants,0.0,1.07,93342.0,C,A1 §4 ; recensement 2022 ; projections de l'INSEED 2011-2031 ; variante (b) : croissance régionale 2010-2022,"auto-écoles de la collecte 2021-2022, activité non vérifiée ; cible gardée à sa valeur de 2022 (A1-3)",,
Préfecture,Doufelgou,Kara,Kara,,Hors levier,Remise en état,km à remettre en état,2027,+1 an,3.4,"14,35 % des km évalués en mauvais état (médiane de O3-02)",0.0,0.0,0.0,part des km évalués en mauvais état (%),3.4,3.4,93342.0,C,A1 §4 ; recensement 2022 ; projections de l'INSEED 2011-2031 ; variante (b) : croissance régionale 2010-2022,relevé de 2020 ; même valeur à chaque palier : aucune donnée ne mesure l’usure,,
Préfecture,Doufelgou,Kara,Kara,,Toutes,Accès rural,ruraux à plus de 2 km d’une route revêtue,2027,+1 an,,aucune (10 §4.6),49406.0,49406.0,49891.0,part des ruraux à moins de 2 km (%),22.15,,93342.0,C,A1 §4 ; recensement 2022 ; projections de l'INSEED 2011-2031 ; variante (b) : croissance régionale 2010-2022,"population rurale supposée uniforme dans la préfecture, comme au 10 ; aucune cible (10 §4.6)",,
Préfecture,Binah,Kara,Kara,REC-F1,Levier du 08,Auto-écoles,auto-écoles à ouvrir,2027,+1 an,0.0,"1,065 pour 100 000 habitants (écart 21)",1.0,1.0,1.0,auto-écoles agréées pour 100 000 habitants,0.0,1.08,92717.0,C,A1 §4 ; recensement 2022 ; projections de l'INSEED 2011-2031 ; variante (b) : croissance régionale 2010-2022,"auto-écoles de la collecte 2021-2022, activité non vérifiée ; cible gardée à sa valeur de 2022 (A1-3)",,
Préfecture,Binah,Kara,Kara,,Hors levier,Remise en état,km à remettre en état,2027,+1 an,1.5,"14,35 % des km évalués en mauvais état (médiane de O3-02)",0.0,0.0,0.0,part des km évalués en mauvais état (%),3.34,3.34,92717.0,C,A1 §4 ; recensement 2022 ; projections de l'INSEED 2011-2031 ; variante (b) : croissance régionale 2010-2022,relevé de 2020 ; même valeur à chaque palier : aucune donnée ne mesure l’usure,,
Préfecture,Binah,Kara,Kara,,Toutes,Accès rural,ruraux à plus de 2 km d’une route revêtue,2027,+1 an,,aucune (10 §4.6),72291.0,72291.0,73001.0,part des ruraux à moins de 2 km (%),14.46,,92717.0,C,A1 §4 ; recensement 2022 ; projections de l'INSEED 2011-2031 ; variante (b) : croissance régionale 2010-2022,"population rurale supposée uniforme dans la préfecture, comme au 10 ; aucune cible (10 §4.6)",,
Préfecture,Avé,Maritime hors Grand Lomé,Maritime,REC-F1,Levier du 08,Auto-écoles,auto-écoles à ouvrir,2027,+1 an,0.0,"1,065 pour 100 000 habitants (écart 21)",2.0,2.0,2.0,auto-écoles agréées pour 100 000 habitants,0.0,1.59,125584.0,C,A1 §4 ; recensement 2022 ; projections de l'INSEED 2011-2031 ; variante (b) : croissance régionale 2010-2022,"auto-écoles de la collecte 2021-2022, activité non vérifiée ; cible gardée à sa valeur de 2022 (A1-3)",,
Préfecture,Avé,Maritime hors Grand Lomé,Maritime,,Hors levier,Remise en état,km à remettre en état,2027,+1 an,3.0,"14,35 % des km évalués en mauvais état (médiane de O3-02)",0.0,0.0,0.0,part des km évalués en mauvais état (%),2.75,2.75,125584.0,C,A1 §4 ; recensement 2022 ; projections de l'INSEED 2011-2031 ; variante (b) : croissance régionale 2010-2022,relevé de 2020 ; même valeur à chaque palier : aucune donnée ne mesure l’usure,,
Préfecture,Avé,Maritime hors Grand Lomé,Maritime,,Toutes,Accès rural,ruraux à plus de 2 km d’une route revêtue,2027,+1 an,,aucune (10 §4.6),94262.0,92823.0,94262.0,part des ruraux à moins de 2 km (%),21.27,,125584.0,C,A1 §4 ; recensement 2022 ; projections de l'INSEED 2011-2031 ; variante (b) : croissance régionale 2010-2022,"population rurale supposée uniforme dans la préfecture, comme au 10 ; aucune cible (10 §4.6)",,
Préfecture,Sotouboua,Centrale,Centrale,,Hors levier,Auto-écoles,auto-écoles à ouvrir,2027,+1 an,2.0,"1,065 pour 100 000 habitants (écart 21)",0.0,0.0,0.0,auto-écoles agréées pour 100 000 habitants,1.3,1.3,153287.0,C,A1 §4 ; recensement 2022 ; projections de l'INSEED 2011-2031 ; variante (b) : croissance régionale 2010-2022,"auto-écoles de la collecte 2021-2022, activité non vérifiée ; cible gardée à sa valeur de 2022 (A1-3)",,
Préfecture,Sotouboua,Centrale,Centrale,REC-R2,Levier du 08,Remise en état,km à remettre en état,2027,+1 an,20.1,"14,35 % des km évalués en mauvais état (médiane de O3-02)",7.1,7.1,7.1,part des km évalués en mauvais état (%),22.26,14.38,153287.0,C,A1 §4 ; recensement 2022 ; projections de l'INSEED 2011-2031 ; variante (b) : croissance régionale 2010-2022,relevé de 2020 ; même valeur à chaque palier : aucune donnée ne mesure l’usure,,
Préfecture,Sotouboua,Centrale,Centrale,,Toutes,Accès rural,ruraux à plus de 2 km d’une route revêtue,2027,+1 an,,aucune (10 §4.6),105655.0,105655.0,106431.0,part des ruraux à moins de 2 km (%),10.04,,153287.0,C,A1 §4 ; recensement 2022 ; projections de l'INSEED 2011-2031 ; variante (b) : croissance régionale 2010-2022,"population rurale supposée uniforme dans la préfecture, comme au 10 ; aucune cible (10 §4.6)",,
Préfecture,Tandjoaré,Savanes,Savanes,REC-F1,Levier du 08,Auto-écoles,auto-écoles à ouvrir,2027,+1 an,0.0,"1,065 pour 100 000 habitants (écart 21)",2.0,2.0,2.0,auto-écoles agréées pour 100 000 habitants,0.0,1.27,157817.0,C,A1 §4 ; recensement 2022 ; projections de l'INSEED 2011-2031 ; variante (b) : croissance régionale 2010-2022,"auto-écoles de la collecte 2021-2022, activité non vérifiée ; cible gardée à sa valeur de 2022 (A1-3)",,
Préfecture,Tandjoaré,Savanes,Savanes,,Hors levier,Remise en état,km à remettre en état,2027,+1 an,0.3,"14,35 % des km évalués en mauvais état (médiane de O3-02)",0.0,0.0,0.0,part des km évalués en mauvais état (%),1.09,1.09,157817.0,C,A1 §4 ; recensement 2022 ; projections de l'INSEED 2011-2031 ; variante (b) : croissance régionale 2010-2022,relevé de 2020 ; même valeur à chaque palier : aucune donnée ne mesure l’usure,,
Préfecture,Tandjoaré,Savanes,Savanes,,Toutes,Accès rural,ruraux à plus de 2 km d’une route revêtue,2027,+1 an,,aucune (10 §4.6),138887.0,135895.0,138887.0,part des ruraux à moins de 2 km (%),9.99,,157817.0,C,A1 §4 ; recensement 2022 ; projections de l'INSEED 2011-2031 ; variante (b) : croissance régionale 2010-2022,"population rurale supposée uniforme dans la préfecture, comme au 10 ; aucune cible (10 §4.6)",,
Préfecture,Agoè-Nyivé,Grand Lomé,Maritime,,Hors levier,Auto-écoles,auto-écoles à ouvrir,2027,+1 an,29.0,"1,065 pour 100 000 habitants (écart 21)",0.0,0.0,0.0,auto-écoles agréées pour 100 000 habitants,2.91,2.91,996748.0,C,A1 §4 ; recensement 2022 ; projections de l'INSEED 2011-2031 ; variante (b) : croissance régionale 2010-2022,"auto-écoles de la collecte 2021-2022, activité non vérifiée ; cible gardée à sa valeur de 2022 (A1-3)",,
Préfecture,Agoè-Nyivé,Grand Lomé,Maritime,REC-R2,Levier du 08,Remise en état,km à remettre en état,2027,+1 an,7.2,"14,35 % des km évalués en mauvais état (médiane de O3-02)",3.2,3.2,3.2,part des km évalués en mauvais état (%),26.0,14.48,996748.0,C,A1 §4 ; recensement 2022 ; projections de l'INSEED 2011-2031 ; variante (b) : croissance régionale 2010-2022,relevé de 2020 ; même valeur à chaque palier : aucune donnée ne mesure l’usure,,
Préfecture,Agoè-Nyivé,Grand Lomé,Maritime,,Toutes,Accès rural,ruraux à plus de 2 km d’une route revêtue,2027,+1 an,,aucune (10 §4.6),0.0,0.0,0.0,part des ruraux à moins de 2 km (%),,,996748.0,C,A1 §4 ; recensement 2022 ; projections de l'INSEED 2011-2031 ; variante (b) : croissance régionale 2010-2022,"population rurale supposée uniforme dans la préfecture, comme au 10 ; aucune cible (10 §4.6)",,
Préfecture,Assoli,Kara,Kara,,Hors levier,Auto-écoles,auto-écoles à ouvrir,2027,+1 an,1.0,"1,065 pour 100 000 habitants (écart 21)",0.0,0.0,0.0,auto-écoles agréées pour 100 000 habitants,1.37,1.37,73110.0,C,A1 §4 ; recensement 2022 ; projections de l'INSEED 2011-2031 ; variante (b) : croissance régionale 2010-2022,"auto-écoles de la collecte 2021-2022, activité non vérifiée ; cible gardée à sa valeur de 2022 (A1-3)",,
Préfecture,Assoli,Kara,Kara,,Hors levier,Remise en état,km à remettre en état,2027,+1 an,15.8,"14,35 % des km évalués en mauvais état (médiane de O3-02)",5.4,5.4,5.4,part des km évalués en mauvais état (%),21.77,14.32,73110.0,C,A1 §4 ; recensement 2022 ; projections de l'INSEED 2011-2031 ; variante (b) : croissance régionale 2010-2022,relevé de 2020 ; même valeur à chaque palier : aucune donnée ne mesure l’usure,,
Préfecture,Assoli,Kara,Kara,,Toutes,Accès rural,ruraux à plus de 2 km d’une route revêtue,2027,+1 an,,aucune (10 §4.6),40156.0,40156.0,40550.0,part des ruraux à moins de 2 km (%),14.73,,73110.0,C,A1 §4 ; recensement 2022 ; projections de l'INSEED 2011-2031 ; variante (b) : croissance régionale 2010-2022,"population rurale supposée uniforme dans la préfecture, comme au 10 ; aucune cible (10 §4.6)",,
Préfecture,Kozah,Kara,Kara,,Hors levier,Auto-écoles,auto-écoles à ouvrir,2027,+1 an,6.0,"1,065 pour 100 000 habitants (écart 21)",0.0,0.0,0.0,auto-écoles agréées pour 100 000 habitants,1.92,1.92,312441.0,C,A1 §4 ; recensement 2022 ; projections de l'INSEED 2011-2031 ; variante (b) : croissance régionale 2010-2022,"auto-écoles de la collecte 2021-2022, activité non vérifiée ; cible gardée à sa valeur de 2022 (A1-3)",,
Préfecture,Kozah,Kara,Kara,REC-R2,Levier du 08,Remise en état,km à remettre en état,2027,+1 an,37.6,"14,35 % des km évalués en mauvais état (médiane de O3-02)",14.4,14.4,14.4,part des km évalués en mauvais état (%),23.28,14.35,312441.0,C,A1 §4 ; recensement 2022 ; projections de l'INSEED 2011-2031 ; variante (b) : croissance régionale 2010-2022,relevé de 2020 ; même valeur à chaque palier : aucune donnée ne mesure l’usure,,
Préfecture,Kozah,Kara,Kara,,Toutes,Accès rural,ruraux à plus de 2 km d’une route revêtue,2027,+1 an,,aucune (10 §4.6),78711.0,78711.0,79484.0,part des ruraux à moins de 2 km (%),43.11,,312441.0,C,A1 §4 ; recensement 2022 ; projections de l'INSEED 2011-2031 ; variante (b) : croissance régionale 2010-2022,"population rurale supposée uniforme dans la préfecture, comme au 10 ; aucune cible (10 §4.6)",,
Préfecture,Cinkassé,Savanes,Savanes,,Hors levier,Auto-écoles,auto-écoles à ouvrir,2027,+1 an,1.0,"1,065 pour 100 000 habitants (écart 21)",1.0,1.0,1.0,auto-écoles agréées pour 100 000 habitants,0.68,1.36,146557.0,C,A1 §4 ; recensement 2022 ; projections de l'INSEED 2011-2031 ; variante (b) : croissance régionale 2010-2022,"auto-écoles de la collecte 2021-2022, activité non vérifiée ; cible gardée à sa valeur de 2022 (A1-3)",,
Préfecture,Cinkassé,Savanes,Savanes,,Hors levier,Remise en état,km à remettre en état,2027,+1 an,4.4,"14,35 % des km évalués en mauvais état (médiane de O3-02)",0.0,0.0,0.0,part des km évalués en mauvais état (%),12.12,12.12,146557.0,C,A1 §4 ; recensement 2022 ; projections de l'INSEED 2011-2031 ; variante (b) : croissance régionale 2010-2022,relevé de 2020 ; même valeur à chaque palier : aucune donnée ne mesure l’usure,,
Préfecture,Cinkassé,Savanes,Savanes,,Toutes,Accès rural,ruraux à plus de 2 km d’une route revêtue,2027,+1 an,,aucune (10 §4.6),55897.0,54693.0,55897.0,part des ruraux à moins de 2 km (%),31.81,,146557.0,C,A1 §4 ; recensement 2022 ; projections de l'INSEED 2011-2031 ; variante (b) : croissance régionale 2010-2022,"population rurale supposée uniforme dans la préfecture, comme au 10 ; aucune cible (10 §4.6)",,
Préfecture,Kéran,Kara,Kara,REC-F1,Levier du 08,Auto-écoles,auto-écoles à ouvrir,2027,+1 an,0.0,"1,065 pour 100 000 habitants (écart 21)",2.0,2.0,2.0,auto-écoles agréées pour 100 000 habitants,0.0,1.41,141705.0,C,A1 §4 ; recensement 2022 ; projections de l'INSEED 2011-2031 ; variante (b) : croissance régionale 2010-2022,"auto-écoles de la collecte 2021-2022, activité non vérifiée ; cible gardée à sa valeur de 2022 (A1-3)",,
Préfecture,Kéran,Kara,Kara,,Hors levier,Remise en état,km à remettre en état,2027,+1 an,0.2,"14,35 % des km évalués en mauvais état (médiane de O3-02)",0.0,0.0,0.0,part des km évalués en mauvais état (%),0.18,0.18,141705.0,C,A1 §4 ; recensement 2022 ; projections de l'INSEED 2011-2031 ; variante (b) : croissance régionale 2010-2022,relevé de 2020 ; même valeur à chaque palier : aucune donnée ne mesure l’usure,,
Préfecture,Kéran,Kara,Kara,,Toutes,Accès rural,ruraux à plus de 2 km d’une route revêtue,2027,+1 an,,aucune (10 §4.6),112554.0,112554.0,113660.0,part des ruraux à moins de 2 km (%),9.84,,141705.0,C,A1 §4 ; recensement 2022 ; projections de l'INSEED 2011-2031 ; variante (b) : croissance régionale 2010-2022,"population rurale supposée uniforme dans la préfecture, comme au 10 ; aucune cible (10 §4.6)",,
Préfecture,Tône,Savanes,Savanes,,Hors levier,Auto-écoles,auto-écoles à ouvrir,2027,+1 an,3.0,"1,065 pour 100 000 habitants (écart 21)",2.0,2.0,2.0,auto-écoles agréées pour 100 000 habitants,0.68,1.13,441828.0,C,A1 §4 ; recensement 2022 ; projections de l'INSEED 2011-2031 ; variante (b) : croissance régionale 2010-2022,"auto-écoles de la collecte 2021-2022, activité non vérifiée ; cible gardée à sa valeur de 2022 (A1-3)",,
Préfecture,Tône,Savanes,Savanes,,Hors levier,Remise en état,km à remettre en état,2027,+1 an,7.7,"14,35 % des km évalués en mauvais état (médiane de O3-02)",0.0,0.0,0.0,part des km évalués en mauvais état (%),9.15,9.15,441828.0,C,A1 §4 ; recensement 2022 ; projections de l'INSEED 2011-2031 ; variante (b) : croissance régionale 2010-2022,relevé de 2020 ; même valeur à chaque palier : aucune donnée ne mesure l’usure,,
Préfecture,Tône,Savanes,Savanes,,Toutes,Accès rural,ruraux à plus de 2 km d’une route revêtue,2027,+1 an,,aucune (10 §4.6),244972.0,239693.0,244972.0,part des ruraux à moins de 2 km (%),20.49,,441828.0,C,A1 §4 ; recensement 2022 ; projections de l'INSEED 2011-2031 ; variante (b) : croissance régionale 2010-2022,"population rurale supposée uniforme dans la préfecture, comme au 10 ; aucune cible (10 §4.6)",,
Préfecture,Dankpen,Kara,Kara,REC-F1,Levier du 08,Auto-écoles,auto-écoles à ouvrir,2027,+1 an,0.0,"1,065 pour 100 000 habitants (écart 21)",3.0,3.0,3.0,auto-écoles agréées pour 100 000 habitants,0.0,1.47,204444.0,C,A1 §4 ; recensement 2022 ; projections de l'INSEED 2011-2031 ; variante (b) : croissance régionale 2010-2022,"auto-écoles de la collecte 2021-2022, activité non vérifiée ; cible gardée à sa valeur de 2022 (A1-3)",,
Préfecture,Dankpen,Kara,Kara,,Hors levier,Remise en état,km à remettre en état,2027,+1 an,0.0,"14,35 % des km évalués en mauvais état (médiane de O3-02)",0.0,0.0,0.0,part des km évalués en mauvais état (%),0.0,0.0,204444.0,C,A1 §4 ; recensement 2022 ; projections de l'INSEED 2011-2031 ; variante (b) : croissance régionale 2010-2022,relevé de 2020 ; même valeur à chaque palier : aucune donnée ne mesure l’usure,,
Préfecture,Dankpen,Kara,Kara,,Toutes,Accès rural,ruraux à plus de 2 km d’une route revêtue,2027,+1 an,,aucune (10 §4.6),170131.0,170131.0,171802.0,part des ruraux à moins de 2 km (%),6.71,,204444.0,C,A1 §4 ; recensement 2022 ; projections de l'INSEED 2011-2031 ; variante (b) : croissance régionale 2010-2022,"population rurale supposée uniforme dans la préfecture, comme au 10 ; aucune cible (10 §4.6)",,
Préfecture,Moyen-Mono,Plateaux,Plateaux,REC-F1,Levier du 08,Auto-écoles,auto-écoles à ouvrir,2027,+1 an,0.0,"1,065 pour 100 000 habitants (écart 21)",2.0,2.0,2.0,auto-écoles agréées pour 100 000 habitants,0.0,2.07,96667.0,C,A1 §4 ; recensement 2022 ; projections de l'INSEED 2011-2031 ; variante (b) : croissance régionale 2010-2022,"auto-écoles de la collecte 2021-2022, activité non vérifiée ; cible gardée à sa valeur de 2022 (A1-3)",,
Préfecture,Moyen-Mono,Plateaux,Plateaux,,Hors levier,Remise en état,km à remettre en état,2027,+1 an,0.0,"14,35 % des km évalués en mauvais état (médiane de O3-02)",0.0,0.0,0.0,part des km évalués en mauvais état (%),0.0,0.0,96667.0,C,A1 §4 ; recensement 2022 ; projections de l'INSEED 2011-2031 ; variante (b) : croissance régionale 2010-2022,relevé de 2020 ; même valeur à chaque palier : aucune donnée ne mesure l’usure,,
Préfecture,Moyen-Mono,Plateaux,Plateaux,,Toutes,Accès rural,ruraux à plus de 2 km d’une route revêtue,2027,+1 an,,aucune (10 §4.6),80719.0,80719.0,84036.0,part des ruraux à moins de 2 km (%),7.8,,96667.0,C,A1 §4 ; recensement 2022 ; projections de l'INSEED 2011-2031 ; variante (b) : croissance régionale 2010-2022,"population rurale supposée uniforme dans la préfecture, comme au 10 ; aucune cible (10 §4.6)",,
Préfecture,Kpélé,Plateaux,Plateaux,,Hors levier,Auto-écoles,auto-écoles à ouvrir,2027,+1 an,1.0,"1,065 pour 100 000 habitants (écart 21)",0.0,0.0,0.0,auto-écoles agréées pour 100 000 habitants,1.16,1.16,86449.0,C,A1 §4 ; recensement 2022 ; projections de l'INSEED 2011-2031 ; variante (b) : croissance régionale 2010-2022,"auto-écoles de la collecte 2021-2022, activité non vérifiée ; cible gardée à sa valeur de 2022 (A1-3)",,
Préfecture,Kpélé,Plateaux,Plateaux,,Hors levier,Remise en état,km à remettre en état,2027,+1 an,5.9,"14,35 % des km évalués en mauvais état (médiane de O3-02)",0.0,0.0,0.0,part des km évalués en mauvais état (%),14.26,14.26,86449.0,C,A1 §4 ; recensement 2022 ; projections de l'INSEED 2011-2031 ; variante (b) : croissance régionale 2010-2022,relevé de 2020 ; même valeur à chaque palier : aucune donnée ne mesure l’usure,,
Préfecture,Kpélé,Plateaux,Plateaux,,Toutes,Accès rural,ruraux à plus de 2 km d’une route revêtue,2027,+1 an,,aucune (10 §4.6),58756.0,58756.0,61171.0,part des ruraux à moins de 2 km (%),16.39,,86449.0,C,A1 §4 ; recensement 2022 ; projections de l'INSEED 2011-2031 ; variante (b) : croissance régionale 2010-2022,"population rurale supposée uniforme dans la préfecture, comme au 10 ; aucune cible (10 §4.6)",,
Préfecture,Lacs,Maritime hors Grand Lomé,Maritime,,Hors levier,Auto-écoles,auto-écoles à ouvrir,2027,+1 an,2.0,"1,065 pour 100 000 habitants (écart 21)",1.0,1.0,1.0,auto-écoles agréées pour 100 000 habitants,0.73,1.1,272418.0,C,A1 §4 ; recensement 2022 ; projections de l'INSEED 2011-2031 ; variante (b) : croissance régionale 2010-2022,"auto-écoles de la collecte 2021-2022, activité non vérifiée ; cible gardée à sa valeur de 2022 (A1-3)",,
Préfecture,Lacs,Maritime hors Grand Lomé,Maritime,,Hors levier,Remise en état,km à remettre en état,2027,+1 an,7.7,"14,35 % des km évalués en mauvais état (médiane de O3-02)",0.0,0.0,0.0,part des km évalués en mauvais état (%),9.38,9.38,272418.0,C,A1 §4 ; recensement 2022 ; projections de l'INSEED 2011-2031 ; variante (b) : croissance régionale 2010-2022,relevé de 2020 ; même valeur à chaque palier : aucune donnée ne mesure l’usure,,
Préfecture,Lacs,Maritime hors Grand Lomé,Maritime,,Toutes,Accès rural,ruraux à plus de 2 km d’une route revêtue,2027,+1 an,,aucune (10 §4.6),130427.0,128436.0,130427.0,part des ruraux à moins de 2 km (%),45.78,,272418.0,C,A1 §4 ; recensement 2022 ; projections de l'INSEED 2011-2031 ; variante (b) : croissance régionale 2010-2022,"population rurale supposée uniforme dans la préfecture, comme au 10 ; aucune cible (10 §4.6)",,
Préfecture,Vo,Maritime hors Grand Lomé,Maritime,,Hors levier,Auto-écoles,auto-écoles à ouvrir,2027,+1 an,2.0,"1,065 pour 100 000 habitants (écart 21)",1.0,1.0,1.0,auto-écoles agréées pour 100 000 habitants,0.79,1.18,253407.0,C,A1 §4 ; recensement 2022 ; projections de l'INSEED 2011-2031 ; variante (b) : croissance régionale 2010-2022,"auto-écoles de la collecte 2021-2022, activité non vérifiée ; cible gardée à sa valeur de 2022 (A1-3)",,
Préfecture,Vo,Maritime hors Grand Lomé,Maritime,,Hors levier,Remise en état,km à remettre en état,2027,+1 an,2.9,"14,35 % des km évalués en mauvais état (médiane de O3-02)",0.0,0.0,0.0,part des km évalués en mauvais état (%),4.57,4.57,253407.0,C,A1 §4 ; recensement 2022 ; projections de l'INSEED 2011-2031 ; variante (b) : croissance régionale 2010-2022,relevé de 2020 ; même valeur à chaque palier : aucune donnée ne mesure l’usure,,
Préfecture,Vo,Maritime hors Grand Lomé,Maritime,,Toutes,Accès rural,ruraux à plus de 2 km d’une route revêtue,2027,+1 an,,aucune (10 §4.6),156896.0,154501.0,156896.0,part des ruraux à moins de 2 km (%),30.33,,253407.0,C,A1 §4 ; recensement 2022 ; projections de l'INSEED 2011-2031 ; variante (b) : croissance régionale 2010-2022,"population rurale supposée uniforme dans la préfecture, comme au 10 ; aucune cible (10 §4.6)",,
Préfecture,Golfe,Grand Lomé,Maritime,,Hors levier,Auto-écoles,auto-écoles à ouvrir,2027,+1 an,74.0,"1,065 pour 100 000 habitants (écart 21)",0.0,0.0,0.0,auto-écoles agréées pour 100 000 habitants,5.02,5.02,1474388.0,C,A1 §4 ; recensement 2022 ; projections de l'INSEED 2011-2031 ; variante (b) : croissance régionale 2010-2022,"auto-écoles de la collecte 2021-2022, activité non vérifiée ; cible gardée à sa valeur de 2022 (A1-3)",,
Préfecture,Golfe,Grand Lomé,Maritime,,Hors levier,Remise en état,km à remettre en état,2027,+1 an,0.3,"14,35 % des km évalués en mauvais état (médiane de O3-02)",0.0,0.0,0.0,part des km évalués en mauvais état (%),0.49,0.49,1474388.0,C,A1 §4 ; recensement 2022 ; projections de l'INSEED 2011-2031 ; variante (b) : croissance régionale 2010-2022,relevé de 2020 ; même valeur à chaque palier : aucune donnée ne mesure l’usure,,
Préfecture,Golfe,Grand Lomé,Maritime,,Toutes,Accès rural,ruraux à plus de 2 km d’une route revêtue,2027,+1 an,,aucune (10 §4.6),0.0,0.0,0.0,part des ruraux à moins de 2 km (%),,,1474388.0,C,A1 §4 ; recensement 2022 ; projections de l'INSEED 2011-2031 ; variante (b) : croissance régionale 2010-2022,"population rurale supposée uniforme dans la préfecture, comme au 10 ; aucune cible (10 §4.6)",,
Préfecture,Mô,Centrale,Centrale,REC-F1,Levier du 08,Auto-écoles,auto-écoles à ouvrir,2027,+1 an,0.0,"1,065 pour 100 000 habitants (écart 21)",1.0,1.0,1.0,auto-écoles agréées pour 100 000 habitants,0.0,1.73,57895.0,C,A1 §4 ; recensement 2022 ; projections de l'INSEED 2011-2031 ; variante (b) : croissance régionale 2010-2022,"auto-écoles de la collecte 2021-2022, activité non vérifiée ; cible gardée à sa valeur de 2022 (A1-3)",,
Préfecture,Mô,Centrale,Centrale,,Hors levier,Remise en état,km à remettre en état,2027,+1 an,0.0,"14,35 % des km évalués en mauvais état (médiane de O3-02)",0.0,0.0,0.0,part des km évalués en mauvais état (%),,,57895.0,C,A1 §4 ; recensement 2022 ; projections de l'INSEED 2011-2031 ; variante (b) : croissance régionale 2010-2022,relevé de 2020 ; même valeur à chaque palier : aucune donnée ne mesure l’usure,,
Préfecture,Mô,Centrale,Centrale,,Toutes,Accès rural,ruraux à plus de 2 km d’une route revêtue,2027,+1 an,,aucune (10 §4.6),48940.0,48940.0,49299.0,part des ruraux à moins de 2 km (%),0.0,,57895.0,C,A1 §4 ; recensement 2022 ; projections de l'INSEED 2011-2031 ; variante (b) : croissance régionale 2010-2022,"population rurale supposée uniforme dans la préfecture, comme au 10 ; aucune cible (10 §4.6)",,
Préfecture,Mô,Centrale,Centrale,REC-R4,Levier du 10,Desserte de Mô,km de routes classées,2027,+1 an,0.0,"5,39 km pour 10 000 habitants (écart 28)",31.2,31.2,31.4,km de routes classées pour 10 000 habitants,0.0,5.39,57895.0,C,A1 §4 ; recensement 2022 ; projections de l'INSEED 2011-2031 ; variante (b) : croissance régionale 2010-2022,ordre de grandeur derrière une vérification (REC-R4),,
Préfecture,Danyi,Plateaux,Plateaux,REC-F1,Levier du 08,Auto-écoles,auto-écoles à ouvrir,2029,+3 ans,0.0,"1,065 pour 100 000 habitants (écart 21)",1.0,1.0,1.0,auto-écoles agréées pour 100 000 habitants,0.0,2.27,44081.0,C,A1 §4 ; recensement 2022 ; projections de l'INSEED 2011-2031 ; variante (b) : croissance régionale 2010-2022,"auto-écoles de la collecte 2021-2022, activité non vérifiée ; cible gardée à sa valeur de 2022 (A1-3)",,
Préfecture,Danyi,Plateaux,Plateaux,REC-R1,Levier du 08,Remise en état,km à remettre en état,2029,+3 ans,49.8,"14,35 % des km évalués en mauvais état (médiane de O3-02)",42.7,42.7,42.7,part des km évalués en mauvais état (%),100.0,14.28,44081.0,C,A1 §4 ; recensement 2022 ; projections de l'INSEED 2011-2031 ; variante (b) : croissance régionale 2010-2022,relevé de 2020 ; même valeur à chaque palier : aucune donnée ne mesure l’usure,,
Préfecture,Danyi,Plateaux,Plateaux,,Toutes,Accès rural,ruraux à plus de 2 km d’une route revêtue,2029,+3 ans,,aucune (10 §4.6),27388.0,27388.0,28980.0,part des ruraux à moins de 2 km (%),25.52,,44081.0,C,A1 §4 ; recensement 2022 ; projections de l'INSEED 2011-2031 ; variante (b) : croissance régionale 2010-2022,"population rurale supposée uniforme dans la préfecture, comme au 10 ; aucune cible (10 §4.6)",,
Préfecture,Blitta,Centrale,Centrale,REC-F2,Levier du 08,Auto-écoles,auto-écoles à ouvrir,2029,+3 ans,0.0,"1,065 pour 100 000 habitants (écart 21)",2.0,2.0,3.0,auto-écoles agréées pour 100 000 habitants,0.0,1.07,187302.0,C,A1 §4 ; recensement 2022 ; projections de l'INSEED 2011-2031 ; variante (b) : croissance régionale 2010-2022,"auto-écoles de la collecte 2021-2022, activité non vérifiée ; cible gardée à sa valeur de 2022 (A1-3)",,
Préfecture,Blitta,Centrale,Centrale,REC-R1,Levier du 08,Remise en état,km à remettre en état,2029,+3 ans,69.0,"14,35 % des km évalués en mauvais état (médiane de O3-02)",54.5,54.5,54.5,part des km évalués en mauvais état (%),68.24,14.33,187302.0,C,A1 §4 ; recensement 2022 ; projections de l'INSEED 2011-2031 ; variante (b) : croissance régionale 2010-2022,relevé de 2020 ; même valeur à chaque palier : aucune donnée ne mesure l’usure,,
Préfecture,Blitta,Centrale,Centrale,,Toutes,Accès rural,ruraux à plus de 2 km d’une route revêtue,2029,+3 ans,,aucune (10 §4.6),148992.0,148992.0,150549.0,part des ruraux à moins de 2 km (%),14.75,,187302.0,C,A1 §4 ; recensement 2022 ; projections de l'INSEED 2011-2031 ; variante (b) : croissance régionale 2010-2022,"population rurale supposée uniforme dans la préfecture, comme au 10 ; aucune cible (10 §4.6)",,
Préfecture,Agou,Plateaux,Plateaux,REC-F2,Levier du 08,Auto-écoles,auto-écoles à ouvrir,2029,+3 ans,0.0,"1,065 pour 100 000 habitants (écart 21)",2.0,2.0,2.0,auto-écoles agréées pour 100 000 habitants,0.0,2.13,93983.0,C,A1 §4 ; recensement 2022 ; projections de l'INSEED 2011-2031 ; variante (b) : croissance régionale 2010-2022,"auto-écoles de la collecte 2021-2022, activité non vérifiée ; cible gardée à sa valeur de 2022 (A1-3)",,
Préfecture,Agou,Plateaux,Plateaux,REC-R1,Levier du 08,Remise en état,km à remettre en état,2029,+3 ans,49.6,"14,35 % des km évalués en mauvais état (médiane de O3-02)",31.8,31.8,31.8,part des km évalués en mauvais état (%),39.97,14.34,93983.0,C,A1 §4 ; recensement 2022 ; projections de l'INSEED 2011-2031 ; variante (b) : croissance régionale 2010-2022,relevé de 2020 ; même valeur à chaque palier : aucune donnée ne mesure l’usure,,
Préfecture,Agou,Plateaux,Plateaux,,Toutes,Accès rural,ruraux à plus de 2 km d’une route revêtue,2029,+3 ans,,aucune (10 §4.6),66183.0,66183.0,70031.0,part des ruraux à moins de 2 km (%),25.63,,93983.0,C,A1 §4 ; recensement 2022 ; projections de l'INSEED 2011-2031 ; variante (b) : croissance régionale 2010-2022,"population rurale supposée uniforme dans la préfecture, comme au 10 ; aucune cible (10 §4.6)",,
Préfecture,Tchamba,Centrale,Centrale,REC-F2,Levier du 08,Auto-écoles,auto-écoles à ouvrir,2029,+3 ans,0.0,"1,065 pour 100 000 habitants (écart 21)",3.0,3.0,3.0,auto-écoles agréées pour 100 000 habitants,0.0,1.3,230106.0,C,A1 §4 ; recensement 2022 ; projections de l'INSEED 2011-2031 ; variante (b) : croissance régionale 2010-2022,"auto-écoles de la collecte 2021-2022, activité non vérifiée ; cible gardée à sa valeur de 2022 (A1-3)",,
Préfecture,Tchamba,Centrale,Centrale,REC-R1,Levier du 08,Remise en état,km à remettre en état,2029,+3 ans,41.0,"14,35 % des km évalués en mauvais état (médiane de O3-02)",23.7,23.7,23.7,part des km évalués en mauvais état (%),34.04,14.34,230106.0,C,A1 §4 ; recensement 2022 ; projections de l'INSEED 2011-2031 ; variante (b) : croissance régionale 2010-2022,relevé de 2020 ; même valeur à chaque palier : aucune donnée ne mesure l’usure,,
Préfecture,Tchamba,Centrale,Centrale,,Toutes,Accès rural,ruraux à plus de 2 km d’une route revêtue,2029,+3 ans,,aucune (10 §4.6),162504.0,162504.0,164203.0,part des ruraux à moins de 2 km (%),13.84,,230106.0,C,A1 §4 ; recensement 2022 ; projections de l'INSEED 2011-2031 ; variante (b) : croissance régionale 2010-2022,"population rurale supposée uniforme dans la préfecture, comme au 10 ; aucune cible (10 §4.6)",,
Préfecture,Bassar,Kara,Kara,REC-F2,Levier du 08,Auto-écoles,auto-écoles à ouvrir,2029,+3 ans,0.0,"1,065 pour 100 000 habitants (écart 21)",2.0,2.0,2.0,auto-écoles agréées pour 100 000 habitants,0.0,1.15,173848.0,C,A1 §4 ; recensement 2022 ; projections de l'INSEED 2011-2031 ; variante (b) : croissance régionale 2010-2022,"auto-écoles de la collecte 2021-2022, activité non vérifiée ; cible gardée à sa valeur de 2022 (A1-3)",,
Préfecture,Bassar,Kara,Kara,REC-R1,Levier du 08,Remise en état,km à remettre en état,2029,+3 ans,46.9,"14,35 % des km évalués en mauvais état (médiane de O3-02)",22.9,22.9,22.9,part des km évalués en mauvais état (%),28.01,14.33,173848.0,C,A1 §4 ; recensement 2022 ; projections de l'INSEED 2011-2031 ; variante (b) : croissance régionale 2010-2022,relevé de 2020 ; même valeur à chaque palier : aucune donnée ne mesure l’usure,,
Préfecture,Bassar,Kara,Kara,,Toutes,Accès rural,ruraux à plus de 2 km d’une route revêtue,2029,+3 ans,,aucune (10 §4.6),117709.0,117709.0,119347.0,part des ruraux à moins de 2 km (%),13.41,,173848.0,C,A1 §4 ; recensement 2022 ; projections de l'INSEED 2011-2031 ; variante (b) : croissance régionale 2010-2022,"population rurale supposée uniforme dans la préfecture, comme au 10 ; aucune cible (10 §4.6)",,
Préfecture,Oti,Savanes,Savanes,REC-F2,Levier du 08,Auto-écoles,auto-écoles à ouvrir,2029,+3 ans,0.0,"1,065 pour 100 000 habitants (écart 21)",2.0,2.0,2.0,auto-écoles agréées pour 100 000 habitants,0.0,1.34,149179.0,C,A1 §4 ; recensement 2022 ; projections de l'INSEED 2011-2031 ; variante (b) : croissance régionale 2010-2022,"auto-écoles de la collecte 2021-2022, activité non vérifiée ; cible gardée à sa valeur de 2022 (A1-3)",,
Préfecture,Oti,Savanes,Savanes,,Hors levier,Remise en état,km à remettre en état,2029,+3 ans,29.7,"14,35 % des km évalués en mauvais état (médiane de O3-02)",9.6,9.6,9.6,part des km évalués en mauvais état (%),21.15,14.32,149179.0,C,A1 §4 ; recensement 2022 ; projections de l'INSEED 2011-2031 ; variante (b) : croissance régionale 2010-2022,relevé de 2020 ; même valeur à chaque palier : aucune donnée ne mesure l’usure,,
Préfecture,Oti,Savanes,Savanes,,Toutes,Accès rural,ruraux à plus de 2 km d’une route revêtue,2029,+3 ans,,aucune (10 §4.6),93156.0,90371.0,93156.0,part des ruraux à moins de 2 km (%),13.43,,149179.0,C,A1 §4 ; recensement 2022 ; projections de l'INSEED 2011-2031 ; variante (b) : croissance régionale 2010-2022,"population rurale supposée uniforme dans la préfecture, comme au 10 ; aucune cible (10 §4.6)",,
Préfecture,Bas-Mono,Maritime hors Grand Lomé,Maritime,REC-F2,Levier du 08,Auto-écoles,auto-écoles à ouvrir,2029,+3 ans,0.0,"1,065 pour 100 000 habitants (écart 21)",2.0,2.0,2.0,auto-écoles agréées pour 100 000 habitants,0.0,1.78,112335.0,C,A1 §4 ; recensement 2022 ; projections de l'INSEED 2011-2031 ; variante (b) : croissance régionale 2010-2022,"auto-écoles de la collecte 2021-2022, activité non vérifiée ; cible gardée à sa valeur de 2022 (A1-3)",,
Préfecture,Bas-Mono,Maritime hors Grand Lomé,Maritime,,Hors levier,Remise en état,km à remettre en état,2029,+3 ans,7.6,"14,35 % des km évalués en mauvais état (médiane de O3-02)",2.4,2.4,2.4,part des km évalués en mauvais état (%),21.14,14.44,112335.0,C,A1 §4 ; recensement 2022 ; projections de l'INSEED 2011-2031 ; variante (b) : croissance régionale 2010-2022,relevé de 2020 ; même valeur à chaque palier : aucune donnée ne mesure l’usure,,
Préfecture,Bas-Mono,Maritime hors Grand Lomé,Maritime,,Toutes,Accès rural,ruraux à plus de 2 km d’une route revêtue,2029,+3 ans,,aucune (10 §4.6),84829.0,83034.0,84829.0,part des ruraux à moins de 2 km (%),12.44,,112335.0,C,A1 §4 ; recensement 2022 ; projections de l'INSEED 2011-2031 ; variante (b) : croissance régionale 2010-2022,"population rurale supposée uniforme dans la préfecture, comme au 10 ; aucune cible (10 §4.6)",,
Préfecture,Est-Mono,Plateaux,Plateaux,REC-F1,Levier du 08,Auto-écoles,auto-écoles à ouvrir,2029,+3 ans,0.0,"1,065 pour 100 000 habitants (écart 21)",2.0,2.0,3.0,auto-écoles agréées pour 100 000 habitants,0.0,1.11,180159.0,C,A1 §4 ; recensement 2022 ; projections de l'INSEED 2011-2031 ; variante (b) : croissance régionale 2010-2022,"auto-écoles de la collecte 2021-2022, activité non vérifiée ; cible gardée à sa valeur de 2022 (A1-3)",,
Préfecture,Est-Mono,Plateaux,Plateaux,,Hors levier,Remise en état,km à remettre en état,2029,+3 ans,19.0,"14,35 % des km évalués en mauvais état (médiane de O3-02)",3.1,3.1,3.1,part des km évalués en mauvais état (%),17.15,14.35,180159.0,C,A1 §4 ; recensement 2022 ; projections de l'INSEED 2011-2031 ; variante (b) : croissance régionale 2010-2022,relevé de 2020 ; même valeur à chaque palier : aucune donnée ne mesure l’usure,,
Préfecture,Est-Mono,Plateaux,Plateaux,,Toutes,Accès rural,ruraux à plus de 2 km d’une route revêtue,2029,+3 ans,,aucune (10 §4.6),165161.0,165161.0,174766.0,part des ruraux à moins de 2 km (%),1.64,,180159.0,C,A1 §4 ; recensement 2022 ; projections de l'INSEED 2011-2031 ; variante (b) : croissance régionale 2010-2022,"population rurale supposée uniforme dans la préfecture, comme au 10 ; aucune cible (10 §4.6)",,
Préfecture,Oti-Sud,Savanes,Savanes,REC-F1,Levier du 08,Auto-écoles,auto-écoles à ouvrir,2029,+3 ans,0.0,"1,065 pour 100 000 habitants (écart 21)",2.0,2.0,2.0,auto-écoles agréées pour 100 000 habitants,0.0,1.11,179682.0,C,A1 §4 ; recensement 2022 ; projections de l'INSEED 2011-2031 ; variante (b) : croissance régionale 2010-2022,"auto-écoles de la collecte 2021-2022, activité non vérifiée ; cible gardée à sa valeur de 2022 (A1-3)",,
Préfecture,Oti-Sud,Savanes,Savanes,,Hors levier,Remise en état,km à remettre en état,2029,+3 ans,19.0,"14,35 % des km évalués en mauvais état (médiane de O3-02)",0.1,0.1,0.1,part des km évalués en mauvais état (%),14.4,14.32,179682.0,C,A1 §4 ; recensement 2022 ; projections de l'INSEED 2011-2031 ; variante (b) : croissance régionale 2010-2022,relevé de 2020 ; même valeur à chaque palier : aucune donnée ne mesure l’usure,,
Préfecture,Oti-Sud,Savanes,Savanes,,Toutes,Accès rural,ruraux à plus de 2 km d’une route revêtue,2029,+3 ans,,aucune (10 §4.6),144385.0,140069.0,144385.0,part des ruraux à moins de 2 km (%),9.84,,179682.0,C,A1 §4 ; recensement 2022 ; projections de l'INSEED 2011-2031 ; variante (b) : croissance régionale 2010-2022,"population rurale supposée uniforme dans la préfecture, comme au 10 ; aucune cible (10 §4.6)",,
Préfecture,Tchaoudjo,Centrale,Centrale,,Hors levier,Auto-écoles,auto-écoles à ouvrir,2029,+3 ans,2.0,"1,065 pour 100 000 habitants (écart 21)",1.0,1.0,1.0,auto-écoles agréées pour 100 000 habitants,0.73,1.09,275735.0,C,A1 §4 ; recensement 2022 ; projections de l'INSEED 2011-2031 ; variante (b) : croissance régionale 2010-2022,"auto-écoles de la collecte 2021-2022, activité non vérifiée ; cible gardée à sa valeur de 2022 (A1-3)",,
Préfecture,Tchaoudjo,Centrale,Centrale,REC-R2,Levier du 08,Remise en état,km à remettre en état,2029,+3 ans,46.3,"14,35 % des km évalués en mauvais état (médiane de O3-02)",28.3,28.3,28.3,part des km évalués en mauvais état (%),36.87,14.34,275735.0,C,A1 §4 ; recensement 2022 ; projections de l'INSEED 2011-2031 ; variante (b) : croissance régionale 2010-2022,relevé de 2020 ; même valeur à chaque palier : aucune donnée ne mesure l’usure,,
Préfecture,Tchaoudjo,Centrale,Centrale,,Toutes,Accès rural,ruraux à plus de 2 km d’une route revêtue,2029,+3 ans,,aucune (10 §4.6),117808.0,117808.0,119039.0,part des ruraux à moins de 2 km (%),17.79,,275735.0,C,A1 §4 ; recensement 2022 ; projections de l'INSEED 2011-2031 ; variante (b) : croissance régionale 2010-2022,"population rurale supposée uniforme dans la préfecture, comme au 10 ; aucune cible (10 §4.6)",,
Préfecture,Haho,Plateaux,Plateaux,REC-F1,Levier du 08,Auto-écoles,auto-écoles à ouvrir,2029,+3 ans,0.0,"1,065 pour 100 000 habitants (écart 21)",4.0,4.0,4.0,auto-écoles agréées pour 100 000 habitants,0.0,1.2,334220.0,C,A1 §4 ; recensement 2022 ; projections de l'INSEED 2011-2031 ; variante (b) : croissance régionale 2010-2022,"auto-écoles de la collecte 2021-2022, activité non vérifiée ; cible gardée à sa valeur de 2022 (A1-3)",,
Préfecture,Haho,Plateaux,Plateaux,,Hors levier,Remise en état,km à remettre en état,2029,+3 ans,14.3,"14,35 % des km évalués en mauvais état (médiane de O3-02)",0.0,0.0,0.0,part des km évalués en mauvais état (%),11.46,11.46,334220.0,C,A1 §4 ; recensement 2022 ; projections de l'INSEED 2011-2031 ; variante (b) : croissance régionale 2010-2022,relevé de 2020 ; même valeur à chaque palier : aucune donnée ne mesure l’usure,,
Préfecture,Haho,Plateaux,Plateaux,,Toutes,Accès rural,ruraux à plus de 2 km d’une route revêtue,2029,+3 ans,,aucune (10 §4.6),245590.0,245590.0,259872.0,part des ruraux à moins de 2 km (%),12.41,,334220.0,C,A1 §4 ; recensement 2022 ; projections de l'INSEED 2011-2031 ; variante (b) : croissance régionale 2010-2022,"population rurale supposée uniforme dans la préfecture, comme au 10 ; aucune cible (10 §4.6)",,
Préfecture,Ogou,Plateaux,Plateaux,,Hors levier,Auto-écoles,auto-écoles à ouvrir,2029,+3 ans,2.0,"1,065 pour 100 000 habitants (écart 21)",1.0,1.0,2.0,auto-écoles agréées pour 100 000 habitants,0.72,1.08,277662.0,C,A1 §4 ; recensement 2022 ; projections de l'INSEED 2011-2031 ; variante (b) : croissance régionale 2010-2022,"auto-écoles de la collecte 2021-2022, activité non vérifiée ; cible gardée à sa valeur de 2022 (A1-3)",,
Préfecture,Ogou,Plateaux,Plateaux,REC-R2,Levier du 08,Remise en état,km à remettre en état,2029,+3 ans,30.9,"14,35 % des km évalués en mauvais état (médiane de O3-02)",14.6,14.6,14.6,part des km évalués en mauvais état (%),27.23,14.36,277662.0,C,A1 §4 ; recensement 2022 ; projections de l'INSEED 2011-2031 ; variante (b) : croissance régionale 2010-2022,relevé de 2020 ; même valeur à chaque palier : aucune donnée ne mesure l’usure,,
Préfecture,Ogou,Plateaux,Plateaux,,Toutes,Accès rural,ruraux à plus de 2 km d’une route revêtue,2029,+3 ans,,aucune (10 §4.6),149354.0,149354.0,158040.0,part des ruraux à moins de 2 km (%),12.19,,277662.0,C,A1 §4 ; recensement 2022 ; projections de l'INSEED 2011-2031 ; variante (b) : croissance régionale 2010-2022,"population rurale supposée uniforme dans la préfecture, comme au 10 ; aucune cible (10 §4.6)",,
Préfecture,Anié,Plateaux,Plateaux,,Hors levier,Auto-écoles,auto-écoles à ouvrir,2029,+3 ans,1.0,"1,065 pour 100 000 habitants (écart 21)",2.0,2.0,2.0,auto-écoles agréées pour 100 000 habitants,0.51,1.52,197355.0,C,A1 §4 ; recensement 2022 ; projections de l'INSEED 2011-2031 ; variante (b) : croissance régionale 2010-2022,"auto-écoles de la collecte 2021-2022, activité non vérifiée ; cible gardée à sa valeur de 2022 (A1-3)",,
Préfecture,Anié,Plateaux,Plateaux,REC-R2,Levier du 08,Remise en état,km à remettre en état,2029,+3 ans,9.3,"14,35 % des km évalués en mauvais état (médiane de O3-02)",3.5,3.5,3.5,part des km évalués en mauvais état (%),23.01,14.32,197355.0,C,A1 §4 ; recensement 2022 ; projections de l'INSEED 2011-2031 ; variante (b) : croissance régionale 2010-2022,relevé de 2020 ; même valeur à chaque palier : aucune donnée ne mesure l’usure,,
Préfecture,Anié,Plateaux,Plateaux,,Toutes,Accès rural,ruraux à plus de 2 km d’une route revêtue,2029,+3 ans,,aucune (10 §4.6),123708.0,123708.0,130902.0,part des ruraux à moins de 2 km (%),5.17,,197355.0,C,A1 §4 ; recensement 2022 ; projections de l'INSEED 2011-2031 ; variante (b) : croissance régionale 2010-2022,"population rurale supposée uniforme dans la préfecture, comme au 10 ; aucune cible (10 §4.6)",,
Préfecture,Yoto,Maritime hors Grand Lomé,Maritime,REC-F2,Levier du 08,Auto-écoles,auto-écoles à ouvrir,2029,+3 ans,0.0,"1,065 pour 100 000 habitants (écart 21)",3.0,3.0,3.0,auto-écoles agréées pour 100 000 habitants,0.0,1.45,207063.0,C,A1 §4 ; recensement 2022 ; projections de l'INSEED 2011-2031 ; variante (b) : croissance régionale 2010-2022,"auto-écoles de la collecte 2021-2022, activité non vérifiée ; cible gardée à sa valeur de 2022 (A1-3)",,
Préfecture,Yoto,Maritime hors Grand Lomé,Maritime,,Hors levier,Remise en état,km à remettre en état,2029,+3 ans,4.7,"14,35 % des km évalués en mauvais état (médiane de O3-02)",0.0,0.0,0.0,part des km évalués en mauvais état (%),8.09,8.09,207063.0,C,A1 §4 ; recensement 2022 ; projections de l'INSEED 2011-2031 ; variante (b) : croissance régionale 2010-2022,relevé de 2020 ; même valeur à chaque palier : aucune donnée ne mesure l’usure,,
Préfecture,Yoto,Maritime hors Grand Lomé,Maritime,,Toutes,Accès rural,ruraux à plus de 2 km d’une route revêtue,2029,+3 ans,,aucune (10 §4.6),147030.0,143918.0,147030.0,part des ruraux à moins de 2 km (%),9.96,,207063.0,C,A1 §4 ; recensement 2022 ; projections de l'INSEED 2011-2031 ; variante (b) : croissance régionale 2010-2022,"population rurale supposée uniforme dans la préfecture, comme au 10 ; aucune cible (10 §4.6)",,
Préfecture,Akébou,Plateaux,Plateaux,REC-F1,Levier du 08,Auto-écoles,auto-écoles à ouvrir,2029,+3 ans,0.0,"1,065 pour 100 000 habitants (écart 21)",1.0,1.0,1.0,auto-écoles agréées pour 100 000 habitants,0.0,1.24,80878.0,C,A1 §4 ; recensement 2022 ; projections de l'INSEED 2011-2031 ; variante (b) : croissance régionale 2010-2022,"auto-écoles de la collecte 2021-2022, activité non vérifiée ; cible gardée à sa valeur de 2022 (A1-3)",,
Préfecture,Akébou,Plateaux,Plateaux,,Hors levier,Remise en état,km à remettre en état,2029,+3 ans,0.5,"14,35 % des km évalués en mauvais état (médiane de O3-02)",0.0,0.0,0.0,part des km évalués en mauvais état (%),7.85,7.85,80878.0,C,A1 §4 ; recensement 2022 ; projections de l'INSEED 2011-2031 ; variante (b) : croissance régionale 2010-2022,relevé de 2020 ; même valeur à chaque palier : aucune donnée ne mesure l’usure,,
Préfecture,Akébou,Plateaux,Plateaux,,Toutes,Accès rural,ruraux à plus de 2 km d’une route revêtue,2029,+3 ans,,aucune (10 §4.6),71806.0,71806.0,75981.0,part des ruraux à moins de 2 km (%),0.55,,80878.0,C,A1 §4 ; recensement 2022 ; projections de l'INSEED 2011-2031 ; variante (b) : croissance régionale 2010-2022,"population rurale supposée uniforme dans la préfecture, comme au 10 ; aucune cible (10 §4.6)",,
Préfecture,Kloto,Plateaux,Plateaux,,Hors levier,Auto-écoles,auto-écoles à ouvrir,2029,+3 ans,3.0,"1,065 pour 100 000 habitants (écart 21)",0.0,0.0,0.0,auto-écoles agréées pour 100 000 habitants,1.88,1.88,159921.0,C,A1 §4 ; recensement 2022 ; projections de l'INSEED 2011-2031 ; variante (b) : croissance régionale 2010-2022,"auto-écoles de la collecte 2021-2022, activité non vérifiée ; cible gardée à sa valeur de 2022 (A1-3)",,
Préfecture,Kloto,Plateaux,Plateaux,REC-R2,Levier du 08,Remise en état,km à remettre en état,2029,+3 ans,49.1,"14,35 % des km évalués en mauvais état (médiane de O3-02)",38.2,38.2,38.2,part des km évalués en mauvais état (%),64.97,14.41,159921.0,C,A1 §4 ; recensement 2022 ; projections de l'INSEED 2011-2031 ; variante (b) : croissance régionale 2010-2022,relevé de 2020 ; même valeur à chaque palier : aucune donnée ne mesure l’usure,,
Préfecture,Kloto,Plateaux,Plateaux,,Toutes,Accès rural,ruraux à plus de 2 km d’une route revêtue,2029,+3 ans,,aucune (10 §4.6),37252.0,37252.0,39418.0,part des ruraux à moins de 2 km (%),41.88,,159921.0,C,A1 §4 ; recensement 2022 ; projections de l'INSEED 2011-2031 ; variante (b) : croissance régionale 2010-2022,"population rurale supposée uniforme dans la préfecture, comme au 10 ; aucune cible (10 §4.6)",,
Préfecture,Kpendjal-Ouest,Savanes,Savanes,REC-F1,Levier du 08,Auto-écoles,auto-écoles à ouvrir,2029,+3 ans,0.0,"1,065 pour 100 000 habitants (écart 21)",2.0,2.0,2.0,auto-écoles agréées pour 100 000 habitants,0.0,1.36,147365.0,C,A1 §4 ; recensement 2022 ; projections de l'INSEED 2011-2031 ; variante (b) : croissance régionale 2010-2022,"auto-écoles de la collecte 2021-2022, activité non vérifiée ; cible gardée à sa valeur de 2022 (A1-3)",,
Préfecture,Kpendjal-Ouest,Savanes,Savanes,,Hors levier,Remise en état,km à remettre en état,2029,+3 ans,2.7,"14,35 % des km évalués en mauvais état (médiane de O3-02)",0.0,0.0,0.0,part des km évalués en mauvais état (%),5.97,5.97,147365.0,C,A1 §4 ; recensement 2022 ; projections de l'INSEED 2011-2031 ; variante (b) : croissance régionale 2010-2022,relevé de 2020 ; même valeur à chaque palier : aucune donnée ne mesure l’usure,,
Préfecture,Kpendjal-Ouest,Savanes,Savanes,,Toutes,Accès rural,ruraux à plus de 2 km d’une route revêtue,2029,+3 ans,,aucune (10 §4.6),111742.0,108401.0,111742.0,part des ruraux à moins de 2 km (%),20.04,,147365.0,C,A1 §4 ; recensement 2022 ; projections de l'INSEED 2011-2031 ; variante (b) : croissance régionale 2010-2022,"population rurale supposée uniforme dans la préfecture, comme au 10 ; aucune cible (10 §4.6)",,
Préfecture,Kpendjal,Savanes,Savanes,REC-F1,Levier du 08,Auto-écoles,auto-écoles à ouvrir,2029,+3 ans,0.0,"1,065 pour 100 000 habitants (écart 21)",2.0,2.0,2.0,auto-écoles agréées pour 100 000 habitants,0.0,1.89,105586.0,C,A1 §4 ; recensement 2022 ; projections de l'INSEED 2011-2031 ; variante (b) : croissance régionale 2010-2022,"auto-écoles de la collecte 2021-2022, activité non vérifiée ; cible gardée à sa valeur de 2022 (A1-3)",,
Préfecture,Kpendjal,Savanes,Savanes,,Hors levier,Remise en état,km à remettre en état,2029,+3 ans,3.0,"14,35 % des km évalués en mauvais état (médiane de O3-02)",0.0,0.0,0.0,part des km évalués en mauvais état (%),5.21,5.21,105586.0,C,A1 §4 ; recensement 2022 ; projections de l'INSEED 2011-2031 ; variante (b) : croissance régionale 2010-2022,relevé de 2020 ; même valeur à chaque palier : aucune donnée ne mesure l’usure,,
Préfecture,Kpendjal,Savanes,Savanes,,Toutes,Accès rural,ruraux à plus de 2 km d’une route revêtue,2029,+3 ans,,aucune (10 §4.6),82324.0,79862.0,82324.0,part des ruraux à moins de 2 km (%),14.56,,105586.0,C,A1 §4 ; recensement 2022 ; projections de l'INSEED 2011-2031 ; variante (b) : croissance régionale 2010-2022,"population rurale supposée uniforme dans la préfecture, comme au 10 ; aucune cible (10 §4.6)",,
Préfecture,Zio,Maritime hors Grand Lomé,Maritime,,Hors levier,Auto-écoles,auto-écoles à ouvrir,2029,+3 ans,1.0,"1,065 pour 100 000 habitants (écart 21)",6.0,6.0,6.0,auto-écoles agréées pour 100 000 habitants,0.17,1.18,592150.0,C,A1 §4 ; recensement 2022 ; projections de l'INSEED 2011-2031 ; variante (b) : croissance régionale 2010-2022,"auto-écoles de la collecte 2021-2022, activité non vérifiée ; cible gardée à sa valeur de 2022 (A1-3)",,
Préfecture,Zio,Maritime hors Grand Lomé,Maritime,,Hors levier,Remise en état,km à remettre en état,2029,+3 ans,16.6,"14,35 % des km évalués en mauvais état (médiane de O3-02)",2.7,2.7,2.7,part des km évalués en mauvais état (%),17.17,14.37,592150.0,C,A1 §4 ; recensement 2022 ; projections de l'INSEED 2011-2031 ; variante (b) : croissance régionale 2010-2022,relevé de 2020 ; même valeur à chaque palier : aucune donnée ne mesure l’usure,,
Préfecture,Zio,Maritime hors Grand Lomé,Maritime,,Toutes,Accès rural,ruraux à plus de 2 km d’une route revêtue,2029,+3 ans,,aucune (10 §4.6),424963.0,415970.0,424963.0,part des ruraux à moins de 2 km (%),15.2,,592150.0,C,A1 §4 ; recensement 2022 ; projections de l'INSEED 2011-2031 ; variante (b) : croissance régionale 2010-2022,"population rurale supposée uniforme dans la préfecture, comme au 10 ; aucune cible (10 §4.6)",,
Préfecture,Wawa,Plateaux,Plateaux,,Hors levier,Auto-écoles,auto-écoles à ouvrir,2029,+3 ans,2.0,"1,065 pour 100 000 habitants (écart 21)",0.0,0.0,0.0,auto-écoles agréées pour 100 000 habitants,1.8,1.8,110970.0,C,A1 §4 ; recensement 2022 ; projections de l'INSEED 2011-2031 ; variante (b) : croissance régionale 2010-2022,"auto-écoles de la collecte 2021-2022, activité non vérifiée ; cible gardée à sa valeur de 2022 (A1-3)",,
Préfecture,Wawa,Plateaux,Plateaux,REC-R2,Levier du 08,Remise en état,km à remettre en état,2029,+3 ans,38.3,"14,35 % des km évalués en mauvais état (médiane de O3-02)",19.7,19.7,19.7,part des km évalués en mauvais état (%),29.48,14.31,110970.0,C,A1 §4 ; recensement 2022 ; projections de l'INSEED 2011-2031 ; variante (b) : croissance régionale 2010-2022,relevé de 2020 ; même valeur à chaque palier : aucune donnée ne mesure l’usure,,
Préfecture,Wawa,Plateaux,Plateaux,,Toutes,Accès rural,ruraux à plus de 2 km d’une route revêtue,2029,+3 ans,,aucune (10 §4.6),67991.0,67991.0,71945.0,part des ruraux à moins de 2 km (%),30.88,,110970.0,C,A1 §4 ; recensement 2022 ; projections de l'INSEED 2011-2031 ; variante (b) : croissance régionale 2010-2022,"population rurale supposée uniforme dans la préfecture, comme au 10 ; aucune cible (10 §4.6)",,
Préfecture,Amou,Plateaux,Plateaux,REC-F2,Levier du 08,Auto-écoles,auto-écoles à ouvrir,2029,+3 ans,0.0,"1,065 pour 100 000 habitants (écart 21)",2.0,2.0,2.0,auto-écoles agréées pour 100 000 habitants,0.0,1.6,125071.0,C,A1 §4 ; recensement 2022 ; projections de l'INSEED 2011-2031 ; variante (b) : croissance régionale 2010-2022,"auto-écoles de la collecte 2021-2022, activité non vérifiée ; cible gardée à sa valeur de 2022 (A1-3)",,
Préfecture,Amou,Plateaux,Plateaux,,Hors levier,Remise en état,km à remettre en état,2029,+3 ans,4.0,"14,35 % des km évalués en mauvais état (médiane de O3-02)",0.0,0.0,0.0,part des km évalués en mauvais état (%),4.45,4.45,125071.0,C,A1 §4 ; recensement 2022 ; projections de l'INSEED 2011-2031 ; variante (b) : croissance régionale 2010-2022,relevé de 2020 ; même valeur à chaque palier : aucune donnée ne mesure l’usure,,
Préfecture,Amou,Plateaux,Plateaux,,Toutes,Accès rural,ruraux à plus de 2 km d’une route revêtue,2029,+3 ans,,aucune (10 §4.6),101944.0,101944.0,107872.0,part des ruraux à moins de 2 km (%),12.35,,125071.0,C,A1 §4 ; recensement 2022 ; projections de l'INSEED 2011-2031 ; variante (b) : croissance régionale 2010-2022,"population rurale supposée uniforme dans la préfecture, comme au 10 ; aucune cible (10 §4.6)",,
Préfecture,Doufelgou,Kara,Kara,REC-F1,Levier du 08,Auto-écoles,auto-écoles à ouvrir,2029,+3 ans,0.0,"1,065 pour 100 000 habitants (écart 21)",2.0,2.0,2.0,auto-écoles agréées pour 100 000 habitants,0.0,2.06,96910.0,C,A1 §4 ; recensement 2022 ; projections de l'INSEED 2011-2031 ; variante (b) : croissance régionale 2010-2022,"auto-écoles de la collecte 2021-2022, activité non vérifiée ; cible gardée à sa valeur de 2022 (A1-3)",,
Préfecture,Doufelgou,Kara,Kara,,Hors levier,Remise en état,km à remettre en état,2029,+3 ans,3.4,"14,35 % des km évalués en mauvais état (médiane de O3-02)",0.0,0.0,0.0,part des km évalués en mauvais état (%),3.4,3.4,96910.0,C,A1 §4 ; recensement 2022 ; projections de l'INSEED 2011-2031 ; variante (b) : croissance régionale 2010-2022,relevé de 2020 ; même valeur à chaque palier : aucune donnée ne mesure l’usure,,
Préfecture,Doufelgou,Kara,Kara,,Toutes,Accès rural,ruraux à plus de 2 km d’une route revêtue,2029,+3 ans,,aucune (10 §4.6),51294.0,51294.0,52008.0,part des ruraux à moins de 2 km (%),22.15,,96910.0,C,A1 §4 ; recensement 2022 ; projections de l'INSEED 2011-2031 ; variante (b) : croissance régionale 2010-2022,"population rurale supposée uniforme dans la préfecture, comme au 10 ; aucune cible (10 §4.6)",,
Préfecture,Binah,Kara,Kara,REC-F1,Levier du 08,Auto-écoles,auto-écoles à ouvrir,2029,+3 ans,0.0,"1,065 pour 100 000 habitants (écart 21)",2.0,2.0,2.0,auto-écoles agréées pour 100 000 habitants,0.0,2.08,96260.0,C,A1 §4 ; recensement 2022 ; projections de l'INSEED 2011-2031 ; variante (b) : croissance régionale 2010-2022,"auto-écoles de la collecte 2021-2022, activité non vérifiée ; cible gardée à sa valeur de 2022 (A1-3)",,
Préfecture,Binah,Kara,Kara,,Hors levier,Remise en état,km à remettre en état,2029,+3 ans,1.5,"14,35 % des km évalués en mauvais état (médiane de O3-02)",0.0,0.0,0.0,part des km évalués en mauvais état (%),3.34,3.34,96260.0,C,A1 §4 ; recensement 2022 ; projections de l'INSEED 2011-2031 ; variante (b) : croissance régionale 2010-2022,relevé de 2020 ; même valeur à chaque palier : aucune donnée ne mesure l’usure,,
Préfecture,Binah,Kara,Kara,,Toutes,Accès rural,ruraux à plus de 2 km d’une route revêtue,2029,+3 ans,,aucune (10 §4.6),75054.0,75054.0,76099.0,part des ruraux à moins de 2 km (%),14.46,,96260.0,C,A1 §4 ; recensement 2022 ; projections de l'INSEED 2011-2031 ; variante (b) : croissance régionale 2010-2022,"population rurale supposée uniforme dans la préfecture, comme au 10 ; aucune cible (10 §4.6)",,
Préfecture,Avé,Maritime hors Grand Lomé,Maritime,REC-F1,Levier du 08,Auto-écoles,auto-écoles à ouvrir,2029,+3 ans,0.0,"1,065 pour 100 000 habitants (écart 21)",2.0,2.0,2.0,auto-écoles agréées pour 100 000 habitants,0.0,1.52,131702.0,C,A1 §4 ; recensement 2022 ; projections de l'INSEED 2011-2031 ; variante (b) : croissance régionale 2010-2022,"auto-écoles de la collecte 2021-2022, activité non vérifiée ; cible gardée à sa valeur de 2022 (A1-3)",,
Préfecture,Avé,Maritime hors Grand Lomé,Maritime,,Hors levier,Remise en état,km à remettre en état,2029,+3 ans,3.0,"14,35 % des km évalués en mauvais état (médiane de O3-02)",0.0,0.0,0.0,part des km évalués en mauvais état (%),2.75,2.75,131702.0,C,A1 §4 ; recensement 2022 ; projections de l'INSEED 2011-2031 ; variante (b) : croissance régionale 2010-2022,relevé de 2020 ; même valeur à chaque palier : aucune donnée ne mesure l’usure,,
Préfecture,Avé,Maritime hors Grand Lomé,Maritime,,Toutes,Accès rural,ruraux à plus de 2 km d’une route revêtue,2029,+3 ans,,aucune (10 §4.6),98854.0,96762.0,98854.0,part des ruraux à moins de 2 km (%),21.27,,131702.0,C,A1 §4 ; recensement 2022 ; projections de l'INSEED 2011-2031 ; variante (b) : croissance régionale 2010-2022,"population rurale supposée uniforme dans la préfecture, comme au 10 ; aucune cible (10 §4.6)",,
Préfecture,Sotouboua,Centrale,Centrale,,Hors levier,Auto-écoles,auto-écoles à ouvrir,2029,+3 ans,2.0,"1,065 pour 100 000 habitants (écart 21)",0.0,0.0,0.0,auto-écoles agréées pour 100 000 habitants,1.26,1.26,159301.0,C,A1 §4 ; recensement 2022 ; projections de l'INSEED 2011-2031 ; variante (b) : croissance régionale 2010-2022,"auto-écoles de la collecte 2021-2022, activité non vérifiée ; cible gardée à sa valeur de 2022 (A1-3)",,
Préfecture,Sotouboua,Centrale,Centrale,REC-R2,Levier du 08,Remise en état,km à remettre en état,2029,+3 ans,20.1,"14,35 % des km évalués en mauvais état (médiane de O3-02)",7.1,7.1,7.1,part des km évalués en mauvais état (%),22.26,14.38,159301.0,C,A1 §4 ; recensement 2022 ; projections de l'INSEED 2011-2031 ; variante (b) : croissance régionale 2010-2022,relevé de 2020 ; même valeur à chaque palier : aucune donnée ne mesure l’usure,,
Préfecture,Sotouboua,Centrale,Centrale,,Toutes,Accès rural,ruraux à plus de 2 km d’une route revêtue,2029,+3 ans,,aucune (10 §4.6),109800.0,109800.0,110948.0,part des ruraux à moins de 2 km (%),10.04,,159301.0,C,A1 §4 ; recensement 2022 ; projections de l'INSEED 2011-2031 ; variante (b) : croissance régionale 2010-2022,"population rurale supposée uniforme dans la préfecture, comme au 10 ; aucune cible (10 §4.6)",,
Préfecture,Tandjoaré,Savanes,Savanes,REC-F1,Levier du 08,Auto-écoles,auto-écoles à ouvrir,2029,+3 ans,0.0,"1,065 pour 100 000 habitants (écart 21)",2.0,2.0,2.0,auto-écoles agréées pour 100 000 habitants,0.0,1.21,165930.0,C,A1 §4 ; recensement 2022 ; projections de l'INSEED 2011-2031 ; variante (b) : croissance régionale 2010-2022,"auto-écoles de la collecte 2021-2022, activité non vérifiée ; cible gardée à sa valeur de 2022 (A1-3)",,
Préfecture,Tandjoaré,Savanes,Savanes,,Hors levier,Remise en état,km à remettre en état,2029,+3 ans,0.3,"14,35 % des km évalués en mauvais état (médiane de O3-02)",0.0,0.0,0.0,part des km évalués en mauvais état (%),1.09,1.09,165930.0,C,A1 §4 ; recensement 2022 ; projections de l'INSEED 2011-2031 ; variante (b) : croissance régionale 2010-2022,relevé de 2020 ; même valeur à chaque palier : aucune donnée ne mesure l’usure,,
Préfecture,Tandjoaré,Savanes,Savanes,,Toutes,Accès rural,ruraux à plus de 2 km d’une route revêtue,2029,+3 ans,,aucune (10 §4.6),146027.0,141661.0,146027.0,part des ruraux à moins de 2 km (%),9.99,,165930.0,C,A1 §4 ; recensement 2022 ; projections de l'INSEED 2011-2031 ; variante (b) : croissance régionale 2010-2022,"population rurale supposée uniforme dans la préfecture, comme au 10 ; aucune cible (10 §4.6)",,
Préfecture,Agoè-Nyivé,Grand Lomé,Maritime,,Hors levier,Auto-écoles,auto-écoles à ouvrir,2029,+3 ans,29.0,"1,065 pour 100 000 habitants (écart 21)",0.0,0.0,0.0,auto-écoles agréées pour 100 000 habitants,2.77,2.77,1045308.0,C,A1 §4 ; recensement 2022 ; projections de l'INSEED 2011-2031 ; variante (b) : croissance régionale 2010-2022,"auto-écoles de la collecte 2021-2022, activité non vérifiée ; cible gardée à sa valeur de 2022 (A1-3)",,
Préfecture,Agoè-Nyivé,Grand Lomé,Maritime,REC-R2,Levier du 08,Remise en état,km à remettre en état,2029,+3 ans,7.2,"14,35 % des km évalués en mauvais état (médiane de O3-02)",3.2,3.2,3.2,part des km évalués en mauvais état (%),26.0,14.48,1045308.0,C,A1 §4 ; recensement 2022 ; projections de l'INSEED 2011-2031 ; variante (b) : croissance régionale 2010-2022,relevé de 2020 ; même valeur à chaque palier : aucune donnée ne mesure l’usure,,
Préfecture,Agoè-Nyivé,Grand Lomé,Maritime,,Toutes,Accès rural,ruraux à plus de 2 km d’une route revêtue,2029,+3 ans,,aucune (10 §4.6),0.0,0.0,0.0,part des ruraux à moins de 2 km (%),,,1045308.0,C,A1 §4 ; recensement 2022 ; projections de l'INSEED 2011-2031 ; variante (b) : croissance régionale 2010-2022,"population rurale supposée uniforme dans la préfecture, comme au 10 ; aucune cible (10 §4.6)",,
Préfecture,Assoli,Kara,Kara,,Hors levier,Auto-écoles,auto-écoles à ouvrir,2029,+3 ans,1.0,"1,065 pour 100 000 habitants (écart 21)",0.0,0.0,0.0,auto-écoles agréées pour 100 000 habitants,1.32,1.32,75905.0,C,A1 §4 ; recensement 2022 ; projections de l'INSEED 2011-2031 ; variante (b) : croissance régionale 2010-2022,"auto-écoles de la collecte 2021-2022, activité non vérifiée ; cible gardée à sa valeur de 2022 (A1-3)",,
Préfecture,Assoli,Kara,Kara,,Hors levier,Remise en état,km à remettre en état,2029,+3 ans,15.8,"14,35 % des km évalués en mauvais état (médiane de O3-02)",5.4,5.4,5.4,part des km évalués en mauvais état (%),21.77,14.32,75905.0,C,A1 §4 ; recensement 2022 ; projections de l'INSEED 2011-2031 ; variante (b) : croissance régionale 2010-2022,relevé de 2020 ; même valeur à chaque palier : aucune donnée ne mesure l’usure,,
Préfecture,Assoli,Kara,Kara,,Toutes,Accès rural,ruraux à plus de 2 km d’une route revêtue,2029,+3 ans,,aucune (10 §4.6),41690.0,41690.0,42271.0,part des ruraux à moins de 2 km (%),14.73,,75905.0,C,A1 §4 ; recensement 2022 ; projections de l'INSEED 2011-2031 ; variante (b) : croissance régionale 2010-2022,"population rurale supposée uniforme dans la préfecture, comme au 10 ; aucune cible (10 §4.6)",,
Préfecture,Kozah,Kara,Kara,,Hors levier,Auto-écoles,auto-écoles à ouvrir,2029,+3 ans,6.0,"1,065 pour 100 000 habitants (écart 21)",0.0,0.0,0.0,auto-écoles agréées pour 100 000 habitants,1.85,1.85,324383.0,C,A1 §4 ; recensement 2022 ; projections de l'INSEED 2011-2031 ; variante (b) : croissance régionale 2010-2022,"auto-écoles de la collecte 2021-2022, activité non vérifiée ; cible gardée à sa valeur de 2022 (A1-3)",,
Préfecture,Kozah,Kara,Kara,REC-R2,Levier du 08,Remise en état,km à remettre en état,2029,+3 ans,37.6,"14,35 % des km évalués en mauvais état (médiane de O3-02)",14.4,14.4,14.4,part des km évalués en mauvais état (%),23.28,14.35,324383.0,C,A1 §4 ; recensement 2022 ; projections de l'INSEED 2011-2031 ; variante (b) : croissance régionale 2010-2022,relevé de 2020 ; même valeur à chaque palier : aucune donnée ne mesure l’usure,,
Préfecture,Kozah,Kara,Kara,,Toutes,Accès rural,ruraux à plus de 2 km d’une route revêtue,2029,+3 ans,,aucune (10 §4.6),81719.0,81719.0,82857.0,part des ruraux à moins de 2 km (%),43.11,,324383.0,C,A1 §4 ; recensement 2022 ; projections de l'INSEED 2011-2031 ; variante (b) : croissance régionale 2010-2022,"population rurale supposée uniforme dans la préfecture, comme au 10 ; aucune cible (10 §4.6)",,
Préfecture,Cinkassé,Savanes,Savanes,,Hors levier,Auto-écoles,auto-écoles à ouvrir,2029,+3 ans,1.0,"1,065 pour 100 000 habitants (écart 21)",1.0,1.0,1.0,auto-écoles agréées pour 100 000 habitants,0.65,1.3,154091.0,C,A1 §4 ; recensement 2022 ; projections de l'INSEED 2011-2031 ; variante (b) : croissance régionale 2010-2022,"auto-écoles de la collecte 2021-2022, activité non vérifiée ; cible gardée à sa valeur de 2022 (A1-3)",,
Préfecture,Cinkassé,Savanes,Savanes,,Hors levier,Remise en état,km à remettre en état,2029,+3 ans,4.4,"14,35 % des km évalués en mauvais état (médiane de O3-02)",0.0,0.0,0.0,part des km évalués en mauvais état (%),12.12,12.12,154091.0,C,A1 §4 ; recensement 2022 ; projections de l'INSEED 2011-2031 ; variante (b) : croissance régionale 2010-2022,relevé de 2020 ; même valeur à chaque palier : aucune donnée ne mesure l’usure,,
Préfecture,Cinkassé,Savanes,Savanes,,Toutes,Accès rural,ruraux à plus de 2 km d’une route revêtue,2029,+3 ans,,aucune (10 §4.6),58771.0,57014.0,58771.0,part des ruraux à moins de 2 km (%),31.81,,154091.0,C,A1 §4 ; recensement 2022 ; projections de l'INSEED 2011-2031 ; variante (b) : croissance régionale 2010-2022,"population rurale supposée uniforme dans la préfecture, comme au 10 ; aucune cible (10 §4.6)",,
Préfecture,Kéran,Kara,Kara,REC-F1,Levier du 08,Auto-écoles,auto-écoles à ouvrir,2029,+3 ans,0.0,"1,065 pour 100 000 habitants (écart 21)",2.0,2.0,2.0,auto-écoles agréées pour 100 000 habitants,0.0,1.36,147121.0,C,A1 §4 ; recensement 2022 ; projections de l'INSEED 2011-2031 ; variante (b) : croissance régionale 2010-2022,"auto-écoles de la collecte 2021-2022, activité non vérifiée ; cible gardée à sa valeur de 2022 (A1-3)",,
Préfecture,Kéran,Kara,Kara,,Hors levier,Remise en état,km à remettre en état,2029,+3 ans,0.2,"14,35 % des km évalués en mauvais état (médiane de O3-02)",0.0,0.0,0.0,part des km évalués en mauvais état (%),0.18,0.18,147121.0,C,A1 §4 ; recensement 2022 ; projections de l'INSEED 2011-2031 ; variante (b) : croissance régionale 2010-2022,relevé de 2020 ; même valeur à chaque palier : aucune donnée ne mesure l’usure,,
Préfecture,Kéran,Kara,Kara,,Toutes,Accès rural,ruraux à plus de 2 km d’une route revêtue,2029,+3 ans,,aucune (10 §4.6),116856.0,116856.0,118483.0,part des ruraux à moins de 2 km (%),9.84,,147121.0,C,A1 §4 ; recensement 2022 ; projections de l'INSEED 2011-2031 ; variante (b) : croissance régionale 2010-2022,"population rurale supposée uniforme dans la préfecture, comme au 10 ; aucune cible (10 §4.6)",,
Préfecture,Tône,Savanes,Savanes,,Hors levier,Auto-écoles,auto-écoles à ouvrir,2029,+3 ans,3.0,"1,065 pour 100 000 habitants (écart 21)",2.0,2.0,2.0,auto-écoles agréées pour 100 000 habitants,0.65,1.08,464542.0,C,A1 §4 ; recensement 2022 ; projections de l'INSEED 2011-2031 ; variante (b) : croissance régionale 2010-2022,"auto-écoles de la collecte 2021-2022, activité non vérifiée ; cible gardée à sa valeur de 2022 (A1-3)",,
Préfecture,Tône,Savanes,Savanes,,Hors levier,Remise en état,km à remettre en état,2029,+3 ans,7.7,"14,35 % des km évalués en mauvais état (médiane de O3-02)",0.0,0.0,0.0,part des km évalués en mauvais état (%),9.15,9.15,464542.0,C,A1 §4 ; recensement 2022 ; projections de l'INSEED 2011-2031 ; variante (b) : croissance régionale 2010-2022,relevé de 2020 ; même valeur à chaque palier : aucune donnée ne mesure l’usure,,
Préfecture,Tône,Savanes,Savanes,,Toutes,Accès rural,ruraux à plus de 2 km d’une route revêtue,2029,+3 ans,,aucune (10 §4.6),257565.0,249865.0,257565.0,part des ruraux à moins de 2 km (%),20.49,,464542.0,C,A1 §4 ; recensement 2022 ; projections de l'INSEED 2011-2031 ; variante (b) : croissance régionale 2010-2022,"population rurale supposée uniforme dans la préfecture, comme au 10 ; aucune cible (10 §4.6)",,
Préfecture,Dankpen,Kara,Kara,REC-F1,Levier du 08,Auto-écoles,auto-écoles à ouvrir,2029,+3 ans,0.0,"1,065 pour 100 000 habitants (écart 21)",3.0,3.0,3.0,auto-écoles agréées pour 100 000 habitants,0.0,1.41,212258.0,C,A1 §4 ; recensement 2022 ; projections de l'INSEED 2011-2031 ; variante (b) : croissance régionale 2010-2022,"auto-écoles de la collecte 2021-2022, activité non vérifiée ; cible gardée à sa valeur de 2022 (A1-3)",,
Préfecture,Dankpen,Kara,Kara,,Hors levier,Remise en état,km à remettre en état,2029,+3 ans,0.0,"14,35 % des km évalués en mauvais état (médiane de O3-02)",0.0,0.0,0.0,part des km évalués en mauvais état (%),0.0,0.0,212258.0,C,A1 §4 ; recensement 2022 ; projections de l'INSEED 2011-2031 ; variante (b) : croissance régionale 2010-2022,relevé de 2020 ; même valeur à chaque palier : aucune donnée ne mesure l’usure,,
Préfecture,Dankpen,Kara,Kara,,Toutes,Accès rural,ruraux à plus de 2 km d’une route revêtue,2029,+3 ans,,aucune (10 §4.6),176633.0,176633.0,179092.0,part des ruraux à moins de 2 km (%),6.71,,212258.0,C,A1 §4 ; recensement 2022 ; projections de l'INSEED 2011-2031 ; variante (b) : croissance régionale 2010-2022,"population rurale supposée uniforme dans la préfecture, comme au 10 ; aucune cible (10 §4.6)",,
Préfecture,Moyen-Mono,Plateaux,Plateaux,REC-F1,Levier du 08,Auto-écoles,auto-écoles à ouvrir,2029,+3 ans,0.0,"1,065 pour 100 000 habitants (écart 21)",2.0,2.0,2.0,auto-écoles agréées pour 100 000 habitants,0.0,2.02,99144.0,C,A1 §4 ; recensement 2022 ; projections de l'INSEED 2011-2031 ; variante (b) : croissance régionale 2010-2022,"auto-écoles de la collecte 2021-2022, activité non vérifiée ; cible gardée à sa valeur de 2022 (A1-3)",,
Préfecture,Moyen-Mono,Plateaux,Plateaux,,Hors levier,Remise en état,km à remettre en état,2029,+3 ans,0.0,"14,35 % des km évalués en mauvais état (médiane de O3-02)",0.0,0.0,0.0,part des km évalués en mauvais état (%),0.0,0.0,99144.0,C,A1 §4 ; recensement 2022 ; projections de l'INSEED 2011-2031 ; variante (b) : croissance régionale 2010-2022,relevé de 2020 ; même valeur à chaque palier : aucune donnée ne mesure l’usure,,
Préfecture,Moyen-Mono,Plateaux,Plateaux,,Toutes,Accès rural,ruraux à plus de 2 km d’une route revêtue,2029,+3 ans,,aucune (10 §4.6),82788.0,82788.0,87603.0,part des ruraux à moins de 2 km (%),7.8,,99144.0,C,A1 §4 ; recensement 2022 ; projections de l'INSEED 2011-2031 ; variante (b) : croissance régionale 2010-2022,"population rurale supposée uniforme dans la préfecture, comme au 10 ; aucune cible (10 §4.6)",,
Préfecture,Kpélé,Plateaux,Plateaux,,Hors levier,Auto-écoles,auto-écoles à ouvrir,2029,+3 ans,1.0,"1,065 pour 100 000 habitants (écart 21)",0.0,0.0,0.0,auto-écoles agréées pour 100 000 habitants,1.13,1.13,88665.0,C,A1 §4 ; recensement 2022 ; projections de l'INSEED 2011-2031 ; variante (b) : croissance régionale 2010-2022,"auto-écoles de la collecte 2021-2022, activité non vérifiée ; cible gardée à sa valeur de 2022 (A1-3)",,
Préfecture,Kpélé,Plateaux,Plateaux,,Hors levier,Remise en état,km à remettre en état,2029,+3 ans,5.9,"14,35 % des km évalués en mauvais état (médiane de O3-02)",0.0,0.0,0.0,part des km évalués en mauvais état (%),14.26,14.26,88665.0,C,A1 §4 ; recensement 2022 ; projections de l'INSEED 2011-2031 ; variante (b) : croissance régionale 2010-2022,relevé de 2020 ; même valeur à chaque palier : aucune donnée ne mesure l’usure,,
Préfecture,Kpélé,Plateaux,Plateaux,,Toutes,Accès rural,ruraux à plus de 2 km d’une route revêtue,2029,+3 ans,,aucune (10 §4.6),60262.0,60262.0,63767.0,part des ruraux à moins de 2 km (%),16.39,,88665.0,C,A1 §4 ; recensement 2022 ; projections de l'INSEED 2011-2031 ; variante (b) : croissance régionale 2010-2022,"population rurale supposée uniforme dans la préfecture, comme au 10 ; aucune cible (10 §4.6)",,
Préfecture,Lacs,Maritime hors Grand Lomé,Maritime,,Hors levier,Auto-écoles,auto-écoles à ouvrir,2029,+3 ans,2.0,"1,065 pour 100 000 habitants (écart 21)",2.0,1.0,2.0,auto-écoles agréées pour 100 000 habitants,0.7,1.4,285690.0,C,A1 §4 ; recensement 2022 ; projections de l'INSEED 2011-2031 ; variante (b) : croissance régionale 2010-2022,"auto-écoles de la collecte 2021-2022, activité non vérifiée ; cible gardée à sa valeur de 2022 (A1-3)",,
Préfecture,Lacs,Maritime hors Grand Lomé,Maritime,,Hors levier,Remise en état,km à remettre en état,2029,+3 ans,7.7,"14,35 % des km évalués en mauvais état (médiane de O3-02)",0.0,0.0,0.0,part des km évalués en mauvais état (%),9.38,9.38,285690.0,C,A1 §4 ; recensement 2022 ; projections de l'INSEED 2011-2031 ; variante (b) : croissance régionale 2010-2022,relevé de 2020 ; même valeur à chaque palier : aucune donnée ne mesure l’usure,,
Préfecture,Lacs,Maritime hors Grand Lomé,Maritime,,Toutes,Accès rural,ruraux à plus de 2 km d’une route revêtue,2029,+3 ans,,aucune (10 §4.6),136781.0,133886.0,136781.0,part des ruraux à moins de 2 km (%),45.78,,285690.0,C,A1 §4 ; recensement 2022 ; projections de l'INSEED 2011-2031 ; variante (b) : croissance régionale 2010-2022,"population rurale supposée uniforme dans la préfecture, comme au 10 ; aucune cible (10 §4.6)",,
Préfecture,Vo,Maritime hors Grand Lomé,Maritime,,Hors levier,Auto-écoles,auto-écoles à ouvrir,2029,+3 ans,2.0,"1,065 pour 100 000 habitants (écart 21)",1.0,1.0,1.0,auto-écoles agréées pour 100 000 habitants,0.75,1.13,265753.0,C,A1 §4 ; recensement 2022 ; projections de l'INSEED 2011-2031 ; variante (b) : croissance régionale 2010-2022,"auto-écoles de la collecte 2021-2022, activité non vérifiée ; cible gardée à sa valeur de 2022 (A1-3)",,
Préfecture,Vo,Maritime hors Grand Lomé,Maritime,,Hors levier,Remise en état,km à remettre en état,2029,+3 ans,2.9,"14,35 % des km évalués en mauvais état (médiane de O3-02)",0.0,0.0,0.0,part des km évalués en mauvais état (%),4.57,4.57,265753.0,C,A1 §4 ; recensement 2022 ; projections de l'INSEED 2011-2031 ; variante (b) : croissance régionale 2010-2022,relevé de 2020 ; même valeur à chaque palier : aucune donnée ne mesure l’usure,,
Préfecture,Vo,Maritime hors Grand Lomé,Maritime,,Toutes,Accès rural,ruraux à plus de 2 km d’une route revêtue,2029,+3 ans,,aucune (10 §4.6),164540.0,161058.0,164540.0,part des ruraux à moins de 2 km (%),30.33,,265753.0,C,A1 §4 ; recensement 2022 ; projections de l'INSEED 2011-2031 ; variante (b) : croissance régionale 2010-2022,"population rurale supposée uniforme dans la préfecture, comme au 10 ; aucune cible (10 §4.6)",,
Préfecture,Golfe,Grand Lomé,Maritime,,Hors levier,Auto-écoles,auto-écoles à ouvrir,2029,+3 ans,74.0,"1,065 pour 100 000 habitants (écart 21)",0.0,0.0,0.0,auto-écoles agréées pour 100 000 habitants,4.79,4.79,1546218.0,C,A1 §4 ; recensement 2022 ; projections de l'INSEED 2011-2031 ; variante (b) : croissance régionale 2010-2022,"auto-écoles de la collecte 2021-2022, activité non vérifiée ; cible gardée à sa valeur de 2022 (A1-3)",,
Préfecture,Golfe,Grand Lomé,Maritime,,Hors levier,Remise en état,km à remettre en état,2029,+3 ans,0.3,"14,35 % des km évalués en mauvais état (médiane de O3-02)",0.0,0.0,0.0,part des km évalués en mauvais état (%),0.49,0.49,1546218.0,C,A1 §4 ; recensement 2022 ; projections de l'INSEED 2011-2031 ; variante (b) : croissance régionale 2010-2022,relevé de 2020 ; même valeur à chaque palier : aucune donnée ne mesure l’usure,,
Préfecture,Golfe,Grand Lomé,Maritime,,Toutes,Accès rural,ruraux à plus de 2 km d’une route revêtue,2029,+3 ans,,aucune (10 §4.6),0.0,0.0,0.0,part des ruraux à moins de 2 km (%),,,1546218.0,C,A1 §4 ; recensement 2022 ; projections de l'INSEED 2011-2031 ; variante (b) : croissance régionale 2010-2022,"population rurale supposée uniforme dans la préfecture, comme au 10 ; aucune cible (10 §4.6)",,
Préfecture,Mô,Centrale,Centrale,REC-F1,Levier du 08,Auto-écoles,auto-écoles à ouvrir,2029,+3 ans,0.0,"1,065 pour 100 000 habitants (écart 21)",1.0,1.0,1.0,auto-écoles agréées pour 100 000 habitants,0.0,1.66,60167.0,C,A1 §4 ; recensement 2022 ; projections de l'INSEED 2011-2031 ; variante (b) : croissance régionale 2010-2022,"auto-écoles de la collecte 2021-2022, activité non vérifiée ; cible gardée à sa valeur de 2022 (A1-3)",,
Préfecture,Mô,Centrale,Centrale,,Hors levier,Remise en état,km à remettre en état,2029,+3 ans,0.0,"14,35 % des km évalués en mauvais état (médiane de O3-02)",0.0,0.0,0.0,part des km évalués en mauvais état (%),,,60167.0,C,A1 §4 ; recensement 2022 ; projections de l'INSEED 2011-2031 ; variante (b) : croissance régionale 2010-2022,relevé de 2020 ; même valeur à chaque palier : aucune donnée ne mesure l’usure,,
Préfecture,Mô,Centrale,Centrale,,Toutes,Accès rural,ruraux à plus de 2 km d’une route revêtue,2029,+3 ans,,aucune (10 §4.6),50860.0,50860.0,51391.0,part des ruraux à moins de 2 km (%),0.0,,60167.0,C,A1 §4 ; recensement 2022 ; projections de l'INSEED 2011-2031 ; variante (b) : croissance régionale 2010-2022,"population rurale supposée uniforme dans la préfecture, comme au 10 ; aucune cible (10 §4.6)",,
Préfecture,Mô,Centrale,Centrale,REC-R4,Levier du 10,Desserte de Mô,km de routes classées,2029,+3 ans,0.0,"5,39 km pour 10 000 habitants (écart 28)",32.4,32.4,32.8,km de routes classées pour 10 000 habitants,0.0,5.39,60167.0,C,A1 §4 ; recensement 2022 ; projections de l'INSEED 2011-2031 ; variante (b) : croissance régionale 2010-2022,ordre de grandeur derrière une vérification (REC-R4),,
Préfecture,Danyi,Plateaux,Plateaux,REC-F1,Levier du 08,Auto-écoles,auto-écoles à ouvrir,2031,+5 ans,0.0,"1,065 pour 100 000 habitants (écart 21)",1.0,1.0,1.0,auto-écoles agréées pour 100 000 habitants,0.0,2.22,45137.0,C,A1 §4 ; recensement 2022 ; projections de l'INSEED 2011-2031 ; variante (b) : croissance régionale 2010-2022,"auto-écoles de la collecte 2021-2022, activité non vérifiée ; cible gardée à sa valeur de 2022 (A1-3)",,
Préfecture,Danyi,Plateaux,Plateaux,REC-R1,Levier du 08,Remise en état,km à remettre en état,2031,+5 ans,49.8,"14,35 % des km évalués en mauvais état (médiane de O3-02)",42.7,42.7,42.7,part des km évalués en mauvais état (%),100.0,14.28,45137.0,C,A1 §4 ; recensement 2022 ; projections de l'INSEED 2011-2031 ; variante (b) : croissance régionale 2010-2022,relevé de 2020 ; même valeur à chaque palier : aucune donnée ne mesure l’usure,,
Préfecture,Danyi,Plateaux,Plateaux,,Toutes,Accès rural,ruraux à plus de 2 km d’une route revêtue,2031,+5 ans,,aucune (10 §4.6),28044.0,28044.0,30163.0,part des ruraux à moins de 2 km (%),25.52,,45137.0,C,A1 §4 ; recensement 2022 ; projections de l'INSEED 2011-2031 ; variante (b) : croissance régionale 2010-2022,"population rurale supposée uniforme dans la préfecture, comme au 10 ; aucune cible (10 §4.6)",,
Préfecture,Blitta,Centrale,Centrale,REC-F2,Levier du 08,Auto-écoles,auto-écoles à ouvrir,2031,+5 ans,0.0,"1,065 pour 100 000 habitants (écart 21)",3.0,3.0,3.0,auto-écoles agréées pour 100 000 habitants,0.0,1.54,194333.0,C,A1 §4 ; recensement 2022 ; projections de l'INSEED 2011-2031 ; variante (b) : croissance régionale 2010-2022,"auto-écoles de la collecte 2021-2022, activité non vérifiée ; cible gardée à sa valeur de 2022 (A1-3)",,
Préfecture,Blitta,Centrale,Centrale,REC-R1,Levier du 08,Remise en état,km à remettre en état,2031,+5 ans,69.0,"14,35 % des km évalués en mauvais état (médiane de O3-02)",54.5,54.5,54.5,part des km évalués en mauvais état (%),68.24,14.33,194333.0,C,A1 §4 ; recensement 2022 ; projections de l'INSEED 2011-2031 ; variante (b) : croissance régionale 2010-2022,relevé de 2020 ; même valeur à chaque palier : aucune donnée ne mesure l’usure,,
Préfecture,Blitta,Centrale,Centrale,,Toutes,Accès rural,ruraux à plus de 2 km d’une route revêtue,2031,+5 ans,,aucune (10 §4.6),154585.0,154585.0,156693.0,part des ruraux à moins de 2 km (%),14.75,,194333.0,C,A1 §4 ; recensement 2022 ; projections de l'INSEED 2011-2031 ; variante (b) : croissance régionale 2010-2022,"population rurale supposée uniforme dans la préfecture, comme au 10 ; aucune cible (10 §4.6)",,
Préfecture,Agou,Plateaux,Plateaux,REC-F2,Levier du 08,Auto-écoles,auto-écoles à ouvrir,2031,+5 ans,0.0,"1,065 pour 100 000 habitants (écart 21)",2.0,2.0,2.0,auto-écoles agréées pour 100 000 habitants,0.0,2.08,96234.0,C,A1 §4 ; recensement 2022 ; projections de l'INSEED 2011-2031 ; variante (b) : croissance régionale 2010-2022,"auto-écoles de la collecte 2021-2022, activité non vérifiée ; cible gardée à sa valeur de 2022 (A1-3)",,
Préfecture,Agou,Plateaux,Plateaux,REC-R1,Levier du 08,Remise en état,km à remettre en état,2031,+5 ans,49.6,"14,35 % des km évalués en mauvais état (médiane de O3-02)",31.8,31.8,31.8,part des km évalués en mauvais état (%),39.97,14.34,96234.0,C,A1 §4 ; recensement 2022 ; projections de l'INSEED 2011-2031 ; variante (b) : croissance régionale 2010-2022,relevé de 2020 ; même valeur à chaque palier : aucune donnée ne mesure l’usure,,
Préfecture,Agou,Plateaux,Plateaux,,Toutes,Accès rural,ruraux à plus de 2 km d’une route revêtue,2031,+5 ans,,aucune (10 §4.6),67768.0,67768.0,72890.0,part des ruraux à moins de 2 km (%),25.63,,96234.0,C,A1 §4 ; recensement 2022 ; projections de l'INSEED 2011-2031 ; variante (b) : croissance régionale 2010-2022,"population rurale supposée uniforme dans la préfecture, comme au 10 ; aucune cible (10 §4.6)",,
Préfecture,Tchamba,Centrale,Centrale,REC-F2,Levier du 08,Auto-écoles,auto-écoles à ouvrir,2031,+5 ans,0.0,"1,065 pour 100 000 habitants (écart 21)",3.0,3.0,3.0,auto-écoles agréées pour 100 000 habitants,0.0,1.26,238744.0,C,A1 §4 ; recensement 2022 ; projections de l'INSEED 2011-2031 ; variante (b) : croissance régionale 2010-2022,"auto-écoles de la collecte 2021-2022, activité non vérifiée ; cible gardée à sa valeur de 2022 (A1-3)",,
Préfecture,Tchamba,Centrale,Centrale,REC-R1,Levier du 08,Remise en état,km à remettre en état,2031,+5 ans,41.0,"14,35 % des km évalués en mauvais état (médiane de O3-02)",23.7,23.7,23.7,part des km évalués en mauvais état (%),34.04,14.34,238744.0,C,A1 §4 ; recensement 2022 ; projections de l'INSEED 2011-2031 ; variante (b) : croissance régionale 2010-2022,relevé de 2020 ; même valeur à chaque palier : aucune donnée ne mesure l’usure,,
Préfecture,Tchamba,Centrale,Centrale,,Toutes,Accès rural,ruraux à plus de 2 km d’une route revêtue,2031,+5 ans,,aucune (10 §4.6),168605.0,168605.0,170904.0,part des ruraux à moins de 2 km (%),13.84,,238744.0,C,A1 §4 ; recensement 2022 ; projections de l'INSEED 2011-2031 ; variante (b) : croissance régionale 2010-2022,"population rurale supposée uniforme dans la préfecture, comme au 10 ; aucune cible (10 §4.6)",,
Préfecture,Bassar,Kara,Kara,REC-F2,Levier du 08,Auto-écoles,auto-écoles à ouvrir,2031,+5 ans,0.0,"1,065 pour 100 000 habitants (écart 21)",2.0,2.0,2.0,auto-écoles agréées pour 100 000 habitants,0.0,1.11,180197.0,C,A1 §4 ; recensement 2022 ; projections de l'INSEED 2011-2031 ; variante (b) : croissance régionale 2010-2022,"auto-écoles de la collecte 2021-2022, activité non vérifiée ; cible gardée à sa valeur de 2022 (A1-3)",,
Préfecture,Bassar,Kara,Kara,REC-R1,Levier du 08,Remise en état,km à remettre en état,2031,+5 ans,46.9,"14,35 % des km évalués en mauvais état (médiane de O3-02)",22.9,22.9,22.9,part des km évalués en mauvais état (%),28.01,14.33,180197.0,C,A1 §4 ; recensement 2022 ; projections de l'INSEED 2011-2031 ; variante (b) : croissance régionale 2010-2022,relevé de 2020 ; même valeur à chaque palier : aucune donnée ne mesure l’usure,,
Préfecture,Bassar,Kara,Kara,,Toutes,Accès rural,ruraux à plus de 2 km d’une route revêtue,2031,+5 ans,,aucune (10 §4.6),122008.0,122008.0,124219.0,part des ruraux à moins de 2 km (%),13.41,,180197.0,C,A1 §4 ; recensement 2022 ; projections de l'INSEED 2011-2031 ; variante (b) : croissance régionale 2010-2022,"population rurale supposée uniforme dans la préfecture, comme au 10 ; aucune cible (10 §4.6)",,
Préfecture,Oti,Savanes,Savanes,REC-F2,Levier du 08,Auto-écoles,auto-écoles à ouvrir,2031,+5 ans,0.0,"1,065 pour 100 000 habitants (écart 21)",2.0,2.0,2.0,auto-écoles agréées pour 100 000 habitants,0.0,1.28,156592.0,C,A1 §4 ; recensement 2022 ; projections de l'INSEED 2011-2031 ; variante (b) : croissance régionale 2010-2022,"auto-écoles de la collecte 2021-2022, activité non vérifiée ; cible gardée à sa valeur de 2022 (A1-3)",,
Préfecture,Oti,Savanes,Savanes,,Hors levier,Remise en état,km à remettre en état,2031,+5 ans,29.7,"14,35 % des km évalués en mauvais état (médiane de O3-02)",9.6,9.6,9.6,part des km évalués en mauvais état (%),21.15,14.32,156592.0,C,A1 §4 ; recensement 2022 ; projections de l'INSEED 2011-2031 ; variante (b) : croissance régionale 2010-2022,relevé de 2020 ; même valeur à chaque palier : aucune donnée ne mesure l’usure,,
Préfecture,Oti,Savanes,Savanes,,Toutes,Accès rural,ruraux à plus de 2 km d’une route revêtue,2031,+5 ans,,aucune (10 §4.6),97785.0,94059.0,97785.0,part des ruraux à moins de 2 km (%),13.43,,156592.0,C,A1 §4 ; recensement 2022 ; projections de l'INSEED 2011-2031 ; variante (b) : croissance régionale 2010-2022,"population rurale supposée uniforme dans la préfecture, comme au 10 ; aucune cible (10 §4.6)",,
Préfecture,Bas-Mono,Maritime hors Grand Lomé,Maritime,REC-F2,Levier du 08,Auto-écoles,auto-écoles à ouvrir,2031,+5 ans,0.0,"1,065 pour 100 000 habitants (écart 21)",2.0,2.0,2.0,auto-écoles agréées pour 100 000 habitants,0.0,1.7,117616.0,C,A1 §4 ; recensement 2022 ; projections de l'INSEED 2011-2031 ; variante (b) : croissance régionale 2010-2022,"auto-écoles de la collecte 2021-2022, activité non vérifiée ; cible gardée à sa valeur de 2022 (A1-3)",,
Préfecture,Bas-Mono,Maritime hors Grand Lomé,Maritime,,Hors levier,Remise en état,km à remettre en état,2031,+5 ans,7.6,"14,35 % des km évalués en mauvais état (médiane de O3-02)",2.4,2.4,2.4,part des km évalués en mauvais état (%),21.14,14.44,117616.0,C,A1 §4 ; recensement 2022 ; projections de l'INSEED 2011-2031 ; variante (b) : croissance régionale 2010-2022,relevé de 2020 ; même valeur à chaque palier : aucune donnée ne mesure l’usure,,
Préfecture,Bas-Mono,Maritime hors Grand Lomé,Maritime,,Toutes,Accès rural,ruraux à plus de 2 km d’une route revêtue,2031,+5 ans,,aucune (10 §4.6),88816.0,86423.0,88816.0,part des ruraux à moins de 2 km (%),12.44,,117616.0,C,A1 §4 ; recensement 2022 ; projections de l'INSEED 2011-2031 ; variante (b) : croissance régionale 2010-2022,"population rurale supposée uniforme dans la préfecture, comme au 10 ; aucune cible (10 §4.6)",,
Préfecture,Est-Mono,Plateaux,Plateaux,REC-F1,Levier du 08,Auto-écoles,auto-écoles à ouvrir,2031,+5 ans,0.0,"1,065 pour 100 000 habitants (écart 21)",2.0,2.0,3.0,auto-écoles agréées pour 100 000 habitants,0.0,1.08,184474.0,C,A1 §4 ; recensement 2022 ; projections de l'INSEED 2011-2031 ; variante (b) : croissance régionale 2010-2022,"auto-écoles de la collecte 2021-2022, activité non vérifiée ; cible gardée à sa valeur de 2022 (A1-3)",,
Préfecture,Est-Mono,Plateaux,Plateaux,,Hors levier,Remise en état,km à remettre en état,2031,+5 ans,19.0,"14,35 % des km évalués en mauvais état (médiane de O3-02)",3.1,3.1,3.1,part des km évalués en mauvais état (%),17.15,14.35,184474.0,C,A1 §4 ; recensement 2022 ; projections de l'INSEED 2011-2031 ; variante (b) : croissance régionale 2010-2022,relevé de 2020 ; même valeur à chaque palier : aucune donnée ne mesure l’usure,,
Préfecture,Est-Mono,Plateaux,Plateaux,,Toutes,Accès rural,ruraux à plus de 2 km d’une route revêtue,2031,+5 ans,,aucune (10 §4.6),169117.0,169117.0,181899.0,part des ruraux à moins de 2 km (%),1.64,,184474.0,C,A1 §4 ; recensement 2022 ; projections de l'INSEED 2011-2031 ; variante (b) : croissance régionale 2010-2022,"population rurale supposée uniforme dans la préfecture, comme au 10 ; aucune cible (10 §4.6)",,
Préfecture,Oti-Sud,Savanes,Savanes,REC-F1,Levier du 08,Auto-écoles,auto-écoles à ouvrir,2031,+5 ans,0.0,"1,065 pour 100 000 habitants (écart 21)",3.0,2.0,3.0,auto-écoles agréées pour 100 000 habitants,0.0,1.59,188610.0,C,A1 §4 ; recensement 2022 ; projections de l'INSEED 2011-2031 ; variante (b) : croissance régionale 2010-2022,"auto-écoles de la collecte 2021-2022, activité non vérifiée ; cible gardée à sa valeur de 2022 (A1-3)",,
Préfecture,Oti-Sud,Savanes,Savanes,,Hors levier,Remise en état,km à remettre en état,2031,+5 ans,19.0,"14,35 % des km évalués en mauvais état (médiane de O3-02)",0.1,0.1,0.1,part des km évalués en mauvais état (%),14.4,14.32,188610.0,C,A1 §4 ; recensement 2022 ; projections de l'INSEED 2011-2031 ; variante (b) : croissance régionale 2010-2022,relevé de 2020 ; même valeur à chaque palier : aucune donnée ne mesure l’usure,,
Préfecture,Oti-Sud,Savanes,Savanes,,Toutes,Accès rural,ruraux à plus de 2 km d’une route revêtue,2031,+5 ans,,aucune (10 §4.6),151560.0,145785.0,151560.0,part des ruraux à moins de 2 km (%),9.84,,188610.0,C,A1 §4 ; recensement 2022 ; projections de l'INSEED 2011-2031 ; variante (b) : croissance régionale 2010-2022,"population rurale supposée uniforme dans la préfecture, comme au 10 ; aucune cible (10 §4.6)",,
Préfecture,Tchaoudjo,Centrale,Centrale,,Hors levier,Auto-écoles,auto-écoles à ouvrir,2031,+5 ans,2.0,"1,065 pour 100 000 habitants (écart 21)",2.0,2.0,2.0,auto-écoles agréées pour 100 000 habitants,0.7,1.4,286086.0,C,A1 §4 ; recensement 2022 ; projections de l'INSEED 2011-2031 ; variante (b) : croissance régionale 2010-2022,"auto-écoles de la collecte 2021-2022, activité non vérifiée ; cible gardée à sa valeur de 2022 (A1-3)",,
Préfecture,Tchaoudjo,Centrale,Centrale,REC-R2,Levier du 08,Remise en état,km à remettre en état,2031,+5 ans,46.3,"14,35 % des km évalués en mauvais état (médiane de O3-02)",28.3,28.3,28.3,part des km évalués en mauvais état (%),36.87,14.34,286086.0,C,A1 §4 ; recensement 2022 ; projections de l'INSEED 2011-2031 ; variante (b) : croissance régionale 2010-2022,relevé de 2020 ; même valeur à chaque palier : aucune donnée ne mesure l’usure,,
Préfecture,Tchaoudjo,Centrale,Centrale,,Toutes,Accès rural,ruraux à plus de 2 km d’une route revêtue,2031,+5 ans,,aucune (10 §4.6),122230.0,122230.0,123897.0,part des ruraux à moins de 2 km (%),17.79,,286086.0,C,A1 §4 ; recensement 2022 ; projections de l'INSEED 2011-2031 ; variante (b) : croissance régionale 2010-2022,"population rurale supposée uniforme dans la préfecture, comme au 10 ; aucune cible (10 §4.6)",,
Préfecture,Haho,Plateaux,Plateaux,REC-F1,Levier du 08,Auto-écoles,auto-écoles à ouvrir,2031,+5 ans,0.0,"1,065 pour 100 000 habitants (écart 21)",4.0,4.0,4.0,auto-écoles agréées pour 100 000 habitants,0.0,1.17,342226.0,C,A1 §4 ; recensement 2022 ; projections de l'INSEED 2011-2031 ; variante (b) : croissance régionale 2010-2022,"auto-écoles de la collecte 2021-2022, activité non vérifiée ; cible gardée à sa valeur de 2022 (A1-3)",,
Préfecture,Haho,Plateaux,Plateaux,,Hors levier,Remise en état,km à remettre en état,2031,+5 ans,14.3,"14,35 % des km évalués en mauvais état (médiane de O3-02)",0.0,0.0,0.0,part des km évalués en mauvais état (%),11.46,11.46,342226.0,C,A1 §4 ; recensement 2022 ; projections de l'INSEED 2011-2031 ; variante (b) : croissance régionale 2010-2022,relevé de 2020 ; même valeur à chaque palier : aucune donnée ne mesure l’usure,,
Préfecture,Haho,Plateaux,Plateaux,,Toutes,Accès rural,ruraux à plus de 2 km d’une route revêtue,2031,+5 ans,,aucune (10 §4.6),251472.0,251472.0,270478.0,part des ruraux à moins de 2 km (%),12.41,,342226.0,C,A1 §4 ; recensement 2022 ; projections de l'INSEED 2011-2031 ; variante (b) : croissance régionale 2010-2022,"population rurale supposée uniforme dans la préfecture, comme au 10 ; aucune cible (10 §4.6)",,
Préfecture,Ogou,Plateaux,Plateaux,,Hors levier,Auto-écoles,auto-écoles à ouvrir,2031,+5 ans,2.0,"1,065 pour 100 000 habitants (écart 21)",2.0,2.0,2.0,auto-écoles agréées pour 100 000 habitants,0.7,1.41,284313.0,C,A1 §4 ; recensement 2022 ; projections de l'INSEED 2011-2031 ; variante (b) : croissance régionale 2010-2022,"auto-écoles de la collecte 2021-2022, activité non vérifiée ; cible gardée à sa valeur de 2022 (A1-3)",,
Préfecture,Ogou,Plateaux,Plateaux,REC-R2,Levier du 08,Remise en état,km à remettre en état,2031,+5 ans,30.9,"14,35 % des km évalués en mauvais état (médiane de O3-02)",14.6,14.6,14.6,part des km évalués en mauvais état (%),27.23,14.36,284313.0,C,A1 §4 ; recensement 2022 ; projections de l'INSEED 2011-2031 ; variante (b) : croissance régionale 2010-2022,relevé de 2020 ; même valeur à chaque palier : aucune donnée ne mesure l’usure,,
Préfecture,Ogou,Plateaux,Plateaux,,Toutes,Accès rural,ruraux à plus de 2 km d’une route revêtue,2031,+5 ans,,aucune (10 §4.6),152932.0,152932.0,164490.0,part des ruraux à moins de 2 km (%),12.19,,284313.0,C,A1 §4 ; recensement 2022 ; projections de l'INSEED 2011-2031 ; variante (b) : croissance régionale 2010-2022,"population rurale supposée uniforme dans la préfecture, comme au 10 ; aucune cible (10 §4.6)",,
Préfecture,Anié,Plateaux,Plateaux,,Hors levier,Auto-écoles,auto-écoles à ouvrir,2031,+5 ans,1.0,"1,065 pour 100 000 habitants (écart 21)",2.0,2.0,2.0,auto-écoles agréées pour 100 000 habitants,0.49,1.48,202083.0,C,A1 §4 ; recensement 2022 ; projections de l'INSEED 2011-2031 ; variante (b) : croissance régionale 2010-2022,"auto-écoles de la collecte 2021-2022, activité non vérifiée ; cible gardée à sa valeur de 2022 (A1-3)",,
Préfecture,Anié,Plateaux,Plateaux,REC-R2,Levier du 08,Remise en état,km à remettre en état,2031,+5 ans,9.3,"14,35 % des km évalués en mauvais état (médiane de O3-02)",3.5,3.5,3.5,part des km évalués en mauvais état (%),23.01,14.32,202083.0,C,A1 §4 ; recensement 2022 ; projections de l'INSEED 2011-2031 ; variante (b) : croissance régionale 2010-2022,relevé de 2020 ; même valeur à chaque palier : aucune donnée ne mesure l’usure,,
Préfecture,Anié,Plateaux,Plateaux,,Toutes,Accès rural,ruraux à plus de 2 km d’une route revêtue,2031,+5 ans,,aucune (10 §4.6),126671.0,126671.0,136245.0,part des ruraux à moins de 2 km (%),5.17,,202083.0,C,A1 §4 ; recensement 2022 ; projections de l'INSEED 2011-2031 ; variante (b) : croissance régionale 2010-2022,"population rurale supposée uniforme dans la préfecture, comme au 10 ; aucune cible (10 §4.6)",,
Préfecture,Yoto,Maritime hors Grand Lomé,Maritime,REC-F2,Levier du 08,Auto-écoles,auto-écoles à ouvrir,2031,+5 ans,0.0,"1,065 pour 100 000 habitants (écart 21)",3.0,3.0,3.0,auto-écoles agréées pour 100 000 habitants,0.0,1.38,216796.0,C,A1 §4 ; recensement 2022 ; projections de l'INSEED 2011-2031 ; variante (b) : croissance régionale 2010-2022,"auto-écoles de la collecte 2021-2022, activité non vérifiée ; cible gardée à sa valeur de 2022 (A1-3)",,
Préfecture,Yoto,Maritime hors Grand Lomé,Maritime,,Hors levier,Remise en état,km à remettre en état,2031,+5 ans,4.7,"14,35 % des km évalués en mauvais état (médiane de O3-02)",0.0,0.0,0.0,part des km évalués en mauvais état (%),8.09,8.09,216796.0,C,A1 §4 ; recensement 2022 ; projections de l'INSEED 2011-2031 ; variante (b) : croissance régionale 2010-2022,relevé de 2020 ; même valeur à chaque palier : aucune donnée ne mesure l’usure,,
Préfecture,Yoto,Maritime hors Grand Lomé,Maritime,,Toutes,Accès rural,ruraux à plus de 2 km d’une route revêtue,2031,+5 ans,,aucune (10 §4.6),153941.0,149792.0,153941.0,part des ruraux à moins de 2 km (%),9.96,,216796.0,C,A1 §4 ; recensement 2022 ; projections de l'INSEED 2011-2031 ; variante (b) : croissance régionale 2010-2022,"population rurale supposée uniforme dans la préfecture, comme au 10 ; aucune cible (10 §4.6)",,
Préfecture,Akébou,Plateaux,Plateaux,REC-F1,Levier du 08,Auto-écoles,auto-écoles à ouvrir,2031,+5 ans,0.0,"1,065 pour 100 000 habitants (écart 21)",1.0,1.0,1.0,auto-écoles agréées pour 100 000 habitants,0.0,1.21,82815.0,C,A1 §4 ; recensement 2022 ; projections de l'INSEED 2011-2031 ; variante (b) : croissance régionale 2010-2022,"auto-écoles de la collecte 2021-2022, activité non vérifiée ; cible gardée à sa valeur de 2022 (A1-3)",,
Préfecture,Akébou,Plateaux,Plateaux,,Hors levier,Remise en état,km à remettre en état,2031,+5 ans,0.5,"14,35 % des km évalués en mauvais état (médiane de O3-02)",0.0,0.0,0.0,part des km évalués en mauvais état (%),7.85,7.85,82815.0,C,A1 §4 ; recensement 2022 ; projections de l'INSEED 2011-2031 ; variante (b) : croissance régionale 2010-2022,relevé de 2020 ; même valeur à chaque palier : aucune donnée ne mesure l’usure,,
Préfecture,Akébou,Plateaux,Plateaux,,Toutes,Accès rural,ruraux à plus de 2 km d’une route revêtue,2031,+5 ans,,aucune (10 §4.6),73526.0,73526.0,79083.0,part des ruraux à moins de 2 km (%),0.55,,82815.0,C,A1 §4 ; recensement 2022 ; projections de l'INSEED 2011-2031 ; variante (b) : croissance régionale 2010-2022,"population rurale supposée uniforme dans la préfecture, comme au 10 ; aucune cible (10 §4.6)",,
Préfecture,Kloto,Plateaux,Plateaux,,Hors levier,Auto-écoles,auto-écoles à ouvrir,2031,+5 ans,3.0,"1,065 pour 100 000 habitants (écart 21)",0.0,0.0,0.0,auto-écoles agréées pour 100 000 habitants,1.83,1.83,163752.0,C,A1 §4 ; recensement 2022 ; projections de l'INSEED 2011-2031 ; variante (b) : croissance régionale 2010-2022,"auto-écoles de la collecte 2021-2022, activité non vérifiée ; cible gardée à sa valeur de 2022 (A1-3)",,
Préfecture,Kloto,Plateaux,Plateaux,REC-R2,Levier du 08,Remise en état,km à remettre en état,2031,+5 ans,49.1,"14,35 % des km évalués en mauvais état (médiane de O3-02)",38.2,38.2,38.2,part des km évalués en mauvais état (%),64.97,14.41,163752.0,C,A1 §4 ; recensement 2022 ; projections de l'INSEED 2011-2031 ; variante (b) : croissance régionale 2010-2022,relevé de 2020 ; même valeur à chaque palier : aucune donnée ne mesure l’usure,,
Préfecture,Kloto,Plateaux,Plateaux,,Toutes,Accès rural,ruraux à plus de 2 km d’une route revêtue,2031,+5 ans,,aucune (10 §4.6),38144.0,38144.0,41027.0,part des ruraux à moins de 2 km (%),41.88,,163752.0,C,A1 §4 ; recensement 2022 ; projections de l'INSEED 2011-2031 ; variante (b) : croissance régionale 2010-2022,"population rurale supposée uniforme dans la préfecture, comme au 10 ; aucune cible (10 §4.6)",,
Préfecture,Kpendjal-Ouest,Savanes,Savanes,REC-F1,Levier du 08,Auto-écoles,auto-écoles à ouvrir,2031,+5 ans,0.0,"1,065 pour 100 000 habitants (écart 21)",2.0,2.0,2.0,auto-écoles agréées pour 100 000 habitants,0.0,1.29,154688.0,C,A1 §4 ; recensement 2022 ; projections de l'INSEED 2011-2031 ; variante (b) : croissance régionale 2010-2022,"auto-écoles de la collecte 2021-2022, activité non vérifiée ; cible gardée à sa valeur de 2022 (A1-3)",,
Préfecture,Kpendjal-Ouest,Savanes,Savanes,,Hors levier,Remise en état,km à remettre en état,2031,+5 ans,2.7,"14,35 % des km évalués en mauvais état (médiane de O3-02)",0.0,0.0,0.0,part des km évalués en mauvais état (%),5.97,5.97,154688.0,C,A1 §4 ; recensement 2022 ; projections de l'INSEED 2011-2031 ; variante (b) : croissance régionale 2010-2022,relevé de 2020 ; même valeur à chaque palier : aucune donnée ne mesure l’usure,,
Préfecture,Kpendjal-Ouest,Savanes,Savanes,,Toutes,Accès rural,ruraux à plus de 2 km d’une route revêtue,2031,+5 ans,,aucune (10 §4.6),117294.0,112825.0,117294.0,part des ruraux à moins de 2 km (%),20.04,,154688.0,C,A1 §4 ; recensement 2022 ; projections de l'INSEED 2011-2031 ; variante (b) : croissance régionale 2010-2022,"population rurale supposée uniforme dans la préfecture, comme au 10 ; aucune cible (10 §4.6)",,
Préfecture,Kpendjal,Savanes,Savanes,REC-F1,Levier du 08,Auto-écoles,auto-écoles à ouvrir,2031,+5 ans,0.0,"1,065 pour 100 000 habitants (écart 21)",2.0,2.0,2.0,auto-écoles agréées pour 100 000 habitants,0.0,1.8,110833.0,C,A1 §4 ; recensement 2022 ; projections de l'INSEED 2011-2031 ; variante (b) : croissance régionale 2010-2022,"auto-écoles de la collecte 2021-2022, activité non vérifiée ; cible gardée à sa valeur de 2022 (A1-3)",,
Préfecture,Kpendjal,Savanes,Savanes,,Hors levier,Remise en état,km à remettre en état,2031,+5 ans,3.0,"14,35 % des km évalués en mauvais état (médiane de O3-02)",0.0,0.0,0.0,part des km évalués en mauvais état (%),5.21,5.21,110833.0,C,A1 §4 ; recensement 2022 ; projections de l'INSEED 2011-2031 ; variante (b) : croissance régionale 2010-2022,relevé de 2020 ; même valeur à chaque palier : aucune donnée ne mesure l’usure,,
Préfecture,Kpendjal,Savanes,Savanes,,Toutes,Accès rural,ruraux à plus de 2 km d’une route revêtue,2031,+5 ans,,aucune (10 §4.6),86414.0,83122.0,86414.0,part des ruraux à moins de 2 km (%),14.56,,110833.0,C,A1 §4 ; recensement 2022 ; projections de l'INSEED 2011-2031 ; variante (b) : croissance régionale 2010-2022,"population rurale supposée uniforme dans la préfecture, comme au 10 ; aucune cible (10 §4.6)",,
Préfecture,Zio,Maritime hors Grand Lomé,Maritime,,Hors levier,Auto-écoles,auto-écoles à ouvrir,2031,+5 ans,1.0,"1,065 pour 100 000 habitants (écart 21)",6.0,6.0,6.0,auto-écoles agréées pour 100 000 habitants,0.16,1.13,619983.0,C,A1 §4 ; recensement 2022 ; projections de l'INSEED 2011-2031 ; variante (b) : croissance régionale 2010-2022,"auto-écoles de la collecte 2021-2022, activité non vérifiée ; cible gardée à sa valeur de 2022 (A1-3)",,
Préfecture,Zio,Maritime hors Grand Lomé,Maritime,,Hors levier,Remise en état,km à remettre en état,2031,+5 ans,16.6,"14,35 % des km évalués en mauvais état (médiane de O3-02)",2.7,2.7,2.7,part des km évalués en mauvais état (%),17.17,14.37,619983.0,C,A1 §4 ; recensement 2022 ; projections de l'INSEED 2011-2031 ; variante (b) : croissance régionale 2010-2022,relevé de 2020 ; même valeur à chaque palier : aucune donnée ne mesure l’usure,,
Préfecture,Zio,Maritime hors Grand Lomé,Maritime,,Toutes,Accès rural,ruraux à plus de 2 km d’une route revêtue,2031,+5 ans,,aucune (10 §4.6),444938.0,432947.0,444938.0,part des ruraux à moins de 2 km (%),15.2,,619983.0,C,A1 §4 ; recensement 2022 ; projections de l'INSEED 2011-2031 ; variante (b) : croissance régionale 2010-2022,"population rurale supposée uniforme dans la préfecture, comme au 10 ; aucune cible (10 §4.6)",,
Préfecture,Wawa,Plateaux,Plateaux,,Hors levier,Auto-écoles,auto-écoles à ouvrir,2031,+5 ans,2.0,"1,065 pour 100 000 habitants (écart 21)",0.0,0.0,0.0,auto-écoles agréées pour 100 000 habitants,1.76,1.76,113628.0,C,A1 §4 ; recensement 2022 ; projections de l'INSEED 2011-2031 ; variante (b) : croissance régionale 2010-2022,"auto-écoles de la collecte 2021-2022, activité non vérifiée ; cible gardée à sa valeur de 2022 (A1-3)",,
Préfecture,Wawa,Plateaux,Plateaux,REC-R2,Levier du 08,Remise en état,km à remettre en état,2031,+5 ans,38.3,"14,35 % des km évalués en mauvais état (médiane de O3-02)",19.7,19.7,19.7,part des km évalués en mauvais état (%),29.48,14.31,113628.0,C,A1 §4 ; recensement 2022 ; projections de l'INSEED 2011-2031 ; variante (b) : croissance régionale 2010-2022,relevé de 2020 ; même valeur à chaque palier : aucune donnée ne mesure l’usure,,
Préfecture,Wawa,Plateaux,Plateaux,,Toutes,Accès rural,ruraux à plus de 2 km d’une route revêtue,2031,+5 ans,,aucune (10 §4.6),69619.0,69619.0,74881.0,part des ruraux à moins de 2 km (%),30.88,,113628.0,C,A1 §4 ; recensement 2022 ; projections de l'INSEED 2011-2031 ; variante (b) : croissance régionale 2010-2022,"population rurale supposée uniforme dans la préfecture, comme au 10 ; aucune cible (10 §4.6)",,
Préfecture,Amou,Plateaux,Plateaux,REC-F2,Levier du 08,Auto-écoles,auto-écoles à ouvrir,2031,+5 ans,0.0,"1,065 pour 100 000 habitants (écart 21)",2.0,2.0,2.0,auto-écoles agréées pour 100 000 habitants,0.0,1.56,128066.0,C,A1 §4 ; recensement 2022 ; projections de l'INSEED 2011-2031 ; variante (b) : croissance régionale 2010-2022,"auto-écoles de la collecte 2021-2022, activité non vérifiée ; cible gardée à sa valeur de 2022 (A1-3)",,
Préfecture,Amou,Plateaux,Plateaux,,Hors levier,Remise en état,km à remettre en état,2031,+5 ans,4.0,"14,35 % des km évalués en mauvais état (médiane de O3-02)",0.0,0.0,0.0,part des km évalués en mauvais état (%),4.45,4.45,128066.0,C,A1 §4 ; recensement 2022 ; projections de l'INSEED 2011-2031 ; variante (b) : croissance régionale 2010-2022,relevé de 2020 ; même valeur à chaque palier : aucune donnée ne mesure l’usure,,
Préfecture,Amou,Plateaux,Plateaux,,Toutes,Accès rural,ruraux à plus de 2 km d’une route revêtue,2031,+5 ans,,aucune (10 §4.6),104386.0,104386.0,112275.0,part des ruraux à moins de 2 km (%),12.35,,128066.0,C,A1 §4 ; recensement 2022 ; projections de l'INSEED 2011-2031 ; variante (b) : croissance régionale 2010-2022,"population rurale supposée uniforme dans la préfecture, comme au 10 ; aucune cible (10 §4.6)",,
Préfecture,Doufelgou,Kara,Kara,REC-F1,Levier du 08,Auto-écoles,auto-écoles à ouvrir,2031,+5 ans,0.0,"1,065 pour 100 000 habitants (écart 21)",2.0,2.0,2.0,auto-écoles agréées pour 100 000 habitants,0.0,1.99,100449.0,C,A1 §4 ; recensement 2022 ; projections de l'INSEED 2011-2031 ; variante (b) : croissance régionale 2010-2022,"auto-écoles de la collecte 2021-2022, activité non vérifiée ; cible gardée à sa valeur de 2022 (A1-3)",,
Préfecture,Doufelgou,Kara,Kara,,Hors levier,Remise en état,km à remettre en état,2031,+5 ans,3.4,"14,35 % des km évalués en mauvais état (médiane de O3-02)",0.0,0.0,0.0,part des km évalués en mauvais état (%),3.4,3.4,100449.0,C,A1 §4 ; recensement 2022 ; projections de l'INSEED 2011-2031 ; variante (b) : croissance régionale 2010-2022,relevé de 2020 ; même valeur à chaque palier : aucune donnée ne mesure l’usure,,
Préfecture,Doufelgou,Kara,Kara,,Toutes,Accès rural,ruraux à plus de 2 km d’une route revêtue,2031,+5 ans,,aucune (10 §4.6),53168.0,53168.0,54131.0,part des ruraux à moins de 2 km (%),22.15,,100449.0,C,A1 §4 ; recensement 2022 ; projections de l'INSEED 2011-2031 ; variante (b) : croissance régionale 2010-2022,"population rurale supposée uniforme dans la préfecture, comme au 10 ; aucune cible (10 §4.6)",,
Préfecture,Binah,Kara,Kara,REC-F1,Levier du 08,Auto-écoles,auto-écoles à ouvrir,2031,+5 ans,0.0,"1,065 pour 100 000 habitants (écart 21)",2.0,2.0,2.0,auto-écoles agréées pour 100 000 habitants,0.0,2.0,99776.0,C,A1 §4 ; recensement 2022 ; projections de l'INSEED 2011-2031 ; variante (b) : croissance régionale 2010-2022,"auto-écoles de la collecte 2021-2022, activité non vérifiée ; cible gardée à sa valeur de 2022 (A1-3)",,
Préfecture,Binah,Kara,Kara,,Hors levier,Remise en état,km à remettre en état,2031,+5 ans,1.5,"14,35 % des km évalués en mauvais état (médiane de O3-02)",0.0,0.0,0.0,part des km évalués en mauvais état (%),3.34,3.34,99776.0,C,A1 §4 ; recensement 2022 ; projections de l'INSEED 2011-2031 ; variante (b) : croissance régionale 2010-2022,relevé de 2020 ; même valeur à chaque palier : aucune donnée ne mesure l’usure,,
Préfecture,Binah,Kara,Kara,,Toutes,Accès rural,ruraux à plus de 2 km d’une route revêtue,2031,+5 ans,,aucune (10 §4.6),77795.0,77795.0,79205.0,part des ruraux à moins de 2 km (%),14.46,,99776.0,C,A1 §4 ; recensement 2022 ; projections de l'INSEED 2011-2031 ; variante (b) : croissance régionale 2010-2022,"population rurale supposée uniforme dans la préfecture, comme au 10 ; aucune cible (10 §4.6)",,
Préfecture,Avé,Maritime hors Grand Lomé,Maritime,REC-F1,Levier du 08,Auto-écoles,auto-écoles à ouvrir,2031,+5 ans,0.0,"1,065 pour 100 000 habitants (écart 21)",2.0,2.0,2.0,auto-écoles agréées pour 100 000 habitants,0.0,1.45,137893.0,C,A1 §4 ; recensement 2022 ; projections de l'INSEED 2011-2031 ; variante (b) : croissance régionale 2010-2022,"auto-écoles de la collecte 2021-2022, activité non vérifiée ; cible gardée à sa valeur de 2022 (A1-3)",,
Préfecture,Avé,Maritime hors Grand Lomé,Maritime,,Hors levier,Remise en état,km à remettre en état,2031,+5 ans,3.0,"14,35 % des km évalués en mauvais état (médiane de O3-02)",0.0,0.0,0.0,part des km évalués en mauvais état (%),2.75,2.75,137893.0,C,A1 §4 ; recensement 2022 ; projections de l'INSEED 2011-2031 ; variante (b) : croissance régionale 2010-2022,relevé de 2020 ; même valeur à chaque palier : aucune donnée ne mesure l’usure,,
Préfecture,Avé,Maritime hors Grand Lomé,Maritime,,Toutes,Accès rural,ruraux à plus de 2 km d’une route revêtue,2031,+5 ans,,aucune (10 §4.6),103501.0,100712.0,103501.0,part des ruraux à moins de 2 km (%),21.27,,137893.0,C,A1 §4 ; recensement 2022 ; projections de l'INSEED 2011-2031 ; variante (b) : croissance régionale 2010-2022,"population rurale supposée uniforme dans la préfecture, comme au 10 ; aucune cible (10 §4.6)",,
Préfecture,Sotouboua,Centrale,Centrale,,Hors levier,Auto-écoles,auto-écoles à ouvrir,2031,+5 ans,2.0,"1,065 pour 100 000 habitants (écart 21)",0.0,0.0,0.0,auto-écoles agréées pour 100 000 habitants,1.21,1.21,165281.0,C,A1 §4 ; recensement 2022 ; projections de l'INSEED 2011-2031 ; variante (b) : croissance régionale 2010-2022,"auto-écoles de la collecte 2021-2022, activité non vérifiée ; cible gardée à sa valeur de 2022 (A1-3)",,
Préfecture,Sotouboua,Centrale,Centrale,REC-R2,Levier du 08,Remise en état,km à remettre en état,2031,+5 ans,20.1,"14,35 % des km évalués en mauvais état (médiane de O3-02)",7.1,7.1,7.1,part des km évalués en mauvais état (%),22.26,14.38,165281.0,C,A1 §4 ; recensement 2022 ; projections de l'INSEED 2011-2031 ; variante (b) : croissance régionale 2010-2022,relevé de 2020 ; même valeur à chaque palier : aucune donnée ne mesure l’usure,,
Préfecture,Sotouboua,Centrale,Centrale,,Toutes,Accès rural,ruraux à plus de 2 km d’une route revêtue,2031,+5 ans,,aucune (10 §4.6),113922.0,113922.0,115476.0,part des ruraux à moins de 2 km (%),10.04,,165281.0,C,A1 §4 ; recensement 2022 ; projections de l'INSEED 2011-2031 ; variante (b) : croissance régionale 2010-2022,"population rurale supposée uniforme dans la préfecture, comme au 10 ; aucune cible (10 §4.6)",,
Préfecture,Tandjoaré,Savanes,Savanes,REC-F1,Levier du 08,Auto-écoles,auto-écoles à ouvrir,2031,+5 ans,0.0,"1,065 pour 100 000 habitants (écart 21)",2.0,2.0,2.0,auto-écoles agréées pour 100 000 habitants,0.0,1.15,174175.0,C,A1 §4 ; recensement 2022 ; projections de l'INSEED 2011-2031 ; variante (b) : croissance régionale 2010-2022,"auto-écoles de la collecte 2021-2022, activité non vérifiée ; cible gardée à sa valeur de 2022 (A1-3)",,
Préfecture,Tandjoaré,Savanes,Savanes,,Hors levier,Remise en état,km à remettre en état,2031,+5 ans,0.3,"14,35 % des km évalués en mauvais état (médiane de O3-02)",0.0,0.0,0.0,part des km évalués en mauvais état (%),1.09,1.09,174175.0,C,A1 §4 ; recensement 2022 ; projections de l'INSEED 2011-2031 ; variante (b) : croissance régionale 2010-2022,relevé de 2020 ; même valeur à chaque palier : aucune donnée ne mesure l’usure,,
Préfecture,Tandjoaré,Savanes,Savanes,,Toutes,Accès rural,ruraux à plus de 2 km d’une route revêtue,2031,+5 ans,,aucune (10 §4.6),153283.0,147443.0,153283.0,part des ruraux à moins de 2 km (%),9.99,,174175.0,C,A1 §4 ; recensement 2022 ; projections de l'INSEED 2011-2031 ; variante (b) : croissance régionale 2010-2022,"population rurale supposée uniforme dans la préfecture, comme au 10 ; aucune cible (10 §4.6)",,
Préfecture,Agoè-Nyivé,Grand Lomé,Maritime,,Hors levier,Auto-écoles,auto-écoles à ouvrir,2031,+5 ans,29.0,"1,065 pour 100 000 habitants (écart 21)",0.0,0.0,0.0,auto-écoles agréées pour 100 000 habitants,2.65,2.65,1094442.0,C,A1 §4 ; recensement 2022 ; projections de l'INSEED 2011-2031 ; variante (b) : croissance régionale 2010-2022,"auto-écoles de la collecte 2021-2022, activité non vérifiée ; cible gardée à sa valeur de 2022 (A1-3)",,
Préfecture,Agoè-Nyivé,Grand Lomé,Maritime,REC-R2,Levier du 08,Remise en état,km à remettre en état,2031,+5 ans,7.2,"14,35 % des km évalués en mauvais état (médiane de O3-02)",3.2,3.2,3.2,part des km évalués en mauvais état (%),26.0,14.48,1094442.0,C,A1 §4 ; recensement 2022 ; projections de l'INSEED 2011-2031 ; variante (b) : croissance régionale 2010-2022,relevé de 2020 ; même valeur à chaque palier : aucune donnée ne mesure l’usure,,
Préfecture,Agoè-Nyivé,Grand Lomé,Maritime,,Toutes,Accès rural,ruraux à plus de 2 km d’une route revêtue,2031,+5 ans,,aucune (10 §4.6),0.0,0.0,0.0,part des ruraux à moins de 2 km (%),,,1094442.0,C,A1 §4 ; recensement 2022 ; projections de l'INSEED 2011-2031 ; variante (b) : croissance régionale 2010-2022,"population rurale supposée uniforme dans la préfecture, comme au 10 ; aucune cible (10 §4.6)",,
Préfecture,Assoli,Kara,Kara,,Hors levier,Auto-écoles,auto-écoles à ouvrir,2031,+5 ans,1.0,"1,065 pour 100 000 habitants (écart 21)",0.0,0.0,0.0,auto-écoles agréées pour 100 000 habitants,1.27,1.27,78677.0,C,A1 §4 ; recensement 2022 ; projections de l'INSEED 2011-2031 ; variante (b) : croissance régionale 2010-2022,"auto-écoles de la collecte 2021-2022, activité non vérifiée ; cible gardée à sa valeur de 2022 (A1-3)",,
Préfecture,Assoli,Kara,Kara,,Hors levier,Remise en état,km à remettre en état,2031,+5 ans,15.8,"14,35 % des km évalués en mauvais état (médiane de O3-02)",5.4,5.4,5.4,part des km évalués en mauvais état (%),21.77,14.32,78677.0,C,A1 §4 ; recensement 2022 ; projections de l'INSEED 2011-2031 ; variante (b) : croissance régionale 2010-2022,relevé de 2020 ; même valeur à chaque palier : aucune donnée ne mesure l’usure,,
Préfecture,Assoli,Kara,Kara,,Toutes,Accès rural,ruraux à plus de 2 km d’une route revêtue,2031,+5 ans,,aucune (10 §4.6),43213.0,43213.0,43996.0,part des ruraux à moins de 2 km (%),14.73,,78677.0,C,A1 §4 ; recensement 2022 ; projections de l'INSEED 2011-2031 ; variante (b) : croissance régionale 2010-2022,"population rurale supposée uniforme dans la préfecture, comme au 10 ; aucune cible (10 §4.6)",,
Préfecture,Kozah,Kara,Kara,,Hors levier,Auto-écoles,auto-écoles à ouvrir,2031,+5 ans,6.0,"1,065 pour 100 000 habitants (écart 21)",0.0,0.0,0.0,auto-écoles agréées pour 100 000 habitants,1.78,1.78,336230.0,C,A1 §4 ; recensement 2022 ; projections de l'INSEED 2011-2031 ; variante (b) : croissance régionale 2010-2022,"auto-écoles de la collecte 2021-2022, activité non vérifiée ; cible gardée à sa valeur de 2022 (A1-3)",,
Préfecture,Kozah,Kara,Kara,REC-R2,Levier du 08,Remise en état,km à remettre en état,2031,+5 ans,37.6,"14,35 % des km évalués en mauvais état (médiane de O3-02)",14.4,14.4,14.4,part des km évalués en mauvais état (%),23.28,14.35,336230.0,C,A1 §4 ; recensement 2022 ; projections de l'INSEED 2011-2031 ; variante (b) : croissance régionale 2010-2022,relevé de 2020 ; même valeur à chaque palier : aucune donnée ne mesure l’usure,,
Préfecture,Kozah,Kara,Kara,,Toutes,Accès rural,ruraux à plus de 2 km d’une route revêtue,2031,+5 ans,,aucune (10 §4.6),84703.0,84703.0,86238.0,part des ruraux à moins de 2 km (%),43.11,,336230.0,C,A1 §4 ; recensement 2022 ; projections de l'INSEED 2011-2031 ; variante (b) : croissance régionale 2010-2022,"population rurale supposée uniforme dans la préfecture, comme au 10 ; aucune cible (10 §4.6)",,
Préfecture,Cinkassé,Savanes,Savanes,,Hors levier,Auto-écoles,auto-écoles à ouvrir,2031,+5 ans,1.0,"1,065 pour 100 000 habitants (écart 21)",1.0,1.0,1.0,auto-écoles agréées pour 100 000 habitants,0.62,1.24,161748.0,C,A1 §4 ; recensement 2022 ; projections de l'INSEED 2011-2031 ; variante (b) : croissance régionale 2010-2022,"auto-écoles de la collecte 2021-2022, activité non vérifiée ; cible gardée à sa valeur de 2022 (A1-3)",,
Préfecture,Cinkassé,Savanes,Savanes,,Hors levier,Remise en état,km à remettre en état,2031,+5 ans,4.4,"14,35 % des km évalués en mauvais état (médiane de O3-02)",0.0,0.0,0.0,part des km évalués en mauvais état (%),12.12,12.12,161748.0,C,A1 §4 ; recensement 2022 ; projections de l'INSEED 2011-2031 ; variante (b) : croissance régionale 2010-2022,relevé de 2020 ; même valeur à chaque palier : aucune donnée ne mesure l’usure,,
Préfecture,Cinkassé,Savanes,Savanes,,Toutes,Accès rural,ruraux à plus de 2 km d’une route revêtue,2031,+5 ans,,aucune (10 §4.6),61691.0,59341.0,61691.0,part des ruraux à moins de 2 km (%),31.81,,161748.0,C,A1 §4 ; recensement 2022 ; projections de l'INSEED 2011-2031 ; variante (b) : croissance régionale 2010-2022,"population rurale supposée uniforme dans la préfecture, comme au 10 ; aucune cible (10 §4.6)",,
Préfecture,Kéran,Kara,Kara,REC-F1,Levier du 08,Auto-écoles,auto-écoles à ouvrir,2031,+5 ans,0.0,"1,065 pour 100 000 habitants (écart 21)",2.0,2.0,2.0,auto-écoles agréées pour 100 000 habitants,0.0,1.31,152494.0,C,A1 §4 ; recensement 2022 ; projections de l'INSEED 2011-2031 ; variante (b) : croissance régionale 2010-2022,"auto-écoles de la collecte 2021-2022, activité non vérifiée ; cible gardée à sa valeur de 2022 (A1-3)",,
Préfecture,Kéran,Kara,Kara,,Hors levier,Remise en état,km à remettre en état,2031,+5 ans,0.2,"14,35 % des km évalués en mauvais état (médiane de O3-02)",0.0,0.0,0.0,part des km évalués en mauvais état (%),0.18,0.18,152494.0,C,A1 §4 ; recensement 2022 ; projections de l'INSEED 2011-2031 ; variante (b) : croissance régionale 2010-2022,relevé de 2020 ; même valeur à chaque palier : aucune donnée ne mesure l’usure,,
Préfecture,Kéran,Kara,Kara,,Toutes,Accès rural,ruraux à plus de 2 km d’une route revêtue,2031,+5 ans,,aucune (10 §4.6),121124.0,121124.0,123319.0,part des ruraux à moins de 2 km (%),9.84,,152494.0,C,A1 §4 ; recensement 2022 ; projections de l'INSEED 2011-2031 ; variante (b) : croissance régionale 2010-2022,"population rurale supposée uniforme dans la préfecture, comme au 10 ; aucune cible (10 §4.6)",,
Préfecture,Tône,Savanes,Savanes,,Hors levier,Auto-écoles,auto-écoles à ouvrir,2031,+5 ans,3.0,"1,065 pour 100 000 habitants (écart 21)",3.0,2.0,3.0,auto-écoles agréées pour 100 000 habitants,0.62,1.23,487625.0,C,A1 §4 ; recensement 2022 ; projections de l'INSEED 2011-2031 ; variante (b) : croissance régionale 2010-2022,"auto-écoles de la collecte 2021-2022, activité non vérifiée ; cible gardée à sa valeur de 2022 (A1-3)",,
Préfecture,Tône,Savanes,Savanes,,Hors levier,Remise en état,km à remettre en état,2031,+5 ans,7.7,"14,35 % des km évalués en mauvais état (médiane de O3-02)",0.0,0.0,0.0,part des km évalués en mauvais état (%),9.15,9.15,487625.0,C,A1 §4 ; recensement 2022 ; projections de l'INSEED 2011-2031 ; variante (b) : croissance régionale 2010-2022,relevé de 2020 ; même valeur à chaque palier : aucune donnée ne mesure l’usure,,
Préfecture,Tône,Savanes,Savanes,,Toutes,Accès rural,ruraux à plus de 2 km d’une route revêtue,2031,+5 ans,,aucune (10 §4.6),270363.0,260063.0,270363.0,part des ruraux à moins de 2 km (%),20.49,,487625.0,C,A1 §4 ; recensement 2022 ; projections de l'INSEED 2011-2031 ; variante (b) : croissance régionale 2010-2022,"population rurale supposée uniforme dans la préfecture, comme au 10 ; aucune cible (10 §4.6)",,
Préfecture,Dankpen,Kara,Kara,REC-F1,Levier du 08,Auto-écoles,auto-écoles à ouvrir,2031,+5 ans,0.0,"1,065 pour 100 000 habitants (écart 21)",3.0,3.0,3.0,auto-écoles agréées pour 100 000 habitants,0.0,1.36,220010.0,C,A1 §4 ; recensement 2022 ; projections de l'INSEED 2011-2031 ; variante (b) : croissance régionale 2010-2022,"auto-écoles de la collecte 2021-2022, activité non vérifiée ; cible gardée à sa valeur de 2022 (A1-3)",,
Préfecture,Dankpen,Kara,Kara,,Hors levier,Remise en état,km à remettre en état,2031,+5 ans,0.0,"14,35 % des km évalués en mauvais état (médiane de O3-02)",0.0,0.0,0.0,part des km évalués en mauvais état (%),0.0,0.0,220010.0,C,A1 §4 ; recensement 2022 ; projections de l'INSEED 2011-2031 ; variante (b) : croissance régionale 2010-2022,relevé de 2020 ; même valeur à chaque palier : aucune donnée ne mesure l’usure,,
Préfecture,Dankpen,Kara,Kara,,Toutes,Accès rural,ruraux à plus de 2 km d’une route revêtue,2031,+5 ans,,aucune (10 §4.6),183084.0,183084.0,186402.0,part des ruraux à moins de 2 km (%),6.71,,220010.0,C,A1 §4 ; recensement 2022 ; projections de l'INSEED 2011-2031 ; variante (b) : croissance régionale 2010-2022,"population rurale supposée uniforme dans la préfecture, comme au 10 ; aucune cible (10 §4.6)",,
Préfecture,Moyen-Mono,Plateaux,Plateaux,REC-F1,Levier du 08,Auto-écoles,auto-écoles à ouvrir,2031,+5 ans,0.0,"1,065 pour 100 000 habitants (écart 21)",2.0,2.0,2.0,auto-écoles agréées pour 100 000 habitants,0.0,1.97,101519.0,C,A1 §4 ; recensement 2022 ; projections de l'INSEED 2011-2031 ; variante (b) : croissance régionale 2010-2022,"auto-écoles de la collecte 2021-2022, activité non vérifiée ; cible gardée à sa valeur de 2022 (A1-3)",,
Préfecture,Moyen-Mono,Plateaux,Plateaux,,Hors levier,Remise en état,km à remettre en état,2031,+5 ans,0.0,"14,35 % des km évalués en mauvais état (médiane de O3-02)",0.0,0.0,0.0,part des km évalués en mauvais état (%),0.0,0.0,101519.0,C,A1 §4 ; recensement 2022 ; projections de l'INSEED 2011-2031 ; variante (b) : croissance régionale 2010-2022,relevé de 2020 ; même valeur à chaque palier : aucune donnée ne mesure l’usure,,
Préfecture,Moyen-Mono,Plateaux,Plateaux,,Toutes,Accès rural,ruraux à plus de 2 km d’une route revêtue,2031,+5 ans,,aucune (10 §4.6),84771.0,84771.0,91178.0,part des ruraux à moins de 2 km (%),7.8,,101519.0,C,A1 §4 ; recensement 2022 ; projections de l'INSEED 2011-2031 ; variante (b) : croissance régionale 2010-2022,"population rurale supposée uniforme dans la préfecture, comme au 10 ; aucune cible (10 §4.6)",,
Préfecture,Kpélé,Plateaux,Plateaux,,Hors levier,Auto-écoles,auto-écoles à ouvrir,2031,+5 ans,1.0,"1,065 pour 100 000 habitants (écart 21)",0.0,0.0,1.0,auto-écoles agréées pour 100 000 habitants,1.1,1.1,90789.0,C,A1 §4 ; recensement 2022 ; projections de l'INSEED 2011-2031 ; variante (b) : croissance régionale 2010-2022,"auto-écoles de la collecte 2021-2022, activité non vérifiée ; cible gardée à sa valeur de 2022 (A1-3)",,
Préfecture,Kpélé,Plateaux,Plateaux,,Hors levier,Remise en état,km à remettre en état,2031,+5 ans,5.9,"14,35 % des km évalués en mauvais état (médiane de O3-02)",0.0,0.0,0.0,part des km évalués en mauvais état (%),14.26,14.26,90789.0,C,A1 §4 ; recensement 2022 ; projections de l'INSEED 2011-2031 ; variante (b) : croissance régionale 2010-2022,relevé de 2020 ; même valeur à chaque palier : aucune donnée ne mesure l’usure,,
Préfecture,Kpélé,Plateaux,Plateaux,,Toutes,Accès rural,ruraux à plus de 2 km d’une route revêtue,2031,+5 ans,,aucune (10 §4.6),61706.0,61706.0,66369.0,part des ruraux à moins de 2 km (%),16.39,,90789.0,C,A1 §4 ; recensement 2022 ; projections de l'INSEED 2011-2031 ; variante (b) : croissance régionale 2010-2022,"population rurale supposée uniforme dans la préfecture, comme au 10 ; aucune cible (10 §4.6)",,
Préfecture,Lacs,Maritime hors Grand Lomé,Maritime,,Hors levier,Auto-écoles,auto-écoles à ouvrir,2031,+5 ans,2.0,"1,065 pour 100 000 habitants (écart 21)",2.0,2.0,2.0,auto-écoles agréées pour 100 000 habitants,0.67,1.34,299119.0,C,A1 §4 ; recensement 2022 ; projections de l'INSEED 2011-2031 ; variante (b) : croissance régionale 2010-2022,"auto-écoles de la collecte 2021-2022, activité non vérifiée ; cible gardée à sa valeur de 2022 (A1-3)",,
Préfecture,Lacs,Maritime hors Grand Lomé,Maritime,,Hors levier,Remise en état,km à remettre en état,2031,+5 ans,7.7,"14,35 % des km évalués en mauvais état (médiane de O3-02)",0.0,0.0,0.0,part des km évalués en mauvais état (%),9.38,9.38,299119.0,C,A1 §4 ; recensement 2022 ; projections de l'INSEED 2011-2031 ; variante (b) : croissance régionale 2010-2022,relevé de 2020 ; même valeur à chaque palier : aucune donnée ne mesure l’usure,,
Préfecture,Lacs,Maritime hors Grand Lomé,Maritime,,Toutes,Accès rural,ruraux à plus de 2 km d’une route revêtue,2031,+5 ans,,aucune (10 §4.6),143210.0,139351.0,143210.0,part des ruraux à moins de 2 km (%),45.78,,299119.0,C,A1 §4 ; recensement 2022 ; projections de l'INSEED 2011-2031 ; variante (b) : croissance régionale 2010-2022,"population rurale supposée uniforme dans la préfecture, comme au 10 ; aucune cible (10 §4.6)",,
Préfecture,Vo,Maritime hors Grand Lomé,Maritime,,Hors levier,Auto-écoles,auto-écoles à ouvrir,2031,+5 ans,2.0,"1,065 pour 100 000 habitants (écart 21)",1.0,1.0,1.0,auto-écoles agréées pour 100 000 habitants,0.72,1.08,278244.0,C,A1 §4 ; recensement 2022 ; projections de l'INSEED 2011-2031 ; variante (b) : croissance régionale 2010-2022,"auto-écoles de la collecte 2021-2022, activité non vérifiée ; cible gardée à sa valeur de 2022 (A1-3)",,
Préfecture,Vo,Maritime hors Grand Lomé,Maritime,,Hors levier,Remise en état,km à remettre en état,2031,+5 ans,2.9,"14,35 % des km évalués en mauvais état (médiane de O3-02)",0.0,0.0,0.0,part des km évalués en mauvais état (%),4.57,4.57,278244.0,C,A1 §4 ; recensement 2022 ; projections de l'INSEED 2011-2031 ; variante (b) : croissance régionale 2010-2022,relevé de 2020 ; même valeur à chaque palier : aucune donnée ne mesure l’usure,,
Préfecture,Vo,Maritime hors Grand Lomé,Maritime,,Toutes,Accès rural,ruraux à plus de 2 km d’une route revêtue,2031,+5 ans,,aucune (10 §4.6),172274.0,167631.0,172274.0,part des ruraux à moins de 2 km (%),30.33,,278244.0,C,A1 §4 ; recensement 2022 ; projections de l'INSEED 2011-2031 ; variante (b) : croissance régionale 2010-2022,"population rurale supposée uniforme dans la préfecture, comme au 10 ; aucune cible (10 §4.6)",,
Préfecture,Golfe,Grand Lomé,Maritime,,Hors levier,Auto-écoles,auto-écoles à ouvrir,2031,+5 ans,74.0,"1,065 pour 100 000 habitants (écart 21)",0.0,0.0,0.0,auto-écoles agréées pour 100 000 habitants,4.57,4.57,1618897.0,C,A1 §4 ; recensement 2022 ; projections de l'INSEED 2011-2031 ; variante (b) : croissance régionale 2010-2022,"auto-écoles de la collecte 2021-2022, activité non vérifiée ; cible gardée à sa valeur de 2022 (A1-3)",,
Préfecture,Golfe,Grand Lomé,Maritime,,Hors levier,Remise en état,km à remettre en état,2031,+5 ans,0.3,"14,35 % des km évalués en mauvais état (médiane de O3-02)",0.0,0.0,0.0,part des km évalués en mauvais état (%),0.49,0.49,1618897.0,C,A1 §4 ; recensement 2022 ; projections de l'INSEED 2011-2031 ; variante (b) : croissance régionale 2010-2022,relevé de 2020 ; même valeur à chaque palier : aucune donnée ne mesure l’usure,,
Préfecture,Golfe,Grand Lomé,Maritime,,Toutes,Accès rural,ruraux à plus de 2 km d’une route revêtue,2031,+5 ans,,aucune (10 §4.6),0.0,0.0,0.0,part des ruraux à moins de 2 km (%),,,1618897.0,C,A1 §4 ; recensement 2022 ; projections de l'INSEED 2011-2031 ; variante (b) : croissance régionale 2010-2022,"population rurale supposée uniforme dans la préfecture, comme au 10 ; aucune cible (10 §4.6)",,
Préfecture,Mô,Centrale,Centrale,REC-F1,Levier du 08,Auto-écoles,auto-écoles à ouvrir,2031,+5 ans,0.0,"1,065 pour 100 000 habitants (écart 21)",1.0,1.0,1.0,auto-écoles agréées pour 100 000 habitants,0.0,1.6,62426.0,C,A1 §4 ; recensement 2022 ; projections de l'INSEED 2011-2031 ; variante (b) : croissance régionale 2010-2022,"auto-écoles de la collecte 2021-2022, activité non vérifiée ; cible gardée à sa valeur de 2022 (A1-3)",,
Préfecture,Mô,Centrale,Centrale,,Hors levier,Remise en état,km à remettre en état,2031,+5 ans,0.0,"14,35 % des km évalués en mauvais état (médiane de O3-02)",0.0,0.0,0.0,part des km évalués en mauvais état (%),,,62426.0,C,A1 §4 ; recensement 2022 ; projections de l'INSEED 2011-2031 ; variante (b) : croissance régionale 2010-2022,relevé de 2020 ; même valeur à chaque palier : aucune donnée ne mesure l’usure,,
Préfecture,Mô,Centrale,Centrale,,Toutes,Accès rural,ruraux à plus de 2 km d’une route revêtue,2031,+5 ans,,aucune (10 §4.6),52769.0,52769.0,53489.0,part des ruraux à moins de 2 km (%),0.0,,62426.0,C,A1 §4 ; recensement 2022 ; projections de l'INSEED 2011-2031 ; variante (b) : croissance régionale 2010-2022,"population rurale supposée uniforme dans la préfecture, comme au 10 ; aucune cible (10 §4.6)",,
Préfecture,Mô,Centrale,Centrale,REC-R4,Levier du 10,Desserte de Mô,km de routes classées,2031,+5 ans,0.0,"5,39 km pour 10 000 habitants (écart 28)",33.6,33.6,34.1,km de routes classées pour 10 000 habitants,0.0,5.39,62426.0,C,A1 §4 ; recensement 2022 ; projections de l'INSEED 2011-2031 ; variante (b) : croissance régionale 2010-2022,ordre de grandeur derrière une vérification (REC-R4),,
Zone,Centrale,Centrale,,,Levier du 08,Auto-écoles,auto-écoles à ouvrir,2022,Passé,0.0,"1,065 pour 100 000 habitants (écart 21)",6.0,6.0,6.0,auto-écoles agréées pour 100 000 habitants,0.0,1.44,416305.0,B,A1 §4 ; 08 (O5-04) ; 10,"auto-écoles de la collecte 2021-2022, activité non vérifiée ; cible gardée à sa valeur de 2022 (A1-3)",,
Zone,Kara,Kara,,,Levier du 08,Auto-écoles,auto-écoles à ouvrir,2022,Passé,0.0,"1,065 pour 100 000 habitants (écart 21)",8.0,8.0,8.0,auto-écoles agréées pour 100 000 habitants,0.0,1.26,635380.0,B,A1 §4 ; 08 (O5-04) ; 10,"auto-écoles de la collecte 2021-2022, activité non vérifiée ; cible gardée à sa valeur de 2022 (A1-3)",,
Zone,Maritime hors Grand Lomé,Maritime hors Grand Lomé,,,Levier du 08,Auto-écoles,auto-écoles à ouvrir,2022,Passé,0.0,"1,065 pour 100 000 habitants (écart 21)",6.0,6.0,6.0,auto-écoles agréées pour 100 000 habitants,0.0,1.58,380925.0,B,A1 §4 ; 08 (O5-04) ; 10,"auto-écoles de la collecte 2021-2022, activité non vérifiée ; cible gardée à sa valeur de 2022 (A1-3)",,
Zone,Plateaux,Plateaux,,,Levier du 08,Auto-écoles,auto-écoles à ouvrir,2022,Passé,0.0,"1,065 pour 100 000 habitants (écart 21)",12.0,12.0,12.0,auto-écoles agréées pour 100 000 habitants,0.0,1.37,874096.0,B,A1 §4 ; 08 (O5-04) ; 10,"auto-écoles de la collecte 2021-2022, activité non vérifiée ; cible gardée à sa valeur de 2022 (A1-3)",,
Zone,Savanes,Savanes,,,Levier du 08,Auto-écoles,auto-écoles à ouvrir,2022,Passé,0.0,"1,065 pour 100 000 habitants (écart 21)",9.0,9.0,9.0,auto-écoles agréées pour 100 000 habitants,0.0,1.44,625786.0,B,A1 §4 ; 08 (O5-04) ; 10,"auto-écoles de la collecte 2021-2022, activité non vérifiée ; cible gardée à sa valeur de 2022 (A1-3)",,
Zone,Centrale,Centrale,,,Levier du 08,Auto-écoles,auto-écoles à ouvrir,2026,Actuel,0.0,"1,065 pour 100 000 habitants (écart 21)",6.0,6.0,6.0,auto-écoles agréées pour 100 000 habitants,0.0,1.33,450521.0,C,A1 §4 ; recensement 2022 ; projections de l'INSEED 2011-2031 ; variante (b) : croissance régionale 2010-2022,"auto-écoles de la collecte 2021-2022, activité non vérifiée ; cible gardée à sa valeur de 2022 (A1-3)",,
Zone,Kara,Kara,,,Levier du 08,Auto-écoles,auto-écoles à ouvrir,2026,Actuel,0.0,"1,065 pour 100 000 habitants (écart 21)",9.0,9.0,9.0,auto-écoles agréées pour 100 000 habitants,0.0,1.31,686256.0,C,A1 §4 ; recensement 2022 ; projections de l'INSEED 2011-2031 ; variante (b) : croissance régionale 2010-2022,"auto-écoles de la collecte 2021-2022, activité non vérifiée ; cible gardée à sa valeur de 2022 (A1-3)",,
Zone,Maritime hors Grand Lomé,Maritime hors Grand Lomé,,,Levier du 08,Auto-écoles,auto-écoles à ouvrir,2026,Actuel,0.0,"1,065 pour 100 000 habitants (écart 21)",7.0,7.0,7.0,auto-écoles agréées pour 100 000 habitants,0.0,1.67,419789.0,C,A1 §4 ; recensement 2022 ; projections de l'INSEED 2011-2031 ; variante (b) : croissance régionale 2010-2022,"auto-écoles de la collecte 2021-2022, activité non vérifiée ; cible gardée à sa valeur de 2022 (A1-3)",,
Zone,Plateaux,Plateaux,,,Levier du 08,Auto-écoles,auto-écoles à ouvrir,2026,Actuel,0.0,"1,065 pour 100 000 habitants (écart 21)",13.0,13.0,13.0,auto-écoles agréées pour 100 000 habitants,0.0,1.41,921330.0,C,A1 §4 ; recensement 2022 ; projections de l'INSEED 2011-2031 ; variante (b) : croissance régionale 2010-2022,"auto-écoles de la collecte 2021-2022, activité non vérifiée ; cible gardée à sa valeur de 2022 (A1-3)",,
Zone,Savanes,Savanes,,,Levier du 08,Auto-écoles,auto-écoles à ouvrir,2026,Actuel,0.0,"1,065 pour 100 000 habitants (écart 21)",10.0,10.0,10.0,auto-écoles agréées pour 100 000 habitants,0.0,1.44,693174.0,C,A1 §4 ; recensement 2022 ; projections de l'INSEED 2011-2031 ; variante (b) : croissance régionale 2010-2022,"auto-écoles de la collecte 2021-2022, activité non vérifiée ; cible gardée à sa valeur de 2022 (A1-3)",,
Zone,Centrale,Centrale,,,Levier du 08,Auto-écoles,auto-écoles à ouvrir,2027,+1 an,0.0,"1,065 pour 100 000 habitants (écart 21)",6.0,6.0,6.0,auto-écoles agréées pour 100 000 habitants,0.0,1.31,459543.0,C,A1 §4 ; recensement 2022 ; projections de l'INSEED 2011-2031 ; variante (b) : croissance régionale 2010-2022,"auto-écoles de la collecte 2021-2022, activité non vérifiée ; cible gardée à sa valeur de 2022 (A1-3)",,
Zone,Kara,Kara,,,Levier du 08,Auto-écoles,auto-écoles à ouvrir,2027,+1 an,0.0,"1,065 pour 100 000 habitants (écart 21)",9.0,9.0,10.0,auto-écoles agréées pour 100 000 habitants,0.0,1.29,699656.0,C,A1 §4 ; recensement 2022 ; projections de l'INSEED 2011-2031 ; variante (b) : croissance régionale 2010-2022,"auto-écoles de la collecte 2021-2022, activité non vérifiée ; cible gardée à sa valeur de 2022 (A1-3)",,
Zone,Maritime hors Grand Lomé,Maritime hors Grand Lomé,,,Levier du 08,Auto-écoles,auto-écoles à ouvrir,2027,+1 an,0.0,"1,065 pour 100 000 habitants (écart 21)",7.0,7.0,7.0,auto-écoles agréées pour 100 000 habitants,0.0,1.63,430144.0,C,A1 §4 ; recensement 2022 ; projections de l'INSEED 2011-2031 ; variante (b) : croissance régionale 2010-2022,"auto-écoles de la collecte 2021-2022, activité non vérifiée ; cible gardée à sa valeur de 2022 (A1-3)",,
Zone,Plateaux,Plateaux,,,Levier du 08,Auto-écoles,auto-écoles à ouvrir,2027,+1 an,0.0,"1,065 pour 100 000 habitants (écart 21)",13.0,13.0,14.0,auto-écoles agréées pour 100 000 habitants,0.0,1.39,933606.0,C,A1 §4 ; recensement 2022 ; projections de l'INSEED 2011-2031 ; variante (b) : croissance régionale 2010-2022,"auto-écoles de la collecte 2021-2022, activité non vérifiée ; cible gardée à sa valeur de 2022 (A1-3)",,
Zone,Savanes,Savanes,,,Levier du 08,Auto-écoles,auto-écoles à ouvrir,2027,+1 an,0.0,"1,065 pour 100 000 habitants (écart 21)",10.0,10.0,10.0,auto-écoles agréées pour 100 000 habitants,0.0,1.41,711183.0,C,A1 §4 ; recensement 2022 ; projections de l'INSEED 2011-2031 ; variante (b) : croissance régionale 2010-2022,"auto-écoles de la collecte 2021-2022, activité non vérifiée ; cible gardée à sa valeur de 2022 (A1-3)",,
Zone,Centrale,Centrale,,,Levier du 08,Auto-écoles,auto-écoles à ouvrir,2029,+3 ans,0.0,"1,065 pour 100 000 habitants (écart 21)",6.0,6.0,7.0,auto-écoles agréées pour 100 000 habitants,0.0,1.26,477575.0,C,A1 §4 ; recensement 2022 ; projections de l'INSEED 2011-2031 ; variante (b) : croissance régionale 2010-2022,"auto-écoles de la collecte 2021-2022, activité non vérifiée ; cible gardée à sa valeur de 2022 (A1-3)",,
Zone,Kara,Kara,,,Levier du 08,Auto-écoles,auto-écoles à ouvrir,2029,+3 ans,0.0,"1,065 pour 100 000 habitants (écart 21)",11.0,11.0,11.0,auto-écoles agréées pour 100 000 habitants,0.0,1.51,726396.0,C,A1 §4 ; recensement 2022 ; projections de l'INSEED 2011-2031 ; variante (b) : croissance régionale 2010-2022,"auto-écoles de la collecte 2021-2022, activité non vérifiée ; cible gardée à sa valeur de 2022 (A1-3)",,
Zone,Maritime hors Grand Lomé,Maritime hors Grand Lomé,,,Levier du 08,Auto-écoles,auto-écoles à ouvrir,2029,+3 ans,0.0,"1,065 pour 100 000 habitants (écart 21)",7.0,7.0,7.0,auto-écoles agréées pour 100 000 habitants,0.0,1.55,451100.0,C,A1 §4 ; recensement 2022 ; projections de l'INSEED 2011-2031 ; variante (b) : croissance régionale 2010-2022,"auto-écoles de la collecte 2021-2022, activité non vérifiée ; cible gardée à sa valeur de 2022 (A1-3)",,
Zone,Plateaux,Plateaux,,,Levier du 08,Auto-écoles,auto-écoles à ouvrir,2029,+3 ans,0.0,"1,065 pour 100 000 habitants (écart 21)",14.0,14.0,15.0,auto-écoles agréées pour 100 000 habitants,0.0,1.46,957535.0,C,A1 §4 ; recensement 2022 ; projections de l'INSEED 2011-2031 ; variante (b) : croissance régionale 2010-2022,"auto-écoles de la collecte 2021-2022, activité non vérifiée ; cible gardée à sa valeur de 2022 (A1-3)",,
Zone,Savanes,Savanes,,,Levier du 08,Auto-écoles,auto-écoles à ouvrir,2029,+3 ans,0.0,"1,065 pour 100 000 habitants (écart 21)",10.0,10.0,10.0,auto-écoles agréées pour 100 000 habitants,0.0,1.34,747743.0,C,A1 §4 ; recensement 2022 ; projections de l'INSEED 2011-2031 ; variante (b) : croissance régionale 2010-2022,"auto-écoles de la collecte 2021-2022, activité non vérifiée ; cible gardée à sa valeur de 2022 (A1-3)",,
Zone,Centrale,Centrale,,,Levier du 08,Auto-écoles,auto-écoles à ouvrir,2031,+5 ans,0.0,"1,065 pour 100 000 habitants (écart 21)",7.0,7.0,7.0,auto-écoles agréées pour 100 000 habitants,0.0,1.41,495502.0,C,A1 §4 ; recensement 2022 ; projections de l'INSEED 2011-2031 ; variante (b) : croissance régionale 2010-2022,"auto-écoles de la collecte 2021-2022, activité non vérifiée ; cible gardée à sa valeur de 2022 (A1-3)",,
Zone,Kara,Kara,,,Levier du 08,Auto-écoles,auto-écoles à ouvrir,2031,+5 ans,0.0,"1,065 pour 100 000 habitants (écart 21)",11.0,11.0,11.0,auto-écoles agréées pour 100 000 habitants,0.0,1.46,752927.0,C,A1 §4 ; recensement 2022 ; projections de l'INSEED 2011-2031 ; variante (b) : croissance régionale 2010-2022,"auto-écoles de la collecte 2021-2022, activité non vérifiée ; cible gardée à sa valeur de 2022 (A1-3)",,
Zone,Maritime hors Grand Lomé,Maritime hors Grand Lomé,,,Levier du 08,Auto-écoles,auto-écoles à ouvrir,2031,+5 ans,0.0,"1,065 pour 100 000 habitants (écart 21)",7.0,7.0,7.0,auto-écoles agréées pour 100 000 habitants,0.0,1.48,472304.0,C,A1 §4 ; recensement 2022 ; projections de l'INSEED 2011-2031 ; variante (b) : croissance régionale 2010-2022,"auto-écoles de la collecte 2021-2022, activité non vérifiée ; cible gardée à sa valeur de 2022 (A1-3)",,
Zone,Plateaux,Plateaux,,,Levier du 08,Auto-écoles,auto-écoles à ouvrir,2031,+5 ans,0.0,"1,065 pour 100 000 habitants (écart 21)",14.0,14.0,15.0,auto-écoles agréées pour 100 000 habitants,0.0,1.43,980472.0,C,A1 §4 ; recensement 2022 ; projections de l'INSEED 2011-2031 ; variante (b) : croissance régionale 2010-2022,"auto-écoles de la collecte 2021-2022, activité non vérifiée ; cible gardée à sa valeur de 2022 (A1-3)",,
Zone,Savanes,Savanes,,,Levier du 08,Auto-écoles,auto-écoles à ouvrir,2031,+5 ans,0.0,"1,065 pour 100 000 habitants (écart 21)",11.0,10.0,11.0,auto-écoles agréées pour 100 000 habitants,0.0,1.4,784898.0,C,A1 §4 ; recensement 2022 ; projections de l'INSEED 2011-2031 ; variante (b) : croissance régionale 2010-2022,"auto-écoles de la collecte 2021-2022, activité non vérifiée ; cible gardée à sa valeur de 2022 (A1-3)",,
Zone,Centrale,Centrale,,,Toutes les préfectures,Auto-écoles,auto-écoles à ouvrir,2022,Passé,4.0,"1,065 pour 100 000 habitants (écart 21)",7.0,7.0,7.0,auto-écoles agréées pour 100 000 habitants,0.5,1.38,795529.0,B,A1 §4 ; 08 (O5-04) ; 10,"auto-écoles de la collecte 2021-2022, activité non vérifiée ; cible gardée à sa valeur de 2022 (A1-3)",,
Zone,Grand Lomé,Grand Lomé,,,Toutes les préfectures,Auto-écoles,auto-écoles à ouvrir,2022,Passé,103.0,"1,065 pour 100 000 habitants (écart 21)",0.0,0.0,0.0,auto-écoles agréées pour 100 000 habitants,4.71,4.71,2188376.0,B,A1 §4 ; 08 (O5-04) ; 10,"auto-écoles de la collecte 2021-2022, activité non vérifiée ; cible gardée à sa valeur de 2022 (A1-3)",,
Zone,Kara,Kara,,,Toutes les préfectures,Auto-écoles,auto-écoles à ouvrir,2022,Passé,7.0,"1,065 pour 100 000 habitants (écart 21)",8.0,8.0,8.0,auto-écoles agréées pour 100 000 habitants,0.71,1.52,985512.0,B,A1 §4 ; 08 (O5-04) ; 10,"auto-écoles de la collecte 2021-2022, activité non vérifiée ; cible gardée à sa valeur de 2022 (A1-3)",,
Zone,Maritime hors Grand Lomé,Maritime hors Grand Lomé,,,Toutes les préfectures,Auto-écoles,auto-écoles à ouvrir,2022,Passé,5.0,"1,065 pour 100 000 habitants (écart 21)",13.0,13.0,13.0,auto-écoles agréées pour 100 000 habitants,0.37,1.34,1346615.0,B,A1 §4 ; 08 (O5-04) ; 10,"auto-écoles de la collecte 2021-2022, activité non vérifiée ; cible gardée à sa valeur de 2022 (A1-3)",,
Zone,Plateaux,Plateaux,,,Toutes les préfectures,Auto-écoles,auto-écoles à ouvrir,2022,Passé,9.0,"1,065 pour 100 000 habitants (écart 21)",14.0,14.0,14.0,auto-écoles agréées pour 100 000 habitants,0.55,1.41,1635946.0,B,A1 §4 ; 08 (O5-04) ; 10,"auto-écoles de la collecte 2021-2022, activité non vérifiée ; cible gardée à sa valeur de 2022 (A1-3)",,
Zone,Savanes,Savanes,,,Toutes les préfectures,Auto-écoles,auto-écoles à ouvrir,2022,Passé,4.0,"1,065 pour 100 000 habitants (écart 21)",12.0,12.0,12.0,auto-écoles agréées pour 100 000 habitants,0.35,1.4,1143520.0,B,A1 §4 ; 08 (O5-04) ; 10,"auto-écoles de la collecte 2021-2022, activité non vérifiée ; cible gardée à sa valeur de 2022 (A1-3)",,
Zone,Centrale,Centrale,,,Toutes les préfectures,Auto-écoles,auto-écoles à ouvrir,2026,Actuel,4.0,"1,065 pour 100 000 habitants (écart 21)",7.0,7.0,7.0,auto-écoles agréées pour 100 000 habitants,0.46,1.28,860914.0,C,A1 §4 ; recensement 2022 ; projections de l'INSEED 2011-2031 ; variante (b) : croissance régionale 2010-2022,"auto-écoles de la collecte 2021-2022, activité non vérifiée ; cible gardée à sa valeur de 2022 (A1-3)",,
Zone,Grand Lomé,Grand Lomé,,,Toutes les préfectures,Auto-écoles,auto-écoles à ouvrir,2026,Actuel,103.0,"1,065 pour 100 000 habitants (écart 21)",0.0,0.0,0.0,auto-écoles agréées pour 100 000 habitants,4.27,4.27,2411648.0,C,A1 §4 ; recensement 2022 ; projections de l'INSEED 2011-2031 ; variante (b) : croissance régionale 2010-2022,"auto-écoles de la collecte 2021-2022, activité non vérifiée ; cible gardée à sa valeur de 2022 (A1-3)",,
Zone,Kara,Kara,,,Toutes les préfectures,Auto-écoles,auto-écoles à ouvrir,2026,Actuel,7.0,"1,065 pour 100 000 habitants (écart 21)",9.0,9.0,9.0,auto-écoles agréées pour 100 000 habitants,0.66,1.5,1064424.0,C,A1 §4 ; recensement 2022 ; projections de l'INSEED 2011-2031 ; variante (b) : croissance régionale 2010-2022,"auto-écoles de la collecte 2021-2022, activité non vérifiée ; cible gardée à sa valeur de 2022 (A1-3)",,
Zone,Maritime hors Grand Lomé,Maritime hors Grand Lomé,,,Toutes les préfectures,Auto-écoles,auto-écoles à ouvrir,2026,Actuel,5.0,"1,065 pour 100 000 habitants (écart 21)",14.0,14.0,14.0,auto-écoles agréées pour 100 000 habitants,0.34,1.28,1484005.0,C,A1 §4 ; recensement 2022 ; projections de l'INSEED 2011-2031 ; variante (b) : croissance régionale 2010-2022,"auto-écoles de la collecte 2021-2022, activité non vérifiée ; cible gardée à sa valeur de 2022 (A1-3)",,
Zone,Plateaux,Plateaux,,,Toutes les préfectures,Auto-écoles,auto-écoles à ouvrir,2026,Actuel,9.0,"1,065 pour 100 000 habitants (écart 21)",16.0,16.0,16.0,auto-écoles agréées pour 100 000 habitants,0.52,1.45,1724348.0,C,A1 §4 ; recensement 2022 ; projections de l'INSEED 2011-2031 ; variante (b) : croissance régionale 2010-2022,"auto-écoles de la collecte 2021-2022, activité non vérifiée ; cible gardée à sa valeur de 2022 (A1-3)",,
Zone,Savanes,Savanes,,,Toutes les préfectures,Auto-écoles,auto-écoles à ouvrir,2026,Actuel,4.0,"1,065 pour 100 000 habitants (écart 21)",13.0,13.0,13.0,auto-écoles agréées pour 100 000 habitants,0.32,1.34,1266661.0,C,A1 §4 ; recensement 2022 ; projections de l'INSEED 2011-2031 ; variante (b) : croissance régionale 2010-2022,"auto-écoles de la collecte 2021-2022, activité non vérifiée ; cible gardée à sa valeur de 2022 (A1-3)",,
Zone,Centrale,Centrale,,,Toutes les préfectures,Auto-écoles,auto-écoles à ouvrir,2027,+1 an,4.0,"1,065 pour 100 000 habitants (écart 21)",7.0,7.0,7.0,auto-écoles agréées pour 100 000 habitants,0.46,1.25,878154.0,C,A1 §4 ; recensement 2022 ; projections de l'INSEED 2011-2031 ; variante (b) : croissance régionale 2010-2022,"auto-écoles de la collecte 2021-2022, activité non vérifiée ; cible gardée à sa valeur de 2022 (A1-3)",,
Zone,Grand Lomé,Grand Lomé,,,Toutes les préfectures,Auto-écoles,auto-écoles à ouvrir,2027,+1 an,103.0,"1,065 pour 100 000 habitants (écart 21)",0.0,0.0,0.0,auto-écoles agréées pour 100 000 habitants,4.17,4.17,2471136.0,C,A1 §4 ; recensement 2022 ; projections de l'INSEED 2011-2031 ; variante (b) : croissance régionale 2010-2022,"auto-écoles de la collecte 2021-2022, activité non vérifiée ; cible gardée à sa valeur de 2022 (A1-3)",,
Zone,Kara,Kara,,,Toutes les préfectures,Auto-écoles,auto-écoles à ouvrir,2027,+1 an,7.0,"1,065 pour 100 000 habitants (écart 21)",9.0,9.0,10.0,auto-écoles agréées pour 100 000 habitants,0.65,1.47,1085207.0,C,A1 §4 ; recensement 2022 ; projections de l'INSEED 2011-2031 ; variante (b) : croissance régionale 2010-2022,"auto-écoles de la collecte 2021-2022, activité non vérifiée ; cible gardée à sa valeur de 2022 (A1-3)",,
Zone,Maritime hors Grand Lomé,Maritime hors Grand Lomé,,,Toutes les préfectures,Auto-écoles,auto-écoles à ouvrir,2027,+1 an,5.0,"1,065 pour 100 000 habitants (écart 21)",15.0,14.0,15.0,auto-écoles agréées pour 100 000 habitants,0.33,1.32,1520611.0,C,A1 §4 ; recensement 2022 ; projections de l'INSEED 2011-2031 ; variante (b) : croissance régionale 2010-2022,"auto-écoles de la collecte 2021-2022, activité non vérifiée ; cible gardée à sa valeur de 2022 (A1-3)",,
Zone,Plateaux,Plateaux,,,Toutes les préfectures,Auto-écoles,auto-écoles à ouvrir,2027,+1 an,9.0,"1,065 pour 100 000 habitants (écart 21)",16.0,16.0,18.0,auto-écoles agréées pour 100 000 habitants,0.52,1.43,1747324.0,C,A1 §4 ; recensement 2022 ; projections de l'INSEED 2011-2031 ; variante (b) : croissance régionale 2010-2022,"auto-écoles de la collecte 2021-2022, activité non vérifiée ; cible gardée à sa valeur de 2022 (A1-3)",,
Zone,Savanes,Savanes,,,Toutes les préfectures,Auto-écoles,auto-écoles à ouvrir,2027,+1 an,4.0,"1,065 pour 100 000 habitants (écart 21)",13.0,13.0,13.0,auto-écoles agréées pour 100 000 habitants,0.31,1.31,1299568.0,C,A1 §4 ; recensement 2022 ; projections de l'INSEED 2011-2031 ; variante (b) : croissance régionale 2010-2022,"auto-écoles de la collecte 2021-2022, activité non vérifiée ; cible gardée à sa valeur de 2022 (A1-3)",,
Zone,Centrale,Centrale,,,Toutes les préfectures,Auto-écoles,auto-écoles à ouvrir,2029,+3 ans,4.0,"1,065 pour 100 000 habitants (écart 21)",7.0,7.0,8.0,auto-écoles agréées pour 100 000 habitants,0.44,1.21,912611.0,C,A1 §4 ; recensement 2022 ; projections de l'INSEED 2011-2031 ; variante (b) : croissance régionale 2010-2022,"auto-écoles de la collecte 2021-2022, activité non vérifiée ; cible gardée à sa valeur de 2022 (A1-3)",,
Zone,Grand Lomé,Grand Lomé,,,Toutes les préfectures,Auto-écoles,auto-écoles à ouvrir,2029,+3 ans,103.0,"1,065 pour 100 000 habitants (écart 21)",0.0,0.0,0.0,auto-écoles agréées pour 100 000 habitants,3.97,3.97,2591526.0,C,A1 §4 ; recensement 2022 ; projections de l'INSEED 2011-2031 ; variante (b) : croissance régionale 2010-2022,"auto-écoles de la collecte 2021-2022, activité non vérifiée ; cible gardée à sa valeur de 2022 (A1-3)",,
Zone,Kara,Kara,,,Toutes les préfectures,Auto-écoles,auto-écoles à ouvrir,2029,+3 ans,7.0,"1,065 pour 100 000 habitants (écart 21)",11.0,11.0,11.0,auto-écoles agréées pour 100 000 habitants,0.62,1.6,1126684.0,C,A1 §4 ; recensement 2022 ; projections de l'INSEED 2011-2031 ; variante (b) : croissance régionale 2010-2022,"auto-écoles de la collecte 2021-2022, activité non vérifiée ; cible gardée à sa valeur de 2022 (A1-3)",,
Zone,Maritime hors Grand Lomé,Maritime hors Grand Lomé,,,Toutes les préfectures,Auto-écoles,auto-écoles à ouvrir,2029,+3 ans,5.0,"1,065 pour 100 000 habitants (écart 21)",16.0,15.0,16.0,auto-écoles agréées pour 100 000 habitants,0.31,1.32,1594693.0,C,A1 §4 ; recensement 2022 ; projections de l'INSEED 2011-2031 ; variante (b) : croissance régionale 2010-2022,"auto-écoles de la collecte 2021-2022, activité non vérifiée ; cible gardée à sa valeur de 2022 (A1-3)",,
Zone,Plateaux,Plateaux,,,Toutes les préfectures,Auto-écoles,auto-écoles à ouvrir,2029,+3 ans,9.0,"1,065 pour 100 000 habitants (écart 21)",17.0,17.0,19.0,auto-écoles agréées pour 100 000 habitants,0.5,1.45,1792109.0,C,A1 §4 ; recensement 2022 ; projections de l'INSEED 2011-2031 ; variante (b) : croissance régionale 2010-2022,"auto-écoles de la collecte 2021-2022, activité non vérifiée ; cible gardée à sa valeur de 2022 (A1-3)",,
Zone,Savanes,Savanes,,,Toutes les préfectures,Auto-écoles,auto-écoles à ouvrir,2029,+3 ans,4.0,"1,065 pour 100 000 habitants (écart 21)",13.0,13.0,13.0,auto-écoles agréées pour 100 000 habitants,0.29,1.24,1366376.0,C,A1 §4 ; recensement 2022 ; projections de l'INSEED 2011-2031 ; variante (b) : croissance régionale 2010-2022,"auto-écoles de la collecte 2021-2022, activité non vérifiée ; cible gardée à sa valeur de 2022 (A1-3)",,
Zone,Centrale,Centrale,,,Toutes les préfectures,Auto-écoles,auto-écoles à ouvrir,2031,+5 ans,4.0,"1,065 pour 100 000 habitants (écart 21)",9.0,9.0,9.0,auto-écoles agréées pour 100 000 habitants,0.42,1.37,946869.0,C,A1 §4 ; recensement 2022 ; projections de l'INSEED 2011-2031 ; variante (b) : croissance régionale 2010-2022,"auto-écoles de la collecte 2021-2022, activité non vérifiée ; cible gardée à sa valeur de 2022 (A1-3)",,
Zone,Grand Lomé,Grand Lomé,,,Toutes les préfectures,Auto-écoles,auto-écoles à ouvrir,2031,+5 ans,103.0,"1,065 pour 100 000 habitants (écart 21)",0.0,0.0,0.0,auto-écoles agréées pour 100 000 habitants,3.8,3.8,2713339.0,C,A1 §4 ; recensement 2022 ; projections de l'INSEED 2011-2031 ; variante (b) : croissance régionale 2010-2022,"auto-écoles de la collecte 2021-2022, activité non vérifiée ; cible gardée à sa valeur de 2022 (A1-3)",,
Zone,Kara,Kara,,,Toutes les préfectures,Auto-écoles,auto-écoles à ouvrir,2031,+5 ans,7.0,"1,065 pour 100 000 habitants (écart 21)",11.0,11.0,11.0,auto-écoles agréées pour 100 000 habitants,0.6,1.54,1167834.0,C,A1 §4 ; recensement 2022 ; projections de l'INSEED 2011-2031 ; variante (b) : croissance régionale 2010-2022,"auto-écoles de la collecte 2021-2022, activité non vérifiée ; cible gardée à sa valeur de 2022 (A1-3)",,
Zone,Maritime hors Grand Lomé,Maritime hors Grand Lomé,,,Toutes les préfectures,Auto-écoles,auto-écoles à ouvrir,2031,+5 ans,5.0,"1,065 pour 100 000 habitants (écart 21)",16.0,16.0,16.0,auto-écoles agréées pour 100 000 habitants,0.3,1.26,1669651.0,C,A1 §4 ; recensement 2022 ; projections de l'INSEED 2011-2031 ; variante (b) : croissance régionale 2010-2022,"auto-écoles de la collecte 2021-2022, activité non vérifiée ; cible gardée à sa valeur de 2022 (A1-3)",,
Zone,Plateaux,Plateaux,,,Toutes les préfectures,Auto-écoles,auto-écoles à ouvrir,2031,+5 ans,9.0,"1,065 pour 100 000 habitants (écart 21)",18.0,18.0,20.0,auto-écoles agréées pour 100 000 habitants,0.49,1.47,1835037.0,C,A1 §4 ; recensement 2022 ; projections de l'INSEED 2011-2031 ; variante (b) : croissance régionale 2010-2022,"auto-écoles de la collecte 2021-2022, activité non vérifiée ; cible gardée à sa valeur de 2022 (A1-3)",,
Zone,Savanes,Savanes,,,Toutes les préfectures,Auto-écoles,auto-écoles à ouvrir,2031,+5 ans,4.0,"1,065 pour 100 000 habitants (écart 21)",15.0,13.0,15.0,auto-écoles agréées pour 100 000 habitants,0.28,1.32,1434270.0,C,A1 §4 ; recensement 2022 ; projections de l'INSEED 2011-2031 ; variante (b) : croissance régionale 2010-2022,"auto-écoles de la collecte 2021-2022, activité non vérifiée ; cible gardée à sa valeur de 2022 (A1-3)",,
Zone,Centrale,Centrale,,,Levier du 08,Remise en état,km à remettre en état,2022,Passé,176.3,"14,35 % des km évalués en mauvais état (médiane de O3-02)",113.6,113.6,113.6,part des km évalués en mauvais état (%),40.33,14.35,743081.0,B,A1 §4 ; 08 (O5-04) ; 10,relevé de 2020 ; même valeur à chaque palier : aucune donnée ne mesure l’usure,,
Zone,Grand Lomé,Grand Lomé,,,Levier du 08,Remise en état,km à remettre en état,2022,Passé,7.2,"14,35 % des km évalués en mauvais état (médiane de O3-02)",3.2,3.2,3.2,part des km évalués en mauvais état (%),26.0,14.48,882695.0,B,A1 §4 ; 08 (O5-04) ; 10,relevé de 2020 ; même valeur à chaque palier : aucune donnée ne mesure l’usure,,
Zone,Kara,Kara,,,Levier du 08,Remise en état,km à remettre en état,2022,Passé,84.5,"14,35 % des km évalués en mauvais état (médiane de O3-02)",37.3,37.3,37.3,part des km évalués en mauvais état (%),25.69,14.34,435803.0,B,A1 §4 ; 08 (O5-04) ; 10,relevé de 2020 ; même valeur à chaque palier : aucune donnée ne mesure l’usure,,
Zone,Plateaux,Plateaux,,,Levier du 08,Remise en état,km à remettre en état,2022,Passé,226.9,"14,35 % des km évalués en mauvais état (médiane de O3-02)",150.5,150.5,150.5,part des km évalués en mauvais état (%),42.57,14.34,806944.0,B,A1 §4 ; 08 (O5-04) ; 10,relevé de 2020 ; même valeur à chaque palier : aucune donnée ne mesure l’usure,,
Zone,Centrale,Centrale,,,Levier du 08,Remise en état,km à remettre en état,2026,Actuel,176.3,"14,35 % des km évalués en mauvais état (médiane de O3-02)",113.6,113.6,113.6,part des km évalués en mauvais état (%),40.33,14.35,804156.0,C,A1 §4 ; recensement 2022 ; projections de l'INSEED 2011-2031 ; variante (b) : croissance régionale 2010-2022,relevé de 2020 ; même valeur à chaque palier : aucune donnée ne mesure l’usure,,
Zone,Grand Lomé,Grand Lomé,,,Levier du 08,Remise en état,km à remettre en état,2026,Actuel,7.2,"14,35 % des km évalués en mauvais état (médiane de O3-02)",3.2,3.2,3.2,part des km évalués en mauvais état (%),26.0,14.48,972753.0,C,A1 §4 ; recensement 2022 ; projections de l'INSEED 2011-2031 ; variante (b) : croissance régionale 2010-2022,relevé de 2020 ; même valeur à chaque palier : aucune donnée ne mesure l’usure,,
Zone,Kara,Kara,,,Levier du 08,Remise en état,km à remettre en état,2026,Actuel,84.5,"14,35 % des km évalués en mauvais état (médiane de O3-02)",37.3,37.3,37.3,part des km évalués en mauvais état (%),25.69,14.34,470699.0,C,A1 §4 ; recensement 2022 ; projections de l'INSEED 2011-2031 ; variante (b) : croissance régionale 2010-2022,relevé de 2020 ; même valeur à chaque palier : aucune donnée ne mesure l’usure,,
Zone,Plateaux,Plateaux,,,Levier du 08,Remise en état,km à remettre en état,2026,Actuel,226.9,"14,35 % des km évalués en mauvais état (médiane de O3-02)",150.5,150.5,150.5,part des km évalués en mauvais état (%),42.57,14.34,850549.0,C,A1 §4 ; recensement 2022 ; projections de l'INSEED 2011-2031 ; variante (b) : croissance régionale 2010-2022,relevé de 2020 ; même valeur à chaque palier : aucune donnée ne mesure l’usure,,
Zone,Centrale,Centrale,,,Levier du 08,Remise en état,km à remettre en état,2027,+1 an,176.3,"14,35 % des km évalués en mauvais état (médiane de O3-02)",113.6,113.6,113.6,part des km évalués en mauvais état (%),40.33,14.35,820258.0,C,A1 §4 ; recensement 2022 ; projections de l'INSEED 2011-2031 ; variante (b) : croissance régionale 2010-2022,relevé de 2020 ; même valeur à chaque palier : aucune donnée ne mesure l’usure,,
Zone,Grand Lomé,Grand Lomé,,,Levier du 08,Remise en état,km à remettre en état,2027,+1 an,7.2,"14,35 % des km évalués en mauvais état (médiane de O3-02)",3.2,3.2,3.2,part des km évalués en mauvais état (%),26.0,14.48,996748.0,C,A1 §4 ; recensement 2022 ; projections de l'INSEED 2011-2031 ; variante (b) : croissance régionale 2010-2022,relevé de 2020 ; même valeur à chaque palier : aucune donnée ne mesure l’usure,,
Zone,Kara,Kara,,,Levier du 08,Remise en état,km à remettre en état,2027,+1 an,84.5,"14,35 % des km évalués en mauvais état (médiane de O3-02)",37.3,37.3,37.3,part des km évalués en mauvais état (%),25.69,14.34,479889.0,C,A1 §4 ; recensement 2022 ; projections de l'INSEED 2011-2031 ; variante (b) : croissance régionale 2010-2022,relevé de 2020 ; même valeur à chaque palier : aucune donnée ne mesure l’usure,,
Zone,Plateaux,Plateaux,,,Levier du 08,Remise en état,km à remettre en état,2027,+1 an,226.9,"14,35 % des km évalués en mauvais état (médiane de O3-02)",150.5,150.5,150.5,part des km évalués en mauvais état (%),42.57,14.34,861882.0,C,A1 §4 ; recensement 2022 ; projections de l'INSEED 2011-2031 ; variante (b) : croissance régionale 2010-2022,relevé de 2020 ; même valeur à chaque palier : aucune donnée ne mesure l’usure,,
Zone,Centrale,Centrale,,,Levier du 08,Remise en état,km à remettre en état,2029,+3 ans,176.3,"14,35 % des km évalués en mauvais état (médiane de O3-02)",113.6,113.6,113.6,part des km évalués en mauvais état (%),40.33,14.35,852444.0,C,A1 §4 ; recensement 2022 ; projections de l'INSEED 2011-2031 ; variante (b) : croissance régionale 2010-2022,relevé de 2020 ; même valeur à chaque palier : aucune donnée ne mesure l’usure,,
Zone,Grand Lomé,Grand Lomé,,,Levier du 08,Remise en état,km à remettre en état,2029,+3 ans,7.2,"14,35 % des km évalués en mauvais état (médiane de O3-02)",3.2,3.2,3.2,part des km évalués en mauvais état (%),26.0,14.48,1045308.0,C,A1 §4 ; recensement 2022 ; projections de l'INSEED 2011-2031 ; variante (b) : croissance régionale 2010-2022,relevé de 2020 ; même valeur à chaque palier : aucune donnée ne mesure l’usure,,
Zone,Kara,Kara,,,Levier du 08,Remise en état,km à remettre en état,2029,+3 ans,84.5,"14,35 % des km évalués en mauvais état (médiane de O3-02)",37.3,37.3,37.3,part des km évalués en mauvais état (%),25.69,14.34,498231.0,C,A1 §4 ; recensement 2022 ; projections de l'INSEED 2011-2031 ; variante (b) : croissance régionale 2010-2022,relevé de 2020 ; même valeur à chaque palier : aucune donnée ne mesure l’usure,,
Zone,Plateaux,Plateaux,,,Levier du 08,Remise en état,km à remettre en état,2029,+3 ans,226.9,"14,35 % des km évalués en mauvais état (médiane de O3-02)",150.5,150.5,150.5,part des km évalués en mauvais état (%),42.57,14.34,883973.0,C,A1 §4 ; recensement 2022 ; projections de l'INSEED 2011-2031 ; variante (b) : croissance régionale 2010-2022,relevé de 2020 ; même valeur à chaque palier : aucune donnée ne mesure l’usure,,
Zone,Centrale,Centrale,,,Levier du 08,Remise en état,km à remettre en état,2031,+5 ans,176.3,"14,35 % des km évalués en mauvais état (médiane de O3-02)",113.6,113.6,113.6,part des km évalués en mauvais état (%),40.33,14.35,884443.0,C,A1 §4 ; recensement 2022 ; projections de l'INSEED 2011-2031 ; variante (b) : croissance régionale 2010-2022,relevé de 2020 ; même valeur à chaque palier : aucune donnée ne mesure l’usure,,
Zone,Grand Lomé,Grand Lomé,,,Levier du 08,Remise en état,km à remettre en état,2031,+5 ans,7.2,"14,35 % des km évalués en mauvais état (médiane de O3-02)",3.2,3.2,3.2,part des km évalués en mauvais état (%),26.0,14.48,1094442.0,C,A1 §4 ; recensement 2022 ; projections de l'INSEED 2011-2031 ; variante (b) : croissance régionale 2010-2022,relevé de 2020 ; même valeur à chaque palier : aucune donnée ne mesure l’usure,,
Zone,Kara,Kara,,,Levier du 08,Remise en état,km à remettre en état,2031,+5 ans,84.5,"14,35 % des km évalués en mauvais état (médiane de O3-02)",37.3,37.3,37.3,part des km évalués en mauvais état (%),25.69,14.34,516427.0,C,A1 §4 ; recensement 2022 ; projections de l'INSEED 2011-2031 ; variante (b) : croissance régionale 2010-2022,relevé de 2020 ; même valeur à chaque palier : aucune donnée ne mesure l’usure,,
Zone,Plateaux,Plateaux,,,Levier du 08,Remise en état,km à remettre en état,2031,+5 ans,226.9,"14,35 % des km évalués en mauvais état (médiane de O3-02)",150.5,150.5,150.5,part des km évalués en mauvais état (%),42.57,14.34,905147.0,C,A1 §4 ; recensement 2022 ; projections de l'INSEED 2011-2031 ; variante (b) : croissance régionale 2010-2022,relevé de 2020 ; même valeur à chaque palier : aucune donnée ne mesure l’usure,,
Zone,Centrale,Centrale,,,Toutes les préfectures,Remise en état,km à remettre en état,2022,Passé,176.3,"14,35 % des km évalués en mauvais état (médiane de O3-02)",113.6,113.6,113.6,part des km évalués en mauvais état (%),40.33,14.35,795529.0,B,A1 §4 ; 08 (O5-04) ; 10,relevé de 2020 ; même valeur à chaque palier : aucune donnée ne mesure l’usure,,
Zone,Grand Lomé,Grand Lomé,,,Toutes les préfectures,Remise en état,km à remettre en état,2022,Passé,7.6,"14,35 % des km évalués en mauvais état (médiane de O3-02)",3.2,3.2,3.2,part des km évalués en mauvais état (%),7.74,4.47,2188376.0,B,A1 §4 ; 08 (O5-04) ; 10,relevé de 2020 ; même valeur à chaque palier : aucune donnée ne mesure l’usure,,
Zone,Kara,Kara,,,Toutes les préfectures,Remise en état,km à remettre en état,2022,Passé,105.4,"14,35 % des km évalués en mauvais état (médiane de O3-02)",42.7,42.7,42.7,part des km évalués en mauvais état (%),15.17,9.02,985512.0,B,A1 §4 ; 08 (O5-04) ; 10,relevé de 2020 ; même valeur à chaque palier : aucune donnée ne mesure l’usure,,
Zone,Maritime hors Grand Lomé,Maritime hors Grand Lomé,,,Toutes les préfectures,Remise en état,km à remettre en état,2022,Passé,42.5,"14,35 % des km évalués en mauvais état (médiane de O3-02)",5.1,5.1,5.1,part des km évalués en mauvais état (%),9.51,8.37,1346615.0,B,A1 §4 ; 08 (O5-04) ; 10,relevé de 2020 ; même valeur à chaque palier : aucune donnée ne mesure l’usure,,
Zone,Plateaux,Plateaux,,,Toutes les préfectures,Remise en état,km à remettre en état,2022,Passé,270.7,"14,35 % des km évalués en mauvais état (médiane de O3-02)",153.6,153.6,153.6,part des km évalués en mauvais état (%),28.04,12.13,1635946.0,B,A1 §4 ; 08 (O5-04) ; 10,relevé de 2020 ; même valeur à chaque palier : aucune donnée ne mesure l’usure,,
Zone,Savanes,Savanes,,,Toutes les préfectures,Remise en état,km à remettre en état,2022,Passé,66.8,"14,35 % des km évalués en mauvais état (médiane de O3-02)",9.7,9.7,9.7,part des km évalués en mauvais état (%),12.82,10.95,1143520.0,B,A1 §4 ; 08 (O5-04) ; 10,relevé de 2020 ; même valeur à chaque palier : aucune donnée ne mesure l’usure,,
Zone,Centrale,Centrale,,,Toutes les préfectures,Remise en état,km à remettre en état,2026,Actuel,176.3,"14,35 % des km évalués en mauvais état (médiane de O3-02)",113.6,113.6,113.6,part des km évalués en mauvais état (%),40.33,14.35,860914.0,C,A1 §4 ; recensement 2022 ; projections de l'INSEED 2011-2031 ; variante (b) : croissance régionale 2010-2022,relevé de 2020 ; même valeur à chaque palier : aucune donnée ne mesure l’usure,,
Zone,Grand Lomé,Grand Lomé,,,Toutes les préfectures,Remise en état,km à remettre en état,2026,Actuel,7.6,"14,35 % des km évalués en mauvais état (médiane de O3-02)",3.2,3.2,3.2,part des km évalués en mauvais état (%),7.74,4.47,2411648.0,C,A1 §4 ; recensement 2022 ; projections de l'INSEED 2011-2031 ; variante (b) : croissance régionale 2010-2022,relevé de 2020 ; même valeur à chaque palier : aucune donnée ne mesure l’usure,,
Zone,Kara,Kara,,,Toutes les préfectures,Remise en état,km à remettre en état,2026,Actuel,105.4,"14,35 % des km évalués en mauvais état (médiane de O3-02)",42.7,42.7,42.7,part des km évalués en mauvais état (%),15.17,9.02,1064424.0,C,A1 §4 ; recensement 2022 ; projections de l'INSEED 2011-2031 ; variante (b) : croissance régionale 2010-2022,relevé de 2020 ; même valeur à chaque palier : aucune donnée ne mesure l’usure,,
Zone,Maritime hors Grand Lomé,Maritime hors Grand Lomé,,,Toutes les préfectures,Remise en état,km à remettre en état,2026,Actuel,42.5,"14,35 % des km évalués en mauvais état (médiane de O3-02)",5.1,5.1,5.1,part des km évalués en mauvais état (%),9.51,8.37,1484005.0,C,A1 §4 ; recensement 2022 ; projections de l'INSEED 2011-2031 ; variante (b) : croissance régionale 2010-2022,relevé de 2020 ; même valeur à chaque palier : aucune donnée ne mesure l’usure,,
Zone,Plateaux,Plateaux,,,Toutes les préfectures,Remise en état,km à remettre en état,2026,Actuel,270.7,"14,35 % des km évalués en mauvais état (médiane de O3-02)",153.6,153.6,153.6,part des km évalués en mauvais état (%),28.04,12.13,1724348.0,C,A1 §4 ; recensement 2022 ; projections de l'INSEED 2011-2031 ; variante (b) : croissance régionale 2010-2022,relevé de 2020 ; même valeur à chaque palier : aucune donnée ne mesure l’usure,,
Zone,Savanes,Savanes,,,Toutes les préfectures,Remise en état,km à remettre en état,2026,Actuel,66.8,"14,35 % des km évalués en mauvais état (médiane de O3-02)",9.7,9.7,9.7,part des km évalués en mauvais état (%),12.82,10.95,1266661.0,C,A1 §4 ; recensement 2022 ; projections de l'INSEED 2011-2031 ; variante (b) : croissance régionale 2010-2022,relevé de 2020 ; même valeur à chaque palier : aucune donnée ne mesure l’usure,,
Zone,Centrale,Centrale,,,Toutes les préfectures,Remise en état,km à remettre en état,2027,+1 an,176.3,"14,35 % des km évalués en mauvais état (médiane de O3-02)",113.6,113.6,113.6,part des km évalués en mauvais état (%),40.33,14.35,878154.0,C,A1 §4 ; recensement 2022 ; projections de l'INSEED 2011-2031 ; variante (b) : croissance régionale 2010-2022,relevé de 2020 ; même valeur à chaque palier : aucune donnée ne mesure l’usure,,
Zone,Grand Lomé,Grand Lomé,,,Toutes les préfectures,Remise en état,km à remettre en état,2027,+1 an,7.6,"14,35 % des km évalués en mauvais état (médiane de O3-02)",3.2,3.2,3.2,part des km évalués en mauvais état (%),7.74,4.47,2471136.0,C,A1 §4 ; recensement 2022 ; projections de l'INSEED 2011-2031 ; variante (b) : croissance régionale 2010-2022,relevé de 2020 ; même valeur à chaque palier : aucune donnée ne mesure l’usure,,
Zone,Kara,Kara,,,Toutes les préfectures,Remise en état,km à remettre en état,2027,+1 an,105.4,"14,35 % des km évalués en mauvais état (médiane de O3-02)",42.7,42.7,42.7,part des km évalués en mauvais état (%),15.17,9.02,1085207.0,C,A1 §4 ; recensement 2022 ; projections de l'INSEED 2011-2031 ; variante (b) : croissance régionale 2010-2022,relevé de 2020 ; même valeur à chaque palier : aucune donnée ne mesure l’usure,,
Zone,Maritime hors Grand Lomé,Maritime hors Grand Lomé,,,Toutes les préfectures,Remise en état,km à remettre en état,2027,+1 an,42.5,"14,35 % des km évalués en mauvais état (médiane de O3-02)",5.1,5.1,5.1,part des km évalués en mauvais état (%),9.51,8.37,1520611.0,C,A1 §4 ; recensement 2022 ; projections de l'INSEED 2011-2031 ; variante (b) : croissance régionale 2010-2022,relevé de 2020 ; même valeur à chaque palier : aucune donnée ne mesure l’usure,,
Zone,Plateaux,Plateaux,,,Toutes les préfectures,Remise en état,km à remettre en état,2027,+1 an,270.7,"14,35 % des km évalués en mauvais état (médiane de O3-02)",153.6,153.6,153.6,part des km évalués en mauvais état (%),28.04,12.13,1747324.0,C,A1 §4 ; recensement 2022 ; projections de l'INSEED 2011-2031 ; variante (b) : croissance régionale 2010-2022,relevé de 2020 ; même valeur à chaque palier : aucune donnée ne mesure l’usure,,
Zone,Savanes,Savanes,,,Toutes les préfectures,Remise en état,km à remettre en état,2027,+1 an,66.8,"14,35 % des km évalués en mauvais état (médiane de O3-02)",9.7,9.7,9.7,part des km évalués en mauvais état (%),12.82,10.95,1299568.0,C,A1 §4 ; recensement 2022 ; projections de l'INSEED 2011-2031 ; variante (b) : croissance régionale 2010-2022,relevé de 2020 ; même valeur à chaque palier : aucune donnée ne mesure l’usure,,
Zone,Centrale,Centrale,,,Toutes les préfectures,Remise en état,km à remettre en état,2029,+3 ans,176.3,"14,35 % des km évalués en mauvais état (médiane de O3-02)",113.6,113.6,113.6,part des km évalués en mauvais état (%),40.33,14.35,912611.0,C,A1 §4 ; recensement 2022 ; projections de l'INSEED 2011-2031 ; variante (b) : croissance régionale 2010-2022,relevé de 2020 ; même valeur à chaque palier : aucune donnée ne mesure l’usure,,
Zone,Grand Lomé,Grand Lomé,,,Toutes les préfectures,Remise en état,km à remettre en état,2029,+3 ans,7.6,"14,35 % des km évalués en mauvais état (médiane de O3-02)",3.2,3.2,3.2,part des km évalués en mauvais état (%),7.74,4.47,2591526.0,C,A1 §4 ; recensement 2022 ; projections de l'INSEED 2011-2031 ; variante (b) : croissance régionale 2010-2022,relevé de 2020 ; même valeur à chaque palier : aucune donnée ne mesure l’usure,,
Zone,Kara,Kara,,,Toutes les préfectures,Remise en état,km à remettre en état,2029,+3 ans,105.4,"14,35 % des km évalués en mauvais état (médiane de O3-02)",42.7,42.7,42.7,part des km évalués en mauvais état (%),15.17,9.02,1126684.0,C,A1 §4 ; recensement 2022 ; projections de l'INSEED 2011-2031 ; variante (b) : croissance régionale 2010-2022,relevé de 2020 ; même valeur à chaque palier : aucune donnée ne mesure l’usure,,
Zone,Maritime hors Grand Lomé,Maritime hors Grand Lomé,,,Toutes les préfectures,Remise en état,km à remettre en état,2029,+3 ans,42.5,"14,35 % des km évalués en mauvais état (médiane de O3-02)",5.1,5.1,5.1,part des km évalués en mauvais état (%),9.51,8.37,1594693.0,C,A1 §4 ; recensement 2022 ; projections de l'INSEED 2011-2031 ; variante (b) : croissance régionale 2010-2022,relevé de 2020 ; même valeur à chaque palier : aucune donnée ne mesure l’usure,,
Zone,Plateaux,Plateaux,,,Toutes les préfectures,Remise en état,km à remettre en état,2029,+3 ans,270.7,"14,35 % des km évalués en mauvais état (médiane de O3-02)",153.6,153.6,153.6,part des km évalués en mauvais état (%),28.04,12.13,1792109.0,C,A1 §4 ; recensement 2022 ; projections de l'INSEED 2011-2031 ; variante (b) : croissance régionale 2010-2022,relevé de 2020 ; même valeur à chaque palier : aucune donnée ne mesure l’usure,,
Zone,Savanes,Savanes,,,Toutes les préfectures,Remise en état,km à remettre en état,2029,+3 ans,66.8,"14,35 % des km évalués en mauvais état (médiane de O3-02)",9.7,9.7,9.7,part des km évalués en mauvais état (%),12.82,10.95,1366376.0,C,A1 §4 ; recensement 2022 ; projections de l'INSEED 2011-2031 ; variante (b) : croissance régionale 2010-2022,relevé de 2020 ; même valeur à chaque palier : aucune donnée ne mesure l’usure,,
Zone,Centrale,Centrale,,,Toutes les préfectures,Remise en état,km à remettre en état,2031,+5 ans,176.3,"14,35 % des km évalués en mauvais état (médiane de O3-02)",113.6,113.6,113.6,part des km évalués en mauvais état (%),40.33,14.35,946869.0,C,A1 §4 ; recensement 2022 ; projections de l'INSEED 2011-2031 ; variante (b) : croissance régionale 2010-2022,relevé de 2020 ; même valeur à chaque palier : aucune donnée ne mesure l’usure,,
Zone,Grand Lomé,Grand Lomé,,,Toutes les préfectures,Remise en état,km à remettre en état,2031,+5 ans,7.6,"14,35 % des km évalués en mauvais état (médiane de O3-02)",3.2,3.2,3.2,part des km évalués en mauvais état (%),7.74,4.47,2713339.0,C,A1 §4 ; recensement 2022 ; projections de l'INSEED 2011-2031 ; variante (b) : croissance régionale 2010-2022,relevé de 2020 ; même valeur à chaque palier : aucune donnée ne mesure l’usure,,
Zone,Kara,Kara,,,Toutes les préfectures,Remise en état,km à remettre en état,2031,+5 ans,105.4,"14,35 % des km évalués en mauvais état (médiane de O3-02)",42.7,42.7,42.7,part des km évalués en mauvais état (%),15.17,9.02,1167834.0,C,A1 §4 ; recensement 2022 ; projections de l'INSEED 2011-2031 ; variante (b) : croissance régionale 2010-2022,relevé de 2020 ; même valeur à chaque palier : aucune donnée ne mesure l’usure,,
Zone,Maritime hors Grand Lomé,Maritime hors Grand Lomé,,,Toutes les préfectures,Remise en état,km à remettre en état,2031,+5 ans,42.5,"14,35 % des km évalués en mauvais état (médiane de O3-02)",5.1,5.1,5.1,part des km évalués en mauvais état (%),9.51,8.37,1669651.0,C,A1 §4 ; recensement 2022 ; projections de l'INSEED 2011-2031 ; variante (b) : croissance régionale 2010-2022,relevé de 2020 ; même valeur à chaque palier : aucune donnée ne mesure l’usure,,
Zone,Plateaux,Plateaux,,,Toutes les préfectures,Remise en état,km à remettre en état,2031,+5 ans,270.7,"14,35 % des km évalués en mauvais état (médiane de O3-02)",153.6,153.6,153.6,part des km évalués en mauvais état (%),28.04,12.13,1835037.0,C,A1 §4 ; recensement 2022 ; projections de l'INSEED 2011-2031 ; variante (b) : croissance régionale 2010-2022,relevé de 2020 ; même valeur à chaque palier : aucune donnée ne mesure l’usure,,
Zone,Savanes,Savanes,,,Toutes les préfectures,Remise en état,km à remettre en état,2031,+5 ans,66.8,"14,35 % des km évalués en mauvais état (médiane de O3-02)",9.7,9.7,9.7,part des km évalués en mauvais état (%),12.82,10.95,1434270.0,C,A1 §4 ; recensement 2022 ; projections de l'INSEED 2011-2031 ; variante (b) : croissance régionale 2010-2022,relevé de 2020 ; même valeur à chaque palier : aucune donnée ne mesure l’usure,,
Zone,Centrale,Centrale,,,Toutes les préfectures,Accès rural,ruraux à plus de 2 km d’une route revêtue,2022,Passé,,aucune (10 §4.6),514276.0,514276.0,514276.0,part des ruraux à moins de 2 km (%),13.19,,795529.0,B,A1 §4 ; 08 (O5-04) ; 10,"population rurale supposée uniforme dans la préfecture, comme au 10 ; aucune cible (10 §4.6)",,
Zone,Grand Lomé,Grand Lomé,,,Toutes les préfectures,Accès rural,ruraux à plus de 2 km d’une route revêtue,2022,Passé,,aucune (10 §4.6),0.0,0.0,0.0,part des ruraux à moins de 2 km (%),,,2188376.0,B,A1 §4 ; 08 (O5-04) ; 10,"population rurale supposée uniforme dans la préfecture, comme au 10 ; aucune cible (10 §4.6)",,
Zone,Kara,Kara,,,Toutes les préfectures,Accès rural,ruraux à plus de 2 km d’une route revêtue,2022,Passé,,aucune (10 §4.6),578139.0,578139.0,578139.0,part des ruraux à moins de 2 km (%),17.49,,985512.0,B,A1 §4 ; 08 (O5-04) ; 10,"population rurale supposée uniforme dans la préfecture, comme au 10 ; aucune cible (10 §4.6)",,
Zone,Maritime hors Grand Lomé,Maritime hors Grand Lomé,,,Toutes les préfectures,Accès rural,ruraux à plus de 2 km d’une route revêtue,2022,Passé,,aucune (10 §4.6),892565.0,892565.0,892565.0,part des ruraux à moins de 2 km (%),23.14,,1346615.0,B,A1 §4 ; 08 (O5-04) ; 10,"population rurale supposée uniforme dans la préfecture, comme au 10 ; aucune cible (10 §4.6)",,
Zone,Plateaux,Plateaux,,,Toutes les préfectures,Accès rural,ruraux à plus de 2 km d’une route revêtue,2022,Passé,,aucune (10 §4.6),1094908.0,1094908.0,1094908.0,part des ruraux à moins de 2 km (%),13.55,,1635946.0,B,A1 §4 ; 08 (O5-04) ; 10,"population rurale supposée uniforme dans la préfecture, comme au 10 ; aucune cible (10 §4.6)",,
Zone,Savanes,Savanes,,,Toutes les préfectures,Accès rural,ruraux à plus de 2 km d’une route revêtue,2022,Passé,,aucune (10 §4.6),748163.0,748163.0,748163.0,part des ruraux à moins de 2 km (%),16.93,,1143520.0,B,A1 §4 ; 08 (O5-04) ; 10,"population rurale supposée uniforme dans la préfecture, comme au 10 ; aucune cible (10 §4.6)",,
Zone,Centrale,Centrale,,,Toutes les préfectures,Accès rural,ruraux à plus de 2 km d’une route revêtue,2026,Actuel,,aucune (10 §4.6),556545.0,556545.0,559793.0,part des ruraux à moins de 2 km (%),13.19,,860914.0,C,A1 §4 ; recensement 2022 ; projections de l'INSEED 2011-2031 ; variante (b) : croissance régionale 2010-2022,"population rurale supposée uniforme dans la préfecture, comme au 10 ; aucune cible (10 §4.6)",,
Zone,Grand Lomé,Grand Lomé,,,Toutes les préfectures,Accès rural,ruraux à plus de 2 km d’une route revêtue,2026,Actuel,,aucune (10 §4.6),0.0,0.0,0.0,part des ruraux à moins de 2 km (%),,,2411648.0,C,A1 §4 ; recensement 2022 ; projections de l'INSEED 2011-2031 ; variante (b) : croissance régionale 2010-2022,"population rurale supposée uniforme dans la préfecture, comme au 10 ; aucune cible (10 §4.6)",,
Zone,Kara,Kara,,,Toutes les préfectures,Accès rural,ruraux à plus de 2 km d’une route revêtue,2026,Actuel,,aucune (10 §4.6),624432.0,624432.0,629308.0,part des ruraux à moins de 2 km (%),17.49,,1064424.0,C,A1 §4 ; recensement 2022 ; projections de l'INSEED 2011-2031 ; variante (b) : croissance régionale 2010-2022,"population rurale supposée uniforme dans la préfecture, comme au 10 ; aucune cible (10 §4.6)",,
Zone,Maritime hors Grand Lomé,Maritime hors Grand Lomé,,,Toutes les préfectures,Accès rural,ruraux à plus de 2 km d’une route revêtue,2026,Actuel,,aucune (10 §4.6),983630.0,971563.0,983630.0,part des ruraux à moins de 2 km (%),23.14,,1484005.0,C,A1 §4 ; recensement 2022 ; projections de l'INSEED 2011-2031 ; variante (b) : croissance régionale 2010-2022,"population rurale supposée uniforme dans la préfecture, comme au 10 ; aucune cible (10 §4.6)",,
Zone,Plateaux,Plateaux,,,Toutes les préfectures,Accès rural,ruraux à plus de 2 km d’une route revêtue,2026,Actuel,,aucune (10 §4.6),1154073.0,1154073.0,1191814.0,part des ruraux à moins de 2 km (%),13.55,,1724348.0,C,A1 §4 ; recensement 2022 ; projections de l'INSEED 2011-2031 ; variante (b) : croissance régionale 2010-2022,"population rurale supposée uniforme dans la préfecture, comme au 10 ; aucune cible (10 §4.6)",,
Zone,Savanes,Savanes,,,Toutes les préfectures,Accès rural,ruraux à plus de 2 km d’une route revêtue,2026,Actuel,,aucune (10 §4.6),828730.0,814380.0,828730.0,part des ruraux à moins de 2 km (%),16.93,,1266661.0,C,A1 §4 ; recensement 2022 ; projections de l'INSEED 2011-2031 ; variante (b) : croissance régionale 2010-2022,"population rurale supposée uniforme dans la préfecture, comme au 10 ; aucune cible (10 §4.6)",,
Zone,Centrale,Centrale,,,Toutes les préfectures,Accès rural,ruraux à plus de 2 km d’une route revêtue,2027,+1 an,,aucune (10 §4.6),567689.0,567689.0,571862.0,part des ruraux à moins de 2 km (%),13.19,,878154.0,C,A1 §4 ; recensement 2022 ; projections de l'INSEED 2011-2031 ; variante (b) : croissance régionale 2010-2022,"population rurale supposée uniforme dans la préfecture, comme au 10 ; aucune cible (10 §4.6)",,
Zone,Grand Lomé,Grand Lomé,,,Toutes les préfectures,Accès rural,ruraux à plus de 2 km d’une route revêtue,2027,+1 an,,aucune (10 §4.6),0.0,0.0,0.0,part des ruraux à moins de 2 km (%),,,2471136.0,C,A1 §4 ; recensement 2022 ; projections de l'INSEED 2011-2031 ; variante (b) : croissance régionale 2010-2022,"population rurale supposée uniforme dans la préfecture, comme au 10 ; aucune cible (10 §4.6)",,
Zone,Kara,Kara,,,Toutes les préfectures,Accès rural,ruraux à plus de 2 km d’une route revêtue,2027,+1 an,,aucune (10 §4.6),636624.0,636624.0,642877.0,part des ruraux à moins de 2 km (%),17.49,,1085207.0,C,A1 §4 ; recensement 2022 ; projections de l'INSEED 2011-2031 ; variante (b) : croissance régionale 2010-2022,"population rurale supposée uniforme dans la préfecture, comme au 10 ; aucune cible (10 §4.6)",,
Zone,Maritime hors Grand Lomé,Maritime hors Grand Lomé,,,Toutes les préfectures,Accès rural,ruraux à plus de 2 km d’une route revêtue,2027,+1 an,,aucune (10 §4.6),1007893.0,992511.0,1007893.0,part des ruraux à moins de 2 km (%),23.14,,1520611.0,C,A1 §4 ; recensement 2022 ; projections de l'INSEED 2011-2031 ; variante (b) : croissance régionale 2010-2022,"population rurale supposée uniforme dans la préfecture, comme au 10 ; aucune cible (10 §4.6)",,
Zone,Plateaux,Plateaux,,,Toutes les préfectures,Accès rural,ruraux à plus de 2 km d’une route revêtue,2027,+1 an,,aucune (10 §4.6),1169451.0,1169451.0,1217511.0,part des ruraux à moins de 2 km (%),13.55,,1747324.0,C,A1 §4 ; recensement 2022 ; projections de l'INSEED 2011-2031 ; variante (b) : croissance régionale 2010-2022,"population rurale supposée uniforme dans la préfecture, comme au 10 ; aucune cible (10 §4.6)",,
Zone,Savanes,Savanes,,,Toutes les préfectures,Accès rural,ruraux à plus de 2 km d’une route revêtue,2027,+1 an,,aucune (10 §4.6),850260.0,831940.0,850260.0,part des ruraux à moins de 2 km (%),16.93,,1299568.0,C,A1 §4 ; recensement 2022 ; projections de l'INSEED 2011-2031 ; variante (b) : croissance régionale 2010-2022,"population rurale supposée uniforme dans la préfecture, comme au 10 ; aucune cible (10 §4.6)",,
Zone,Centrale,Centrale,,,Toutes les préfectures,Accès rural,ruraux à plus de 2 km d’une route revêtue,2029,+3 ans,,aucune (10 §4.6),589964.0,589964.0,596129.0,part des ruraux à moins de 2 km (%),13.19,,912611.0,C,A1 §4 ; recensement 2022 ; projections de l'INSEED 2011-2031 ; variante (b) : croissance régionale 2010-2022,"population rurale supposée uniforme dans la préfecture, comme au 10 ; aucune cible (10 §4.6)",,
Zone,Grand Lomé,Grand Lomé,,,Toutes les préfectures,Accès rural,ruraux à plus de 2 km d’une route revêtue,2029,+3 ans,,aucune (10 §4.6),0.0,0.0,0.0,part des ruraux à moins de 2 km (%),,,2591526.0,C,A1 §4 ; recensement 2022 ; projections de l'INSEED 2011-2031 ; variante (b) : croissance régionale 2010-2022,"population rurale supposée uniforme dans la préfecture, comme au 10 ; aucune cible (10 §4.6)",,
Zone,Kara,Kara,,,Toutes les préfectures,Accès rural,ruraux à plus de 2 km d’une route revêtue,2029,+3 ans,,aucune (10 §4.6),660956.0,660956.0,670157.0,part des ruraux à moins de 2 km (%),17.49,,1126684.0,C,A1 §4 ; recensement 2022 ; projections de l'INSEED 2011-2031 ; variante (b) : croissance régionale 2010-2022,"population rurale supposée uniforme dans la préfecture, comme au 10 ; aucune cible (10 §4.6)",,
Zone,Maritime hors Grand Lomé,Maritime hors Grand Lomé,,,Toutes les préfectures,Accès rural,ruraux à plus de 2 km d’une route revêtue,2029,+3 ans,,aucune (10 §4.6),1056997.0,1034628.0,1056997.0,part des ruraux à moins de 2 km (%),23.14,,1594693.0,C,A1 §4 ; recensement 2022 ; projections de l'INSEED 2011-2031 ; variante (b) : croissance régionale 2010-2022,"population rurale supposée uniforme dans la préfecture, comme au 10 ; aucune cible (10 §4.6)",,
Zone,Plateaux,Plateaux,,,Toutes les préfectures,Accès rural,ruraux à plus de 2 km d’une route revêtue,2029,+3 ans,,aucune (10 §4.6),1199425.0,1199425.0,1269176.0,part des ruraux à moins de 2 km (%),13.55,,1792109.0,C,A1 §4 ; recensement 2022 ; projections de l'INSEED 2011-2031 ; variante (b) : croissance régionale 2010-2022,"population rurale supposée uniforme dans la préfecture, comme au 10 ; aucune cible (10 §4.6)",,
Zone,Savanes,Savanes,,,Toutes les préfectures,Accès rural,ruraux à plus de 2 km d’une route revêtue,2029,+3 ans,,aucune (10 §4.6),893970.0,867243.0,893970.0,part des ruraux à moins de 2 km (%),16.93,,1366376.0,C,A1 §4 ; recensement 2022 ; projections de l'INSEED 2011-2031 ; variante (b) : croissance régionale 2010-2022,"population rurale supposée uniforme dans la préfecture, comme au 10 ; aucune cible (10 §4.6)",,
Zone,Centrale,Centrale,,,Toutes les préfectures,Accès rural,ruraux à plus de 2 km d’une route revêtue,2031,+5 ans,,aucune (10 §4.6),612111.0,612111.0,620460.0,part des ruraux à moins de 2 km (%),13.19,,946869.0,C,A1 §4 ; recensement 2022 ; projections de l'INSEED 2011-2031 ; variante (b) : croissance régionale 2010-2022,"population rurale supposée uniforme dans la préfecture, comme au 10 ; aucune cible (10 §4.6)",,
Zone,Grand Lomé,Grand Lomé,,,Toutes les préfectures,Accès rural,ruraux à plus de 2 km d’une route revêtue,2031,+5 ans,,aucune (10 §4.6),0.0,0.0,0.0,part des ruraux à moins de 2 km (%),,,2713339.0,C,A1 §4 ; recensement 2022 ; projections de l'INSEED 2011-2031 ; variante (b) : croissance régionale 2010-2022,"population rurale supposée uniforme dans la préfecture, comme au 10 ; aucune cible (10 §4.6)",,
Zone,Kara,Kara,,,Toutes les préfectures,Accès rural,ruraux à plus de 2 km d’une route revêtue,2031,+5 ans,,aucune (10 §4.6),685096.0,685096.0,697509.0,part des ruraux à moins de 2 km (%),17.49,,1167834.0,C,A1 §4 ; recensement 2022 ; projections de l'INSEED 2011-2031 ; variante (b) : croissance régionale 2010-2022,"population rurale supposée uniforme dans la préfecture, comme au 10 ; aucune cible (10 §4.6)",,
Zone,Maritime hors Grand Lomé,Maritime hors Grand Lomé,,,Toutes les préfectures,Accès rural,ruraux à plus de 2 km d’une route revêtue,2031,+5 ans,,aucune (10 §4.6),1106680.0,1076856.0,1106680.0,part des ruraux à moins de 2 km (%),23.14,,1669651.0,C,A1 §4 ; recensement 2022 ; projections de l'INSEED 2011-2031 ; variante (b) : croissance régionale 2010-2022,"population rurale supposée uniforme dans la préfecture, comme au 10 ; aucune cible (10 §4.6)",,
Zone,Plateaux,Plateaux,,,Toutes les préfectures,Accès rural,ruraux à plus de 2 km d’une route revêtue,2031,+5 ans,,aucune (10 §4.6),1228156.0,1228156.0,1320977.0,part des ruraux à moins de 2 km (%),13.55,,1835037.0,C,A1 §4 ; recensement 2022 ; projections de l'INSEED 2011-2031 ; variante (b) : croissance régionale 2010-2022,"population rurale supposée uniforme dans la préfecture, comme au 10 ; aucune cible (10 §4.6)",,
Zone,Savanes,Savanes,,,Toutes les préfectures,Accès rural,ruraux à plus de 2 km d’une route revêtue,2031,+5 ans,,aucune (10 §4.6),938391.0,902639.0,938391.0,part des ruraux à moins de 2 km (%),16.93,,1434270.0,C,A1 §4 ; recensement 2022 ; projections de l'INSEED 2011-2031 ; variante (b) : croissance régionale 2010-2022,"population rurale supposée uniforme dans la préfecture, comme au 10 ; aucune cible (10 §4.6)",,
Région,Centrale,,Centrale,,Levier du 08,Auto-écoles,auto-écoles à ouvrir,2022,Passé,0.0,"1,065 pour 100 000 habitants (écart 21)",6.0,6.0,6.0,auto-écoles agréées pour 100 000 habitants,0.0,1.44,416305.0,B,A1 §4 ; 08 (O5-04) ; 10,"auto-écoles de la collecte 2021-2022, activité non vérifiée ; cible gardée à sa valeur de 2022 (A1-3)",,
Région,Kara,,Kara,,Levier du 08,Auto-écoles,auto-écoles à ouvrir,2022,Passé,0.0,"1,065 pour 100 000 habitants (écart 21)",8.0,8.0,8.0,auto-écoles agréées pour 100 000 habitants,0.0,1.26,635380.0,B,A1 §4 ; 08 (O5-04) ; 10,"auto-écoles de la collecte 2021-2022, activité non vérifiée ; cible gardée à sa valeur de 2022 (A1-3)",,
Région,Maritime,,Maritime,,Levier du 08,Auto-écoles,auto-écoles à ouvrir,2022,Passé,0.0,"1,065 pour 100 000 habitants (écart 21)",6.0,6.0,6.0,auto-écoles agréées pour 100 000 habitants,0.0,1.58,380925.0,B,A1 §4 ; 08 (O5-04) ; 10,"auto-écoles de la collecte 2021-2022, activité non vérifiée ; cible gardée à sa valeur de 2022 (A1-3)",,
Région,Plateaux,,Plateaux,,Levier du 08,Auto-écoles,auto-écoles à ouvrir,2022,Passé,0.0,"1,065 pour 100 000 habitants (écart 21)",12.0,12.0,12.0,auto-écoles agréées pour 100 000 habitants,0.0,1.37,874096.0,B,A1 §4 ; 08 (O5-04) ; 10,"auto-écoles de la collecte 2021-2022, activité non vérifiée ; cible gardée à sa valeur de 2022 (A1-3)",,
Région,Savanes,,Savanes,,Levier du 08,Auto-écoles,auto-écoles à ouvrir,2022,Passé,0.0,"1,065 pour 100 000 habitants (écart 21)",9.0,9.0,9.0,auto-écoles agréées pour 100 000 habitants,0.0,1.44,625786.0,B,A1 §4 ; 08 (O5-04) ; 10,"auto-écoles de la collecte 2021-2022, activité non vérifiée ; cible gardée à sa valeur de 2022 (A1-3)",,
Région,Centrale,,Centrale,,Levier du 08,Auto-écoles,auto-écoles à ouvrir,2026,Actuel,0.0,"1,065 pour 100 000 habitants (écart 21)",6.0,6.0,6.0,auto-écoles agréées pour 100 000 habitants,0.0,1.33,450521.0,C,A1 §4 ; recensement 2022 ; projections de l'INSEED 2011-2031 ; variante (b) : croissance régionale 2010-2022,"auto-écoles de la collecte 2021-2022, activité non vérifiée ; cible gardée à sa valeur de 2022 (A1-3)",,
Région,Kara,,Kara,,Levier du 08,Auto-écoles,auto-écoles à ouvrir,2026,Actuel,0.0,"1,065 pour 100 000 habitants (écart 21)",9.0,9.0,9.0,auto-écoles agréées pour 100 000 habitants,0.0,1.31,686256.0,C,A1 §4 ; recensement 2022 ; projections de l'INSEED 2011-2031 ; variante (b) : croissance régionale 2010-2022,"auto-écoles de la collecte 2021-2022, activité non vérifiée ; cible gardée à sa valeur de 2022 (A1-3)",,
Région,Maritime,,Maritime,,Levier du 08,Auto-écoles,auto-écoles à ouvrir,2026,Actuel,0.0,"1,065 pour 100 000 habitants (écart 21)",7.0,7.0,7.0,auto-écoles agréées pour 100 000 habitants,0.0,1.67,419789.0,C,A1 §4 ; recensement 2022 ; projections de l'INSEED 2011-2031 ; variante (b) : croissance régionale 2010-2022,"auto-écoles de la collecte 2021-2022, activité non vérifiée ; cible gardée à sa valeur de 2022 (A1-3)",,
Région,Plateaux,,Plateaux,,Levier du 08,Auto-écoles,auto-écoles à ouvrir,2026,Actuel,0.0,"1,065 pour 100 000 habitants (écart 21)",13.0,13.0,13.0,auto-écoles agréées pour 100 000 habitants,0.0,1.41,921330.0,C,A1 §4 ; recensement 2022 ; projections de l'INSEED 2011-2031 ; variante (b) : croissance régionale 2010-2022,"auto-écoles de la collecte 2021-2022, activité non vérifiée ; cible gardée à sa valeur de 2022 (A1-3)",,
Région,Savanes,,Savanes,,Levier du 08,Auto-écoles,auto-écoles à ouvrir,2026,Actuel,0.0,"1,065 pour 100 000 habitants (écart 21)",10.0,10.0,10.0,auto-écoles agréées pour 100 000 habitants,0.0,1.44,693174.0,C,A1 §4 ; recensement 2022 ; projections de l'INSEED 2011-2031 ; variante (b) : croissance régionale 2010-2022,"auto-écoles de la collecte 2021-2022, activité non vérifiée ; cible gardée à sa valeur de 2022 (A1-3)",,
Région,Centrale,,Centrale,,Levier du 08,Auto-écoles,auto-écoles à ouvrir,2027,+1 an,0.0,"1,065 pour 100 000 habitants (écart 21)",6.0,6.0,6.0,auto-écoles agréées pour 100 000 habitants,0.0,1.31,459543.0,C,A1 §4 ; recensement 2022 ; projections de l'INSEED 2011-2031 ; variante (b) : croissance régionale 2010-2022,"auto-écoles de la collecte 2021-2022, activité non vérifiée ; cible gardée à sa valeur de 2022 (A1-3)",,
Région,Kara,,Kara,,Levier du 08,Auto-écoles,auto-écoles à ouvrir,2027,+1 an,0.0,"1,065 pour 100 000 habitants (écart 21)",9.0,9.0,10.0,auto-écoles agréées pour 100 000 habitants,0.0,1.29,699656.0,C,A1 §4 ; recensement 2022 ; projections de l'INSEED 2011-2031 ; variante (b) : croissance régionale 2010-2022,"auto-écoles de la collecte 2021-2022, activité non vérifiée ; cible gardée à sa valeur de 2022 (A1-3)",,
Région,Maritime,,Maritime,,Levier du 08,Auto-écoles,auto-écoles à ouvrir,2027,+1 an,0.0,"1,065 pour 100 000 habitants (écart 21)",7.0,7.0,7.0,auto-écoles agréées pour 100 000 habitants,0.0,1.63,430144.0,C,A1 §4 ; recensement 2022 ; projections de l'INSEED 2011-2031 ; variante (b) : croissance régionale 2010-2022,"auto-écoles de la collecte 2021-2022, activité non vérifiée ; cible gardée à sa valeur de 2022 (A1-3)",,
Région,Plateaux,,Plateaux,,Levier du 08,Auto-écoles,auto-écoles à ouvrir,2027,+1 an,0.0,"1,065 pour 100 000 habitants (écart 21)",13.0,13.0,14.0,auto-écoles agréées pour 100 000 habitants,0.0,1.39,933606.0,C,A1 §4 ; recensement 2022 ; projections de l'INSEED 2011-2031 ; variante (b) : croissance régionale 2010-2022,"auto-écoles de la collecte 2021-2022, activité non vérifiée ; cible gardée à sa valeur de 2022 (A1-3)",,
Région,Savanes,,Savanes,,Levier du 08,Auto-écoles,auto-écoles à ouvrir,2027,+1 an,0.0,"1,065 pour 100 000 habitants (écart 21)",10.0,10.0,10.0,auto-écoles agréées pour 100 000 habitants,0.0,1.41,711183.0,C,A1 §4 ; recensement 2022 ; projections de l'INSEED 2011-2031 ; variante (b) : croissance régionale 2010-2022,"auto-écoles de la collecte 2021-2022, activité non vérifiée ; cible gardée à sa valeur de 2022 (A1-3)",,
Région,Centrale,,Centrale,,Levier du 08,Auto-écoles,auto-écoles à ouvrir,2029,+3 ans,0.0,"1,065 pour 100 000 habitants (écart 21)",6.0,6.0,7.0,auto-écoles agréées pour 100 000 habitants,0.0,1.26,477575.0,C,A1 §4 ; recensement 2022 ; projections de l'INSEED 2011-2031 ; variante (b) : croissance régionale 2010-2022,"auto-écoles de la collecte 2021-2022, activité non vérifiée ; cible gardée à sa valeur de 2022 (A1-3)",,
Région,Kara,,Kara,,Levier du 08,Auto-écoles,auto-écoles à ouvrir,2029,+3 ans,0.0,"1,065 pour 100 000 habitants (écart 21)",11.0,11.0,11.0,auto-écoles agréées pour 100 000 habitants,0.0,1.51,726396.0,C,A1 §4 ; recensement 2022 ; projections de l'INSEED 2011-2031 ; variante (b) : croissance régionale 2010-2022,"auto-écoles de la collecte 2021-2022, activité non vérifiée ; cible gardée à sa valeur de 2022 (A1-3)",,
Région,Maritime,,Maritime,,Levier du 08,Auto-écoles,auto-écoles à ouvrir,2029,+3 ans,0.0,"1,065 pour 100 000 habitants (écart 21)",7.0,7.0,7.0,auto-écoles agréées pour 100 000 habitants,0.0,1.55,451100.0,C,A1 §4 ; recensement 2022 ; projections de l'INSEED 2011-2031 ; variante (b) : croissance régionale 2010-2022,"auto-écoles de la collecte 2021-2022, activité non vérifiée ; cible gardée à sa valeur de 2022 (A1-3)",,
Région,Plateaux,,Plateaux,,Levier du 08,Auto-écoles,auto-écoles à ouvrir,2029,+3 ans,0.0,"1,065 pour 100 000 habitants (écart 21)",14.0,14.0,15.0,auto-écoles agréées pour 100 000 habitants,0.0,1.46,957535.0,C,A1 §4 ; recensement 2022 ; projections de l'INSEED 2011-2031 ; variante (b) : croissance régionale 2010-2022,"auto-écoles de la collecte 2021-2022, activité non vérifiée ; cible gardée à sa valeur de 2022 (A1-3)",,
Région,Savanes,,Savanes,,Levier du 08,Auto-écoles,auto-écoles à ouvrir,2029,+3 ans,0.0,"1,065 pour 100 000 habitants (écart 21)",10.0,10.0,10.0,auto-écoles agréées pour 100 000 habitants,0.0,1.34,747743.0,C,A1 §4 ; recensement 2022 ; projections de l'INSEED 2011-2031 ; variante (b) : croissance régionale 2010-2022,"auto-écoles de la collecte 2021-2022, activité non vérifiée ; cible gardée à sa valeur de 2022 (A1-3)",,
Région,Centrale,,Centrale,,Levier du 08,Auto-écoles,auto-écoles à ouvrir,2031,+5 ans,0.0,"1,065 pour 100 000 habitants (écart 21)",7.0,7.0,7.0,auto-écoles agréées pour 100 000 habitants,0.0,1.41,495502.0,C,A1 §4 ; recensement 2022 ; projections de l'INSEED 2011-2031 ; variante (b) : croissance régionale 2010-2022,"auto-écoles de la collecte 2021-2022, activité non vérifiée ; cible gardée à sa valeur de 2022 (A1-3)",,
Région,Kara,,Kara,,Levier du 08,Auto-écoles,auto-écoles à ouvrir,2031,+5 ans,0.0,"1,065 pour 100 000 habitants (écart 21)",11.0,11.0,11.0,auto-écoles agréées pour 100 000 habitants,0.0,1.46,752927.0,C,A1 §4 ; recensement 2022 ; projections de l'INSEED 2011-2031 ; variante (b) : croissance régionale 2010-2022,"auto-écoles de la collecte 2021-2022, activité non vérifiée ; cible gardée à sa valeur de 2022 (A1-3)",,
Région,Maritime,,Maritime,,Levier du 08,Auto-écoles,auto-écoles à ouvrir,2031,+5 ans,0.0,"1,065 pour 100 000 habitants (écart 21)",7.0,7.0,7.0,auto-écoles agréées pour 100 000 habitants,0.0,1.48,472304.0,C,A1 §4 ; recensement 2022 ; projections de l'INSEED 2011-2031 ; variante (b) : croissance régionale 2010-2022,"auto-écoles de la collecte 2021-2022, activité non vérifiée ; cible gardée à sa valeur de 2022 (A1-3)",,
Région,Plateaux,,Plateaux,,Levier du 08,Auto-écoles,auto-écoles à ouvrir,2031,+5 ans,0.0,"1,065 pour 100 000 habitants (écart 21)",14.0,14.0,15.0,auto-écoles agréées pour 100 000 habitants,0.0,1.43,980472.0,C,A1 §4 ; recensement 2022 ; projections de l'INSEED 2011-2031 ; variante (b) : croissance régionale 2010-2022,"auto-écoles de la collecte 2021-2022, activité non vérifiée ; cible gardée à sa valeur de 2022 (A1-3)",,
Région,Savanes,,Savanes,,Levier du 08,Auto-écoles,auto-écoles à ouvrir,2031,+5 ans,0.0,"1,065 pour 100 000 habitants (écart 21)",11.0,10.0,11.0,auto-écoles agréées pour 100 000 habitants,0.0,1.4,784898.0,C,A1 §4 ; recensement 2022 ; projections de l'INSEED 2011-2031 ; variante (b) : croissance régionale 2010-2022,"auto-écoles de la collecte 2021-2022, activité non vérifiée ; cible gardée à sa valeur de 2022 (A1-3)",,
Région,Centrale,,Centrale,,Toutes les préfectures,Auto-écoles,auto-écoles à ouvrir,2022,Passé,4.0,"1,065 pour 100 000 habitants (écart 21)",7.0,7.0,7.0,auto-écoles agréées pour 100 000 habitants,0.5,1.38,795529.0,B,A1 §4 ; 08 (O5-04) ; 10,"auto-écoles de la collecte 2021-2022, activité non vérifiée ; cible gardée à sa valeur de 2022 (A1-3)",,
Région,Kara,,Kara,,Toutes les préfectures,Auto-écoles,auto-écoles à ouvrir,2022,Passé,7.0,"1,065 pour 100 000 habitants (écart 21)",8.0,8.0,8.0,auto-écoles agréées pour 100 000 habitants,0.71,1.52,985512.0,B,A1 §4 ; 08 (O5-04) ; 10,"auto-écoles de la collecte 2021-2022, activité non vérifiée ; cible gardée à sa valeur de 2022 (A1-3)",,
Région,Maritime,,Maritime,,Toutes les préfectures,Auto-écoles,auto-écoles à ouvrir,2022,Passé,108.0,"1,065 pour 100 000 habitants (écart 21)",13.0,13.0,13.0,auto-écoles agréées pour 100 000 habitants,3.06,3.42,3534991.0,B,A1 §4 ; 08 (O5-04) ; 10,"auto-écoles de la collecte 2021-2022, activité non vérifiée ; cible gardée à sa valeur de 2022 (A1-3)",,
Région,Plateaux,,Plateaux,,Toutes les préfectures,Auto-écoles,auto-écoles à ouvrir,2022,Passé,9.0,"1,065 pour 100 000 habitants (écart 21)",14.0,14.0,14.0,auto-écoles agréées pour 100 000 habitants,0.55,1.41,1635946.0,B,A1 §4 ; 08 (O5-04) ; 10,"auto-écoles de la collecte 2021-2022, activité non vérifiée ; cible gardée à sa valeur de 2022 (A1-3)",,
Région,Savanes,,Savanes,,Toutes les préfectures,Auto-écoles,auto-écoles à ouvrir,2022,Passé,4.0,"1,065 pour 100 000 habitants (écart 21)",12.0,12.0,12.0,auto-écoles agréées pour 100 000 habitants,0.35,1.4,1143520.0,B,A1 §4 ; 08 (O5-04) ; 10,"auto-écoles de la collecte 2021-2022, activité non vérifiée ; cible gardée à sa valeur de 2022 (A1-3)",,
Région,Centrale,,Centrale,,Toutes les préfectures,Auto-écoles,auto-écoles à ouvrir,2026,Actuel,4.0,"1,065 pour 100 000 habitants (écart 21)",7.0,7.0,7.0,auto-écoles agréées pour 100 000 habitants,0.46,1.28,860914.0,C,A1 §4 ; recensement 2022 ; projections de l'INSEED 2011-2031 ; variante (b) : croissance régionale 2010-2022,"auto-écoles de la collecte 2021-2022, activité non vérifiée ; cible gardée à sa valeur de 2022 (A1-3)",,
Région,Kara,,Kara,,Toutes les préfectures,Auto-écoles,auto-écoles à ouvrir,2026,Actuel,7.0,"1,065 pour 100 000 habitants (écart 21)",9.0,9.0,9.0,auto-écoles agréées pour 100 000 habitants,0.66,1.5,1064424.0,C,A1 §4 ; recensement 2022 ; projections de l'INSEED 2011-2031 ; variante (b) : croissance régionale 2010-2022,"auto-écoles de la collecte 2021-2022, activité non vérifiée ; cible gardée à sa valeur de 2022 (A1-3)",,
Région,Maritime,,Maritime,,Toutes les préfectures,Auto-écoles,auto-écoles à ouvrir,2026,Actuel,108.0,"1,065 pour 100 000 habitants (écart 21)",14.0,14.0,14.0,auto-écoles agréées pour 100 000 habitants,2.77,3.13,3895653.0,C,A1 §4 ; recensement 2022 ; projections de l'INSEED 2011-2031 ; variante (b) : croissance régionale 2010-2022,"auto-écoles de la collecte 2021-2022, activité non vérifiée ; cible gardée à sa valeur de 2022 (A1-3)",,
Région,Plateaux,,Plateaux,,Toutes les préfectures,Auto-écoles,auto-écoles à ouvrir,2026,Actuel,9.0,"1,065 pour 100 000 habitants (écart 21)",16.0,16.0,16.0,auto-écoles agréées pour 100 000 habitants,0.52,1.45,1724348.0,C,A1 §4 ; recensement 2022 ; projections de l'INSEED 2011-2031 ; variante (b) : croissance régionale 2010-2022,"auto-écoles de la collecte 2021-2022, activité non vérifiée ; cible gardée à sa valeur de 2022 (A1-3)",,
Région,Savanes,,Savanes,,Toutes les préfectures,Auto-écoles,auto-écoles à ouvrir,2026,Actuel,4.0,"1,065 pour 100 000 habitants (écart 21)",13.0,13.0,13.0,auto-écoles agréées pour 100 000 habitants,0.32,1.34,1266661.0,C,A1 §4 ; recensement 2022 ; projections de l'INSEED 2011-2031 ; variante (b) : croissance régionale 2010-2022,"auto-écoles de la collecte 2021-2022, activité non vérifiée ; cible gardée à sa valeur de 2022 (A1-3)",,
Région,Centrale,,Centrale,,Toutes les préfectures,Auto-écoles,auto-écoles à ouvrir,2027,+1 an,4.0,"1,065 pour 100 000 habitants (écart 21)",7.0,7.0,7.0,auto-écoles agréées pour 100 000 habitants,0.46,1.25,878154.0,C,A1 §4 ; recensement 2022 ; projections de l'INSEED 2011-2031 ; variante (b) : croissance régionale 2010-2022,"auto-écoles de la collecte 2021-2022, activité non vérifiée ; cible gardée à sa valeur de 2022 (A1-3)",,
Région,Kara,,Kara,,Toutes les préfectures,Auto-écoles,auto-écoles à ouvrir,2027,+1 an,7.0,"1,065 pour 100 000 habitants (écart 21)",9.0,9.0,10.0,auto-écoles agréées pour 100 000 habitants,0.65,1.47,1085207.0,C,A1 §4 ; recensement 2022 ; projections de l'INSEED 2011-2031 ; variante (b) : croissance régionale 2010-2022,"auto-écoles de la collecte 2021-2022, activité non vérifiée ; cible gardée à sa valeur de 2022 (A1-3)",,
Région,Maritime,,Maritime,,Toutes les préfectures,Auto-écoles,auto-écoles à ouvrir,2027,+1 an,108.0,"1,065 pour 100 000 habitants (écart 21)",15.0,14.0,15.0,auto-écoles agréées pour 100 000 habitants,2.71,3.08,3991747.0,C,A1 §4 ; recensement 2022 ; projections de l'INSEED 2011-2031 ; variante (b) : croissance régionale 2010-2022,"auto-écoles de la collecte 2021-2022, activité non vérifiée ; cible gardée à sa valeur de 2022 (A1-3)",,
Région,Plateaux,,Plateaux,,Toutes les préfectures,Auto-écoles,auto-écoles à ouvrir,2027,+1 an,9.0,"1,065 pour 100 000 habitants (écart 21)",16.0,16.0,18.0,auto-écoles agréées pour 100 000 habitants,0.52,1.43,1747324.0,C,A1 §4 ; recensement 2022 ; projections de l'INSEED 2011-2031 ; variante (b) : croissance régionale 2010-2022,"auto-écoles de la collecte 2021-2022, activité non vérifiée ; cible gardée à sa valeur de 2022 (A1-3)",,
Région,Savanes,,Savanes,,Toutes les préfectures,Auto-écoles,auto-écoles à ouvrir,2027,+1 an,4.0,"1,065 pour 100 000 habitants (écart 21)",13.0,13.0,13.0,auto-écoles agréées pour 100 000 habitants,0.31,1.31,1299568.0,C,A1 §4 ; recensement 2022 ; projections de l'INSEED 2011-2031 ; variante (b) : croissance régionale 2010-2022,"auto-écoles de la collecte 2021-2022, activité non vérifiée ; cible gardée à sa valeur de 2022 (A1-3)",,
Région,Centrale,,Centrale,,Toutes les préfectures,Auto-écoles,auto-écoles à ouvrir,2029,+3 ans,4.0,"1,065 pour 100 000 habitants (écart 21)",7.0,7.0,8.0,auto-écoles agréées pour 100 000 habitants,0.44,1.21,912611.0,C,A1 §4 ; recensement 2022 ; projections de l'INSEED 2011-2031 ; variante (b) : croissance régionale 2010-2022,"auto-écoles de la collecte 2021-2022, activité non vérifiée ; cible gardée à sa valeur de 2022 (A1-3)",,
Région,Kara,,Kara,,Toutes les préfectures,Auto-écoles,auto-écoles à ouvrir,2029,+3 ans,7.0,"1,065 pour 100 000 habitants (écart 21)",11.0,11.0,11.0,auto-écoles agréées pour 100 000 habitants,0.62,1.6,1126684.0,C,A1 §4 ; recensement 2022 ; projections de l'INSEED 2011-2031 ; variante (b) : croissance régionale 2010-2022,"auto-écoles de la collecte 2021-2022, activité non vérifiée ; cible gardée à sa valeur de 2022 (A1-3)",,
Région,Maritime,,Maritime,,Toutes les préfectures,Auto-écoles,auto-écoles à ouvrir,2029,+3 ans,108.0,"1,065 pour 100 000 habitants (écart 21)",16.0,15.0,16.0,auto-écoles agréées pour 100 000 habitants,2.58,2.96,4186220.0,C,A1 §4 ; recensement 2022 ; projections de l'INSEED 2011-2031 ; variante (b) : croissance régionale 2010-2022,"auto-écoles de la collecte 2021-2022, activité non vérifiée ; cible gardée à sa valeur de 2022 (A1-3)",,
Région,Plateaux,,Plateaux,,Toutes les préfectures,Auto-écoles,auto-écoles à ouvrir,2029,+3 ans,9.0,"1,065 pour 100 000 habitants (écart 21)",17.0,17.0,19.0,auto-écoles agréées pour 100 000 habitants,0.5,1.45,1792109.0,C,A1 §4 ; recensement 2022 ; projections de l'INSEED 2011-2031 ; variante (b) : croissance régionale 2010-2022,"auto-écoles de la collecte 2021-2022, activité non vérifiée ; cible gardée à sa valeur de 2022 (A1-3)",,
Région,Savanes,,Savanes,,Toutes les préfectures,Auto-écoles,auto-écoles à ouvrir,2029,+3 ans,4.0,"1,065 pour 100 000 habitants (écart 21)",13.0,13.0,13.0,auto-écoles agréées pour 100 000 habitants,0.29,1.24,1366376.0,C,A1 §4 ; recensement 2022 ; projections de l'INSEED 2011-2031 ; variante (b) : croissance régionale 2010-2022,"auto-écoles de la collecte 2021-2022, activité non vérifiée ; cible gardée à sa valeur de 2022 (A1-3)",,
Région,Centrale,,Centrale,,Toutes les préfectures,Auto-écoles,auto-écoles à ouvrir,2031,+5 ans,4.0,"1,065 pour 100 000 habitants (écart 21)",9.0,9.0,9.0,auto-écoles agréées pour 100 000 habitants,0.42,1.37,946869.0,C,A1 §4 ; recensement 2022 ; projections de l'INSEED 2011-2031 ; variante (b) : croissance régionale 2010-2022,"auto-écoles de la collecte 2021-2022, activité non vérifiée ; cible gardée à sa valeur de 2022 (A1-3)",,
Région,Kara,,Kara,,Toutes les préfectures,Auto-écoles,auto-écoles à ouvrir,2031,+5 ans,7.0,"1,065 pour 100 000 habitants (écart 21)",11.0,11.0,11.0,auto-écoles agréées pour 100 000 habitants,0.6,1.54,1167834.0,C,A1 §4 ; recensement 2022 ; projections de l'INSEED 2011-2031 ; variante (b) : croissance régionale 2010-2022,"auto-écoles de la collecte 2021-2022, activité non vérifiée ; cible gardée à sa valeur de 2022 (A1-3)",,
Région,Maritime,,Maritime,,Toutes les préfectures,Auto-écoles,auto-écoles à ouvrir,2031,+5 ans,108.0,"1,065 pour 100 000 habitants (écart 21)",16.0,16.0,16.0,auto-écoles agréées pour 100 000 habitants,2.46,2.83,4382990.0,C,A1 §4 ; recensement 2022 ; projections de l'INSEED 2011-2031 ; variante (b) : croissance régionale 2010-2022,"auto-écoles de la collecte 2021-2022, activité non vérifiée ; cible gardée à sa valeur de 2022 (A1-3)",,
Région,Plateaux,,Plateaux,,Toutes les préfectures,Auto-écoles,auto-écoles à ouvrir,2031,+5 ans,9.0,"1,065 pour 100 000 habitants (écart 21)",18.0,18.0,20.0,auto-écoles agréées pour 100 000 habitants,0.49,1.47,1835037.0,C,A1 §4 ; recensement 2022 ; projections de l'INSEED 2011-2031 ; variante (b) : croissance régionale 2010-2022,"auto-écoles de la collecte 2021-2022, activité non vérifiée ; cible gardée à sa valeur de 2022 (A1-3)",,
Région,Savanes,,Savanes,,Toutes les préfectures,Auto-écoles,auto-écoles à ouvrir,2031,+5 ans,4.0,"1,065 pour 100 000 habitants (écart 21)",15.0,13.0,15.0,auto-écoles agréées pour 100 000 habitants,0.28,1.32,1434270.0,C,A1 §4 ; recensement 2022 ; projections de l'INSEED 2011-2031 ; variante (b) : croissance régionale 2010-2022,"auto-écoles de la collecte 2021-2022, activité non vérifiée ; cible gardée à sa valeur de 2022 (A1-3)",,
Région,Centrale,,Centrale,,Levier du 08,Remise en état,km à remettre en état,2022,Passé,176.3,"14,35 % des km évalués en mauvais état (médiane de O3-02)",113.6,113.6,113.6,part des km évalués en mauvais état (%),40.33,14.35,743081.0,B,A1 §4 ; 08 (O5-04) ; 10,relevé de 2020 ; même valeur à chaque palier : aucune donnée ne mesure l’usure,,
Région,Kara,,Kara,,Levier du 08,Remise en état,km à remettre en état,2022,Passé,84.5,"14,35 % des km évalués en mauvais état (médiane de O3-02)",37.3,37.3,37.3,part des km évalués en mauvais état (%),25.69,14.34,435803.0,B,A1 §4 ; 08 (O5-04) ; 10,relevé de 2020 ; même valeur à chaque palier : aucune donnée ne mesure l’usure,,
Région,Maritime,,Maritime,,Levier du 08,Remise en état,km à remettre en état,2022,Passé,7.2,"14,35 % des km évalués en mauvais état (médiane de O3-02)",3.2,3.2,3.2,part des km évalués en mauvais état (%),26.0,14.48,882695.0,B,A1 §4 ; 08 (O5-04) ; 10,relevé de 2020 ; même valeur à chaque palier : aucune donnée ne mesure l’usure,,
Région,Plateaux,,Plateaux,,Levier du 08,Remise en état,km à remettre en état,2022,Passé,226.9,"14,35 % des km évalués en mauvais état (médiane de O3-02)",150.5,150.5,150.5,part des km évalués en mauvais état (%),42.57,14.34,806944.0,B,A1 §4 ; 08 (O5-04) ; 10,relevé de 2020 ; même valeur à chaque palier : aucune donnée ne mesure l’usure,,
Région,Centrale,,Centrale,,Levier du 08,Remise en état,km à remettre en état,2026,Actuel,176.3,"14,35 % des km évalués en mauvais état (médiane de O3-02)",113.6,113.6,113.6,part des km évalués en mauvais état (%),40.33,14.35,804156.0,C,A1 §4 ; recensement 2022 ; projections de l'INSEED 2011-2031 ; variante (b) : croissance régionale 2010-2022,relevé de 2020 ; même valeur à chaque palier : aucune donnée ne mesure l’usure,,
Région,Kara,,Kara,,Levier du 08,Remise en état,km à remettre en état,2026,Actuel,84.5,"14,35 % des km évalués en mauvais état (médiane de O3-02)",37.3,37.3,37.3,part des km évalués en mauvais état (%),25.69,14.34,470699.0,C,A1 §4 ; recensement 2022 ; projections de l'INSEED 2011-2031 ; variante (b) : croissance régionale 2010-2022,relevé de 2020 ; même valeur à chaque palier : aucune donnée ne mesure l’usure,,
Région,Maritime,,Maritime,,Levier du 08,Remise en état,km à remettre en état,2026,Actuel,7.2,"14,35 % des km évalués en mauvais état (médiane de O3-02)",3.2,3.2,3.2,part des km évalués en mauvais état (%),26.0,14.48,972753.0,C,A1 §4 ; recensement 2022 ; projections de l'INSEED 2011-2031 ; variante (b) : croissance régionale 2010-2022,relevé de 2020 ; même valeur à chaque palier : aucune donnée ne mesure l’usure,,
Région,Plateaux,,Plateaux,,Levier du 08,Remise en état,km à remettre en état,2026,Actuel,226.9,"14,35 % des km évalués en mauvais état (médiane de O3-02)",150.5,150.5,150.5,part des km évalués en mauvais état (%),42.57,14.34,850549.0,C,A1 §4 ; recensement 2022 ; projections de l'INSEED 2011-2031 ; variante (b) : croissance régionale 2010-2022,relevé de 2020 ; même valeur à chaque palier : aucune donnée ne mesure l’usure,,
Région,Centrale,,Centrale,,Levier du 08,Remise en état,km à remettre en état,2027,+1 an,176.3,"14,35 % des km évalués en mauvais état (médiane de O3-02)",113.6,113.6,113.6,part des km évalués en mauvais état (%),40.33,14.35,820258.0,C,A1 §4 ; recensement 2022 ; projections de l'INSEED 2011-2031 ; variante (b) : croissance régionale 2010-2022,relevé de 2020 ; même valeur à chaque palier : aucune donnée ne mesure l’usure,,
Région,Kara,,Kara,,Levier du 08,Remise en état,km à remettre en état,2027,+1 an,84.5,"14,35 % des km évalués en mauvais état (médiane de O3-02)",37.3,37.3,37.3,part des km évalués en mauvais état (%),25.69,14.34,479889.0,C,A1 §4 ; recensement 2022 ; projections de l'INSEED 2011-2031 ; variante (b) : croissance régionale 2010-2022,relevé de 2020 ; même valeur à chaque palier : aucune donnée ne mesure l’usure,,
Région,Maritime,,Maritime,,Levier du 08,Remise en état,km à remettre en état,2027,+1 an,7.2,"14,35 % des km évalués en mauvais état (médiane de O3-02)",3.2,3.2,3.2,part des km évalués en mauvais état (%),26.0,14.48,996748.0,C,A1 §4 ; recensement 2022 ; projections de l'INSEED 2011-2031 ; variante (b) : croissance régionale 2010-2022,relevé de 2020 ; même valeur à chaque palier : aucune donnée ne mesure l’usure,,
Région,Plateaux,,Plateaux,,Levier du 08,Remise en état,km à remettre en état,2027,+1 an,226.9,"14,35 % des km évalués en mauvais état (médiane de O3-02)",150.5,150.5,150.5,part des km évalués en mauvais état (%),42.57,14.34,861882.0,C,A1 §4 ; recensement 2022 ; projections de l'INSEED 2011-2031 ; variante (b) : croissance régionale 2010-2022,relevé de 2020 ; même valeur à chaque palier : aucune donnée ne mesure l’usure,,
Région,Centrale,,Centrale,,Levier du 08,Remise en état,km à remettre en état,2029,+3 ans,176.3,"14,35 % des km évalués en mauvais état (médiane de O3-02)",113.6,113.6,113.6,part des km évalués en mauvais état (%),40.33,14.35,852444.0,C,A1 §4 ; recensement 2022 ; projections de l'INSEED 2011-2031 ; variante (b) : croissance régionale 2010-2022,relevé de 2020 ; même valeur à chaque palier : aucune donnée ne mesure l’usure,,
Région,Kara,,Kara,,Levier du 08,Remise en état,km à remettre en état,2029,+3 ans,84.5,"14,35 % des km évalués en mauvais état (médiane de O3-02)",37.3,37.3,37.3,part des km évalués en mauvais état (%),25.69,14.34,498231.0,C,A1 §4 ; recensement 2022 ; projections de l'INSEED 2011-2031 ; variante (b) : croissance régionale 2010-2022,relevé de 2020 ; même valeur à chaque palier : aucune donnée ne mesure l’usure,,
Région,Maritime,,Maritime,,Levier du 08,Remise en état,km à remettre en état,2029,+3 ans,7.2,"14,35 % des km évalués en mauvais état (médiane de O3-02)",3.2,3.2,3.2,part des km évalués en mauvais état (%),26.0,14.48,1045308.0,C,A1 §4 ; recensement 2022 ; projections de l'INSEED 2011-2031 ; variante (b) : croissance régionale 2010-2022,relevé de 2020 ; même valeur à chaque palier : aucune donnée ne mesure l’usure,,
Région,Plateaux,,Plateaux,,Levier du 08,Remise en état,km à remettre en état,2029,+3 ans,226.9,"14,35 % des km évalués en mauvais état (médiane de O3-02)",150.5,150.5,150.5,part des km évalués en mauvais état (%),42.57,14.34,883973.0,C,A1 §4 ; recensement 2022 ; projections de l'INSEED 2011-2031 ; variante (b) : croissance régionale 2010-2022,relevé de 2020 ; même valeur à chaque palier : aucune donnée ne mesure l’usure,,
Région,Centrale,,Centrale,,Levier du 08,Remise en état,km à remettre en état,2031,+5 ans,176.3,"14,35 % des km évalués en mauvais état (médiane de O3-02)",113.6,113.6,113.6,part des km évalués en mauvais état (%),40.33,14.35,884443.0,C,A1 §4 ; recensement 2022 ; projections de l'INSEED 2011-2031 ; variante (b) : croissance régionale 2010-2022,relevé de 2020 ; même valeur à chaque palier : aucune donnée ne mesure l’usure,,
Région,Kara,,Kara,,Levier du 08,Remise en état,km à remettre en état,2031,+5 ans,84.5,"14,35 % des km évalués en mauvais état (médiane de O3-02)",37.3,37.3,37.3,part des km évalués en mauvais état (%),25.69,14.34,516427.0,C,A1 §4 ; recensement 2022 ; projections de l'INSEED 2011-2031 ; variante (b) : croissance régionale 2010-2022,relevé de 2020 ; même valeur à chaque palier : aucune donnée ne mesure l’usure,,
Région,Maritime,,Maritime,,Levier du 08,Remise en état,km à remettre en état,2031,+5 ans,7.2,"14,35 % des km évalués en mauvais état (médiane de O3-02)",3.2,3.2,3.2,part des km évalués en mauvais état (%),26.0,14.48,1094442.0,C,A1 §4 ; recensement 2022 ; projections de l'INSEED 2011-2031 ; variante (b) : croissance régionale 2010-2022,relevé de 2020 ; même valeur à chaque palier : aucune donnée ne mesure l’usure,,
Région,Plateaux,,Plateaux,,Levier du 08,Remise en état,km à remettre en état,2031,+5 ans,226.9,"14,35 % des km évalués en mauvais état (médiane de O3-02)",150.5,150.5,150.5,part des km évalués en mauvais état (%),42.57,14.34,905147.0,C,A1 §4 ; recensement 2022 ; projections de l'INSEED 2011-2031 ; variante (b) : croissance régionale 2010-2022,relevé de 2020 ; même valeur à chaque palier : aucune donnée ne mesure l’usure,,
Région,Centrale,,Centrale,,Toutes les préfectures,Remise en état,km à remettre en état,2022,Passé,176.3,"14,35 % des km évalués en mauvais état (médiane de O3-02)",113.6,113.6,113.6,part des km évalués en mauvais état (%),40.33,14.35,795529.0,B,A1 §4 ; 08 (O5-04) ; 10,relevé de 2020 ; même valeur à chaque palier : aucune donnée ne mesure l’usure,,
Région,Kara,,Kara,,Toutes les préfectures,Remise en état,km à remettre en état,2022,Passé,105.4,"14,35 % des km évalués en mauvais état (médiane de O3-02)",42.7,42.7,42.7,part des km évalués en mauvais état (%),15.17,9.02,985512.0,B,A1 §4 ; 08 (O5-04) ; 10,relevé de 2020 ; même valeur à chaque palier : aucune donnée ne mesure l’usure,,
Région,Maritime,,Maritime,,Toutes les préfectures,Remise en état,km à remettre en état,2022,Passé,50.1,"14,35 % des km évalués en mauvais état (médiane de O3-02)",8.3,8.3,8.3,part des km évalués en mauvais état (%),9.19,7.67,3534991.0,B,A1 §4 ; 08 (O5-04) ; 10,relevé de 2020 ; même valeur à chaque palier : aucune donnée ne mesure l’usure,,
Région,Plateaux,,Plateaux,,Toutes les préfectures,Remise en état,km à remettre en état,2022,Passé,270.7,"14,35 % des km évalués en mauvais état (médiane de O3-02)",153.6,153.6,153.6,part des km évalués en mauvais état (%),28.04,12.13,1635946.0,B,A1 §4 ; 08 (O5-04) ; 10,relevé de 2020 ; même valeur à chaque palier : aucune donnée ne mesure l’usure,,
Région,Savanes,,Savanes,,Toutes les préfectures,Remise en état,km à remettre en état,2022,Passé,66.8,"14,35 % des km évalués en mauvais état (médiane de O3-02)",9.7,9.7,9.7,part des km évalués en mauvais état (%),12.82,10.95,1143520.0,B,A1 §4 ; 08 (O5-04) ; 10,relevé de 2020 ; même valeur à chaque palier : aucune donnée ne mesure l’usure,,
Région,Centrale,,Centrale,,Toutes les préfectures,Remise en état,km à remettre en état,2026,Actuel,176.3,"14,35 % des km évalués en mauvais état (médiane de O3-02)",113.6,113.6,113.6,part des km évalués en mauvais état (%),40.33,14.35,860914.0,C,A1 §4 ; recensement 2022 ; projections de l'INSEED 2011-2031 ; variante (b) : croissance régionale 2010-2022,relevé de 2020 ; même valeur à chaque palier : aucune donnée ne mesure l’usure,,
Région,Kara,,Kara,,Toutes les préfectures,Remise en état,km à remettre en état,2026,Actuel,105.4,"14,35 % des km évalués en mauvais état (médiane de O3-02)",42.7,42.7,42.7,part des km évalués en mauvais état (%),15.17,9.02,1064424.0,C,A1 §4 ; recensement 2022 ; projections de l'INSEED 2011-2031 ; variante (b) : croissance régionale 2010-2022,relevé de 2020 ; même valeur à chaque palier : aucune donnée ne mesure l’usure,,
Région,Maritime,,Maritime,,Toutes les préfectures,Remise en état,km à remettre en état,2026,Actuel,50.1,"14,35 % des km évalués en mauvais état (médiane de O3-02)",8.3,8.3,8.3,part des km évalués en mauvais état (%),9.19,7.67,3895653.0,C,A1 §4 ; recensement 2022 ; projections de l'INSEED 2011-2031 ; variante (b) : croissance régionale 2010-2022,relevé de 2020 ; même valeur à chaque palier : aucune donnée ne mesure l’usure,,
Région,Plateaux,,Plateaux,,Toutes les préfectures,Remise en état,km à remettre en état,2026,Actuel,270.7,"14,35 % des km évalués en mauvais état (médiane de O3-02)",153.6,153.6,153.6,part des km évalués en mauvais état (%),28.04,12.13,1724348.0,C,A1 §4 ; recensement 2022 ; projections de l'INSEED 2011-2031 ; variante (b) : croissance régionale 2010-2022,relevé de 2020 ; même valeur à chaque palier : aucune donnée ne mesure l’usure,,
Région,Savanes,,Savanes,,Toutes les préfectures,Remise en état,km à remettre en état,2026,Actuel,66.8,"14,35 % des km évalués en mauvais état (médiane de O3-02)",9.7,9.7,9.7,part des km évalués en mauvais état (%),12.82,10.95,1266661.0,C,A1 §4 ; recensement 2022 ; projections de l'INSEED 2011-2031 ; variante (b) : croissance régionale 2010-2022,relevé de 2020 ; même valeur à chaque palier : aucune donnée ne mesure l’usure,,
Région,Centrale,,Centrale,,Toutes les préfectures,Remise en état,km à remettre en état,2027,+1 an,176.3,"14,35 % des km évalués en mauvais état (médiane de O3-02)",113.6,113.6,113.6,part des km évalués en mauvais état (%),40.33,14.35,878154.0,C,A1 §4 ; recensement 2022 ; projections de l'INSEED 2011-2031 ; variante (b) : croissance régionale 2010-2022,relevé de 2020 ; même valeur à chaque palier : aucune donnée ne mesure l’usure,,
Région,Kara,,Kara,,Toutes les préfectures,Remise en état,km à remettre en état,2027,+1 an,105.4,"14,35 % des km évalués en mauvais état (médiane de O3-02)",42.7,42.7,42.7,part des km évalués en mauvais état (%),15.17,9.02,1085207.0,C,A1 §4 ; recensement 2022 ; projections de l'INSEED 2011-2031 ; variante (b) : croissance régionale 2010-2022,relevé de 2020 ; même valeur à chaque palier : aucune donnée ne mesure l’usure,,
Région,Maritime,,Maritime,,Toutes les préfectures,Remise en état,km à remettre en état,2027,+1 an,50.1,"14,35 % des km évalués en mauvais état (médiane de O3-02)",8.3,8.3,8.3,part des km évalués en mauvais état (%),9.19,7.67,3991747.0,C,A1 §4 ; recensement 2022 ; projections de l'INSEED 2011-2031 ; variante (b) : croissance régionale 2010-2022,relevé de 2020 ; même valeur à chaque palier : aucune donnée ne mesure l’usure,,
Région,Plateaux,,Plateaux,,Toutes les préfectures,Remise en état,km à remettre en état,2027,+1 an,270.7,"14,35 % des km évalués en mauvais état (médiane de O3-02)",153.6,153.6,153.6,part des km évalués en mauvais état (%),28.04,12.13,1747324.0,C,A1 §4 ; recensement 2022 ; projections de l'INSEED 2011-2031 ; variante (b) : croissance régionale 2010-2022,relevé de 2020 ; même valeur à chaque palier : aucune donnée ne mesure l’usure,,
Région,Savanes,,Savanes,,Toutes les préfectures,Remise en état,km à remettre en état,2027,+1 an,66.8,"14,35 % des km évalués en mauvais état (médiane de O3-02)",9.7,9.7,9.7,part des km évalués en mauvais état (%),12.82,10.95,1299568.0,C,A1 §4 ; recensement 2022 ; projections de l'INSEED 2011-2031 ; variante (b) : croissance régionale 2010-2022,relevé de 2020 ; même valeur à chaque palier : aucune donnée ne mesure l’usure,,
Région,Centrale,,Centrale,,Toutes les préfectures,Remise en état,km à remettre en état,2029,+3 ans,176.3,"14,35 % des km évalués en mauvais état (médiane de O3-02)",113.6,113.6,113.6,part des km évalués en mauvais état (%),40.33,14.35,912611.0,C,A1 §4 ; recensement 2022 ; projections de l'INSEED 2011-2031 ; variante (b) : croissance régionale 2010-2022,relevé de 2020 ; même valeur à chaque palier : aucune donnée ne mesure l’usure,,
Région,Kara,,Kara,,Toutes les préfectures,Remise en état,km à remettre en état,2029,+3 ans,105.4,"14,35 % des km évalués en mauvais état (médiane de O3-02)",42.7,42.7,42.7,part des km évalués en mauvais état (%),15.17,9.02,1126684.0,C,A1 §4 ; recensement 2022 ; projections de l'INSEED 2011-2031 ; variante (b) : croissance régionale 2010-2022,relevé de 2020 ; même valeur à chaque palier : aucune donnée ne mesure l’usure,,
Région,Maritime,,Maritime,,Toutes les préfectures,Remise en état,km à remettre en état,2029,+3 ans,50.1,"14,35 % des km évalués en mauvais état (médiane de O3-02)",8.3,8.3,8.3,part des km évalués en mauvais état (%),9.19,7.67,4186220.0,C,A1 §4 ; recensement 2022 ; projections de l'INSEED 2011-2031 ; variante (b) : croissance régionale 2010-2022,relevé de 2020 ; même valeur à chaque palier : aucune donnée ne mesure l’usure,,
Région,Plateaux,,Plateaux,,Toutes les préfectures,Remise en état,km à remettre en état,2029,+3 ans,270.7,"14,35 % des km évalués en mauvais état (médiane de O3-02)",153.6,153.6,153.6,part des km évalués en mauvais état (%),28.04,12.13,1792109.0,C,A1 §4 ; recensement 2022 ; projections de l'INSEED 2011-2031 ; variante (b) : croissance régionale 2010-2022,relevé de 2020 ; même valeur à chaque palier : aucune donnée ne mesure l’usure,,
Région,Savanes,,Savanes,,Toutes les préfectures,Remise en état,km à remettre en état,2029,+3 ans,66.8,"14,35 % des km évalués en mauvais état (médiane de O3-02)",9.7,9.7,9.7,part des km évalués en mauvais état (%),12.82,10.95,1366376.0,C,A1 §4 ; recensement 2022 ; projections de l'INSEED 2011-2031 ; variante (b) : croissance régionale 2010-2022,relevé de 2020 ; même valeur à chaque palier : aucune donnée ne mesure l’usure,,
Région,Centrale,,Centrale,,Toutes les préfectures,Remise en état,km à remettre en état,2031,+5 ans,176.3,"14,35 % des km évalués en mauvais état (médiane de O3-02)",113.6,113.6,113.6,part des km évalués en mauvais état (%),40.33,14.35,946869.0,C,A1 §4 ; recensement 2022 ; projections de l'INSEED 2011-2031 ; variante (b) : croissance régionale 2010-2022,relevé de 2020 ; même valeur à chaque palier : aucune donnée ne mesure l’usure,,
Région,Kara,,Kara,,Toutes les préfectures,Remise en état,km à remettre en état,2031,+5 ans,105.4,"14,35 % des km évalués en mauvais état (médiane de O3-02)",42.7,42.7,42.7,part des km évalués en mauvais état (%),15.17,9.02,1167834.0,C,A1 §4 ; recensement 2022 ; projections de l'INSEED 2011-2031 ; variante (b) : croissance régionale 2010-2022,relevé de 2020 ; même valeur à chaque palier : aucune donnée ne mesure l’usure,,
Région,Maritime,,Maritime,,Toutes les préfectures,Remise en état,km à remettre en état,2031,+5 ans,50.1,"14,35 % des km évalués en mauvais état (médiane de O3-02)",8.3,8.3,8.3,part des km évalués en mauvais état (%),9.19,7.67,4382990.0,C,A1 §4 ; recensement 2022 ; projections de l'INSEED 2011-2031 ; variante (b) : croissance régionale 2010-2022,relevé de 2020 ; même valeur à chaque palier : aucune donnée ne mesure l’usure,,
Région,Plateaux,,Plateaux,,Toutes les préfectures,Remise en état,km à remettre en état,2031,+5 ans,270.7,"14,35 % des km évalués en mauvais état (médiane de O3-02)",153.6,153.6,153.6,part des km évalués en mauvais état (%),28.04,12.13,1835037.0,C,A1 §4 ; recensement 2022 ; projections de l'INSEED 2011-2031 ; variante (b) : croissance régionale 2010-2022,relevé de 2020 ; même valeur à chaque palier : aucune donnée ne mesure l’usure,,
Région,Savanes,,Savanes,,Toutes les préfectures,Remise en état,km à remettre en état,2031,+5 ans,66.8,"14,35 % des km évalués en mauvais état (médiane de O3-02)",9.7,9.7,9.7,part des km évalués en mauvais état (%),12.82,10.95,1434270.0,C,A1 §4 ; recensement 2022 ; projections de l'INSEED 2011-2031 ; variante (b) : croissance régionale 2010-2022,relevé de 2020 ; même valeur à chaque palier : aucune donnée ne mesure l’usure,,
Région,Centrale,,Centrale,,Toutes les préfectures,Accès rural,ruraux à plus de 2 km d’une route revêtue,2022,Passé,,aucune (10 §4.6),514276.0,514276.0,514276.0,part des ruraux à moins de 2 km (%),13.19,,795529.0,B,A1 §4 ; 08 (O5-04) ; 10,"population rurale supposée uniforme dans la préfecture, comme au 10 ; aucune cible (10 §4.6)",,
Région,Kara,,Kara,,Toutes les préfectures,Accès rural,ruraux à plus de 2 km d’une route revêtue,2022,Passé,,aucune (10 §4.6),578139.0,578139.0,578139.0,part des ruraux à moins de 2 km (%),17.49,,985512.0,B,A1 §4 ; 08 (O5-04) ; 10,"population rurale supposée uniforme dans la préfecture, comme au 10 ; aucune cible (10 §4.6)",,
Région,Maritime,,Maritime,,Toutes les préfectures,Accès rural,ruraux à plus de 2 km d’une route revêtue,2022,Passé,,aucune (10 §4.6),892565.0,892565.0,892565.0,part des ruraux à moins de 2 km (%),23.14,,3534991.0,B,A1 §4 ; 08 (O5-04) ; 10,"population rurale supposée uniforme dans la préfecture, comme au 10 ; aucune cible (10 §4.6)",,
Région,Plateaux,,Plateaux,,Toutes les préfectures,Accès rural,ruraux à plus de 2 km d’une route revêtue,2022,Passé,,aucune (10 §4.6),1094908.0,1094908.0,1094908.0,part des ruraux à moins de 2 km (%),13.55,,1635946.0,B,A1 §4 ; 08 (O5-04) ; 10,"population rurale supposée uniforme dans la préfecture, comme au 10 ; aucune cible (10 §4.6)",,
Région,Savanes,,Savanes,,Toutes les préfectures,Accès rural,ruraux à plus de 2 km d’une route revêtue,2022,Passé,,aucune (10 §4.6),748163.0,748163.0,748163.0,part des ruraux à moins de 2 km (%),16.93,,1143520.0,B,A1 §4 ; 08 (O5-04) ; 10,"population rurale supposée uniforme dans la préfecture, comme au 10 ; aucune cible (10 §4.6)",,
Région,Centrale,,Centrale,,Toutes les préfectures,Accès rural,ruraux à plus de 2 km d’une route revêtue,2026,Actuel,,aucune (10 §4.6),556545.0,556545.0,559793.0,part des ruraux à moins de 2 km (%),13.19,,860914.0,C,A1 §4 ; recensement 2022 ; projections de l'INSEED 2011-2031 ; variante (b) : croissance régionale 2010-2022,"population rurale supposée uniforme dans la préfecture, comme au 10 ; aucune cible (10 §4.6)",,
Région,Kara,,Kara,,Toutes les préfectures,Accès rural,ruraux à plus de 2 km d’une route revêtue,2026,Actuel,,aucune (10 §4.6),624432.0,624432.0,629308.0,part des ruraux à moins de 2 km (%),17.49,,1064424.0,C,A1 §4 ; recensement 2022 ; projections de l'INSEED 2011-2031 ; variante (b) : croissance régionale 2010-2022,"population rurale supposée uniforme dans la préfecture, comme au 10 ; aucune cible (10 §4.6)",,
Région,Maritime,,Maritime,,Toutes les préfectures,Accès rural,ruraux à plus de 2 km d’une route revêtue,2026,Actuel,,aucune (10 §4.6),983630.0,971563.0,983630.0,part des ruraux à moins de 2 km (%),23.14,,3895653.0,C,A1 §4 ; recensement 2022 ; projections de l'INSEED 2011-2031 ; variante (b) : croissance régionale 2010-2022,"population rurale supposée uniforme dans la préfecture, comme au 10 ; aucune cible (10 §4.6)",,
Région,Plateaux,,Plateaux,,Toutes les préfectures,Accès rural,ruraux à plus de 2 km d’une route revêtue,2026,Actuel,,aucune (10 §4.6),1154073.0,1154073.0,1191814.0,part des ruraux à moins de 2 km (%),13.55,,1724348.0,C,A1 §4 ; recensement 2022 ; projections de l'INSEED 2011-2031 ; variante (b) : croissance régionale 2010-2022,"population rurale supposée uniforme dans la préfecture, comme au 10 ; aucune cible (10 §4.6)",,
Région,Savanes,,Savanes,,Toutes les préfectures,Accès rural,ruraux à plus de 2 km d’une route revêtue,2026,Actuel,,aucune (10 §4.6),828730.0,814380.0,828730.0,part des ruraux à moins de 2 km (%),16.93,,1266661.0,C,A1 §4 ; recensement 2022 ; projections de l'INSEED 2011-2031 ; variante (b) : croissance régionale 2010-2022,"population rurale supposée uniforme dans la préfecture, comme au 10 ; aucune cible (10 §4.6)",,
Région,Centrale,,Centrale,,Toutes les préfectures,Accès rural,ruraux à plus de 2 km d’une route revêtue,2027,+1 an,,aucune (10 §4.6),567689.0,567689.0,571862.0,part des ruraux à moins de 2 km (%),13.19,,878154.0,C,A1 §4 ; recensement 2022 ; projections de l'INSEED 2011-2031 ; variante (b) : croissance régionale 2010-2022,"population rurale supposée uniforme dans la préfecture, comme au 10 ; aucune cible (10 §4.6)",,
Région,Kara,,Kara,,Toutes les préfectures,Accès rural,ruraux à plus de 2 km d’une route revêtue,2027,+1 an,,aucune (10 §4.6),636624.0,636624.0,642877.0,part des ruraux à moins de 2 km (%),17.49,,1085207.0,C,A1 §4 ; recensement 2022 ; projections de l'INSEED 2011-2031 ; variante (b) : croissance régionale 2010-2022,"population rurale supposée uniforme dans la préfecture, comme au 10 ; aucune cible (10 §4.6)",,
Région,Maritime,,Maritime,,Toutes les préfectures,Accès rural,ruraux à plus de 2 km d’une route revêtue,2027,+1 an,,aucune (10 §4.6),1007893.0,992511.0,1007893.0,part des ruraux à moins de 2 km (%),23.14,,3991747.0,C,A1 §4 ; recensement 2022 ; projections de l'INSEED 2011-2031 ; variante (b) : croissance régionale 2010-2022,"population rurale supposée uniforme dans la préfecture, comme au 10 ; aucune cible (10 §4.6)",,
Région,Plateaux,,Plateaux,,Toutes les préfectures,Accès rural,ruraux à plus de 2 km d’une route revêtue,2027,+1 an,,aucune (10 §4.6),1169451.0,1169451.0,1217511.0,part des ruraux à moins de 2 km (%),13.55,,1747324.0,C,A1 §4 ; recensement 2022 ; projections de l'INSEED 2011-2031 ; variante (b) : croissance régionale 2010-2022,"population rurale supposée uniforme dans la préfecture, comme au 10 ; aucune cible (10 §4.6)",,
Région,Savanes,,Savanes,,Toutes les préfectures,Accès rural,ruraux à plus de 2 km d’une route revêtue,2027,+1 an,,aucune (10 §4.6),850260.0,831940.0,850260.0,part des ruraux à moins de 2 km (%),16.93,,1299568.0,C,A1 §4 ; recensement 2022 ; projections de l'INSEED 2011-2031 ; variante (b) : croissance régionale 2010-2022,"population rurale supposée uniforme dans la préfecture, comme au 10 ; aucune cible (10 §4.6)",,
Région,Centrale,,Centrale,,Toutes les préfectures,Accès rural,ruraux à plus de 2 km d’une route revêtue,2029,+3 ans,,aucune (10 §4.6),589964.0,589964.0,596129.0,part des ruraux à moins de 2 km (%),13.19,,912611.0,C,A1 §4 ; recensement 2022 ; projections de l'INSEED 2011-2031 ; variante (b) : croissance régionale 2010-2022,"population rurale supposée uniforme dans la préfecture, comme au 10 ; aucune cible (10 §4.6)",,
Région,Kara,,Kara,,Toutes les préfectures,Accès rural,ruraux à plus de 2 km d’une route revêtue,2029,+3 ans,,aucune (10 §4.6),660956.0,660956.0,670157.0,part des ruraux à moins de 2 km (%),17.49,,1126684.0,C,A1 §4 ; recensement 2022 ; projections de l'INSEED 2011-2031 ; variante (b) : croissance régionale 2010-2022,"population rurale supposée uniforme dans la préfecture, comme au 10 ; aucune cible (10 §4.6)",,
Région,Maritime,,Maritime,,Toutes les préfectures,Accès rural,ruraux à plus de 2 km d’une route revêtue,2029,+3 ans,,aucune (10 §4.6),1056997.0,1034628.0,1056997.0,part des ruraux à moins de 2 km (%),23.14,,4186220.0,C,A1 §4 ; recensement 2022 ; projections de l'INSEED 2011-2031 ; variante (b) : croissance régionale 2010-2022,"population rurale supposée uniforme dans la préfecture, comme au 10 ; aucune cible (10 §4.6)",,
Région,Plateaux,,Plateaux,,Toutes les préfectures,Accès rural,ruraux à plus de 2 km d’une route revêtue,2029,+3 ans,,aucune (10 §4.6),1199425.0,1199425.0,1269176.0,part des ruraux à moins de 2 km (%),13.55,,1792109.0,C,A1 §4 ; recensement 2022 ; projections de l'INSEED 2011-2031 ; variante (b) : croissance régionale 2010-2022,"population rurale supposée uniforme dans la préfecture, comme au 10 ; aucune cible (10 §4.6)",,
Région,Savanes,,Savanes,,Toutes les préfectures,Accès rural,ruraux à plus de 2 km d’une route revêtue,2029,+3 ans,,aucune (10 §4.6),893970.0,867243.0,893970.0,part des ruraux à moins de 2 km (%),16.93,,1366376.0,C,A1 §4 ; recensement 2022 ; projections de l'INSEED 2011-2031 ; variante (b) : croissance régionale 2010-2022,"population rurale supposée uniforme dans la préfecture, comme au 10 ; aucune cible (10 §4.6)",,
Région,Centrale,,Centrale,,Toutes les préfectures,Accès rural,ruraux à plus de 2 km d’une route revêtue,2031,+5 ans,,aucune (10 §4.6),612111.0,612111.0,620460.0,part des ruraux à moins de 2 km (%),13.19,,946869.0,C,A1 §4 ; recensement 2022 ; projections de l'INSEED 2011-2031 ; variante (b) : croissance régionale 2010-2022,"population rurale supposée uniforme dans la préfecture, comme au 10 ; aucune cible (10 §4.6)",,
Région,Kara,,Kara,,Toutes les préfectures,Accès rural,ruraux à plus de 2 km d’une route revêtue,2031,+5 ans,,aucune (10 §4.6),685096.0,685096.0,697509.0,part des ruraux à moins de 2 km (%),17.49,,1167834.0,C,A1 §4 ; recensement 2022 ; projections de l'INSEED 2011-2031 ; variante (b) : croissance régionale 2010-2022,"population rurale supposée uniforme dans la préfecture, comme au 10 ; aucune cible (10 §4.6)",,
Région,Maritime,,Maritime,,Toutes les préfectures,Accès rural,ruraux à plus de 2 km d’une route revêtue,2031,+5 ans,,aucune (10 §4.6),1106680.0,1076856.0,1106680.0,part des ruraux à moins de 2 km (%),23.14,,4382990.0,C,A1 §4 ; recensement 2022 ; projections de l'INSEED 2011-2031 ; variante (b) : croissance régionale 2010-2022,"population rurale supposée uniforme dans la préfecture, comme au 10 ; aucune cible (10 §4.6)",,
Région,Plateaux,,Plateaux,,Toutes les préfectures,Accès rural,ruraux à plus de 2 km d’une route revêtue,2031,+5 ans,,aucune (10 §4.6),1228156.0,1228156.0,1320977.0,part des ruraux à moins de 2 km (%),13.55,,1835037.0,C,A1 §4 ; recensement 2022 ; projections de l'INSEED 2011-2031 ; variante (b) : croissance régionale 2010-2022,"population rurale supposée uniforme dans la préfecture, comme au 10 ; aucune cible (10 §4.6)",,
Région,Savanes,,Savanes,,Toutes les préfectures,Accès rural,ruraux à plus de 2 km d’une route revêtue,2031,+5 ans,,aucune (10 §4.6),938391.0,902639.0,938391.0,part des ruraux à moins de 2 km (%),16.93,,1434270.0,C,A1 §4 ; recensement 2022 ; projections de l'INSEED 2011-2031 ; variante (b) : croissance régionale 2010-2022,"population rurale supposée uniforme dans la préfecture, comme au 10 ; aucune cible (10 §4.6)",,
Pays,Togo,,,,Levier du 08,Auto-écoles,auto-écoles à ouvrir,2022,Passé,0.0,"1,065 pour 100 000 habitants (écart 21)",41.0,41.0,41.0,auto-écoles agréées pour 100 000 habitants,0.0,1.4,2932492.0,B,A1 §4 ; 08 (O5-04) ; 10,"auto-écoles de la collecte 2021-2022, activité non vérifiée ; cible gardée à sa valeur de 2022 (A1-3)",,
Pays,Togo,,,,Levier du 08,Auto-écoles,auto-écoles à ouvrir,2026,Actuel,0.0,"1,065 pour 100 000 habitants (écart 21)",45.0,45.0,45.0,auto-écoles agréées pour 100 000 habitants,0.0,1.42,3171071.0,C,A1 §4 ; recensement 2022 ; projections de l'INSEED 2011-2031 ; variante (b) : croissance régionale 2010-2022,"auto-écoles de la collecte 2021-2022, activité non vérifiée ; cible gardée à sa valeur de 2022 (A1-3)",,
Pays,Togo,,,,Levier du 08,Auto-écoles,auto-écoles à ouvrir,2027,+1 an,0.0,"1,065 pour 100 000 habitants (écart 21)",45.0,45.0,47.0,auto-écoles agréées pour 100 000 habitants,0.0,1.39,3234131.0,C,A1 §4 ; recensement 2022 ; projections de l'INSEED 2011-2031 ; variante (b) : croissance régionale 2010-2022,"auto-écoles de la collecte 2021-2022, activité non vérifiée ; cible gardée à sa valeur de 2022 (A1-3)",,
Pays,Togo,,,,Levier du 08,Auto-écoles,auto-écoles à ouvrir,2029,+3 ans,0.0,"1,065 pour 100 000 habitants (écart 21)",48.0,48.0,50.0,auto-écoles agréées pour 100 000 habitants,0.0,1.43,3360349.0,C,A1 §4 ; recensement 2022 ; projections de l'INSEED 2011-2031 ; variante (b) : croissance régionale 2010-2022,"auto-écoles de la collecte 2021-2022, activité non vérifiée ; cible gardée à sa valeur de 2022 (A1-3)",,
Pays,Togo,,,,Levier du 08,Auto-écoles,auto-écoles à ouvrir,2031,+5 ans,0.0,"1,065 pour 100 000 habitants (écart 21)",50.0,50.0,50.0,auto-écoles agréées pour 100 000 habitants,0.0,1.43,3486102.0,C,A1 §4 ; recensement 2022 ; projections de l'INSEED 2011-2031 ; variante (b) : croissance régionale 2010-2022,"auto-écoles de la collecte 2021-2022, activité non vérifiée ; cible gardée à sa valeur de 2022 (A1-3)",,
Pays,Togo,,,,Toutes les préfectures,Auto-écoles,auto-écoles à ouvrir,2022,Passé,132.0,"1,065 pour 100 000 habitants (écart 21)",54.0,54.0,54.0,auto-écoles agréées pour 100 000 habitants,1.63,2.3,8095498.0,B,A1 §4 ; 08 (O5-04) ; 10,"auto-écoles de la collecte 2021-2022, activité non vérifiée ; cible gardée à sa valeur de 2022 (A1-3)",,
Pays,Togo,,,,Toutes les préfectures,Auto-écoles,auto-écoles à ouvrir,2026,Actuel,132.0,"1,065 pour 100 000 habitants (écart 21)",59.0,59.0,59.0,auto-écoles agréées pour 100 000 habitants,1.5,2.17,8812000.0,C,A1 §4 ; recensement 2022 ; projections de l'INSEED 2011-2031 ; variante (b) : croissance régionale 2010-2022,"auto-écoles de la collecte 2021-2022, activité non vérifiée ; cible gardée à sa valeur de 2022 (A1-3)",,
Pays,Togo,,,,Toutes les préfectures,Auto-écoles,auto-écoles à ouvrir,2027,+1 an,132.0,"1,065 pour 100 000 habitants (écart 21)",60.0,60.0,62.0,auto-écoles agréées pour 100 000 habitants,1.47,2.13,9002000.0,C,A1 §4 ; recensement 2022 ; projections de l'INSEED 2011-2031 ; variante (b) : croissance régionale 2010-2022,"auto-écoles de la collecte 2021-2022, activité non vérifiée ; cible gardée à sa valeur de 2022 (A1-3)",,
Pays,Togo,,,,Toutes les préfectures,Auto-écoles,auto-écoles à ouvrir,2029,+3 ans,132.0,"1,065 pour 100 000 habitants (écart 21)",64.0,64.0,66.0,auto-écoles agréées pour 100 000 habitants,1.41,2.09,9384000.0,C,A1 §4 ; recensement 2022 ; projections de l'INSEED 2011-2031 ; variante (b) : croissance régionale 2010-2022,"auto-écoles de la collecte 2021-2022, activité non vérifiée ; cible gardée à sa valeur de 2022 (A1-3)",,
Pays,Togo,,,,Toutes les préfectures,Auto-écoles,auto-écoles à ouvrir,2031,+5 ans,132.0,"1,065 pour 100 000 habitants (écart 21)",69.0,69.0,69.0,auto-écoles agréées pour 100 000 habitants,1.35,2.06,9767000.0,C,A1 §4 ; recensement 2022 ; projections de l'INSEED 2011-2031 ; variante (b) : croissance régionale 2010-2022,"auto-écoles de la collecte 2021-2022, activité non vérifiée ; cible gardée à sa valeur de 2022 (A1-3)",,
Pays,Togo,,,,Levier du 08,Remise en état,km à remettre en état,2022,Passé,495.0,"14,35 % des km évalués en mauvais état (médiane de O3-02)",304.6,304.6,304.6,part des km évalués en mauvais état (%),37.3,14.35,2868523.0,B,A1 §4 ; 08 (O5-04) ; 10,relevé de 2020 ; même valeur à chaque palier : aucune donnée ne mesure l’usure,,
Pays,Togo,,,,Levier du 08,Remise en état,km à remettre en état,2026,Actuel,495.0,"14,35 % des km évalués en mauvais état (médiane de O3-02)",304.6,304.6,304.6,part des km évalués en mauvais état (%),37.3,14.35,3098156.0,C,A1 §4 ; recensement 2022 ; projections de l'INSEED 2011-2031 ; variante (b) : croissance régionale 2010-2022,relevé de 2020 ; même valeur à chaque palier : aucune donnée ne mesure l’usure,,
Pays,Togo,,,,Levier du 08,Remise en état,km à remettre en état,2027,+1 an,495.0,"14,35 % des km évalués en mauvais état (médiane de O3-02)",304.6,304.6,304.6,part des km évalués en mauvais état (%),37.3,14.35,3158778.0,C,A1 §4 ; recensement 2022 ; projections de l'INSEED 2011-2031 ; variante (b) : croissance régionale 2010-2022,relevé de 2020 ; même valeur à chaque palier : aucune donnée ne mesure l’usure,,
Pays,Togo,,,,Levier du 08,Remise en état,km à remettre en état,2029,+3 ans,495.0,"14,35 % des km évalués en mauvais état (médiane de O3-02)",304.6,304.6,304.6,part des km évalués en mauvais état (%),37.3,14.35,3279955.0,C,A1 §4 ; recensement 2022 ; projections de l'INSEED 2011-2031 ; variante (b) : croissance régionale 2010-2022,relevé de 2020 ; même valeur à chaque palier : aucune donnée ne mesure l’usure,,
Pays,Togo,,,,Levier du 08,Remise en état,km à remettre en état,2031,+5 ans,495.0,"14,35 % des km évalués en mauvais état (médiane de O3-02)",304.6,304.6,304.6,part des km évalués en mauvais état (%),37.3,14.35,3400460.0,C,A1 §4 ; recensement 2022 ; projections de l'INSEED 2011-2031 ; variante (b) : croissance régionale 2010-2022,relevé de 2020 ; même valeur à chaque palier : aucune donnée ne mesure l’usure,,
Pays,Togo,,,,Toutes les préfectures,Remise en état,km à remettre en état,2022,Passé,669.3,"14,35 % des km évalués en mauvais état (médiane de O3-02)",327.9,327.9,327.9,part des km évalués en mauvais état (%),21.16,10.79,8095498.0,B,A1 §4 ; 08 (O5-04) ; 10,relevé de 2020 ; même valeur à chaque palier : aucune donnée ne mesure l’usure,,
Pays,Togo,,,,Toutes les préfectures,Remise en état,km à remettre en état,2026,Actuel,669.3,"14,35 % des km évalués en mauvais état (médiane de O3-02)",327.9,327.9,327.9,part des km évalués en mauvais état (%),21.16,10.79,8812000.0,C,A1 §4 ; recensement 2022 ; projections de l'INSEED 2011-2031 ; variante (b) : croissance régionale 2010-2022,relevé de 2020 ; même valeur à chaque palier : aucune donnée ne mesure l’usure,,
Pays,Togo,,,,Toutes les préfectures,Remise en état,km à remettre en état,2027,+1 an,669.3,"14,35 % des km évalués en mauvais état (médiane de O3-02)",327.9,327.9,327.9,part des km évalués en mauvais état (%),21.16,10.79,9002000.0,C,A1 §4 ; recensement 2022 ; projections de l'INSEED 2011-2031 ; variante (b) : croissance régionale 2010-2022,relevé de 2020 ; même valeur à chaque palier : aucune donnée ne mesure l’usure,,
Pays,Togo,,,,Toutes les préfectures,Remise en état,km à remettre en état,2029,+3 ans,669.3,"14,35 % des km évalués en mauvais état (médiane de O3-02)",327.9,327.9,327.9,part des km évalués en mauvais état (%),21.16,10.79,9384000.0,C,A1 §4 ; recensement 2022 ; projections de l'INSEED 2011-2031 ; variante (b) : croissance régionale 2010-2022,relevé de 2020 ; même valeur à chaque palier : aucune donnée ne mesure l’usure,,
Pays,Togo,,,,Toutes les préfectures,Remise en état,km à remettre en état,2031,+5 ans,669.3,"14,35 % des km évalués en mauvais état (médiane de O3-02)",327.9,327.9,327.9,part des km évalués en mauvais état (%),21.16,10.79,9767000.0,C,A1 §4 ; recensement 2022 ; projections de l'INSEED 2011-2031 ; variante (b) : croissance régionale 2010-2022,relevé de 2020 ; même valeur à chaque palier : aucune donnée ne mesure l’usure,,
Pays,Togo,,,,Toutes les préfectures,Accès rural,ruraux à plus de 2 km d’une route revêtue,2022,Passé,,aucune (10 §4.6),3828051.0,3828051.0,3828051.0,part des ruraux à moins de 2 km (%),17.17,,8095498.0,B,A1 §4 ; 08 (O5-04) ; 10,"population rurale supposée uniforme dans la préfecture, comme au 10 ; aucune cible (10 §4.6)",,
Pays,Togo,,,,Toutes les préfectures,Accès rural,ruraux à plus de 2 km d’une route revêtue,2026,Actuel,,aucune (10 §4.6),4147410.0,4147410.0,4166857.0,part des ruraux à moins de 2 km (%),17.22,,8812000.0,C,A1 §4 ; recensement 2022 ; projections de l'INSEED 2011-2031 ; variante (b) : croissance régionale 2010-2022,"population rurale supposée uniforme dans la préfecture, comme au 10 ; aucune cible (10 §4.6)",,
Pays,Togo,,,,Toutes les préfectures,Accès rural,ruraux à plus de 2 km d’une route revêtue,2027,+1 an,,aucune (10 §4.6),4231918.0,4231918.0,4256701.0,part des ruraux à moins de 2 km (%),17.24,,9002000.0,C,A1 §4 ; recensement 2022 ; projections de l'INSEED 2011-2031 ; variante (b) : croissance régionale 2010-2022,"population rurale supposée uniforme dans la préfecture, comme au 10 ; aucune cible (10 §4.6)",,
Pays,Togo,,,,Toutes les préfectures,Accès rural,ruraux à plus de 2 km d’une route revêtue,2029,+3 ans,,aucune (10 §4.6),4401312.0,4401312.0,4437334.0,part des ruraux à moins de 2 km (%),17.26,,9384000.0,C,A1 §4 ; recensement 2022 ; projections de l'INSEED 2011-2031 ; variante (b) : croissance régionale 2010-2022,"population rurale supposée uniforme dans la préfecture, comme au 10 ; aucune cible (10 §4.6)",,
Pays,Togo,,,,Toutes les préfectures,Accès rural,ruraux à plus de 2 km d’une route revêtue,2031,+5 ans,,aucune (10 §4.6),4570433.0,4570433.0,4618440.0,part des ruraux à moins de 2 km (%),17.29,,9767000.0,C,A1 §4 ; recensement 2022 ; projections de l'INSEED 2011-2031 ; variante (b) : croissance régionale 2010-2022,"population rurale supposée uniforme dans la préfecture, comme au 10 ; aucune cible (10 §4.6)",,
Recommandation,Danyi (Plateaux) ; Blitta (Centrale) ; Agou (Plateaux) ; Tchamba (Centrale) ; Bassar (Kara),,,REC-R1,Levier du 10,Remise en état,km à remettre en état,2022,Passé,256.3,"14,35 % des km évalués en mauvais état (médiane de O3-02)",175.6,175.6,175.6,part des km évalués en mauvais état (%),45.54,14.33,641955.0,B,A1 §4 ; 08 (O5-04) ; 10,relevé de 2020 ; même valeur à chaque palier : aucune donnée ne mesure l’usure,3.0,False
Recommandation,Danyi (Plateaux) ; Blitta (Centrale) ; Agou (Plateaux) ; Tchamba (Centrale) ; Bassar (Kara),,,REC-R1,Levier du 10,Remise en état,km à remettre en état,2026,Actuel,256.3,"14,35 % des km évalués en mauvais état (médiane de O3-02)",175.6,175.6,175.6,part des km évalués en mauvais état (%),45.54,14.33,690847.0,C,A1 §4 ; recensement 2022 ; projections de l'INSEED 2011-2031 ; variante (b) : croissance régionale 2010-2022,relevé de 2020 ; même valeur à chaque palier : aucune donnée ne mesure l’usure,3.0,False
Recommandation,Danyi (Plateaux) ; Blitta (Centrale) ; Agou (Plateaux) ; Tchamba (Centrale) ; Bassar (Kara),,,REC-R1,Levier du 10,Remise en état,km à remettre en état,2027,+1 an,256.3,"14,35 % des km évalués en mauvais état (médiane de O3-02)",175.6,175.6,175.6,part des km évalués en mauvais état (%),45.54,14.33,703709.0,C,A1 §4 ; recensement 2022 ; projections de l'INSEED 2011-2031 ; variante (b) : croissance régionale 2010-2022,relevé de 2020 ; même valeur à chaque palier : aucune donnée ne mesure l’usure,3.0,False
Recommandation,Danyi (Plateaux) ; Blitta (Centrale) ; Agou (Plateaux) ; Tchamba (Centrale) ; Bassar (Kara),,,REC-R1,Levier du 10,Remise en état,km à remettre en état,2029,+3 ans,256.3,"14,35 % des km évalués en mauvais état (médiane de O3-02)",175.6,175.6,175.6,part des km évalués en mauvais état (%),45.54,14.33,729319.0,C,A1 §4 ; recensement 2022 ; projections de l'INSEED 2011-2031 ; variante (b) : croissance régionale 2010-2022,relevé de 2020 ; même valeur à chaque palier : aucune donnée ne mesure l’usure,3.0,True
Recommandation,Danyi (Plateaux) ; Blitta (Centrale) ; Agou (Plateaux) ; Tchamba (Centrale) ; Bassar (Kara),,,REC-R1,Levier du 10,Remise en état,km à remettre en état,2031,+5 ans,256.3,"14,35 % des km évalués en mauvais état (médiane de O3-02)",175.6,175.6,175.6,part des km évalués en mauvais état (%),45.54,14.33,754645.0,C,A1 §4 ; recensement 2022 ; projections de l'INSEED 2011-2031 ; variante (b) : croissance régionale 2010-2022,relevé de 2020 ; même valeur à chaque palier : aucune donnée ne mesure l’usure,3.0,False
Recommandation,Tchaoudjo (Centrale) ; Ogou (Plateaux) ; Anié (Plateaux) ; Kloto (Plateaux) ; Wawa (Plateaux) ; Sotouboua (Centrale) ; Agoè-Nyivé (Grand Lomé) ; Kozah (Kara),,,REC-R2,Levier du 10,Remise en état,km à remettre en état,2022,Passé,238.7,"14,35 % des km évalués en mauvais état (médiane de O3-02)",129.0,129.0,129.0,part des km évalués en mauvais état (%),31.24,14.36,2226568.0,B,A1 §4 ; 08 (O5-04) ; 10,relevé de 2020 ; même valeur à chaque palier : aucune donnée ne mesure l’usure,5.0,False
Recommandation,Tchaoudjo (Centrale) ; Ogou (Plateaux) ; Anié (Plateaux) ; Kloto (Plateaux) ; Wawa (Plateaux) ; Sotouboua (Centrale) ; Agoè-Nyivé (Grand Lomé) ; Kozah (Kara),,,REC-R2,Levier du 10,Remise en état,km à remettre en état,2026,Actuel,238.7,"14,35 % des km évalués en mauvais état (médiane de O3-02)",129.0,129.0,129.0,part des km évalués en mauvais état (%),31.24,14.36,2407309.0,C,A1 §4 ; recensement 2022 ; projections de l'INSEED 2011-2031 ; variante (b) : croissance régionale 2010-2022,relevé de 2020 ; même valeur à chaque palier : aucune donnée ne mesure l’usure,5.0,False
Recommandation,Tchaoudjo (Centrale) ; Ogou (Plateaux) ; Anié (Plateaux) ; Kloto (Plateaux) ; Wawa (Plateaux) ; Sotouboua (Centrale) ; Agoè-Nyivé (Grand Lomé) ; Kozah (Kara),,,REC-R2,Levier du 10,Remise en état,km à remettre en état,2027,+1 an,238.7,"14,35 % des km évalués en mauvais état (médiane de O3-02)",129.0,129.0,129.0,part des km évalués en mauvais état (%),31.24,14.36,2455068.0,C,A1 §4 ; recensement 2022 ; projections de l'INSEED 2011-2031 ; variante (b) : croissance régionale 2010-2022,relevé de 2020 ; même valeur à chaque palier : aucune donnée ne mesure l’usure,5.0,False
Recommandation,Tchaoudjo (Centrale) ; Ogou (Plateaux) ; Anié (Plateaux) ; Kloto (Plateaux) ; Wawa (Plateaux) ; Sotouboua (Centrale) ; Agoè-Nyivé (Grand Lomé) ; Kozah (Kara),,,REC-R2,Levier du 10,Remise en état,km à remettre en état,2029,+3 ans,238.7,"14,35 % des km évalués en mauvais état (médiane de O3-02)",129.0,129.0,129.0,part des km évalués en mauvais état (%),31.24,14.36,2550636.0,C,A1 §4 ; recensement 2022 ; projections de l'INSEED 2011-2031 ; variante (b) : croissance régionale 2010-2022,relevé de 2020 ; même valeur à chaque palier : aucune donnée ne mesure l’usure,5.0,False
Recommandation,Tchaoudjo (Centrale) ; Ogou (Plateaux) ; Anié (Plateaux) ; Kloto (Plateaux) ; Wawa (Plateaux) ; Sotouboua (Centrale) ; Agoè-Nyivé (Grand Lomé) ; Kozah (Kara),,,REC-R2,Levier du 10,Remise en état,km à remettre en état,2031,+5 ans,238.7,"14,35 % des km évalués en mauvais état (médiane de O3-02)",129.0,129.0,129.0,part des km évalués en mauvais état (%),31.24,14.36,2645816.0,C,A1 §4 ; recensement 2022 ; projections de l'INSEED 2011-2031 ; variante (b) : croissance régionale 2010-2022,relevé de 2020 ; même valeur à chaque palier : aucune donnée ne mesure l’usure,5.0,True
Recommandation,"18 préfectures traversées : Agou, Anié, Bassar, Blitta, Danyi, Est-Mono, Haho, Kloto, Kozah, Kpélé, Ogou, Oti, Oti-Sud, Sotouboua, Tchamba, Tchaoudjo, Wawa, Zio",,,REC-R3,Levier du 10,Remise en état,km à remettre en état,2022,Passé,416.8,"14,35 % des km évalués en mauvais état (médiane de O3-02)",318.9,318.9,318.9,part des km évalués en mauvais état (%),61.07,14.35,,B,A1 §4 ; 08 (O5-04) ; 10,les 10 tronçons les plus dégradés ; ils traversent les préfectures de REC-R1 et REC-R2 (pas d’addition),3.0,False
Recommandation,"18 préfectures traversées : Agou, Anié, Bassar, Blitta, Danyi, Est-Mono, Haho, Kloto, Kozah, Kpélé, Ogou, Oti, Oti-Sud, Sotouboua, Tchamba, Tchaoudjo, Wawa, Zio",,,REC-R3,Levier du 10,Remise en état,km à remettre en état,2026,Actuel,416.8,"14,35 % des km évalués en mauvais état (médiane de O3-02)",318.9,318.9,318.9,part des km évalués en mauvais état (%),61.07,14.35,,C,A1 §4 ; recensement 2022 ; projections de l'INSEED 2011-2031 ; variante (b) : croissance régionale 2010-2022,les 10 tronçons les plus dégradés ; ils traversent les préfectures de REC-R1 et REC-R2 (pas d’addition),3.0,False
Recommandation,"18 préfectures traversées : Agou, Anié, Bassar, Blitta, Danyi, Est-Mono, Haho, Kloto, Kozah, Kpélé, Ogou, Oti, Oti-Sud, Sotouboua, Tchamba, Tchaoudjo, Wawa, Zio",,,REC-R3,Levier du 10,Remise en état,km à remettre en état,2027,+1 an,416.8,"14,35 % des km évalués en mauvais état (médiane de O3-02)",318.9,318.9,318.9,part des km évalués en mauvais état (%),61.07,14.35,,C,A1 §4 ; recensement 2022 ; projections de l'INSEED 2011-2031 ; variante (b) : croissance régionale 2010-2022,les 10 tronçons les plus dégradés ; ils traversent les préfectures de REC-R1 et REC-R2 (pas d’addition),3.0,False
Recommandation,"18 préfectures traversées : Agou, Anié, Bassar, Blitta, Danyi, Est-Mono, Haho, Kloto, Kozah, Kpélé, Ogou, Oti, Oti-Sud, Sotouboua, Tchamba, Tchaoudjo, Wawa, Zio",,,REC-R3,Levier du 10,Remise en état,km à remettre en état,2029,+3 ans,416.8,"14,35 % des km évalués en mauvais état (médiane de O3-02)",318.9,318.9,318.9,part des km évalués en mauvais état (%),61.07,14.35,,C,A1 §4 ; recensement 2022 ; projections de l'INSEED 2011-2031 ; variante (b) : croissance régionale 2010-2022,les 10 tronçons les plus dégradés ; ils traversent les préfectures de REC-R1 et REC-R2 (pas d’addition),3.0,True
Recommandation,"18 préfectures traversées : Agou, Anié, Bassar, Blitta, Danyi, Est-Mono, Haho, Kloto, Kozah, Kpélé, Ogou, Oti, Oti-Sud, Sotouboua, Tchamba, Tchaoudjo, Wawa, Zio",,,REC-R3,Levier du 10,Remise en état,km à remettre en état,2031,+5 ans,416.8,"14,35 % des km évalués en mauvais état (médiane de O3-02)",318.9,318.9,318.9,part des km évalués en mauvais état (%),61.07,14.35,,C,A1 §4 ; recensement 2022 ; projections de l'INSEED 2011-2031 ; variante (b) : croissance régionale 2010-2022,les 10 tronçons les plus dégradés ; ils traversent les préfectures de REC-R1 et REC-R2 (pas d’addition),3.0,False
Recommandation,Mô (Centrale),,,REC-R4,Levier du 10,Desserte de Mô,km de routes classées,2022,Passé,0.0,"5,39 km pour 10 000 habitants (écart 28)",28.3,28.3,28.3,km de routes classées pour 10 000 habitants,0.0,5.39,52448.0,B,A1 §4 ; 08 (O5-04) ; 10,ordre de grandeur derrière une vérification (REC-R4),5.0,False
Recommandation,Mô (Centrale),,,REC-R4,Levier du 10,Desserte de Mô,km de routes classées,2026,Actuel,0.0,"5,39 km pour 10 000 habitants (écart 28)",30.6,30.6,30.8,km de routes classées pour 10 000 habitants,0.0,5.39,56759.0,C,A1 §4 ; recensement 2022 ; projections de l'INSEED 2011-2031 ; variante (b) : croissance régionale 2010-2022,ordre de grandeur derrière une vérification (REC-R4),5.0,False
Recommandation,Mô (Centrale),,,REC-R4,Levier du 10,Desserte de Mô,km de routes classées,2027,+1 an,0.0,"5,39 km pour 10 000 habitants (écart 28)",31.2,31.2,31.4,km de routes classées pour 10 000 habitants,0.0,5.39,57895.0,C,A1 §4 ; recensement 2022 ; projections de l'INSEED 2011-2031 ; variante (b) : croissance régionale 2010-2022,ordre de grandeur derrière une vérification (REC-R4),5.0,False
Recommandation,Mô (Centrale),,,REC-R4,Levier du 10,Desserte de Mô,km de routes classées,2029,+3 ans,0.0,"5,39 km pour 10 000 habitants (écart 28)",32.4,32.4,32.8,km de routes classées pour 10 000 habitants,0.0,5.39,60167.0,C,A1 §4 ; recensement 2022 ; projections de l'INSEED 2011-2031 ; variante (b) : croissance régionale 2010-2022,ordre de grandeur derrière une vérification (REC-R4),5.0,False
Recommandation,Mô (Centrale),,,REC-R4,Levier du 10,Desserte de Mô,km de routes classées,2031,+5 ans,0.0,"5,39 km pour 10 000 habitants (écart 28)",33.6,33.6,34.1,km de routes classées pour 10 000 habitants,0.0,5.39,62426.0,C,A1 §4 ; recensement 2022 ; projections de l'INSEED 2011-2031 ; variante (b) : croissance régionale 2010-2022,ordre de grandeur derrière une vérification (REC-R4),5.0,True
Recommandation,Danyi (Plateaux) ; Est-Mono (Plateaux) ; Oti-Sud (Savanes) ; Haho (Plateaux) ; Akébou (Plateaux) ; Kpendjal-Ouest (Savanes) ; Kpendjal (Savanes) ; Doufelgou (Kara) ; Binah (Kara) ; Avé (Maritime hors Grand Lomé) ; Tandjoaré (Savanes) ; Kéran (Kara) ; Dankpen (Kara) ; Moyen-Mono (Plateaux) ; Mô (Centrale),,,REC-F1,Levier du 10,Auto-écoles,auto-écoles à ouvrir,2022,Passé,0.0,"1,065 pour 100 000 habitants (écart 21)",25.0,25.0,25.0,auto-écoles agréées pour 100 000 habitants,0.0,1.37,1822046.0,B,A1 §4 ; 08 (O5-04) ; 10,"auto-écoles de la collecte 2021-2022, activité non vérifiée ; cible gardée à sa valeur de 2022 (A1-3)",3.0,False
Recommandation,Danyi (Plateaux) ; Est-Mono (Plateaux) ; Oti-Sud (Savanes) ; Haho (Plateaux) ; Akébou (Plateaux) ; Kpendjal-Ouest (Savanes) ; Kpendjal (Savanes) ; Doufelgou (Kara) ; Binah (Kara) ; Avé (Maritime hors Grand Lomé) ; Tandjoaré (Savanes) ; Kéran (Kara) ; Dankpen (Kara) ; Moyen-Mono (Plateaux) ; Mô (Centrale),,,REC-F1,Levier du 10,Auto-écoles,auto-écoles à ouvrir,2026,Actuel,0.0,"1,065 pour 100 000 habitants (écart 21)",28.0,28.0,28.0,auto-écoles agréées pour 100 000 habitants,0.0,1.42,1966775.0,C,A1 §4 ; recensement 2022 ; projections de l'INSEED 2011-2031 ; variante (b) : croissance régionale 2010-2022,"auto-écoles de la collecte 2021-2022, activité non vérifiée ; cible gardée à sa valeur de 2022 (A1-3)",3.0,False
Recommandation,Danyi (Plateaux) ; Est-Mono (Plateaux) ; Oti-Sud (Savanes) ; Haho (Plateaux) ; Akébou (Plateaux) ; Kpendjal-Ouest (Savanes) ; Kpendjal (Savanes) ; Doufelgou (Kara) ; Binah (Kara) ; Avé (Maritime hors Grand Lomé) ; Tandjoaré (Savanes) ; Kéran (Kara) ; Dankpen (Kara) ; Moyen-Mono (Plateaux) ; Mô (Centrale),,,REC-F1,Levier du 10,Auto-écoles,auto-écoles à ouvrir,2027,+1 an,0.0,"1,065 pour 100 000 habitants (écart 21)",28.0,28.0,29.0,auto-écoles agréées pour 100 000 habitants,0.0,1.4,2005011.0,C,A1 §4 ; recensement 2022 ; projections de l'INSEED 2011-2031 ; variante (b) : croissance régionale 2010-2022,"auto-écoles de la collecte 2021-2022, activité non vérifiée ; cible gardée à sa valeur de 2022 (A1-3)",3.0,False
Recommandation,Danyi (Plateaux) ; Est-Mono (Plateaux) ; Oti-Sud (Savanes) ; Haho (Plateaux) ; Akébou (Plateaux) ; Kpendjal-Ouest (Savanes) ; Kpendjal (Savanes) ; Doufelgou (Kara) ; Binah (Kara) ; Avé (Maritime hors Grand Lomé) ; Tandjoaré (Savanes) ; Kéran (Kara) ; Dankpen (Kara) ; Moyen-Mono (Plateaux) ; Mô (Centrale),,,REC-F1,Levier du 10,Auto-écoles,auto-écoles à ouvrir,2029,+3 ans,0.0,"1,065 pour 100 000 habitants (écart 21)",30.0,30.0,31.0,auto-écoles agréées pour 100 000 habitants,0.0,1.44,2081464.0,C,A1 §4 ; recensement 2022 ; projections de l'INSEED 2011-2031 ; variante (b) : croissance régionale 2010-2022,"auto-écoles de la collecte 2021-2022, activité non vérifiée ; cible gardée à sa valeur de 2022 (A1-3)",3.0,True
Recommandation,Danyi (Plateaux) ; Est-Mono (Plateaux) ; Oti-Sud (Savanes) ; Haho (Plateaux) ; Akébou (Plateaux) ; Kpendjal-Ouest (Savanes) ; Kpendjal (Savanes) ; Doufelgou (Kara) ; Binah (Kara) ; Avé (Maritime hors Grand Lomé) ; Tandjoaré (Savanes) ; Kéran (Kara) ; Dankpen (Kara) ; Moyen-Mono (Plateaux) ; Mô (Centrale),,,REC-F1,Levier du 10,Auto-écoles,auto-écoles à ouvrir,2031,+5 ans,0.0,"1,065 pour 100 000 habitants (écart 21)",31.0,31.0,31.0,auto-écoles agréées pour 100 000 habitants,0.0,1.44,2157525.0,C,A1 §4 ; recensement 2022 ; projections de l'INSEED 2011-2031 ; variante (b) : croissance régionale 2010-2022,"auto-écoles de la collecte 2021-2022, activité non vérifiée ; cible gardée à sa valeur de 2022 (A1-3)",3.0,False
Recommandation,Blitta (Centrale) ; Agou (Plateaux) ; Tchamba (Centrale) ; Bassar (Kara) ; Oti (Savanes) ; Bas-Mono (Maritime hors Grand Lomé) ; Yoto (Maritime hors Grand Lomé) ; Amou (Plateaux),,,REC-F2,Levier du 10,Auto-écoles,auto-écoles à ouvrir,2022,Passé,0.0,"1,065 pour 100 000 habitants (écart 21)",16.0,16.0,16.0,auto-écoles agréées pour 100 000 habitants,0.0,1.44,1110446.0,B,A1 §4 ; 08 (O5-04) ; 10,"auto-écoles de la collecte 2021-2022, activité non vérifiée ; cible gardée à sa valeur de 2022 (A1-3)",3.0,False
Recommandation,Blitta (Centrale) ; Agou (Plateaux) ; Tchamba (Centrale) ; Bassar (Kara) ; Oti (Savanes) ; Bas-Mono (Maritime hors Grand Lomé) ; Yoto (Maritime hors Grand Lomé) ; Amou (Plateaux),,,REC-F2,Levier du 10,Auto-écoles,auto-écoles à ouvrir,2026,Actuel,0.0,"1,065 pour 100 000 habitants (écart 21)",17.0,17.0,17.0,auto-écoles agréées pour 100 000 habitants,0.0,1.41,1204295.0,C,A1 §4 ; recensement 2022 ; projections de l'INSEED 2011-2031 ; variante (b) : croissance régionale 2010-2022,"auto-écoles de la collecte 2021-2022, activité non vérifiée ; cible gardée à sa valeur de 2022 (A1-3)",3.0,False
Recommandation,Blitta (Centrale) ; Agou (Plateaux) ; Tchamba (Centrale) ; Bassar (Kara) ; Oti (Savanes) ; Bas-Mono (Maritime hors Grand Lomé) ; Yoto (Maritime hors Grand Lomé) ; Amou (Plateaux),,,REC-F2,Levier du 10,Auto-écoles,auto-écoles à ouvrir,2027,+1 an,0.0,"1,065 pour 100 000 habitants (écart 21)",17.0,17.0,18.0,auto-écoles agréées pour 100 000 habitants,0.0,1.38,1229120.0,C,A1 §4 ; recensement 2022 ; projections de l'INSEED 2011-2031 ; variante (b) : croissance régionale 2010-2022,"auto-écoles de la collecte 2021-2022, activité non vérifiée ; cible gardée à sa valeur de 2022 (A1-3)",3.0,False
Recommandation,Blitta (Centrale) ; Agou (Plateaux) ; Tchamba (Centrale) ; Bassar (Kara) ; Oti (Savanes) ; Bas-Mono (Maritime hors Grand Lomé) ; Yoto (Maritime hors Grand Lomé) ; Amou (Plateaux),,,REC-F2,Levier du 10,Auto-écoles,auto-écoles à ouvrir,2029,+3 ans,0.0,"1,065 pour 100 000 habitants (écart 21)",18.0,18.0,19.0,auto-écoles agréées pour 100 000 habitants,0.0,1.41,1278886.0,C,A1 §4 ; recensement 2022 ; projections de l'INSEED 2011-2031 ; variante (b) : croissance régionale 2010-2022,"auto-écoles de la collecte 2021-2022, activité non vérifiée ; cible gardée à sa valeur de 2022 (A1-3)",3.0,True
Recommandation,Blitta (Centrale) ; Agou (Plateaux) ; Tchamba (Centrale) ; Bassar (Kara) ; Oti (Savanes) ; Bas-Mono (Maritime hors Grand Lomé) ; Yoto (Maritime hors Grand Lomé) ; Amou (Plateaux),,,REC-F2,Levier du 10,Auto-écoles,auto-écoles à ouvrir,2031,+5 ans,0.0,"1,065 pour 100 000 habitants (écart 21)",19.0,19.0,19.0,auto-écoles agréées pour 100 000 habitants,0.0,1.43,1328577.0,C,A1 §4 ; recensement 2022 ; projections de l'INSEED 2011-2031 ; variante (b) : croissance régionale 2010-2022,"auto-écoles de la collecte 2021-2022, activité non vérifiée ; cible gardée à sa valeur de 2022 (A1-3)",3.0,False
Recommandation,National,,,REC-F3,Levier du 10,Permis moto,permis A à délivrer dans l’année,2022,Passé,4837.0,taux de 2022–2024 pour 1 000 habitants de 18 ans et plus (écart 29),5345.0,5345.0,5345.0,permis A pour 1 000 habitants de 18 ans et plus,,1.27,4193458.0,C,A1 §4 ; D2 ; D7 ; projections de l'INSEED par âge,"population nationale, sans variante",3.0,False
Recommandation,National,,,REC-F3,Levier du 10,Permis moto,permis A à délivrer dans l’année,2026,Actuel,5513.3,taux de 2022–2024 pour 1 000 habitants de 18 ans et plus (écart 29),6037.0,6037.0,6037.0,permis A pour 1 000 habitants de 18 ans et plus,,1.27,4736037.0,C,A1 §4 ; D2 ; D7 ; projections de l'INSEED par âge,"population nationale, sans variante",3.0,False
Recommandation,National,,,REC-F3,Levier du 10,Permis moto,permis A à délivrer dans l’année,2027,+1 an,5513.3,taux de 2022–2024 pour 1 000 habitants de 18 ans et plus (écart 29),6200.0,6200.0,6200.0,permis A pour 1 000 habitants de 18 ans et plus,,1.27,4864611.0,C,A1 §4 ; D2 ; D7 ; projections de l'INSEED par âge,"population nationale, sans variante",3.0,False
Recommandation,National,,,REC-F3,Levier du 10,Permis moto,permis A à délivrer dans l’année,2029,+3 ans,5513.3,taux de 2022–2024 pour 1 000 habitants de 18 ans et plus (écart 29),6540.0,6540.0,6540.0,permis A pour 1 000 habitants de 18 ans et plus,,1.27,5131425.0,C,A1 §4 ; D2 ; D7 ; projections de l'INSEED par âge,"population nationale, sans variante",3.0,True
Recommandation,National,,,REC-F3,Levier du 10,Permis moto,permis A à délivrer dans l’année,2031,+5 ans,5513.3,taux de 2022–2024 pour 1 000 habitants de 18 ans et plus (écart 29),6880.0,6880.0,6880.0,permis A pour 1 000 habitants de 18 ans et plus,,1.27,5398017.0,C,A1 §4 ; D2 ; D7 ; projections de l'INSEED par âge,"population nationale, sans variante",3.0,False
Recommandation,National,,,REC-S1,Levier du 10,Sécurité routière,aucune quantité,2022,Passé,,Indice sous 1 : part des deux-roues parmi les tués sous leur part dans le parc (écart 30),,,,,,,8095498.0,C,10,la cible ne dépend pas de la population,3.0,False
Recommandation,National,,,REC-S1,Levier du 10,Sécurité routière,aucune quantité,2026,Actuel,,Indice sous 1 : part des deux-roues parmi les tués sous leur part dans le parc (écart 30),,,,,,,8812000.0,C,10,la cible ne dépend pas de la population,3.0,False
Recommandation,National,,,REC-S1,Levier du 10,Sécurité routière,aucune quantité,2027,+1 an,,Indice sous 1 : part des deux-roues parmi les tués sous leur part dans le parc (écart 30),,,,,,,9002000.0,C,10,la cible ne dépend pas de la population,3.0,False
Recommandation,National,,,REC-S1,Levier du 10,Sécurité routière,aucune quantité,2029,+3 ans,,Indice sous 1 : part des deux-roues parmi les tués sous leur part dans le parc (écart 30),,,,,,,9384000.0,C,10,la cible ne dépend pas de la population,3.0,True
Recommandation,National,,,REC-S1,Levier du 10,Sécurité routière,aucune quantité,2031,+5 ans,,Indice sous 1 : part des deux-roues parmi les tués sous leur part dans le parc (écart 30),,,,,,,9767000.0,C,10,la cible ne dépend pas de la population,3.0,False
Recommandation,Centrale (5 préfectures),,,REC-Z3 (réseau),Levier du 10,Remise en état,km à remettre en état,2022,Passé,176.3,"14,35 % des km évalués en mauvais état (médiane de O3-02)",113.6,113.6,113.6,part des km évalués en mauvais état (%),40.33,14.35,743081.0,B,A1 §4 ; 08 (O5-04) ; 10,relevé de 2020 ; même valeur à chaque palier : aucune donnée ne mesure l’usure,3.0,False
Recommandation,Centrale (5 préfectures),,,REC-Z3 (formation),Levier du 10,Auto-écoles,auto-écoles à ouvrir,2022,Passé,0.0,"1,065 pour 100 000 habitants (écart 21)",6.0,6.0,6.0,auto-écoles agréées pour 100 000 habitants,0.0,1.44,416305.0,B,A1 §4 ; 08 (O5-04) ; 10,"auto-écoles de la collecte 2021-2022, activité non vérifiée ; cible gardée à sa valeur de 2022 (A1-3)",3.0,False
Recommandation,Centrale (5 préfectures),,,REC-Z3 (réseau),Levier du 10,Remise en état,km à remettre en état,2026,Actuel,176.3,"14,35 % des km évalués en mauvais état (médiane de O3-02)",113.6,113.6,113.6,part des km évalués en mauvais état (%),40.33,14.35,804156.0,C,A1 §4 ; recensement 2022 ; projections de l'INSEED 2011-2031 ; variante (b) : croissance régionale 2010-2022,relevé de 2020 ; même valeur à chaque palier : aucune donnée ne mesure l’usure,3.0,False
Recommandation,Centrale (5 préfectures),,,REC-Z3 (formation),Levier du 10,Auto-écoles,auto-écoles à ouvrir,2026,Actuel,0.0,"1,065 pour 100 000 habitants (écart 21)",6.0,6.0,6.0,auto-écoles agréées pour 100 000 habitants,0.0,1.33,450521.0,C,A1 §4 ; recensement 2022 ; projections de l'INSEED 2011-2031 ; variante (b) : croissance régionale 2010-2022,"auto-écoles de la collecte 2021-2022, activité non vérifiée ; cible gardée à sa valeur de 2022 (A1-3)",3.0,False
Recommandation,Centrale (5 préfectures),,,REC-Z3 (réseau),Levier du 10,Remise en état,km à remettre en état,2027,+1 an,176.3,"14,35 % des km évalués en mauvais état (médiane de O3-02)",113.6,113.6,113.6,part des km évalués en mauvais état (%),40.33,14.35,820258.0,C,A1 §4 ; recensement 2022 ; projections de l'INSEED 2011-2031 ; variante (b) : croissance régionale 2010-2022,relevé de 2020 ; même valeur à chaque palier : aucune donnée ne mesure l’usure,3.0,False
Recommandation,Centrale (5 préfectures),,,REC-Z3 (formation),Levier du 10,Auto-écoles,auto-écoles à ouvrir,2027,+1 an,0.0,"1,065 pour 100 000 habitants (écart 21)",6.0,6.0,6.0,auto-écoles agréées pour 100 000 habitants,0.0,1.31,459543.0,C,A1 §4 ; recensement 2022 ; projections de l'INSEED 2011-2031 ; variante (b) : croissance régionale 2010-2022,"auto-écoles de la collecte 2021-2022, activité non vérifiée ; cible gardée à sa valeur de 2022 (A1-3)",3.0,False
Recommandation,Centrale (5 préfectures),,,REC-Z3 (réseau),Levier du 10,Remise en état,km à remettre en état,2029,+3 ans,176.3,"14,35 % des km évalués en mauvais état (médiane de O3-02)",113.6,113.6,113.6,part des km évalués en mauvais état (%),40.33,14.35,852444.0,C,A1 §4 ; recensement 2022 ; projections de l'INSEED 2011-2031 ; variante (b) : croissance régionale 2010-2022,relevé de 2020 ; même valeur à chaque palier : aucune donnée ne mesure l’usure,3.0,True
Recommandation,Centrale (5 préfectures),,,REC-Z3 (formation),Levier du 10,Auto-écoles,auto-écoles à ouvrir,2029,+3 ans,0.0,"1,065 pour 100 000 habitants (écart 21)",6.0,6.0,7.0,auto-écoles agréées pour 100 000 habitants,0.0,1.26,477575.0,C,A1 §4 ; recensement 2022 ; projections de l'INSEED 2011-2031 ; variante (b) : croissance régionale 2010-2022,"auto-écoles de la collecte 2021-2022, activité non vérifiée ; cible gardée à sa valeur de 2022 (A1-3)",3.0,True
Recommandation,Centrale (5 préfectures),,,REC-Z3 (réseau),Levier du 10,Remise en état,km à remettre en état,2031,+5 ans,176.3,"14,35 % des km évalués en mauvais état (médiane de O3-02)",113.6,113.6,113.6,part des km évalués en mauvais état (%),40.33,14.35,884443.0,C,A1 §4 ; recensement 2022 ; projections de l'INSEED 2011-2031 ; variante (b) : croissance régionale 2010-2022,relevé de 2020 ; même valeur à chaque palier : aucune donnée ne mesure l’usure,3.0,False
Recommandation,Centrale (5 préfectures),,,REC-Z3 (formation),Levier du 10,Auto-écoles,auto-écoles à ouvrir,2031,+5 ans,0.0,"1,065 pour 100 000 habitants (écart 21)",7.0,7.0,7.0,auto-écoles agréées pour 100 000 habitants,0.0,1.41,495502.0,C,A1 §4 ; recensement 2022 ; projections de l'INSEED 2011-2031 ; variante (b) : croissance régionale 2010-2022,"auto-écoles de la collecte 2021-2022, activité non vérifiée ; cible gardée à sa valeur de 2022 (A1-3)",3.0,False
Recommandation,Plateaux (12 préfectures),,,REC-Z1,Levier du 10,Remise en état,km à remettre en état,2022,Passé,226.9,"14,35 % des km évalués en mauvais état (médiane de O3-02)",150.5,150.5,150.5,part des km évalués en mauvais état (%),42.57,14.34,806944.0,B,A1 §4 ; 08 (O5-04) ; 10,relevé de 2020 ; même valeur à chaque palier : aucune donnée ne mesure l’usure,3.0,False
Recommandation,Plateaux (12 préfectures),,,REC-Z1,Levier du 10,Remise en état,km à remettre en état,2026,Actuel,226.9,"14,35 % des km évalués en mauvais état (médiane de O3-02)",150.5,150.5,150.5,part des km évalués en mauvais état (%),42.57,14.34,850549.0,C,A1 §4 ; recensement 2022 ; projections de l'INSEED 2011-2031 ; variante (b) : croissance régionale 2010-2022,relevé de 2020 ; même valeur à chaque palier : aucune donnée ne mesure l’usure,3.0,False
Recommandation,Plateaux (12 préfectures),,,REC-Z1,Levier du 10,Remise en état,km à remettre en état,2027,+1 an,226.9,"14,35 % des km évalués en mauvais état (médiane de O3-02)",150.5,150.5,150.5,part des km évalués en mauvais état (%),42.57,14.34,861882.0,C,A1 §4 ; recensement 2022 ; projections de l'INSEED 2011-2031 ; variante (b) : croissance régionale 2010-2022,relevé de 2020 ; même valeur à chaque palier : aucune donnée ne mesure l’usure,3.0,False
Recommandation,Plateaux (12 préfectures),,,REC-Z1,Levier du 10,Remise en état,km à remettre en état,2029,+3 ans,226.9,"14,35 % des km évalués en mauvais état (médiane de O3-02)",150.5,150.5,150.5,part des km évalués en mauvais état (%),42.57,14.34,883973.0,C,A1 §4 ; recensement 2022 ; projections de l'INSEED 2011-2031 ; variante (b) : croissance régionale 2010-2022,relevé de 2020 ; même valeur à chaque palier : aucune donnée ne mesure l’usure,3.0,True
Recommandation,Plateaux (12 préfectures),,,REC-Z1,Levier du 10,Remise en état,km à remettre en état,2031,+5 ans,226.9,"14,35 % des km évalués en mauvais état (médiane de O3-02)",150.5,150.5,150.5,part des km évalués en mauvais état (%),42.57,14.34,905147.0,C,A1 §4 ; recensement 2022 ; projections de l'INSEED 2011-2031 ; variante (b) : croissance régionale 2010-2022,relevé de 2020 ; même valeur à chaque palier : aucune donnée ne mesure l’usure,3.0,False
Recommandation,Maritime hors Grand Lomé (6 préfectures) ; Savanes (7 préfectures),,,REC-Z2,Levier du 10,Auto-écoles,auto-écoles à ouvrir,2022,Passé,0.0,"1,065 pour 100 000 habitants (écart 21)",15.0,15.0,15.0,auto-écoles agréées pour 100 000 habitants,0.0,1.49,1006711.0,B,A1 §4 ; 08 (O5-04) ; 10,"auto-écoles de la collecte 2021-2022, activité non vérifiée ; cible gardée à sa valeur de 2022 (A1-3)",3.0,False
Recommandation,Maritime hors Grand Lomé (6 préfectures) ; Savanes (7 préfectures),,,REC-Z2,Levier du 10,Auto-écoles,auto-écoles à ouvrir,2026,Actuel,0.0,"1,065 pour 100 000 habitants (écart 21)",17.0,17.0,17.0,auto-écoles agréées pour 100 000 habitants,0.0,1.53,1112963.0,C,A1 §4 ; recensement 2022 ; projections de l'INSEED 2011-2031 ; variante (b) : croissance régionale 2010-2022,"auto-écoles de la collecte 2021-2022, activité non vérifiée ; cible gardée à sa valeur de 2022 (A1-3)",3.0,False
Recommandation,Maritime hors Grand Lomé (6 préfectures) ; Savanes (7 préfectures),,,REC-Z2,Levier du 10,Auto-écoles,auto-écoles à ouvrir,2027,+1 an,0.0,"1,065 pour 100 000 habitants (écart 21)",17.0,17.0,17.0,auto-écoles agréées pour 100 000 habitants,0.0,1.49,1141327.0,C,A1 §4 ; recensement 2022 ; projections de l'INSEED 2011-2031 ; variante (b) : croissance régionale 2010-2022,"auto-écoles de la collecte 2021-2022, activité non vérifiée ; cible gardée à sa valeur de 2022 (A1-3)",3.0,False
Recommandation,Maritime hors Grand Lomé (6 préfectures) ; Savanes (7 préfectures),,,REC-Z2,Levier du 10,Auto-écoles,auto-écoles à ouvrir,2029,+3 ans,0.0,"1,065 pour 100 000 habitants (écart 21)",17.0,17.0,17.0,auto-écoles agréées pour 100 000 habitants,0.0,1.42,1198843.0,C,A1 §4 ; recensement 2022 ; projections de l'INSEED 2011-2031 ; variante (b) : croissance régionale 2010-2022,"auto-écoles de la collecte 2021-2022, activité non vérifiée ; cible gardée à sa valeur de 2022 (A1-3)",3.0,True
Recommandation,Maritime hors Grand Lomé (6 préfectures) ; Savanes (7 préfectures),,,REC-Z2,Levier du 10,Auto-écoles,auto-écoles à ouvrir,2031,+5 ans,0.0,"1,065 pour 100 000 habitants (écart 21)",18.0,17.0,18.0,auto-écoles agréées pour 100 000 habitants,0.0,1.43,1257202.0,C,A1 §4 ; recensement 2022 ; projections de l'INSEED 2011-2031 ; variante (b) : croissance régionale 2010-2022,"auto-écoles de la collecte 2021-2022, activité non vérifiée ; cible gardée à sa valeur de 2022 (A1-3)",3.0,False
Recommandation,National,,,REC-D1,Levier du 10,Données,aucune quantité,2022,Passé,,39 préfectures renseignées sur 39,,,,,,,8095498.0,C,10,demande de données : horizon d’un an,1.0,False
Recommandation,National,,,REC-D1,Levier du 10,Données,aucune quantité,2026,Actuel,,39 préfectures renseignées sur 39,,,,,,,8812000.0,C,10,demande de données : horizon d’un an,1.0,False
Recommandation,National,,,REC-D1,Levier du 10,Données,aucune quantité,2027,+1 an,,39 préfectures renseignées sur 39,,,,,,,9002000.0,C,10,demande de données : horizon d’un an,1.0,True
Recommandation,National,,,REC-D1,Levier du 10,Données,aucune quantité,2029,+3 ans,,39 préfectures renseignées sur 39,,,,,,,9384000.0,C,10,demande de données : horizon d’un an,1.0,False
Recommandation,National,,,REC-D1,Levier du 10,Données,aucune quantité,2031,+5 ans,,39 préfectures renseignées sur 39,,,,,,,9767000.0,C,10,demande de données : horizon d’un an,1.0,False
Recommandation,National,,,REC-D2,Levier du 10,Données,aucune quantité,2022,Passé,,2 couches ouvertes et un relevé postérieur à 2020,,,,,,,8095498.0,C,10,demande de données : horizon d’un an,1.0,False
Recommandation,National,,,REC-D2,Levier du 10,Données,aucune quantité,2026,Actuel,,2 couches ouvertes et un relevé postérieur à 2020,,,,,,,8812000.0,C,10,demande de données : horizon d’un an,1.0,False
Recommandation,National,,,REC-D2,Levier du 10,Données,aucune quantité,2027,+1 an,,2 couches ouvertes et un relevé postérieur à 2020,,,,,,,9002000.0,C,10,demande de données : horizon d’un an,1.0,True
Recommandation,National,,,REC-D2,Levier du 10,Données,aucune quantité,2029,+3 ans,,2 couches ouvertes et un relevé postérieur à 2020,,,,,,,9384000.0,C,10,demande de données : horizon d’un an,1.0,False
Recommandation,National,,,REC-D2,Levier du 10,Données,aucune quantité,2031,+5 ans,,2 couches ouvertes et un relevé postérieur à 2020,,,,,,,9767000.0,C,10,demande de données : horizon d’un an,1.0,False
Recommandation,National,,,REC-D3,Levier du 10,Données,aucune quantité,2022,Passé,,Activité publiée pour les 272 auto-écoles,,,,,,,8095498.0,C,10,demande de données : horizon d’un an,1.0,False
Recommandation,National,,,REC-D3,Levier du 10,Données,aucune quantité,2026,Actuel,,Activité publiée pour les 272 auto-écoles,,,,,,,8812000.0,C,10,demande de données : horizon d’un an,1.0,False
Recommandation,National,,,REC-D3,Levier du 10,Données,aucune quantité,2027,+1 an,,Activité publiée pour les 272 auto-écoles,,,,,,,9002000.0,C,10,demande de données : horizon d’un an,1.0,True
Recommandation,National,,,REC-D3,Levier du 10,Données,aucune quantité,2029,+3 ans,,Activité publiée pour les 272 auto-écoles,,,,,,,9384000.0,C,10,demande de données : horizon d’un an,1.0,False
Recommandation,National,,,REC-D3,Levier du 10,Données,aucune quantité,2031,+5 ans,,Activité publiée pour les 272 auto-écoles,,,,,,,9767000.0,C,10,demande de données : horizon d’un an,1.0,False
Recommandation,National,,,REC-D4,Levier du 10,Données,aucune quantité,2022,Passé,,Un parc en circulation publié ; 4 libellés corrigés,,,,,,,8095498.0,C,10,demande de données : horizon d’un an,1.0,False
Recommandation,National,,,REC-D4,Levier du 10,Données,aucune quantité,2026,Actuel,,Un parc en circulation publié ; 4 libellés corrigés,,,,,,,8812000.0,C,10,demande de données : horizon d’un an,1.0,False
Recommandation,National,,,REC-D4,Levier du 10,Données,aucune quantité,2027,+1 an,,Un parc en circulation publié ; 4 libellés corrigés,,,,,,,9002000.0,C,10,demande de données : horizon d’un an,1.0,True
Recommandation,National,,,REC-D4,Levier du 10,Données,aucune quantité,2029,+3 ans,,Un parc en circulation publié ; 4 libellés corrigés,,,,,,,9384000.0,C,10,demande de données : horizon d’un an,1.0,False
Recommandation,National,,,REC-D4,Levier du 10,Données,aucune quantité,2031,+5 ans,,Un parc en circulation publié ; 4 libellés corrigés,,,,,,,9767000.0,C,10,demande de données : horizon d’un an,1.0,False
