FID,region_nom_bdd,prefecture_nom_bdd,commune_nom_bdd,canton_nom_bdd,geometry,route_nom
_mview_route_passages_pietons.fid-7b1c8a4a_1943c1e8149_39ec,Maritime,Agoè-Nyivé,Agoè-Nyivé 1,Agoè-Nyivé,"MULTIPOLYGON (((1.2016300000000002 6.236351666666667, 1.20161540511515 6.236371331793997, 1.2015813503838348 6.236397930738082, 1.20154972813333 6.236417275423843, 1.2016300000000002 6.236351666666667)))",AGOE CACAVELI CARREFOUR BODJONA-AGOE DEMAKPOE
_mview_route_passages_pietons.fid-7b1c8a4a_1943c1e8149_39ed,Maritime,Lacs,Lacs 2,Aklakou,"MULTIPOLYGON (((1.1996398023471686 6.2113624868115735, 1.1996287735914037 6.211375643625509, 1.1996177448356389 6.2113844148346145, 1.1996000988264157 6.211404150054572, 1.1996398023471686 6.2113624868115735)))",AGOE CACAVELI CARREFOUR BODJONA-AGOE NYIVE TERRAIN JCA
_mview_route_passages_pietons.fid-7b1c8a4a_1943c1e8149_39ee,Maritime,Golfe,Golfe 3,Bè-Ouest,"MULTIPOLYGON (((1.2017209941661349 6.149632376498354, 1.2017378703180042 6.149631458915695, 1.2017390449117131 6.149668165207705, 1.2017224921457603 6.149669408678243, 1.2017209941661349 6.149632376498354)))",TOKOIN SOLIDARITE 
_mview_route_passages_pietons.fid-7b1c8a4a_1943c1e8149_39ef,Maritime,Agoè-Nyivé,Agoè-Nyivé 1,Agoè-Nyivé,"MULTIPOLYGON (((1.204149754536452 6.240837626110665, 1.2040988413738403 6.240848777783262, 1.2041368105120593 6.241019484126463, 1.2041834089998735 6.241009190278198, 1.204149754536452 6.240837626110665)))",TGRMRRVR LOME GRD CONTOURNEMENT CHAUSSEE SUD
_mview_route_passages_pietons.fid-7b1c8a4a_1943c1e8149_39f0,Maritime,Agoè-Nyivé,Agoè-Nyivé 1,Agoè-Nyivé,"MULTIPOLYGON (((1.2052887391055618 6.240517746379665, 1.205335337593376 6.24069102629438, 1.2053888395608654 6.240674727690982, 1.2053362005283357 6.240500589949351, 1.2052887391055618 6.240517746379665)))",TGRMRRVR LOME GRD CONTOURNEMENT CHAUSSEE SUD
_mview_route_passages_pietons.fid-7b1c8a4a_1943c1e8149_39f1,Maritime,Agoè-Nyivé,Agoè-Nyivé 1,Agoè-Nyivé,"MULTIPOLYGON (((1.1706050000000003 6.255205, 1.170513883016993 6.2550924248392, 1.1704800061899796 6.255112165442053, 1.1705676186736402 6.255228286620242, 1.1706050000000003 6.255205)))",TGRMRRVR LOME GRD CONTOURNEMENT CHAUSSEE SUD
_mview_route_passages_pietons.fid-7b1c8a4a_1943c1e8149_39f2,Maritime,Agoè-Nyivé,Agoè-Nyivé 1,Agoè-Nyivé,"MULTIPOLYGON (((1.193190000000001 6.243878333333332, 1.193250597273472 6.244044393852163, 1.1932196253336975 6.244051086939806, 1.1931657610906103 6.243891791430679, 1.193190000000001 6.243878333333332)))",TGRMRRVR LOME GRD CONTOURNEMENT CHAUSSEE SUD
_mview_route_passages_pietons.fid-7b1c8a4a_1943c1e8149_39f3,Maritime,Agoè-Nyivé,Agoè-Nyivé 1,Agoè-Nyivé,"MULTIPOLYGON (((1.204553333333334 6.240705, 1.2046058509703428 6.240875077401795, 1.2045519867272563 6.240881770529933, 1.2045129351510193 6.240707749170481, 1.204553333333334 6.240705)))",TGRMRRVR LOME GRD CONTOURNEMENT CHAUSSEE SUD
_mview_route_passages_pietons.fid-7b1c8a4a_1943c1e8149_39f4,Maritime,Agoè-Nyivé,Agoè-Nyivé 1,Agoè-Nyivé,"MULTIPOLYGON (((1.205845 6.240306666666665, 1.2058934778187778 6.240511548489618, 1.2058369203635375 6.240524934755102, 1.2057965221812232 6.2403161089746035, 1.205845 6.240306666666665)))",TGRMRRVR LOME GRD CONTOURNEMENT CHAUSSEE SUD
_mview_route_passages_pietons.fid-7b1c8a4a_1943c1e8149_39f5,Maritime,Agoè-Nyivé,Agoè-Nyivé 1,Agoè-Nyivé,"MULTIPOLYGON (((1.216043410976866 6.235404931707568, 1.2160528166984068 6.235395581629837, 1.2160833852934143 6.23544233201683, 1.2160681009959107 6.235449344574515, 1.216043410976866 6.235404931707568)))",TGRMRRVR LOME GRD CONTOURNEMENT CHAUSSEE SUD
_mview_route_passages_pietons.fid-7b1c8a4a_1943c1e8149_39f6,Maritime,Agoè-Nyivé,Agoè-Nyivé 1,Agoè-Nyivé,"MULTIPOLYGON (((1.2201850911952261 6.232429807630684, 1.2202132006294972 6.232414283575777, 1.2202350635228187 6.232467065360582, 1.220216323899971 6.232471722576637, 1.2201850911952261 6.232429807630684)))",TGRMRRVR LOME GRD CONTOURNEMENT CHAUSSEE SUD
_mview_route_passages_pietons.fid-7b1c8a4a_1943c1e8149_39f7,Maritime,Agoè-Nyivé,Agoè-Nyivé 1,Agoè-Nyivé,"MULTIPOLYGON (((1.2243358040885957 6.22944789913723, 1.2243489093543634 6.229439671000263, 1.2243840866466849 6.229484925751996, 1.224371671131749 6.229491096854201, 1.2243358040885957 6.22944789913723)))",TGRMRRVR LOME GRD CONTOURNEMENT CHAUSSEE SUD
_mview_route_passages_pietons.fid-7b1c8a4a_1943c1e8149_39f8,Maritime,Agoè-Nyivé,Agoè-Nyivé 1,Agoè-Nyivé,"MULTIPOLYGON (((1.2302416558282516 6.225246075226842, 1.2302681490802692 6.225231260647973, 1.230301265645291 6.22528722683262, 1.2302813957062788 6.225297103217524, 1.2302416558282516 6.225246075226842)))",TGRMRRVR LOME GRD CONTOURNEMENT CHAUSSEE SUD
_mview_route_passages_pietons.fid-7b1c8a4a_1943c1e8149_39f9,Maritime,Agoè-Nyivé,Agoè-Nyivé 1,Agoè-Nyivé,"MULTIPOLYGON (((1.233721541736077 6.2223417461128925, 1.233742366833251 6.22232695867565, 1.2337840170275993 6.222365406011614, 1.2337721169720706 6.222375757216974, 1.233721541736077 6.2223417461128925)))",TGRMRRVR LOME GRD CONTOURNEMENT CHAUSSEE SUD
_mview_route_passages_pietons.fid-7b1c8a4a_1943c1e8149_39fa,Maritime,Agoè-Nyivé,Agoè-Nyivé 1,Agoè-Nyivé,"MULTIPOLYGON (((1.2362792087316248 6.219579001137025, 1.2362919501693224 6.219560001474279, 1.2363352710574933 6.219609400595994, 1.2363225296197964 6.2196182671045275, 1.2362792087316248 6.219579001137025)))",TGRMRRVR LOME GRD CONTOURNEMENT CHAUSSEE SUD
_mview_route_passages_pietons.fid-7b1c8a4a_1943c1e8149_39fb,Maritime,Agoè-Nyivé,Agoè-Nyivé 1,Agoè-Nyivé,"MULTIPOLYGON (((1.1840712819558792 6.245059987487048, 1.184098950481045 6.245041323832575, 1.1841216781981463 6.245106155471567, 1.1840979623194323 6.245108120066561, 1.1840712819558792 6.245059987487048)))",TGRMRRVR LOME GRD CONTOURNEMENT CHAUSSEE SUD
_mview_route_passages_pietons.fid-7b1c8a4a_1943c1e8149_39fc,Maritime,Agoè-Nyivé,Agoè-Nyivé 1,Agoè-Nyivé,"MULTIPOLYGON (((1.2160991477006653 6.235489622168577, 1.216112080567784 6.235482609611424, 1.2161426491627914 6.235522347434035, 1.216127364865288 6.235525853712358, 1.2160991477006653 6.235489622168577)))",TGRMRRVR LOME GRD CONTOURNEMENT CHAUSSEE NORD
_mview_route_passages_pietons.fid-7b1c8a4a_1943c1e8149_39fd,Maritime,Agoè-Nyivé,Agoè-Nyivé 1,Agoè-Nyivé,"MULTIPOLYGON (((1.2202319402523445 6.232516742329666, 1.2202647345923263 6.232501218277334, 1.2202850358504116 6.232571076509218, 1.2202647345923274 6.232580390939432, 1.2202319402523445 6.232516742329666)))",TGRMRRVR LOME GRD CONTOURNEMENT CHAUSSEE NORD
_mview_route_passages_pietons.fid-7b1c8a4a_1943c1e8149_39fe,Maritime,Agoè-Nyivé,Agoè-Nyivé 1,Agoè-Nyivé,"MULTIPOLYGON (((1.224401331500483 6.229538754195543, 1.2244123675137628 6.229530526059999, 1.2244482345569148 6.229581951905037, 1.224435819041978 6.229583323260837, 1.224401331500483 6.229538754195543)))",TGRMRRVR LOME GRD CONTOURNEMENT CHAUSSEE NORD
_mview_route_passages_pietons.fid-7b1c8a4a_1943c1e8149_39ff,Maritime,Agoè-Nyivé,Agoè-Nyivé 1,Agoè-Nyivé,"MULTIPOLYGON (((1.2302962981605379 6.225334962691283, 1.2303145122713 6.225315209922706, 1.2303658429470847 6.225364591842753, 1.2303459730080708 6.225377760353982, 1.2302962981605379 6.225334962691283)))",TGRMRRVR LOME GRD CONTOURNEMENT CHAUSSEE NORD
_mview_route_passages_pietons.fid-7b1c8a4a_1943c1e8149_3a00,Maritime,Agoè-Nyivé,Agoè-Nyivé 1,Agoè-Nyivé,"MULTIPOLYGON (((1.233809304645596 6.222418640779854, 1.233822692208065 6.222399417114168, 1.2338688049232358 6.2224482156487655, 1.2338554173607672 6.222455609365732, 1.233809304645596 6.222418640779854)))",TGRMRRVR LOME GRD CONTOURNEMENT CHAUSSEE NORD
_mview_route_passages_pietons.fid-7b1c8a4a_1943c1e8149_3a01,Maritime,Agoè-Nyivé,Agoè-Nyivé 1,Agoè-Nyivé,"MULTIPOLYGON (((1.2363607539328874 6.219652466493192, 1.236377317801894 6.2196385334091895, 1.236416816258756 6.219690465811315, 1.2364028006772885 6.219696799030736, 1.2363607539328874 6.219652466493192)))",TGRMRRVR LOME GRD CONTOURNEMENT CHAUSSEE NORD
_mview_route_passages_pietons.fid-7b1c8a4a_1943c1e8149_3a02,Maritime,Agoè-Nyivé,Agoè-Nyivé 1,Agoè-Nyivé,"MULTIPOLYGON (((1.184106744202944 6.245133777471345, 1.184142187076155 6.245117335618925, 1.1841669970874031 6.245193672786508, 1.1841410056470476 6.245198370457998, 1.184106744202944 6.245133777471345)))",TGRMRRVR LOME GRD CONTOURNEMENT CHAUSSEE NORD
_mview_route_passages_pietons.fid-7b1c8a4a_1943c1e8149_3a03,Maritime,Agoè-Nyivé,Agoè-Nyivé 1,Agoè-Nyivé,"MULTIPOLYGON (((1.2024433333333349 6.237116666666666, 1.2024214410060587 6.237138749847653, 1.202389818755553 6.237160512588332, 1.2023606289858546 6.237172602999432, 1.2024433333333349 6.237116666666666)))",AGOE CACAVELI CARREFOUR BODJONA-AGOE DEMAKPOE
_mview_route_passages_pietons.fid-7b1c8a4a_1943c1e8149_3a04,Maritime,Agoè-Nyivé,Agoè-Nyivé 1,Agoè-Nyivé,"MULTIPOLYGON (((1.205809852653167 6.240321305246816, 1.2057884654330369 6.240290232215119, 1.2054594312771842 6.240421066020343, 1.2054857540096526 6.240450503622016, 1.205809852653167 6.240321305246816)))",AGOE CACAVELI CARREFOUR BODJONA-AGOE DEMAKPOE
_mview_route_passages_pietons.fid-7b1c8a4a_1943c1e8149_3a05,Maritime,Agoè-Nyivé,Agoè-Nyivé 1,Agoè-Nyivé,"MULTIPOLYGON (((1.18848 6.213781666666667, 1.1884383333333333 6.213774999999998, 1.188376666666668 6.213781666666667, 1.18848 6.213781666666667)))",BOULEVARD CEDEAO
_mview_route_passages_pietons.fid-7b1c8a4a_1943c1e8149_3a06,Maritime,Agoè-Nyivé,Agoè-Nyivé 1,Agoè-Nyivé,"MULTIPOLYGON (((1.1888050000000008 6.217916666666666, 1.1888347439435727 6.217909600960522, 1.1888570519012482 6.217892352397546, 1.1888694452110686 6.217882496075594, 1.1888545732392828 6.217860319350522, 1.1888050000000008 6.217916666666666)))",AGOE CACAVELI CARREFOUR BODJONA-AGOE DEMAKPOE
_mview_route_passages_pietons.fid-7b1c8a4a_1943c1e8149_3a07,Maritime,Agoè-Nyivé,Agoè-Nyivé 1,Agoè-Nyivé,"MULTIPOLYGON (((1.189663333333333 6.2189316666666645, 1.1896235053756063 6.218974631663065, 1.1895698368103202 6.218987436318942, 1.1895269019580934 6.218987436318942, 1.189663333333333 6.2189316666666645)))",AGOE CACAVELI CARREFOUR BODJONA-AGOE DEMAKPOE
_mview_route_passages_pietons.fid-7b1c8a4a_1943c1e8149_3a08,Maritime,Agoè-Nyivé,Agoè-Nyivé 1,Agoè-Nyivé,"MULTIPOLYGON (((1.1898566666666681 6.219416666666664, 1.1898816666666676 6.2193983333333325, 1.1899250000000003 6.2193783333333315, 1.189965 6.219359999999996, 1.1898566666666681 6.219416666666664)))",AGOE CACAVELI CARREFOUR BODJONA-AGOE DEMAKPOE
_mview_route_passages_pietons.fid-7b1c8a4a_1943c1e8149_3a09,Maritime,Agoè-Nyivé,Agoè-Nyivé 1,Agoè-Nyivé,"MULTIPOLYGON (((1.1904233333333347 6.219970000000001, 1.1903974749734307 6.219990182914308, 1.1903615605846767 6.220005892220327, 1.1903069707137681 6.220017317169865, 1.1904233333333347 6.219970000000001)))",AGOE CACAVELI CARREFOUR BODJONA-AGOE DEMAKPOE
_mview_route_passages_pietons.fid-7b1c8a4a_1943c1e8149_3a0a,Maritime,Agoè-Nyivé,Agoè-Nyivé 1,Agoè-Nyivé,"MULTIPOLYGON (((1.1907416666666673 6.220453333333335, 1.1907105221867949 6.22047470579735, 1.1906674249202895 6.220480418267054, 1.190614271624932 6.220490415088891, 1.1907416666666673 6.220453333333335)))",AGOE CACAVELI CARREFOUR BODJONA-AGOE DEMAKPOE
_mview_route_passages_pietons.fid-7b1c8a4a_1943c1e8149_3a0b,Maritime,Agoè-Nyivé,Agoè-Nyivé 1,Agoè-Nyivé,"MULTIPOLYGON (((1.1913150000000001 6.221261666666667, 1.1912675930068433 6.221301843144373, 1.1912058202581863 6.221337546022838, 1.1911871447760307 6.221330405447339, 1.1913150000000001 6.221261666666667)))",AGOE CACAVELI CARREFOUR BODJONA-AGOE DEMAKPOE
_mview_route_passages_pietons.fid-7b1c8a4a_1943c1e8149_3a0c,Maritime,Agoè-Nyivé,Agoè-Nyivé 1,Agoè-Nyivé,"MULTIPOLYGON (((1.192756666666666 6.224168333333333, 1.1927199182980033 6.224197752376078, 1.1926831699293423 6.224215287614215, 1.1926537712344099 6.224215287614215, 1.192756666666666 6.224168333333333)))",AGOE CACAVELI CARREFOUR BODJONA-AGOE DEMAKPOE
_mview_route_passages_pietons.fid-7b1c8a4a_1943c1e8149_3a0d,Maritime,Agoè-Nyivé,Agoè-Nyivé 1,Agoè-Nyivé,"MULTIPOLYGON (((1.1930116666666684 6.224731666666665, 1.192963720086414 6.224749935398854, 1.1929307568124903 6.22477078835369, 1.192900790199832 6.224767809360194, 1.1930116666666684 6.224731666666665)))",AGOE CACAVELI CARREFOUR BODJONA-AGOE DEMAKPOE
_mview_route_passages_pietons.fid-7b1c8a4a_1943c1e8149_3a0e,Maritime,Agoè-Nyivé,Agoè-Nyivé 1,Agoè-Nyivé,"MULTIPOLYGON (((1.1931060600972165 6.224867520812789, 1.193073096823292 6.2248883737629574, 1.1930341402268374 6.2249241216756035, 1.1929891903078496 6.224924121675605, 1.1931060600972165 6.224867520812789)))",AGOE CACAVELI CARREFOUR BODJONA-AGOE DEMAKPOE
_mview_route_passages_pietons.fid-7b1c8a4a_1943c1e8149_3a0f,Maritime,Agoè-Nyivé,Agoè-Nyivé 1,Agoè-Nyivé,"MULTIPOLYGON (((1.1933066666666665 6.225531666666665, 1.1933433333333352 6.225516666666664, 1.1933666666666662 6.225506666666666, 1.1933950000000022 6.225493333333332, 1.1933066666666665 6.225531666666665)))",AGOE CACAVELI CARREFOUR BODJONA-AGOE DEMAKPOE
_mview_route_passages_pietons.fid-7b1c8a4a_1943c1e8149_3a10,Maritime,Agoè-Nyivé,Agoè-Nyivé 1,Agoè-Nyivé,"MULTIPOLYGON (((1.1940064384013078 6.226655229583945, 1.1939611267681944 6.226677751744586, 1.1939367281965163 6.226684681639974, 1.1938914165634025 6.226693344009078, 1.1940064384013078 6.226655229583945)))",AGOE CACAVELI CARREFOUR BODJONA-AGOE DEMAKPOE
_mview_route_passages_pietons.fid-7b1c8a4a_1943c1e8149_3a11,Maritime,Agoè-Nyivé,Agoè-Nyivé 1,Agoè-Nyivé,"MULTIPOLYGON (((1.1943871992858393 6.22748788331869, 1.1943610579590416 6.2275017430879895, 1.1943174890810473 6.22752080027018, 1.1942861194888936 6.2275242652123195, 1.1943871992858393 6.22748788331869)))",AGOE CACAVELI CARREFOUR BODJONA-AGOE DEMAKPOE
_mview_route_passages_pietons.fid-7b1c8a4a_1943c1e8149_3a12,Maritime,Agoè-Nyivé,Agoè-Nyivé 1,Agoè-Nyivé,"MULTIPOLYGON (((1.1946433333333335 6.228061666666664, 1.1946224202718978 6.228084418350298, 1.1945910506797413 6.228091348227122, 1.1945736231285426 6.228084418350299, 1.1946433333333335 6.228061666666664)))",AGOE CACAVELI CARREFOUR BODJONA-AGOE DEMAKPOE
_mview_route_passages_pietons.fid-7b1c8a4a_1943c1e8149_3a13,Maritime,Agoè-Nyivé,Agoè-Nyivé 1,Agoè-Nyivé,"MULTIPOLYGON (((1.194896666666667 6.228573333333331, 1.1948583260540335 6.22859781746232, 1.194832184727235 6.2286012823973556, 1.1948112716658001 6.228604747332364, 1.194896666666667 6.228573333333331)))",AGOE CACAVELI CARREFOUR BODJONA-AGOE DEMAKPOE
_mview_route_passages_pietons.fid-7b1c8a4a_1943c1e8149_3a14,Maritime,Agoè-Nyivé,Agoè-Nyivé 1,Agoè-Nyivé,"MULTIPOLYGON (((1.1956159866170943 6.230118178345209, 1.1955849323585175 6.230137823433656, 1.1955482318711113 6.230151855639235, 1.1955087082692857 6.230163081403432, 1.1956159866170943 6.230118178345209)))",AGOE CACAVELI CARREFOUR BODJONA-AGOE DEMAKPOE
_mview_route_passages_pietons.fid-7b1c8a4a_1943c1e8149_3a15,Maritime,Agoè-Nyivé,Agoè-Nyivé 1,Agoè-Nyivé,"MULTIPOLYGON (((1.1958183333333334 6.23073, 1.1958526985867113 6.230717652175291, 1.1958671681670814 6.230701470054214, 1.1958834464449977 6.23068708594617, 1.1958183333333334 6.23073)))",AGOE CACAVELI CARREFOUR BODJONA-AGOE DEMAKPOE
_mview_route_passages_pietons.fid-7b1c8a4a_1943c1e8149_3a16,Maritime,Agoè-Nyivé,Agoè-Nyivé 1,Agoè-Nyivé,"MULTIPOLYGON (((1.1992733333333332 6.234018333333335, 1.199234413640402 6.234052507127838, 1.1991979264282795 6.23408394238243, 1.1991760341010056 6.234088778575273, 1.1992733333333332 6.234018333333335)))",AGOE CACAVELI CARREFOUR BODJONA-AGOE DEMAKPOE
_mview_route_passages_pietons.fid-7b1c8a4a_1943c1e8149_3a17,Maritime,Agoè-Nyivé,Agoè-Nyivé 1,Agoè-Nyivé,"MULTIPOLYGON (((1.1987333225939132 6.233530198006641, 1.1987211601898713 6.233549542798181, 1.1987017003434066 6.233566469490195, 1.1986725105737057 6.233588232379123, 1.1987333225939132 6.233530198006641)))",AGOE CACAVELI CARREFOUR BODJONA-AGOE DEMAKPOE
_mview_route_passages_pietons.fid-7b1c8a4a_1943c1e8149_3a18,Maritime,Agoè-Nyivé,Agoè-Nyivé 1,Agoè-Nyivé,"MULTIPOLYGON (((1.1981738520080245 6.23299096165533, 1.198151959680752 6.233017560770859, 1.198137364795901 6.233032069378762, 1.198108175026205 6.233046577986261, 1.1981738520080245 6.23299096165533)))",AGOE CACAVELI CARREFOUR BODJONA-AGOE DEMAKPOE
_mview_route_passages_pietons.fid-7b1c8a4a_1943c1e8149_3a19,Maritime,Agoè-Nyivé,Agoè-Nyivé 1,Agoè-Nyivé,"MULTIPOLYGON (((1.1977468618989116 6.232573025151719, 1.1977274020524464 6.2325947880818635, 1.1976738874746653 6.232618969114293, 1.1977468618989116 6.232573025151719)))",AGOE CACAVELI CARREFOUR BODJONA-AGOE DEMAKPOE
_mview_route_passages_pietons.fid-7b1c8a4a_1943c1e8149_3a1a,Maritime,Agoè-Nyivé,Agoè-Nyivé 1,Agoè-Nyivé,"MULTIPOLYGON (((1.1997157658141413 6.234531235679949, 1.1996963059676782 6.234552998528848, 1.199671981159594 6.2345723432826645, 1.1996622512363615 6.234582015659309, 1.1997157658141413 6.234531235679949)))",AGOE CACAVELI CARREFOUR BODJONA-AGOE DEMAKPOE
_mview_route_passages_pietons.fid-7b1c8a4a_1943c1e8149_3a1b,Maritime,Agoè-Nyivé,Agoè-Nyivé 1,Agoè-Nyivé,"MULTIPOLYGON (((1.2007183333333327 6.235500000000002, 1.2007005401535344 6.23552041658249, 1.2006859452686858 6.235537343210894, 1.2006640529414112 6.235551851749087, 1.2007183333333327 6.235500000000002)))",AGOE CACAVELI CARREFOUR BODJONA-AGOE DEMAKPOE
_mview_route_passages_pietons.fid-7b1c8a4a_1943c1e8149_3a1c,Maritime,Agoè-Nyivé,Agoè-Nyivé 1,Agoè-Nyivé,"MULTIPOLYGON (((1.2010483333333353 6.235785000000001, 1.2010279726343422 6.235805580393304, 1.2010085127878773 6.235824925100918, 1.2009744580565624 6.23584910598443, 1.2010483333333353 6.235785000000001)))",AGOE CACAVELI CARREFOUR BODJONA-AGOE DEMAKPOE
_mview_route_passages_pietons.fid-7b1c8a4a_1943c1e8149_3a1d,Maritime,Golfe,Golfe 5,Aflao-Gakli,"MULTIPOLYGON (((1.1922816666666671 6.194028333333335, 1.1923166666666676 6.194021666666667, 1.1923266666666685 6.194026666666666, 1.1922816666666671 6.194028333333335)))",AGBALEPEDOGAN
_mview_route_passages_pietons.fid-7b1c8a4a_1943c1e8149_3a1e,Maritime,Golfe,Golfe 4,Amoutivé,"MULTIPOLYGON (((1.2214845673575778 6.124366412169471, 1.221511361303031 6.124374609407372, 1.2215278498848494 6.124306982190947, 1.2215010559393948 6.124300834261758, 1.2214845673575778 6.124366412169471)))",GRAND MARCHÉ 
_mview_route_passages_pietons.fid-7b1c8a4a_1943c1e8149_3a1f,Maritime,Agoè-Nyivé,Agoè-Nyivé 1,Agoè-Nyivé,"MULTIPOLYGON (((1.2028133333333333 6.237635, 1.2028350000000014 6.237615, 1.202865 6.237589999999997, 1.2028733333333332 6.237559999999999, 1.2028133333333333 6.237635)))",AGOE CACAVELI CARREFOUR BODJONA-AGOE DEMAKPOE
_mview_route_passages_pietons.fid-7b1c8a4a_1943c1e8149_3a20,Maritime,Agoè-Nyivé,Agoè-Nyivé 1,Agoè-Nyivé,"MULTIPOLYGON (((1.2034266666666664 6.238070000000003, 1.203407206820202 6.238087998396277, 1.2033901794545432 6.238097670708062, 1.2033585572040373 6.238117015331101, 1.2034266666666664 6.238070000000003)))",AGOE CACAVELI CARREFOUR BODJONA-AGOE DEMAKPOE
_mview_route_passages_pietons.fid-7b1c8a4a_1943c1e8149_3a21,Maritime,Agoè-Nyivé,Agoè-Nyivé 1,Agoè-Nyivé,"MULTIPOLYGON (((1.2042989179030283 6.238903885474579, 1.2042745930949452 6.238920811993741, 1.2042575657292878 6.238935320438302, 1.204216213555548 6.238952246956451, 1.2042989179030283 6.238903885474579)))",AGOE CACAVELI CARREFOUR BODJONA-AGOE DEMAKPOE
_mview_route_passages_pietons.fid-7b1c8a4a_1943c1e8149_3a22,Maritime,Agoè-Nyivé,Agoè-Nyivé 1,Agoè-Nyivé,"MULTIPOLYGON (((1.197374923262167 6.232241054767458, 1.1973576295168566 6.232256527153104, 1.1973334182734217 6.23227028038441, 1.197317853902642 6.232278876153794, 1.197374923262167 6.232241054767458)))",AGOE CACAVELI CARREFOUR BODJONA-AGOE DEMAKPOE
_mview_route_passages_pietons.fid-7b1c8a4a_1943c1e8149_3a23,Maritime,Agoè-Nyivé,Agoè-Nyivé 1,Agoè-Nyivé,"MULTIPOLYGON (((1.1964140265037226 6.231349377548319, 1.196375460443713 6.231351542850407, 1.1963310945082997 6.231386509223233, 1.1963401530216824 6.231403863074282, 1.1964140265037226 6.231349377548319)))",AGOE CACAVELI CARREFOUR BODJONA-AGOE DEMAKPOE
_mview_route_passages_pietons.fid-7b1c8a4a_1943c1e8149_3a24,Maritime,Agoè-Nyivé,Agoè-Nyivé 2,Légbassito,"MULTIPOLYGON (((1.1649831346098432 6.2588939277975895, 1.1650324319087262 6.258865557373341, 1.1649325400136223 6.258726929141791, 1.1648864859580892 6.258755299573568, 1.1649831346098432 6.2588939277975895)))",TGRMRRVR LOME GRD CONTOURNEMENT CHAUSSEE SUD
_mview_route_passages_pietons.fid-7b1c8a4a_1943c1e8149_3a25,Maritime,Agoè-Nyivé,Agoè-Nyivé 2,Légbassito,"MULTIPOLYGON (((1.1635266666666675 6.259828333333332, 1.1634316666666664 6.259690000000001, 1.1634687362719673 6.259661063484612, 1.1635600000000001 6.259793333333331, 1.1635266666666675 6.259828333333332)))",TGRMRRVR LOME GRD CONTOURNEMENT CHAUSSEE SUD
_mview_route_passages_pietons.fid-7b1c8a4a_1943c1e8149_3a26,Maritime,Agoè-Nyivé,Agoè-Nyivé 2,Légbassito,"MULTIPOLYGON (((1.1574200000000006 6.265816666666667, 1.1573366666666662 6.265601666666665, 1.1573295284990903 6.265609807104242, 1.1574100030648022 6.2658206480272005, 1.1574200000000006 6.265816666666667)))",TGRMRRVR LOME GRD CONTOURNEMENT CHAUSSEE SUD
_mview_route_passages_pietons.fid-7b1c8a4a_1943c1e8149_3a27,Maritime,Agoè-Nyivé,Agoè-Nyivé 2,Légbassito,"MULTIPOLYGON (((1.1530066666666667 6.267113333333333, 1.1529899999999995 6.267129999999995, 1.1530416666666667 6.267299999999998, 1.153058333333333 6.267313333333334, 1.1530066666666667 6.267113333333333)))",TGRMRRVR LOME GRD CONTOURNEMENT CHAUSSEE SUD
_mview_route_passages_pietons.fid-7b1c8a4a_1943c1e8149_3a28,Maritime,Agoè-Nyivé,Agoè-Nyivé 2,Légbassito,"MULTIPOLYGON (((1.1447149999999997 6.264789999999999, 1.144695000000001 6.264787685303827, 1.144696666666668 6.264946666666666, 1.1447078384985683 6.2649479668600225, 1.1447149999999997 6.264789999999999)))",TGRMRRVR LOME GRD CONTOURNEMENT CHAUSSEE SUD
_mview_route_passages_pietons.fid-7b1c8a4a_1943c1e8149_3a29,Maritime,Agoè-Nyivé,Agoè-Nyivé 2,Légbassito,"MULTIPOLYGON (((1.1521600000000012 6.267409999999998, 1.1521800000000009 6.267409999999997, 1.152175000000001 6.267236666666666, 1.1521591357651895 6.267237185936761, 1.1521600000000012 6.267409999999998)))",TGRMRRVR LOME GRD CONTOURNEMENT CHAUSSEE SUD
_mview_route_passages_pietons.fid-7b1c8a4a_1943c1e8149_3a2a,Maritime,Agoè-Nyivé,Agoè-Nyivé 2,Légbassito,"MULTIPOLYGON (((1.1628833983798494 6.260124968358894, 1.1630083270856122 6.260301657855163, 1.1630087204486756 6.260301380523221, 1.1628852882933889 6.26012198863858, 1.1628833983798494 6.260124968358894)))",TGRMRRVR LOME GRD CONTOURNEMENT CHAUSSEE SUD
_mview_route_passages_pietons.fid-7b1c8a4a_1943c1e8149_3a2b,Maritime,Agoè-Nyivé,Agoè-Nyivé 2,Légbassito,"MULTIPOLYGON (((1.1649833333333335 6.258834999999998, 1.1649955370988219 6.258827853651756, 1.164896666666666 6.258691666666664, 1.1648933333333344 6.258696666666665, 1.1649833333333335 6.258834999999998)))",TGRMRRVR LOME GRD CONTOURNEMENT CHAUSSEE SUD
_mview_route_passages_pietons.fid-7b1c8a4a_1943c1e8149_3a2c,Maritime,Agoè-Nyivé,Agoè-Nyivé 1,Agoè-Nyivé,"MULTIPOLYGON (((1.2102838889862275 6.238811353702227, 1.2102909753201843 6.238850097712153, 1.2103075100994156 6.238844227407802, 1.2102992427097987 6.238804896366963, 1.2102838889862275 6.238811353702227)))",AGOE ECHANGEUR 
_mview_route_passages_pietons.fid-7b1c8a4a_1943c1e8149_3a2d,Maritime,Agoè-Nyivé,Agoè-Nyivé 1,Agoè-Nyivé,"MULTIPOLYGON (((1.2108283333333336 6.226886666666669, 1.2108990291444464 6.2268761284454355, 1.2109029028875211 6.2268809420563445, 1.2108283333333332 6.226892494722344, 1.2108283333333336 6.226886666666669)))",AGOE ZONGO-AGOE GTA
_mview_route_passages_pietons.fid-7b1c8a4a_1943c1e8149_3a2e,Maritime,Agoè-Nyivé,Agoè-Nyivé 1,Agoè-Nyivé,"MULTIPOLYGON (((1.210048333333334 6.224426666666665, 1.2101668862084187 6.224385523299401, 1.2101668862084187 6.224385523299401, 1.2101545832777387 6.224371872591861, 1.210039176741919 6.224411821894465, 1.210048333333334 6.224426666666665)))",AGOE ZONGO-AGOE GTA
_mview_route_passages_pietons.fid-7b1c8a4a_1943c1e8149_3a2f,Maritime,Agoè-Nyivé,Agoè-Nyivé 1,Agoè-Nyivé,"MULTIPOLYGON (((1.2108664689202742 6.226372675642629, 1.2108622375785483 6.226355850115697, 1.2108326181864695 6.22636215968836, 1.210836849528195 6.226374778833455, 1.2108664689202742 6.226372675642629)))",AGOE ZONGO-AGOE GTA
_mview_route_passages_pietons.fid-7b1c8a4a_1943c1e8149_3a30,Maritime,Agoè-Nyivé,Agoè-Nyivé 1,Agoè-Nyivé,"MULTIPOLYGON (((1.2107147347624396 6.230390470821421, 1.2107115367080339 6.230404777064735, 1.2106539717287166 6.230401597899591, 1.2106523727015148 6.230390470821416, 1.2107147347624396 6.230390470821421)))",AGOE ZONGO-AGOE GTA
_mview_route_passages_pietons.fid-7b1c8a4a_1943c1e8149_3a31,Maritime,Agoè-Nyivé,Agoè-Nyivé 1,Agoè-Nyivé,"MULTIPOLYGON (((1.2106570246943213 6.231187322991585, 1.210592045272921 6.231182478327189, 1.2105887963018525 6.231203471872575, 1.2106521512377162 6.231200242096415, 1.2106570246943213 6.231187322991585)))",AGOE ZONGO-AGOE GTA
_mview_route_passages_pietons.fid-7b1c8a4a_1943c1e8149_3a32,Maritime,Agoè-Nyivé,Agoè-Nyivé 1,Agoè-Nyivé,"MULTIPOLYGON (((1.2109204695733238 6.226358502693942, 1.2109209807920895 6.226364092928831, 1.2109046217916068 6.226364601132003, 1.2109041105728413 6.226360027303464, 1.2109204695733238 6.226358502693942)))",AGOE GTA-AGOE ZONGO
_mview_route_passages_pietons.fid-7b1c8a4a_1943c1e8149_3a33,Maritime,Agoè-Nyivé,Agoè-Nyivé 1,Agoè-Nyivé,"MULTIPOLYGON (((1.2108106763946345 6.230395239569236, 1.210810676394635 6.230412724977525, 1.210767502660146 6.230404777064739, 1.21076910168735 6.230392060404031, 1.2108106763946345 6.230395239569236)))",AGOE GTA-AGOE ZONGO
_mview_route_passages_pietons.fid-7b1c8a4a_1943c1e8149_3a34,Maritime,Agoè-Nyivé,Agoè-Nyivé 1,Agoè-Nyivé,"MULTIPOLYGON (((1.2107593672830235 6.2312115463128785, 1.210759367283025 6.231195397432142, 1.2107041347748353 6.2311937825440395, 1.2107008858037662 6.231205086760644, 1.2107593672830235 6.2312115463128785)))",AGOE GTA-AGOE ZONGO
_mview_route_passages_pietons.fid-7b1c8a4a_1943c1e8149_3a35,Maritime,Agoè-Nyivé,Agoè-Nyivé 1,Agoè-Nyivé,"MULTIPOLYGON (((1.2103416666666664 6.240598333333331, 1.2103443040822297 6.240585271351736, 1.2102827643857554 6.2405843974228, 1.2102818852472346 6.2405975063566705, 1.2103416666666664 6.240598333333331)))",TGRMRRRN1 LOME-AMAKPAPE
_mview_route_passages_pietons.fid-7b1c8a4a_1943c1e8149_3a36,Maritime,Agoè-Nyivé,Agoè-Nyivé 1,Agoè-Nyivé,"MULTIPOLYGON (((1.2097616666666677 6.245856666666668, 1.209767240157284 6.245820802847006, 1.2096669173261851 6.2458152624390575, 1.2096501968543358 6.245837424070491, 1.2097616666666677 6.245856666666668)))",TGRMRRRN1 LOME-AMAKPAPE
_mview_route_passages_pietons.fid-7b1c8a4a_1943c1e8149_3a37,Maritime,Agoè-Nyivé,Agoè-Nyivé 1,Agoè-Nyivé,"MULTIPOLYGON (((1.2094366666666665 6.248535000000001, 1.209441289977003 6.248564154434001, 1.2093821571036005 6.248552398120082, 1.2093792004599309 6.24852594641281, 1.2094366666666665 6.248535000000001)))",TGRMRRRN1 LOME-AMAKPAPE
_mview_route_passages_pietons.fid-7b1c8a4a_1943c1e8149_3a38,Maritime,Agoè-Nyivé,Agoè-Nyivé 1,Agoè-Nyivé,"MULTIPOLYGON (((1.2094066666666667 6.248903333333334, 1.2094066666666667 6.2488948313400074, 1.2093588657053198 6.248895781678989, 1.209358865705319 6.248901483712822, 1.2094066666666667 6.248903333333334)))",TGRMRRRN1 LOME-AMAKPAPE
_mview_route_passages_pietons.fid-7b1c8a4a_1943c1e8149_3a39,Maritime,Agoè-Nyivé,Agoè-Nyivé 1,Agoè-Nyivé,"MULTIPOLYGON (((1.2102036419188602 6.240575658133376, 1.2102018836418176 6.240592262783162, 1.2101464979149912 6.24058614528067, 1.210142102222386 6.24057391027547, 1.2102036419188602 6.240575658133376)))",AGOE ZONGO-AGOE GTA
_mview_route_passages_pietons.fid-7b1c8a4a_1943c1e8149_3a3a,Maritime,Agoè-Nyivé,Agoè-Nyivé 1,Agoè-Nyivé,"MULTIPOLYGON (((1.2096139691653278 6.245834653866611, 1.2096195426559444 6.24580695182703, 1.2095359402966965 6.24579864121487, 1.2095331535513878 6.2458180326430375, 1.2096139691653278 6.245834653866611)))",AGOE ZONGO-AGOE GTA
_mview_route_passages_pietons.fid-7b1c8a4a_1943c1e8149_3a3b,Maritime,Agoè-Nyivé,Agoè-Nyivé 1,Agoè-Nyivé,"MULTIPOLYGON (((1.20931119765552 6.248516734922059, 1.2093141542991899 6.248563760179336, 1.2092106717707385 6.248543186629798, 1.2092077151270673 6.248519674000761, 1.20931119765552 6.248516734922059)))",AGOE ZONGO-AGOE GTA
_mview_route_passages_pietons.fid-7b1c8a4a_1943c1e8149_3a3c,Maritime,Agoè-Nyivé,Agoè-Nyivé 1,Agoè-Nyivé,"MULTIPOLYGON (((1.209270911936438 6.24887677489909, 1.2092709119364389 6.248886278289126, 1.2092116387443659 6.248879625916117, 1.2092116387443659 6.248873923882046, 1.209270911936438 6.24887677489909)))",AGOE ZONGO-AGOE GTA
_mview_route_passages_pietons.fid-7b1c8a4a_1943c1e8149_3a3d,Maritime,Agoè-Nyivé,Agoè-Nyivé 1,Agoè-Nyivé,"MULTIPOLYGON (((1.1883566666666665 6.217036666666666, 1.18838 6.217043333333334, 1.1884033333333333 6.217045, 1.1884350000000012 6.21705, 1.1883566666666665 6.217036666666666)))",BOULEVARD CEDEAO
_mview_route_passages_pietons.fid-7b1c8a4a_1943c1e8149_3a3e,Maritime,Agoè-Nyivé,Agoè-Nyivé 1,Agoè-Nyivé,"MULTIPOLYGON (((1.188371520733005 6.215358015645832, 1.1884066431639924 6.2153667446409075, 1.1884382533518798 6.215361507243881, 1.1884593268104713 6.215349286650606, 1.188371520733005 6.215358015645832)))",BOULEVARD CEDEAO
_mview_route_passages_pietons.fid-7b1c8a4a_1943c1e8149_3a3f,Maritime,Agoè-Nyivé,Agoè-Nyivé 1,Agoè-Nyivé,"MULTIPOLYGON (((1.188343333333333 6.212759999999999, 1.1883766612625792 6.212771179791879, 1.188445697687445 6.212773546376863, 1.1884456976874445 6.212752247111614, 1.188343333333333 6.212759999999999)))",BOULEVARD CEDEAO
_mview_route_passages_pietons.fid-7b1c8a4a_1943c1e8149_3a40,Maritime,Agoè-Nyivé,Agoè-Nyivé 1,Agoè-Nyivé,"MULTIPOLYGON (((1.1883416666666655 6.211128333333333, 1.1883940391269112 6.211147579688036, 1.188436889321654 6.211140479911117, 1.1884464115871538 6.211121547172206, 1.1883416666666655 6.211128333333333)))",BOULEVARD CEDEAO
_mview_route_passages_pietons.fid-7b1c8a4a_1943c1e8149_3a41,Maritime,Agoè-Nyivé,Agoè-Nyivé 1,Agoè-Nyivé,"MULTIPOLYGON (((1.1884433333333349 6.210161666666666, 1.188476661262577 6.210183279653328, 1.1885266531564485 6.210195112636317, 1.188552839386569 6.2101809130567, 1.1884433333333349 6.210161666666666)))",BOULEVARD CEDEAO
_mview_route_passages_pietons.fid-7b1c8a4a_1943c1e8149_3a42,Maritime,Agoè-Nyivé,Agoè-Nyivé 1,Agoè-Nyivé,"MULTIPOLYGON (((1.1887100000000002 6.2094633333333356, 1.1887383333333328 6.2094666666666685, 1.188781666666669 6.2094766666666645, 1.1888183333333338 6.20949, 1.1887100000000002 6.2094633333333356)))",BOULEVARD CEDEAO
_mview_route_passages_pietons.fid-7b1c8a4a_1943c1e8149_3a43,Maritime,Agoè-Nyivé,Agoè-Nyivé 1,Agoè-Nyivé,"MULTIPOLYGON (((1.1893850000000001 6.207768333333335, 1.1894207084956208 6.207789946418235, 1.1894730809558647 6.207799412847668, 1.1894968866196123 6.207785213203455, 1.1893850000000001 6.207768333333335)))",BOULEVARD CEDEAO
_mview_route_passages_pietons.fid-7b1c8a4a_1943c1e8149_3a44,Maritime,Agoè-Nyivé,Agoè-Nyivé 1,Agoè-Nyivé,"MULTIPOLYGON (((1.204098333333334 6.2391466666666675, 1.204098333333334 6.2391466666666675, 1.204133333333334 6.239069999999999, 1.20417 6.239038333333333, 1.204098333333334 6.2391466666666675)))",BOULEVARD CEDEAO
_mview_route_passages_pietons.fid-7b1c8a4a_1943c1e8149_3a45,Maritime,Agoè-Nyivé,Agoè-Nyivé 1,Agoè-Nyivé,"MULTIPOLYGON (((1.2032333333333334 6.238271666666665, 1.2032573418404553 6.238241828827964, 1.2032672152453703 6.238235285533845, 1.2032770886502844 6.238227651690601, 1.2032333333333334 6.238271666666665)))",BOULEVARD CEDEAO
_mview_route_passages_pietons.fid-7b1c8a4a_1943c1e8149_3a46,Maritime,Agoè-Nyivé,Agoè-Nyivé 1,Agoè-Nyivé,"MULTIPOLYGON (((1.2026649999999999 6.237733333333334, 1.2026649999999999 6.237733333333334, 1.2026649999999999 6.237733333333334, 1.2026649999999999 6.237733333333334, 1.2026649999999999 6.237733333333334, 1.2026649999999999 6.237733333333334, 1.2026966666666667 6.237708333333336, 1.2027133333333335 6.237688333333333, 1.2027169852039439 6.237685788033093, 1.2026649999999999 6.237733333333334)))",BOULEVARD CEDEAO
_mview_route_passages_pietons.fid-7b1c8a4a_1943c1e8149_3a47,Maritime,Agoè-Nyivé,Agoè-Nyivé 1,Agoè-Nyivé,"MULTIPOLYGON (((1.2022054989192865 6.2373010852057185, 1.202215053033888 6.2372923791103805, 1.2022238109722734 6.237284464478127, 1.20223734596796 6.237272592529523, 1.202257250373382 6.237252805947917, 1.2022054989192865 6.2373010852057185)))",BOULEVARD CEDEAO
_mview_route_passages_pietons.fid-7b1c8a4a_1943c1e8149_3a48,Maritime,Agoè-Nyivé,Agoè-Nyivé 1,Agoè-Nyivé,"MULTIPOLYGON (((1.201403153876192 6.236527177380748, 1.2014233867970758 6.236510416396612, 1.2014379994621593 6.236495890209928, 1.2014526121272409 6.236481364022839, 1.201403153876192 6.236527177380748)))",BOULEVARD CEDEAO
_mview_route_passages_pietons.fid-7b1c8a4a_1943c1e8149_3a49,Maritime,Agoè-Nyivé,Agoè-Nyivé 1,Agoè-Nyivé,"MULTIPOLYGON (((1.2008367443069623 6.235975041165901, 1.2008547291255258 6.235958280164114, 1.2008659696371269 6.23595157576325, 1.2008772101487284 6.23594151916179, 1.2008895747114914 6.235931462560142, 1.2008367443069623 6.235975041165901)))",BOULEVARD CEDEAO
_mview_route_passages_pietons.fid-7b1c8a4a_1943c1e8149_3a4a,Maritime,Agoè-Nyivé,Agoè-Nyivé 1,Agoè-Nyivé,"MULTIPOLYGON (((1.2005422354676614 6.235687208914383, 1.2005557707637986 6.235675771981854, 1.2005638919414803 6.235668371613611, 1.2005760737080045 6.235660971245268, 1.200591639298561 6.235648188790608, 1.2005422354676614 6.235687208914383)))",BOULEVARD CEDEAO
_mview_route_passages_pietons.fid-7b1c8a4a_1943c1e8149_3a4b,Maritime,Agoè-Nyivé,Agoè-Nyivé 1,Agoè-Nyivé,"MULTIPOLYGON (((1.1995523489879971 6.234712041351746, 1.199567732793746 6.234693350131931, 1.1995805526318706 6.2346874029254815, 1.199596791093494 6.234674658911445, 1.1996061923081176 6.234669561305745, 1.1995523489879971 6.234712041351746)))",BOULEVARD CEDEAO
_mview_route_passages_pietons.fid-7b1c8a4a_1943c1e8149_3a4c,Maritime,Agoè-Nyivé,Agoè-Nyivé 1,Agoè-Nyivé,"MULTIPOLYGON (((1.1990439303644977 6.23422128933536, 1.1990601688261195 6.234207695708299, 1.1990729886642437 6.234195801284324, 1.1990858085023692 6.234186455665301, 1.1990994829963673 6.234176260444359, 1.1990439303644977 6.23422128933536)))",BOULEVARD CEDEAO
_mview_route_passages_pietons.fid-7b1c8a4a_1943c1e8149_3a4d,Maritime,Agoè-Nyivé,Agoè-Nyivé 1,Agoè-Nyivé,"MULTIPOLYGON (((1.1985137616835488 6.233704432629176, 1.1985203963338114 6.23369364012147, 1.1985342687843634 6.233682847613537, 1.1985499506849862 6.233668457602625, 1.1985632199855134 6.233656465926559, 1.1985632199855134 6.233656465926559, 1.1985137616835488 6.233704432629176)))",BOULEVARD CEDEAO
_mview_route_passages_pietons.fid-7b1c8a4a_1943c1e8149_3a4e,Maritime,Agoè-Nyivé,Agoè-Nyivé 1,Agoè-Nyivé,"MULTIPOLYGON (((1.1979744659952356 6.233181335720064, 1.1979927687503646 6.233164151974473, 1.1980100546857673 6.233150000654147, 1.19802530698171 6.2331328169075295, 1.1979744659952356 6.233181335720064)))",BOULEVARD CEDEAO
_mview_route_passages_pietons.fid-7b1c8a4a_1943c1e8149_3a4f,Maritime,Agoè-Nyivé,Agoè-Nyivé 1,Agoè-Nyivé,"MULTIPOLYGON (((1.1975606973687487 6.2328098495350375, 1.1975691454530963 6.232819628279045, 1.1976160802085212 6.232766615641624, 1.1976088833743939 6.232756359885712, 1.1975606973687487 6.2328098495350375)))",BOULEVARD CEDEAO
_mview_route_passages_pietons.fid-7b1c8a4a_1943c1e8149_3a50,Maritime,Agoè-Nyivé,Agoè-Nyivé 1,Agoè-Nyivé,"MULTIPOLYGON (((1.1971781268880808 6.232407438800493, 1.197191857273994 6.232396891663889, 1.1972030912261074 6.232384483267607, 1.1972124528528658 6.2323795199090135, 1.1972193180458226 6.232374556550376, 1.1972193180458226 6.232374556550376, 1.1972318002148366 6.232365870672638, 1.1971781268880808 6.232407438800493)))",BOULEVARD CEDEAO
_mview_route_passages_pietons.fid-7b1c8a4a_1943c1e8149_3a51,Maritime,Agoè-Nyivé,Agoè-Nyivé 1,Agoè-Nyivé,"MULTIPOLYGON (((1.196230418449765 6.231525069965729, 1.196241046698711 6.231504473733707, 1.1962532661300749 6.231489528429192, 1.1962889844679074 6.231489904411696, 1.196240858707459 6.231541789997179, 1.196230418449765 6.231525069965729)))",BOULEVARD CEDEAO
_mview_route_passages_pietons.fid-7b1c8a4a_1943c1e8149_3a52,Maritime,Agoè-Nyivé,Agoè-Nyivé 1,Agoè-Nyivé,"MULTIPOLYGON (((1.1956356817620561 6.230826607552177, 1.1956355009495467 6.230838782007855, 1.195710193334319 6.230812002448736, 1.1956999649324755 6.230799929419912, 1.1956356817620561 6.230826607552177)))",BOULEVARD CEDEAO
_mview_route_passages_pietons.fid-7b1c8a4a_1943c1e8149_3a53,Maritime,Agoè-Nyivé,Agoè-Nyivé 1,Agoè-Nyivé,"MULTIPOLYGON (((1.195350184261501 6.2302770410857224, 1.1953664110812188 6.230268355173265, 1.1953807655755833 6.230263391794659, 1.1953951200699482 6.230252224192614, 1.1954094745643138 6.230247260813853, 1.195350184261501 6.2302770410857224)))",BOULEVARD CEDEAO
_mview_route_passages_pietons.fid-7b1c8a4a_1943c1e8149_3a54,Maritime,Agoè-Nyivé,Agoè-Nyivé 1,Agoè-Nyivé,"MULTIPOLYGON (((1.1946432691417828 6.228725179760237, 1.1946663611544555 6.228715252973785, 1.1946825879741731 6.228707187459655, 1.1947050558783967 6.228697260672864, 1.194706928203747 6.228695399400326, 1.1946432691417828 6.228725179760237)))",BOULEVARD CEDEAO
_mview_route_passages_pietons.fid-7b1c8a4a_1943c1e8149_3a55,Maritime,Agoè-Nyivé,Agoè-Nyivé 1,Agoè-Nyivé,"MULTIPOLYGON (((1.194408453403281 6.228238391672714, 1.1944346659582084 6.228227224027587, 1.1944533892117295 6.228216676806973, 1.1944739847906005 6.2282073704356655, 1.194408453403281 6.228238391672714)))",BOULEVARD CEDEAO
_mview_route_passages_pietons.fid-7b1c8a4a_1943c1e8149_3a56,Maritime,Agoè-Nyivé,Agoè-Nyivé 1,Agoè-Nyivé,"MULTIPOLYGON (((1.1941073996132947 6.227650978879284, 1.194121118643289 6.227642536264292, 1.1941341843861408 6.227634743081102, 1.194167502030412 6.2276185072824175, 1.1941073996132947 6.227650978879284)))",BOULEVARD CEDEAO
_mview_route_passages_pietons.fid-7b1c8a4a_1943c1e8149_3a57,Maritime,Agoè-Nyivé,Agoè-Nyivé 1,Agoè-Nyivé,"MULTIPOLYGON (((1.1936676159687971 6.226862455189504, 1.1936889476144938 6.226855930329867, 1.193707817916456 6.226844511825303, 1.1937299700100625 6.226834724535485, 1.1936676159687971 6.226862455189504)))",BOULEVARD CEDEAO
_mview_route_passages_pietons.fid-7b1c8a4a_1943c1e8149_3a58,Maritime,Agoè-Nyivé,Agoè-Nyivé 1,Agoè-Nyivé,"MULTIPOLYGON (((1.1930773213090893 6.22565097624426, 1.1930937399196455 6.225674235942548, 1.193183130132674 6.225644135156528, 1.193179025480035 6.225629996908549, 1.1931751977285663 6.225624937169165, 1.1930773213090893 6.22565097624426)))",BOULEVARD CEDEAO
_mview_route_passages_pietons.fid-7b1c8a4a_1943c1e8149_3a59,Maritime,Agoè-Nyivé,Agoè-Nyivé 1,Agoè-Nyivé,"MULTIPOLYGON (((1.192772610856127 6.224914254217312, 1.192761213532429 6.22490548950682, 1.1928272394076447 6.224876107992348, 1.1928367502777653 6.224885830526915, 1.192772610856127 6.224914254217312)))",BOULEVARD CEDEAO
_mview_route_passages_pietons.fid-7b1c8a4a_1943c1e8149_3a5a,Maritime,Agoè-Nyivé,Agoè-Nyivé 1,Agoè-Nyivé,"MULTIPOLYGON (((1.1912862749788604 6.2219503458073895, 1.1913226805203214 6.221936271492401, 1.1913429058211353 6.22192621841004, 1.1912862749788604 6.2219503458073895)))",BOULEVARD CEDEAO
_mview_route_passages_pietons.fid-7b1c8a4a_1943c1e8149_3a5b,Maritime,Agoè-Nyivé,Agoè-Nyivé 1,Agoè-Nyivé,"MULTIPOLYGON (((1.1910116126799004 6.221469154978029, 1.19103910228413 6.221449418303867, 1.1910681190885948 6.221434236246314, 1.1910116126799004 6.221469154978029)))",BOULEVARD CEDEAO
_mview_route_passages_pietons.fid-7b1c8a4a_1943c1e8149_3a5c,Maritime,Agoè-Nyivé,Agoè-Nyivé 1,Agoè-Nyivé,"MULTIPOLYGON (((1.1904866949219974 6.220697745458199, 1.1904926590727147 6.220719023318257, 1.1905543750670946 6.220681955507391, 1.1905404678140488 6.220667025376938, 1.1904866949219974 6.220697745458199)))",BOULEVARD CEDEAO
_mview_route_passages_pietons.fid-7b1c8a4a_1943c1e8149_3a5d,Maritime,Agoè-Nyivé,Agoè-Nyivé 1,Agoè-Nyivé,"MULTIPOLYGON (((1.189669384177016 6.219537992345647, 1.1896934293696315 6.2195203791188876, 1.1897275988538754 6.2195027658915345, 1.189669384177016 6.219537992345647)))",BOULEVARD CEDEAO
_mview_route_passages_pietons.fid-7b1c8a4a_1943c1e8149_3a5e,Maritime,Agoè-Nyivé,Agoè-Nyivé 1,Agoè-Nyivé,"MULTIPOLYGON (((1.189395588193233 6.2191367187537425, 1.1894286127785196 6.2191168216441435, 1.1894536314037372 6.219099909100395, 1.189395588193233 6.2191367187537425)))",BOULEVARD CEDEAO
_mview_route_passages_pietons.fid-7b1c8a4a_1943c1e8149_3a5f,Maritime,Agoè-Nyivé,Agoè-Nyivé 1,Agoè-Nyivé,"MULTIPOLYGON (((1.188618009685114 6.218046771540732, 1.1886370238402795 6.218031848677675, 1.1886600409754788 6.218018915529345, 1.1886710491705752 6.218011951526267, 1.188618009685114 6.218046771540732)))",BOULEVARD CEDEAO
_mview_route_passages_pietons.fid-7b1c8a4a_1943c1e8149_3a60,Maritime,Agoè-Nyivé,Agoè-Nyivé 1,Agoè-Nyivé,"MULTIPOLYGON (((1.190052528821206 6.205849095175064, 1.1900177341551788 6.20584111269032, 1.1899963220530108 6.205833130205452, 1.189972233438069 6.205814504406963, 1.190052528821206 6.205849095175064)))",BOULEVARD CEDEAO
_mview_route_passages_pietons.fid-7b1c8a4a_1943c1e8149_3a61,Maritime,Agoè-Nyivé,Agoè-Nyivé 1,Agoè-Nyivé,"MULTIPOLYGON (((1.189668425626006 6.207202290818264, 1.1896246714652328 6.207189241524074, 1.189601335912822 6.207196491131998, 1.189668425626006 6.207202290818264)))",BOULEVARD CEDEAO
_mview_route_passages_pietons.fid-7b1c8a4a_1943c1e8149_3a62,Maritime,Agoè-Nyivé,Agoè-Nyivé 1,Agoè-Nyivé,"MULTIPOLYGON (((1.188103333333333 6.213504999999998, 1.1880816666666671 6.213501666666668, 1.1880616666666666 6.213478333333334, 1.1880383333333349 6.21344833333333, 1.188103333333333 6.213504999999998)))",BOULEVARD CEDEAO-CARREFOUR PLATEAU 
_mview_route_passages_pietons.fid-7b1c8a4a_1943c1e8149_3a63,Maritime,Agoè-Nyivé,Agoè-Nyivé 1,Agoè-Nyivé,"MULTIPOLYGON (((1.1866083333333328 6.214789999999999, 1.186584527669587 6.214792680189779, 1.1865583414394663 6.214769014430257, 1.1865726248377126 6.2147548149740315, 1.1866083333333328 6.214789999999999)))",BOULEVARD CEDEAO-CARREFOUR PLATEAU 
_mview_route_passages_pietons.fid-7b1c8a4a_1943c1e8149_3a64,Maritime,Agoè-Nyivé,Agoè-Nyivé 1,Agoè-Nyivé,"MULTIPOLYGON (((1.1864700000000001 6.214659999999999, 1.1864247692388816 6.2146603136139404, 1.1864152469733809 6.214643747578217, 1.186417627539757 6.2146271815419745, 1.1864700000000001 6.214659999999999)))",CARREFOUR PLATEAU-BOULEVARD CEDEAO 
_mview_route_passages_pietons.fid-7b1c8a4a_1943c1e8149_3a65,Maritime,Agoè-Nyivé,Agoè-Nyivé 1,Agoè-Nyivé,"MULTIPOLYGON (((1.1875292861002933 6.213633113272431, 1.1875554723304151 6.213659145664047, 1.1875840391269108 6.213670978568898, 1.1876268893216548 6.213675711730766, 1.1875292861002933 6.213633113272431)))",CARREFOUR PLATEAU-BOULEVARD CEDEAO 
_mview_route_passages_pietons.fid-7b1c8a4a_1943c1e8149_3a66,Maritime,Agoè-Nyivé,Agoè-Nyivé 1,Agoè-Nyivé,"MULTIPOLYGON (((1.1879121389970804 6.213330479860587, 1.1879335640944526 6.213380178090218, 1.1879597503245753 6.21339437758354, 1.1879906976874453 6.213387277836929, 1.1879121389970804 6.213330479860587)))",CARREFOUR PLATEAU-BOULEVARD CEDEAO 
_mview_route_passages_pietons.fid-7b1c8a4a_1943c1e8149_3a67,Maritime,Agoè-Nyivé,Agoè-Nyivé 1,Agoè-Nyivé,"MULTIPOLYGON (((1.189271666666666 6.2075483333333334, 1.1892907111976638 6.207529714083465, 1.1893026140295377 6.2075131478233665, 1.1892930917640392 6.207484748519128, 1.189271666666666 6.2075483333333334)))",BOULEVARD LÉO 2000
_mview_route_passages_pietons.fid-7b1c8a4a_1943c1e8149_3a68,Maritime,Agoè-Nyivé,Agoè-Nyivé 1,Agoè-Nyivé,"MULTIPOLYGON (((1.187876666666667 6.207241666666666, 1.187876666666666 6.207250000000001, 1.1878683333333346 6.207231666666667, 1.187876666666666 6.2072133333333355, 1.187876666666667 6.207241666666666)))",BOULEVARD LÉO 2000
_mview_route_passages_pietons.fid-7b1c8a4a_1943c1e8149_3a69,Maritime,Agoè-Nyivé,Agoè-Nyivé 1,Agoè-Nyivé,"MULTIPOLYGON (((1.1867038083657908 6.207019980843965, 1.186722852896788 6.207003414567838, 1.1867276140295384 6.206972648625075, 1.18672285289679 6.206953715736332, 1.1867038083657908 6.207019980843965)))",BOULEVARD LÉO 2000
_mview_route_passages_pietons.fid-7b1c8a4a_1943c1e8149_3a6a,Maritime,Agoè-Nyivé,Agoè-Nyivé 1,Agoè-Nyivé,"MULTIPOLYGON (((1.1862933333333334 6.206950000000002, 1.1863062282574939 6.206924701093272, 1.1863062282574932 6.206893934693468, 1.1862855963788368 6.206881115359684, 1.1862933333333334 6.206950000000002)))",BOULEVARD LÉO 2000
_mview_route_passages_pietons.fid-7b1c8a4a_1943c1e8149_3a6b,Maritime,Agoè-Nyivé,Agoè-Nyivé 1,Agoè-Nyivé,"MULTIPOLYGON (((1.1849149999999997 6.206683333333332, 1.184948526802819 6.206660598281676, 1.184948526802817 6.20664008733839, 1.1849304739089932 6.206629831866448, 1.1849149999999997 6.206683333333332)))",BOULEVARD LÉO 2000
_mview_route_passages_pietons.fid-7b1c8a4a_1943c1e8149_3a6c,Maritime,Agoè-Nyivé,Agoè-Nyivé 1,Agoè-Nyivé,"MULTIPOLYGON (((1.1838888072423266 6.206864698025807, 1.1838965441968232 6.206836495489507, 1.1838862282574965 6.206810856818837, 1.1838630173940037 6.206813420685961, 1.1838888072423266 6.206864698025807)))",BOULEVARD LÉO 2000
_mview_route_passages_pietons.fid-7b1c8a4a_1943c1e8149_3a6d,Maritime,Agoè-Nyivé,Agoè-Nyivé 1,Agoè-Nyivé,"MULTIPOLYGON (((1.1829700000000014 6.20707333333333, 1.1829648420303365 6.207048034432538, 1.1829571050758392 6.207017268039935, 1.1829364731971832 6.207014704173804, 1.1829700000000014 6.20707333333333)))",BOULEVARD LÉO 2000
_mview_route_passages_pietons.fid-7b1c8a4a_1943c1e8149_3a6e,Maritime,Agoè-Nyivé,Agoè-Nyivé 1,Agoè-Nyivé,"MULTIPOLYGON (((1.1828033288961353 6.20735300134256, 1.182766007986957 6.207371552392365, 1.1827420159739144 6.207376852692187, 1.1827233555193262 6.207366252092486, 1.1828033288961353 6.20735300134256)))",AGOE LEO 2000-AGOE DEUX LIONS
_mview_route_passages_pietons.fid-7b1c8a4a_1943c1e8149_3a6f,Maritime,Agoè-Nyivé,Agoè-Nyivé 1,Agoè-Nyivé,"MULTIPOLYGON (((1.1830353315584536 6.208487318147103, 1.1829980106492746 6.208508519301171, 1.1829793501946866 6.2085058691569595, 1.1829633555193233 6.208497918724245, 1.1830353315584536 6.208487318147103)))",AGOE LEO 2000-AGOE DEUX LIONS
_mview_route_passages_pietons.fid-7b1c8a4a_1943c1e8149_3a70,Maritime,Agoè-Nyivé,Agoè-Nyivé 1,Agoè-Nyivé,"MULTIPOLYGON (((1.1834566666666677 6.210436666666667, 1.1834166799782617 6.210452918663912, 1.1833793590690822 6.210458218932725, 1.1833686959521763 6.210444968260589, 1.1834566666666677 6.210436666666667)))",AGOE LEO 2000-AGOE DEUX LIONS
_mview_route_passages_pietons.fid-7b1c8a4a_1943c1e8149_3a71,Maritime,Agoè-Nyivé,Agoè-Nyivé 1,Agoè-Nyivé,"MULTIPOLYGON (((1.1834433333333327 6.211063333333334, 1.18346 6.211063333333334, 1.1835650000000004 6.211021666666666, 1.1834433333333327 6.211063333333334)))",AGOE LEO 2000-AGOE DEUX LIONS
_mview_route_passages_pietons.fid-7b1c8a4a_1943c1e8149_3a72,Maritime,Agoè-Nyivé,Agoè-Nyivé 1,Agoè-Nyivé,"MULTIPOLYGON (((1.1836396196345378 6.211415623549406, 1.1836289652394592 6.21142409702747, 1.1835799550220887 6.21143892561376, 1.1835373374417693 6.211426215396964, 1.1836396196345378 6.211415623549406)))",AGOE LEO 2000-AGOE DEUX LIONS
_mview_route_passages_pietons.fid-7b1c8a4a_1943c1e8149_3a73,Maritime,Agoè-Nyivé,Agoè-Nyivé 1,Agoè-Nyivé,"MULTIPOLYGON (((1.1843156543950804 6.212568022230402, 1.184298607362951 6.212584969149302, 1.1842645132986958 6.212610389526626, 1.1842112413232941 6.21261886298546, 1.1843156543950804 6.212568022230402)))",AGOE LEO 2000-AGOE DEUX LIONS
_mview_route_passages_pietons.fid-7b1c8a4a_1943c1e8149_3a74,Maritime,Agoè-Nyivé,Agoè-Nyivé 1,Agoè-Nyivé,"MULTIPOLYGON (((1.1847230593037148 6.212920592297527, 1.1846740490863465 6.212960841202059, 1.1846506094171696 6.212969314655248, 1.1846463476591376 6.21296931465525, 1.18459094480472 6.212990498287638, 1.1847230593037148 6.212920592297527)))",AGOE LEO 2000-AGOE DEUX LIONS
_mview_route_passages_pietons.fid-7b1c8a4a_1943c1e8149_3a75,Maritime,Agoè-Nyivé,Agoè-Nyivé 1,Agoè-Nyivé,"MULTIPOLYGON (((1.1850950000000005 6.2134566666666675, 1.1850715603308233 6.2134929595288115, 1.1850289427505027 6.21351414314012, 1.1849969795652613 6.213524734945455, 1.1850950000000005 6.2134566666666675)))",AGOE LEO 2000-AGOE DEUX LIONS
_mview_route_passages_pietons.fid-7b1c8a4a_1943c1e8149_3a76,Maritime,Agoè-Nyivé,Agoè-Nyivé 1,Agoè-Nyivé,"MULTIPOLYGON (((1.18611177300251 6.214580140626584, 1.1860670245431741 6.214611915977578, 1.1860286687208839 6.2146182710475495, 1.1859753967454822 6.214628862830658, 1.18611177300251 6.214580140626584)))",AGOE LEO 2000-AGOE DEUX LIONS
_mview_route_passages_pietons.fid-7b1c8a4a_1943c1e8149_3a77,Maritime,Agoè-Nyivé,Agoè-Nyivé 1,Agoè-Nyivé,"MULTIPOLYGON (((1.186543333333335 6.215108333333337, 1.1865028466320282 6.215146744436084, 1.1864644908097386 6.215153099499593, 1.1864133497133547 6.215161572917486, 1.186543333333335 6.215108333333337)))",AGOE LEO 2000-AGOE DEUX LIONS
_mview_route_passages_pietons.fid-7b1c8a4a_1943c1e8149_3a78,Maritime,Agoè-Nyivé,Agoè-Nyivé 1,Agoè-Nyivé,"MULTIPOLYGON (((1.187183333333333 6.216004999999999, 1.1872259509136545 6.2159904522619955, 1.187249390582831 6.21595867699426, 1.1872472597038142 6.215941730184015, 1.187183333333333 6.216004999999999)))",AGOE LEO 2000-AGOE DEUX LIONS
_mview_route_passages_pietons.fid-7b1c8a4a_1943c1e8149_3a79,Maritime,Agoè-Nyivé,Agoè-Nyivé 1,Agoè-Nyivé,"MULTIPOLYGON (((1.1874216666666668 6.216281666666665, 1.1874383333333332 6.216266666666665, 1.1874733333333352 6.216239999999999, 1.1875100000000007 6.216199999999999, 1.1874216666666668 6.216281666666665)))",AGOE LEO 2000-AGOE DEUX LIONS
_mview_route_passages_pietons.fid-7b1c8a4a_1943c1e8149_3a7a,Maritime,Agoè-Nyivé,Agoè-Nyivé 1,Agoè-Nyivé,"MULTIPOLYGON (((1.187951666666667 6.216735000000001, 1.1879154417233937 6.216764937592051, 1.1878664315060223 6.216777647679896, 1.187825944804719 6.2167840027236965, 1.187951666666667 6.216735000000001)))",AGOE LEO 2000-AGOE DEUX LIONS
_mview_route_passages_pietons.fid-7b1c8a4a_1943c1e8149_3a7b,Maritime,Agoè-Nyivé,Agoè-Nyivé 1,Agoè-Nyivé,"MULTIPOLYGON (((1.1877163159837854 6.2169226945537925, 1.1877413242055717 6.216908488182751, 1.187773477633585 6.21688895442194, 1.1877163159837854 6.2169226945537925)))",AGOE DEUX LIONS-AGOE LEO 2000
_mview_route_passages_pietons.fid-7b1c8a4a_1943c1e8149_3a7c,Maritime,Agoè-Nyivé,Agoè-Nyivé 1,Agoè-Nyivé,"MULTIPOLYGON (((1.1872548885868976 6.216395889020731, 1.1872656341089536 6.216394891869113, 1.1873066913320292 6.216353269863761, 1.1872548885868976 6.216395889020731)))",AGOE DEUX LIONS-AGOE LEO 2000
_mview_route_passages_pietons.fid-7b1c8a4a_1943c1e8149_3a7d,Maritime,Agoè-Nyivé,Agoè-Nyivé 1,Agoè-Nyivé,"MULTIPOLYGON (((1.1870097689520083 6.216115452483779, 1.1870437086815766 6.216090591296046, 1.187059785395581 6.21607105750486, 1.1870097689520083 6.216115452483779)))",AGOE DEUX LIONS-AGOE LEO 2000
_mview_route_passages_pietons.fid-7b1c8a4a_1943c1e8149_3a7e,Maritime,Agoè-Nyivé,Agoè-Nyivé 1,Agoè-Nyivé,"MULTIPOLYGON (((1.186299777179046 6.215295958138042, 1.1863277651638533 6.215277409154962, 1.186351088484522 6.215260019482725, 1.186299777179046 6.215295958138042)))",AGOE DEUX LIONS-AGOE LEO 2000
_mview_route_passages_pietons.fid-7b1c8a4a_1943c1e8149_3a7f,Maritime,Agoè-Nyivé,Agoè-Nyivé 1,Agoè-Nyivé,"MULTIPOLYGON (((1.1858483333333343 6.214788333333333, 1.1858821521483054 6.214761731428855, 1.1859089739670772 6.21474781967748, 1.1858483333333343 6.214788333333333)))",AGOE DEUX LIONS-AGOE LEO 2000
_mview_route_passages_pietons.fid-7b1c8a4a_1943c1e8149_3a80,Maritime,Agoè-Nyivé,Agoè-Nyivé 1,Agoè-Nyivé,"MULTIPOLYGON (((1.1845003965877368 6.213184805554444, 1.1845299102686744 6.2131652453406865, 1.1845580185362332 6.213140096493365, 1.1845003965877368 6.213184805554444)))",AGOE DEUX LIONS-AGOE LEO 2000
_mview_route_passages_pietons.fid-7b1c8a4a_1943c1e8149_3a81,Maritime,Agoè-Nyivé,Agoè-Nyivé 1,Agoè-Nyivé,"MULTIPOLYGON (((1.184104260413029 6.212719023805501, 1.1841202607939816 6.212707093997754, 1.1841429280003275 6.212687210984239, 1.1841589283812792 6.21267793224434, 1.184104260413029 6.212719023805501)))",AGOE DEUX LIONS-AGOE LEO 2000
_mview_route_passages_pietons.fid-7b1c8a4a_1943c1e8149_3a82,Maritime,Agoè-Nyivé,Agoè-Nyivé 1,Agoè-Nyivé,"MULTIPOLYGON (((1.183379667650792 6.21145121154299, 1.1834130017777715 6.211448560468241, 1.1834503359999915 6.211440607243908, 1.183379667650792 6.21145121154299)))",AGOE DEUX LIONS-AGOE LEO 2000
_mview_route_passages_pietons.fid-7b1c8a4a_1943c1e8149_3a83,Maritime,Agoè-Nyivé,Agoè-Nyivé 1,Agoè-Nyivé,"MULTIPOLYGON (((1.18330700219047 6.211085831422586, 1.183340336317452 6.211079203731085, 1.1833776705396726 6.211073901577823, 1.18330700219047 6.211085831422586)))",AGOE DEUX LIONS-AGOE LEO 2000
_mview_route_passages_pietons.fid-7b1c8a4a_1943c1e8149_3a84,Maritime,Agoè-Nyivé,Agoè-Nyivé 1,Agoè-Nyivé,"MULTIPOLYGON (((1.183137679790005 6.2105086425215354, 1.1831443852566776 6.210537868234768, 1.1832174405027425 6.210509102265684, 1.1832049874932078 6.210488905676236, 1.183137679790005 6.2105086425215354)))",AGOE DEUX LIONS-AGOE LEO 2000
_mview_route_passages_pietons.fid-7b1c8a4a_1943c1e8149_3a85,Maritime,Agoè-Nyivé,Agoè-Nyivé 1,Agoè-Nyivé,"MULTIPOLYGON (((1.1827481376604232 6.208510355185244, 1.182691651519378 6.208517233961117, 1.1827035070226068 6.20856641234488, 1.1828352348362599 6.208529528557058, 1.1828121197413406 6.208496340122946, 1.1827481376604232 6.208510355185244)))",AGOE DEUX LIONS-AGOE LEO 2000
_mview_route_passages_pietons.fid-7b1c8a4a_1943c1e8149_3a86,Maritime,Agoè-Nyivé,Agoè-Nyivé 1,Agoè-Nyivé,"MULTIPOLYGON (((1.1825028180510067 6.20737867388666, 1.1825429112562165 6.207374937185966, 1.1825767398981109 6.20736746378449, 1.1825028180510067 6.20737867388666)))",AGOE DEUX LIONS-AGOE LEO 2000
_mview_route_passages_pietons.fid-7b1c8a4a_1943c1e8149_3a87,Maritime,Agoè-Nyivé,Agoè-Nyivé 1,Agoè-Nyivé,"MULTIPOLYGON (((1.1823868913678428 6.206720812331042, 1.1824109910470708 6.2067216679886785, 1.182455747594207 6.206715678385189, 1.1823868913678428 6.206720812331042)))",AGOE DEUX LIONS-AGOE LEO 2000
_mview_route_passages_pietons.fid-7b1c8a4a_1943c1e8149_3a88,Maritime,Agoè-Nyivé,Agoè-Nyivé 1,Agoè-Nyivé,"MULTIPOLYGON (((1.1822305291273478 6.205945741129154, 1.1822596435886152 6.2059395388769865, 1.1822991560717646 6.205929890929025, 1.1822305291273478 6.205945741129154)))",AGOE DEUX LIONS-AGOE LEO 2000
_mview_route_passages_pietons.fid-7b1c8a4a_1943c1e8149_3a89,Maritime,Agoè-Nyivé,Agoè-Nyivé 1,Agoè-Nyivé,"MULTIPOLYGON (((1.195855000000001 6.2303716666666675, 1.1958533333333332 6.230361666666666, 1.1958500000000019 6.230336666666667, 1.1958333333333329 6.2303, 1.195855000000001 6.2303716666666675)))",AGOE ASSIYEYE-CARREFOUR BLEU
_mview_route_passages_pietons.fid-7b1c8a4a_1943c1e8149_3a8a,Maritime,Agoè-Nyivé,Agoè-Nyivé 1,Agoè-Nyivé,"MULTIPOLYGON (((1.1958666666666669 6.230381666666667, 1.195870000000001 6.230388333333334, 1.1958866666666677 6.230406666666664, 1.1958983333333333 6.230421666666665, 1.1958666666666669 6.230381666666667)))",AGOE ASSIYEYE-CARREFOUR BLEU
_mview_route_passages_pietons.fid-7b1c8a4a_1943c1e8149_3a8b,Maritime,Agoè-Nyivé,Agoè-Nyivé 1,Agoè-Nyivé,"MULTIPOLYGON (((1.2027899999999991 6.2265000000000015, 1.2027983333333323 6.226478333333333, 1.2027899999999991 6.22644, 1.2027899999999996 6.226418333333334, 1.2027899999999991 6.2265000000000015)))",CARREFOUR MINAMADOU-CARREFOUR LEADER PRICE
_mview_route_passages_pietons.fid-7b1c8a4a_1943c1e8149_3a8c,Maritime,Agoè-Nyivé,Agoè-Nyivé 1,Agoè-Nyivé,"MULTIPOLYGON (((1.2024816666666667 6.226384999999998, 1.2024816666666667 6.226438999258224, 1.2024646318928451 6.22645311116309, 1.2024447579900557 6.226484157352461, 1.2024816666666667 6.226384999999998)))",CARREFOUR MINAMADOU-CARREFOUR LEADER PRICE
_mview_route_passages_pietons.fid-7b1c8a4a_1943c1e8149_3a8d,Maritime,Agoè-Nyivé,Agoè-Nyivé 1,Agoè-Nyivé,"MULTIPOLYGON (((1.2020128391289708 6.226292308307433, 1.202018517386911 6.226343111177361, 1.2019958043551495 6.226382624517244, 1.2019730913233881 6.226416493091921, 1.2020128391289708 6.226292308307433)))",CARREFOUR MINAMADOU-CARREFOUR LEADER PRICE
_mview_route_passages_pietons.fid-7b1c8a4a_1943c1e8149_3a8e,Maritime,Agoè-Nyivé,Agoè-Nyivé 1,Agoè-Nyivé,"MULTIPOLYGON (((1.2012216666666664 6.22613, 1.2012074710218157 6.226181176902054, 1.2012017927638756 6.226226335018459, 1.201173401474175 6.226268670749057, 1.2012216666666664 6.22613)))",CARREFOUR MINAMADOU-CARREFOUR LEADER PRICE
_mview_route_passages_pietons.fid-7b1c8a4a_1943c1e8149_3a8f,Maritime,Agoè-Nyivé,Agoè-Nyivé 1,Agoè-Nyivé,"MULTIPOLYGON (((1.2004499999999996 6.2260083333333345, 1.2004528391289697 6.226062332630293, 1.2004272869682389 6.226115957905227, 1.2003988956785374 6.226141359349335, 1.2004499999999996 6.2260083333333345)))",CARREFOUR MINAMADOU-CARREFOUR LEADER PRICE
_mview_route_passages_pietons.fid-7b1c8a4a_1943c1e8149_3a90,Maritime,Agoè-Nyivé,Agoè-Nyivé 1,Agoè-Nyivé,"MULTIPOLYGON (((1.2001483333333334 6.2259633333333335, 1.2001369768174528 6.225997575951616, 1.2001256203015724 6.226031444551123, 1.2001085855277513 6.226056845999322, 1.2001483333333334 6.2259633333333335)))",CARREFOUR MINAMADOU-CARREFOUR LEADER PRICE
_mview_route_passages_pietons.fid-7b1c8a4a_1943c1e8149_3a91,Maritime,Agoè-Nyivé,Agoè-Nyivé 1,Agoè-Nyivé,"MULTIPOLYGON (((1.1992950000000016 6.225808333333332, 1.19928932174206 6.22584706501248, 1.199275126097209 6.2258809336216885, 1.1992950000000016 6.225808333333332)))",CARREFOUR MINAMADOU-CARREFOUR LEADER PRICE
_mview_route_passages_pietons.fid-7b1c8a4a_1943c1e8149_3a92,Maritime,Agoè-Nyivé,Agoè-Nyivé 1,Agoè-Nyivé,"MULTIPOLYGON (((1.1990166666666666 6.225781666666669, 1.199016666666667 6.2258102645280315, 1.1990109884087266 6.225872356980941, 1.1989882753769658 6.225903403204641, 1.1990166666666666 6.225781666666669)))",CARREFOUR MINAMADOU-CARREFOUR LEADER PRICE
_mview_route_passages_pietons.fid-7b1c8a4a_1943c1e8149_3a93,Maritime,Agoè-Nyivé,Agoè-Nyivé 1,Agoè-Nyivé,"MULTIPOLYGON (((1.197951666666667 6.2255883333333335, 1.1979488275376968 6.225631043132182, 1.1979431492797556 6.2256649117553255, 1.1979261145059361 6.225721359455714, 1.197951666666667 6.2255883333333335)))",CARREFOUR MINAMADOU-CARREFOUR LEADER PRICE
_mview_route_passages_pietons.fid-7b1c8a4a_1943c1e8149_3a94,Maritime,Agoè-Nyivé,Agoè-Nyivé 1,Agoè-Nyivé,"MULTIPOLYGON (((1.1974149999999997 6.225576666666665, 1.1974235173869083 6.2256221988518705, 1.1974093217420612 6.225658889860796, 1.1973894478392701 6.225706870407059, 1.1974149999999997 6.225576666666665)))",CARREFOUR MINAMADOU-CARREFOUR LEADER PRICE
_mview_route_passages_pietons.fid-7b1c8a4a_1943c1e8149_3a95,Maritime,Agoè-Nyivé,Agoè-Nyivé 1,Agoè-Nyivé,"MULTIPOLYGON (((1.1950083333333337 6.225380000000001, 1.1950054942043649 6.225430021255219, 1.1949998159464237 6.225458245118793, 1.194985620301573 6.225497758525249, 1.1950083333333337 6.225380000000001)))",CARREFOUR MINAMADOU-CARREFOUR LEADER PRICE
_mview_route_passages_pietons.fid-7b1c8a4a_1943c1e8149_3a96,Maritime,Agoè-Nyivé,Agoè-Nyivé 1,Agoè-Nyivé,"MULTIPOLYGON (((1.194415 6.225323333333333, 1.1944235173869096 6.225382977474128, 1.1943894478392698 6.225450714750223, 1.194415 6.225323333333333)))",CARREFOUR MINAMADOU-CARREFOUR LEADER PRICE
_mview_route_passages_pietons.fid-7b1c8a4a_1943c1e8149_3a97,Maritime,Agoè-Nyivé,Agoè-Nyivé 1,Agoè-Nyivé,"MULTIPOLYGON (((1.1938600000000013 6.225261666666664, 1.1938716666666673 6.225315, 1.1938616666666675 6.225333333333332, 1.1938499999999999 6.225359999999999, 1.1938600000000013 6.225261666666664)))",CARREFOUR MINAMADOU-CARREFOUR LEADER PRICE
_mview_route_passages_pietons.fid-7b1c8a4a_1943c1e8149_3a98,Maritime,Agoè-Nyivé,Agoè-Nyivé 1,Agoè-Nyivé,"MULTIPOLYGON (((1.193537099198397 6.225322413827658, 1.1935573436873748 6.22530739161657, 1.1935639579158317 6.225251896626589, 1.193552099198396 6.22524574716099, 1.193537099198397 6.225322413827658)))",CARREFOUR MINAMADOU-CARREFOUR LEADER PRICE
_mview_route_passages_pietons.fid-7b1c8a4a_1943c1e8149_3a99,Maritime,Agoè-Nyivé,Agoè-Nyivé 1,Agoè-Nyivé,"MULTIPOLYGON (((1.2024665144767914 6.22656597675762, 1.2024756087595008 6.226529814222171, 1.2024792464725853 6.226493651684235, 1.2024665144767914 6.22656597675762)))",CARREFOUR BLEU-CARREFOUR MINAMADOU
_mview_route_passages_pietons.fid-7b1c8a4a_1943c1e8149_3a9a,Maritime,Agoè-Nyivé,Agoè-Nyivé 1,Agoè-Nyivé,"MULTIPOLYGON (((1.2027700000000001 6.226545000000001, 1.2027560579071654 6.22658097675669, 1.2027560579071663 6.226604482402726, 1.2027700000000001 6.226545000000001)))",CARREFOUR BLEU-CARREFOUR MINAMADOU
_mview_route_passages_pietons.fid-7b1c8a4a_1943c1e8149_3a9b,Maritime,Agoè-Nyivé,Agoè-Nyivé 1,Agoè-Nyivé,"MULTIPOLYGON (((1.201961622098098 6.226416666500034, 1.2019481487859893 6.226456848000226, 1.2019414121299334 6.226483635665311, 1.201961622098098 6.226416666500034)))",CARREFOUR BLEU-CARREFOUR MINAMADOU
_mview_route_passages_pietons.fid-7b1c8a4a_1943c1e8149_3a9c,Maritime,Agoè-Nyivé,Agoè-Nyivé 1,Agoè-Nyivé,"MULTIPOLYGON (((1.201185 6.226286666666666, 1.2011748950159171 6.226331960814147, 1.201178263343945 6.226355400026748, 1.201185 6.226286666666666)))",CARREFOUR BLEU-CARREFOUR MINAMADOU
_mview_route_passages_pietons.fid-7b1c8a4a_1943c1e8149_3a9d,Maritime,Agoè-Nyivé,Agoè-Nyivé 1,Agoè-Nyivé,"MULTIPOLYGON (((1.2004184033227214 6.226148362774916, 1.2004099825026522 6.226185195835692, 1.2004066141746252 6.226215331974404, 1.2004066141746252 6.226215331974404, 1.2004184033227214 6.226148362774916)))",CARREFOUR BLEU-CARREFOUR MINAMADOU
_mview_route_passages_pietons.fid-7b1c8a4a_1943c1e8149_3a9e,Maritime,Agoè-Nyivé,Agoè-Nyivé 1,Agoè-Nyivé,"MULTIPOLYGON (((1.2001233333333339 6.226096666666663, 1.2001182808412914 6.226133604807094, 1.2001098600212226 6.226157044028541, 1.2001233333333339 6.226096666666663)))",CARREFOUR BLEU-CARREFOUR MINAMADOU
_mview_route_passages_pietons.fid-7b1c8a4a_1943c1e8149_3a9f,Maritime,Agoè-Nyivé,Agoè-Nyivé 1,Agoè-Nyivé,"MULTIPOLYGON (((1.1992933333333335 6.225948333333332, 1.1992866141746266 6.22599363507407, 1.199291666666667 6.226020422762782, 1.1992933333333335 6.225948333333332)))",CARREFOUR BLEU-CARREFOUR MINAMADOU
_mview_route_passages_pietons.fid-7b1c8a4a_1943c1e8149_3aa0,Maritime,Agoè-Nyivé,Agoè-Nyivé 1,Agoè-Nyivé,"MULTIPOLYGON (((1.198988333333333 6.225905, 1.198968105867821 6.225951953282732, 1.198976526687891 6.225970369820329, 1.198988333333333 6.225905)))",CARREFOUR BLEU-CARREFOUR MINAMADOU
_mview_route_passages_pietons.fid-7b1c8a4a_1943c1e8149_3aa1,Maritime,Agoè-Nyivé,Agoè-Nyivé 1,Agoè-Nyivé,"MULTIPOLYGON (((1.1979265441852374 6.22572997647809, 1.1979198075291826 6.2257651353368955, 1.1979063342170717 6.22578857457479, 1.1979063342170717 6.22578857457479, 1.1979265441852374 6.22572997647809)))",CARREFOUR BLEU-CARREFOUR MINAMADOU
_mview_route_passages_pietons.fid-7b1c8a4a_1943c1e8149_3aa2,Maritime,Agoè-Nyivé,Agoè-Nyivé 1,Agoè-Nyivé,"MULTIPOLYGON (((1.1973800174973466 6.2256699991698605, 1.197371596677279 6.225711854958662, 1.1973732808412934 6.2257285972732515, 1.1973800174973466 6.2256699991698605)))",CARREFOUR BLEU-CARREFOUR MINAMADOU
_mview_route_passages_pietons.fid-7b1c8a4a_1943c1e8149_3aa3,Maritime,Agoè-Nyivé,Agoè-Nyivé 1,Agoè-Nyivé,"MULTIPOLYGON (((1.1953717191587088 6.225529893250359, 1.195364982502653 6.225570074818394, 1.1953717191587077 6.225600210992404, 1.1953717191587088 6.225529893250359)))",CARREFOUR BLEU-CARREFOUR MINAMADOU
_mview_route_passages_pietons.fid-7b1c8a4a_1943c1e8149_3aa4,Maritime,Agoè-Nyivé,Agoè-Nyivé 1,Agoè-Nyivé,"MULTIPOLYGON (((1.194971421703806 6.225496522087503, 1.1949680533757807 6.225541726354195, 1.194971421703807 6.225571862529829, 1.194971421703806 6.225496522087503)))",CARREFOUR BLEU-CARREFOUR MINAMADOU
_mview_route_passages_pietons.fid-7b1c8a4a_1943c1e8149_3aa5,Maritime,Agoè-Nyivé,Agoè-Nyivé 1,Agoè-Nyivé,"MULTIPOLYGON (((1.194431631671973 6.225463324929784, 1.1944282633439443 6.225501832270758, 1.1944333158359872 6.225523597288323, 1.194431631671973 6.225463324929784)))",CARREFOUR BLEU-CARREFOUR MINAMADOU
_mview_route_passages_pietons.fid-7b1c8a4a_1943c1e8149_3aa6,Maritime,Agoè-Nyivé,Agoè-Nyivé 1,Agoè-Nyivé,"MULTIPOLYGON (((1.1935266666666668 6.225448333333334, 1.1935287397398568 6.225413409635146, 1.1935370320326182 6.22538867945614, 1.1935266666666668 6.225448333333334)))",CARREFOUR BLEU-CARREFOUR MINAMADOU
_mview_route_passages_pietons.fid-7b1c8a4a_1943c1e8149_3aa7,Maritime,Agoè-Nyivé,Agoè-Nyivé 1,Agoè-Nyivé,"MULTIPOLYGON (((1.1828490818025297 6.206921479710149, 1.1828481636050596 6.206953428231204, 1.182848163605058 6.2069899408243225, 1.1828490818025297 6.206921479710149)))",BOULEVARD LÉO 2000
_mview_route_passages_pietons.fid-7b1c8a4a_1943c1e8149_3aa8,Maritime,Agoè-Nyivé,Agoè-Nyivé 1,Agoè-Nyivé,"MULTIPOLYGON (((1.1878800000000014 6.207118333333332, 1.1878717934194347 6.207149680519616, 1.1878731611828628 6.207179594906265, 1.1878717934194338 6.207187753375054, 1.1878800000000014 6.207118333333332)))",BOULEVARD LÉO 2000
_mview_route_passages_pietons.fid-7b1c8a4a_1943c1e8149_3aa9,Maritime,Agoè-Nyivé,Agoè-Nyivé 1,Agoè-Nyivé,"MULTIPOLYGON (((1.186735815354652 6.2068752051143425, 1.1867262410106603 6.206902400025533, 1.1867262410106596 6.206926875444408, 1.1867235054838026 6.206944552135114, 1.186735815354652 6.2068752051143425)))",BOULEVARD LÉO 2000
_mview_route_passages_pietons.fid-7b1c8a4a_1943c1e8149_3aaa,Maritime,Agoè-Nyivé,Agoè-Nyivé 1,Agoè-Nyivé,"MULTIPOLYGON (((1.1862634600861024 6.206786607657267, 1.1862566212689658 6.2068124428272755, 1.1862497824518268 6.206849155961428, 1.1862634600861024 6.206786607657267)))",BOULEVARD LÉO 2000
_mview_route_passages_pietons.fid-7b1c8a4a_1943c1e8149_3aab,Maritime,Agoè-Nyivé,Agoè-Nyivé 1,Agoè-Nyivé,"MULTIPOLYGON (((1.1838700000000018 6.206726666666666, 1.1838754426356954 6.206753793001903, 1.1838713606589246 6.206767319832221, 1.1838795246124654 6.206795726174761, 1.1838700000000018 6.206726666666666)))",BOULEVARD LÉO 2000
_mview_route_passages_pietons.fid-7b1c8a4a_1943c1e8149_3aac,Maritime,Agoè-Nyivé,Agoè-Nyivé 1,Agoè-Nyivé,"MULTIPOLYGON (((1.1849455799686632 6.206537136810738, 1.1849436574553123 6.206564849859568, 1.1849417349419633 6.206581095439249, 1.1849465412253373 6.206606897241232, 1.1849455799686632 6.206537136810738)))",BOULEVARD LÉO 2000
_mview_route_passages_pietons.fid-7b1c8a4a_1943c1e8149_3aad,Maritime,Agoè-Nyivé,Agoè-Nyivé 1,Agoè-Nyivé,"MULTIPOLYGON (((1.1897475870278895 6.207854438931624, 1.1897200428375565 6.207847022790341, 1.1896988108575077 6.20784074759379, 1.189683317250447 6.207830479090178, 1.1897475870278895 6.207854438931624)))",BOULEVARD CEDEAO 
_mview_route_passages_pietons.fid-7b1c8a4a_1943c1e8149_3aae,Maritime,Agoè-Nyivé,Agoè-Nyivé 1,Agoè-Nyivé,"MULTIPOLYGON (((1.1887743956890606 6.210258510792261, 1.1887487100503733 6.210247802606027, 1.1887354529465368 6.210241212952848, 1.18870893873886 6.210236270712916, 1.1887743956890606 6.210258510792261)))",BOULEVARD CEDEAO 
_mview_route_passages_pietons.fid-7b1c8a4a_1943c1e8149_3aaf,Maritime,Agoè-Nyivé,Agoè-Nyivé 1,Agoè-Nyivé,"MULTIPOLYGON (((1.1886515196563043 6.211112809158449, 1.1886142846127732 6.211116279452854, 1.188579376759464 6.211104711804753, 1.1886515196563043 6.211112809158449)))",BOULEVARD CEDEAO 
_mview_route_passages_pietons.fid-7b1c8a4a_1943c1e8149_3ab0,Maritime,Agoè-Nyivé,Agoè-Nyivé 1,Agoè-Nyivé,"MULTIPOLYGON (((1.1886564446861505 6.212758790608599, 1.1886242827856357 6.212762961001209, 1.188590722541618 6.2127518399541755, 1.1886564446861505 6.212758790608599)))",BOULEVARD CEDEAO 
_mview_route_passages_pietons.fid-7b1c8a4a_1943c1e8149_3ab1,Maritime,Agoè-Nyivé,Agoè-Nyivé 1,Agoè-Nyivé,"MULTIPOLYGON (((1.188647238196828 6.213807103197489, 1.1886238429528342 6.213808114405959, 1.1885963789707552 6.213814181656732, 1.188583155571976 6.213807103197486, 1.188647238196828 6.213807103197489)))",BOULEVARD CEDEAO 
_mview_route_passages_pietons.fid-7b1c8a4a_1943c1e8149_3ab2,Maritime,Agoè-Nyivé,Agoè-Nyivé 1,Agoè-Nyivé,"MULTIPOLYGON (((1.1886552924210925 6.215433406731346, 1.1886195620361515 6.215437505233933, 1.1885852058967847 6.215432040563807, 1.1886552924210925 6.215433406731346)))",BOULEVARD CEDEAO 
_mview_route_passages_pietons.fid-7b1c8a4a_1943c1e8149_3ab3,Maritime,Agoè-Nyivé,Agoè-Nyivé 1,Agoè-Nyivé,"MULTIPOLYGON (((1.1898987639566054 6.207300293555578, 1.1898655160664926 6.207293937216265, 1.189837383236397 6.2072748681978664, 1.1898987639566054 6.207300293555578)))",BOULEVARD CEDEAO 
_mview_route_passages_pietons.fid-7b1c8a4a_1943c1e8149_3ab4,Maritime,Agoè-Nyivé,Agoè-Nyivé 1,Agoè-Nyivé,"MULTIPOLYGON (((1.1983666666666672 6.210131666666664, 1.1983575171325145 6.210131170284184, 1.1982827397782687 6.210206119936481, 1.1982963335868817 6.210213549264357, 1.1983666666666672 6.210131666666664)))",AGOE CACAVELI CARREFOUR BODJONA-AGOE NYIVE TERRAIN JCA
_mview_route_passages_pietons.fid-7b1c8a4a_1943c1e8149_3ab5,Maritime,Agoè-Nyivé,Agoè-Nyivé 1,Agoè-Nyivé,"MULTIPOLYGON (((1.198573333333333 6.210355000000001, 1.1985551637540646 6.21037332891234, 1.198545069543362 6.210385370878323, 1.1985248811219513 6.210409454809454, 1.198573333333333 6.210355000000001)))",AGOE CACAVELI CARREFOUR BODJONA-AGOE NYIVE TERRAIN JCA
_mview_route_passages_pietons.fid-7b1c8a4a_1943c1e8149_3ab6,Maritime,Agoè-Nyivé,Agoè-Nyivé 1,Agoè-Nyivé,"MULTIPOLYGON (((1.2021883333333325 6.215149999999998, 1.2022035878270392 6.21514077318065, 1.20220930826218 6.215133190763729, 1.202228376379311 6.215123712742421, 1.2021883333333325 6.215149999999998)))",AGOE CACAVELI CARREFOUR BODJONA-AGOE NYIVE TERRAIN JCA
_mview_route_passages_pietons.fid-7b1c8a4a_1943c1e8149_3ab7,Maritime,Agoè-Nyivé,Agoè-Nyivé 1,Agoè-Nyivé,"MULTIPOLYGON (((1.2045766666666669 6.219165000000001, 1.204570153500168 6.219168451925557, 1.2045489857090474 6.219186257721675, 1.2045424725425486 6.219192732556475, 1.204527817917927 6.219207300934488, 1.2045766666666669 6.219165000000001)))",AGOE CACAVELI CARREFOUR BODJONA-AGOE NYIVE TERRAIN JCA
_mview_route_passages_pietons.fid-7b1c8a4a_1943c1e8149_3ab8,Maritime,Agoè-Nyivé,Agoè-Nyivé 1,Agoè-Nyivé,"MULTIPOLYGON (((1.2054583333333344 6.220224999999999, 1.2054679830887178 6.220232999829916, 1.2054467243977753 6.220247323061401, 1.2054329288642913 6.2202575000942995, 1.2054249380088307 6.220259761657165, 1.2054176260427174 6.220260826027626, 1.2054583333333344 6.220224999999999)))",AGOE CACAVELI CARREFOUR BODJONA-AGOE NYIVE TERRAIN JCA
_mview_route_passages_pietons.fid-7b1c8a4a_1943c1e8149_3ab9,Maritime,Agoè-Nyivé,Agoè-Nyivé 1,Agoè-Nyivé,"MULTIPOLYGON (((1.2086434546075744 6.220647689984136, 1.2086377345703554 6.220678964949581, 1.2086434546075744 6.220704553556285, 1.2086405945889651 6.2207244558050805, 1.2086434546075744 6.220647689984136)))",AGOE CACAVELI CARREFOUR BODJONA-AGOE NYIVE TERRAIN JCA
_mview_route_passages_pietons.fid-7b1c8a4a_1943c1e8149_3aba,Maritime,Agoè-Nyivé,Agoè-Nyivé 1,Agoè-Nyivé,"MULTIPOLYGON (((1.1960184745439975 6.20878774000412, 1.1960365084535978 6.208767250712659, 1.1960339321807978 6.208754444905086, 1.1960519660903985 6.208736516773968, 1.196057118636 6.208726272127337, 1.1960184745439975 6.20878774000412)))",AGOE CACAVELI CARREFOUR BODJONA-AGOE NYIVE TERRAIN JCA
_mview_route_passages_pietons.fid-7b1c8a4a_1943c1e8149_3abb,Maritime,Agoè-Nyivé,Agoè-Nyivé 1,Agoè-Nyivé,"MULTIPOLYGON (((1.203156666666668 6.217316666666664, 1.203140383750421 6.217328212176581, 1.2031289857090481 6.21733792446307, 1.203120844250925 6.2173460180350055, 1.2031192159592998 6.217346018035007, 1.2031078179179266 6.217347636749381, 1.203156666666668 6.217316666666664)))",AGOE CACAVELI CARREFOUR BODJONA-AGOE TERRAIN JCA
_mview_route_passages_pietons.fid-7b1c8a4a_1943c1e8149_3abc,Maritime,Agoè-Nyivé,Agoè-Nyivé 1,Agoè-Nyivé,"MULTIPOLYGON (((1.1959701412106631 6.208877044308583, 1.1959624123922628 6.208887288952279, 1.1959598361194617 6.20890521707827, 1.1959521073010617 6.208923145203646, 1.1959443784826609 6.208941073328414, 1.1959701412106631 6.208877044308583)))",AGOE CACAVELI CARREFOUR BODJONA-AGOE TERRAIN JCA
_mview_route_passages_pietons.fid-7b1c8a4a_1943c1e8149_3abd,Maritime,Agoè-Nyivé,Agoè-Nyivé 1,Agoè-Nyivé,"MULTIPOLYGON (((1.1950953215843925 6.208562728022246, 1.1951138393930112 6.208540316823958, 1.1951275264689463 6.208505899624734, 1.1950953215843925 6.208562728022246)))",AGOE CACAVELI CARREFOUR BODJONA-AGOE TERRAIN JCA
_mview_route_passages_pietons.fid-7b1c8a4a_1943c1e8149_3abe,Maritime,Agoè-Nyivé,Agoè-Nyivé 1,Agoè-Nyivé,"MULTIPOLYGON (((1.1959942895742033 6.2088850760705, 1.1959912404111888 6.208925998311743, 1.1959637979440565 6.208941154696582, 1.1959942895742033 6.2088850760705)))",AGOE CACAVELI CARREFOUR BODJONA-AGOE TERRAIN JCA
_mview_route_passages_pietons.fid-7b1c8a4a_1943c1e8149_3abf,Maritime,Agoè-Nyivé,Agoè-Nyivé 1,Agoè-Nyivé,"MULTIPOLYGON (((1.203225378321181 6.217645961741292, 1.203254339455868 6.217634445431041, 1.203285231332868 6.21760853373206, 1.203225378321181 6.217645961741292)))",AGOE CACAVELI CARREFOUR BODJONA-AGOE TERRAIN JCA
_mview_route_passages_pietons.fid-7b1c8a4a_1943c1e8149_3ac0,Maritime,Agoè-Nyivé,Agoè-Nyivé 1,Agoè-Nyivé,"MULTIPOLYGON (((1.202823242401906 6.216839699691289, 1.2028579957635315 6.216831062445385, 1.202887922269376 6.21681378795315, 1.202823242401906 6.216839699691289)))",AGOE CACAVELI CARREFOUR BODJONA-AGOE TERRAIN JCA
_mview_route_passages_pietons.fid-7b1c8a4a_1943c1e8149_3ac1,Maritime,Agoè-Nyivé,Agoè-Nyivé 1,Agoè-Nyivé,"MULTIPOLYGON (((1.202718333333334 6.216611666666664, 1.2027562468840736 6.216606919754709, 1.2027813465341364 6.216585806477349, 1.202718333333334 6.216611666666664)))",AGOE CACAVELI CARREFOUR BODJONA-AGOE TERRAIN JCA
_mview_route_passages_pietons.fid-7b1c8a4a_1943c1e8149_3ac2,Maritime,Agoè-Nyivé,Agoè-Nyivé 1,Agoè-Nyivé,"MULTIPOLYGON (((1.2020537705531982 6.2151339927748355, 1.2020846624301997 6.215128234592243, 1.202118450420668 6.215108080952679, 1.2020537705531982 6.2151339927748355)))",AGOE CACAVELI CARREFOUR BODJONA-AGOE TERRAIN JCA
_mview_route_passages_pietons.fid-7b1c8a4a_1943c1e8149_3ac3,Maritime,Agoè-Nyivé,Agoè-Nyivé 1,Agoè-Nyivé,"MULTIPOLYGON (((1.2017782511205424 6.21433383913129, 1.2018052815129172 6.214333839131291, 1.2018448617303252 6.214319443652802, 1.2017782511205424 6.21433383913129)))",AGOE CACAVELI CARREFOUR BODJONA-AGOE TERRAIN JCA
_mview_route_passages_pietons.fid-7b1c8a4a_1943c1e8149_3ac4,Maritime,Agoè-Nyivé,Agoè-Nyivé 1,Agoè-Nyivé,"MULTIPOLYGON (((1.2012038440473536 6.213226619204902, 1.2012308744397289 6.213212223696126, 1.2012579048321046 6.213182472976741, 1.2012038440473536 6.213226619204902)))",AGOE CACAVELI CARREFOUR BODJONA-AGOE TERRAIN JCA
_mview_route_passages_pietons.fid-7b1c8a4a_1943c1e8149_3ac5,Maritime,Agoè-Nyivé,Agoè-Nyivé 1,Agoè-Nyivé,"MULTIPOLYGON (((1.201021740160822 6.213035659510587, 1.201048770553197 6.213020304295641, 1.2010729048321063 6.2129905535654055, 1.201021740160822 6.213035659510587)))",AGOE CACAVELI CARREFOUR BODJONA-AGOE TERRAIN JCA
_mview_route_passages_pietons.fid-7b1c8a4a_1943c1e8149_3ac6,Maritime,Agoè-Nyivé,Agoè-Nyivé 1,Agoè-Nyivé,"MULTIPOLYGON (((1.1984523755068153 6.210517947854321, 1.1984923395118365 6.210489178243751, 1.1985033640649487 6.210464518576291, 1.1984523755068153 6.210517947854321)))",AGOE CACAVELI CARREFOUR BODJONA-AGOE TERRAIN JCA
_mview_route_passages_pietons.fid-7b1c8a4a_1943c1e8149_3ac7,Maritime,Agoè-Nyivé,Agoè-Nyivé 1,Agoè-Nyivé,"MULTIPOLYGON (((1.1972273736987231 6.209633729831422, 1.197260447358053 6.209604960172539, 1.1972714719111623 6.209577560495954, 1.1972273736987231 6.209633729831422)))",AGOE CACAVELI CARREFOUR BODJONA-AGOE TERRAIN JCA
_mview_route_passages_pietons.fid-7b1c8a4a_1943c1e8149_3ac8,Maritime,Agoè-Nyivé,Agoè-Nyivé 1,Agoè-Nyivé,"MULTIPOLYGON (((1.1977686635459617 6.225460077164369, 1.1977339885574125 6.225452895808942, 1.1977036479424334 6.2254485869956415, 1.1977036479424334 6.2254485869956415, 1.1977686635459617 6.225460077164369)))",COUR D'APPEL-CARREFOUR COOPECFI
_mview_route_passages_pietons.fid-7b1c8a4a_1943c1e8149_3ac9,Maritime,Agoè-Nyivé,Agoè-Nyivé 1,Agoè-Nyivé,"MULTIPOLYGON (((1.1978254541533078 6.224486743831174, 1.197858684350665 6.224489616378641, 1.1978962489215914 6.224485307557435, 1.1978254541533078 6.224486743831174)))",COUR D'APPEL-CARREFOUR COOPECFI
_mview_route_passages_pietons.fid-7b1c8a4a_1943c1e8149_3aca,Maritime,Agoè-Nyivé,Agoè-Nyivé 1,Agoè-Nyivé,"MULTIPOLYGON (((1.197854231237595 6.224131459516381, 1.1978903510173315 6.2241328957910875, 1.197923581214692 6.224131459516382, 1.197854231237595 6.224131459516381)))",COUR D'APPEL-CARREFOUR COOPECFI
_mview_route_passages_pietons.fid-7b1c8a4a_1943c1e8149_3acb,Maritime,Agoè-Nyivé,Agoè-Nyivé 1,Agoè-Nyivé,"MULTIPOLYGON (((1.19789106927836 6.223544245652416, 1.197920826592047 6.223546710813996, 1.1979588498262048 6.223544245652418, 1.19789106927836 6.223544245652416)))",COUR D'APPEL-CARREFOUR COOPECFI
_mview_route_passages_pietons.fid-7b1c8a4a_1943c1e8149_3acc,Maritime,Agoè-Nyivé,Agoè-Nyivé 1,Agoè-Nyivé,"MULTIPOLYGON (((1.1979289624334601 6.222950413931456, 1.1979597406083655 6.222954122636694, 1.1979989128309718 6.2229485595788265, 1.1979289624334601 6.222950413931456)))",COUR D'APPEL-CARREFOUR COOPECFI
_mview_route_passages_pietons.fid-7b1c8a4a_1943c1e8149_3acd,Maritime,Agoè-Nyivé,Agoè-Nyivé 1,Agoè-Nyivé,"MULTIPOLYGON (((1.1979745011296128 6.222315596889472, 1.1980062199029173 6.222313892461769, 1.198041367732795 6.22231900574486, 1.1979745011296128 6.222315596889472)))",COUR D'APPEL-CARREFOUR COOPECFI
_mview_route_passages_pietons.fid-7b1c8a4a_1943c1e8149_3ace,Maritime,Agoè-Nyivé,Agoè-Nyivé 1,Agoè-Nyivé,"MULTIPOLYGON (((1.198002288867727 6.221965159072161, 1.198024577735454 6.221966863500999, 1.1980725845274813 6.221964306857741, 1.1980725845274813 6.221964306857741, 1.198002288867727 6.221965159072161)))",COUR D'APPEL-CARREFOUR COOPECFI
_mview_route_passages_pietons.fid-7b1c8a4a_1943c1e8149_3acf,Maritime,Golfe,Golfe 2,Bè-Centre,"MULTIPOLYGON (((1.2391066105654822 6.171102583781912, 1.2391139559075646 6.17108554396611, 1.2391721065323895 6.171120232161992, 1.2391629248547846 6.17113666341188, 1.2391066105654822 6.171102583781912)))",NUKAFU
_mview_route_passages_pietons.fid-7b1c8a4a_1943c1e8149_3ad0,Maritime,Agoè-Nyivé,Agoè-Nyivé 1,Agoè-Nyivé,"MULTIPOLYGON (((1.1980293341823374 6.221274155805749, 1.198031529661022 6.2212865322651245, 1.1980980577709337 6.221270197309453, 1.1980987725779473 6.2212673380813985, 1.1980293341823374 6.221274155805749)))",COUR D'APPEL-CARREFOUR COOPECFI
_mview_route_passages_pietons.fid-7b1c8a4a_1943c1e8149_3ad1,Maritime,Agoè-Nyivé,Agoè-Nyivé 1,Agoè-Nyivé,"MULTIPOLYGON (((1.1980899042767614 6.220457451368126, 1.198116479465203 6.220456599151261, 1.1981567708799417 6.220460008018705, 1.1980899042767614 6.220457451368126)))",COUR D'APPEL-CARREFOUR COOPECFI
_mview_route_passages_pietons.fid-7b1c8a4a_1943c1e8149_3ad2,Maritime,Agoè-Nyivé,Agoè-Nyivé 1,Agoè-Nyivé,"MULTIPOLYGON (((1.1981466666666671 6.2198666666666655, 1.198174956383399 6.2198684168881195, 1.1982135332698483 6.219864155799014, 1.1981466666666671 6.2198666666666655)))",COUR D'APPEL-CARREFOUR COOPECFI
_mview_route_passages_pietons.fid-7b1c8a4a_1943c1e8149_3ad3,Maritime,Agoè-Nyivé,Agoè-Nyivé 1,Agoè-Nyivé,"MULTIPOLYGON (((1.1979793777989403 6.218545973552422, 1.1980059529873839 6.218540860232627, 1.19804624440212 6.218526372492942, 1.1979793777989403 6.218545973552422)))",COUR D'APPEL-CARREFOUR COOPECFI
_mview_route_passages_pietons.fid-7b1c8a4a_1943c1e8149_3ad4,Maritime,Agoè-Nyivé,Agoè-Nyivé 1,Agoè-Nyivé,"MULTIPOLYGON (((1.1978602870465147 6.218081033905043, 1.197892690222092 6.218074369241083, 1.1979284454503187 6.218061039912906, 1.1979284454503187 6.218061039912906, 1.1978602870465147 6.218081033905043)))",COUR D'APPEL-CARREFOUR COOPECFI
_mview_route_passages_pietons.fid-7b1c8a4a_1943c1e8149_3ad5,Maritime,Agoè-Nyivé,Agoè-Nyivé 1,Agoè-Nyivé,"MULTIPOLYGON (((1.1978567161850744 6.217757526637776, 1.1978361923417844 6.217764871757556, 1.1977893979790804 6.21777140075283, 1.1978567161850744 6.217757526637776)))",COUR D'APPEL-CARREFOUR COOPECFI
_mview_route_passages_pietons.fid-7b1c8a4a_1943c1e8149_3ad6,Maritime,Agoè-Nyivé,Agoè-Nyivé 1,Agoè-Nyivé,"MULTIPOLYGON (((1.1975884544500897 6.21686800129776, 1.1976194271621439 6.2168607087953704, 1.1976544752310472 6.216847744346434, 1.1975884544500897 6.21686800129776)))",COUR D'APPEL-CARREFOUR COOPECFI
_mview_route_passages_pietons.fid-7b1c8a4a_1943c1e8149_3ad7,Maritime,Agoè-Nyivé,Agoè-Nyivé 1,Agoè-Nyivé,"MULTIPOLYGON (((1.1973913014273974 6.216208422974529, 1.1974173837112314 6.216200320183929, 1.1974581372797242 6.216190596835046, 1.1973913014273974 6.216208422974529)))",COUR D'APPEL-CARREFOUR COOPECFI
_mview_route_passages_pietons.fid-7b1c8a4a_1943c1e8149_3ad8,Maritime,Agoè-Nyivé,Agoè-Nyivé 1,Agoè-Nyivé,"MULTIPOLYGON (((1.1971440272879479 6.215088607391677, 1.197113054575892 6.215094279357096, 1.1970796366497292 6.21510724384925, 1.1971440272879479 6.215088607391677)))",COUR D'APPEL-CARREFOUR COOPECFI
_mview_route_passages_pietons.fid-7b1c8a4a_1943c1e8149_3ad9,Maritime,Agoè-Nyivé,Agoè-Nyivé 1,Agoè-Nyivé,"MULTIPOLYGON (((1.1965791520052824 6.213059817661677, 1.1966228157115681 6.21305296388694, 1.1966457966096153 6.213042683224674, 1.1965791520052824 6.213059817661677)))",COUR D'APPEL-CARREFOUR COOPECFI
_mview_route_passages_pietons.fid-7b1c8a4a_1943c1e8149_3ada,Maritime,Agoè-Nyivé,Agoè-Nyivé 1,Agoè-Nyivé,"MULTIPOLYGON (((1.1961327902770693 6.211159639470156, 1.1961646254631992 6.211153987986071, 1.1961953236783969 6.211142685017714, 1.1961327902770693 6.211159639470156)))",COUR D'APPEL-CARREFOUR COOPECFI
_mview_route_passages_pietons.fid-7b1c8a4a_1943c1e8149_3adb,Maritime,Agoè-Nyivé,Agoè-Nyivé 1,Agoè-Nyivé,"MULTIPOLYGON (((1.195945061611307 6.210386926174448, 1.195967317682039 6.210382009405968, 1.1960087387025642 6.210366029908088, 1.1960087387025642 6.210366029908088, 1.195945061611307 6.210386926174448)))",COUR D'APPEL-CARREFOUR COOPECFI
_mview_route_passages_pietons.fid-7b1c8a4a_1943c1e8149_3adc,Maritime,Agoè-Nyivé,Agoè-Nyivé 1,Agoè-Nyivé,"MULTIPOLYGON (((1.1956772056619778 6.20923093211307, 1.1957056560285455 6.2092201178473285, 1.1957449844764534 6.209216790380903, 1.1956772056619778 6.20923093211307)))",COUR D'APPEL-CARREFOUR COOPECFI
_mview_route_passages_pietons.fid-7b1c8a4a_1943c1e8149_3add,Maritime,Agoè-Nyivé,Agoè-Nyivé 3,Vakpossito,"MULTIPOLYGON (((1.1702313907465085 6.217411017016539, 1.1702766666666666 6.217458333333331, 1.170271233556248 6.217472363802504, 1.1702259576360885 6.217421953040875, 1.1702313907465085 6.217411017016539)))",LEO 2000-ENTREPRISE DE L'UNION
_mview_route_passages_pietons.fid-7b1c8a4a_1943c1e8149_3ade,Maritime,Agoè-Nyivé,Agoè-Nyivé 3,Vakpossito,"MULTIPOLYGON (((1.1708533333333335 6.216875000000001, 1.170832137781072 6.216899505539549, 1.1708764557539815 6.216949309488836, 1.1709034319114044 6.2169244075147825, 1.1708533333333335 6.216875000000001)))",LEO 2000-ENTREPRISE DE L'UNION
_mview_route_passages_pietons.fid-7b1c8a4a_1943c1e8149_3adf,Maritime,Agoè-Nyivé,Agoè-Nyivé 3,Vakpossito,"MULTIPOLYGON (((1.1743166666666676 6.213948333333331, 1.1743166666666676 6.213948333333331, 1.1743166666666676 6.213948333333331, 1.1743299999999999 6.213976666666668, 1.1743299999999999 6.213976666666668, 1.1743400000000013 6.213983333333335, 1.1743483333333333 6.213986666666669, 1.1743566666666683 6.213991666666669, 1.1743566666666683 6.213991666666669, 1.1743166666666676 6.213948333333331)))",LEO 2000-ENTREPRISE DE L'UNION
_mview_route_passages_pietons.fid-7b1c8a4a_1943c1e8149_3ae0,Maritime,Agoè-Nyivé,Agoè-Nyivé 3,Vakpossito,"MULTIPOLYGON (((1.1710988691942592 6.2167697695749276, 1.1710710717218522 6.216740161712532, 1.1710879487586703 6.2167204231366755, 1.171114753464206 6.216760887216385, 1.1710988691942592 6.2167697695749276)))",LEO 2000-ENTREPRISE DE L'UNION
_mview_route_passages_pietons.fid-7b1c8a4a_1943c1e8149_3ae1,Maritime,Agoè-Nyivé,Agoè-Nyivé 3,Vakpossito,"MULTIPOLYGON (((1.1717914640931606 6.216072945276047, 1.1718045662744836 6.216060571384605, 1.171842562600321 6.216117882037236, 1.1718307706371303 6.216134163471505, 1.1717914640931606 6.216072945276047)))",LEO 2000-ENTREPRISE DE L'UNION
_mview_route_passages_pietons.fid-7b1c8a4a_1943c1e8149_3ae2,Maritime,Agoè-Nyivé,Agoè-Nyivé 3,Vakpossito,"MULTIPOLYGON (((1.1726066666666666 6.215308333333333, 1.172622296553206 6.215294785339646, 1.1726881653607628 6.215395782431414, 1.1726714190537564 6.215410210585796, 1.1726066666666666 6.215308333333333)))",LEO 2000-ENTREPRISE DE L'UNION
_mview_route_passages_pietons.fid-7b1c8a4a_1943c1e8149_3ae3,Maritime,Agoè-Nyivé,Agoè-Nyivé 3,Vakpossito,"MULTIPOLYGON (((1.1703666666666683 6.2173549999999995, 1.1703550000000003 6.217363333333333, 1.1703550000000003 6.217363333333333, 1.1703516666666682 6.2173616666666645, 1.1703516666666682 6.2173616666666645, 1.1703516666666682 6.2173616666666645, 1.17035 6.2173549999999995, 1.17035 6.2173549999999995, 1.1703666666666683 6.2173549999999995)))",LEO 2000-ENTREPRISE DE L'UNION
_mview_route_passages_pietons.fid-7b1c8a4a_1943c1e8149_3ae4,Maritime,Agoè-Nyivé,Agoè-Nyivé 3,Vakpossito,"MULTIPOLYGON (((1.1748466666666648 6.2134149999999995, 1.1748756991822722 6.213394559157313, 1.1749158980500383 6.213465604000701, 1.1748890988048615 6.213490025663403, 1.1748466666666648 6.2134149999999995)))",LEO 2000-ENTREPRISE DE L'UNION
_mview_route_passages_pietons.fid-7b1c8a4a_1943c1e8149_3ae5,Maritime,Agoè-Nyivé,Agoè-Nyivé 3,Vakpossito,"MULTIPOLYGON (((1.1753850000000001 6.21306, 1.1753850000000001 6.21306, 1.1753714966599866 6.213074561289245, 1.1753936750167004 6.21309316249165, 1.1754216666666668 6.213116666666666, 1.1754339776219114 6.21310413243153, 1.1754153764195063 6.2130810001670005, 1.1753850000000001 6.21306)))",LEO 2000-ENTREPRISE DE UNION
_mview_route_passages_pietons.fid-7b1c8a4a_1943c1e8149_3ae6,Maritime,Agoè-Nyivé,Agoè-Nyivé 3,Vakpossito,"MULTIPOLYGON (((1.1761683333333328 6.212504999999999, 1.176175 6.212476666666666, 1.1761699999999997 6.212478333333333, 1.1761699999999997 6.212478333333333, 1.1761683333333328 6.212504999999999)))",LEO 2000-ENTREPRISE DE UNION
_mview_route_passages_pietons.fid-7b1c8a4a_1943c1e8149_3ae7,Maritime,Agoè-Nyivé,Agoè-Nyivé 3,Vakpossito,"MULTIPOLYGON (((1.1749733333333332 6.213501666666666, 1.1749616666666665 6.213504999999998, 1.1749583333333342 6.213506666666663, 1.1749583333333342 6.213506666666663, 1.1749349999999987 6.213494999999999, 1.1749300000000007 6.213485, 1.1749733333333332 6.213501666666666)))",LEO 2000-ENTREPRISE DE UNION
_mview_route_passages_pietons.fid-7b1c8a4a_1943c1e8149_3ae8,Maritime,Agoè-Nyivé,Agoè-Nyivé 3,Vakpossito,"MULTIPOLYGON (((1.1727033333333323 6.215439999999998, 1.1727033333333323 6.215439999999998, 1.1727033333333323 6.215439999999998, 1.1726983333333332 6.2154300000000005, 1.1726983333333332 6.2154300000000005, 1.172693333333335 6.2154199999999955, 1.1726866666666669 6.2154066666666665, 1.172680000000001 6.215396666666664, 1.172680000000001 6.215396666666664, 1.1727033333333323 6.215439999999998)))",LEO 2000-ENTREPRISE DE UNION
_mview_route_passages_pietons.fid-7b1c8a4a_1943c1e8149_3ae9,Maritime,Agoè-Nyivé,Agoè-Nyivé 3,Vakpossito,"MULTIPOLYGON (((1.171978601202405 6.216153964261856, 1.1719480761523042 6.216157779893119, 1.17187891783567 6.216111038410152, 1.1719133181362706 6.216085551185702, 1.1719600000000001 6.216131666666667, 1.1719600000000001 6.216131666666667, 1.1719600000000001 6.216131666666667, 1.1719672139278554 6.216142308700734, 1.171978601202405 6.216153964261856)))",LEO 2000-ENTREPRISE DE UNION
_mview_route_passages_pietons.fid-7b1c8a4a_1943c1e8149_3aea,Maritime,Agoè-Nyivé,Agoè-Nyivé 3,Vakpossito,"MULTIPOLYGON (((1.1711500000000012 6.216761666666668, 1.1711500000000012 6.216761666666668, 1.1711500000000012 6.216761666666668, 1.1711500000000012 6.216761666666668, 1.1711483333333346 6.2167733333333315, 1.1711483333333346 6.2167733333333315, 1.1711433333333323 6.216765, 1.1711433333333323 6.216765, 1.1711399999999994 6.216751666666666, 1.1711500000000012 6.216761666666668)))",LEO 2000-ENTREPRISE DE UNION
_mview_route_passages_pietons.fid-7b1c8a4a_1943c1e8149_3aeb,Maritime,Golfe,Golfe 2,Bè-Centre,"MULTIPOLYGON (((1.2396093468981562 6.169987988756162, 1.2396177882950006 6.169965905271025, 1.23967913468605 6.169992131416891, 1.239668092335662 6.1700116485478524, 1.2396093468981562 6.169987988756162)))",NUKAFU
_mview_route_passages_pietons.fid-7b1c8a4a_1943c1e8149_3aec,Maritime,Agoè-Nyivé,Agoè-Nyivé 3,Vakpossito,"MULTIPOLYGON (((1.1702983333333337 6.217513333333333, 1.1702983333333337 6.217513333333333, 1.1702899999999996 6.217506666666666, 1.1702899999999996 6.217506666666666, 1.1702766666666673 6.217484999999997, 1.1702983333333337 6.217513333333333)))",LEO 2000-ENTREPRISE DE UNION
_mview_route_passages_pietons.fid-7b1c8a4a_1943c1e8149_3aed,Maritime,Agoè-Nyivé,Agoè-Nyivé 4,Togblekope,"MULTIPOLYGON (((1.211275 6.277686666666668, 1.2112983333333334 6.277711666666664, 1.211335 6.277698333333333, 1.2113650000000005 6.277686666666668, 1.211275 6.277686666666668)))",TGRMRRRN1 DAVIE-GOLF CLUB
_mview_route_passages_pietons.fid-7b1c8a4a_1943c1e8149_3aee,Maritime,Agoè-Nyivé,Agoè-Nyivé 4,Togblekope,"MULTIPOLYGON (((1.21124 6.277061666666669, 1.2112583333333344 6.277073333333331, 1.2112500000000004 6.27707833333333, 1.2112366666666674 6.277081666666664, 1.2111766666666668 6.277083333333333, 1.21124 6.277061666666669)))",TGRMRRRN1 DAVIE-GOLF CLUB
_mview_route_passages_pietons.fid-7b1c8a4a_1943c1e8149_3aef,Maritime,Agoè-Nyivé,Agoè-Nyivé 4,Togblekope,"MULTIPOLYGON (((1.2110733333333323 6.276718333333334, 1.2110866666666669 6.276731666666666, 1.21115 6.276723333333333, 1.2111750000000008 6.276719999999998, 1.2110733333333323 6.276718333333334)))",TGRMRRRN1 DAVIE-GOLF CLUB
_mview_route_passages_pietons.fid-7b1c8a4a_1943c1e8149_3af0,Maritime,Agoè-Nyivé,Agoè-Nyivé 4,Togblekope,"MULTIPOLYGON (((1.2104766666666669 6.273851666666666, 1.2104766666666669 6.273851666666666, 1.210563333333334 6.273846666666662, 1.2105900000000005 6.273836666666666, 1.2104766666666669 6.273851666666666)))",TGRMRRRN1 DAVIE-GOLF CLUB
_mview_route_passages_pietons.fid-7b1c8a4a_1943c1e8149_3af1,Maritime,Agoè-Nyivé,Agoè-Nyivé 4,Togblekope,"MULTIPOLYGON (((1.21034 6.273021666666664, 1.21034 6.273021666666664, 1.2103658431372546 6.273036647058821, 1.2103933333333332 6.273025, 1.2103793856209148 6.273002607843135, 1.210361450980392 6.273005901960782, 1.21034 6.273021666666664)))",TGRMRRRN1 DAVIE-GOLF CLUB
_mview_route_passages_pietons.fid-7b1c8a4a_1943c1e8149_3af2,Maritime,Agoè-Nyivé,Agoè-Nyivé 4,Togblekope,"MULTIPOLYGON (((1.2098950000000006 6.2711299999999985, 1.2099766666666671 6.271148333333335, 1.2100450000000005 6.271146666666667, 1.2098950000000006 6.2711299999999985)))",TGRMRRRN1 DAVIE-GOLF CLUB
_mview_route_passages_pietons.fid-7b1c8a4a_1943c1e8149_3af3,Maritime,Agoè-Nyivé,Agoè-Nyivé 4,Togblekope,"MULTIPOLYGON (((1.2099900000000001 6.270804999999998, 1.2099633333333346 6.270804999999999, 1.2099349999999998 6.2708183333333345, 1.2099033333333329 6.270833333333333, 1.2099900000000001 6.270804999999998)))",TGRMRRRN1 DAVIE-GOLF CLUB
_mview_route_passages_pietons.fid-7b1c8a4a_1943c1e8149_3af4,Maritime,Agoè-Nyivé,Agoè-Nyivé 4,Togblekope,"MULTIPOLYGON (((1.2096100000000007 6.269363333333334, 1.2096523982408152 6.269360053982165, 1.209685963514793 6.269354785897393, 1.2097018628550986 6.269342493699389, 1.2096100000000007 6.269363333333334)))",TGRMRRRN1 DAVIE-GOLF CLUB
_mview_route_passages_pietons.fid-7b1c8a4a_1943c1e8149_3af5,Maritime,Agoè-Nyivé,Agoè-Nyivé 4,Togblekope,"MULTIPOLYGON (((1.2094350000000003 6.268611666666666, 1.2094791648341814 6.268603119218418, 1.209503897141323 6.268594339064364, 1.209528629448465 6.268578534786691, 1.2094350000000003 6.268611666666666)))",TGRMRRRN1 DAVIE-GOLF CLUB
_mview_route_passages_pietons.fid-7b1c8a4a_1943c1e8149_3af6,Maritime,Agoè-Nyivé,Agoè-Nyivé 4,Togblekope,"MULTIPOLYGON (((1.20933 6.268073333333333, 1.2093706316474473 6.268068297941469, 1.2093918307678546 6.2680560057131425, 1.209418329668364 6.268047225549879, 1.20933 6.268073333333333)))",TGRMRRRN1 DAVIE-GOLF CLUB
_mview_route_passages_pietons.fid-7b1c8a4a_1943c1e8149_3af7,Maritime,Agoè-Nyivé,Agoè-Nyivé 4,Togblekope,"MULTIPOLYGON (((1.2082266666666668 6.263631666666665, 1.2082778978743176 6.263631899374541, 1.208299096994725 6.263619607041714, 1.2083414952355396 6.26360204656574, 1.2082266666666668 6.263631666666665)))",TGRMRRRN1 DAVIE-GOLF CLUB
_mview_route_passages_pietons.fid-7b1c8a4a_1943c1e8149_3af8,Maritime,Agoè-Nyivé,Agoè-Nyivé 4,Togblekope,"MULTIPOLYGON (((1.2082 6.26332, 1.2082317986806108 6.263318476659441, 1.2082706637346907 6.263311452465069, 1.2083006958219358 6.263299160124693, 1.2082 6.26332)))",TGRMRRRN1 DAVIE-GOLF CLUB
_mview_route_passages_pietons.fid-7b1c8a4a_1943c1e8149_3af9,Maritime,Agoè-Nyivé,Agoè-Nyivé 4,Togblekope,"MULTIPOLYGON (((1.208020000000001 6.261813333333335, 1.2080659314275493 6.261817078149298, 1.2080853639545892 6.261808297881069, 1.2081153960418334 6.261803029720065, 1.208020000000001 6.261813333333335)))",TGRMRRRN1 DAVIE-GOLF CLUB
_mview_route_passages_pietons.fid-7b1c8a4a_1943c1e8149_3afa,Maritime,Agoè-Nyivé,Agoè-Nyivé 4,Togblekope,"MULTIPOLYGON (((1.2080433333333338 6.2614133333333335, 1.2080645324537416 6.26141883420714, 1.2080786652006785 6.2614135660422034, 1.2081069306945547 6.261404785767191, 1.2080433333333338 6.2614133333333335)))",TGRMRRRN1 DAVIE-GOLF CLUB
_mview_route_passages_pietons.fid-7b1c8a4a_1943c1e8149_3afb,Maritime,Agoè-Nyivé,Agoè-Nyivé 4,Togblekope,"MULTIPOLYGON (((1.2080400000000002 6.260476666666664, 1.208077098460712 6.260478655434088, 1.2081053639545876 6.260471631201517, 1.2081283296683643 6.260469875143362, 1.2080400000000002 6.260476666666664)))",TGRMRRRN1 DAVIE-GOLF CLUB
_mview_route_passages_pietons.fid-7b1c8a4a_1943c1e8149_3afc,Maritime,Agoè-Nyivé,Agoè-Nyivé 4,Togblekope,"MULTIPOLYGON (((1.2080983333333335 6.259441666666666, 1.2081318986073115 6.259447167561224, 1.2081548643210869 6.259441899376401, 1.208188429595064 6.25943838725316, 1.2080983333333335 6.259441666666666)))",TGRMRRRN1 DAVIE-GOLF CLUB
_mview_route_passages_pietons.fid-7b1c8a4a_1943c1e8149_3afd,Maritime,Agoè-Nyivé,Agoè-Nyivé 4,Togblekope,"MULTIPOLYGON (((1.2082516666666678 6.25777333333333, 1.2082834653472776 6.257780590312667, 1.208304664467684 6.257777078178256, 1.2083364631482953 6.257777078178252, 1.2082516666666678 6.25777333333333)))",TGRMRRRN1 DAVIE-GOLF CLUB
_mview_route_passages_pietons.fid-7b1c8a4a_1943c1e8149_3afe,Maritime,Agoè-Nyivé,Agoè-Nyivé 4,Togblekope,"MULTIPOLYGON (((1.2086333333333346 6.253990000000002, 1.2086721983874127 6.253997257031871, 1.2087092968481252 6.253995500951957, 1.2087269627817991 6.253993744872036, 1.2086333333333346 6.253990000000002)))",TGRMRRRN1 DAVIE-GOLF CLUB
_mview_route_passages_pietons.fid-7b1c8a4a_1943c1e8149_3aff,Maritime,Agoè-Nyivé,Agoè-Nyivé 4,Togblekope,"MULTIPOLYGON (((1.2087016666666672 6.253443333333334, 1.208742298314114 6.253445322127517, 1.2087617308411542 6.253445322127517, 1.2087811633681946 6.253443566045748, 1.2087016666666672 6.253443333333334)))",TGRMRRRN1 DAVIE-GOLF CLUB
_mview_route_passages_pietons.fid-7b1c8a4a_1943c1e8149_3b00,Maritime,Agoè-Nyivé,Agoè-Nyivé 4,Togblekope,"MULTIPOLYGON (((1.211423870444131 6.2783465918396715, 1.211422088785238 6.278337736973914, 1.2114690058027513 6.278328291783605, 1.2114695996890483 6.2783359660007445, 1.211423870444131 6.2783465918396715)))",TGRMRRRN1 DAVIE-GOLF CLUB
_mview_route_passages_pietons.fid-7b1c8a4a_1943c1e8149_3b01,Maritime,Agoè-Nyivé,Agoè-Nyivé 4,Togblekope,"MULTIPOLYGON (((1.2083333333333328 6.259423841538044, 1.208295356826323 6.259418121824834, 1.2082631343355266 6.259416977882184, 1.2083333333333328 6.259423841538044)))",TGRMRRRN1 LOME-AMAKPAPE
_mview_route_passages_pietons.fid-7b1c8a4a_1943c1e8149_3b02,Maritime,Agoè-Nyivé,Agoè-Nyivé 4,Togblekope,"MULTIPOLYGON (((1.2115049999999996 6.277638333333334, 1.211479544123156 6.2776420128160035, 1.2114601491693715 6.2776480373959185, 1.2114407542155845 6.2776528570598, 1.2115049999999996 6.277638333333334)))",TGRMRRRN1 LOME-AMAKPAPE
_mview_route_passages_pietons.fid-7b1c8a4a_1943c1e8149_3b03,Maritime,Agoè-Nyivé,Agoè-Nyivé 4,Togblekope,"MULTIPOLYGON (((1.2088433333333337 6.254033333333332, 1.20882 6.2540266666666655, 1.208795 6.254024999999999, 1.20877 6.254028333333336, 1.2087516666666667 6.254024999999998, 1.2088433333333337 6.254033333333332)))",TGRMRRRN1 LOME-AMAKPAPE
_mview_route_passages_pietons.fid-7b1c8a4a_1943c1e8149_3b04,Maritime,Agoè-Nyivé,Agoè-Nyivé 4,Togblekope,"MULTIPOLYGON (((1.2084684136576058 6.257791955330434, 1.2084546040186932 6.257790811384224, 1.2084396435765374 6.257787379545577, 1.2084154767084394 6.257783947706913, 1.2083970638565582 6.25778623559936, 1.2084684136576058 6.257791955330434)))",TGRMRRRN1 LOME-AMAKPAPE
_mview_route_passages_pietons.fid-7b1c8a4a_1943c1e8149_3b05,Maritime,Agoè-Nyivé,Agoè-Nyivé 4,Togblekope,"MULTIPOLYGON (((1.2082597710856797 6.260414792584091, 1.2082609359919032 6.260439255614788, 1.2081777616875344 6.260429936364998, 1.208183769275345 6.260416629637387, 1.2082597710856797 6.260414792584091)))",TGRMRRRN1 LOME-AMAKPAPE
_mview_route_passages_pietons.fid-7b1c8a4a_1943c1e8149_3b06,Maritime,Agoè-Nyivé,Agoè-Nyivé 4,Togblekope,"MULTIPOLYGON (((1.2082417594771486 6.261359213615938, 1.208222076688494 6.261361765621443, 1.2082032496732584 6.261364317626939, 1.208172441830145 6.261364317626941, 1.2082417594771486 6.261359213615938)))",TGRMRRRN1 LOME-AMAKPAPE
_mview_route_passages_pietons.fid-7b1c8a4a_1943c1e8149_3b07,Maritime,Agoè-Nyivé,Agoè-Nyivé 4,Togblekope,"MULTIPOLYGON (((1.2082595448205498 6.261810909309874, 1.208235301128318 6.261810909309874, 1.208214693989921 6.261808499404733, 1.2081880259284652 6.261812114262439, 1.2082595448205498 6.261810909309874)))",TGRMRRRN1 LOME-AMAKPAPE
_mview_route_passages_pietons.fid-7b1c8a4a_1943c1e8149_3b08,Maritime,Agoè-Nyivé,Agoè-Nyivé 4,Togblekope,"MULTIPOLYGON (((1.2084166666666658 6.2633399999999995, 1.2083839376821544 6.263342474634538, 1.2083669670975903 6.263342474634538, 1.2083499965130278 6.2633448845325965, 1.2084166666666658 6.2633399999999995)))",TGRMRRRN1 LOME-AMAKPAPE
_mview_route_passages_pietons.fid-7b1c8a4a_1943c1e8149_3b09,Maritime,Agoè-Nyivé,Agoè-Nyivé 4,Togblekope,"MULTIPOLYGON (((1.2084842720950273 6.263573061481857, 1.2084723760480052 6.263549726928083, 1.2083808679939896 6.263561622975105, 1.2083880252310715 6.263580965767361, 1.2084842720950273 6.263573061481857)))",TGRMRRRN1 LOME-AMAKPAPE
_mview_route_passages_pietons.fid-7b1c8a4a_1943c1e8149_3b0a,Maritime,Agoè-Nyivé,Agoè-Nyivé 4,Togblekope,"MULTIPOLYGON (((1.2095365140103258 6.267982610415139, 1.2094880266258599 6.267994659798186, 1.2094686316720749 6.267998274613042, 1.2095365140103258 6.267982610415139)))",TGRMRRRN1 LOME-AMAKPAPE
_mview_route_passages_pietons.fid-7b1c8a4a_1943c1e8149_3b0b,Maritime,Agoè-Nyivé,Agoè-Nyivé 4,Togblekope,"MULTIPOLYGON (((1.2101709075693214 6.271082689778876, 1.2101551491693703 6.271086304572334, 1.210128481107915 6.2710923292280345, 1.210100600861849 6.271099558814785, 1.2101709075693214 6.271082689778876)))",TGRMRRRN1 LOME-AMAKPAPE
_mview_route_passages_pietons.fid-7b1c8a4a_1943c1e8149_3b0c,Maritime,Agoè-Nyivé,Agoè-Nyivé 4,Togblekope,"MULTIPOLYGON (((1.2105862121846118 6.272978635486584, 1.2105522710154875 6.272984660120418, 1.2105304516924793 6.272989479827434, 1.210517117661751 6.272993094607668, 1.2105862121846118 6.272978635486584)))",TGRMRRRN1 LOME-AMAKPAPE
_mview_route_passages_pietons.fid-7b1c8a4a_1943c1e8149_3b0d,Maritime,Agoè-Nyivé,Agoè-Nyivé 4,Togblekope,"MULTIPOLYGON (((1.2107522738050642 6.273778960951433, 1.2107268179282218 6.273787395425831, 1.2106965133129304 6.273792215125425, 1.210686815836038 6.273794624975203, 1.2107522738050642 6.273778960951433)))",TGRMRRRN1 LOME-AMAKPAPE
_mview_route_passages_pietons.fid-7b1c8a4a_1943c1e8149_3b0e,Maritime,Agoè-Nyivé,Agoè-Nyivé 4,Togblekope,"MULTIPOLYGON (((1.2112471232409048 6.2762071139281, 1.211222879548672 6.2762155483631945, 1.2111816652718779 6.276221572959604, 1.2112471232409048 6.2762071139281)))",TGRMRRRN1 LOME-AMAKPAPE
_mview_route_passages_pietons.fid-7b1c8a4a_1943c1e8149_3b0f,Maritime,Agoè-Nyivé,Agoè-Nyivé 4,Togblekope,"MULTIPOLYGON (((1.212040000697394 6.282553058921908, 1.21202181792822 6.282555468731152, 1.211992725497542 6.282557878540384, 1.2119709061745325 6.282562698158813, 1.212040000697394 6.282553058921908)))",TGRMRRRN1 LOME-AMAKPAPE
_mview_route_passages_pietons.fid-7b1c8a4a_1943c1e8149_3b10,Maritime,Agoè-Nyivé,Agoè-Nyivé 4,Togblekope,"MULTIPOLYGON (((1.2116270473409443 6.278247016153884, 1.211606197019409 6.278254987412547, 1.211572515730772 6.278256581664266, 1.2116270473409443 6.278247016153884)))",TGRMRRRN1 LOME-AMAKPAPE
_mview_route_passages_pietons.fid-7b1c8a4a_1943c1e8149_3b11,Maritime,Agoè-Nyivé,Agoè-Nyivé 4,Togblekope,"MULTIPOLYGON (((1.2096525733323935 6.2685283942613115, 1.2096525733323933 6.268539353986863, 1.2095864194496828 6.268550313712182, 1.2095850412437943 6.268540723952544, 1.2096525733323935 6.2685283942613115)))",TGRMRRRN1 LOME-AMAKPAPE
_mview_route_passages_pietons.fid-7b1c8a4a_1943c1e8149_3b12,Maritime,Agoè-Nyivé,Agoè-Nyivé 4,Togblekope,"MULTIPOLYGON (((1.2100579726811749 6.270824514576136, 1.210111545650415 6.270806763767063, 1.2101174982025535 6.270780137552318, 1.2100460675769003 6.270812680703486, 1.2100579726811749 6.270824514576136)))",TGRMRRRN1 LOME-AMAKPAPE
_mview_route_passages_pietons.fid-7b1c8a4a_1943c1e8149_3b13,Maritime,Agoè-Nyivé,Agoè-Nyivé 4,Togblekope,"MULTIPOLYGON (((1.2113005283316998 6.276765141217878, 1.2113508090102167 6.276766510512801, 1.21135356411589 6.276758294743222, 1.2113046609902076 6.276759664038163, 1.2113005283316998 6.276765141217878)))",TGRMRRRN1 LOME-AMAKPAPE
_mview_route_passages_pietons.fid-7b1c8a4a_1943c1e8149_3b14,Maritime,Agoè-Nyivé,Agoè-Nyivé 4,Togblekope,"MULTIPOLYGON (((1.2113448142298144 6.277072929986357, 1.211340035980345 6.277046807170063, 1.211414098847124 6.277030183559012, 1.2114164879718583 6.277046807170063, 1.2113448142298144 6.277072929986357)))",TGRMRRRN1 LOME-AMAKPAPE
_mview_route_passages_pietons.fid-7b1c8a4a_1943c1e8149_3b15,Maritime,Agoè-Nyivé,Agoè-Nyivé 5,Sanguera,"MULTIPOLYGON (((1.1156449999999998 6.256378333333334, 1.1156691908418541 6.256531711355689, 1.1156633333333346 6.256531666666666, 1.1156399032992566 6.256382818604237, 1.1156449999999998 6.256378333333334)))",TGRMRRVR LOME GRD CONTOURNEMENT CHAUSSEE NORD
_mview_route_passages_pietons.fid-7b1c8a4a_1943c1e8149_3b16,Maritime,Agoè-Nyivé,Agoè-Nyivé 5,Sanguera,"MULTIPOLYGON (((1.1093149999999998 6.2571916666666665, 1.10929 6.257201666666666, 1.1093366666666669 6.25736, 1.1093366666666669 6.25736, 1.1093366666666669 6.25736, 1.1093149999999998 6.2571916666666665)))",TGRMRRVR LOME GRD CONTOURNEMENT CHAUSSEE NORD
_mview_route_passages_pietons.fid-7b1c8a4a_1943c1e8149_3b17,Maritime,Agoè-Nyivé,Agoè-Nyivé 5,Sanguera,"MULTIPOLYGON (((1.102609999999999 6.258175, 1.1025783333333334 6.258181666666667, 1.1025849999999995 6.258370000000001, 1.1026068832127895 6.258367161314767, 1.102609999999999 6.258175)))",TGRMRRVR LOME GRD CONTOURNEMENT CHAUSSEE NORD
_mview_route_passages_pietons.fid-7b1c8a4a_1943c1e8149_3b18,Maritime,Agoè-Nyivé,Agoè-Nyivé 6,Adétikopé,"MULTIPOLYGON (((1.2144766666666664 6.299748333333334, 1.214471158225049 6.299731966628762, 1.2143874299124637 6.299737441807452, 1.2143841248474931 6.299753867343182, 1.2144766666666664 6.299748333333334)))",TGRMRRRN1 LOME-AMAKPAPE
_mview_route_passages_pietons.fid-7b1c8a4a_1943c1e8149_3b19,Maritime,Agoè-Nyivé,Agoè-Nyivé 6,Adétikopé,"MULTIPOLYGON (((1.21443370082205 6.299576471529798, 1.2144325991337264 6.299563331096765, 1.214370904587611 6.299564426132867, 1.214370904587611 6.299573186421571, 1.21443370082205 6.299576471529798)))",TGRMRRRN1 LOME-AMAKPAPE
_mview_route_passages_pietons.fid-7b1c8a4a_1943c1e8149_3b1a,Maritime,Agoè-Nyivé,Agoè-Nyivé 6,Adétikopé,"MULTIPOLYGON (((1.2177194967979776 6.319185737439586, 1.2177183951655175 6.319205446343205, 1.2176456874232136 6.319206541282275, 1.217645687423215 6.3191934020133065, 1.2177194967979776 6.319185737439586)))",TGRMRRRN1 LOME-AMAKPAPE
_mview_route_passages_pietons.fid-7b1c8a4a_1943c1e8149_3b1b,Maritime,Agoè-Nyivé,Agoè-Nyivé 6,Adétikopé,"MULTIPOLYGON (((1.2177944053020653 6.319652788952175, 1.2177967993724628 6.319668255846556, 1.2177297654013388 6.319677773935174, 1.2177261742957428 6.319667066085467, 1.2177944053020653 6.319652788952175)))",TGRMRRRN1 LOME-AMAKPAPE
_mview_route_passages_pietons.fid-7b1c8a4a_1943c1e8149_3b1c,Maritime,Agoè-Nyivé,Agoè-Nyivé 6,Adétikopé,"MULTIPOLYGON (((1.218475 6.323468333333331, 1.2184713992169598 6.323485381061396, 1.218379579249413 6.323505064876207, 1.2183795792494136 6.3234898546557385, 1.218475 6.323468333333331)))",TGRMRRRN1 LOME-AMAKPAPE
_mview_route_passages_pietons.fid-7b1c8a4a_1943c1e8149_3b1d,Maritime,Agoè-Nyivé,Agoè-Nyivé 6,Adétikopé,"MULTIPOLYGON (((1.2185050000000006 6.323895000000001, 1.2185114155983088 6.3239036647329865, 1.2184504419847064 6.323916558901872, 1.2184426581191385 6.32390624356679, 1.2185050000000006 6.323895000000001)))",TGRMRRRN1 LOME-AMAKPAPE
_mview_route_passages_pietons.fid-7b1c8a4a_1943c1e8149_3b1e,Maritime,Agoè-Nyivé,Agoè-Nyivé 6,Adétikopé,"MULTIPOLYGON (((1.2187000000000001 6.328123333333331, 1.2186969041147535 6.32813875681123, 1.2186969041147535 6.32813875681123, 1.218651977733277 6.328128608483287, 1.2186499356250289 6.328119474987973, 1.2187000000000001 6.328123333333331)))",TGRMRRRN1 LOME-AMAKPAPE
_mview_route_passages_pietons.fid-7b1c8a4a_1943c1e8149_3b1f,Maritime,Agoè-Nyivé,Agoè-Nyivé 6,Adétikopé,"MULTIPOLYGON (((1.21404 6.344978333333334, 1.2140356890262574 6.344993281743181, 1.2139669370422943 6.344990653633866, 1.213959004121068 6.344972256868266, 1.21404 6.344978333333334)))",TGRMRRRN1 LOME-AMAKPAPE
_mview_route_passages_pietons.fid-7b1c8a4a_1943c1e8149_3b20,Maritime,Agoè-Nyivé,Agoè-Nyivé 6,Adétikopé,"MULTIPOLYGON (((1.2102999999999997 6.3581666666666665, 1.2102982657504642 6.358173671519719, 1.2102630232710443 6.358165555807772, 1.2102617339120407 6.358159575809419, 1.2102617339120407 6.358159575809419, 1.2102999999999997 6.3581666666666665)))",TGRMRRRN1 LOME-AMAKPAPE
_mview_route_passages_pietons.fid-7b1c8a4a_1943c1e8149_3b21,Maritime,Agoè-Nyivé,Agoè-Nyivé 6,Adétikopé,"MULTIPOLYGON (((1.2102483333333336 6.358433333333336, 1.2102467293693384 6.358438158446887, 1.2101897886475355 6.358426999766115, 1.210185778737549 6.358420623376992, 1.2102483333333336 6.358433333333336)))",TGRMRRRN1 LOME-AMAKPAPE
_mview_route_passages_pietons.fid-7b1c8a4a_1943c1e8149_3b22,Plateaux,Amou,Amou 2,Sodo,"MULTIPOLYGON (((0.8134566666666682 7.310025000000004, 0.8133616666666682 7.310081666666667, 0.8133733333333334 7.310088333333339, 0.8134634431158576 7.3100349268082585, 0.8134566666666682 7.310025000000004)))",TGRPRRRN5 ATAKPAME-KPALIME-AMOUSSOUKOPE
_mview_route_passages_pietons.fid-7b1c8a4a_1943c1e8149_3b23,Plateaux,Amou,Amou 2,Sodo,"MULTIPOLYGON (((0.8141350000000003 7.3105433333333325, 0.8141083333333325 7.310603333333335, 0.8141349999999998 7.310648333333333, 0.8141666666666675 7.310563333333327, 0.8141350000000003 7.3105433333333325)))",TGRPRRRN5 ATAKPAME-KPALIME-AMOUSSOUKOPE
_mview_route_passages_pietons.fid-7b1c8a4a_1943c1e8149_3b24,Plateaux,Amou,Amou 2,Sodo,"MULTIPOLYGON (((0.8171233333333328 7.311485, 0.8171116666666683 7.3114366666666655, 0.8171366666666678 7.311443333333334, 0.8171465301901591 7.311483270941079, 0.8171233333333328 7.311485)))",TGRPRRRN5 ATAKPAME-KPALIME-AMOUSSOUKOPE
_mview_route_passages_pietons.fid-7b1c8a4a_1943c1e8149_3b25,Plateaux,Amou,Amou 2,Sodo,"MULTIPOLYGON (((0.8184866666666676 7.311338333333333, 0.8185016666666668 7.311401666666664, 0.818537552951472 7.3114141375044115, 0.8185216666666673 7.311349999999998, 0.8184866666666676 7.311338333333333)))",TGRPRRRN5 ATAKPAME-KPALIME-AMOUSSOUKOPE
_mview_route_passages_pietons.fid-7b1c8a4a_1943c1e8149_3b26,Plateaux,Amou,Amou 2,Sodo,"MULTIPOLYGON (((0.8204966666666689 7.310948333333333, 0.8204850000000001 7.31087, 0.8205100000000004 7.310863333333332, 0.8205250000000012 7.310941666666665, 0.8204966666666689 7.310948333333333)))",TGRPRRRN5 ATAKPAME-KPALIME-AMOUSSOUKOPE
_mview_route_passages_pietons.fid-7b1c8a4a_1943c1e8149_3b27,Plateaux,Amou,Amou 2,Sodo,"MULTIPOLYGON (((0.8220383333333335 7.310483333333334, 0.8220333333333348 7.3105433333333325, 0.8220016666666681 7.310545000000002, 0.8220016666666673 7.310481666666662, 0.8220383333333335 7.310483333333334)))",TGRPRRRN5 ATAKPAME-KPALIME-AMOUSSOUKOPE
_mview_route_passages_pietons.fid-7b1c8a4a_1943c1e8149_3b28,Plateaux,Amou,Amou 2,Sodo,"MULTIPOLYGON (((0.8230933333333337 7.310244999999999, 0.8231266666666676 7.310325000000001, 0.8231133333333337 7.3103283333333335, 0.8230804178388685 7.310250368151444, 0.8230933333333337 7.310244999999999)))",TGRPRRRN5 ATAKPAME-KPALIME-AMOUSSOUKOPE
_mview_route_passages_pietons.fid-7b1c8a4a_1943c1e8149_3b29,Plateaux,Amou,Amou 2,Sodo,"MULTIPOLYGON (((0.8405766666666663 7.331394999999996, 0.8405200000000005 7.331433333333329, 0.8405050000000001 7.33141, 0.8405630123851594 7.331372191084943, 0.8405766666666663 7.331394999999996)))",TGRPRRRN5 ATAKPAME-KPALIME-AMOUSSOUKOPE
_mview_route_passages_pietons.fid-7b1c8a4a_1943c1e8149_3b2a,Plateaux,Amou,Amou 2,Amou-Oblo,"MULTIPOLYGON (((0.849081666666666 7.346571666666667, 0.8490050000000001 7.346608333333337, 0.8490050000000001 7.346608333333337, 0.8490050000000001 7.346608333333337, 0.8490050000000001 7.346608333333337, 0.848999382274277 7.346594611614584, 0.8490749562001872 7.3465600154735435, 0.849081666666666 7.346571666666667)))",TGRPRRRN5 ATAKPAME-KPALIME-AMOUSSOUKOPE
_mview_route_passages_pietons.fid-7b1c8a4a_1943c1e8149_3b2b,Plateaux,Amou,Amou 2,Amou-Oblo,"MULTIPOLYGON (((0.8501116666666666 7.349016666666668, 0.8500383333333333 7.349095000000002, 0.8500383333333333 7.349095000000002, 0.8500383333333333 7.349095000000002, 0.8500215094587262 7.349074235043492, 0.8500930109258156 7.348999844755674, 0.8501116666666666 7.349016666666668)))",TGRPRRRN5 ATAKPAME-KPALIME-AMOUSSOUKOPE
_mview_route_passages_pietons.fid-7b1c8a4a_1943c1e8149_3b2c,Plateaux,Amou,Amou 2,Amou-Oblo,"MULTIPOLYGON (((0.8645466666666672 7.38178, 0.8644466666666663 7.381814999999997, 0.864426505625894 7.381776323331484, 0.8645276290217 7.3817426443368594, 0.8645466666666672 7.38178)))",TGRPRRRN5 ATAKPAME-KPALIME-AMOUSSOUKOPE
_mview_route_passages_pietons.fid-7b1c8a4a_1943c1e8149_3b2d,Plateaux,Amou,Amou 2,Amou-Oblo,"MULTIPOLYGON (((0.8661383333333336 7.38545, 0.8661266666666656 7.385434999999999, 0.8662050000000003 7.385398333333332, 0.8662158999052774 7.38540971817336, 0.8661383333333336 7.38545)))",TGRPRRRN5 ATAKPAME-KPALIME-AMOUSSOUKOPE
_mview_route_passages_pietons.fid-7b1c8a4a_1943c1e8149_3b2e,Plateaux,Amou,Amou 2,Amou-Oblo,"MULTIPOLYGON (((0.8689450000000002 7.39075, 0.8689066666666673 7.390718333333333, 0.8689816666666684 7.390693333333326, 0.8690216207438901 7.390721404856786, 0.8689450000000002 7.39075)))",TGRPRRRN5 ATAKPAME-KPALIME-AMOUSSOUKOPE
_mview_route_passages_pietons.fid-7b1c8a4a_1943c1e8149_3b2f,Plateaux,Amou,Amou 2,Amou-Oblo,"MULTIPOLYGON (((0.8504566666666659 7.3501533333333375, 0.8504566666666659 7.3501533333333375, 0.8504434465659688 7.350121045150126, 0.8504985907904047 7.350091503971374, 0.8505126787309558 7.350124238790958, 0.8504571319939334 7.350153779967518, 0.8504434465659696 7.35012144435523, 0.8504566666666659 7.3501533333333375)))",TGRPRRRN5 ATAKPAME-KPALIME-AMOUSSOUKOPE
_mview_route_passages_pietons.fid-7b1c8a4a_1943c1e8149_3b30,Plateaux,Amou,Amou 1,Amlamé (Ouma),"MULTIPOLYGON (((0.9391883333333338 7.487833333333331, 0.9391883333333338 7.487833333333331, 0.9391834173525926 7.487773708484087, 0.9391969633694379 7.487774929439158, 0.9392006577376687 7.48783231432356, 0.9391883333333338 7.487833333333331)))",TGRPRRRN5 ATAKPAME-KPALIME-AMOUSSOUKOPE
_mview_route_passages_pietons.fid-7b1c8a4a_1943c1e8149_3b31,Plateaux,Amou,Amou 1,Amlamé (Ouma),"MULTIPOLYGON (((0.9379116666666678 7.487974999999995, 0.9379150741526047 7.488041591640372, 0.9379275682677084 7.488041591640372, 0.9379252966104169 7.487976275376703, 0.9379116666666678 7.487974999999995)))",TGRPRRRN5 ATAKPAME-KPALIME-AMOUSSOUKOPE
_mview_route_passages_pietons.fid-7b1c8a4a_1943c1e8149_3b32,Plateaux,Amou,Amou 1,Amlamé (Ouma),"MULTIPOLYGON (((0.9345620964133072 7.486622340753301, 0.9345945466641858 7.486562431245124, 0.9345822379483364 7.4865557746325875, 0.9345497876974599 7.48661457470641, 0.9345620964133072 7.486622340753301)))",TGRPRRRN5 ATAKPAME-KPALIME-AMOUSSOUKOPE
_mview_route_passages_pietons.fid-7b1c8a4a_1943c1e8149_3b33,Plateaux,Amou,Amou 1,Amlamé (Ouma),"MULTIPOLYGON (((0.9331771276566364 7.485941508085221, 0.9331449746724002 7.486001401846787, 0.9331381543424078 7.485997537733386, 0.9331712816595017 7.485937643971284, 0.9331712816595017 7.485937643971284, 0.9331771276566364 7.485941508085221)))",TGRPRRRN5 ATAKPAME-KPALIME-AMOUSSOUKOPE
_mview_route_passages_pietons.fid-7b1c8a4a_1943c1e8149_3b34,Plateaux,Amou,Amou 1,Amlamé (Ouma),"MULTIPOLYGON (((0.9211530252155875 7.479457166270877, 0.9210939046463399 7.47948484677859, 0.9210906201702704 7.4794767054529725, 0.9211497407395184 7.479449839077367, 0.9211530252155875 7.479457166270877)))",TGRPRRRN5 ATAKPAME-KPALIME-AMOUSSOUKOPE
_mview_route_passages_pietons.fid-7b1c8a4a_1943c1e8149_3b35,Plateaux,Amou,Amou 1,Amlamé (Ouma),"MULTIPOLYGON (((0.9207743987386708 7.478772435092375, 0.9207169204074571 7.478800115643516, 0.9207128148123691 7.478792788438975, 0.9207702931435844 7.478766736155166, 0.9207743987386708 7.478772435092375)))",TGRPRRRN5 ATAKPAME-KPALIME-AMOUSSOUKOPE
_mview_route_passages_pietons.fid-7b1c8a4a_1943c1e8149_3b36,Plateaux,Amou,Amou 1,Amlamé (Ouma),"MULTIPOLYGON (((0.9065917530147476 7.467308229570609, 0.9066405530007473 7.467263820387991, 0.9066358735500352 7.467257854975062, 0.9065877420569945 7.467302926981875, 0.9065917530147476 7.467308229570609)))",TGRPRRRN5 ATAKPAME-KPALIME-AMOUSSOUKOPE
_mview_route_passages_pietons.fid-7b1c8a4a_1943c1e8149_3b37,Plateaux,Amou,Amou 1,Amlamé (Ouma),"MULTIPOLYGON (((0.9041281319096911 7.463358358304113, 0.9041950485518261 7.4633279480086685, 0.9041894721649808 7.463318732767209, 0.9041244143184622 7.4633482215391975, 0.9041281319096911 7.463358358304113)))",TGRPRRRN5 ATAKPAME-KPALIME-AMOUSSOUKOPE
_mview_route_passages_pietons.fid-7b1c8a4a_1943c1e8149_3b38,Plateaux,Amou,Amou 1,Amlamé (Ouma),"MULTIPOLYGON (((0.903477175912298 7.461907573514385, 0.9035394455653947 7.461881770754018, 0.903534798576358 7.461873477009293, 0.9034737133810423 7.461899355544763, 0.903477175912298 7.461907573514385)))",TGRPRRRN5 ATAKPAME-KPALIME-AMOUSSOUKOPE
_mview_route_passages_pietons.fid-7b1c8a4a_1943c1e8149_3b39,Plateaux,Amou,Amou 1,Amlamé (Ouma),"MULTIPOLYGON (((0.9027432654268249 7.460295831821605, 0.9027995750914538 7.4602719033891765, 0.9027942122662516 7.460262154768179, 0.9027387964058231 7.460285196962908, 0.9027432654268249 7.460295831821605)))",TGRPRRRN5 ATAKPAME-KPALIME-AMOUSSOUKOPE
_mview_route_passages_pietons.fid-7b1c8a4a_1943c1e8149_3b3a,Plateaux,Amou,Amou 1,Amlamé (Ouma),"MULTIPOLYGON (((0.9021070692768957 7.458896999019929, 0.9021559643956053 7.458871892590221, 0.9021524718871248 7.458865832417314, 0.902103576768418 7.458890938847373, 0.9021070692768957 7.458896999019929)))",TGRPRRRN5 ATAKPAME-KPALIME-AMOUSSOUKOPE
_mview_route_passages_pietons.fid-7b1c8a4a_1943c1e8149_3b3b,Plateaux,Amou,Amou 1,Amlamé (Ouma),"MULTIPOLYGON (((0.9016285767684163 7.4578587952783355, 0.9016792181413645 7.457831091565961, 0.901674852505765 7.457824165637591, 0.9016242111328175 7.457851003609413, 0.9016285767684163 7.4578587952783355)))",TGRPRRRN5 ATAKPAME-KPALIME-AMOUSSOUKOPE
_mview_route_passages_pietons.fid-7b1c8a4a_1943c1e8149_3b3c,Plateaux,Amou,Amou 1,Amlamé (Ouma),"MULTIPOLYGON (((0.9002527855650531 7.4548811979502565, 0.9003034269379994 7.4548569570371495, 0.9002990613024009 7.454850031061729, 0.900249293056573 7.454873406228335, 0.9002527855650531 7.4548811979502565)))",TGRPRRRN5 ATAKPAME-KPALIME-AMOUSSOUKOPE
_mview_route_passages_pietons.fid-7b1c8a4a_1943c1e8149_3b3d,Plateaux,Amou,Amou 1,Amlamé (Ouma),"MULTIPOLYGON (((0.8993442907203913 7.4529175174752815, 0.8993949320933383 7.452891544951871, 0.8993905664577387 7.452885484696182, 0.8993416713390308 7.452910591469189, 0.8993442907203913 7.4529175174752815)))",TGRPRRRN5 ATAKPAME-KPALIME-AMOUSSOUKOPE
_mview_route_passages_pietons.fid-7b1c8a4a_1943c1e8149_3b3e,Plateaux,Amou,Amou 1,Amlamé (Ouma),"MULTIPOLYGON (((0.8983473080396146 7.450744985041263, 0.8984031881752823 7.45072160965432, 0.8983996956668027 7.450713817858402, 0.8983438155311353 7.450738059000815, 0.8983473080396146 7.450744985041263)))",TGRPRRRN5 ATAKPAME-KPALIME-AMOUSSOUKOPE
_mview_route_passages_pietons.fid-7b1c8a4a_1943c1e8149_3b3f,Plateaux,Amou,Amou 1,Amlamé (Ouma),"MULTIPOLYGON (((0.8944429330592844 7.4424584905591, 0.8944944475593538 7.44243338318736, 0.8944909550508753 7.442428188558544, 0.8944403136779282 7.44245156438773, 0.8944429330592844 7.4424584905591)))",TGRPRRRN5 ATAKPAME-KPALIME-AMOUSSOUKOPE
_mview_route_passages_pietons.fid-7b1c8a4a_1943c1e8149_3b40,Plateaux,Amou,Amou 1,Amlamé (Ouma),"MULTIPOLYGON (((0.8829626726394028 7.418777462003224, 0.8830127108922418 7.418752075344196, 0.8830080561710479 7.418743997770557, 0.8829580179182074 7.418769384430053, 0.8829626726394028 7.418777462003224)))",TGRPRRRN5 ATAKPAME-KPALIME-AMOUSSOUKOPE
_mview_route_passages_pietons.fid-7b1c8a4a_1943c1e8149_3b41,Plateaux,Amou,Amou 1,Amlamé (Ouma),"MULTIPOLYGON (((0.881626471630593 7.416100458712897, 0.8816803884612308 7.416075864438402, 0.8816760751147797 7.416068379224155, 0.8816221582841414 7.416092973499069, 0.881626471630593 7.416100458712897)))",TGRPRRRN5 ATAKPAME-KPALIME-AMOUSSOUKOPE
_mview_route_passages_pietons.fid-7b1c8a4a_1943c1e8149_3b42,Plateaux,Amou,Amou 3,Hihéatro,"MULTIPOLYGON (((1.0982761004901944 7.530441341094775, 1.0981796102941186 7.5305107463235315, 1.0981566666666684 7.5304616666666675, 1.0981566666666684 7.5304616666666675, 1.0981566666666684 7.5304616666666675, 1.0981566666666684 7.5304616666666675, 1.0982202377450978 7.530402406454253, 1.0982761004901944 7.530441341094775)))",TGRPRRRN5 ATAKPAME-KPALIME-AMOUSSOUKOPE
_mview_route_passages_pietons.fid-7b1c8a4a_1943c1e8149_3b43,Plateaux,Amou,Amou 3,Hihéatro,"MULTIPOLYGON (((1.09985 7.531794999999999, 1.0998079624183008 7.531798928513074, 1.0997913088235296 7.531809039624185, 1.0997716813725493 7.531848294526145, 1.0998192630718955 7.531837588643792, 1.09985 7.531794999999999)))",TGRPRRRN5 ATAKPAME-KPALIME-AMOUSSOUKOPE
_mview_route_passages_pietons.fid-7b1c8a4a_1943c1e8149_3b44,Plateaux,Amou,Amou 3,Hihéatro,"MULTIPOLYGON (((1.1001716666666685 7.532161666666669, 1.1001818193052766 7.532166827989315, 1.1002040397461605 7.532135264863059, 1.1002315627922554 7.532105721776883, 1.1002199999999995 7.532101666666662, 1.1002199999999995 7.532101666666662, 1.1002199999999995 7.532101666666662, 1.1002199999999995 7.532101666666662, 1.1001716666666685 7.532161666666669)))",TGRPRRRN5 ATAKPAME-KPALIME-AMOUSSOUKOPE
_mview_route_passages_pietons.fid-7b1c8a4a_1943c1e8149_3b45,Plateaux,Amou,Amou 3,Hihéatro,"MULTIPOLYGON (((1.1051483333333338 7.535235000000001, 1.1051966666666668 7.535145, 1.1052033333333333 7.535141666666668, 1.1052050000000007 7.535141666666664, 1.1052050000000007 7.535141666666664, 1.1051483333333338 7.535235000000001)))",TGRPRRRN5 ATAKPAME-KPALIME-AMOUSSOUKOPE
_mview_route_passages_pietons.fid-7b1c8a4a_1943c1e8149_3b46,Plateaux,Amou,Amou 3,Hihéatro,"MULTIPOLYGON (((1.0950916666666666 7.52776, 1.0950805444387157 7.527778364425326, 1.0950706850079455 7.5277975643694575, 1.095062382329402 7.527794191406299, 1.0950571931553124 7.527792375195368, 1.0950810633561248 7.527756829352853, 1.0950916666666666 7.52776)))",TGRPRRRN5 ATAKPAME-KPALIME-AMOUSSOUKOPE
_mview_route_passages_pietons.fid-7b1c8a4a_1943c1e8149_3b47,Plateaux,Amou,Amou 3,Hihéatro,"MULTIPOLYGON (((1.096365 7.528510000000002, 1.0963819407826942 7.528518394700663, 1.0963686036197975 7.528543163717472, 1.0963404050468162 7.528572886537641, 1.0963310525655148 7.5285552737706505, 1.0963310525655148 7.5285552737706505, 1.096365 7.528510000000002)))",TGRPRRRN5 ATAKPAME-KPALIME-AMOUSSOUKOPE
_mview_route_passages_pietons.fid-7b1c8a4a_1943c1e8149_3b48,Plateaux,Amou,Amou 3,Témédja,"MULTIPOLYGON (((1.075146895424838 7.523158774509803, 1.075097483660132 7.523147794117647, 1.075071666666667 7.523204999999999, 1.075071862745099 7.523253937908497, 1.0751176143790862 7.523261258169935, 1.075146895424838 7.523158774509803)))",TGRPRRRN5 ATAKPAME-KPALIME-AMOUSSOUKOPE
_mview_route_passages_pietons.fid-7b1c8a4a_1943c1e8149_3b49,Plateaux,Amou,Amou 3,Témédja,"MULTIPOLYGON (((1.0713300000000001 7.522468333333332, 1.0713436383398196 7.522471398698229, 1.0713290116519352 7.522543313246994, 1.0713164438426288 7.522540741242601, 1.0713164438426288 7.522540741242601, 1.0713300000000001 7.522468333333332)))",TGRPRRRN5 ATAKPAME-KPALIME-AMOUSSOUKOPE
_mview_route_passages_pietons.fid-7b1c8a4a_1943c1e8149_3b4a,Plateaux,Amou,Amou 3,Témédja,"MULTIPOLYGON (((1.0730750000000007 7.522773333333333, 1.0730843828811854 7.522772391847118, 1.0730666370141728 7.522871537234559, 1.0730559593500386 7.522865001942437, 1.0730559593500386 7.522865001942437, 1.0730750000000007 7.522773333333333)))",TGRPRRRN5 ATAKPAME-KPALIME-AMOUSSOUKOPE
_mview_route_passages_pietons.fid-7b1c8a4a_1943c1e8149_3b4b,Plateaux,Amou,Amou 3,Témédja,"MULTIPOLYGON (((1.082105 7.524466666666666, 1.0821109187715203 7.524470634841874, 1.0820865124762722 7.5245211423139855, 1.0820809060528143 7.524520364820673, 1.0820809060528143 7.524520364820673, 1.082105 7.524466666666666)))",TGRPRRRN5 ATAKPAME-KPALIME-AMOUSSOUKOPE
_mview_route_passages_pietons.fid-7b1c8a4a_1943c1e8149_3b4c,Plateaux,Amou,Amou 3,Témédja,"MULTIPOLYGON (((1.0835683333333344 7.525503333333337, 1.083578915060458 7.525516107743197, 1.0834889892890656 7.5255913647717385, 1.0834775679019117 7.525579106653034, 1.0834775679019117 7.525579106653034, 1.0835683333333344 7.525503333333337)))",TGRPRRRN5 ATAKPAME-KPALIME-AMOUSSOUKOPE
_mview_route_passages_pietons.fid-7b1c8a4a_1943c1e8149_3b4d,Plateaux,Amou,Amou 3,Evou,"MULTIPOLYGON (((1.0264183333333334 7.544508333333334, 1.0264123590686274 7.544521988357841, 1.026340300245097 7.544515039828429, 1.0263433333333323 7.544499999999999, 1.0263433333333323 7.544499999999999, 1.0263433333333323 7.544499999999999, 1.0264183333333334 7.544508333333334)))",TGRPRRRN15 TEMEDJA(RN5)-BADOU-FRE GHANA
_mview_route_passages_pietons.fid-7b1c8a4a_1943c1e8149_3b4e,Plateaux,Amou,Amou 3,Evou,"MULTIPOLYGON (((1.026335 7.545239999999998, 1.026278333333335 7.545216666666665, 1.026278333333335 7.545216666666665, 1.0262749999999996 7.545218333333337, 1.026335 7.545239999999998)))",TGRPRRRN15 TEMEDJA(RN5)-BADOU-FRE GHANA
_mview_route_passages_pietons.fid-7b1c8a4a_1943c1e8149_3b4f,Plateaux,Amou,Amou 3,Evou,"MULTIPOLYGON (((1.025563333333334 7.546208333333333, 1.0255083333333337 7.546170000000002, 1.0255083333333337 7.546170000000002, 1.0255049999999997 7.546170000000002, 1.025563333333334 7.546208333333333)))",TGRPRRRN15 TEMEDJA(RN5)-BADOU-FRE GHANA
_mview_route_passages_pietons.fid-7b1c8a4a_1943c1e8149_3b50,Plateaux,Amou,Amou 1,Imlè-Adiva,"MULTIPOLYGON (((0.9962483333333338 7.5079616666666675, 0.9962658947724847 7.507883548425505, 0.9962360403259264 7.507880066248878, 0.9962184788867751 7.507951450864078, 0.9962483333333338 7.5079616666666675)))",TGRPRRRN5 ATAKPAME-KPALIME-AMOUSSOUKOPE
_mview_route_passages_pietons.fid-7b1c8a4a_1943c1e8149_3b51,Plateaux,Amou,Amou 1,Imlè-Adiva,"MULTIPOLYGON (((0.9940800507706837 7.507400443801068, 0.9941054765789384 7.507334684166327, 0.9941286914473474 7.507344548112172, 0.9941010546992419 7.507410307745423, 0.9940800507706837 7.507400443801068)))",TGRPRRRN5 ATAKPAME-KPALIME-AMOUSSOUKOPE
_mview_route_passages_pietons.fid-7b1c8a4a_1943c1e8149_3b52,Plateaux,Amou,Amou 1,Imlè-Adiva,"MULTIPOLYGON (((0.9913883333333331 7.506373438427816, 0.9913667356734117 7.506415470517905, 0.9913851336800119 7.506422608042236, 0.991403531686613 7.506381369011162, 0.9913883333333331 7.506373438427816)))",TGRPRRRN5 ATAKPAME-KPALIME-AMOUSSOUKOPE
_mview_route_passages_pietons.fid-7b1c8a4a_1943c1e8149_3b53,Plateaux,Amou,Amou 1,Imlè-Adiva,"MULTIPOLYGON (((0.9857545784717124 7.504328586461639, 0.9857258430565754 7.504384377996531, 0.985747394617928 7.50439150031961, 0.985773735415138 7.504338082893617, 0.9857545784717124 7.504328586461639)))",TGRPRRRN5 ATAKPAME-KPALIME-AMOUSSOUKOPE
_mview_route_passages_pietons.fid-7b1c8a4a_1943c1e8149_3b54,Plateaux,Amou,Amou 1,Imlè-Adiva,"MULTIPOLYGON (((0.9810836303166409 7.5026884295017195, 0.981106443929185 7.502694891872865, 0.9811227393667155 7.502635653467104, 0.9810999257541734 7.5026313452191, 0.9810836303166409 7.5026884295017195)))",TGRPRRRN5 ATAKPAME-KPALIME-AMOUSSOUKOPE
_mview_route_passages_pietons.fid-7b1c8a4a_1943c1e8149_3b55,Plateaux,Amou,Amou 1,Imlè-Adiva,"MULTIPOLYGON (((0.9790283333333332 7.501924999999996, 0.9790478878583708 7.501872366603107, 0.9790674423834077 7.501878828986373, 0.9790511469458777 7.501932682176532, 0.9790283333333332 7.501924999999996)))",TGRPRRRN5 ATAKPAME-KPALIME-AMOUSSOUKOPE
_mview_route_passages_pietons.fid-7b1c8a4a_1943c1e8149_3b56,Plateaux,Amou,Amou 1,Imlè-Adiva,"MULTIPOLYGON (((0.9569966666666662 7.492038333333334, 0.9569757131727713 7.492085809570369, 0.9569949903871554 7.492092457445978, 0.9570125913220269 7.4920459223146025, 0.9569966666666662 7.492038333333334)))",TGRPRRRN5 ATAKPAME-KPALIME-AMOUSSOUKOPE
_mview_route_passages_pietons.fid-7b1c8a4a_1943c1e8149_3b57,Plateaux,Amou,Amou 1,Imlè-Adiva,"MULTIPOLYGON (((0.9553750000000021 7.491483333333335, 0.9553503250300002 7.491534870565033, 0.9553737662515016 7.491539763434563, 0.9553959737245002 7.491493281171799, 0.9553750000000021 7.491483333333335)))",TGRPRRRN5 ATAKPAME-KPALIME-AMOUSSOUKOPE
_mview_route_passages_pietons.fid-7b1c8a4a_1943c1e8149_3b58,Maritime,Golfe,Golfe 2,Bè-Centre,"MULTIPOLYGON (((1.2406958874065848 6.167258168644854, 1.2407071645095515 6.167233609382418, 1.2407904002695511 6.1672672448937265, 1.2407807341812933 6.167290202463713, 1.2406958874065848 6.167258168644854)))",NUKAFU
_mview_route_passages_pietons.fid-7b1c8a4a_1943c1e8149_3b59,Kara,Bassar,Bassar 1,Bassar,"MULTIPOLYGON (((0.7798783333333336 9.274598333333333, 0.7799733333333339 9.27461, 0.7799733333333339 9.27461, 0.7799733333333331 9.274608333333333, 0.7799733333333331 9.274608333333333, 0.7799733333333331 9.274608333333333, 0.7798783333333336 9.274598333333333)))",TGRKVR BASSAR TRAVERSEE
_mview_route_passages_pietons.fid-7b1c8a4a_1943c1e8149_3b5a,Kara,Bassar,Bassar 1,Bassar,"MULTIPOLYGON (((0.780035 9.271895, 0.7800365506535948 9.271908580882354, 0.7801189264705879 9.271922260620915, 0.7801216666666664 9.271908333333332, 0.7801216666666664 9.271908333333332, 0.7801216666666664 9.271908333333332, 0.7801216666666664 9.271908333333332, 0.7801216666666664 9.271908333333332, 0.780035 9.271895)))",TGRKVR BASSAR TRAVERSEE
_mview_route_passages_pietons.fid-7b1c8a4a_1943c1e8149_3b5b,Kara,Bassar,Bassar 1,Bassar,"MULTIPOLYGON (((0.7800903517156874 9.269345586192804, 0.7800897152777788 9.269355061887252, 0.7800230065359475 9.269358227328429, 0.7800216666666666 9.26935, 0.7800216666666666 9.26935, 0.7800216666666666 9.26935, 0.7800903517156874 9.269345586192804)))",TGRKVR BASSAR TRAVERSEE
_mview_route_passages_pietons.fid-7b1c8a4a_1943c1e8149_3b5c,Kara,Bassar,Bassar 1,Bassar,"MULTIPOLYGON (((0.7799528880718952 9.268153829656864, 0.7799533333333333 9.268172222222224, 0.7799583660130716 9.268194640522877, 0.779959293300653 9.268202326388888, 0.7799654697712409 9.268203698937906, 0.7800379861111065 9.268176934232025, 0.78004313316993 9.26817167279412, 0.7800393586601261 9.26816481004902, 0.7800377573529366 9.268155430964054, 0.7800105351307157 9.268159777369283, 0.7799528880718952 9.268153829656864)))",TGRKVR BASSAR TRAVERSEE
_mview_route_passages_pietons.fid-7b1c8a4a_1943c1e8149_3b5d,Centrale,Blitta,Blitta 2,Langabou,"MULTIPOLYGON (((1.1355549999999996 8.125781666666668, 1.1355616666666661 8.125759999999998, 1.1354683333333333 8.125791666666666, 1.1355549999999996 8.125781666666668)))",TGRCRRRN1 BABAME-SOKODE-ALEHERIDE
_mview_route_passages_pietons.fid-7b1c8a4a_1943c1e8149_3b5e,Centrale,Blitta,Blitta 2,Langabou,"MULTIPOLYGON (((1.1352833333333336 8.11447, 1.1352816666666674 8.11445, 1.1352183333333334 8.114470000000003, 1.1352833333333336 8.11447)))",TGRCRRRN1 BABAME-SOKODE-ALEHERIDE
_mview_route_passages_pietons.fid-7b1c8a4a_1943c1e8149_3b5f,Centrale,Blitta,Blitta 2,Langabou,"MULTIPOLYGON (((1.1355516666666667 8.124038333333331, 1.1355849999999983 8.124008333333332, 1.1354783333333334 8.124004999999999, 1.1355516666666667 8.124038333333331)))",TGRCRRRN1 BABAME-SOKODE-ALEHERIDE
_mview_route_passages_pietons.fid-7b1c8a4a_1943c1e8149_3b60,Centrale,Blitta,Blitta 2,Langabou,"MULTIPOLYGON (((1.1357583333333334 8.138421666666666, 1.1357583333333334 8.13840506459983, 1.135701666666667 8.138415, 1.1357583333333334 8.138421666666666)))",TGRCRRRN1 BABAME-SOKODE-ALEHERIDE
_mview_route_passages_pietons.fid-7b1c8a4a_1943c1e8149_3b61,Centrale,Blitta,Blitta 2,Langabou,"MULTIPOLYGON (((1.13585 8.14165166666667, 1.1358433333333322 8.141663333333332, 1.1357816666666667 8.141658333333334, 1.13585 8.14165166666667)))",TGRCRRRN1 BABAME-SOKODE-ALEHERIDE
_mview_route_passages_pietons.fid-7b1c8a4a_1943c1e8149_3b62,Centrale,Blitta,Blitta 2,Langabou,"MULTIPOLYGON (((1.135963333333333 8.143608333333331, 1.135955 8.143626666666666, 1.1358916666666659 8.143646666666658, 1.135963333333333 8.143608333333331)))",TGRCRRRN1 BABAME-SOKODE-ALEHERIDE
_mview_route_passages_pietons.fid-7b1c8a4a_1943c1e8149_3b63,Centrale,Blitta,Blitta 2,Langabou,"MULTIPOLYGON (((1.13955 8.182153333333332, 1.1395300000000017 8.182201666666666, 1.139496666666668 8.18218833333333, 1.13955 8.182153333333332)))",TGRCRRRN1 BABAME-SOKODE-ALEHERIDE
_mview_route_passages_pietons.fid-7b1c8a4a_1943c1e8149_3b64,Centrale,Blitta,Blitta 2,Langabou,"MULTIPOLYGON (((1.1394566666666668 8.179969999999999, 1.1395216666666674 8.179983333333325, 1.1395433333333327 8.17995166666667, 1.1394566666666668 8.179969999999999)))",TGRCRRRN1 BABAME-SOKODE-ALEHERIDE
_mview_route_passages_pietons.fid-7b1c8a4a_1943c1e8149_3b65,Centrale,Blitta,Blitta 2,Langabou,"MULTIPOLYGON (((1.1394200000000017 8.178093333333331, 1.1393883333333346 8.178110000000004, 1.1394916666666668 8.178103333333334, 1.1394200000000017 8.178093333333331)))",TGRCRRRN1 BABAME-SOKODE-ALEHERIDE
_mview_route_passages_pietons.fid-7b1c8a4a_1943c1e8149_3b66,Centrale,Blitta,Blitta 1,Blitta,"MULTIPOLYGON (((0.9863633333333331 8.331968333333332, 0.9863783333333325 8.331993333333331, 0.9863566666666682 8.332076666666664, 0.9863483333333338 8.332056666666663, 0.9863633333333331 8.331968333333332)))",TGRCVRRN1-BLITTA GARE
_mview_route_passages_pietons.fid-7b1c8a4a_1943c1e8149_3b67,Centrale,Blitta,Blitta 1,Blitta,"MULTIPOLYGON (((0.9875316666666661 8.333163333333328, 0.9875549999999998 8.333111666666667, 0.9875566666666656 8.333111666666664, 0.9875333333333344 8.33316, 0.9875316666666661 8.333163333333328)))",TGRCVRRN1-BLITTA GARE
_mview_route_passages_pietons.fid-7b1c8a4a_1943c1e8149_3b68,Centrale,Blitta,Blitta 1,Blitta,"MULTIPOLYGON (((0.9820133333333348 8.327808333333337, 0.9820216666666668 8.32782, 0.9819716666666664 8.327878333333334, 0.9819500000000001 8.327859999999996, 0.9820050000000001 8.327806666666666, 0.9820133333333348 8.327808333333337)))",TGRCVRRN1-BLITTA GARE
_mview_route_passages_pietons.fid-7b1c8a4a_1943c1e8149_3b69,Centrale,Blitta,Blitta 1,Blitta,"MULTIPOLYGON (((0.9815533333333317 8.327349999999997, 0.9815233333333332 8.327333333333334, 0.9814700000000002 8.327396666666667, 0.981495 8.327419999999998, 0.9815533333333317 8.327349999999997)))",TGRCVRRN1-BLITTA GARE
_mview_route_passages_pietons.fid-7b1c8a4a_1943c1e8149_3b6a,Maritime,Golfe,Golfe 1,Bè-Est,"MULTIPOLYGON (((1.248213333333334 6.140421666666667, 1.2482350000000002 6.14039, 1.2482547929634893 6.1404353251289985, 1.248213333333334 6.140421666666667)))",BÈ
_mview_route_passages_pietons.fid-7b1c8a4a_1943c1e8149_3b6b,Maritime,Golfe,Golfe 1,Bè-Est,"MULTIPOLYGON (((1.2822904430339548 6.170699097749906, 1.2822904430339535 6.17067030982785, 1.282369588582966 6.170691420970844, 1.2822904430339548 6.170699097749906)))",TGRMRRVR LOME GRD CONTOURNEMENT CHAUSSEE SUD
_mview_route_passages_pietons.fid-7b1c8a4a_1943c1e8149_3b6c,Maritime,Golfe,Golfe 1,Bè-Est,"MULTIPOLYGON (((1.2821132931399004 6.1723610903668735, 1.282106408826345 6.172405578996322, 1.2820410078475748 6.1723816235809315, 1.2821132931399004 6.1723610903668735)))",TGRMRRVR LOME GRD CONTOURNEMENT CHAUSSEE SUD
_mview_route_passages_pietons.fid-7b1c8a4a_1943c1e8149_3b6d,Maritime,Golfe,Golfe 1,Bè-Est,"MULTIPOLYGON (((1.2807362505900728 6.180787759494832, 1.2807295957103608 6.180821943171554, 1.2806652652064767 6.180776732501866, 1.2807362505900728 6.180787759494832)))",TGRMRRVR LOME GRD CONTOURNEMENT CHAUSSEE SUD
_mview_route_passages_pietons.fid-7b1c8a4a_1943c1e8149_3b6e,Maritime,Golfe,Golfe 1,Bè-Est,"MULTIPOLYGON (((1.278629391231297 6.185080629855908, 1.278608188588424 6.185146878839587, 1.2785627543536977 6.185062561949824, 1.278629391231297 6.185080629855908)))",TGRMRRVR LOME GRD CONTOURNEMENT CHAUSSEE SUD
_mview_route_passages_pietons.fid-7b1c8a4a_1943c1e8149_3b6f,Maritime,Golfe,Golfe 1,Bè-Est,"MULTIPOLYGON (((1.275229135251042 6.188651230820635, 1.2752107477487662 6.18867179620959, 1.2751739727442155 6.188613527605468, 1.275229135251042 6.188651230820635)))",TGRMRRVR LOME GRD CONTOURNEMENT CHAUSSEE SUD
_mview_route_passages_pietons.fid-7b1c8a4a_1943c1e8149_3b70,Maritime,Golfe,Golfe 1,Bè-Est,"MULTIPOLYGON (((1.2824764661879293 6.170727330054545, 1.282488048463395 6.17068126938096, 1.2824011813974052 6.170690865354951, 1.2824764661879293 6.170727330054545)))",TGRMRRVR LOME GRD CONTOURNEMENT CHAUSSEE NORD
_mview_route_passages_pietons.fid-7b1c8a4a_1943c1e8149_3b71,Maritime,Golfe,Golfe 1,Bè-Est,"MULTIPOLYGON (((1.2822486262725368 6.172381349739519, 1.2822402113385745 6.172424803869241, 1.2821765314381925 6.172394004050366, 1.2822486262725368 6.172381349739519)))",TGRMRRVR LOME GRD CONTOURNEMENT CHAUSSEE NORD
_mview_route_passages_pietons.fid-7b1c8a4a_1943c1e8149_3b72,Maritime,Golfe,Golfe 1,Bè-Est,"MULTIPOLYGON (((1.2808349646391368 6.180826353968391, 1.2808260914661866 6.180851716049482, 1.2807628701089224 6.180812018878541, 1.2808349646391368 6.180826353968391)))",TGRMRRVR LOME GRD CONTOURNEMENT CHAUSSEE NORD
_mview_route_passages_pietons.fid-7b1c8a4a_1943c1e8149_3b73,Maritime,Golfe,Golfe 1,Bè-Est,"MULTIPOLYGON (((1.2787142018027864 6.18514989015683, 1.2786839123129692 6.1851920485964245, 1.2786384780782416 6.185131822253118, 1.2787142018027864 6.18514989015683)))",TGRMRRVR LOME GRD CONTOURNEMENT CHAUSSEE NORD
_mview_route_passages_pietons.fid-7b1c8a4a_1943c1e8149_3b74,Maritime,Golfe,Golfe 1,Bè-Est,"MULTIPOLYGON (((1.275315107222434 6.188736674400406, 1.2753008228405631 6.188756200960667, 1.275259755242686 6.18869939641972, 1.275315107222434 6.188736674400406)))",TGRMRRVR LOME GRD CONTOURNEMENT CHAUSSEE NORD
_mview_route_passages_pietons.fid-7b1c8a4a_1943c1e8149_3b75,Maritime,Golfe,Golfe 1,Bè-Est,"MULTIPOLYGON (((1.2794316666666676 6.1698699999999995, 1.2794116666666664 6.16985, 1.2794216666666676 6.169786666666663, 1.2794316666666676 6.1698699999999995)))",ROND POINT DJIFA-ROND POINT ADAKPAME
_mview_route_passages_pietons.fid-7b1c8a4a_1943c1e8149_3b76,Maritime,Golfe,Golfe 1,Bè-Est,"MULTIPOLYGON (((1.2790883333333332 6.169663333333333, 1.2790783333333338 6.169675, 1.2790814306864366 6.169722862677237, 1.2790883333333332 6.169663333333333)))",ROND POINT DJIFA-ROND POINT ADAKPAME
_mview_route_passages_pietons.fid-7b1c8a4a_1943c1e8149_3b77,Maritime,Golfe,Golfe 1,Bè-Est,"MULTIPOLYGON (((1.279913333333333 6.169875, 1.2799366666666667 6.1698766666666645, 1.2799083333333334 6.169946666666665, 1.279913333333333 6.169875)))",ROND POINT DJIFA-ROND POINT ADAKPAME
_mview_route_passages_pietons.fid-7b1c8a4a_1943c1e8149_3b78,Maritime,Golfe,Golfe 1,Bè-Est,"MULTIPOLYGON (((1.2748166666666678 6.167713333333334, 1.274788333333333 6.167765000000004, 1.2748266666666677 6.167771666666664, 1.2748166666666678 6.167713333333334)))",NETADI (FIN PAVEE)-CARREFOUR  DIFA
_mview_route_passages_pietons.fid-7b1c8a4a_1943c1e8149_3b79,Maritime,Golfe,Golfe 1,Bè-Est,"MULTIPOLYGON (((1.2905691019493066 6.170079126793813, 1.2905245478363765 6.170095737801459, 1.2905096964653988 6.170025602432285, 1.2905691019493066 6.170079126793813)))",ROND POINT ADAKPAMÉ-ADAKPAMÉ ASSEMBLÉE DE DIEU
_mview_route_passages_pietons.fid-7b1c8a4a_1943c1e8149_3b7a,Maritime,Golfe,Golfe 1,Bè-Est,"MULTIPOLYGON (((1.2885842479096523 6.170785617746895, 1.2885239595564706 6.17079266939821, 1.2885168668090374 6.170722152880844, 1.2885842479096523 6.170785617746895)))",ROND POINT ADAKPAMÉ-ADAKPAMÉ ASSEMBLÉE DE DIEU
_mview_route_passages_pietons.fid-7b1c8a4a_1943c1e8149_3b7b,Maritime,Golfe,Golfe 2,Bè-Centre,"MULTIPOLYGON (((1.2523549940523602 6.189651525565703, 1.2523754046432347 6.189644423503418, 1.2523468298160114 6.189580504938542, 1.2523274397546813 6.189589636162571, 1.2523549940523602 6.189651525565703)))",
_mview_route_passages_pietons.fid-7b1c8a4a_1943c1e8149_3b7c,Maritime,Golfe,Golfe 1,Bè-Est,"MULTIPOLYGON (((1.288350187244358 6.170863185906186, 1.288314723507191 6.170884340856752, 1.288293445264893 6.170803246875001, 1.288350187244358 6.170863185906186)))",ROND POINT ADAKPAMÉ-ADAKPAMÉ ASSEMBLÉE DE DIEU
_mview_route_passages_pietons.fid-7b1c8a4a_1943c1e8149_3b7d,Maritime,Golfe,Golfe 1,Bè-Est,"MULTIPOLYGON (((1.2866482190551036 6.171286445609921, 1.2866203349526928 6.171286445609915, 1.2866273059782964 6.171212518903443, 1.2866482190551036 6.171286445609921)))",ROND POINT ADAKPAMÉ-ADAKPAMÉ ASSEMBLÉE DE DIEU
_mview_route_passages_pietons.fid-7b1c8a4a_1943c1e8149_3b7e,Maritime,Golfe,Golfe 1,Bè-Est,"MULTIPOLYGON (((1.2863893811129408 6.171279489160271, 1.2863568496601279 6.171267938112913, 1.2863707917113332 6.171203252243052, 1.2863893811129408 6.171279489160271)))",ROND POINT ADAKPAMÉ-ADAKPAMÉ ASSEMBLÉE DE DIEU
_mview_route_passages_pietons.fid-7b1c8a4a_1943c1e8149_3b7f,Maritime,Golfe,Golfe 1,Bè-Est,"MULTIPOLYGON (((1.292953816946446 6.169141999684274, 1.2929437609912358 6.169151409303979, 1.2929334092726383 6.169128767406279, 1.292953816946446 6.169141999684274)))",ROND POINT ADAKPAMÉ-ADAKPAMÉ ASSEMBLÉE DE DIEU
_mview_route_passages_pietons.fid-7b1c8a4a_1943c1e8149_3b80,Maritime,Golfe,Golfe 1,Bè-Est,"MULTIPOLYGON (((1.2929003397283343 6.169105623651075, 1.292910691446933 6.169095331878623, 1.292923705036027 6.169115327322059, 1.2929003397283343 6.169105623651075)))",ROND POINT ADAKPAMÉ-ADAKPAMÉ ASSEMBLÉE DE DIEU
_mview_route_passages_pietons.fid-7b1c8a4a_1943c1e8149_3b81,Maritime,Golfe,Golfe 1,Bè-Est,"MULTIPOLYGON (((1.2430541676144813 6.207323661847925, 1.2430605825868501 6.207340379353995, 1.2429300953139681 6.207381692168171, 1.2429242774100813 6.207362688274051, 1.2430541676144813 6.207323661847925)))",TGRMRRRN34 LOME-VOGAN-ANFOIN
_mview_route_passages_pietons.fid-7b1c8a4a_1943c1e8149_3b82,Maritime,Golfe,Golfe 1,Bè-Est,"MULTIPOLYGON (((1.243633823478526 6.208586794277566, 1.2436452757066707 6.208612817267009, 1.2434751283170846 6.20865998393209, 1.2434685841867155 6.208629081634754, 1.243633823478526 6.208586794277566)))",TGRMRRRN34 LOME-VOGAN-ANFOIN
_mview_route_passages_pietons.fid-7b1c8a4a_1943c1e8149_3b83,Maritime,Golfe,Golfe 1,Bè-Est,"MULTIPOLYGON (((1.2733498175628168 6.189898610272137, 1.273363933660459 6.18990963682967, 1.2733044443918236 6.189948730986327, 1.2732893200014948 6.1899346971868345, 1.2733498175628168 6.189898610272137)))",CARREFOUR SAVOIR-FEU TRICOLORE SAVOIR 
_mview_route_passages_pietons.fid-7b1c8a4a_1943c1e8149_3b84,Maritime,Golfe,Golfe 1,Bè-Est,"MULTIPOLYGON (((1.2490483333333333 6.133671666666667, 1.2489572984365023 6.1336740467834305, 1.2489534358713579 6.1336356422501375, 1.2490422748697083 6.133627961343149, 1.2490483333333333 6.133671666666667)))",ROND POINT BÈ GAKPOTO-ROND POINT BÈ
_mview_route_passages_pietons.fid-7b1c8a4a_1943c1e8149_3b85,Maritime,Golfe,Golfe 1,Bè-Est,"MULTIPOLYGON (((1.2481633451733747 6.138007966494934, 1.2482235582941088 6.138046215450746, 1.2482018146671774 6.138067834424551, 1.2481499644798781 6.138034574464483, 1.2481633451733747 6.138007966494934)))",ROND POINT BÈ GAKPOTO-ROND POINT BÈ
_mview_route_passages_pietons.fid-7b1c8a4a_1943c1e8149_3b86,Maritime,Golfe,Golfe 1,Bè-Est,"MULTIPOLYGON (((1.248969921028771 6.133128901492472, 1.24904330976654 6.1331327419495745, 1.249035584636248 6.133094337377293, 1.2489737835939165 6.133090496919914, 1.248969921028771 6.133128901492472)))",ROND POINT BÈ GAKPOTO-ROND POINT BÈ
_mview_route_passages_pietons.fid-7b1c8a4a_1943c1e8149_3b87,Maritime,Golfe,Golfe 1,Bè-Est,"MULTIPOLYGON (((1.249026666666667 6.134471666666666, 1.248963198957668 6.134453177873165, 1.2489631989576686 6.134410932948131, 1.249032725130292 6.134437816082631, 1.249026666666667 6.134471666666666)))",ROND POINT BÈ GAKPOTO-ROND POINT BÈ
_mview_route_passages_pietons.fid-7b1c8a4a_1943c1e8149_3b88,Maritime,Golfe,Golfe 1,Bè-Est,"MULTIPOLYGON (((1.249030059356853 6.135129103353785, 1.2489673367686538 6.13513326091051, 1.2489673367686536 6.135178994032368, 1.2490300593568524 6.135174836475995, 1.249030059356853 6.135129103353785)))",ROND POINT BÈ GAKPOTO-ROND POINT BÈ
_mview_route_passages_pietons.fid-7b1c8a4a_1943c1e8149_3b89,Maritime,Golfe,Golfe 1,Bè-Est,"MULTIPOLYGON (((1.2489672477333744 6.135672677796144, 1.2490299703215728 6.135680992901086, 1.2490216073098135 6.135730883528008, 1.2489672477333744 6.135722568423848, 1.2489672477333744 6.135672677796144)))",ROND POINT BÈ GAKPOTO-ROND POINT BÈ
_mview_route_passages_pietons.fid-7b1c8a4a_1943c1e8149_3b8a,Maritime,Golfe,Golfe 1,Bè-Est,"MULTIPOLYGON (((1.249043137812906 6.136576896538667, 1.249038872845344 6.136627782882899, 1.2489663683967822 6.136606580240058, 1.24897916329947 6.136568415480822, 1.249043137812906 6.136576896538667)))",ROND POINT BÈ GAKPOTO-ROND POINT BÈ
_mview_route_passages_pietons.fid-7b1c8a4a_1943c1e8149_3b8b,Maritime,Golfe,Golfe 1,Bè-Est,"MULTIPOLYGON (((1.2489127411370924 6.137129711155529, 1.2488590543787235 6.137095742653631, 1.2488395319211334 6.137124858512536, 1.2488956589867017 6.137158827012579, 1.2489127411370924 6.137129711155529)))",ROND POINT BÈ GAKPOTO-ROND POINT BÈ
_mview_route_passages_pietons.fid-7b1c8a4a_1943c1e8149_3b8c,Maritime,Golfe,Golfe 1,Bè-Est,"MULTIPOLYGON (((1.248637798464007 6.137505323419629, 1.2485889923200355 6.137466502301791, 1.2485694698624468 6.13749076550077, 1.2486255969280151 6.137532012936502, 1.248637798464007 6.137505323419629)))",ROND POINT BÈ GAKPOTO-ROND POINT BÈ
_mview_route_passages_pietons.fid-7b1c8a4a_1943c1e8149_3b8d,Maritime,Golfe,Golfe 1,Bè-Est,"MULTIPOLYGON (((1.2482732314762945 6.13800044925205, 1.2482131041299094 6.137952623128947, 1.2481810362118382 6.137996463741955, 1.2482371550684632 6.1380482753708625, 1.2482732314762945 6.13800044925205)))",ROND POINT BÈ GAKPOTO-ROND POINT BÈ
_mview_route_passages_pietons.fid-7b1c8a4a_1943c1e8149_3b8e,Maritime,Golfe,Golfe 1,Bè-Est,"MULTIPOLYGON (((1.247979598748595 6.138367025721256, 1.2479314968714885 6.13832318513874, 1.2479034374431757 6.138367025721254, 1.2479515393202831 6.1384028952860845, 1.247979598748595 6.138367025721256)))",ROND POINT BÈ GAKPOTO-ROND POINT BÈ
_mview_route_passages_pietons.fid-7b1c8a4a_1943c1e8149_3b8f,Maritime,Golfe,Golfe 1,Bè-Est,"MULTIPOLYGON (((1.247615289078214 6.138866770521027, 1.24753586723464 6.138803597389763, 1.2475040984972117 6.138858873880028, 1.2475835203407848 6.13892204700474, 1.247615289078214 6.138866770521027)))",ROND POINT BÈ GAKPOTO-ROND POINT BÈ
_mview_route_passages_pietons.fid-7b1c8a4a_1943c1e8149_3b90,Maritime,Golfe,Golfe 1,Bè-Est,"MULTIPOLYGON (((1.2477167552975106 6.138692708752066, 1.2476624785639292 6.13865346110816, 1.2476920840549728 6.138624025373331, 1.247746360788554 6.138653461108156, 1.2477167552975106 6.138692708752066)))",ROND POINT BÈ GAKPOTO-ROND POINT BÈ
_mview_route_passages_pietons.fid-7b1c8a4a_1943c1e8149_3b91,Maritime,Golfe,Golfe 1,Bè-Est,"MULTIPOLYGON (((1.2473005863723365 6.139237212593502, 1.2472426155629275 6.139190053946894, 1.2472162651950145 6.139221493045101, 1.247268965930841 6.139263411839811, 1.2473005863723365 6.139237212593502)))",ROND POINT BÈ GAKPOTO-ROND POINT BÈ
_mview_route_passages_pietons.fid-7b1c8a4a_1943c1e8149_3b92,Maritime,Golfe,Golfe 1,Bè-Est,"MULTIPOLYGON (((1.246862523112586 6.1398041067762845, 1.2467992822295944 6.139767427868316, 1.2467782019352642 6.1398041067762845, 1.246841442818256 6.139840785681722, 1.246862523112586 6.1398041067762845)))",ROND POINT BÈ GAKPOTO-ROND POINT BÈ
_mview_route_passages_pietons.fid-7b1c8a4a_1943c1e8149_3b93,Maritime,Golfe,Golfe 1,Bè-Est,"MULTIPOLYGON (((1.2465908081671548 6.140038079824261, 1.2466417981006819 6.140078215285745, 1.2466694176480109 6.1400465293953514, 1.2466120539727903 6.14000850632439, 1.2465908081671548 6.140038079824261)))",ROND POINT BÈ GAKPOTO-ROND POINT BÈ
_mview_route_passages_pietons.fid-7b1c8a4a_1943c1e8149_3b94,Maritime,Golfe,Golfe 2,Bè-Centre,"MULTIPOLYGON (((1.2483422058823506 6.166440269607842, 1.2483563888888862 6.166462687908496, 1.2482694607843132 6.166533145424833, 1.2482533333333334 6.166506666666667, 1.2482533333333334 6.166506666666667, 1.2483422058823506 6.166440269607842)))",RUE 19
_mview_route_passages_pietons.fid-7b1c8a4a_1943c1e8149_3b95,Maritime,Golfe,Golfe 2,Bè-Centre,"MULTIPOLYGON (((1.2480066666666674 6.166195, 1.2480417527207879 6.166149002871727, 1.2481041279281149 6.166160630560657, 1.2480066666666674 6.166195)))",RUE 19
_mview_route_passages_pietons.fid-7b1c8a4a_1943c1e8149_3b96,Maritime,Golfe,Golfe 2,Bè-Centre,"MULTIPOLYGON (((1.2697028121255796 6.186391722046323, 1.2697225894300448 6.186377677665385, 1.2696745588334863 6.186325713452678, 1.2696561941936246 6.186339757834995, 1.2697028121255796 6.186391722046323)))",
_mview_route_passages_pietons.fid-7b1c8a4a_1943c1e8149_3b97,Maritime,Golfe,Golfe 2,Bè-Centre,"MULTIPOLYGON (((1.2566731107331583 6.18806325887818, 1.2566979639267266 6.188055937875161, 1.2566731107331581 6.187990048843458, 1.2566491780282412 6.1879992000983535, 1.2566731107331583 6.18806325887818)))",
_mview_route_passages_pietons.fid-7b1c8a4a_1943c1e8149_3b98,Maritime,Golfe,Golfe 2,Bè-Centre,"MULTIPOLYGON (((1.2526375570327746 6.18946969072798, 1.2526672088872903 6.189455933857489, 1.2526889535806032 6.189524718206366, 1.2526612785163875 6.18953847507507, 1.2526375570327746 6.18946969072798)))",
_mview_route_passages_pietons.fid-7b1c8a4a_1943c1e8149_3b99,Maritime,Golfe,Golfe 2,Bè-Centre,"MULTIPOLYGON (((1.269747665928586 6.18645743489653, 1.2697699100285935 6.1864400591700015, 1.2698112205000347 6.1864969251819675, 1.2697889764000279 6.186514300906625, 1.269747665928586 6.18645743489653)))",
_mview_route_passages_pietons.fid-7b1c8a4a_1943c1e8149_3b9a,Maritime,Golfe,Golfe 2,Bè-Centre,"MULTIPOLYGON (((1.2567229032603537 6.188112127428108, 1.2566948274210463 6.188122714833645, 1.256721935127964 6.188189126736248, 1.2567480747024915 6.188179501823345, 1.2567229032603537 6.188112127428108)))",
_mview_route_passages_pietons.fid-7b1c8a4a_1943c1e8149_3b9b,Maritime,Golfe,Golfe 2,Bè-Centre,"MULTIPOLYGON (((1.2526786814788176 6.189595863873734, 1.2527103101236345 6.189586037540056, 1.2527281012363436 6.189654821871996, 1.2527004261721293 6.189664648204396, 1.2526786814788176 6.189595863873734)))",
_mview_route_passages_pietons.fid-7b1c8a4a_1943c1e8149_3b9c,Maritime,Golfe,Golfe 2,Bè-Centre,"MULTIPOLYGON (((1.252409605655998 6.189774080933435, 1.2524310367764155 6.189764949712598, 1.2524045030082795 6.189703060322752, 1.252383071887863 6.189713206124859, 1.252409605655998 6.189774080933435)))",
_mview_route_passages_pietons.fid-7b1c8a4a_1943c1e8149_3b9d,Maritime,Golfe,Golfe 2,Bè-Centre,"MULTIPOLYGON (((1.2490806763069089 6.201883876494936, 1.2490962512422794 6.20188566308513, 1.249096850278255 6.201842189388717, 1.2490824734148365 6.201842189388719, 1.2490806763069089 6.201883876494936)))",
_mview_route_passages_pietons.fid-7b1c8a4a_1943c1e8149_3b9e,Maritime,Golfe,Golfe 2,Bè-Centre,"MULTIPOLYGON (((1.2458895472338039 6.19495928244614, 1.2458946687322834 6.194971445691865, 1.2457646395764395 6.19503480771158, 1.2457602045700735 6.195022436592438, 1.2458895472338039 6.19495928244614)))",HEDZRANAWOE-KÉGUÉ 
_mview_route_passages_pietons.fid-7b1c8a4a_1943c1e8149_3b9f,Maritime,Golfe,Golfe 2,Bè-Centre,"MULTIPOLYGON (((1.2459819551950588 6.195180527973046, 1.2459891217784573 6.1951977460723775, 1.2458565399855728 6.1952505878219934, 1.2458505678327405 6.195236338361943, 1.2459819551950588 6.195180527973046)))",HEDZRANAWOE-KÉGUÉ 
_mview_route_passages_pietons.fid-7b1c8a4a_1943c1e8149_3ba0,Maritime,Golfe,Golfe 2,Bè-Centre,"MULTIPOLYGON (((1.244913714469716 6.192599155306107, 1.2449222075071 6.192617449511833, 1.2448528477017917 6.192635743716926, 1.2448486011831 6.192616042265264, 1.244913714469716 6.192599155306107)))",HEDZRANAWOE-KÉGUÉ 
_mview_route_passages_pietons.fid-7b1c8a4a_1943c1e8149_3ba1,Maritime,Golfe,Golfe 2,Bè-Centre,"MULTIPOLYGON (((1.2462827272553683 6.195904642639711, 1.246291725991681 6.19592416155969, 1.2462270987036195 6.195945307055518, 1.2462197361011822 6.1959266014246355, 1.2462827272553683 6.195904642639711)))",HEDZRANAWOE-KÉGUÉ 
_mview_route_passages_pietons.fid-7b1c8a4a_1943c1e8149_3ba2,Maritime,Golfe,Golfe 2,Bè-Centre,"MULTIPOLYGON (((1.2471058024927344 6.19790099460513, 1.2471178965261656 6.197931720924817, 1.2470533950145313 6.1979557676085415, 1.2470439885440854 6.197925041290254, 1.2471058024927344 6.19790099460513)))",HEDZRANAWOE-KÉGUÉ 
_mview_route_passages_pietons.fid-7b1c8a4a_1943c1e8149_3ba3,Maritime,Golfe,Golfe 2,Bè-Centre,"MULTIPOLYGON (((1.2486404293245394 6.2015849279681765, 1.2486503400842 6.201604633491123, 1.2485837964122 6.201629969162396, 1.2485745935639438 6.201610967409054, 1.2486404293245394 6.2015849279681765)))",HEDZRANAWOE-KÉGUÉ 
_mview_route_passages_pietons.fid-7b1c8a4a_1943c1e8149_3ba4,Maritime,Golfe,Golfe 2,Bè-Centre,"MULTIPOLYGON (((1.25012961322526 6.206330898587191, 1.2501359639778655 6.206357731093253, 1.2500645180110677 6.206367201389185, 1.2500581672584632 6.206341947266324, 1.25012961322526 6.206330898587191)))",HEDZRANAWOE-KÉGUÉ 
_mview_route_passages_pietons.fid-7b1c8a4a_1943c1e8149_3ba5,Maritime,Golfe,Golfe 2,Bè-Centre,"MULTIPOLYGON (((1.246201487116835 6.195707305871695, 1.2462136519572882 6.1957358911839036, 1.2461450864929127 6.1957567804495355, 1.2461351334416322 6.195731493443666, 1.246201487116835 6.195707305871695)))",HEDZRANAWOE-KÉGUÉ 
_mview_route_passages_pietons.fid-7b1c8a4a_1943c1e8149_3ba6,Maritime,Golfe,Golfe 2,Bè-Centre,"MULTIPOLYGON (((1.2503343345630407 6.207812944881018, 1.2503343345630398 6.207832751626882, 1.2502650764264647 6.207838410696997, 1.250266025168062 6.20781860395134, 1.2503343345630407 6.207812944881018)))",HEDZRANAWOE-KÉGUÉ 
_mview_route_passages_pietons.fid-7b1c8a4a_1943c1e8149_3ba7,Maritime,Golfe,Golfe 2,Bè-Centre,"MULTIPOLYGON (((1.2402238108825612 6.181087377699108, 1.2401856974794672 6.181087377699108, 1.2401867561851094 6.181074747087931, 1.2402238108825618 6.1810736945369875, 1.2402238108825612 6.181087377699108)))",HEDZRANAWOE-KÉGUÉ 
_mview_route_passages_pietons.fid-7b1c8a4a_1943c1e8149_3ba8,Maritime,Golfe,Golfe 2,Bè-Centre,"MULTIPOLYGON (((1.2402497673397779 6.1813052372990684, 1.2402063285870941 6.181311557231658, 1.24020526910532 6.181295757400044, 1.240249767339779 6.181291544111536, 1.2402497673397779 6.1813052372990684)))",HEDZRANAWOE-KÉGUÉ 
_mview_route_passages_pietons.fid-7b1c8a4a_1943c1e8149_3ba9,Maritime,Golfe,Golfe 2,Bè-Centre,"MULTIPOLYGON (((1.24063604021154 6.182270712911308, 1.2405781424066702 6.182291345188827, 1.2405866970549926 6.182311189948179, 1.2406408764943726 6.1822870927403, 1.24063604021154 6.182270712911308)))",HEDZRANAWOE-KÉGUÉ 
_mview_route_passages_pietons.fid-7b1c8a4a_1943c1e8149_3baa,Maritime,Golfe,Golfe 2,Bè-Centre,"MULTIPOLYGON (((1.2407294203313268 6.182519765658717, 1.2406823697655494 6.182541027891668, 1.2406752408919466 6.182518348176489, 1.2407208656830035 6.182498503424914, 1.2407294203313268 6.182519765658717)))",HEDZRANAWOE-KÉGUÉ 
_mview_route_passages_pietons.fid-7b1c8a4a_1943c1e8149_3bab,Maritime,Golfe,Golfe 2,Bè-Centre,"MULTIPOLYGON (((1.2411001310679017 6.18355342289336, 1.2411403730394164 6.183536752959489, 1.2411319892953507 6.183515082044668, 1.2410900705750258 6.183536752959487, 1.2411001310679017 6.18355342289336)))",HEDZRANAWOE-KÉGUÉ 
_mview_route_passages_pietons.fid-7b1c8a4a_1943c1e8149_3bac,Maritime,Golfe,Golfe 2,Bè-Centre,"MULTIPOLYGON (((1.241335787333166 6.18390655662453, 1.2412744373373552 6.18393095383042, 1.2412621673381938 6.183904116903876, 1.2413259713338358 6.183879719696748, 1.241335787333166 6.18390655662453)))",HEDZRANAWOE-KÉGUÉ 
_mview_route_passages_pietons.fid-7b1c8a4a_1943c1e8149_3bad,Maritime,Golfe,Golfe 2,Bè-Centre,"MULTIPOLYGON (((1.2420616666666666 6.185753333333334, 1.242067275157616 6.185769086378791, 1.2420162429071857 6.1857859980879555, 1.2420098638758827 6.185770143360626, 1.2420616666666666 6.185753333333334)))",HEDZRANAWOE-KÉGUÉ 
_mview_route_passages_pietons.fid-7b1c8a4a_1943c1e8149_3bae,Maritime,Golfe,Golfe 2,Bè-Centre,"MULTIPOLYGON (((1.242138333333334 6.185929999999999, 1.2421451436109947 6.185942259874993, 1.2420838511120484 6.185965279997305, 1.2420797649454531 6.185950384624158, 1.242138333333334 6.185929999999999)))",HEDZRANAWOE-KÉGUÉ 
_mview_route_passages_pietons.fid-7b1c8a4a_1943c1e8149_3baf,Maritime,Golfe,Golfe 2,Bè-Centre,"MULTIPOLYGON (((1.2428881663890632 6.1877422100449495, 1.2428955666769197 6.187758395827771, 1.242840804546786 6.187770167305875, 1.2428378444316426 6.187755452958207, 1.2428881663890632 6.1877422100449495)))",HEDZRANAWOE-KÉGUÉ 
_mview_route_passages_pietons.fid-7b1c8a4a_1943c1e8149_3bb0,Maritime,Golfe,Golfe 2,Bè-Centre,"MULTIPOLYGON (((1.242983520860667 6.187993520274036, 1.2429929582786672 6.188004466444098, 1.2429394795766653 6.188023231306537, 1.2429347608676655 6.188009157659772, 1.242983520860667 6.187993520274036)))",HEDZRANAWOE-KÉGUÉ 
_mview_route_passages_pietons.fid-7b1c8a4a_1943c1e8149_3bb1,Maritime,Golfe,Golfe 2,Bè-Centre,"MULTIPOLYGON (((1.2469573548621755 6.197589225338993, 1.2469142123245274 6.19760677140791, 1.246925978471159 6.197624317476244, 1.246965198959929 6.197606771407914, 1.2469573548621755 6.197589225338993)))",HEDZRANAWOE-KÉGUÉ 
_mview_route_passages_pietons.fid-7b1c8a4a_1943c1e8149_3bb2,Maritime,Golfe,Golfe 2,Bè-Centre,"MULTIPOLYGON (((1.2469063682267738 6.197614569660573, 1.2468612646646873 6.197628216602456, 1.2468749918357585 6.197653560922167, 1.2469142123245274 6.197636014854811, 1.2469063682267738 6.197614569660573)))",HEDZRANAWOE-KÉGUÉ 
_mview_route_passages_pietons.fid-7b1c8a4a_1943c1e8149_3bb3,Maritime,Golfe,Golfe 2,Bè-Centre,"MULTIPOLYGON (((1.2473539283205073 6.198537462249959, 1.2473142761792595 6.198555574290285, 1.2473207062562197 6.198568359259556, 1.2473592867179732 6.198549181805536, 1.2473539283205073 6.198537462249959)))",HEDZRANAWOE-KÉGUÉ 
_mview_route_passages_pietons.fid-7b1c8a4a_1943c1e8149_3bb4,Maritime,Golfe,Golfe 2,Bè-Centre,"MULTIPOLYGON (((1.24889433465493 6.202215831802231, 1.2488609223056404 6.202224348925156, 1.2488592088518302 6.202218386939123, 1.2488930495645718 6.202210295672252, 1.24889433465493 6.202215831802231)))",HEDZRANAWOE-KÉGUÉ 
_mview_route_passages_pietons.fid-7b1c8a4a_1943c1e8149_3bb5,Maritime,Golfe,Golfe 2,Bè-Centre,"MULTIPOLYGON (((1.2502066735447217 6.207003375093122, 1.2502091838618052 6.207010861896039, 1.2501690187884793 6.207015853097929, 1.250170692333201 6.207008366295081, 1.2502066735447217 6.207003375093122)))",HEDZRANAWOE-KÉGUÉ 
_mview_route_passages_pietons.fid-7b1c8a4a_1943c1e8149_3bb6,Maritime,Golfe,Golfe 2,Bè-Centre,"MULTIPOLYGON (((1.2322391496200669 6.151178728060883, 1.2322452240404744 6.151201375989323, 1.2320994379506882 6.15122100419319, 1.2320948821353825 6.15119986612746, 1.2322391496200669 6.151178728060883)))",TGRMRRRN34 LOME-VOGAN-ANFOIN
_mview_route_passages_pietons.fid-7b1c8a4a_1943c1e8149_3bb7,Maritime,Golfe,Golfe 2,Bè-Centre,"MULTIPOLYGON (((1.2319759385864661 6.149796721575478, 1.2318455081685165 6.149811800623942, 1.2318500580668155 6.14984497452906, 1.2319820051175334 6.14982838757676, 1.2319759385864661 6.149796721575478)))",TGRMRRRN34 LOME-VOGAN-ANFOIN
_mview_route_passages_pietons.fid-7b1c8a4a_1943c1e8149_3bb8,Maritime,Golfe,Golfe 2,Bè-Centre,"MULTIPOLYGON (((1.2322846418338225 6.151440534182083, 1.2322199118170993 6.151449979549146, 1.2322167963969215 6.151431394657024, 1.2322809740525913 6.151423341203571, 1.2322846418338225 6.151440534182083)))",TGRMRRRN34 LOME-VOGAN-ANFOIN
_mview_route_passages_pietons.fid-7b1c8a4a_1943c1e8149_3bb9,Maritime,Golfe,Golfe 3,Bè-Ouest,"MULTIPOLYGON (((1.2330761973337463 6.155835045498167, 1.2329205914410024 6.15586195135075, 1.232918900072603 6.1558854939706436, 1.2330812714389434 6.15586195135075, 1.2330812714389434 6.15586195135075, 1.2330761973337463 6.155835045498167)))",TGRMRRRN34 LOME-VOGAN-ANFOIN
_mview_route_passages_pietons.fid-7b1c8a4a_1943c1e8149_3bba,Maritime,Golfe,Golfe 3,Bè-Ouest,"MULTIPOLYGON (((1.2328411062108098 6.155091740837705, 1.232775368546986 6.155102282564448, 1.2327725411205832 6.155086821365154, 1.2328403993542087 6.15507768520172, 1.2328411062108098 6.155091740837705)))",TGRMRRRN34 LOME-VOGAN-ANFOIN
_mview_route_passages_pietons.fid-7b1c8a4a_1943c1e8149_3bbb,Maritime,Golfe,Golfe 3,Bè-Ouest,"MULTIPOLYGON (((1.2332985481061562 6.157462312686851, 1.2332285296550065 6.157473979922312, 1.2332254003387555 6.157452978898296, 1.2332950276253722 6.157442089478112, 1.2332985481061562 6.157462312686851)))",TGRMRRRN34 LOME-VOGAN-ANFOIN
_mview_route_passages_pietons.fid-7b1c8a4a_1943c1e8149_3bbc,Maritime,Golfe,Golfe 2,Bè-Centre,"MULTIPOLYGON (((1.2329301701424435 6.155074171292671, 1.2328665530484186 6.155087524146953, 1.232863018765417 6.155072765729044, 1.2329273427160425 6.155061521219887, 1.2329301701424435 6.155074171292671)))",TGRMRRRN34 LOME-VOGAN-ANFOIN
_mview_route_passages_pietons.fid-7b1c8a4a_1943c1e8149_3bbd,Maritime,Golfe,Golfe 2,Bè-Centre,"MULTIPOLYGON (((1.2333877878936041 6.157424817908358, 1.2333927187991391 6.15744687897273, 1.2333249188480357 6.157458726580997, 1.2333206796227998 6.157437145875967, 1.2333877878936041 6.157424817908358)))",TGRMRRRN34 LOME-VOGAN-ANFOIN
_mview_route_passages_pietons.fid-7b1c8a4a_1943c1e8149_3bbe,Maritime,Golfe,Golfe 3,Bè-Ouest,"MULTIPOLYGON (((1.2338551811163496 6.1598103574455, 1.233847309728771 6.159779053676886, 1.2337108723440628 6.15980253150352, 1.2337161199357816 6.159831226623554, 1.2338551811163496 6.1598103574455)))",TGRMRRRN34 LOME-VOGAN-ANFOIN
_mview_route_passages_pietons.fid-7b1c8a4a_1943c1e8149_3bbf,Maritime,Golfe,Golfe 2,Bè-Centre,"MULTIPOLYGON (((1.2340796141053332 6.161105789672258, 1.233935300591662 6.161128108777582, 1.2339417145256046 6.161156804768752, 1.2340860280392747 6.16113448566464, 1.2340796141053332 6.161105789672258)))",TGRMRRRN34 LOME-VOGAN-ANFOIN
_mview_route_passages_pietons.fid-7b1c8a4a_1943c1e8149_3bc0,Maritime,Golfe,Golfe 2,Bè-Centre,"MULTIPOLYGON (((1.2341599303531166 6.16161046499035, 1.234015464787875 6.161632717680418, 1.2340195342404174 6.161654970369553, 1.2341680692582004 6.161634740652199, 1.2341599303531166 6.16161046499035)))",TGRMRRRN34 LOME-VOGAN-ANFOIN
_mview_route_passages_pietons.fid-7b1c8a4a_1943c1e8149_3bc1,Maritime,Golfe,Golfe 2,Bè-Centre,"MULTIPOLYGON (((1.2346426804017014 6.1643208212743525, 1.234467693942394 6.164339027927839, 1.2344717633949363 6.164369372348934, 1.2346467498542435 6.1643531886578975, 1.2346426804017014 6.1643208212743525)))",TGRMRRRN34 LOME-VOGAN-ANFOIN
_mview_route_passages_pietons.fid-7b1c8a4a_1943c1e8149_3bc2,Maritime,Golfe,Golfe 2,Bè-Centre,"MULTIPOLYGON (((1.2347266666666672 6.166558333333334, 1.234559055837982 6.166556478178797, 1.2345570839458793 6.1665937273432165, 1.2347286385587695 6.166595687825486, 1.2347266666666672 6.166558333333334)))",TGRMRRRN34 LOME-VOGAN-ANFOIN
_mview_route_passages_pietons.fid-7b1c8a4a_1943c1e8149_3bc3,Maritime,Golfe,Golfe 2,Bè-Centre,"MULTIPOLYGON (((1.2347395292922476 6.168537385677985, 1.2345713079769094 6.168535125578872, 1.2345701713463997 6.168553206371507, 1.234737256031229 6.168556596520059, 1.2347395292922476 6.168537385677985)))",TGRMRRRN34 LOME-VOGAN-ANFOIN
_mview_route_passages_pietons.fid-7b1c8a4a_1943c1e8149_3bc4,Maritime,Golfe,Golfe 2,Bè-Centre,"MULTIPOLYGON (((1.2344250522911842 6.163553323021984, 1.2343577368224496 6.163567631413678, 1.234354951354777 6.163543168679257, 1.2344204098450644 6.163530706531097, 1.2344250522911842 6.163553323021984)))",TGRMRRRN34 LOME-VOGAN-ANFOIN
_mview_route_passages_pietons.fid-7b1c8a4a_1943c1e8149_3bc5,Maritime,Golfe,Golfe 2,Bè-Centre,"MULTIPOLYGON (((1.2346326865352675 6.166063702236272, 1.2346316091699086 6.166087267151631, 1.2345621191042095 6.166085660452886, 1.2345631964695691 6.166063166669998, 1.2346326865352675 6.166063702236272)))",TGRMRRRN34 LOME-VOGAN-ANFOIN
_mview_route_passages_pietons.fid-7b1c8a4a_1943c1e8149_3bc6,Maritime,Golfe,Golfe 2,Bè-Centre,"MULTIPOLYGON (((1.234635414008886 6.169064316895145, 1.234634984001798 6.1690467886989735, 1.2345679028961616 6.169045933664996, 1.2345687629103357 6.16906388937817, 1.234635414008886 6.169064316895145)))",TGRMRRRN34 LOME-VOGAN-ANFOIN
_mview_route_passages_pietons.fid-7b1c8a4a_1943c1e8149_3bc7,Maritime,Golfe,Golfe 2,Bè-Centre,"MULTIPOLYGON (((1.2345245972218453 6.163509790960855, 1.2345295779332952 6.163537645513882, 1.2344592253840703 6.163548787334689, 1.234456735028345 6.163522170762384, 1.2345245972218453 6.163509790960855)))",TGRMRRRN34 LOME-VOGAN-ANFOIN
_mview_route_passages_pietons.fid-7b1c8a4a_1943c1e8149_3bc8,Maritime,Golfe,Golfe 2,Bè-Centre,"MULTIPOLYGON (((1.2347323428310377 6.166063702236272, 1.2347318041483595 6.166089944982849, 1.2346617753999785 6.1660883382841165, 1.2346623140826596 6.166063166670003, 1.2347323428310377 6.166063702236272)))",TGRMRRRN34 LOME-VOGAN-ANFOIN
_mview_route_passages_pietons.fid-7b1c8a4a_1943c1e8149_3bc9,Maritime,Golfe,Golfe 2,Bè-Centre,"MULTIPOLYGON (((1.234734643367954 6.169058936338949, 1.234735073375042 6.169040553108621, 1.2346641222056167 6.169043545727556, 1.2346654122268808 6.16906235647476, 1.234734643367954 6.169058936338949)))",TGRMRRRN34 LOME-VOGAN-ANFOIN
_mview_route_passages_pietons.fid-7b1c8a4a_1943c1e8149_3bca,Maritime,Golfe,Golfe 2,Bè-Centre,"MULTIPOLYGON (((1.2346219522809663 6.171412251234795, 1.2344644169875885 6.171408953922502, 1.2344644169875891 6.171438629732372, 1.2346202940147204 6.171440278388424, 1.2346219522809663 6.171412251234795)))",TGRMRRRN34 LOME-VOGAN-ANFOIN
_mview_route_passages_pietons.fid-7b1c8a4a_1943c1e8149_3bcb,Maritime,Golfe,Golfe 2,Bè-Centre,"MULTIPOLYGON (((1.2346099742997962 6.171834286714598, 1.2346110064948315 6.1718142755730785, 1.2345423655249337 6.171812736254468, 1.2345413333298982 6.171832234289858, 1.2346099742997962 6.171834286714598)))",TGRMRRRN34 LOME-VOGAN-ANFOIN
_mview_route_passages_pietons.fid-7b1c8a4a_1943c1e8149_3bcc,Maritime,Golfe,Golfe 2,Bè-Centre,"MULTIPOLYGON (((1.2345303079768855 6.171831436840605, 1.2345303079768857 6.171812965017588, 1.2344621831045077 6.171812451911387, 1.2344637313970621 6.171831436840602, 1.2345303079768855 6.171831436840605)))",TGRMRRRN34 LOME-VOGAN-ANFOIN
_mview_route_passages_pietons.fid-7b1c8a4a_1943c1e8149_3bcd,Maritime,Golfe,Golfe 3,Bè-Ouest,"MULTIPOLYGON (((1.2321405151392515 6.1514604559544495, 1.232136764358433 6.151442875514338, 1.2322032067615105 6.151435417145631, 1.232206421716498 6.151451399364163, 1.2321405151392515 6.1514604559544495)))",FOREVER
_mview_route_passages_pietons.fid-7b1c8a4a_1943c1e8149_3bce,Maritime,Golfe,Golfe 2,Bè-Centre,"MULTIPOLYGON (((1.2359632314684854 6.171407677091848, 1.2359836389278784 6.171568299843518, 1.2360142501169677 6.1715682998435195, 1.2359972439008056 6.171407677091849, 1.2359632314684854 6.171407677091848)))",AVENUE AKEI
_mview_route_passages_pietons.fid-7b1c8a4a_1943c1e8149_3bcf,Maritime,Golfe,Golfe 2,Bè-Centre,"MULTIPOLYGON (((1.2375883333333337 6.171225000000002, 1.2376019383062615 6.171382332112003, 1.2376393519818147 6.171378950579705, 1.2376240463872712 6.17121832777064, 1.2375883333333337 6.171225000000002)))",AVENUE AKEI
_mview_route_passages_pietons.fid-7b1c8a4a_1943c1e8149_3bd0,Maritime,Golfe,Golfe 2,Bè-Centre,"MULTIPOLYGON (((1.2381849999999999 6.171154999999998, 1.2381927483683506 6.171314690917277, 1.238233566541936 6.171312846297797, 1.2382242896843032 6.171161587478251, 1.2381849999999999 6.171154999999998)))",AVENUE AKEI
_mview_route_passages_pietons.fid-7b1c8a4a_1943c1e8149_3bd1,Maritime,Golfe,Golfe 2,Bè-Centre,"MULTIPOLYGON (((1.2387548416146363 6.171145194670455, 1.2387511308715833 6.171266939581149, 1.2387863829305878 6.171266939581149, 1.2387845275590619 6.171145194670452, 1.2387548416146363 6.171145194670455)))",AVENUE AKEI
_mview_route_passages_pietons.fid-7b1c8a4a_1943c1e8149_3bd2,Maritime,Golfe,Golfe 2,Bè-Centre,"MULTIPOLYGON (((1.2351937658715166 6.1715694800782845, 1.2352198472169722 6.171566516628078, 1.235213140585285 6.171496875543457, 1.2351885496024253 6.171500579856697, 1.2351937658715166 6.1715694800782845)))",AVENUE AKEI
_mview_route_passages_pietons.fid-7b1c8a4a_1943c1e8149_3bd3,Maritime,Golfe,Golfe 2,Bè-Centre,"MULTIPOLYGON (((1.2372098937057934 6.171259179788599, 1.2372391475602091 6.171254773072109, 1.2372453529232672 6.171321755158843, 1.2372187585101615 6.171325280531595, 1.2372098937057934 6.171259179788599)))",AVENUE AKEI
_mview_route_passages_pietons.fid-7b1c8a4a_1943c1e8149_3bd4,Maritime,Golfe,Golfe 2,Bè-Centre,"MULTIPOLYGON (((1.2399443454924866 6.171840536929709, 1.239882327386972 6.17193962380123, 1.2398380604038735 6.171915618127948, 1.2399125094209038 6.171807592584718, 1.2399443454924866 6.171840536929709)))",AVENUE AKEI
_mview_route_passages_pietons.fid-7b1c8a4a_1943c1e8149_3bd5,Maritime,Golfe,Golfe 2,Bè-Centre,"MULTIPOLYGON (((1.2407875867317433 6.172441590670227, 1.2407119148064238 6.1725452453458365, 1.2406766012412753 6.172518495754069, 1.2407522731665939 6.172414841073228, 1.2407875867317433 6.172441590670227)))",AVENUE AKEI
_mview_route_passages_pietons.fid-7b1c8a4a_1943c1e8149_3bd6,Maritime,Golfe,Golfe 2,Bè-Centre,"MULTIPOLYGON (((1.2392442791552032 6.171356516945319, 1.2391703733558646 6.1714674263718186, 1.2391396954768956 6.171446630856118, 1.2392108123781425 6.171337107793292, 1.2392442791552032 6.171356516945319)))",AVENUE AKEI
_mview_route_passages_pietons.fid-7b1c8a4a_1943c1e8149_3bd7,Maritime,Golfe,Golfe 2,Bè-Centre,"MULTIPOLYGON (((1.2351982369593084 6.17160355975447, 1.2352205923982724 6.171599114579439, 1.2352280442112589 6.171668014788205, 1.235206433953596 6.171668755650616, 1.2351982369593084 6.17160355975447)))",RUE DE VOYAGE 
_mview_route_passages_pietons.fid-7b1c8a4a_1943c1e8149_3bd8,Maritime,Golfe,Golfe 2,Bè-Centre,"MULTIPOLYGON (((1.237222482979677 6.1713548277901005, 1.237228688342736 6.171423572550234, 1.237257055716715 6.171418284492076, 1.2372508503536568 6.1713504210744, 1.237222482979677 6.1713548277901005)))",RUE DE VOYAGE 
_mview_route_passages_pietons.fid-7b1c8a4a_1943c1e8149_3bd9,Maritime,Golfe,Golfe 2,Bè-Centre,"MULTIPOLYGON (((1.2391952145379255 6.170766971881324, 1.239316955510272 6.170828353142349, 1.2393372471349025 6.170790526794729, 1.239212960934048 6.170730004632914, 1.2391952145379255 6.170766971881324)))",NUKAFU
_mview_route_passages_pietons.fid-7b1c8a4a_1943c1e8149_3bda,Maritime,Golfe,Golfe 2,Bè-Centre,"MULTIPOLYGON (((1.2400696405566896 6.168717700782565, 1.2401837809452294 6.168760570810657, 1.2401660257736786 6.168805962601331, 1.240051885385138 6.168763092576909, 1.2400696405566896 6.168717700782565)))",NUKAFU
_mview_route_passages_pietons.fid-7b1c8a4a_1943c1e8149_3bdb,Maritime,Golfe,Golfe 2,Bè-Centre,"MULTIPOLYGON (((1.2403423228220827 6.168062744331336, 1.2404716819290944 6.168103092643013, 1.2404869006475656 6.168062744331335, 1.240360077993633 6.1680299613258365, 1.2403423228220827 6.168062744331336)))",NUKAFU
_mview_route_passages_pietons.fid-7b1c8a4a_1943c1e8149_3bdc,Maritime,Golfe,Golfe 2,Bè-Centre,"MULTIPOLYGON (((1.2408522499159262 6.1667185559209505, 1.240973999663701 6.166758904334914, 1.2409587809452292 6.166804296296957, 1.2408294218382179 6.1667639478864436, 1.2408522499159262 6.1667185559209505)))",NUKAFU
_mview_route_passages_pietons.fid-7b1c8a4a_1943c1e8149_3bdd,Maritime,Golfe,Golfe 2,Bè-Centre,"MULTIPOLYGON (((1.2416052376932647 6.164765047959323, 1.2417091882306774 6.164804320734206, 1.2417216622951672 6.164769181935763, 1.2416156327470056 6.1647299091582815, 1.2416052376932647 6.164765047959323)))",NUKAFU
_mview_route_passages_pietons.fid-7b1c8a4a_1943c1e8149_3bde,Maritime,Golfe,Golfe 2,Bè-Centre,"MULTIPOLYGON (((1.242296307622872 6.162966565195983, 1.2423957507558552 6.1630079519696395, 1.2423795623388574 6.1630470394751296, 1.242280119205874 6.163005652704524, 1.242296307622872 6.162966565195983)))",NUKAFU
_mview_route_passages_pietons.fid-7b1c8a4a_1943c1e8149_3bdf,Maritime,Golfe,Golfe 2,Bè-Centre,"MULTIPOLYGON (((1.2430863102322047 6.160961232125217, 1.2431974085630666 6.161001614129271, 1.2431878517174026 6.161030119071466, 1.2430731695694137 6.160992112481536, 1.2430863102322047 6.160961232125217)))",NUKAFU
_mview_route_passages_pietons.fid-7b1c8a4a_1943c1e8149_3be0,Maritime,Golfe,Golfe 2,Bè-Centre,"MULTIPOLYGON (((1.243301181300783 6.1603805523725095, 1.2434282691054799 6.160431093939827, 1.2434430960160276 6.160393187764788, 1.243320244471488 6.160342646193861, 1.243301181300783 6.1603805523725095)))",NUKAFU
_mview_route_passages_pietons.fid-7b1c8a4a_1943c1e8149_3be1,Maritime,Golfe,Golfe 2,Bè-Centre,"MULTIPOLYGON (((1.2412605347134493 6.1657907874785245, 1.241273300954011 6.165765402695326, 1.2413406538783458 6.1657947264964985, 1.241329648498552 6.165818798272368, 1.2412605347134493 6.1657907874785245)))",NUKAFU
_mview_route_passages_pietons.fid-7b1c8a4a_1943c1e8149_3be2,Maritime,Golfe,Golfe 2,Bè-Centre,"MULTIPOLYGON (((1.2420077668637854 6.163797975553879, 1.2420174857125184 6.163772208448963, 1.242081630114146 6.163797653465082, 1.2420693195724197 6.163823098479969, 1.2420077668637854 6.163797975553879)))",NUKAFU
_mview_route_passages_pietons.fid-7b1c8a4a_1943c1e8149_3be3,Maritime,Golfe,Golfe 2,Bè-Centre,"MULTIPOLYGON (((1.2428436224762829 6.161727040853413, 1.2428536844493943 6.1617036985503955, 1.2429245375100613 6.1617282913339055, 1.2429127985414299 6.161749966328596, 1.2428436224762829 6.161727040853413)))",NUKAFU
_mview_route_passages_pietons.fid-7b1c8a4a_1943c1e8149_3be4,Maritime,Golfe,Golfe 2,Bè-Centre,"MULTIPOLYGON (((1.2390386661512143 6.171063027065806, 1.2391004894470794 6.171098932392856, 1.2391084469010032 6.171083109706657, 1.239048459940658 6.1710490300732515, 1.2390386661512143 6.171063027065806)))",NUKAFU
_mview_route_passages_pietons.fid-7b1c8a4a_1943c1e8149_3be5,Maritime,Golfe,Golfe 2,Bè-Centre,"MULTIPOLYGON (((1.239535502517959 6.169932139002884, 1.2395271965503545 6.169956912568248, 1.2396007636919864 6.169985225212958, 1.2396126293599918 6.169962811036018, 1.239535502517959 6.169932139002884)))",NUKAFU
_mview_route_passages_pietons.fid-7b1c8a4a_1943c1e8149_3be6,Maritime,Golfe,Golfe 2,Bè-Centre,"MULTIPOLYGON (((1.240600431034836 6.167190430452543, 1.240591134663424 6.167222265970516, 1.240689263028331 6.167257182342873, 1.2407020858655824 6.167229833536942, 1.240600431034836 6.167190430452543)))",NUKAFU
_mview_route_passages_pietons.fid-7b1c8a4a_1943c1e8149_3be7,Maritime,Golfe,Golfe 2,Bè-Centre,"MULTIPOLYGON (((1.2411705611802117 6.165753517154377, 1.2411849045484968 6.165724996360084, 1.2412684335755655 6.1657619056229915, 1.241254933934826 6.165789587568493, 1.2411705611802117 6.165753517154377)))",NUKAFU
_mview_route_passages_pietons.fid-7b1c8a4a_1943c1e8149_3be8,Maritime,Golfe,Golfe 2,Bè-Centre,"MULTIPOLYGON (((1.2419310864525224 6.163770809676587, 1.2419400682996047 6.163743208094081, 1.2420143726709199 6.163770809676586, 1.2420045742922843 6.163797599446472, 1.2419310864525224 6.163770809676587)))",NUKAFU
_mview_route_passages_pietons.fid-7b1c8a4a_1943c1e8149_3be9,Maritime,Golfe,Golfe 2,Bè-Centre,"MULTIPOLYGON (((1.242755149254312 6.161696973501523, 1.2427670372276534 6.16166995796754, 1.2428511021819846 6.161701194678583, 1.2428392142086453 6.161726521740238, 1.242755149254312 6.161696973501523)))",NUKAFU
_mview_route_passages_pietons.fid-7b1c8a4a_1943c1e8149_3bea,Maritime,Golfe,Golfe 2,Bè-Centre,"MULTIPOLYGON (((1.2427165338173765 6.158237955524769, 1.2428918618419942 6.15819782515662, 1.2428830323731273 6.1581614570078695, 1.2427089657012063 6.158199079230674, 1.2427165338173765 6.158237955524769)))",RUE 19
_mview_route_passages_pietons.fid-7b1c8a4a_1943c1e8149_3beb,Maritime,Golfe,Golfe 2,Bè-Centre,"MULTIPOLYGON (((1.241918488870372 6.153057557490404, 1.2419766174264504 6.152869727983872, 1.2419039567313526 6.152829272389163, 1.2418603603142941 6.152996874118632, 1.241918488870372 6.153057557490404)))",RUE 19
_mview_route_passages_pietons.fid-7b1c8a4a_1943c1e8149_3bec,Maritime,Golfe,Golfe 2,Bè-Centre,"MULTIPOLYGON (((1.2433166666666668 6.159958333333333, 1.243306541754907 6.159940835577387, 1.2433672096847748 6.159908486447171, 1.2433763607133026 6.15992735677337, 1.2433166666666668 6.159958333333333)))",RUE 19
_mview_route_passages_pietons.fid-7b1c8a4a_1943c1e8149_3bed,Maritime,Golfe,Golfe 2,Bè-Centre,"MULTIPOLYGON (((1.2426453904290915 6.1578713686909445, 1.2426425216696237 6.157853304712792, 1.2427089812639514 6.157843321987765, 1.2427118500234193 6.157861385966251, 1.2426453904290915 6.1578713686909445)))",RUE 19
_mview_route_passages_pietons.fid-7b1c8a4a_1943c1e8149_3bee,Maritime,Golfe,Golfe 2,Bè-Centre,"MULTIPOLYGON (((1.242452156982698 6.156247913568248, 1.242451120158883 6.156230045594829, 1.2425178224910485 6.156223860526969, 1.2425188593148648 6.156243102960077, 1.242452156982698 6.156247913568248)))",RUE 19
_mview_route_passages_pietons.fid-7b1c8a4a_1943c1e8149_3bef,Maritime,Golfe,Golfe 2,Bè-Centre,"MULTIPOLYGON (((1.2421677336298635 6.153511826826979, 1.2421721761016973 6.153535804150502, 1.2422375439015363 6.153526970399857, 1.2422331014297026 6.153504255040379, 1.2421677336298635 6.153511826826979)))",RUE 19
_mview_route_passages_pietons.fid-7b1c8a4a_1943c1e8149_3bf0,Maritime,Golfe,Golfe 2,Bè-Centre,"MULTIPOLYGON (((1.2424862430989096 6.156598407111838, 1.242667182359811 6.156577808368126, 1.2426616574968838 6.1565366108783035, 1.2424820994517136 6.156558582873271, 1.2424862430989096 6.156598407111838)))",
_mview_route_passages_pietons.fid-7b1c8a4a_1943c1e8149_3bf1,Maritime,Golfe,Golfe 2,Bè-Centre,"MULTIPOLYGON (((1.2423348158442358 6.155004287351047, 1.2425074678107457 6.15498780830669, 1.242511611457942 6.155018019887615, 1.2423389594914322 6.155037245438224, 1.2423348158442358 6.155004287351047)))",
_mview_route_passages_pietons.fid-7b1c8a4a_1943c1e8149_3bf2,Maritime,Golfe,Golfe 2,Bè-Centre,"MULTIPOLYGON (((1.2422962203729395 6.154622785614208, 1.2424701618739387 6.1546079947840795, 1.2424655844660168 6.154572724341341, 1.242293931668978 6.154586377416227, 1.2422962203729395 6.154622785614208)))",
_mview_route_passages_pietons.fid-7b1c8a4a_1943c1e8149_3bf3,Maritime,Golfe,Golfe 2,Bè-Centre,"MULTIPOLYGON (((1.2434125830027158 6.159909065959757, 1.2434041098281534 6.159892217453671, 1.2434634220500895 6.159859868320496, 1.243472573078616 6.159877390767876, 1.2434125830027158 6.159909065959757)))",
_mview_route_passages_pietons.fid-7b1c8a4a_1943c1e8149_3bf4,Maritime,Golfe,Golfe 2,Bè-Centre,"MULTIPOLYGON (((1.2427489259406668 6.157851746837017, 1.2427472537790643 6.157837338386764, 1.2428133041623814 6.157828194562364, 1.2428138615495836 6.1578420488417, 1.2427489259406668 6.157851746837017)))",
_mview_route_passages_pietons.fid-7b1c8a4a_1943c1e8149_3bf5,Maritime,Golfe,Golfe 2,Bè-Centre,"MULTIPOLYGON (((1.242559996265086 6.156236725685052, 1.2425589955357743 6.156221469658019, 1.242625043670315 6.15621682651927, 1.242625043670315 6.1562324141992, 1.242559996265086 6.156236725685052)))",
_mview_route_passages_pietons.fid-7b1c8a4a_1943c1e8149_3bf6,Maritime,Golfe,Golfe 2,Bè-Centre,"MULTIPOLYGON (((1.242288333512184 6.153519464710519, 1.242288968151018 6.1535011662263095, 1.2423556052285243 6.153499904261861, 1.2423568745061906 6.15352072667492, 1.242288333512184 6.153519464710519)))",
_mview_route_passages_pietons.fid-7b1c8a4a_1943c1e8149_3bf7,Maritime,Golfe,Golfe 2,Bè-Centre,"MULTIPOLYGON (((1.2390744255449713 6.151894079509257, 1.2391215600320122 6.151758697338257, 1.2390718069623579 6.151737869308893, 1.2390220538927037 6.151870647982131, 1.2390744255449713 6.151894079509257)))",
_mview_route_passages_pietons.fid-7b1c8a4a_1943c1e8149_3bf8,Maritime,Golfe,Golfe 2,Bè-Centre,"MULTIPOLYGON (((1.2373973749073075 6.151112655715514, 1.23735285900288 6.151245434544911, 1.2373004873506126 6.151229813507882, 1.2373476218376536 6.151094431167716, 1.2373973749073075 6.151112655715514)))",
_mview_route_passages_pietons.fid-7b1c8a4a_1943c1e8149_3bf9,Maritime,Golfe,Golfe 2,Bè-Centre,"MULTIPOLYGON (((1.2369252371652266 6.1510923293540865, 1.2369802274001076 6.150959550486452, 1.2370352176349881 6.150975171531427, 1.2369828459827217 6.151110553901956, 1.2369252371652266 6.1510923293540865)))",
_mview_route_passages_pietons.fid-7b1c8a4a_1943c1e8149_3bfa,Maritime,Golfe,Golfe 2,Bè-Centre,"MULTIPOLYGON (((1.2344809551709868 6.150043048686813, 1.2345385639884812 6.149902459019073, 1.2345909356407476 6.14992328712034, 1.2345280896580269 6.150066480294492, 1.2344809551709868 6.150043048686813)))",
_mview_route_passages_pietons.fid-7b1c8a4a_1943c1e8149_3bfb,Maritime,Golfe,Golfe 4,Amoutivé,"MULTIPOLYGON (((1.2320666666666669 6.149606666666668, 1.2320692852492796 6.149476630817952, 1.2321242754841608 6.149479234332736, 1.232119038318934 6.149606806541746, 1.2320666666666669 6.149606666666668)))",
_mview_route_passages_pietons.fid-7b1c8a4a_1943c1e8149_3bfc,Maritime,Golfe,Golfe 2,Bè-Centre,"MULTIPOLYGON (((1.2385248860050382 6.151606640912025, 1.2385442927675137 6.151615378277238, 1.2385724874979025 6.15155312454697, 1.2385534469007569 6.151545479351521, 1.2385248860050382 6.151606640912025)))",
_mview_route_passages_pietons.fid-7b1c8a4a_1943c1e8149_3bfd,Maritime,Golfe,Golfe 2,Bè-Centre,"MULTIPOLYGON (((1.2328729571788786 6.149591597557926, 1.2328877430732728 6.149592132132844, 1.2328888184110467 6.149529854150708, 1.2328751078544264 6.149529586863215, 1.2328729571788786 6.149591597557926)))",
_mview_route_passages_pietons.fid-7b1c8a4a_1943c1e8149_3bfe,Maritime,Golfe,Golfe 2,Bè-Centre,"MULTIPOLYGON (((1.238510715476643 6.151682435299668, 1.2384905098638166 6.151674994831998, 1.2385196957490094 6.15161398299317, 1.2385421464299264 6.151623655602231, 1.238510715476643 6.151682435299668)))",BOULEVARD DE LA PAIX-BOULEVARD DE LA PAIX 
_mview_route_passages_pietons.fid-7b1c8a4a_1943c1e8149_3bff,Maritime,Golfe,Golfe 2,Bè-Centre,"MULTIPOLYGON (((1.2328700000000015 6.149654999999996, 1.2328871113470032 6.149656397578693, 1.2328881178968265 6.1495978532554165, 1.23287251637456 6.149596852497697, 1.2328700000000015 6.149654999999996)))",BOULEVARD DE LA PAIX 
_mview_route_passages_pietons.fid-7b1c8a4a_1943c1e8149_3c00,Maritime,Golfe,Golfe 2,Bè-Centre,"MULTIPOLYGON (((1.242444191773947 6.153221991550047, 1.2424686464974244 6.1532162706476425, 1.242456419135685 6.153149050039786, 1.242431964412209 6.1531562011686844, 1.242444191773947 6.153221991550047)))",BE KPOTA-SUPER TACO
_mview_route_passages_pietons.fid-7b1c8a4a_1943c1e8149_3c01,Maritime,Golfe,Golfe 1,Bè-Est,"MULTIPOLYGON (((1.2424374207192492 6.153011599754251, 1.2424136852523442 6.1530173206588605, 1.2424295088969475 6.153136744528471, 1.242451805850707 6.153133884076816, 1.2424374207192492 6.153011599754251)))",BE KPOTA-SUPER TACO 
_mview_route_passages_pietons.fid-7b1c8a4a_1943c1e8149_3c02,Maritime,Golfe,Golfe 2,Bè-Centre,"MULTIPOLYGON (((1.2526555554930996 6.171725344739093, 1.252680412008855 6.1717582946725305, 1.2525076000421709 6.171851260545119, 1.252485110813631 6.171812426701591, 1.2526555554930996 6.171725344739093)))",
_mview_route_passages_pietons.fid-7b1c8a4a_1943c1e8149_3c03,Maritime,Golfe,Golfe 2,Bè-Centre,"MULTIPOLYGON (((1.2530165454281912 6.172307752456, 1.2530318590138037 6.172356471856841, 1.2528419705522125 6.172453910645091, 1.2528174688152318 6.172420416063651, 1.2530165454281912 6.172307752456)))",
_mview_route_passages_pietons.fid-7b1c8a4a_1943c1e8149_3c04,Maritime,Golfe,Golfe 2,Bè-Centre,"MULTIPOLYGON (((1.2537336772625942 6.175128373264935, 1.253741378218806 6.175154213186873, 1.2535690693235502 6.175188666414167, 1.2535652188454445 6.175162826493907, 1.2537336772625942 6.175128373264935)))",
_mview_route_passages_pietons.fid-7b1c8a4a_1943c1e8149_3c05,Maritime,Golfe,Golfe 2,Bè-Centre,"MULTIPOLYGON (((1.2537782036188274 6.1753083611351265, 1.2537858168621967 6.1753397186969465, 1.2536150626894866 6.175376482732579, 1.253605274233727 6.175345125172934, 1.2537782036188274 6.1753083611351265)))",
_mview_route_passages_pietons.fid-7b1c8a4a_1943c1e8149_3c06,Maritime,Golfe,Golfe 2,Bè-Centre,"MULTIPOLYGON (((1.25421389023972 6.17779011409646, 1.2542034796532089 6.1777448322772095, 1.254353131834314 6.177711194351831, 1.2543635424208264 6.177753888641368, 1.25421389023972 6.17779011409646)))",
_mview_route_passages_pietons.fid-7b1c8a4a_1943c1e8149_3c07,Maritime,Golfe,Golfe 2,Bè-Centre,"MULTIPOLYGON (((1.254141346567543 6.177489008165057, 1.2541302593742305 6.177444916909149, 1.254285480080585 6.177411848464802, 1.2542949833891368 6.177449640972456, 1.254141346567543 6.177489008165057)))",
_mview_route_passages_pietons.fid-7b1c8a4a_1943c1e8149_3c08,Maritime,Golfe,Golfe 2,Bè-Centre,"MULTIPOLYGON (((1.2550846642220854 6.18073757494572, 1.2550929570846656 6.180770553576546, 1.2549377620849747 6.180802354397183, 1.2549318386117039 6.180770553576547, 1.2550846642220854 6.18073757494572)))",
_mview_route_passages_pietons.fid-7b1c8a4a_1943c1e8149_3c09,Maritime,Golfe,Golfe 2,Bè-Centre,"MULTIPOLYGON (((1.2552386129515736 6.181368155545079, 1.2552457211194974 6.181396422909365, 1.2550893414251534 6.18142940149912, 1.255083417951883 6.181401134136596, 1.2552386129515736 6.181368155545079)))",
_mview_route_passages_pietons.fid-7b1c8a4a_1943c1e8149_3c0a,Maritime,Golfe,Golfe 2,Bè-Centre,"MULTIPOLYGON (((1.2559489216465771 6.184192353216519, 1.2559432699960404 6.184168272807339, 1.2557858311596803 6.184215630944353, 1.2557914828102166 6.184239711351373, 1.2559489216465771 6.184192353216519)))",
_mview_route_passages_pietons.fid-7b1c8a4a_1943c1e8149_3c0b,Maritime,Golfe,Golfe 2,Bè-Centre,"MULTIPOLYGON (((1.2560271394178075 6.184490134725388, 1.256033598446992 6.184515820479504, 1.2558729300960407 6.184554349108339, 1.2558656636882075 6.184527057996539, 1.2560271394178075 6.184490134725388)))",
_mview_route_passages_pietons.fid-7b1c8a4a_1943c1e8149_3c0c,Maritime,Golfe,Golfe 2,Bè-Centre,"MULTIPOLYGON (((1.2447718755451271 6.19264543777143, 1.2447803685825123 6.192669360961307, 1.2448384043379737 6.192634179799348, 1.2448299113005894 6.1926158855942015, 1.2447718755451271 6.19264543777143)))",KEGUE-HEDZRANAWOE
_mview_route_passages_pietons.fid-7b1c8a4a_1943c1e8149_3c0d,Maritime,Golfe,Golfe 2,Bè-Centre,"MULTIPOLYGON (((1.246215464310315 6.195927071097796, 1.246221190778876 6.195945776728661, 1.2461516550891902 6.195962042494093, 1.246147564754503 6.1959441501520915, 1.246215464310315 6.195927071097796)))",KEGUE-HEDZRANAWOE
_mview_route_passages_pietons.fid-7b1c8a4a_1943c1e8149_3c0e,Maritime,Golfe,Golfe 2,Bè-Centre,"MULTIPOLYGON (((1.2470345820736388 6.1979277131440895, 1.2470466761070698 6.197954431681696, 1.2469808308139436 6.197974470584011, 1.246971424343497 6.197949087974284, 1.2470345820736388 6.1979277131440895)))",KEGUE-HEDZRANAWOE
_mview_route_passages_pietons.fid-7b1c8a4a_1943c1e8149_3c0f,Maritime,Golfe,Golfe 2,Bè-Centre,"MULTIPOLYGON (((1.2485498166647948 6.201620116401491, 1.248556187867435 6.201637710617268, 1.2484875204612202 6.2016602312126095, 1.2484811492585823 6.201641229460354, 1.2485498166647948 6.201620116401491)))",KEGUE-HEDZRANAWOE
_mview_route_passages_pietons.fid-7b1c8a4a_1943c1e8149_3c10,Maritime,Golfe,Golfe 2,Bè-Centre,"MULTIPOLYGON (((1.2500295888717454 6.206343525649039, 1.2500375273125004 6.206368779771823, 1.2499644936575511 6.206378250067552, 1.249959730593098 6.206352995945224, 1.2500295888717454 6.206343525649039)))",KEGUE-HEDZRANAWOE
_mview_route_passages_pietons.fid-7b1c8a4a_1943c1e8149_3c11,Maritime,Golfe,Golfe 2,Bè-Centre,"MULTIPOLYGON (((1.2461339756412382 6.195732080925394, 1.246142304915053 6.195756922792539, 1.246079590382801 6.195780303372313, 1.2460707711517036 6.19575740988796, 1.2461339756412382 6.195732080925394)))",KEGUE-HEDZRANAWOE
_mview_route_passages_pietons.fid-7b1c8a4a_1943c1e8149_3c12,Maritime,Golfe,Golfe 2,Bè-Centre,"MULTIPOLYGON (((1.2502498965609141 6.207818603951341, 1.2502498965609137 6.207837467518648, 1.2501815871659359 6.207843126588707, 1.2501806384243386 6.207826149378349, 1.2502498965609141 6.207818603951341)))",KEGUE-HEDZRANAWOE
_mview_route_passages_pietons.fid-7b1c8a4a_1943c1e8149_3c13,Maritime,Golfe,Golfe 2,Bè-Centre,"MULTIPOLYGON (((1.2401516139733078 6.181085757738656, 1.240109265747648 6.181083652636813, 1.2401103244532892 6.181072074576496, 1.240153731384591 6.181074179678389, 1.2401516139733078 6.181085757738656)))",KEGUE-HEDZRANAWOE
_mview_route_passages_pietons.fid-7b1c8a4a_1943c1e8149_3c14,Maritime,Golfe,Golfe 2,Bè-Centre,"MULTIPOLYGON (((1.2401587420466895 6.181317176354396, 1.2401089464033657 6.181323496286839, 1.2401089464033668 6.181308749777685, 1.2401587420466886 6.181304536489277, 1.2401587420466895 6.181317176354396)))",KEGUE-HEDZRANAWOE
_mview_route_passages_pietons.fid-7b1c8a4a_1943c1e8149_3c15,Maritime,Golfe,Golfe 2,Bè-Centre,"MULTIPOLYGON (((1.2405618428592744 6.182321681524088, 1.2405176438429388 6.182338691316883, 1.2405119407440568 6.182323099006839, 1.2405575655351133 6.182303254247935, 1.2405618428592744 6.182321681524088)))",KEGUE-HEDZRANAWOE
_mview_route_passages_pietons.fid-7b1c8a4a_1943c1e8149_3c16,Maritime,Golfe,Golfe 2,Bè-Centre,"MULTIPOLYGON (((1.240654433939813 6.182530419274885, 1.2406059575993158 6.18254884654312, 1.2406159380223594 6.1825701087748985, 1.2406587112639738 6.182550264025264, 1.240654433939813 6.182530419274885)))",KEGUE-HEDZRANAWOE
_mview_route_passages_pietons.fid-7b1c8a4a_1943c1e8149_3c17,Maritime,Golfe,Golfe 2,Bè-Centre,"MULTIPOLYGON (((1.2410783333333333 6.183565091846756, 1.2410431216082596 6.1835800947864605, 1.2410364146130075 6.183558423873417, 1.2410733030868937 6.183548421913254, 1.2410783333333333 6.183565091846756)))",KEGUE-HEDZRANAWOE
_mview_route_passages_pietons.fid-7b1c8a4a_1943c1e8149_3c18,Maritime,Golfe,Golfe 2,Bè-Centre,"MULTIPOLYGON (((1.2412474433392013 6.183943152432942, 1.2411738233442287 6.183967549637146, 1.24116646134473 6.183940712712461, 1.2412400813397026 6.183918755227616, 1.2412474433392013 6.183943152432942)))",KEGUE-HEDZRANAWOE
_mview_route_passages_pietons.fid-7b1c8a4a_1943c1e8149_3c19,Maritime,Golfe,Golfe 2,Bè-Centre,"MULTIPOLYGON (((1.242003192213049 6.185788270520792, 1.241956412650154 6.185806239211114, 1.241951096790734 6.185792498447984, 1.241997876353629 6.185774529757198, 1.242003192213049 6.185788270520792)))",KEGUE-HEDZRANAWOE
_mview_route_passages_pietons.fid-7b1c8a4a_1943c1e8149_3c1a,Maritime,Golfe,Golfe 2,Bè-Centre,"MULTIPOLYGON (((1.2420756787788556 6.185966634122119, 1.2420320930018272 6.185986945993861, 1.2420266447796995 6.18597069649653, 1.2420729546677916 6.185950384624164, 1.2420756787788556 6.185966634122119)))",KEGUE-HEDZRANAWOE
_mview_route_passages_pietons.fid-7b1c8a4a_1943c1e8149_3c1b,Maritime,Golfe,Golfe 2,Bè-Centre,"MULTIPOLYGON (((1.242820437294154 6.187775093444614, 1.2427775156245884 6.18779127922643, 1.242771595394303 6.187775093444616, 1.2428174771790113 6.187758907662301, 1.242820437294154 6.187775093444614)))",KEGUE-HEDZRANAWOE
_mview_route_passages_pietons.fid-7b1c8a4a_1943c1e8149_3c1c,Maritime,Golfe,Golfe 2,Bè-Centre,"MULTIPOLYGON (((1.2429237505466653 6.188027922522042, 1.2428828550686637 6.188043559906757, 1.2428797092626633 6.188029486260529, 1.242922177643665 6.188015412613934, 1.2429237505466653 6.188027922522042)))",KEGUE-HEDZRANAWOE
_mview_route_passages_pietons.fid-7b1c8a4a_1943c1e8149_3c1d,Maritime,Golfe,Golfe 2,Bè-Centre,"MULTIPOLYGON (((1.2472928425893959 6.198566228431368, 1.2472542621276417 6.198581144228519, 1.2472606922046003 6.198597125439283, 1.247297129307369 6.19858007881445, 1.2472928425893959 6.198566228431368)))",KEGUE-HEDZRANAWOE
_mview_route_passages_pietons.fid-7b1c8a4a_1943c1e8149_3c1e,Maritime,Golfe,Golfe 2,Bè-Centre,"MULTIPOLYGON (((1.2487613142863272 6.202251769414057, 1.2487203420964035 6.202272135597752, 1.248714196267915 6.202262970815185, 1.2487561927625859 6.202243622940361, 1.2487613142863272 6.202251769414057)))",KEGUE-HEDZRANAWOE
_mview_route_passages_pietons.fid-7b1c8a4a_1943c1e8149_3c1f,Maritime,Golfe,Golfe 2,Bè-Centre,"MULTIPOLYGON (((1.2501489362518168 6.2070200124328, 1.2501154653573787 6.207027499235483, 1.250113791812657 6.207019180565827, 1.250144752390012 6.20701252563001, 1.2501489362518168 6.2070200124328)))",KEGUE-HEDZRANAWOE
_mview_route_passages_pietons.fid-7b1c8a4a_1943c1e8149_3c20,Maritime,Golfe,Golfe 3,Bè-Ouest,"MULTIPOLYGON (((1.2220006992102856 6.158739122590748, 1.2220471123562162 6.1587435020632215, 1.2220399514293798 6.158781500998175, 1.2219977448792287 6.158781360303032, 1.2220006992102856 6.158739122590748)))",DOUMASSESSE
_mview_route_passages_pietons.fid-7b1c8a4a_1943c1e8149_3c21,Maritime,Golfe,Golfe 3,Bè-Ouest,"MULTIPOLYGON (((1.2220258929943872 6.158471249267104, 1.2220747829410963 6.158485407683559, 1.2220648326779382 6.158534358602983, 1.2220214982223339 6.158531415065101, 1.2220258929943872 6.158471249267104)))",DOUMASSESSE
_mview_route_passages_pietons.fid-7b1c8a4a_1943c1e8149_3c22,Maritime,Golfe,Golfe 3,Bè-Ouest,"MULTIPOLYGON (((1.2218338341792199 6.159977166325878, 1.221869035082551 6.159979356756126, 1.2218669019431694 6.159998007137235, 1.2218310106895944 6.159995814404539, 1.2218338341792199 6.159977166325878)))",DOUMASSESSE
_mview_route_passages_pietons.fid-7b1c8a4a_1943c1e8149_3c23,Maritime,Golfe,Golfe 4,Amoutivé,"MULTIPOLYGON (((1.2196042745022515 6.145204602907804, 1.2196614104319596 6.145228566507358, 1.2196504930272138 6.145265270692314, 1.2195966100459692 6.14523699550838, 1.2196042745022515 6.145204602907804)))",SOLIDARITE 
_mview_route_passages_pietons.fid-7b1c8a4a_1943c1e8149_3c24,Maritime,Golfe,Golfe 3,Bè-Ouest,"MULTIPOLYGON (((1.2193933333333349 6.146221666666665, 1.219341881231033 6.146208658028518, 1.2193383377858138 6.146241864793009, 1.219388657777006 6.146251196192041, 1.2193933333333349 6.146221666666665)))",SOLIDARITE 
_mview_route_passages_pietons.fid-7b1c8a4a_1943c1e8149_3c25,Maritime,Golfe,Golfe 3,Bè-Ouest,"MULTIPOLYGON (((1.2193271294416128 6.146468438193533, 1.2192791323749528 6.146448805312208, 1.2192744826833273 6.14647055370933, 1.2193224759422694 6.146491332046813, 1.2193271294416128 6.146468438193533)))",SOLIDARITE 
_mview_route_passages_pietons.fid-7b1c8a4a_1943c1e8149_3c26,Maritime,Golfe,Golfe 3,Bè-Ouest,"MULTIPOLYGON (((1.2191833333333344 6.146971666666668, 1.2191421801457614 6.146958692311491, 1.219128326269255 6.146995301111562, 1.219176346228408 6.147008061287874, 1.2191833333333344 6.146971666666668)))",SOLIDARITE 
_mview_route_passages_pietons.fid-7b1c8a4a_1943c1e8149_3c27,Maritime,Golfe,Golfe 3,Bè-Ouest,"MULTIPOLYGON (((1.2190685522204292 6.1471828642927875, 1.2191142301905153 6.147211653222381, 1.2191049612436053 6.147245986364128, 1.2190569984208661 6.147216044350224, 1.2190685522204292 6.1471828642927875)))",SOLIDARITE 
_mview_route_passages_pietons.fid-7b1c8a4a_1943c1e8149_3c28,Maritime,Golfe,Golfe 3,Bè-Ouest,"MULTIPOLYGON (((1.2189283333333336 6.14785, 1.2188803064835931 6.1478392936296675, 1.218866471605869 6.14787017513554, 1.2189247906116847 6.147882969687433, 1.2189283333333336 6.14785)))",SOLIDARITE 
_mview_route_passages_pietons.fid-7b1c8a4a_1943c1e8149_3c29,Maritime,Golfe,Golfe 3,Bè-Ouest,"MULTIPOLYGON (((1.2186561979258383 6.148850045315877, 1.2185910357067145 6.148830355082995, 1.218590944214392 6.148857845995279, 1.2186584179766378 6.148870671132391, 1.2186561979258383 6.148850045315877)))",SOLIDARITE 
_mview_route_passages_pietons.fid-7b1c8a4a_1943c1e8149_3c2a,Maritime,Golfe,Golfe 3,Bè-Ouest,"MULTIPOLYGON (((1.218447931620097 6.149572529259644, 1.2183781805558198 6.14955626007496, 1.2183746522229608 6.149584884987311, 1.218434123337874 6.149595392550377, 1.218447931620097 6.149572529259644)))",SOLIDARITE 
_mview_route_passages_pietons.fid-7b1c8a4a_1943c1e8149_3c2b,Maritime,Golfe,Golfe 3,Bè-Ouest,"MULTIPOLYGON (((1.2178500000000003 6.151458333333333, 1.217905718571309 6.15146818232861, 1.2179056326959958 6.15149396441139, 1.2178425581461607 6.151484730079017, 1.2178500000000003 6.151458333333333)))",SOLIDARITE 
_mview_route_passages_pietons.fid-7b1c8a4a_1943c1e8149_3c2c,Maritime,Golfe,Golfe 3,Bè-Ouest,"MULTIPOLYGON (((1.2191750000000003 6.146998333333334, 1.2191691525454997 6.147018097989566, 1.2191103340325888 6.146993474691989, 1.2191154935512645 6.146975691198585, 1.2191750000000003 6.146998333333334)))",SOLIDARITE 
_mview_route_passages_pietons.fid-7b1c8a4a_1943c1e8149_3c2d,Maritime,Golfe,Golfe 3,Bè-Ouest,"MULTIPOLYGON (((1.2191096597290743 6.1472205229191745, 1.2191036909482398 6.1472389856849, 1.2190473191292506 6.147217225996658, 1.2190512983164734 6.147200081999231, 1.2191096597290743 6.1472205229191745)))",SOLIDARITE 
_mview_route_passages_pietons.fid-7b1c8a4a_1943c1e8149_3c2e,Maritime,Golfe,Golfe 3,Bè-Ouest,"MULTIPOLYGON (((1.2192704175079037 6.146424759261261, 1.2192780565970873 6.14640121421514, 1.2193391693105555 6.146427797331653, 1.219331530221371 6.146450582859031, 1.2193070851359842 6.146441468648198, 1.2192704175079037 6.146424759261261)))",SOLIDARITE 
_mview_route_passages_pietons.fid-7b1c8a4a_1943c1e8149_3c2f,Maritime,Golfe,Golfe 3,Bè-Ouest,"MULTIPOLYGON (((1.219330390206428 6.146200076544112, 1.2193376747491844 6.14617420986229, 1.219402194985026 6.146199041876867, 1.2193928291443403 6.14622283922308, 1.219330390206428 6.146200076544112)))",SOLIDARITE 
_mview_route_passages_pietons.fid-7b1c8a4a_1943c1e8149_3c30,Maritime,Golfe,Golfe 4,Amoutivé,"MULTIPOLYGON (((1.2195947968165035 6.145232163865029, 1.2196019614934843 6.145201532784421, 1.2196700259248054 6.145223615656665, 1.2196607118447305 6.145248547930679, 1.2195947968165035 6.145232163865029)))",SOLIDARITE 
_mview_route_passages_pietons.fid-7b1c8a4a_1943c1e8149_3c31,Maritime,Golfe,Golfe 3,Bè-Ouest,"MULTIPOLYGON (((1.218788742115648 6.148358014578728, 1.2187224279857662 6.148340611471825, 1.2187154666989821 6.148369224949296, 1.2187795074118277 6.148382038608287, 1.218788742115648 6.148358014578728)))",COMMISSARIAT CENTRAL-TOKOIN RAMCO
_mview_route_passages_pietons.fid-7b1c8a4a_1943c1e8149_3c32,Maritime,Golfe,Golfe 3,Bè-Ouest,"MULTIPOLYGON (((1.218711061262741 6.148653300091877, 1.2186492939423037 6.148645075866118, 1.2186400630362066 6.148667954435058, 1.2187018227350561 6.148678469572108, 1.218711061262741 6.148653300091877)))",COMMISSARIAT CENTRAL-TOKOIN RAMCO
_mview_route_passages_pietons.fid-7b1c8a4a_1943c1e8149_3c33,Maritime,Golfe,Golfe 4,Amoutivé,"MULTIPOLYGON (((1.218496142063569 6.148920077728732, 1.218502280511455 6.148899632234515, 1.2185581403872232 6.148928011800904, 1.2185516950169422 6.148949372763856, 1.218496142063569 6.148920077728732)))",COMMISSARIAT CENTRAL-TOKOIN RAMCO
_mview_route_passages_pietons.fid-7b1c8a4a_1943c1e8149_3c34,Maritime,Golfe,Golfe 4,Amoutivé,"MULTIPOLYGON (((1.2185601913055173 6.148698301761419, 1.2185690831321658 6.148674726629329, 1.218620211135393 6.148703458821421, 1.2186113193087447 6.148726297229413, 1.2185601913055173 6.148698301761419)))",COMMISSARIAT CENTRAL-TOKOIN RAMCO
_mview_route_passages_pietons.fid-7b1c8a4a_1943c1e8149_3c35,Maritime,Golfe,Golfe 4,Amoutivé,"MULTIPOLYGON (((1.2202103376658975 6.143083884653184, 1.2202164479945794 6.14306101315456, 1.2202768324191995 6.143087815691911, 1.2202689249350231 6.143109257720819, 1.2202103376658975 6.143083884653184)))",COMMISSARIAT CENTRAL-TOKOIN RAMCO
_mview_route_passages_pietons.fid-7b1c8a4a_1943c1e8149_3c36,Maritime,Golfe,Golfe 4,Amoutivé,"MULTIPOLYGON (((1.2216080894936954 6.1383682295819595, 1.2215999160511424 6.1383941330570595, 1.2216673469522106 6.138419020708426, 1.2216744987144459 6.138393117234532, 1.2216080894936954 6.1383682295819595)))",COMMISSARIAT CENTRAL-TOKOIN RAMCO
_mview_route_passages_pietons.fid-7b1c8a4a_1943c1e8149_3c37,Maritime,Golfe,Golfe 4,Amoutivé,"MULTIPOLYGON (((1.2198909426893447 6.144215027622668, 1.2198965366810581 6.144190555447623, 1.2199625457832872 6.144213359065312, 1.219953035997373 6.144235606496266, 1.2198909426893447 6.144215027622668)))",COMMISSARIAT CENTRAL-TOKOIN RAMCO
_mview_route_passages_pietons.fid-7b1c8a4a_1943c1e8149_3c38,Maritime,Golfe,Golfe 4,Amoutivé,"MULTIPOLYGON (((1.2204786023148182 6.142163057141343, 1.220485542968227 6.142128553088089, 1.2205549495023182 6.14215201584455, 1.2205466207182272 6.142178238924073, 1.2204786023148182 6.142163057141343)))",COMMISSARIAT CENTRAL-TOKOIN RAMCO
_mview_route_passages_pietons.fid-7b1c8a4a_1943c1e8149_3c39,Maritime,Golfe,Golfe 4,Amoutivé,"MULTIPOLYGON (((1.2215400000000005 6.13883, 1.2215358072719376 6.138848338072705, 1.2214693225840978 6.138826303591454, 1.221476510117918 6.138808437795175, 1.2215400000000005 6.13883)))",COMMISSARIAT CENTRAL-TOKOIN RAMCO
_mview_route_passages_pietons.fid-7b1c8a4a_1943c1e8149_3c3a,Maritime,Golfe,Golfe 3,Bè-Ouest,"MULTIPOLYGON (((1.2395650000000011 6.1974116666666665, 1.2395650000000011 6.1974116666666665, 1.2395650000000011 6.1974116666666665, 1.239510000000001 6.197423333333334, 1.2394916666666667 6.197421666666666, 1.2395650000000011 6.1974116666666665)))",TGRMRRRN34 LOME-VOGAN-ANFOIN
_mview_route_passages_pietons.fid-7b1c8a4a_1943c1e8149_3c3b,Maritime,Golfe,Golfe 3,Bè-Ouest,"MULTIPOLYGON (((1.2403983333333326 6.1997616666666655, 1.2403983333333326 6.1997616666666655, 1.2403983333333326 6.1997616666666655, 1.2403799999999998 6.199794999999997, 1.2403666666666675 6.199803333333332, 1.2403533333333332 6.199808333333334, 1.2403983333333326 6.1997616666666655)))",TGRMRRRN34 LOME-VOGAN-ANFOIN
_mview_route_passages_pietons.fid-7b1c8a4a_1943c1e8149_3c3c,Maritime,Golfe,Golfe 3,Bè-Ouest,"MULTIPOLYGON (((1.211974616375896 6.148495437426565, 1.2119663343033587 6.148547355929996, 1.2119274240644164 6.148543979062397, 1.2119324681395065 6.1484904264039715, 1.211974616375896 6.148495437426565)))",TOKOIN SOLIDARITE-TOKOIN PROTESTANT
_mview_route_passages_pietons.fid-7b1c8a4a_1943c1e8149_3c3d,Maritime,Golfe,Golfe 4,Amoutivé,"MULTIPOLYGON (((1.210107892677252 6.148273101737696, 1.210145383988588 6.148279003929087, 1.2101499294211666 6.148214032526965, 1.2101153114749397 6.1482117503316545, 1.210107892677252 6.148273101737696)))",TOKOIN SOLIDARITE-TOKOIN PROTESTANT
_mview_route_passages_pietons.fid-7b1c8a4a_1943c1e8149_3c3e,Maritime,Golfe,Golfe 3,Bè-Ouest,"MULTIPOLYGON (((1.206482229640553 6.146681335631655, 1.2065300502394907 6.146708025594676, 1.2065557322144747 6.146648930651935, 1.206518091448031 6.14662635631363, 1.206482229640553 6.146681335631655)))",TOKOIN SOLIDARITE-TOKOIN PROTESTANT
_mview_route_passages_pietons.fid-7b1c8a4a_1943c1e8149_3c3f,Maritime,Golfe,Golfe 3,Bè-Ouest,"MULTIPOLYGON (((1.2055975612805465 6.146190504389204, 1.2056225868442583 6.1462022680827015, 1.2056465478770622 6.146144815340723, 1.205624547364572 6.146133061805406, 1.2055975612805465 6.146190504389204)))",TOKOIN SOLIDARITE-TOKOIN PROTESTANT
_mview_route_passages_pietons.fid-7b1c8a4a_1943c1e8149_3c40,Maritime,Golfe,Golfe 4,Amoutivé,"MULTIPOLYGON (((1.2088620575552322 6.147935743341912, 1.2088908911864724 6.147951611857451, 1.2088628810635413 6.148003565081532, 1.208835619535113 6.147988753291333, 1.2088620575552322 6.147935743341912)))",TOKOIN SOLIDARITE-TOKOIN PROTESTANT
_mview_route_passages_pietons.fid-7b1c8a4a_1943c1e8149_3c41,Maritime,Golfe,Golfe 4,Amoutivé,"MULTIPOLYGON (((1.209290103229093 6.148083554790774, 1.209261330330614 6.148081887078879, 1.20925432849019 6.148141572060598, 1.2092841443661477 6.14814429078618, 1.209290103229093 6.148083554790774)))",TOKOIN SOLIDARITE-TOKOIN PROTESTANT
_mview_route_passages_pietons.fid-7b1c8a4a_1943c1e8149_3c42,Maritime,Golfe,Golfe 4,Amoutivé,"MULTIPOLYGON (((1.2109214269079862 6.148331749917095, 1.210943992221317 6.1483328523506815, 1.2109372869562425 6.148395126641315, 1.210914723928394 6.148393339634751, 1.2109214269079862 6.148331749917095)))",TOKOIN SOLIDARITE-TOKOIN PROTESTANT
_mview_route_passages_pietons.fid-7b1c8a4a_1943c1e8149_3c43,Maritime,Golfe,Golfe 4,Amoutivé,"MULTIPOLYGON (((1.2088796087579854 6.147949972449791, 1.208868913302786 6.147942553420404, 1.2088348370850632 6.147989046002882, 1.2088457812717766 6.147995475827803, 1.2088796087579854 6.147949972449791)))",TOKOIN SOLIDARITE-TOKOIN PROTESTANT
_mview_route_passages_pietons.fid-7b1c8a4a_1943c1e8149_3c44,Maritime,Golfe,Golfe 3,Bè-Ouest,"MULTIPOLYGON (((1.20650431673242 6.146694950403297, 1.206485955130399 6.146683583434023, 1.2065240641157244 6.146631915388803, 1.2065413863817815 6.146642248998247, 1.2065192138812282 6.146674972093501, 1.20650431673242 6.146694950403297)))",TOKOIN SOLIDARITE-TOKOIN PROTESTANT
_mview_route_passages_pietons.fid-7b1c8a4a_1943c1e8149_3c45,Maritime,Golfe,Golfe 3,Bè-Ouest,"MULTIPOLYGON (((1.2055522328761352 6.146164906701055, 1.2055690836854744 6.14617607600154, 1.2055985726018175 6.146119764109192, 1.2055817217924796 6.146111387132958, 1.2055522328761352 6.146164906701055)))",TOKOIN SOLIDARITE-TOKOIN PROTESTANT
_mview_route_passages_pietons.fid-7b1c8a4a_1943c1e8149_3c46,Maritime,Golfe,Golfe 3,Bè-Ouest,"MULTIPOLYGON (((1.2127270073866498 6.14859876560372, 1.2127528597578547 6.148601248943869, 1.2127459359403956 6.148666899537811, 1.2127234310355546 6.148665865506884, 1.2127270073866498 6.14859876560372)))",TOKOIN PROTESTANT-TOKOIN  RAMCO
_mview_route_passages_pietons.fid-7b1c8a4a_1943c1e8149_3c47,Maritime,Golfe,Golfe 4,Amoutivé,"MULTIPOLYGON (((1.2148358287417265 6.148894452964169, 1.2148000206495086 6.148892864865368, 1.2147973784493518 6.148953432131889, 1.214830566357788 6.148953054520666, 1.2148358287417265 6.148894452964169)))",TOKOIN PROTESTANT-TOKOIN  RAMCO
_mview_route_passages_pietons.fid-7b1c8a4a_1943c1e8149_3c48,Maritime,Golfe,Golfe 4,Amoutivé,"MULTIPOLYGON (((1.215079354932119 6.148928502651527, 1.2150506012984625 6.14892572266432, 1.2150452840026085 6.148985238982173, 1.2150745300225976 6.148986556662853, 1.215079354932119 6.148928502651527)))",TOKOIN PROTESTANT-TOKOIN  RAMCO
_mview_route_passages_pietons.fid-7b1c8a4a_1943c1e8149_3c49,Maritime,Golfe,Golfe 4,Amoutivé,"MULTIPOLYGON (((1.2169215764019736 6.149178749556608, 1.2168787231724756 6.149174029349469, 1.2168756556051723 6.149236955123861, 1.2169167979122069 6.149240525330481, 1.2169215764019736 6.149178749556608)))",TOKOIN PROTESTANT-TOKOIN  RAMCO
_mview_route_passages_pietons.fid-7b1c8a4a_1943c1e8149_3c4a,Maritime,Golfe,Golfe 4,Amoutivé,"MULTIPOLYGON (((1.2182864155810595 6.1493657569050235, 1.2182826183227933 6.149434884521117, 1.2183166549008186 6.149438893276575, 1.218322075722754 6.149369121869705, 1.2182864155810595 6.1493657569050235)))",TOKOIN PROTESTANT-TOKOIN  RAMCO
_mview_route_passages_pietons.fid-7b1c8a4a_1943c1e8149_3c4b,Maritime,Golfe,Golfe 3,Bè-Ouest,"MULTIPOLYGON (((1.2047730869431366 6.14572362693737, 1.2047906146472414 6.145733022346842, 1.2048178049664695 6.145682757554874, 1.204800452830557 6.145674131349061, 1.2047730869431366 6.14572362693737)))",TOKOIN PROTESTANT-TOKOIN  RAMCO
_mview_route_passages_pietons.fid-7b1c8a4a_1943c1e8149_3c4c,Maritime,Golfe,Golfe 3,Bè-Ouest,"MULTIPOLYGON (((1.2127266666666672 6.148655, 1.2127149272843925 6.148653579476698, 1.2127289685063285 6.148599339701723, 1.2127411682565348 6.148601399440115, 1.2127266666666672 6.148655)))",TOKOIN PROTESTANT-TOKOIN  RAMCO
_mview_route_passages_pietons.fid-7b1c8a4a_1943c1e8149_3c4d,Maritime,Golfe,Golfe 4,Amoutivé,"MULTIPOLYGON (((1.2182615058673445 6.149433757602907, 1.2183031343744801 6.14943657957827, 1.2183192181158726 6.149365089530985, 1.2182794818136085 6.1493622675552375, 1.2182615058673445 6.149433757602907)))",TOKOIN PROTESTANT-TOKOIN  RAMCO
_mview_route_passages_pietons.fid-7b1c8a4a_1943c1e8149_3c4e,Maritime,Golfe,Golfe 3,Bè-Ouest,"MULTIPOLYGON (((1.201738777272528 6.149546693501852, 1.2017222430628365 6.149542415445356, 1.2017208120080154 6.149582036159959, 1.201736382605484 6.149583387777722, 1.201738777272528 6.149546693501852)))",TOKOIN SOLIDARITE 
_mview_route_passages_pietons.fid-7b1c8a4a_1943c1e8149_3c4f,Maritime,Golfe,Golfe 3,Bè-Ouest,"MULTIPOLYGON (((1.2016503255782358 6.149375649574167, 1.2016613050526814 6.149324007560832, 1.2015437223104481 6.149299574963307, 1.2015255470150086 6.149348789070721, 1.2016503255782358 6.149375649574167)))",TOKOIN CASSABLANCA-TOKOIN PROTESTANT
_mview_route_passages_pietons.fid-7b1c8a4a_1943c1e8149_3c50,Maritime,Golfe,Golfe 3,Bè-Ouest,"MULTIPOLYGON (((1.2037712627643873 6.1466273023980955, 1.2037491340377775 6.146653968567899, 1.2036699605020083 6.146564121605619, 1.2036907423153749 6.146540793480246, 1.2037712627643873 6.1466273023980955)))",TOKOIN CASSABLANCA-TOKOIN PROTESTANT
_mview_route_passages_pietons.fid-7b1c8a4a_1943c1e8149_3c51,Maritime,Golfe,Golfe 3,Bè-Ouest,"MULTIPOLYGON (((1.2035635633597153 6.146868465889274, 1.2035366912278571 6.146898999562965, 1.2034480579834466 6.1468154425666786, 1.2034758765300186 6.146787783080182, 1.2035635633597153 6.146868465889274)))",TOKOIN CASSABLANCA-TOKOIN PROTESTANT
_mview_route_passages_pietons.fid-7b1c8a4a_1943c1e8149_3c52,Maritime,Golfe,Golfe 3,Bè-Ouest,"MULTIPOLYGON (((1.2031490386506745 6.147334837944834, 1.203129290645406 6.147358477483907, 1.2030388398516931 6.147274701564302, 1.2030574109520897 6.147253829240311, 1.2031490386506745 6.147334837944834)))",TOKOIN CASSABLANCA-TOKOIN PROTESTANT
_mview_route_passages_pietons.fid-7b1c8a4a_1943c1e8149_3c53,Maritime,Golfe,Golfe 3,Bè-Ouest,"MULTIPOLYGON (((1.202203485197828 6.1484222782220925, 1.2021707956453513 6.148465602815047, 1.2020818652629288 6.148386879967413, 1.2021109064334683 6.1483531952353125, 1.202203485197828 6.1484222782220925)))",TOKOIN CASSABLANCA-TOKOIN PROTESTANT
_mview_route_passages_pietons.fid-7b1c8a4a_1943c1e8149_3c54,Maritime,Golfe,Golfe 3,Bè-Ouest,"MULTIPOLYGON (((1.2018967398443459 6.148850294712693, 1.2018664446681568 6.148898453396389, 1.2017606033048536 6.148830532213794, 1.2017872581982592 6.1487896003821785, 1.2018967398443459 6.148850294712693)))",TOKOIN CASSABLANCA-TOKOIN PROTESTANT
_mview_route_passages_pietons.fid-7b1c8a4a_1943c1e8149_3c55,Maritime,Golfe,Golfe 3,Bè-Ouest,"MULTIPOLYGON (((1.2014797452014558 6.151023494087011, 1.201481355919262 6.151048969552722, 1.2014194370568942 6.151049610016796, 1.2014203651278503 6.151025841104961, 1.2014797452014558 6.151023494087011)))",TGRMRRRN5 LOME-AMOUZOU COPE
_mview_route_passages_pietons.fid-7b1c8a4a_1943c1e8149_3c56,Maritime,Golfe,Golfe 3,Bè-Ouest,"MULTIPOLYGON (((1.2014899999999995 6.151238333333334, 1.2014899450359997 6.151254684918741, 1.2014275516303776 6.151255379877256, 1.201428055456303 6.151239994875148, 1.2014899999999995 6.151238333333334)))",TGRMRRRN5 LOME-AMOUZOU COPE
_mview_route_passages_pietons.fid-7b1c8a4a_1943c1e8149_3c57,Maritime,Golfe,Golfe 3,Bè-Ouest,"MULTIPOLYGON (((1.2015187705576236 6.151869791218317, 1.2015200538485524 6.151891517939959, 1.2014572021772996 6.151894021536838, 1.2014572691173517 6.1518741095637, 1.2015187705576236 6.151869791218317)))",TGRMRRRN5 LOME-AMOUZOU COPE
_mview_route_passages_pietons.fid-7b1c8a4a_1943c1e8149_3c58,Maritime,Golfe,Golfe 4,Amoutivé,"MULTIPOLYGON (((1.2077399104050615 6.147311303567323, 1.2077450486879937 6.147305498212575, 1.207762220443941 6.147319297118667, 1.2077580144097109 6.147324639793308, 1.2077399104050615 6.147311303567323)))",TOKOIN PROTESTANT-TOKOIN RAMCO
_mview_route_passages_pietons.fid-7b1c8a4a_1943c1e8149_3c59,Maritime,Golfe,Golfe 4,Amoutivé,"MULTIPOLYGON (((1.2062537593331304 6.144133749487403, 1.2062602737552008 6.144150751617125, 1.20623950903485 6.14415824065028, 1.2062323947996352 6.14414148145645, 1.2062537593331304 6.144133749487403)))",TOKOIN PROTESTANT-TOKOIN RAMCO
_mview_route_passages_pietons.fid-7b1c8a4a_1943c1e8149_3c5a,Maritime,Golfe,Golfe 4,Amoutivé,"MULTIPOLYGON (((1.2077741098596069 6.147271884418146, 1.2077669578343622 6.147280877615908, 1.2077831550680025 6.147295517704961, 1.2077903070932465 6.1472869427957075, 1.2077741098596069 6.147271884418146)))",TOKOIN PROTESTANT-TOKOIN RAMCO
_mview_route_passages_pietons.fid-7b1c8a4a_1943c1e8149_3c5b,Maritime,Golfe,Golfe 4,Amoutivé,"MULTIPOLYGON (((1.2080523949649336 6.146669303466013, 1.2080369402843452 6.146657429868013, 1.2080025184957641 6.1467056227053165, 1.208020431875535 6.14671749630224, 1.2080523949649336 6.146669303466013)))",TOKOIN PROTESTANT-TOKOIN RAMCO
_mview_route_passages_pietons.fid-7b1c8a4a_1943c1e8149_3c5c,Maritime,Golfe,Golfe 4,Amoutivé,"MULTIPOLYGON (((1.2064564893718728 6.144656364174901, 1.2064592855325118 6.144664009439377, 1.206481654817625 6.144654974126809, 1.2064788586569875 6.14464756053689, 1.2064564893718728 6.144656364174901)))",TOKOIN PROTESTANT-TOKOIN RAMCO
_mview_route_passages_pietons.fid-7b1c8a4a_1943c1e8149_3c5d,Maritime,Golfe,Golfe 4,Amoutivé,"MULTIPOLYGON (((1.206757266618999 6.14535132398374, 1.2067544754847397 6.145343503261228, 1.206777819516722 6.145335682538596, 1.2067808643904576 6.145343250979854, 1.206757266618999 6.14535132398374)))",TOKOIN PROTESTANT-TOKOIN RAMCO
_mview_route_passages_pietons.fid-7b1c8a4a_1943c1e8149_3c5e,Maritime,Golfe,Golfe 4,Amoutivé,"MULTIPOLYGON (((1.2070416974125147 6.145967083532691, 1.2070359479714474 6.14596046454849, 1.2070565249184246 6.145946624853981, 1.2070625769616543 6.145952942975432, 1.2070416974125147 6.145967083532691)))",TOKOIN PROTESTANT-TOKOIN RAMCO
_mview_route_passages_pietons.fid-7b1c8a4a_1943c1e8149_3c5f,Maritime,Golfe,Golfe 4,Amoutivé,"MULTIPOLYGON (((1.2075642676190894 6.146320046776736, 1.2075607974148561 6.146316861924573, 1.2075465161897467 6.146335440228577, 1.2075498529245843 6.146337696165446, 1.2075642676190894 6.146320046776736)))",TOKOIN PROTESTANT-TOKOIN RAMCO
_mview_route_passages_pietons.fid-7b1c8a4a_1943c1e8149_3c60,Maritime,Golfe,Golfe 3,Bè-Ouest,"MULTIPOLYGON (((1.2021231389196438 6.159248910549152, 1.2020664580204354 6.159247648913488, 1.2020683845346947 6.1593108182953085, 1.2021229264025568 6.159312072721801, 1.2021231389196438 6.159248910549152)))",TODMAN BOULEVARD DE LA KARA-BOULEVARD JEAN PAUL 2
_mview_route_passages_pietons.fid-7b1c8a4a_1943c1e8149_3c61,Maritime,Golfe,Golfe 3,Bè-Ouest,"MULTIPOLYGON (((1.2055095316722735 6.159503611370636, 1.205504930079572 6.159574912397253, 1.2055550793843912 6.159579447459342, 1.20556040798469 6.159508148876589, 1.2055095316722735 6.159503611370636)))",TODMAN BOULEVARD DE LA KARA-BOULEVARD JEAN PAUL 2
_mview_route_passages_pietons.fid-7b1c8a4a_1943c1e8149_3c62,Maritime,Golfe,Golfe 3,Bè-Ouest,"MULTIPOLYGON (((1.2047609326716138 6.159440609059077, 1.204756941804015 6.159510033531471, 1.2047910422030483 6.1595121735937735, 1.2047956130985822 6.159442172423098, 1.2047609326716138 6.159440609059077)))",TODMAN BOULEVARD DE LA KARA-BOULEVARD JEAN PAUL 2
_mview_route_passages_pietons.fid-7b1c8a4a_1943c1e8149_3c63,Maritime,Golfe,Golfe 3,Bè-Ouest,"MULTIPOLYGON (((1.2067123685902685 6.159740376548368, 1.2066722235896916 6.159797683113759, 1.2067008494306573 6.159817774858012, 1.2067399048251992 6.159760464626054, 1.2067123685902685 6.159740376548368)))",TODMAN BOULEVARD DE LA KARA-BOULEVARD JEAN PAUL 2
_mview_route_passages_pietons.fid-7b1c8a4a_1943c1e8149_3c64,Maritime,Golfe,Golfe 4,Amoutivé,"MULTIPOLYGON (((1.2017258368233008 6.1592061620824285, 1.201870469592127 6.159205727631705, 1.201868800937409 6.1591540842547445, 1.201725086287531 6.159155443907353, 1.2017258368233008 6.1592061620824285)))",ROND-POINT ATIKOUME-TOKOIN CASSABLANCA
_mview_route_passages_pietons.fid-7b1c8a4a_1943c1e8149_3c65,Maritime,Golfe,Golfe 4,Amoutivé,"MULTIPOLYGON (((1.2375042378762149 6.1276681825458885, 1.2374749525269662 6.127658476536534, 1.237459333674035 6.127716712590001, 1.2374905713798987 6.12772641859829, 1.2375042378762149 6.1276681825458885)))",BOULEVARD DE LA RÉPUBLIQUE
_mview_route_passages_pietons.fid-7b1c8a4a_1943c1e8149_3c66,Maritime,Golfe,Golfe 4,Amoutivé,"MULTIPOLYGON (((1.2273515052117256 6.123856375768455, 1.2273804460346058 6.123865531665071, 1.227342296768082 6.12391654308621, 1.2273159869290993 6.123903463235099, 1.2273515052117256 6.123856375768455)))",BOULEVARD DE LA RÉPUBLIQUE
_mview_route_passages_pietons.fid-7b1c8a4a_1943c1e8149_3c67,Maritime,Golfe,Golfe 4,Amoutivé,"MULTIPOLYGON (((1.2225492360076873 6.122260837284305, 1.2225858472015372 6.122272213029476, 1.2225629652053807 6.122331366900473, 1.2225309304107619 6.122317716007748, 1.2225492360076873 6.122260837284305)))",BOULEVARD DE LA RÉPUBLIQUE
_mview_route_passages_pietons.fid-7b1c8a4a_1943c1e8149_3c68,Maritime,Golfe,Golfe 4,Amoutivé,"MULTIPOLYGON (((1.2191605382229564 6.120748470164155, 1.2190877771020363 6.120896904872942, 1.2191643017292115 6.120920604528511, 1.219228281335538 6.120772169826306, 1.2191605382229564 6.120748470164155)))",BOULEVARD DE LA RÉPUBLIQUE
_mview_route_passages_pietons.fid-7b1c8a4a_1943c1e8149_3c69,Maritime,Golfe,Golfe 4,Amoutivé,"MULTIPOLYGON (((1.2187665512978632 6.1207836228874815, 1.218708427379046 6.120757616228698, 1.2187752698856864 6.120610245138356, 1.2188333938045037 6.1206275829158026, 1.2187665512978632 6.1207836228874815)))",BOULEVARD DE LA RÉPUBLIQUE
_mview_route_passages_pietons.fid-7b1c8a4a_1943c1e8149_3c6a,Maritime,Golfe,Golfe 4,Amoutivé,"MULTIPOLYGON (((1.2274067558735875 6.1237556608952985, 1.2274396431723162 6.123768740750029, 1.227404124889691 6.123823676136396, 1.2273778150507073 6.123811904268366, 1.2274067558735875 6.1237556608952985)))",TGRMRRRN2/3 AFLAO AVEPOZO VOIE SUD
_mview_route_passages_pietons.fid-7b1c8a4a_1943c1e8149_3c6b,Maritime,Golfe,Golfe 4,Amoutivé,"MULTIPOLYGON (((1.222574406203459 6.122165281015299, 1.2226041527984626 6.122178931911918, 1.2225904236007685 6.122233535494909, 1.222558388806149 6.12222215974891, 1.222574406203459 6.122165281015299)))",TGRMRRRN2/3 AFLAO AVEPOZO VOIE SUD
_mview_route_passages_pietons.fid-7b1c8a4a_1943c1e8149_3c6c,Maritime,Golfe,Golfe 4,Amoutivé,"MULTIPOLYGON (((1.221241562082303 6.136716378930709, 1.2212203844734264 6.136707605491626, 1.2212045012667703 6.136756736748638, 1.2212283260767556 6.1367637554992704, 1.221241562082303 6.136716378930709)))",ROND POINT PALAIS DE LOMÉ-ROND POINT COMMISSARIAT
_mview_route_passages_pietons.fid-7b1c8a4a_1943c1e8149_3c6d,Maritime,Golfe,Golfe 4,Amoutivé,"MULTIPOLYGON (((1.214988408057302 6.133254410458399, 1.2150865729341143 6.1331679469322, 1.2150679002673295 6.133128163096417, 1.2149505292189675 6.133220992041956, 1.214988408057302 6.133254410458399)))",ROND POINT PALAIS DE LOMÉ-ROND POINT COMMISSARIAT
_mview_route_passages_pietons.fid-7b1c8a4a_1943c1e8149_3c6e,Maritime,Golfe,Golfe 4,Amoutivé,"MULTIPOLYGON (((1.2096809765334096 6.124221843417176, 1.209826377135831 6.124262586093171, 1.2098462044907077 6.124170586497802, 1.2097060911829185 6.1241337866552135, 1.2096809765334096 6.124221843417176)))",ROND POINT PALAIS DE LOMÉ-ROND POINT COMMISSARIAT
_mview_route_passages_pietons.fid-7b1c8a4a_1943c1e8149_3c6f,Maritime,Golfe,Golfe 4,Amoutivé,"MULTIPOLYGON (((1.2102370686108082 6.122222662667712, 1.2102132757849582 6.1222883769057015, 1.2103639636820127 6.1223396340057175, 1.2103890783315219 6.122269976919875, 1.2102370686108082 6.122222662667712)))",ROND POINT PALAIS DE LOMÉ-ROND POINT COMMISSARIAT
_mview_route_passages_pietons.fid-7b1c8a4a_1943c1e8149_3c70,Maritime,Golfe,Golfe 4,Amoutivé,"MULTIPOLYGON (((1.210435 6.1214783333333305, 1.2104570251015139 6.121409622996358, 1.2106158208933182 6.121458204644844, 1.2105995341454412 6.121527028639299, 1.210435 6.1214783333333305)))",ROND POINT PALAIS DE LOMÉ-ROND POINT COMMISSARIAT
_mview_route_passages_pietons.fid-7b1c8a4a_1943c1e8149_3c71,Maritime,Golfe,Golfe 4,Amoutivé,"MULTIPOLYGON (((1.2119562626999056 6.1302049171756785, 1.2119880757249089 6.130240269593047, 1.2120928715719788 6.130136072987766, 1.2120629299013868 6.130102581217463, 1.2119562626999056 6.1302049171756785)))",ROND POINT PALAIS DE LOMÉ-ROND POINT COMMISSARIAT
_mview_route_passages_pietons.fid-7b1c8a4a_1943c1e8149_3c72,Maritime,Golfe,Golfe 4,Amoutivé,"MULTIPOLYGON (((1.212313217646941 6.130560900587766, 1.212336728140443 6.130588659634392, 1.212442525361201 6.130484928452767, 1.2124160760560105 6.130460091406286, 1.212313217646941 6.130560900587766)))",ROND POINT PALAIS DE LOMÉ-ROND POINT COMMISSARIAT
_mview_route_passages_pietons.fid-7b1c8a4a_1943c1e8149_3c73,Maritime,Golfe,Golfe 4,Amoutivé,"MULTIPOLYGON (((1.2095514520018722 6.124701094153402, 1.2095718497837156 6.124642785262891, 1.2097197337020786 6.124680812800902, 1.2097095348111573 6.124731516180706, 1.2095514520018722 6.124701094153402)))",ROND POINT PALAIS DE LOMÉ-ROND POINT COMMISSARIAT
_mview_route_passages_pietons.fid-7b1c8a4a_1943c1e8149_3c74,Maritime,Golfe,Golfe 4,Amoutivé,"MULTIPOLYGON (((1.2093611613070672 6.125397950933235, 1.2093433132479543 6.125446119079464, 1.209503945779971 6.125468935568265, 1.2095192441163538 6.1254233025896845, 1.2093611613070672 6.125397950933235)))",ROND POINT PALAIS DE LOMÉ-ROND POINT COMMISSARIAT
_mview_route_passages_pietons.fid-7b1c8a4a_1943c1e8149_3c75,Maritime,Golfe,Golfe 4,Amoutivé,"MULTIPOLYGON (((1.2091232545487598 6.126330845674953, 1.2091289544388353 6.126277005960968, 1.2092828514708749 6.1263053426532155, 1.209274301635761 6.126353515026587, 1.2091232545487598 6.126330845674953)))",ROND POINT PALAIS DE LOMÉ-ROND POINT COMMISSARIAT
_mview_route_passages_pietons.fid-7b1c8a4a_1943c1e8149_3c76,Maritime,Golfe,Golfe 4,Amoutivé,"MULTIPOLYGON (((1.2092943274183425 6.12712196627553, 1.2092752392208608 6.127078585344071, 1.2094279448007212 6.1270189365575565, 1.2094470329982034 6.1270623174938645, 1.2092943274183425 6.12712196627553)))",ROND POINT PALAIS DE LOMÉ-ROND POINT COMMISSARIAT
_mview_route_passages_pietons.fid-7b1c8a4a_1943c1e8149_3c77,Maritime,Golfe,Golfe 4,Amoutivé,"MULTIPOLYGON (((1.210715989150823 6.1289698656141525, 1.2107406186944505 6.128992721792758, 1.2108407788385318 6.128875175720915, 1.210821075203631 6.128855584706425, 1.210715989150823 6.1289698656141525)))",ROND POINT PALAIS DE LOMÉ-ROND POINT COMMISSARIAT
_mview_route_passages_pietons.fid-7b1c8a4a_1943c1e8149_3c78,Maritime,Golfe,Golfe 4,Amoutivé,"MULTIPOLYGON (((1.2136007357570218 6.1316643984686765, 1.2136269896828102 6.131695248329103, 1.2135195872591236 6.131787797899661, 1.2134909466128068 6.131752201912885, 1.2136007357570218 6.1316643984686765)))",ROND POINT PALAIS DE LOMÉ-ROND POINT COMMISSARIAT
_mview_route_passages_pietons.fid-7b1c8a4a_1943c1e8149_3c79,Maritime,Golfe,Golfe 4,Amoutivé,"MULTIPOLYGON (((1.2136902324562753 6.131949073675067, 1.2137253930139444 6.131987529000217, 1.2138203265196494 6.131882650834171, 1.2137851659619812 6.1318476914409015, 1.2136902324562753 6.131949073675067)))",ROND POINT PALAIS DE LOMÉ-ROND POINT COMMISSARIAT
_mview_route_passages_pietons.fid-7b1c8a4a_1943c1e8149_3c7a,Maritime,Golfe,Golfe 4,Amoutivé,"MULTIPOLYGON (((1.2163633048457456 6.134381199659442, 1.2163874634378944 6.134397577109223, 1.2164775090995403 6.134280751289796, 1.216456644860866 6.134265465666671, 1.2163633048457456 6.134381199659442)))",ROND POINT PALAIS DE LOMÉ-ROND POINT COMMISSARIAT
_mview_route_passages_pietons.fid-7b1c8a4a_1943c1e8149_3c7b,Maritime,Golfe,Golfe 4,Amoutivé,"MULTIPOLYGON (((1.2154680840777274 6.133532426558774, 1.2154905621013052 6.1335558933757435, 1.2153849153904945 6.133664287707401, 1.2153590656633804 6.133640820895198, 1.2154680840777274 6.133532426558774)))",ROND POINT PALAIS DE LOMÉ-ROND POINT COMMISSARIAT
_mview_route_passages_pietons.fid-7b1c8a4a_1943c1e8149_3c7c,Maritime,Golfe,Golfe 4,Amoutivé,"MULTIPOLYGON (((1.216689771823269 6.1344295579783354, 1.2167205747736627 6.1344525279052755, 1.2166410004851476 6.134571205845366, 1.216610197534754 6.134549512030334, 1.216689771823269 6.1344295579783354)))",ROND POINT PALAIS DE LOMÉ-ROND POINT COMMISSARIAT
_mview_route_passages_pietons.fid-7b1c8a4a_1943c1e8149_3c7d,Maritime,Golfe,Golfe 4,Amoutivé,"MULTIPOLYGON (((1.2212605887363663 6.136583381317842, 1.2212990144445333 6.136595009086103, 1.2212321871259813 6.136781053343771, 1.2211937614178126 6.136764442251976, 1.2212605887363663 6.136583381317842)))",ROND POINT PALAIS DE LOMÉ-ROND POINT COMMISSARIAT
_mview_route_passages_pietons.fid-7b1c8a4a_1943c1e8149_3c7e,Maritime,Golfe,Golfe 4,Amoutivé,"MULTIPOLYGON (((1.2215605254929531 6.136898150715031, 1.2215966756301062 6.136908933606438, 1.221649695831264 6.136723228223928, 1.2216147506986827 6.136714841527706, 1.2215605254929531 6.136898150715031)))",ROND POINT PALAIS DE LOMÉ-ROND POINT COMMISSARIAT
_mview_route_passages_pietons.fid-7b1c8a4a_1943c1e8149_3c7f,Maritime,Golfe,Golfe 4,Amoutivé,"MULTIPOLYGON (((1.2120605541513452 6.130210388882759, 1.2120143436121547 6.130262299359991, 1.2119934600030968 6.130242197856643, 1.2120385597120193 6.13019293812545, 1.2120605541513452 6.130210388882759)))",ROND POINT PALAIS DE LOMÉ-ROND POINT COMMISSARIAT
_mview_route_passages_pietons.fid-7b1c8a4a_1943c1e8149_3c80,Maritime,Golfe,Golfe 4,Amoutivé,"MULTIPOLYGON (((1.212420023091918 6.13057233149203, 1.2123690462026642 6.13062089018905, 1.2123408841449663 6.1305882814295, 1.2123893656620168 6.130540077172592, 1.212420023091918 6.13057233149203)))",ROND POINT PALAIS DE LOMÉ-ROND POINT COMMISSARIAT
_mview_route_passages_pietons.fid-7b1c8a4a_1943c1e8149_3c81,Maritime,Golfe,Golfe 4,Amoutivé,"MULTIPOLYGON (((1.2113469579710572 6.118227013089129, 1.2113555450494382 6.118194935961576, 1.2115018216647886 6.118234727091406, 1.2114949218244422 6.118263541355988, 1.2113469579710572 6.118227013089129)))",ROND POINT PALAIS DE LOMÉ-ROND POINT COMMISSARIAT
_mview_route_passages_pietons.fid-7b1c8a4a_1943c1e8149_3c82,Maritime,Golfe,Golfe 4,Amoutivé,"MULTIPOLYGON (((1.2104586683182346 6.122019368076099, 1.210467049899784 6.12197978261174, 1.2103193245249728 6.121945405758737, 1.210308847548035 6.121982907780085, 1.2104586683182346 6.122019368076099)))",ROND POINT PALAIS DE LOMÉ-ROND POINT COMMISSARIAT
_mview_route_passages_pietons.fid-7b1c8a4a_1943c1e8149_3c83,Maritime,Golfe,Golfe 4,Amoutivé,"MULTIPOLYGON (((1.210094597161376 6.1281989978652955, 1.210147470107712 6.128158255489739, 1.2101104590452756 6.128116198840741, 1.2100483333333327 6.128138541435934, 1.210094597161376 6.1281989978652955)))",ROND POINT PALAIS DE LOMÉ-ROND POINT COMMISSARIAT
_mview_route_passages_pietons.fid-7b1c8a4a_1943c1e8149_3c84,Maritime,Golfe,Golfe 4,Amoutivé,"MULTIPOLYGON (((1.211108805722857 6.129143151191768, 1.2110610400212893 6.129186005033526, 1.2110734813203008 6.129200142382631, 1.2111239130145148 6.129159276606854, 1.211108805722857 6.129143151191768)))",ROND POINT PALAIS DE LOMÉ-ROND POINT COMMISSARIAT
_mview_route_passages_pietons.fid-7b1c8a4a_1943c1e8149_3c85,Maritime,Golfe,Golfe 4,Amoutivé,"MULTIPOLYGON (((1.210838824842917 6.120053661633986, 1.2108485343040833 6.120019310913267, 1.2109958633889635 6.120064822187523, 1.21098585073271 6.120097533413502, 1.210838824842917 6.120053661633986)))",ROND POINT PALAIS DE LOMÉ-ROND POINT COMMISSARIAT
_mview_route_passages_pietons.fid-7b1c8a4a_1943c1e8149_3c86,Maritime,Golfe,Golfe 5,Aflao-Gakli,"MULTIPOLYGON (((1.1924233333333347 6.193359999999999, 1.1923783333333322 6.193355, 1.1923649999999995 6.193381666666666, 1.192430000000001 6.193401666666666, 1.1924233333333347 6.193359999999999)))",AGBALEPEDOGAN
_mview_route_passages_pietons.fid-7b1c8a4a_1943c1e8149_3c87,Maritime,Golfe,Golfe 4,Amoutivé,"MULTIPOLYGON (((1.2224696857770099 6.136780792510313, 1.2224918702243526 6.136782683735365, 1.2224843527466736 6.136847817779148, 1.2224682438659307 6.136843546694553, 1.2224696857770099 6.136780792510313)))",ROND POINT COMMISSARIAT CENTRAL_ROND POINT PLAGE DEKON
_mview_route_passages_pietons.fid-7b1c8a4a_1943c1e8149_3c88,Maritime,Golfe,Golfe 4,Amoutivé,"MULTIPOLYGON (((1.2252016666666674 6.136784999999998, 1.2252264355126277 6.136783073604404, 1.2252327939739065 6.1368320692900085, 1.225212128974749 6.136838391313628, 1.2252016666666674 6.136784999999998)))",ROND POINT COMMISSARIAT CENTRAL_ROND POINT PLAGE DEKON
_mview_route_passages_pietons.fid-7b1c8a4a_1943c1e8149_3c89,Maritime,Golfe,Golfe 4,Amoutivé,"MULTIPOLYGON (((1.2262600000000006 6.136591666666667, 1.2262937933847888 6.136585111750239, 1.226300069415662 6.1366495924543445, 1.2262749652921694 6.136657912544627, 1.2262600000000006 6.136591666666667)))",ROND POINT COMMISSARIAT CENTRAL_ROND POINT PLAGE DEKON
_mview_route_passages_pietons.fid-7b1c8a4a_1943c1e8149_3c8a,Maritime,Golfe,Golfe 4,Amoutivé,"MULTIPOLYGON (((1.2277268939233823 6.136287791372175, 1.227707521651884 6.136290680563714, 1.2277191450147833 6.136338833753702, 1.2277346428319809 6.136335944562424, 1.2277268939233823 6.136287791372175)))",ROND POINT COMMISSARIAT CENTRAL_ROND POINT PLAGE DEKON
_mview_route_passages_pietons.fid-7b1c8a4a_1943c1e8149_3c8b,Maritime,Golfe,Golfe 4,Amoutivé,"MULTIPOLYGON (((1.2291733333333332 6.135953333333334, 1.2291850000000002 6.13606, 1.2292199419042893 6.136051687468257, 1.2292068423211633 6.135945630537241, 1.2291733333333332 6.135953333333334)))",ROND POINT COMMISSARIAT CENTRAL_ROND POINT PLAGE DEKON
_mview_route_passages_pietons.fid-7b1c8a4a_1943c1e8149_3c8c,Maritime,Golfe,Golfe 4,Amoutivé,"MULTIPOLYGON (((1.2325584895076682 6.134996811438221, 1.232528255246166 6.135016852174774, 1.2325710871166262 6.135066954012864, 1.2326013213781284 6.135049418370071, 1.2325584895076682 6.134996811438221)))",ROND POINT COMMISSARIAT CENTRAL_ROND POINT PLAGE DEKON
_mview_route_passages_pietons.fid-7b1c8a4a_1943c1e8149_3c8d,Maritime,Golfe,Golfe 4,Amoutivé,"MULTIPOLYGON (((1.225243921281146 6.136906353062817, 1.225221666666667 6.136907933568505, 1.225224845897307 6.136971153792339, 1.2252439212811461 6.136971153792339, 1.225243921281146 6.136906353062817)))",ROND POINT COMMISSAIRE-DECKON
_mview_route_passages_pietons.fid-7b1c8a4a_1943c1e8149_3c8e,Maritime,Golfe,Golfe 4,Amoutivé,"MULTIPOLYGON (((1.226279184020582 6.136717393241224, 1.2263210242264024 6.136706993129512, 1.2263356682984397 6.136771473818868, 1.226302196133783 6.136777713885166, 1.226279184020582 6.136717393241224)))",ROND POINT COMMISSAIRE-DECKON
_mview_route_passages_pietons.fid-7b1c8a4a_1943c1e8149_3c8f,Maritime,Golfe,Golfe 4,Amoutivé,"MULTIPOLYGON (((1.2280416666666665 6.136358333333334, 1.2280620075517399 6.136355495883242, 1.2280687878467642 6.1364219472762, 1.2280523214159906 6.136422910339804, 1.2280416666666665 6.136358333333334)))",ROND POINT COMMISSAIRE-DECKON
_mview_route_passages_pietons.fid-7b1c8a4a_1943c1e8149_3c90,Maritime,Golfe,Golfe 4,Amoutivé,"MULTIPOLYGON (((1.2287804661673285 6.1362198204505685, 1.2287519348313491 6.136224548428496, 1.2287662004993385 6.136290740115074, 1.228792354223986 6.136281284160351, 1.2287804661673285 6.1362198204505685)))",ROND POINT COMMISSAIRE-DECKON
_mview_route_passages_pietons.fid-7b1c8a4a_1943c1e8149_3c91,Maritime,Golfe,Golfe 4,Amoutivé,"MULTIPOLYGON (((1.2111033333333343 6.137146666666665, 1.2110373568166362 6.137107019982564, 1.2110449278923239 6.1370941153792, 1.21111090440902 6.137131753804813, 1.2111033333333343 6.137146666666665)))",TGRMRRRN5 LOME-AMOUZOU COPE
_mview_route_passages_pietons.fid-7b1c8a4a_1943c1e8149_3c92,Maritime,Golfe,Golfe 4,Amoutivé,"MULTIPOLYGON (((1.2098756551281227 6.139711809173635, 1.2098021075357392 6.1396838493359835, 1.2098107601936654 6.139665567902878, 1.2098799814570862 6.139693527741488, 1.2098756551281227 6.139711809173635)))",TGRMRRRN5 LOME-AMOUZOU COPE
_mview_route_passages_pietons.fid-7b1c8a4a_1943c1e8149_3c93,Maritime,Golfe,Golfe 4,Amoutivé,"MULTIPOLYGON (((1.209287233208178 6.140765249711383, 1.2092234198559637 6.14073944068157, 1.2092299093494099 6.1407179331557735, 1.209294804283864 6.140743742186627, 1.209287233208178 6.140765249711383)))",TGRMRRRN5 LOME-AMOUZOU COPE
_mview_route_passages_pietons.fid-7b1c8a4a_1943c1e8149_3c94,Maritime,Golfe,Golfe 4,Amoutivé,"MULTIPOLYGON (((1.2085066131019049 6.14151148426341, 1.2085487948093012 6.141565252996147, 1.2085671817073973 6.141551273126159, 1.2085293263289643 6.141494278267788, 1.2085066131019049 6.14151148426341)))",TGRMRRRN5 LOME-AMOUZOU COPE
_mview_route_passages_pietons.fid-7b1c8a4a_1943c1e8149_3c95,Maritime,Golfe,Golfe 4,Amoutivé,"MULTIPOLYGON (((1.2071979068792154 6.142996162674048, 1.2070984013130492 6.142916585161538, 1.2071189513756246 6.142896153095597, 1.2072195385240334 6.142974655239406, 1.2071979068792154 6.142996162674048)))",TGRMRRRN5 LOME-AMOUZOU COPE
_mview_route_passages_pietons.fid-7b1c8a4a_1943c1e8149_3c96,Maritime,Golfe,Golfe 4,Amoutivé,"MULTIPOLYGON (((1.2059754964978153 6.1443440671367515, 1.2059214173857693 6.14429567553013, 1.2059322332081786 6.144279544993609, 1.2059852307379832 6.144324710494628, 1.2059754964978153 6.1443440671367515)))",TGRMRRRN5 LOME-AMOUZOU COPE
_mview_route_passages_pietons.fid-7b1c8a4a_1943c1e8149_3c97,Maritime,Golfe,Golfe 4,Amoutivé,"MULTIPOLYGON (((1.2149708178941623 6.1341307735523705, 1.2149505304828148 6.134143186632286, 1.2149208796508435 6.134098189216211, 1.2149349247817773 6.134085776135245, 1.2149708178941623 6.1341307735523705)))",TGRMRRRN5 LOME-AMOUZOU COPE
_mview_route_passages_pietons.fid-7b1c8a4a_1943c1e8149_3c98,Maritime,Golfe,Golfe 4,Amoutivé,"MULTIPOLYGON (((1.213565 6.135098333333332, 1.2136183333333332 6.135161666666666, 1.213597337597477 6.135183448957956, 1.2135475533017932 6.135123189112097, 1.213565 6.135098333333332)))",TGRMRRRN5 LOME-AMOUZOU COPE
_mview_route_passages_pietons.fid-7b1c8a4a_1943c1e8149_3c99,Maritime,Golfe,Golfe 4,Amoutivé,"MULTIPOLYGON (((1.21329 6.1354216666666685, 1.2132666666666663 6.13544, 1.213225713572243 6.135382913930083, 1.213251687987384 6.135363544701902, 1.21329 6.1354216666666685)))",TGRMRRRN5 LOME-AMOUZOU COPE
_mview_route_passages_pietons.fid-7b1c8a4a_1943c1e8149_3c9a,Maritime,Golfe,Golfe 4,Amoutivé,"MULTIPOLYGON (((1.2130978354654047 6.135544905365226, 1.2131175502819775 6.135531135261927, 1.2130873798790782 6.135487805418849, 1.213069501121805 6.1355033597218975, 1.2130978354654047 6.135544905365226)))",TGRMRRRN5 LOME-AMOUZOU COPE
_mview_route_passages_pietons.fid-7b1c8a4a_1943c1e8149_3c9b,Maritime,Golfe,Golfe 4,Amoutivé,"MULTIPOLYGON (((1.2128466666666669 6.135715000000001, 1.2128216666666678 6.135733333333331, 1.2127906468509504 6.135689534119089, 1.2128153034961515 6.135674357918206, 1.2128466666666669 6.135715000000001)))",TGRMRRRN5 LOME-AMOUZOU COPE
_mview_route_passages_pietons.fid-7b1c8a4a_1943c1e8149_3c9c,Maritime,Golfe,Golfe 4,Amoutivé,"MULTIPOLYGON (((1.2125384079262858 6.135995554659397, 1.212521970162819 6.136009563451782, 1.2124820498801117 6.135959365277363, 1.2125008358955032 6.135945356483657, 1.2125384079262858 6.135995554659397)))",TGRMRRRN5 LOME-AMOUZOU COPE
_mview_route_passages_pietons.fid-7b1c8a4a_1943c1e8149_3c9d,Maritime,Golfe,Golfe 4,Amoutivé,"MULTIPOLYGON (((1.2117797780616735 6.13656197549338, 1.2118053329074903 6.136545036549904, 1.211755926872245 6.136487444138073, 1.2117320756828174 6.1365026891888705, 1.2117797780616735 6.13656197549338)))",TGRMRRRN5 LOME-AMOUZOU COPE
_mview_route_passages_pietons.fid-7b1c8a4a_1943c1e8149_3c9e,Maritime,Golfe,Golfe 4,Amoutivé,"MULTIPOLYGON (((1.2113785999096338 6.136838957239537, 1.2113568365002003 6.136853833840328, 1.211326911812234 6.136813261291736, 1.2113486752216662 6.1368010895265535, 1.2113785999096338 6.136838957239537)))",TGRMRRRN5 LOME-AMOUZOU COPE
_mview_route_passages_pietons.fid-7b1c8a4a_1943c1e8149_3c9f,Maritime,Golfe,Golfe 4,Amoutivé,"MULTIPOLYGON (((1.2096045050706627 6.140305948174853, 1.2095939932391153 6.140331330448242, 1.2095144036574013 6.140292510500221, 1.2095249154889482 6.140274593600176, 1.2096045050706627 6.140305948174853)))",TGRMRRRN5 LOME-AMOUZOU COPE
_mview_route_passages_pietons.fid-7b1c8a4a_1943c1e8149_3ca0,Maritime,Golfe,Golfe 4,Amoutivé,"MULTIPOLYGON (((1.2080333333333337 6.142039999999998, 1.2080450613440492 6.142015452598851, 1.2079929368519802 6.141988244323748, 1.207981208841263 6.14200897443824, 1.2080333333333337 6.142039999999998)))",TGRMRRRN5 LOME-AMOUZOU COPE
_mview_route_passages_pietons.fid-7b1c8a4a_1943c1e8149_3ca1,Maritime,Golfe,Golfe 4,Amoutivé,"MULTIPOLYGON (((1.2078097222440258 6.142355344640536, 1.2077552778867964 6.142309824717053, 1.2077688889761036 6.1422913706929085, 1.2078220959615777 6.142334430081579, 1.2078097222440258 6.142355344640536)))",TGRMRRRN5 LOME-AMOUZOU COPE
_mview_route_passages_pietons.fid-7b1c8a4a_1943c1e8149_3ca2,Maritime,Golfe,Golfe 4,Amoutivé,"MULTIPOLYGON (((1.2065899999999992 6.143676666666664, 1.2066102732001531 6.143650490004017, 1.206551900517922 6.143608280962096, 1.2065386339992314 6.143626747418349, 1.2065899999999992 6.143676666666664)))",TGRMRRRN5 LOME-AMOUZOU COPE
_mview_route_passages_pietons.fid-7b1c8a4a_1943c1e8149_3ca3,Maritime,Golfe,Golfe 4,Amoutivé,"MULTIPOLYGON (((1.2051916666666667 6.145243333333332, 1.2052357802303186 6.145195700195293, 1.2051435427790467 6.145131903713172, 1.2051074498633316 6.145171776515395, 1.2051916666666667 6.145243333333332)))",TGRMRRRN5 LOME-AMOUZOU COPE
_mview_route_passages_pietons.fid-7b1c8a4a_1943c1e8149_3ca4,Maritime,Golfe,Golfe 4,Amoutivé,"MULTIPOLYGON (((1.20486 6.145516666666669, 1.2048183333333335 6.145476666666669, 1.2048442875264191 6.1454444404872195, 1.2048874728041299 6.145479199096448, 1.20486 6.145516666666669)))",TGRMRRRN5 LOME-AMOUZOU COPE
_mview_route_passages_pietons.fid-7b1c8a4a_1943c1e8149_3ca5,Maritime,Golfe,Golfe 4,Amoutivé,"MULTIPOLYGON (((1.2085121290408252 6.141511833416882, 1.2085557629173629 6.141545205299157, 1.2085305895270526 6.1415635598335205, 1.2085020596847018 6.1415318565465, 1.2085121290408252 6.141511833416882)))",TGRMRRRN5 LOME-AMOUZOU COPE
_mview_route_passages_pietons.fid-7b1c8a4a_1943c1e8149_3ca6,Maritime,Golfe,Golfe 4,Amoutivé,"MULTIPOLYGON (((1.2059123817878319 6.144288371463114, 1.2059273820127616 6.144272392116893, 1.2058748812255098 6.14422764994493, 1.205856666666667 6.144238302843355, 1.2059123817878319 6.144288371463114)))",
_mview_route_passages_pietons.fid-7b1c8a4a_1943c1e8149_3ca7,Maritime,Golfe,Golfe 4,Amoutivé,"MULTIPOLYGON (((1.2091866766924748 6.14072519628791, 1.2091270835915136 6.14069260814595, 1.2091399954300563 6.140668907677822, 1.209202568186066 6.140700508301759, 1.2091866766924748 6.14072519628791)))",
_mview_route_passages_pietons.fid-7b1c8a4a_1943c1e8149_3ca8,Maritime,Golfe,Golfe 4,Amoutivé,"MULTIPOLYGON (((1.209758631856657 6.139672474307249, 1.2096995240745552 6.139645159254955, 1.209705351602368 6.139626121490409, 1.2097702869122822 6.13965260881481, 1.209758631856657 6.139672474307249)))",
_mview_route_passages_pietons.fid-7b1c8a4a_1943c1e8149_3ca9,Maritime,Golfe,Golfe 4,Amoutivé,"MULTIPOLYGON (((1.2108466666666668 6.136868333333331, 1.2109409244630593 6.13688534887536, 1.2109449570597515 6.136858802746896, 1.2108529394325287 6.136841949268662, 1.2108466666666668 6.136868333333331)))",
_mview_route_passages_pietons.fid-7b1c8a4a_1943c1e8149_3caa,Maritime,Golfe,Golfe 4,Amoutivé,"MULTIPOLYGON (((1.211077682305452 6.1358451300307655, 1.2111510489544741 6.135858807471445, 1.2111579270778192 6.1358268934426485, 1.2110868531365797 6.135813216001149, 1.211077682305452 6.1358451300307655)))",
_mview_route_passages_pietons.fid-7b1c8a4a_1943c1e8149_3cab,Maritime,Golfe,Golfe 4,Amoutivé,"MULTIPOLYGON (((1.211340525568827 6.134572437871184, 1.2114039537548902 6.134588539566336, 1.2114107014342583 6.134560361599498, 1.2113459237123219 6.1345456017115145, 1.211340525568827 6.134572437871184)))",
_mview_route_passages_pietons.fid-7b1c8a4a_1943c1e8149_3cac,Maritime,Golfe,Golfe 4,Amoutivé,"MULTIPOLYGON (((1.2116683333333345 6.133244999999999, 1.2116683333333338 6.133269999999999, 1.2116012546831436 6.133258426368389, 1.21160395375489 6.133232931953904, 1.2116683333333345 6.133244999999999)))",
_mview_route_passages_pietons.fid-7b1c8a4a_1943c1e8149_3cad,Maritime,Golfe,Golfe 4,Amoutivé,"MULTIPOLYGON (((1.211978569451425 6.131521646865168, 1.2120487453168565 6.13153103957447, 1.2120527939244774 6.131501519630389, 1.2119758703796761 6.131494810551957, 1.211978569451425 6.131521646865168)))",
_mview_route_passages_pietons.fid-7b1c8a4a_1943c1e8149_3cae,Maritime,Golfe,Golfe 4,Amoutivé,"MULTIPOLYGON (((1.2077414647455722 6.142296848854105, 1.2077550758348794 6.142282085634479, 1.207713005195202 6.1422476381204305, 1.2076993941058949 6.142261171072645, 1.2077414647455722 6.142296848854105)))",
_mview_route_passages_pietons.fid-7b1c8a4a_1943c1e8149_3caf,Maritime,Golfe,Golfe 4,Amoutivé,"MULTIPOLYGON (((1.204808763597935 6.145466330274923, 1.204777916970999 6.145443839409845, 1.204796424947162 6.14541112542257, 1.2048313844576892 6.145433616289035, 1.204808763597935 6.145466330274923)))",
_mview_route_passages_pietons.fid-7b1c8a4a_1943c1e8149_3cb0,Maritime,Golfe,Golfe 4,Amoutivé,"MULTIPOLYGON (((1.2050685760385396 6.145129590430276, 1.205092119745262 6.145099297176024, 1.2051350523869313 6.145129590430272, 1.2051156634519835 6.145157129750824, 1.2050685760385396 6.145129590430276)))",
_mview_route_passages_pietons.fid-7b1c8a4a_1943c1e8149_3cb1,Maritime,Golfe,Golfe 4,Amoutivé,"MULTIPOLYGON (((1.2065258697336765 6.143615388277049, 1.2064925245336455 6.143588865323838, 1.2065069741203251 6.143572288477404, 1.206535873293684 6.143597706308387, 1.2065258697336765 6.143615388277049)))",
_mview_route_passages_pietons.fid-7b1c8a4a_1943c1e8149_3cb2,Maritime,Golfe,Golfe 4,Amoutivé,"MULTIPOLYGON (((1.2084449999999998 6.141445000000001, 1.2084198266096924 6.141461775589542, 1.2084752080683712 6.141506827634356, 1.2084835991984753 6.141485135909553, 1.2084449999999998 6.141445000000001)))",
_mview_route_passages_pietons.fid-7b1c8a4a_1943c1e8149_3cb3,Maritime,Golfe,Golfe 4,Amoutivé,"MULTIPOLYGON (((1.2094505152345836 6.140272103850955, 1.2094625188650443 6.140257516914871, 1.2094185055533548 6.140233647382236, 1.2094091693963291 6.140252212574378, 1.2094505152345836 6.140272103850955)))",
_mview_route_passages_pietons.fid-7b1c8a4a_1943c1e8149_3cb4,Maritime,Golfe,Golfe 4,Amoutivé,"MULTIPOLYGON (((1.2109216666666662 6.1365766666666675, 1.2109298791289809 6.136552280126327, 1.2110017381742326 6.136568610935064, 1.2109955788274964 6.136593107147229, 1.2109216666666662 6.1365766666666675)))",
_mview_route_passages_pietons.fid-7b1c8a4a_1943c1e8149_3cb5,Maritime,Golfe,Golfe 4,Amoutivé,"MULTIPOLYGON (((1.2112067875376862 6.135277357809035, 1.2112129468844224 6.135244696111933, 1.2112786465829368 6.135261026960735, 1.2112704341206224 6.135287564588974, 1.2112067875376862 6.135277357809035)))",
_mview_route_passages_pietons.fid-7b1c8a4a_1943c1e8149_3cb6,Maritime,Golfe,Golfe 4,Amoutivé,"MULTIPOLYGON (((1.2114916666666669 6.133885, 1.2114986825579797 6.133859547266503, 1.2115618255797973 6.133873498716607, 1.211557148318922 6.133896751132635, 1.2114916666666669 6.133885)))",
_mview_route_passages_pietons.fid-7b1c8a4a_1943c1e8149_3cb7,Maritime,Golfe,Golfe 4,Amoutivé,"MULTIPOLYGON (((1.2117179346536842 6.132712788503527, 1.21172233663421 6.13269674027886, 1.211783964361582 6.132711329574037, 1.211779562381056 6.132727377798268, 1.2117179346536842 6.132712788503527)))",
_mview_route_passages_pietons.fid-7b1c8a4a_1943c1e8149_3cb8,Maritime,Golfe,Golfe 4,Amoutivé,"MULTIPOLYGON (((1.223257329166629 6.132866096889331, 1.2233183175724527 6.132885046688527, 1.2233297528985447 6.132839567169317, 1.2232725762680858 6.132813037447985, 1.223257329166629 6.132866096889331)))",ROND POINT COMMISSAIRE CENTRAL-ECOBANK BOULEVARD DE LA RÉPUBLIQUE
_mview_route_passages_pietons.fid-7b1c8a4a_1943c1e8149_3cb9,Maritime,Golfe,Golfe 4,Amoutivé,"MULTIPOLYGON (((1.2233450000000008 6.132335, 1.2233716824275487 6.132282442744214, 1.2234707885870113 6.132327922310936, 1.2234555414855548 6.132377191837178, 1.2233450000000008 6.132335)))",ROND POINT COMMISSAIRE CENTRAL-ECOBANK BOULEVARD DE LA RÉPUBLIQUE
_mview_route_passages_pietons.fid-7b1c8a4a_1943c1e8149_3cba,Maritime,Golfe,Golfe 4,Amoutivé,"MULTIPOLYGON (((1.222286093990462 6.136422299315184, 1.222290366589924 6.136407430900964, 1.2222358909467779 6.136395748575216, 1.2222284138977184 6.1364095549601645, 1.222286093990462 6.136422299315184)))",ROND POINT COMMISSAIRE CENTRAL-ECOBANK BOULEVARD DE LA RÉPUBLIQUE
_mview_route_passages_pietons.fid-7b1c8a4a_1943c1e8149_3cbb,Maritime,Golfe,Golfe 4,Amoutivé,"MULTIPOLYGON (((1.2225183333333332 6.135588333333332, 1.2225235279150515 6.13557347582848, 1.2224679201258302 6.135562213202276, 1.2224638010303328 6.135575523578676, 1.2225183333333332 6.135588333333332)))",ROND POINT COMMISSAIRE CENTRAL-ECOBANK BOULEVARD DE LA RÉPUBLIQUE
_mview_route_passages_pietons.fid-7b1c8a4a_1943c1e8149_3cbc,Maritime,Golfe,Golfe 4,Amoutivé,"MULTIPOLYGON (((1.2226555858595465 6.135126160512416, 1.2226629379522425 6.135102768561842, 1.2226026507921401 6.135089610589191, 1.2225967691179833 6.135113002540346, 1.2226555858595465 6.135126160512416)))",ROND POINT COMMISSAIRE CENTRAL-ECOBANK BOULEVARD DE LA RÉPUBLIQUE
_mview_route_passages_pietons.fid-7b1c8a4a_1943c1e8149_3cbd,Maritime,Golfe,Golfe 4,Amoutivé,"MULTIPOLYGON (((1.2227141154410077 6.134923441192805, 1.2227214675337033 6.13489858723583, 1.2226655916292186 6.134888353253209, 1.2226597099550618 6.134911745213197, 1.2227141154410077 6.134923441192805)))",ROND POINT COMMISSAIRE CENTRAL-ECOBANK BOULEVARD DE LA RÉPUBLIQUE
_mview_route_passages_pietons.fid-7b1c8a4a_1943c1e8149_3cbe,Maritime,Golfe,Golfe 4,Amoutivé,"MULTIPOLYGON (((1.222870000000001 6.1343000000000005, 1.222881666666666 6.134279999999999, 1.2228091354549409 6.13426047881186, 1.2228061827655625 6.134286900857684, 1.222870000000001 6.1343000000000005)))",ROND POINT COMMISSAIRE CENTRAL-ECOBANK BOULEVARD DE LA RÉPUBLIQUE
_mview_route_passages_pietons.fid-7b1c8a4a_1943c1e8149_3cbf,Maritime,Golfe,Golfe 4,Amoutivé,"MULTIPOLYGON (((1.2237666666666673 6.131091666666665, 1.2237779273904978 6.131067508240371, 1.2238473685207876 6.131086168764212, 1.223837984584261 6.131110427444223, 1.2237666666666673 6.131091666666665)))",ROND POINT COMMISSAIRE CENTRAL-ECOBANK BOULEVARD DE LA RÉPUBLIQUE
_mview_route_passages_pietons.fid-7b1c8a4a_1943c1e8149_3cc0,Maritime,Golfe,Golfe 4,Amoutivé,"MULTIPOLYGON (((1.2238416666666667 6.130858333333333, 1.2238516666666666 6.130836666666668, 1.2239299688042353 6.130864575999498, 1.2239270212861229 6.130882159958902, 1.2238416666666667 6.130858333333333)))",ROND POINT COMMISSAIRE CENTRAL-ECOBANK BOULEVARD DE LA RÉPUBLIQUE
_mview_route_passages_pietons.fid-7b1c8a4a_1943c1e8149_3cc1,Maritime,Golfe,Golfe 4,Amoutivé,"MULTIPOLYGON (((1.2236650000000002 6.131721666666665, 1.2236550000000008 6.131748333333332, 1.2235937612787047 6.131728206769749, 1.2236095664690594 6.131710247034571, 1.2236650000000002 6.131721666666665)))",ROND POINT COMMISSAIRE CENTRAL-ECOBANK BOULEVARD DE LA RÉPUBLIQUE
_mview_route_passages_pietons.fid-7b1c8a4a_1943c1e8149_3cc2,Maritime,Golfe,Golfe 4,Amoutivé,"MULTIPOLYGON (((1.2240582688235528 6.1301469790171055, 1.224124953742635 6.130170325357318, 1.2241136830520873 6.130208613353059, 1.2240479373572175 6.130189936282309, 1.2240582688235528 6.1301469790171055)))",ROND POINT COMMISSAIRE CENTRAL-ECOBANK BOULEVARD DE LA RÉPUBLIQUE
_mview_route_passages_pietons.fid-7b1c8a4a_1943c1e8149_3cc3,Maritime,Golfe,Golfe 4,Amoutivé,"MULTIPOLYGON (((1.2239658617392208 6.130972121148507, 1.2239487932918733 6.130964407138492, 1.2239379315526524 6.131015319602522, 1.2239549999999997 6.131023033611797, 1.2239658617392208 6.130972121148507)))",
_mview_route_passages_pietons.fid-7b1c8a4a_1943c1e8149_3cc4,Maritime,Golfe,Golfe 4,Amoutivé,"MULTIPOLYGON (((1.2248973324510104 6.131293658149807, 1.2249088337744953 6.131297469994166, 1.2248957989412133 6.1313409250179305, 1.224885064372626 6.131337113173881, 1.2248973324510104 6.131293658149807)))",
_mview_route_passages_pietons.fid-7b1c8a4a_1943c1e8149_3cc5,Maritime,Golfe,Golfe 4,Amoutivé,"MULTIPOLYGON (((1.2251533333333333 6.131445000000002, 1.2251717757318872 6.131381395467682, 1.2252047304788227 6.131383443357204, 1.225184133761987 6.131442832149854, 1.2251533333333333 6.131445000000002)))",
_mview_route_passages_pietons.fid-7b1c8a4a_1943c1e8149_3cc6,Maritime,Golfe,Golfe 4,Amoutivé,"MULTIPOLYGON (((1.2268821772323912 6.131979084004747, 1.22691045040904 6.131987115836423, 1.2268922747954796 6.1320453466124505, 1.226864001618831 6.13203530682393, 1.2268821772323912 6.131979084004747)))",
_mview_route_passages_pietons.fid-7b1c8a4a_1943c1e8149_3cc7,Maritime,Golfe,Golfe 4,Amoutivé,"MULTIPOLYGON (((1.2272283333333343 6.1320733333333335, 1.2272566065099826 6.132081473042087, 1.2272303528459518 6.132139703807812, 1.227202079669302 6.132129664021072, 1.2272283333333343 6.1320733333333335)))",
_mview_route_passages_pietons.fid-7b1c8a4a_1943c1e8149_3cc8,Maritime,Golfe,Golfe 4,Amoutivé,"MULTIPOLYGON (((1.2288116666666662 6.135044999999999, 1.2288164070785659 6.135076052412469, 1.2287651504500399 6.13508029933467, 1.2287608790643285 6.135054817800951, 1.2288116666666662 6.135044999999999)))",BOULEVARD DU 13 JANVIER-BOULEVARD DE LA RÉPUBLIQUE
_mview_route_passages_pietons.fid-7b1c8a4a_1943c1e8149_3cc9,Maritime,Golfe,Golfe 4,Amoutivé,"MULTIPOLYGON (((1.2247816666666667 6.135458333333334, 1.2247679943304435 6.135415585840632, 1.2248431921796787 6.135401991818417, 1.2248523070704949 6.135445039554248, 1.2247816666666667 6.135458333333334)))",ROND POINT NDE-FREO JARDIN
_mview_route_passages_pietons.fid-7b1c8a4a_1943c1e8149_3cca,Maritime,Golfe,Golfe 4,Amoutivé,"MULTIPOLYGON (((1.2248283333333352 6.135558333333334, 1.2248266666666667 6.135538333333333, 1.2248836347342695 6.135531237562669, 1.2248813560115663 6.135558425600165, 1.2248283333333352 6.135558333333334)))",ROND POINT NDE-FREO JARDIN
_mview_route_passages_pietons.fid-7b1c8a4a_1943c1e8149_3ccb,Maritime,Golfe,Golfe 4,Amoutivé,"MULTIPOLYGON (((1.224713333333333 6.1350983333333335, 1.2247066666666666 6.135078333333335, 1.2247596893448995 6.1350716286013975, 1.2247665255130118 6.135087488303782, 1.224713333333333 6.1350983333333335)))",ROND POINT NDE-FREO JARDIN
_mview_route_passages_pietons.fid-7b1c8a4a_1943c1e8149_3ccc,Maritime,Golfe,Golfe 4,Amoutivé,"MULTIPOLYGON (((1.2246149999999998 6.134828333333331, 1.2246029943304428 6.13480610719878, 1.2246599623980448 6.134794778834004, 1.2246622411207484 6.13481516989043, 1.2246149999999998 6.134828333333331)))",ROND POINT NDE-FREO JARDIN
_mview_route_passages_pietons.fid-7b1c8a4a_1943c1e8149_3ccd,Maritime,Golfe,Golfe 4,Amoutivé,"MULTIPOLYGON (((1.2243048964482997 6.133270638512772, 1.2243459134569732 6.133259310115367, 1.2243413560115655 6.133291029627494, 1.2242957815574833 6.133295560986213, 1.2243048964482997 6.133270638512772)))",ROND POINT NDE-FREO JARDIN
_mview_route_passages_pietons.fid-7b1c8a4a_1943c1e8149_3cce,Maritime,Golfe,Golfe 4,Amoutivé,"MULTIPOLYGON (((1.224175000000001 6.132354999999997, 1.2241683333333344 6.1323283333333345, 1.224214431241435 6.132323190456252, 1.2242193874907765 6.132344544640958, 1.224175000000001 6.132354999999997)))",ROND POINT NDE-FREO JARDIN
_mview_route_passages_pietons.fid-7b1c8a4a_1943c1e8149_3ccf,Maritime,Golfe,Golfe 4,Amoutivé,"MULTIPOLYGON (((1.224885 6.134921666666666, 1.224895050289916 6.134975402639239, 1.2249319013529425 6.1349820644597415, 1.2249252011596654 6.134922108072227, 1.224885 6.134921666666666)))",AVENU DE LA LIBÉRATION-RUE MAMAN N'DANIDA
_mview_route_passages_pietons.fid-7b1c8a4a_1943c1e8149_3cd0,Maritime,Golfe,Golfe 4,Amoutivé,"MULTIPOLYGON (((1.224593333333335 6.13501333333333, 1.2245826130240902 6.134949732981259, 1.2245424118644253 6.134944403524542, 1.224550452096358 6.135013686457719, 1.224593333333335 6.13501333333333)))",AVENU DE LA LIBÉRATION-RUE MAMAN N'DANIDA
_mview_route_passages_pietons.fid-7b1c8a4a_1943c1e8149_3cd1,Maritime,Golfe,Golfe 4,Amoutivé,"MULTIPOLYGON (((1.2259350000000009 6.1347299999999985, 1.2258846096887228 6.134730614902762, 1.2259066117721167 6.1347868676900985, 1.225944329629362 6.134774367071203, 1.2259350000000009 6.1347299999999985)))",AVENU DE LA LIBÉRATION-RUE MAMAN N'DANIDA
_mview_route_passages_pietons.fid-7b1c8a4a_1943c1e8149_3cd2,Maritime,Golfe,Golfe 4,Amoutivé,"MULTIPOLYGON (((1.2262583333333337 6.134671666666667, 1.2262834785714967 6.134656455028924, 1.2262866217262671 6.134718958134297, 1.2262614764881046 6.134715832979204, 1.2262583333333337 6.134671666666667)))",AVENU DE LA LIBÉRATION-RUE MAMAN N'DANIDA
_mview_route_passages_pietons.fid-7b1c8a4a_1943c1e8149_3cd3,Maritime,Golfe,Golfe 4,Amoutivé,"MULTIPOLYGON (((1.2273699999999999 6.134478333333334, 1.2274083116350674 6.134457731847439, 1.2274210821800895 6.134542381301088, 1.2273827705450222 6.134550846245716, 1.2273699999999999 6.134478333333334)))",AVENU DE LA LIBÉRATION-RUE MAMAN N'DANIDA
_mview_route_passages_pietons.fid-7b1c8a4a_1943c1e8149_3cd4,Maritime,Golfe,Golfe 4,Amoutivé,"MULTIPOLYGON (((1.2214274433959633 6.134248302327194, 1.2214467216831983 6.134262678255399, 1.2214190091452974 6.13429502409245, 1.2213985259651108 6.13427825217719, 1.2214274433959633 6.134248302327194)))",WÉTRIVI KONDJI 
_mview_route_passages_pietons.fid-7b1c8a4a_1943c1e8149_3cd5,Maritime,Golfe,Golfe 4,Amoutivé,"MULTIPOLYGON (((1.221096666666667 6.134040000000001, 1.2210732324160023 6.134026313474829, 1.2210973302750459 6.134003551578226, 1.2211178134552325 6.134019125507586, 1.221096666666667 6.134040000000001)))",WÉTRIVI KONDJI 
_mview_route_passages_pietons.fid-7b1c8a4a_1943c1e8149_3cd6,Maritime,Golfe,Golfe 4,Amoutivé,"MULTIPOLYGON (((1.2201550344152507 6.133362153905371, 1.220125051622877 6.133341658727059, 1.2201494126416805 6.133304394764479, 1.2201793954340552 6.133324889944222, 1.2201550344152507 6.133362153905371)))",WÉTRIVI KONDJI 
_mview_route_passages_pietons.fid-7b1c8a4a_1943c1e8149_3cd7,Maritime,Golfe,Golfe 4,Amoutivé,"MULTIPOLYGON (((1.2260966666666664 6.134833333333336, 1.2260999999999995 6.134858333333333, 1.2261721630958657 6.134841306918776, 1.2261667907739666 6.134823501733902, 1.2260966666666664 6.134833333333336)))",BOULEVARD DU 13 JANVIER-AVENUE DU 24 JANVIER
_mview_route_passages_pietons.fid-7b1c8a4a_1943c1e8149_3cd8,Maritime,Golfe,Golfe 4,Amoutivé,"MULTIPOLYGON (((1.2260883333333341 6.1346333333333325, 1.2260849999999996 6.134603333333333, 1.2261442196481926 6.134594112108406, 1.2261513827440582 6.13462616145454, 1.2260883333333341 6.1346333333333325)))",BOULEVARD DU 13 JANVIER-AVENUE DU 24 JANVIER
_mview_route_passages_pietons.fid-7b1c8a4a_1943c1e8149_3cd9,Maritime,Golfe,Golfe 4,Amoutivé,"MULTIPOLYGON (((1.225742713464301 6.133005064069531, 1.2258032814305637 6.132997536405789, 1.2257982341000409 6.132952370421107, 1.2257376661337798 6.132962407306923, 1.225742713464301 6.133005064069531)))",BOULEVARD DU 13 JANVIER-AVENUE DU 24 JANVIER
_mview_route_passages_pietons.fid-7b1c8a4a_1943c1e8149_3cda,Maritime,Golfe,Golfe 4,Amoutivé,"MULTIPOLYGON (((1.2251149999999997 6.131728333333332, 1.2251083333333337 6.131711666666667, 1.2251667940348137 6.131681402659735, 1.225176815262838 6.131695103017826, 1.2251149999999997 6.131728333333332)))",BOULEVARD DU 13 JANVIER-AVENUE DU 24 JANVIER
_mview_route_passages_pietons.fid-7b1c8a4a_1943c1e8149_3cdb,Maritime,Golfe,Golfe 4,Amoutivé,"MULTIPOLYGON (((1.2216583333333333 6.1283683333333325, 1.2216566666666682 6.128394999999999, 1.221718919137302 6.128395403075415, 1.2217221994483114 6.128375833687742, 1.2216583333333333 6.1283683333333325)))",QUARTIER ADMINISTRATIF-GRAND MARCHÉ 
_mview_route_passages_pietons.fid-7b1c8a4a_1943c1e8149_3cdc,Maritime,Golfe,Golfe 4,Amoutivé,"MULTIPOLYGON (((1.2215883333333335 6.128726666666665, 1.2215783333333334 6.12875, 1.221624862163197 6.128764857824795, 1.2216335338437516 6.128743302531094, 1.2215883333333335 6.128726666666665)))",QUARTIER ADMINISTRATIF-GRAND MARCHÉ 
_mview_route_passages_pietons.fid-7b1c8a4a_1943c1e8149_3cdd,Maritime,Golfe,Golfe 4,Amoutivé,"MULTIPOLYGON (((1.221883599274086 6.127149287535653, 1.2218768214537323 6.12718466781955, 1.2219479885674436 6.127189722145631, 1.2219547663877974 6.127156026637526, 1.221883599274086 6.127149287535653)))",QUARTIER ADMINISTRATIF-GRAND MARCHÉ 
_mview_route_passages_pietons.fid-7b1c8a4a_1943c1e8149_3cde,Maritime,Golfe,Golfe 4,Amoutivé,"MULTIPOLYGON (((1.2223854647302035 6.124710277326347, 1.222392590341884 6.124674852630926, 1.2224662216625828 6.124693745802109, 1.2224567208470072 6.124724447203862, 1.2223854647302035 6.124710277326347)))",QUARTIER ADMINISTRATIF-GRAND MARCHÉ 
_mview_route_passages_pietons.fid-7b1c8a4a_1943c1e8149_3cdf,Maritime,Golfe,Golfe 4,Amoutivé,"MULTIPOLYGON (((1.2227407843094051 6.123345429538421, 1.2228149141989453 6.123355043487836, 1.2228116911602702 6.123396703933305, 1.2227407843094051 6.12338708998464, 1.2227407843094051 6.123345429538421)))",QUARTIER ADMINISTRATIF-GRAND MARCHÉ 
_mview_route_passages_pietons.fid-7b1c8a4a_1943c1e8149_3ce0,Maritime,Golfe,Golfe 4,Amoutivé,"MULTIPOLYGON (((1.2214543210988125 6.129267419084727, 1.2213925775873924 6.1292415264683475, 1.2213829170379842 6.1292678367075615, 1.2214413003583076 6.129297905550787, 1.2214543210988125 6.129267419084727)))",QUARTIER ADMINISTRATIF-GRAND MARCHÉ 
_mview_route_passages_pietons.fid-7b1c8a4a_1943c1e8149_3ce1,Maritime,Golfe,Golfe 4,Amoutivé,"MULTIPOLYGON (((1.2219907020304137 6.126973518719513, 1.2219230781845711 6.12695472561084, 1.2219264383756698 6.1269234037615785, 1.2219953222931734 6.126945120243923, 1.2219907020304137 6.126973518719513)))",QUARTIER ADMINISTRATIF-GRAND MARCHÉ 
_mview_route_passages_pietons.fid-7b1c8a4a_1943c1e8149_3ce2,Maritime,Golfe,Golfe 4,Amoutivé,"MULTIPOLYGON (((1.222165 6.126193333333331, 1.2221011563691426 6.126177365447059, 1.22209401596306 6.126202840586867, 1.222162479856677 6.126217039844592, 1.222165 6.126193333333331)))",QUARTIER ADMINISTRATIF-GRAND MARCHÉ 
_mview_route_passages_pietons.fid-7b1c8a4a_1943c1e8149_3ce3,Maritime,Golfe,Golfe 4,Amoutivé,"MULTIPOLYGON (((1.2222083870488634 6.125994871193897, 1.2221420232746814 6.125986518685923, 1.2221462235135536 6.125960625910372, 1.2222146874071698 6.1259698136695855, 1.2222083870488634 6.125994871193897)))",QUARTIER ADMINISTRATIF-GRAND MARCHÉ 
_mview_route_passages_pietons.fid-7b1c8a4a_1943c1e8149_3ce4,Maritime,Golfe,Golfe 4,Amoutivé,"MULTIPOLYGON (((1.2223027924495065 6.125136978490427, 1.2223750365581085 6.125145331011693, 1.222373776486447 6.125166629940336, 1.2223002723061842 6.1251595302975455, 1.2223027924495065 6.125136978490427)))",QUARTIER ADMINISTRATIF-GRAND MARCHÉ 
_mview_route_passages_pietons.fid-7b1c8a4a_1943c1e8149_3ce5,Maritime,Golfe,Golfe 4,Amoutivé,"MULTIPOLYGON (((1.2225968815287822 6.124068262092756, 1.2225271575635035 6.124053645150968, 1.2225242173962925 6.1240845495417044, 1.2225868009554899 6.1240937373332, 1.2225968815287822 6.124068262092756)))",QUARTIER ADMINISTRATIF-GRAND MARCHÉ 
_mview_route_passages_pietons.fid-7b1c8a4a_1943c1e8149_3ce6,Maritime,Golfe,Golfe 4,Amoutivé,"MULTIPOLYGON (((1.2225597985667669 6.123941564698007, 1.2226253222931742 6.123964116555614, 1.2226186019109788 6.123986250785302, 1.2225501380173605 6.123967457571474, 1.2225597985667669 6.123941564698007)))",QUARTIER ADMINISTRATIF-GRAND MARCHÉ 
_mview_route_passages_pietons.fid-7b1c8a4a_1943c1e8149_3ce7,Maritime,Golfe,Golfe 4,Amoutivé,"MULTIPOLYGON (((1.2227213003583084 6.1233869861666825, 1.2227893442280398 6.123406197028356, 1.2227809437502934 6.123437936711351, 1.2227120598327883 6.12341663771376, 1.2227213003583084 6.1233869861666825)))",QUARTIER ADMINISTRATIF-GRAND MARCHÉ 
_mview_route_passages_pietons.fid-7b1c8a4a_1943c1e8149_3ce8,Maritime,Golfe,Golfe 4,Amoutivé,"MULTIPOLYGON (((1.2228190525211688 6.123041533941998, 1.2228896165342218 6.1230603271884085, 1.2228858363192365 6.123085802476933, 1.2228123321389721 6.123068679742158, 1.2228190525211688 6.123041533941998)))",QUARTIER ADMINISTRATIF-GRAND MARCHÉ 
_mview_route_passages_pietons.fid-7b1c8a4a_1943c1e8149_3ce9,Maritime,Golfe,Golfe 4,Amoutivé,"MULTIPOLYGON (((1.21965867218093 6.134317684898708, 1.2195920437286927 6.134296822600511, 1.2195968291976371 6.13426937220691, 1.2196722923617742 6.134293162548116, 1.21965867218093 6.134317684898708)))",QUARTIER ADMINISTRATIF-GRAND MARCHÉ 
_mview_route_passages_pietons.fid-7b1c8a4a_1943c1e8149_3cea,Maritime,Golfe,Golfe 4,Amoutivé,"MULTIPOLYGON (((1.2198595099887786 6.1335354433697065, 1.2199239297630429 6.133564357824065, 1.2199290833449834 6.133539469433067, 1.2198683447006766 6.133510554977357, 1.2198595099887786 6.1335354433697065)))",QUARTIER ADMINISTRATIF-GRAND MARCHÉ 
_mview_route_passages_pietons.fid-7b1c8a4a_1943c1e8149_3ceb,Maritime,Golfe,Golfe 4,Amoutivé,"MULTIPOLYGON (((1.22005724036169 6.133180488896784, 1.2199887713444715 6.133151940427629, 1.2200016552993245 6.13312339195695, 1.2200660750735897 6.133157796523997, 1.22005724036169 6.133180488896784)))",QUARTIER ADMINISTRATIF-GRAND MARCHÉ 
_mview_route_passages_pietons.fid-7b1c8a4a_1943c1e8149_3cec,Maritime,Golfe,Golfe 4,Amoutivé,"MULTIPOLYGON (((1.220345655781923 6.132372446511635, 1.2202742302122915 6.132356937083447, 1.2202881869327937 6.132317755368124, 1.2203596125024256 6.132330815940218, 1.220345655781923 6.132372446511635)))",QUARTIER ADMINISTRATIF-GRAND MARCHÉ 
_mview_route_passages_pietons.fid-7b1c8a4a_1943c1e8149_3ced,Maritime,Golfe,Golfe 4,Amoutivé,"MULTIPOLYGON (((1.2203823641524818 6.132071950211371, 1.2204422959522878 6.132092357364531, 1.2204595366070259 6.132055624488277, 1.220392215955189 6.132030319616494, 1.2203823641524818 6.132071950211371)))",QUARTIER ADMINISTRATIF-GRAND MARCHÉ 
_mview_route_passages_pietons.fid-7b1c8a4a_1943c1e8149_3cee,Maritime,Golfe,Golfe 4,Amoutivé,"MULTIPOLYGON (((1.22076480240361 6.131008821458369, 1.2208255551869747 6.131030861227687, 1.2208050305980005 6.131072491900573, 1.2207459197817536 6.131053717283793, 1.22076480240361 6.131008821458369)))",QUARTIER ADMINISTRATIF-GRAND MARCHÉ 
_mview_route_passages_pietons.fid-7b1c8a4a_1943c1e8149_3cef,Maritime,Golfe,Golfe 4,Amoutivé,"MULTIPOLYGON (((1.221338685025468 6.129387664328628, 1.2214076476444224 6.129403173843148, 1.2213904069896824 6.129441539482401, 1.2213312961734366 6.12941868335722, 1.221338685025468 6.129387664328628)))",QUARTIER ADMINISTRATIF-GRAND MARCHÉ 
_mview_route_passages_pietons.fid-7b1c8a4a_1943c1e8149_3cf0,Maritime,Golfe,Golfe 4,Amoutivé,"MULTIPOLYGON (((1.22055682826413 6.131569659941565, 1.22054458329412 6.13160212639259, 1.2206153320097355 6.13162377069217, 1.2206221347708537 6.131591304242464, 1.22055682826413 6.131569659941565)))",QUARTIER ADMINISTRATIF-GRAND MARCHÉ 
_mview_route_passages_pietons.fid-7b1c8a4a_1943c1e8149_3cf1,Maritime,Golfe,Golfe 4,Amoutivé,"MULTIPOLYGON (((1.2210370452670531 6.130212219602783, 1.2210454148676568 6.130178932636447, 1.2211165564727913 6.130201123947568, 1.2211095818056217 6.130231636998854, 1.2210370452670531 6.130212219602783)))",QUARTIER ADMINISTRATIF-GRAND MARCHÉ 
_mview_route_passages_pietons.fid-7b1c8a4a_1943c1e8149_3cf2,Maritime,Golfe,Golfe 4,Amoutivé,"MULTIPOLYGON (((1.2211308779137853 6.12996271243503, 1.2211399844468787 6.12993441723397, 1.221208283445071 6.129961580627018, 1.2211969002787058 6.12998648040276, 1.2211308779137853 6.12996271243503)))",QUARTIER ADMINISTRATIF-GRAND MARCHÉ 
_mview_route_passages_pietons.fid-7b1c8a4a_1943c1e8149_3cf3,Maritime,Golfe,Golfe 4,Amoutivé,"MULTIPOLYGON (((1.2250286972362696 6.123827685944019, 1.2250378224517637 6.123814983542312, 1.224976683507963 6.123782320222266, 1.2249712083786668 6.123796837253644, 1.2250286972362696 6.123827685944019)))",GRAND MARCHÉ 
_mview_route_passages_pietons.fid-7b1c8a4a_1943c1e8149_3cf4,Maritime,Golfe,Golfe 4,Amoutivé,"MULTIPOLYGON (((1.2217850134288823 6.128526610637394, 1.2217241099652352 6.1284923655163075, 1.2217157094874909 6.128511993817685, 1.2217715726644904 6.128547491807709, 1.2217850134288823 6.128526610637394)))",GRAND MARCHÉ 
_mview_route_passages_pietons.fid-7b1c8a4a_1943c1e8149_3cf5,Maritime,Golfe,Golfe 4,Amoutivé,"MULTIPOLYGON (((1.2232741233793183 6.126335878450155, 1.2232889788668084 6.126308447246525, 1.2233484008167734 6.126344318820219, 1.2233377897542803 6.126367529837209, 1.2232741233793183 6.126335878450155)))",GRAND MARCHÉ 
_mview_route_passages_pietons.fid-7b1c8a4a_1943c1e8149_3cf6,Maritime,Golfe,Golfe 4,Amoutivé,"MULTIPOLYGON (((1.2238525911042901 6.125588315625803, 1.22386081688181 6.125574684273104, 1.2237982095751299 6.125539697132906, 1.2237886128346884 6.125554691621843, 1.2238525911042901 6.125588315625803)))",GRAND MARCHÉ 
_mview_route_passages_pietons.fid-7b1c8a4a_1943c1e8149_3cf7,Maritime,Golfe,Golfe 4,Amoutivé,"MULTIPOLYGON (((1.2244613315055362 6.12452226412878, 1.2244855431424368 6.124494487075099, 1.2245432785842774 6.1245296713428505, 1.2245227918145916 6.12456115200151, 1.2244613315055362 6.12452226412878)))",GRAND MARCHÉ 
_mview_route_passages_pietons.fid-7b1c8a4a_1943c1e8149_3cf8,Maritime,Golfe,Golfe 4,Amoutivé,"MULTIPOLYGON (((1.2242466666666676 6.130001666666665, 1.224259345431883 6.130004279126921, 1.2242421362380513 6.130054123612674, 1.224231661076589 6.130050403875095, 1.2242466666666676 6.130001666666665)))",BOULEVARD DU 13 JANVIER-AVENUE DE LA LIBÉRATION
_mview_route_passages_pietons.fid-7b1c8a4a_1943c1e8149_3cf9,Maritime,Golfe,Golfe 4,Amoutivé,"MULTIPOLYGON (((1.2252383333333337 6.130342210377847, 1.2252659867353073 6.130349084194514, 1.225240637783498 6.130413239812432, 1.2252222021821841 6.130397200908676, 1.2252383333333337 6.130342210377847)))",BOULEVARD DU 13 JANVIER-AVENUE DE LA LIBÉRATION
_mview_route_passages_pietons.fid-7b1c8a4a_1943c1e8149_3cfa,Maritime,Golfe,Golfe 4,Amoutivé,"MULTIPOLYGON (((1.2267924686801872 6.130878446651808, 1.2268178821771603 6.130882334058756, 1.2267983333333334 6.130938701456332, 1.2267768296051251 6.130928982939929, 1.2267924686801872 6.130878446651808)))",BOULEVARD DU 13 JANVIER-AVENUE DE LA LIBÉRATION
_mview_route_passages_pietons.fid-7b1c8a4a_1943c1e8149_3cfb,Maritime,Golfe,Golfe 4,Amoutivé,"MULTIPOLYGON (((1.2309083333333337 6.1335733333333335, 1.2309326158772933 6.1335933873449004, 1.2309779142087254 6.133534125473541, 1.2309540729816562 6.133527014048536, 1.2309083333333337 6.1335733333333335)))",BOULEVARD DU 13 JANVIER-AVENUE DE LA LIBÉRATION
_mview_route_passages_pietons.fid-7b1c8a4a_1943c1e8149_3cfc,Maritime,Golfe,Golfe 4,Amoutivé,"MULTIPOLYGON (((1.2184444797853817 6.121715481917023, 1.2183290655935763 6.121619436080855, 1.218386772689479 6.1215221428785584, 1.2185147319021334 6.121625672823986, 1.2184444797853817 6.121715481917023)))",QUARTIER ADMINISTRATIF 
_mview_route_passages_pietons.fid-7b1c8a4a_1943c1e8149_3cfd,Maritime,Golfe,Golfe 4,Amoutivé,"MULTIPOLYGON (((1.2179029932021088 6.12257886827792, 1.2177712704832009 6.122479080557119, 1.2177261084081463 6.122551426656556, 1.2178615946333096 6.122642482940195, 1.2179029932021088 6.12257886827792)))",QUARTIER ADMINISTRATIF 
_mview_route_passages_pietons.fid-7b1c8a4a_1943c1e8149_3cfe,Maritime,Golfe,Golfe 4,Amoutivé,"MULTIPOLYGON (((1.2168488355396114 6.124178825754275, 1.2167208763269595 6.124094006446886, 1.2166832412644137 6.124166352327564, 1.2168137094812363 6.124246182253489, 1.2168488355396114 6.124178825754275)))",QUARTIER ADMINISTRATIF 
_mview_route_passages_pietons.fid-7b1c8a4a_1943c1e8149_3cff,Maritime,Golfe,Golfe 4,Amoutivé,"MULTIPOLYGON (((1.2188000414691256 6.120907466771303, 1.218817202271186 6.120873340830067, 1.2189638491251595 6.120946246247339, 1.2189435681772702 6.1209803721839195, 1.2188000414691256 6.120907466771303)))",QUARTIER ADMINISTRATIF 
_mview_route_passages_pietons.fid-7b1c8a4a_1943c1e8149_3d00,Maritime,Golfe,Golfe 4,Amoutivé,"MULTIPOLYGON (((1.218095959385033 6.122281051492752, 1.218076608539742 6.122312535911385, 1.2179358751194498 6.122233824861329, 1.2179587443002473 6.12220408957273, 1.218095959385033 6.122281051492752)))",QUARTIER ADMINISTRATIF 
_mview_route_passages_pietons.fid-7b1c8a4a_1943c1e8149_3d01,Maritime,Golfe,Golfe 4,Amoutivé,"MULTIPOLYGON (((1.2171166666666666 6.123785, 1.2170628244075645 6.123856115984434, 1.2169328798793018 6.123768257927349, 1.2169900554717372 6.123690736100269, 1.2171166666666666 6.123785)))",QUARTIER ADMINISTRATIF 
_mview_route_passages_pietons.fid-7b1c8a4a_1943c1e8149_3d02,Maritime,Golfe,Golfe 4,Amoutivé,"MULTIPOLYGON (((1.2162755845209305 6.125049248593809, 1.216253139296139 6.125081709820146, 1.216120508422379 6.1249964990968, 1.2161409131721892 6.124959980211205, 1.2162755845209305 6.125049248593809)))",QUARTIER ADMINISTRATIF 
_mview_route_passages_pietons.fid-7b1c8a4a_1943c1e8149_3d03,Maritime,Golfe,Golfe 4,Amoutivé,"MULTIPOLYGON (((1.2177633333333329 6.127686666666667, 1.2176968447228373 6.127717556948543, 1.2177407522958066 6.12775622431318, 1.2177783873583525 6.127721298951696, 1.2177633333333329 6.127686666666667)))",QUARTIER ADMINISTRATIF 
_mview_route_passages_pietons.fid-7b1c8a4a_1943c1e8149_3d04,Maritime,Golfe,Golfe 4,Amoutivé,"MULTIPOLYGON (((1.21896591437086 6.12929552423973, 1.2189094617770426 6.129336686151238, 1.2189345518187398 6.129365374754349, 1.2189847319021323 6.129332944159413, 1.21896591437086 6.12929552423973)))",QUARTIER ADMINISTRATIF 
_mview_route_passages_pietons.fid-7b1c8a4a_1943c1e8149_3d05,Maritime,Golfe,Golfe 4,Amoutivé,"MULTIPOLYGON (((1.2191030859272187 6.129610920693093, 1.2191558312521034 6.129559072868329, 1.2191360517552718 6.129527487409389, 1.2190761138860842 6.129573375717045, 1.2191030859272187 6.129610920693093)))",QUARTIER ADMINISTRATIF 
_mview_route_passages_pietons.fid-7b1c8a4a_1943c1e8149_3d06,Maritime,Golfe,Golfe 4,Amoutivé,"MULTIPOLYGON (((1.2178273833418005 6.127888275601606, 1.217841666666668 6.12791262139206, 1.2179008404411136 6.127874073889997, 1.2178865571162472 6.127849728097787, 1.2178273833418005 6.127888275601606)))",QUARTIER ADMINISTRATIF 
_mview_route_passages_pietons.fid-7b1c8a4a_1943c1e8149_3d07,Maritime,Golfe,Golfe 4,Amoutivé,"MULTIPOLYGON (((1.2186172428498865 6.12893095866737, 1.2185927571501145 6.128894440050965, 1.2186519309245614 6.128859950244286, 1.218678457099313 6.1288964688630525, 1.2186172428498865 6.12893095866737)))",QUARTIER ADMINISTRATIF 
_mview_route_passages_pietons.fid-7b1c8a4a_1943c1e8149_3d08,Maritime,Golfe,Golfe 4,Amoutivé,"MULTIPOLYGON (((1.2182561317261857 6.128451188830755, 1.2182699936002108 6.128472628514583, 1.218326981304534 6.128429749146065, 1.2183100390140584 6.128412903678918, 1.2182561317261857 6.128451188830755)))",QUARTIER ADMINISTRATIF 
_mview_route_passages_pietons.fid-7b1c8a4a_1943c1e8149_3d09,Maritime,Golfe,Golfe 4,Amoutivé,"MULTIPOLYGON (((1.2187724620064058 6.129177635704468, 1.2187784734890736 6.129163290618114, 1.21874 6.129144163835708, 1.2187327862207986 6.129159704346467, 1.2187724620064058 6.129177635704468)))",QUARTIER ADMINISTRATIF 
_mview_route_passages_pietons.fid-7b1c8a4a_1943c1e8149_3d0a,Maritime,Golfe,Golfe 4,Amoutivé,"MULTIPOLYGON (((1.2104525499355991 6.122236602285112, 1.210465152041119 6.122241375706432, 1.2104873557508404 6.122178724548212, 1.2104771540463735 6.122173951126325, 1.2104525499355991 6.122236602285112)))",QUARTIER ADMINISTRATIF 
_mview_route_passages_pietons.fid-7b1c8a4a_1943c1e8149_3d0b,Maritime,Golfe,Golfe 4,Amoutivé,"MULTIPOLYGON (((1.2209488902763754 6.130012041356497, 1.2209728654240504 6.129950658345187, 1.2209393002173057 6.129934567651735, 1.2209111294187882 6.130001910180361, 1.2209488902763754 6.130012041356497)))",WÉTRIVI KONDJI
_mview_route_passages_pietons.fid-7b1c8a4a_1943c1e8149_3d0c,Maritime,Golfe,Golfe 4,Amoutivé,"MULTIPOLYGON (((1.2212600037156052 6.130121199397127, 1.2212844583662332 6.130055883118608, 1.221323298105467 6.130071139476351, 1.2212974049459793 6.130134071947425, 1.2212600037156052 6.130121199397127)))",WÉTRIVI KONDJI
_mview_route_passages_pietons.fid-7b1c8a4a_1943c1e8149_3d0d,Maritime,Golfe,Golfe 4,Amoutivé,"MULTIPOLYGON (((1.2220583565206757 6.13031295697478, 1.222036299384814 6.130378749982725, 1.221995541633768 6.130366830960148, 1.222014242248953 6.130305805560388, 1.2220583565206757 6.13031295697478)))",WÉTRIVI KONDJI
_mview_route_passages_pietons.fid-7b1c8a4a_1943c1e8149_3d0e,Maritime,Golfe,Golfe 4,Amoutivé,"MULTIPOLYGON (((1.2232383333333334 6.130716666666666, 1.223213878682706 6.130784731405919, 1.2232397718421948 6.130793313095481, 1.2232623084810081 6.130728950420426, 1.2232383333333334 6.130716666666666)))",WÉTRIVI KONDJI
_mview_route_passages_pietons.fid-7b1c8a4a_1943c1e8149_3d0f,Maritime,Golfe,Golfe 4,Amoutivé,"MULTIPOLYGON (((1.2197808012107871 6.129536913289037, 1.2198163208891488 6.129546338825469, 1.2197897524816983 6.129609738460643, 1.2197552135520133 6.129600492680979, 1.2197808012107871 6.129536913289037)))",WÉTRIVI KONDJI
_mview_route_passages_pietons.fid-7b1c8a4a_1943c1e8149_3d10,Maritime,Golfe,Golfe 4,Amoutivé,"MULTIPOLYGON (((1.2289087728722066 6.141586706569412, 1.2289255651214088 6.141585663077477, 1.2289266146369846 6.141624272277791, 1.228912970934508 6.141622185294062, 1.2289087728722066 6.141586706569412)))",
_mview_route_passages_pietons.fid-7b1c8a4a_1943c1e8149_3d11,Maritime,Golfe,Golfe 4,Amoutivé,"MULTIPOLYGON (((1.2287324542555855 6.141626359261512, 1.2287460979580616 6.141625315769654, 1.2287408503801869 6.1415919240290675, 1.2287303552244349 6.141594011012918, 1.2287324542555855 6.141626359261512)))",
_mview_route_passages_pietons.fid-7b1c8a4a_1943c1e8149_3d12,Maritime,Golfe,Golfe 4,Amoutivé,"MULTIPOLYGON (((1.2299194136475735 6.144682788620354, 1.2299213541002105 6.1446683188379705, 1.2298592596158169 6.144675071403132, 1.2298621702947734 6.144685682576782, 1.2299194136475735 6.144682788620354)))",HANOUKOPE-COLOMBE DE LA PAIX
_mview_route_passages_pietons.fid-7b1c8a4a_1943c1e8149_3d13,Maritime,Golfe,Golfe 4,Amoutivé,"MULTIPOLYGON (((1.221071680246519 6.125249233863781, 1.2210643462341935 6.12527475636223, 1.2211321858482092 6.125291163682014, 1.2211431868666969 6.125265641184351, 1.221071680246519 6.125249233863781)))",TGRMRRRN5 LOME-AMOUZOU COPE
_mview_route_passages_pietons.fid-7b1c8a4a_1943c1e8149_3d14,Maritime,Golfe,Golfe 4,Amoutivé,"MULTIPOLYGON (((1.2196620037344588 6.129390760385265, 1.2196491692128886 6.129425397792658, 1.2197243428392297 6.129436335920844, 1.2197316768515543 6.129408990599965, 1.2196620037344588 6.129390760385265)))",TGRMRRRN5 LOME-AMOUZOU COPE
_mview_route_passages_pietons.fid-7b1c8a4a_1943c1e8149_3d15,Maritime,Golfe,Golfe 4,Amoutivé,"MULTIPOLYGON (((1.2182597172023018 6.131603325041183, 1.2182992695275146 6.1315732521759205, 1.2183411484600941 6.131626458013301, 1.2183039227422459 6.13165884417259, 1.2182597172023018 6.131603325041183)))",TGRMRRRN5 LOME-AMOUZOU COPE
_mview_route_passages_pietons.fid-7b1c8a4a_1943c1e8149_3d16,Maritime,Golfe,Golfe 4,Amoutivé,"MULTIPOLYGON (((1.217939677561671 6.131841626352371, 1.2179142423915736 6.131859891098382, 1.2179580474067422 6.13191187537207, 1.2179834825768405 6.131889395686772, 1.217939677561671 6.131841626352371)))",TGRMRRRN5 LOME-AMOUZOU COPE
_mview_route_passages_pietons.fid-7b1c8a4a_1943c1e8149_3d17,Maritime,Golfe,Golfe 4,Amoutivé,"MULTIPOLYGON (((1.2174141861018501 6.132231587093521, 1.2174394752596782 6.132215871809869, 1.2174853118582447 6.132269303772402, 1.2174616032727796 6.13228973363902, 1.2174141861018501 6.132231587093521)))",TGRMRRRN5 LOME-AMOUZOU COPE
_mview_route_passages_pietons.fid-7b1c8a4a_1943c1e8149_3d18,Maritime,Golfe,Golfe 4,Amoutivé,"MULTIPOLYGON (((1.215627694922777 6.133592711832692, 1.2156494358743442 6.133575184944695, 1.215698206117046 6.1336254286887435, 1.215678227945337 6.133641787116015, 1.215627694922777 6.133592711832692)))",TGRMRRRN5 LOME-AMOUZOU COPE
_mview_route_passages_pietons.fid-7b1c8a4a_1943c1e8149_3d19,Maritime,Golfe,Golfe 4,Amoutivé,"MULTIPOLYGON (((1.2199977623682667 6.1286200153344295, 1.2199364451478265 6.12860015494472, 1.2199457356357715 6.1285738283804845, 1.220005194758625 6.128595536249334, 1.2199977623682667 6.1286200153344295)))",TGRMRRRN5 LOME-AMOUZOU COPE
_mview_route_passages_pietons.fid-7b1c8a4a_1943c1e8149_3d1a,Maritime,Golfe,Golfe 4,Amoutivé,"MULTIPOLYGON (((1.219356077357509 6.130268908983532, 1.219417660164567 6.130290295767276, 1.219413535000459 6.130311096610915, 1.219347237720132 6.130288537949463, 1.219356077357509 6.130268908983532)))",TGRMRRRN5 LOME-AMOUZOU COPE
_mview_route_passages_pietons.fid-7b1c8a4a_1943c1e8149_3d1b,Maritime,Golfe,Golfe 4,Amoutivé,"MULTIPOLYGON (((1.220011567251923 6.128356043630806, 1.220027278178434 6.1283136433859955, 1.2200968551386961 6.12833819089656, 1.2200811442121857 6.128378359547775, 1.220011567251923 6.128356043630806)))",TGRMRRRN5 LOME-AMOUZOU COPE
_mview_route_passages_pietons.fid-7b1c8a4a_1943c1e8149_3d1c,Maritime,Golfe,Golfe 4,Amoutivé,"MULTIPOLYGON (((1.2201867365852315 6.127834330812259, 1.2201938213456687 6.12780051826931, 1.220264668950032 6.127821651108904, 1.2202533333333339 6.127851237082931, 1.2201867365852315 6.127834330812259)))",TGRMRRRN5 LOME-AMOUZOU COPE
_mview_route_passages_pietons.fid-7b1c8a4a_1943c1e8149_3d1d,Maritime,Golfe,Golfe 4,Amoutivé,"MULTIPOLYGON (((1.2216401874237188 6.123611885645931, 1.2216463706419007 6.123581145959259, 1.2217185081873554 6.123601639083907, 1.2217102638964452 6.123628280144769, 1.2216401874237188 6.123611885645931)))",TGRMRRRN5 LOME-AMOUZOU COPE
_mview_route_passages_pietons.fid-7b1c8a4a_1943c1e8149_3d1e,Maritime,Golfe,Golfe 4,Amoutivé,"MULTIPOLYGON (((1.2215731678181827 6.123797390478965, 1.2215814121090915 6.123764601491175, 1.221655610727272 6.123787143920496, 1.2216453053636365 6.123817883595311, 1.2215731678181827 6.123797390478965)))",TGRMRRRN5 LOME-AMOUZOU COPE
_mview_route_passages_pietons.fid-7b1c8a4a_1943c1e8149_3d1f,Maritime,Golfe,Golfe 4,Amoutivé,"MULTIPOLYGON (((1.2221039139956493 6.122387267122768, 1.2220398959229728 6.122365649144123, 1.2220169460478627 6.122420895087812, 1.2220845877850282 6.122432905074817, 1.2221039139956493 6.122387267122768)))",TGRMRRRN5 LOME-AMOUZOU COPE
_mview_route_passages_pietons.fid-7b1c8a4a_1943c1e8149_3d20,Maritime,Golfe,Golfe 4,Amoutivé,"MULTIPOLYGON (((1.2214177919769007 6.124459139816404, 1.221355862211151 6.124437707180817, 1.2213616788189847 6.124417295146125, 1.2214294251925655 6.124442129788229, 1.2214177919769007 6.124459139816404)))",TGRMRRRN5 LOME-AMOUZOU COPE
_mview_route_passages_pietons.fid-7b1c8a4a_1943c1e8149_3d21,Maritime,Golfe,Golfe 4,Amoutivé,"MULTIPOLYGON (((1.2214962264643856 6.124230882182106, 1.2214311622805099 6.124212055214838, 1.2214404004223631 6.124189601967145, 1.2215040409551212 6.1242093336091035, 1.2214962264643856 6.124230882182106)))",TGRMRRRN5 LOME-AMOUZOU COPE
_mview_route_passages_pietons.fid-7b1c8a4a_1943c1e8149_3d22,Maritime,Golfe,Golfe 4,Amoutivé,"MULTIPOLYGON (((1.22064569731936 6.126696601284614, 1.2205779705847752 6.126679905441043, 1.2205751719593798 6.126691314267542, 1.2206375813057107 6.126711349279338, 1.22064569731936 6.126696601284614)))",TGRMRRRN5 LOME-AMOUZOU COPE
_mview_route_passages_pietons.fid-7b1c8a4a_1943c1e8149_3d23,Maritime,Golfe,Golfe 4,Amoutivé,"MULTIPOLYGON (((1.2207074186942897 6.126513809888437, 1.2206427704476417 6.126494331397548, 1.2206377329219278 6.126512696831839, 1.220702381168577 6.126531340529633, 1.2207074186942897 6.126513809888437)))",TGRMRRRN5 LOME-AMOUZOU COPE
_mview_route_passages_pietons.fid-7b1c8a4a_1943c1e8149_3d24,Maritime,Golfe,Golfe 4,Amoutivé,"MULTIPOLYGON (((1.2206791345047614 6.12659595916525, 1.2206860054969297 6.126575463919149, 1.2206207310713342 6.126553687719307, 1.2206147189531875 6.126575036934848, 1.2206791345047614 6.12659595916525)))",TGRMRRRN5 LOME-AMOUZOU COPE
_mview_route_passages_pietons.fid-7b1c8a4a_1943c1e8149_3d25,Maritime,Golfe,Golfe 4,Amoutivé,"MULTIPOLYGON (((1.218492168873393 6.129812856224809, 1.2184995028857193 6.129787333943376, 1.218545340462755 6.1298000950842475, 1.2185343394442671 6.1298183252849565, 1.218492168873393 6.129812856224809)))",QUARTIER ADMINISTRATIF 
_mview_route_passages_pietons.fid-7b1c8a4a_1943c1e8149_3d26,Maritime,Golfe,Golfe 4,Amoutivé,"MULTIPOLYGON (((1.2181348831905972 6.130830231229189, 1.2181422147244696 6.130804717621409, 1.2181849820053945 6.130819296826006, 1.218177650471523 6.130844810433091, 1.2181348831905972 6.130830231229189)))",QUARTIER ADMINISTRATIF 
_mview_route_passages_pietons.fid-7b1c8a4a_1943c1e8149_3d27,Maritime,Golfe,Golfe 4,Amoutivé,"MULTIPOLYGON (((1.2179131946674144 6.13146229299874, 1.2179230073558482 6.1314291207128, 1.217966183184952 6.131446682511495, 1.2179544079588334 6.131475952174698, 1.2179131946674144 6.13146229299874)))",QUARTIER ADMINISTRATIF 
_mview_route_passages_pietons.fid-7b1c8a4a_1943c1e8149_3d28,Maritime,Golfe,Golfe 4,Amoutivé,"MULTIPOLYGON (((1.2198387779812936 6.126042413901744, 1.2198426850180464 6.126029680633749, 1.21988349184635 6.12604651444561, 1.2198791506944013 6.126058600258925, 1.2198387779812936 6.126042413901744)))",QUARTIER ADMINISTRATIF 
_mview_route_passages_pietons.fid-7b1c8a4a_1943c1e8149_3d29,Maritime,Golfe,Golfe 4,Amoutivé,"MULTIPOLYGON (((1.2200430041278278 6.1254583396757445, 1.2200465358900403 6.125441659584638, 1.2200889170365878 6.125455705977184, 1.2200853852743756 6.125469752369363, 1.2200430041278278 6.1254583396757445)))",QUARTIER ADMINISTRATIF 
_mview_route_passages_pietons.fid-7b1c8a4a_1943c1e8149_3d2a,Maritime,Golfe,Golfe 4,Amoutivé,"MULTIPOLYGON (((1.2240580294543957 6.129999222780365, 1.224080570835494 6.129939456128209, 1.224026095831173 6.129919845194009, 1.2240054328985002 6.12997681028659, 1.2240580294543957 6.129999222780365)))",GRAND MARCHÉ 
_mview_route_passages_pietons.fid-7b1c8a4a_1943c1e8149_3d2b,Maritime,Golfe,Golfe 4,Amoutivé,"MULTIPOLYGON (((1.2216204065950058 6.129169430701542, 1.2216397276938173 6.1291021934085785, 1.221664089079278 6.129113051605529, 1.2216418278132533 6.129176530290992, 1.2216204065950058 6.129169430701542)))",GRAND MARCHÉ 
_mview_route_passages_pietons.fid-7b1c8a4a_1943c1e8149_3d2c,Maritime,Golfe,Golfe 4,Amoutivé,"MULTIPOLYGON (((1.2225878886202997 6.1294258680138345, 1.2225583062941756 6.1294160636100745, 1.222536612588352 6.129482733552087, 1.2225642227594016 6.129492537954621, 1.2225878886202997 6.1294258680138345)))",GRAND MARCHÉ 
_mview_route_passages_pietons.fid-7b1c8a4a_1943c1e8149_3d2d,Maritime,Golfe,Golfe 4,Amoutivé,"MULTIPOLYGON (((1.2108836294058831 6.119810586643671, 1.2109002111371898 6.119766026548868, 1.2108845257156826 6.119761124938213, 1.2108648069000745 6.119795881812795, 1.2108836294058831 6.119810586643671)))",
_mview_route_passages_pietons.fid-7b1c8a4a_1943c1e8149_3d2e,Maritime,Golfe,Golfe 4,Amoutivé,"MULTIPOLYGON (((1.222950782702929 6.131875881684112, 1.222987319870753 6.131895803559662, 1.2229775962696385 6.131909866059601, 1.22294665753882 6.13188906527831, 1.222950782702929 6.131875881684112)))",WÉTRIVI KONDJI 
_mview_route_passages_pietons.fid-7b1c8a4a_1943c1e8149_3d2f,Maritime,Golfe,Golfe 4,Amoutivé,"MULTIPOLYGON (((1.2218428635406768 6.133760953248648, 1.2218788113993433 6.133785855504934, 1.2218705610711247 6.133798453116496, 1.2218360864853552 6.133777652408875, 1.2218428635406768 6.133760953248648)))",WÉTRIVI KONDJI 
_mview_route_passages_pietons.fid-7b1c8a4a_1943c1e8149_3d30,Maritime,Golfe,Golfe 4,Amoutivé,"MULTIPOLYGON (((1.2215683333333345 6.134291666666668, 1.2215321942570179 6.134266704935989, 1.2215262994313303 6.134278735559737, 1.2215588760995975 6.134302179851381, 1.2215683333333345 6.134291666666668)))",WÉTRIVI KONDJI 
_mview_route_passages_pietons.fid-7b1c8a4a_1943c1e8149_3d31,Maritime,Golfe,Golfe 4,Amoutivé,"MULTIPOLYGON (((1.2214198560303235 6.134541163728274, 1.2213845324147132 6.1345193715698185, 1.2213794253859507 6.134530161861982, 1.2214121954871777 6.134552800317376, 1.2214198560303235 6.134541163728274)))",WÉTRIVI KONDJI 
_mview_route_passages_pietons.fid-7b1c8a4a_1943c1e8149_3d32,Maritime,Golfe,Golfe 4,Amoutivé,"MULTIPOLYGON (((1.2208941832401352 6.135438654918491, 1.2208592852102544 6.135419401684742, 1.2208509862885149 6.1354344234386025, 1.2208892890042358 6.135453253523833, 1.2208941832401352 6.135438654918491)))",WÉTRIVI KONDJI 
_mview_route_passages_pietons.fid-7b1c8a4a_1943c1e8149_3d33,Maritime,Golfe,Golfe 4,Amoutivé,"MULTIPOLYGON (((1.223256984173603 6.131058927497664, 1.2232645821138899 6.131036264052549, 1.223307637108845 6.131050113935793, 1.223300039168559 6.131069000139629, 1.223256984173603 6.131058927497664)))",WÉTRIVI KONDJI 
_mview_route_passages_pietons.fid-7b1c8a4a_1943c1e8149_3d34,Maritime,Golfe,Golfe 4,Amoutivé,"MULTIPOLYGON (((1.2227613070871297 6.12726329030251, 1.2227786929128708 6.127267219053672, 1.2227620973519362 6.127306506563686, 1.222744711526194 6.127302577812817, 1.2227613070871297 6.12726329030251)))",GRAND MARCHÉ 
_mview_route_passages_pietons.fid-7b1c8a4a_1943c1e8149_3d35,Maritime,Golfe,Golfe 4,Amoutivé,"MULTIPOLYGON (((1.2275483333333337 6.142155000000001, 1.227556940924034 6.142207138007094, 1.2276158017054153 6.142197698832031, 1.2276044092961156 6.142148615119017, 1.2275483333333337 6.142155000000001)))",BOULEVARD CIRCULAIRE-RUE OUKAATA WAYA
_mview_route_passages_pietons.fid-7b1c8a4a_1943c1e8149_3d36,Maritime,Golfe,Golfe 4,Amoutivé,"MULTIPOLYGON (((1.226743333333334 6.138358333333332, 1.226738333333334 6.1383199999999984, 1.2268423732951392 6.13829472720899, 1.2268486674594192 6.138332275675296, 1.226743333333334 6.138358333333332)))",BOULEVARD CIRCULAIRE-RUE OUKAATA WAYA
_mview_route_passages_pietons.fid-7b1c8a4a_1943c1e8149_3d37,Maritime,Golfe,Golfe 4,Amoutivé,"MULTIPOLYGON (((1.2267283333333334 6.138116666666667, 1.2267199999999996 6.138089999999999, 1.2268079320487202 6.138073910028727, 1.2268142262130004 6.138098942350263, 1.2267283333333334 6.138116666666667)))",BOULEVARD CIRCULAIRE-RUE OUKAATA WAYA
_mview_route_passages_pietons.fid-7b1c8a4a_1943c1e8149_3d38,Maritime,Golfe,Golfe 4,Amoutivé,"MULTIPOLYGON (((1.2215265552861156 6.123696800615964, 1.221547415486332 6.123704060025429, 1.2215599316064623 6.123662577684323, 1.2215380283962352 6.123656355332879, 1.2215265552861156 6.123696800615964)))",QUARTIER ADMINISTRATIF 
_mview_route_passages_pietons.fid-7b1c8a4a_1943c1e8149_3d39,Maritime,Golfe,Golfe 4,Amoutivé,"MULTIPOLYGON (((1.2208872918938944 6.123482053989718, 1.2209138537500825 6.123491375272858, 1.220923228522855 6.123449429497452, 1.2208997915909245 6.123443215308223, 1.2208872918938944 6.123482053989718)))",QUARTIER ADMINISTRATIF 
_mview_route_passages_pietons.fid-7b1c8a4a_1943c1e8149_3d3a,Maritime,Golfe,Golfe 4,Amoutivé,"MULTIPOLYGON (((1.2205790227422373 6.123366514372176, 1.2205936494318257 6.123374270765382, 1.2206063258961346 6.1233306410521235, 1.2205916992065466 6.123326762855215, 1.2205790227422373 6.123366514372176)))",QUARTIER ADMINISTRATIF 
_mview_route_passages_pietons.fid-7b1c8a4a_1943c1e8149_3d3b,Maritime,Golfe,Golfe 4,Amoutivé,"MULTIPOLYGON (((1.2201840292082364 6.123218808216874, 1.2201936779305596 6.123222577160388, 1.220206083430691 6.123181118780295, 1.2201974685000447 6.123178035099003, 1.2201840292082364 6.123218808216874)))",QUARTIER ADMINISTRATIF 
_mview_route_passages_pietons.fid-7b1c8a4a_1943c1e8149_3d3c,Maritime,Golfe,Golfe 4,Amoutivé,"MULTIPOLYGON (((1.219889736283092 6.1231102713422745, 1.2198719339770523 6.123103633563264, 1.2198897362830923 6.123063069356418, 1.2199060550636283 6.123069707135934, 1.219889736283092 6.1231102713422745)))",QUARTIER ADMINISTRATIF 
_mview_route_passages_pietons.fid-7b1c8a4a_1943c1e8149_3d3d,Maritime,Golfe,Golfe 4,Amoutivé,"MULTIPOLYGON (((1.2192692309324655 6.1228888331140885, 1.2192546784524907 6.122883571490757, 1.2192718768379147 6.122844109314092, 1.2192864293178893 6.122848713234855, 1.2192692309324655 6.1228888331140885)))",QUARTIER ADMINISTRATIF 
_mview_route_passages_pietons.fid-7b1c8a4a_1943c1e8149_3d3e,Maritime,Golfe,Golfe 4,Amoutivé,"MULTIPOLYGON (((1.218932947064035 6.12277125696621, 1.2189173552472752 6.1227645165856, 1.218934302874188 6.122724074300138, 1.218950572596024 6.122730140643155, 1.218932947064035 6.12277125696621)))",QUARTIER ADMINISTRATIF 
_mview_route_passages_pietons.fid-7b1c8a4a_1943c1e8149_3d3f,Maritime,Golfe,Golfe 4,Amoutivé,"MULTIPOLYGON (((1.2185912211900238 6.122642158058362, 1.2185764367958436 6.122636866035972, 1.2185971349476963 6.1225962938625855, 1.2186101452145743 6.122602173887902, 1.2185912211900238 6.122642158058362)))",QUARTIER ADMINISTRATIF 
_mview_route_passages_pietons.fid-7b1c8a4a_1943c1e8149_3d40,Maritime,Golfe,Golfe 4,Amoutivé,"MULTIPOLYGON (((1.2181147747273544 6.122461517118412, 1.2181334587651187 6.122469773770754, 1.2181459147902949 6.122428490507747, 1.2181282687546282 6.122422298018021, 1.2181147747273544 6.122461517118412)))",QUARTIER ADMINISTRATIF 
_mview_route_passages_pietons.fid-7b1c8a4a_1943c1e8149_3d41,Maritime,Golfe,Golfe 4,Amoutivé,"MULTIPOLYGON (((1.2126828025975906 6.128047283918354, 1.212707060364571 6.128011852240483, 1.212722731311381 6.128021457213631, 1.212693965463812 6.128054541008713, 1.2126828025975906 6.128047283918354)))",QUARTIER ADMINISTRATIF 
_mview_route_passages_pietons.fid-7b1c8a4a_1943c1e8149_3d42,Maritime,Golfe,Golfe 4,Amoutivé,"MULTIPOLYGON (((1.2111340614143782 6.117685696372723, 1.211170681664917 6.117700592068673, 1.2112206183701966 6.117545014779379, 1.2111839981196573 6.117533429234747, 1.2111340614143782 6.117685696372723)))",TGRMRRRN2/3 AFLAO AVEPOZO VOIE SUD
_mview_route_passages_pietons.fid-7b1c8a4a_1943c1e8149_3d43,Maritime,Golfe,Golfe 5,Aflao-Gakli,"MULTIPOLYGON (((1.1976433160219673 6.188678924742252, 1.1976451082304758 6.188711887375703, 1.197692601755936 6.188707432965898, 1.1976872251304116 6.188676252096208, 1.1976433160219673 6.188678924742252)))",AGBALEPEDO
_mview_route_passages_pietons.fid-7b1c8a4a_1943c1e8149_3d44,Maritime,Golfe,Golfe 5,Aflao-Gakli,"MULTIPOLYGON (((1.197713333333333 6.1904666666666675, 1.197789573585899 6.190459284255303, 1.1978000096237829 6.190535368937316, 1.1977234786792945 6.190531910542916, 1.197713333333333 6.1904666666666675)))",AGBALEPEDO
_mview_route_passages_pietons.fid-7b1c8a4a_1943c1e8149_3d45,Maritime,Golfe,Golfe 5,Aflao-Gakli,"MULTIPOLYGON (((1.1979549999999988 6.191611666666668, 1.1978819477348064 6.1916249095267455, 1.1979062984898716 6.191700994040851, 1.1979793507550647 6.191690618880483, 1.1979549999999988 6.191611666666668)))",AGBALEPEDO
_mview_route_passages_pietons.fid-7b1c8a4a_1943c1e8149_3d46,Maritime,Golfe,Golfe 5,Aflao-Gakli,"MULTIPOLYGON (((1.1983866666666663 6.192798333333333, 1.1984527615732705 6.192814909489386, 1.198421453459617 6.192908285726568, 1.198351879873717 6.192880618695051, 1.1983866666666663 6.192798333333333)))",AGBALEPEDO-RUE LIVINGSTONE 
_mview_route_passages_pietons.fid-7b1c8a4a_1943c1e8149_3d47,Maritime,Golfe,Golfe 5,Aflao-Gakli,"MULTIPOLYGON (((1.200836666666666 6.192646666666667, 1.2008507319851671 6.192712966493843, 1.2008296340074165 6.192715879669465, 1.2008167407987906 6.192645963450076, 1.200836666666666 6.192646666666667)))",AGBALEPEDO-RUE LIVINGSTONE 
_mview_route_passages_pietons.fid-7b1c8a4a_1943c1e8149_3d48,Maritime,Golfe,Golfe 5,Aflao-Gakli,"MULTIPOLYGON (((1.1969093590570954 6.192712596910894, 1.1969104779306916 6.192811595573309, 1.1969653027369713 6.192808258540047, 1.1969552328745936 6.192711484566269, 1.1969093590570954 6.192712596910894)))",AGBALEPEDO-RUE LIVINGSTONE 
_mview_route_passages_pietons.fid-7b1c8a4a_1943c1e8149_3d49,Maritime,Golfe,Golfe 5,Aflao-Gakli,"MULTIPOLYGON (((1.19425 6.192696666666666, 1.1942666666666686 6.192696666666661, 1.1942700000000008 6.192706666666665, 1.1942750000000002 6.192718333333333, 1.1942816666666671 6.192729999999998, 1.19425 6.192696666666666)))",AGBALEPEDO-RUE LIVINGSTONE 
_mview_route_passages_pietons.fid-7b1c8a4a_1943c1e8149_3d4a,Maritime,Golfe,Golfe 5,Aflao-Gakli,"MULTIPOLYGON (((1.1910963059452233 6.192193163660655, 1.1910963059452233 6.192193163660655, 1.1910963059452233 6.192193163660655, 1.1910963059452233 6.192193163660655, 1.1911318563794244 6.192207575901803, 1.1911771740146946 6.192057679108217, 1.1911298643954564 6.19204572720441, 1.1910963059452233 6.192193163660655)))",AGBALEPEDO-RUE LIVINGSTONE 
_mview_route_passages_pietons.fid-7b1c8a4a_1943c1e8149_3d4b,Maritime,Golfe,Golfe 5,Aflao-Gakli,"MULTIPOLYGON (((1.1960126427737388 6.1927750944576045, 1.1960126427737403 6.192820382939277, 1.1960468085080425 6.1928260439992115, 1.1960411142189908 6.192780755518026, 1.1960126427737388 6.1927750944576045)))",AGBALEPEDO-RUE LIVINGSTONE 
_mview_route_passages_pietons.fid-7b1c8a4a_1943c1e8149_3d4c,Maritime,Golfe,Golfe 5,Aflao-Gakli,"MULTIPOLYGON (((1.2018039338230455 6.19259569458647, 1.2018119905461504 6.19265309751519, 1.20185093137449 6.192647757708127, 1.2018375035026483 6.192594359634563, 1.2018039338230455 6.19259569458647)))",AGBALEPEDO-RUE LIVINGSTONE 
_mview_route_passages_pietons.fid-7b1c8a4a_1943c1e8149_3d4d,Maritime,Golfe,Golfe 5,Aflao-Gakli,"MULTIPOLYGON (((1.201468981092299 6.192646697825589, 1.201482408964141 6.1927081056036375, 1.2014394397742476 6.1927187852164804, 1.2014246691152208 6.192657377439674, 1.201468981092299 6.192646697825589)))",AGBALEPEDO-RUE LIVINGSTONE 
_mview_route_passages_pietons.fid-7b1c8a4a_1943c1e8149_3d4e,Maritime,Golfe,Golfe 5,Aflao-Gakli,"MULTIPOLYGON (((1.200882314425632 6.192749351551544, 1.2008903711487369 6.19280541951219, 1.2008568014691325 6.192816099123068, 1.2008500875332118 6.192754691357576, 1.200882314425632 6.192749351551544)))",AGBALEPEDO-RUE LIVINGSTONE 
_mview_route_passages_pietons.fid-7b1c8a4a_1943c1e8149_3d4f,Maritime,Golfe,Golfe 5,Aflao-Gakli,"MULTIPOLYGON (((1.1992683333333345 6.193084999999997, 1.199262962184596 6.193031325691046, 1.1992226785690723 6.193036665494224, 1.1992280497178087 6.193091398473708, 1.1992683333333345 6.193084999999997)))",AGBALEPEDO-RUE LIVINGSTONE 
_mview_route_passages_pietons.fid-7b1c8a4a_1943c1e8149_3d50,Maritime,Golfe,Golfe 5,Aflao-Gakli,"MULTIPOLYGON (((1.1983383333333333 6.192948333333335, 1.1983544467795424 6.1928959939616375, 1.1984189005643826 6.1929226929838395, 1.1983960731822532 6.192976091024203, 1.1983383333333333 6.192948333333335)))",AGBALEPEDO-RUE LIVINGSTONE 
_mview_route_passages_pietons.fid-7b1c8a4a_1943c1e8149_3d51,Maritime,Golfe,Golfe 5,Aflao-Gakli,"MULTIPOLYGON (((1.1960140345759693 6.192833944833146, 1.19604599202093 6.1928359305179015, 1.1960449933507753 6.192882594107486, 1.1960120372356593 6.192879615580615, 1.1960140345759693 6.192833944833146)))",AGBALEPEDO-RUE LIVINGSTONE 
_mview_route_passages_pietons.fid-7b1c8a4a_1943c1e8149_3d52,Maritime,Golfe,Golfe 5,Aflao-Gakli,"MULTIPOLYGON (((1.194256544633494 6.192838221204342, 1.194258365763509 6.1927965796398805, 1.19430753627394 6.192814684668311, 1.1943148207940026 6.192858136734009, 1.194256544633494 6.192838221204342)))",AGBALEPEDO-RUE LIVINGSTONE 
_mview_route_passages_pietons.fid-7b1c8a4a_1943c1e8149_3d53,Maritime,Golfe,Golfe 5,Aflao-Gakli,"MULTIPOLYGON (((1.2029451717629078 6.186939103355102, 1.2030119042781757 6.186946959861882, 1.2030171726346455 6.186987115339176, 1.2029478059411427 6.186975767052422, 1.2029451717629078 6.186939103355102)))",AGBALEPEDO 
_mview_route_passages_pietons.fid-7b1c8a4a_1943c1e8149_3d54,Maritime,Golfe,Golfe 5,Aflao-Gakli,"MULTIPOLYGON (((1.1924966666666665 6.192818333333335, 1.1924966666666672 6.192808333333333, 1.192499999999999 6.192808333333332, 1.1925133333333335 6.192803333333334, 1.1925299999999992 6.19281, 1.1924966666666665 6.192818333333335)))",AGBALEPEDOGAN
_mview_route_passages_pietons.fid-7b1c8a4a_1943c1e8149_3d55,Maritime,Golfe,Golfe 5,Aflao-Gakli,"MULTIPOLYGON (((1.1844750000000013 6.171903333333334, 1.1844750000000013 6.171903333333334, 1.1844750000000013 6.171903333333334, 1.1844750000000013 6.171903333333334, 1.1844750000000013 6.171903333333334, 1.1844434258517043 6.171919363059453, 1.1843742955911822 6.171842208750834, 1.1844100000000004 6.17183, 1.1844750000000013 6.171903333333334)))",AVENOU
_mview_route_passages_pietons.fid-7b1c8a4a_1943c1e8149_3d56,Maritime,Golfe,Golfe 5,Aflao-Gakli,"MULTIPOLYGON (((1.183333333333334 6.17241, 1.183333333333334 6.17241, 1.183333333333334 6.17241, 1.183333333333334 6.17241, 1.183333333333334 6.17241, 1.183333333333334 6.17241, 1.183333333333334 6.17241, 1.183333333333334 6.17241, 1.18332143987976 6.172411782231132, 1.1832976482965942 6.172362627922515, 1.1833216666666664 6.172356666666667, 1.183333333333334 6.17241)))",AVENOU
_mview_route_passages_pietons.fid-7b1c8a4a_1943c1e8149_3d57,Kara,Kozah,Kozah 1,Soumdina,"MULTIPOLYGON (((1.2486266666666666 9.646638333333334, 1.2486333333333335 9.646621666666663, 1.2486716666666664 9.646656666666667, 1.2486683333333344 9.646676666666666, 1.2486266666666666 9.646638333333334)))",TGRKRRRN18B BRETELLE SOUMDINA-RN16
_mview_route_passages_pietons.fid-7b1c8a4a_1943c1e8149_3d58,Kara,Kozah,Kozah 1,Soumdina,"MULTIPOLYGON (((1.247191666666666 9.647933333333334, 1.2472083333333335 9.647905, 1.2471633333333332 9.647863333333333, 1.2471450000000002 9.647883333333334, 1.247191666666666 9.647933333333334)))",TGRKRRRN18B BRETELLE SOUMDINA-RN16
_mview_route_passages_pietons.fid-7b1c8a4a_1943c1e8149_3d59,Kara,Kozah,Kozah 1,Soumdina,"MULTIPOLYGON (((1.253475 9.641916666666667, 1.2534333333333334 9.641893333333334, 1.2534583333333336 9.641883333333334, 1.2535 9.6419, 1.253475 9.641916666666667)))",TGRKRRRN18B BRETELLE SOUMDINA-RN16
_mview_route_passages_pietons.fid-7b1c8a4a_1943c1e8149_3d5a,Kara,Kozah,Kozah 1,Soumdina,"MULTIPOLYGON (((1.2536216666666662 9.641578333333339, 1.2536300000000002 9.64156, 1.2536883333333328 9.641598333333329, 1.253683333333333 9.64161666666667, 1.2536216666666662 9.641578333333339)))",TGRKRRRN18B BRETELLE SOUMDINA-RN16
_mview_route_passages_pietons.fid-7b1c8a4a_1943c1e8149_3d5b,Kara,Kozah,Kozah 1,Soumdina,"MULTIPOLYGON (((1.25382 9.64116, 1.2538816666666668 9.641196666666664, 1.2538833333333335 9.641214999999999, 1.2538217260377629 9.641174368876284, 1.25382 9.64116)))",TGRKRRRN18B BRETELLE SOUMDINA-RN16
_mview_route_passages_pietons.fid-7b1c8a4a_1943c1e8149_3d5c,Kara,Kozah,Kozah 1,Soumdina,"MULTIPOLYGON (((1.247655 9.647593333333333, 1.247678333333333 9.647575, 1.2476233333333333 9.647528333333334, 1.2476000000000003 9.647556666666667, 1.247655 9.647593333333333)))",TGRKRRRN18B BRETELLE SOUMDINA-RN16
_mview_route_passages_pietons.fid-7b1c8a4a_1943c1e8149_3d5d,Kara,Kozah,Kozah 2,Kouméa,"MULTIPOLYGON (((1.1854866666666675 9.724976666666667, 1.1855200000000017 9.724996666666668, 1.185511666666667 9.725015, 1.185476201448778 9.724995124307645, 1.1854866666666675 9.724976666666667)))",TGRKRRRN18B TCHITCHAO-PYA-KOUMEA
_mview_route_passages_pietons.fid-7b1c8a4a_1943c1e8149_3d5e,Kara,Kozah,Kozah 2,Kouméa,"MULTIPOLYGON (((1.185186666666666 9.728016666666663, 1.1851049999999999 9.728015, 1.1851083333333332 9.72804166666666, 1.185178333333334 9.72804, 1.185186666666666 9.728016666666663)))",TGRKRRRN18B TCHITCHAO-PYA-KOUMEA
_mview_route_passages_pietons.fid-7b1c8a4a_1943c1e8149_3d5f,Kara,Kozah,Kozah 2,Kouméa,"MULTIPOLYGON (((1.1851850000000002 9.728731666666667, 1.1851133333333335 9.728733333333333, 1.1851066666666679 9.728703333333334, 1.185173333333334 9.72871, 1.1851850000000002 9.728731666666667)))",TGRKRRRN18B TCHITCHAO-PYA-KOUMEA
_mview_route_passages_pietons.fid-7b1c8a4a_1943c1e8149_3d60,Kara,Kozah,Kozah 2,Kouméa,"MULTIPOLYGON (((1.184028333333336 9.717323333333328, 1.184028333333336 9.717323333333328, 1.1840444117647089 9.717342459150322, 1.1839712091503276 9.717377230392152, 1.1839616666666672 9.717356666666667, 1.1839616666666672 9.717356666666667, 1.184028333333336 9.717323333333328)))",TGRKRRRN18B TCHITCHAO-PYA-KOUMEA
_mview_route_passages_pietons.fid-7b1c8a4a_1943c1e8149_3d61,Kara,Kozah,Kozah 2,Kouméa,"MULTIPOLYGON (((1.184275 9.71764333333333, 1.1842978794255192 9.717662274382093, 1.1842316666666672 9.71774, 1.1842316666666672 9.71774, 1.1842057361389433 9.717717601035401, 1.184275 9.71764333333333)))",TGRKRRRN18B TCHITCHAO-PYA-KOUMEA
_mview_route_passages_pietons.fid-7b1c8a4a_1943c1e8149_3d62,Kara,Kozah,Kozah 2,Kouméa,"MULTIPOLYGON (((1.1849183333333342 9.718678333333335, 1.1849183333333342 9.718678333333335, 1.1849355960570522 9.718687384709865, 1.1849642162060032 9.718651885162853, 1.184951222248386 9.718645948480699, 1.184951222248386 9.718645948480699, 1.184951222248386 9.718645948480699, 1.184951222248386 9.718645948480699, 1.184951222248386 9.718645948480699, 1.184951222248386 9.718645948480699, 1.184951222248386 9.718645948480699, 1.184951222248386 9.718645948480699, 1.1849183333333342 9.718678333333335)))",TGRKRRRN18B TCHITCHAO-PYA-KOUMEA
_mview_route_passages_pietons.fid-7b1c8a4a_1943c1e8149_3d63,Kara,Kozah,Kozah 2,Kouméa,"MULTIPOLYGON (((1.1853183333333341 9.72563333333333, 1.1852900000000004 9.72564, 1.1852316666666667 9.725615, 1.185245 9.725586666666661, 1.1853183333333341 9.72563333333333)))",TGRKRRRN18B TCHITCHAO-PYA-KOUMEA
_mview_route_passages_pietons.fid-7b1c8a4a_1943c1e8149_3d64,Kara,Kozah,Kozah 1,Commune De Kara,"MULTIPOLYGON (((1.2020183333333334 9.56054, 1.2019754074816305 9.560540179191719, 1.2019833333333345 9.560443333333334, 1.2019833333333345 9.560443333333334, 1.2019833333333345 9.560443333333334, 1.2020305307281234 9.560445798430196, 1.2020183333333334 9.56054)))",
_mview_route_passages_pietons.fid-7b1c8a4a_1943c1e8149_3d65,Kara,Kozah,Kozah 1,Commune De Kara,"MULTIPOLYGON (((1.2022400000000013 9.560449999999996, 1.202256948229795 9.560450023380088, 1.202244771877089 9.560545273881095, 1.202228333333334 9.560543333333333, 1.202228333333334 9.560543333333333, 1.2022400000000013 9.560449999999996)))",
_mview_route_passages_pietons.fid-7b1c8a4a_1943c1e8149_3d66,Kara,Kozah,Kozah 1,Commune De Kara,"MULTIPOLYGON (((1.2023733333333337 9.560471666666666, 1.202399225951904 9.56047727797261, 1.2023816666666676 9.560569999999998, 1.2023816666666676 9.560569999999998, 1.2023551533066141 9.56056542326319, 1.2023733333333337 9.560471666666666)))",
_mview_route_passages_pietons.fid-7b1c8a4a_1943c1e8149_3d67,Kara,Kozah,Kozah 2,Bohou,"MULTIPOLYGON (((1.2192249999999998 9.614975, 1.2191833333333335 9.614951666666663, 1.2192 9.61492, 1.2192461182852392 9.614941328290483, 1.2192249999999998 9.614975)))",TGRKRRRN18B PYA-TCHARE-LASSA-RN16
_mview_route_passages_pietons.fid-7b1c8a4a_1943c1e8149_3d68,Kara,Kozah,Kozah 2,Bohou,"MULTIPOLYGON (((1.2188983333333339 9.615968333333331, 1.2188350000000008 9.615951666666666, 1.218825 9.615983333333329, 1.2188869336391157 9.61600027881115, 1.2188983333333339 9.615968333333331)))",TGRKRRRN18B PYA-TCHARE-LASSA-RN16
_mview_route_passages_pietons.fid-7b1c8a4a_1943c1e8149_3d69,Kara,Kozah,Kozah 2,Bohou,"MULTIPOLYGON (((1.2142899999999996 9.627180000000001, 1.2142466666666676 9.627133333333335, 1.214262457455806 9.627115434126717, 1.214298785323913 9.627148966079666, 1.2142899999999996 9.627180000000001)))",TGRKRRRN18B PYA-TCHARE-LASSA-RN16
_mview_route_passages_pietons.fid-7b1c8a4a_1943c1e8149_3d6a,Kara,Kozah,Kozah 1,Lassa,"MULTIPOLYGON (((1.2078999999999998 9.638213333333335, 1.2078450000000005 9.638195000000001, 1.2078513209975381 9.638183474533761, 1.2079056243343884 9.638198608843231, 1.2078999999999998 9.638213333333335)))",TGRKRRRN18B PYA-TCHARE-LASSA-RN16
_mview_route_passages_pietons.fid-7b1c8a4a_1943c1e8149_3d6b,Kara,Kozah,Kozah 1,Lassa,"MULTIPOLYGON (((1.2056566666666666 9.641900000000001, 1.2055983333333344 9.64190166666667, 1.2055985305210786 9.641872885038072, 1.2056636396712164 9.641874830171757, 1.2056566666666666 9.641900000000001)))",TGRKRRRN18B PYA-TCHARE-LASSA-RN16
_mview_route_passages_pietons.fid-7b1c8a4a_1943c1e8149_3d6c,Kara,Kozah,Kozah 1,Lassa,"MULTIPOLYGON (((1.2053633333333331 9.643051666666658, 1.205286666666667 9.643036666666665, 1.2053 9.642998333333328, 1.2053791088256454 9.643012456471288, 1.2053633333333331 9.643051666666658)))",TGRKRRRN18B PYA-TCHARE-LASSA-RN16
_mview_route_passages_pietons.fid-7b1c8a4a_1943c1e8149_3d6d,Kara,Kozah,Kozah 1,Lassa,"MULTIPOLYGON (((1.2047933333333347 9.644096666666666, 1.2047233333333336 9.644069999999996, 1.204743333333334 9.644038333333333, 1.2047973673455623 9.644064123166679, 1.2047933333333347 9.644096666666666)))",TGRKRRRN18B PYA-TCHARE-LASSA-RN16
_mview_route_passages_pietons.fid-7b1c8a4a_1943c1e8149_3d6e,Kara,Kozah,Kozah 1,Lassa,"MULTIPOLYGON (((1.2046016666666663 9.64444166666667, 1.2045466666666667 9.644413333333334, 1.2045633333333334 9.644381666666668, 1.2046133333333335 9.644409999999999, 1.2046016666666663 9.64444166666667)))",TGRKRRRN18B PYA-TCHARE-LASSA-RN16
_mview_route_passages_pietons.fid-7b1c8a4a_1943c1e8149_3d6f,Kara,Kozah,Kozah 1,Lassa,"MULTIPOLYGON (((1.1996550000000004 9.648136666666662, 1.19964 9.648069999999999, 1.1996724744805862 9.648048087847615, 1.1996888539231276 9.648112469877722, 1.1996550000000004 9.648136666666662)))",TGRKRRRN18B PYA-TCHARE-LASSA-RN16
_mview_route_passages_pietons.fid-7b1c8a4a_1943c1e8149_3d70,Kara,Kozah,Kozah 1,Lassa,"MULTIPOLYGON (((1.2386750000000009 9.603383333333333, 1.2386750000000009 9.603383333333333, 1.2386857979291925 9.603378441549767, 1.2386655975283907 9.603338040748163, 1.2386533333333336 9.603343333333333, 1.2386533333333336 9.603343333333333, 1.2386533333333336 9.603343333333333, 1.2386750000000009 9.603383333333333)))",TGRKRRRN18B PYA-TCHARE-LASSA-RN16
_mview_route_passages_pietons.fid-7b1c8a4a_1943c1e8149_3d71,Kara,Kozah,Kozah 2,Bohou,"MULTIPOLYGON (((1.2138416666666672 9.627935, 1.2138416666666672 9.627935, 1.2138505816993472 9.627921160743465, 1.2138034232026154 9.627883575776146, 1.2137900000000008 9.627895, 1.2137900000000008 9.627895, 1.2138416666666672 9.627935)))",TGRKRRRN18B PYA-TCHARE-LASSA-RN16
_mview_route_passages_pietons.fid-7b1c8a4a_1943c1e8149_3d72,Kara,Kozah,Kozah 2,Bohou,"MULTIPOLYGON (((1.2057599999999995 9.641303333333331, 1.2057772718311455 9.641311949839507, 1.2057788419976132 9.641308853862075, 1.2057615701664681 9.641299565929616, 1.2057599999999995 9.641303333333331)))",TGRKRRRN18B PYA-TCHARE-LASSA-RN16
_mview_route_passages_pietons.fid-7b1c8a4a_1943c1e8149_3d73,Kara,Kozah,Kozah 1,Lassa,"MULTIPOLYGON (((1.2054416666666676 9.64251833333333, 1.2054800000000006 9.642535, 1.205531666666667 9.64254833333333, 1.2055316666666673 9.642583333333329, 1.2055300000000002 9.642583333333333, 1.2054416666666676 9.64251833333333)))",TGRKRRRN18B PYA-TCHARE-LASSA-RN16
_mview_route_passages_pietons.fid-7b1c8a4a_1943c1e8149_3d74,Kara,Kozah,Kozah 2,Bohou,"MULTIPOLYGON (((1.2010233333333336 9.647815000000001, 1.2010233333333336 9.647815000000001, 1.200999803607214 9.647738749833, 1.2010466666666664 9.647728333333333, 1.2010466666666664 9.647728333333333, 1.2010643607214433 9.647805130594524, 1.2010233333333336 9.647815000000001)))",TGRKRRRN18B PYA-TCHARE-LASSA-RN16
_mview_route_passages_pietons.fid-7b1c8a4a_1943c1e8149_3d75,Kara,Kozah,Kozah 1,Lassa,"MULTIPOLYGON (((1.1988766666666677 9.648281666666664, 1.1989300000000003 9.648203333333333, 1.19890464372795 9.648186087331801, 1.1988664938850577 9.648263504643571, 1.1988766666666677 9.648281666666664)))",TGRKRRRN18B PYA-TCHARE-LASSA-RN16
_mview_route_passages_pietons.fid-7b1c8a4a_1943c1e8149_3d76,Kara,Kozah,Kozah 2,Bohou,"MULTIPOLYGON (((1.1983917935871737 9.648281961923843, 1.198425 9.648284999999994, 1.1984266666666663 9.648336666666664, 1.19841 9.648331666666666, 1.1983917935871737 9.648281961923843)))",TGRKRRRN18B PYA-TCHARE-LASSA-RN16
_mview_route_passages_pietons.fid-7b1c8a4a_1943c1e8149_3d77,Kara,Kozah,Kozah 2,Bohou,"MULTIPOLYGON (((1.1989316666666672 9.648188333333334, 1.1989183333333346 9.648146666666666, 1.198893014230035 9.64814380896569, 1.198906418461193 9.648186389456122, 1.1989316666666672 9.648188333333334)))",
_mview_route_passages_pietons.fid-7b1c8a4a_1943c1e8149_3d78,Kara,Kozah,Kozah 2,Bohou,"MULTIPOLYGON (((1.1983966666666677 9.648276666666666, 1.1984233333333338 9.648258333333334, 1.1984050000000002 9.648234999999998, 1.1983799999999998 9.648228333333332, 1.1983966666666677 9.648276666666666)))",
_mview_route_passages_pietons.fid-7b1c8a4a_1943c1e8149_3d79,Kara,Kozah,Kozah 1,Lassa,"MULTIPOLYGON (((1.1959316666666668 9.650034999999997, 1.1958833333333345 9.649988333333333, 1.1958938397266836 9.64997386234038, 1.1959395961514312 9.650025930523201, 1.1959316666666668 9.650034999999997)))",TGRKRRRN18B PYA-TCHARE-LASSA-RN16
_mview_route_passages_pietons.fid-7b1c8a4a_1943c1e8149_3d7a,Kara,Kozah,Kozah 1,Lassa,"MULTIPOLYGON (((1.1947333333333343 9.650816666666666, 1.1946816666666669 9.65079, 1.1946882300472186 9.650777966330814, 1.194735 9.650798333333336, 1.1947333333333343 9.650816666666666)))",TGRKRRRN18B PYA-TCHARE-LASSA-RN16
_mview_route_passages_pietons.fid-7b1c8a4a_1943c1e8149_3d7b,Kara,Kozah,Kozah 1,Lassa,"MULTIPOLYGON (((1.1945183333333338 9.651024999999997, 1.1945069998453721 9.651039816627799, 1.194462120374666 9.651006334456621, 1.1944754629200116 9.650994376537536, 1.1945183333333338 9.651024999999997)))",TGRKRRRN18B PYA-TCHARE-LASSA-RN16
_mview_route_passages_pietons.fid-7b1c8a4a_1943c1e8149_3d7c,Kara,Kozah,Kozah 2,Bohou,"MULTIPOLYGON (((1.1927383333333335 9.652856666666667, 1.192671666666668 9.652828333333328, 1.1926733333333346 9.652816666666663, 1.192741972209337 9.652841080335625, 1.1927383333333335 9.652856666666667)))",TGRKRRRN18B PYA-TCHARE-LASSA-RN16
_mview_route_passages_pietons.fid-7b1c8a4a_1943c1e8149_3d7d,Kara,Kozah,Kozah 2,Bohou,"MULTIPOLYGON (((1.1894066666666678 9.655606666666667, 1.1894449910930496 9.655559693502356, 1.1893012744941138 9.655451071623133, 1.1892725311743253 9.655498298531453, 1.1894066666666678 9.655606666666667)))",TGRKRRRN18B PYA-TCHARE-LASSA-RN16
_mview_route_passages_pietons.fid-7b1c8a4a_1943c1e8149_3d7e,Kara,Kozah,Kozah 1,Lassa,"MULTIPOLYGON (((1.1950433333333332 9.650528333333336, 1.1950100000000001 9.650540000000001, 1.1949750000000006 9.650505, 1.1949916666666665 9.650495000000001, 1.1949899999999993 9.650495000000003, 1.1950433333333332 9.650528333333336)))",TGRKRRRN18B PYA-TCHARE-LASSA-RN16
_mview_route_passages_pietons.fid-7b1c8a4a_1943c1e8149_3d7f,Kara,Kozah,Kozah 2,Bohou,"MULTIPOLYGON (((1.1907849999999995 9.654039999999998, 1.1907849999999995 9.654039999999998, 1.1907941444555825 9.654033613643952, 1.190766004175015 9.654006665748154, 1.190756666666667 9.65401166666666, 1.190756666666667 9.65401166666666, 1.190756666666667 9.65401166666666, 1.1907849999999995 9.654039999999998)))",TGRKRRRN18B PYA-TCHARE-LASSA-RN16
_mview_route_passages_pietons.fid-7b1c8a4a_1943c1e8149_3d80,Kara,Kozah,Kozah 2,Bohou,"MULTIPOLYGON (((1.1890733333333343 9.655981666666662, 1.1890733333333343 9.655981666666662, 1.1890637184368738 9.655988601369401, 1.1890248326653354 9.65595434485638, 1.1890366666666676 9.655945, 1.1890366666666676 9.655945, 1.1890733333333343 9.655981666666662)))",TGRKRRRN18B PYA-TCHARE-LASSA-RN16
_mview_route_passages_pietons.fid-7b1c8a4a_1943c1e8149_3d81,Kara,Kozah,Kozah 2,Tcharè,"MULTIPOLYGON (((1.1843999999999997 9.660046666666664, 1.1843766666666662 9.659966666666662, 1.184422418935982 9.6599253758319, 1.1844297141569038 9.660011677211214, 1.1843999999999997 9.660046666666664)))",TGRKRRRN18B PYA-TCHARE-LASSA-RN16
_mview_route_passages_pietons.fid-7b1c8a4a_1943c1e8149_3d82,Kara,Kozah,Kozah 2,Tcharè,"MULTIPOLYGON (((1.182885000000002 9.662225000000001, 1.1828250000000005 9.662186666666665, 1.182846571385636 9.662143971982175, 1.1828833333333337 9.662181666666669, 1.182885000000002 9.662225000000001)))",TGRKRRRN18B PYA-TCHARE-LASSA-RN16
_mview_route_passages_pietons.fid-7b1c8a4a_1943c1e8149_3d83,Kara,Kozah,Kozah 2,Tcharè,"MULTIPOLYGON (((1.1787716666666663 9.663246666666668, 1.1787333333333319 9.663205000000003, 1.1787458264483988 9.663177454741465, 1.1787957989086657 9.663220560238623, 1.1787716666666663 9.663246666666668)))",TGRKRRRN18B PYA-TCHARE-LASSA-RN16
_mview_route_passages_pietons.fid-7b1c8a4a_1943c1e8149_3d84,Kara,Kozah,Kozah 2,Tcharè,"MULTIPOLYGON (((1.1824916165664654 9.663491503841014, 1.1824200000000005 9.663426666666666, 1.1823981055444244 9.663488726285903, 1.1824851356045418 9.663533167167666, 1.1824916165664654 9.663491503841014)))",TGRKRRRN18B PYA-TCHARE-LASSA-RN16
_mview_route_passages_pietons.fid-7b1c8a4a_1943c1e8149_3d85,Kara,Kozah,Kozah 2,Tcharè,"MULTIPOLYGON (((1.1779233333333332 9.663291666666671, 1.1779233333333332 9.663291666666671, 1.1779233333333332 9.663291666666671, 1.1779233333333332 9.663291666666671, 1.1779410901803629 9.663296002421514, 1.1779441342685395 9.663241643704076, 1.1779266666666681 9.66324, 1.1779233333333332 9.663291666666671)))",TGRKRRRN18B PYA-TCHARE-LASSA-RN16
_mview_route_passages_pietons.fid-7b1c8a4a_1943c1e8149_3d86,Kara,Kozah,Kozah 2,Pya,"MULTIPOLYGON (((1.172459852438127 9.668082123927574, 1.172493420103711 9.668068042688992, 1.172462233123629 9.668025094907692, 1.1724324038147333 9.668039806834031, 1.1724324038147333 9.668039806834031, 1.172459852438127 9.668082123927574)))",TGRKRRRN18B PYA-TCHARE-LASSA-RN16
_mview_route_passages_pietons.fid-7b1c8a4a_1943c1e8149_3d87,Kara,Kozah,Kozah 2,Pya,"MULTIPOLYGON (((1.1718149999999992 9.668391666666668, 1.1718116666666671 9.668343333333333, 1.17176 9.668343333333329, 1.1717614593927872 9.668393537703624, 1.1718149999999992 9.668391666666668)))",TGRKRRRN18B PYA-TCHARE-LASSA-RN16
_mview_route_passages_pietons.fid-7b1c8a4a_1943c1e8149_3d88,Kara,Kozah,Kozah 2,Pya,"MULTIPOLYGON (((1.1712066666666667 9.66865, 1.171194999999999 9.668595, 1.171160414547758 9.668608781751667, 1.1711662521189097 9.66865409963427, 1.1712066666666667 9.66865)))",TGRKRRRN18B PYA-TCHARE-LASSA-RN16
_mview_route_passages_pietons.fid-7b1c8a4a_1943c1e8149_3d89,Kara,Kozah,Kozah 2,Pya,"MULTIPOLYGON (((1.1707549999999995 9.66880333333333, 1.17073 9.668746666666667, 1.1707011675142307 9.668763453148692, 1.1707210152561374 9.66881582045507, 1.1707549999999995 9.66880333333333)))",TGRKRRRN18B PYA-TCHARE-LASSA-RN16
_mview_route_passages_pietons.fid-7b1c8a4a_1943c1e8149_3d8a,Kara,Kozah,Kozah 2,Pya,"MULTIPOLYGON (((1.1630565827573198 9.669700667190021, 1.1631052135389022 9.66967246727327, 1.1630880497336387 9.669653533042126, 1.1630880497336387 9.669653533042126, 1.163045548882507 9.669684150096213, 1.1630565827573198 9.669700667190021)))",TGRKRRRN18B PYA-TCHARE-LASSA-RN16
_mview_route_passages_pietons.fid-7b1c8a4a_1943c1e8149_3d8b,Kara,Kozah,Kozah 2,Pya,"MULTIPOLYGON (((1.158313333333335 9.670244999999996, 1.1582683333333332 9.670278333333327, 1.1582856737968834 9.670295761862732, 1.1583247353193238 9.670259180699933, 1.158313333333335 9.670244999999996)))",TGRKRRRN18B TCHITCHAO-PYA-KOUMEA
_mview_route_passages_pietons.fid-7b1c8a4a_1943c1e8149_3d8c,Kara,Kozah,Kozah 2,Pya,"MULTIPOLYGON (((1.1588316666666671 9.670836666666666, 1.1588049999999999 9.670890000000002, 1.1588304555092148 9.670909792450843, 1.1588548689607416 9.670853958144818, 1.1588316666666671 9.670836666666666)))",TGRKRRRN18B TCHITCHAO-PYA-KOUMEA
_mview_route_passages_pietons.fid-7b1c8a4a_1943c1e8149_3d8d,Kara,Kozah,Kozah 2,Pya,"MULTIPOLYGON (((1.1593533333333332 9.67143, 1.1593216666666666 9.67145166666667, 1.1593308911891664 9.671471711251618, 1.159362776909507 9.671446500700469, 1.1593533333333332 9.67143)))",TGRKRRRN18B TCHITCHAO-PYA-KOUMEA
_mview_route_passages_pietons.fid-7b1c8a4a_1943c1e8149_3d8e,Kara,Kozah,Kozah 2,Pya,"MULTIPOLYGON (((1.1610616666666678 9.67327833333333, 1.16102 9.673316666666663, 1.1610378570498283 9.673343354436913, 1.161081504432414 9.673301109946339, 1.1610616666666678 9.67327833333333)))",TGRKRRRN18B TCHITCHAO-PYA-KOUMEA
_mview_route_passages_pietons.fid-7b1c8a4a_1943c1e8149_3d8f,Kara,Kozah,Kozah 2,Pya,"MULTIPOLYGON (((1.1635150000000012 9.67634, 1.1634566666666675 9.676373333333338, 1.1634716666666662 9.67640166666667, 1.1635291365817713 9.676371775061286, 1.1635150000000012 9.67634)))",TGRKRRRN18B TCHITCHAO-PYA-KOUMEA
_mview_route_passages_pietons.fid-7b1c8a4a_1943c1e8149_3d90,Kara,Kozah,Kozah 2,Pya,"MULTIPOLYGON (((1.16492 9.679539999999998, 1.1648357119847963 9.679599724674864, 1.16485 9.679658333333334, 1.1649383548085717 9.679587928442329, 1.16492 9.679539999999998)))",TGRKRRRN18B TCHITCHAO-PYA-KOUMEA
_mview_route_passages_pietons.fid-7b1c8a4a_1943c1e8149_3d91,Kara,Kozah,Kozah 2,Pya,"MULTIPOLYGON (((1.165283333333333 9.680494999999997, 1.1652966666666664 9.680514999999996, 1.1652300000000009 9.680530000000001, 1.1652249999999997 9.680508333333336, 1.165283333333333 9.680494999999997)))",TGRKRRRN18B TCHITCHAO-PYA-KOUMEA
_mview_route_passages_pietons.fid-7b1c8a4a_1943c1e8149_3d92,Kara,Kozah,Kozah 2,Pya,"MULTIPOLYGON (((1.1659549999999999 9.682121666666665, 1.165967685724759 9.682146498169066, 1.1659133333333354 9.682165, 1.1659082476142144 9.682139827076462, 1.1659549999999999 9.682121666666665)))",TGRKRRRN18B TCHITCHAO-PYA-KOUMEA
_mview_route_passages_pietons.fid-7b1c8a4a_1943c1e8149_3d93,Kara,Kozah,Kozah 2,Pya,"MULTIPOLYGON (((1.1665799999999995 9.683576666666664, 1.166568333333333 9.683551666666666, 1.166509999999999 9.683580000000001, 1.1665190666610283 9.683602302774664, 1.1665799999999995 9.683576666666664)))",TGRKRRRN18B TCHITCHAO-PYA-KOUMEA
_mview_route_passages_pietons.fid-7b1c8a4a_1943c1e8149_3d94,Kara,Kozah,Kozah 2,Pya,"MULTIPOLYGON (((1.1671749999999992 9.685004999999999, 1.1671833333333337 9.685020000000002, 1.1671249999999995 9.685036666666667, 1.1671182761872532 9.685019818254746, 1.1671749999999992 9.685004999999999)))",TGRKRRRN18B TCHITCHAO-PYA-KOUMEA
_mview_route_passages_pietons.fid-7b1c8a4a_1943c1e8149_3d95,Kara,Kozah,Kozah 2,Pya,"MULTIPOLYGON (((1.16949 9.687805000000003, 1.1694600000000002 9.687841666666666, 1.1694883333333328 9.687864999999999, 1.1695133333333332 9.687830777574304, 1.16949 9.687805000000003)))",TGRKRRRN18B TCHITCHAO-PYA-KOUMEA
_mview_route_passages_pietons.fid-7b1c8a4a_1943c1e8149_3d96,Kara,Kozah,Kozah 2,Pya,"MULTIPOLYGON (((1.1464400000000001 9.647403333333328, 1.146353333333333 9.647440000000001, 1.1463459109652983 9.647414173523195, 1.146427382339876 9.647378543207767, 1.1464400000000001 9.647403333333328)))",TGRKRRRN18B TCHITCHAO-PYA-KOUMEA
_mview_route_passages_pietons.fid-7b1c8a4a_1943c1e8149_3d97,Kara,Kozah,Kozah 2,Pya,"MULTIPOLYGON (((1.1467183333333333 9.647926666666661, 1.146662289051762 9.647979229320061, 1.1466811583203447 9.648011126201816, 1.1467398509544173 9.647962749368855, 1.1467183333333333 9.647926666666661)))",TGRKRRRN18B TCHITCHAO-PYA-KOUMEA
_mview_route_passages_pietons.fid-7b1c8a4a_1943c1e8149_3d98,Kara,Kozah,Kozah 2,Pya,"MULTIPOLYGON (((1.1503066666666677 9.655035, 1.1502003232275662 9.65506440124158, 1.1502117559133171 9.65509738048937, 1.1503103227980704 9.655070116765105, 1.1503066666666677 9.655035)))",TGRKRRRN18B TCHITCHAO-PYA-KOUMEA
_mview_route_passages_pietons.fid-7b1c8a4a_1943c1e8149_3d99,Kara,Kozah,Kozah 2,Pya,"MULTIPOLYGON (((1.151018333333334 9.661578333333333, 1.1509930847974723 9.661469742265295, 1.1509473949259055 9.661488630774798, 1.1509650813278038 9.661581620344641, 1.151018333333334 9.661578333333333)))",TGRKRRRN18B TCHITCHAO-PYA-KOUMEA
_mview_route_passages_pietons.fid-7b1c8a4a_1943c1e8149_3d9a,Kara,Kozah,Kozah 2,Pya,"MULTIPOLYGON (((1.1509033333333332 9.661733333333334, 1.150818333333334 9.661774999999999, 1.1508322641151387 9.661802299176273, 1.150916668263723 9.66176433096586, 1.1509033333333332 9.661733333333334)))",TGRKRRRN18B TCHITCHAO-PYA-KOUMEA
_mview_route_passages_pietons.fid-7b1c8a4a_1943c1e8149_3d9b,Kara,Kozah,Kozah 2,Pya,"MULTIPOLYGON (((1.15129 9.662403333333328, 1.1512499999999999 9.66242333333333, 1.1512783333333334 9.662449999999996, 1.151314389474477 9.662427213496697, 1.15129 9.662403333333328)))",TGRKRRRN18B TCHITCHAO-PYA-KOUMEA
_mview_route_passages_pietons.fid-7b1c8a4a_1943c1e8149_3d9c,Kara,Kozah,Kozah 2,Pya,"MULTIPOLYGON (((1.1555250000000015 9.667203333333333, 1.1554626017600842 9.667277619507493, 1.1555191576302746 9.66732356173207, 1.1555754172566097 9.667246312882845, 1.1555250000000015 9.667203333333333)))",TGRKRRRN18B TCHITCHAO-PYA-KOUMEA
_mview_route_passages_pietons.fid-7b1c8a4a_1943c1e8149_3d9d,Kara,Kozah,Kozah 2,Pya,"MULTIPOLYGON (((1.1560833333333334 9.667741666666666, 1.1560570092723688 9.667714045452104, 1.1560056388495605 9.667797644703223, 1.1560277408456188 9.667821413542834, 1.1560833333333334 9.667741666666666)))",TGRKRRRN18B TCHITCHAO-PYA-KOUMEA
_mview_route_passages_pietons.fid-7b1c8a4a_1943c1e8149_3d9e,Kara,Kozah,Kozah 2,Pya,"MULTIPOLYGON (((1.156795351181915 9.668593164764525, 1.1567629980209222 9.66862351513045, 1.1567802182517715 9.66864563488694, 1.1568146587134767 9.668610654806239, 1.156795351181915 9.668593164764525)))",TGRKRRRN18B TCHITCHAO-PYA-KOUMEA
_mview_route_passages_pietons.fid-7b1c8a4a_1943c1e8149_3d9f,Kara,Kozah,Kozah 2,Pya,"MULTIPOLYGON (((1.1415600000000001 9.643351666666666, 1.1416149999999987 9.643328333333333, 1.141601214682592 9.643306811811195, 1.141549350519471 9.643334203581766, 1.1415600000000001 9.643351666666666)))",TGRKRRRN18B TCHITCHAO-PYA-KOUMEA
_mview_route_passages_pietons.fid-7b1c8a4a_1943c1e8149_3da0,Kara,Kozah,Kozah 2,Pya,"MULTIPOLYGON (((1.1411566666666668 9.642721666666668, 1.1412049999999996 9.642693333333328, 1.1411800000000005 9.642663333333333, 1.1411333469371325 9.642689903651089, 1.1411566666666668 9.642721666666668)))",TGRKRRRN18B TCHITCHAO-PYA-KOUMEA
_mview_route_passages_pietons.fid-7b1c8a4a_1943c1e8149_3da1,Kara,Kozah,Kozah 2,Tchitchao,"MULTIPOLYGON (((1.1394183333333334 9.63975, 1.139469454661227 9.639734287204899, 1.139469454661227 9.639734287204899, 1.1394426742496613 9.639694773345544, 1.1394033785129183 9.639714640468675, 1.1394033785129183 9.639714640468675, 1.1394183333333334 9.63975)))",TGRKRRRN18B TCHITCHAO-PYA-KOUMEA
_mview_route_passages_pietons.fid-7b1c8a4a_1943c1e8149_3da2,Kara,Kozah,Kozah 2,Tchitchao,"MULTIPOLYGON (((1.1387177588271735 9.632656376419584, 1.138773417796018 9.63268123969003, 1.1387648822531269 9.632716152417776, 1.1387061148522954 9.632689470065355, 1.1387177588271735 9.632656376419584)))",TGRKRRRN18B TCHITCHAO-PYA-KOUMEA
_mview_route_passages_pietons.fid-7b1c8a4a_1943c1e8149_3da3,Maritime,Lacs,Lacs 4,Anfoin,"MULTIPOLYGON (((1.6077500000000007 6.329026666666666, 1.6077463574006285 6.329043511424293, 1.6078183333333336 6.329045, 1.6078230167037537 6.329032206935598, 1.6077500000000007 6.329026666666666)))",TGRMRRRN4 TSEVIE-TABLIGBO-ANEHO
_mview_route_passages_pietons.fid-7b1c8a4a_1943c1e8149_3da4,Maritime,Lacs,Lacs 4,Anfoin,"MULTIPOLYGON (((1.6074850000000003 6.337183333333332, 1.6073983333333337 6.337194999999999, 1.6073983333333337 6.33718, 1.6074816666666674 6.337168333333332, 1.6074850000000003 6.337183333333332)))",TGRMRRRN4 TSEVIE-TABLIGBO-ANEHO
_mview_route_passages_pietons.fid-7b1c8a4a_1943c1e8149_3da5,Plateaux,Moyen-Mono,Moyen-Mono 1,Tado,"MULTIPOLYGON (((1.519633333333333 7.166778333333335, 1.5207616666666663 7.166883333333334, 1.5207583333333334 7.166884999999993, 1.5207583333333334 7.166884999999993, 1.5207583333333334 7.166884999999993, 1.5207583333333334 7.166884999999993, 1.5207583333333334 7.166884999999993, 1.519633333333333 7.166778333333335)))",
_mview_route_passages_pietons.fid-7b1c8a4a_1943c1e8149_3da6,Plateaux,Ogou,Ogou 1,Houdou,"MULTIPOLYGON (((1.1922583333333328 7.672273333333337, 1.1922983333333328 7.672263333333335, 1.1923250000000003 7.6722549999999945, 1.1923283333333337 7.672253333333334, 1.1922583333333328 7.672273333333337)))",TGRPRRRN1 AMAKPAPE-ATAKPAME-BABAME
_mview_route_passages_pietons.fid-7b1c8a4a_1943c1e8149_3da7,Plateaux,Ogou,Ogou 1,Houdou,"MULTIPOLYGON (((1.184255197889225 7.650988150706457, 1.184286666666666 7.650980000000001, 1.1843549999999998 7.650961666666668, 1.1843583333333332 7.650960000000006, 1.184255197889225 7.650988150706457)))",TGRPRRRN1 AMAKPAPE-ATAKPAME-BABAME
_mview_route_passages_pietons.fid-7b1c8a4a_1943c1e8149_3da8,Plateaux,Ogou,Ogou 1,Houdou,"MULTIPOLYGON (((1.1834859501952455 7.648438039671997, 1.1835066666666672 7.64843, 1.1835383333333331 7.648423333333334, 1.183568333333333 7.648418333333331, 1.1834859501952455 7.648438039671997)))",TGRPRRRN1 AMAKPAPE-ATAKPAME-BABAME
_mview_route_passages_pietons.fid-7b1c8a4a_1943c1e8149_3da9,Plateaux,Ogou,Ogou 1,Houdou,"MULTIPOLYGON (((1.1748616666666674 7.621486666666671, 1.1749300000000007 7.621465000000004, 1.1749300000000007 7.621465000000004, 1.1749316666666667 7.621465000000001, 1.1748616666666674 7.621486666666671)))",TGRPRRRN1 AMAKPAPE-ATAKPAME-BABAME
_mview_route_passages_pietons.fid-7b1c8a4a_1943c1e8149_3daa,Plateaux,Ogou,Ogou 1,Houdou,"MULTIPOLYGON (((1.174496666666667 7.620340000000001, 1.1745074912118363 7.620375219375724, 1.1745952175375705 7.620349332918949, 1.1745829933774272 7.620305469756082, 1.174549055924424 7.620321723706876, 1.174549055924424 7.620321723706876, 1.174549055924424 7.620321723706876, 1.174496666666667 7.620340000000001)))",TGRPRRRN1 AMAKPAPE-ATAKPAME-BABAME
_mview_route_passages_pietons.fid-7b1c8a4a_1943c1e8149_3dab,Plateaux,Ogou,Ogou 1,Houdou,"MULTIPOLYGON (((1.1744416666666668 7.619810000000003, 1.174457761437908 7.619840892565358, 1.1743691176470599 7.619867771650324, 1.174358333333335 7.619843333333328, 1.174358333333335 7.619843333333328, 1.1744416666666668 7.619810000000003)))",TGRPRRRN1 AMAKPAPE-ATAKPAME-BABAME
_mview_route_passages_pietons.fid-7b1c8a4a_1943c1e8149_3dac,Plateaux,Ogou,Ogou 1,Houdou,"MULTIPOLYGON (((1.1717566666666668 7.608600000000003, 1.1718299999999993 7.60856, 1.171828333333333 7.608563333333334, 1.1717566666666668 7.608600000000003)))",TGRPRRRN1 AMAKPAPE-ATAKPAME-BABAME
_mview_route_passages_pietons.fid-7b1c8a4a_1943c1e8149_3dad,Plateaux,Ogou,Ogou 1,Houdou,"MULTIPOLYGON (((1.166245 7.591774999999999, 1.1662506995860442 7.591805880858534, 1.1663327999815507 7.59174960980094, 1.1663122089915061 7.591724565530512, 1.1663122089915061 7.591724565530512, 1.1663122089915061 7.591724565530512, 1.166245 7.591774999999999)))",TGRPRRRN1 AMAKPAPE-ATAKPAME-BABAME
_mview_route_passages_pietons.fid-7b1c8a4a_1943c1e8149_3dae,Plateaux,Ogou,Ogou 1,Houdou,"MULTIPOLYGON (((1.1657533333333336 7.590751666666664, 1.1657740385228528 7.590768722201671, 1.1657208841306506 7.590816484119301, 1.1657119307100283 7.590797429333518, 1.1657119307100283 7.590797429333518, 1.1657119307100283 7.590797429333518, 1.1657533333333336 7.590751666666664)))",TGRPRRRN1 AMAKPAPE-ATAKPAME-BABAME
_mview_route_passages_pietons.fid-7b1c8a4a_1943c1e8149_3daf,Plateaux,Ogou,Ogou 1,Houdou,"MULTIPOLYGON (((1.1558466666666667 7.576585000000001, 1.1558672180171858 7.576616903187836, 1.155987413905342 7.576544034430641, 1.1559561307790946 7.576497998097248, 1.1559561307790946 7.576497998097248, 1.1558466666666667 7.576585000000001)))",TGRPRRRN1 AMAKPAPE-ATAKPAME-BABAME
_mview_route_passages_pietons.fid-7b1c8a4a_1943c1e8149_3db0,Plateaux,Ogou,Ogou 1,Houdou,"MULTIPOLYGON (((1.1490950000000018 7.559281666666671, 1.149096092778901 7.559314594360746, 1.149229663984352 7.559295764939714, 1.1492202492738357 7.559244572451281, 1.149180741113633 7.559255581522432, 1.149180741113633 7.559255581522432, 1.149180741113633 7.559255581522432, 1.1490950000000018 7.559281666666671)))",TGRPRRRN1 AMAKPAPE-ATAKPAME-BABAME
_mview_route_passages_pietons.fid-7b1c8a4a_1943c1e8149_3db1,Plateaux,Ogou,Ogou 1,Houdou,"MULTIPOLYGON (((1.1490405274610622 7.558549699627374, 1.149057727197007 7.558600223851712, 1.1489437789463728 7.558622261013391, 1.1489383464404885 7.558588445376783, 1.1489383464404885 7.558588445376783, 1.1489383464404885 7.558588445376783, 1.1490405274610622 7.558549699627374)))",TGRPRRRN1 AMAKPAPE-ATAKPAME-BABAME
_mview_route_passages_pietons.fid-7b1c8a4a_1943c1e8149_3db2,Maritime,Vo,Vo 4,Hahotoé,"MULTIPOLYGON (((1.410053333333334 6.3618500000000004, 1.4100533333333338 6.361826666666667, 1.4100650000000008 6.361784999999999, 1.4100700000000004 6.361765000000001, 1.4101050000000013 6.361795000000001, 1.4100733333333328 6.361863333333332, 1.410053333333334 6.3618500000000004)))",TGRMRRRN34 LOME-VOGAN-ANFOIN
_mview_route_passages_pietons.fid-7b1c8a4a_1943c1e8149_3db3,Maritime,Vo,Vo 4,Hahotoé,"MULTIPOLYGON (((1.4098266666666666 6.361734999999998, 1.4098516666666674 6.361683333333332, 1.4098783333333333 6.361701666666666, 1.4098566666666668 6.361756666666669, 1.4098266666666666 6.361734999999998)))",TGRMRRRN34 LOME-VOGAN-ANFOIN
_mview_route_passages_pietons.fid-7b1c8a4a_1943c1e8149_3db4,Plateaux,Wawa,Wawa 3,Ounabé,"MULTIPOLYGON (((0.9329794625082526 7.554375738778787, 0.9330095620461559 7.554385413630256, 0.9330170869306318 7.554295115016546, 0.9329816124752457 7.554288665115567, 0.9329800000000008 7.554323333333333, 0.9329800000000008 7.554323333333333, 0.9329794625082526 7.554375738778787)))",TGRPRRRN15 TEMEDJA(RN5)-BADOU-FRE GHANA
_mview_route_passages_pietons.fid-7b1c8a4a_1943c1e8149_3db5,Plateaux,Wawa,Wawa 3,Zogbégan,"MULTIPOLYGON (((0.6771683333333341 7.572191666666668, 0.6771683333333341 7.572191666666668, 0.6771683333333341 7.572191666666668, 0.6772066666666671 7.572209999999993, 0.6772133333333316 7.572215, 0.6772299999999994 7.572233333333332, 0.6772350000000001 7.572241666666667, 0.6771683333333341 7.572191666666668)))",TGRPRRRN15 TEMEDJA(RN5)-BADOU-FRE GHANA
_mview_route_passages_pietons.fid-7b1c8a4a_1943c1e8149_3db6,Maritime,Yoto,Yoto 2,Ahépé,"MULTIPOLYGON (((1.3970966666666669 6.6074850000000005, 1.3970283333333335 6.607530000000002, 1.3970516666666657 6.607539999999998, 1.3971133333333339 6.607484999999999, 1.3970966666666669 6.6074850000000005)))",TGRMRRRN4 TSEVIE-TABLIGBO-ANEHO
_mview_route_passages_pietons.fid-7b1c8a4a_1943c1e8149_3db7,Maritime,Yoto,Yoto 2,Ahépé,"MULTIPOLYGON (((1.3994933333333335 6.609053333333332, 1.3994516666666672 6.609016666666667, 1.3994393037739936 6.60902231815769, 1.3994786925250686 6.609055161988048, 1.3994933333333335 6.609053333333332)))",TGRMRRRN4 TSEVIE-TABLIGBO-ANEHO
_mview_route_passages_pietons.fid-7b1c8a4a_1943c1e8149_3db8,Maritime,Yoto,Yoto 2,Ahépé,"MULTIPOLYGON (((1.4069433333333334 6.606343333333332, 1.4069133333333335 6.606258333333333, 1.4068886029935928 6.6062650047019735, 1.4069232254692305 6.606354671086709, 1.4069433333333334 6.606343333333332)))",TGRMRRRN4 TSEVIE-TABLIGBO-ANEHO
_mview_route_passages_pietons.fid-7b1c8a4a_1943c1e8149_3db9,Maritime,Yoto,Yoto 2,Ahépé,"MULTIPOLYGON (((1.4055950000000006 6.606785, 1.4055666666666666 6.606709999999998, 1.4055427426942326 6.606722022944533, 1.4055773651698706 6.606792036359733, 1.4055950000000006 6.606785)))",TGRMRRRN4 TSEVIE-TABLIGBO-ANEHO
_mview_route_passages_pietons.fid-7b1c8a4a_1943c1e8149_3dba,Maritime,Yoto,Yoto 2,Ahépé,"MULTIPOLYGON (((1.3853616666666666 6.5933150000000005, 1.3852933333333337 6.593336666666662, 1.3852916666666673 6.593348333333336, 1.3852916666666673 6.593348333333336, 1.3853683333333333 6.593333333333331, 1.3853616666666666 6.5933150000000005)))",TGRMRRRN4 TSEVIE-TABLIGBO-ANEHO
_mview_route_passages_pietons.fid-7b1c8a4a_1943c1e8149_3dbb,Maritime,Yoto,Yoto 2,Ahépé,"MULTIPOLYGON (((1.3887999999999991 6.598271666666668, 1.3887383333333334 6.598323333333332, 1.3887416666666668 6.598328333333336, 1.3887416666666668 6.598328333333336, 1.388803333333334 6.598288333333331, 1.3887999999999991 6.598271666666668)))",TGRMRRRN4 TSEVIE-TABLIGBO-ANEHO
_mview_route_passages_pietons.fid-7b1c8a4a_1943c1e8149_3dbc,Maritime,Yoto,Yoto 2,Ahépé,"MULTIPOLYGON (((1.3905483333333333 6.600345000000001, 1.390606666666667 6.600301666666665, 1.39061 6.6003066666666665, 1.3905716666666665 6.600366666666666, 1.3905483333333333 6.600345000000001)))",TGRMRRRN4 TSEVIE-TABLIGBO-ANEHO
_mview_route_passages_pietons.fid-7b1c8a4a_1943c1e8149_3dbd,Maritime,Yoto,Yoto 2,Ahépé,"MULTIPOLYGON (((1.3962133333333344 6.606476666666663, 1.396148333333333 6.6065233333333335, 1.396148333333333 6.606528333333334, 1.3962066666666666 6.606494999999999, 1.3962133333333344 6.606476666666663)))",TGRMRRRN4 TSEVIE-TABLIGBO-ANEHO
_mview_route_passages_pietons.fid-7b1c8a4a_1943c1e8149_3dbe,Maritime,Agoè-Nyivé,Agoè-Nyivé 1,Agoè-Nyivé,"MULTIPOLYGON (((1.1870450000000008 6.210343333333331, 1.1870983252272016 6.210337247091342, 1.1871126086254484 6.21032304751556, 1.1871268920236973 6.210294648362843, 1.1870450000000008 6.210343333333331)))",BOULEVARD PLATEAU-BOULEVARD LÉO 2000
_mview_route_passages_pietons.fid-7b1c8a4a_1943c1e8149_3dbf,Maritime,Golfe,Golfe 4,Amoutivé,"MULTIPOLYGON (((1.222162111585821 6.130273212955774, 1.2221690533395517 6.130249055750773, 1.222213017779851 6.130264010211144, 1.2222049190671644 6.130287017072429, 1.222162111585821 6.130273212955774)))",GRAND MARCHÉ 
_mview_route_passages_pietons.fid-7b1c8a4a_1943c1e8149_3dc0,Plateaux,Amou,Amou 1,Amlamé (Ouma),"MULTIPOLYGON (((0.9437783333333348 7.48764666666666, 0.9437783333333348 7.48764666666666, 0.9438005631814435 7.487587291392556, 0.9438005631814435 7.487587291392556, 0.9438005631814435 7.487587291392556, 0.9438005631814435 7.487587291392556, 0.9438005631814435 7.487587291392556, 0.9438005631814435 7.487587291392556, 0.9438005631814435 7.487587291392556, 0.9438005631814435 7.487587291392556, 0.9438005631814435 7.487587291392556, 0.9438005631814435 7.487587291392556, 0.9438005631814435 7.487587291392556, 0.9438005631814435 7.487587291392556, 0.9438005631814435 7.487587291392556, 0.9438005631814435 7.487587291392556, 0.9438005631814435 7.487587291392556, 0.9438083333333326 7.487589999999998, 0.9437871420099955 7.48764962291598, 0.9437783333333348 7.48764666666666)))",TGRPRRRN5 ATAKPAME-KPALIME-AMOUSSOUKOPE
_mview_route_passages_pietons.fid-7b1c8a4a_1943c1e8149_3dc1,Centrale,Blitta,Blitta 1,Tchaloudè,"MULTIPOLYGON (((1.1286633333333334 8.239593333333328, 1.1286066666666672 8.239561666666667, 1.1286066666666672 8.239561666666667, 1.1286750000000014 8.239573333333329, 1.1286633333333334 8.239593333333328)))",TGRCVRRN1-BLITTA GARE
_mview_route_passages_pietons.fid-7b1c8a4a_1943c1e8149_3dc2,Centrale,Blitta,Blitta 1,Tchaloudè,"MULTIPOLYGON (((1.1196833333333334 8.254015000000003, 1.1196833333333334 8.254015000000003, 1.1197983333333361 8.253991666666662, 1.1197983333333341 8.253996666666664, 1.1196833333333334 8.254015000000003)))",TGRCVRRN1-BLITTA GARE
_mview_route_passages_pietons.fid-7b1c8a4a_1943c1e8149_3dc3,Maritime,Golfe,Golfe 1,Bè-Est,"MULTIPOLYGON (((1.279051666666667 6.169779999999998, 1.2790316666666663 6.1697750000000005, 1.2790400000000008 6.169721666666665, 1.279051666666667 6.169779999999998)))",CARREFOUR ADAKPAME-NETADI (FIN PAVÉE)
_mview_route_passages_pietons.fid-7b1c8a4a_1943c1e8149_3dc4,Maritime,Golfe,Golfe 1,Bè-Est,"MULTIPOLYGON (((1.278416666666667 6.169656666666664, 1.2783883333333332 6.169646666666668, 1.278405 6.169556666666665, 1.278416666666667 6.169656666666664)))",CARREFOUR ADAKPAME-NETADI (FIN PAVÉE)
_mview_route_passages_pietons.fid-7b1c8a4a_1943c1e8149_3dc5,Maritime,Golfe,Golfe 1,Bè-Est,"MULTIPOLYGON (((1.273241261443432 6.189995366344885, 1.2732568524872745 6.190013449847133, 1.2732074808484408 6.190047033492516, 1.2731918898045977 6.190027658312749, 1.273241261443432 6.189995366344885)))",FEU TRICOLORE SAVOIR-CARREFOUR SAVOIR
_mview_route_passages_pietons.fid-7b1c8a4a_1943c1e8149_3dc6,Maritime,Golfe,Golfe 1,Bè-Est,"MULTIPOLYGON (((1.2376799784413755 6.1290299319318775, 1.2376736141977605 6.1290527122469864, 1.237634155887354 6.129028666358783, 1.2376799784413755 6.1290299319318775)))",BOULEVARD DU 13 JANVIER 
_mview_route_passages_pietons.fid-7b1c8a4a_1943c1e8149_3dc7,Maritime,Golfe,Golfe 4,Amoutivé,"MULTIPOLYGON (((1.2329716666666661 6.134861666666665, 1.2329827553537231 6.13485577559358, 1.2330279630778753 6.134914293871574, 1.2330168743908188 6.134922774780896, 1.2329716666666661 6.134861666666665)))",BOULEVARD DU 13 JANVIER 
_mview_route_passages_pietons.fid-7b1c8a4a_1943c1e8149_3dc8,Maritime,Golfe,Golfe 1,Bè-Est,"MULTIPOLYGON (((1.284578718149654 6.170939159482491, 1.284614652662819 6.170947565669423, 1.2846083112781432 6.170880316170262, 1.2846083112781432 6.170880316170262, 1.2845829457394382 6.170869808435243, 1.284578718149654 6.170939159482491)))",ROND POINT ADAKPAMÉ-ADAKPAMÉ ASSEMBLÉE DE DIEU
_mview_route_passages_pietons.fid-7b1c8a4a_1943c1e8149_3dc9,Maritime,Golfe,Golfe 2,Bè-Centre,"MULTIPOLYGON (((1.2503099999999996 6.1694299999999975, 1.2503632169327095 6.169487436220598, 1.2503942601434583 6.16946539092089, 1.2503321737219621 6.169410277667611, 1.2503055652556077 6.169425709379107, 1.2503099999999996 6.1694299999999975)))",
_mview_route_passages_pietons.fid-7b1c8a4a_1943c1e8149_3dca,Maritime,Golfe,Golfe 2,Bè-Centre,"MULTIPOLYGON (((1.2468233333333347 6.197936666666667, 1.2468000000000004 6.197934999999999, 1.2467616666666668 6.197808333333334, 1.2467783333333338 6.197795000000001, 1.2468233333333347 6.197936666666667)))",
_mview_route_passages_pietons.fid-7b1c8a4a_1943c1e8149_3dcb,Maritime,Golfe,Golfe 2,Bè-Centre,"MULTIPOLYGON (((1.2490905105657077 6.2019736509658765, 1.2491046269433321 6.201970482052796, 1.2491105467145949 6.202013036026904, 1.2490964303369696 6.2020152995360665, 1.2490905105657077 6.2019736509658765)))",
_mview_route_passages_pietons.fid-7b1c8a4a_1943c1e8149_3dcc,Maritime,Golfe,Golfe 2,Bè-Centre,"MULTIPOLYGON (((1.2488220308356113 6.166945479745662, 1.2488483942440411 6.166986583116423, 1.248729758906108 6.167083086670035, 1.2486985791800385 6.167043165261274, 1.2488220308356113 6.166945479745662)))",
_mview_route_passages_pietons.fid-7b1c8a4a_1943c1e8149_3dcd,Maritime,Golfe,Golfe 2,Bè-Centre,"MULTIPOLYGON (((1.2459992300112617 6.194940402701882, 1.2459753833505687 6.194940402701884, 1.2459764201619032 6.19494864875679, 1.246000266822596 6.194950710270498, 1.2459992300112617 6.194940402701882)))",BOULEVARD HAHO
_mview_route_passages_pietons.fid-7b1c8a4a_1943c1e8149_3dce,Maritime,Golfe,Golfe 3,Bè-Ouest,"MULTIPOLYGON (((1.2185611571057542 6.149406123660155, 1.2185575144067031 6.149469112215919, 1.2185312023255872 6.149466733529479, 1.2185371222594892 6.149407188971394, 1.2185611571057542 6.149406123660155)))",TOKOIN RAMCO-COLOMBE DE LA PAIX
_mview_route_passages_pietons.fid-7b1c8a4a_1943c1e8149_3dcf,Maritime,Golfe,Golfe 4,Amoutivé,"MULTIPOLYGON (((1.216875 6.149208333333333, 1.2168648855332407 6.1492561260806955, 1.2168839245294936 6.149258492261953, 1.2168928490589874 6.149212351725483, 1.216875 6.149208333333333)))",TOKOIN SOLIDARITE 
_mview_route_passages_pietons.fid-7b1c8a4a_1943c1e8149_3dd0,Maritime,Golfe,Golfe 3,Bè-Ouest,"MULTIPOLYGON (((1.2091826611552314 6.148221439019944, 1.2091813666082512 6.148249107478251, 1.2091182771213835 6.148244684925697, 1.20911716370089 6.148218211561981, 1.2091826611552314 6.148221439019944)))",TOKOIN SOLIDARITE 
_mview_route_passages_pietons.fid-7b1c8a4a_1943c1e8149_3dd1,Maritime,Golfe,Golfe 4,Amoutivé,"MULTIPOLYGON (((1.2149625849939083 6.148804963413572, 1.215028624325029 6.148828766692366, 1.2150386029574904 6.148799131576646, 1.2149725636288482 6.14877532829999, 1.2149625849939083 6.148804963413572)))",PHARMACIE HANOUKOPE-GBADAGO FEU ROUGE 
_mview_route_passages_pietons.fid-7b1c8a4a_1943c1e8149_3dd2,Maritime,Golfe,Golfe 4,Amoutivé,"MULTIPOLYGON (((1.2149492851512564 6.1488521821489375, 1.2149577975865473 6.148832081423764, 1.2150168526063911 6.14885535594758, 1.2150072761166868 6.148874927705456, 1.2149492851512564 6.1488521821489375)))",PHARMACIE HANOUKOPE-GBADAGO FEU ROUGE 
_mview_route_passages_pietons.fid-7b1c8a4a_1943c1e8149_3dd3,Maritime,Golfe,Golfe 3,Bè-Ouest,"MULTIPOLYGON (((1.213465000000001 6.177474999999996, 1.213465000000001 6.177474999999996, 1.213465000000001 6.177474999999996, 1.2134316666666662 6.1774533333333315, 1.213436666666667 6.177441666666666, 1.213465000000001 6.177474999999996)))",ENTRÉE CAMPUS NORD-CHU CAMPUS
_mview_route_passages_pietons.fid-7b1c8a4a_1943c1e8149_3dd4,Maritime,Golfe,Golfe 3,Bè-Ouest,"MULTIPOLYGON (((1.214338692810456 6.176848888888889, 1.2143247385620903 6.176866045751634, 1.2142913398692807 6.176817320261439, 1.2143066666666669 6.176810000000002, 1.2143066666666669 6.176810000000002, 1.2143066666666669 6.176810000000002, 1.214338692810456 6.176848888888889)))",ENTRÉE CAMPUS NORD-CHU CAMPUS
_mview_route_passages_pietons.fid-7b1c8a4a_1943c1e8149_3dd5,Maritime,Golfe,Golfe 3,Bè-Ouest,"MULTIPOLYGON (((1.2084350000000008 6.1842066666666655, 1.2085333333333337 6.184241666666666, 1.2085683333333324 6.1842500000000005, 1.2086116666666664 6.184288333333333, 1.2086766666666666 6.18426, 1.2086933333333334 6.184243333333333, 1.208725000000001 6.184198333333334, 1.2084350000000008 6.1842066666666655)))",AMPHI 1500
_mview_route_passages_pietons.fid-7b1c8a4a_1943c1e8149_3dd6,Maritime,Golfe,Golfe 4,Amoutivé,"MULTIPOLYGON (((1.2120233333333346 6.117905, 1.2119806802624489 6.118039421487832, 1.2120622228979636 6.1180656159839835, 1.2121048759688484 6.117933396133136, 1.2120233333333346 6.117905)))",TGRMRRRN2/3 AFLAO-AVEPOZO CHAUSSEE NORD
_mview_route_passages_pietons.fid-7b1c8a4a_1943c1e8149_3dd7,Maritime,Golfe,Golfe 4,Amoutivé,"MULTIPOLYGON (((1.219749829316026 6.134514217871862, 1.2197323744849458 6.1345041703094365, 1.2197489106407071 6.134476767865511, 1.2197645281211484 6.134486815428447, 1.219749829316026 6.134514217871862)))",WÉTRIVI KONDJI 
_mview_route_passages_pietons.fid-7b1c8a4a_1943c1e8149_3dd8,Maritime,Golfe,Golfe 4,Amoutivé,"MULTIPOLYGON (((1.2211103455427206 6.135276406389159, 1.221131255743855 6.135241542428787, 1.2211486272955663 6.135250818161585, 1.221128038789835 6.1352856821213475, 1.2211103455427206 6.135276406389159)))",WÉTRIVI KONDJI 
_mview_route_passages_pietons.fid-7b1c8a4a_1943c1e8149_3dd9,Maritime,Golfe,Golfe 4,Amoutivé,"MULTIPOLYGON (((1.2208423445747048 6.135147360572836, 1.2208646739069953 6.135110002374808, 1.2208775562140866 6.13511790096547, 1.2208543680613224 6.135152697458055, 1.2208423445747048 6.135147360572836)))",WÉTRIVI KONDJI 
_mview_route_passages_pietons.fid-7b1c8a4a_1943c1e8149_3dda,Maritime,Golfe,Golfe 4,Amoutivé,"MULTIPOLYGON (((1.2288580938933875 6.141706191054498, 1.228861331450742 6.141718262210028, 1.228821671373143 6.141722285928475, 1.2288192432051275 6.141712629004144, 1.2288580938933875 6.141706191054498)))",COLOMBE DE LA PAIX-BOULEVARD DU 13 JANVIER
_mview_route_passages_pietons.fid-7b1c8a4a_1943c1e8149_3ddb,Maritime,Golfe,Golfe 4,Amoutivé,"MULTIPOLYGON (((1.2224500940021756 6.12947579065586, 1.2224089316612265 6.129465350088969, 1.2224051514462422 6.129485813599887, 1.2224454737394153 6.129497924656996, 1.2224500940021756 6.12947579065586)))",GRAND MARCHÉ 
_mview_route_passages_pietons.fid-7b1c8a4a_1943c1e8149_3ddc,Maritime,Golfe,Golfe 4,Amoutivé,"MULTIPOLYGON (((1.2222387802149868 6.126072307925161, 1.2222497008360533 6.126032633516866, 1.2222749022692865 6.126044744652346, 1.2222623015526686 6.126085671935712, 1.2222387802149868 6.126072307925161)))",GRAND MARCHÉ 
_mview_route_passages_pietons.fid-7b1c8a4a_1943c1e8149_3ddd,Maritime,Golfe,Golfe 4,Amoutivé,"MULTIPOLYGON (((1.2223435519239882 6.124616216180608, 1.222358672783927 6.1245468901814375, 1.2223355714701303 6.1245418786630745, 1.2223170904190912 6.124609116530506, 1.2223435519239882 6.124616216180608)))",GRAND MARCHÉ 
_mview_route_passages_pietons.fid-7b1c8a4a_1943c1e8149_3dde,Maritime,Golfe,Golfe 4,Amoutivé,"MULTIPOLYGON (((1.2215699999999992 6.134393333333333, 1.221592343250837 6.1343592201401185, 1.2216080899228559 6.134370010435523, 1.2215825547790418 6.13440513178768, 1.2215699999999992 6.134393333333333)))",WÉTRIVI KONDJI 
_mview_route_passages_pietons.fid-7b1c8a4a_1943c1e8149_3ddf,Maritime,Golfe,Golfe 4,Amoutivé,"MULTIPOLYGON (((1.2200222660161153 6.1368682703625925, 1.2200292098201575 6.136855915815365, 1.2200606396700355 6.136875537743174, 1.2200536958659922 6.136887528920924, 1.2200222660161153 6.1368682703625925)))",HANOUKOPÉ 
_mview_route_passages_pietons.fid-7b1c8a4a_1943c1e8149_3de0,Maritime,Golfe,Golfe 4,Amoutivé,"MULTIPOLYGON (((1.2195794676904672 6.138137093398402, 1.219583062661645 6.138124583134119, 1.2196193718705381 6.138136378526166, 1.219615776899361 6.138148531354057, 1.2195794676904672 6.138137093398402)))",HANOUKOPÉ 
_mview_route_passages_pietons.fid-7b1c8a4a_1943c1e8149_3de1,Maritime,Golfe,Golfe 4,Amoutivé,"MULTIPOLYGON (((1.2191395309789967 6.139613292824244, 1.2191434893659387 6.139596476725705, 1.2191823535286488 6.139608641563001, 1.2191769557282723 6.139624026503885, 1.2191395309789967 6.139613292824244)))",HANOUKOPÉ 
_mview_route_passages_pietons.fid-7b1c8a4a_1943c1e8149_3de2,Maritime,Golfe,Golfe 4,Amoutivé,"MULTIPOLYGON (((1.2127603415837265 6.127972076335736, 1.2127842129437985 6.127939462112077, 1.2127711609771394 6.127930412091544, 1.2127460874622444 6.127963880091235, 1.2127603415837265 6.127972076335736)))",QUARTIER ADMINISTRATIF 
_mview_route_passages_pietons.fid-7b1c8a4a_1943c1e8149_3de3,Maritime,Golfe,Golfe 4,Amoutivé,"MULTIPOLYGON (((1.2106981419526286 6.125241595049479, 1.2107132547561283 6.125203345711729, 1.210729913187258 6.125209492926914, 1.2107122243377089 6.12524620546054, 1.2106981419526286 6.125241595049479)))",QUARTIER ADMINISTRATIF 
_mview_route_passages_pietons.fid-7b1c8a4a_1943c1e8149_3de4,Maritime,Golfe,Golfe 4,Amoutivé,"MULTIPOLYGON (((1.2252575373976058 6.142531827666759, 1.2252617657342886 6.142522578732683, 1.225202146187049 6.1425057624884944, 1.225199609185038 6.142513750204549, 1.2252575373976058 6.142531827666759)))",BOULEVARD DU 13 JANVIER
_mview_route_passages_pietons.fid-7b1c8a4a_1943c1e8149_3de5,Maritime,Golfe,Golfe 4,Amoutivé,"MULTIPOLYGON (((1.2257311583478752 6.141157716508759, 1.2257369659882578 6.141139431185875, 1.2256798575244992 6.141132694487812, 1.2256779216443712 6.141146167883853, 1.2257311583478752 6.141157716508759)))",BOULEVARD DU 13 JANVIER
_mview_route_passages_pietons.fid-7b1c8a4a_1943c1e8149_3de6,Maritime,Golfe,Golfe 4,Amoutivé,"MULTIPOLYGON (((1.2106685702236673 6.1205173996407485, 1.2106754564938542 6.12047251363683, 1.2107007061512056 6.1204846861128415, 1.2106953501632822 6.120528050556376, 1.2106685702236673 6.1205173996407485)))",KODJOVIAKOPÉ
_mview_route_passages_pietons.fid-7b1c8a4a_1943c1e8149_3de7,Maritime,Golfe,Golfe 4,Amoutivé,"MULTIPOLYGON (((1.224155983757684 6.123636531996029, 1.2241680977472766 6.123592790107248, 1.2241374939840965 6.123582647060062, 1.224124742416104 6.123628290770883, 1.224155983757684 6.123636531996029)))",GRAND MARCHÉ 
_mview_route_passages_pietons.fid-7b1c8a4a_1943c1e8149_3de8,Maritime,Golfe,Golfe 4,Amoutivé,"MULTIPOLYGON (((1.2293333941480005 6.143946122100469, 1.2293510585199934 6.143949315356905, 1.2293478468159953 6.144027550133511, 1.2293333941480007 6.144024356877551, 1.2293333941480005 6.143946122100469)))",AVENUE MAMAN N'DANIDA
_mview_route_passages_pietons.fid-7b1c8a4a_1943c1e8149_3de9,Maritime,Golfe,Golfe 5,Aflao-Gakli,"MULTIPOLYGON (((1.1979349999999989 6.189528333333333, 1.197921805446367 6.189465345844864, 1.1978822217854685 6.189481742894609, 1.1978954163391016 6.1895407722694795, 1.1979349999999989 6.189528333333333)))",AGBALEPEDO
_mview_route_passages_pietons.fid-7b1c8a4a_1943c1e8149_3dea,Maritime,Golfe,Golfe 5,Aflao-Gakli,"MULTIPOLYGON (((1.1930850000000002 6.193438333333334, 1.1931433206113986 6.19344932940052, 1.1931258244279779 6.193516006639861, 1.1930820839694292 6.193516006639859, 1.1930850000000002 6.193438333333334)))",AGBALEPEDOGAN
_mview_route_passages_pietons.fid-7b1c8a4a_1943c1e8149_3deb,Maritime,Golfe,Golfe 5,Aflao-Gakli,"MULTIPOLYGON (((1.1930483333333328 6.194060000000001, 1.193017712817021 6.194055351168531, 1.1930118803377259 6.194087242533885, 1.1930410427342122 6.194094490571195, 1.1930483333333328 6.194060000000001)))",AGBALEPEDOGAN
_mview_route_passages_pietons.fid-7b1c8a4a_1943c1e8149_3dec,Maritime,Golfe,Golfe 5,Aflao-Gakli,"MULTIPOLYGON (((1.1931716666666685 6.192999999999999, 1.1932091606884156 6.193007165099039, 1.193201870089293 6.193050653410384, 1.1931595846143888 6.193039056527708, 1.1931716666666685 6.192999999999999)))",AGBALEPEDOGAN
_mview_route_passages_pietons.fid-7b1c8a4a_1943c1e8149_3ded,Maritime,Golfe,Golfe 5,Aflao-Gakli,"MULTIPOLYGON (((1.202829178468445 6.186927517395902, 1.2028923987460673 6.186928390341126, 1.2029029354590035 6.1869615622585306, 1.2028362029437352 6.186960689313366, 1.202829178468445 6.186927517395902)))",AGBALEPEDO
_mview_route_passages_pietons.fid-7b1c8a4a_1943c1e8149_3dee,Maritime,Golfe,Golfe 6,Baguida,"MULTIPOLYGON (((1.318375 6.162021666666668, 1.3183378982949883 6.162012483554596, 1.3183300000000002 6.162181666666668, 1.318375 6.162021666666668)))",TGRMRRRN2/3 AFLAO AVEPOZO VOIE SUD
_mview_route_passages_pietons.fid-7b1c8a4a_1943c1e8149_3def,Kara,Kozah,Kozah 2,Tcharè,"MULTIPOLYGON (((1.1871683333333347 9.658306666666666, 1.1871116666666668 9.658241666666665, 1.1871280424000852 9.658220766687391, 1.1871771696003415 9.658286955542854, 1.1871683333333347 9.658306666666666)))",TGRKRRRN18B PYA-TCHARE-LASSA-RN16
_mview_route_passages_pietons.fid-7b1c8a4a_1943c1e8149_3df0,Kara,Kozah,Kozah 2,Pya,"MULTIPOLYGON (((1.1620037483853707 9.669527396236989, 1.1620204150520361 9.66946072957032, 1.1619820401223548 9.669456940328322, 1.1619719895455334 9.669517287770319, 1.1620037483853707 9.669527396236989)))",TGRKRRRN18B PYA-TCHARE-LASSA-RN16
_mview_route_passages_pietons.fid-7b1c8a4a_1943c1e8149_3df1,Kara,Kozah,Kozah 2,Pya,"MULTIPOLYGON (((1.1579583333333332 9.66949, 1.1579591368880209 9.669445267510293, 1.157936294667972 9.669443466093902, 1.1579326399127636 9.669488501500663, 1.1579583333333332 9.66949)))",TGRKRRRN18B PYA-TCHARE-LASSA-RN16
_mview_route_passages_pietons.fid-7b1c8a4a_1943c1e8149_3df2,Kara,Kozah,Kozah 2,Pya,"MULTIPOLYGON (((1.1579369926241807 9.669432515532232, 1.1579353328523898 9.669406903504148, 1.157954664475701 9.66940981327813, 1.1579553311156487 9.669432157029641, 1.1579369926241807 9.669432515532232)))",TGRKRRRN18B PYA-TCHARE-LASSA-RN16
_mview_route_passages_pietons.fid-7b1c8a4a_1943c1e8149_3df3,Kara,Kozah,Kozah 2,Pya,"MULTIPOLYGON (((1.1578116666666678 9.66986166666666, 1.1578950000000001 9.669794999999999, 1.1578772080457773 9.669772412832684, 1.1577983012918238 9.669844638839715, 1.1578116666666678 9.66986166666666)))",
_mview_route_passages_pietons.fid-7b1c8a4a_1943c1e8149_3df4,Kara,Kozah,Kozah 2,Pya,"MULTIPOLYGON (((1.1573833333333325 9.669673333333332, 1.1573473055686971 9.669574633317879, 1.1573151649510887 9.669587659430613, 1.1573484878332605 9.669684643525136, 1.1573833333333325 9.669673333333332)))",
_mview_route_passages_pietons.fid-7b1c8a4a_1943c1e8149_3df5,Kara,Kozah,Kozah 2,Pya,"MULTIPOLYGON (((1.1574083333333336 9.669391666666664, 1.1574816666666665 9.669294999999998, 1.1574529392451456 9.669271234694344, 1.1573826197941324 9.669361365276583, 1.1574083333333336 9.669391666666664)))",
_mview_route_passages_pietons.fid-7b1c8a4a_1943c1e8149_3df6,Plateaux,Ogou,Ogou 1,Djama,"MULTIPOLYGON (((1.1260850000000011 7.542578333333332, 1.1261428125000026 7.542553945057191, 1.1261466666666693 7.542565000000001, 1.1260923455882366 7.5425934087009825, 1.1260850000000011 7.542578333333332)))",TGRPRR RUE GBEKON-TOTAL (POSTE)
_mview_route_passages_pietons.fid-7b1c8a4a_1943c1e8149_3df7,Plateaux,Ogou,Ogou 1,Houdou,"MULTIPOLYGON (((1.148815 7.558924999999998, 1.1488342975740766 7.558934342887794, 1.148874276043933 7.55884934361855, 1.148852154482573 7.55883941760421, 1.148852154482573 7.55883941760421, 1.148852154482573 7.55883941760421, 1.148815 7.558924999999998)))",TGRPRR RUE GBEKON-TOTAL (POSTE)
_mview_route_passages_pietons.fid-7b1c8a4a_1943c1e8149_3df8,Plateaux,Wawa,Wawa 3,Zogbégan,"MULTIPOLYGON (((0.6729366666666686 7.578301666666666, 0.6729450000000002 7.57829, 0.6729433333333348 7.578283333333333, 0.6729416666666665 7.5782766666666666, 0.6729383333333336 7.578268333333337, 0.6729350000000001 7.578260000000002, 0.6729316666666667 7.578248333333328, 0.6729283333333335 7.578240000000001, 0.6729266666666684 7.5782316666666665, 0.6729366666666686 7.578301666666666)))",TGRPRRRN15 TEMEDJA(RN5)-BADOU-FRE GHANA
_mview_route_passages_pietons.fid-7b1c8a4a_1943c1e8149_3df9,Plateaux,Wawa,Wawa 1,Késsibo,"MULTIPOLYGON (((0.6525266666666668 7.591276666666665, 0.6525309468954248 7.591275978349672, 0.652535258986928 7.591271368872547, 0.6525225457516343 7.591264157271243, 0.652513921568628 7.591261406454249, 0.6525047769607851 7.591250328839869, 0.6525000187908506 7.591242596813725, 0.652490948529413 7.5912453476307205, 0.6524833333333349 7.591246666666664, 0.6525266666666668 7.591276666666665)))",TGRPRRRN15 TEMEDJA(RN5)-BADOU-FRE GHANA
_mview_route_passages_pietons.fid-7b1c8a4a_1943c1e8149_3dfa,Maritime,Agoè-Nyivé,Agoè-Nyivé 1,Agoè-Nyivé,"MULTIPOLYGON (((1.1767095259330052 6.250729332037943, 1.1766096898466607 6.250605043576067, 1.1766534760964582 6.2505728722216185, 1.1767448560960392 6.250700296006071, 1.1767095259330052 6.250729332037943)))",TGRMRRVR LOME GRD CONTOURNEMENT CHAUSSEE SUD
_mview_route_passages_pietons.fid-7b1c8a4a_1943c1e8149_3dfb,Maritime,Agoè-Nyivé,Agoè-Nyivé 1,Agoè-Nyivé,"MULTIPOLYGON (((1.1948295802365954 6.243449464440269, 1.1949054186951564 6.243423860749278, 1.1949497770388444 6.243603086559925, 1.1948639221800945 6.243618733254767, 1.1948295802365954 6.243449464440269)))",TGRMRRVR LOME GRD CONTOURNEMENT CHAUSSEE SUD
_mview_route_passages_pietons.fid-7b1c8a4a_1943c1e8149_3dfc,Maritime,Agoè-Nyivé,Agoè-Nyivé 1,Agoè-Nyivé,"MULTIPOLYGON (((1.1849489670995434 6.244870440487412, 1.1849211231144385 6.244714290471992, 1.1848801451740967 6.244717423917577, 1.1849085145174112 6.244876185135919, 1.1849489670995434 6.244870440487412)))",TGRMRRVR LOME GRD CONTOURNEMENT CHAUSSEE SUD
