FID,region_nom_bdd,prefecture_nom_bdd,commune_nom_bdd,canton_nom_bdd,geometry,route_nom
_mview_route_ralentisseurs.fid-7b1c8a4a_1943c5e84ca_651c,Savanes,Cinkassé,Cinkassé 2,Timbou,POINT (0.1370408177126427 11.025561076383442),
_mview_route_ralentisseurs.fid-7b1c8a4a_1943c5e84ca_651d,Savanes,Cinkassé,Cinkassé 2,Timbou,POINT (0.1377734641455473 11.025333483266152),
_mview_route_ralentisseurs.fid-7b1c8a4a_1943c5e84ca_651e,Savanes,Tandjoaré,Tandjoaré 1,Bogou,POINT (0.1957195387185978 10.668407276436145),
_mview_route_ralentisseurs.fid-7b1c8a4a_1943c5e84ca_651f,Maritime,Bas-Mono,Bas-Mono 2,Attitogon,POINT (1.6619853830983295 6.42359221484622),
_mview_route_ralentisseurs.fid-7b1c8a4a_1943c5e84ca_6520,Kara,Binah,Binah 1,Boufalé,POINT (1.3604722486652019 9.852786900803864),
_mview_route_ralentisseurs.fid-7b1c8a4a_1943c5e84ca_6521,Kara,Binah,Binah 1,Boufalé,POINT (1.3604787065503274 9.852176681466025),
_mview_route_ralentisseurs.fid-7b1c8a4a_1943c5e84ca_6522,Maritime,Agoè-Nyivé,Agoè-Nyivé 2,Légbassito,POINT (1.1710226889567752 6.2669589468802505),QUARTIER AHONKPOE 
_mview_route_ralentisseurs.fid-7b1c8a4a_1943c5e84ca_6523,Savanes,Cinkassé,Cinkassé 2,Timbou,POINT (0.1336417128322835 11.026580315352406),
_mview_route_ralentisseurs.fid-7b1c8a4a_1943c5e84ca_6524,Centrale,Mô,Mô 2,Tindjasse,POINT (0.3950087384013012 8.730080813675452),
_mview_route_ralentisseurs.fid-7b1c8a4a_1943c5e84ca_6525,Centrale,Mô,Mô 2,Tindjasse,POINT (0.3949168431712397 8.729987602790416),
_mview_route_ralentisseurs.fid-7b1c8a4a_1943c5e84ca_6526,Centrale,Mô,Mô 2,Tindjasse,POINT (0.3947491964662718 8.72977949405716),
_mview_route_ralentisseurs.fid-7b1c8a4a_1943c5e84ca_6527,Centrale,Mô,Mô 2,Tindjasse,POINT (0.3920785982356963 8.726997292759476),
_mview_route_ralentisseurs.fid-7b1c8a4a_1943c5e84ca_6528,Savanes,Oti,Oti 1,Mango,POINT (0.4757996540548252 10.349241567781382),
_mview_route_ralentisseurs.fid-7b1c8a4a_1943c5e84ca_6529,Kara,Binah,Binah 1,Boufalé,POINT (1.3605772111835899 9.87117205455851),
_mview_route_ralentisseurs.fid-7b1c8a4a_1943c5e84ca_652a,Kara,Binah,Binah 1,Boufalé,POINT (1.3593261447691634 9.871734180874986),
_mview_route_ralentisseurs.fid-7b1c8a4a_1943c5e84ca_652b,Kara,Binah,Binah 1,Boufalé,POINT (1.3581357504909475 9.872230306295085),
_mview_route_ralentisseurs.fid-7b1c8a4a_1943c5e84ca_652c,Plateaux,Moyen-Mono,Moyen-Mono 2,Saligbé,POINT (1.63228693862648 7.21513629059506),
_mview_route_ralentisseurs.fid-7b1c8a4a_1943c5e84ca_652d,Plateaux,Moyen-Mono,Moyen-Mono 2,Saligbé,POINT (1.6322904452034528 7.214916545303425),
_mview_route_ralentisseurs.fid-7b1c8a4a_1943c5e84ca_652e,Savanes,Cinkassé,Cinkassé 2,Timbou,POINT (0.1339497891774582 11.026457084581866),
_mview_route_ralentisseurs.fid-7b1c8a4a_1943c5e84ca_652f,Maritime,Agoè-Nyivé,Agoè-Nyivé 1,Agoè-Nyivé,POINT (1.2083679467419015 6.247191904394509),AGOE ZOGO
_mview_route_ralentisseurs.fid-7b1c8a4a_1943c5e84ca_6530,Maritime,Agoè-Nyivé,Agoè-Nyivé 1,Agoè-Nyivé,POINT (1.2089098183291789 6.247212874809207),AGOE ZOGO
_mview_route_ralentisseurs.fid-7b1c8a4a_1943c5e84ca_6531,Maritime,Agoè-Nyivé,Agoè-Nyivé 1,Agoè-Nyivé,POINT (1.2086963603236307 6.247204614056732),AGOE ZOGO
_mview_route_ralentisseurs.fid-7b1c8a4a_1943c5e84ca_6532,Maritime,Agoè-Nyivé,Agoè-Nyivé 1,Agoè-Nyivé,POINT (1.1659800659206574 6.2551017510716616),SOGBOSSITO
_mview_route_ralentisseurs.fid-7b1c8a4a_1943c5e84ca_6533,Maritime,Agoè-Nyivé,Agoè-Nyivé 1,Agoè-Nyivé,POINT (1.1663461101154016 6.254805095941022),SOGBOSSITO
_mview_route_ralentisseurs.fid-7b1c8a4a_1943c5e84ca_6534,Maritime,Agoè-Nyivé,Agoè-Nyivé 1,Agoè-Nyivé,POINT (1.1661223073056317 6.256001554433325),SOGBOSSITO
_mview_route_ralentisseurs.fid-7b1c8a4a_1943c5e84ca_6535,Maritime,Agoè-Nyivé,Agoè-Nyivé 1,Agoè-Nyivé,POINT (1.1662064593231085 6.255929955445184),SOGBOSSITO
_mview_route_ralentisseurs.fid-7b1c8a4a_1943c5e84ca_6536,Maritime,Agoè-Nyivé,Agoè-Nyivé 1,Agoè-Nyivé,POINT (1.1762321966623466 6.250717274553646),AGOE CAMP FIR-CAMP FIR
_mview_route_ralentisseurs.fid-7b1c8a4a_1943c5e84ca_6537,Maritime,Agoè-Nyivé,Agoè-Nyivé 1,Agoè-Nyivé,POINT (1.1791902309638709 6.248497092796744),AGOE CAMP FIR-CAMP FIR
_mview_route_ralentisseurs.fid-7b1c8a4a_1943c5e84ca_6538,Maritime,Agoè-Nyivé,Agoè-Nyivé 1,Agoè-Nyivé,POINT (1.1792943796888216 6.248417902812829),AGOE CAMP FIR-CAMP FIR
_mview_route_ralentisseurs.fid-7b1c8a4a_1943c5e84ca_6539,Maritime,Agoè-Nyivé,Agoè-Nyivé 1,Agoè-Nyivé,POINT (1.179388975176748 6.248345976633673),AGOE CAMP FIR-CAMP FIR
_mview_route_ralentisseurs.fid-7b1c8a4a_1943c5e84ca_653a,Maritime,Agoè-Nyivé,Agoè-Nyivé 1,Agoè-Nyivé,POINT (1.1801075969670947 6.247809329284582),AGOE CAMP FIR-CAMP FIR
_mview_route_ralentisseurs.fid-7b1c8a4a_1943c5e84ca_653b,Maritime,Agoè-Nyivé,Agoè-Nyivé 1,Agoè-Nyivé,POINT (1.1803994333070198 6.247592728018356),AGOE CAMP FIR-CAMP FIR
_mview_route_ralentisseurs.fid-7b1c8a4a_1943c5e84ca_653c,Maritime,Agoè-Nyivé,Agoè-Nyivé 1,Agoè-Nyivé,POINT (1.180560268785598 6.247473355572394),AGOE CAMP FIR-CAMP FIR
_mview_route_ralentisseurs.fid-7b1c8a4a_1943c5e84ca_653d,Maritime,Agoè-Nyivé,Agoè-Nyivé 1,Agoè-Nyivé,POINT (1.1806579497318674 6.247399866213446),AGOE CAMP FIR-CAMP FIR
_mview_route_ralentisseurs.fid-7b1c8a4a_1943c5e84ca_653e,Maritime,Agoè-Nyivé,Agoè-Nyivé 1,Agoè-Nyivé,POINT (1.1808225211468752 6.247275486701618),AGOE CAMP FIR-CAMP FIR
_mview_route_ralentisseurs.fid-7b1c8a4a_1943c5e84ca_653f,Maritime,Agoè-Nyivé,Agoè-Nyivé 1,Agoè-Nyivé,POINT (1.1812174188603917 6.246977031036386),AGOE CAMP FIR-CAMP FIR
_mview_route_ralentisseurs.fid-7b1c8a4a_1943c5e84ca_6540,Maritime,Agoè-Nyivé,Agoè-Nyivé 1,Agoè-Nyivé,POINT (1.1812963760058537 6.246917356741901),AGOE CAMP FIR-CAMP FIR
_mview_route_ralentisseurs.fid-7b1c8a4a_1943c5e84ca_6541,Maritime,Agoè-Nyivé,Agoè-Nyivé 1,Agoè-Nyivé,POINT (1.1822430187027784 6.246195239668643),AGOE CAMP FIR-CAMP FIR
_mview_route_ralentisseurs.fid-7b1c8a4a_1943c5e84ca_6542,Maritime,Agoè-Nyivé,Agoè-Nyivé 1,Agoè-Nyivé,POINT (1.1823781769154935 6.246091305306821),AGOE CAMP FIR-CAMP FIR
_mview_route_ralentisseurs.fid-7b1c8a4a_1943c5e84ca_6543,Maritime,Agoè-Nyivé,Agoè-Nyivé 1,Agoè-Nyivé,POINT (1.1825340493156045 6.245971441978096),AGOE CAMP FIR-CAMP FIR
_mview_route_ralentisseurs.fid-7b1c8a4a_1943c5e84ca_6544,Maritime,Agoè-Nyivé,Agoè-Nyivé 1,Agoè-Nyivé,POINT (1.1827176073951222 6.245830288663401),AGOE CAMP FIR-CAMP FIR
_mview_route_ralentisseurs.fid-7b1c8a4a_1943c5e84ca_6545,Maritime,Agoè-Nyivé,Agoè-Nyivé 1,Agoè-Nyivé,POINT (1.1836800263721856 6.245150928566469),AGOE CAMP FIR-CAMP FIR
_mview_route_ralentisseurs.fid-7b1c8a4a_1943c5e84ca_6546,Maritime,Agoè-Nyivé,Agoè-Nyivé 1,Agoè-Nyivé,POINT (1.172477454789081 6.239253383120575),AGOE LOGOPE
_mview_route_ralentisseurs.fid-7b1c8a4a_1943c5e84ca_6547,Maritime,Agoè-Nyivé,Agoè-Nyivé 1,Agoè-Nyivé,POINT (1.1910710812777212 6.244307598896275),CAMP FIR-DEMAKPO
_mview_route_ralentisseurs.fid-7b1c8a4a_1943c5e84ca_6548,Maritime,Agoè-Nyivé,Agoè-Nyivé 1,Agoè-Nyivé,POINT (1.1894816677268212 6.2443316666675885),CAMP FIR-DEMAKPO
_mview_route_ralentisseurs.fid-7b1c8a4a_1943c5e84ca_6549,Maritime,Zio,Zio 1,Davié,POINT (1.2093203345869965 6.372219071576595),
_mview_route_ralentisseurs.fid-7b1c8a4a_1943c5e84ca_654a,Maritime,Agoè-Nyivé,Agoè-Nyivé 1,Agoè-Nyivé,POINT (1.189078516368747 6.244325480552709),CAMP FIR-DEMAKPO
_mview_route_ralentisseurs.fid-7b1c8a4a_1943c5e84ca_654b,Maritime,Agoè-Nyivé,Agoè-Nyivé 1,Agoè-Nyivé,POINT (1.1882966677276217 6.244336666667586),CAMP FIR-DEMAKPO
_mview_route_ralentisseurs.fid-7b1c8a4a_1943c5e84ca_654c,Maritime,Agoè-Nyivé,Agoè-Nyivé 1,Agoè-Nyivé,POINT (1.1876949150227671 6.244364556324789),CAMP FIR-DEMAKPO
_mview_route_ralentisseurs.fid-7b1c8a4a_1943c5e84ca_654d,Maritime,Agoè-Nyivé,Agoè-Nyivé 1,Agoè-Nyivé,POINT (1.187444164661595 6.24437745863426),CAMP FIR-DEMAKPO
_mview_route_ralentisseurs.fid-7b1c8a4a_1943c5e84ca_654e,Maritime,Agoè-Nyivé,Agoè-Nyivé 1,Agoè-Nyivé,POINT (1.1872359609964929 6.244346056063109),CAMP FIR-DEMAKPO
_mview_route_ralentisseurs.fid-7b1c8a4a_1943c5e84ca_654f,Maritime,Agoè-Nyivé,Agoè-Nyivé 1,Agoè-Nyivé,POINT (1.185811700318328 6.244462684552171),CAMP FIR-DEMAKPO
_mview_route_ralentisseurs.fid-7b1c8a4a_1943c5e84ca_6550,Maritime,Agoè-Nyivé,Agoè-Nyivé 1,Agoè-Nyivé,POINT (1.1854823086373667 6.244487664108227),CAMP FIR-DEMAKPO
_mview_route_ralentisseurs.fid-7b1c8a4a_1943c5e84ca_6551,Maritime,Agoè-Nyivé,Agoè-Nyivé 1,Agoè-Nyivé,POINT (1.1852185437842717 6.244507666672548),CAMP FIR-DEMAKPO
_mview_route_ralentisseurs.fid-7b1c8a4a_1943c5e84ca_6552,Maritime,Agoè-Nyivé,Agoè-Nyivé 1,Agoè-Nyivé,POINT (1.1850154044533583 6.244511295874544),CAMP FIR-DEMAKPO
_mview_route_ralentisseurs.fid-7b1c8a4a_1943c5e84ca_6553,Maritime,Agoè-Nyivé,Agoè-Nyivé 1,Agoè-Nyivé,POINT (1.1865718844198 6.243940108119983),AGOE CAMP FIR
_mview_route_ralentisseurs.fid-7b1c8a4a_1943c5e84ca_6554,Maritime,Agoè-Nyivé,Agoè-Nyivé 1,Agoè-Nyivé,POINT (1.1912655721364511 6.244257419057117),AGOE CAMP FIR-AGOE DEMAKPOE
_mview_route_ralentisseurs.fid-7b1c8a4a_1943c5e84ca_6555,Maritime,Agoè-Nyivé,Agoè-Nyivé 1,Agoè-Nyivé,POINT (1.192583694062381 6.243911389807759),AGOE CAMP FIR-AGOE DEMAKPOE
_mview_route_ralentisseurs.fid-7b1c8a4a_1943c5e84ca_6556,Maritime,Agoè-Nyivé,Agoè-Nyivé 1,Agoè-Nyivé,POINT (1.193467187690025 6.243666015918026),AGOE CAMP FIR-AGOE DEMAKPOE
_mview_route_ralentisseurs.fid-7b1c8a4a_1943c5e84ca_6557,Maritime,Agoè-Nyivé,Agoè-Nyivé 1,Agoè-Nyivé,POINT (1.1940440218392856 6.243501639284734),AGOE CAMP FIR-AGOE DEMAKPOE
_mview_route_ralentisseurs.fid-7b1c8a4a_1943c5e84ca_6558,Maritime,Agoè-Nyivé,Agoè-Nyivé 1,Agoè-Nyivé,POINT (1.1943564450545936 6.243412609765295),AGOE CAMP FIR-AGOE DEMAKPOE
_mview_route_ralentisseurs.fid-7b1c8a4a_1943c5e84ca_6559,Maritime,Agoè-Nyivé,Agoè-Nyivé 1,Agoè-Nyivé,POINT (1.195654856356132 6.243038342935257),AGOE CAMP FIR-AGOE DEMAKPOE
_mview_route_ralentisseurs.fid-7b1c8a4a_1943c5e84ca_655a,Maritime,Agoè-Nyivé,Agoè-Nyivé 1,Agoè-Nyivé,POINT (1.199090592196138 6.242066066221114),AGOE CAMP FIR-AGOE DEMAKPOE
_mview_route_ralentisseurs.fid-7b1c8a4a_1943c5e84ca_655b,Maritime,Agoè-Nyivé,Agoè-Nyivé 1,Agoè-Nyivé,POINT (1.1998623284095484 6.2418546228526495),AGOE CAMP FIR-AGOE DEMAKPOE
_mview_route_ralentisseurs.fid-7b1c8a4a_1943c5e84ca_655c,Maritime,Agoè-Nyivé,Agoè-Nyivé 1,Agoè-Nyivé,POINT (1.1815763106240482 6.213195769310726),AVEDJI
_mview_route_ralentisseurs.fid-7b1c8a4a_1943c5e84ca_655d,Maritime,Agoè-Nyivé,Agoè-Nyivé 1,Agoè-Nyivé,POINT (1.182041997834728 6.2143319527248195),AGOE TELESSOU
_mview_route_ralentisseurs.fid-7b1c8a4a_1943c5e84ca_655e,Maritime,Agoè-Nyivé,Agoè-Nyivé 1,Agoè-Nyivé,POINT (1.1824334682532742 6.214791302177713),AGOE TELESSOU
_mview_route_ralentisseurs.fid-7b1c8a4a_1943c5e84ca_655f,Maritime,Agoè-Nyivé,Agoè-Nyivé 1,Agoè-Nyivé,POINT (1.1824295958334983 6.214262766320029),AGOE TELESSOU
_mview_route_ralentisseurs.fid-7b1c8a4a_1943c5e84ca_6560,Maritime,Agoè-Nyivé,Agoè-Nyivé 1,Agoè-Nyivé,POINT (1.195635426263853 6.2034597162231115),MARCHÉ CACAVELI-BOULEVARD AGBALEPEDOGAN 
_mview_route_ralentisseurs.fid-7b1c8a4a_1943c5e84ca_6561,Maritime,Agoè-Nyivé,Agoè-Nyivé 1,Agoè-Nyivé,POINT (1.1950746578468907 6.202277684689872),MARCHÉ CACAVELI-BOULEVARD AGBALEPEDOGAN 
_mview_route_ralentisseurs.fid-7b1c8a4a_1943c5e84ca_6562,Maritime,Agoè-Nyivé,Agoè-Nyivé 1,Agoè-Nyivé,POINT (1.2015927911751134 6.204619792814593),CACAVELI 
_mview_route_ralentisseurs.fid-7b1c8a4a_1943c5e84ca_6563,Maritime,Agoè-Nyivé,Agoè-Nyivé 1,Agoè-Nyivé,POINT (1.2017471505932735 6.204757397817673),CACAVELI 
_mview_route_ralentisseurs.fid-7b1c8a4a_1943c5e84ca_6564,Maritime,Agoè-Nyivé,Agoè-Nyivé 1,Agoè-Nyivé,POINT (1.2018923015230438 6.2048867937483045),CACAVELI 
_mview_route_ralentisseurs.fid-7b1c8a4a_1943c5e84ca_6565,Maritime,Agoè-Nyivé,Agoè-Nyivé 1,Agoè-Nyivé,POINT (1.2021640501379678 6.205152791623723),CACAVELI 
_mview_route_ralentisseurs.fid-7b1c8a4a_1943c5e84ca_6566,Maritime,Agoè-Nyivé,Agoè-Nyivé 1,Agoè-Nyivé,POINT (1.190733229986462 6.2387745308108675),FIOVI 
_mview_route_ralentisseurs.fid-7b1c8a4a_1943c5e84ca_6567,Maritime,Agoè-Nyivé,Agoè-Nyivé 1,Agoè-Nyivé,POINT (1.1905101068521033 6.238663364043364),FIOVI 
_mview_route_ralentisseurs.fid-7b1c8a4a_1943c5e84ca_6568,Maritime,Agoè-Nyivé,Agoè-Nyivé 1,Agoè-Nyivé,POINT (1.2155902291100829 6.241737932429554),SOURATE 
_mview_route_ralentisseurs.fid-7b1c8a4a_1943c5e84ca_6569,Maritime,Agoè-Nyivé,Agoè-Nyivé 1,Agoè-Nyivé,POINT (1.1750838152618408 6.252116883104865),AHONKPE 
_mview_route_ralentisseurs.fid-7b1c8a4a_1943c5e84ca_656a,Maritime,Agoè-Nyivé,Agoè-Nyivé 1,Agoè-Nyivé,POINT (1.1740350571811868 6.252891772871304),AHONKPE 
_mview_route_ralentisseurs.fid-7b1c8a4a_1943c5e84ca_656b,Maritime,Agoè-Nyivé,Agoè-Nyivé 1,Agoè-Nyivé,POINT (1.1737782332695843 6.253081088513503),AHONKPE 
_mview_route_ralentisseurs.fid-7b1c8a4a_1943c5e84ca_656c,Maritime,Agoè-Nyivé,Agoè-Nyivé 1,Agoè-Nyivé,POINT (1.1731560333119115 6.253539736851009),AHONKPE 
_mview_route_ralentisseurs.fid-7b1c8a4a_1943c5e84ca_656d,Maritime,Agoè-Nyivé,Agoè-Nyivé 1,Agoè-Nyivé,POINT (1.1718682211872862 6.254489028709518),AHONKPE 
_mview_route_ralentisseurs.fid-7b1c8a4a_1943c5e84ca_656e,Maritime,Agoè-Nyivé,Agoè-Nyivé 1,Agoè-Nyivé,POINT (1.1709006144650598 6.255202280799631),AHONKPE 
_mview_route_ralentisseurs.fid-7b1c8a4a_1943c5e84ca_656f,Maritime,Agoè-Nyivé,Agoè-Nyivé 1,Agoè-Nyivé,POINT (1.1702367653397927 6.255663704519019),AHONKPE 
_mview_route_ralentisseurs.fid-7b1c8a4a_1943c5e84ca_6570,Maritime,Agoè-Nyivé,Agoè-Nyivé 1,Agoè-Nyivé,POINT (1.1701527832562317 6.255721360913264),AHONKPE 
_mview_route_ralentisseurs.fid-7b1c8a4a_1943c5e84ca_6571,Maritime,Agoè-Nyivé,Agoè-Nyivé 2,Légbassito,POINT (1.1652595747236787 6.258798413690642),LEGBASSITO-VOIX EXPRESS DE LA CEDEAO 
_mview_route_ralentisseurs.fid-7b1c8a4a_1943c5e84ca_6572,Maritime,Agoè-Nyivé,Agoè-Nyivé 2,Légbassito,POINT (1.1652367450082735 6.258814769353727),LEGBASSITO-VOIX EXPRESS DE LA CEDEAO 
_mview_route_ralentisseurs.fid-7b1c8a4a_1943c5e84ca_6573,Maritime,Agoè-Nyivé,Agoè-Nyivé 2,Légbassito,POINT (1.1535933670237024 6.26729588741555),LEGBASSITO-VOIX EXPRESS DE LA CEDEAO 
_mview_route_ralentisseurs.fid-7b1c8a4a_1943c5e84ca_6574,Maritime,Agoè-Nyivé,Agoè-Nyivé 2,Légbassito,POINT (1.1538371680298034 6.267221499561214),LEGBASSITO-VOIX EXPRESS DE LA CEDEAO 
_mview_route_ralentisseurs.fid-7b1c8a4a_1943c5e84ca_6575,Maritime,Agoè-Nyivé,Agoè-Nyivé 2,Légbassito,POINT (1.1559822126363035 6.266446078102599),LEGBASSITO-VOIX EXPRESS DE LA CEDEAO 
_mview_route_ralentisseurs.fid-7b1c8a4a_1943c5e84ca_6576,Maritime,Agoè-Nyivé,Agoè-Nyivé 2,Légbassito,POINT (1.1561105279363189 6.266399691800496),LEGBASSITO-VOIX EXPRESS DE LA CEDEAO 
_mview_route_ralentisseurs.fid-7b1c8a4a_1943c5e84ca_6577,Maritime,Agoè-Nyivé,Agoè-Nyivé 1,Agoè-Nyivé,POINT (1.1998566531233368 6.242076611765968),TGRMRRVR LOME GRD CONTOURNEMENT CHAUSSEE SUD
_mview_route_ralentisseurs.fid-7b1c8a4a_1943c5e84ca_6578,Maritime,Agoè-Nyivé,Agoè-Nyivé 1,Agoè-Nyivé,POINT (1.1952986813631032 6.243628258606102),AGOE CAMP FIR-AGOE DEMAKPOE
_mview_route_ralentisseurs.fid-7b1c8a4a_1943c5e84ca_6579,Maritime,Agoè-Nyivé,Agoè-Nyivé 1,Agoè-Nyivé,POINT (1.193964684784736 6.244007692529268),AGOE CAMP FIR-AGOE DEMAKPOE
_mview_route_ralentisseurs.fid-7b1c8a4a_1943c5e84ca_657a,Maritime,Agoè-Nyivé,Agoè-Nyivé 1,Agoè-Nyivé,POINT (1.1933803788962387 6.244176144619194),AGOE CAMP FIR-AGOE DEMAKPOE
_mview_route_ralentisseurs.fid-7b1c8a4a_1943c5e84ca_657b,Maritime,Agoè-Nyivé,Agoè-Nyivé 1,Agoè-Nyivé,POINT (1.1930346310367257 6.244275821391295),AGOE CAMP FIR-AGOE DEMAKPOE
_mview_route_ralentisseurs.fid-7b1c8a4a_1943c5e84ca_657c,Maritime,Agoè-Nyivé,Agoè-Nyivé 1,Agoè-Nyivé,POINT (1.1928382379024356 6.244332440077824),AGOE CAMP FIR-AGOE DEMAKPOE
_mview_route_ralentisseurs.fid-7b1c8a4a_1943c5e84ca_657d,Maritime,Agoè-Nyivé,Agoè-Nyivé 1,Agoè-Nyivé,POINT (1.1927046620328343 6.244370948959338),AGOE CAMP FIR-AGOE DEMAKPOE
_mview_route_ralentisseurs.fid-7b1c8a4a_1943c5e84ca_657e,Maritime,Agoè-Nyivé,Agoè-Nyivé 1,Agoè-Nyivé,POINT (1.1936498965805762 6.244098444293344),AGOE CAMP FIR-AGOE DEMAKPOE
_mview_route_ralentisseurs.fid-7b1c8a4a_1943c5e84ca_657f,Maritime,Agoè-Nyivé,Agoè-Nyivé 1,Agoè-Nyivé,POINT (1.1961614605405746 6.243385168881189),AGOE CAMP FIR-AGOE DEMAKPOE
_mview_route_ralentisseurs.fid-7b1c8a4a_1943c5e84ca_6580,Maritime,Agoè-Nyivé,Agoè-Nyivé 1,Agoè-Nyivé,POINT (1.1962188572499255 6.243368997183157),AGOE CAMP FIR-AGOE DEMAKPOE
_mview_route_ralentisseurs.fid-7b1c8a4a_1943c5e84ca_6581,Maritime,Agoè-Nyivé,Agoè-Nyivé 1,Agoè-Nyivé,POINT (1.1965429857068142 6.243277672854533),AGOE CAMP FIR-AGOE DEMAKPOE
_mview_route_ralentisseurs.fid-7b1c8a4a_1943c5e84ca_6582,Maritime,Agoè-Nyivé,Agoè-Nyivé 1,Agoè-Nyivé,POINT (1.197262486760784 6.243074950020642),AGOE CAMP FIR-AGOE DEMAKPOE
_mview_route_ralentisseurs.fid-7b1c8a4a_1943c5e84ca_6583,Maritime,Agoè-Nyivé,Agoè-Nyivé 1,Agoè-Nyivé,POINT (1.2002341564265113 6.24222396839683),AGOE CAMP FIR-AGOE DEMAKPOE
_mview_route_ralentisseurs.fid-7b1c8a4a_1943c5e84ca_6584,Maritime,Agoè-Nyivé,Agoè-Nyivé 1,Agoè-Nyivé,POINT (1.2004703848920353 6.2421548916337),AGOE CAMP FIR-AGOE DEMAKPOE
_mview_route_ralentisseurs.fid-7b1c8a4a_1943c5e84ca_6585,Maritime,Agoè-Nyivé,Agoè-Nyivé 1,Agoè-Nyivé,POINT (1.2024223738466704 6.241584095519009),AGOE CAMP FIR-AGOE DEMAKPOE
_mview_route_ralentisseurs.fid-7b1c8a4a_1943c5e84ca_6586,Maritime,Agoè-Nyivé,Agoè-Nyivé 1,Agoè-Nyivé,POINT (1.2025261577217627 6.241553747021083),AGOE CAMP FIR-AGOE DEMAKPOE
_mview_route_ralentisseurs.fid-7b1c8a4a_1943c5e84ca_6587,Maritime,Agoè-Nyivé,Agoè-Nyivé 1,Agoè-Nyivé,POINT (1.208713134180621 6.208063465020859),AGOE GTA-AGOE ZONGO
_mview_route_ralentisseurs.fid-7b1c8a4a_1943c5e84ca_6588,Maritime,Agoè-Nyivé,Agoè-Nyivé 1,Agoè-Nyivé,POINT (1.1891045564003002 6.207398768917014),BOULEVARD LÉO 2000
_mview_route_ralentisseurs.fid-7b1c8a4a_1943c5e84ca_6589,Maritime,Agoè-Nyivé,Agoè-Nyivé 1,Agoè-Nyivé,POINT (1.1893367580456642 6.207439620126667),BOULEVARD LÉO 2000
_mview_route_ralentisseurs.fid-7b1c8a4a_1943c5e84ca_658a,Maritime,Agoè-Nyivé,Agoè-Nyivé 1,Agoè-Nyivé,POINT (1.1893783028373786 6.207449381057951),BOULEVARD LÉO 2000
_mview_route_ralentisseurs.fid-7b1c8a4a_1943c5e84ca_658b,Maritime,Agoè-Nyivé,Agoè-Nyivé 1,Agoè-Nyivé,POINT (1.1893192204515535 6.207529345819325),BOULEVARD LÉO 2000
_mview_route_ralentisseurs.fid-7b1c8a4a_1943c5e84ca_658c,Maritime,Agoè-Nyivé,Agoè-Nyivé 1,Agoè-Nyivé,POINT (1.189430762941323 6.2077046802436575),BOULEVARD CEDEAO
_mview_route_ralentisseurs.fid-7b1c8a4a_1943c5e84ca_658d,Maritime,Agoè-Nyivé,Agoè-Nyivé 1,Agoè-Nyivé,POINT (1.189418144975418 6.207744018611766),BOULEVARD CEDEAO
_mview_route_ralentisseurs.fid-7b1c8a4a_1943c5e84ca_658e,Maritime,Agoè-Nyivé,Agoè-Nyivé 1,Agoè-Nyivé,POINT (1.1894075889731492 6.207776928497378),BOULEVARD CEDEAO
_mview_route_ralentisseurs.fid-7b1c8a4a_1943c5e84ca_658f,Maritime,Agoè-Nyivé,Agoè-Nyivé 2,Légbassito,POINT (1.1716325688168867 6.295771810259582),QUARTIER BELGIQUE 1-QUARTIER BELGIQUE 2
_mview_route_ralentisseurs.fid-7b1c8a4a_1943c5e84ca_6590,Maritime,Agoè-Nyivé,Agoè-Nyivé 2,Légbassito,POINT (1.1717316806933908 6.296058517733764),QUARTIER BELGIQUE 1-QUARTIER BELGIQUE 2
_mview_route_ralentisseurs.fid-7b1c8a4a_1943c5e84ca_6591,Maritime,Agoè-Nyivé,Agoè-Nyivé 2,Légbassito,POINT (1.1717910304769696 6.296230464944896),QUARTIER BELGIQUE 1-QUARTIER BELGIQUE 2
_mview_route_ralentisseurs.fid-7b1c8a4a_1943c5e84ca_6592,Maritime,Agoè-Nyivé,Agoè-Nyivé 2,Légbassito,POINT (1.1718452182766024 6.296387460964473),QUARTIER BELGIQUE 1-QUARTIER BELGIQUE 2
_mview_route_ralentisseurs.fid-7b1c8a4a_1943c5e84ca_6593,Maritime,Agoè-Nyivé,Agoè-Nyivé 2,Légbassito,POINT (1.1719064360649363 6.296564824604728),QUARTIER BELGIQUE 1-QUARTIER BELGIQUE 2
_mview_route_ralentisseurs.fid-7b1c8a4a_1943c5e84ca_6594,Maritime,Agoè-Nyivé,Agoè-Nyivé 2,Légbassito,POINT (1.1745397714880403 6.2968263517983525),BELGIQUE 2-KPÉDEVIKOPÉ
_mview_route_ralentisseurs.fid-7b1c8a4a_1943c5e84ca_6595,Kara,Assoli,Assoli 2,Koumondè,POINT (1.2376335301051178 9.314139927909292),
_mview_route_ralentisseurs.fid-7b1c8a4a_1943c5e84ca_6596,Maritime,Agoè-Nyivé,Agoè-Nyivé 2,Légbassito,POINT (1.1742403580648875 6.296924615034673),BELGIQUE 2-KPÉDEVIKOPÉ
_mview_route_ralentisseurs.fid-7b1c8a4a_1943c5e84ca_6597,Maritime,Agoè-Nyivé,Agoè-Nyivé 2,Légbassito,POINT (1.1810127885380632 6.293807350093362),BELGIQUE 2-KPÉDEVIKOPÉ
_mview_route_ralentisseurs.fid-7b1c8a4a_1943c5e84ca_6598,Maritime,Agoè-Nyivé,Agoè-Nyivé 2,Légbassito,POINT (1.1632061684597952 6.2624661057124955),LEGBASSITO 
_mview_route_ralentisseurs.fid-7b1c8a4a_1943c5e84ca_6599,Maritime,Agoè-Nyivé,Agoè-Nyivé 2,Légbassito,POINT (1.132160246806614 6.263256777269644),AVINATO-AHOUNKPOE
_mview_route_ralentisseurs.fid-7b1c8a4a_1943c5e84ca_659a,Maritime,Agoè-Nyivé,Agoè-Nyivé 2,Légbassito,POINT (1.1323116136449731 6.263310430842279),AVINATO-AHOUNKPOE
_mview_route_ralentisseurs.fid-7b1c8a4a_1943c5e84ca_659b,Maritime,Agoè-Nyivé,Agoè-Nyivé 2,Légbassito,POINT (1.132442713655667 6.2633531769975965),AVINATO-AHOUNKPOE
_mview_route_ralentisseurs.fid-7b1c8a4a_1943c5e84ca_659c,Maritime,Agoè-Nyivé,Agoè-Nyivé 2,Légbassito,POINT (1.1330555772416475 6.263535938558497),AVINATO-AHOUNKPOE
_mview_route_ralentisseurs.fid-7b1c8a4a_1943c5e84ca_659d,Maritime,Agoè-Nyivé,Agoè-Nyivé 2,Légbassito,POINT (1.1331565578325458 6.26356017388523),AVINATO-AHOUNKPOE
_mview_route_ralentisseurs.fid-7b1c8a4a_1943c5e84ca_659e,Maritime,Agoè-Nyivé,Agoè-Nyivé 2,Légbassito,POINT (1.1343988054116594 6.263922065908728),AVINATO-AHOUNKPOE
_mview_route_ralentisseurs.fid-7b1c8a4a_1943c5e84ca_659f,Maritime,Zio,Zio 1,Tsévié,POINT (1.2163646248419684 6.420934633842888),
_mview_route_ralentisseurs.fid-7b1c8a4a_1943c5e84ca_65a0,Maritime,Agoè-Nyivé,Agoè-Nyivé 2,Légbassito,POINT (1.1345301054241759 6.263951188837096),AVINATO-AHOUNKPOE
_mview_route_ralentisseurs.fid-7b1c8a4a_1943c5e84ca_65a1,Maritime,Agoè-Nyivé,Agoè-Nyivé 2,Légbassito,POINT (1.137084969286908 6.264437127538361),AVINATO-AHOUNKPOE
_mview_route_ralentisseurs.fid-7b1c8a4a_1943c5e84ca_65a2,Maritime,Agoè-Nyivé,Agoè-Nyivé 2,Légbassito,POINT (1.1374354455451128 6.264502296481541),AVINATO-AHOUNKPOE
_mview_route_ralentisseurs.fid-7b1c8a4a_1943c5e84ca_65a3,Maritime,Agoè-Nyivé,Agoè-Nyivé 2,Légbassito,POINT (1.13782362079266 6.2645403184761435),AVINATO-AHOUNKPOE
_mview_route_ralentisseurs.fid-7b1c8a4a_1943c5e84ca_65a4,Maritime,Agoè-Nyivé,Agoè-Nyivé 2,Légbassito,POINT (1.1398207385842327 6.264639319889116),AVINATO-AHOUNKPOE
_mview_route_ralentisseurs.fid-7b1c8a4a_1943c5e84ca_65a5,Maritime,Agoè-Nyivé,Agoè-Nyivé 2,Légbassito,POINT (1.141031742948383 6.264709818711943),AVINATO-AHOUNKPOE
_mview_route_ralentisseurs.fid-7b1c8a4a_1943c5e84ca_65a6,Maritime,Agoè-Nyivé,Agoè-Nyivé 2,Légbassito,POINT (1.1437234645125594 6.26471160239826),AVINATO-AHOUNKPOE
_mview_route_ralentisseurs.fid-7b1c8a4a_1943c5e84ca_65a7,Maritime,Agoè-Nyivé,Agoè-Nyivé 2,Légbassito,POINT (1.144350290296398 6.264710583157564),AVINATO-AHOUNKPOE
_mview_route_ralentisseurs.fid-7b1c8a4a_1943c5e84ca_65a8,Maritime,Agoè-Nyivé,Agoè-Nyivé 2,Légbassito,POINT (1.1444502887125254 6.26471177599917),AVINATO-AHOUNKPOE
_mview_route_ralentisseurs.fid-7b1c8a4a_1943c5e84ca_65a9,Maritime,Agoè-Nyivé,Agoè-Nyivé 2,Légbassito,POINT (1.1450868765992135 6.264731443118648),AVINATO-AHOUNKPOE
_mview_route_ralentisseurs.fid-7b1c8a4a_1943c5e84ca_65aa,Maritime,Agoè-Nyivé,Agoè-Nyivé 2,Légbassito,POINT (1.1458276564528913 6.264747937144504),AVINATO-AHOUNKPOE
_mview_route_ralentisseurs.fid-7b1c8a4a_1943c5e84ca_65ab,Maritime,Agoè-Nyivé,Agoè-Nyivé 2,Légbassito,POINT (1.1461168529298194 6.264885024116847),AVINATO-AHOUNKPOE
_mview_route_ralentisseurs.fid-7b1c8a4a_1943c5e84ca_65ac,Maritime,Agoè-Nyivé,Agoè-Nyivé 2,Légbassito,POINT (1.1464159921932735 6.2649824837339985),AVINATO-AHOUNKPOE
_mview_route_ralentisseurs.fid-7b1c8a4a_1943c5e84ca_65ad,Maritime,Agoè-Nyivé,Agoè-Nyivé 2,Légbassito,POINT (1.1471277008198704 6.265286487718404),AVINATO-AHOUNKPOE
_mview_route_ralentisseurs.fid-7b1c8a4a_1943c5e84ca_65ae,Maritime,Agoè-Nyivé,Agoè-Nyivé 2,Légbassito,POINT (1.1473559456139908 6.265409712135408),AVINATO-AHOUNKPOE
_mview_route_ralentisseurs.fid-7b1c8a4a_1943c5e84ca_65af,Maritime,Agoè-Nyivé,Agoè-Nyivé 2,Légbassito,POINT (1.1544107199843965 6.266605903532328),AVINATO-AHOUNKPOE
_mview_route_ralentisseurs.fid-7b1c8a4a_1943c5e84ca_65b0,Maritime,Agoè-Nyivé,Agoè-Nyivé 2,Légbassito,POINT (1.154700664465668 6.266492905062945),AVINATO-AHOUNKPOE
_mview_route_ralentisseurs.fid-7b1c8a4a_1943c5e84ca_65b1,Maritime,Agoè-Nyivé,Agoè-Nyivé 2,Légbassito,POINT (1.1565881298092933 6.26578945403326),AVINATO-AHOUNKPOE
_mview_route_ralentisseurs.fid-7b1c8a4a_1943c5e84ca_65b2,Maritime,Agoè-Nyivé,Agoè-Nyivé 2,Légbassito,POINT (1.1569435250192792 6.265645501677313),AVINATO-AHOUNKPOE
_mview_route_ralentisseurs.fid-7b1c8a4a_1943c5e84ca_65b3,Maritime,Agoè-Nyivé,Agoè-Nyivé 2,Légbassito,POINT (1.157184903225885 6.265551757741673),AVINATO-AHOUNKPOE
_mview_route_ralentisseurs.fid-7b1c8a4a_1943c5e84ca_65b4,Maritime,Agoè-Nyivé,Agoè-Nyivé 2,Légbassito,POINT (1.157336471049566 6.265493503833454),AVINATO-AHOUNKPOE
_mview_route_ralentisseurs.fid-7b1c8a4a_1943c5e84ca_65b5,Maritime,Agoè-Nyivé,Agoè-Nyivé 2,Légbassito,POINT (1.1585153151658178 6.264969631785698),AVINATO-AHOUNKPOE
_mview_route_ralentisseurs.fid-7b1c8a4a_1943c5e84ca_65b6,Maritime,Agoè-Nyivé,Agoè-Nyivé 2,Légbassito,POINT (1.158637328212199 6.2648680030849935),AVINATO-AHOUNKPOE
_mview_route_ralentisseurs.fid-7b1c8a4a_1943c5e84ca_65b7,Maritime,Agoè-Nyivé,Agoè-Nyivé 2,Légbassito,POINT (1.1601855872293731 6.263273951552574),AVINATO-AHOUNKPOE
_mview_route_ralentisseurs.fid-7b1c8a4a_1943c5e84ca_65b8,Maritime,Agoè-Nyivé,Agoè-Nyivé 2,Légbassito,POINT (1.16117339981007 6.262063168647291),AVINATO-AHOUNKPOE
_mview_route_ralentisseurs.fid-7b1c8a4a_1943c5e84ca_65b9,Maritime,Agoè-Nyivé,Agoè-Nyivé 2,Légbassito,POINT (1.161475543110348 6.261667893327165),AVINATO-AHOUNKPOE
_mview_route_ralentisseurs.fid-7b1c8a4a_1943c5e84ca_65ba,Maritime,Agoè-Nyivé,Agoè-Nyivé 2,Légbassito,POINT (1.1499414880543548 6.266833271428951),LEGBASSITO
_mview_route_ralentisseurs.fid-7b1c8a4a_1943c5e84ca_65bb,Maritime,Agoè-Nyivé,Agoè-Nyivé 2,Légbassito,POINT (1.1712508296253281 6.266700758614638),AHONKPOIN LEGBASSITO 
_mview_route_ralentisseurs.fid-7b1c8a4a_1943c5e84ca_65bc,Maritime,Agoè-Nyivé,Agoè-Nyivé 1,Agoè-Nyivé,POINT (1.1984375342940572 6.217827212477588),CARREFOUR RELAIS DE RÉSERVE-PHARMACIE SHALOM
_mview_route_ralentisseurs.fid-7b1c8a4a_1943c5e84ca_65bd,Maritime,Agoè-Nyivé,Agoè-Nyivé 1,Agoè-Nyivé,POINT (1.1988069708887266 6.217797101691992),CARREFOUR RELAIS DE RÉSERVE-PHARMACIE SHALOM
_mview_route_ralentisseurs.fid-7b1c8a4a_1943c5e84ca_65be,Maritime,Agoè-Nyivé,Agoè-Nyivé 1,Agoè-Nyivé,POINT (1.1991281994674665 6.217775890642853),CARREFOUR RELAIS DE RÉSERVE-PHARMACIE SHALOM
_mview_route_ralentisseurs.fid-7b1c8a4a_1943c5e84ca_65bf,Maritime,Agoè-Nyivé,Agoè-Nyivé 1,Agoè-Nyivé,POINT (1.2001488022253124 6.217712987676866),CARREFOUR RELAIS DE RÉSERVE-PHARMACIE SHALOM
_mview_route_ralentisseurs.fid-7b1c8a4a_1943c5e84ca_65c0,Maritime,Agoè-Nyivé,Agoè-Nyivé 1,Agoè-Nyivé,POINT (1.200713391550466 6.217682290047776),CARREFOUR RELAIS DE RÉSERVE-PHARMACIE SHALOM
_mview_route_ralentisseurs.fid-7b1c8a4a_1943c5e84ca_65c1,Maritime,Agoè-Nyivé,Agoè-Nyivé 1,Agoè-Nyivé,POINT (1.199605594296175 6.217723931386545),CACAVELI 
_mview_route_ralentisseurs.fid-7b1c8a4a_1943c5e84ca_65c2,Maritime,Agoè-Nyivé,Agoè-Nyivé 1,Agoè-Nyivé,POINT (1.208145956579665 6.247183313221676),AGOE ZOGO
_mview_route_ralentisseurs.fid-7b1c8a4a_1943c5e84ca_65c3,Maritime,Zio,Zio 1,Davié,POINT (1.2082302032526981 6.400191382123295),
_mview_route_ralentisseurs.fid-7b1c8a4a_1943c5e84ca_65c4,Savanes,Tône,Tône 1,Dapaong,POINT (0.1916612673798298 10.810692595065046),
_mview_route_ralentisseurs.fid-7b1c8a4a_1943c5e84ca_65c5,Savanes,Oti,Oti 2,Nagbéni,POINT (0.4752320056305944 10.572714141596116),
_mview_route_ralentisseurs.fid-7b1c8a4a_1943c5e84ca_65c6,Savanes,Tandjoaré,Tandjoaré 2,Nano,POINT (0.1120140207332778 10.702421862114099),
_mview_route_ralentisseurs.fid-7b1c8a4a_1943c5e84ca_65c7,Maritime,Zio,Zio 1,Davié,POINT (1.2076454182401184 6.372605151336896),
_mview_route_ralentisseurs.fid-7b1c8a4a_1943c5e84ca_65c8,Maritime,Zio,Zio 1,Davié,POINT (1.2075765981179412 6.372789627245568),
_mview_route_ralentisseurs.fid-7b1c8a4a_1943c5e84ca_65c9,Maritime,Zio,Zio 1,Djagblé,POINT (1.2812129164605157 6.263581465766486),
_mview_route_ralentisseurs.fid-7b1c8a4a_1943c5e84ca_65ca,Maritime,Zio,Zio 1,Davié,POINT (1.2092369103594982 6.372496399613596),
_mview_route_ralentisseurs.fid-7b1c8a4a_1943c5e84ca_65cb,Maritime,Zio,Zio 1,Tsévié,POINT (1.2156813344887247 6.419815147282161),
_mview_route_ralentisseurs.fid-7b1c8a4a_1943c5e84ca_65cc,Maritime,Zio,Zio 1,Tsévié,POINT (1.2225981866089632 6.433932365425875),
_mview_route_ralentisseurs.fid-7b1c8a4a_1943c5e84ca_65cd,Maritime,Zio,Zio 1,Davié,POINT (1.2069516326989553 6.382346041796599),
_mview_route_ralentisseurs.fid-7b1c8a4a_1943c5e84ca_65ce,Maritime,Zio,Zio 1,Davié,POINT (1.2079935913504671 6.37931138779654),
_mview_route_ralentisseurs.fid-7b1c8a4a_1943c5e84ca_65cf,Maritime,Zio,Zio 1,Davié,POINT (1.2080500981758833 6.379069234920199),
_mview_route_ralentisseurs.fid-7b1c8a4a_1943c5e84ca_65d0,Maritime,Zio,Zio 1,Davié,POINT (1.208459453741417 6.377677064924021),
_mview_route_ralentisseurs.fid-7b1c8a4a_1943c5e84ca_65d1,Maritime,Zio,Zio 1,Davié,POINT (1.2092822851587803 6.374894752792846),
_mview_route_ralentisseurs.fid-7b1c8a4a_1943c5e84ca_65d2,Maritime,Zio,Zio 1,Davié,POINT (1.207588614347151 6.375940778954989),
_mview_route_ralentisseurs.fid-7b1c8a4a_1943c5e84ca_65d3,Maritime,Zio,Zio 1,Davié,POINT (1.2075496927057177 6.376129281188985),
_mview_route_ralentisseurs.fid-7b1c8a4a_1943c5e84ca_65d4,Maritime,Zio,Zio 1,Davié,POINT (1.2078641879164507 6.37623178495032),
_mview_route_ralentisseurs.fid-7b1c8a4a_1943c5e84ca_65d5,Maritime,Zio,Zio 1,Tsévié,POINT (1.2152934520305807 6.4175619872472645),
_mview_route_ralentisseurs.fid-7b1c8a4a_1943c5e84ca_65d6,Maritime,Zio,Zio 1,Tsévié,POINT (1.217881047305761 6.41151408071515),
_mview_route_ralentisseurs.fid-7b1c8a4a_1943c5e84ca_65d7,Maritime,Zio,Zio 1,Tsévié,POINT (1.2120673003157099 6.417104447411173),
_mview_route_ralentisseurs.fid-7b1c8a4a_1943c5e84ca_65d8,Maritime,Zio,Zio 1,Tsévié,POINT (1.2130303170811432 6.410100308376726),
_mview_route_ralentisseurs.fid-7b1c8a4a_1943c5e84ca_65d9,Maritime,Zio,Zio 1,Tsévié,POINT (1.202329770203441 6.408304828291786),
_mview_route_ralentisseurs.fid-7b1c8a4a_1943c5e84ca_65da,Maritime,Zio,Zio 1,Tsévié,POINT (1.2039860178900539 6.419165344300692),
_mview_route_ralentisseurs.fid-7b1c8a4a_1943c5e84ca_65db,Maritime,Zio,Zio 1,Tsévié,POINT (1.2042202606916956 6.419068550926226),
_mview_route_ralentisseurs.fid-7b1c8a4a_1943c5e84ca_65dc,Maritime,Zio,Zio 1,Tsévié,POINT (1.2083127925663626 6.41571464255256),
_mview_route_ralentisseurs.fid-7b1c8a4a_1943c5e84ca_65dd,Kara,Assoli,Assoli 1,Bafilo,POINT (1.245595000000103 9.371007575758185),
_mview_route_ralentisseurs.fid-7b1c8a4a_1943c5e84ca_65de,Maritime,Agoè-Nyivé,Agoè-Nyivé 2,Légbassito,POINT (1.169714090305121 6.275848176180627),BELGIQUE 2 
_mview_route_ralentisseurs.fid-7b1c8a4a_1943c5e84ca_65df,Maritime,Agoè-Nyivé,Agoè-Nyivé 2,Légbassito,POINT (1.1697057060531102 6.276029268591391),BELGIQUE 2 
_mview_route_ralentisseurs.fid-7b1c8a4a_1943c5e84ca_65e0,Maritime,Agoè-Nyivé,Agoè-Nyivé 2,Légbassito,POINT (1.1649773952515587 6.278123177719832),BELGIQUE 2 
_mview_route_ralentisseurs.fid-7b1c8a4a_1943c5e84ca_65e1,Maritime,Agoè-Nyivé,Agoè-Nyivé 2,Légbassito,POINT (1.1388826010300621 6.264984228477309),MARCHÉ DE LÉGBASSITO-QUARTIER AVINATO
_mview_route_ralentisseurs.fid-7b1c8a4a_1943c5e84ca_65e2,Maritime,Agoè-Nyivé,Agoè-Nyivé 2,Légbassito,POINT (1.1387760741697266 6.26497328400962),MARCHÉ DE LÉGBASSITO-QUARTIER AVINATO
_mview_route_ralentisseurs.fid-7b1c8a4a_1943c5e84ca_65e3,Maritime,Agoè-Nyivé,Agoè-Nyivé 2,Légbassito,POINT (1.1354420373880927 6.264476635456994),MARCHÉ DE LÉGBASSITO-QUARTIER AVINATO
_mview_route_ralentisseurs.fid-7b1c8a4a_1943c5e84ca_65e4,Maritime,Agoè-Nyivé,Agoè-Nyivé 2,Légbassito,POINT (1.1353239848589523 6.264454567140269),MARCHÉ DE LÉGBASSITO-QUARTIER AVINATO
_mview_route_ralentisseurs.fid-7b1c8a4a_1943c5e84ca_65e5,Maritime,Agoè-Nyivé,Agoè-Nyivé 2,Légbassito,POINT (1.133550376988151 6.2640283774168735),MARCHÉ DE LÉGBASSITO-QUARTIER AVINATO
_mview_route_ralentisseurs.fid-7b1c8a4a_1943c5e84ca_65e6,Maritime,Agoè-Nyivé,Agoè-Nyivé 2,Légbassito,POINT (1.133484606909062 6.264010596525946),MARCHÉ DE LÉGBASSITO-QUARTIER AVINATO
_mview_route_ralentisseurs.fid-7b1c8a4a_1943c5e84ca_65e7,Maritime,Agoè-Nyivé,Agoè-Nyivé 2,Légbassito,POINT (1.133379754941346 6.2639822498580005),MARCHÉ DE LÉGBASSITO-QUARTIER AVINATO
_mview_route_ralentisseurs.fid-7b1c8a4a_1943c5e84ca_65e8,Maritime,Agoè-Nyivé,Agoè-Nyivé 2,Légbassito,POINT (1.1330866136879467 6.263899713283931),MARCHÉ DE LÉGBASSITO-QUARTIER AVINATO
_mview_route_ralentisseurs.fid-7b1c8a4a_1943c5e84ca_65e9,Maritime,Agoè-Nyivé,Agoè-Nyivé 2,Légbassito,POINT (1.1325989243855632 6.2637396132908005),MARCHÉ DE LÉGBASSITO-QUARTIER AVINATO
_mview_route_ralentisseurs.fid-7b1c8a4a_1943c5e84ca_65ea,Maritime,Agoè-Nyivé,Agoè-Nyivé 2,Légbassito,POINT (1.1327361107956497 6.263784649275841),MARCHÉ DE LÉGBASSITO-QUARTIER AVINATO
_mview_route_ralentisseurs.fid-7b1c8a4a_1943c5e84ca_65eb,Maritime,Agoè-Nyivé,Agoè-Nyivé 3,Vakpossito,POINT (1.1561694886108806 6.21963304919071),VAKPOSSITO
_mview_route_ralentisseurs.fid-7b1c8a4a_1943c5e84ca_65ec,Maritime,Agoè-Nyivé,Agoè-Nyivé 3,Vakpossito,POINT (1.1587397730803985 6.229119671937606),AGOE DAMELI
_mview_route_ralentisseurs.fid-7b1c8a4a_1943c5e84ca_65ed,Maritime,Agoè-Nyivé,Agoè-Nyivé 3,Vakpossito,POINT (1.1614775793233088 6.228925794902218),ASSIGOME-CAMP GP TROKPOSSIME
_mview_route_ralentisseurs.fid-7b1c8a4a_1943c5e84ca_65ee,Maritime,Agoè-Nyivé,Agoè-Nyivé 3,Vakpossito,POINT (1.1630972123404368 6.2300258419765475),AGOE DALIME
_mview_route_ralentisseurs.fid-7b1c8a4a_1943c5e84ca_65ef,Maritime,Agoè-Nyivé,Agoè-Nyivé 4,Togblekope,POINT (1.2200060964608854 6.262956017350806),TOGBELE 
_mview_route_ralentisseurs.fid-7b1c8a4a_1943c5e84ca_65f0,Maritime,Agoè-Nyivé,Agoè-Nyivé 4,Togblekope,POINT (1.2174641537077215 6.270033838028222),TOGBLE-TOGBLE
_mview_route_ralentisseurs.fid-7b1c8a4a_1943c5e84ca_65f1,Maritime,Agoè-Nyivé,Agoè-Nyivé 4,Togblekope,POINT (1.2175956152875158 6.269993739630379),TOGBLE-TOGBLE
_mview_route_ralentisseurs.fid-7b1c8a4a_1943c5e84ca_65f2,Maritime,Agoè-Nyivé,Agoè-Nyivé 4,Togblekope,POINT (1.2126201638536234 6.272538012633657),TOGBLE
_mview_route_ralentisseurs.fid-7b1c8a4a_1943c5e84ca_65f3,Maritime,Agoè-Nyivé,Agoè-Nyivé 4,Togblekope,POINT (1.2126785475925534 6.272644057484854),TOGBLE
_mview_route_ralentisseurs.fid-7b1c8a4a_1943c5e84ca_65f4,Maritime,Agoè-Nyivé,Agoè-Nyivé 4,Togblekope,POINT (1.185453405773746 6.285402527609879),ALINKA 
_mview_route_ralentisseurs.fid-7b1c8a4a_1943c5e84ca_65f5,Maritime,Agoè-Nyivé,Agoè-Nyivé 4,Togblekope,POINT (1.1836546285381382 6.285544958113974),ALINKA 
_mview_route_ralentisseurs.fid-7b1c8a4a_1943c5e84ca_65f6,Maritime,Agoè-Nyivé,Agoè-Nyivé 4,Togblekope,POINT (1.1832088438507635 6.2855910149702),ALINKA 
_mview_route_ralentisseurs.fid-7b1c8a4a_1943c5e84ca_65f7,Maritime,Agoè-Nyivé,Agoè-Nyivé 4,Togblekope,POINT (1.1828150629604364 6.285631582335405),ALINKA 
_mview_route_ralentisseurs.fid-7b1c8a4a_1943c5e84ca_65f8,Maritime,Agoè-Nyivé,Agoè-Nyivé 4,Togblekope,POINT (1.1849358512027615 6.2834694414209755),ALINKA 
_mview_route_ralentisseurs.fid-7b1c8a4a_1943c5e84ca_65f9,Maritime,Agoè-Nyivé,Agoè-Nyivé 4,Togblekope,POINT (1.1840089799106341 6.284035510044977),ALINKA 
_mview_route_ralentisseurs.fid-7b1c8a4a_1943c5e84ca_65fa,Maritime,Agoè-Nyivé,Agoè-Nyivé 4,Togblekope,POINT (1.1949265564748346 6.27955729651626),HOPITAL TOGBLE-ALINKA
_mview_route_ralentisseurs.fid-7b1c8a4a_1943c5e84ca_65fb,Maritime,Agoè-Nyivé,Agoè-Nyivé 4,Togblekope,POINT (1.197379447227058 6.279155036597279),HOPITAL TOGBLE-ALINKA
_mview_route_ralentisseurs.fid-7b1c8a4a_1943c5e84ca_65fc,Maritime,Agoè-Nyivé,Agoè-Nyivé 4,Togblekope,POINT (1.199048925516874 6.2814887186257335),ALINKA 
_mview_route_ralentisseurs.fid-7b1c8a4a_1943c5e84ca_65fd,Maritime,Agoè-Nyivé,Agoè-Nyivé 4,Togblekope,POINT (1.1991051239431245 6.2817605907186564),ALINKA 
_mview_route_ralentisseurs.fid-7b1c8a4a_1943c5e84ca_65fe,Maritime,Agoè-Nyivé,Agoè-Nyivé 4,Togblekope,POINT (1.2000587195286447 6.2871361708545255),ALINKA 
_mview_route_ralentisseurs.fid-7b1c8a4a_1943c5e84ca_65ff,Maritime,Agoè-Nyivé,Agoè-Nyivé 4,Togblekope,POINT (1.1978958223666814 6.273490947759382),ALINKA 
_mview_route_ralentisseurs.fid-7b1c8a4a_1943c5e84ca_6600,Maritime,Agoè-Nyivé,Agoè-Nyivé 4,Togblekope,POINT (1.1917268684619617 6.2782484361522),ALINKA 
_mview_route_ralentisseurs.fid-7b1c8a4a_1943c5e84ca_6601,Maritime,Agoè-Nyivé,Agoè-Nyivé 4,Togblekope,POINT (1.1916326697642228 6.2855165195924325),ALINKA 
_mview_route_ralentisseurs.fid-7b1c8a4a_1943c5e84ca_6602,Maritime,Agoè-Nyivé,Agoè-Nyivé 4,Togblekope,POINT (1.1916291454860763 6.285250253302505),ALINKA 
_mview_route_ralentisseurs.fid-7b1c8a4a_1943c5e84ca_6603,Maritime,Agoè-Nyivé,Agoè-Nyivé 4,Togblekope,POINT (1.1916009865931039 6.282418180232949),ALINKA 
_mview_route_ralentisseurs.fid-7b1c8a4a_1943c5e84ca_6604,Maritime,Agoè-Nyivé,Agoè-Nyivé 4,Togblekope,POINT (1.1915886152810078 6.2820316868048165),ALINKA 
_mview_route_ralentisseurs.fid-7b1c8a4a_1943c5e84ca_6605,Maritime,Agoè-Nyivé,Agoè-Nyivé 4,Togblekope,POINT (1.1929138381931295 6.280391964504532),ALINKA 
_mview_route_ralentisseurs.fid-7b1c8a4a_1943c5e84ca_6606,Maritime,Agoè-Nyivé,Agoè-Nyivé 4,Togblekope,POINT (1.1929083865849943 6.28072088926746),ALINKA 
_mview_route_ralentisseurs.fid-7b1c8a4a_1943c5e84ca_6607,Savanes,Cinkassé,Cinkassé 2,Timbou,POINT (0.134776959115072 11.026230678909558),
_mview_route_ralentisseurs.fid-7b1c8a4a_1943c5e84ca_6608,Maritime,Agoè-Nyivé,Agoè-Nyivé 4,Togblekope,POINT (1.1930051840208802 6.285069970890993),ALINKA 
_mview_route_ralentisseurs.fid-7b1c8a4a_1943c5e84ca_6609,Maritime,Agoè-Nyivé,Agoè-Nyivé 4,Togblekope,POINT (1.1929901781240897 6.285338263248291),ALINKA 
_mview_route_ralentisseurs.fid-7b1c8a4a_1943c5e84ca_660a,Maritime,Agoè-Nyivé,Agoè-Nyivé 4,Togblekope,POINT (1.1930077161939405 6.286577393740931),ALINKA 
_mview_route_ralentisseurs.fid-7b1c8a4a_1943c5e84ca_660b,Maritime,Agoè-Nyivé,Agoè-Nyivé 4,Togblekope,POINT (1.1930209439523907 6.287116412177296),ALINKA 
_mview_route_ralentisseurs.fid-7b1c8a4a_1943c5e84ca_660c,Maritime,Agoè-Nyivé,Agoè-Nyivé 4,Togblekope,POINT (1.186838363094277 6.2918684539908245),ALINKA 
_mview_route_ralentisseurs.fid-7b1c8a4a_1943c5e84ca_660d,Maritime,Agoè-Nyivé,Agoè-Nyivé 4,Togblekope,POINT (1.187313237793458 6.292001284532965),ALINKA 
_mview_route_ralentisseurs.fid-7b1c8a4a_1943c5e84ca_660e,Maritime,Agoè-Nyivé,Agoè-Nyivé 4,Togblekope,POINT (1.1992645869487457 6.284691871838183),ALINKA 
_mview_route_ralentisseurs.fid-7b1c8a4a_1943c5e84ca_660f,Maritime,Agoè-Nyivé,Agoè-Nyivé 4,Togblekope,POINT (1.1963244436599874 6.280886319640191),ALINKA 
_mview_route_ralentisseurs.fid-7b1c8a4a_1943c5e84ca_6610,Maritime,Agoè-Nyivé,Agoè-Nyivé 4,Togblekope,POINT (1.1963306097279898 6.281357561898194),ALINKA 
_mview_route_ralentisseurs.fid-7b1c8a4a_1943c5e84ca_6611,Maritime,Agoè-Nyivé,Agoè-Nyivé 4,Togblekope,POINT (1.1963388118958806 6.2815721401734095),ALINKA 
_mview_route_ralentisseurs.fid-7b1c8a4a_1943c5e84ca_6612,Maritime,Agoè-Nyivé,Agoè-Nyivé 4,Togblekope,POINT (1.1963487978696148 6.281821248738279),ALINKA 
_mview_route_ralentisseurs.fid-7b1c8a4a_1943c5e84ca_6613,Maritime,Agoè-Nyivé,Agoè-Nyivé 4,Togblekope,POINT (1.1956802839515277 6.282205852012511),ALINKA 
_mview_route_ralentisseurs.fid-7b1c8a4a_1943c5e84ca_6614,Maritime,Agoè-Nyivé,Agoè-Nyivé 4,Togblekope,POINT (1.1956754262351263 6.282031083593872),ALINKA 
_mview_route_ralentisseurs.fid-7b1c8a4a_1943c5e84ca_6615,Maritime,Agoè-Nyivé,Agoè-Nyivé 4,Togblekope,POINT (1.1956602618921666 6.281549463721068),ALINKA 
_mview_route_ralentisseurs.fid-7b1c8a4a_1943c5e84ca_6616,Maritime,Agoè-Nyivé,Agoè-Nyivé 4,Togblekope,POINT (1.195303143136984 6.281270033924096),ALINKA 
_mview_route_ralentisseurs.fid-7b1c8a4a_1943c5e84ca_6617,Maritime,Agoè-Nyivé,Agoè-Nyivé 4,Togblekope,POINT (1.1954942798398036 6.281264256911494),ALINKA 
_mview_route_ralentisseurs.fid-7b1c8a4a_1943c5e84ca_6618,Maritime,Agoè-Nyivé,Agoè-Nyivé 4,Togblekope,POINT (1.1984393194180027 6.283303977028473),ALINKA 
_mview_route_ralentisseurs.fid-7b1c8a4a_1943c5e84ca_6619,Maritime,Agoè-Nyivé,Agoè-Nyivé 4,Togblekope,POINT (1.1986416184964461 6.283262629370475),ALINKA 
_mview_route_ralentisseurs.fid-7b1c8a4a_1943c5e84ca_661a,Maritime,Agoè-Nyivé,Agoè-Nyivé 4,Togblekope,POINT (1.19304276525622 6.277530426140076),ALINKA
_mview_route_ralentisseurs.fid-7b1c8a4a_1943c5e84ca_661b,Maritime,Agoè-Nyivé,Agoè-Nyivé 4,Togblekope,POINT (1.1932924549414883 6.2773537994811734),ALINKA
_mview_route_ralentisseurs.fid-7b1c8a4a_1943c5e84ca_661c,Maritime,Agoè-Nyivé,Agoè-Nyivé 4,Togblekope,POINT (1.1970696741295217 6.274874904413402),ALINKA
_mview_route_ralentisseurs.fid-7b1c8a4a_1943c5e84ca_661d,Maritime,Agoè-Nyivé,Agoè-Nyivé 4,Togblekope,POINT (1.2012996746705056 6.284139593628523),ALINKA 
_mview_route_ralentisseurs.fid-7b1c8a4a_1943c5e84ca_661e,Maritime,Agoè-Nyivé,Agoè-Nyivé 4,Togblekope,POINT (1.2010828961234095 6.284316819727122),ALINKA 
_mview_route_ralentisseurs.fid-7b1c8a4a_1943c5e84ca_661f,Maritime,Agoè-Nyivé,Agoè-Nyivé 4,Togblekope,POINT (1.2108706314559663 6.281545819773116),TOGBELE 
_mview_route_ralentisseurs.fid-7b1c8a4a_1943c5e84ca_6620,Maritime,Agoè-Nyivé,Agoè-Nyivé 4,Togblekope,POINT (1.1983835964041838 6.27833370781733),ALINKA
_mview_route_ralentisseurs.fid-7b1c8a4a_1943c5e84ca_6621,Maritime,Agoè-Nyivé,Agoè-Nyivé 4,Togblekope,POINT (1.198420062083685 6.2784445974857075),ALINKA
_mview_route_ralentisseurs.fid-7b1c8a4a_1943c5e84ca_6622,Maritime,Agoè-Nyivé,Agoè-Nyivé 4,Togblekope,POINT (1.1970432353006906 6.27853633483432),ALINKA
_mview_route_ralentisseurs.fid-7b1c8a4a_1943c5e84ca_6623,Maritime,Agoè-Nyivé,Agoè-Nyivé 4,Togblekope,POINT (1.196998850848836 6.278355748789947),ALINKA
_mview_route_ralentisseurs.fid-7b1c8a4a_1943c5e84ca_6624,Maritime,Agoè-Nyivé,Agoè-Nyivé 4,Togblekope,POINT (1.207058090192105 6.253964304477587),ZONGO
_mview_route_ralentisseurs.fid-7b1c8a4a_1943c5e84ca_6625,Maritime,Agoè-Nyivé,Agoè-Nyivé 5,Sanguera,POINT (1.1221970720691208 6.246624299962705),DANGBESSITO 
_mview_route_ralentisseurs.fid-7b1c8a4a_1943c5e84ca_6626,Maritime,Agoè-Nyivé,Agoè-Nyivé 5,Sanguera,POINT (1.1200135282381982 6.25132315326894),DANGBESSITO 
_mview_route_ralentisseurs.fid-7b1c8a4a_1943c5e84ca_6627,Maritime,Agoè-Nyivé,Agoè-Nyivé 5,Sanguera,POINT (1.116206544504185 6.24624543261181),SANGUERA KLIKAME
_mview_route_ralentisseurs.fid-7b1c8a4a_1943c5e84ca_6628,Maritime,Agoè-Nyivé,Agoè-Nyivé 5,Sanguera,POINT (1.115712855861752 6.239856375890504),SANGUERA KLIKAME-SANGUERA YESUS
_mview_route_ralentisseurs.fid-7b1c8a4a_1943c5e84ca_6629,Maritime,Agoè-Nyivé,Agoè-Nyivé 5,Sanguera,POINT (1.1156990949438388 6.239766214845983),SANGUERA KLIKAME-SANGUERA YESUS
_mview_route_ralentisseurs.fid-7b1c8a4a_1943c5e84ca_662a,Maritime,Agoè-Nyivé,Agoè-Nyivé 5,Sanguera,POINT (1.1250801865743634 6.231395090419429),SANGUERA 
_mview_route_ralentisseurs.fid-7b1c8a4a_1943c5e84ca_662b,Maritime,Agoè-Nyivé,Agoè-Nyivé 5,Sanguera,POINT (1.1250509832585605 6.231232451623117),SANGUERA 
_mview_route_ralentisseurs.fid-7b1c8a4a_1943c5e84ca_662c,Maritime,Agoè-Nyivé,Agoè-Nyivé 6,Adétikopé,POINT (1.2265399222391697 6.295535170220974),TSIKPLONOU KONDJI
_mview_route_ralentisseurs.fid-7b1c8a4a_1943c5e84ca_662d,Maritime,Agoè-Nyivé,Agoè-Nyivé 6,Adétikopé,POINT (1.2272933026301736 6.28851504012134),TSIKPLONOU KONDJI
_mview_route_ralentisseurs.fid-7b1c8a4a_1943c5e84ca_662e,Maritime,Agoè-Nyivé,Agoè-Nyivé 6,Adétikopé,POINT (1.2172424969359412 6.309475619519732),TSIKPLONOU KONDJI
_mview_route_ralentisseurs.fid-7b1c8a4a_1943c5e84ca_662f,Maritime,Agoè-Nyivé,Agoè-Nyivé 6,Adétikopé,POINT (1.2175019514809275 6.309265764402435),TSIKPLONOU KONDJI
_mview_route_ralentisseurs.fid-7b1c8a4a_1943c5e84ca_6630,Maritime,Agoè-Nyivé,Agoè-Nyivé 6,Adétikopé,POINT (1.2170078114873955 6.309674469940529),TSIKPLONOU KONDJI
_mview_route_ralentisseurs.fid-7b1c8a4a_1943c5e84ca_6631,Maritime,Agoè-Nyivé,Agoè-Nyivé 6,Adétikopé,POINT (1.232198918180801 6.308988745978413),KPOTAVE
_mview_route_ralentisseurs.fid-7b1c8a4a_1943c5e84ca_6632,Maritime,Agoè-Nyivé,Agoè-Nyivé 6,Adétikopé,POINT (1.2310724668918023 6.304539240535467),KPOTAVE-KPOTAVE
_mview_route_ralentisseurs.fid-7b1c8a4a_1943c5e84ca_6633,Maritime,Agoè-Nyivé,Agoè-Nyivé 6,Adétikopé,POINT (1.230960934063148 6.304429004603647),KPOTAVE-KPOTAVE
_mview_route_ralentisseurs.fid-7b1c8a4a_1943c5e84ca_6634,Maritime,Agoè-Nyivé,Agoè-Nyivé 6,Adétikopé,POINT (1.2308591108260896 6.304342214474864),KPOTAVE-KPOTAVE
_mview_route_ralentisseurs.fid-7b1c8a4a_1943c5e84ca_6635,Maritime,Agoè-Nyivé,Agoè-Nyivé 6,Adétikopé,POINT (1.2315970478492426 6.305091128755506),KPOTAVE-KPOTAVE
_mview_route_ralentisseurs.fid-7b1c8a4a_1943c5e84ca_6636,Maritime,Agoè-Nyivé,Agoè-Nyivé 6,Adétikopé,POINT (1.2432280878659772 6.341982487422191),LOGOE
_mview_route_ralentisseurs.fid-7b1c8a4a_1943c5e84ca_6637,Maritime,Agoè-Nyivé,Agoè-Nyivé 6,Adétikopé,POINT (1.2052820865147689 6.319891513193394),ADETIKOPÉ
_mview_route_ralentisseurs.fid-7b1c8a4a_1943c5e84ca_6638,Plateaux,Agou,Agou 2,Agotimé-Sud (Adzakpa),POINT (0.7159846920222829 6.528554462809854),
_mview_route_ralentisseurs.fid-7b1c8a4a_1943c5e84ca_6639,Plateaux,Agou,Agou 2,Agotimé-Sud (Adzakpa),POINT (0.8155856362219732 6.6410971480834995),
_mview_route_ralentisseurs.fid-7b1c8a4a_1943c5e84ca_663a,Plateaux,Agou,Agou 2,Agotimé-Sud (Adzakpa),POINT (0.8152698743340271 6.640886657683483),
_mview_route_ralentisseurs.fid-7b1c8a4a_1943c5e84ca_663b,Plateaux,Agou,Agou 2,Agotimé-Sud (Adzakpa),POINT (0.8148613280918849 6.640617715953422),
_mview_route_ralentisseurs.fid-7b1c8a4a_1943c5e84ca_663c,Plateaux,Agou,Agou 2,Agotimé-Sud (Adzakpa),POINT (0.8146318773361167 6.640479650026831),
_mview_route_ralentisseurs.fid-7b1c8a4a_1943c5e84ca_663d,Plateaux,Agou,Agou 2,Agotimé-Sud (Adzakpa),POINT (0.8141824697884781 6.640188503384431),
_mview_route_ralentisseurs.fid-7b1c8a4a_1943c5e84ca_663e,Plateaux,Agou,Agou 2,Agotimé-Sud (Adzakpa),POINT (0.7689655051239423 6.562290453179885),
_mview_route_ralentisseurs.fid-7b1c8a4a_1943c5e84ca_663f,Plateaux,Agou,Agou 2,Agotimé-Sud (Adzakpa),POINT (0.7687617579253108 6.56217901594643),
_mview_route_ralentisseurs.fid-7b1c8a4a_1943c5e84ca_6640,Plateaux,Agou,Agou 2,Agotimé-Sud (Adzakpa),POINT (0.7955772401552933 6.636636604248093),
_mview_route_ralentisseurs.fid-7b1c8a4a_1943c5e84ca_6641,Plateaux,Agou,Agou 2,Agotimé-Sud (Adzakpa),POINT (0.7948577429748341 6.636374666935281),
_mview_route_ralentisseurs.fid-7b1c8a4a_1943c5e84ca_6642,Plateaux,Agou,Agou 2,Agotimé-Sud (Adzakpa),POINT (0.7941921444382637 6.636054543548396),
_mview_route_ralentisseurs.fid-7b1c8a4a_1943c5e84ca_6643,Plateaux,Agou,Agou 2,Agotimé-Sud (Adzakpa),POINT (0.793730198958857 6.635851048810579),
_mview_route_ralentisseurs.fid-7b1c8a4a_1943c5e84ca_6644,Plateaux,Agou,Agou 2,Agotimé-Sud (Adzakpa),POINT (0.7804639211166567 6.6268389651621975),
_mview_route_ralentisseurs.fid-7b1c8a4a_1943c5e84ca_6645,Plateaux,Agou,Agou 2,Agotimé-Sud (Adzakpa),POINT (0.7801524567095536 6.626184849156388),
_mview_route_ralentisseurs.fid-7b1c8a4a_1943c5e84ca_6646,Plateaux,Agou,Agou 2,Agotimé-Sud (Adzakpa),POINT (0.780010527828086 6.625592909290903),
_mview_route_ralentisseurs.fid-7b1c8a4a_1943c5e84ca_6647,Plateaux,Agou,Agou 2,Agotimé-Sud (Adzakpa),POINT (0.7641280196581032 6.622251329194035),
_mview_route_ralentisseurs.fid-7b1c8a4a_1943c5e84ca_6648,Plateaux,Agou,Agou 2,Agotimé-Sud (Adzakpa),POINT (0.7637211713578441 6.622291321439343),
_mview_route_ralentisseurs.fid-7b1c8a4a_1943c5e84ca_6649,Plateaux,Agou,Agou 2,Agotimé-Sud (Adzakpa),POINT (0.7573140777189864 6.622521670791261),
_mview_route_ralentisseurs.fid-7b1c8a4a_1943c5e84ca_664a,Plateaux,Agou,Agou 2,Agotimé-Sud (Adzakpa),POINT (0.7513975758353136 6.613692613998205),
_mview_route_ralentisseurs.fid-7b1c8a4a_1943c5e84ca_664b,Plateaux,Agou,Agou 2,Agotimé-Sud (Adzakpa),POINT (0.7537530711123305 6.601020127803762),
_mview_route_ralentisseurs.fid-7b1c8a4a_1943c5e84ca_664c,Plateaux,Agou,Agou 2,Agotimé-Sud (Adzakpa),POINT (0.7654993671811156 6.615582387023334),
_mview_route_ralentisseurs.fid-7b1c8a4a_1943c5e84ca_664d,Plateaux,Agou,Agou 2,Agotimé-Sud (Adzakpa),POINT (0.765535296317791 6.614883732714417),
_mview_route_ralentisseurs.fid-7b1c8a4a_1943c5e84ca_664e,Plateaux,Agou,Agou 1,Agou-Nyogbo-Agbétiko,POINT (0.7272130820431991 6.889361784049488),TGRPRR RN5-HOPITAL AGOU NYOGBO
_mview_route_ralentisseurs.fid-7b1c8a4a_1943c5e84ca_664f,Plateaux,Akébou,Akébou 2,Sérégbénè,POINT (0.7611285442258555 7.812217161425744),
_mview_route_ralentisseurs.fid-7b1c8a4a_1943c5e84ca_6650,Plateaux,Agou,Agou 1,Agou-Nyogbo-Agbétiko,POINT (0.7270413992014954 6.890001276009228),TGRPRR RN5-HOPITAL AGOU NYOGBO
_mview_route_ralentisseurs.fid-7b1c8a4a_1943c5e84ca_6651,Plateaux,Agou,Agou 1,Agou-Nyogbo-Agbétiko,POINT (0.7273482783907776 6.890874467111516),TGRPRR RN5-HOPITAL AGOU NYOGBO
_mview_route_ralentisseurs.fid-7b1c8a4a_1943c5e84ca_6652,Plateaux,Agou,Agou 1,Agou-Nyogbo-Agbétiko,POINT (0.7277252117306526 6.89152291987538),TGRPRR RN5-HOPITAL AGOU NYOGBO
_mview_route_ralentisseurs.fid-7b1c8a4a_1943c5e84ca_6653,Plateaux,Agou,Agou 1,Agou-Nyogbo-Agbétiko,POINT (0.7280040169780684 6.891977880467838),TGRPRR RN5-HOPITAL AGOU NYOGBO
_mview_route_ralentisseurs.fid-7b1c8a4a_1943c5e84ca_6654,Plateaux,Agou,Agou 2,Agotimé-Nord,POINT (0.6733145035419827 6.776563959875777),TGRPRR RN33 AGOU GADJEPE(RN5)-AGOTIME-FRE GHANA
_mview_route_ralentisseurs.fid-7b1c8a4a_1943c5e84ca_6655,Plateaux,Agou,Agou 2,Agotimé-Nord,POINT (0.7332256936409123 6.650631562062121),
_mview_route_ralentisseurs.fid-7b1c8a4a_1943c5e84ca_6656,Plateaux,Agou,Agou 2,Agotimé-Nord,POINT (0.7749672059185422 6.6615804999416),
_mview_route_ralentisseurs.fid-7b1c8a4a_1943c5e84ca_6657,Plateaux,Agou,Agou 2,Agotimé-Nord,POINT (0.7756267775055299 6.662020341157424),
_mview_route_ralentisseurs.fid-7b1c8a4a_1943c5e84ca_6658,Maritime,Zio,Zio 3,Agbélouvé,POINT (0.9165680731048705 6.807734972174623),
_mview_route_ralentisseurs.fid-7b1c8a4a_1943c5e84ca_6659,Maritime,Zio,Zio 3,Agbélouvé,POINT (0.9165645478869682 6.807768461743544),
_mview_route_ralentisseurs.fid-7b1c8a4a_1943c5e84ca_665a,Maritime,Zio,Zio 3,Agbélouvé,POINT (0.9135654644969959 6.80830080671762),
_mview_route_ralentisseurs.fid-7b1c8a4a_1943c5e84ca_665b,Maritime,Zio,Zio 3,Agbélouvé,POINT (0.9169997310123562 6.808701960651202),
_mview_route_ralentisseurs.fid-7b1c8a4a_1943c5e84ca_665c,Plateaux,Agou,Agou 1,Gadja,POINT (0.8511376907669448 6.783111562869898),
_mview_route_ralentisseurs.fid-7b1c8a4a_1943c5e84ca_665d,Plateaux,Agou,Agou 1,Gadja,POINT (0.8517930606279552 6.782587374088663),
_mview_route_ralentisseurs.fid-7b1c8a4a_1943c5e84ca_665e,Plateaux,Agou,Agou 1,Gadja,POINT (0.78240500228472 6.77256973053684),
_mview_route_ralentisseurs.fid-7b1c8a4a_1943c5e84ca_665f,Plateaux,Agou,Agou 2,Agotimé-Nord,POINT (0.71274448382646 6.719387627015014),
_mview_route_ralentisseurs.fid-7b1c8a4a_1943c5e84ca_6660,Plateaux,Agou,Agou 1,Agou-Tavié,POINT (0.6812364979099053 6.83616941902999),AGOU TAVIÉ-AGOU KLOUNOU
_mview_route_ralentisseurs.fid-7b1c8a4a_1943c5e84ca_6661,Plateaux,Agou,Agou 1,Agou-Tavié,POINT (0.6806124093493692 6.8358288284573465),AGOU TAVIÉ-AGOU KLOUNOU
_mview_route_ralentisseurs.fid-7b1c8a4a_1943c5e84ca_6662,Plateaux,Agou,Agou 1,Agou-Tavié,POINT (0.6801788152801944 6.83546249952235),AGOU TAVIÉ-AGOU KLOUNOU
_mview_route_ralentisseurs.fid-7b1c8a4a_1943c5e84ca_6663,Plateaux,Agou,Agou 1,Agou-Tavié,POINT (0.6799386703328058 6.835241193095572),AGOU TAVIÉ-AGOU KLOUNOU
_mview_route_ralentisseurs.fid-7b1c8a4a_1943c5e84ca_6664,Plateaux,Agou,Agou 1,Agou-Tavié,POINT (0.6479050507433218 6.848400763080269),TOVE-ATCHANVE
_mview_route_ralentisseurs.fid-7b1c8a4a_1943c5e84ca_6665,Plateaux,Agou,Agou 1,Agou-Tavié,POINT (0.6480370458614081 6.84863314712569),TOVE-ATCHANVE
_mview_route_ralentisseurs.fid-7b1c8a4a_1943c5e84ca_6666,Plateaux,Agou,Agou 1,Agou-Tavié,POINT (0.6482092018619476 6.848984878521226),TOVE-ATCHANVE
_mview_route_ralentisseurs.fid-7b1c8a4a_1943c5e84ca_6667,Plateaux,Agou,Agou 1,Agou-Tavié,POINT (0.6491646908991521 6.85160718347338),TOVE-ATCHANVE
_mview_route_ralentisseurs.fid-7b1c8a4a_1943c5e84ca_6668,Plateaux,Agou,Agou 1,Agou-Tavié,POINT (0.6492462668944826 6.852567835040527),TOVE-ATCHANVE
_mview_route_ralentisseurs.fid-7b1c8a4a_1943c5e84ca_6669,Plateaux,Agou,Agou 1,Agou-Tavié,POINT (0.6525120778844109 6.857959950728533),TOVE-ATCHANVE
_mview_route_ralentisseurs.fid-7b1c8a4a_1943c5e84ca_666a,Plateaux,Agou,Agou 1,Agou-Tavié,POINT (0.6527946880467368 6.859908859086856),TOVE-ATCHANVE
_mview_route_ralentisseurs.fid-7b1c8a4a_1943c5e84ca_666b,Plateaux,Akébou,Akébou 2,Kamina-Akébou,POINT (0.977414261263461 7.969198708126498),
_mview_route_ralentisseurs.fid-7b1c8a4a_1943c5e84ca_666c,Plateaux,Akébou,Akébou 2,Kamina-Akébou,POINT (0.9817364149230291 7.966757738311512),
_mview_route_ralentisseurs.fid-7b1c8a4a_1943c5e84ca_666d,Plateaux,Akébou,Akébou 2,Kamina-Akébou,POINT (0.8743005412666467 7.847347654159399),
_mview_route_ralentisseurs.fid-7b1c8a4a_1943c5e84ca_666e,Plateaux,Akébou,Akébou 2,Kamina-Akébou,POINT (0.8738803375591058 7.847434895094057),
_mview_route_ralentisseurs.fid-7b1c8a4a_1943c5e84ca_666f,Plateaux,Akébou,Akébou 2,Kamina-Akébou,POINT (0.8725231650454383 7.847968908044033),
_mview_route_ralentisseurs.fid-7b1c8a4a_1943c5e84ca_6670,Plateaux,Akébou,Akébou 2,Kpalavé,POINT (0.7743567638665327 7.884762557919661),
_mview_route_ralentisseurs.fid-7b1c8a4a_1943c5e84ca_6671,Plateaux,Akébou,Akébou 2,Kpalavé,POINT (0.7740216890812585 7.8847688368492514),
_mview_route_ralentisseurs.fid-7b1c8a4a_1943c5e84ca_6672,Plateaux,Akébou,Akébou 1,Djon,POINT (0.8608394728024323 7.705744729348482),
_mview_route_ralentisseurs.fid-7b1c8a4a_1943c5e84ca_6673,Plateaux,Akébou,Akébou 1,Djon,POINT (0.7938113277255278 7.764799619523444),
_mview_route_ralentisseurs.fid-7b1c8a4a_1943c5e84ca_6674,Plateaux,Akébou,Akébou 2,Sérégbénè,POINT (0.7711394797199661 7.838619125924882),
_mview_route_ralentisseurs.fid-7b1c8a4a_1943c5e84ca_6675,Plateaux,Akébou,Akébou 2,Sérégbénè,POINT (0.7728014022571196 7.8092418713937715),
_mview_route_ralentisseurs.fid-7b1c8a4a_1943c5e84ca_6676,Plateaux,Akébou,Akébou 2,Sérégbénè,POINT (0.7726516493765543 7.808607218113797),
_mview_route_ralentisseurs.fid-7b1c8a4a_1943c5e84ca_6677,Plateaux,Akébou,Akébou 2,Sérégbénè,POINT (0.7726416666779169 7.808070000303165),
_mview_route_ralentisseurs.fid-7b1c8a4a_1943c5e84ca_6678,Plateaux,Akébou,Akébou 2,Sérégbénè,POINT (0.772825534391175 7.806768676644022),
_mview_route_ralentisseurs.fid-7b1c8a4a_1943c5e84ca_6679,Plateaux,Akébou,Akébou 2,Sérégbénè,POINT (0.7728501622206225 7.806363342137974),
_mview_route_ralentisseurs.fid-7b1c8a4a_1943c5e84ca_667a,Plateaux,Akébou,Akébou 2,Sérégbénè,POINT (0.772573867247638 7.805807123571363),
_mview_route_ralentisseurs.fid-7b1c8a4a_1943c5e84ca_667b,Plateaux,Akébou,Akébou 2,Sérégbénè,POINT (0.7722962633517546 7.806294874776064),
_mview_route_ralentisseurs.fid-7b1c8a4a_1943c5e84ca_667c,Plateaux,Akébou,Akébou 2,Sérégbénè,POINT (0.7653885705718425 7.811350661085167),
_mview_route_ralentisseurs.fid-7b1c8a4a_1943c5e84ca_667d,Plateaux,Akébou,Akébou 2,Sérégbénè,POINT (0.7603271334970938 7.811563771009879),
_mview_route_ralentisseurs.fid-7b1c8a4a_1943c5e84ca_667e,Plateaux,Akébou,Akébou 2,Sérégbénè,POINT (0.7503732330463398 7.787088460197601),
_mview_route_ralentisseurs.fid-7b1c8a4a_1943c5e84ca_667f,Plateaux,Akébou,Akébou 2,Sérégbénè,POINT (0.7497360164406724 7.786448963646571),
_mview_route_ralentisseurs.fid-7b1c8a4a_1943c5e84ca_6680,Plateaux,Akébou,Akébou 2,Sérégbénè,POINT (0.7492475813365267 7.78587806642218),
_mview_route_ralentisseurs.fid-7b1c8a4a_1943c5e84ca_6681,Plateaux,Akébou,Akébou 2,Sérégbénè,POINT (0.7461354088090181 7.7823778821186425),
_mview_route_ralentisseurs.fid-7b1c8a4a_1943c5e84ca_6682,Plateaux,Akébou,Akébou 1,Djon,POINT (0.7818388900452503 7.748581825369955),
_mview_route_ralentisseurs.fid-7b1c8a4a_1943c5e84ca_6683,Plateaux,Akébou,Akébou 1,Djon,POINT (0.72054528392345 7.7131369405978045),
_mview_route_ralentisseurs.fid-7b1c8a4a_1943c5e84ca_6684,Plateaux,Akébou,Akébou 1,Djon,POINT (0.7199669011959461 7.712505283927979),
_mview_route_ralentisseurs.fid-7b1c8a4a_1943c5e84ca_6685,Plateaux,Akébou,Akébou 1,Djon,POINT (0.8802159247353601 7.745643111855385),
_mview_route_ralentisseurs.fid-7b1c8a4a_1943c5e84ca_6686,Plateaux,Akébou,Akébou 1,Djon,POINT (0.8833968317144802 7.743151322741853),
_mview_route_ralentisseurs.fid-7b1c8a4a_1943c5e84ca_6687,Plateaux,Akébou,Akébou 1,Djon,POINT (0.8839401849893116 7.742422172072399),
_mview_route_ralentisseurs.fid-7b1c8a4a_1943c5e84ca_6688,Plateaux,Akébou,Akébou 1,Gbendè,POINT (0.6768431554344272 7.735726703184229),GBENDE-BROUFOU
_mview_route_ralentisseurs.fid-7b1c8a4a_1943c5e84ca_6689,Plateaux,Akébou,Akébou 1,Gbendè,POINT (0.676486516478506 7.735873136732475),GBENDE-BROUFOU
_mview_route_ralentisseurs.fid-7b1c8a4a_1943c5e84ca_668a,Plateaux,Akébou,Akébou 1,Gbendè,POINT (0.6757912926653531 7.736203682690092),
_mview_route_ralentisseurs.fid-7b1c8a4a_1943c5e84ca_668b,Plateaux,Akébou,Akébou 1,Kougnohou,POINT (0.7909776825792362 7.650217846641061),TGRPRR BRETELLE KOUGNOHOU(KOUGNOHOU-ADAPE(RN15))
_mview_route_ralentisseurs.fid-7b1c8a4a_1943c5e84ca_668c,Plateaux,Akébou,Akébou 1,Kougnohou,POINT (0.79336602055127 7.648500632352704),TGRPRR BRETELLE KOUGNOHOU(KOUGNOHOU-ADAPE(RN15))
_mview_route_ralentisseurs.fid-7b1c8a4a_1943c5e84ca_668d,Plateaux,Akébou,Akébou 1,Kougnohou,POINT (0.8471423235021979 7.687540666449694),
_mview_route_ralentisseurs.fid-7b1c8a4a_1943c5e84ca_668e,Plateaux,Amou,Amou 3,Gamé,POINT (1.0990700935558206 7.722900172432999),
_mview_route_ralentisseurs.fid-7b1c8a4a_1943c5e84ca_668f,Plateaux,Amou,Amou 3,Gamé,POINT (1.0988338741292263 7.7230217456493975),
_mview_route_ralentisseurs.fid-7b1c8a4a_1943c5e84ca_6690,Plateaux,Amou,Amou 3,Gamé,POINT (1.0947176090977109 7.72529113126306),
_mview_route_ralentisseurs.fid-7b1c8a4a_1943c5e84ca_6691,Plateaux,Amou,Amou 3,Gamé,POINT (1.0940917545631146 7.725669039203164),
_mview_route_ralentisseurs.fid-7b1c8a4a_1943c5e84ca_6692,Plateaux,Amou,Amou 3,Gamé,POINT (1.091890617350583 7.726962629598401),
_mview_route_ralentisseurs.fid-7b1c8a4a_1943c5e84ca_6693,Plateaux,Amou,Amou 3,Gamé,POINT (1.0810858276443835 7.732842048151907),
_mview_route_ralentisseurs.fid-7b1c8a4a_1943c5e84ca_6694,Plateaux,Amou,Amou 3,Gamé,POINT (1.0803831888310658 7.733163506690991),
_mview_route_ralentisseurs.fid-7b1c8a4a_1943c5e84ca_6695,Plateaux,Amou,Amou 3,Gamé,POINT (1.0797564696422732 7.733438574056835),
_mview_route_ralentisseurs.fid-7b1c8a4a_1943c5e84ca_6696,Plateaux,Amou,Amou 3,Gamé,POINT (1.0779307465034633 7.73430882166504),
_mview_route_ralentisseurs.fid-7b1c8a4a_1943c5e84ca_6697,Plateaux,Amou,Amou 3,Gamé,POINT (1.077415238533573 7.734531887907665),
_mview_route_ralentisseurs.fid-7b1c8a4a_1943c5e84ca_6698,Plateaux,Amou,Amou 3,Gamé,POINT (1.077037069061865 7.734699638581186),
_mview_route_ralentisseurs.fid-7b1c8a4a_1943c5e84ca_6699,Plateaux,Amou,Amou 3,Gamé,POINT (1.076365966334515 7.734997888170623),
_mview_route_ralentisseurs.fid-7b1c8a4a_1943c5e84ca_669a,Plateaux,Amou,Amou 3,Gamé,POINT (1.0665470631421796 7.739487469814313),
_mview_route_ralentisseurs.fid-7b1c8a4a_1943c5e84ca_669b,Plateaux,Amou,Amou 3,Gamé,POINT (1.0655042109947888 7.739976355079101),
_mview_route_ralentisseurs.fid-7b1c8a4a_1943c5e84ca_669c,Plateaux,Amou,Amou 3,Gamé,POINT (1.064754982506057 7.7403131196658155),
_mview_route_ralentisseurs.fid-7b1c8a4a_1943c5e84ca_669d,Plateaux,Amou,Amou 3,Gamé,POINT (1.0642610033260265 7.741016484202502),
_mview_route_ralentisseurs.fid-7b1c8a4a_1943c5e84ca_669e,Plateaux,Amou,Amou 3,Gamé,POINT (1.0484835779360906 7.766493364573784),
_mview_route_ralentisseurs.fid-7b1c8a4a_1943c5e84ca_669f,Plateaux,Amou,Amou 3,Gamé,POINT (1.0253844172622053 7.7896180382100395),
_mview_route_ralentisseurs.fid-7b1c8a4a_1943c5e84ca_66a0,Plateaux,Amou,Amou 3,Gamé,POINT (1.0250048044643905 7.789738538625774),
_mview_route_ralentisseurs.fid-7b1c8a4a_1943c5e84ca_66a1,Plateaux,Amou,Amou 3,Gamé,POINT (0.9841607336843402 7.801050611864998),
_mview_route_ralentisseurs.fid-7b1c8a4a_1943c5e84ca_66a2,Plateaux,Amou,Amou 3,Gamé,POINT (0.9835543442399108 7.801140832509691),
_mview_route_ralentisseurs.fid-7b1c8a4a_1943c5e84ca_66a3,Plateaux,Amou,Amou 3,Gamé,POINT (0.9830015331711848 7.801245978096759),
_mview_route_ralentisseurs.fid-7b1c8a4a_1943c5e84ca_66a4,Plateaux,Amou,Amou 3,Gamé,POINT (0.9725073251628328 7.803213907831535),
_mview_route_ralentisseurs.fid-7b1c8a4a_1943c5e84ca_66a5,Plateaux,Amou,Amou 3,Gamé,POINT (0.9722172748243902 7.803210259240939),
_mview_route_ralentisseurs.fid-7b1c8a4a_1943c5e84ca_66a6,Plateaux,Amou,Amou 3,Gamé,POINT (0.9712616996081138 7.803049437393473),
_mview_route_ralentisseurs.fid-7b1c8a4a_1943c5e84ca_66a7,Plateaux,Amou,Amou 3,Gamé,POINT (0.9458618154484387 7.81367252907611),
_mview_route_ralentisseurs.fid-7b1c8a4a_1943c5e84ca_66a8,Plateaux,Amou,Amou 3,Gamé,POINT (0.9452913639224942 7.81407052627477),
_mview_route_ralentisseurs.fid-7b1c8a4a_1943c5e84ca_66a9,Plateaux,Amou,Amou 3,Gamé,POINT (0.9446702547594698 7.814355892088379),
_mview_route_ralentisseurs.fid-7b1c8a4a_1943c5e84ca_66aa,Plateaux,Amou,Amou 3,Gamé,POINT (0.9441231794291134 7.814577694821408),
_mview_route_ralentisseurs.fid-7b1c8a4a_1943c5e84ca_66ab,Plateaux,Amou,Amou 3,Gamé,POINT (0.9434576112699842 7.814896463862008),
_mview_route_ralentisseurs.fid-7b1c8a4a_1943c5e84ca_66ac,Plateaux,Amou,Amou 2,Amou-Oblo,POINT (0.8677108289218085 7.388486839038563),TGRPRRRN5 ATAKPAME-KPALIME-AMOUSSOUKOPE
_mview_route_ralentisseurs.fid-7b1c8a4a_1943c5e84ca_66ad,Plateaux,Amou,Amou 2,Amou-Oblo,POINT (0.8663453161088742 7.385754528619412),TGRPRRRN5 ATAKPAME-KPALIME-AMOUSSOUKOPE
_mview_route_ralentisseurs.fid-7b1c8a4a_1943c5e84ca_66ae,Plateaux,Amou,Amou 2,Amou-Oblo,POINT (0.8657241697766715 7.384435102510528),TGRPRRRN5 ATAKPAME-KPALIME-AMOUSSOUKOPE
_mview_route_ralentisseurs.fid-7b1c8a4a_1943c5e84ca_66af,Plateaux,Amou,Amou 2,Amou-Oblo,POINT (0.863965363542363 7.380213695449354),TGRPRRRN5 ATAKPAME-KPALIME-AMOUSSOUKOPE
_mview_route_ralentisseurs.fid-7b1c8a4a_1943c5e84ca_66b0,Savanes,Tandjoaré,Tandjoaré 1,Boulogou,POINT (0.2966089055813067 10.62273471881385),
_mview_route_ralentisseurs.fid-7b1c8a4a_1943c5e84ca_66b1,Plateaux,Amou,Amou 2,Amou-Oblo,POINT (0.8502353970301505 7.3494395560226655),TGRPRRRN5 ATAKPAME-KPALIME-AMOUSSOUKOPE
_mview_route_ralentisseurs.fid-7b1c8a4a_1943c5e84ca_66b2,Plateaux,Amou,Amou 2,Sodo,POINT (0.84032488976686 7.331105701943907),TGRPRRRN5 ATAKPAME-KPALIME-AMOUSSOUKOPE
_mview_route_ralentisseurs.fid-7b1c8a4a_1943c5e84ca_66b3,Plateaux,Amou,Amou 2,Sodo,POINT (0.8251400453935647 7.310938610833844),TGRPRRRN5 ATAKPAME-KPALIME-AMOUSSOUKOPE
_mview_route_ralentisseurs.fid-7b1c8a4a_1943c5e84ca_66b4,Plateaux,Amou,Amou 2,Sodo,POINT (0.8202298473067676 7.310986639936031),TGRPRRRN5 ATAKPAME-KPALIME-AMOUSSOUKOPE
_mview_route_ralentisseurs.fid-7b1c8a4a_1943c5e84ca_66b5,Plateaux,Amou,Amou 2,Amou-Oblo,POINT (0.8696943042601265 7.391788890253687),TGRPRRRN5 ATAKPAME-KPALIME-AMOUSSOUKOPE
_mview_route_ralentisseurs.fid-7b1c8a4a_1943c5e84ca_66b6,Plateaux,Amou,Amou 2,Amou-Oblo,POINT (0.8928573090094537 7.376651174125903),
_mview_route_ralentisseurs.fid-7b1c8a4a_1943c5e84ca_66b7,Plateaux,Amou,Amou 2,Amou-Oblo,POINT (0.8934039943334987 7.376348242137382),
_mview_route_ralentisseurs.fid-7b1c8a4a_1943c5e84ca_66b8,Plateaux,Amou,Amou 2,Amou-Oblo,POINT (0.8938890468229693 7.37612361389067),
_mview_route_ralentisseurs.fid-7b1c8a4a_1943c5e84ca_66b9,Plateaux,Amou,Amou 2,Amou-Oblo,POINT (0.9315466088193886 7.380588854807081),ROUTE CLASSE KPATEGAN-KPALONGO
_mview_route_ralentisseurs.fid-7b1c8a4a_1943c5e84ca_66ba,Plateaux,Amou,Amou 2,Amou-Oblo,POINT (0.9376625272957161 7.381375109592813),
_mview_route_ralentisseurs.fid-7b1c8a4a_1943c5e84ca_66bb,Plateaux,Amou,Amou 2,Amou-Oblo,POINT (0.938403377838315 7.3814332611488185),
_mview_route_ralentisseurs.fid-7b1c8a4a_1943c5e84ca_66bc,Plateaux,Amou,Amou 2,Amou-Oblo,POINT (0.9391730119790896 7.381493670724287),
_mview_route_ralentisseurs.fid-7b1c8a4a_1943c5e84ca_66bd,Plateaux,Amou,Amou 2,Amou-Oblo,POINT (0.9398681809266053 7.38153117117573),
_mview_route_ralentisseurs.fid-7b1c8a4a_1943c5e84ca_66be,Plateaux,Amou,Amou 2,Ekpégnon,POINT (1.0197694009951443 7.234645980406415),
_mview_route_ralentisseurs.fid-7b1c8a4a_1943c5e84ca_66bf,Plateaux,Amou,Amou 3,Avédjè,POINT (1.0866430914242355 7.421415028302021),
_mview_route_ralentisseurs.fid-7b1c8a4a_1943c5e84ca_66c0,Plateaux,Amou,Amou 3,Avédjè,POINT (1.086641557354013 7.420865006360134),
_mview_route_ralentisseurs.fid-7b1c8a4a_1943c5e84ca_66c1,Plateaux,Amou,Amou 2,Amou-Oblo,POINT (0.8652206438089826 7.390359236191037),
_mview_route_ralentisseurs.fid-7b1c8a4a_1943c5e84ca_66c2,Plateaux,Amou,Amou 1,Amlamé (Ouma),POINT (0.8744991020395713 7.401830905732308),TGRPRRRN5 ATAKPAME-KPALIME-AMOUSSOUKOPE
_mview_route_ralentisseurs.fid-7b1c8a4a_1943c5e84ca_66c3,Plateaux,Amou,Amou 1,Amlamé (Ouma),POINT (0.8757964752047892 7.404411651512841),TGRPRRRN5 ATAKPAME-KPALIME-AMOUSSOUKOPE
_mview_route_ralentisseurs.fid-7b1c8a4a_1943c5e84ca_66c4,Plateaux,Amou,Amou 1,Amlamé (Ouma),POINT (0.8812851937647099 7.415240250793429),TGRPRRRN5 ATAKPAME-KPALIME-AMOUSSOUKOPE
_mview_route_ralentisseurs.fid-7b1c8a4a_1943c5e84ca_66c5,Plateaux,Amou,Amou 1,Amlamé (Ouma),POINT (0.8838092326293143 7.42033642531396),TGRPRRRN5 ATAKPAME-KPALIME-AMOUSSOUKOPE
_mview_route_ralentisseurs.fid-7b1c8a4a_1943c5e84ca_66c6,Plateaux,Amou,Amou 1,Amlamé (Ouma),POINT (0.8939061924051379 7.441166399624765),TGRPRRRN5 ATAKPAME-KPALIME-AMOUSSOUKOPE
_mview_route_ralentisseurs.fid-7b1c8a4a_1943c5e84ca_66c7,Plateaux,Amou,Amou 1,Amlamé (Ouma),POINT (0.8980890049755696 7.45014859038569),TGRPRRRN5 ATAKPAME-KPALIME-AMOUSSOUKOPE
_mview_route_ralentisseurs.fid-7b1c8a4a_1943c5e84ca_66c8,Plateaux,Amou,Amou 1,Amlamé (Ouma),POINT (0.8990950161243446 7.452316702151522),TGRPRRRN5 ATAKPAME-KPALIME-AMOUSSOUKOPE
_mview_route_ralentisseurs.fid-7b1c8a4a_1943c5e84ca_66c9,Plateaux,Amou,Amou 1,Amlamé (Ouma),POINT (0.900310330256051 7.454963993852859),TGRPRRRN5 ATAKPAME-KPALIME-AMOUSSOUKOPE
_mview_route_ralentisseurs.fid-7b1c8a4a_1943c5e84ca_66ca,Plateaux,Amou,Amou 1,Amlamé (Ouma),POINT (0.9014812390731726 7.457491614985864),TGRPRRRN5 ATAKPAME-KPALIME-AMOUSSOUKOPE
_mview_route_ralentisseurs.fid-7b1c8a4a_1943c5e84ca_66cb,Plateaux,Amou,Amou 1,Amlamé (Ouma),POINT (0.9026044836229777 7.4599227991598225),TGRPRRRN5 ATAKPAME-KPALIME-AMOUSSOUKOPE
_mview_route_ralentisseurs.fid-7b1c8a4a_1943c5e84ca_66cc,Plateaux,Amou,Amou 1,Amlamé (Ouma),POINT (0.9038080553903559 7.462567657521996),TGRPRRRN5 ATAKPAME-KPALIME-AMOUSSOUKOPE
_mview_route_ralentisseurs.fid-7b1c8a4a_1943c5e84ca_66cd,Plateaux,Amou,Amou 1,Amlamé (Ouma),POINT (0.9068139682850948 7.467446611750635),TGRPRRRN5 ATAKPAME-KPALIME-AMOUSSOUKOPE
_mview_route_ralentisseurs.fid-7b1c8a4a_1943c5e84ca_66ce,Plateaux,Amou,Amou 1,Amlamé (Ouma),POINT (0.9132749865648524 7.472150530517847),TGRPRRRN5 ATAKPAME-KPALIME-AMOUSSOUKOPE
_mview_route_ralentisseurs.fid-7b1c8a4a_1943c5e84ca_66cf,Plateaux,Amou,Amou 1,Amlamé (Ouma),POINT (0.9208786495740884 7.478976307697643),TGRPRRRN5 ATAKPAME-KPALIME-AMOUSSOUKOPE
_mview_route_ralentisseurs.fid-7b1c8a4a_1943c5e84ca_66d0,Plateaux,Amou,Amou 1,Amlamé (Ouma),POINT (0.9240300293602971 7.481601681350232),TGRPRRRN5 ATAKPAME-KPALIME-AMOUSSOUKOPE
_mview_route_ralentisseurs.fid-7b1c8a4a_1943c5e84ca_66d1,Plateaux,Amou,Amou 1,Amlamé (Ouma),POINT (0.9326992715781602 7.485689893503555),TGRPRRRN5 ATAKPAME-KPALIME-AMOUSSOUKOPE
_mview_route_ralentisseurs.fid-7b1c8a4a_1943c5e84ca_66d2,Plateaux,Amou,Amou 1,Amlamé (Ouma),POINT (0.9347327908680169 7.486626420094448),TGRPRRRN5 ATAKPAME-KPALIME-AMOUSSOUKOPE
_mview_route_ralentisseurs.fid-7b1c8a4a_1943c5e84ca_66d3,Kara,Assoli,Assoli 1,Bouladè,POINT (1.2231607180162587 9.393558249564112),
_mview_route_ralentisseurs.fid-7b1c8a4a_1943c5e84ca_66d4,Plateaux,Amou,Amou 3,Hihéatro,POINT (1.0998363551293728 7.531877216171032),TGRPRRRN5 ATAKPAME-KPALIME-AMOUSSOUKOPE
_mview_route_ralentisseurs.fid-7b1c8a4a_1943c5e84ca_66d5,Plateaux,Amou,Amou 3,Hihéatro,POINT (1.0962868220266755 7.528519975241285),TGRPRRRN5 ATAKPAME-KPALIME-AMOUSSOUKOPE
_mview_route_ralentisseurs.fid-7b1c8a4a_1943c5e84ca_66d6,Plateaux,Amou,Amou 3,Témédja,POINT (1.0696808056188227 7.522209782230835),TGRPRRRN5 ATAKPAME-KPALIME-AMOUSSOUKOPE
_mview_route_ralentisseurs.fid-7b1c8a4a_1943c5e84ca_66d7,Plateaux,Amou,Amou 3,Témédja,POINT (1.0596634432443965 7.520288968561784),TGRPRRRN5 ATAKPAME-KPALIME-AMOUSSOUKOPE
_mview_route_ralentisseurs.fid-7b1c8a4a_1943c5e84ca_66d8,Plateaux,Amou,Amou 3,Témédja,POINT (1.0563814590904654 7.519635859548757),TGRPRRRN5 ATAKPAME-KPALIME-AMOUSSOUKOPE
_mview_route_ralentisseurs.fid-7b1c8a4a_1943c5e84ca_66d9,Plateaux,Amou,Amou 3,Témédja,POINT (1.0712524692062637 7.520918825388055),TEMEDJA-GLELOU
_mview_route_ralentisseurs.fid-7b1c8a4a_1943c5e84ca_66da,Plateaux,Amou,Amou 3,Témédja,POINT (1.0741605648464014 7.51963452948351),TEMEDJA-GLELOU
_mview_route_ralentisseurs.fid-7b1c8a4a_1943c5e84ca_66db,Plateaux,Amou,Amou 3,Témédja,POINT (1.0744324114145647 7.51955752499611),TEMEDJA-GLELOU
_mview_route_ralentisseurs.fid-7b1c8a4a_1943c5e84ca_66dc,Plateaux,Amou,Amou 3,Témédja,POINT (1.0793590399796347 7.51441815882773),TEMEDJA-GLELOU
_mview_route_ralentisseurs.fid-7b1c8a4a_1943c5e84ca_66dd,Plateaux,Amou,Amou 3,Témédja,POINT (1.0794233090669627 7.514009573882551),TEMEDJA-GLELOU
_mview_route_ralentisseurs.fid-7b1c8a4a_1943c5e84ca_66de,Plateaux,Amou,Amou 3,Hihéatro,POINT (1.0960965891646017 7.5443221861051954),
_mview_route_ralentisseurs.fid-7b1c8a4a_1943c5e84ca_66df,Plateaux,Amou,Amou 3,Evou,POINT (1.0263741779171938 7.544510602294852),TGRPRRRN15 TEMEDJA(RN5)-BADOU-FRE GHANA
_mview_route_ralentisseurs.fid-7b1c8a4a_1943c5e84ca_66e0,Plateaux,Amou,Amou 3,Evou,POINT (1.0255131940329942 7.546200278322786),TGRPRRRN15 TEMEDJA(RN5)-BADOU-FRE GHANA
_mview_route_ralentisseurs.fid-7b1c8a4a_1943c5e84ca_66e1,Plateaux,Amou,Amou 3,Evou,POINT (1.0237592929263974 7.553521252079006),TGRPRRRN15 TEMEDJA(RN5)-BADOU-FRE GHANA
_mview_route_ralentisseurs.fid-7b1c8a4a_1943c5e84ca_66e2,Savanes,Cinkassé,Cinkassé 2,Timbou,POINT (0.1358487983304324 11.025931366635092),
_mview_route_ralentisseurs.fid-7b1c8a4a_1943c5e84ca_66e3,Plateaux,Amou,Amou 3,Otadi,POINT (1.0607465440260002 7.648435920008212),OKAMA-YADE
_mview_route_ralentisseurs.fid-7b1c8a4a_1943c5e84ca_66e4,Plateaux,Amou,Amou 3,Otadi,POINT (1.0594420237283766 7.64867814171294),OKAMA-YADE
_mview_route_ralentisseurs.fid-7b1c8a4a_1943c5e84ca_66e5,Plateaux,Amou,Amou 3,Otadi,POINT (1.050620645316921 7.648420891562566),OKAMA-YADE
_mview_route_ralentisseurs.fid-7b1c8a4a_1943c5e84ca_66e6,Plateaux,Amou,Amou 3,Otadi,POINT (1.0487206744044948 7.648308254722905),OKAMA-YADE
_mview_route_ralentisseurs.fid-7b1c8a4a_1943c5e84ca_66e7,Plateaux,Amou,Amou 3,Otadi,POINT (1.0476000025095673 7.64834833333656),OKAMA-YADE
_mview_route_ralentisseurs.fid-7b1c8a4a_1943c5e84ca_66e8,Plateaux,Amou,Amou 3,Otadi,POINT (1.0470480251548022 7.6483342129195195),OKAMA-YADE
_mview_route_ralentisseurs.fid-7b1c8a4a_1943c5e84ca_66e9,Plateaux,Amou,Amou 3,Otadi,POINT (1.0463223210369557 7.648406962560515),OKAMA-YADE
_mview_route_ralentisseurs.fid-7b1c8a4a_1943c5e84ca_66ea,Plateaux,Amou,Amou 3,Otadi,POINT (1.0415772220072568 7.649694084125568),OKAMA-YADE
_mview_route_ralentisseurs.fid-7b1c8a4a_1943c5e84ca_66eb,Plateaux,Amou,Amou 3,Otadi,POINT (1.0403444665862762 7.649887589754407),OKAMA-YADE
_mview_route_ralentisseurs.fid-7b1c8a4a_1943c5e84ca_66ec,Plateaux,Amou,Amou 3,Otadi,POINT (1.0391687144437054 7.650524348221621),OKAMA-YADE
_mview_route_ralentisseurs.fid-7b1c8a4a_1943c5e84ca_66ed,Plateaux,Amou,Amou 3,Otadi,POINT (1.03354971619606 7.657330333101311),OKAMA-YADE
_mview_route_ralentisseurs.fid-7b1c8a4a_1943c5e84ca_66ee,Plateaux,Amou,Amou 3,Otadi,POINT (1.033104048398024 7.6582095092411695),OKAMA-YADE
_mview_route_ralentisseurs.fid-7b1c8a4a_1943c5e84ca_66ef,Plateaux,Amou,Amou 3,Otadi,POINT (1.025758137053948 7.659765482869097),OKAMA-YADE
_mview_route_ralentisseurs.fid-7b1c8a4a_1943c5e84ca_66f0,Plateaux,Amou,Amou 3,Otadi,POINT (1.0251241589596192 7.659665589372493),OKAMA-YADE
_mview_route_ralentisseurs.fid-7b1c8a4a_1943c5e84ca_66f1,Plateaux,Amou,Amou 3,Otadi,POINT (0.9992845879589325 7.6747837986540715),OKAMA-YADE
_mview_route_ralentisseurs.fid-7b1c8a4a_1943c5e84ca_66f2,Plateaux,Amou,Amou 3,Otadi,POINT (0.9923400973067333 7.682473171202337),OKAMA-YADE
_mview_route_ralentisseurs.fid-7b1c8a4a_1943c5e84ca_66f3,Plateaux,Amou,Amou 3,Otadi,POINT (0.9918289701191143 7.682518230130989),OKAMA-YADE
_mview_route_ralentisseurs.fid-7b1c8a4a_1943c5e84ca_66f4,Plateaux,Amou,Amou 3,Otadi,POINT (0.9906897759579301 7.682716088497876),OKAMA-YADE
_mview_route_ralentisseurs.fid-7b1c8a4a_1943c5e84ca_66f5,Plateaux,Amou,Amou 1,Imlè-Adiva,POINT (0.9537625723619768 7.49092082844251),TGRPRRRN5 ATAKPAME-KPALIME-AMOUSSOUKOPE
_mview_route_ralentisseurs.fid-7b1c8a4a_1943c5e84ca_66f6,Plateaux,Amou,Amou 1,Imlè-Adiva,POINT (0.9568240076340656 7.491951353582623),TGRPRRRN5 ATAKPAME-KPALIME-AMOUSSOUKOPE
_mview_route_ralentisseurs.fid-7b1c8a4a_1943c5e84ca_66f7,Plateaux,Amou,Amou 1,Imlè-Adiva,POINT (0.9796784715590027 7.502094460509953),TGRPRRRN5 ATAKPAME-KPALIME-AMOUSSOUKOPE
_mview_route_ralentisseurs.fid-7b1c8a4a_1943c5e84ca_66f8,Plateaux,Amou,Amou 1,Imlè-Adiva,POINT (0.9813632596082728 7.5027387223764395),TGRPRRRN5 ATAKPAME-KPALIME-AMOUSSOUKOPE
_mview_route_ralentisseurs.fid-7b1c8a4a_1943c5e84ca_66f9,Plateaux,Amou,Amou 1,Imlè-Adiva,POINT (0.9854518651801472 7.504239948390578),TGRPRRRN5 ATAKPAME-KPALIME-AMOUSSOUKOPE
_mview_route_ralentisseurs.fid-7b1c8a4a_1943c5e84ca_66fa,Plateaux,Amou,Amou 1,Imlè-Adiva,POINT (0.9869699795126771 7.504776722993931),TGRPRRRN5 ATAKPAME-KPALIME-AMOUSSOUKOPE
_mview_route_ralentisseurs.fid-7b1c8a4a_1943c5e84ca_66fb,Plateaux,Amou,Amou 1,Imlè-Adiva,POINT (0.9912707987553208 7.506311255277578),TGRPRRRN5 ATAKPAME-KPALIME-AMOUSSOUKOPE
_mview_route_ralentisseurs.fid-7b1c8a4a_1943c5e84ca_66fc,Kara,Assoli,Assoli 2,Koumondè,POINT (1.234848990603981 9.300953421515137),
_mview_route_ralentisseurs.fid-7b1c8a4a_1943c5e84ca_66fd,Savanes,Cinkassé,Cinkassé 1,Gouloungoussi,POINT (-0.1039347194062895 11.116743312567671),
_mview_route_ralentisseurs.fid-7b1c8a4a_1943c5e84ca_66fe,Plateaux,Amou,Amou 1,Imlè-Adiva,POINT (0.9937966039600452 7.507229990971267),TGRPRRRN5 ATAKPAME-KPALIME-AMOUSSOUKOPE
_mview_route_ralentisseurs.fid-7b1c8a4a_1943c5e84ca_66ff,Plateaux,Amou,Amou 1,Imlè-Adiva,POINT (0.9963707600135888 7.50796714581028),TGRPRRRN5 ATAKPAME-KPALIME-AMOUSSOUKOPE
_mview_route_ralentisseurs.fid-7b1c8a4a_1943c5e84ca_6700,Plateaux,Amou,Amou 3,Hihéatro,POINT (1.0887304753246154 7.628627352614888),
_mview_route_ralentisseurs.fid-7b1c8a4a_1943c5e84ca_6701,Plateaux,Amou,Amou 3,Hihéatro,POINT (1.0882991692848616 7.6291716824146745),
_mview_route_ralentisseurs.fid-7b1c8a4a_1943c5e84ca_6702,Plateaux,Amou,Amou 3,Hihéatro,POINT (1.0987157474057565 7.619911250455163),
_mview_route_ralentisseurs.fid-7b1c8a4a_1943c5e84ca_6703,Plateaux,Amou,Amou 3,Hihéatro,POINT (1.0978778295783744 7.620566059467892),
_mview_route_ralentisseurs.fid-7b1c8a4a_1943c5e84ca_6704,Plateaux,Amou,Amou 3,Hihéatro,POINT (1.0904690507831913 7.625820311243014),
_mview_route_ralentisseurs.fid-7b1c8a4a_1943c5e84ca_6705,Plateaux,Amou,Amou 3,Hihéatro,POINT (1.0901668481194444 7.62628564136084),
_mview_route_ralentisseurs.fid-7b1c8a4a_1943c5e84ca_6706,Plateaux,Amou,Amou 3,Hihéatro,POINT (1.0894756390748392 7.627422176064141),
_mview_route_ralentisseurs.fid-7b1c8a4a_1943c5e84ca_6707,Plateaux,Amou,Amou 3,Hihéatro,POINT (1.1354668809638333 7.62113414596024),
_mview_route_ralentisseurs.fid-7b1c8a4a_1943c5e84ca_6708,Plateaux,Amou,Amou 3,Témédja,POINT (1.0913663200352557 7.523623320255717),ELAVAGNON-AMOUTCHOU 
_mview_route_ralentisseurs.fid-7b1c8a4a_1943c5e84ca_6709,Plateaux,Anié,Anié 2,Glitto,POINT (1.5958805927532427 7.564860001289332),
_mview_route_ralentisseurs.fid-7b1c8a4a_1943c5e84ca_670a,Plateaux,Anié,Anié 2,Glitto,POINT (1.5963074050203787 7.564654404641757),
_mview_route_ralentisseurs.fid-7b1c8a4a_1943c5e84ca_670b,Plateaux,Anié,Anié 2,Glitto,POINT (1.5965358106249092 7.564527512675416),
_mview_route_ralentisseurs.fid-7b1c8a4a_1943c5e84ca_670c,Plateaux,Anié,Anié 2,Glitto,POINT (1.5971704369048627 7.564236818502562),
_mview_route_ralentisseurs.fid-7b1c8a4a_1943c5e84ca_670d,Plateaux,Anié,Anié 2,Glitto,POINT (1.6133882453941013 7.559122362882679),
_mview_route_ralentisseurs.fid-7b1c8a4a_1943c5e84ca_670e,Plateaux,Anié,Anié 2,Glitto,POINT (1.6146748727443787 7.558234594157972),
_mview_route_ralentisseurs.fid-7b1c8a4a_1943c5e84ca_670f,Plateaux,Anié,Anié 2,Glitto,POINT (1.6159437986968013 7.557376139152429),
_mview_route_ralentisseurs.fid-7b1c8a4a_1943c5e84ca_6710,Plateaux,Anié,Anié 2,Glitto,POINT (1.6166753020318396 7.556693780803776),
_mview_route_ralentisseurs.fid-7b1c8a4a_1943c5e84ca_6711,Plateaux,Anié,Anié 2,Glitto,POINT (1.6067156310475086 7.572735971571337),
_mview_route_ralentisseurs.fid-7b1c8a4a_1943c5e84ca_6712,Plateaux,Anié,Anié 2,Atchinédji,POINT (1.4175726649026905 7.682237371985792),
_mview_route_ralentisseurs.fid-7b1c8a4a_1943c5e84ca_6713,Plateaux,Anié,Anié 2,Adogbénou,POINT (1.6086764971315026 7.777486605538741),
_mview_route_ralentisseurs.fid-7b1c8a4a_1943c5e84ca_6714,Plateaux,Anié,Anié 2,Adogbénou,POINT (1.6087833441977732 7.777123303792599),
_mview_route_ralentisseurs.fid-7b1c8a4a_1943c5e84ca_6715,Plateaux,Anié,Anié 1,Kolo-Kopé,POINT (1.2543411326895015 7.812201321699764),
_mview_route_ralentisseurs.fid-7b1c8a4a_1943c5e84ca_6716,Plateaux,Anié,Anié 2,Adogbénou,POINT (1.4324655250304268 7.7403353263162735),
_mview_route_ralentisseurs.fid-7b1c8a4a_1943c5e84ca_6717,Plateaux,Anié,Anié 2,Adogbénou,POINT (1.4428024866357498 7.775272385472913),
_mview_route_ralentisseurs.fid-7b1c8a4a_1943c5e84ca_6718,Plateaux,Anié,Anié 2,Adogbénou,POINT (1.442500069139489 7.774711003754696),
_mview_route_ralentisseurs.fid-7b1c8a4a_1943c5e84ca_6719,Plateaux,Anié,Anié 2,Adogbénou,POINT (1.4420883589556155 7.773978437804778),
_mview_route_ralentisseurs.fid-7b1c8a4a_1943c5e84ca_671a,Plateaux,Anié,Anié 2,Adogbénou,POINT (1.4419549268665874 7.773738376688366),
_mview_route_ralentisseurs.fid-7b1c8a4a_1943c5e84ca_671b,Plateaux,Anié,Anié 1,Anié,POINT (1.196362327818041 7.752286321792664),
_mview_route_ralentisseurs.fid-7b1c8a4a_1943c5e84ca_671c,Plateaux,Anié,Anié 1,Anié,POINT (1.1978636486156078 7.75059421205407),
_mview_route_ralentisseurs.fid-7b1c8a4a_1943c5e84ca_671d,Plateaux,Anié,Anié 1,Anié,POINT (1.2019300030291657 7.74684625186847),
_mview_route_ralentisseurs.fid-7b1c8a4a_1943c5e84ca_671e,Plateaux,Anié,Anié 1,Anié,POINT (1.2021857770475743 7.7467088525976076),
_mview_route_ralentisseurs.fid-7b1c8a4a_1943c5e84ca_671f,Plateaux,Anié,Anié 1,Anié,POINT (1.2026478377561323 7.7464977065390945),
_mview_route_ralentisseurs.fid-7b1c8a4a_1943c5e84ca_6720,Plateaux,Anié,Anié 1,Anié,POINT (1.1926290310650964 7.781471358896699),
_mview_route_ralentisseurs.fid-7b1c8a4a_1943c5e84ca_6721,Plateaux,Anié,Anié 2,Glitto,POINT (1.59008191261532 7.487911308333813),GBOKPOE-KOUFOTA
_mview_route_ralentisseurs.fid-7b1c8a4a_1943c5e84ca_6722,Plateaux,Anié,Anié 2,Glitto,POINT (1.5908945050752286 7.4898594204642945),GBOKPOE-KOUFOTA
_mview_route_ralentisseurs.fid-7b1c8a4a_1943c5e84ca_6723,Plateaux,Anié,Anié 2,Glitto,POINT (1.5909279977841546 7.490529164385234),GBOKPOE-KOUFOTA
_mview_route_ralentisseurs.fid-7b1c8a4a_1943c5e84ca_6724,Plateaux,Anié,Anié 2,Glitto,POINT (1.4981406410061895 7.580568729510208),GLITTO
_mview_route_ralentisseurs.fid-7b1c8a4a_1943c5e84ca_6725,Plateaux,Anié,Anié 1,Anié,POINT (1.3236656984008206 7.729236097105406),GBADJATO-ARIFÈ
_mview_route_ralentisseurs.fid-7b1c8a4a_1943c5e84ca_6726,Plateaux,Anié,Anié 1,Anié,POINT (1.1485963778883983 7.726196118318853),SINTO SUCRERIE
_mview_route_ralentisseurs.fid-7b1c8a4a_1943c5e84ca_6727,Kara,Assoli,Assoli 1,Bouladè,POINT (1.2259625860229995 9.391108801093337),
_mview_route_ralentisseurs.fid-7b1c8a4a_1943c5e84ca_6728,Kara,Assoli,Assoli 1,Bouladè,POINT (1.225704082010125 9.391346047912279),
_mview_route_ralentisseurs.fid-7b1c8a4a_1943c5e84ca_6729,Kara,Assoli,Assoli 1,Bouladè,POINT (1.225000892426083 9.391704668612658),
_mview_route_ralentisseurs.fid-7b1c8a4a_1943c5e84ca_672a,Kara,Assoli,Assoli 1,Bouladè,POINT (1.2250302901966585 9.391680766066036),
_mview_route_ralentisseurs.fid-7b1c8a4a_1943c5e84ca_672b,Kara,Assoli,Assoli 1,Bouladè,POINT (1.2247080431215231 9.391983623548198),
_mview_route_ralentisseurs.fid-7b1c8a4a_1943c5e84ca_672c,Kara,Assoli,Assoli 1,Bouladè,POINT (1.2229581168317627 9.39370229696032),
_mview_route_ralentisseurs.fid-7b1c8a4a_1943c5e84ca_672d,Kara,Assoli,Assoli 1,Bouladè,POINT (1.2228345551565563 9.393778751072722),
_mview_route_ralentisseurs.fid-7b1c8a4a_1943c5e84ca_672e,Kara,Assoli,Assoli 1,Bouladè,POINT (1.2226578265973143 9.393868141064788),
_mview_route_ralentisseurs.fid-7b1c8a4a_1943c5e84ca_672f,Kara,Assoli,Assoli 1,Bouladè,POINT (1.2223633230676307 9.393925872864965),
_mview_route_ralentisseurs.fid-7b1c8a4a_1943c5e84ca_6730,Kara,Assoli,Assoli 1,Bouladè,POINT (1.2220950955099024 9.39389298318159),
_mview_route_ralentisseurs.fid-7b1c8a4a_1943c5e84ca_6731,Kara,Assoli,Assoli 1,Bouladè,POINT (1.221573159424357 9.393830218140335),
_mview_route_ralentisseurs.fid-7b1c8a4a_1943c5e84ca_6732,Kara,Assoli,Assoli 1,Bouladè,POINT (1.2212886716412994 9.393845453863637),
_mview_route_ralentisseurs.fid-7b1c8a4a_1943c5e84ca_6733,Kara,Assoli,Assoli 1,Bouladè,POINT (1.221106421914303 9.393855890422708),
_mview_route_ralentisseurs.fid-7b1c8a4a_1943c5e84ca_6734,Kara,Assoli,Assoli 2,Koumondè,POINT (1.2377195669034111 9.31412640599676),
_mview_route_ralentisseurs.fid-7b1c8a4a_1943c5e84ca_6735,Kara,Assoli,Assoli 2,Koumondè,POINT (1.2383043869677368 9.301683235422113),
_mview_route_ralentisseurs.fid-7b1c8a4a_1943c5e84ca_6736,Kara,Assoli,Assoli 2,Koumondè,POINT (1.2460689029780974 9.298275049590563),
_mview_route_ralentisseurs.fid-7b1c8a4a_1943c5e84ca_6737,Kara,Assoli,Assoli 1,Bouladè,POINT (1.2295947778841965 9.370139452019526),
_mview_route_ralentisseurs.fid-7b1c8a4a_1943c5e84ca_6738,Kara,Assoli,Assoli 2,Alédjo,POINT (1.2001715223657885 9.219544608369207),TGRKRRRN1 BRETELLE D ALEDJO
_mview_route_ralentisseurs.fid-7b1c8a4a_1943c5e84ca_6739,Kara,Assoli,Assoli 2,Alédjo,POINT (1.2002985693845278 9.219229108450607),TGRKRRRN1 BRETELLE D ALEDJO
_mview_route_ralentisseurs.fid-7b1c8a4a_1943c5e84ca_673a,Kara,Assoli,Assoli 2,Alédjo,POINT (1.2000127094961535 9.21983915694385),TGRKRRRN1 BRETELLE D ALEDJO
_mview_route_ralentisseurs.fid-7b1c8a4a_1943c5e84ca_673b,Kara,Assoli,Assoli 2,Alédjo,POINT (1.1994470090810005 9.22043846825188),TGRKRRRN1 BRETELLE D ALEDJO
_mview_route_ralentisseurs.fid-7b1c8a4a_1943c5e84ca_673c,Kara,Assoli,Assoli 2,Alédjo,POINT (1.2226392366307408 9.280030810020646),
_mview_route_ralentisseurs.fid-7b1c8a4a_1943c5e84ca_673d,Kara,Assoli,Assoli 2,Alédjo,POINT (1.1875338136338072 9.289130658754702),
_mview_route_ralentisseurs.fid-7b1c8a4a_1943c5e84ca_673e,Kara,Assoli,Assoli 2,Alédjo,POINT (1.1872918311457366 9.289163254822084),
_mview_route_ralentisseurs.fid-7b1c8a4a_1943c5e84ca_673f,Kara,Assoli,Assoli 2,Alédjo,POINT (1.1869272218871703 9.28921502117484),
_mview_route_ralentisseurs.fid-7b1c8a4a_1943c5e84ca_6740,Kara,Assoli,Assoli 2,Alédjo,POINT (1.1865339289274062 9.289286845187261),
_mview_route_ralentisseurs.fid-7b1c8a4a_1943c5e84ca_6741,Kara,Assoli,Assoli 2,Alédjo,POINT (1.1844667917252552 9.289613935130427),
_mview_route_ralentisseurs.fid-7b1c8a4a_1943c5e84ca_6742,Kara,Assoli,Assoli 2,Alédjo,POINT (1.1836497026394757 9.289675059529586),
_mview_route_ralentisseurs.fid-7b1c8a4a_1943c5e84ca_6743,Kara,Assoli,Assoli 2,Alédjo,POINT (1.1825886980725255 9.289545413601514),
_mview_route_ralentisseurs.fid-7b1c8a4a_1943c5e84ca_6744,Kara,Assoli,Assoli 2,Alédjo,POINT (1.2016158576657552 9.224331094093996),TGRKRRRN1 BRETELLE D ALEDJO
_mview_route_ralentisseurs.fid-7b1c8a4a_1943c5e84ca_6745,Kara,Assoli,Assoli 2,Alédjo,POINT (1.2021459086556083 9.2268156531498),TGRKRRRN1 BRETELLE D ALEDJO
_mview_route_ralentisseurs.fid-7b1c8a4a_1943c5e84ca_6746,Kara,Assoli,Assoli 2,Alédjo,POINT (1.202512686136274 9.228234323796894),TGRKRRRN1 BRETELLE D ALEDJO
_mview_route_ralentisseurs.fid-7b1c8a4a_1943c5e84ca_6747,Kara,Assoli,Assoli 2,Alédjo,POINT (1.202513194750848 9.228235815732633),TGRKRRRN1 BRETELLE D ALEDJO
_mview_route_ralentisseurs.fid-7b1c8a4a_1943c5e84ca_6748,Kara,Assoli,Assoli 2,Alédjo,POINT (1.2026256103089044 9.228522627627594),TGRKRRRN1 BRETELLE D ALEDJO
_mview_route_ralentisseurs.fid-7b1c8a4a_1943c5e84ca_6749,Kara,Assoli,Assoli 1,Bafilo,POINT (1.2454972249015401 9.368356270397495),
_mview_route_ralentisseurs.fid-7b1c8a4a_1943c5e84ca_674a,Kara,Assoli,Assoli 1,Bafilo,POINT (1.245423197730834 9.36594747163522),
_mview_route_ralentisseurs.fid-7b1c8a4a_1943c5e84ca_674b,Kara,Assoli,Assoli 1,Bafilo,POINT (1.2455507291489643 9.369491353971913),
_mview_route_ralentisseurs.fid-7b1c8a4a_1943c5e84ca_674c,Kara,Assoli,Assoli 1,Bafilo,POINT (1.2456682792553955 9.37245354264508),
_mview_route_ralentisseurs.fid-7b1c8a4a_1943c5e84ca_674d,Kara,Assoli,Assoli 1,Bafilo,POINT (1.2456493553670127 9.371968231353662),
_mview_route_ralentisseurs.fid-7b1c8a4a_1943c5e84ca_674e,Kara,Assoli,Assoli 1,Bafilo,POINT (1.2455533333337356 9.369541666666645),
_mview_route_ralentisseurs.fid-7b1c8a4a_1943c5e84ca_674f,Kara,Assoli,Assoli 1,Bafilo,POINT (1.24549943129834 9.368334941897006),
_mview_route_ralentisseurs.fid-7b1c8a4a_1943c5e84ca_6750,Kara,Assoli,Assoli 3,Soudou,POINT (1.31484333689944 9.359245079890865),SOUDOU-BAFILO
_mview_route_ralentisseurs.fid-7b1c8a4a_1943c5e84ca_6751,Kara,Assoli,Assoli 3,Soudou,POINT (1.3156377723339996 9.359169749692615),SOUDOU-BAFILO
_mview_route_ralentisseurs.fid-7b1c8a4a_1943c5e84ca_6752,Kara,Assoli,Assoli 3,Soudou,POINT (1.316179050905094 9.359110122926923),SOUDOU-BAFILO
_mview_route_ralentisseurs.fid-7b1c8a4a_1943c5e84ca_6753,Kara,Assoli,Assoli 3,Soudou,POINT (1.3170115968251432 9.359032674288708),SOUDOU-BAFILO
_mview_route_ralentisseurs.fid-7b1c8a4a_1943c5e84ca_6754,Kara,Assoli,Assoli 3,Soudou,POINT (1.3175367403149119 9.359007867641633),SOUDOU-BAFILO
_mview_route_ralentisseurs.fid-7b1c8a4a_1943c5e84ca_6755,Kara,Assoli,Assoli 3,Soudou,POINT (1.3272162216836905 9.358815109742098),SOUDOU-BAFILO
_mview_route_ralentisseurs.fid-7b1c8a4a_1943c5e84ca_6756,Kara,Assoli,Assoli 3,Soudou,POINT (1.329492536164825 9.35905204877833),SOUDOU-BAFILO
_mview_route_ralentisseurs.fid-7b1c8a4a_1943c5e84ca_6757,Kara,Assoli,Assoli 3,Soudou,POINT (1.330535688369082 9.359167191236745),SOUDOU-BAFILO
_mview_route_ralentisseurs.fid-7b1c8a4a_1943c5e84ca_6758,Kara,Assoli,Assoli 3,Soudou,POINT (1.3315449391244345 9.359256485922733),SOUDOU-BAFILO
_mview_route_ralentisseurs.fid-7b1c8a4a_1943c5e84ca_6759,Kara,Assoli,Assoli 3,Soudou,POINT (1.331969013529213 9.359263058780943),SOUDOU-BAFILO
_mview_route_ralentisseurs.fid-7b1c8a4a_1943c5e84ca_675a,Kara,Assoli,Assoli 3,Soudou,POINT (1.3326406745458288 9.359247026097629),SOUDOU-BAFILO
_mview_route_ralentisseurs.fid-7b1c8a4a_1943c5e84ca_675b,Kara,Assoli,Assoli 3,Soudou,POINT (1.3432385276529923 9.35854000723355),SOUDOU-BAFILO
_mview_route_ralentisseurs.fid-7b1c8a4a_1943c5e84ca_675c,Kara,Assoli,Assoli 3,Soudou,POINT (1.3449384182732587 9.357772022401894),SOUDOU-BAFILO
_mview_route_ralentisseurs.fid-7b1c8a4a_1943c5e84ca_675d,Kara,Assoli,Assoli 3,Soudou,POINT (1.34823653857348 9.355928671237281),SOUDOU-BAFILO
_mview_route_ralentisseurs.fid-7b1c8a4a_1943c5e84ca_675e,Kara,Assoli,Assoli 3,Soudou,POINT (1.3497794616653345 9.355823362500015),SOUDOU-BAFILO
_mview_route_ralentisseurs.fid-7b1c8a4a_1943c5e84ca_675f,Kara,Assoli,Assoli 3,Soudou,POINT (1.3510329492049682 9.356068489648685),SOUDOU-BAFILO
_mview_route_ralentisseurs.fid-7b1c8a4a_1943c5e84ca_6760,Kara,Assoli,Assoli 3,Soudou,POINT (1.3523184746534804 9.356562501750853),SOUDOU-BAFILO
_mview_route_ralentisseurs.fid-7b1c8a4a_1943c5e84ca_6761,Kara,Assoli,Assoli 3,Soudou,POINT (1.3525405232405854 9.356752043253751),SOUDOU-BAFILO
_mview_route_ralentisseurs.fid-7b1c8a4a_1943c5e84ca_6762,Kara,Assoli,Assoli 3,Soudou,POINT (1.3531949555282348 9.357288263701756),SOUDOU-BAFILO
_mview_route_ralentisseurs.fid-7b1c8a4a_1943c5e84ca_6763,Kara,Assoli,Assoli 3,Soudou,POINT (1.3535351073523154 9.357539782665674),SOUDOU-BAFILO
_mview_route_ralentisseurs.fid-7b1c8a4a_1943c5e84ca_6764,Kara,Assoli,Assoli 3,Soudou,POINT (1.354002517975298 9.357658251797565),SOUDOU-BAFILO
_mview_route_ralentisseurs.fid-7b1c8a4a_1943c5e84ca_6765,Kara,Assoli,Assoli 3,Soudou,POINT (1.3543898387094644 9.357698668218543),SOUDOU-BAFILO
_mview_route_ralentisseurs.fid-7b1c8a4a_1943c5e84ca_6766,Kara,Assoli,Assoli 3,Soudou,POINT (1.3552731890598677 9.357733749297823),SOUDOU-BAFILO
_mview_route_ralentisseurs.fid-7b1c8a4a_1943c5e84ca_6767,Kara,Assoli,Assoli 3,Soudou,POINT (1.3555033349934122 9.357755000000656),SOUDOU-BAFILO
_mview_route_ralentisseurs.fid-7b1c8a4a_1943c5e84ca_6768,Kara,Assoli,Assoli 3,Soudou,POINT (1.3562380380254724 9.357805565812445),SOUDOU-BAFILO
_mview_route_ralentisseurs.fid-7b1c8a4a_1943c5e84ca_6769,Kara,Assoli,Assoli 3,Soudou,POINT (1.3569150864069939 9.357863258083025),SOUDOU-BAFILO
_mview_route_ralentisseurs.fid-7b1c8a4a_1943c5e84ca_676a,Kara,Assoli,Assoli 3,Soudou,POINT (1.3579203188840805 9.357894753625654),SOUDOU-BAFILO
_mview_route_ralentisseurs.fid-7b1c8a4a_1943c5e84ca_676b,Kara,Assoli,Assoli 3,Soudou,POINT (1.3648169478891434 9.35853618177548),SOUDOU-BAFILO
_mview_route_ralentisseurs.fid-7b1c8a4a_1943c5e84ca_676c,Kara,Assoli,Assoli 3,Soudou,POINT (1.3653649961428633 9.358711896167698),SOUDOU-BAFILO
_mview_route_ralentisseurs.fid-7b1c8a4a_1943c5e84ca_676d,Kara,Assoli,Assoli 3,Soudou,POINT (1.3926030792710165 9.363953273982972),SOUDOU-BAFILO
_mview_route_ralentisseurs.fid-7b1c8a4a_1943c5e84ca_676e,Kara,Assoli,Assoli 3,Soudou,POINT (1.3954049956021206 9.363825000002798),SOUDOU-BAFILO
_mview_route_ralentisseurs.fid-7b1c8a4a_1943c5e84ca_676f,Kara,Assoli,Assoli 3,Soudou,POINT (1.3963996881209595 9.363703711469526),SOUDOU-BAFILO
_mview_route_ralentisseurs.fid-7b1c8a4a_1943c5e84ca_6770,Kara,Assoli,Assoli 3,Soudou,POINT (1.3987673221437402 9.363161082968027),SOUDOU-BAFILO
_mview_route_ralentisseurs.fid-7b1c8a4a_1943c5e84ca_6771,Kara,Assoli,Assoli 3,Soudou,POINT (1.348307203411238 9.396041719502799),
_mview_route_ralentisseurs.fid-7b1c8a4a_1943c5e84ca_6772,Kara,Assoli,Assoli 3,Soudou,POINT (1.3504825683215067 9.398498576293921),
_mview_route_ralentisseurs.fid-7b1c8a4a_1943c5e84ca_6773,Kara,Assoli,Assoli 3,Soudou,POINT (1.3673836580410728 9.406951622407632),
_mview_route_ralentisseurs.fid-7b1c8a4a_1943c5e84ca_6774,Kara,Assoli,Assoli 3,Soudou,POINT (1.3691578632760633 9.413114624225836),
_mview_route_ralentisseurs.fid-7b1c8a4a_1943c5e84ca_6775,Kara,Assoli,Assoli 3,Soudou,POINT (1.3695027035588594 9.413775809384624),
_mview_route_ralentisseurs.fid-7b1c8a4a_1943c5e84ca_6776,Kara,Assoli,Assoli 3,Soudou,POINT (1.3754054306917645 9.422125554320756),
_mview_route_ralentisseurs.fid-7b1c8a4a_1943c5e84ca_6777,Kara,Assoli,Assoli 3,Soudou,POINT (1.3756217331169067 9.422364940751521),
_mview_route_ralentisseurs.fid-7b1c8a4a_1943c5e84ca_6778,Kara,Assoli,Assoli 3,Soudou,POINT (1.3760103104774877 9.42282514745702),
_mview_route_ralentisseurs.fid-7b1c8a4a_1943c5e84ca_6779,Kara,Assoli,Assoli 3,Soudou,POINT (1.3776035970307519 9.425308364641062),
_mview_route_ralentisseurs.fid-7b1c8a4a_1943c5e84ca_677a,Kara,Assoli,Assoli 3,Soudou,POINT (1.3781602766051253 9.42622207645212),
_mview_route_ralentisseurs.fid-7b1c8a4a_1943c5e84ca_677b,Kara,Assoli,Assoli 1,Dako (Daoude),POINT (1.0680252986115735 9.322741418445501),TGRKRTRN38 RN1 BAFILO-DAKO-RN17 BASSAR
_mview_route_ralentisseurs.fid-7b1c8a4a_1943c5e84ca_677c,Kara,Assoli,Assoli 1,Dako (Daoude),POINT (1.0675998304952057 9.322896074495274),TGRKRTRN38 RN1 BAFILO-DAKO-RN17 BASSAR
_mview_route_ralentisseurs.fid-7b1c8a4a_1943c5e84ca_677d,Kara,Assoli,Assoli 1,Dako (Daoude),POINT (1.0576892407599268 9.324339276403162),TGRKRTRN38 RN1 BAFILO-DAKO-RN17 BASSAR
_mview_route_ralentisseurs.fid-7b1c8a4a_1943c5e84ca_677e,Kara,Assoli,Assoli 1,Dako (Daoude),POINT (1.0560870091931518 9.324776289943026),TGRKRTRN38 RN1 BAFILO-DAKO-RN17 BASSAR
_mview_route_ralentisseurs.fid-7b1c8a4a_1943c5e84ca_677f,Kara,Assoli,Assoli 1,Dako (Daoude),POINT (1.055575576076458 9.324890501319944),TGRKRTRN38 RN1 BAFILO-DAKO-RN17 BASSAR
_mview_route_ralentisseurs.fid-7b1c8a4a_1943c5e84ca_6780,Kara,Assoli,Assoli 1,Dako (Daoude),POINT (1.0551420880593119 9.32490314334603),TGRKRTRN38 RN1 BAFILO-DAKO-RN17 BASSAR
_mview_route_ralentisseurs.fid-7b1c8a4a_1943c5e84ca_6781,Kara,Assoli,Assoli 1,Dako (Daoude),POINT (1.0529212026227714 9.32477551895176),TGRKRTRN38 RN1 BAFILO-DAKO-RN17 BASSAR
_mview_route_ralentisseurs.fid-7b1c8a4a_1943c5e84ca_6782,Maritime,Bas-Mono,Bas-Mono 1,Afagnangan,POINT (1.6432821588198598 6.549983607386296),
_mview_route_ralentisseurs.fid-7b1c8a4a_1943c5e84ca_6783,Kara,Assoli,Assoli 1,Dako (Daoude),POINT (1.05265647900372 9.324836666666787),TGRKRTRN38 RN1 BAFILO-DAKO-RN17 BASSAR
_mview_route_ralentisseurs.fid-7b1c8a4a_1943c5e84ca_6784,Kara,Assoli,Assoli 1,Dako (Daoude),POINT (1.0498414097722573 9.324875961780958),TGRKRTRN38 RN1 BAFILO-DAKO-RN17 BASSAR
_mview_route_ralentisseurs.fid-7b1c8a4a_1943c5e84ca_6785,Kara,Assoli,Assoli 1,Dako (Daoude),POINT (1.0492359048446316 9.325072604917377),TGRKRTRN38 RN1 BAFILO-DAKO-RN17 BASSAR
_mview_route_ralentisseurs.fid-7b1c8a4a_1943c5e84ca_6786,Maritime,Avé,Avé 1,Ando,POINT (0.7754170713842162 6.460377257992375),
_mview_route_ralentisseurs.fid-7b1c8a4a_1943c5e84ca_6787,Maritime,Avé,Avé 1,Edzi,POINT (0.8353189943531923 6.4323129460644335),
_mview_route_ralentisseurs.fid-7b1c8a4a_1943c5e84ca_6788,Maritime,Avé,Avé 1,Edzi,POINT (0.8356898414801416 6.4323447417198425),
_mview_route_ralentisseurs.fid-7b1c8a4a_1943c5e84ca_6789,Maritime,Avé,Avé 1,Assahoun,POINT (0.9156807299509531 6.451911158130946),
_mview_route_ralentisseurs.fid-7b1c8a4a_1943c5e84ca_678a,Maritime,Avé,Avé 1,Assahoun,POINT (0.9156349659004623 6.451997542629698),
_mview_route_ralentisseurs.fid-7b1c8a4a_1943c5e84ca_678b,Maritime,Avé,Avé 1,Assahoun,POINT (0.9695949234065252 6.483075515040646),
_mview_route_ralentisseurs.fid-7b1c8a4a_1943c5e84ca_678c,Maritime,Avé,Avé 2,Badja,POINT (1.0224797694881804 6.33468968380407),
_mview_route_ralentisseurs.fid-7b1c8a4a_1943c5e84ca_678d,Maritime,Avé,Avé 2,Badja,POINT (1.0240215342793695 6.334557380645091),
_mview_route_ralentisseurs.fid-7b1c8a4a_1943c5e84ca_678e,Maritime,Zio,Zio 2,Kovié,POINT (1.037094285407754 6.329439971189416),
_mview_route_ralentisseurs.fid-7b1c8a4a_1943c5e84ca_678f,Maritime,Avé,Avé 2,Badja,POINT (1.0244908373812223 6.334419671329736),
_mview_route_ralentisseurs.fid-7b1c8a4a_1943c5e84ca_6790,Maritime,Avé,Avé 2,Badja,POINT (1.0253496315669155 6.336278034259209),
_mview_route_ralentisseurs.fid-7b1c8a4a_1943c5e84ca_6791,Maritime,Avé,Avé 2,Badja,POINT (1.02565175965276 6.3363924453138285),
_mview_route_ralentisseurs.fid-7b1c8a4a_1943c5e84ca_6792,Maritime,Avé,Avé 2,Badja,POINT (1.078577163385478 6.415887822526215),
_mview_route_ralentisseurs.fid-7b1c8a4a_1943c5e84ca_6793,Maritime,Avé,Avé 1,Assahoun,POINT (0.918546999353337 6.445064361945081),
_mview_route_ralentisseurs.fid-7b1c8a4a_1943c5e84ca_6794,Maritime,Bas-Mono,Bas-Mono 2,Attitogon,POINT (1.6607003591887348 6.415827123074417),
_mview_route_ralentisseurs.fid-7b1c8a4a_1943c5e84ca_6795,Maritime,Bas-Mono,Bas-Mono 2,Attitogon,POINT (1.6600851139294075 6.414651214847439),
_mview_route_ralentisseurs.fid-7b1c8a4a_1943c5e84ca_6796,Maritime,Bas-Mono,Bas-Mono 2,Attitogon,POINT (1.6588574004561774 6.412326047818984),
_mview_route_ralentisseurs.fid-7b1c8a4a_1943c5e84ca_6797,Maritime,Bas-Mono,Bas-Mono 2,Attitogon,POINT (1.6578662381828577 6.410484128729741),
_mview_route_ralentisseurs.fid-7b1c8a4a_1943c5e84ca_6798,Maritime,Bas-Mono,Bas-Mono 2,Attitogon,POINT (1.6573420394828933 6.409554299746235),
_mview_route_ralentisseurs.fid-7b1c8a4a_1943c5e84ca_6799,Maritime,Bas-Mono,Bas-Mono 2,Attitogon,POINT (1.6567722656476258 6.408513948071609),
_mview_route_ralentisseurs.fid-7b1c8a4a_1943c5e84ca_679a,Maritime,Bas-Mono,Bas-Mono 2,Attitogon,POINT (1.6412390951472726 6.37145632269469),
_mview_route_ralentisseurs.fid-7b1c8a4a_1943c5e84ca_679b,Maritime,Bas-Mono,Bas-Mono 2,Attitogon,POINT (1.6621921773413804 6.420957565705295),
_mview_route_ralentisseurs.fid-7b1c8a4a_1943c5e84ca_679c,Maritime,Bas-Mono,Bas-Mono 2,Attitogon,POINT (1.6621269922421487 6.422158215484266),
_mview_route_ralentisseurs.fid-7b1c8a4a_1943c5e84ca_679d,Maritime,Bas-Mono,Bas-Mono 2,Attitogon,POINT (1.6614199992756786 6.417228963735044),
_mview_route_ralentisseurs.fid-7b1c8a4a_1943c5e84ca_679e,Maritime,Bas-Mono,Bas-Mono 2,Attitogon,POINT (1.6433022336907208 6.374434527176032),
_mview_route_ralentisseurs.fid-7b1c8a4a_1943c5e84ca_679f,Maritime,Bas-Mono,Bas-Mono 2,Attitogon,POINT (1.6435059510082037 6.374722171727697),
_mview_route_ralentisseurs.fid-7b1c8a4a_1943c5e84ca_67a0,Maritime,Bas-Mono,Bas-Mono 2,Attitogon,POINT (1.6365084748258298 6.366060402706664),
_mview_route_ralentisseurs.fid-7b1c8a4a_1943c5e84ca_67a1,Maritime,Bas-Mono,Bas-Mono 1,Afagnan-Gbléta,POINT (1.5765706535278552 6.473251575804371),
_mview_route_ralentisseurs.fid-7b1c8a4a_1943c5e84ca_67a2,Maritime,Bas-Mono,Bas-Mono 2,Hompou,POINT (1.668107372435348 6.405070608463977),
_mview_route_ralentisseurs.fid-7b1c8a4a_1943c5e84ca_67a3,Maritime,Bas-Mono,Bas-Mono 2,Hompou,POINT (1.6683336147658239 6.404568289053193),
_mview_route_ralentisseurs.fid-7b1c8a4a_1943c5e84ca_67a4,Maritime,Bas-Mono,Bas-Mono 1,Afagnangan,POINT (1.6308810068427613 6.495056236291852),TGRMRRRN36 AMEGNRAN-AFAGNAN
_mview_route_ralentisseurs.fid-7b1c8a4a_1943c5e84ca_67a5,Maritime,Bas-Mono,Bas-Mono 1,Afagnangan,POINT (1.6322770490748482 6.494832824896227),TGRMRRRN36 AMEGNRAN-AFAGNAN
_mview_route_ralentisseurs.fid-7b1c8a4a_1943c5e84ca_67a6,Maritime,Bas-Mono,Bas-Mono 1,Afagnangan,POINT (1.6328052624429397 6.4947482927771505),TGRMRRRN36 AMEGNRAN-AFAGNAN
_mview_route_ralentisseurs.fid-7b1c8a4a_1943c5e84ca_67a7,Maritime,Bas-Mono,Bas-Mono 1,Afagnangan,POINT (1.6335562675936746 6.49462208248271),TGRMRRRN36 AMEGNRAN-AFAGNAN
_mview_route_ralentisseurs.fid-7b1c8a4a_1943c5e84ca_67a8,Maritime,Bas-Mono,Bas-Mono 1,Afagnangan,POINT (1.641742343633512 6.486709793544947),ATTITOGON-AFAGNAN
_mview_route_ralentisseurs.fid-7b1c8a4a_1943c5e84ca_67a9,Maritime,Bas-Mono,Bas-Mono 1,Afagnangan,POINT (1.6420791318521482 6.4858829209826885),ATTITOGON-AFAGNAN
_mview_route_ralentisseurs.fid-7b1c8a4a_1943c5e84ca_67aa,Maritime,Bas-Mono,Bas-Mono 1,Afagnangan,POINT (1.6424044512304117 6.485046932590734),ATTITOGON-AFAGNAN
_mview_route_ralentisseurs.fid-7b1c8a4a_1943c5e84ca_67ab,Maritime,Bas-Mono,Bas-Mono 2,Hompou,POINT (1.6664483316099015 6.3714383316115395),
_mview_route_ralentisseurs.fid-7b1c8a4a_1943c5e84ca_67ac,Maritime,Bas-Mono,Bas-Mono 2,Agome-Glozou,POINT (1.6947590062315971 6.541289554888167),
_mview_route_ralentisseurs.fid-7b1c8a4a_1943c5e84ca_67ad,Maritime,Bas-Mono,Bas-Mono 2,Agome-Glozou,POINT (1.6942052640767278 6.541003114724715),
_mview_route_ralentisseurs.fid-7b1c8a4a_1943c5e84ca_67ae,Maritime,Bas-Mono,Bas-Mono 1,Afagnangan,POINT (1.6307838363157308 6.492988207588939),
_mview_route_ralentisseurs.fid-7b1c8a4a_1943c5e84ca_67af,Maritime,Bas-Mono,Bas-Mono 1,Afagnan-Gbléta,POINT (1.6410793685093878 6.430533662318732),
_mview_route_ralentisseurs.fid-7b1c8a4a_1943c5e84ca_67b0,Maritime,Bas-Mono,Bas-Mono 1,Afagnan-Gbléta,POINT (1.6411765874881599 6.43045413961476),
_mview_route_ralentisseurs.fid-7b1c8a4a_1943c5e84ca_67b1,Maritime,Bas-Mono,Bas-Mono 2,Agome-Glozou,POINT (1.6660835271801846 6.55363886157214),
_mview_route_ralentisseurs.fid-7b1c8a4a_1943c5e84ca_67b2,Maritime,Bas-Mono,Bas-Mono 2,Agome-Glozou,POINT (1.6645385274645592 6.5545788305561965),TGRMRTRN36A AFAGNAN-AGOMEGLOZOU
_mview_route_ralentisseurs.fid-7b1c8a4a_1943c5e84ca_67b3,Maritime,Bas-Mono,Bas-Mono 2,Agome-Glozou,POINT (1.6647025360524534 6.554274586178075),TGRMRTRN36A AFAGNAN-AGOMEGLOZOU
_mview_route_ralentisseurs.fid-7b1c8a4a_1943c5e84ca_67b4,Maritime,Bas-Mono,Bas-Mono 2,Agome-Glozou,POINT (1.6657622518347324 6.560166942333669),TGRMRTRN36A AFAGNAN-AGOMEGLOZOU
_mview_route_ralentisseurs.fid-7b1c8a4a_1943c5e84ca_67b5,Maritime,Bas-Mono,Bas-Mono 2,Agome-Glozou,POINT (1.6639161273347196 6.564645991002634),TGRMRTRN36A AFAGNAN-AGOMEGLOZOU
_mview_route_ralentisseurs.fid-7b1c8a4a_1943c5e84ca_67b6,Maritime,Bas-Mono,Bas-Mono 2,Agome-Glozou,POINT (1.6641514552949326 6.564217518355743),TGRMRTRN36A AFAGNAN-AGOMEGLOZOU
_mview_route_ralentisseurs.fid-7b1c8a4a_1943c5e84ca_67b7,Maritime,Bas-Mono,Bas-Mono 2,Agome-Glozou,POINT (1.6651248528575113 6.552498073643978),TGRMRTRN36A AFAGNAN-AGOMEGLOZOU
_mview_route_ralentisseurs.fid-7b1c8a4a_1943c5e84ca_67b8,Maritime,Bas-Mono,Bas-Mono 2,Agome-Glozou,POINT (1.6657650363399683 6.560149217679988),TGRMRTRN36A AFAGNAN-AGOMEGLOZOU
_mview_route_ralentisseurs.fid-7b1c8a4a_1943c5e84ca_67b9,Maritime,Bas-Mono,Bas-Mono 1,Afagnangan,POINT (1.636680632970412 6.47753248999543),
_mview_route_ralentisseurs.fid-7b1c8a4a_1943c5e84ca_67ba,Maritime,Bas-Mono,Bas-Mono 1,Afagnangan,POINT (1.6380597822341658 6.47997843382323),
_mview_route_ralentisseurs.fid-7b1c8a4a_1943c5e84ca_67bb,Maritime,Bas-Mono,Bas-Mono 1,Afagnangan,POINT (1.6398828111655337 6.477149253203577),
_mview_route_ralentisseurs.fid-7b1c8a4a_1943c5e84ca_67bc,Maritime,Bas-Mono,Bas-Mono 2,Agbétiko,POINT (1.7387461542822291 6.470483277032371),
_mview_route_ralentisseurs.fid-7b1c8a4a_1943c5e84ca_67bd,Maritime,Bas-Mono,Bas-Mono 1,Afagnangan,POINT (1.635572202434702 6.4809649592101275),
_mview_route_ralentisseurs.fid-7b1c8a4a_1943c5e84ca_67be,Maritime,Bas-Mono,Bas-Mono 1,Afagnangan,POINT (1.6352161896083959 6.481102772138813),
_mview_route_ralentisseurs.fid-7b1c8a4a_1943c5e84ca_67bf,Maritime,Bas-Mono,Bas-Mono 1,Afagnangan,POINT (1.635110620095073 6.481181116645354),
_mview_route_ralentisseurs.fid-7b1c8a4a_1943c5e84ca_67c0,Maritime,Bas-Mono,Bas-Mono 1,Afagnan-Gbléta,POINT (1.6179598879120127 6.409616242506171),
_mview_route_ralentisseurs.fid-7b1c8a4a_1943c5e84ca_67c1,Maritime,Bas-Mono,Bas-Mono 1,Afagnan-Gbléta,POINT (1.6525436706817382 6.532714471807656),TGRMRTRN36A AFAGNAN-AGOMEGLOZOU
_mview_route_ralentisseurs.fid-7b1c8a4a_1943c5e84ca_67c2,Maritime,Bas-Mono,Bas-Mono 1,Afagnangan,POINT (1.6392960426174443 6.513416487068803),
_mview_route_ralentisseurs.fid-7b1c8a4a_1943c5e84ca_67c3,Maritime,Bas-Mono,Bas-Mono 1,Afagnan-Gbléta,POINT (1.654637412528803 6.523714593680061),
_mview_route_ralentisseurs.fid-7b1c8a4a_1943c5e84ca_67c4,Maritime,Bas-Mono,Bas-Mono 1,Afagnangan,POINT (1.6320177553665323 6.503996723160683),
_mview_route_ralentisseurs.fid-7b1c8a4a_1943c5e84ca_67c5,Maritime,Bas-Mono,Bas-Mono 2,Attitogon,POINT (1.653366605364124 6.37356165113431),ATTITOGON-ATTISSO KONDJI-ATOETA
_mview_route_ralentisseurs.fid-7b1c8a4a_1943c5e84ca_67c6,Maritime,Bas-Mono,Bas-Mono 1,Afagnan-Gbléta,POINT (1.605380991891521 6.513187230841856),AFAGNAN GBLETA ( YESSOUVITO )
_mview_route_ralentisseurs.fid-7b1c8a4a_1943c5e84ca_67c7,Maritime,Bas-Mono,Bas-Mono 1,Afagnan-Gbléta,POINT (1.6056663354561196 6.512873356387876),AFAGNAN GBLETA ( YESSOUVITO )
_mview_route_ralentisseurs.fid-7b1c8a4a_1943c5e84ca_67c8,Maritime,Bas-Mono,Bas-Mono 1,Afagnan-Gbléta,POINT (1.6052047286883782 6.513370838261604),AFAGNAN GBLETA ( YESSOUVITO )
_mview_route_ralentisseurs.fid-7b1c8a4a_1943c5e84ca_67c9,Maritime,Bas-Mono,Bas-Mono 1,Afagnan-Gbléta,POINT (1.6048177283321343 6.5137272773798),AFAGNAN GBLETA ( YESSOUVITO )
_mview_route_ralentisseurs.fid-7b1c8a4a_1943c5e84ca_67ca,Maritime,Bas-Mono,Bas-Mono 1,Afagnan-Gbléta,POINT (1.6059006572989567 6.51257711841088),AFAGNAN GBLETA ( YESSOUVITO )
_mview_route_ralentisseurs.fid-7b1c8a4a_1943c5e84ca_67cb,Maritime,Bas-Mono,Bas-Mono 1,Afagnan-Gbléta,POINT (1.6124357517936383 6.510769714970141),
_mview_route_ralentisseurs.fid-7b1c8a4a_1943c5e84ca_67cc,Maritime,Bas-Mono,Bas-Mono 2,Attitogon,POINT (1.663199615927582 6.471765600266426),
_mview_route_ralentisseurs.fid-7b1c8a4a_1943c5e84ca_67cd,Kara,Binah,Binah 1,Solla,POINT (1.3413882901540897 9.99893896115451),
_mview_route_ralentisseurs.fid-7b1c8a4a_1943c5e84ca_67ce,Kara,Bassar,Bassar 3,Kabou,POINT (0.8134881187847224 9.454467566317785),TGRKRRRN19 KARA-KABOU-FRE GHANA
_mview_route_ralentisseurs.fid-7b1c8a4a_1943c5e84ca_67cf,Kara,Bassar,Bassar 3,Kabou,POINT (0.8153725533557434 9.454967957057749),TGRKRRRN19 KARA-KABOU-FRE GHANA
_mview_route_ralentisseurs.fid-7b1c8a4a_1943c5e84ca_67d0,Kara,Bassar,Bassar 2,Bangeli,POINT (0.677009131170942 9.424720993429974),
_mview_route_ralentisseurs.fid-7b1c8a4a_1943c5e84ca_67d1,Kara,Bassar,Bassar 2,Bitchabe,POINT (0.5892739939976764 9.357797896641301),TGRKRTRN39 RN17 BASSAR-BITCHABE-RN19
_mview_route_ralentisseurs.fid-7b1c8a4a_1943c5e84ca_67d2,Kara,Bassar,Bassar 2,Bitchabe,POINT (0.5889769402563569 9.358582257616368),TGRKRTRN39 RN17 BASSAR-BITCHABE-RN19
_mview_route_ralentisseurs.fid-7b1c8a4a_1943c5e84ca_67d3,Kara,Bassar,Bassar 2,Bitchabe,POINT (0.58837101560463 9.360020720543723),TGRKRTRN39 RN17 BASSAR-BITCHABE-RN19
_mview_route_ralentisseurs.fid-7b1c8a4a_1943c5e84ca_67d4,Kara,Bassar,Bassar 2,Bitchabe,POINT (0.5879265707890278 9.36108960235833),TGRKRTRN39 RN17 BASSAR-BITCHABE-RN19
_mview_route_ralentisseurs.fid-7b1c8a4a_1943c5e84ca_67d5,Kara,Bassar,Bassar 2,Bitchabe,POINT (0.5877122708710729 9.361625867852414),TGRKRTRN39 RN17 BASSAR-BITCHABE-RN19
_mview_route_ralentisseurs.fid-7b1c8a4a_1943c5e84ca_67d6,Kara,Bassar,Bassar 2,Bitchabe,POINT (0.5871824339644218 9.362817458578565),TGRKRTRN39 RN17 BASSAR-BITCHABE-RN19
_mview_route_ralentisseurs.fid-7b1c8a4a_1943c5e84ca_67d7,Kara,Bassar,Bassar 2,Bitchabe,POINT (0.6366905456421975 9.30722592306082),TGRKRTRN39 RN17 BASSAR-BITCHABE-RN19
_mview_route_ralentisseurs.fid-7b1c8a4a_1943c5e84ca_67d8,Kara,Binah,Binah 1,Solla,POINT (1.3392727842795595 9.961592566532717),
_mview_route_ralentisseurs.fid-7b1c8a4a_1943c5e84ca_67d9,Kara,Bassar,Bassar 2,Bitchabe,POINT (0.5862402067211024 9.323382568350471),TGRKRTRN39 RN17 BASSAR-BITCHABE-RN19
_mview_route_ralentisseurs.fid-7b1c8a4a_1943c5e84ca_67da,Kara,Bassar,Bassar 2,Bitchabe,POINT (0.5855932907596502 9.32336769727042),TGRKRTRN39 RN17 BASSAR-BITCHABE-RN19
_mview_route_ralentisseurs.fid-7b1c8a4a_1943c5e84ca_67db,Kara,Bassar,Bassar 2,Bitchabe,POINT (0.584803061127989 9.32346279404418),TGRKRTRN39 RN17 BASSAR-BITCHABE-RN19
_mview_route_ralentisseurs.fid-7b1c8a4a_1943c5e84ca_67dc,Kara,Bassar,Bassar 2,Bitchabe,POINT (0.5844364688986113 9.323486652809496),TGRKRTRN39 RN17 BASSAR-BITCHABE-RN19
_mview_route_ralentisseurs.fid-7b1c8a4a_1943c5e84ca_67dd,Kara,Bassar,Bassar 2,Bitchabe,POINT (0.5885875199797733 9.35952084003419),TGRKRTRN39 RN17 BASSAR-BITCHABE-RN19
_mview_route_ralentisseurs.fid-7b1c8a4a_1943c5e84ca_67de,Kara,Bassar,Bassar 2,Bitchabe,POINT (0.5889393433891875 9.358691521149838),TGRKRTRN39 RN17 BASSAR-BITCHABE-RN19
_mview_route_ralentisseurs.fid-7b1c8a4a_1943c5e84ca_67df,Kara,Bassar,Bassar 2,Bitchabe,POINT (0.5894242807570013 9.357384128116133),TGRKRTRN39 RN17 BASSAR-BITCHABE-RN19
_mview_route_ralentisseurs.fid-7b1c8a4a_1943c5e84ca_67e0,Kara,Bassar,Bassar 2,Bitchabe,POINT (0.5881374060030226 9.360633637245643),TGRKRTRN39 RN17 BASSAR-BITCHABE-RN19
_mview_route_ralentisseurs.fid-7b1c8a4a_1943c5e84ca_67e1,Kara,Bassar,Bassar 2,Bitchabe,POINT (0.5866587025179605 9.323279226248141),TGRKRTRN39 RN17 BASSAR-BITCHABE-RN19
_mview_route_ralentisseurs.fid-7b1c8a4a_1943c5e84ca_67e2,Kara,Bassar,Bassar 2,Bitchabe,POINT (0.5871818339750983 9.323010337604021),TGRKRTRN39 RN17 BASSAR-BITCHABE-RN19
_mview_route_ralentisseurs.fid-7b1c8a4a_1943c5e84ca_67e3,Kara,Bassar,Bassar 2,Bitchabe,POINT (0.6372753910001482 9.306925670036897),TGRKRTRN39 RN17 BASSAR-BITCHABE-RN19
_mview_route_ralentisseurs.fid-7b1c8a4a_1943c5e84ca_67e4,Kara,Bassar,Bassar 2,Bitchabe,POINT (0.6385757535352248 9.306226525090024),TGRKRTRN39 RN17 BASSAR-BITCHABE-RN19
_mview_route_ralentisseurs.fid-7b1c8a4a_1943c5e84ca_67e5,Kara,Bassar,Bassar 1,Bassar,POINT (0.7537492020760234 9.252381298703664),TGRKRTRN39 RN17 BASSAR-BITCHABE-RN19
_mview_route_ralentisseurs.fid-7b1c8a4a_1943c5e84ca_67e6,Kara,Bassar,Bassar 1,Bassar,POINT (0.7654921301177855 9.25379133988289),TGRKRTRN39 RN17 BASSAR-BITCHABE-RN19
_mview_route_ralentisseurs.fid-7b1c8a4a_1943c5e84ca_67e7,Kara,Bassar,Bassar 1,Bassar,POINT (0.7726474310041347 9.25737081419058),TGRKRTRN39 RN17 BASSAR-BITCHABE-RN19
_mview_route_ralentisseurs.fid-7b1c8a4a_1943c5e84ca_67e8,Kara,Bassar,Bassar 1,Bassar,POINT (0.7745430602662393 9.25720408735671),TGRKRTRN39 RN17 BASSAR-BITCHABE-RN19
_mview_route_ralentisseurs.fid-7b1c8a4a_1943c5e84ca_67e9,Kara,Bassar,Bassar 1,Bassar,POINT (0.7734233477509228 9.257296958147872),TGRKRTRN39 RN17 BASSAR-BITCHABE-RN19
_mview_route_ralentisseurs.fid-7b1c8a4a_1943c5e84ca_67ea,Kara,Bassar,Bassar 1,Bassar,POINT (0.7727335457146489 9.25736053712603),TGRKRTRN39 RN17 BASSAR-BITCHABE-RN19
_mview_route_ralentisseurs.fid-7b1c8a4a_1943c5e84ca_67eb,Kara,Bassar,Bassar 1,Bassar,POINT (0.754839270990535 9.252287748181773),TGRKRTRN39 RN17 BASSAR-BITCHABE-RN19
_mview_route_ralentisseurs.fid-7b1c8a4a_1943c5e84ca_67ec,Kara,Bassar,Bassar 1,Bassar,POINT (0.7542484998330224 9.252336818549303),TGRKRTRN39 RN17 BASSAR-BITCHABE-RN19
_mview_route_ralentisseurs.fid-7b1c8a4a_1943c5e84ca_67ed,Kara,Bassar,Bassar 1,Bassar,POINT (0.7538058717025173 9.252376166385048),TGRKRTRN39 RN17 BASSAR-BITCHABE-RN19
_mview_route_ralentisseurs.fid-7b1c8a4a_1943c5e84ca_67ee,Kara,Bassar,Bassar 1,Bassar,POINT (0.7555634863633707 9.25224804793564),TGRKRTRN39 RN17 BASSAR-BITCHABE-RN19
_mview_route_ralentisseurs.fid-7b1c8a4a_1943c5e84ca_67ef,Kara,Bassar,Bassar 1,Bassar,POINT (0.7660124376641371 9.2341852183691),
_mview_route_ralentisseurs.fid-7b1c8a4a_1943c5e84ca_67f0,Kara,Bassar,Bassar 1,Bassar,POINT (0.7842334193918437 9.2235336454595),
_mview_route_ralentisseurs.fid-7b1c8a4a_1943c5e84ca_67f1,Kara,Bassar,Bassar 1,Bassar,POINT (0.7851325897087836 9.224798823343068),
_mview_route_ralentisseurs.fid-7b1c8a4a_1943c5e84ca_67f2,Kara,Bassar,Bassar 1,Bassar,POINT (0.7885743374691522 9.229889955611474),
_mview_route_ralentisseurs.fid-7b1c8a4a_1943c5e84ca_67f3,Kara,Bassar,Bassar 1,Bassar,POINT (0.789144877758941 9.231730338667182),
_mview_route_ralentisseurs.fid-7b1c8a4a_1943c5e84ca_67f4,Kara,Bassar,Bassar 1,Bassar,POINT (0.7892788705798423 9.23302325110208),
_mview_route_ralentisseurs.fid-7b1c8a4a_1943c5e84ca_67f5,Kara,Bassar,Bassar 1,Bassar,POINT (0.7878073468856697 9.266456917274077),TGRKVR BASSAR RN17 CONTOURNEMENT
_mview_route_ralentisseurs.fid-7b1c8a4a_1943c5e84ca_67f6,Kara,Bassar,Bassar 1,Bassar,POINT (0.7873301565830579 9.266369849416352),TGRKVR BASSAR RN17 CONTOURNEMENT
_mview_route_ralentisseurs.fid-7b1c8a4a_1943c5e84ca_67f7,Kara,Binah,Binah 2,Kémérida,POINT (1.3544232332614297 9.665751035386767),TGRKRRRN16 RN1 KARA-KETAO-KEMERIDA-FRE BENIN
_mview_route_ralentisseurs.fid-7b1c8a4a_1943c5e84ca_67f8,Kara,Binah,Binah 2,Kémérida,POINT (1.3591099036043828 9.669340260590978),TGRKRRRN16 RN1 KARA-KETAO-KEMERIDA-FRE BENIN
_mview_route_ralentisseurs.fid-7b1c8a4a_1943c5e84ca_67f9,Kara,Binah,Binah 1,Solla,POINT (1.3342440690026074 9.997970920619942),
_mview_route_ralentisseurs.fid-7b1c8a4a_1943c5e84ca_67fa,Kara,Binah,Binah 1,Solla,POINT (1.3392068359938323 9.994557837248587),
_mview_route_ralentisseurs.fid-7b1c8a4a_1943c5e84ca_67fb,Kara,Binah,Binah 1,Solla,POINT (1.341100284219056 9.972436323871738),
_mview_route_ralentisseurs.fid-7b1c8a4a_1943c5e84ca_67fc,Kara,Binah,Binah 1,Solla,POINT (1.3409997303867516 9.971851050753262),
_mview_route_ralentisseurs.fid-7b1c8a4a_1943c5e84ca_67fd,Kara,Binah,Binah 1,Solla,POINT (1.3394714232409846 9.967310978592934),
_mview_route_ralentisseurs.fid-7b1c8a4a_1943c5e84ca_67fe,Kara,Binah,Binah 1,Solla,POINT (1.339434732251233 9.966699964563137),
_mview_route_ralentisseurs.fid-7b1c8a4a_1943c5e84ca_67ff,Kara,Binah,Binah 1,Solla,POINT (1.3394173733469803 9.9663116591826),
_mview_route_ralentisseurs.fid-7b1c8a4a_1943c5e84ca_6800,Kara,Binah,Binah 1,Solla,POINT (1.33939082255408 9.965729817883185),
_mview_route_ralentisseurs.fid-7b1c8a4a_1943c5e84ca_6801,Kara,Binah,Binah 1,Solla,POINT (1.3388939900902863 9.960277775993749),
_mview_route_ralentisseurs.fid-7b1c8a4a_1943c5e84ca_6802,Kara,Binah,Binah 1,Solla,POINT (1.3382141211869996 9.959259458870305),
_mview_route_ralentisseurs.fid-7b1c8a4a_1943c5e84ca_6803,Kara,Binah,Binah 1,Solla,POINT (1.337072944915027 9.957547608295979),
_mview_route_ralentisseurs.fid-7b1c8a4a_1943c5e84ca_6804,Kara,Binah,Binah 1,Solla,POINT (1.336147137693246 9.956241222849837),
_mview_route_ralentisseurs.fid-7b1c8a4a_1943c5e84ca_6805,Kara,Binah,Binah 1,Solla,POINT (1.3352052425721717 9.954581752424287),
_mview_route_ralentisseurs.fid-7b1c8a4a_1943c5e84ca_6806,Kara,Binah,Binah 1,Solla,POINT (1.3346639511065215 9.953202481891461),
_mview_route_ralentisseurs.fid-7b1c8a4a_1943c5e84ca_6807,Kara,Binah,Binah 1,Solla,POINT (1.3340949421098052 9.95173851038163),
_mview_route_ralentisseurs.fid-7b1c8a4a_1943c5e84ca_6808,Kara,Binah,Binah 1,Solla,POINT (1.341240548415669 9.925459398642726),
_mview_route_ralentisseurs.fid-7b1c8a4a_1943c5e84ca_6809,Kara,Binah,Binah 1,Solla,POINT (1.3415387158793344 9.924961419885552),
_mview_route_ralentisseurs.fid-7b1c8a4a_1943c5e84ca_680a,Kara,Binah,Binah 1,Solla,POINT (1.342694346150701 9.922941433825406),
_mview_route_ralentisseurs.fid-7b1c8a4a_1943c5e84ca_680b,Kara,Binah,Binah 1,Solla,POINT (1.343502502615813 9.92142081002048),
_mview_route_ralentisseurs.fid-7b1c8a4a_1943c5e84ca_680c,Kara,Binah,Binah 1,Solla,POINT (1.3441154494820295 9.920200951994122),
_mview_route_ralentisseurs.fid-7b1c8a4a_1943c5e84ca_680d,Kara,Binah,Binah 1,Solla,POINT (1.3459690333407992 9.914237144637793),
_mview_route_ralentisseurs.fid-7b1c8a4a_1943c5e84ca_680e,Kara,Binah,Binah 1,Solla,POINT (1.3460829482289984 9.912215643987626),
_mview_route_ralentisseurs.fid-7b1c8a4a_1943c5e84ca_680f,Kara,Binah,Binah 1,Solla,POINT (1.3461852609079894 9.909577583346705),
_mview_route_ralentisseurs.fid-7b1c8a4a_1943c5e84ca_6810,Kara,Binah,Binah 1,Solla,POINT (1.3461635969390242 9.908020238101102),
_mview_route_ralentisseurs.fid-7b1c8a4a_1943c5e84ca_6811,Kara,Binah,Binah 1,Solla,POINT (1.346227346830137 9.904965865664783),
_mview_route_ralentisseurs.fid-7b1c8a4a_1943c5e84ca_6812,Kara,Binah,Binah 1,Solla,POINT (1.3469667790585835 9.902233268738057),
_mview_route_ralentisseurs.fid-7b1c8a4a_1943c5e84ca_6813,Kara,Binah,Binah 1,Solla,POINT (1.3475860300451672 9.90052527124396),
_mview_route_ralentisseurs.fid-7b1c8a4a_1943c5e84ca_6814,Kara,Binah,Binah 1,Solla,POINT (1.3478443233788573 9.899499462296049),
_mview_route_ralentisseurs.fid-7b1c8a4a_1943c5e84ca_6815,Kara,Binah,Binah 1,Solla,POINT (1.3480100942956625 9.898311594119162),
_mview_route_ralentisseurs.fid-7b1c8a4a_1943c5e84ca_6816,Kara,Binah,Binah 1,Solla,POINT (1.348227783324436 9.896845770345418),
_mview_route_ralentisseurs.fid-7b1c8a4a_1943c5e84ca_6817,Kara,Binah,Binah 1,Solla,POINT (1.3482594380262418 9.896530127884228),
_mview_route_ralentisseurs.fid-7b1c8a4a_1943c5e84ca_6818,Kara,Binah,Binah 1,Solla,POINT (1.3482993880325878 9.89621762558719),
_mview_route_ralentisseurs.fid-7b1c8a4a_1943c5e84ca_6819,Kara,Binah,Binah 1,Solla,POINT (1.348637409059041 9.893926624725028),
_mview_route_ralentisseurs.fid-7b1c8a4a_1943c5e84ca_681a,Kara,Binah,Binah 1,Solla,POINT (1.3486938927309262 9.893582379142208),
_mview_route_ralentisseurs.fid-7b1c8a4a_1943c5e84ca_681b,Kara,Binah,Binah 1,Solla,POINT (1.3488409360956393 9.89265745728969),
_mview_route_ralentisseurs.fid-7b1c8a4a_1943c5e84ca_681c,Kara,Binah,Binah 1,Solla,POINT (1.349068373858039 9.890713596934795),
_mview_route_ralentisseurs.fid-7b1c8a4a_1943c5e84ca_681d,Kara,Binah,Binah 1,Solla,POINT (1.3491096727122767 9.890396023092624),
_mview_route_ralentisseurs.fid-7b1c8a4a_1943c5e84ca_681e,Kara,Binah,Binah 1,Solla,POINT (1.3491469214428522 9.890090226953458),
_mview_route_ralentisseurs.fid-7b1c8a4a_1943c5e84ca_681f,Kara,Binah,Binah 1,Solla,POINT (1.3491248309974162 9.889711071975757),
_mview_route_ralentisseurs.fid-7b1c8a4a_1943c5e84ca_6820,Kara,Binah,Binah 1,Solla,POINT (1.3488157170425616 9.88901016006487),
_mview_route_ralentisseurs.fid-7b1c8a4a_1943c5e84ca_6821,Kara,Binah,Binah 1,Solla,POINT (1.3468693242062908 9.88577107956709),
_mview_route_ralentisseurs.fid-7b1c8a4a_1943c5e84ca_6822,Kara,Binah,Binah 1,Solla,POINT (1.3483789525374983 9.888006021553615),
_mview_route_ralentisseurs.fid-7b1c8a4a_1943c5e84ca_6823,Kara,Binah,Binah 1,Solla,POINT (1.3485778533439323 9.88600025329124),
_mview_route_ralentisseurs.fid-7b1c8a4a_1943c5e84ca_6824,Kara,Binah,Binah 1,Solla,POINT (1.3491137734869243 9.882776572719893),
_mview_route_ralentisseurs.fid-7b1c8a4a_1943c5e84ca_6825,Kara,Binah,Binah 1,Solla,POINT (1.3483027755395172 9.886131224225352),
_mview_route_ralentisseurs.fid-7b1c8a4a_1943c5e84ca_6826,Kara,Binah,Binah 1,Pagouda,POINT (1.2980681653663886 9.798553839287084),TGRKRTRN20 PAGOUDA-SIOU-NIAMTOUGOU
_mview_route_ralentisseurs.fid-7b1c8a4a_1943c5e84ca_6827,Kara,Binah,Binah 1,Pessaré,POINT (1.2437556653245578 9.796148130649753),TGRKRTRN20 PAGOUDA-SIOU-NIAMTOUGOU
_mview_route_ralentisseurs.fid-7b1c8a4a_1943c5e84ca_6828,Kara,Binah,Binah 1,Pessaré,POINT (1.2430404231131602 9.796222903492751),TGRKRTRN20 PAGOUDA-SIOU-NIAMTOUGOU
_mview_route_ralentisseurs.fid-7b1c8a4a_1943c5e84ca_6829,Kara,Binah,Binah 1,Pessaré,POINT (1.2279175663274415 9.800687718265838),TGRKRTRN20 PAGOUDA-SIOU-NIAMTOUGOU
_mview_route_ralentisseurs.fid-7b1c8a4a_1943c5e84ca_682a,Kara,Binah,Binah 1,Lama-Dessi,POINT (1.2287233333333816 9.743186585987365),
_mview_route_ralentisseurs.fid-7b1c8a4a_1943c5e84ca_682b,Kara,Binah,Binah 1,Pitikita,POINT (1.2331827966475457 9.750174794836994),
_mview_route_ralentisseurs.fid-7b1c8a4a_1943c5e84ca_682c,Kara,Binah,Binah 1,Pitikita,POINT (1.232959684695892 9.749724086830943),
_mview_route_ralentisseurs.fid-7b1c8a4a_1943c5e84ca_682d,Kara,Binah,Binah 1,Pitikita,POINT (1.232769139509425 9.74948413951006),
_mview_route_ralentisseurs.fid-7b1c8a4a_1943c5e84ca_682e,Kara,Binah,Binah 1,Pitikita,POINT (1.2307357031894934 9.746483712484),
_mview_route_ralentisseurs.fid-7b1c8a4a_1943c5e84ca_682f,Centrale,Blitta,Blitta 1,Yaloumbè,POINT (1.0834879178213446 8.307723507024546),
_mview_route_ralentisseurs.fid-7b1c8a4a_1943c5e84ca_6830,Centrale,Blitta,Blitta 1,Yaloumbè,POINT (1.0828726736179626 8.307163739906262),
_mview_route_ralentisseurs.fid-7b1c8a4a_1943c5e84ca_6831,Centrale,Blitta,Blitta 1,Yaloumbè,POINT (1.0822032656349136 8.306619461950824),
_mview_route_ralentisseurs.fid-7b1c8a4a_1943c5e84ca_6832,Centrale,Blitta,Blitta 1,Yaloumbè,POINT (1.0815158461666459 8.306062187298524),
_mview_route_ralentisseurs.fid-7b1c8a4a_1943c5e84ca_6833,Centrale,Blitta,Blitta 1,Tchaloudè,POINT (1.2233998791641219 8.372084658093428),
_mview_route_ralentisseurs.fid-7b1c8a4a_1943c5e84ca_6834,Centrale,Blitta,Blitta 2,Agbandi,POINT (1.0963836590647895 8.23860280461855),
_mview_route_ralentisseurs.fid-7b1c8a4a_1943c5e84ca_6835,Centrale,Blitta,Blitta 2,Agbandi,POINT (1.0962398395697655 8.238679806822665),
_mview_route_ralentisseurs.fid-7b1c8a4a_1943c5e84ca_6836,Centrale,Blitta,Blitta 2,Agbandi,POINT (1.0959809733194443 8.238814250771263),
_mview_route_ralentisseurs.fid-7b1c8a4a_1943c5e84ca_6837,Centrale,Blitta,Blitta 1,Blitta-Village,POINT (1.0338257753258204 8.363069669706606),
_mview_route_ralentisseurs.fid-7b1c8a4a_1943c5e84ca_6838,Centrale,Blitta,Blitta 2,Agbandi,POINT (1.1334760513113256 8.220833855377405),
_mview_route_ralentisseurs.fid-7b1c8a4a_1943c5e84ca_6839,Centrale,Blitta,Blitta 2,Agbandi,POINT (1.1332815401594247 8.220860717696581),
_mview_route_ralentisseurs.fid-7b1c8a4a_1943c5e84ca_683a,Centrale,Blitta,Blitta 2,Agbandi,POINT (1.1329895828667196 8.22090069226763),
_mview_route_ralentisseurs.fid-7b1c8a4a_1943c5e84ca_683b,Centrale,Blitta,Blitta 2,Agbandi,POINT (1.1375877335277131 8.1978704592036),
_mview_route_ralentisseurs.fid-7b1c8a4a_1943c5e84ca_683c,Centrale,Blitta,Blitta 2,Agbandi,POINT (1.1377459867506796 8.19770006497814),
_mview_route_ralentisseurs.fid-7b1c8a4a_1943c5e84ca_683d,Centrale,Blitta,Blitta 2,Agbandi,POINT (1.222712956976288 8.226300266671238),
_mview_route_ralentisseurs.fid-7b1c8a4a_1943c5e84ca_683e,Centrale,Blitta,Blitta 2,Agbandi,POINT (1.2226374331503829 8.22625344189523),
_mview_route_ralentisseurs.fid-7b1c8a4a_1943c5e84ca_683f,Centrale,Blitta,Blitta 2,Agbandi,POINT (1.2212334202617068 8.225600931602418),
_mview_route_ralentisseurs.fid-7b1c8a4a_1943c5e84ca_6840,Centrale,Blitta,Blitta 2,Agbandi,POINT (1.2208846119371068 8.225424020626274),
_mview_route_ralentisseurs.fid-7b1c8a4a_1943c5e84ca_6841,Centrale,Blitta,Blitta 2,Agbandi,POINT (1.2483014100360288 8.210234293632999),
_mview_route_ralentisseurs.fid-7b1c8a4a_1943c5e84ca_6842,Centrale,Blitta,Blitta 2,Agbandi,POINT (1.2434919634891983 8.209141534452113),
_mview_route_ralentisseurs.fid-7b1c8a4a_1943c5e84ca_6843,Centrale,Blitta,Blitta 2,Agbandi,POINT (1.2433371724003295 8.209124604781042),
_mview_route_ralentisseurs.fid-7b1c8a4a_1943c5e84ca_6844,Centrale,Blitta,Blitta 2,Agbandi,POINT (1.2576844934501066 8.176406401305279),
_mview_route_ralentisseurs.fid-7b1c8a4a_1943c5e84ca_6845,Centrale,Blitta,Blitta 2,Agbandi,POINT (1.2555983346973576 8.176533333338027),
_mview_route_ralentisseurs.fid-7b1c8a4a_1943c5e84ca_6846,Centrale,Blitta,Blitta 2,Agbandi,POINT (1.2501981580455144 8.177308552686588),
_mview_route_ralentisseurs.fid-7b1c8a4a_1943c5e84ca_6847,Centrale,Blitta,Blitta 1,Tchaloudè,POINT (1.113095343109703 8.251822497099932),
_mview_route_ralentisseurs.fid-7b1c8a4a_1943c5e84ca_6848,Centrale,Blitta,Blitta 1,Tchaloudè,POINT (1.1135150420837794 8.252091223578818),
_mview_route_ralentisseurs.fid-7b1c8a4a_1943c5e84ca_6849,Centrale,Blitta,Blitta 1,Tchaloudè,POINT (1.1138084808268243 8.252254898372145),
_mview_route_ralentisseurs.fid-7b1c8a4a_1943c5e84ca_684a,Centrale,Blitta,Blitta 1,Tchaloudè,POINT (1.1156575447367858 8.25323601790213),
_mview_route_ralentisseurs.fid-7b1c8a4a_1943c5e84ca_684b,Centrale,Blitta,Blitta 1,Tchaloudè,POINT (1.116621002685951 8.253689255375717),
_mview_route_ralentisseurs.fid-7b1c8a4a_1943c5e84ca_684c,Centrale,Blitta,Blitta 1,Tchaloudè,POINT (1.1171239214830666 8.253991042262191),
_mview_route_ralentisseurs.fid-7b1c8a4a_1943c5e84ca_684d,Centrale,Blitta,Blitta 1,Tchaloudè,POINT (1.1176076305834426 8.25420373496594),
_mview_route_ralentisseurs.fid-7b1c8a4a_1943c5e84ca_684e,Centrale,Blitta,Blitta 1,Tchaloudè,POINT (1.1180031396185517 8.254390589458463),
_mview_route_ralentisseurs.fid-7b1c8a4a_1943c5e84ca_684f,Centrale,Blitta,Blitta 1,Tchaloudè,POINT (1.123551484782316 8.257466176111418),
_mview_route_ralentisseurs.fid-7b1c8a4a_1943c5e84ca_6850,Centrale,Blitta,Blitta 1,Tchaloudè,POINT (1.1204660796184769 8.255579072680383),
_mview_route_ralentisseurs.fid-7b1c8a4a_1943c5e84ca_6851,Centrale,Blitta,Blitta 1,Tchaloudè,POINT (1.1208467299353901 8.255735760398489),
_mview_route_ralentisseurs.fid-7b1c8a4a_1943c5e84ca_6852,Centrale,Blitta,Blitta 1,Tchaloudè,POINT (1.1211648901727034 8.255940491490048),
_mview_route_ralentisseurs.fid-7b1c8a4a_1943c5e84ca_6853,Centrale,Blitta,Blitta 1,Tchaloudè,POINT (1.1212968572274813 8.256015805605674),
_mview_route_ralentisseurs.fid-7b1c8a4a_1943c5e84ca_6854,Centrale,Blitta,Blitta 1,Tchaloudè,POINT (1.1216505731190338 8.25619005108827),
_mview_route_ralentisseurs.fid-7b1c8a4a_1943c5e84ca_6855,Centrale,Blitta,Blitta 1,Tchaloudè,POINT (1.1225798834516918 8.256935368652636),
_mview_route_ralentisseurs.fid-7b1c8a4a_1943c5e84ca_6856,Centrale,Blitta,Blitta 1,Waragni,POINT (1.0226062225158818 8.27057206008404),
_mview_route_ralentisseurs.fid-7b1c8a4a_1943c5e84ca_6857,Centrale,Blitta,Blitta 1,Waragni,POINT (1.0327632968726317 8.269908733015399),
_mview_route_ralentisseurs.fid-7b1c8a4a_1943c5e84ca_6858,Centrale,Blitta,Blitta 2,Langabou,POINT (1.134258684670567 8.12938812069558),
_mview_route_ralentisseurs.fid-7b1c8a4a_1943c5e84ca_6859,Centrale,Blitta,Blitta 2,Langabou,POINT (1.1340901422878316 8.129393228031192),
_mview_route_ralentisseurs.fid-7b1c8a4a_1943c5e84ca_685a,Centrale,Blitta,Blitta 2,Tcharè-Baou,POINT (1.0172853059579825 8.058524323675153),
_mview_route_ralentisseurs.fid-7b1c8a4a_1943c5e84ca_685b,Centrale,Blitta,Blitta 2,Tcharè-Baou,POINT (1.01978018258637 8.05731862156636),
_mview_route_ralentisseurs.fid-7b1c8a4a_1943c5e84ca_685c,Centrale,Blitta,Blitta 2,Tcharè-Baou,POINT (1.0201103134109177 8.056631465406273),
_mview_route_ralentisseurs.fid-7b1c8a4a_1943c5e84ca_685d,Centrale,Blitta,Blitta 2,Tcharè-Baou,POINT (1.0205534005078505 8.044201508687522),
_mview_route_ralentisseurs.fid-7b1c8a4a_1943c5e84ca_685e,Centrale,Blitta,Blitta 2,Tcharè-Baou,POINT (1.0207252541500467 8.043795025317493),
_mview_route_ralentisseurs.fid-7b1c8a4a_1943c5e84ca_685f,Centrale,Blitta,Blitta 2,Langabou,POINT (1.2269233534668686 8.115945455832945),
_mview_route_ralentisseurs.fid-7b1c8a4a_1943c5e84ca_6860,Centrale,Blitta,Blitta 2,Langabou,POINT (1.2266560529698458 8.115717366317485),
_mview_route_ralentisseurs.fid-7b1c8a4a_1943c5e84ca_6861,Centrale,Blitta,Blitta 2,Langabou,POINT (1.2263979719947498 8.115515695729364),
_mview_route_ralentisseurs.fid-7b1c8a4a_1943c5e84ca_6862,Centrale,Blitta,Blitta 2,Langabou,POINT (1.2260596756333104 8.115323882063432),
_mview_route_ralentisseurs.fid-7b1c8a4a_1943c5e84ca_6863,Centrale,Blitta,Blitta 2,Langabou,POINT (1.2255957979368874 8.115021161269885),
_mview_route_ralentisseurs.fid-7b1c8a4a_1943c5e84ca_6864,Centrale,Blitta,Blitta 2,Langabou,POINT (1.225493576840156 8.114947105053815),
_mview_route_ralentisseurs.fid-7b1c8a4a_1943c5e84ca_6865,Centrale,Blitta,Blitta 2,Langabou,POINT (1.2251733858931089 8.114739959650732),
_mview_route_ralentisseurs.fid-7b1c8a4a_1943c5e84ca_6866,Centrale,Blitta,Blitta 2,Langabou,POINT (1.2249245434699096 8.11458762860697),
_mview_route_ralentisseurs.fid-7b1c8a4a_1943c5e84ca_6867,Centrale,Blitta,Blitta 2,Langabou,POINT (1.2247542329350747 8.114466729174021),
_mview_route_ralentisseurs.fid-7b1c8a4a_1943c5e84ca_6868,Centrale,Blitta,Blitta 2,Langabou,POINT (1.224650703524356 8.11439978991552),
_mview_route_ralentisseurs.fid-7b1c8a4a_1943c5e84ca_6869,Centrale,Blitta,Blitta 2,Langabou,POINT (1.2244898738991794 8.114329335900356),
_mview_route_ralentisseurs.fid-7b1c8a4a_1943c5e84ca_686a,Centrale,Blitta,Blitta 2,Langabou,POINT (1.2163792567013634 8.111474600653509),
_mview_route_ralentisseurs.fid-7b1c8a4a_1943c5e84ca_686b,Centrale,Blitta,Blitta 2,Langabou,POINT (1.2160209174468413 8.111418045215817),
_mview_route_ralentisseurs.fid-7b1c8a4a_1943c5e84ca_686c,Centrale,Blitta,Blitta 2,Langabou,POINT (1.2112310766372847 8.112948877313212),
_mview_route_ralentisseurs.fid-7b1c8a4a_1943c5e84ca_686d,Centrale,Blitta,Blitta 2,Langabou,POINT (1.2111235963176181 8.112993244184498),
_mview_route_ralentisseurs.fid-7b1c8a4a_1943c5e84ca_686e,Centrale,Blitta,Blitta 2,Langabou,POINT (1.2078725301496418 8.114108327313817),
_mview_route_ralentisseurs.fid-7b1c8a4a_1943c5e84ca_686f,Centrale,Blitta,Blitta 2,Langabou,POINT (1.2075837877834394 8.114218853617615),
_mview_route_ralentisseurs.fid-7b1c8a4a_1943c5e84ca_6870,Centrale,Blitta,Blitta 2,Langabou,POINT (1.207307488886458 8.114305264877334),
_mview_route_ralentisseurs.fid-7b1c8a4a_1943c5e84ca_6871,Centrale,Blitta,Blitta 2,Langabou,POINT (1.2070023689384786 8.114392617161236),
_mview_route_ralentisseurs.fid-7b1c8a4a_1943c5e84ca_6872,Centrale,Blitta,Blitta 2,Langabou,POINT (1.1401464082082562 8.119233919861061),
_mview_route_ralentisseurs.fid-7b1c8a4a_1943c5e84ca_6873,Centrale,Blitta,Blitta 2,Langabou,POINT (1.1380849854741197 8.118677168232677),
_mview_route_ralentisseurs.fid-7b1c8a4a_1943c5e84ca_6874,Centrale,Blitta,Blitta 2,Langabou,POINT (1.137699924063963 8.118528075701676),
_mview_route_ralentisseurs.fid-7b1c8a4a_1943c5e84ca_6875,Centrale,Blitta,Blitta 2,Koffiti,POINT (1.1902561302234596 8.066746244741108),
_mview_route_ralentisseurs.fid-7b1c8a4a_1943c5e84ca_6876,Centrale,Blitta,Blitta 2,Koffiti,POINT (1.1869857786749995 8.06334710975017),
_mview_route_ralentisseurs.fid-7b1c8a4a_1943c5e84ca_6877,Centrale,Blitta,Blitta 2,Tcharè-Baou,POINT (1.0206053359002896 8.100933959292739),
_mview_route_ralentisseurs.fid-7b1c8a4a_1943c5e84ca_6878,Centrale,Blitta,Blitta 2,Tcharè-Baou,POINT (1.0213643300593593 8.100925329168744),
_mview_route_ralentisseurs.fid-7b1c8a4a_1943c5e84ca_6879,Centrale,Blitta,Blitta 2,Tcharè-Baou,POINT (1.0275594665051915 8.067890730552875),
_mview_route_ralentisseurs.fid-7b1c8a4a_1943c5e84ca_687a,Centrale,Blitta,Blitta 2,Tcharè-Baou,POINT (1.0271680951665918 8.067788004261184),
_mview_route_ralentisseurs.fid-7b1c8a4a_1943c5e84ca_687b,Centrale,Blitta,Blitta 2,Langabou,POINT (1.1988521492848832 8.107601545736735),
_mview_route_ralentisseurs.fid-7b1c8a4a_1943c5e84ca_687c,Centrale,Blitta,Blitta 2,Langabou,POINT (1.1987924933976308 8.107496319397354),
_mview_route_ralentisseurs.fid-7b1c8a4a_1943c5e84ca_687d,Centrale,Blitta,Blitta 2,Langabou,POINT (1.1996345644901358 8.105614555727048),
_mview_route_ralentisseurs.fid-7b1c8a4a_1943c5e84ca_687e,Centrale,Blitta,Blitta 2,Langabou,POINT (1.2187275529088217 8.110383160981732),
_mview_route_ralentisseurs.fid-7b1c8a4a_1943c5e84ca_687f,Centrale,Blitta,Blitta 2,Langabou,POINT (1.2199087501626285 8.10453002062533),
_mview_route_ralentisseurs.fid-7b1c8a4a_1943c5e84ca_6880,Centrale,Blitta,Blitta 2,Langabou,POINT (1.2209882515902455 8.099296433098283),
_mview_route_ralentisseurs.fid-7b1c8a4a_1943c5e84ca_6881,Centrale,Blitta,Blitta 2,Langabou,POINT (1.2211927602551185 8.099196547815714),
_mview_route_ralentisseurs.fid-7b1c8a4a_1943c5e84ca_6882,Centrale,Blitta,Blitta 2,Langabou,POINT (1.2562550782653221 8.079030076868573),
_mview_route_ralentisseurs.fid-7b1c8a4a_1943c5e84ca_6883,Centrale,Blitta,Blitta 2,Langabou,POINT (1.256182445177614 8.078805705281797),
_mview_route_ralentisseurs.fid-7b1c8a4a_1943c5e84ca_6884,Centrale,Blitta,Blitta 2,Langabou,POINT (1.2561300909391457 8.078374279517986),
_mview_route_ralentisseurs.fid-7b1c8a4a_1943c5e84ca_6885,Centrale,Blitta,Blitta 2,Langabou,POINT (1.2561250297293678 8.078158443762419),
_mview_route_ralentisseurs.fid-7b1c8a4a_1943c5e84ca_6886,Centrale,Blitta,Blitta 2,Koffiti,POINT (1.156210818839446 8.049652295138403),SAMOURE KONDJI-EDJARE KOPE
_mview_route_ralentisseurs.fid-7b1c8a4a_1943c5e84ca_6887,Centrale,Blitta,Blitta 3,Welly,POINT (0.877961637664548 8.082144158234076),
_mview_route_ralentisseurs.fid-7b1c8a4a_1943c5e84ca_6888,Centrale,Blitta,Blitta 3,Welly,POINT (0.8776859278896423 8.081749024035801),
_mview_route_ralentisseurs.fid-7b1c8a4a_1943c5e84ca_6889,Centrale,Blitta,Blitta 3,Welly,POINT (0.8773740937114912 8.081223445982014),
_mview_route_ralentisseurs.fid-7b1c8a4a_1943c5e84ca_688a,Centrale,Blitta,Blitta 1,Doufouli,POINT (0.9359896765139318 8.307618710597552),
_mview_route_ralentisseurs.fid-7b1c8a4a_1943c5e84ca_688b,Centrale,Blitta,Blitta 1,Doufouli,POINT (0.9294006404217116 8.307611853408133),
_mview_route_ralentisseurs.fid-7b1c8a4a_1943c5e84ca_688c,Centrale,Blitta,Blitta 3,Tintchro,POINT (0.7147643193560776 8.063950298284109),TIFAMA-ASSOKOKO
_mview_route_ralentisseurs.fid-7b1c8a4a_1943c5e84ca_688d,Centrale,Blitta,Blitta 3,Tintchro,POINT (0.7153020916843262 8.064383821261004),TIFAMA-ASSOKOKO
_mview_route_ralentisseurs.fid-7b1c8a4a_1943c5e84ca_688e,Centrale,Blitta,Blitta 3,Tintchro,POINT (0.716258776935148 8.065098445722164),TIFAMA-ASSOKOKO
_mview_route_ralentisseurs.fid-7b1c8a4a_1943c5e84ca_688f,Centrale,Blitta,Blitta 3,Tintchro,POINT (0.7608412213140818 8.083823752444674),TIFAMA-ASSOKOKO
_mview_route_ralentisseurs.fid-7b1c8a4a_1943c5e84ca_6890,Centrale,Blitta,Blitta 3,Tintchro,POINT (0.7611026380862993 8.083899865308465),TIFAMA-ASSOKOKO
_mview_route_ralentisseurs.fid-7b1c8a4a_1943c5e84ca_6891,Centrale,Blitta,Blitta 3,Tintchro,POINT (0.7614228679340782 8.083984657821368),TIFAMA-ASSOKOKO
_mview_route_ralentisseurs.fid-7b1c8a4a_1943c5e84ca_6892,Centrale,Blitta,Blitta 3,Tintchro,POINT (0.7720579730080821 8.128995786806648),TIFAMA-ASSOKOKO
_mview_route_ralentisseurs.fid-7b1c8a4a_1943c5e84ca_6893,Centrale,Blitta,Blitta 3,Tintchro,POINT (0.7909883746712524 8.14148329440881),TIFAMA-ASSOKOKO
_mview_route_ralentisseurs.fid-7b1c8a4a_1943c5e84ca_6894,Centrale,Blitta,Blitta 3,Tintchro,POINT (0.790595457539147 8.141008742468978),TIFAMA-ASSOKOKO
_mview_route_ralentisseurs.fid-7b1c8a4a_1943c5e84ca_6895,Centrale,Blitta,Blitta 3,Tintchro,POINT (0.7903105050270605 8.14068539820213),TIFAMA-ASSOKOKO
_mview_route_ralentisseurs.fid-7b1c8a4a_1943c5e84ca_6896,Centrale,Blitta,Blitta 2,Koffiti,POINT (1.1014175675245883 8.069649549525607),
_mview_route_ralentisseurs.fid-7b1c8a4a_1943c5e84ca_6897,Centrale,Blitta,Blitta 3,Welly,POINT (0.9973872617523633 8.032858558405353),
_mview_route_ralentisseurs.fid-7b1c8a4a_1943c5e84ca_6898,Centrale,Blitta,Blitta 3,Katchenkè,POINT (0.6872462165771442 8.177512183806597),
_mview_route_ralentisseurs.fid-7b1c8a4a_1943c5e84ca_6899,Centrale,Blitta,Blitta 3,Katchenkè,POINT (0.6870613652439909 8.177180240758096),
_mview_route_ralentisseurs.fid-7b1c8a4a_1943c5e84ca_689a,Centrale,Blitta,Blitta 3,Katchenkè,POINT (0.7097294515639286 8.213783169438022),
_mview_route_ralentisseurs.fid-7b1c8a4a_1943c5e84ca_689b,Centrale,Blitta,Blitta 3,Katchenkè,POINT (0.7055802045259651 8.220153088924961),
_mview_route_ralentisseurs.fid-7b1c8a4a_1943c5e84ca_689c,Centrale,Blitta,Blitta 3,Katchenkè,POINT (0.7053046625853193 8.220857763405172),
_mview_route_ralentisseurs.fid-7b1c8a4a_1943c5e84ca_689d,Centrale,Blitta,Blitta 3,Katchenkè,POINT (0.704968998725243 8.221851213082525),
_mview_route_ralentisseurs.fid-7b1c8a4a_1943c5e84ca_689e,Centrale,Blitta,Blitta 3,Katchenkè,POINT (0.7037773404776488 8.22619091002619),
_mview_route_ralentisseurs.fid-7b1c8a4a_1943c5e84ca_689f,Centrale,Blitta,Blitta 3,Katchenkè,POINT (0.7036921512793455 8.226783293570206),
_mview_route_ralentisseurs.fid-7b1c8a4a_1943c5e84ca_68a0,Centrale,Blitta,Blitta 3,Katchenkè,POINT (0.7037004765077781 8.22716881788727),
_mview_route_ralentisseurs.fid-7b1c8a4a_1943c5e84ca_68a1,Centrale,Blitta,Blitta 3,Katchenkè,POINT (0.7037653879001798 8.227558907215814),
_mview_route_ralentisseurs.fid-7b1c8a4a_1943c5e84ca_68a2,Centrale,Blitta,Blitta 3,Katchenkè,POINT (0.7038754668275621 8.227822569951181),
_mview_route_ralentisseurs.fid-7b1c8a4a_1943c5e84ca_68a3,Centrale,Blitta,Blitta 3,Katchenkè,POINT (0.7086399391922815 8.238509498306547),
_mview_route_ralentisseurs.fid-7b1c8a4a_1943c5e84ca_68a4,Centrale,Blitta,Blitta 1,Blitta,POINT (0.9495188435995101 8.362088038454193),
_mview_route_ralentisseurs.fid-7b1c8a4a_1943c5e84ca_68a5,Centrale,Blitta,Blitta 1,Blitta,POINT (0.9493061157406947 8.362486355642188),
_mview_route_ralentisseurs.fid-7b1c8a4a_1943c5e84ca_68a6,Centrale,Blitta,Blitta 1,Blitta,POINT (0.9478379388272128 8.364808310683474),
_mview_route_ralentisseurs.fid-7b1c8a4a_1943c5e84ca_68a7,Centrale,Blitta,Blitta 3,Atchintsè,POINT (0.681520238471003 8.025720422780603),
_mview_route_ralentisseurs.fid-7b1c8a4a_1943c5e84ca_68a8,Centrale,Blitta,Blitta 3,Atchintsè,POINT (0.6615519309396052 8.003804506786024),
_mview_route_ralentisseurs.fid-7b1c8a4a_1943c5e84ca_68a9,Centrale,Blitta,Blitta 3,Atchintsè,POINT (0.6609421130170545 8.003836620585698),
_mview_route_ralentisseurs.fid-7b1c8a4a_1943c5e84ca_68aa,Centrale,Blitta,Blitta 3,Atchintsè,POINT (0.6854262028238478 8.033204027116417),
_mview_route_ralentisseurs.fid-7b1c8a4a_1943c5e84ca_68ab,Centrale,Blitta,Blitta 3,Atchintsè,POINT (0.6824415014109538 8.03029148062492),
_mview_route_ralentisseurs.fid-7b1c8a4a_1943c5e84ca_68ac,Centrale,Blitta,Blitta 3,Atchintsè,POINT (0.6814788088710741 8.028167131643631),
_mview_route_ralentisseurs.fid-7b1c8a4a_1943c5e84ca_68ad,Centrale,Blitta,Blitta 3,Atchintsè,POINT (0.6814034248605848 8.027070039440376),
_mview_route_ralentisseurs.fid-7b1c8a4a_1943c5e84ca_68ae,Centrale,Blitta,Blitta 3,Atchintsè,POINT (0.6814215657686384 8.02632868100269),
_mview_route_ralentisseurs.fid-7b1c8a4a_1943c5e84ca_68af,Centrale,Blitta,Blitta 3,Atchintsè,POINT (0.6590633241794874 8.001164347187398),
_mview_route_ralentisseurs.fid-7b1c8a4a_1943c5e84ca_68b0,Centrale,Blitta,Blitta 3,Atchintsè,POINT (0.6588252853467761 7.999306616976615),
_mview_route_ralentisseurs.fid-7b1c8a4a_1943c5e84ca_68b1,Centrale,Blitta,Blitta 3,Tchifama,POINT (0.8086773468501788 8.188447690650365),TIFAMA-ASSOKOKO
_mview_route_ralentisseurs.fid-7b1c8a4a_1943c5e84ca_68b2,Centrale,Blitta,Blitta 3,M'Poti,POINT (0.8114277671477657 8.214846578365295),
_mview_route_ralentisseurs.fid-7b1c8a4a_1943c5e84ca_68b3,Centrale,Blitta,Blitta 3,M'Poti,POINT (0.8113063678934477 8.214813893931924),
_mview_route_ralentisseurs.fid-7b1c8a4a_1943c5e84ca_68b4,Centrale,Blitta,Blitta 3,M'Poti,POINT (0.8095327649439615 8.21840461299215),TGRCRRRRN27 LANGABOU-YEGUE-FRE GHANA
_mview_route_ralentisseurs.fid-7b1c8a4a_1943c5e84ca_68b5,Centrale,Blitta,Blitta 3,M'Poti,POINT (0.7762209080273008 8.236343664810963),TGRCRRRRN27 LANGABOU-YEGUE-FRE GHANA
_mview_route_ralentisseurs.fid-7b1c8a4a_1943c5e84ca_68b6,Centrale,Blitta,Blitta 3,M'Poti,POINT (0.7758294792558457 8.236461633132123),TGRCRRRRN27 LANGABOU-YEGUE-FRE GHANA
_mview_route_ralentisseurs.fid-7b1c8a4a_1943c5e84ca_68b7,Centrale,Blitta,Blitta 3,M'Poti,POINT (0.775526640440429 8.236551611779285),TGRCRRRRN27 LANGABOU-YEGUE-FRE GHANA
_mview_route_ralentisseurs.fid-7b1c8a4a_1943c5e84ca_68b8,Centrale,Blitta,Blitta 3,Atchintsè,POINT (0.6670549240107552 8.003514000164616),
_mview_route_ralentisseurs.fid-7b1c8a4a_1943c5e84ca_68b9,Centrale,Blitta,Blitta 3,Atchintsè,POINT (0.6668698755676573 8.003622858187816),
_mview_route_ralentisseurs.fid-7b1c8a4a_1943c5e84ca_68ba,Centrale,Blitta,Blitta 3,Katchenkè,POINT (0.6881448328365507 8.200923370922533),
_mview_route_ralentisseurs.fid-7b1c8a4a_1943c5e84ca_68bb,Centrale,Blitta,Blitta 3,Katchenkè,POINT (0.6878910484935913 8.200899393442143),
_mview_route_ralentisseurs.fid-7b1c8a4a_1943c5e84ca_68bc,Centrale,Blitta,Blitta 3,Katchenkè,POINT (0.6876191149301536 8.200842022986407),
_mview_route_ralentisseurs.fid-7b1c8a4a_1943c5e84ca_68bd,Centrale,Blitta,Blitta 3,Katchenkè,POINT (0.6875425260456438 8.200809715279329),
_mview_route_ralentisseurs.fid-7b1c8a4a_1943c5e84ca_68be,Centrale,Blitta,Blitta 3,Katchenkè,POINT (0.6873138254355718 8.200693060293371),
_mview_route_ralentisseurs.fid-7b1c8a4a_1943c5e84ca_68bf,Centrale,Blitta,Blitta 3,Katchenkè,POINT (0.6871766809780909 8.200482187423267),
_mview_route_ralentisseurs.fid-7b1c8a4a_1943c5e84ca_68c0,Centrale,Blitta,Blitta 3,Katchenkè,POINT (0.6881230474598297 8.200921262662943),
_mview_route_ralentisseurs.fid-7b1c8a4a_1943c5e84ca_68c1,Centrale,Blitta,Blitta 3,Katchenkè,POINT (0.6878954082092038 8.200900079693058),
_mview_route_ralentisseurs.fid-7b1c8a4a_1943c5e84ca_68c2,Centrale,Blitta,Blitta 3,Katchenkè,POINT (0.6876263269714553 8.200843981813518),
_mview_route_ralentisseurs.fid-7b1c8a4a_1943c5e84ca_68c3,Centrale,Blitta,Blitta 3,Katchenkè,POINT (0.6875386702499154 8.20080802637742),
_mview_route_ralentisseurs.fid-7b1c8a4a_1943c5e84ca_68c4,Centrale,Blitta,Blitta 3,Katchenkè,POINT (0.6873114708609347 8.20069162547406),
_mview_route_ralentisseurs.fid-7b1c8a4a_1943c5e84ca_68c5,Centrale,Blitta,Blitta 3,Katchenkè,POINT (0.6871547330158184 8.200450362873394),
_mview_route_ralentisseurs.fid-7b1c8a4a_1943c5e84ca_68c6,Centrale,Blitta,Blitta 1,Pagala-Gare,POINT (0.9802474531269957 8.20287294270728),
_mview_route_ralentisseurs.fid-7b1c8a4a_1943c5e84ca_68c7,Centrale,Blitta,Blitta 1,Pagala-Gare,POINT (1.0275112970347993 8.22054713890553),
_mview_route_ralentisseurs.fid-7b1c8a4a_1943c5e84ca_68c8,Centrale,Blitta,Blitta 1,Pagala-Gare,POINT (1.0276149455513885 8.220625072393023),
_mview_route_ralentisseurs.fid-7b1c8a4a_1943c5e84ca_68c9,Centrale,Blitta,Blitta 1,Pagala-Gare,POINT (0.9832266344467065 8.203414159831397),
_mview_route_ralentisseurs.fid-7b1c8a4a_1943c5e84ca_68ca,Centrale,Blitta,Blitta 1,Pagala-Gare,POINT (0.9574914916646026 8.192648168613825),
_mview_route_ralentisseurs.fid-7b1c8a4a_1943c5e84ca_68cb,Savanes,Cinkassé,Cinkassé 2,Timbou,POINT (0.1331513495183383 11.026778421905922),
_mview_route_ralentisseurs.fid-7b1c8a4a_1943c5e84ca_68cc,Savanes,Cinkassé,Cinkassé 2,Nadjoundi,POINT (0.1825304304863065 11.006055691136218),
_mview_route_ralentisseurs.fid-7b1c8a4a_1943c5e84ca_68cd,Savanes,Cinkassé,Cinkassé 2,Nadjoundi,POINT (0.1833302158443428 11.006208802165492),
_mview_route_ralentisseurs.fid-7b1c8a4a_1943c5e84ca_68ce,Savanes,Cinkassé,Cinkassé 2,Nadjoundi,POINT (0.1842380991144064 11.006429565579406),
_mview_route_ralentisseurs.fid-7b1c8a4a_1943c5e84ca_68cf,Savanes,Cinkassé,Cinkassé 2,Nadjoundi,POINT (0.1849202342379581 11.00650300450468),
_mview_route_ralentisseurs.fid-7b1c8a4a_1943c5e84ca_68d0,Savanes,Cinkassé,Cinkassé 2,Nadjoundi,POINT (0.1857800710861547 11.00648780880018),
_mview_route_ralentisseurs.fid-7b1c8a4a_1943c5e84ca_68d1,Savanes,Cinkassé,Cinkassé 2,Sam-Naba,POINT (0.1687106804421777 11.06689804798514),
_mview_route_ralentisseurs.fid-7b1c8a4a_1943c5e84ca_68d2,Savanes,Tône,Tône 1,Kourientre,POINT (0.2215207154113598 10.998794792438817),
_mview_route_ralentisseurs.fid-7b1c8a4a_1943c5e84ca_68d3,Savanes,Cinkassé,Cinkassé 2,Nadjoundi,POINT (0.2083620677028957 11.026649498084454),
_mview_route_ralentisseurs.fid-7b1c8a4a_1943c5e84ca_68d4,Savanes,Tône,Tône 2,Namaré,POINT (0.0621230071874615 10.981281061277183),TGRSRTRN25 RN1-KONG-RN1_1
_mview_route_ralentisseurs.fid-7b1c8a4a_1943c5e84ca_68d5,Savanes,Tône,Tône 2,Namaré,POINT (0.0625734660618174 10.98112830724676),TGRSRTRN25 RN1-KONG-RN1_1
_mview_route_ralentisseurs.fid-7b1c8a4a_1943c5e84ca_68d6,Savanes,Tône,Tône 2,Namaré,POINT (0.0680424611871115 10.979570487420979),TGRSRTRN25 RN1-KONG-RN1_1
_mview_route_ralentisseurs.fid-7b1c8a4a_1943c5e84ca_68d7,Savanes,Tône,Tône 2,Namaré,POINT (0.0692225135590586 10.979075595732361),TGRSRTRN25 RN1-KONG-RN1_1
_mview_route_ralentisseurs.fid-7b1c8a4a_1943c5e84ca_68d8,Savanes,Tône,Tône 2,Namaré,POINT (0.0696792061358815 10.978899536374442),TGRSRTRN25 RN1-KONG-RN1_1
_mview_route_ralentisseurs.fid-7b1c8a4a_1943c5e84ca_68d9,Savanes,Tône,Tône 2,Namaré,POINT (0.0702624009189525 10.978619967945082),TGRSRTRN25 RN1-KONG-RN1_1
_mview_route_ralentisseurs.fid-7b1c8a4a_1943c5e84ca_68da,Savanes,Tône,Tône 2,Namaré,POINT (0.0907548075082573 10.980122777715588),
_mview_route_ralentisseurs.fid-7b1c8a4a_1943c5e84ca_68db,Savanes,Cinkassé,Cinkassé 2,Timbou,POINT (0.1013011664589217 11.03513198958005),TIMBOU-KPALMONTONG-BIANKOURI
_mview_route_ralentisseurs.fid-7b1c8a4a_1943c5e84ca_68dc,Savanes,Cinkassé,Cinkassé 2,Timbou,POINT (0.117035886554138 11.037870917248792),
_mview_route_ralentisseurs.fid-7b1c8a4a_1943c5e84ca_68dd,Savanes,Cinkassé,Cinkassé 1,Cinkassé,POINT (0.005555748277867 11.105956732564152),CINKASSÉ-GOULGOUSSI
_mview_route_ralentisseurs.fid-7b1c8a4a_1943c5e84ca_68de,Savanes,Cinkassé,Cinkassé 1,Cinkassé,POINT (0.0028174050875829 11.106582759261762),CINKASSÉ-GOULGOUSSI
_mview_route_ralentisseurs.fid-7b1c8a4a_1943c5e84ca_68df,Savanes,Cinkassé,Cinkassé 1,Cinkassé,POINT (0.0055382840878029 11.10596655027579),CINKASSÉ-GOULGOUSSI
_mview_route_ralentisseurs.fid-7b1c8a4a_1943c5e84ca_68e0,Savanes,Cinkassé,Cinkassé 1,Cinkassé,POINT (0.0166245923182562 11.108680489187996),
_mview_route_ralentisseurs.fid-7b1c8a4a_1943c5e84ca_68e1,Savanes,Cinkassé,Cinkassé 1,Gouloungoussi,POINT (-0.1035491544642193 11.117349499431432),
_mview_route_ralentisseurs.fid-7b1c8a4a_1943c5e84ca_68e2,Kara,Dankpen,Dankpen 1,Katchamba,POINT (0.5718625032327743 9.88284494560377),TGRKRTRN17 MALFAKASSA-BASSAR-KABOU-GUERIN KOUKA-KATCHAMBA_4
_mview_route_ralentisseurs.fid-7b1c8a4a_1943c5e84ca_68e3,Kara,Dankpen,Dankpen 1,Katchamba,POINT (0.5718445901716844 9.882982492241755),TGRKRTRN17 MALFAKASSA-BASSAR-KABOU-GUERIN KOUKA-KATCHAMBA_4
_mview_route_ralentisseurs.fid-7b1c8a4a_1943c5e84ca_68e4,Kara,Dankpen,Dankpen 1,Katchamba,POINT (0.4535901529161189 9.93274305344323),
_mview_route_ralentisseurs.fid-7b1c8a4a_1943c5e84ca_68e5,Kara,Dankpen,Dankpen 1,Guérin-Kouka,POINT (0.5830545735817336 9.757047895112805),
_mview_route_ralentisseurs.fid-7b1c8a4a_1943c5e84ca_68e6,Kara,Dankpen,Dankpen 2,Natchitikpi,POINT (0.6954814593259802 9.778399257232527),
_mview_route_ralentisseurs.fid-7b1c8a4a_1943c5e84ca_68e7,Kara,Dankpen,Dankpen 2,Namon,POINT (0.8081002489140268 9.729148415619918),
_mview_route_ralentisseurs.fid-7b1c8a4a_1943c5e84ca_68e8,Kara,Dankpen,Dankpen 2,Koutchitchéou,POINT (0.7210004250067423 9.608780808384205),KOUTCHETCHEOU-KABOU
_mview_route_ralentisseurs.fid-7b1c8a4a_1943c5e84ca_68e9,Kara,Dankpen,Dankpen 2,Koutchitchéou,POINT (0.7210919019822836 9.60487947182077),KOUTCHETCHEOU-KABOU
_mview_route_ralentisseurs.fid-7b1c8a4a_1943c5e84ca_68ea,Kara,Dankpen,Dankpen 2,Natchitikpi,POINT (0.7774407430661515 9.666534577031742),
_mview_route_ralentisseurs.fid-7b1c8a4a_1943c5e84ca_68eb,Kara,Dankpen,Dankpen 2,Natchitikpi,POINT (0.7775882133125761 9.666472510116426),
_mview_route_ralentisseurs.fid-7b1c8a4a_1943c5e84ca_68ec,Kara,Dankpen,Dankpen 2,Natchitikpi,POINT (0.683897695321294 9.70169604214555),
_mview_route_ralentisseurs.fid-7b1c8a4a_1943c5e84ca_68ed,Kara,Dankpen,Dankpen 2,Natchitikpi,POINT (0.684100772123723 9.702809920493898),
_mview_route_ralentisseurs.fid-7b1c8a4a_1943c5e84ca_68ee,Kara,Dankpen,Dankpen 2,Natchitikpi,POINT (0.6844224977648442 9.704435822486246),
_mview_route_ralentisseurs.fid-7b1c8a4a_1943c5e84ca_68ef,Kara,Dankpen,Dankpen 3,Bapuré,POINT (0.5635822137528891 9.489298694836716),
_mview_route_ralentisseurs.fid-7b1c8a4a_1943c5e84ca_68f0,Kara,Dankpen,Dankpen 3,Bapuré,POINT (0.6184775630414409 9.481925381086421),
_mview_route_ralentisseurs.fid-7b1c8a4a_1943c5e84ca_68f1,Kara,Dankpen,Dankpen 3,Bapuré,POINT (0.6243199991626956 9.480653333333972),
_mview_route_ralentisseurs.fid-7b1c8a4a_1943c5e84ca_68f2,Kara,Dankpen,Dankpen 3,Bapuré,POINT (0.6210465064846095 9.52265392713653),
_mview_route_ralentisseurs.fid-7b1c8a4a_1943c5e84ca_68f3,Kara,Dankpen,Dankpen 3,Kidjabou,POINT (0.4003366950212246 9.773585670883321),
_mview_route_ralentisseurs.fid-7b1c8a4a_1943c5e84ca_68f4,Kara,Dankpen,Dankpen 3,Kidjabou,POINT (0.400511968056925 9.773751494003877),
_mview_route_ralentisseurs.fid-7b1c8a4a_1943c5e84ca_68f5,Kara,Dankpen,Dankpen 3,Kidjabou,POINT (0.4034286114113456 9.777002006311852),
_mview_route_ralentisseurs.fid-7b1c8a4a_1943c5e84ca_68f6,Kara,Dankpen,Dankpen 3,Kidjabou,POINT (0.4227665521758193 9.783016902785002),
_mview_route_ralentisseurs.fid-7b1c8a4a_1943c5e84ca_68f7,Kara,Dankpen,Dankpen 3,Kidjabou,POINT (0.423616100596522 9.783068664191244),
_mview_route_ralentisseurs.fid-7b1c8a4a_1943c5e84ca_68f8,Kara,Dankpen,Dankpen 3,Kidjabou,POINT (0.444342955820658 9.815168818959043),
_mview_route_ralentisseurs.fid-7b1c8a4a_1943c5e84ca_68f9,Kara,Dankpen,Dankpen 3,Kidjabou,POINT (0.4447110742873741 9.814951351175841),
_mview_route_ralentisseurs.fid-7b1c8a4a_1943c5e84ca_68fa,Kara,Dankpen,Dankpen 2,Natchiboré,POINT (0.7485863010823915 9.826256307092578),
_mview_route_ralentisseurs.fid-7b1c8a4a_1943c5e84ca_68fb,Plateaux,Danyi,Danyi 1,Danyi-Atigba,POINT (0.6991568296687843 7.2375514685727005),
_mview_route_ralentisseurs.fid-7b1c8a4a_1943c5e84ca_68fc,Plateaux,Danyi,Danyi 1,Danyi-Atigba,POINT (0.6938626997542372 7.20236536386882),TGRPRRRN30 ADETA(RN5)-NDIGBE-APEYEME-FRE GHANA
_mview_route_ralentisseurs.fid-7b1c8a4a_1943c5e84ca_68fd,Plateaux,Danyi,Danyi 1,Danyi-Atigba,POINT (0.6948419729852133 7.202726972985221),TGRPRRRN30 ADETA(RN5)-NDIGBE-APEYEME-FRE GHANA
_mview_route_ralentisseurs.fid-7b1c8a4a_1943c5e84ca_68fe,Plateaux,Danyi,Danyi 1,Danyi-Atigba,POINT (0.6955047518838069 7.203511312214973),TGRPRRRN30 ADETA(RN5)-NDIGBE-APEYEME-FRE GHANA
_mview_route_ralentisseurs.fid-7b1c8a4a_1943c5e84ca_68ff,Plateaux,Danyi,Danyi 1,Danyi-Atigba,POINT (0.6957513013950585 7.204527157672835),TGRPRRRN30 ADETA(RN5)-NDIGBE-APEYEME-FRE GHANA
_mview_route_ralentisseurs.fid-7b1c8a4a_1943c5e84ca_6900,Plateaux,Danyi,Danyi 1,Danyi-Atigba,POINT (0.6958719022152778 7.205470563899743),TGRPRRRN30 ADETA(RN5)-NDIGBE-APEYEME-FRE GHANA
_mview_route_ralentisseurs.fid-7b1c8a4a_1943c5e84ca_6901,Plateaux,Danyi,Danyi 1,Danyi-Kakpa,POINT (0.6532111406275765 7.140814051549521),TGRPRRRN31/30 NDIGBE-YIKPA-FRE GHANA
_mview_route_ralentisseurs.fid-7b1c8a4a_1943c5e84ca_6902,Plateaux,Danyi,Danyi 1,Danyi-Kakpa,POINT (0.6519411328697438 7.14126423339512),TGRPRRRN31/30 NDIGBE-YIKPA-FRE GHANA
_mview_route_ralentisseurs.fid-7b1c8a4a_1943c5e84ca_6903,Plateaux,Danyi,Danyi 2,Danyi-Elavagnon,POINT (0.7087642326772763 7.279153912699311),TGRPRRRN30A DZOGBEGAN-DANYI ELAVAGNON
_mview_route_ralentisseurs.fid-7b1c8a4a_1943c5e84ca_6904,Plateaux,Danyi,Danyi 1,Danyi-Atigba,POINT (0.6831497510285132 7.239313472801221),TGRPRRRN30 ADETA(RN5)-NDIGBE-APEYEME-FRE GHANA
_mview_route_ralentisseurs.fid-7b1c8a4a_1943c5e84ca_6905,Kara,Doufelgou,Doufelgou 1,Agbandè-Yaka,POINT (1.1041372925598858 9.744717397008664),
_mview_route_ralentisseurs.fid-7b1c8a4a_1943c5e84ca_6906,Kara,Doufelgou,Doufelgou 1,Agbandè-Yaka,POINT (1.1028128053790838 9.738694494460555),
_mview_route_ralentisseurs.fid-7b1c8a4a_1943c5e84ca_6907,Kara,Doufelgou,Doufelgou 3,Léon,POINT (0.9342839830650185 9.694738345001506),
_mview_route_ralentisseurs.fid-7b1c8a4a_1943c5e84ca_6908,Kara,Doufelgou,Doufelgou 3,Léon,POINT (0.9357579848949874 9.6955593095634),
_mview_route_ralentisseurs.fid-7b1c8a4a_1943c5e84ca_6909,Kara,Doufelgou,Doufelgou 3,Léon,POINT (0.9566093589215421 9.7031092803526),
_mview_route_ralentisseurs.fid-7b1c8a4a_1943c5e84ca_690a,Kara,Doufelgou,Doufelgou 3,Léon,POINT (0.9263577580528463 9.705965964106264),
_mview_route_ralentisseurs.fid-7b1c8a4a_1943c5e84ca_690b,Kara,Doufelgou,Doufelgou 3,Léon,POINT (0.9266746642795765 9.706125458891128),
_mview_route_ralentisseurs.fid-7b1c8a4a_1943c5e84ca_690c,Kara,Doufelgou,Doufelgou 3,Léon,POINT (0.9268327539036406 9.706207769998922),
_mview_route_ralentisseurs.fid-7b1c8a4a_1943c5e84ca_690d,Kara,Doufelgou,Doufelgou 1,Niamtougou,POINT (1.1012443150768219 9.752210808267),
_mview_route_ralentisseurs.fid-7b1c8a4a_1943c5e84ca_690e,Kara,Doufelgou,Doufelgou 1,Niamtougou,POINT (1.0978892767729125 9.746497970817062),
_mview_route_ralentisseurs.fid-7b1c8a4a_1943c5e84ca_690f,Kara,Doufelgou,Doufelgou 1,Baga,POINT (1.1025594905032243 9.790696115720491),
_mview_route_ralentisseurs.fid-7b1c8a4a_1943c5e84ca_6910,Kara,Doufelgou,Doufelgou 1,Baga,POINT (1.1021162617100302 9.790722798567312),
_mview_route_ralentisseurs.fid-7b1c8a4a_1943c5e84ca_6911,Kara,Doufelgou,Doufelgou 1,Baga,POINT (1.1014236875469645 9.790743949155244),
_mview_route_ralentisseurs.fid-7b1c8a4a_1943c5e84ca_6912,Kara,Doufelgou,Doufelgou 1,Baga,POINT (1.1009778971091337 9.790785246090294),
_mview_route_ralentisseurs.fid-7b1c8a4a_1943c5e84ca_6913,Kara,Doufelgou,Doufelgou 1,Baga,POINT (1.1003438416559814 9.790835767476947),
_mview_route_ralentisseurs.fid-7b1c8a4a_1943c5e84ca_6914,Kara,Doufelgou,Doufelgou 1,Baga,POINT (1.0997083213644467 9.790888371388778),
_mview_route_ralentisseurs.fid-7b1c8a4a_1943c5e84ca_6915,Kara,Doufelgou,Doufelgou 1,Baga,POINT (1.0989875494957626 9.790936036199142),
_mview_route_ralentisseurs.fid-7b1c8a4a_1943c5e84ca_6916,Kara,Doufelgou,Doufelgou 1,Baga,POINT (1.1034444693024343 9.792473446418267),
_mview_route_ralentisseurs.fid-7b1c8a4a_1943c5e84ca_6917,Kara,Doufelgou,Doufelgou 1,Baga,POINT (1.1038221452667913 9.793491284309479),
_mview_route_ralentisseurs.fid-7b1c8a4a_1943c5e84ca_6918,Kara,Doufelgou,Doufelgou 1,Baga,POINT (1.1041130023647308 9.79409350304154),
_mview_route_ralentisseurs.fid-7b1c8a4a_1943c5e84ca_6919,Kara,Doufelgou,Doufelgou 1,Baga,POINT (1.1044590370665957 9.795573189344402),
_mview_route_ralentisseurs.fid-7b1c8a4a_1943c5e84ca_691a,Kara,Doufelgou,Doufelgou 1,Baga,POINT (1.1047711187790794 9.797988521090332),
_mview_route_ralentisseurs.fid-7b1c8a4a_1943c5e84ca_691b,Kara,Doufelgou,Doufelgou 1,Baga,POINT (1.104977005186877 9.799018477126232),
_mview_route_ralentisseurs.fid-7b1c8a4a_1943c5e84ca_691c,Kara,Doufelgou,Doufelgou 1,Baga,POINT (1.105301807946313 9.800454057474107),
_mview_route_ralentisseurs.fid-7b1c8a4a_1943c5e84ca_691d,Kara,Doufelgou,Doufelgou 1,Baga,POINT (1.1054880178138273 9.801351660322105),
_mview_route_ralentisseurs.fid-7b1c8a4a_1943c5e84ca_691e,Kara,Doufelgou,Doufelgou 1,Baga,POINT (1.1058797027057965 9.802780090098418),
_mview_route_ralentisseurs.fid-7b1c8a4a_1943c5e84ca_691f,Kara,Doufelgou,Doufelgou 1,Baga,POINT (1.106565005157039 9.80452677895924),
_mview_route_ralentisseurs.fid-7b1c8a4a_1943c5e84ca_6920,Kara,Doufelgou,Doufelgou 1,Baga,POINT (1.1046182869896706 9.796972607264358),
_mview_route_ralentisseurs.fid-7b1c8a4a_1943c5e84ca_6921,Kara,Doufelgou,Doufelgou 1,Siou,POINT (1.2025581333879425 9.824179076023952),
_mview_route_ralentisseurs.fid-7b1c8a4a_1943c5e84ca_6922,Kara,Doufelgou,Doufelgou 1,Siou,POINT (1.2027655701081101 9.824329348007552),
_mview_route_ralentisseurs.fid-7b1c8a4a_1943c5e84ca_6923,Kara,Doufelgou,Doufelgou 1,Siou,POINT (1.2021019982422452 9.82386681997566),
_mview_route_ralentisseurs.fid-7b1c8a4a_1943c5e84ca_6924,Kara,Doufelgou,Doufelgou 1,Pouda,POINT (1.262017053950121 9.87482067617583),
_mview_route_ralentisseurs.fid-7b1c8a4a_1943c5e84ca_6925,Kara,Doufelgou,Doufelgou 2,Défalé,POINT (1.1056625817633094 9.938128995155346),TGRKRR RN1 ALEHERIDE-KARA-NABLOUGOU
_mview_route_ralentisseurs.fid-7b1c8a4a_1943c5e84ca_6926,Kara,Doufelgou,Doufelgou 2,Défalé,POINT (1.1062024671107247 9.938636693580335),TGRKRR RN1 ALEHERIDE-KARA-NABLOUGOU
_mview_route_ralentisseurs.fid-7b1c8a4a_1943c5e84ca_6927,Kara,Doufelgou,Doufelgou 2,Défalé,POINT (1.1077860718728985 9.940227884875894),TGRKRR RN1 ALEHERIDE-KARA-NABLOUGOU
_mview_route_ralentisseurs.fid-7b1c8a4a_1943c5e84ca_6928,Kara,Doufelgou,Doufelgou 1,Massédéna,POINT (1.258185180872517 9.922404272914589),
_mview_route_ralentisseurs.fid-7b1c8a4a_1943c5e84ca_6929,Kara,Doufelgou,Doufelgou 1,Massédéna,POINT (1.2582167750485322 9.922946907911085),
_mview_route_ralentisseurs.fid-7b1c8a4a_1943c5e84ca_692a,Kara,Doufelgou,Doufelgou 1,Massédéna,POINT (1.2607368452657983 9.930927350889105),
_mview_route_ralentisseurs.fid-7b1c8a4a_1943c5e84ca_692b,Kara,Doufelgou,Doufelgou 1,Massédéna,POINT (1.2614043449565195 9.932382042718839),
_mview_route_ralentisseurs.fid-7b1c8a4a_1943c5e84ca_692c,Kara,Doufelgou,Doufelgou 1,Massédéna,POINT (1.271871261315931 9.953776985498429),
_mview_route_ralentisseurs.fid-7b1c8a4a_1943c5e84ca_692d,Kara,Doufelgou,Doufelgou 1,Massédéna,POINT (1.2769378729493408 9.960832256797792),
_mview_route_ralentisseurs.fid-7b1c8a4a_1943c5e84ca_692e,Kara,Doufelgou,Doufelgou 1,Massédéna,POINT (1.2774172134706343 9.961918418818223),
_mview_route_ralentisseurs.fid-7b1c8a4a_1943c5e84ca_692f,Kara,Doufelgou,Doufelgou 1,Massédéna,POINT (1.2777578922232982 9.96290890784385),
_mview_route_ralentisseurs.fid-7b1c8a4a_1943c5e84ca_6930,Kara,Doufelgou,Doufelgou 1,Massédéna,POINT (1.2778538744996832 9.963495524215258),
_mview_route_ralentisseurs.fid-7b1c8a4a_1943c5e84ca_6931,Kara,Doufelgou,Doufelgou 1,Massédéna,POINT (1.2777966730733459 9.964203601030686),
_mview_route_ralentisseurs.fid-7b1c8a4a_1943c5e84ca_6932,Kara,Doufelgou,Doufelgou 1,Massédéna,POINT (1.2760713816341216 9.986603591106874),
_mview_route_ralentisseurs.fid-7b1c8a4a_1943c5e84ca_6933,Kara,Doufelgou,Doufelgou 1,Massédéna,POINT (1.2752435957127704 9.988352612277719),
_mview_route_ralentisseurs.fid-7b1c8a4a_1943c5e84ca_6934,Kara,Doufelgou,Doufelgou 1,Massédéna,POINT (1.2748040836824146 9.98935524501211),
_mview_route_ralentisseurs.fid-7b1c8a4a_1943c5e84ca_6935,Kara,Doufelgou,Doufelgou 1,Massédéna,POINT (1.2746633333340198 9.990288338586195),
_mview_route_ralentisseurs.fid-7b1c8a4a_1943c5e84ca_6936,Kara,Doufelgou,Doufelgou 1,Massédéna,POINT (1.2749617344683912 9.991950917618976),
_mview_route_ralentisseurs.fid-7b1c8a4a_1943c5e84ca_6937,Kara,Doufelgou,Doufelgou 1,Massédéna,POINT (1.2759644609007197 9.994207389912965),
_mview_route_ralentisseurs.fid-7b1c8a4a_1943c5e84ca_6938,Kara,Doufelgou,Doufelgou 1,Massédéna,POINT (1.2879257453544692 10.003265248451827),
_mview_route_ralentisseurs.fid-7b1c8a4a_1943c5e84ca_6939,Kara,Doufelgou,Doufelgou 1,Massédéna,POINT (1.2885046464631478 10.003602565405322),
_mview_route_ralentisseurs.fid-7b1c8a4a_1943c5e84ca_693a,Kara,Doufelgou,Doufelgou 1,Massédéna,POINT (1.2842992987475248 10.015014693338726),
_mview_route_ralentisseurs.fid-7b1c8a4a_1943c5e84ca_693b,Kara,Doufelgou,Doufelgou 3,Kadjalla,POINT (0.9234838437305897 9.788781341663556),
_mview_route_ralentisseurs.fid-7b1c8a4a_1943c5e84ca_693c,Kara,Doufelgou,Doufelgou 3,Kadjalla,POINT (0.9210094215006551 9.788304943021135),
_mview_route_ralentisseurs.fid-7b1c8a4a_1943c5e84ca_693d,Kara,Doufelgou,Doufelgou 3,Kadjalla,POINT (0.9204941172564142 9.7880018172208),
_mview_route_ralentisseurs.fid-7b1c8a4a_1943c5e84ca_693e,Kara,Doufelgou,Doufelgou 3,Kadjalla,POINT (0.917126651837534 9.783087559101906),
_mview_route_ralentisseurs.fid-7b1c8a4a_1943c5e84ca_693f,Kara,Doufelgou,Doufelgou 3,Kadjalla,POINT (0.9169140738511452 9.782720061218065),
_mview_route_ralentisseurs.fid-7b1c8a4a_1943c5e84ca_6940,Kara,Doufelgou,Doufelgou 3,Kadjalla,POINT (0.9167274522163009 9.782259587714098),
_mview_route_ralentisseurs.fid-7b1c8a4a_1943c5e84ca_6941,Kara,Doufelgou,Doufelgou 3,Kadjalla,POINT (0.9167178407590603 9.781770728747254),
_mview_route_ralentisseurs.fid-7b1c8a4a_1943c5e84ca_6942,Kara,Doufelgou,Doufelgou 3,Kadjalla,POINT (0.9168169566772578 9.781397051203053),
_mview_route_ralentisseurs.fid-7b1c8a4a_1943c5e84ca_6943,Kara,Doufelgou,Doufelgou 3,Alloum,POINT (0.9206220715453892 9.739573844034986),
_mview_route_ralentisseurs.fid-7b1c8a4a_1943c5e84ca_6944,Plateaux,Est-Mono,Est-Mono 2,Morétan,POINT (1.4204115469160714 8.042961115285877),
_mview_route_ralentisseurs.fid-7b1c8a4a_1943c5e84ca_6945,Plateaux,Est-Mono,Est-Mono 2,Morétan,POINT (1.4216956379053665 8.044721664361495),
_mview_route_ralentisseurs.fid-7b1c8a4a_1943c5e84ca_6946,Plateaux,Est-Mono,Est-Mono 2,Morétan,POINT (1.3393259421542776 8.061605112166957),
_mview_route_ralentisseurs.fid-7b1c8a4a_1943c5e84ca_6947,Plateaux,Est-Mono,Est-Mono 2,Morétan,POINT (1.3397055589859532 8.062578954123255),
_mview_route_ralentisseurs.fid-7b1c8a4a_1943c5e84ca_6948,Plateaux,Est-Mono,Est-Mono 2,Morétan,POINT (1.341572772517104 8.06816188672548),
_mview_route_ralentisseurs.fid-7b1c8a4a_1943c5e84ca_6949,Plateaux,Est-Mono,Est-Mono 2,Morétan,POINT (1.341703327639601 8.068635327763113),
_mview_route_ralentisseurs.fid-7b1c8a4a_1943c5e84ca_694a,Plateaux,Est-Mono,Est-Mono 2,Morétan,POINT (1.3418292147807798 8.069172331329368),
_mview_route_ralentisseurs.fid-7b1c8a4a_1943c5e84ca_694b,Plateaux,Est-Mono,Est-Mono 2,Morétan,POINT (1.3419594019804304 8.069766547655208),
_mview_route_ralentisseurs.fid-7b1c8a4a_1943c5e84ca_694c,Plateaux,Est-Mono,Est-Mono 2,Morétan,POINT (1.3423758836606121 8.07164518599648),
_mview_route_ralentisseurs.fid-7b1c8a4a_1943c5e84ca_694d,Plateaux,Est-Mono,Est-Mono 2,Morétan,POINT (1.3425373662268207 8.07252138779684),
_mview_route_ralentisseurs.fid-7b1c8a4a_1943c5e84ca_694e,Plateaux,Est-Mono,Est-Mono 2,Morétan,POINT (1.3432842238609952 8.076748603341322),
_mview_route_ralentisseurs.fid-7b1c8a4a_1943c5e84ca_694f,Plateaux,Est-Mono,Est-Mono 2,Morétan,POINT (1.3432538435690247 8.077624649966113),
_mview_route_ralentisseurs.fid-7b1c8a4a_1943c5e84ca_6950,Plateaux,Est-Mono,Est-Mono 2,Morétan,POINT (1.3432256339643205 8.078585691960631),
_mview_route_ralentisseurs.fid-7b1c8a4a_1943c5e84ca_6951,Plateaux,Est-Mono,Est-Mono 2,Morétan,POINT (1.3432400073916055 8.079645246251962),
_mview_route_ralentisseurs.fid-7b1c8a4a_1943c5e84ca_6952,Plateaux,Est-Mono,Est-Mono 2,Morétan,POINT (1.3510879054843974 8.098271446380528),
_mview_route_ralentisseurs.fid-7b1c8a4a_1943c5e84ca_6953,Plateaux,Est-Mono,Est-Mono 2,Morétan,POINT (1.3510151614302786 8.099275008557534),
_mview_route_ralentisseurs.fid-7b1c8a4a_1943c5e84ca_6954,Plateaux,Est-Mono,Est-Mono 2,Morétan,POINT (1.351011922052765 8.099716630044298),
_mview_route_ralentisseurs.fid-7b1c8a4a_1943c5e84ca_6955,Plateaux,Est-Mono,Est-Mono 2,Morétan,POINT (1.3510102205272354 8.100166673835961),
_mview_route_ralentisseurs.fid-7b1c8a4a_1943c5e84ca_6956,Plateaux,Est-Mono,Est-Mono 2,Morétan,POINT (1.3510914357305681 8.105694437900118),
_mview_route_ralentisseurs.fid-7b1c8a4a_1943c5e84ca_6957,Plateaux,Est-Mono,Est-Mono 2,Morétan,POINT (1.3510750000002718 8.106141668547716),
_mview_route_ralentisseurs.fid-7b1c8a4a_1943c5e84ca_6958,Plateaux,Est-Mono,Est-Mono 2,Morétan,POINT (1.3513153346849667 8.108673684331828),
_mview_route_ralentisseurs.fid-7b1c8a4a_1943c5e84ca_6959,Plateaux,Est-Mono,Est-Mono 2,Morétan,POINT (1.3514952649598915 8.109342937643143),
_mview_route_ralentisseurs.fid-7b1c8a4a_1943c5e84ca_695a,Plateaux,Est-Mono,Est-Mono 2,Morétan,POINT (1.3516528895304745 8.10992922338765),
_mview_route_ralentisseurs.fid-7b1c8a4a_1943c5e84ca_695b,Plateaux,Est-Mono,Est-Mono 2,Morétan,POINT (1.3518367610132318 8.11078234238154),
_mview_route_ralentisseurs.fid-7b1c8a4a_1943c5e84ca_695c,Plateaux,Est-Mono,Est-Mono 2,Morétan,POINT (1.3520628030518127 8.112482725615294),
_mview_route_ralentisseurs.fid-7b1c8a4a_1943c5e84ca_695d,Plateaux,Est-Mono,Est-Mono 2,Morétan,POINT (1.3521081313280578 8.113381577188937),
_mview_route_ralentisseurs.fid-7b1c8a4a_1943c5e84ca_695e,Plateaux,Est-Mono,Est-Mono 2,Morétan,POINT (1.3522053422351112 8.114665033904755),
_mview_route_ralentisseurs.fid-7b1c8a4a_1943c5e84ca_695f,Plateaux,Est-Mono,Est-Mono 3,Nyamassila,POINT (1.1923570459139667 7.987496848497711),TGRPRTRN10 NYAMASSILA(RN1)-KPESSI-FRE BENIN
_mview_route_ralentisseurs.fid-7b1c8a4a_1943c5e84ca_6960,Plateaux,Est-Mono,Est-Mono 3,Nyamassila,POINT (1.1926146271748457 7.987624173169501),TGRPRTRN10 NYAMASSILA(RN1)-KPESSI-FRE BENIN
_mview_route_ralentisseurs.fid-7b1c8a4a_1943c5e84ca_6961,Plateaux,Est-Mono,Est-Mono 3,Nyamassila,POINT (1.1928154112240033 7.9877947197192105),TGRPRTRN10 NYAMASSILA(RN1)-KPESSI-FRE BENIN
_mview_route_ralentisseurs.fid-7b1c8a4a_1943c5e84ca_6962,Plateaux,Est-Mono,Est-Mono 2,Morétan,POINT (1.3438461400501684 8.190996530371903),
_mview_route_ralentisseurs.fid-7b1c8a4a_1943c5e84ca_6963,Plateaux,Est-Mono,Est-Mono 2,Morétan,POINT (1.3435194372517536 8.191882647427692),
_mview_route_ralentisseurs.fid-7b1c8a4a_1943c5e84ca_6964,Plateaux,Est-Mono,Est-Mono 2,Morétan,POINT (1.3429349234363952 8.19379406604693),
_mview_route_ralentisseurs.fid-7b1c8a4a_1943c5e84ca_6965,Plateaux,Est-Mono,Est-Mono 2,Morétan,POINT (1.3416259103277297 8.201343794092699),
_mview_route_ralentisseurs.fid-7b1c8a4a_1943c5e84ca_6966,Plateaux,Est-Mono,Est-Mono 2,Morétan,POINT (1.340658126744981 8.27445000653625),
_mview_route_ralentisseurs.fid-7b1c8a4a_1943c5e84ca_6967,Plateaux,Est-Mono,Est-Mono 2,Morétan,POINT (1.340876823185116 8.275786008330892),
_mview_route_ralentisseurs.fid-7b1c8a4a_1943c5e84ca_6968,Plateaux,Est-Mono,Est-Mono 2,Morétan,POINT (1.3409378586764833 8.276247588309564),
_mview_route_ralentisseurs.fid-7b1c8a4a_1943c5e84ca_6969,Plateaux,Est-Mono,Est-Mono 2,Morétan,POINT (1.362144367651308 8.34303709156868),
_mview_route_ralentisseurs.fid-7b1c8a4a_1943c5e84ca_696a,Plateaux,Est-Mono,Est-Mono 2,Morétan,POINT (1.3623080047322735 8.343611361694299),
_mview_route_ralentisseurs.fid-7b1c8a4a_1943c5e84ca_696b,Plateaux,Est-Mono,Est-Mono 2,Morétan,POINT (1.3624284200187566 8.344143864909093),
_mview_route_ralentisseurs.fid-7b1c8a4a_1943c5e84ca_696c,Plateaux,Est-Mono,Est-Mono 2,Morétan,POINT (1.362550608825438 8.344626938431453),
_mview_route_ralentisseurs.fid-7b1c8a4a_1943c5e84ca_696d,Plateaux,Est-Mono,Est-Mono 2,Morétan,POINT (1.359182396695944 8.343632681865964),MARCHÉ D'ISSATI-FORÊT D'ISSATI
_mview_route_ralentisseurs.fid-7b1c8a4a_1943c5e84ca_696e,Plateaux,Est-Mono,Est-Mono 2,Morétan,POINT (1.3591667728584438 8.34363507343439),MARCHÉ D'ISSATI-FORÊT D'ISSATI
_mview_route_ralentisseurs.fid-7b1c8a4a_1943c5e84ca_696f,Plateaux,Est-Mono,Est-Mono 2,Morétan,POINT (1.311320358437807 8.101413110951842),
_mview_route_ralentisseurs.fid-7b1c8a4a_1943c5e84ca_6970,Plateaux,Est-Mono,Est-Mono 2,Morétan,POINT (1.3106471858520217 8.101285918030392),
_mview_route_ralentisseurs.fid-7b1c8a4a_1943c5e84ca_6971,Plateaux,Est-Mono,Est-Mono 2,Morétan,POINT (1.309316994319217 8.101217437189836),
_mview_route_ralentisseurs.fid-7b1c8a4a_1943c5e84ca_6972,Plateaux,Est-Mono,Est-Mono 2,Morétan,POINT (1.3093220269095653 8.101382491273197),
_mview_route_ralentisseurs.fid-7b1c8a4a_1943c5e84ca_6973,Plateaux,Est-Mono,Est-Mono 2,Morétan,POINT (1.3093502790477514 8.101804600024343),
_mview_route_ralentisseurs.fid-7b1c8a4a_1943c5e84ca_6974,Plateaux,Est-Mono,Est-Mono 2,Morétan,POINT (1.3093510491519578 8.102396678251454),
_mview_route_ralentisseurs.fid-7b1c8a4a_1943c5e84ca_6975,Plateaux,Est-Mono,Est-Mono 2,Morétan,POINT (1.3093331342213996 8.102909952896441),
_mview_route_ralentisseurs.fid-7b1c8a4a_1943c5e84ca_6976,Plateaux,Est-Mono,Est-Mono 2,Morétan,POINT (1.3092262492866267 8.103694527523398),
_mview_route_ralentisseurs.fid-7b1c8a4a_1943c5e84ca_6977,Plateaux,Est-Mono,Est-Mono 2,Morétan,POINT (1.3090919373782701 8.103980542355995),
_mview_route_ralentisseurs.fid-7b1c8a4a_1943c5e84ca_6978,Plateaux,Est-Mono,Est-Mono 2,Morétan,POINT (1.3089422610648669 8.104302532162375),
_mview_route_ralentisseurs.fid-7b1c8a4a_1943c5e84ca_6979,Plateaux,Est-Mono,Est-Mono 2,Morétan,POINT (1.3083968844242757 8.105284903876262),
_mview_route_ralentisseurs.fid-7b1c8a4a_1943c5e84ca_697a,Plateaux,Est-Mono,Est-Mono 2,Morétan,POINT (1.302693112703489 8.11174870506241),
_mview_route_ralentisseurs.fid-7b1c8a4a_1943c5e84ca_697b,Plateaux,Est-Mono,Est-Mono 2,Morétan,POINT (1.2927475944087146 8.117162593843982),
_mview_route_ralentisseurs.fid-7b1c8a4a_1943c5e84ca_697c,Plateaux,Est-Mono,Est-Mono 2,Morétan,POINT (1.292408620240274 8.117377591529506),
_mview_route_ralentisseurs.fid-7b1c8a4a_1943c5e84ca_697d,Plateaux,Est-Mono,Est-Mono 3,Nyamassila,POINT (1.1861510668026864 7.909514694420367),
_mview_route_ralentisseurs.fid-7b1c8a4a_1943c5e84ca_697e,Plateaux,Est-Mono,Est-Mono 3,Nyamassila,POINT (1.153864941426278 7.929764914088406),
_mview_route_ralentisseurs.fid-7b1c8a4a_1943c5e84ca_697f,Plateaux,Haho,Haho 4,Wahala,POINT (1.2230925351090678 7.192152638261472),
_mview_route_ralentisseurs.fid-7b1c8a4a_1943c5e84ca_6980,Plateaux,Est-Mono,Est-Mono 2,Morétan,POINT (1.2923839844754212 8.117201184271323),
_mview_route_ralentisseurs.fid-7b1c8a4a_1943c5e84ca_6981,Plateaux,Est-Mono,Est-Mono 2,Morétan,POINT (1.2919158267826871 8.117277720085628),
_mview_route_ralentisseurs.fid-7b1c8a4a_1943c5e84ca_6982,Plateaux,Est-Mono,Est-Mono 2,Morétan,POINT (1.2906762006182888 8.11755847944163),
_mview_route_ralentisseurs.fid-7b1c8a4a_1943c5e84ca_6983,Plateaux,Est-Mono,Est-Mono 2,Morétan,POINT (1.2822508700436954 8.118372738627427),
_mview_route_ralentisseurs.fid-7b1c8a4a_1943c5e84ca_6984,Plateaux,Est-Mono,Est-Mono 2,Morétan,POINT (1.2816430076299543 8.118581531695835),
_mview_route_ralentisseurs.fid-7b1c8a4a_1943c5e84ca_6985,Plateaux,Est-Mono,Est-Mono 2,Morétan,POINT (1.3566691970325955 8.112587033803921),
_mview_route_ralentisseurs.fid-7b1c8a4a_1943c5e84ca_6986,Plateaux,Est-Mono,Est-Mono 2,Morétan,POINT (1.3517131937026248 8.106029702063497),
_mview_route_ralentisseurs.fid-7b1c8a4a_1943c5e84ca_6987,Plateaux,Est-Mono,Est-Mono 2,Morétan,POINT (1.3522137013074766 8.106247577011366),
_mview_route_ralentisseurs.fid-7b1c8a4a_1943c5e84ca_6988,Plateaux,Est-Mono,Est-Mono 2,Morétan,POINT (1.4089620565629493 8.118345265690719),
_mview_route_ralentisseurs.fid-7b1c8a4a_1943c5e84ca_6989,Plateaux,Est-Mono,Est-Mono 2,Morétan,POINT (1.409822809250801 8.1194840998644),
_mview_route_ralentisseurs.fid-7b1c8a4a_1943c5e84ca_698a,Plateaux,Est-Mono,Est-Mono 2,Morétan,POINT (1.410801367263083 8.120013305649012),
_mview_route_ralentisseurs.fid-7b1c8a4a_1943c5e84ca_698b,Plateaux,Est-Mono,Est-Mono 2,Morétan,POINT (1.4119046744928618 8.120523923256295),
_mview_route_ralentisseurs.fid-7b1c8a4a_1943c5e84ca_698c,Plateaux,Est-Mono,Est-Mono 1,Elavagnon,POINT (1.2841533725394245 7.951823487592775),TGRPRTRN29 DEGOU(RN10)-KOLOKOPE-ANIE(RN1)
_mview_route_ralentisseurs.fid-7b1c8a4a_1943c5e84ca_698d,Plateaux,Est-Mono,Est-Mono 1,Elavagnon,POINT (1.2844403842681278 7.955368200819875),TGRPRTRN29 DEGOU(RN10)-KOLOKOPE-ANIE(RN1)
_mview_route_ralentisseurs.fid-7b1c8a4a_1943c5e84ca_698e,Plateaux,Est-Mono,Est-Mono 1,Elavagnon,POINT (1.284942985966288 7.957256449010892),TGRPRTRN29 DEGOU(RN10)-KOLOKOPE-ANIE(RN1)
_mview_route_ralentisseurs.fid-7b1c8a4a_1943c5e84ca_698f,Plateaux,Est-Mono,Est-Mono 1,Elavagnon,POINT (1.2862841275400974 7.962261915470406),TGRPRTRN29 DEGOU(RN10)-KOLOKOPE-ANIE(RN1)
_mview_route_ralentisseurs.fid-7b1c8a4a_1943c5e84ca_6990,Plateaux,Est-Mono,Est-Mono 1,Elavagnon,POINT (1.2873626914618301 7.9634758157240775),TGRPRTRN29 DEGOU(RN10)-KOLOKOPE-ANIE(RN1)
_mview_route_ralentisseurs.fid-7b1c8a4a_1943c5e84ca_6991,Plateaux,Est-Mono,Est-Mono 1,Elavagnon,POINT (1.2884216922383944 7.963417905270414),TGRPRTRN29 DEGOU(RN10)-KOLOKOPE-ANIE(RN1)
_mview_route_ralentisseurs.fid-7b1c8a4a_1943c5e84ca_6992,Plateaux,Est-Mono,Est-Mono 1,Elavagnon,POINT (1.293467662516553 7.9680474420959895),TGRPRTRN29 DEGOU(RN10)-KOLOKOPE-ANIE(RN1)
_mview_route_ralentisseurs.fid-7b1c8a4a_1943c5e84ca_6993,Plateaux,Est-Mono,Est-Mono 1,Elavagnon,POINT (1.2940837222045611 7.969123179858414),TGRPRTRN29 DEGOU(RN10)-KOLOKOPE-ANIE(RN1)
_mview_route_ralentisseurs.fid-7b1c8a4a_1943c5e84ca_6994,Plateaux,Est-Mono,Est-Mono 1,Elavagnon,POINT (1.2968902275778318 7.971311727857488),TGRPRTRN29 DEGOU(RN10)-KOLOKOPE-ANIE(RN1)
_mview_route_ralentisseurs.fid-7b1c8a4a_1943c5e84ca_6995,Plateaux,Est-Mono,Est-Mono 1,Elavagnon,POINT (1.3278450730090494 7.974629623856898),TGRPRTRN29 DEGOU(RN10)-KOLOKOPE-ANIE(RN1)
_mview_route_ralentisseurs.fid-7b1c8a4a_1943c5e84ca_6996,Plateaux,Est-Mono,Est-Mono 1,Elavagnon,POINT (1.3283494951208867 7.978203790166366),TGRPRTRN29 DEGOU(RN10)-KOLOKOPE-ANIE(RN1)
_mview_route_ralentisseurs.fid-7b1c8a4a_1943c5e84ca_6997,Plateaux,Est-Mono,Est-Mono 2,Morétan,POINT (1.4141198725644397 8.055744354096676),
_mview_route_ralentisseurs.fid-7b1c8a4a_1943c5e84ca_6998,Plateaux,Est-Mono,Est-Mono 1,Gbadjahè,POINT (1.3028097608034557 7.853428534300192),TGRPRTRN29 DEGOU(RN10)-KOLOKOPE-ANIE(RN1)
_mview_route_ralentisseurs.fid-7b1c8a4a_1943c5e84ca_6999,Plateaux,Est-Mono,Est-Mono 1,Gbadjahè,POINT (1.3028599796175337 7.852947221448322),TGRPRTRN29 DEGOU(RN10)-KOLOKOPE-ANIE(RN1)
_mview_route_ralentisseurs.fid-7b1c8a4a_1943c5e84ca_699a,Plateaux,Est-Mono,Est-Mono 1,Gbadjahè,POINT (1.3029616381963092 7.850883839637254),TGRPRTRN29 DEGOU(RN10)-KOLOKOPE-ANIE(RN1)
_mview_route_ralentisseurs.fid-7b1c8a4a_1943c5e84ca_699b,Plateaux,Est-Mono,Est-Mono 1,Gbadjahè,POINT (1.303027586004634 7.849292823258404),TGRPRTRN29 DEGOU(RN10)-KOLOKOPE-ANIE(RN1)
_mview_route_ralentisseurs.fid-7b1c8a4a_1943c5e84ca_699c,Plateaux,Est-Mono,Est-Mono 1,Gbadjahè,POINT (1.3031059861950158 7.845238449300363),TGRPRTRN29 DEGOU(RN10)-KOLOKOPE-ANIE(RN1)
_mview_route_ralentisseurs.fid-7b1c8a4a_1943c5e84ca_699d,Plateaux,Est-Mono,Est-Mono 1,Elavagnon,POINT (1.2975640211772352 7.967532908357455),
_mview_route_ralentisseurs.fid-7b1c8a4a_1943c5e84ca_699e,Plateaux,Est-Mono,Est-Mono 1,Elavagnon,POINT (1.2975489436943428 7.967471593256714),
_mview_route_ralentisseurs.fid-7b1c8a4a_1943c5e84ca_699f,Plateaux,Est-Mono,Est-Mono 1,Elavagnon,POINT (1.2973059603209915 7.966674482058822),
_mview_route_ralentisseurs.fid-7b1c8a4a_1943c5e84ca_69a0,Plateaux,Est-Mono,Est-Mono 1,Elavagnon,POINT (1.2913527855947475 7.963795026369472),
_mview_route_ralentisseurs.fid-7b1c8a4a_1943c5e84ca_69a1,Plateaux,Est-Mono,Est-Mono 1,Elavagnon,POINT (1.2916789170617866 7.963620512477487),
_mview_route_ralentisseurs.fid-7b1c8a4a_1943c5e84ca_69a2,Plateaux,Est-Mono,Est-Mono 1,Elavagnon,POINT (1.2933302275005043 7.962470749047354),
_mview_route_ralentisseurs.fid-7b1c8a4a_1943c5e84ca_69a3,Plateaux,Est-Mono,Est-Mono 1,Elavagnon,POINT (1.295013186405388 7.961294340918009),
_mview_route_ralentisseurs.fid-7b1c8a4a_1943c5e84ca_69a4,Plateaux,Est-Mono,Est-Mono 1,Elavagnon,POINT (1.2952416344997324 7.961066570750328),
_mview_route_ralentisseurs.fid-7b1c8a4a_1943c5e84ca_69a5,Plateaux,Est-Mono,Est-Mono 1,Elavagnon,POINT (1.2951524926750368 7.960799145000466),
_mview_route_ralentisseurs.fid-7b1c8a4a_1943c5e84ca_69a6,Plateaux,Est-Mono,Est-Mono 1,Elavagnon,POINT (1.279831377328354 7.947185268848996),
_mview_route_ralentisseurs.fid-7b1c8a4a_1943c5e84ca_69a7,Plateaux,Est-Mono,Est-Mono 1,Gbadjahè,POINT (1.307009837199299 7.8507706901642),BADJAHE-LAKIHEKOU
_mview_route_ralentisseurs.fid-7b1c8a4a_1943c5e84ca_69a8,Plateaux,Est-Mono,Est-Mono 1,Elavagnon,POINT (1.2699898511800616 7.922738512723829),
_mview_route_ralentisseurs.fid-7b1c8a4a_1943c5e84ca_69a9,Plateaux,Est-Mono,Est-Mono 1,Elavagnon,POINT (1.2051681176879774 7.88455032562003),
_mview_route_ralentisseurs.fid-7b1c8a4a_1943c5e84ca_69aa,Plateaux,Est-Mono,Est-Mono 1,Elavagnon,POINT (1.2199797067258742 7.896354038910134),
_mview_route_ralentisseurs.fid-7b1c8a4a_1943c5e84ca_69ab,Plateaux,Est-Mono,Est-Mono 1,Gbadjahè,POINT (1.4196366142346208 7.8441405630045775),
_mview_route_ralentisseurs.fid-7b1c8a4a_1943c5e84ca_69ac,Plateaux,Est-Mono,Est-Mono 1,Gbadjahè,POINT (1.4197636452697129 7.84413528073932),
_mview_route_ralentisseurs.fid-7b1c8a4a_1943c5e84ca_69ad,Plateaux,Est-Mono,Est-Mono 1,Gbadjahè,POINT (1.41784079317455 7.8454912918516335),
_mview_route_ralentisseurs.fid-7b1c8a4a_1943c5e84ca_69ae,Plateaux,Est-Mono,Est-Mono 1,Elavagnon,POINT (1.3607228539001708 7.922418866208517),
_mview_route_ralentisseurs.fid-7b1c8a4a_1943c5e84ca_69af,Plateaux,Est-Mono,Est-Mono 1,Elavagnon,POINT (1.3853987902385805 7.9108611916321125),ELAVAGNON-ADIBO
_mview_route_ralentisseurs.fid-7b1c8a4a_1943c5e84ca_69b0,Plateaux,Est-Mono,Est-Mono 1,Elavagnon,POINT (1.3868466012471188 7.9108534077330654),ELAVAGNON-ADIBO
_mview_route_ralentisseurs.fid-7b1c8a4a_1943c5e84ca_69b1,Plateaux,Est-Mono,Est-Mono 1,Elavagnon,POINT (1.3878816487086834 7.9108563889425785),ELAVAGNON-ADIBO
_mview_route_ralentisseurs.fid-7b1c8a4a_1943c5e84ca_69b2,Plateaux,Est-Mono,Est-Mono 1,Elavagnon,POINT (1.3111224551017224 7.902730498457992),
_mview_route_ralentisseurs.fid-7b1c8a4a_1943c5e84ca_69b3,Plateaux,Est-Mono,Est-Mono 1,Elavagnon,POINT (1.3114666349751822 7.902757306769753),
_mview_route_ralentisseurs.fid-7b1c8a4a_1943c5e84ca_69b4,Plateaux,Est-Mono,Est-Mono 1,Elavagnon,POINT (1.3489529491174894 7.898600414326853),
_mview_route_ralentisseurs.fid-7b1c8a4a_1943c5e84ca_69b5,Plateaux,Est-Mono,Est-Mono 1,Elavagnon,POINT (1.3032255326909208 7.920690114547408),
_mview_route_ralentisseurs.fid-7b1c8a4a_1943c5e84ca_69b6,Plateaux,Est-Mono,Est-Mono 1,Elavagnon,POINT (1.3032255175381202 7.920690114935949),
_mview_route_ralentisseurs.fid-7b1c8a4a_1943c5e84ca_69b7,Plateaux,Est-Mono,Est-Mono 1,Gbadjahè,POINT (1.4091803692500584 7.842231357698339),
_mview_route_ralentisseurs.fid-7b1c8a4a_1943c5e84ca_69b8,Plateaux,Est-Mono,Est-Mono 1,Gbadjahè,POINT (1.4090182746567859 7.842130675545225),
_mview_route_ralentisseurs.fid-7b1c8a4a_1943c5e84ca_69b9,Plateaux,Est-Mono,Est-Mono 1,Gbadjahè,POINT (1.4474445189901792 7.786527165240279),
_mview_route_ralentisseurs.fid-7b1c8a4a_1943c5e84ca_69ba,Plateaux,Est-Mono,Est-Mono 1,Gbadjahè,POINT (1.4477385102847515 7.787485581842828),
_mview_route_ralentisseurs.fid-7b1c8a4a_1943c5e84ca_69bb,Plateaux,Est-Mono,Est-Mono 1,Gbadjahè,POINT (1.4478590338441852 7.787840898696435),
_mview_route_ralentisseurs.fid-7b1c8a4a_1943c5e84ca_69bc,Plateaux,Est-Mono,Est-Mono 1,Gbadjahè,POINT (1.4512657815634586 7.802188397384744),
_mview_route_ralentisseurs.fid-7b1c8a4a_1943c5e84ca_69bd,Plateaux,Est-Mono,Est-Mono 1,Gbadjahè,POINT (1.4511517809478045 7.802351686779382),
_mview_route_ralentisseurs.fid-7b1c8a4a_1943c5e84ca_69be,Plateaux,Est-Mono,Est-Mono 1,Elavagnon,POINT (1.5870757055774611 7.947542350194815),
_mview_route_ralentisseurs.fid-7b1c8a4a_1943c5e84ca_69bf,Plateaux,Est-Mono,Est-Mono 1,Elavagnon,POINT (1.5882615101097641 7.946528077880904),
_mview_route_ralentisseurs.fid-7b1c8a4a_1943c5e84ca_69c0,Plateaux,Est-Mono,Est-Mono 3,Kpéssi,POINT (1.268462635542709 8.065373567634813),TGRPRTRN10 NYAMASSILA(RN1)-KPESSI-FRE BENIN
_mview_route_ralentisseurs.fid-7b1c8a4a_1943c5e84ca_69c1,Plateaux,Est-Mono,Est-Mono 3,Kpéssi,POINT (1.2650705675314495 8.063938263621766),TGRPRTRN10 NYAMASSILA(RN1)-KPESSI-FRE BENIN
_mview_route_ralentisseurs.fid-7b1c8a4a_1943c5e84ca_69c2,Plateaux,Est-Mono,Est-Mono 3,Kpéssi,POINT (1.2637400247067658 8.063556715977116),TGRPRTRN10 NYAMASSILA(RN1)-KPESSI-FRE BENIN
_mview_route_ralentisseurs.fid-7b1c8a4a_1943c5e84ca_69c3,Plateaux,Est-Mono,Est-Mono 1,Elavagnon,POINT (1.5868253021448977 7.9480125912586015),
_mview_route_ralentisseurs.fid-7b1c8a4a_1943c5e84ca_69c4,Plateaux,Est-Mono,Est-Mono 1,Elavagnon,POINT (1.5865183765946018 7.9484953274421475),
_mview_route_ralentisseurs.fid-7b1c8a4a_1943c5e84ca_69c5,Plateaux,Est-Mono,Est-Mono 1,Elavagnon,POINT (1.586372596520502 7.9490830343157315),
_mview_route_ralentisseurs.fid-7b1c8a4a_1943c5e84ca_69c6,Plateaux,Est-Mono,Est-Mono 1,Elavagnon,POINT (1.5863716001368107 7.949199136806083),
_mview_route_ralentisseurs.fid-7b1c8a4a_1943c5e84ca_69c7,Plateaux,Est-Mono,Est-Mono 1,Elavagnon,POINT (1.586515989097109 7.9497178662216035),
_mview_route_ralentisseurs.fid-7b1c8a4a_1943c5e84ca_69c8,Plateaux,Est-Mono,Est-Mono 1,Elavagnon,POINT (1.5866774270281854 7.950087877754442),
_mview_route_ralentisseurs.fid-7b1c8a4a_1943c5e84ca_69c9,Plateaux,Est-Mono,Est-Mono 1,Elavagnon,POINT (1.5870294801410167 7.95094208056676),
_mview_route_ralentisseurs.fid-7b1c8a4a_1943c5e84ca_69ca,Plateaux,Est-Mono,Est-Mono 1,Elavagnon,POINT (1.5850638840528073 8.00425913889635),
_mview_route_ralentisseurs.fid-7b1c8a4a_1943c5e84ca_69cb,Plateaux,Est-Mono,Est-Mono 1,Elavagnon,POINT (1.4915930608343875 7.9321825919133255),
_mview_route_ralentisseurs.fid-7b1c8a4a_1943c5e84ca_69cc,Plateaux,Est-Mono,Est-Mono 1,Elavagnon,POINT (1.4907706472156963 7.933207148600262),
_mview_route_ralentisseurs.fid-7b1c8a4a_1943c5e84ca_69cd,Plateaux,Est-Mono,Est-Mono 1,Elavagnon,POINT (1.4907039767944257 7.933295497301671),
_mview_route_ralentisseurs.fid-7b1c8a4a_1943c5e84ca_69ce,Plateaux,Est-Mono,Est-Mono 1,Elavagnon,POINT (1.4871704468843592 7.938523832784241),
_mview_route_ralentisseurs.fid-7b1c8a4a_1943c5e84ca_69cf,Plateaux,Est-Mono,Est-Mono 1,Elavagnon,POINT (1.4871426278853541 7.938651573141574),
_mview_route_ralentisseurs.fid-7b1c8a4a_1943c5e84ca_69d0,Plateaux,Est-Mono,Est-Mono 1,Elavagnon,POINT (1.4868954942023636 7.9398781754507315),
_mview_route_ralentisseurs.fid-7b1c8a4a_1943c5e84ca_69d1,Plateaux,Est-Mono,Est-Mono 1,Elavagnon,POINT (1.4552873590053836 7.965564923193498),
_mview_route_ralentisseurs.fid-7b1c8a4a_1943c5e84ca_69d2,Plateaux,Est-Mono,Est-Mono 1,Elavagnon,POINT (1.4553268756475723 7.965732453331603),
_mview_route_ralentisseurs.fid-7b1c8a4a_1943c5e84ca_69d3,Plateaux,Est-Mono,Est-Mono 3,Kpéssi,POINT (1.3019761351137462 8.041284722425484),
_mview_route_ralentisseurs.fid-7b1c8a4a_1943c5e84ca_69d4,Plateaux,Est-Mono,Est-Mono 3,Kpéssi,POINT (1.3016889598746844 8.041314588834158),
_mview_route_ralentisseurs.fid-7b1c8a4a_1943c5e84ca_69d5,Plateaux,Est-Mono,Est-Mono 3,Kpéssi,POINT (1.301120310526525 8.041373728111585),
_mview_route_ralentisseurs.fid-7b1c8a4a_1943c5e84ca_69d6,Plateaux,Est-Mono,Est-Mono 3,Kpéssi,POINT (1.268369032529275 8.040210423977813),
_mview_route_ralentisseurs.fid-7b1c8a4a_1943c5e84ca_69d7,Plateaux,Est-Mono,Est-Mono 3,Kpéssi,POINT (1.268276395010423 8.039328138773623),
_mview_route_ralentisseurs.fid-7b1c8a4a_1943c5e84ca_69d8,Plateaux,Est-Mono,Est-Mono 3,Kpéssi,POINT (1.2681843522593912 8.0389529825413),
_mview_route_ralentisseurs.fid-7b1c8a4a_1943c5e84ca_69d9,Plateaux,Est-Mono,Est-Mono 3,Kpéssi,POINT (1.2681535112687936 8.038782587966965),
_mview_route_ralentisseurs.fid-7b1c8a4a_1943c5e84ca_69da,Plateaux,Est-Mono,Est-Mono 3,Kpéssi,POINT (1.2681479660440866 8.038713874873725),
_mview_route_ralentisseurs.fid-7b1c8a4a_1943c5e84ca_69db,Plateaux,Est-Mono,Est-Mono 3,Kpéssi,POINT (1.2681365696421927 8.038602624282074),
_mview_route_ralentisseurs.fid-7b1c8a4a_1943c5e84ca_69dc,Plateaux,Est-Mono,Est-Mono 3,Kpéssi,POINT (1.2684217358645145 8.040464379846977),
_mview_route_ralentisseurs.fid-7b1c8a4a_1943c5e84ca_69dd,Plateaux,Est-Mono,Est-Mono 3,Kpéssi,POINT (1.2681038280746122 8.040362048883612),
_mview_route_ralentisseurs.fid-7b1c8a4a_1943c5e84ca_69de,Plateaux,Est-Mono,Est-Mono 3,Kpéssi,POINT (1.270050664989943 8.00483662036546),TOGODO-KPESSI
_mview_route_ralentisseurs.fid-7b1c8a4a_1943c5e84ca_69df,Plateaux,Est-Mono,Est-Mono 2,Badin-Copé,POINT (1.5944678409205688 8.328211749754804),
_mview_route_ralentisseurs.fid-7b1c8a4a_1943c5e84ca_69e0,Plateaux,Est-Mono,Est-Mono 2,Badin-Copé,POINT (1.5945122020395108 8.327971501839297),
_mview_route_ralentisseurs.fid-7b1c8a4a_1943c5e84ca_69e1,Plateaux,Est-Mono,Est-Mono 2,Badin-Copé,POINT (1.530002094551502 8.151085432189237),
_mview_route_ralentisseurs.fid-7b1c8a4a_1943c5e84ca_69e2,Plateaux,Est-Mono,Est-Mono 2,Badin-Copé,POINT (1.53015026300169 8.151549068338197),
_mview_route_ralentisseurs.fid-7b1c8a4a_1943c5e84ca_69e3,Plateaux,Est-Mono,Est-Mono 2,Badin-Copé,POINT (1.5312107369575785 8.154820777687016),
_mview_route_ralentisseurs.fid-7b1c8a4a_1943c5e84ca_69e4,Plateaux,Est-Mono,Est-Mono 2,Badin-Copé,POINT (1.5314324587631758 8.155489441715483),
_mview_route_ralentisseurs.fid-7b1c8a4a_1943c5e84ca_69e5,Plateaux,Est-Mono,Est-Mono 2,Badin-Copé,POINT (1.5315465816719203 8.155850729579987),
_mview_route_ralentisseurs.fid-7b1c8a4a_1943c5e84ca_69e6,Plateaux,Est-Mono,Est-Mono 2,Badin-Copé,POINT (1.531776481982096 8.156632937397905),
_mview_route_ralentisseurs.fid-7b1c8a4a_1943c5e84ca_69e7,Plateaux,Est-Mono,Est-Mono 2,Badin-Copé,POINT (1.5436715123879623 8.182583059662905),
_mview_route_ralentisseurs.fid-7b1c8a4a_1943c5e84ca_69e8,Plateaux,Est-Mono,Est-Mono 2,Badin-Copé,POINT (1.5440009690005203 8.182905497788171),
_mview_route_ralentisseurs.fid-7b1c8a4a_1943c5e84ca_69e9,Plateaux,Est-Mono,Est-Mono 2,Badin-Copé,POINT (1.5444605962046771 8.183342270443578),
_mview_route_ralentisseurs.fid-7b1c8a4a_1943c5e84ca_69ea,Plateaux,Est-Mono,Est-Mono 2,Badin-Copé,POINT (1.5578285894500556 8.20041422265408),
_mview_route_ralentisseurs.fid-7b1c8a4a_1943c5e84ca_69eb,Plateaux,Est-Mono,Est-Mono 2,Badin-Copé,POINT (1.557668454108977 8.201352281393753),
_mview_route_ralentisseurs.fid-7b1c8a4a_1943c5e84ca_69ec,Plateaux,Est-Mono,Est-Mono 2,Badin-Copé,POINT (1.5576176470650653 8.201596254915177),
_mview_route_ralentisseurs.fid-7b1c8a4a_1943c5e84ca_69ed,Plateaux,Est-Mono,Est-Mono 2,Badin-Copé,POINT (1.5574712061976046 8.202404419421896),
_mview_route_ralentisseurs.fid-7b1c8a4a_1943c5e84ca_69ee,Plateaux,Est-Mono,Est-Mono 2,Badin-Copé,POINT (1.557387418605164 8.202881038224199),
_mview_route_ralentisseurs.fid-7b1c8a4a_1943c5e84ca_69ef,Plateaux,Est-Mono,Est-Mono 2,Badin-Copé,POINT (1.5573584146487123 8.203048470064457),
_mview_route_ralentisseurs.fid-7b1c8a4a_1943c5e84ca_69f0,Plateaux,Est-Mono,Est-Mono 2,Badin-Copé,POINT (1.557305466478712 8.203317825625415),
_mview_route_ralentisseurs.fid-7b1c8a4a_1943c5e84ca_69f1,Plateaux,Est-Mono,Est-Mono 2,Badin-Copé,POINT (1.5553718800574354 8.216525075100302),
_mview_route_ralentisseurs.fid-7b1c8a4a_1943c5e84ca_69f2,Plateaux,Est-Mono,Est-Mono 2,Badin-Copé,POINT (1.5552391413865918 8.216925893335743),
_mview_route_ralentisseurs.fid-7b1c8a4a_1943c5e84ca_69f3,Plateaux,Est-Mono,Est-Mono 2,Badin-Copé,POINT (1.5551082976003687 8.217402090179998),
_mview_route_ralentisseurs.fid-7b1c8a4a_1943c5e84ca_69f4,Plateaux,Est-Mono,Est-Mono 2,Badin-Copé,POINT (1.551186014708017 8.246017113301795),
_mview_route_ralentisseurs.fid-7b1c8a4a_1943c5e84ca_69f5,Plateaux,Est-Mono,Est-Mono 2,Badin-Copé,POINT (1.5504921335334128 8.249055105016081),
_mview_route_ralentisseurs.fid-7b1c8a4a_1943c5e84ca_69f6,Plateaux,Est-Mono,Est-Mono 2,Badin-Copé,POINT (1.550468507532737 8.249159095195008),
_mview_route_ralentisseurs.fid-7b1c8a4a_1943c5e84ca_69f7,Plateaux,Est-Mono,Est-Mono 2,Badin-Copé,POINT (1.5503315281299663 8.249778995287382),
_mview_route_ralentisseurs.fid-7b1c8a4a_1943c5e84ca_69f8,Plateaux,Est-Mono,Est-Mono 2,Badin-Copé,POINT (1.5501839970614726 8.25038725761303),
_mview_route_ralentisseurs.fid-7b1c8a4a_1943c5e84ca_69f9,Plateaux,Est-Mono,Est-Mono 2,Badin-Copé,POINT (1.5500939214562348 8.250751877871192),
_mview_route_ralentisseurs.fid-7b1c8a4a_1943c5e84ca_69fa,Plateaux,Est-Mono,Est-Mono 2,Badin-Copé,POINT (1.550032040233128 8.251093211306262),
_mview_route_ralentisseurs.fid-7b1c8a4a_1943c5e84ca_69fb,Plateaux,Est-Mono,Est-Mono 2,Badin-Copé,POINT (1.5516669556584792 8.254380971777653),
_mview_route_ralentisseurs.fid-7b1c8a4a_1943c5e84ca_69fc,Plateaux,Est-Mono,Est-Mono 2,Badin-Copé,POINT (1.5519897217036955 8.25491565687603),
_mview_route_ralentisseurs.fid-7b1c8a4a_1943c5e84ca_69fd,Plateaux,Est-Mono,Est-Mono 2,Badin-Copé,POINT (1.5686298090527642 8.27020452840343),
_mview_route_ralentisseurs.fid-7b1c8a4a_1943c5e84ca_69fe,Plateaux,Est-Mono,Est-Mono 2,Badin-Copé,POINT (1.5725010960788401 8.27376142584703),
_mview_route_ralentisseurs.fid-7b1c8a4a_1943c5e84ca_69ff,Plateaux,Est-Mono,Est-Mono 2,Badin-Copé,POINT (1.5728155228843517 8.274210138783465),
_mview_route_ralentisseurs.fid-7b1c8a4a_1943c5e84ca_6a00,Plateaux,Est-Mono,Est-Mono 2,Badin-Copé,POINT (1.5729672220101794 8.274435721938504),
_mview_route_ralentisseurs.fid-7b1c8a4a_1943c5e84ca_6a01,Plateaux,Est-Mono,Est-Mono 2,Badin-Copé,POINT (1.5731709295779253 8.274800384279166),
_mview_route_ralentisseurs.fid-7b1c8a4a_1943c5e84ca_6a02,Plateaux,Est-Mono,Est-Mono 2,Badin-Copé,POINT (1.5309698532527218 8.153934560332985),BADIN-FLEUVE OGOU
_mview_route_ralentisseurs.fid-7b1c8a4a_1943c5e84ca_6a03,Plateaux,Est-Mono,Est-Mono 2,Badin-Copé,POINT (1.5714952967406208 8.27358980424088),
_mview_route_ralentisseurs.fid-7b1c8a4a_1943c5e84ca_6a04,Plateaux,Est-Mono,Est-Mono 2,Badin-Copé,POINT (1.5477172950714666 8.31753104993267),
_mview_route_ralentisseurs.fid-7b1c8a4a_1943c5e84ca_6a05,Plateaux,Est-Mono,Est-Mono 2,Badin-Copé,POINT (1.533214150523635 8.317344395701697),
_mview_route_ralentisseurs.fid-7b1c8a4a_1943c5e84ca_6a06,Plateaux,Est-Mono,Est-Mono 2,Badin-Copé,POINT (1.5328869439655148 8.317254000104741),
_mview_route_ralentisseurs.fid-7b1c8a4a_1943c5e84ca_6a07,Plateaux,Est-Mono,Est-Mono 2,Badin-Copé,POINT (1.567081074808722 8.323935816784763),
_mview_route_ralentisseurs.fid-7b1c8a4a_1943c5e84ca_6a08,Plateaux,Est-Mono,Est-Mono 2,Badin-Copé,POINT (1.5664051313588427 8.325703399073431),
_mview_route_ralentisseurs.fid-7b1c8a4a_1943c5e84ca_6a09,Plateaux,Est-Mono,Est-Mono 2,Badin-Copé,POINT (1.566287631297857 8.325998394375066),
_mview_route_ralentisseurs.fid-7b1c8a4a_1943c5e84ca_6a0a,Plateaux,Est-Mono,Est-Mono 2,Badin-Copé,POINT (1.5661462490683216 8.326473747398357),
_mview_route_ralentisseurs.fid-7b1c8a4a_1943c5e84ca_6a0b,Plateaux,Est-Mono,Est-Mono 2,Badin-Copé,POINT (1.5365169080049788 8.334527510055196),
_mview_route_ralentisseurs.fid-7b1c8a4a_1943c5e84ca_6a0c,Plateaux,Est-Mono,Est-Mono 2,Badin-Copé,POINT (1.5366012844670498 8.334526915846078),
_mview_route_ralentisseurs.fid-7b1c8a4a_1943c5e84ca_6a0d,Plateaux,Est-Mono,Est-Mono 2,Badin-Copé,POINT (1.570853667896839 8.344219499779223),
_mview_route_ralentisseurs.fid-7b1c8a4a_1943c5e84ca_6a0e,Plateaux,Est-Mono,Est-Mono 2,Badin-Copé,POINT (1.5707393433662962 8.344371292061723),
_mview_route_ralentisseurs.fid-7b1c8a4a_1943c5e84ca_6a0f,Plateaux,Est-Mono,Est-Mono 2,Badin-Copé,POINT (1.570943301292983 8.344121852175142),
_mview_route_ralentisseurs.fid-7b1c8a4a_1943c5e84ca_6a10,Plateaux,Est-Mono,Est-Mono 2,Badin-Copé,POINT (1.5923685995945032 8.325953765064183),
_mview_route_ralentisseurs.fid-7b1c8a4a_1943c5e84ca_6a11,Plateaux,Est-Mono,Est-Mono 2,Badin-Copé,POINT (1.5923012109687438 8.326025279546972),
_mview_route_ralentisseurs.fid-7b1c8a4a_1943c5e84ca_6a12,Plateaux,Est-Mono,Est-Mono 2,Badin-Copé,POINT (1.5927906220351533 8.325529223010362),
_mview_route_ralentisseurs.fid-7b1c8a4a_1943c5e84ca_6a13,Plateaux,Est-Mono,Est-Mono 2,Badin-Copé,POINT (1.592682064901207 8.325634996603311),
_mview_route_ralentisseurs.fid-7b1c8a4a_1943c5e84ca_6a14,Plateaux,Est-Mono,Est-Mono 2,Badin-Copé,POINT (1.5928823825621683 8.325438065536666),
_mview_route_ralentisseurs.fid-7b1c8a4a_1943c5e84ca_6a15,Plateaux,Est-Mono,Est-Mono 2,Badin-Copé,POINT (1.59295932356845 8.325356598607144),
_mview_route_ralentisseurs.fid-7b1c8a4a_1943c5e84ca_6a16,Plateaux,Est-Mono,Est-Mono 2,Badin-Copé,POINT (1.593219927332198 8.325051905108268),
_mview_route_ralentisseurs.fid-7b1c8a4a_1943c5e84ca_6a17,Plateaux,Est-Mono,Est-Mono 2,Badin-Copé,POINT (1.59312110423641 8.32518693659646),
_mview_route_ralentisseurs.fid-7b1c8a4a_1943c5e84ca_6a18,Plateaux,Est-Mono,Est-Mono 2,Badin-Copé,POINT (1.593276989439777 8.324957107828968),
_mview_route_ralentisseurs.fid-7b1c8a4a_1943c5e84ca_6a19,Plateaux,Est-Mono,Est-Mono 2,Kamina,POINT (1.5602145826768063 8.091722796574254),
_mview_route_ralentisseurs.fid-7b1c8a4a_1943c5e84ca_6a1a,Plateaux,Est-Mono,Est-Mono 2,Kamina,POINT (1.5607348625772606 8.093568875797772),
_mview_route_ralentisseurs.fid-7b1c8a4a_1943c5e84ca_6a1b,Plateaux,Est-Mono,Est-Mono 2,Kamina,POINT (1.5609198998930407 8.094208374266099),
_mview_route_ralentisseurs.fid-7b1c8a4a_1943c5e84ca_6a1c,Plateaux,Est-Mono,Est-Mono 2,Badin-Copé,POINT (1.5175682148050034 8.338069320926671),
_mview_route_ralentisseurs.fid-7b1c8a4a_1943c5e84ca_6a1d,Plateaux,Est-Mono,Est-Mono 2,Badin-Copé,POINT (1.5122774213461863 8.217911866690764),
_mview_route_ralentisseurs.fid-7b1c8a4a_1943c5e84ca_6a1e,Plateaux,Est-Mono,Est-Mono 2,Badin-Copé,POINT (1.511202073732197 8.215544355963626),
_mview_route_ralentisseurs.fid-7b1c8a4a_1943c5e84ca_6a1f,Plateaux,Est-Mono,Est-Mono 1,Elavagnon,POINT (1.544111893081222 8.023530746426896),
_mview_route_ralentisseurs.fid-7b1c8a4a_1943c5e84ca_6a20,Plateaux,Est-Mono,Est-Mono 2,Kamina,POINT (1.5624975709900002 8.099442982860493),KAMINA
_mview_route_ralentisseurs.fid-7b1c8a4a_1943c5e84ca_6a21,Plateaux,Est-Mono,Est-Mono 2,Kamina,POINT (1.5625358487814263 8.099780917092621),KAMINA
_mview_route_ralentisseurs.fid-7b1c8a4a_1943c5e84ca_6a22,Plateaux,Est-Mono,Est-Mono 2,Kamina,POINT (1.6206306474352428 8.105495485577),AGBAGO
_mview_route_ralentisseurs.fid-7b1c8a4a_1943c5e84ca_6a23,Plateaux,Est-Mono,Est-Mono 2,Kamina,POINT (1.6045667893293587 8.061441190368923),AWANGO
_mview_route_ralentisseurs.fid-7b1c8a4a_1943c5e84ca_6a24,Plateaux,Est-Mono,Est-Mono 2,Badin-Copé,POINT (1.460917492458693 8.226807595745553),OKOUTA-DOUKA
_mview_route_ralentisseurs.fid-7b1c8a4a_1943c5e84ca_6a25,Plateaux,Est-Mono,Est-Mono 2,Badin-Copé,POINT (1.460834609206979 8.227068776349212),OKOUTA-DOUKA
_mview_route_ralentisseurs.fid-7b1c8a4a_1943c5e84ca_6a26,Plateaux,Est-Mono,Est-Mono 3,Kpéssi,POINT (1.357527472540078 8.010891465202551),
_mview_route_ralentisseurs.fid-7b1c8a4a_1943c5e84ca_6a27,Plateaux,Est-Mono,Est-Mono 3,Kpéssi,POINT (1.3571249009230852 8.0110072446973),
_mview_route_ralentisseurs.fid-7b1c8a4a_1943c5e84ca_6a28,Plateaux,Est-Mono,Est-Mono 3,Kpéssi,POINT (1.3491403756817029 8.013889573191424),
_mview_route_ralentisseurs.fid-7b1c8a4a_1943c5e84ca_6a29,Plateaux,Est-Mono,Est-Mono 3,Kpéssi,POINT (1.347609874587741 8.014052679244188),
_mview_route_ralentisseurs.fid-7b1c8a4a_1943c5e84ca_6a2a,Plateaux,Est-Mono,Est-Mono 3,Kpéssi,POINT (1.3471082316593719 8.013997606490834),
_mview_route_ralentisseurs.fid-7b1c8a4a_1943c5e84ca_6a2b,Plateaux,Est-Mono,Est-Mono 3,Kpéssi,POINT (1.346479721387846 8.013955224870541),
_mview_route_ralentisseurs.fid-7b1c8a4a_1943c5e84ca_6a2c,Plateaux,Est-Mono,Est-Mono 3,Kpéssi,POINT (1.3435450673547382 8.013818826982009),
_mview_route_ralentisseurs.fid-7b1c8a4a_1943c5e84ca_6a2d,Plateaux,Est-Mono,Est-Mono 3,Kpéssi,POINT (1.3410603195308175 8.012457608601029),
_mview_route_ralentisseurs.fid-7b1c8a4a_1943c5e84ca_6a2e,Plateaux,Est-Mono,Est-Mono 3,Kpéssi,POINT (1.3260574944303405 8.013992309406461),
_mview_route_ralentisseurs.fid-7b1c8a4a_1943c5e84ca_6a2f,Plateaux,Est-Mono,Est-Mono 3,Kpéssi,POINT (1.3259711974116362 8.01401974169965),
_mview_route_ralentisseurs.fid-7b1c8a4a_1943c5e84ca_6a30,Plateaux,Est-Mono,Est-Mono 2,Morétan,POINT (1.3412490235729162 8.297311494480494),OGBOMEDJI-GUEDJEMI 2
_mview_route_ralentisseurs.fid-7b1c8a4a_1943c5e84ca_6a31,Plateaux,Est-Mono,Est-Mono 2,Morétan,POINT (1.4515167362241848 8.307409844410879),ISSATI
_mview_route_ralentisseurs.fid-7b1c8a4a_1943c5e84ca_6a32,Plateaux,Est-Mono,Est-Mono 2,Morétan,POINT (1.4508513421966776 8.307639342382773),ISSATI
_mview_route_ralentisseurs.fid-7b1c8a4a_1943c5e84ca_6a33,Plateaux,Est-Mono,Est-Mono 2,Morétan,POINT (1.4504058581007138 8.307908151806878),ISSATI
_mview_route_ralentisseurs.fid-7b1c8a4a_1943c5e84ca_6a34,Maritime,Golfe,Golfe 1,Bè-Est,POINT (1.2926553028205923 6.169332368957112),ROND POINT ADAKPAMÉ-ADAKPAMÉ ASSEMBLÉE DE DIEU
_mview_route_ralentisseurs.fid-7b1c8a4a_1943c5e84ca_6a35,Maritime,Golfe,Golfe 1,Bè-Est,POINT (1.2851948315933759 6.171076915063523),ROND POINT ADAKPAMÉ-ADAKPAMÉ ASSEMBLÉE DE DIEU
_mview_route_ralentisseurs.fid-7b1c8a4a_1943c5e84ca_6a36,Maritime,Golfe,Golfe 1,Bè-Est,POINT (1.2686245244119867 6.163895776757978),NETADI (FIN PAVEE)-CARREFOUR  DIFA
_mview_route_ralentisseurs.fid-7b1c8a4a_1943c5e84ca_6a37,Maritime,Golfe,Golfe 1,Bè-Est,POINT (1.2758389184158625 6.1683555822144935),NETADI (FIN PAVEE)-CARREFOUR  DIFA
_mview_route_ralentisseurs.fid-7b1c8a4a_1943c5e84ca_6a38,Maritime,Golfe,Golfe 1,Bè-Est,POINT (1.2748017194839147 6.16773491244993),NETADI (FIN PAVEE)-CARREFOUR  DIFA
_mview_route_ralentisseurs.fid-7b1c8a4a_1943c5e84ca_6a39,Maritime,Golfe,Golfe 1,Bè-Est,POINT (1.2703714177211878 6.165038351249933),NETADI (FIN PAVEE)-CARREFOUR  DIFA
_mview_route_ralentisseurs.fid-7b1c8a4a_1943c5e84ca_6a3a,Maritime,Golfe,Golfe 1,Bè-Est,POINT (1.2693012401209678 6.164369194524783),NETADI (FIN PAVEE)-CARREFOUR  DIFA
_mview_route_ralentisseurs.fid-7b1c8a4a_1943c5e84ca_6a3b,Maritime,Golfe,Golfe 1,Bè-Est,POINT (1.2687548438649747 6.163989957251527),NETADI (FIN PAVEE)-CARREFOUR  DIFA
_mview_route_ralentisseurs.fid-7b1c8a4a_1943c5e84ca_6a3c,Maritime,Golfe,Golfe 1,Bè-Est,POINT (1.2718631479704852 6.165969272878444),ANFAMÉ 
_mview_route_ralentisseurs.fid-7b1c8a4a_1943c5e84ca_6a3d,Maritime,Golfe,Golfe 1,Bè-Est,POINT (1.2928329265037017 6.16492473389151),KAGNIKOPE
_mview_route_ralentisseurs.fid-7b1c8a4a_1943c5e84ca_6a3e,Maritime,Golfe,Golfe 1,Bè-Est,POINT (1.2896260324627353 6.166949571501835),KPONOU
_mview_route_ralentisseurs.fid-7b1c8a4a_1943c5e84ca_6a3f,Maritime,Golfe,Golfe 1,Bè-Est,POINT (1.2760842977733569 6.162261381149137),ANFAMÉ 
_mview_route_ralentisseurs.fid-7b1c8a4a_1943c5e84ca_6a40,Maritime,Golfe,Golfe 1,Bè-Est,POINT (1.298579836890825 6.172192875429349),ADAKPAME
_mview_route_ralentisseurs.fid-7b1c8a4a_1943c5e84ca_6a41,Maritime,Golfe,Golfe 1,Bè-Est,POINT (1.2993346345150762 6.1705102326297885),ADAKPAME
_mview_route_ralentisseurs.fid-7b1c8a4a_1943c5e84ca_6a42,Maritime,Golfe,Golfe 1,Bè-Est,POINT (1.298544030077867 6.1716576199842335),ADAKPAME
_mview_route_ralentisseurs.fid-7b1c8a4a_1943c5e84ca_6a43,Plateaux,Haho,Haho 4,Wahala,POINT (1.2229195035924856 7.1920919766398),
_mview_route_ralentisseurs.fid-7b1c8a4a_1943c5e84ca_6a44,Maritime,Golfe,Golfe 1,Bè-Est,POINT (1.2466654449866494 6.148915058046974),BE
_mview_route_ralentisseurs.fid-7b1c8a4a_1943c5e84ca_6a45,Maritime,Golfe,Golfe 1,Bè-Est,POINT (1.2565348559372411 6.152105089094506),BE
_mview_route_ralentisseurs.fid-7b1c8a4a_1943c5e84ca_6a46,Maritime,Golfe,Golfe 1,Bè-Est,POINT (1.2560945252899967 6.151968196776029),BE
_mview_route_ralentisseurs.fid-7b1c8a4a_1943c5e84ca_6a47,Maritime,Golfe,Golfe 1,Bè-Est,POINT (1.2556578249436567 6.151832432670477),BE
_mview_route_ralentisseurs.fid-7b1c8a4a_1943c5e84ca_6a48,Maritime,Golfe,Golfe 1,Bè-Est,POINT (1.2552210597705675 6.151704750628015),BE
_mview_route_ralentisseurs.fid-7b1c8a4a_1943c5e84ca_6a49,Maritime,Golfe,Golfe 1,Bè-Est,POINT (1.254834167854808 6.151594692070544),BE
_mview_route_ralentisseurs.fid-7b1c8a4a_1943c5e84ca_6a4a,Maritime,Golfe,Golfe 1,Bè-Est,POINT (1.2543931247135744 6.151474085080841),BE
_mview_route_ralentisseurs.fid-7b1c8a4a_1943c5e84ca_6a4b,Maritime,Golfe,Golfe 1,Bè-Est,POINT (1.2535189479310913 6.151210954953052),BE
_mview_route_ralentisseurs.fid-7b1c8a4a_1943c5e84ca_6a4c,Maritime,Golfe,Golfe 1,Bè-Est,POINT (1.2531152674097186 6.151105434150332),BE
_mview_route_ralentisseurs.fid-7b1c8a4a_1943c5e84ca_6a4d,Maritime,Golfe,Golfe 1,Bè-Est,POINT (1.2526709583566045 6.150967052186292),BE
_mview_route_ralentisseurs.fid-7b1c8a4a_1943c5e84ca_6a4e,Maritime,Golfe,Golfe 1,Bè-Est,POINT (1.2522854330581632 6.150841095303223),BE
_mview_route_ralentisseurs.fid-7b1c8a4a_1943c5e84ca_6a4f,Maritime,Golfe,Golfe 1,Bè-Est,POINT (1.251873144713079 6.1506942163866025),BE
_mview_route_ralentisseurs.fid-7b1c8a4a_1943c5e84ca_6a50,Maritime,Golfe,Golfe 1,Bè-Est,POINT (1.251440096136159 6.150517315821704),BE
_mview_route_ralentisseurs.fid-7b1c8a4a_1943c5e84ca_6a51,Maritime,Golfe,Golfe 1,Bè-Est,POINT (1.2510607924941253 6.150353811556835),BE
_mview_route_ralentisseurs.fid-7b1c8a4a_1943c5e84ca_6a52,Maritime,Golfe,Golfe 1,Bè-Est,POINT (1.250088047191228 6.149949173989318),BE
_mview_route_ralentisseurs.fid-7b1c8a4a_1943c5e84ca_6a53,Maritime,Golfe,Golfe 1,Bè-Est,POINT (1.2492280574149495 6.149569703600078),BE
_mview_route_ralentisseurs.fid-7b1c8a4a_1943c5e84ca_6a54,Maritime,Golfe,Golfe 1,Bè-Est,POINT (1.2479260326612256 6.149150846906475),BE
_mview_route_ralentisseurs.fid-7b1c8a4a_1943c5e84ca_6a55,Maritime,Golfe,Golfe 1,Bè-Est,POINT (1.2462391463079914 6.14880282416072),BE
_mview_route_ralentisseurs.fid-7b1c8a4a_1943c5e84ca_6a56,Maritime,Golfe,Golfe 1,Bè-Est,POINT (1.2449243275390227 6.148491363034931),BE
_mview_route_ralentisseurs.fid-7b1c8a4a_1943c5e84ca_6a57,Maritime,Golfe,Golfe 1,Bè-Est,POINT (1.2864713821548803 6.177105524689784),ADAKPAME
_mview_route_ralentisseurs.fid-7b1c8a4a_1943c5e84ca_6a58,Maritime,Golfe,Golfe 1,Bè-Est,POINT (1.2864973873451335 6.176932944599451),ADAKPAME
_mview_route_ralentisseurs.fid-7b1c8a4a_1943c5e84ca_6a59,Maritime,Golfe,Golfe 1,Bè-Est,POINT (1.2866034929191066 6.176161114991858),ADAKPAME
_mview_route_ralentisseurs.fid-7b1c8a4a_1943c5e84ca_6a5a,Maritime,Golfe,Golfe 1,Bè-Est,POINT (1.28916140992683 6.177903071857462),ADAKPAME
_mview_route_ralentisseurs.fid-7b1c8a4a_1943c5e84ca_6a5b,Maritime,Golfe,Golfe 6,Baguida,POINT (1.3027132731368307 6.156825506784182),TGRMRRRN2/3 AFLAO AVEPOZO VOIE SUD
_mview_route_ralentisseurs.fid-7b1c8a4a_1943c5e84ca_6a5c,Maritime,Golfe,Golfe 6,Baguida,POINT (1.3045481956134077 6.157510693214206),TGRMRRRN2/3 AFLAO AVEPOZO VOIE SUD
_mview_route_ralentisseurs.fid-7b1c8a4a_1943c5e84ca_6a5d,Maritime,Golfe,Golfe 6,Baguida,POINT (1.3047114510385938 6.157572447161674),TGRMRRRN2/3 AFLAO AVEPOZO VOIE SUD
_mview_route_ralentisseurs.fid-7b1c8a4a_1943c5e84ca_6a5e,Maritime,Golfe,Golfe 6,Baguida,POINT (1.3028657322596888 6.156862241794717),TGRMRRRN2/3 AFLAO AVEPOZO VOIE SUD
_mview_route_ralentisseurs.fid-7b1c8a4a_1943c5e84ca_6a5f,Maritime,Golfe,Golfe 6,Baguida,POINT (1.3038133731513308 6.157232734268272),TGRMRRRN2/3 AFLAO AVEPOZO VOIE SUD
_mview_route_ralentisseurs.fid-7b1c8a4a_1943c5e84ca_6a60,Maritime,Golfe,Golfe 6,Baguida,POINT (1.3045006745435206 6.1574927176066945),TGRMRRRN2/3 AFLAO AVEPOZO VOIE SUD
_mview_route_ralentisseurs.fid-7b1c8a4a_1943c5e84ca_6a61,Maritime,Golfe,Golfe 6,Baguida,POINT (1.304774556440585 6.157596460749957),TGRMRRRN2/3 AFLAO AVEPOZO VOIE SUD
_mview_route_ralentisseurs.fid-7b1c8a4a_1943c5e84ca_6a62,Maritime,Golfe,Golfe 1,Bè-Est,POINT (1.264425114994697 6.160786570117442),ROND POINT BE YESUVITO-ROND POINT AZIP
_mview_route_ralentisseurs.fid-7b1c8a4a_1943c5e84ca_6a63,Maritime,Golfe,Golfe 1,Bè-Est,POINT (1.2646465921348968 6.160943433232461),ROND POINT BE YESUVITO-ROND POINT AZIP
_mview_route_ralentisseurs.fid-7b1c8a4a_1943c5e84ca_6a64,Maritime,Golfe,Golfe 1,Bè-Est,POINT (1.2650214205611332 6.161209532750107),ROND POINT BE YESUVITO-ROND POINT AZIP
_mview_route_ralentisseurs.fid-7b1c8a4a_1943c5e84ca_6a65,Maritime,Golfe,Golfe 1,Bè-Est,POINT (1.264961521215815 6.161298866211495),ROND POINT DJIFA-ROND POINT BÈ GAKPOTO
_mview_route_ralentisseurs.fid-7b1c8a4a_1943c5e84ca_6a66,Maritime,Golfe,Golfe 1,Bè-Est,POINT (1.2645822614944018 6.161027819122657),ROND POINT DJIFA-ROND POINT BÈ GAKPOTO
_mview_route_ralentisseurs.fid-7b1c8a4a_1943c5e84ca_6a67,Maritime,Golfe,Golfe 1,Bè-Est,POINT (1.2589740597458308 6.158915549888792),ROND POINT DJIFA-ROND POINT BÈ GAKPOTO
_mview_route_ralentisseurs.fid-7b1c8a4a_1943c5e84ca_6a68,Maritime,Golfe,Golfe 1,Bè-Est,POINT (1.25610412829604 6.158231688598539),ROND POINT DJIFA-ROND POINT BÈ GAKPOTO
_mview_route_ralentisseurs.fid-7b1c8a4a_1943c5e84ca_6a69,Maritime,Golfe,Golfe 1,Bè-Est,POINT (1.2556140808320149 6.158124751984156),ROND POINT DJIFA-ROND POINT BÈ GAKPOTO
_mview_route_ralentisseurs.fid-7b1c8a4a_1943c5e84ca_6a6a,Maritime,Golfe,Golfe 1,Bè-Est,POINT (1.251255645833175 6.1564284385299315),ROND POINT DJIFA-ROND POINT BÈ GAKPOTO
_mview_route_ralentisseurs.fid-7b1c8a4a_1943c5e84ca_6a6b,Maritime,Golfe,Golfe 1,Bè-Est,POINT (1.243414869462571 6.208147011623892),TGRMRRRN34 LOME-VOGAN-ANFOIN
_mview_route_ralentisseurs.fid-7b1c8a4a_1943c5e84ca_6a6c,Maritime,Golfe,Golfe 1,Bè-Est,POINT (1.2487388038692921 6.217416110056047),TGRMRRRN34 LOME-VOGAN-ANFOIN
_mview_route_ralentisseurs.fid-7b1c8a4a_1943c5e84ca_6a6d,Maritime,Golfe,Golfe 1,Bè-Est,POINT (1.2435941080148714 6.208895303633975),TGRMRRRN34 LOME-VOGAN-ANFOIN
_mview_route_ralentisseurs.fid-7b1c8a4a_1943c5e84ca_6a6e,Maritime,Golfe,Golfe 1,Bè-Est,POINT (1.2704876884725766 6.243878778830872),KLOBATEME
_mview_route_ralentisseurs.fid-7b1c8a4a_1943c5e84ca_6a6f,Maritime,Golfe,Golfe 1,Bè-Est,POINT (1.242761533852517 6.1452879105267995),BE APEYEME-ANTHONIO NETIME 
_mview_route_ralentisseurs.fid-7b1c8a4a_1943c5e84ca_6a70,Maritime,Golfe,Golfe 1,Bè-Est,POINT (1.2423332584848505 6.145199082232306),BE APEYEME-ANTHONIO NETIME 
_mview_route_ralentisseurs.fid-7b1c8a4a_1943c5e84ca_6a71,Maritime,Golfe,Golfe 1,Bè-Est,POINT (1.2412903545908198 6.144930070920735),BE APEYEME-ANTHONIO NETIME 
_mview_route_ralentisseurs.fid-7b1c8a4a_1943c5e84ca_6a72,Maritime,Golfe,Golfe 1,Bè-Est,POINT (1.2403206062605265 6.144695888795167),BE APEYEME-ANTHONIO NETIME 
_mview_route_ralentisseurs.fid-7b1c8a4a_1943c5e84ca_6a73,Maritime,Golfe,Golfe 1,Bè-Est,POINT (1.2390542333338201 6.144369143898022),BE APEYEME-ANTHONIO NETIME 
_mview_route_ralentisseurs.fid-7b1c8a4a_1943c5e84ca_6a74,Maritime,Golfe,Golfe 1,Bè-Est,POINT (1.235691228095519 6.143362124406719),BE APEYEME-ANTHONIO NETIME 
_mview_route_ralentisseurs.fid-7b1c8a4a_1943c5e84ca_6a75,Maritime,Golfe,Golfe 1,Bè-Est,POINT (1.2352459791215016 6.143225029752984),BE APEYEME-ANTHONIO NETIME 
_mview_route_ralentisseurs.fid-7b1c8a4a_1943c5e84ca_6a76,Maritime,Golfe,Golfe 4,Amoutivé,POINT (1.2330533326068376 6.142546757000757),BE APEYEME-ANTHONIO NETIME 
_mview_route_ralentisseurs.fid-7b1c8a4a_1943c5e84ca_6a77,Maritime,Golfe,Golfe 1,Bè-Est,POINT (1.245561578779401 6.151017848402918),BE KPOTA-AKODESSEWA 
_mview_route_ralentisseurs.fid-7b1c8a4a_1943c5e84ca_6a78,Maritime,Golfe,Golfe 1,Bè-Est,POINT (1.2464806367453805 6.151299507557639),BE KPOTA-AKODESSEWA 
_mview_route_ralentisseurs.fid-7b1c8a4a_1943c5e84ca_6a79,Maritime,Golfe,Golfe 1,Bè-Est,POINT (1.2473109927515535 6.151544003239693),BE KPOTA-AKODESSEWA 
_mview_route_ralentisseurs.fid-7b1c8a4a_1943c5e84ca_6a7a,Maritime,Golfe,Golfe 1,Bè-Est,POINT (1.2481726734470364 6.151797280858489),BE KPOTA-AKODESSEWA 
_mview_route_ralentisseurs.fid-7b1c8a4a_1943c5e84ca_6a7b,Maritime,Golfe,Golfe 1,Bè-Est,POINT (1.2485004047204578 6.151899067717508),BE KPOTA-AKODESSEWA 
_mview_route_ralentisseurs.fid-7b1c8a4a_1943c5e84ca_6a7c,Maritime,Golfe,Golfe 1,Bè-Est,POINT (1.2485246239462866 6.151906589721822),BE KPOTA-AKODESSEWA 
_mview_route_ralentisseurs.fid-7b1c8a4a_1943c5e84ca_6a7d,Maritime,Golfe,Golfe 1,Bè-Est,POINT (1.2487469265912117 6.151974879442005),BE KPOTA-AKODESSEWA 
_mview_route_ralentisseurs.fid-7b1c8a4a_1943c5e84ca_6a7e,Maritime,Golfe,Golfe 1,Bè-Est,POINT (1.2490221318504888 6.152058942108171),BE KPOTA-AKODESSEWA 
_mview_route_ralentisseurs.fid-7b1c8a4a_1943c5e84ca_6a7f,Maritime,Golfe,Golfe 1,Bè-Est,POINT (1.2499221292225149 6.152315722946989),BE KPOTA-AKODESSEWA 
_mview_route_ralentisseurs.fid-7b1c8a4a_1943c5e84ca_6a80,Maritime,Golfe,Golfe 1,Bè-Est,POINT (1.2507868483186784 6.15256100287868),BE KPOTA-AKODESSEWA 
_mview_route_ralentisseurs.fid-7b1c8a4a_1943c5e84ca_6a81,Maritime,Golfe,Golfe 1,Bè-Est,POINT (1.251638388570721 6.152823331348933),BE KPOTA-AKODESSEWA 
_mview_route_ralentisseurs.fid-7b1c8a4a_1943c5e84ca_6a82,Maritime,Golfe,Golfe 1,Bè-Est,POINT (1.2525127519933632 6.153113615209098),BE KPOTA-AKODESSEWA 
_mview_route_ralentisseurs.fid-7b1c8a4a_1943c5e84ca_6a83,Maritime,Golfe,Golfe 1,Bè-Est,POINT (1.253334270483243 6.153392131533763),BE KPOTA-AKODESSEWA 
_mview_route_ralentisseurs.fid-7b1c8a4a_1943c5e84ca_6a84,Maritime,Golfe,Golfe 1,Bè-Est,POINT (1.2542211756352408 6.153712090535301),BE KPOTA-AKODESSEWA 
_mview_route_ralentisseurs.fid-7b1c8a4a_1943c5e84ca_6a85,Maritime,Golfe,Golfe 1,Bè-Est,POINT (1.255080060860119 6.153971400376161),BE KPOTA-AKODESSEWA 
_mview_route_ralentisseurs.fid-7b1c8a4a_1943c5e84ca_6a86,Maritime,Golfe,Golfe 1,Bè-Est,POINT (1.2559288102419395 6.154215833303417),BE KPOTA-AKODESSEWA 
_mview_route_ralentisseurs.fid-7b1c8a4a_1943c5e84ca_6a87,Maritime,Golfe,Golfe 1,Bè-Est,POINT (1.2568011830447725 6.1544744861686045),BE KPOTA-AKODESSEWA 
_mview_route_ralentisseurs.fid-7b1c8a4a_1943c5e84ca_6a88,Maritime,Golfe,Golfe 1,Bè-Est,POINT (1.2576608250780583 6.154711445868627),BE KPOTA-AKODESSEWA 
_mview_route_ralentisseurs.fid-7b1c8a4a_1943c5e84ca_6a89,Maritime,Golfe,Golfe 1,Bè-Est,POINT (1.2585371730393808 6.154995273854526),BE KPOTA-AKODESSEWA 
_mview_route_ralentisseurs.fid-7b1c8a4a_1943c5e84ca_6a8a,Maritime,Golfe,Golfe 1,Bè-Est,POINT (1.2594110959056688 6.155314475695597),BE KPOTA-AKODESSEWA 
_mview_route_ralentisseurs.fid-7b1c8a4a_1943c5e84ca_6a8b,Maritime,Golfe,Golfe 1,Bè-Est,POINT (1.2620643931674154 6.155895879012139),BE KPOTA-AKODESSEWA 
_mview_route_ralentisseurs.fid-7b1c8a4a_1943c5e84ca_6a8c,Maritime,Golfe,Golfe 1,Bè-Est,POINT (1.2628971832094738 6.156032308820803),BE KPOTA-AKODESSEWA 
_mview_route_ralentisseurs.fid-7b1c8a4a_1943c5e84ca_6a8d,Maritime,Golfe,Golfe 1,Bè-Est,POINT (1.248436442639404 6.153245655393685),BE KPOTA 
_mview_route_ralentisseurs.fid-7b1c8a4a_1943c5e84ca_6a8e,Maritime,Golfe,Golfe 1,Bè-Est,POINT (1.2493674415112703 6.153657481573982),BE KPOTA 
_mview_route_ralentisseurs.fid-7b1c8a4a_1943c5e84ca_6a8f,Maritime,Golfe,Golfe 1,Bè-Est,POINT (1.2503313883504483 6.154052535402213),BE KPOTA 
_mview_route_ralentisseurs.fid-7b1c8a4a_1943c5e84ca_6a90,Maritime,Golfe,Golfe 1,Bè-Est,POINT (1.250527239449897 6.154129451233115),BE KPOTA 
_mview_route_ralentisseurs.fid-7b1c8a4a_1943c5e84ca_6a91,Maritime,Golfe,Golfe 1,Bè-Est,POINT (1.251653930132353 6.154570690052955),BE KPOTA 
_mview_route_ralentisseurs.fid-7b1c8a4a_1943c5e84ca_6a92,Maritime,Golfe,Golfe 1,Bè-Est,POINT (1.2528300345911694 6.155047709264151),BE KPOTA 
_mview_route_ralentisseurs.fid-7b1c8a4a_1943c5e84ca_6a93,Maritime,Golfe,Golfe 1,Bè-Est,POINT (1.2539424870040732 6.155537777137753),BE KPOTA 
_mview_route_ralentisseurs.fid-7b1c8a4a_1943c5e84ca_6a94,Maritime,Golfe,Golfe 1,Bè-Est,POINT (1.254174547134126 6.155656758285243),BE KPOTA 
_mview_route_ralentisseurs.fid-7b1c8a4a_1943c5e84ca_6a95,Maritime,Golfe,Golfe 1,Bè-Est,POINT (1.2559230897807254 6.156303763851703),BE KPOTA 
_mview_route_ralentisseurs.fid-7b1c8a4a_1943c5e84ca_6a96,Maritime,Golfe,Golfe 1,Bè-Est,POINT (1.2595353289756397 6.157050647761382),BE KPOTA 
_mview_route_ralentisseurs.fid-7b1c8a4a_1943c5e84ca_6a97,Maritime,Golfe,Golfe 1,Bè-Est,POINT (1.2613551816814894 6.157151153154426),BE KPOTA 
_mview_route_ralentisseurs.fid-7b1c8a4a_1943c5e84ca_6a98,Maritime,Golfe,Golfe 1,Bè-Est,POINT (1.2617838468581386 6.157153528756601),BE KPOTA 
_mview_route_ralentisseurs.fid-7b1c8a4a_1943c5e84ca_6a99,Maritime,Golfe,Golfe 1,Bè-Est,POINT (1.2634051315945034 6.157017313102865),BE KPOTA 
_mview_route_ralentisseurs.fid-7b1c8a4a_1943c5e84ca_6a9a,Maritime,Golfe,Golfe 1,Bè-Est,POINT (1.241849855589262 6.1476376336482375),BE APEYEME 
_mview_route_ralentisseurs.fid-7b1c8a4a_1943c5e84ca_6a9b,Maritime,Golfe,Golfe 1,Bè-Est,POINT (1.2424839311529379 6.147790740965691),BE APEYEME 
_mview_route_ralentisseurs.fid-7b1c8a4a_1943c5e84ca_6a9c,Maritime,Golfe,Golfe 1,Bè-Est,POINT (1.2433122789347084 6.14804799473837),BE APEYEME 
_mview_route_ralentisseurs.fid-7b1c8a4a_1943c5e84ca_6a9d,Maritime,Golfe,Golfe 1,Bè-Est,POINT (1.2398263726443093 6.145482842799742),BE APEYEME 
_mview_route_ralentisseurs.fid-7b1c8a4a_1943c5e84ca_6a9e,Maritime,Golfe,Golfe 1,Bè-Est,POINT (1.2398501954423837 6.145387551588022),BE APEYEME 
_mview_route_ralentisseurs.fid-7b1c8a4a_1943c5e84ca_6a9f,Maritime,Golfe,Golfe 1,Bè-Est,POINT (1.2588271576925203 6.244191732515348),KLOBATEME 
_mview_route_ralentisseurs.fid-7b1c8a4a_1943c5e84ca_6aa0,Maritime,Golfe,Golfe 1,Bè-Est,POINT (1.2585488651579637 6.244385640906711),KLOBATEME 
_mview_route_ralentisseurs.fid-7b1c8a4a_1943c5e84ca_6aa1,Maritime,Golfe,Golfe 1,Bè-Est,POINT (1.2923796167515609 6.177041628871776),ADAKPAME
_mview_route_ralentisseurs.fid-7b1c8a4a_1943c5e84ca_6aa2,Maritime,Golfe,Golfe 1,Bè-Est,POINT (1.2520124254932652 6.218341868451835),KEGUE
_mview_route_ralentisseurs.fid-7b1c8a4a_1943c5e84ca_6aa3,Maritime,Golfe,Golfe 1,Bè-Est,POINT (1.2462921982453294 6.213863608678066),KEGUE ZOGBEDJI
_mview_route_ralentisseurs.fid-7b1c8a4a_1943c5e84ca_6aa4,Maritime,Golfe,Golfe 1,Bè-Est,POINT (1.2660981568740453 6.159711387400485),ROND POINT PORT-ROND POINT DJIFA
_mview_route_ralentisseurs.fid-7b1c8a4a_1943c5e84ca_6aa5,Maritime,Golfe,Golfe 1,Bè-Est,POINT (1.2662215270247055 6.160966936911793),ROND POINT PORT-ROND POINT DJIFA
_mview_route_ralentisseurs.fid-7b1c8a4a_1943c5e84ca_6aa6,Maritime,Golfe,Golfe 6,Baguida,POINT (1.3034737199111721 6.1599685730430505),KATANGA-KAGOME
_mview_route_ralentisseurs.fid-7b1c8a4a_1943c5e84ca_6aa7,Maritime,Golfe,Golfe 2,Bè-Centre,POINT (1.2347255169079159 6.166471978941803),TGRMRRRN34 LOME-VOGAN-ANFOIN
_mview_route_ralentisseurs.fid-7b1c8a4a_1943c5e84ca_6aa8,Maritime,Golfe,Golfe 2,Bè-Centre,POINT (1.23459361607083 6.166269911223467),TGRMRRRN34 LOME-VOGAN-ANFOIN
_mview_route_ralentisseurs.fid-7b1c8a4a_1943c5e84ca_6aa9,Maritime,Golfe,Golfe 2,Bè-Centre,POINT (1.2345928183144423 6.1664214035707134),TGRMRRRN34 LOME-VOGAN-ANFOIN
_mview_route_ralentisseurs.fid-7b1c8a4a_1943c5e84ca_6aaa,Maritime,Golfe,Golfe 2,Bè-Centre,POINT (1.2361319308934995 6.157009887731262),RUE AOUTCHOU 
_mview_route_ralentisseurs.fid-7b1c8a4a_1943c5e84ca_6aab,Maritime,Golfe,Golfe 2,Bè-Centre,POINT (1.2362775053413046 6.157747732489896),
_mview_route_ralentisseurs.fid-7b1c8a4a_1943c5e84ca_6aac,Maritime,Golfe,Golfe 2,Bè-Centre,POINT (1.2357467899558916 6.157573922097485),
_mview_route_ralentisseurs.fid-7b1c8a4a_1943c5e84ca_6aad,Maritime,Golfe,Golfe 2,Bè-Centre,POINT (1.2357743683856375 6.15758295410506),
_mview_route_ralentisseurs.fid-7b1c8a4a_1943c5e84ca_6aae,Maritime,Golfe,Golfe 2,Bè-Centre,POINT (1.236152600343065 6.157706825896111),
_mview_route_ralentisseurs.fid-7b1c8a4a_1943c5e84ca_6aaf,Maritime,Golfe,Golfe 2,Bè-Centre,POINT (1.2421271507542475 6.194091955899331),
_mview_route_ralentisseurs.fid-7b1c8a4a_1943c5e84ca_6ab0,Maritime,Golfe,Golfe 2,Bè-Centre,POINT (1.23662971923634 6.169093043172166),RUE 308
_mview_route_ralentisseurs.fid-7b1c8a4a_1943c5e84ca_6ab1,Maritime,Golfe,Golfe 2,Bè-Centre,POINT (1.2366395352187656 6.168708281652075),RUE 308
_mview_route_ralentisseurs.fid-7b1c8a4a_1943c5e84ca_6ab2,Maritime,Golfe,Golfe 2,Bè-Centre,POINT (1.2366301383853902 6.169069237135508),RUE 308
_mview_route_ralentisseurs.fid-7b1c8a4a_1943c5e84ca_6ab3,Maritime,Golfe,Golfe 2,Bè-Centre,POINT (1.2366400249362792 6.1686600445358835),RUE 308
_mview_route_ralentisseurs.fid-7b1c8a4a_1943c5e84ca_6ab4,Maritime,Golfe,Golfe 2,Bè-Centre,POINT (1.237514075319463 6.148780131817313),
_mview_route_ralentisseurs.fid-7b1c8a4a_1943c5e84ca_6ab5,Maritime,Golfe,Golfe 2,Bè-Centre,POINT (1.2374607449217836 6.1490998453609675),
_mview_route_ralentisseurs.fid-7b1c8a4a_1943c5e84ca_6ab6,Maritime,Golfe,Golfe 2,Bè-Centre,POINT (1.2374273851013708 6.1492998357444355),
_mview_route_ralentisseurs.fid-7b1c8a4a_1943c5e84ca_6ab7,Maritime,Golfe,Golfe 2,Bè-Centre,POINT (1.2372120257221002 6.15059089714248),
_mview_route_ralentisseurs.fid-7b1c8a4a_1943c5e84ca_6ab8,Maritime,Golfe,Golfe 2,Bè-Centre,POINT (1.2373604386080534 6.149701175621683),
_mview_route_ralentisseurs.fid-7b1c8a4a_1943c5e84ca_6ab9,Maritime,Golfe,Golfe 2,Bè-Centre,POINT (1.2481143377700599 6.166926456775768),
_mview_route_ralentisseurs.fid-7b1c8a4a_1943c5e84ca_6aba,Maritime,Golfe,Golfe 2,Bè-Centre,POINT (1.2447032444412724 6.161972453484424),RUE 19
_mview_route_ralentisseurs.fid-7b1c8a4a_1943c5e84ca_6abb,Maritime,Golfe,Golfe 2,Bè-Centre,POINT (1.2446634851659424 6.161921879430455),RUE 19
_mview_route_ralentisseurs.fid-7b1c8a4a_1943c5e84ca_6abc,Maritime,Golfe,Golfe 2,Bè-Centre,POINT (1.2420307967046866 6.19381759690551),
_mview_route_ralentisseurs.fid-7b1c8a4a_1943c5e84ca_6abd,Maritime,Golfe,Golfe 2,Bè-Centre,POINT (1.256577100305303 6.187994420605546),
_mview_route_ralentisseurs.fid-7b1c8a4a_1943c5e84ca_6abe,Maritime,Golfe,Golfe 2,Bè-Centre,POINT (1.2565816243676593 6.187993172588554),
_mview_route_ralentisseurs.fid-7b1c8a4a_1943c5e84ca_6abf,Maritime,Golfe,Golfe 3,Bè-Ouest,POINT (1.2187726957064953 6.164065904015443),TODMAN BOULEVARD DE LA KARA-BOULEVARD JEAN PAUL 2
_mview_route_ralentisseurs.fid-7b1c8a4a_1943c5e84ca_6ac0,Maritime,Golfe,Golfe 3,Bè-Ouest,POINT (1.2158455955445429 6.163319635339877),TODMAN BOULEVARD DE LA KARA-BOULEVARD JEAN PAUL 2
_mview_route_ralentisseurs.fid-7b1c8a4a_1943c5e84ca_6ac1,Maritime,Golfe,Golfe 3,Bè-Ouest,POINT (1.2183326583113323 6.16395088003078),TODMAN BOULEVARD DE LA KARA-BOULEVARD JEAN PAUL 2
_mview_route_ralentisseurs.fid-7b1c8a4a_1943c5e84ca_6ac2,Maritime,Golfe,Golfe 3,Bè-Ouest,POINT (1.2202747548947532 6.164438973003002),TODMAN BOULEVARD DE LA KARA-BOULEVARD JEAN PAUL 2
_mview_route_ralentisseurs.fid-7b1c8a4a_1943c5e84ca_6ac3,Maritime,Golfe,Golfe 3,Bè-Ouest,POINT (1.2314553784615077 6.167655717832152),TODMAN BOULEVARD DE LA KARA-BOULEVARD JEAN PAUL 2
_mview_route_ralentisseurs.fid-7b1c8a4a_1943c5e84ca_6ac4,Maritime,Golfe,Golfe 3,Bè-Ouest,POINT (1.2042105877467795 6.159436115137937),TODMAN BOULEVARD DE LA KARA-BOULEVARD JEAN PAUL 2
_mview_route_ralentisseurs.fid-7b1c8a4a_1943c5e84ca_6ac5,Maritime,Golfe,Golfe 3,Bè-Ouest,POINT (1.206628345360531 6.159711674135171),TODMAN BOULEVARD DE LA KARA-BOULEVARD JEAN PAUL 2
_mview_route_ralentisseurs.fid-7b1c8a4a_1943c5e84ca_6ac6,Maritime,Golfe,Golfe 3,Bè-Ouest,POINT (1.2144245994607357 6.162975063754377),TODMAN BOULEVARD DE LA KARA-BOULEVARD JEAN PAUL 2
_mview_route_ralentisseurs.fid-7b1c8a4a_1943c5e84ca_6ac7,Maritime,Golfe,Golfe 3,Bè-Ouest,POINT (1.224763846159972 6.165690043449506),TODMAN BOULEVARD DE LA KARA-BOULEVARD JEAN PAUL 2
_mview_route_ralentisseurs.fid-7b1c8a4a_1943c5e84ca_6ac8,Maritime,Golfe,Golfe 3,Bè-Ouest,POINT (1.2126025772378057 6.173109640974661),ANPE-RUE OGMA YAGLA
_mview_route_ralentisseurs.fid-7b1c8a4a_1943c5e84ca_6ac9,Maritime,Golfe,Golfe 3,Bè-Ouest,POINT (1.2260574210703326 6.165985110993143),TODMAN BOULEVARD DE LA KARA-BOULEVARD JEAN PAUL 2
_mview_route_ralentisseurs.fid-7b1c8a4a_1943c5e84ca_6aca,Maritime,Golfe,Golfe 3,Bè-Ouest,POINT (1.2288647543006561 6.1667201407664445),TODMAN BOULEVARD DE LA KARA-BOULEVARD JEAN PAUL 2
_mview_route_ralentisseurs.fid-7b1c8a4a_1943c5e84ca_6acb,Maritime,Golfe,Golfe 3,Bè-Ouest,POINT (1.214944773202029 6.163268830764542),TODMAN BOULEVARD KARA-BOULEVARD JEAN PAUL II
_mview_route_ralentisseurs.fid-7b1c8a4a_1943c5e84ca_6acc,Maritime,Golfe,Golfe 3,Bè-Ouest,POINT (1.229234577738872 6.166931823278618),TODMAN BOULEVARD KARA-BOULEVARD JEAN PAUL II
_mview_route_ralentisseurs.fid-7b1c8a4a_1943c5e84ca_6acd,Maritime,Golfe,Golfe 3,Bè-Ouest,POINT (1.2265473366621724 6.166217462188606),TODMAN BOULEVARD KARA-BOULEVARD JEAN PAUL II
_mview_route_ralentisseurs.fid-7b1c8a4a_1943c5e84ca_6ace,Maritime,Golfe,Golfe 3,Bè-Ouest,POINT (1.2252369428536671 6.165879810218279),TODMAN BOULEVARD KARA-BOULEVARD JEAN PAUL II
_mview_route_ralentisseurs.fid-7b1c8a4a_1943c5e84ca_6acf,Maritime,Golfe,Golfe 3,Bè-Ouest,POINT (1.2206182543472004 6.164657848508376),TODMAN BOULEVARD KARA-BOULEVARD JEAN PAUL II
_mview_route_ralentisseurs.fid-7b1c8a4a_1943c5e84ca_6ad0,Maritime,Golfe,Golfe 3,Bè-Ouest,POINT (1.2186704557332517 6.164162885961732),TODMAN BOULEVARD KARA-BOULEVARD JEAN PAUL II
_mview_route_ralentisseurs.fid-7b1c8a4a_1943c5e84ca_6ad1,Maritime,Golfe,Golfe 3,Bè-Ouest,POINT (1.2168460824781295 6.163705964379995),TODMAN BOULEVARD KARA-BOULEVARD JEAN PAUL II
_mview_route_ralentisseurs.fid-7b1c8a4a_1943c5e84ca_6ad2,Maritime,Golfe,Golfe 3,Bè-Ouest,POINT (1.2324333205303981 6.168151395166206),TODMAN BOULEVARD KARA-BOULEVARD JEAN PAUL II
_mview_route_ralentisseurs.fid-7b1c8a4a_1943c5e84ca_6ad3,Maritime,Golfe,Golfe 3,Bè-Ouest,POINT (1.2302538609699243 6.156623104018017),FOREVER-NOUKAFOU
_mview_route_ralentisseurs.fid-7b1c8a4a_1943c5e84ca_6ad4,Maritime,Golfe,Golfe 3,Bè-Ouest,POINT (1.229905499695165 6.156659050505924),NUKAFU-FOREVER
_mview_route_ralentisseurs.fid-7b1c8a4a_1943c5e84ca_6ad5,Maritime,Golfe,Golfe 3,Bè-Ouest,POINT (1.2290022517294503 6.169424898893726),WUITI
_mview_route_ralentisseurs.fid-7b1c8a4a_1943c5e84ca_6ad6,Maritime,Golfe,Golfe 3,Bè-Ouest,POINT (1.2289549998702416 6.169616577995851),WUITI
_mview_route_ralentisseurs.fid-7b1c8a4a_1943c5e84ca_6ad7,Maritime,Golfe,Golfe 3,Bè-Ouest,POINT (1.2289065227176343 6.169828209765225),WUITI
_mview_route_ralentisseurs.fid-7b1c8a4a_1943c5e84ca_6ad8,Maritime,Golfe,Golfe 3,Bè-Ouest,POINT (1.2049446351285276 6.146797480223719),TOKOIN SOLIDARITE 
_mview_route_ralentisseurs.fid-7b1c8a4a_1943c5e84ca_6ad9,Maritime,Golfe,Golfe 3,Bè-Ouest,POINT (1.205013056646677 6.1467575908846595),TOKOIN SOLIDARITE 
_mview_route_ralentisseurs.fid-7b1c8a4a_1943c5e84ca_6ada,Maritime,Golfe,Golfe 3,Bè-Ouest,POINT (1.2044528767354028 6.171477870419451),ATIKOUME
_mview_route_ralentisseurs.fid-7b1c8a4a_1943c5e84ca_6adb,Maritime,Golfe,Golfe 3,Bè-Ouest,POINT (1.213788324404004 6.165124187559507),ADEOUI 
_mview_route_ralentisseurs.fid-7b1c8a4a_1943c5e84ca_6adc,Maritime,Golfe,Golfe 3,Bè-Ouest,POINT (1.213958635426394 6.165121372458102),ADEOUI 
_mview_route_ralentisseurs.fid-7b1c8a4a_1943c5e84ca_6add,Maritime,Golfe,Golfe 3,Bè-Ouest,POINT (1.2376631722211728 6.1919531618048405),TGRMRRRN34 LOME-VOGAN-ANFOIN
_mview_route_ralentisseurs.fid-7b1c8a4a_1943c5e84ca_6ade,Maritime,Golfe,Golfe 3,Bè-Ouest,POINT (1.2140749146595784 6.149331923501662),DOGBEAVOU 
_mview_route_ralentisseurs.fid-7b1c8a4a_1943c5e84ca_6adf,Maritime,Golfe,Golfe 3,Bè-Ouest,POINT (1.2116050618813377 6.177167518521404),LOMEGAN CAMPUS
_mview_route_ralentisseurs.fid-7b1c8a4a_1943c5e84ca_6ae0,Maritime,Golfe,Golfe 3,Bè-Ouest,POINT (1.211246036971755 6.17718143163858),LOMEGAN CAMPUS
_mview_route_ralentisseurs.fid-7b1c8a4a_1943c5e84ca_6ae1,Maritime,Golfe,Golfe 3,Bè-Ouest,POINT (1.2108764130691567 6.177486435073033),LOMEGAN CAMPUS
_mview_route_ralentisseurs.fid-7b1c8a4a_1943c5e84ca_6ae2,Maritime,Golfe,Golfe 3,Bè-Ouest,POINT (1.21018566310767 6.178293304789532),LOMEGAN CAMPUS
_mview_route_ralentisseurs.fid-7b1c8a4a_1943c5e84ca_6ae3,Maritime,Golfe,Golfe 3,Bè-Ouest,POINT (1.2099683279774947 6.178816682734694),LOMEGAN CAMPUS
_mview_route_ralentisseurs.fid-7b1c8a4a_1943c5e84ca_6ae4,Maritime,Golfe,Golfe 3,Bè-Ouest,POINT (1.2098406219170612 6.179351296517556),LOMEGAN CAMPUS
_mview_route_ralentisseurs.fid-7b1c8a4a_1943c5e84ca_6ae5,Maritime,Golfe,Golfe 3,Bè-Ouest,POINT (1.20983482353457 6.180016284467737),LOMEGAN CAMPUS
_mview_route_ralentisseurs.fid-7b1c8a4a_1943c5e84ca_6ae6,Maritime,Golfe,Golfe 3,Bè-Ouest,POINT (1.2097688141477687 6.180984544614599),LOMEGAN CAMPUS
_mview_route_ralentisseurs.fid-7b1c8a4a_1943c5e84ca_6ae7,Maritime,Golfe,Golfe 3,Bè-Ouest,POINT (1.2096691624114408 6.181373098548407),LOMEGAN CAMPUS
_mview_route_ralentisseurs.fid-7b1c8a4a_1943c5e84ca_6ae8,Maritime,Golfe,Golfe 3,Bè-Ouest,POINT (1.2095590034748114 6.181750189474309),LOMEGAN CAMPUS
_mview_route_ralentisseurs.fid-7b1c8a4a_1943c5e84ca_6ae9,Maritime,Golfe,Golfe 3,Bè-Ouest,POINT (1.209406860190094 6.182257559259626),LOMEGAN CAMPUS
_mview_route_ralentisseurs.fid-7b1c8a4a_1943c5e84ca_6aea,Maritime,Golfe,Golfe 3,Bè-Ouest,POINT (1.20921338745566 6.182221191344476),CAMPUS NORD AMPHI 1500-AMPHI 1000
_mview_route_ralentisseurs.fid-7b1c8a4a_1943c5e84ca_6aeb,Maritime,Golfe,Golfe 3,Bè-Ouest,POINT (1.2096571607001412 6.182094284896233),CAMPUS NORD AMPHI 1500-AMPHI 1000
_mview_route_ralentisseurs.fid-7b1c8a4a_1943c5e84ca_6aec,Maritime,Golfe,Golfe 3,Bè-Ouest,POINT (1.2097955593988126 6.187787691697866),CAMPUS NORD-AMPHI 500
_mview_route_ralentisseurs.fid-7b1c8a4a_1943c5e84ca_6aed,Maritime,Golfe,Golfe 3,Bè-Ouest,POINT (1.2098936982262993 6.187554189262143),CAMPUS NORD-AMPHI 500
_mview_route_ralentisseurs.fid-7b1c8a4a_1943c5e84ca_6aee,Maritime,Golfe,Golfe 3,Bè-Ouest,POINT (1.2101610392769517 6.187033009680137),CAMPUS NORD-AMPHI 500
_mview_route_ralentisseurs.fid-7b1c8a4a_1943c5e84ca_6aef,Maritime,Golfe,Golfe 3,Bè-Ouest,POINT (1.2103117362741223 6.186689126618661),CAMPUS NORD-AMPHI 500
_mview_route_ralentisseurs.fid-7b1c8a4a_1943c5e84ca_6af0,Maritime,Golfe,Golfe 3,Bè-Ouest,POINT (1.2122634876062899 6.1740317412970365),ANPE-RUE MESSANVI FOLI
_mview_route_ralentisseurs.fid-7b1c8a4a_1943c5e84ca_6af1,Maritime,Golfe,Golfe 3,Bè-Ouest,POINT (1.2122719066953718 6.17343621451497),ANPE-RUE MESSANVI FOLI
_mview_route_ralentisseurs.fid-7b1c8a4a_1943c5e84ca_6af2,Maritime,Golfe,Golfe 3,Bè-Ouest,POINT (1.213301827350995 6.173172086234611),ANPE-RUE OGMA YAGLA
_mview_route_ralentisseurs.fid-7b1c8a4a_1943c5e84ca_6af3,Maritime,Golfe,Golfe 3,Bè-Ouest,POINT (1.215338638648187 6.173042620711696),DAAS-RUE LEBENE BOLOUVI
_mview_route_ralentisseurs.fid-7b1c8a4a_1943c5e84ca_6af4,Maritime,Golfe,Golfe 3,Bè-Ouest,POINT (1.214835220485612 6.170767047573368),DAAS-RUE LEBENE BOLOUVI
_mview_route_ralentisseurs.fid-7b1c8a4a_1943c5e84ca_6af5,Maritime,Golfe,Golfe 3,Bè-Ouest,POINT (1.2175025890620246 6.169533284663168),UL
_mview_route_ralentisseurs.fid-7b1c8a4a_1943c5e84ca_6af6,Maritime,Golfe,Golfe 3,Bè-Ouest,POINT (1.217624231530257 6.169007175711811),UL
_mview_route_ralentisseurs.fid-7b1c8a4a_1943c5e84ca_6af7,Maritime,Golfe,Golfe 3,Bè-Ouest,POINT (1.217714527246716 6.168618433478746),UL
_mview_route_ralentisseurs.fid-7b1c8a4a_1943c5e84ca_6af8,Maritime,Golfe,Golfe 3,Bè-Ouest,POINT (1.2173716773065222 6.1680494379790325),UL
_mview_route_ralentisseurs.fid-7b1c8a4a_1943c5e84ca_6af9,Maritime,Golfe,Golfe 3,Bè-Ouest,POINT (1.2171117043391977 6.167941447457879),UL
_mview_route_ralentisseurs.fid-7b1c8a4a_1943c5e84ca_6afa,Maritime,Golfe,Golfe 3,Bè-Ouest,POINT (1.2176664991143897 6.167822277062339),UL-VILLLAGE DU BENIN
_mview_route_ralentisseurs.fid-7b1c8a4a_1943c5e84ca_6afb,Maritime,Golfe,Golfe 3,Bè-Ouest,POINT (1.2177687610429935 6.167388917549684),UL-VILLLAGE DU BENIN
_mview_route_ralentisseurs.fid-7b1c8a4a_1943c5e84ca_6afc,Maritime,Golfe,Golfe 3,Bè-Ouest,POINT (1.2178100169851434 6.166700373304706),UL-VILLLAGE DU BENIN
_mview_route_ralentisseurs.fid-7b1c8a4a_1943c5e84ca_6afd,Maritime,Golfe,Golfe 3,Bè-Ouest,POINT (1.222360373270779 6.172266924871615),RESIDENCE DU BENIN 
_mview_route_ralentisseurs.fid-7b1c8a4a_1943c5e84ca_6afe,Maritime,Golfe,Golfe 3,Bè-Ouest,POINT (1.2229701496082077 6.172440092946189),RESIDENCE DU BENIN 
_mview_route_ralentisseurs.fid-7b1c8a4a_1943c5e84ca_6aff,Maritime,Golfe,Golfe 3,Bè-Ouest,POINT (1.2239549137159278 6.172718209169606),RESIDENCE DU BENIN 
_mview_route_ralentisseurs.fid-7b1c8a4a_1943c5e84ca_6b00,Maritime,Golfe,Golfe 3,Bè-Ouest,POINT (1.2237076789646397 6.171467916568907),VILLAGE DU BENIN 
_mview_route_ralentisseurs.fid-7b1c8a4a_1943c5e84ca_6b01,Maritime,Golfe,Golfe 3,Bè-Ouest,POINT (1.2266959720796757 6.171226864981745),VILLAGE DU BENIN 
_mview_route_ralentisseurs.fid-7b1c8a4a_1943c5e84ca_6b02,Maritime,Golfe,Golfe 3,Bè-Ouest,POINT (1.221268244798694 6.173664988048818),VILLAGE DU BENIN RUE 4
_mview_route_ralentisseurs.fid-7b1c8a4a_1943c5e84ca_6b03,Maritime,Golfe,Golfe 3,Bè-Ouest,POINT (1.2193288738332608 6.174230846940876),VILLAGE DU BENIN RUE 4
_mview_route_ralentisseurs.fid-7b1c8a4a_1943c5e84ca_6b04,Maritime,Golfe,Golfe 3,Bè-Ouest,POINT (1.219352994618601 6.17395155357924),VILLAGE DU BENIN RUE 4
_mview_route_ralentisseurs.fid-7b1c8a4a_1943c5e84ca_6b05,Maritime,Golfe,Golfe 4,Amoutivé,POINT (1.209289376162798 6.126127527088489),ROND POINT PALAIS DE LOMÉ-ROND POINT COMMISSARIAT
_mview_route_ralentisseurs.fid-7b1c8a4a_1943c5e84ca_6b06,Maritime,Golfe,Golfe 4,Amoutivé,POINT (1.2098355520411812 6.12779242674307),ROND POINT PALAIS DE LOMÉ-ROND POINT COMMISSARIAT
_mview_route_ralentisseurs.fid-7b1c8a4a_1943c5e84ca_6b07,Maritime,Golfe,Golfe 4,Amoutivé,POINT (1.211936372247062 6.127586641342025),QUARTIER ADMINISTRATIF 
_mview_route_ralentisseurs.fid-7b1c8a4a_1943c5e84ca_6b08,Maritime,Golfe,Golfe 4,Amoutivé,POINT (1.2118473053680228 6.127532678199221),QUARTIER ADMINISTRATIF 
_mview_route_ralentisseurs.fid-7b1c8a4a_1943c5e84ca_6b09,Maritime,Golfe,Golfe 4,Amoutivé,POINT (1.2095722907217958 6.140438159460281),
_mview_route_ralentisseurs.fid-7b1c8a4a_1943c5e84ca_6b0a,Savanes,Tandjoaré,Tandjoaré 1,Bogou,POINT (0.1740988187564425 10.658521949549815),
_mview_route_ralentisseurs.fid-7b1c8a4a_1943c5e84ca_6b0b,Maritime,Golfe,Golfe 4,Amoutivé,POINT (1.2077921038371988 6.118115754434514),ROUTE NATIONALE N2-LAGUNE DE LOMÉ 
_mview_route_ralentisseurs.fid-7b1c8a4a_1943c5e84ca_6b0c,Maritime,Golfe,Golfe 4,Amoutivé,POINT (1.2075014416745462 6.119450461194161),ROUTE NATIONALE N2-LAGUNE DE LOMÉ 
_mview_route_ralentisseurs.fid-7b1c8a4a_1943c5e84ca_6b0d,Maritime,Golfe,Golfe 4,Amoutivé,POINT (1.2069399485827939 6.122028778072513),ROUTE NATIONALE N2-LAGUNE DE LOMÉ 
_mview_route_ralentisseurs.fid-7b1c8a4a_1943c5e84ca_6b0e,Maritime,Golfe,Golfe 4,Amoutivé,POINT (1.206669259608926 6.12327173787065),ROUTE NATIONALE N2-LAGUNE DE LOMÉ 
_mview_route_ralentisseurs.fid-7b1c8a4a_1943c5e84ca_6b0f,Maritime,Golfe,Golfe 4,Amoutivé,POINT (1.2061399155430617 6.125702370999667),ROUTE NATIONALE N2-LAGUNE DE LOMÉ 
_mview_route_ralentisseurs.fid-7b1c8a4a_1943c5e84ca_6b10,Maritime,Golfe,Golfe 4,Amoutivé,POINT (1.205663404816123 6.127890372251629),ROUTE NATIONALE N2-LAGUNE DE LOMÉ 
_mview_route_ralentisseurs.fid-7b1c8a4a_1943c5e84ca_6b11,Maritime,Golfe,Golfe 4,Amoutivé,POINT (1.2053551371478843 6.129305832916586),ROUTE NATIONALE N2-LAGUNE DE LOMÉ 
_mview_route_ralentisseurs.fid-7b1c8a4a_1943c5e84ca_6b12,Savanes,Tandjoaré,Tandjoaré 1,Boulogou,POINT (0.2974834427949206 10.617500721269723),
_mview_route_ralentisseurs.fid-7b1c8a4a_1943c5e84ca_6b13,Maritime,Golfe,Golfe 4,Amoutivé,POINT (1.2050779213663538 6.130578702780992),ROUTE NATIONALE N2-LAGUNE DE LOMÉ 
_mview_route_ralentisseurs.fid-7b1c8a4a_1943c5e84ca_6b14,Maritime,Golfe,Golfe 4,Amoutivé,POINT (1.2048086767841113 6.131814961890026),ROUTE NATIONALE N2-LAGUNE DE LOMÉ 
_mview_route_ralentisseurs.fid-7b1c8a4a_1943c5e84ca_6b15,Maritime,Golfe,Golfe 4,Amoutivé,POINT (1.2046515476625435 6.132536428879861),ROUTE NATIONALE N2-LAGUNE DE LOMÉ 
_mview_route_ralentisseurs.fid-7b1c8a4a_1943c5e84ca_6b16,Maritime,Golfe,Golfe 4,Amoutivé,POINT (1.20445244424556 6.133450618316707),ROUTE NATIONALE N2-LAGUNE DE LOMÉ 
_mview_route_ralentisseurs.fid-7b1c8a4a_1943c5e84ca_6b17,Maritime,Golfe,Golfe 4,Amoutivé,POINT (1.2043411650236222 6.133961557917445),ROUTE NATIONALE N2-LAGUNE DE LOMÉ 
_mview_route_ralentisseurs.fid-7b1c8a4a_1943c5e84ca_6b18,Maritime,Golfe,Golfe 4,Amoutivé,POINT (1.2006931366588813 6.116378419451432),AGOULOU-MARCHÉ
_mview_route_ralentisseurs.fid-7b1c8a4a_1943c5e84ca_6b19,Maritime,Golfe,Golfe 4,Amoutivé,POINT (1.2006990595205584 6.116281021310281),AGOULOU-MARCHÉ
_mview_route_ralentisseurs.fid-7b1c8a4a_1943c5e84ca_6b1a,Maritime,Golfe,Golfe 4,Amoutivé,POINT (1.2007020513010875 6.116113670243475),AGOULOU-MARCHÉ
_mview_route_ralentisseurs.fid-7b1c8a4a_1943c5e84ca_6b1b,Maritime,Golfe,Golfe 4,Amoutivé,POINT (1.2011946852956537 6.116956979987498),RUE DES MANDARINS-RUE DE DUISBURG
_mview_route_ralentisseurs.fid-7b1c8a4a_1943c5e84ca_6b1c,Maritime,Golfe,Golfe 4,Amoutivé,POINT (1.2011880439542009 6.117068150464039),RUE DES MANDARINS-RUE DE DUISBURG
_mview_route_ralentisseurs.fid-7b1c8a4a_1943c5e84ca_6b1d,Maritime,Golfe,Golfe 4,Amoutivé,POINT (1.2011856071363072 6.117263096012704),RUE DES MANDARINS-RUE DE DUISBURG
_mview_route_ralentisseurs.fid-7b1c8a4a_1943c5e84ca_6b1e,Maritime,Golfe,Golfe 4,Amoutivé,POINT (1.201145452578487 6.118150714063477),RUE DES MANDARINS-RUE DE DUISBURG
_mview_route_ralentisseurs.fid-7b1c8a4a_1943c5e84ca_6b1f,Maritime,Golfe,Golfe 4,Amoutivé,POINT (1.2011379886111335 6.118265037459962),RUE DES MANDARINS-RUE DE DUISBURG
_mview_route_ralentisseurs.fid-7b1c8a4a_1943c5e84ca_6b20,Maritime,Golfe,Golfe 4,Amoutivé,POINT (1.2248181729034548 6.135594373056381),ROND POINT NDE-FREO JARDIN
_mview_route_ralentisseurs.fid-7b1c8a4a_1943c5e84ca_6b21,Maritime,Golfe,Golfe 4,Amoutivé,POINT (1.224766974446773 6.135350385200714),ROND POINT NDE-FREO JARDIN
_mview_route_ralentisseurs.fid-7b1c8a4a_1943c5e84ca_6b22,Maritime,Golfe,Golfe 4,Amoutivé,POINT (1.220425303396326 6.1335411422906105),WÉTRIVI KONDJI 
_mview_route_ralentisseurs.fid-7b1c8a4a_1943c5e84ca_6b23,Maritime,Golfe,Golfe 4,Amoutivé,POINT (1.2206086042201139 6.133676419902538),WÉTRIVI KONDJI 
_mview_route_ralentisseurs.fid-7b1c8a4a_1943c5e84ca_6b24,Maritime,Golfe,Golfe 4,Amoutivé,POINT (1.2210262331848885 6.133984633318336),WÉTRIVI KONDJI 
_mview_route_ralentisseurs.fid-7b1c8a4a_1943c5e84ca_6b25,Maritime,Golfe,Golfe 4,Amoutivé,POINT (1.2212401613702681 6.134142513755463),WÉTRIVI KONDJI 
_mview_route_ralentisseurs.fid-7b1c8a4a_1943c5e84ca_6b26,Maritime,Golfe,Golfe 4,Amoutivé,POINT (1.2165006301264074 6.1425115565163555),GBADAGO
_mview_route_ralentisseurs.fid-7b1c8a4a_1943c5e84ca_6b27,Maritime,Golfe,Golfe 4,Amoutivé,POINT (1.2166491460132058 6.142528468783766),GBADAGO
_mview_route_ralentisseurs.fid-7b1c8a4a_1943c5e84ca_6b28,Maritime,Golfe,Golfe 4,Amoutivé,POINT (1.2156362531988079 6.143216597587397),GBADAGO 
_mview_route_ralentisseurs.fid-7b1c8a4a_1943c5e84ca_6b29,Maritime,Golfe,Golfe 4,Amoutivé,POINT (1.2326295939061522 6.130984332804523),RUE NOTRE DAME DES APÔTRES-RUE TOKMAKÉ
_mview_route_ralentisseurs.fid-7b1c8a4a_1943c5e84ca_6b2a,Maritime,Golfe,Golfe 4,Amoutivé,POINT (1.2334296362177521 6.1301371950503185),RUE NOTRE DAME DES APÔTRES-RUE TOKMAKÉ
_mview_route_ralentisseurs.fid-7b1c8a4a_1943c5e84ca_6b2b,Maritime,Golfe,Golfe 4,Amoutivé,POINT (1.2093893549777461 6.127210691791588),ROND POINT PALAIS DE LOMÉ-ROND POINT COMMISSARIAT
_mview_route_ralentisseurs.fid-7b1c8a4a_1943c5e84ca_6b2c,Maritime,Golfe,Golfe 4,Amoutivé,POINT (1.2092200458958442 6.126792365020449),ROND POINT PALAIS DE LOMÉ-ROND POINT COMMISSARIAT
_mview_route_ralentisseurs.fid-7b1c8a4a_1943c5e84ca_6b2d,Maritime,Golfe,Golfe 4,Amoutivé,POINT (1.2049456581625908 6.120945822533908),NYEKONAKPOÈ
_mview_route_ralentisseurs.fid-7b1c8a4a_1943c5e84ca_6b2e,Maritime,Golfe,Golfe 4,Amoutivé,POINT (1.2048448866956325 6.121377414074513),NYEKONAKPOÈ
_mview_route_ralentisseurs.fid-7b1c8a4a_1943c5e84ca_6b2f,Maritime,Golfe,Golfe 4,Amoutivé,POINT (1.204421953847714 6.123078794060255),NYEKONAKPOÈ
_mview_route_ralentisseurs.fid-7b1c8a4a_1943c5e84ca_6b30,Maritime,Golfe,Golfe 4,Amoutivé,POINT (1.204291293293775 6.123610268211343),NYEKONAKPOÈ
_mview_route_ralentisseurs.fid-7b1c8a4a_1943c5e84ca_6b31,Maritime,Golfe,Golfe 4,Amoutivé,POINT (1.2040734423535915 6.130491058709266),NYEKONAKPOÈ
_mview_route_ralentisseurs.fid-7b1c8a4a_1943c5e84ca_6b32,Maritime,Golfe,Golfe 4,Amoutivé,POINT (1.2018061186791895 6.141369164241262),
_mview_route_ralentisseurs.fid-7b1c8a4a_1943c5e84ca_6b33,Maritime,Golfe,Golfe 4,Amoutivé,POINT (1.2010180606520924 6.148082348117192),TOKOIN NOVISSI
_mview_route_ralentisseurs.fid-7b1c8a4a_1943c5e84ca_6b34,Maritime,Golfe,Golfe 4,Amoutivé,POINT (1.2067871322835984 6.159947612941123),AVENUE DU RPT-AKOSSOMBO
_mview_route_ralentisseurs.fid-7b1c8a4a_1943c5e84ca_6b35,Maritime,Golfe,Golfe 4,Amoutivé,POINT (1.2048541276874953 6.15958410439897),AVENUE DU RPT-AKOSSOMBO
_mview_route_ralentisseurs.fid-7b1c8a4a_1943c5e84ca_6b36,Maritime,Golfe,Golfe 5,Aflao-Gakli,POINT (1.2031366109134407 6.184994373659689),AGBALEPEDO 
_mview_route_ralentisseurs.fid-7b1c8a4a_1943c5e84ca_6b37,Maritime,Golfe,Golfe 5,Aflao-Gakli,POINT (1.203105897383097 6.187811738174009),AGBALEPEDO 
_mview_route_ralentisseurs.fid-7b1c8a4a_1943c5e84ca_6b38,Maritime,Golfe,Golfe 5,Aflao-Gakli,POINT (1.2035273835979914 6.19045007930635),AGBALEPEDO 
_mview_route_ralentisseurs.fid-7b1c8a4a_1943c5e84ca_6b39,Maritime,Golfe,Golfe 5,Aflao-Gakli,POINT (1.1976923927028766 6.187718283904626),AGBALEPEDO-DJIDJOLE
_mview_route_ralentisseurs.fid-7b1c8a4a_1943c5e84ca_6b3a,Maritime,Golfe,Golfe 5,Aflao-Gakli,POINT (1.1967478187141352 6.187862746113179),AGBALEPEDO-DJIDJOLE
_mview_route_ralentisseurs.fid-7b1c8a4a_1943c5e84ca_6b3b,Maritime,Golfe,Golfe 5,Aflao-Gakli,POINT (1.1954199988255798 6.188074999762144),AGBALEPEDO-DJIDJOLE
_mview_route_ralentisseurs.fid-7b1c8a4a_1943c5e84ca_6b3c,Maritime,Golfe,Golfe 5,Aflao-Gakli,POINT (1.2051973939512994 6.18629500171906),AGBALEPEDO-DJIDJOLE
_mview_route_ralentisseurs.fid-7b1c8a4a_1943c5e84ca_6b3d,Maritime,Golfe,Golfe 5,Aflao-Gakli,POINT (1.2010516116582148 6.187159635814466),AGBALEPEDO-DJIDJOLE
_mview_route_ralentisseurs.fid-7b1c8a4a_1943c5e84ca_6b3e,Maritime,Golfe,Golfe 5,Aflao-Gakli,POINT (1.1957714523565932 6.182567290146707),DJIDJOLÉ-AGBALEPEDO
_mview_route_ralentisseurs.fid-7b1c8a4a_1943c5e84ca_6b3f,Maritime,Golfe,Golfe 5,Aflao-Gakli,POINT (1.1973971398695182 6.182507331287862),DJIDJOLÉ-AGBALEPEDO
_mview_route_ralentisseurs.fid-7b1c8a4a_1943c5e84ca_6b40,Maritime,Golfe,Golfe 5,Aflao-Gakli,POINT (1.1992379543424103 6.182395406054227),DJIDJOLÉ-AGBALEPEDO
_mview_route_ralentisseurs.fid-7b1c8a4a_1943c5e84ca_6b41,Maritime,Golfe,Golfe 5,Aflao-Gakli,POINT (1.2002495939044393 6.182366585178628),DJIDJOLÉ-AGBALEPEDO
_mview_route_ralentisseurs.fid-7b1c8a4a_1943c5e84ca_6b42,Maritime,Golfe,Golfe 5,Aflao-Gakli,POINT (1.2013023695291931 6.18233672140358),DJIDJOLÉ-AGBALEPEDO
_mview_route_ralentisseurs.fid-7b1c8a4a_1943c5e84ca_6b43,Maritime,Golfe,Golfe 5,Aflao-Gakli,POINT (1.2021499589837183 6.18228951210631),DJIDJOLÉ-AGBALEPEDO
_mview_route_ralentisseurs.fid-7b1c8a4a_1943c5e84ca_6b44,Maritime,Golfe,Golfe 5,Aflao-Gakli,POINT (1.2044187602415641 6.187860795123978),AGBALEPEDO
_mview_route_ralentisseurs.fid-7b1c8a4a_1943c5e84ca_6b45,Maritime,Golfe,Golfe 5,Aflao-Gakli,POINT (1.2046784124954397 6.1878458762349),AGBALEPEDO
_mview_route_ralentisseurs.fid-7b1c8a4a_1943c5e84ca_6b46,Maritime,Golfe,Golfe 5,Aflao-Gakli,POINT (1.2051539345086149 6.187801196316221),AGBALEPEDO
_mview_route_ralentisseurs.fid-7b1c8a4a_1943c5e84ca_6b47,Maritime,Golfe,Golfe 5,Aflao-Gakli,POINT (1.2053300177715185 6.187789997354819),AGBALEPEDO
_mview_route_ralentisseurs.fid-7b1c8a4a_1943c5e84ca_6b48,Maritime,Golfe,Golfe 5,Aflao-Gakli,POINT (1.1975700947144674 6.188138699663631),AGBALEPEDO
_mview_route_ralentisseurs.fid-7b1c8a4a_1943c5e84ca_6b49,Maritime,Golfe,Golfe 5,Aflao-Gakli,POINT (1.1976790298132958 6.18864131815442),AGBALEPEDO
_mview_route_ralentisseurs.fid-7b1c8a4a_1943c5e84ca_6b4a,Maritime,Golfe,Golfe 5,Aflao-Gakli,POINT (1.1977185896171383 6.189662050266467),AGBALEPEDO
_mview_route_ralentisseurs.fid-7b1c8a4a_1943c5e84ca_6b4b,Maritime,Golfe,Golfe 5,Aflao-Gakli,POINT (1.2001116490153623 6.187197234612556),AGBALEPEDO-DJIDJOLE
_mview_route_ralentisseurs.fid-7b1c8a4a_1943c5e84ca_6b4c,Maritime,Golfe,Golfe 5,Aflao-Gakli,POINT (1.1822968031459316 6.2033374461647774),AVEDJI
_mview_route_ralentisseurs.fid-7b1c8a4a_1943c5e84ca_6b4d,Maritime,Golfe,Golfe 5,Aflao-Gakli,POINT (1.1913587800678151 6.18670077674757),TOTSI-RUE 155 TOTSI
_mview_route_ralentisseurs.fid-7b1c8a4a_1943c5e84ca_6b4e,Maritime,Golfe,Golfe 5,Aflao-Gakli,POINT (1.1899218716896318 6.186082229709273),TOTSI-RUE 155 TOTSI
_mview_route_ralentisseurs.fid-7b1c8a4a_1943c5e84ca_6b4f,Maritime,Golfe,Golfe 5,Aflao-Gakli,POINT (1.189453873169402 6.185656431575639),TOTSI-RUE 155 TOTSI
_mview_route_ralentisseurs.fid-7b1c8a4a_1943c5e84ca_6b50,Maritime,Golfe,Golfe 5,Aflao-Gakli,POINT (1.1892482802906705 6.185470970781616),TOTSI-RUE 155 TOTSI
_mview_route_ralentisseurs.fid-7b1c8a4a_1943c5e84ca_6b51,Maritime,Golfe,Golfe 5,Aflao-Gakli,POINT (1.186599614294273 6.194146218729238),TOTSI 
_mview_route_ralentisseurs.fid-7b1c8a4a_1943c5e84ca_6b52,Maritime,Golfe,Golfe 5,Aflao-Gakli,POINT (1.1858601049000697 6.194129374054203),TOTSI 
_mview_route_ralentisseurs.fid-7b1c8a4a_1943c5e84ca_6b53,Maritime,Golfe,Golfe 5,Aflao-Gakli,POINT (1.1828844499713382 6.172567504288859),AVENOU
_mview_route_ralentisseurs.fid-7b1c8a4a_1943c5e84ca_6b54,Maritime,Golfe,Golfe 5,Aflao-Gakli,POINT (1.1823965262301745 6.172781358719349),AVENOU
_mview_route_ralentisseurs.fid-7b1c8a4a_1943c5e84ca_6b55,Maritime,Golfe,Golfe 5,Aflao-Gakli,POINT (1.1930441317910472 6.192594894949643),AGBALEPEDO-RUE LIVINGSTONE 
_mview_route_ralentisseurs.fid-7b1c8a4a_1943c5e84ca_6b56,Maritime,Golfe,Golfe 5,Aflao-Gakli,POINT (1.2027384977804412 6.192466986508862),AGBALEPEDO-RUE LIVINGSTONE 
_mview_route_ralentisseurs.fid-7b1c8a4a_1943c5e84ca_6b57,Maritime,Golfe,Golfe 5,Aflao-Gakli,POINT (1.1999771484811155 6.192975127224127),AGBALEPEDO-RUE LIVINGSTONE 
_mview_route_ralentisseurs.fid-7b1c8a4a_1943c5e84ca_6b58,Maritime,Golfe,Golfe 5,Aflao-Gakli,POINT (1.1984611124977698 6.192975740044489),AGBALEPEDO-RUE LIVINGSTONE 
_mview_route_ralentisseurs.fid-7b1c8a4a_1943c5e84ca_6b59,Maritime,Golfe,Golfe 5,Aflao-Gakli,POINT (1.1970063992963687 6.192868411851505),AGBALEPEDO-RUE LIVINGSTONE 
_mview_route_ralentisseurs.fid-7b1c8a4a_1943c5e84ca_6b5a,Maritime,Golfe,Golfe 5,Aflao-Gakli,POINT (1.1963977434685331 6.192855282260521),AGBALEPEDO-RUE LIVINGSTONE 
_mview_route_ralentisseurs.fid-7b1c8a4a_1943c5e84ca_6b5b,Maritime,Golfe,Golfe 5,Aflao-Gakli,POINT (1.1937126538696092 6.1927343986304555),AGBALEPEDO-RUE LIVINGSTONE 
_mview_route_ralentisseurs.fid-7b1c8a4a_1943c5e84ca_6b5c,Maritime,Golfe,Golfe 5,Aflao-Gakli,POINT (1.1978970870325174 6.192837123307031),AGBALEPEDO-RUE LIVINGSTONE 
_mview_route_ralentisseurs.fid-7b1c8a4a_1943c5e84ca_6b5d,Maritime,Golfe,Golfe 6,Baguida,POINT (1.37714593027012 6.186187800730251),BAGUIDA-KPOGAN
_mview_route_ralentisseurs.fid-7b1c8a4a_1943c5e84ca_6b5e,Maritime,Golfe,Golfe 6,Baguida,POINT (1.3335422360603608 6.169253218493272),BAGUIDA
_mview_route_ralentisseurs.fid-7b1c8a4a_1943c5e84ca_6b5f,Maritime,Golfe,Golfe 6,Baguida,POINT (1.33350720494461 6.169491949046584),BAGUIDA
_mview_route_ralentisseurs.fid-7b1c8a4a_1943c5e84ca_6b60,Maritime,Golfe,Golfe 6,Baguida,POINT (1.3334700667252137 6.169744071237387),BAGUIDA
_mview_route_ralentisseurs.fid-7b1c8a4a_1943c5e84ca_6b61,Maritime,Golfe,Golfe 6,Baguida,POINT (1.3311466363146085 6.173461408383305),BAGUIDA 
_mview_route_ralentisseurs.fid-7b1c8a4a_1943c5e84ca_6b62,Maritime,Golfe,Golfe 6,Baguida,POINT (1.3311770811493284 6.173236455000998),BAGUIDA 
_mview_route_ralentisseurs.fid-7b1c8a4a_1943c5e84ca_6b63,Maritime,Golfe,Golfe 6,Baguida,POINT (1.332070604139666 6.1627023436981085),BAGUIDA-AVEPOZO 
_mview_route_ralentisseurs.fid-7b1c8a4a_1943c5e84ca_6b64,Maritime,Golfe,Golfe 6,Baguida,POINT (1.3318830570496696 6.1627151304667676),BAGUIDA-AVEPOZO 
_mview_route_ralentisseurs.fid-7b1c8a4a_1943c5e84ca_6b65,Maritime,Golfe,Golfe 6,Baguida,POINT (1.3309065688446755 6.162781705336885),BAGUIDA-AVEPOZO 
_mview_route_ralentisseurs.fid-7b1c8a4a_1943c5e84ca_6b66,Maritime,Golfe,Golfe 6,Baguida,POINT (1.3305822607770827 6.162803815558016),BAGUIDA-AVEPOZO 
_mview_route_ralentisseurs.fid-7b1c8a4a_1943c5e84ca_6b67,Maritime,Golfe,Golfe 6,Baguida,POINT (1.3744585095898434 6.189401852535754),KPOGAN
_mview_route_ralentisseurs.fid-7b1c8a4a_1943c5e84ca_6b68,Maritime,Golfe,Golfe 6,Baguida,POINT (1.3223256086445017 6.169116124595514),
_mview_route_ralentisseurs.fid-7b1c8a4a_1943c5e84ca_6b69,Maritime,Golfe,Golfe 6,Baguida,POINT (1.3426180294250425 6.167974994944122),AVEPOZO
_mview_route_ralentisseurs.fid-7b1c8a4a_1943c5e84ca_6b6a,Maritime,Golfe,Golfe 6,Baguida,POINT (1.321179784440798 6.166951664682878),
_mview_route_ralentisseurs.fid-7b1c8a4a_1943c5e84ca_6b6b,Maritime,Golfe,Golfe 6,Baguida,POINT (1.3055475482334875 6.152653839430986),T-OIL-PLAGE GBETSOGBE
_mview_route_ralentisseurs.fid-7b1c8a4a_1943c5e84ca_6b6c,Maritime,Golfe,Golfe 6,Baguida,POINT (1.3055140527555098 6.152824884473068),T-OIL-PLAGE GBETSOGBE
_mview_route_ralentisseurs.fid-7b1c8a4a_1943c5e84ca_6b6d,Maritime,Golfe,Golfe 7,Aflao-Sagbado,POINT (1.1503074624964096 6.182204240860089),
_mview_route_ralentisseurs.fid-7b1c8a4a_1943c5e84ca_6b6e,Maritime,Golfe,Golfe 7,Aflao-Sagbado,POINT (1.1502697396301096 6.182084837110292),
_mview_route_ralentisseurs.fid-7b1c8a4a_1943c5e84ca_6b6f,Maritime,Golfe,Golfe 7,Aflao-Sagbado,POINT (1.1032857405982741 6.172638797417474),
_mview_route_ralentisseurs.fid-7b1c8a4a_1943c5e84ca_6b70,Maritime,Golfe,Golfe 7,Aflao-Sagbado,POINT (1.1583130300736058 6.18649744184423),
_mview_route_ralentisseurs.fid-7b1c8a4a_1943c5e84ca_6b71,Maritime,Golfe,Golfe 7,Aflao-Sagbado,POINT (1.1502777493709313 6.194098440436307),TGRMVRL RN5-SEGBE
_mview_route_ralentisseurs.fid-7b1c8a4a_1943c5e84ca_6b72,Maritime,Golfe,Golfe 7,Aflao-Sagbado,POINT (1.1502709757494785 6.194496450187112),TGRMVRL RN5-SEGBE
_mview_route_ralentisseurs.fid-7b1c8a4a_1943c5e84ca_6b73,Maritime,Golfe,Golfe 7,Aflao-Sagbado,POINT (1.1502598435445808 6.1947911610875535),TGRMVRL RN5-SEGBE
_mview_route_ralentisseurs.fid-7b1c8a4a_1943c5e84ca_6b74,Maritime,Golfe,Golfe 7,Aflao-Sagbado,POINT (1.1502433213259986 6.195234886423683),TGRMVRL RN5-SEGBE
_mview_route_ralentisseurs.fid-7b1c8a4a_1943c5e84ca_6b75,Maritime,Golfe,Golfe 7,Aflao-Sagbado,POINT (1.134070083203328 6.172118921622273),
_mview_route_ralentisseurs.fid-7b1c8a4a_1943c5e84ca_6b76,Maritime,Golfe,Golfe 7,Aflao-Sagbado,POINT (1.1456843562563088 6.195892026535815),
_mview_route_ralentisseurs.fid-7b1c8a4a_1943c5e84ca_6b77,Maritime,Golfe,Golfe 7,Aflao-Sagbado,POINT (1.1458495583418713 6.19578864200094),
_mview_route_ralentisseurs.fid-7b1c8a4a_1943c5e84ca_6b78,Maritime,Golfe,Golfe 7,Aflao-Sagbado,POINT (1.1459510512401743 6.195704243649052),
_mview_route_ralentisseurs.fid-7b1c8a4a_1943c5e84ca_6b79,Maritime,Golfe,Golfe 7,Aflao-Sagbado,POINT (1.1466386938364408 6.1951057405094465),
_mview_route_ralentisseurs.fid-7b1c8a4a_1943c5e84ca_6b7a,Maritime,Golfe,Golfe 7,Aflao-Sagbado,POINT (1.148781748211507 6.193296828011591),
_mview_route_ralentisseurs.fid-7b1c8a4a_1943c5e84ca_6b7b,Maritime,Golfe,Golfe 7,Aflao-Sagbado,POINT (1.148858604689861 6.193231204311707),
_mview_route_ralentisseurs.fid-7b1c8a4a_1943c5e84ca_6b7c,Maritime,Golfe,Golfe 7,Aflao-Sagbado,POINT (1.149001912388111 6.193107203664236),
_mview_route_ralentisseurs.fid-7b1c8a4a_1943c5e84ca_6b7d,Maritime,Golfe,Golfe 7,Aflao-Sagbado,POINT (1.1492637255853437 6.192877827476298),
_mview_route_ralentisseurs.fid-7b1c8a4a_1943c5e84ca_6b7e,Maritime,Golfe,Golfe 7,Aflao-Sagbado,POINT (1.1494322027831847 6.1927238170679875),
_mview_route_ralentisseurs.fid-7b1c8a4a_1943c5e84ca_6b7f,Maritime,Golfe,Golfe 7,Aflao-Sagbado,POINT (1.1180241832260873 6.223771166350631),
_mview_route_ralentisseurs.fid-7b1c8a4a_1943c5e84ca_6b80,Maritime,Golfe,Golfe 7,Aflao-Sagbado,POINT (1.134507095625631 6.198776125893914),NONE-GBOMAMÈ 
_mview_route_ralentisseurs.fid-7b1c8a4a_1943c5e84ca_6b81,Maritime,Golfe,Golfe 7,Aflao-Sagbado,POINT (1.134383139768383 6.198682544755815),NONE-GBOMAMÈ 
_mview_route_ralentisseurs.fid-7b1c8a4a_1943c5e84ca_6b82,Maritime,Golfe,Golfe 7,Aflao-Sagbado,POINT (1.1435840612573194 6.20102111307347),NONE-APEDOKOE
_mview_route_ralentisseurs.fid-7b1c8a4a_1943c5e84ca_6b83,Maritime,Golfe,Golfe 7,Aflao-Sagbado,POINT (1.1727221628439088 6.1745626326821395),
_mview_route_ralentisseurs.fid-7b1c8a4a_1943c5e84ca_6b84,Maritime,Golfe,Golfe 7,Aflao-Sagbado,POINT (1.1729756179930082 6.174421339243099),
_mview_route_ralentisseurs.fid-7b1c8a4a_1943c5e84ca_6b85,Maritime,Golfe,Golfe 7,Aflao-Sagbado,POINT (1.173268510401998 6.174274940891382),
_mview_route_ralentisseurs.fid-7b1c8a4a_1943c5e84ca_6b86,Maritime,Golfe,Golfe 7,Aflao-Sagbado,POINT (1.1722205285660436 6.174780253990368),
_mview_route_ralentisseurs.fid-7b1c8a4a_1943c5e84ca_6b87,Maritime,Golfe,Golfe 7,Aflao-Sagbado,POINT (1.1724965372290588 6.17467247918331),
_mview_route_ralentisseurs.fid-7b1c8a4a_1943c5e84ca_6b88,Maritime,Golfe,Golfe 7,Aflao-Sagbado,POINT (1.176114388075652 6.172981661423565),
_mview_route_ralentisseurs.fid-7b1c8a4a_1943c5e84ca_6b89,Maritime,Golfe,Golfe 7,Aflao-Sagbado,POINT (1.1764759593544858 6.172807809136102),
_mview_route_ralentisseurs.fid-7b1c8a4a_1943c5e84ca_6b8a,Maritime,Golfe,Golfe 7,Aflao-Sagbado,POINT (1.117568083303206 6.183244872299124),
_mview_route_ralentisseurs.fid-7b1c8a4a_1943c5e84ca_6b8b,Maritime,Golfe,Golfe 7,Aflao-Sagbado,POINT (1.1485797180714548 6.199334227694427),
_mview_route_ralentisseurs.fid-7b1c8a4a_1943c5e84ca_6b8c,Maritime,Golfe,Golfe 7,Aflao-Sagbado,POINT (1.131354053372286 6.19674477875431),
_mview_route_ralentisseurs.fid-7b1c8a4a_1943c5e84ca_6b8d,Maritime,Golfe,Golfe 7,Aflao-Sagbado,POINT (1.1245689783406951 6.194291107535619),
_mview_route_ralentisseurs.fid-7b1c8a4a_1943c5e84ca_6b8e,Maritime,Golfe,Golfe 7,Aflao-Sagbado,POINT (1.1158006284079132 6.183648236655209),
_mview_route_ralentisseurs.fid-7b1c8a4a_1943c5e84ca_6b8f,Maritime,Golfe,Golfe 7,Aflao-Sagbado,POINT (1.1159305947013805 6.183625313396427),
_mview_route_ralentisseurs.fid-7b1c8a4a_1943c5e84ca_6b90,Maritime,Golfe,Golfe 7,Aflao-Sagbado,POINT (1.1233107224147536 6.173066052749254),
_mview_route_ralentisseurs.fid-7b1c8a4a_1943c5e84ca_6b91,Maritime,Golfe,Golfe 7,Aflao-Sagbado,POINT (1.093973569729853 6.202229921056285),
_mview_route_ralentisseurs.fid-7b1c8a4a_1943c5e84ca_6b92,Maritime,Golfe,Golfe 7,Aflao-Sagbado,POINT (1.1816808057036337 6.173061126727028),
_mview_route_ralentisseurs.fid-7b1c8a4a_1943c5e84ca_6b93,Maritime,Golfe,Golfe 7,Aflao-Sagbado,POINT (1.1826433391563256 6.1710342554961075),
_mview_route_ralentisseurs.fid-7b1c8a4a_1943c5e84ca_6b94,Maritime,Golfe,Golfe 7,Aflao-Sagbado,POINT (1.101883385477392 6.211056201258906),
_mview_route_ralentisseurs.fid-7b1c8a4a_1943c5e84ca_6b95,Maritime,Golfe,Golfe 7,Aflao-Sagbado,POINT (1.1014834629780406 6.210997378811067),
_mview_route_ralentisseurs.fid-7b1c8a4a_1943c5e84ca_6b96,Maritime,Golfe,Golfe 7,Aflao-Sagbado,POINT (1.1111075306400278 6.225097438643745),
_mview_route_ralentisseurs.fid-7b1c8a4a_1943c5e84ca_6b97,Maritime,Golfe,Golfe 7,Aflao-Sagbado,POINT (1.1100337347949536 6.2036983536031665),
_mview_route_ralentisseurs.fid-7b1c8a4a_1943c5e84ca_6b98,Maritime,Golfe,Golfe 7,Aflao-Sagbado,POINT (1.098884045220666 6.221010223306184),HAUTE TENSION GOME-WOUGOME
_mview_route_ralentisseurs.fid-7b1c8a4a_1943c5e84ca_6b99,Maritime,Golfe,Golfe 7,Aflao-Sagbado,POINT (1.0989012011634252 6.2211774033901355),HAUTE TENSION GOME-WOUGOME
_mview_route_ralentisseurs.fid-7b1c8a4a_1943c5e84ca_6b9a,Maritime,Golfe,Golfe 7,Aflao-Sagbado,POINT (1.105547079919358 6.189822153150823),AKATO 
_mview_route_ralentisseurs.fid-7b1c8a4a_1943c5e84ca_6b9b,Maritime,Golfe,Golfe 7,Aflao-Sagbado,POINT (1.106382580614977 6.190503130663705),SEGBE 
_mview_route_ralentisseurs.fid-7b1c8a4a_1943c5e84ca_6b9c,Plateaux,Haho,Haho 4,Wahala,POINT (1.1647180593079622 7.2389555008524695),
_mview_route_ralentisseurs.fid-7b1c8a4a_1943c5e84ca_6b9d,Plateaux,Haho,Haho 4,Wahala,POINT (1.1647390884928306 7.239183611413085),
_mview_route_ralentisseurs.fid-7b1c8a4a_1943c5e84ca_6b9e,Plateaux,Haho,Haho 4,Wahala,POINT (1.1226811849219407 7.186565579079579),
_mview_route_ralentisseurs.fid-7b1c8a4a_1943c5e84ca_6b9f,Plateaux,Haho,Haho 4,Wahala,POINT (1.1226589453108862 7.186497947332356),
_mview_route_ralentisseurs.fid-7b1c8a4a_1943c5e84ca_6ba0,Plateaux,Haho,Haho 4,Wahala,POINT (1.1225933435147808 7.186417504509946),
_mview_route_ralentisseurs.fid-7b1c8a4a_1943c5e84ca_6ba1,Plateaux,Haho,Haho 4,Wahala,POINT (1.0959117843531125 7.18193819609095),
_mview_route_ralentisseurs.fid-7b1c8a4a_1943c5e84ca_6ba2,Plateaux,Haho,Haho 4,Wahala,POINT (1.0955959206073687 7.181967525289538),
_mview_route_ralentisseurs.fid-7b1c8a4a_1943c5e84ca_6ba3,Plateaux,Haho,Haho 4,Wahala,POINT (1.0948156123183466 7.182112825751888),
_mview_route_ralentisseurs.fid-7b1c8a4a_1943c5e84ca_6ba4,Plateaux,Haho,Haho 4,Wahala,POINT (1.0837044590983251 7.183877567997455),
_mview_route_ralentisseurs.fid-7b1c8a4a_1943c5e84ca_6ba5,Plateaux,Haho,Haho 2,Asrama,POINT (1.499721666666687 7.014928090502232),
_mview_route_ralentisseurs.fid-7b1c8a4a_1943c5e84ca_6ba6,Plateaux,Haho,Haho 4,Wahala,POINT (1.163824386003249 7.1783118637378065),
_mview_route_ralentisseurs.fid-7b1c8a4a_1943c5e84ca_6ba7,Plateaux,Haho,Haho 3,Kpédomé,POINT (1.1681976593820234 6.976312239532857),
_mview_route_ralentisseurs.fid-7b1c8a4a_1943c5e84ca_6ba8,Plateaux,Haho,Haho 2,Djemegni,POINT (1.2305792883333515 6.940670976462208),TGRPRRRN6 NOTSE-TOHOUN
_mview_route_ralentisseurs.fid-7b1c8a4a_1943c5e84ca_6ba9,Plateaux,Haho,Haho 2,Djemegni,POINT (1.230944259304703 6.940622774529743),TGRPRRRN6 NOTSE-TOHOUN
_mview_route_ralentisseurs.fid-7b1c8a4a_1943c5e84ca_6baa,Plateaux,Haho,Haho 2,Djemegni,POINT (1.231221593465979 6.940584333469563),TGRPRRRN6 NOTSE-TOHOUN
_mview_route_ralentisseurs.fid-7b1c8a4a_1943c5e84ca_6bab,Plateaux,Haho,Haho 2,Djemegni,POINT (1.255166638867628 6.936347108105407),TGRPRRRN6 NOTSE-TOHOUN
_mview_route_ralentisseurs.fid-7b1c8a4a_1943c5e84ca_6bac,Plateaux,Haho,Haho 2,Djemegni,POINT (1.2952673789214246 6.962827548974178),TGRPRRRN6 NOTSE-TOHOUN
_mview_route_ralentisseurs.fid-7b1c8a4a_1943c5e84ca_6bad,Plateaux,Haho,Haho 2,Djemegni,POINT (1.297654584861689 6.965093955847508),TGRPRRRN6 NOTSE-TOHOUN
_mview_route_ralentisseurs.fid-7b1c8a4a_1943c5e84ca_6bae,Plateaux,Haho,Haho 2,Djemegni,POINT (1.2989065380795266 6.966319747944922),TGRPRRRN6 NOTSE-TOHOUN
_mview_route_ralentisseurs.fid-7b1c8a4a_1943c5e84ca_6baf,Plateaux,Haho,Haho 2,Djemegni,POINT (1.3319551296832244 6.995072446553565),TGRPRRRN6 NOTSE-TOHOUN
_mview_route_ralentisseurs.fid-7b1c8a4a_1943c5e84ca_6bb0,Plateaux,Haho,Haho 2,Djemegni,POINT (1.33382316745146 6.995576135554136),TGRPRRRN6 NOTSE-TOHOUN
_mview_route_ralentisseurs.fid-7b1c8a4a_1943c5e84ca_6bb1,Plateaux,Haho,Haho 2,Djemegni,POINT (1.3433412224941377 6.997245388393954),TGRPRRRN6 NOTSE-TOHOUN
_mview_route_ralentisseurs.fid-7b1c8a4a_1943c5e84ca_6bb2,Plateaux,Haho,Haho 2,Djemegni,POINT (1.350051675757155 6.997865001144267),TGRPRRRN6 NOTSE-TOHOUN
_mview_route_ralentisseurs.fid-7b1c8a4a_1943c5e84ca_6bb3,Plateaux,Haho,Haho 4,Akpakpakpé,POINT (1.0747274698689395 7.143392806886271),
_mview_route_ralentisseurs.fid-7b1c8a4a_1943c5e84ca_6bb4,Plateaux,Haho,Haho 4,Akpakpakpé,POINT (1.0751185170275672 7.143190964586418),
_mview_route_ralentisseurs.fid-7b1c8a4a_1943c5e84ca_6bb5,Plateaux,Haho,Haho 4,Akpakpakpé,POINT (1.0753573363107405 7.143061498325338),
_mview_route_ralentisseurs.fid-7b1c8a4a_1943c5e84ca_6bb6,Plateaux,Haho,Haho 4,Akpakpakpé,POINT (1.0793631318392465 7.142191213304992),
_mview_route_ralentisseurs.fid-7b1c8a4a_1943c5e84ca_6bb7,Plateaux,Haho,Haho 4,Akpakpakpé,POINT (1.0800526640367598 7.142779998121638),
_mview_route_ralentisseurs.fid-7b1c8a4a_1943c5e84ca_6bb8,Plateaux,Haho,Haho 2,Djemegni,POINT (1.2975315171877875 6.967713832028748),
_mview_route_ralentisseurs.fid-7b1c8a4a_1943c5e84ca_6bb9,Plateaux,Haho,Haho 2,Djemegni,POINT (1.2973591113272982 6.968015657325244),
_mview_route_ralentisseurs.fid-7b1c8a4a_1943c5e84ca_6bba,Plateaux,Haho,Haho 2,Djemegni,POINT (1.296766951491866 6.968541996633693),
_mview_route_ralentisseurs.fid-7b1c8a4a_1943c5e84ca_6bbb,Plateaux,Haho,Haho 2,Djemegni,POINT (1.296320314481427 6.968849409587841),
_mview_route_ralentisseurs.fid-7b1c8a4a_1943c5e84ca_6bbc,Plateaux,Haho,Haho 2,Djemegni,POINT (1.2956346812733763 6.969288931998091),
_mview_route_ralentisseurs.fid-7b1c8a4a_1943c5e84ca_6bbd,Plateaux,Haho,Haho 2,Djemegni,POINT (1.2951287611085027 6.969583849122431),
_mview_route_ralentisseurs.fid-7b1c8a4a_1943c5e84ca_6bbe,Plateaux,Haho,Haho 2,Djemegni,POINT (1.2915429899939799 6.972065530261883),
_mview_route_ralentisseurs.fid-7b1c8a4a_1943c5e84ca_6bbf,Plateaux,Haho,Haho 2,Djemegni,POINT (1.275143196303733 6.991741074706978),
_mview_route_ralentisseurs.fid-7b1c8a4a_1943c5e84ca_6bc0,Plateaux,Haho,Haho 2,Djemegni,POINT (1.2746791083065765 6.992161709576808),
_mview_route_ralentisseurs.fid-7b1c8a4a_1943c5e84ca_6bc1,Plateaux,Haho,Haho 2,Djemegni,POINT (1.2744757179420152 6.992289847078595),
_mview_route_ralentisseurs.fid-7b1c8a4a_1943c5e84ca_6bc2,Plateaux,Haho,Haho 2,Djemegni,POINT (1.2743136652637395 6.992383210739478),
_mview_route_ralentisseurs.fid-7b1c8a4a_1943c5e84ca_6bc3,Plateaux,Haho,Haho 4,Wahala,POINT (1.1405234670636961 7.163444258607915),
_mview_route_ralentisseurs.fid-7b1c8a4a_1943c5e84ca_6bc4,Plateaux,Haho,Haho 4,Wahala,POINT (1.139684202601689 7.162770603469675),
_mview_route_ralentisseurs.fid-7b1c8a4a_1943c5e84ca_6bc5,Plateaux,Haho,Haho 4,Wahala,POINT (1.1393813006977231 7.162359226246919),
_mview_route_ralentisseurs.fid-7b1c8a4a_1943c5e84ca_6bc6,Plateaux,Haho,Haho 4,Wahala,POINT (1.135528994612083 7.157415906443168),
_mview_route_ralentisseurs.fid-7b1c8a4a_1943c5e84ca_6bc7,Plateaux,Haho,Haho 4,Wahala,POINT (1.1347347384183495 7.156760051251782),
_mview_route_ralentisseurs.fid-7b1c8a4a_1943c5e84ca_6bc8,Plateaux,Haho,Haho 4,Wahala,POINT (1.1358724948311902 7.1577504566462),
_mview_route_ralentisseurs.fid-7b1c8a4a_1943c5e84ca_6bc9,Plateaux,Haho,Haho 4,Wahala,POINT (1.1522853745276491 7.163820269976071),
_mview_route_ralentisseurs.fid-7b1c8a4a_1943c5e84ca_6bca,Plateaux,Haho,Haho 4,Wahala,POINT (1.1556983874789253 7.163884643877326),
_mview_route_ralentisseurs.fid-7b1c8a4a_1943c5e84ca_6bcb,Plateaux,Haho,Haho 4,Wahala,POINT (1.158608989297488 7.164850910870029),
_mview_route_ralentisseurs.fid-7b1c8a4a_1943c5e84ca_6bcc,Plateaux,Haho,Haho 4,Wahala,POINT (1.1603053200528557 7.1656236301812655),
_mview_route_ralentisseurs.fid-7b1c8a4a_1943c5e84ca_6bcd,Plateaux,Haho,Haho 4,Wahala,POINT (1.169423693432263 7.159080837992378),
_mview_route_ralentisseurs.fid-7b1c8a4a_1943c5e84ca_6bce,Plateaux,Haho,Haho 4,Wahala,POINT (1.169958659168488 7.159293235525248),
_mview_route_ralentisseurs.fid-7b1c8a4a_1943c5e84ca_6bcf,Plateaux,Haho,Haho 4,Wahala,POINT (1.1733341207580466 7.159946218223138),
_mview_route_ralentisseurs.fid-7b1c8a4a_1943c5e84ca_6bd0,Plateaux,Haho,Haho 4,Wahala,POINT (1.2064587144018728 7.168216255041295),
_mview_route_ralentisseurs.fid-7b1c8a4a_1943c5e84ca_6bd1,Plateaux,Haho,Haho 4,Wahala,POINT (1.2068204973562817 7.16818438950797),
_mview_route_ralentisseurs.fid-7b1c8a4a_1943c5e84ca_6bd2,Plateaux,Haho,Haho 4,Wahala,POINT (1.241438172000147 7.158615683929161),
_mview_route_ralentisseurs.fid-7b1c8a4a_1943c5e84ca_6bd3,Plateaux,Haho,Haho 4,Wahala,POINT (1.3418064829395413 7.167519801450427),
_mview_route_ralentisseurs.fid-7b1c8a4a_1943c5e84ca_6bd4,Plateaux,Haho,Haho 4,Wahala,POINT (1.3437299824535454 7.165456479336537),
_mview_route_ralentisseurs.fid-7b1c8a4a_1943c5e84ca_6bd5,Plateaux,Haho,Haho 4,Wahala,POINT (1.3437711694093335 7.165269857891777),
_mview_route_ralentisseurs.fid-7b1c8a4a_1943c5e84ca_6bd6,Plateaux,Haho,Haho 4,Wahala,POINT (1.2849420490885404 7.145797119148521),
_mview_route_ralentisseurs.fid-7b1c8a4a_1943c5e84ca_6bd7,Plateaux,Haho,Haho 4,Wahala,POINT (1.206105810781859 7.168209224502175),
_mview_route_ralentisseurs.fid-7b1c8a4a_1943c5e84ca_6bd8,Plateaux,Haho,Haho 4,Wahala,POINT (1.177554877736429 7.176703244006187),
_mview_route_ralentisseurs.fid-7b1c8a4a_1943c5e84ca_6bd9,Plateaux,Haho,Haho 3,Kpédomé,POINT (0.9853696141326815 7.086986695068095),KPEDOME-BADJE
_mview_route_ralentisseurs.fid-7b1c8a4a_1943c5e84ca_6bda,Plateaux,Haho,Haho 3,Kpédomé,POINT (0.9880405735439428 7.084611268747756),KPEDOME-BADJE
_mview_route_ralentisseurs.fid-7b1c8a4a_1943c5e84ca_6bdb,Plateaux,Haho,Haho 3,Kpédomé,POINT (0.9883491355968804 7.0844300153864825),KPEDOME-BADJE
_mview_route_ralentisseurs.fid-7b1c8a4a_1943c5e84ca_6bdc,Plateaux,Haho,Haho 3,Kpédomé,POINT (0.9885621585225278 7.084289496265579),KPEDOME-BADJE
_mview_route_ralentisseurs.fid-7b1c8a4a_1943c5e84ca_6bdd,Plateaux,Haho,Haho 3,Kpédomé,POINT (0.9971463085765303 7.075663146662088),KPEDOME-BADJE
_mview_route_ralentisseurs.fid-7b1c8a4a_1943c5e84ca_6bde,Plateaux,Haho,Haho 3,Kpédomé,POINT (0.9984193789768266 7.074342743133498),KPEDOME-BADJE
_mview_route_ralentisseurs.fid-7b1c8a4a_1943c5e84ca_6bdf,Plateaux,Haho,Haho 3,Kpédomé,POINT (0.9991370190030913 7.073590138402885),KPEDOME-BADJE
_mview_route_ralentisseurs.fid-7b1c8a4a_1943c5e84ca_6be0,Plateaux,Haho,Haho 3,Kpédomé,POINT (1.0052621827750996 7.06062446924836),KPEDOME-BADJE
_mview_route_ralentisseurs.fid-7b1c8a4a_1943c5e84ca_6be1,Plateaux,Haho,Haho 3,Kpédomé,POINT (1.0055280064874672 7.060201610113456),KPEDOME-BADJE
_mview_route_ralentisseurs.fid-7b1c8a4a_1943c5e84ca_6be2,Plateaux,Haho,Haho 3,Kpédomé,POINT (1.0524940576397175 7.035294356342286),KPEDOME-BADJE
_mview_route_ralentisseurs.fid-7b1c8a4a_1943c5e84ca_6be3,Plateaux,Haho,Haho 3,Kpédomé,POINT (1.0123869862082966 7.056137254571653),KPEDOME-BADJE
_mview_route_ralentisseurs.fid-7b1c8a4a_1943c5e84ca_6be4,Plateaux,Haho,Haho 3,Kpédomé,POINT (1.0118904494808347 7.056372015780112),KPEDOME-BADJE
_mview_route_ralentisseurs.fid-7b1c8a4a_1943c5e84ca_6be5,Plateaux,Haho,Haho 4,Kpegnon (Haito),POINT (1.0273637493254262 7.190748113961042),
_mview_route_ralentisseurs.fid-7b1c8a4a_1943c5e84ca_6be6,Plateaux,Haho,Haho 4,Kpegnon (Haito),POINT (1.026204715860259 7.190612069848402),
_mview_route_ralentisseurs.fid-7b1c8a4a_1943c5e84ca_6be7,Plateaux,Haho,Haho 4,Kpegnon (Haito),POINT (0.9590447774664494 7.218124226484608),
_mview_route_ralentisseurs.fid-7b1c8a4a_1943c5e84ca_6be8,Plateaux,Haho,Haho 4,Kpegnon (Haito),POINT (0.9581513236979708 7.2191277580284545),
_mview_route_ralentisseurs.fid-7b1c8a4a_1943c5e84ca_6be9,Plateaux,Haho,Haho 4,Kpegnon (Haito),POINT (0.9675833062794796 7.219186185350892),
_mview_route_ralentisseurs.fid-7b1c8a4a_1943c5e84ca_6bea,Plateaux,Haho,Haho 4,Kpegnon (Haito),POINT (0.9710258347360184 7.220768854550933),
_mview_route_ralentisseurs.fid-7b1c8a4a_1943c5e84ca_6beb,Plateaux,Haho,Haho 4,Akpakpakpé,POINT (1.0178815671263206 7.115722138960878),
_mview_route_ralentisseurs.fid-7b1c8a4a_1943c5e84ca_6bec,Plateaux,Haho,Haho 4,Kpegnon (Haito),POINT (0.9454499366346705 7.115088514107807),
_mview_route_ralentisseurs.fid-7b1c8a4a_1943c5e84ca_6bed,Plateaux,Haho,Haho 4,Wahala,POINT (1.3423499124025267 7.167638593665546),
_mview_route_ralentisseurs.fid-7b1c8a4a_1943c5e84ca_6bee,Plateaux,Haho,Haho 4,Wahala,POINT (1.3462009045379706 7.169455290744392),
_mview_route_ralentisseurs.fid-7b1c8a4a_1943c5e84ca_6bef,Plateaux,Haho,Haho 4,Wahala,POINT (1.3479807715982033 7.171118047831909),
_mview_route_ralentisseurs.fid-7b1c8a4a_1943c5e84ca_6bf0,Plateaux,Haho,Haho 4,Wahala,POINT (1.3818528755320882 7.186794262637041),
_mview_route_ralentisseurs.fid-7b1c8a4a_1943c5e84ca_6bf1,Plateaux,Haho,Haho 4,Wahala,POINT (1.3831970499786286 7.186793479919112),
_mview_route_ralentisseurs.fid-7b1c8a4a_1943c5e84ca_6bf2,Plateaux,Haho,Haho 4,Wahala,POINT (1.4309848465559407 7.170430531749811),
_mview_route_ralentisseurs.fid-7b1c8a4a_1943c5e84ca_6bf3,Plateaux,Haho,Haho 4,Wahala,POINT (1.4160078943933923 7.186103284288063),
_mview_route_ralentisseurs.fid-7b1c8a4a_1943c5e84ca_6bf4,Plateaux,Haho,Haho 4,Wahala,POINT (1.4156482893023545 7.1865363696535765),
_mview_route_ralentisseurs.fid-7b1c8a4a_1943c5e84ca_6bf5,Plateaux,Haho,Haho 4,Wahala,POINT (1.3813861234199962 7.186897556640755),
_mview_route_ralentisseurs.fid-7b1c8a4a_1943c5e84ca_6bf6,Plateaux,Haho,Haho 4,Wahala,POINT (1.3477182650712276 7.17082000166992),
_mview_route_ralentisseurs.fid-7b1c8a4a_1943c5e84ca_6bf7,Plateaux,Haho,Haho 4,Wahala,POINT (1.3460088238901682 7.169355354490877),
_mview_route_ralentisseurs.fid-7b1c8a4a_1943c5e84ca_6bf8,Plateaux,Haho,Haho 4,Wahala,POINT (1.3047202189645402 7.153517753037962),
_mview_route_ralentisseurs.fid-7b1c8a4a_1943c5e84ca_6bf9,Plateaux,Haho,Haho 4,Wahala,POINT (1.310342916612005 7.182116733669384),
_mview_route_ralentisseurs.fid-7b1c8a4a_1943c5e84ca_6bfa,Plateaux,Haho,Haho 4,Wahala,POINT (1.3328050365315451 7.212583369868622),
_mview_route_ralentisseurs.fid-7b1c8a4a_1943c5e84ca_6bfb,Plateaux,Haho,Haho 4,Wahala,POINT (1.335644237239224 7.215420506843358),
_mview_route_ralentisseurs.fid-7b1c8a4a_1943c5e84ca_6bfc,Plateaux,Haho,Haho 4,Wahala,POINT (1.335939715930802 7.21585655070415),
_mview_route_ralentisseurs.fid-7b1c8a4a_1943c5e84ca_6bfd,Plateaux,Haho,Haho 4,Wahala,POINT (1.337628918354484 7.21935623906606),
_mview_route_ralentisseurs.fid-7b1c8a4a_1943c5e84ca_6bfe,Plateaux,Haho,Haho 4,Wahala,POINT (1.3371131280686008 7.218163858770614),
_mview_route_ralentisseurs.fid-7b1c8a4a_1943c5e84ca_6bff,Plateaux,Haho,Haho 4,Wahala,POINT (1.333054885912894 7.21281799609112),
_mview_route_ralentisseurs.fid-7b1c8a4a_1943c5e84ca_6c00,Plateaux,Haho,Haho 4,Wahala,POINT (1.3047291772391065 7.159640700499463),
_mview_route_ralentisseurs.fid-7b1c8a4a_1943c5e84ca_6c01,Plateaux,Haho,Haho 4,Wahala,POINT (1.2900792606661995 7.207187295530953),
_mview_route_ralentisseurs.fid-7b1c8a4a_1943c5e84ca_6c02,Plateaux,Haho,Haho 4,Wahala,POINT (1.2900891683536146 7.204507498313254),
_mview_route_ralentisseurs.fid-7b1c8a4a_1943c5e84ca_6c03,Plateaux,Haho,Haho 4,Wahala,POINT (1.29234709582321 7.182027375104172),
_mview_route_ralentisseurs.fid-7b1c8a4a_1943c5e84ca_6c04,Plateaux,Haho,Haho 4,Wahala,POINT (1.2924065640885563 7.181410067106326),
_mview_route_ralentisseurs.fid-7b1c8a4a_1943c5e84ca_6c05,Plateaux,Haho,Haho 4,Wahala,POINT (1.2930178337467422 7.180523021333909),
_mview_route_ralentisseurs.fid-7b1c8a4a_1943c5e84ca_6c06,Plateaux,Haho,Haho 4,Wahala,POINT (1.2934596250066055 7.180129166124822),
_mview_route_ralentisseurs.fid-7b1c8a4a_1943c5e84ca_6c07,Plateaux,Haho,Haho 4,Wahala,POINT (1.2916556169677813 7.181732922021711),
_mview_route_ralentisseurs.fid-7b1c8a4a_1943c5e84ca_6c08,Plateaux,Haho,Haho 4,Wahala,POINT (1.2008039131187451 7.178202479487055),
_mview_route_ralentisseurs.fid-7b1c8a4a_1943c5e84ca_6c09,Plateaux,Haho,Haho 4,Wahala,POINT (1.2328314070236603 7.200541788083535),
_mview_route_ralentisseurs.fid-7b1c8a4a_1943c5e84ca_6c0a,Plateaux,Haho,Haho 4,Wahala,POINT (1.2322871450888784 7.199725769635828),
_mview_route_ralentisseurs.fid-7b1c8a4a_1943c5e84ca_6c0b,Plateaux,Haho,Haho 4,Wahala,POINT (1.2264566183259615 7.193413906972619),
_mview_route_ralentisseurs.fid-7b1c8a4a_1943c5e84ca_6c0c,Plateaux,Haho,Haho 4,Wahala,POINT (1.2237416138913848 7.192386459981106),
_mview_route_ralentisseurs.fid-7b1c8a4a_1943c5e84ca_6c0d,Plateaux,Haho,Haho 4,Wahala,POINT (1.2233633584861745 7.192241221267844),
_mview_route_ralentisseurs.fid-7b1c8a4a_1943c5e84ca_6c0e,Plateaux,Haho,Haho 3,Kpédomé,POINT (1.1673807794604174 6.977691684802592),
_mview_route_ralentisseurs.fid-7b1c8a4a_1943c5e84ca_6c0f,Plateaux,Haho,Haho 3,Kpédomé,POINT (1.1666807834161557 6.978862572400562),
_mview_route_ralentisseurs.fid-7b1c8a4a_1943c5e84ca_6c10,Plateaux,Haho,Haho 4,Akpakpakpé,POINT (1.089830263534207 7.075598579749431),
_mview_route_ralentisseurs.fid-7b1c8a4a_1943c5e84ca_6c11,Plateaux,Haho,Haho 3,Kpédomé,POINT (1.1332082556434735 7.0837481675228),LATHO-AGBATI-ZONGO
_mview_route_ralentisseurs.fid-7b1c8a4a_1943c5e84ca_6c12,Plateaux,Haho,Haho 3,Kpédomé,POINT (1.1328281167611922 7.083960253593358),LATHO-AGBATI-ZONGO
_mview_route_ralentisseurs.fid-7b1c8a4a_1943c5e84ca_6c13,Plateaux,Haho,Haho 2,Asrama,POINT (1.378398926778116 7.004421063005663),
_mview_route_ralentisseurs.fid-7b1c8a4a_1943c5e84ca_6c14,Plateaux,Haho,Haho 2,Asrama,POINT (1.3785705026190267 7.004829841202176),
_mview_route_ralentisseurs.fid-7b1c8a4a_1943c5e84ca_6c15,Plateaux,Haho,Haho 2,Asrama,POINT (1.4081094981734465 7.009898944136161),
_mview_route_ralentisseurs.fid-7b1c8a4a_1943c5e84ca_6c16,Plateaux,Haho,Haho 2,Asrama,POINT (1.391994193071771 7.016752978432991),
_mview_route_ralentisseurs.fid-7b1c8a4a_1943c5e84ca_6c17,Plateaux,Haho,Haho 3,Kpédomé,POINT (1.1501035472321477 7.071442465325201),
_mview_route_ralentisseurs.fid-7b1c8a4a_1943c5e84ca_6c18,Plateaux,Haho,Haho 3,Kpédomé,POINT (1.149872333015978 7.071745310717759),
_mview_route_ralentisseurs.fid-7b1c8a4a_1943c5e84ca_6c19,Plateaux,Haho,Haho 4,Akpakpakpé,POINT (1.1075224709172562 7.0880766846483665),
_mview_route_ralentisseurs.fid-7b1c8a4a_1943c5e84ca_6c1a,Plateaux,Haho,Haho 4,Akpakpakpé,POINT (1.1074019897342502 7.088153816030194),
_mview_route_ralentisseurs.fid-7b1c8a4a_1943c5e84ca_6c1b,Plateaux,Haho,Haho 4,Akpakpakpé,POINT (1.1071751944936392 7.088305295264189),
_mview_route_ralentisseurs.fid-7b1c8a4a_1943c5e84ca_6c1c,Plateaux,Haho,Haho 4,Akpakpakpé,POINT (1.0782457778863637 7.116404573484453),
_mview_route_ralentisseurs.fid-7b1c8a4a_1943c5e84ca_6c1d,Plateaux,Haho,Haho 4,Akpakpakpé,POINT (1.0779035668474979 7.116659726811861),
_mview_route_ralentisseurs.fid-7b1c8a4a_1943c5e84ca_6c1e,Plateaux,Haho,Haho 4,Akpakpakpé,POINT (1.0775451954693929 7.116913235599443),
_mview_route_ralentisseurs.fid-7b1c8a4a_1943c5e84ca_6c1f,Plateaux,Haho,Haho 4,Akpakpakpé,POINT (1.0508919695465722 7.114071608018455),
_mview_route_ralentisseurs.fid-7b1c8a4a_1943c5e84ca_6c20,Plateaux,Haho,Haho 4,Akpakpakpé,POINT (1.0870541792210189 7.055929204330254),
_mview_route_ralentisseurs.fid-7b1c8a4a_1943c5e84ca_6c21,Plateaux,Haho,Haho 4,Akpakpakpé,POINT (1.086945754864205 7.05565469038556),
_mview_route_ralentisseurs.fid-7b1c8a4a_1943c5e84ca_6c22,Plateaux,Haho,Haho 3,Kpédomé,POINT (1.0515326665378333 7.030576878506875),
_mview_route_ralentisseurs.fid-7b1c8a4a_1943c5e84ca_6c23,Plateaux,Haho,Haho 3,Kpédomé,POINT (1.2045811022046575 7.077624383975919),AGBATIZONGO-KOMLANCOPE
_mview_route_ralentisseurs.fid-7b1c8a4a_1943c5e84ca_6c24,Plateaux,Haho,Haho 3,Kpédomé,POINT (1.202459596439625 7.039221997238274),RN1-AZAKPE
_mview_route_ralentisseurs.fid-7b1c8a4a_1943c5e84ca_6c25,Plateaux,Haho,Haho 3,Kpédomé,POINT (1.2410456203162974 7.057789347728578),RN1-AZAKPE
_mview_route_ralentisseurs.fid-7b1c8a4a_1943c5e84ca_6c26,Plateaux,Haho,Haho 2,Djemegni,POINT (1.3073691323853358 6.903627540632274),
_mview_route_ralentisseurs.fid-7b1c8a4a_1943c5e84ca_6c27,Plateaux,Haho,Haho 2,Djemegni,POINT (1.2989906948050065 6.965105538968747),
_mview_route_ralentisseurs.fid-7b1c8a4a_1943c5e84ca_6c28,Plateaux,Haho,Haho 2,Djemegni,POINT (1.2991775364210636 6.964996997536343),
_mview_route_ralentisseurs.fid-7b1c8a4a_1943c5e84ca_6c29,Plateaux,Haho,Haho 2,Djemegni,POINT (1.2970757224334277 6.965179323083357),
_mview_route_ralentisseurs.fid-7b1c8a4a_1943c5e84ca_6c2a,Plateaux,Haho,Haho 2,Djemegni,POINT (1.2967444461666244 6.96544251867757),
_mview_route_ralentisseurs.fid-7b1c8a4a_1943c5e84ca_6c2b,Plateaux,Haho,Haho 2,Djemegni,POINT (1.2965135292495331 6.965604523000055),
_mview_route_ralentisseurs.fid-7b1c8a4a_1943c5e84ca_6c2c,Plateaux,Haho,Haho 2,Djemegni,POINT (1.296300226969443 6.965770133445595),
_mview_route_ralentisseurs.fid-7b1c8a4a_1943c5e84ca_6c2d,Plateaux,Haho,Haho 2,Djemegni,POINT (1.2960514726649615 6.96600832060041),
_mview_route_ralentisseurs.fid-7b1c8a4a_1943c5e84ca_6c2e,Plateaux,Haho,Haho 2,Djemegni,POINT (1.2958499419959815 6.966433077285422),
_mview_route_ralentisseurs.fid-7b1c8a4a_1943c5e84ca_6c2f,Plateaux,Haho,Haho 2,Djemegni,POINT (1.2956952864880198 6.966962395795007),
_mview_route_ralentisseurs.fid-7b1c8a4a_1943c5e84ca_6c30,Plateaux,Haho,Haho 2,Djemegni,POINT (1.2956861364016703 6.967697649672882),
_mview_route_ralentisseurs.fid-7b1c8a4a_1943c5e84ca_6c31,Plateaux,Haho,Haho 2,Djemegni,POINT (1.2948963067676333 6.967683323928527),
_mview_route_ralentisseurs.fid-7b1c8a4a_1943c5e84ca_6c32,Plateaux,Haho,Haho 2,Djemegni,POINT (1.2947843578034095 6.968442764551274),
_mview_route_ralentisseurs.fid-7b1c8a4a_1943c5e84ca_6c33,Plateaux,Haho,Haho 2,Djemegni,POINT (1.2555319097894473 6.937038982342391),
_mview_route_ralentisseurs.fid-7b1c8a4a_1943c5e84ca_6c34,Plateaux,Haho,Haho 3,Kpédomé,POINT (1.169254501528131 7.018183373087246),
_mview_route_ralentisseurs.fid-7b1c8a4a_1943c5e84ca_6c35,Plateaux,Haho,Haho 3,Kpédomé,POINT (1.1723299200648067 6.9738368573139695),
_mview_route_ralentisseurs.fid-7b1c8a4a_1943c5e84ca_6c36,Plateaux,Haho,Haho 3,Kpédomé,POINT (1.172507070534592 6.973786724879229),
_mview_route_ralentisseurs.fid-7b1c8a4a_1943c5e84ca_6c37,Plateaux,Haho,Haho 3,Kpédomé,POINT (1.2646187444902715 7.109499782262179),
_mview_route_ralentisseurs.fid-7b1c8a4a_1943c5e84ca_6c38,Plateaux,Haho,Haho 3,Kpédomé,POINT (1.2651601417390386 7.1092522913383345),
_mview_route_ralentisseurs.fid-7b1c8a4a_1943c5e84ca_6c39,Plateaux,Haho,Haho 3,Kpédomé,POINT (1.26542531510945 7.109154489583304),
_mview_route_ralentisseurs.fid-7b1c8a4a_1943c5e84ca_6c3a,Plateaux,Haho,Haho 3,Kpédomé,POINT (1.2657890104575475 7.109012994773686),
_mview_route_ralentisseurs.fid-7b1c8a4a_1943c5e84ca_6c3b,Plateaux,Haho,Haho 1,Notsé,POINT (1.1768757465560442 6.947683362802254),TGRPRRRN6 NOTSE-TOHOUN
_mview_route_ralentisseurs.fid-7b1c8a4a_1943c5e84ca_6c3c,Plateaux,Haho,Haho 1,Notsé,POINT (1.1833788491922033 6.946796066191417),TGRPRRRN6 NOTSE-TOHOUN
_mview_route_ralentisseurs.fid-7b1c8a4a_1943c5e84ca_6c3d,Plateaux,Haho,Haho 1,Dalia,POINT (1.177920452776164 6.778557423643021),AMAKPAPE-DJAGBO
_mview_route_ralentisseurs.fid-7b1c8a4a_1943c5e84ca_6c3e,Plateaux,Haho,Haho 1,Dalia,POINT (1.176253755350644 6.780768016351129),AMAKPAPE-DJAGBO
_mview_route_ralentisseurs.fid-7b1c8a4a_1943c5e84ca_6c3f,Plateaux,Haho,Haho 1,Dalia,POINT (1.1756460528012111 6.78138060357898),AMAKPAPE-DJAGBO
_mview_route_ralentisseurs.fid-7b1c8a4a_1943c5e84ca_6c40,Plateaux,Haho,Haho 1,Dalia,POINT (1.159257846097003 6.793274552724427),AMAKPAPE-DJAGBO
_mview_route_ralentisseurs.fid-7b1c8a4a_1943c5e84ca_6c41,Plateaux,Haho,Haho 1,Dalia,POINT (1.1505101225995178 6.795923210736395),AMAKPAPE-DJAGBO
_mview_route_ralentisseurs.fid-7b1c8a4a_1943c5e84ca_6c42,Plateaux,Haho,Haho 1,Dalia,POINT (1.1478452896523017 6.798542577551913),AMAKPAPE-DJAGBO
_mview_route_ralentisseurs.fid-7b1c8a4a_1943c5e84ca_6c43,Plateaux,Haho,Haho 1,Dalia,POINT (1.1428625429300046 6.804533226336416),AMAKPAPE-DJAGBO
_mview_route_ralentisseurs.fid-7b1c8a4a_1943c5e84ca_6c44,Plateaux,Haho,Haho 1,Dalia,POINT (1.142098089064562 6.806125515768612),AMAKPAPE-DJAGBO
_mview_route_ralentisseurs.fid-7b1c8a4a_1943c5e84ca_6c45,Plateaux,Haho,Haho 1,Dalia,POINT (1.1410841933793645 6.808261880936582),AMAKPAPE-DJAGBO
_mview_route_ralentisseurs.fid-7b1c8a4a_1943c5e84ca_6c46,Plateaux,Haho,Haho 1,Atchavé,POINT (1.2481091005501237 6.8899846207404645),ATSAVÉ-KLOUÉGNAMÈ
_mview_route_ralentisseurs.fid-7b1c8a4a_1943c5e84ca_6c47,Plateaux,Haho,Haho 1,Atchavé,POINT (1.248449351197761 6.88979615767823),ATSAVÉ-KLOUÉGNAMÈ
_mview_route_ralentisseurs.fid-7b1c8a4a_1943c5e84ca_6c48,Plateaux,Haho,Haho 1,Atchavé,POINT (1.248820778989001 6.889584839998957),ATSAVÉ-KLOUÉGNAMÈ
_mview_route_ralentisseurs.fid-7b1c8a4a_1943c5e84ca_6c49,Plateaux,Haho,Haho 1,Atchavé,POINT (1.249538730964055 6.889186152740648),ATSAVÉ-KLOUÉGNAMÈ
_mview_route_ralentisseurs.fid-7b1c8a4a_1943c5e84ca_6c4a,Plateaux,Haho,Haho 1,Atchavé,POINT (1.24990616948365 6.888986329640745),ATSAVÉ-KLOUÉGNAMÈ
_mview_route_ralentisseurs.fid-7b1c8a4a_1943c5e84ca_6c4b,Plateaux,Haho,Haho 1,Atchavé,POINT (1.2502920681471048 6.8886308220601),ATSAVÉ-KLOUÉGNAMÈ
_mview_route_ralentisseurs.fid-7b1c8a4a_1943c5e84ca_6c4c,Plateaux,Haho,Haho 1,Notsé,POINT (1.1789764981909097 6.9481788828593105),NAOLO-TOUMIKPOTA 
_mview_route_ralentisseurs.fid-7b1c8a4a_1943c5e84ca_6c4d,Plateaux,Haho,Haho 1,Notsé,POINT (1.178956271176896 6.948094293728077),NAOLO-TOUMIKPOTA 
_mview_route_ralentisseurs.fid-7b1c8a4a_1943c5e84ca_6c4e,Plateaux,Haho,Haho 1,Notsé,POINT (1.1789371883582775 6.9479887649664525),NAOLO-TOUMIKPOTA 
_mview_route_ralentisseurs.fid-7b1c8a4a_1943c5e84ca_6c4f,Plateaux,Haho,Haho 1,Hahomégbé,POINT (1.0138980951157943 6.877115141217535),AGBODJEKPO-HAHOMEGBE
_mview_route_ralentisseurs.fid-7b1c8a4a_1943c5e84ca_6c50,Plateaux,Haho,Haho 1,Notsé,POINT (1.1059857760136331 6.936952300301697),TGRPRTRN9 NOTSE(RN1)-YIBOE-AVEDJE-AGOU(RN5)
_mview_route_ralentisseurs.fid-7b1c8a4a_1943c5e84ca_6c51,Plateaux,Haho,Haho 1,Atchavé,POINT (1.227763374356193 6.896263058203237),NOTSE-ATCHAVE-KPELE
_mview_route_ralentisseurs.fid-7b1c8a4a_1943c5e84ca_6c52,Plateaux,Haho,Haho 1,Atchavé,POINT (1.227606531476857 6.896621256828261),NOTSE-ATCHAVE-KPELE
_mview_route_ralentisseurs.fid-7b1c8a4a_1943c5e84ca_6c53,Plateaux,Haho,Haho 1,Dalia,POINT (1.1799542235677472 6.777082901374376),AMAKPAPE 
_mview_route_ralentisseurs.fid-7b1c8a4a_1943c5e84ca_6c54,Plateaux,Haho,Haho 1,Dalia,POINT (1.1810014793895631 6.7755748316318),AMAKPAPE 
_mview_route_ralentisseurs.fid-7b1c8a4a_1943c5e84ca_6c55,Plateaux,Haho,Haho 1,Dalia,POINT (1.1824242999180028 6.773805959530834),AMAKPAPE 
_mview_route_ralentisseurs.fid-7b1c8a4a_1943c5e84ca_6c56,Plateaux,Haho,Haho 1,Dalia,POINT (1.183838518613908 6.772019135644508),AMAKPAPE 
_mview_route_ralentisseurs.fid-7b1c8a4a_1943c5e84ca_6c57,Maritime,Zio,Zio 3,Gamé-Sèva,POINT (1.1819169879489848 6.769508167946714),AMAKPAPE 
_mview_route_ralentisseurs.fid-7b1c8a4a_1943c5e84ca_6c58,Plateaux,Haho,Haho 1,Dalia,POINT (1.1850119709822713 6.786346617520714),AMAKPAPE 
_mview_route_ralentisseurs.fid-7b1c8a4a_1943c5e84ca_6c59,Plateaux,Haho,Haho 1,Dalia,POINT (1.1855592355186915 6.786414480752855),AMAKPAPE 
_mview_route_ralentisseurs.fid-7b1c8a4a_1943c5e84ca_6c5a,Plateaux,Haho,Haho 1,Dalia,POINT (1.1863303029582521 6.786543682394265),AMAKPAPE 
_mview_route_ralentisseurs.fid-7b1c8a4a_1943c5e84ca_6c5b,Plateaux,Haho,Haho 1,Dalia,POINT (1.2106408797535293 6.777436645349791),
_mview_route_ralentisseurs.fid-7b1c8a4a_1943c5e84ca_6c5c,Plateaux,Haho,Haho 1,Dalia,POINT (1.2109938621831529 6.77752080826963),
_mview_route_ralentisseurs.fid-7b1c8a4a_1943c5e84ca_6c5d,Plateaux,Haho,Haho 1,Dalia,POINT (1.2110663251891787 6.777538085861643),
_mview_route_ralentisseurs.fid-7b1c8a4a_1943c5e84ca_6c5e,Plateaux,Haho,Haho 1,Dalia,POINT (1.2184153105096507 6.7792312878437615),
_mview_route_ralentisseurs.fid-7b1c8a4a_1943c5e84ca_6c5f,Plateaux,Haho,Haho 1,Dalia,POINT (1.218814320926617 6.77932135564511),
_mview_route_ralentisseurs.fid-7b1c8a4a_1943c5e84ca_6c60,Plateaux,Haho,Haho 1,Dalia,POINT (1.2189880226466772 6.779358551473116),
_mview_route_ralentisseurs.fid-7b1c8a4a_1943c5e84ca_6c61,Plateaux,Haho,Haho 1,Dalia,POINT (1.2410274124696858 6.786821663198491),
_mview_route_ralentisseurs.fid-7b1c8a4a_1943c5e84ca_6c62,Plateaux,Haho,Haho 1,Dalia,POINT (1.212629836488 6.760154691618731),KABLIVE-KONTA
_mview_route_ralentisseurs.fid-7b1c8a4a_1943c5e84ca_6c63,Plateaux,Haho,Haho 1,Dalia,POINT (1.212854566216316 6.758645319773009),KABLIVE-KONTA
_mview_route_ralentisseurs.fid-7b1c8a4a_1943c5e84ca_6c64,Plateaux,Haho,Haho 1,Dalia,POINT (1.2193121814954757 6.754699285636038),KABLIVE-KONTA
_mview_route_ralentisseurs.fid-7b1c8a4a_1943c5e84ca_6c65,Maritime,Zio,Zio 3,Agbélouvé,POINT (0.9170135262346347 6.808747982416999),HAHOWOE-KOLOGAN
_mview_route_ralentisseurs.fid-7b1c8a4a_1943c5e84ca_6c66,Plateaux,Haho,Haho 1,Atchavé,POINT (1.1475691028539503 6.885676977836395),
_mview_route_ralentisseurs.fid-7b1c8a4a_1943c5e84ca_6c67,Plateaux,Haho,Haho 1,Atchavé,POINT (1.1474321008212824 6.8854306825078675),
_mview_route_ralentisseurs.fid-7b1c8a4a_1943c5e84ca_6c68,Plateaux,Haho,Haho 1,Atchavé,POINT (1.1472009860113066 6.885015195496607),
_mview_route_ralentisseurs.fid-7b1c8a4a_1943c5e84ca_6c69,Plateaux,Haho,Haho 1,Atchavé,POINT (1.1119850922492993 6.868668278566267),
_mview_route_ralentisseurs.fid-7b1c8a4a_1943c5e84ca_6c6a,Plateaux,Haho,Haho 1,Notsé,POINT (1.1679138411889551 6.951405730931276),ZONGO-ZONGO LO
_mview_route_ralentisseurs.fid-7b1c8a4a_1943c5e84ca_6c6b,Plateaux,Haho,Haho 1,Notsé,POINT (1.1681103147342184 6.951322539455703),ZONGO-ZONGO LO
_mview_route_ralentisseurs.fid-7b1c8a4a_1943c5e84ca_6c6c,Plateaux,Haho,Haho 1,Notsé,POINT (1.168343035368068 6.951225157245799),ZONGO-ZONGO LO
_mview_route_ralentisseurs.fid-7b1c8a4a_1943c5e84ca_6c6d,Plateaux,Haho,Haho 1,Notsé,POINT (1.168514433080379 6.951143659935503),ZONGO-ZONGO LO
_mview_route_ralentisseurs.fid-7b1c8a4a_1943c5e84ca_6c6e,Plateaux,Haho,Haho 1,Notsé,POINT (1.1703013970444078 6.927079094282432),
_mview_route_ralentisseurs.fid-7b1c8a4a_1943c5e84ca_6c6f,Plateaux,Haho,Haho 1,Notsé,POINT (1.1718204981216847 6.94383706338606),
_mview_route_ralentisseurs.fid-7b1c8a4a_1943c5e84ca_6c70,Plateaux,Haho,Haho 1,Notsé,POINT (1.171772155000312 6.943948772682027),
_mview_route_ralentisseurs.fid-7b1c8a4a_1943c5e84ca_6c71,Plateaux,Haho,Haho 1,Notsé,POINT (1.1716560273556735 6.944217115350428),
_mview_route_ralentisseurs.fid-7b1c8a4a_1943c5e84ca_6c72,Plateaux,Haho,Haho 1,Notsé,POINT (1.1707590802204697 6.942645059673713),
_mview_route_ralentisseurs.fid-7b1c8a4a_1943c5e84ca_6c73,Plateaux,Haho,Haho 1,Notsé,POINT (1.0888112245644068 6.896602993803445),
_mview_route_ralentisseurs.fid-7b1c8a4a_1943c5e84ca_6c74,Plateaux,Haho,Haho 1,Notsé,POINT (1.0875781898706565 6.8950315211623865),
_mview_route_ralentisseurs.fid-7b1c8a4a_1943c5e84ca_6c75,Plateaux,Haho,Haho 1,Notsé,POINT (1.1680999576320694 6.940116261081302),
_mview_route_ralentisseurs.fid-7b1c8a4a_1943c5e84ca_6c76,Plateaux,Haho,Haho 1,Notsé,POINT (1.1679863556280348 6.940746740230796),
_mview_route_ralentisseurs.fid-7b1c8a4a_1943c5e84ca_6c77,Plateaux,Haho,Haho 1,Notsé,POINT (1.1108767448159713 6.942809068629083),
_mview_route_ralentisseurs.fid-7b1c8a4a_1943c5e84ca_6c78,Kara,Kéran,Kéran 1,Kantè,POINT (1.046813373658014 9.951579916703539),TGRKRRRN21 TCHITCHAO-SARAKAWA-KANTE
_mview_route_ralentisseurs.fid-7b1c8a4a_1943c5e84ca_6c79,Kara,Kéran,Kéran 1,Kantè,POINT (1.0470041767358091 9.949315681160206),TGRKRRRN21 TCHITCHAO-SARAKAWA-KANTE
_mview_route_ralentisseurs.fid-7b1c8a4a_1943c5e84ca_6c7a,Kara,Kéran,Kéran 1,Kantè,POINT (1.0888896194137825 9.927289475815206),TGRKRRRN1 BRETELLE DE DEFALE
_mview_route_ralentisseurs.fid-7b1c8a4a_1943c5e84ca_6c7b,Kara,Kéran,Kéran 1,Kantè,POINT (1.0885230771311465 9.927715900420194),TGRKRRRN1 BRETELLE DE DEFALE
_mview_route_ralentisseurs.fid-7b1c8a4a_1943c5e84ca_6c7c,Kara,Kéran,Kéran 1,Kantè,POINT (1.0882833010095505 9.927988890516756),TGRKRRRN1 BRETELLE DE DEFALE
_mview_route_ralentisseurs.fid-7b1c8a4a_1943c5e84ca_6c7d,Kara,Kéran,Kéran 1,Kantè,POINT (1.0534154446531183 9.959765521297971),TGRKRTRN40 KANTE-NADOBA
_mview_route_ralentisseurs.fid-7b1c8a4a_1943c5e84ca_6c7e,Kara,Kéran,Kéran 1,Kantè,POINT (1.0541712318658125 9.960086174957263),TGRKRTRN40 KANTE-NADOBA
_mview_route_ralentisseurs.fid-7b1c8a4a_1943c5e84ca_6c7f,Kara,Kéran,Kéran 1,Pessidè,POINT (0.9803349490088712 10.061950304770294),
_mview_route_ralentisseurs.fid-7b1c8a4a_1943c5e84ca_6c80,Kara,Kéran,Kéran 3,Warengo,POINT (1.1207025530904526 10.110303611053522),
_mview_route_ralentisseurs.fid-7b1c8a4a_1943c5e84ca_6c81,Kara,Kéran,Kéran 3,Warengo,POINT (1.1086885461291056 10.10715558323613),
_mview_route_ralentisseurs.fid-7b1c8a4a_1943c5e84ca_6c82,Kara,Kéran,Kéran 3,Nadoba,POINT (1.066436085878677 10.115089894733062),
_mview_route_ralentisseurs.fid-7b1c8a4a_1943c5e84ca_6c83,Kara,Kéran,Kéran 3,Nadoba,POINT (1.0666358955331858 10.115388768685387),
_mview_route_ralentisseurs.fid-7b1c8a4a_1943c5e84ca_6c84,Kara,Kéran,Kéran 3,Nadoba,POINT (1.066876907306597 10.115894616755035),
_mview_route_ralentisseurs.fid-7b1c8a4a_1943c5e84ca_6c85,Kara,Kéran,Kéran 2,Ataloté,POINT (0.9242367008284474 9.91835916966854),
_mview_route_ralentisseurs.fid-7b1c8a4a_1943c5e84ca_6c86,Kara,Kéran,Kéran 2,Ataloté,POINT (0.9236953755462755 9.917997797497563),
_mview_route_ralentisseurs.fid-7b1c8a4a_1943c5e84ca_6c87,Kara,Kéran,Kéran 2,Ataloté,POINT (0.9232785357434656 9.917628841748597),
_mview_route_ralentisseurs.fid-7b1c8a4a_1943c5e84ca_6c88,Kara,Kéran,Kéran 2,Ataloté,POINT (0.9231896975869761 9.9175150956961),
_mview_route_ralentisseurs.fid-7b1c8a4a_1943c5e84ca_6c89,Kara,Kéran,Kéran 2,Ataloté,POINT (0.9230049008034986 9.917198380170083),
_mview_route_ralentisseurs.fid-7b1c8a4a_1943c5e84ca_6c8a,Kara,Kéran,Kéran 2,Ataloté,POINT (0.910829359039277 9.894264181132835),
_mview_route_ralentisseurs.fid-7b1c8a4a_1943c5e84ca_6c8b,Kara,Kéran,Kéran 2,Ataloté,POINT (0.9104787766654413 9.893968828694812),
_mview_route_ralentisseurs.fid-7b1c8a4a_1943c5e84ca_6c8c,Kara,Kéran,Kéran 2,Hélota,POINT (0.6608393222185148 9.95961211549937),
_mview_route_ralentisseurs.fid-7b1c8a4a_1943c5e84ca_6c8d,Plateaux,Kloto,Kloto 1,Agome-Kpalime,POINT (0.6363385955624122 6.923924729456796),
_mview_route_ralentisseurs.fid-7b1c8a4a_1943c5e84ca_6c8e,Plateaux,Kloto,Kloto 1,Agome-Kpalime,POINT (0.6341497279324945 6.924899115276822),TGRPRRRN5 ATAKPAME-KPALIME-AMOUSSOUKOPE
_mview_route_ralentisseurs.fid-7b1c8a4a_1943c5e84ca_6c8f,Plateaux,Kloto,Kloto 1,Agome-Kpalime,POINT (0.6342113866212897 6.924332733701722),TGRPRRRN5 ATAKPAME-KPALIME-AMOUSSOUKOPE
_mview_route_ralentisseurs.fid-7b1c8a4a_1943c5e84ca_6c90,Plateaux,Kloto,Kloto 1,Agome-Kpalime,POINT (0.6317866733708155 6.933021711919667),TGRPRRRN5 ATAKPAME-KPALIME-AMOUSSOUKOPE
_mview_route_ralentisseurs.fid-7b1c8a4a_1943c5e84ca_6c91,Plateaux,Kloto,Kloto 1,Agome-Kpalime,POINT (0.6319611831093088 6.932199548674211),TGRPRRRN5 ATAKPAME-KPALIME-AMOUSSOUKOPE
_mview_route_ralentisseurs.fid-7b1c8a4a_1943c5e84ca_6c92,Plateaux,Kloto,Kloto 1,Agome-Kpalime,POINT (0.6336906237048954 6.928051373621996),TGRPRRRN5 ATAKPAME-KPALIME-AMOUSSOUKOPE
_mview_route_ralentisseurs.fid-7b1c8a4a_1943c5e84ca_6c93,Plateaux,Kloto,Kloto 1,Agome-Kpalime,POINT (0.6338179227074153 6.916936714991814),TGRPRRRN5 ATAKPAME-KPALIME-AMOUSSOUKOPE
_mview_route_ralentisseurs.fid-7b1c8a4a_1943c5e84ca_6c94,Plateaux,Kloto,Kloto 1,Agome-Kpalime,POINT (0.6320590252247698 6.9077924100772705),TGRPRRRN5 ATAKPAME-KPALIME-AMOUSSOUKOPE
_mview_route_ralentisseurs.fid-7b1c8a4a_1943c5e84ca_6c95,Plateaux,Kloto,Kloto 1,Agome-Kpalime,POINT (0.632338451044554 6.906472571230964),TGRPRRRN5 ATAKPAME-KPALIME-AMOUSSOUKOPE
_mview_route_ralentisseurs.fid-7b1c8a4a_1943c5e84ca_6c96,Plateaux,Kloto,Kloto 1,Agome-Kpalime,POINT (0.6321574283109284 6.905873465937826),TGRPRRRN5 ATAKPAME-KPALIME-AMOUSSOUKOPE
_mview_route_ralentisseurs.fid-7b1c8a4a_1943c5e84ca_6c97,Plateaux,Kloto,Kloto 1,Agome-Kpalime,POINT (0.6322887738848708 6.9037637882023954),TGRPRRRN5 ATAKPAME-KPALIME-AMOUSSOUKOPE
_mview_route_ralentisseurs.fid-7b1c8a4a_1943c5e84ca_6c98,Plateaux,Kloto,Kloto 1,Agome-Kpalime,POINT (0.6323212793352566 6.903720926064824),TGRPRRRN5 ATAKPAME-KPALIME-AMOUSSOUKOPE
_mview_route_ralentisseurs.fid-7b1c8a4a_1943c5e84ca_6c99,Plateaux,Kloto,Kloto 1,Agome-Kpalime,POINT (0.6321244186885616 6.905783914923158),TGRPRRRN5 ATAKPAME-KPALIME-AMOUSSOUKOPE
_mview_route_ralentisseurs.fid-7b1c8a4a_1943c5e84ca_6c9a,Plateaux,Kloto,Kloto 1,Agome-Kpalime,POINT (0.6323233027022332 6.906429456346497),TGRPRRRN5 ATAKPAME-KPALIME-AMOUSSOUKOPE
_mview_route_ralentisseurs.fid-7b1c8a4a_1943c5e84ca_6c9b,Plateaux,Kloto,Kloto 1,Agome-Kpalime,POINT (0.6320709199417963 6.907754626855023),TGRPRRRN5 ATAKPAME-KPALIME-AMOUSSOUKOPE
_mview_route_ralentisseurs.fid-7b1c8a4a_1943c5e84ca_6c9c,Plateaux,Kloto,Kloto 1,Agome-Kpalime,POINT (0.6338161805890762 6.916922778045172),TGRPRRRN5 ATAKPAME-KPALIME-AMOUSSOUKOPE
_mview_route_ralentisseurs.fid-7b1c8a4a_1943c5e84ca_6c9d,Plateaux,Kloto,Kloto 1,Agome-Kpalime,POINT (0.634296292518368 6.9233195917955355),TGRPRRRN5 ATAKPAME-KPALIME-AMOUSSOUKOPE
_mview_route_ralentisseurs.fid-7b1c8a4a_1943c5e84ca_6c9e,Plateaux,Kloto,Kloto 1,Yokélé,POINT (0.6595009077519076 6.935195270852726),KPALIME-YOKELE
_mview_route_ralentisseurs.fid-7b1c8a4a_1943c5e84ca_6c9f,Plateaux,Kloto,Kloto 2,Lavié,POINT (0.6605563790875587 7.105871533755405),
_mview_route_ralentisseurs.fid-7b1c8a4a_1943c5e84ca_6ca0,Plateaux,Kloto,Kloto 2,Lavié,POINT (0.6604394645795341 7.100406444993566),
_mview_route_ralentisseurs.fid-7b1c8a4a_1943c5e84ca_6ca1,Plateaux,Kloto,Kloto 2,Lavié,POINT (0.6603155116442637 7.100118344572856),
_mview_route_ralentisseurs.fid-7b1c8a4a_1943c5e84ca_6ca2,Plateaux,Kloto,Kloto 2,Lavié,POINT (0.6600722955632354 7.099479545696482),
_mview_route_ralentisseurs.fid-7b1c8a4a_1943c5e84ca_6ca3,Plateaux,Kloto,Kloto 2,Lavié,POINT (0.6600787957057996 7.0988571839203845),
_mview_route_ralentisseurs.fid-7b1c8a4a_1943c5e84ca_6ca4,Plateaux,Kloto,Kloto 1,Yokélé,POINT (0.7029845610900339 6.944456701065122),
_mview_route_ralentisseurs.fid-7b1c8a4a_1943c5e84ca_6ca5,Plateaux,Kloto,Kloto 2,Kpimé,POINT (0.6537440930214756 6.968801319691856),KPIME-YOKELE
_mview_route_ralentisseurs.fid-7b1c8a4a_1943c5e84ca_6ca6,Plateaux,Kloto,Kloto 2,Kpimé,POINT (0.654209922365393 6.968495969056409),KPIME-YOKELE
_mview_route_ralentisseurs.fid-7b1c8a4a_1943c5e84ca_6ca7,Plateaux,Kloto,Kloto 2,Lavié,POINT (0.638125178262478 7.06312144975314),
_mview_route_ralentisseurs.fid-7b1c8a4a_1943c5e84ca_6ca8,Plateaux,Kloto,Kloto 2,Lavié,POINT (0.6384001260747334 7.062359955296143),
_mview_route_ralentisseurs.fid-7b1c8a4a_1943c5e84ca_6ca9,Plateaux,Kloto,Kloto 2,Kpimé,POINT (0.6404629700064782 7.090244510219746),
_mview_route_ralentisseurs.fid-7b1c8a4a_1943c5e84ca_6caa,Plateaux,Kloto,Kloto 2,Kpimé,POINT (0.6406416650586799 7.091541262104033),
_mview_route_ralentisseurs.fid-7b1c8a4a_1943c5e84ca_6cab,Plateaux,Kloto,Kloto 2,Kpimé,POINT (0.6391567389631851 7.0930367645434025),
_mview_route_ralentisseurs.fid-7b1c8a4a_1943c5e84ca_6cac,Plateaux,Kloto,Kloto 3,Kouma,POINT (0.5584490373657718 6.978008495310152),APEYEYEME-TOMEGBE
_mview_route_ralentisseurs.fid-7b1c8a4a_1943c5e84ca_6cad,Plateaux,Kloto,Kloto 3,Kouma,POINT (0.5579677906428586 6.977493488303687),APEYEYEME-TOMEGBE
_mview_route_ralentisseurs.fid-7b1c8a4a_1943c5e84ca_6cae,Plateaux,Kloto,Kloto 3,Kouma,POINT (0.5573436356642443 6.976791902428797),APEYEYEME-TOMEGBE
_mview_route_ralentisseurs.fid-7b1c8a4a_1943c5e84ca_6caf,Plateaux,Kloto,Kloto 3,Kouma,POINT (0.5567542630919391 6.975807043744446),APEYEYEME-TOMEGBE
_mview_route_ralentisseurs.fid-7b1c8a4a_1943c5e84ca_6cb0,Plateaux,Kloto,Kloto 3,Kouma,POINT (0.5562961810645366 6.975025653236246),APEYEYEME-TOMEGBE
_mview_route_ralentisseurs.fid-7b1c8a4a_1943c5e84ca_6cb1,Plateaux,Kloto,Kloto 2,Lavié,POINT (0.6994386511535216 7.015429315271731),
_mview_route_ralentisseurs.fid-7b1c8a4a_1943c5e84ca_6cb2,Plateaux,Kloto,Kloto 2,Lavié,POINT (0.6996026610934925 7.015781689783007),
_mview_route_ralentisseurs.fid-7b1c8a4a_1943c5e84ca_6cb3,Plateaux,Kloto,Kloto 2,Lavié,POINT (0.6998129764605489 7.0161917312071),
_mview_route_ralentisseurs.fid-7b1c8a4a_1943c5e84ca_6cb4,Plateaux,Kloto,Kloto 2,Kpimé,POINT (0.6194043320579347 7.028690658514297),
_mview_route_ralentisseurs.fid-7b1c8a4a_1943c5e84ca_6cb5,Plateaux,Kloto,Kloto 2,Kpimé,POINT (0.6190301029520809 7.02913071933006),
_mview_route_ralentisseurs.fid-7b1c8a4a_1943c5e84ca_6cb6,Plateaux,Kloto,Kloto 2,Kpimé,POINT (0.6187150959720155 7.029504939473394),
_mview_route_ralentisseurs.fid-7b1c8a4a_1943c5e84ca_6cb7,Plateaux,Kloto,Kloto 1,Tové,POINT (0.6478292127087495 6.875952043491145),
_mview_route_ralentisseurs.fid-7b1c8a4a_1943c5e84ca_6cb8,Plateaux,Kloto,Kloto 1,Tové,POINT (0.6480414754379904 6.876475134208105),
_mview_route_ralentisseurs.fid-7b1c8a4a_1943c5e84ca_6cb9,Plateaux,Kloto,Kloto 1,Tové,POINT (0.6526814998938566 6.8739944511314715),TOVE-KLONOU
_mview_route_ralentisseurs.fid-7b1c8a4a_1943c5e84ca_6cba,Plateaux,Kloto,Kloto 1,Tové,POINT (0.6528098969933622 6.8738129824997145),TOVE-KLONOU
_mview_route_ralentisseurs.fid-7b1c8a4a_1943c5e84ca_6cbb,Plateaux,Kloto,Kloto 1,Tové,POINT (0.6529082389224405 6.873710260683032),TOVE-KLONOU
_mview_route_ralentisseurs.fid-7b1c8a4a_1943c5e84ca_6cbc,Plateaux,Kloto,Kloto 1,Hanyigba,POINT (0.6075046062091907 6.907217730698554),KPALIME-HANYIGBA-TODZI
_mview_route_ralentisseurs.fid-7b1c8a4a_1943c5e84ca_6cbd,Plateaux,Kloto,Kloto 1,Hanyigba,POINT (0.6066354057398557 6.907475180061473),KPALIME-HANYIGBA-TODZI
_mview_route_ralentisseurs.fid-7b1c8a4a_1943c5e84ca_6cbe,Plateaux,Kloto,Kloto 1,Hanyigba,POINT (0.6087126176966366 6.9068435461870035),KPALIME-HANYIGBA-TODZI
_mview_route_ralentisseurs.fid-7b1c8a4a_1943c5e84ca_6cbf,Plateaux,Kloto,Kloto 1,Hanyigba,POINT (0.6071683640009795 6.907325309729511),KPALIME-HANYIGBA-TODZI
_mview_route_ralentisseurs.fid-7b1c8a4a_1943c5e84ca_6cc0,Plateaux,Kloto,Kloto 3,Agomé-Yoh,POINT (0.6022626122224989 6.941523969138125),
_mview_route_ralentisseurs.fid-7b1c8a4a_1943c5e84ca_6cc1,Plateaux,Kloto,Kloto 3,Agomé-Yoh,POINT (0.6021872150054185 6.941431804174545),
_mview_route_ralentisseurs.fid-7b1c8a4a_1943c5e84ca_6cc2,Plateaux,Kloto,Kloto 1,Agome-Kpalime,POINT (0.6304935788189848 6.89367995762194),
_mview_route_ralentisseurs.fid-7b1c8a4a_1943c5e84ca_6cc3,Plateaux,Kloto,Kloto 1,Agome-Kpalime,POINT (0.6226736840544821 6.909299321055678),
_mview_route_ralentisseurs.fid-7b1c8a4a_1943c5e84ca_6cc4,Plateaux,Kloto,Kloto 1,Agome-Kpalime,POINT (0.6317023620427408 6.916794467088639),
_mview_route_ralentisseurs.fid-7b1c8a4a_1943c5e84ca_6cc5,Plateaux,Kloto,Kloto 1,Agome-Kpalime,POINT (0.6315929933768378 6.916702069387185),
_mview_route_ralentisseurs.fid-7b1c8a4a_1943c5e84ca_6cc6,Plateaux,Kloto,Kloto 1,Agome-Kpalime,POINT (0.6314773327247735 6.916604355986831),
_mview_route_ralentisseurs.fid-7b1c8a4a_1943c5e84ca_6cc7,Kara,Kozah,Kozah 2,Yadè,POINT (1.1429960830979844 9.60908471394683),
_mview_route_ralentisseurs.fid-7b1c8a4a_1943c5e84ca_6cc8,Kara,Kozah,Kozah 2,Bohou,POINT (1.1823381934041308 9.617769085453773),
_mview_route_ralentisseurs.fid-7b1c8a4a_1943c5e84ca_6cc9,Kara,Kozah,Kozah 2,Bohou,POINT (1.1814276860550077 9.61954358411222),
_mview_route_ralentisseurs.fid-7b1c8a4a_1943c5e84ca_6cca,Kara,Kozah,Kozah 2,Bohou,POINT (1.1800180646029732 9.621257155842049),
_mview_route_ralentisseurs.fid-7b1c8a4a_1943c5e84ca_6ccb,Kara,Kozah,Kozah 2,Bohou,POINT (1.1795720782582957 9.621749176816852),
_mview_route_ralentisseurs.fid-7b1c8a4a_1943c5e84ca_6ccc,Kara,Kozah,Kozah 2,Bohou,POINT (1.18266999381314 9.610231655324087),
_mview_route_ralentisseurs.fid-7b1c8a4a_1943c5e84ca_6ccd,Kara,Kozah,Kozah 2,Bohou,POINT (1.1798554140822242 9.618722601129024),
_mview_route_ralentisseurs.fid-7b1c8a4a_1943c5e84ca_6cce,Kara,Kozah,Kozah 2,Bohou,POINT (1.1797537950871713 9.618698307143607),
_mview_route_ralentisseurs.fid-7b1c8a4a_1943c5e84ca_6ccf,Kara,Kozah,Kozah 2,Bohou,POINT (1.19461212537209 9.649208724761799),
_mview_route_ralentisseurs.fid-7b1c8a4a_1943c5e84ca_6cd0,Kara,Kozah,Kozah 2,Bohou,POINT (1.1946136767893625 9.649438091115304),
_mview_route_ralentisseurs.fid-7b1c8a4a_1943c5e84ca_6cd1,Kara,Kozah,Kozah 2,Bohou,POINT (1.1791608060317382 9.649225806031946),
_mview_route_ralentisseurs.fid-7b1c8a4a_1943c5e84ca_6cd2,Kara,Kozah,Kozah 2,Bohou,POINT (1.179634070995031 9.649323709358084),
_mview_route_ralentisseurs.fid-7b1c8a4a_1943c5e84ca_6cd3,Kara,Kozah,Kozah 2,Bohou,POINT (1.179833676372888 9.649242079998062),
_mview_route_ralentisseurs.fid-7b1c8a4a_1943c5e84ca_6cd4,Kara,Kozah,Kozah 2,Bohou,POINT (1.179788003046732 9.648895335365332),
_mview_route_ralentisseurs.fid-7b1c8a4a_1943c5e84ca_6cd5,Kara,Kozah,Kozah 2,Bohou,POINT (1.1795174434798665 9.64820133624034),
_mview_route_ralentisseurs.fid-7b1c8a4a_1943c5e84ca_6cd6,Kara,Kozah,Kozah 2,Bohou,POINT (1.1815096596172447 9.64574572693743),
_mview_route_ralentisseurs.fid-7b1c8a4a_1943c5e84ca_6cd7,Kara,Kozah,Kozah 2,Bohou,POINT (1.1822194240064894 9.645608991137147),
_mview_route_ralentisseurs.fid-7b1c8a4a_1943c5e84ca_6cd8,Kara,Kozah,Kozah 2,Bohou,POINT (1.1875277996329459 9.64563047295528),
_mview_route_ralentisseurs.fid-7b1c8a4a_1943c5e84ca_6cd9,Savanes,Tandjoaré,Tandjoaré 1,Bogou,POINT (0.1669173252976232 10.620817756008835),
_mview_route_ralentisseurs.fid-7b1c8a4a_1943c5e84ca_6cda,Kara,Kozah,Kozah 2,Bohou,POINT (1.1876953663402006 9.645629785167683),
_mview_route_ralentisseurs.fid-7b1c8a4a_1943c5e84ca_6cdb,Kara,Kozah,Kozah 2,Bohou,POINT (1.1883559380815711 9.645629463069197),
_mview_route_ralentisseurs.fid-7b1c8a4a_1943c5e84ca_6cdc,Kara,Kozah,Kozah 2,Bohou,POINT (1.1889129703556807 9.645139008178402),
_mview_route_ralentisseurs.fid-7b1c8a4a_1943c5e84ca_6cdd,Kara,Kozah,Kozah 2,Bohou,POINT (1.1897033462416344 9.645225417345069),
_mview_route_ralentisseurs.fid-7b1c8a4a_1943c5e84ca_6cde,Kara,Kozah,Kozah 2,Bohou,POINT (1.1898707689033539 9.645352723150351),
_mview_route_ralentisseurs.fid-7b1c8a4a_1943c5e84ca_6cdf,Kara,Kozah,Kozah 2,Bohou,POINT (1.1921822886381472 9.602769412054593),
_mview_route_ralentisseurs.fid-7b1c8a4a_1943c5e84ca_6ce0,Kara,Kozah,Kozah 2,Bohou,POINT (1.1975078673985002 9.609795797438712),
_mview_route_ralentisseurs.fid-7b1c8a4a_1943c5e84ca_6ce1,Kara,Kozah,Kozah 2,Bohou,POINT (1.2058241009446236 9.6355576048583),
_mview_route_ralentisseurs.fid-7b1c8a4a_1943c5e84ca_6ce2,Kara,Kozah,Kozah 2,Bohou,POINT (1.2057861047512939 9.635520337859484),
_mview_route_ralentisseurs.fid-7b1c8a4a_1943c5e84ca_6ce3,Kara,Kozah,Kozah 2,Bohou,POINT (1.1939512902228588 9.638231135341007),
_mview_route_ralentisseurs.fid-7b1c8a4a_1943c5e84ca_6ce4,Kara,Kozah,Kozah 1,Landa,POINT (1.2472974501589194 9.65856029168903),
_mview_route_ralentisseurs.fid-7b1c8a4a_1943c5e84ca_6ce5,Kara,Kozah,Kozah 1,Landa,POINT (1.2471976961552547 9.658205571624073),
_mview_route_ralentisseurs.fid-7b1c8a4a_1943c5e84ca_6ce6,Kara,Kozah,Kozah 1,Landa,POINT (1.24712222858242 9.657928571125677),
_mview_route_ralentisseurs.fid-7b1c8a4a_1943c5e84ca_6ce7,Kara,Kozah,Kozah 1,Landa,POINT (1.2542245922524256 9.66591475163186),
_mview_route_ralentisseurs.fid-7b1c8a4a_1943c5e84ca_6ce8,Kara,Kozah,Kozah 1,Landa,POINT (1.2546158464620467 9.665779707242242),
_mview_route_ralentisseurs.fid-7b1c8a4a_1943c5e84ca_6ce9,Kara,Kozah,Kozah 1,Landa,POINT (1.266340329865142 9.662611092181393),
_mview_route_ralentisseurs.fid-7b1c8a4a_1943c5e84ca_6cea,Kara,Kozah,Kozah 1,Lassa,POINT (1.2036213655286678 9.64570343911828),
_mview_route_ralentisseurs.fid-7b1c8a4a_1943c5e84ca_6ceb,Kara,Kozah,Kozah 1,Landa,POINT (1.2675771148048027 9.669176166241176),
_mview_route_ralentisseurs.fid-7b1c8a4a_1943c5e84ca_6cec,Kara,Kozah,Kozah 1,Landa,POINT (1.27172298166058 9.656639946430143),
_mview_route_ralentisseurs.fid-7b1c8a4a_1943c5e84ca_6ced,Kara,Kozah,Kozah 1,Landa,POINT (1.2715335605252553 9.657167927199962),
_mview_route_ralentisseurs.fid-7b1c8a4a_1943c5e84ca_6cee,Kara,Kozah,Kozah 1,Landa,POINT (1.271216925757711 9.657331974090955),
_mview_route_ralentisseurs.fid-7b1c8a4a_1943c5e84ca_6cef,Kara,Kozah,Kozah 1,Landa,POINT (1.2708522853660613 9.657364075676677),
_mview_route_ralentisseurs.fid-7b1c8a4a_1943c5e84ca_6cf0,Kara,Kozah,Kozah 2,Tchitchao,POINT (1.1135056987154341 9.631205340455363),
_mview_route_ralentisseurs.fid-7b1c8a4a_1943c5e84ca_6cf1,Kara,Kozah,Kozah 2,Sara-Kawa,POINT (1.020224937280223 9.631338301982783),
_mview_route_ralentisseurs.fid-7b1c8a4a_1943c5e84ca_6cf2,Kara,Kozah,Kozah 2,Tchitchao,POINT (1.140100036837425 9.614946412904471),
_mview_route_ralentisseurs.fid-7b1c8a4a_1943c5e84ca_6cf3,Kara,Kozah,Kozah 2,Tchitchao,POINT (1.1403827735090457 9.615553061787967),
_mview_route_ralentisseurs.fid-7b1c8a4a_1943c5e84ca_6cf4,Kara,Kozah,Kozah 2,Sara-Kawa,POINT (1.0039148004842784 9.632189200208213),
_mview_route_ralentisseurs.fid-7b1c8a4a_1943c5e84ca_6cf5,Kara,Kozah,Kozah 2,Sara-Kawa,POINT (1.003778343661034 9.632131645320372),
_mview_route_ralentisseurs.fid-7b1c8a4a_1943c5e84ca_6cf6,Kara,Kozah,Kozah 2,Tchitchao,POINT (1.1443506161526555 9.621304470927562),
_mview_route_ralentisseurs.fid-7b1c8a4a_1943c5e84ca_6cf7,Kara,Kozah,Kozah 2,Tchitchao,POINT (1.1448469053310306 9.62144315399942),
_mview_route_ralentisseurs.fid-7b1c8a4a_1943c5e84ca_6cf8,Kara,Kozah,Kozah 3,Kpinzindè,POINT (1.275519892012841 9.515429879426227),
_mview_route_ralentisseurs.fid-7b1c8a4a_1943c5e84ca_6cf9,Kara,Kozah,Kozah 3,Kpinzindè,POINT (1.2752380878571385 9.515359112963168),
_mview_route_ralentisseurs.fid-7b1c8a4a_1943c5e84ca_6cfa,Kara,Kozah,Kozah 3,Awandjélo,POINT (1.164425916960329 9.438658867095311),
_mview_route_ralentisseurs.fid-7b1c8a4a_1943c5e84ca_6cfb,Kara,Kozah,Kozah 3,Awandjélo,POINT (1.1557109212939707 9.434097216316177),
_mview_route_ralentisseurs.fid-7b1c8a4a_1943c5e84ca_6cfc,Kara,Kozah,Kozah 3,Awandjélo,POINT (1.1551268536411377 9.43390383547979),
_mview_route_ralentisseurs.fid-7b1c8a4a_1943c5e84ca_6cfd,Kara,Kozah,Kozah 3,Awandjélo,POINT (1.1547405996683147 9.433764710964267),
_mview_route_ralentisseurs.fid-7b1c8a4a_1943c5e84ca_6cfe,Kara,Kozah,Kozah 3,Awandjélo,POINT (1.1542495990014068 9.433500711952545),
_mview_route_ralentisseurs.fid-7b1c8a4a_1943c5e84ca_6cff,Kara,Kozah,Kozah 3,Awandjélo,POINT (1.1533920770462762 9.4329904336983),
_mview_route_ralentisseurs.fid-7b1c8a4a_1943c5e84ca_6d00,Kara,Kozah,Kozah 2,Sara-Kawa,POINT (1.0818202390453715 9.610970088100148),
_mview_route_ralentisseurs.fid-7b1c8a4a_1943c5e84ca_6d01,Kara,Kozah,Kozah 3,Awandjélo,POINT (1.1748270910252792 9.483820756110605),
_mview_route_ralentisseurs.fid-7b1c8a4a_1943c5e84ca_6d02,Kara,Kozah,Kozah 4,Atchangbadè,POINT (1.1312605700055907 9.47757672760268),
_mview_route_ralentisseurs.fid-7b1c8a4a_1943c5e84ca_6d03,Kara,Kozah,Kozah 2,Sara-Kawa,POINT (1.0507237521668458 9.607119805700101),
_mview_route_ralentisseurs.fid-7b1c8a4a_1943c5e84ca_6d04,Kara,Kozah,Kozah 1,Commune De Kara,POINT (1.1888232225440294 9.548821559886385),
_mview_route_ralentisseurs.fid-7b1c8a4a_1943c5e84ca_6d05,Kara,Kozah,Kozah 1,Commune De Kara,POINT (1.1889356833008515 9.548493506073774),
_mview_route_ralentisseurs.fid-7b1c8a4a_1943c5e84ca_6d06,Kara,Kozah,Kozah 2,Pya,POINT (1.155865012342967 9.65980988352415),
_mview_route_ralentisseurs.fid-7b1c8a4a_1943c5e84ca_6d07,Kara,Kozah,Kozah 1,Commune De Kara,POINT (1.1797316626848051 9.543035565459181),
_mview_route_ralentisseurs.fid-7b1c8a4a_1943c5e84ca_6d08,Kara,Kozah,Kozah 1,Commune De Kara,POINT (1.1815507728840644 9.543977964843343),
_mview_route_ralentisseurs.fid-7b1c8a4a_1943c5e84ca_6d09,Kara,Kozah,Kozah 1,Commune De Kara,POINT (1.1782432643804883 9.545510021699064),
_mview_route_ralentisseurs.fid-7b1c8a4a_1943c5e84ca_6d0a,Kara,Kozah,Kozah 1,Commune De Kara,POINT (1.1779457506142923 9.545681454265742),
_mview_route_ralentisseurs.fid-7b1c8a4a_1943c5e84ca_6d0b,Kara,Kozah,Kozah 1,Commune De Kara,POINT (1.17583780046068 9.546821449654045),
_mview_route_ralentisseurs.fid-7b1c8a4a_1943c5e84ca_6d0c,Kara,Kozah,Kozah 1,Commune De Kara,POINT (1.171229036990726 9.571655358149068),
_mview_route_ralentisseurs.fid-7b1c8a4a_1943c5e84ca_6d0d,Kara,Kozah,Kozah 1,Commune De Kara,POINT (1.208768708284951 9.549650829579004),TGRKVT KARA AFFAIRES SOCIAL-EPP TCHINTCHINDA-BORNE FONDEN-MARCHE TCHINTCHINDA
_mview_route_ralentisseurs.fid-7b1c8a4a_1943c5e84ca_6d0e,Kara,Kozah,Kozah 1,Commune De Kara,POINT (1.2088623691309965 9.549546510960642),TGRKVT KARA AFFAIRES SOCIAL-EPP TCHINTCHINDA-BORNE FONDEN-MARCHE TCHINTCHINDA
_mview_route_ralentisseurs.fid-7b1c8a4a_1943c5e84ca_6d0f,Kara,Kozah,Kozah 1,Commune De Kara,POINT (1.2089792593336912 9.549416319549254),TGRKVT KARA AFFAIRES SOCIAL-EPP TCHINTCHINDA-BORNE FONDEN-MARCHE TCHINTCHINDA
_mview_route_ralentisseurs.fid-7b1c8a4a_1943c5e84ca_6d10,Kara,Kozah,Kozah 1,Commune De Kara,POINT (1.2091225231146456 9.549256753233738),TGRKVT KARA AFFAIRES SOCIAL-EPP TCHINTCHINDA-BORNE FONDEN-MARCHE TCHINTCHINDA
_mview_route_ralentisseurs.fid-7b1c8a4a_1943c5e84ca_6d11,Kara,Kozah,Kozah 1,Commune De Kara,POINT (1.1818787663991246 9.543959573381354),
_mview_route_ralentisseurs.fid-7b1c8a4a_1943c5e84ca_6d12,Kara,Kozah,Kozah 1,Commune De Kara,POINT (1.183174554405689 9.544326119448868),
_mview_route_ralentisseurs.fid-7b1c8a4a_1943c5e84ca_6d13,Kara,Kozah,Kozah 1,Commune De Kara,POINT (1.1834787768611965 9.544644338742938),
_mview_route_ralentisseurs.fid-7b1c8a4a_1943c5e84ca_6d14,Kara,Kozah,Kozah 1,Commune De Kara,POINT (1.1848195156836965 9.545008118082473),
_mview_route_ralentisseurs.fid-7b1c8a4a_1943c5e84ca_6d15,Kara,Kozah,Kozah 1,Commune De Kara,POINT (1.1851364230425367 9.545107180838919),
_mview_route_ralentisseurs.fid-7b1c8a4a_1943c5e84ca_6d16,Kara,Kozah,Kozah 1,Commune De Kara,POINT (1.185839921246984 9.545294969998862),
_mview_route_ralentisseurs.fid-7b1c8a4a_1943c5e84ca_6d17,Kara,Kozah,Kozah 1,Commune De Kara,POINT (1.1861587042692512 9.545368080488242),
_mview_route_ralentisseurs.fid-7b1c8a4a_1943c5e84ca_6d18,Kara,Kozah,Kozah 1,Commune De Kara,POINT (1.1885962356103026 9.546086930716703),
_mview_route_ralentisseurs.fid-7b1c8a4a_1943c5e84ca_6d19,Kara,Kozah,Kozah 1,Commune De Kara,POINT (1.1888989285182163 9.54617099779866),
_mview_route_ralentisseurs.fid-7b1c8a4a_1943c5e84ca_6d1a,Kara,Kozah,Kozah 1,Commune De Kara,POINT (1.192143595955876 9.547989718959661),
_mview_route_ralentisseurs.fid-7b1c8a4a_1943c5e84ca_6d1b,Kara,Kozah,Kozah 1,Commune De Kara,POINT (1.1920614189520569 9.548323771801744),
_mview_route_ralentisseurs.fid-7b1c8a4a_1943c5e84ca_6d1c,Kara,Kozah,Kozah 1,Commune De Kara,POINT (1.1919564991656932 9.548712023985171),
_mview_route_ralentisseurs.fid-7b1c8a4a_1943c5e84ca_6d1d,Kara,Kozah,Kozah 1,Commune De Kara,POINT (1.191859498017365 9.549029536948073),
_mview_route_ralentisseurs.fid-7b1c8a4a_1943c5e84ca_6d1e,Kara,Kozah,Kozah 1,Commune De Kara,POINT (1.1906350000029977 9.555198341049678),
_mview_route_ralentisseurs.fid-7b1c8a4a_1943c5e84ca_6d1f,Kara,Kozah,Kozah 1,Commune De Kara,POINT (1.190679463115858 9.556162734697864),
_mview_route_ralentisseurs.fid-7b1c8a4a_1943c5e84ca_6d20,Kara,Kozah,Kozah 1,Commune De Kara,POINT (1.1964581200586055 9.54907438016231),TGRKVTKARA STADE MUNICIPAL-HOTEL DOUCEUR-CORIS BANQUE
_mview_route_ralentisseurs.fid-7b1c8a4a_1943c5e84ca_6d21,Kara,Kozah,Kozah 1,Commune De Kara,POINT (1.1963078074133595 9.549448873483042),TGRKVTKARA STADE MUNICIPAL-HOTEL DOUCEUR-CORIS BANQUE
_mview_route_ralentisseurs.fid-7b1c8a4a_1943c5e84ca_6d22,Kara,Kozah,Kozah 1,Commune De Kara,POINT (1.1970135107876954 9.539505519176195),
_mview_route_ralentisseurs.fid-7b1c8a4a_1943c5e84ca_6d23,Kara,Kozah,Kozah 1,Commune De Kara,POINT (1.1974472672269958 9.539668436114601),
_mview_route_ralentisseurs.fid-7b1c8a4a_1943c5e84ca_6d24,Kara,Kozah,Kozah 1,Commune De Kara,POINT (1.1976330630931262 9.53975037746898),
_mview_route_ralentisseurs.fid-7b1c8a4a_1943c5e84ca_6d25,Kara,Kozah,Kozah 1,Commune De Kara,POINT (1.1980025392287823 9.53992389140015),
_mview_route_ralentisseurs.fid-7b1c8a4a_1943c5e84ca_6d26,Kara,Kozah,Kozah 1,Commune De Kara,POINT (1.1984367934583824 9.540033420013973),
_mview_route_ralentisseurs.fid-7b1c8a4a_1943c5e84ca_6d27,Kara,Kozah,Kozah 1,Commune De Kara,POINT (1.2035426004915522 9.535478230182978),
_mview_route_ralentisseurs.fid-7b1c8a4a_1943c5e84ca_6d28,Kara,Kozah,Kozah 1,Commune De Kara,POINT (1.203592882211146 9.53536001461173),
_mview_route_ralentisseurs.fid-7b1c8a4a_1943c5e84ca_6d29,Kara,Kozah,Kozah 1,Commune De Kara,POINT (1.20366138648941 9.535199162760215),
_mview_route_ralentisseurs.fid-7b1c8a4a_1943c5e84ca_6d2a,Kara,Kozah,Kozah 1,Commune De Kara,POINT (1.2030391295282594 9.537002084739182),
_mview_route_ralentisseurs.fid-7b1c8a4a_1943c5e84ca_6d2b,Kara,Kozah,Kozah 1,Commune De Kara,POINT (1.1923947390495995 9.563103302185484),
_mview_route_ralentisseurs.fid-7b1c8a4a_1943c5e84ca_6d2c,Kara,Kozah,Kozah 1,Commune De Kara,POINT (1.192545957082292 9.563585843152259),
_mview_route_ralentisseurs.fid-7b1c8a4a_1943c5e84ca_6d2d,Kara,Kozah,Kozah 1,Commune De Kara,POINT (1.1928019373792849 9.56463961965631),
_mview_route_ralentisseurs.fid-7b1c8a4a_1943c5e84ca_6d2e,Kara,Kozah,Kozah 1,Commune De Kara,POINT (1.1924572236149744 9.560337071474642),
_mview_route_ralentisseurs.fid-7b1c8a4a_1943c5e84ca_6d2f,Kara,Kozah,Kozah 1,Commune De Kara,POINT (1.1925827152409907 9.560079620193228),
_mview_route_ralentisseurs.fid-7b1c8a4a_1943c5e84ca_6d30,Kara,Kozah,Kozah 1,Commune De Kara,POINT (1.161693923747137 9.545299319753038),
_mview_route_ralentisseurs.fid-7b1c8a4a_1943c5e84ca_6d31,Kara,Kozah,Kozah 1,Commune De Kara,POINT (1.205011161163325 9.55632722724696),
_mview_route_ralentisseurs.fid-7b1c8a4a_1943c5e84ca_6d32,Savanes,Tandjoaré,Tandjoaré 1,Boulogou,POINT (0.2974917520686723 10.61725502839401),
_mview_route_ralentisseurs.fid-7b1c8a4a_1943c5e84ca_6d33,Kara,Kozah,Kozah 1,Commune De Kara,POINT (1.1998879174552537 9.562641484496437),
_mview_route_ralentisseurs.fid-7b1c8a4a_1943c5e84ca_6d34,Kara,Kozah,Kozah 1,Commune De Kara,POINT (1.1998943133685878 9.562508683460157),
_mview_route_ralentisseurs.fid-7b1c8a4a_1943c5e84ca_6d35,Kara,Kozah,Kozah 1,Commune De Kara,POINT (1.1998993808537555 9.562403464920113),
_mview_route_ralentisseurs.fid-7b1c8a4a_1943c5e84ca_6d36,Kara,Kozah,Kozah 1,Commune De Kara,POINT (1.2042056298213977 9.573608844943948),
_mview_route_ralentisseurs.fid-7b1c8a4a_1943c5e84ca_6d37,Plateaux,Kpélé,Kpélé 2,Kpélé-Nord,POINT (0.8510923567026364 7.295781255208072),
_mview_route_ralentisseurs.fid-7b1c8a4a_1943c5e84ca_6d38,Plateaux,Kpélé,Kpélé 2,Kpélé-Nord,POINT (0.849414616438026 7.295651410144148),
_mview_route_ralentisseurs.fid-7b1c8a4a_1943c5e84ca_6d39,Plateaux,Kpélé,Kpélé 2,Kpélé-Dutoé,POINT (0.7988915048839244 7.2686287793402995),TGRPRRRN5 ATAKPAME-KPALIME-AMOUSSOUKOPE
_mview_route_ralentisseurs.fid-7b1c8a4a_1943c5e84ca_6d3a,Plateaux,Kpélé,Kpélé 2,Kpélé-Dutoé,POINT (0.7972537725408269 7.262480582462617),TGRPRRRN5 ATAKPAME-KPALIME-AMOUSSOUKOPE
_mview_route_ralentisseurs.fid-7b1c8a4a_1943c5e84ca_6d3b,Plateaux,Kpélé,Kpélé 2,Kpélé-Kamé,POINT (0.7952518721834855 7.251128156486154),TGRPRRRN5 ATAKPAME-KPALIME-AMOUSSOUKOPE
_mview_route_ralentisseurs.fid-7b1c8a4a_1943c5e84ca_6d3c,Plateaux,Kpélé,Kpélé 2,Kpélé-Dutoé,POINT (0.7962697174086147 7.253185174088761),TGRPRRRN5 ATAKPAME-KPALIME-AMOUSSOUKOPE
_mview_route_ralentisseurs.fid-7b1c8a4a_1943c5e84ca_6d3d,Plateaux,Kpélé,Kpélé 2,Kpélé-Kamé,POINT (0.7898839365307526 7.231036734964189),TGRPRRRN5 ATAKPAME-KPALIME-AMOUSSOUKOPE
_mview_route_ralentisseurs.fid-7b1c8a4a_1943c5e84ca_6d3e,Plateaux,Kpélé,Kpélé 2,Kpélé-Kamé,POINT (0.7898761006048058 7.22235589238529),TGRPRRRN5 ATAKPAME-KPALIME-AMOUSSOUKOPE
_mview_route_ralentisseurs.fid-7b1c8a4a_1943c5e84ca_6d3f,Plateaux,Kpélé,Kpélé 2,Kpélé-Kamé,POINT (0.7910302416892295 7.237882142615871),TGRPRRRN5 ATAKPAME-KPALIME-AMOUSSOUKOPE
_mview_route_ralentisseurs.fid-7b1c8a4a_1943c5e84ca_6d40,Plateaux,Kpélé,Kpélé 2,Kpélé-Nord,POINT (0.7995152470487569 7.274540064236743),TGRPRRRN5 ATAKPAME-KPALIME-AMOUSSOUKOPE
_mview_route_ralentisseurs.fid-7b1c8a4a_1943c5e84ca_6d41,Plateaux,Kpélé,Kpélé 2,Kpélé-Nord,POINT (0.8044065440547282 7.282766309260454),TGRPRRRN5 ATAKPAME-KPALIME-AMOUSSOUKOPE
_mview_route_ralentisseurs.fid-7b1c8a4a_1943c5e84ca_6d42,Plateaux,Kpélé,Kpélé 2,Kpélé-Gbalédzé,POINT (0.7491496225698059 7.180526073433704),TGRPRRRN5 ATAKPAME-KPALIME-AMOUSSOUKOPE
_mview_route_ralentisseurs.fid-7b1c8a4a_1943c5e84ca_6d43,Plateaux,Kpélé,Kpélé 2,Kpélé-Centre,POINT (0.7462735746284332 7.170637158601759),TGRPRRRN5 ATAKPAME-KPALIME-AMOUSSOUKOPE
_mview_route_ralentisseurs.fid-7b1c8a4a_1943c5e84ca_6d44,Plateaux,Kpélé,Kpélé 2,Kpélé-Centre,POINT (0.7482688421738135 7.17544922453587),TGRPRRRN5 ATAKPAME-KPALIME-AMOUSSOUKOPE
_mview_route_ralentisseurs.fid-7b1c8a4a_1943c5e84ca_6d45,Plateaux,Kpélé,Kpélé 2,Kpélé-Centre,POINT (0.7465159225727938 7.170983472163542),TGRPRRRN5 ATAKPAME-KPALIME-AMOUSSOUKOPE
_mview_route_ralentisseurs.fid-7b1c8a4a_1943c5e84ca_6d46,Plateaux,Kpélé,Kpélé 1,Kpélé-Novivé,POINT (0.7232395200848111 7.0939874673112895),TGRPRRRN5 ATAKPAME-KPALIME-AMOUSSOUKOPE
_mview_route_ralentisseurs.fid-7b1c8a4a_1943c5e84ca_6d47,Plateaux,Kpélé,Kpélé 2,Kpélé-Centre,POINT (0.745089188944915 7.168941509192545),TGRPRRRN5 ATAKPAME-KPALIME-AMOUSSOUKOPE
_mview_route_ralentisseurs.fid-7b1c8a4a_1943c5e84ca_6d48,Plateaux,Kpélé,Kpélé 2,Kpélé-Centre,POINT (0.744785199580481 7.168526527917961),TGRPRRRN5 ATAKPAME-KPALIME-AMOUSSOUKOPE
_mview_route_ralentisseurs.fid-7b1c8a4a_1943c5e84ca_6d49,Plateaux,Kpélé,Kpélé 1,Kpélé-Dawlotou,POINT (0.8264503692423729 6.999149091066192),
_mview_route_ralentisseurs.fid-7b1c8a4a_1943c5e84ca_6d4a,Plateaux,Haho,Haho 1,Hahomégbé,POINT (0.9912368993856966 6.940053291097009),
_mview_route_ralentisseurs.fid-7b1c8a4a_1943c5e84ca_6d4b,Plateaux,Haho,Haho 1,Hahomégbé,POINT (0.9857976994129541 6.959677006718113),
_mview_route_ralentisseurs.fid-7b1c8a4a_1943c5e84ca_6d4c,Savanes,Kpendjal,Kpendjal 1,Mandouri,POINT (0.8149317440007724 10.849101838571702),TGRSRRRN24 RN1 DAPAONG BORGOU-MANDOURI-FRE BENIN_1
_mview_route_ralentisseurs.fid-7b1c8a4a_1943c5e84ca_6d4d,Savanes,Kpendjal,Kpendjal 1,Mandouri,POINT (0.8154575781179934 10.848954169186076),TGRSRRRN24 RN1 DAPAONG BORGOU-MANDOURI-FRE BENIN_1
_mview_route_ralentisseurs.fid-7b1c8a4a_1943c5e84ca_6d4e,Savanes,Kpendjal,Kpendjal 1,Mandouri,POINT (0.816685507754639 10.84858175808877),TGRSRRRN24 RN1 DAPAONG BORGOU-MANDOURI-FRE BENIN_1
_mview_route_ralentisseurs.fid-7b1c8a4a_1943c5e84ca_6d4f,Savanes,Kpendjal,Kpendjal 2,Borgou,POINT (0.5590434475227853 10.747820931322892),TGRSRRRN24 RN1 DAPAONG BORGOU-MANDOURI-FRE BENIN_1
_mview_route_ralentisseurs.fid-7b1c8a4a_1943c5e84ca_6d50,Savanes,Kpendjal,Kpendjal 2,Borgou,POINT (0.5603855350876957 10.748850649980783),TGRSRRRN24 RN1 DAPAONG BORGOU-MANDOURI-FRE BENIN_1
_mview_route_ralentisseurs.fid-7b1c8a4a_1943c5e84ca_6d51,Savanes,Kpendjal-Ouest,Kpendjal-Ouest 1,Naki-Est,POINT (0.4025142913211338 10.699837874069368),
_mview_route_ralentisseurs.fid-7b1c8a4a_1943c5e84ca_6d52,Savanes,Kpendjal-Ouest,Kpendjal-Ouest 1,Naki-Est,POINT (0.4026663170497918 10.699330119849929),
_mview_route_ralentisseurs.fid-7b1c8a4a_1943c5e84ca_6d53,Savanes,Kpendjal-Ouest,Kpendjal-Ouest 1,Naki-Est,POINT (0.4028551814756285 10.69872052734336),
_mview_route_ralentisseurs.fid-7b1c8a4a_1943c5e84ca_6d54,Savanes,Kpendjal-Ouest,Kpendjal-Ouest 2,Tambonga,POINT (0.4366886548912732 10.953349112788052),TGRSRRRN28 DAPAONG-PONIO-FRE BURKINA
_mview_route_ralentisseurs.fid-7b1c8a4a_1943c5e84ca_6d55,Savanes,Kpendjal-Ouest,Kpendjal-Ouest 2,Tambonga,POINT (0.4340181526553884 10.951379700091179),TGRSRRRN28 DAPAONG-PONIO-FRE BURKINA
_mview_route_ralentisseurs.fid-7b1c8a4a_1943c5e84ca_6d56,Savanes,Kpendjal-Ouest,Kpendjal-Ouest 2,Papri,POINT (0.438357106408769 10.954046961966604),TGRSRRRN28 DAPAONG-PONIO-FRE BURKINA
_mview_route_ralentisseurs.fid-7b1c8a4a_1943c5e84ca_6d57,Savanes,Kpendjal-Ouest,Kpendjal-Ouest 1,Ogaro,POINT (0.4618960505929933 10.73590532532552),
_mview_route_ralentisseurs.fid-7b1c8a4a_1943c5e84ca_6d58,Savanes,Kpendjal-Ouest,Kpendjal-Ouest 1,Ogaro,POINT (0.4593825707815737 10.736311103202794),
_mview_route_ralentisseurs.fid-7b1c8a4a_1943c5e84ca_6d59,Savanes,Kpendjal-Ouest,Kpendjal-Ouest 1,Ogaro,POINT (0.4532894394429267 10.73218902605986),
_mview_route_ralentisseurs.fid-7b1c8a4a_1943c5e84ca_6d5a,Savanes,Kpendjal-Ouest,Kpendjal-Ouest 2,Pogno,POINT (0.4855820607402329 10.970055301531188),TGRSRRRN28 DAPAONG-PONIO-FRE BURKINA
_mview_route_ralentisseurs.fid-7b1c8a4a_1943c5e84ca_6d5b,Savanes,Kpendjal-Ouest,Kpendjal-Ouest 2,Pogno,POINT (0.4875216086525134 10.970358800072873),TGRSRRRN28 DAPAONG-PONIO-FRE BURKINA
_mview_route_ralentisseurs.fid-7b1c8a4a_1943c5e84ca_6d5c,Savanes,Kpendjal-Ouest,Kpendjal-Ouest 2,Pogno,POINT (0.4843197292096609 10.96994718033068),TGRSRRRN28 DAPAONG-PONIO-FRE BURKINA
_mview_route_ralentisseurs.fid-7b1c8a4a_1943c5e84ca_6d5d,Savanes,Kpendjal-Ouest,Kpendjal-Ouest 2,Pogno,POINT (0.486217875759329 10.970142051637392),TGRSRRRN28 DAPAONG-PONIO-FRE BURKINA
_mview_route_ralentisseurs.fid-7b1c8a4a_1943c5e84ca_6d5e,Maritime,Lacs,Lacs 3,Gbodjomé,POINT (1.4005138256439362 6.210330545422602),
_mview_route_ralentisseurs.fid-7b1c8a4a_1943c5e84ca_6d5f,Maritime,Lacs,Lacs 2,Aklakou,POINT (1.7016703057367863 6.332951329742459),
_mview_route_ralentisseurs.fid-7b1c8a4a_1943c5e84ca_6d60,Maritime,Lacs,Lacs 2,Aklakou,POINT (1.7028653458961327 6.3314207597971395),
_mview_route_ralentisseurs.fid-7b1c8a4a_1943c5e84ca_6d61,Maritime,Lacs,Lacs 2,Aklakou,POINT (1.7098429049922659 6.341023631244387),
_mview_route_ralentisseurs.fid-7b1c8a4a_1943c5e84ca_6d62,Maritime,Lacs,Lacs 3,Gbodjomé,POINT (1.3891745639404454 6.197973138398977),
_mview_route_ralentisseurs.fid-7b1c8a4a_1943c5e84ca_6d63,Maritime,Lacs,Lacs 3,Gbodjomé,POINT (1.3882559647310926 6.194585827431818),
_mview_route_ralentisseurs.fid-7b1c8a4a_1943c5e84ca_6d64,Maritime,Lacs,Lacs 3,Gbodjomé,POINT (1.3882322338549606 6.194416588810756),
_mview_route_ralentisseurs.fid-7b1c8a4a_1943c5e84ca_6d65,Maritime,Lacs,Lacs 2,Aklakou,POINT (1.7076245195809543 6.3381285761320445),
_mview_route_ralentisseurs.fid-7b1c8a4a_1943c5e84ca_6d66,Maritime,Lacs,Lacs 1,Canton D’Aneho,POINT (1.6268663665289829 6.239825810792984),
_mview_route_ralentisseurs.fid-7b1c8a4a_1943c5e84ca_6d67,Maritime,Lacs,Lacs 1,Canton D’Aneho,POINT (1.6279518839307539 6.238667818439229),
_mview_route_ralentisseurs.fid-7b1c8a4a_1943c5e84ca_6d68,Maritime,Lacs,Lacs 1,Canton D’Aneho,POINT (1.628026745732693 6.23914365519626),
_mview_route_ralentisseurs.fid-7b1c8a4a_1943c5e84ca_6d69,Maritime,Lacs,Lacs 1,Canton D’Aneho,POINT (1.6274785667603509 6.239444936532492),
_mview_route_ralentisseurs.fid-7b1c8a4a_1943c5e84ca_6d6a,Maritime,Lacs,Lacs 1,Canton D’Aneho,POINT (1.6239961936490768 6.2371996953826265),
_mview_route_ralentisseurs.fid-7b1c8a4a_1943c5e84ca_6d6b,Maritime,Lacs,Lacs 3,Gbodjomé,POINT (1.3902765543005164 6.196303529233064),
_mview_route_ralentisseurs.fid-7b1c8a4a_1943c5e84ca_6d6c,Maritime,Lacs,Lacs 2,Aklakou,POINT (1.7122369442942313 6.334960007534719),
_mview_route_ralentisseurs.fid-7b1c8a4a_1943c5e84ca_6d6d,Maritime,Lacs,Lacs 2,Aklakou,POINT (1.714380514388459 6.33675952074002),
_mview_route_ralentisseurs.fid-7b1c8a4a_1943c5e84ca_6d6e,Maritime,Lacs,Lacs 2,Aklakou,POINT (1.7176843462818872 6.3312444254963625),
_mview_route_ralentisseurs.fid-7b1c8a4a_1943c5e84ca_6d6f,Maritime,Lacs,Lacs 2,Aklakou,POINT (1.7174954610101598 6.331059697610042),
_mview_route_ralentisseurs.fid-7b1c8a4a_1943c5e84ca_6d70,Maritime,Lacs,Lacs 4,Anfoin,POINT (1.6068673647876641 6.329007082302463),TGRMRRRN34 LOME-VOGAN-ANFOIN
_mview_route_ralentisseurs.fid-7b1c8a4a_1943c5e84ca_6d71,Maritime,Lacs,Lacs 4,Anfoin,POINT (1.6047943530988382 6.329979430648275),TGRMRRRN34 LOME-VOGAN-ANFOIN
_mview_route_ralentisseurs.fid-7b1c8a4a_1943c5e84ca_6d72,Maritime,Lacs,Lacs 4,Anfoin,POINT (1.607733564587346 6.330588747476975),TGRMRRRN4 TSEVIE-TABLIGBO-ANEHO
_mview_route_ralentisseurs.fid-7b1c8a4a_1943c5e84ca_6d73,Maritime,Lacs,Lacs 1,Canton D’Aneho,POINT (1.6070442575699364 6.238060922677342),
_mview_route_ralentisseurs.fid-7b1c8a4a_1943c5e84ca_6d74,Maritime,Lacs,Lacs 1,Canton D’Aneho,POINT (1.6075612871059544 6.238358257558437),
_mview_route_ralentisseurs.fid-7b1c8a4a_1943c5e84ca_6d75,Maritime,Lacs,Lacs 1,Glidji,POINT (1.6007301170886612 6.24926132999995),TGRMVTA RN4(ICAT)-CRF GLIDJI-LYCEE TECNIQUE
_mview_route_ralentisseurs.fid-7b1c8a4a_1943c5e84ca_6d76,Maritime,Lacs,Lacs 1,Glidji,POINT (1.592825858674995 6.252714350581873),TGRMVTA RN4(ICAT)-CRF GLIDJI-LYCEE TECNIQUE
_mview_route_ralentisseurs.fid-7b1c8a4a_1943c5e84ca_6d77,Maritime,Lacs,Lacs 1,Glidji,POINT (1.5863649596357472 6.257849990939095),TGRMVTA RN4(ICAT)-CRF GLIDJI-LYCEE TECNIQUE
_mview_route_ralentisseurs.fid-7b1c8a4a_1943c5e84ca_6d78,Maritime,Lacs,Lacs 1,Glidji,POINT (1.5845034902338067 6.258579027707484),TGRMVTA RN4(ICAT)-CRF GLIDJI-LYCEE TECNIQUE
_mview_route_ralentisseurs.fid-7b1c8a4a_1943c5e84ca_6d79,Maritime,Lacs,Lacs 1,Glidji,POINT (1.583813293134025 6.258094702322268),TGRMVTA RN4(ICAT)-CRF GLIDJI-LYCEE TECNIQUE
_mview_route_ralentisseurs.fid-7b1c8a4a_1943c5e84ca_6d7a,Maritime,Lacs,Lacs 1,Glidji,POINT (1.5835559112029456 6.25785515653279),TGRMVTA RN4(ICAT)-CRF GLIDJI-LYCEE TECNIQUE
_mview_route_ralentisseurs.fid-7b1c8a4a_1943c5e84ca_6d7b,Maritime,Lacs,Lacs 1,Glidji,POINT (1.5807129625159346 6.264498677575122),
_mview_route_ralentisseurs.fid-7b1c8a4a_1943c5e84ca_6d7c,Maritime,Lacs,Lacs 1,Glidji,POINT (1.5739554457594875 6.27631556339773),
_mview_route_ralentisseurs.fid-7b1c8a4a_1943c5e84ca_6d7d,Maritime,Lacs,Lacs 1,Glidji,POINT (1.573508822507827 6.2786325506147955),
_mview_route_ralentisseurs.fid-7b1c8a4a_1943c5e84ca_6d7e,Maritime,Lacs,Lacs 1,Glidji,POINT (1.572975852326594 6.2812988206331175),
_mview_route_ralentisseurs.fid-7b1c8a4a_1943c5e84ca_6d7f,Maritime,Lacs,Lacs 1,Glidji,POINT (1.5727529313305524 6.28328488102381),
_mview_route_ralentisseurs.fid-7b1c8a4a_1943c5e84ca_6d80,Maritime,Lacs,Lacs 1,Glidji,POINT (1.5727772950481262 6.284630245525559),
_mview_route_ralentisseurs.fid-7b1c8a4a_1943c5e84ca_6d81,Maritime,Lacs,Lacs 1,Glidji,POINT (1.5729890761976952 6.286496987536227),
_mview_route_ralentisseurs.fid-7b1c8a4a_1943c5e84ca_6d82,Maritime,Lacs,Lacs 1,Glidji,POINT (1.5737176436415716 6.287494798206465),
_mview_route_ralentisseurs.fid-7b1c8a4a_1943c5e84ca_6d83,Maritime,Lacs,Lacs 1,Glidji,POINT (1.6002404011624864 6.279990334716801),
_mview_route_ralentisseurs.fid-7b1c8a4a_1943c5e84ca_6d84,Maritime,Lacs,Lacs 1,Glidji,POINT (1.6006421642338697 6.27981298265352),
_mview_route_ralentisseurs.fid-7b1c8a4a_1943c5e84ca_6d85,Maritime,Lacs,Lacs 1,Glidji,POINT (1.591909958474997 6.27474311878749),
_mview_route_ralentisseurs.fid-7b1c8a4a_1943c5e84ca_6d86,Maritime,Lacs,Lacs 1,Glidji,POINT (1.591840518816728 6.274152780154004),
_mview_route_ralentisseurs.fid-7b1c8a4a_1943c5e84ca_6d87,Maritime,Lacs,Lacs 4,Ganavé,POINT (1.6205593859465086 6.324631851341558),
_mview_route_ralentisseurs.fid-7b1c8a4a_1943c5e84ca_6d88,Maritime,Lacs,Lacs 4,Ganavé,POINT (1.6202146854117387 6.324965603448067),
_mview_route_ralentisseurs.fid-7b1c8a4a_1943c5e84ca_6d89,Maritime,Lacs,Lacs 4,Ganavé,POINT (1.6058508837466723 6.308985885125822),
_mview_route_ralentisseurs.fid-7b1c8a4a_1943c5e84ca_6d8a,Maritime,Lacs,Lacs 4,Ganavé,POINT (1.6060502047435723 6.309141197181252),
_mview_route_ralentisseurs.fid-7b1c8a4a_1943c5e84ca_6d8b,Maritime,Lacs,Lacs 4,Ganavé,POINT (1.6055580033276058 6.307335038337816),
_mview_route_ralentisseurs.fid-7b1c8a4a_1943c5e84ca_6d8c,Maritime,Lacs,Lacs 4,Anfoin,POINT (1.606160259742205 6.319991919952065),
_mview_route_ralentisseurs.fid-7b1c8a4a_1943c5e84ca_6d8d,Maritime,Lacs,Lacs 1,Aného,POINT (1.5928212342012618 6.23152282120813),TGRMVTA RN3 (MARCHE)-STADE
_mview_route_ralentisseurs.fid-7b1c8a4a_1943c5e84ca_6d8e,Maritime,Lacs,Lacs 2,Agouégan,POINT (1.7114617839470294 6.290297259965034),
_mview_route_ralentisseurs.fid-7b1c8a4a_1943c5e84ca_6d8f,Maritime,Lacs,Lacs 4,Anfoin,POINT (1.61267781139062 6.33521298291647),
_mview_route_ralentisseurs.fid-7b1c8a4a_1943c5e84ca_6d90,Maritime,Lacs,Lacs 4,Anfoin,POINT (1.6131804834767323 6.335797041366722),
_mview_route_ralentisseurs.fid-7b1c8a4a_1943c5e84ca_6d91,Maritime,Lacs,Lacs 4,Anfoin,POINT (1.6171197585348884 6.340314695194553),
_mview_route_ralentisseurs.fid-7b1c8a4a_1943c5e84ca_6d92,Maritime,Lacs,Lacs 4,Anfoin,POINT (1.617313559363858 6.340539514399992),
_mview_route_ralentisseurs.fid-7b1c8a4a_1943c5e84ca_6d93,Maritime,Lacs,Lacs 4,Anfoin,POINT (1.617574686825595 6.34084237680989),
_mview_route_ralentisseurs.fid-7b1c8a4a_1943c5e84ca_6d94,Maritime,Lacs,Lacs 4,Anfoin,POINT (1.6212162916698656 6.352063555831321),
_mview_route_ralentisseurs.fid-7b1c8a4a_1943c5e84ca_6d95,Maritime,Lacs,Lacs 4,Anfoin,POINT (1.6112722058788223 6.352991009007002),
_mview_route_ralentisseurs.fid-7b1c8a4a_1943c5e84ca_6d96,Maritime,Lacs,Lacs 4,Anfoin,POINT (1.618393378740266 6.360613000733963),
_mview_route_ralentisseurs.fid-7b1c8a4a_1943c5e84ca_6d97,Maritime,Lacs,Lacs 2,Agouégan,POINT (1.7165658653242586 6.290014431199127),
_mview_route_ralentisseurs.fid-7b1c8a4a_1943c5e84ca_6d98,Maritime,Lacs,Lacs 1,Glidji,POINT (1.570978018498434 6.275402565245426),
_mview_route_ralentisseurs.fid-7b1c8a4a_1943c5e84ca_6d99,Maritime,Lacs,Lacs 4,Anfoin,POINT (1.6186833344270848 6.35820500075893),
_mview_route_ralentisseurs.fid-7b1c8a4a_1943c5e84ca_6d9a,Maritime,Lacs,Lacs 4,Ganavé,POINT (1.6282578877222795 6.329948565412934),
_mview_route_ralentisseurs.fid-7b1c8a4a_1943c5e84ca_6d9b,Maritime,Lacs,Lacs 4,Ganavé,POINT (1.6228233292104106 6.33062000412993),
_mview_route_ralentisseurs.fid-7b1c8a4a_1943c5e84ca_6d9c,Maritime,Lacs,Lacs 4,Ganavé,POINT (1.6229091812678802 6.330532086218121),
_mview_route_ralentisseurs.fid-7b1c8a4a_1943c5e84ca_6d9d,Maritime,Lacs,Lacs 4,Ganavé,POINT (1.6229989198274481 6.330428773535089),
_mview_route_ralentisseurs.fid-7b1c8a4a_1943c5e84ca_6d9e,Maritime,Lacs,Lacs 4,Ganavé,POINT (1.640237605976904 6.334395338587848),
_mview_route_ralentisseurs.fid-7b1c8a4a_1943c5e84ca_6d9f,Maritime,Lacs,Lacs 4,Ganavé,POINT (1.6382608790700117 6.331929473450134),
_mview_route_ralentisseurs.fid-7b1c8a4a_1943c5e84ca_6da0,Maritime,Lacs,Lacs 3,Gbodjomé,POINT (1.3858605116466605 6.1983953039516875),
_mview_route_ralentisseurs.fid-7b1c8a4a_1943c5e84ca_6da1,Maritime,Lacs,Lacs 2,Aklakou,POINT (1.7179882063022707 6.351918399901755),TGRMRTRN36 AKLAKOU-AVEVE-AFAGNAN
_mview_route_ralentisseurs.fid-7b1c8a4a_1943c5e84ca_6da2,Maritime,Lacs,Lacs 2,Aklakou,POINT (1.7127204517243826 6.343301129311242),TGRMRTRN36 AKLAKOU-AVEVE-AFAGNAN
_mview_route_ralentisseurs.fid-7b1c8a4a_1943c5e84ca_6da3,Maritime,Lacs,Lacs 2,Aklakou,POINT (1.7127491241885937 6.343372700995173),TGRMRTRN36 AKLAKOU-AVEVE-AFAGNAN
_mview_route_ralentisseurs.fid-7b1c8a4a_1943c5e84ca_6da4,Maritime,Lacs,Lacs 2,Aklakou,POINT (1.7126206255078227 6.343084521798259),TGRMRTRN36 AKLAKOU-AVEVE-AFAGNAN
_mview_route_ralentisseurs.fid-7b1c8a4a_1943c5e84ca_6da5,Maritime,Lacs,Lacs 2,Aklakou,POINT (1.712823452863394 6.343549366258887),TGRMRTRN36 AKLAKOU-AVEVE-AFAGNAN
_mview_route_ralentisseurs.fid-7b1c8a4a_1943c5e84ca_6da6,Maritime,Lacs,Lacs 2,Aklakou,POINT (1.7120970775104456 6.341788791193708),TGRMRTRN36 AKLAKOU-AVEVE-AFAGNAN
_mview_route_ralentisseurs.fid-7b1c8a4a_1943c5e84ca_6da7,Maritime,Lacs,Lacs 2,Aklakou,POINT (1.716791907061829 6.349253465338531),TGRMRTRN36 AKLAKOU-AVEVE-AFAGNAN
_mview_route_ralentisseurs.fid-7b1c8a4a_1943c5e84ca_6da8,Maritime,Lacs,Lacs 1,Canton D’Aneho,POINT (1.6123970302624238 6.241295319448551),TGRMRRRN4 TSEVIE-TABLIGBO-ANEHO
_mview_route_ralentisseurs.fid-7b1c8a4a_1943c5e84ca_6da9,Maritime,Lacs,Lacs 1,Canton D’Aneho,POINT (1.6091969897544358 6.237236215281643),TGRMVRA CRF RN3-BRETELLE-PONT APOUNOUKPA
_mview_route_ralentisseurs.fid-7b1c8a4a_1943c5e84ca_6daa,Maritime,Lacs,Lacs 1,Canton D’Aneho,POINT (1.6042360367830684 6.233688491176891),TGRMVRA CRF RN3-BRETELLE-PONT APOUNOUKPA
_mview_route_ralentisseurs.fid-7b1c8a4a_1943c5e84ca_6dab,Maritime,Lacs,Lacs 1,Canton D’Aneho,POINT (1.6079653447067295 6.236343264565329),TGRMVRA CRF RN3-BRETELLE-PONT APOUNOUKPA
_mview_route_ralentisseurs.fid-7b1c8a4a_1943c5e84ca_6dac,Maritime,Lacs,Lacs 1,Canton D’Aneho,POINT (1.6128208925132808 6.240266316508259),
_mview_route_ralentisseurs.fid-7b1c8a4a_1943c5e84ca_6dad,Maritime,Lacs,Lacs 2,Aklakou,POINT (1.696980188157182 6.334318897854827),
_mview_route_ralentisseurs.fid-7b1c8a4a_1943c5e84ca_6dae,Maritime,Lacs,Lacs 4,Fiata,POINT (1.643787929565218 6.341562552910075),
_mview_route_ralentisseurs.fid-7b1c8a4a_1943c5e84ca_6daf,Maritime,Lacs,Lacs 3,Gbodjomé,POINT (1.4023451672486025 6.199222797777495),
_mview_route_ralentisseurs.fid-7b1c8a4a_1943c5e84ca_6db0,Maritime,Lacs,Lacs 3,Gbodjomé,POINT (1.3964275694460577 6.200064815403974),
_mview_route_ralentisseurs.fid-7b1c8a4a_1943c5e84ca_6db1,Maritime,Lacs,Lacs 3,Gbodjomé,POINT (1.396468310663373 6.197126407879384),
_mview_route_ralentisseurs.fid-7b1c8a4a_1943c5e84ca_6db2,Maritime,Lacs,Lacs 3,Gbodjomé,POINT (1.3946292691364235 6.196615089986807),
_mview_route_ralentisseurs.fid-7b1c8a4a_1943c5e84ca_6db3,Maritime,Lacs,Lacs 3,Gbodjomé,POINT (1.3931571742593634 6.200459336922117),
_mview_route_ralentisseurs.fid-7b1c8a4a_1943c5e84ca_6db4,Maritime,Lacs,Lacs 3,Gbodjomé,POINT (1.389361965253497 6.201794145482721),
_mview_route_ralentisseurs.fid-7b1c8a4a_1943c5e84ca_6db5,Maritime,Lacs,Lacs 4,Fiata,POINT (1.6801646842637914 6.294987202332285),
_mview_route_ralentisseurs.fid-7b1c8a4a_1943c5e84ca_6db6,Maritime,Lacs,Lacs 4,Ganavé,POINT (1.6373335936733793 6.289599531224563),
_mview_route_ralentisseurs.fid-7b1c8a4a_1943c5e84ca_6db7,Maritime,Lacs,Lacs 4,Ganavé,POINT (1.63030346946836 6.2808034000524495),
_mview_route_ralentisseurs.fid-7b1c8a4a_1943c5e84ca_6db8,Maritime,Lacs,Lacs 3,Gbodjomé,POINT (1.4004458341395536 6.1995133994851574),
_mview_route_ralentisseurs.fid-7b1c8a4a_1943c5e84ca_6db9,Maritime,Lacs,Lacs 2,Aklakou,POINT (1.7859764767600572 6.286764530722899),
_mview_route_ralentisseurs.fid-7b1c8a4a_1943c5e84ca_6dba,Maritime,Lacs,Lacs 2,Aklakou,POINT (1.7862349642998525 6.28673622383796),
_mview_route_ralentisseurs.fid-7b1c8a4a_1943c5e84ca_6dbb,Maritime,Lacs,Lacs 2,Aklakou,POINT (1.7870199894473582 6.286533917173663),
_mview_route_ralentisseurs.fid-7b1c8a4a_1943c5e84ca_6dbc,Maritime,Lacs,Lacs 2,Aklakou,POINT (1.787544580959621 6.286302084208426),
_mview_route_ralentisseurs.fid-7b1c8a4a_1943c5e84ca_6dbd,Maritime,Lacs,Lacs 2,Aklakou,POINT (1.7879023354388854 6.2861413145173195),
_mview_route_ralentisseurs.fid-7b1c8a4a_1943c5e84ca_6dbe,Maritime,Lacs,Lacs 2,Aklakou,POINT (1.7930020880530164 6.285664753840114),
_mview_route_ralentisseurs.fid-7b1c8a4a_1943c5e84ca_6dbf,Maritime,Lacs,Lacs 2,Aklakou,POINT (1.799334595069784 6.288348638824534),
_mview_route_ralentisseurs.fid-7b1c8a4a_1943c5e84ca_6dc0,Maritime,Lacs,Lacs 2,Aklakou,POINT (1.7936909991322336 6.285829148899848),
_mview_route_ralentisseurs.fid-7b1c8a4a_1943c5e84ca_6dc1,Maritime,Lacs,Lacs 2,Aklakou,POINT (1.7928332967297713 6.285631442115121),
_mview_route_ralentisseurs.fid-7b1c8a4a_1943c5e84ca_6dc2,Maritime,Lacs,Lacs 4,Fiata,POINT (1.6570365663626536 6.308319244853856),
_mview_route_ralentisseurs.fid-7b1c8a4a_1943c5e84ca_6dc3,Maritime,Lacs,Lacs 4,Fiata,POINT (1.657239761302318 6.30824106733517),
_mview_route_ralentisseurs.fid-7b1c8a4a_1943c5e84ca_6dc4,Maritime,Lacs,Lacs 1,Canton D’Aneho,POINT (1.6038088153622734 6.231738922699799),TGRMRRRN2/3 ANEHO SANVEE CONDJI CHAUSSE NORD
_mview_route_ralentisseurs.fid-7b1c8a4a_1943c5e84ca_6dc5,Maritime,Lacs,Lacs 2,Aklakou,POINT (1.7102475396962058 6.353632242047328),
_mview_route_ralentisseurs.fid-7b1c8a4a_1943c5e84ca_6dc6,Maritime,Lacs,Lacs 2,Aklakou,POINT (1.7092448370428133 6.354855766669432),
_mview_route_ralentisseurs.fid-7b1c8a4a_1943c5e84ca_6dc7,Maritime,Lacs,Lacs 4,Ganavé,POINT (1.623432065933055 6.316220018342578),
_mview_route_ralentisseurs.fid-7b1c8a4a_1943c5e84ca_6dc8,Maritime,Lacs,Lacs 3,Gbodjomé,POINT (1.4042842004590395 6.204987757007868),
_mview_route_ralentisseurs.fid-7b1c8a4a_1943c5e84ca_6dc9,Maritime,Lacs,Lacs 3,Gbodjomé,POINT (1.4061828288947722 6.204185586037977),
_mview_route_ralentisseurs.fid-7b1c8a4a_1943c5e84ca_6dca,Maritime,Lacs,Lacs 3,Gbodjomé,POINT (1.4062327153459586 6.20441392239278),
_mview_route_ralentisseurs.fid-7b1c8a4a_1943c5e84ca_6dcb,Maritime,Lacs,Lacs 3,Gbodjomé,POINT (1.4049435002261066 6.203626745574038),
_mview_route_ralentisseurs.fid-7b1c8a4a_1943c5e84ca_6dcc,Maritime,Lacs,Lacs 3,Gbodjomé,POINT (1.4051429000942146 6.205640665845148),
_mview_route_ralentisseurs.fid-7b1c8a4a_1943c5e84ca_6dcd,Maritime,Lacs,Lacs 4,Anfoin,POINT (1.6025306410457303 6.3550753199348495),
_mview_route_ralentisseurs.fid-7b1c8a4a_1943c5e84ca_6dce,Maritime,Lacs,Lacs 4,Anfoin,POINT (1.6025955515730061 6.355259570035249),
_mview_route_ralentisseurs.fid-7b1c8a4a_1943c5e84ca_6dcf,Maritime,Lacs,Lacs 2,Agouégan,POINT (1.7456147031208735 6.277415196499994),
_mview_route_ralentisseurs.fid-7b1c8a4a_1943c5e84ca_6dd0,Maritime,Lacs,Lacs 3,Gbodjomé,POINT (1.4060420228338641 6.192327114343408),
_mview_route_ralentisseurs.fid-7b1c8a4a_1943c5e84ca_6dd1,Maritime,Lacs,Lacs 2,Agouégan,POINT (1.7107414239300707 6.262142627669107),
_mview_route_ralentisseurs.fid-7b1c8a4a_1943c5e84ca_6dd2,Maritime,Lacs,Lacs 2,Agouégan,POINT (1.716959103940148 6.267858286089305),
_mview_route_ralentisseurs.fid-7b1c8a4a_1943c5e84ca_6dd3,Maritime,Lacs,Lacs 2,Agouégan,POINT (1.717119554321896 6.267950688319159),
_mview_route_ralentisseurs.fid-7b1c8a4a_1943c5e84ca_6dd4,Maritime,Lacs,Lacs 4,Ganavé,POINT (1.6275688415501335 6.275667130046949),
_mview_route_ralentisseurs.fid-7b1c8a4a_1943c5e84ca_6dd5,Maritime,Lacs,Lacs 1,Glidji,POINT (1.6012176140026957 6.259216783753275),
_mview_route_ralentisseurs.fid-7b1c8a4a_1943c5e84ca_6dd6,Maritime,Lacs,Lacs 4,Fiata,POINT (1.6620080002734299 6.351406000359283),
_mview_route_ralentisseurs.fid-7b1c8a4a_1943c5e84ca_6dd7,Maritime,Lacs,Lacs 4,Fiata,POINT (1.663826326122604 6.353053135228535),
_mview_route_ralentisseurs.fid-7b1c8a4a_1943c5e84ca_6dd8,Maritime,Lacs,Lacs 3,Agbodrafo,POINT (1.5061688392477903 6.216608770699272),
_mview_route_ralentisseurs.fid-7b1c8a4a_1943c5e84ca_6dd9,Maritime,Lacs,Lacs 3,Agbodrafo,POINT (1.5062189796125132 6.216398532889404),
_mview_route_ralentisseurs.fid-7b1c8a4a_1943c5e84ca_6dda,Maritime,Lacs,Lacs 3,Agbodrafo,POINT (1.5062409397791776 6.216312331056025),
_mview_route_ralentisseurs.fid-7b1c8a4a_1943c5e84ca_6ddb,Maritime,Lacs,Lacs 4,Fiata,POINT (1.6763046624954396 6.370231530289259),
_mview_route_ralentisseurs.fid-7b1c8a4a_1943c5e84ca_6ddc,Maritime,Lacs,Lacs 4,Fiata,POINT (1.6751428868434148 6.363707643727584),
_mview_route_ralentisseurs.fid-7b1c8a4a_1943c5e84ca_6ddd,Maritime,Lacs,Lacs 4,Fiata,POINT (1.6472507735330006 6.354877722526934),
_mview_route_ralentisseurs.fid-7b1c8a4a_1943c5e84ca_6dde,Maritime,Lacs,Lacs 4,Fiata,POINT (1.6471608694656454 6.354888358336411),
_mview_route_ralentisseurs.fid-7b1c8a4a_1943c5e84ca_6ddf,Maritime,Lacs,Lacs 4,Fiata,POINT (1.6369943522639205 6.350504642126349),
_mview_route_ralentisseurs.fid-7b1c8a4a_1943c5e84ca_6de0,Maritime,Lacs,Lacs 1,Glidji,POINT (1.6059620011533438 6.263362730005905),
_mview_route_ralentisseurs.fid-7b1c8a4a_1943c5e84ca_6de1,Maritime,Lacs,Lacs 1,Glidji,POINT (1.6064024109778392 6.263592737666494),
_mview_route_ralentisseurs.fid-7b1c8a4a_1943c5e84ca_6de2,Maritime,Lacs,Lacs 2,Agouégan,POINT (1.661718351579921 6.261268275138218),
_mview_route_ralentisseurs.fid-7b1c8a4a_1943c5e84ca_6de3,Maritime,Lacs,Lacs 2,Agouégan,POINT (1.648925644280341 6.267162470652037),
_mview_route_ralentisseurs.fid-7b1c8a4a_1943c5e84ca_6de4,Maritime,Lacs,Lacs 3,Agbodrafo,POINT (1.4818215752618809 6.204878263811179),
_mview_route_ralentisseurs.fid-7b1c8a4a_1943c5e84ca_6de5,Maritime,Lacs,Lacs 3,Gbodjomé,POINT (1.4104505263130893 6.205577177380158),
_mview_route_ralentisseurs.fid-7b1c8a4a_1943c5e84ca_6de6,Maritime,Lacs,Lacs 3,Gbodjomé,POINT (1.4107139772490522 6.205619212660773),
_mview_route_ralentisseurs.fid-7b1c8a4a_1943c5e84ca_6de7,Maritime,Lacs,Lacs 3,Gbodjomé,POINT (1.4113555945040017 6.205898683869253),
_mview_route_ralentisseurs.fid-7b1c8a4a_1943c5e84ca_6de8,Maritime,Lacs,Lacs 3,Agbodrafo,POINT (1.440855404019784 6.1951937270257),
_mview_route_ralentisseurs.fid-7b1c8a4a_1943c5e84ca_6de9,Maritime,Lacs,Lacs 3,Agbodrafo,POINT (1.440898008589045 6.195701528894538),
_mview_route_ralentisseurs.fid-7b1c8a4a_1943c5e84ca_6dea,Maritime,Lacs,Lacs 2,Agouégan,POINT (1.6802232372441726 6.2597864364019875),
_mview_route_ralentisseurs.fid-7b1c8a4a_1943c5e84ca_6deb,Maritime,Lacs,Lacs 2,Agouégan,POINT (1.6803776470706013 6.259588740227945),
_mview_route_ralentisseurs.fid-7b1c8a4a_1943c5e84ca_6dec,Maritime,Lacs,Lacs 3,Gbodjomé,POINT (1.4149983673893365 6.207234388752584),
_mview_route_ralentisseurs.fid-7b1c8a4a_1943c5e84ca_6ded,Maritime,Lacs,Lacs 3,Gbodjomé,POINT (1.4190971585486791 6.215080688202189),
_mview_route_ralentisseurs.fid-7b1c8a4a_1943c5e84ca_6dee,Maritime,Lacs,Lacs 2,Agouégan,POINT (1.6660535809504973 6.259302906405592),
_mview_route_ralentisseurs.fid-7b1c8a4a_1943c5e84ca_6def,Maritime,Lacs,Lacs 3,Agbodrafo,POINT (1.4882059229841529 6.218654760616848),
_mview_route_ralentisseurs.fid-7b1c8a4a_1943c5e84ca_6df0,Centrale,Mô,Mô 1,Boulohou,POINT (0.6708071916235617 8.771600698481738),
_mview_route_ralentisseurs.fid-7b1c8a4a_1943c5e84ca_6df1,Centrale,Mô,Mô 1,Boulohou,POINT (0.6707448549066626 8.771248564838638),
_mview_route_ralentisseurs.fid-7b1c8a4a_1943c5e84ca_6df2,Centrale,Mô,Mô 1,Boulohou,POINT (0.6682686274404332 8.755471512797843),
_mview_route_ralentisseurs.fid-7b1c8a4a_1943c5e84ca_6df3,Centrale,Mô,Mô 1,Boulohou,POINT (0.668150818007521 8.755205366201995),
_mview_route_ralentisseurs.fid-7b1c8a4a_1943c5e84ca_6df4,Centrale,Mô,Mô 1,Boulohou,POINT (0.6679018457296898 8.75467102537746),
_mview_route_ralentisseurs.fid-7b1c8a4a_1943c5e84ca_6df5,Centrale,Mô,Mô 1,Boulohou,POINT (0.6677661912881555 8.754395495840633),
_mview_route_ralentisseurs.fid-7b1c8a4a_1943c5e84ca_6df6,Centrale,Mô,Mô 1,Boulohou,POINT (0.6676466206030306 8.754120568738502),
_mview_route_ralentisseurs.fid-7b1c8a4a_1943c5e84ca_6df7,Centrale,Mô,Mô 1,Boulohou,POINT (0.6674063554691314 8.753606680985184),
_mview_route_ralentisseurs.fid-7b1c8a4a_1943c5e84ca_6df8,Centrale,Mô,Mô 1,Boulohou,POINT (0.6350398959404342 8.675477653087604),BOULOHOU-SOROUKOU-TASSI-MOROSSI-AGBAMASSOMOU-TCHATCHAKOU-KOUIDA
_mview_route_ralentisseurs.fid-7b1c8a4a_1943c5e84ca_6df9,Centrale,Mô,Mô 1,Boulohou,POINT (0.6349193937351304 8.67530973291611),BOULOHOU-SOROUKOU-TASSI-MOROSSI-AGBAMASSOMOU-TCHATCHAKOU-KOUIDA
_mview_route_ralentisseurs.fid-7b1c8a4a_1943c5e84ca_6dfa,Centrale,Mô,Mô 1,Boulohou,POINT (0.6341079743179124 8.67401868266707),BOULOHOU-SOROUKOU-TASSI-MOROSSI-AGBAMASSOMOU-TCHATCHAKOU-KOUIDA
_mview_route_ralentisseurs.fid-7b1c8a4a_1943c5e84ca_6dfb,Centrale,Mô,Mô 1,Boulohou,POINT (0.6337687017213571 8.673477581355677),BOULOHOU-SOROUKOU-TASSI-MOROSSI-AGBAMASSOMOU-TCHATCHAKOU-KOUIDA
_mview_route_ralentisseurs.fid-7b1c8a4a_1943c5e84ca_6dfc,Centrale,Mô,Mô 1,Boulohou,POINT (0.6333959435042267 8.672920532507773),BOULOHOU-SOROUKOU-TASSI-MOROSSI-AGBAMASSOMOU-TCHATCHAKOU-KOUIDA
_mview_route_ralentisseurs.fid-7b1c8a4a_1943c5e84ca_6dfd,Centrale,Mô,Mô 1,Boulohou,POINT (0.632998276931449 8.672337847073333),BOULOHOU-SOROUKOU-TASSI-MOROSSI-AGBAMASSOMOU-TCHATCHAKOU-KOUIDA
_mview_route_ralentisseurs.fid-7b1c8a4a_1943c5e84ca_6dfe,Centrale,Mô,Mô 2,Tindjasse,POINT (0.411597976111223 8.757315747051539),
_mview_route_ralentisseurs.fid-7b1c8a4a_1943c5e84ca_6dff,Centrale,Mô,Mô 1,Boulohou,POINT (0.6328193751154082 8.67207990965582),BOULOHOU-SOROUKOU-TASSI-MOROSSI-AGBAMASSOMOU-TCHATCHAKOU-KOUIDA
_mview_route_ralentisseurs.fid-7b1c8a4a_1943c5e84ca_6e00,Centrale,Mô,Mô 1,Boulohou,POINT (0.632590043999774 8.671743368672178),BOULOHOU-SOROUKOU-TASSI-MOROSSI-AGBAMASSOMOU-TCHATCHAKOU-KOUIDA
_mview_route_ralentisseurs.fid-7b1c8a4a_1943c5e84ca_6e01,Centrale,Mô,Mô 1,Boulohou,POINT (0.6143710926727172 8.630662154603531),
_mview_route_ralentisseurs.fid-7b1c8a4a_1943c5e84ca_6e02,Centrale,Mô,Mô 1,Boulohou,POINT (0.613825714834674 8.628317544944444),
_mview_route_ralentisseurs.fid-7b1c8a4a_1943c5e84ca_6e03,Centrale,Mô,Mô 1,Kagnigbara,POINT (0.6565921636228105 8.862728403928704),BOULOHOU-GBANGADE-DJARKPANGA
_mview_route_ralentisseurs.fid-7b1c8a4a_1943c5e84ca_6e04,Centrale,Mô,Mô 1,Kagnigbara,POINT (0.6602609549517942 8.834088706413938),BOULOHOU-GBANGADE-DJARKPANGA
_mview_route_ralentisseurs.fid-7b1c8a4a_1943c5e84ca_6e05,Centrale,Mô,Mô 1,Kagnigbara,POINT (0.6604488147453962 8.833540608264848),BOULOHOU-GBANGADE-DJARKPANGA
_mview_route_ralentisseurs.fid-7b1c8a4a_1943c5e84ca_6e06,Centrale,Mô,Mô 1,Kagnigbara,POINT (0.6605941116670414 8.833134896347492),BOULOHOU-GBANGADE-DJARKPANGA
_mview_route_ralentisseurs.fid-7b1c8a4a_1943c5e84ca_6e07,Centrale,Mô,Mô 1,Djarkpanga,POINT (0.5799482706613096 8.870122736614475),
_mview_route_ralentisseurs.fid-7b1c8a4a_1943c5e84ca_6e08,Centrale,Mô,Mô 1,Djarkpanga,POINT (0.5800640425943432 8.870534220011068),
_mview_route_ralentisseurs.fid-7b1c8a4a_1943c5e84ca_6e09,Centrale,Mô,Mô 1,Djarkpanga,POINT (0.5806131158627824 8.871466875400044),
_mview_route_ralentisseurs.fid-7b1c8a4a_1943c5e84ca_6e0a,Centrale,Mô,Mô 2,Saïboudè,POINT (0.6152087250230261 8.570160496814257),BOULOHOU-SOROUKOU-TASSI-MOROSSI-AGBAMASSOMOU-TCHATCHAKOU-KOUIDA
_mview_route_ralentisseurs.fid-7b1c8a4a_1943c5e84ca_6e0b,Centrale,Mô,Mô 2,Saïboudè,POINT (0.6151492412103221 8.56972859952088),BOULOHOU-SOROUKOU-TASSI-MOROSSI-AGBAMASSOMOU-TCHATCHAKOU-KOUIDA
_mview_route_ralentisseurs.fid-7b1c8a4a_1943c5e84ca_6e0c,Centrale,Mô,Mô 2,Saïboudè,POINT (0.6150994487988075 8.569380982414549),BOULOHOU-SOROUKOU-TASSI-MOROSSI-AGBAMASSOMOU-TCHATCHAKOU-KOUIDA
_mview_route_ralentisseurs.fid-7b1c8a4a_1943c5e84ca_6e0d,Centrale,Mô,Mô 2,Tindjasse,POINT (0.4912356108830445 8.653082549919455),TINDJASSE-LEGUEDE-MONGOKOURA-EMBRPISTE Nº3
_mview_route_ralentisseurs.fid-7b1c8a4a_1943c5e84ca_6e0e,Centrale,Mô,Mô 2,Saïboudè,POINT (0.4970087328077588 8.600471923427435),
_mview_route_ralentisseurs.fid-7b1c8a4a_1943c5e84ca_6e0f,Centrale,Mô,Mô 2,Saïboudè,POINT (0.4999172727216206 8.600795708434209),
_mview_route_ralentisseurs.fid-7b1c8a4a_1943c5e84ca_6e10,Centrale,Mô,Mô 2,Saïboudè,POINT (0.5009993478767115 8.601870745650695),
_mview_route_ralentisseurs.fid-7b1c8a4a_1943c5e84ca_6e11,Centrale,Mô,Mô 2,Saïboudè,POINT (0.566864862492315 8.596938554180765),
_mview_route_ralentisseurs.fid-7b1c8a4a_1943c5e84ca_6e12,Centrale,Mô,Mô 2,Saïboudè,POINT (0.5664362797874672 8.597149675445065),
_mview_route_ralentisseurs.fid-7b1c8a4a_1943c5e84ca_6e13,Centrale,Mô,Mô 2,Saïboudè,POINT (0.4972552094676457 8.600527704583842),
_mview_route_ralentisseurs.fid-7b1c8a4a_1943c5e84ca_6e14,Centrale,Mô,Mô 2,Saïboudè,POINT (0.5667517520371272 8.5969985032495),
_mview_route_ralentisseurs.fid-7b1c8a4a_1943c5e84ca_6e15,Centrale,Mô,Mô 1,Djarkpanga,POINT (0.5101281286708338 8.828594405996952),DJARKPANGA-DOGODE
_mview_route_ralentisseurs.fid-7b1c8a4a_1943c5e84ca_6e16,Centrale,Mô,Mô 1,Djarkpanga,POINT (0.5108515521892609 8.827395846710507),DJARKPANGA-DOGODE
_mview_route_ralentisseurs.fid-7b1c8a4a_1943c5e84ca_6e17,Centrale,Mô,Mô 1,Djarkpanga,POINT (0.5110701687167524 8.827140291492862),DJARKPANGA-DOGODE
_mview_route_ralentisseurs.fid-7b1c8a4a_1943c5e84ca_6e18,Centrale,Mô,Mô 1,Djarkpanga,POINT (0.5119726698021515 8.825789449563752),DJARKPANGA-DOGODE
_mview_route_ralentisseurs.fid-7b1c8a4a_1943c5e84ca_6e19,Centrale,Mô,Mô 1,Djarkpanga,POINT (0.4900793779042105 8.789333614193978),
_mview_route_ralentisseurs.fid-7b1c8a4a_1943c5e84ca_6e1a,Centrale,Mô,Mô 1,Djarkpanga,POINT (0.4904878302678101 8.789163432407275),
_mview_route_ralentisseurs.fid-7b1c8a4a_1943c5e84ca_6e1b,Centrale,Mô,Mô 1,Djarkpanga,POINT (0.4897368565920712 8.789467251658326),
_mview_route_ralentisseurs.fid-7b1c8a4a_1943c5e84ca_6e1c,Centrale,Mô,Mô 1,Djarkpanga,POINT (0.4894242667519021 8.789551754775841),
_mview_route_ralentisseurs.fid-7b1c8a4a_1943c5e84ca_6e1d,Centrale,Mô,Mô 1,Djarkpanga,POINT (0.4881529346480461 8.789777651805725),
_mview_route_ralentisseurs.fid-7b1c8a4a_1943c5e84ca_6e1e,Centrale,Mô,Mô 1,Djarkpanga,POINT (0.4869533333598602 8.789931650592619),
_mview_route_ralentisseurs.fid-7b1c8a4a_1943c5e84ca_6e1f,Centrale,Mô,Mô 1,Djarkpanga,POINT (0.4866412934432605 8.789975704272285),
_mview_route_ralentisseurs.fid-7b1c8a4a_1943c5e84ca_6e20,Centrale,Mô,Mô 1,Djarkpanga,POINT (0.4855824890848481 8.790177777072403),
_mview_route_ralentisseurs.fid-7b1c8a4a_1943c5e84ca_6e21,Centrale,Mô,Mô 1,Djarkpanga,POINT (0.483550779170058 8.790065130517075),
_mview_route_ralentisseurs.fid-7b1c8a4a_1943c5e84ca_6e22,Centrale,Mô,Mô 1,Djarkpanga,POINT (0.4815901561275907 8.790197243097861),
_mview_route_ralentisseurs.fid-7b1c8a4a_1943c5e84ca_6e23,Centrale,Mô,Mô 2,Tindjasse,POINT (0.4649722556953212 8.788747378796838),
_mview_route_ralentisseurs.fid-7b1c8a4a_1943c5e84ca_6e24,Centrale,Mô,Mô 2,Tindjasse,POINT (0.4634369481481472 8.788594950830786),
_mview_route_ralentisseurs.fid-7b1c8a4a_1943c5e84ca_6e25,Centrale,Mô,Mô 2,Tindjasse,POINT (0.4627931210353789 8.788454862925281),
_mview_route_ralentisseurs.fid-7b1c8a4a_1943c5e84ca_6e26,Centrale,Mô,Mô 2,Tindjasse,POINT (0.4574028778004702 8.787047201485079),
_mview_route_ralentisseurs.fid-7b1c8a4a_1943c5e84ca_6e27,Centrale,Mô,Mô 2,Tindjasse,POINT (0.4570973887850926 8.78700546511862),
_mview_route_ralentisseurs.fid-7b1c8a4a_1943c5e84ca_6e28,Centrale,Mô,Mô 2,Tindjasse,POINT (0.4514022505070613 8.78208400896755),DJARKPANGA-MAMPOULA-AYODA-SOLIDE-IPOUALI
_mview_route_ralentisseurs.fid-7b1c8a4a_1943c5e84ca_6e29,Centrale,Mô,Mô 2,Tindjasse,POINT (0.451663433747984 8.782666014862242),DJARKPANGA-MAMPOULA-AYODA-SOLIDE-IPOUALI
_mview_route_ralentisseurs.fid-7b1c8a4a_1943c5e84ca_6e2a,Centrale,Mô,Mô 2,Tindjasse,POINT (0.4114257578751304 8.757110494890966),
_mview_route_ralentisseurs.fid-7b1c8a4a_1943c5e84ca_6e2b,Centrale,Mô,Mô 2,Tindjasse,POINT (0.4103026140614561 8.755774279274702),
_mview_route_ralentisseurs.fid-7b1c8a4a_1943c5e84ca_6e2c,Centrale,Mô,Mô 2,Tindjasse,POINT (0.4096198756475368 8.755018701340532),
_mview_route_ralentisseurs.fid-7b1c8a4a_1943c5e84ca_6e2d,Centrale,Mô,Mô 2,Tindjasse,POINT (0.4008827168124142 8.735252299804472),
_mview_route_ralentisseurs.fid-7b1c8a4a_1943c5e84ca_6e2e,Centrale,Mô,Mô 2,Tindjasse,POINT (0.4004705300767348 8.73491140829392),
_mview_route_ralentisseurs.fid-7b1c8a4a_1943c5e84ca_6e2f,Centrale,Mô,Mô 1,Djarkpanga,POINT (0.5609694881655033 8.779025914083885),
_mview_route_ralentisseurs.fid-7b1c8a4a_1943c5e84ca_6e30,Centrale,Mô,Mô 1,Djarkpanga,POINT (0.5618652621879706 8.779350375787947),
_mview_route_ralentisseurs.fid-7b1c8a4a_1943c5e84ca_6e31,Centrale,Mô,Mô 1,Djarkpanga,POINT (0.5621959000458496 8.779497687411636),
_mview_route_ralentisseurs.fid-7b1c8a4a_1943c5e84ca_6e32,Centrale,Mô,Mô 1,Djarkpanga,POINT (0.5626613640211987 8.779686844217856),
_mview_route_ralentisseurs.fid-7b1c8a4a_1943c5e84ca_6e33,Centrale,Mô,Mô 1,Djarkpanga,POINT (0.5598293902682915 8.778980754256972),
_mview_route_ralentisseurs.fid-7b1c8a4a_1943c5e84ca_6e34,Centrale,Mô,Mô 1,Djarkpanga,POINT (0.555543177480742 8.779623942196956),
_mview_route_ralentisseurs.fid-7b1c8a4a_1943c5e84ca_6e35,Centrale,Mô,Mô 1,Djarkpanga,POINT (0.5544285358205014 8.779860076514463),
_mview_route_ralentisseurs.fid-7b1c8a4a_1943c5e84ca_6e36,Centrale,Mô,Mô 1,Djarkpanga,POINT (0.5598544856096445 8.778979540193388),
_mview_route_ralentisseurs.fid-7b1c8a4a_1943c5e84ca_6e37,Savanes,Tône,Tône 1,Dapaong,POINT (0.2047925231774443 10.857158587379063),TGRSVRDAPAONG KONKOIRE-ECOLE CENTRALE
_mview_route_ralentisseurs.fid-7b1c8a4a_1943c5e84ca_6e38,Savanes,Tône,Tône 1,Dapaong,POINT (0.2050452954832165 10.857332487932485),TGRSVRDAPAONG KONKOIRE-ECOLE CENTRALE
_mview_route_ralentisseurs.fid-7b1c8a4a_1943c5e84ca_6e39,Savanes,Tône,Tône 1,Dapaong,POINT (0.2066830704667729 10.86568329609878),TGRSVRDAPAONG KONKOIRE-ECOLE CENTRALE
_mview_route_ralentisseurs.fid-7b1c8a4a_1943c5e84ca_6e3a,Savanes,Tône,Tône 1,Dapaong,POINT (0.2066755558004479 10.865367102293366),TGRSVRDAPAONG KONKOIRE-ECOLE CENTRALE
_mview_route_ralentisseurs.fid-7b1c8a4a_1943c5e84ca_6e3b,Savanes,Tône,Tône 1,Dapaong,POINT (0.205434961778042 10.861810890667849),TGRSVRDAPAONG KONKOIRE-ECOLE CENTRALE
_mview_route_ralentisseurs.fid-7b1c8a4a_1943c5e84ca_6e3c,Savanes,Tône,Tône 1,Dapaong,POINT (0.2041420471388847 10.856775159422776),TGRSVRDAPAONG KONKOIRE-ECOLE CENTRALE
_mview_route_ralentisseurs.fid-7b1c8a4a_1943c5e84ca_6e3d,Savanes,Tône,Tône 1,Dapaong,POINT (0.2061475815205555 10.858487906388124),TGRSVRDAPAONG KONKOIRE-ECOLE CENTRALE
_mview_route_ralentisseurs.fid-7b1c8a4a_1943c5e84ca_6e3e,Savanes,Tône,Tône 1,Dapaong,POINT (0.2059843048037901 10.860666755836743),TGRSVRDAPAONG KONKOIRE-ECOLE CENTRALE
_mview_route_ralentisseurs.fid-7b1c8a4a_1943c5e84ca_6e3f,Plateaux,Moyen-Mono,Moyen-Mono 2,Saligbé,POINT (1.5963533216810784 7.204057284777367),TGRPRTRN8 NANVBETO-OUNTIVOU-RN6 TOHOUN
_mview_route_ralentisseurs.fid-7b1c8a4a_1943c5e84ca_6e40,Plateaux,Moyen-Mono,Moyen-Mono 2,Saligbé,POINT (1.596578436073277 7.204221422296156),TGRPRTRN8 NANVBETO-OUNTIVOU-RN6 TOHOUN
_mview_route_ralentisseurs.fid-7b1c8a4a_1943c5e84ca_6e41,Plateaux,Moyen-Mono,Moyen-Mono 2,Saligbé,POINT (1.5972293503297814 7.2046979306497425),TGRPRTRN8 NANVBETO-OUNTIVOU-RN6 TOHOUN
_mview_route_ralentisseurs.fid-7b1c8a4a_1943c5e84ca_6e42,Plateaux,Moyen-Mono,Moyen-Mono 2,Saligbé,POINT (1.6249300871661476 7.225569830857745),TGRPRTRN8 NANVBETO-OUNTIVOU-RN6 TOHOUN
_mview_route_ralentisseurs.fid-7b1c8a4a_1943c5e84ca_6e43,Plateaux,Moyen-Mono,Moyen-Mono 2,Saligbé,POINT (1.6265189808274838 7.225580681580503),TGRPRTRN8 NANVBETO-OUNTIVOU-RN6 TOHOUN
_mview_route_ralentisseurs.fid-7b1c8a4a_1943c5e84ca_6e44,Plateaux,Moyen-Mono,Moyen-Mono 1,Ahassomè,POINT (1.5206600836660247 7.219076317760648),
_mview_route_ralentisseurs.fid-7b1c8a4a_1943c5e84ca_6e45,Plateaux,Moyen-Mono,Moyen-Mono 1,Ahassomè,POINT (1.5213340596340512 7.218219639160001),
_mview_route_ralentisseurs.fid-7b1c8a4a_1943c5e84ca_6e46,Plateaux,Moyen-Mono,Moyen-Mono 2,Saligbé,POINT (1.6290063314756555 7.227078142160893),TGRPRTRN8 NANVBETO-OUNTIVOU-RN6 TOHOUN
_mview_route_ralentisseurs.fid-7b1c8a4a_1943c5e84ca_6e47,Plateaux,Moyen-Mono,Moyen-Mono 2,Saligbé,POINT (1.6281108806726732 7.227288044285803),TGRPRTRN8 NANVBETO-OUNTIVOU-RN6 TOHOUN
_mview_route_ralentisseurs.fid-7b1c8a4a_1943c5e84ca_6e48,Plateaux,Moyen-Mono,Moyen-Mono 2,Saligbé,POINT (1.626327548657997 7.228124808215571),TGRPRTRN8 NANVBETO-OUNTIVOU-RN6 TOHOUN
_mview_route_ralentisseurs.fid-7b1c8a4a_1943c5e84ca_6e49,Plateaux,Moyen-Mono,Moyen-Mono 2,Saligbé,POINT (1.6269288279960414 7.246156610921498),TGRPRTRN8 NANVBETO-OUNTIVOU-RN6 TOHOUN
_mview_route_ralentisseurs.fid-7b1c8a4a_1943c5e84ca_6e4a,Plateaux,Moyen-Mono,Moyen-Mono 2,Saligbé,POINT (1.6267732948151514 7.246820271918195),TGRPRTRN8 NANVBETO-OUNTIVOU-RN6 TOHOUN
_mview_route_ralentisseurs.fid-7b1c8a4a_1943c5e84ca_6e4b,Plateaux,Moyen-Mono,Moyen-Mono 2,Saligbé,POINT (1.6266917663839442 7.24721728369446),TGRPRTRN8 NANVBETO-OUNTIVOU-RN6 TOHOUN
_mview_route_ralentisseurs.fid-7b1c8a4a_1943c5e84ca_6e4c,Plateaux,Moyen-Mono,Moyen-Mono 2,Saligbé,POINT (1.6265959673736445 7.247584236126948),TGRPRTRN8 NANVBETO-OUNTIVOU-RN6 TOHOUN
_mview_route_ralentisseurs.fid-7b1c8a4a_1943c5e84ca_6e4d,Plateaux,Moyen-Mono,Moyen-Mono 2,Saligbé,POINT (1.6264094522747212 7.248076493395914),TGRPRTRN8 NANVBETO-OUNTIVOU-RN6 TOHOUN
_mview_route_ralentisseurs.fid-7b1c8a4a_1943c5e84ca_6e4e,Plateaux,Moyen-Mono,Moyen-Mono 2,Saligbé,POINT (1.6261949505421027 7.248361007052917),TGRPRTRN8 NANVBETO-OUNTIVOU-RN6 TOHOUN
_mview_route_ralentisseurs.fid-7b1c8a4a_1943c5e84ca_6e4f,Plateaux,Moyen-Mono,Moyen-Mono 2,Saligbé,POINT (1.6179345265793157 7.2593822503500665),TGRPRTRN8 NANVBETO-OUNTIVOU-RN6 TOHOUN
_mview_route_ralentisseurs.fid-7b1c8a4a_1943c5e84ca_6e50,Plateaux,Moyen-Mono,Moyen-Mono 2,Saligbé,POINT (1.6176153578276316 7.260084670393889),TGRPRTRN8 NANVBETO-OUNTIVOU-RN6 TOHOUN
_mview_route_ralentisseurs.fid-7b1c8a4a_1943c5e84ca_6e51,Plateaux,Moyen-Mono,Moyen-Mono 2,Saligbé,POINT (1.6175150210481852 7.260846450171163),TGRPRTRN8 NANVBETO-OUNTIVOU-RN6 TOHOUN
_mview_route_ralentisseurs.fid-7b1c8a4a_1943c5e84ca_6e52,Plateaux,Moyen-Mono,Moyen-Mono 2,Saligbé,POINT (1.6174447639174616 7.261555623705675),TGRPRTRN8 NANVBETO-OUNTIVOU-RN6 TOHOUN
_mview_route_ralentisseurs.fid-7b1c8a4a_1943c5e84ca_6e53,Plateaux,Moyen-Mono,Moyen-Mono 2,Saligbé,POINT (1.6174205166757545 7.262939744547318),TGRPRTRN8 NANVBETO-OUNTIVOU-RN6 TOHOUN
_mview_route_ralentisseurs.fid-7b1c8a4a_1943c5e84ca_6e54,Plateaux,Moyen-Mono,Moyen-Mono 2,Saligbé,POINT (1.617437009424443 7.263127544971816),TGRPRTRN8 NANVBETO-OUNTIVOU-RN6 TOHOUN
_mview_route_ralentisseurs.fid-7b1c8a4a_1943c5e84ca_6e55,Plateaux,Moyen-Mono,Moyen-Mono 2,Saligbé,POINT (1.619316023318494 7.267145234256833),TGRPRTRN8 NANVBETO-OUNTIVOU-RN6 TOHOUN
_mview_route_ralentisseurs.fid-7b1c8a4a_1943c5e84ca_6e56,Plateaux,Moyen-Mono,Moyen-Mono 2,Saligbé,POINT (1.6198263914760649 7.267594898748288),TGRPRTRN8 NANVBETO-OUNTIVOU-RN6 TOHOUN
_mview_route_ralentisseurs.fid-7b1c8a4a_1943c5e84ca_6e57,Plateaux,Moyen-Mono,Moyen-Mono 2,Saligbé,POINT (1.6257444499072367 7.275628258112939),TGRPRTRN8 NANVBETO-OUNTIVOU-RN6 TOHOUN
_mview_route_ralentisseurs.fid-7b1c8a4a_1943c5e84ca_6e58,Plateaux,Moyen-Mono,Moyen-Mono 2,Saligbé,POINT (1.626137768081668 7.2760628874904585),TGRPRTRN8 NANVBETO-OUNTIVOU-RN6 TOHOUN
_mview_route_ralentisseurs.fid-7b1c8a4a_1943c5e84ca_6e59,Plateaux,Moyen-Mono,Moyen-Mono 2,Saligbé,POINT (1.6264640982844192 7.276419921855627),TGRPRTRN8 NANVBETO-OUNTIVOU-RN6 TOHOUN
_mview_route_ralentisseurs.fid-7b1c8a4a_1943c5e84ca_6e5a,Plateaux,Moyen-Mono,Moyen-Mono 2,Saligbé,POINT (1.626808525257494 7.276818197202193),TGRPRTRN8 NANVBETO-OUNTIVOU-RN6 TOHOUN
_mview_route_ralentisseurs.fid-7b1c8a4a_1943c5e84ca_6e5b,Plateaux,Moyen-Mono,Moyen-Mono 2,Saligbé,POINT (1.6269554700801905 7.277026492431468),TGRPRTRN8 NANVBETO-OUNTIVOU-RN6 TOHOUN
_mview_route_ralentisseurs.fid-7b1c8a4a_1943c5e84ca_6e5c,Plateaux,Moyen-Mono,Moyen-Mono 2,Saligbé,POINT (1.6270165316113492 7.277131756900914),TGRPRTRN8 NANVBETO-OUNTIVOU-RN6 TOHOUN
_mview_route_ralentisseurs.fid-7b1c8a4a_1943c5e84ca_6e5d,Plateaux,Moyen-Mono,Moyen-Mono 2,Saligbé,POINT (1.6271942969740552 7.277492168193497),TGRPRTRN8 NANVBETO-OUNTIVOU-RN6 TOHOUN
_mview_route_ralentisseurs.fid-7b1c8a4a_1943c5e84ca_6e5e,Plateaux,Moyen-Mono,Moyen-Mono 2,Saligbé,POINT (1.6273127784767984 7.277797085692764),TGRPRTRN8 NANVBETO-OUNTIVOU-RN6 TOHOUN
_mview_route_ralentisseurs.fid-7b1c8a4a_1943c5e84ca_6e5f,Plateaux,Moyen-Mono,Moyen-Mono 2,Katomé,POINT (1.620827453930734 7.391651293861503),
_mview_route_ralentisseurs.fid-7b1c8a4a_1943c5e84ca_6e60,Plateaux,Moyen-Mono,Moyen-Mono 1,Ahassomè,POINT (1.5051911765800798 7.200313416730333),
_mview_route_ralentisseurs.fid-7b1c8a4a_1943c5e84ca_6e61,Plateaux,Moyen-Mono,Moyen-Mono 1,Ahassomè,POINT (1.5051590716529606 7.200123490716291),
_mview_route_ralentisseurs.fid-7b1c8a4a_1943c5e84ca_6e62,Plateaux,Moyen-Mono,Moyen-Mono 1,Ahassomè,POINT (1.5051165551949384 7.199871972173147),
_mview_route_ralentisseurs.fid-7b1c8a4a_1943c5e84ca_6e63,Plateaux,Moyen-Mono,Moyen-Mono 1,Ahassomè,POINT (1.5047457139851494 7.197518926489369),
_mview_route_ralentisseurs.fid-7b1c8a4a_1943c5e84ca_6e64,Plateaux,Moyen-Mono,Moyen-Mono 1,Ahassomè,POINT (1.5046726391141798 7.197019237535479),
_mview_route_ralentisseurs.fid-7b1c8a4a_1943c5e84ca_6e65,Plateaux,Moyen-Mono,Moyen-Mono 1,Ahassomè,POINT (1.5044633533682228 7.195465260445166),
_mview_route_ralentisseurs.fid-7b1c8a4a_1943c5e84ca_6e66,Plateaux,Moyen-Mono,Moyen-Mono 1,Ahassomè,POINT (1.504396905607008 7.1946753379296275),
_mview_route_ralentisseurs.fid-7b1c8a4a_1943c5e84ca_6e67,Plateaux,Moyen-Mono,Moyen-Mono 2,Saligbé,POINT (1.6035682214648352 7.251743228982109),
_mview_route_ralentisseurs.fid-7b1c8a4a_1943c5e84ca_6e68,Plateaux,Moyen-Mono,Moyen-Mono 2,Saligbé,POINT (1.6036256919633918 7.251808572149947),
_mview_route_ralentisseurs.fid-7b1c8a4a_1943c5e84ca_6e69,Plateaux,Moyen-Mono,Moyen-Mono 2,Saligbé,POINT (1.5778032598011524 7.266484178914978),
_mview_route_ralentisseurs.fid-7b1c8a4a_1943c5e84ca_6e6a,Plateaux,Moyen-Mono,Moyen-Mono 2,Saligbé,POINT (1.5786655470805127 7.268044292541183),
_mview_route_ralentisseurs.fid-7b1c8a4a_1943c5e84ca_6e6b,Plateaux,Moyen-Mono,Moyen-Mono 2,Saligbé,POINT (1.5787883833537162 7.268276636941988),
_mview_route_ralentisseurs.fid-7b1c8a4a_1943c5e84ca_6e6c,Plateaux,Moyen-Mono,Moyen-Mono 2,Saligbé,POINT (1.579002460521591 7.268587051612404),
_mview_route_ralentisseurs.fid-7b1c8a4a_1943c5e84ca_6e6d,Plateaux,Moyen-Mono,Moyen-Mono 2,Saligbé,POINT (1.5793793341633173 7.269227001660232),
_mview_route_ralentisseurs.fid-7b1c8a4a_1943c5e84ca_6e6e,Plateaux,Moyen-Mono,Moyen-Mono 2,Kpékplémé,POINT (1.597234801116572 7.306043183944707),
_mview_route_ralentisseurs.fid-7b1c8a4a_1943c5e84ca_6e6f,Plateaux,Moyen-Mono,Moyen-Mono 2,Kpékplémé,POINT (1.5974268811597465 7.305765212595507),
_mview_route_ralentisseurs.fid-7b1c8a4a_1943c5e84ca_6e70,Plateaux,Moyen-Mono,Moyen-Mono 2,Saligbé,POINT (1.6301823854162594 7.241188439395438),
_mview_route_ralentisseurs.fid-7b1c8a4a_1943c5e84ca_6e71,Plateaux,Moyen-Mono,Moyen-Mono 2,Saligbé,POINT (1.6309107415489572 7.240905412856828),
_mview_route_ralentisseurs.fid-7b1c8a4a_1943c5e84ca_6e72,Plateaux,Moyen-Mono,Moyen-Mono 1,Ahassomè,POINT (1.479789014973714 7.283180128269221),
_mview_route_ralentisseurs.fid-7b1c8a4a_1943c5e84ca_6e73,Plateaux,Moyen-Mono,Moyen-Mono 1,Ahassomè,POINT (1.4808573658529376 7.283406813182492),
_mview_route_ralentisseurs.fid-7b1c8a4a_1943c5e84ca_6e74,Plateaux,Moyen-Mono,Moyen-Mono 1,Ahassomè,POINT (1.4824323184154857 7.2837347464591),
_mview_route_ralentisseurs.fid-7b1c8a4a_1943c5e84ca_6e75,Plateaux,Moyen-Mono,Moyen-Mono 2,Kpékplémé,POINT (1.6267064802295215 7.329163974596071),
_mview_route_ralentisseurs.fid-7b1c8a4a_1943c5e84ca_6e76,Plateaux,Moyen-Mono,Moyen-Mono 1,Tado,POINT (1.6286673033793697 7.192829896864467),AKLOTSI DEKADE
_mview_route_ralentisseurs.fid-7b1c8a4a_1943c5e84ca_6e77,Plateaux,Moyen-Mono,Moyen-Mono 1,Tado,POINT (1.612235496550146 7.135096628897067),TADO-FRONTIERE BENIN-VODJEME
_mview_route_ralentisseurs.fid-7b1c8a4a_1943c5e84ca_6e78,Plateaux,Moyen-Mono,Moyen-Mono 1,Tado,POINT (1.6189581376834985 7.132321642944488),TADO-FRONTIERE BENIN-VODJEME
_mview_route_ralentisseurs.fid-7b1c8a4a_1943c5e84ca_6e79,Plateaux,Moyen-Mono,Moyen-Mono 1,Tado,POINT (1.6289547838201386 7.1330234993677655),TADO-FRONTIERE BENIN-VODJEME
_mview_route_ralentisseurs.fid-7b1c8a4a_1943c5e84ca_6e7a,Plateaux,Moyen-Mono,Moyen-Mono 1,Tado,POINT (1.6314841589279407 7.133131316839502),TADO-FRONTIERE BENIN-VODJEME
_mview_route_ralentisseurs.fid-7b1c8a4a_1943c5e84ca_6e7b,Plateaux,Moyen-Mono,Moyen-Mono 1,Tado,POINT (1.6323385158399983 7.133003091230412),TADO-FRONTIERE BENIN-VODJEME
_mview_route_ralentisseurs.fid-7b1c8a4a_1943c5e84ca_6e7c,Plateaux,Moyen-Mono,Moyen-Mono 1,Tohoun,POINT (1.6180151330170993 7.021979526895083),TGRPRRRN6 NOTSE-TOHOUN
_mview_route_ralentisseurs.fid-7b1c8a4a_1943c5e84ca_6e7d,Savanes,Tandjoaré,Tandjoaré 1,Bogou,POINT (0.1753363353611875 10.65917113003234),
_mview_route_ralentisseurs.fid-7b1c8a4a_1943c5e84ca_6e7e,Plateaux,Moyen-Mono,Moyen-Mono 1,Tohoun,POINT (1.6169341382223357 7.023271384904634),TGRPRRRN6 NOTSE-TOHOUN
_mview_route_ralentisseurs.fid-7b1c8a4a_1943c5e84ca_6e7f,Plateaux,Moyen-Mono,Moyen-Mono 1,Tohoun,POINT (1.6105638042388926 7.02254848643238),TGRPRRRN6 NOTSE-TOHOUN
_mview_route_ralentisseurs.fid-7b1c8a4a_1943c5e84ca_6e80,Plateaux,Moyen-Mono,Moyen-Mono 1,Tohoun,POINT (1.5952114772753072 7.026304102132291),TGRPRRRN6 NOTSE-TOHOUN
_mview_route_ralentisseurs.fid-7b1c8a4a_1943c5e84ca_6e81,Plateaux,Moyen-Mono,Moyen-Mono 1,Tado,POINT (1.6108317497484674 7.129865506429716),TADO-GANGAHOE
_mview_route_ralentisseurs.fid-7b1c8a4a_1943c5e84ca_6e82,Plateaux,Moyen-Mono,Moyen-Mono 1,Tado,POINT (1.6113892999279549 7.129946040460907),TADO-GANGAHOE
_mview_route_ralentisseurs.fid-7b1c8a4a_1943c5e84ca_6e83,Plateaux,Moyen-Mono,Moyen-Mono 1,Tado,POINT (1.6116783622092015 7.13001697646273),TADO-GANGAHOE
_mview_route_ralentisseurs.fid-7b1c8a4a_1943c5e84ca_6e84,Plateaux,Moyen-Mono,Moyen-Mono 1,Tado,POINT (1.6119867122874916 7.12994594570359),TADO-GANGAHOE
_mview_route_ralentisseurs.fid-7b1c8a4a_1943c5e84ca_6e85,Plateaux,Moyen-Mono,Moyen-Mono 1,Tado,POINT (1.5658302147225809 7.132145120889538),
_mview_route_ralentisseurs.fid-7b1c8a4a_1943c5e84ca_6e86,Plateaux,Moyen-Mono,Moyen-Mono 1,Tado,POINT (1.5471340893821472 7.171031985147292),
_mview_route_ralentisseurs.fid-7b1c8a4a_1943c5e84ca_6e87,Plateaux,Moyen-Mono,Moyen-Mono 1,Tado,POINT (1.5474745311354898 7.17112246893718),
_mview_route_ralentisseurs.fid-7b1c8a4a_1943c5e84ca_6e88,Plateaux,Moyen-Mono,Moyen-Mono 1,Tado,POINT (1.5452397812910867 7.17049922076326),
_mview_route_ralentisseurs.fid-7b1c8a4a_1943c5e84ca_6e89,Plateaux,Moyen-Mono,Moyen-Mono 1,Tado,POINT (1.5446552889056888 7.170412557987558),
_mview_route_ralentisseurs.fid-7b1c8a4a_1943c5e84ca_6e8a,Plateaux,Moyen-Mono,Moyen-Mono 1,Tado,POINT (1.5439733012815386 7.170367904112615),
_mview_route_ralentisseurs.fid-7b1c8a4a_1943c5e84ca_6e8b,Plateaux,Moyen-Mono,Moyen-Mono 1,Tado,POINT (1.5422620044704503 7.17025781146608),
_mview_route_ralentisseurs.fid-7b1c8a4a_1943c5e84ca_6e8c,Plateaux,Moyen-Mono,Moyen-Mono 1,Tado,POINT (1.5419512135836486 7.170270061152448),
_mview_route_ralentisseurs.fid-7b1c8a4a_1943c5e84ca_6e8d,Plateaux,Moyen-Mono,Moyen-Mono 1,Tado,POINT (1.5413021850646804 7.170373621219945),
_mview_route_ralentisseurs.fid-7b1c8a4a_1943c5e84ca_6e8e,Plateaux,Moyen-Mono,Moyen-Mono 1,Tado,POINT (1.5409969002193362 7.170466376358328),
_mview_route_ralentisseurs.fid-7b1c8a4a_1943c5e84ca_6e8f,Plateaux,Moyen-Mono,Moyen-Mono 1,Tado,POINT (1.5399882526929474 7.170726086312307),
_mview_route_ralentisseurs.fid-7b1c8a4a_1943c5e84ca_6e90,Plateaux,Moyen-Mono,Moyen-Mono 1,Tado,POINT (1.5381712197994482 7.171179148292149),
_mview_route_ralentisseurs.fid-7b1c8a4a_1943c5e84ca_6e91,Plateaux,Moyen-Mono,Moyen-Mono 1,Tado,POINT (1.5378560592062545 7.171227359485499),
_mview_route_ralentisseurs.fid-7b1c8a4a_1943c5e84ca_6e92,Plateaux,Moyen-Mono,Moyen-Mono 1,Tado,POINT (1.5311912948561974 7.170886446322691),
_mview_route_ralentisseurs.fid-7b1c8a4a_1943c5e84ca_6e93,Plateaux,Moyen-Mono,Moyen-Mono 1,Tado,POINT (1.5303162986018786 7.1706189758527685),
_mview_route_ralentisseurs.fid-7b1c8a4a_1943c5e84ca_6e94,Plateaux,Moyen-Mono,Moyen-Mono 1,Tado,POINT (1.529814057240387 7.170425299595439),
_mview_route_ralentisseurs.fid-7b1c8a4a_1943c5e84ca_6e95,Plateaux,Moyen-Mono,Moyen-Mono 1,Tado,POINT (1.5294709569332567 7.170278739210531),
_mview_route_ralentisseurs.fid-7b1c8a4a_1943c5e84ca_6e96,Plateaux,Moyen-Mono,Moyen-Mono 1,Tado,POINT (1.5220844263544426 7.1674399014894945),
_mview_route_ralentisseurs.fid-7b1c8a4a_1943c5e84ca_6e97,Plateaux,Moyen-Mono,Moyen-Mono 1,Tado,POINT (1.521385579300935 7.1671602787391056),
_mview_route_ralentisseurs.fid-7b1c8a4a_1943c5e84ca_6e98,Plateaux,Moyen-Mono,Moyen-Mono 1,Tado,POINT (1.5190230705984102 7.166767239019144),
_mview_route_ralentisseurs.fid-7b1c8a4a_1943c5e84ca_6e99,Plateaux,Moyen-Mono,Moyen-Mono 1,Tado,POINT (1.514594403003622 7.166842419822904),
_mview_route_ralentisseurs.fid-7b1c8a4a_1943c5e84ca_6e9a,Plateaux,Moyen-Mono,Moyen-Mono 1,Tado,POINT (1.5138340596847761 7.16719530635184),
_mview_route_ralentisseurs.fid-7b1c8a4a_1943c5e84ca_6e9b,Plateaux,Moyen-Mono,Moyen-Mono 1,Tado,POINT (1.51305002410723 7.167513091365099),
_mview_route_ralentisseurs.fid-7b1c8a4a_1943c5e84ca_6e9c,Plateaux,Moyen-Mono,Moyen-Mono 1,Tado,POINT (1.5121572577220042 7.168118162026061),
_mview_route_ralentisseurs.fid-7b1c8a4a_1943c5e84ca_6e9d,Plateaux,Moyen-Mono,Moyen-Mono 1,Tado,POINT (1.5116551945375536 7.168438047274098),
_mview_route_ralentisseurs.fid-7b1c8a4a_1943c5e84ca_6e9e,Plateaux,Moyen-Mono,Moyen-Mono 1,Tado,POINT (1.5104785988473193 7.169147073548425),
_mview_route_ralentisseurs.fid-7b1c8a4a_1943c5e84ca_6e9f,Plateaux,Moyen-Mono,Moyen-Mono 1,Tado,POINT (1.5300547693199367 7.170235878057348),
_mview_route_ralentisseurs.fid-7b1c8a4a_1943c5e84ca_6ea0,Plateaux,Moyen-Mono,Moyen-Mono 1,Tado,POINT (1.5914435706169137 7.146419873244381),
_mview_route_ralentisseurs.fid-7b1c8a4a_1943c5e84ca_6ea1,Plateaux,Moyen-Mono,Moyen-Mono 1,Tado,POINT (1.5909337530534997 7.1472811070426765),
_mview_route_ralentisseurs.fid-7b1c8a4a_1943c5e84ca_6ea2,Plateaux,Moyen-Mono,Moyen-Mono 1,Tohoun,POINT (1.6060303243018312 7.027271805419404),TOHOUN-ADANLEHOUI
_mview_route_ralentisseurs.fid-7b1c8a4a_1943c5e84ca_6ea3,Plateaux,Moyen-Mono,Moyen-Mono 1,Tohoun,POINT (1.6002757315991074 7.031812031184662),TOHOUN-ADANLEHOUI
_mview_route_ralentisseurs.fid-7b1c8a4a_1943c5e84ca_6ea4,Plateaux,Moyen-Mono,Moyen-Mono 1,Tohoun,POINT (1.5909684543156095 7.015826699565571),
_mview_route_ralentisseurs.fid-7b1c8a4a_1943c5e84ca_6ea5,Plateaux,Moyen-Mono,Moyen-Mono 1,Tohoun,POINT (1.5841765184661547 7.00163198075897),
_mview_route_ralentisseurs.fid-7b1c8a4a_1943c5e84ca_6ea6,Plateaux,Moyen-Mono,Moyen-Mono 1,Tohoun,POINT (1.581812585011867 7.006543639464883),SEDEGNANHOE-HOUMENOUHOE
_mview_route_ralentisseurs.fid-7b1c8a4a_1943c5e84ca_6ea7,Plateaux,Moyen-Mono,Moyen-Mono 1,Tado,POINT (1.4735739644925028 7.1145392916256895),
_mview_route_ralentisseurs.fid-7b1c8a4a_1943c5e84ca_6ea8,Plateaux,Moyen-Mono,Moyen-Mono 1,Tado,POINT (1.4748168147654852 7.116091597761757),
_mview_route_ralentisseurs.fid-7b1c8a4a_1943c5e84ca_6ea9,Plateaux,Moyen-Mono,Moyen-Mono 1,Tado,POINT (1.4513156818213295 7.144534337948915),
_mview_route_ralentisseurs.fid-7b1c8a4a_1943c5e84ca_6eaa,Plateaux,Moyen-Mono,Moyen-Mono 1,Tado,POINT (1.454296021176332 7.147979710458582),
_mview_route_ralentisseurs.fid-7b1c8a4a_1943c5e84ca_6eab,Plateaux,Moyen-Mono,Moyen-Mono 1,Tado,POINT (1.551857518752096 7.143814121485832),
_mview_route_ralentisseurs.fid-7b1c8a4a_1943c5e84ca_6eac,Plateaux,Moyen-Mono,Moyen-Mono 1,Ahassomè,POINT (1.4957860852373395 7.227571462044579),
_mview_route_ralentisseurs.fid-7b1c8a4a_1943c5e84ca_6ead,Plateaux,Moyen-Mono,Moyen-Mono 1,Ahassomè,POINT (1.5021236634433486 7.269637785497529),
_mview_route_ralentisseurs.fid-7b1c8a4a_1943c5e84ca_6eae,Plateaux,Moyen-Mono,Moyen-Mono 1,Ahassomè,POINT (1.5030900972065966 7.27064246784153),
_mview_route_ralentisseurs.fid-7b1c8a4a_1943c5e84ca_6eaf,Plateaux,Ogou,Ogou 1,Houdou,POINT (1.1544249537368458 7.560410808527215),RN1-GBECCON-BOCCO-ADOUGBELA-AWAGOME
_mview_route_ralentisseurs.fid-7b1c8a4a_1943c5e84ca_6eb0,Plateaux,Ogou,Ogou 1,Houdou,POINT (1.1557772742675636 7.560899928048891),RN1-GBECCON-BOCCO-ADOUGBELA-AWAGOME
_mview_route_ralentisseurs.fid-7b1c8a4a_1943c5e84ca_6eb1,Plateaux,Ogou,Ogou 1,Houdou,POINT (1.1564080915729573 7.560999308858778),RN1-GBECCON-BOCCO-ADOUGBELA-AWAGOME
_mview_route_ralentisseurs.fid-7b1c8a4a_1943c5e84ca_6eb2,Plateaux,Ogou,Ogou 1,Houdou,POINT (1.156837904969213 7.561074306860931),RN1-GBECCON-BOCCO-ADOUGBELA-AWAGOME
_mview_route_ralentisseurs.fid-7b1c8a4a_1943c5e84ca_6eb3,Plateaux,Ogou,Ogou 1,Houdou,POINT (1.157547869535198 7.561256763082641),RN1-GBECCON-BOCCO-ADOUGBELA-AWAGOME
_mview_route_ralentisseurs.fid-7b1c8a4a_1943c5e84ca_6eb4,Plateaux,Ogou,Ogou 1,Houdou,POINT (1.1637765748425288 7.563539253547489),RN1-GBECCON-BOCCO-ADOUGBELA-AWAGOME
_mview_route_ralentisseurs.fid-7b1c8a4a_1943c5e84ca_6eb5,Plateaux,Ogou,Ogou 1,Houdou,POINT (1.1643772277674982 7.563624247848855),RN1-GBECCON-BOCCO-ADOUGBELA-AWAGOME
_mview_route_ralentisseurs.fid-7b1c8a4a_1943c5e84ca_6eb6,Plateaux,Ogou,Ogou 1,Houdou,POINT (1.1649552498930498 7.5636382788666845),RN1-GBECCON-BOCCO-ADOUGBELA-AWAGOME
_mview_route_ralentisseurs.fid-7b1c8a4a_1943c5e84ca_6eb7,Plateaux,Ogou,Ogou 1,Houdou,POINT (1.1655650969275406 7.563670956251874),RN1-GBECCON-BOCCO-ADOUGBELA-AWAGOME
_mview_route_ralentisseurs.fid-7b1c8a4a_1943c5e84ca_6eb8,Plateaux,Ogou,Ogou 1,Houdou,POINT (1.1553193399161992 7.612136367177156),
_mview_route_ralentisseurs.fid-7b1c8a4a_1943c5e84ca_6eb9,Plateaux,Ogou,Ogou 1,Gnagna,POINT (1.1317676204884206 7.523373852846027),TGRPRT RUE NIORT PLOLONGEE
_mview_route_ralentisseurs.fid-7b1c8a4a_1943c5e84ca_6eba,Plateaux,Ogou,Ogou 2,Datcha,POINT (1.153954322530865 7.431493430495637),
_mview_route_ralentisseurs.fid-7b1c8a4a_1943c5e84ca_6ebb,Plateaux,Ogou,Ogou 1,Gnagna,POINT (1.1271456434785476 7.529560282273495),TGRPRRRN5 ATAKPAME-KPALIME-AMOUSSOUKOPE
_mview_route_ralentisseurs.fid-7b1c8a4a_1943c5e84ca_6ebc,Plateaux,Ogou,Ogou 1,Houdou,POINT (1.1233320063870904 7.696434394724489),
_mview_route_ralentisseurs.fid-7b1c8a4a_1943c5e84ca_6ebd,Plateaux,Ogou,Ogou 1,Houdou,POINT (1.123459640290388 7.6964608413840025),
_mview_route_ralentisseurs.fid-7b1c8a4a_1943c5e84ca_6ebe,Plateaux,Ogou,Ogou 1,Houdou,POINT (1.1464322187823004 7.680035555341019),
_mview_route_ralentisseurs.fid-7b1c8a4a_1943c5e84ca_6ebf,Plateaux,Ogou,Ogou 1,Houdou,POINT (1.1465768540966685 7.6800589951511),
_mview_route_ralentisseurs.fid-7b1c8a4a_1943c5e84ca_6ec0,Plateaux,Ogou,Ogou 1,Houdou,POINT (1.1634769484979068 7.680002465929263),
_mview_route_ralentisseurs.fid-7b1c8a4a_1943c5e84ca_6ec1,Plateaux,Ogou,Ogou 1,Houdou,POINT (1.1636969497091583 7.6800223612408525),
_mview_route_ralentisseurs.fid-7b1c8a4a_1943c5e84ca_6ec2,Plateaux,Ogou,Ogou 2,Datcha,POINT (1.1996442411169517 7.389973226749776),
_mview_route_ralentisseurs.fid-7b1c8a4a_1943c5e84ca_6ec3,Plateaux,Ogou,Ogou 2,Datcha,POINT (1.1667114390092423 7.426694632355515),
_mview_route_ralentisseurs.fid-7b1c8a4a_1943c5e84ca_6ec4,Plateaux,Ogou,Ogou 2,Datcha,POINT (1.1663457328892541 7.426973940709063),
_mview_route_ralentisseurs.fid-7b1c8a4a_1943c5e84ca_6ec5,Plateaux,Ogou,Ogou 2,Datcha,POINT (1.1660372200835176 7.427146961270267),
_mview_route_ralentisseurs.fid-7b1c8a4a_1943c5e84ca_6ec6,Plateaux,Ogou,Ogou 2,Datcha,POINT (1.1657572392456361 7.42731660152967),
_mview_route_ralentisseurs.fid-7b1c8a4a_1943c5e84ca_6ec7,Plateaux,Ogou,Ogou 2,Datcha,POINT (1.1653636160075966 7.427597044298166),
_mview_route_ralentisseurs.fid-7b1c8a4a_1943c5e84ca_6ec8,Plateaux,Ogou,Ogou 1,Djama,POINT (1.173354729488116 7.563812314491048),RN1-GBECCON-BOCCO-ADOUGBELA-AWAGOME
_mview_route_ralentisseurs.fid-7b1c8a4a_1943c5e84ca_6ec9,Plateaux,Ogou,Ogou 1,Djama,POINT (1.1739031717438735 7.563804358294243),RN1-GBECCON-BOCCO-ADOUGBELA-AWAGOME
_mview_route_ralentisseurs.fid-7b1c8a4a_1943c5e84ca_6eca,Plateaux,Ogou,Ogou 1,Djama,POINT (1.174364952930078 7.5637968744662265),RN1-GBECCON-BOCCO-ADOUGBELA-AWAGOME
_mview_route_ralentisseurs.fid-7b1c8a4a_1943c5e84ca_6ecb,Plateaux,Ogou,Ogou 1,Djama,POINT (1.175242058195205 7.563769125900798),RN1-GBECCON-BOCCO-ADOUGBELA-AWAGOME
_mview_route_ralentisseurs.fid-7b1c8a4a_1943c5e84ca_6ecc,Plateaux,Ogou,Ogou 1,Djama,POINT (1.2054304785621992 7.5768137901607036),RN1-GBECCON-BOCCO-ADOUGBELA-AWAGOME
_mview_route_ralentisseurs.fid-7b1c8a4a_1943c5e84ca_6ecd,Plateaux,Ogou,Ogou 1,Djama,POINT (1.2055810062160557 7.5770153590354274),RN1-GBECCON-BOCCO-ADOUGBELA-AWAGOME
_mview_route_ralentisseurs.fid-7b1c8a4a_1943c5e84ca_6ece,Plateaux,Ogou,Ogou 1,Djama,POINT (1.2106386101459234 7.583615394713424),RN1-GBECCON-BOCCO-ADOUGBELA-AWAGOME
_mview_route_ralentisseurs.fid-7b1c8a4a_1943c5e84ca_6ecf,Plateaux,Ogou,Ogou 1,Djama,POINT (1.2112517941297305 7.5843864375074075),RN1-GBECCON-BOCCO-ADOUGBELA-AWAGOME
_mview_route_ralentisseurs.fid-7b1c8a4a_1943c5e84ca_6ed0,Plateaux,Ogou,Ogou 1,Djama,POINT (1.2121281644948956 7.585288517678325),RN1-GBECCON-BOCCO-ADOUGBELA-AWAGOME
_mview_route_ralentisseurs.fid-7b1c8a4a_1943c5e84ca_6ed1,Plateaux,Ogou,Ogou 1,Djama,POINT (1.213535160042672 7.5865181897691985),RN1-GBECCON-BOCCO-ADOUGBELA-AWAGOME
_mview_route_ralentisseurs.fid-7b1c8a4a_1943c5e84ca_6ed2,Plateaux,Ogou,Ogou 1,Djama,POINT (1.217425305824853 7.587670323381019),RN1-GBECCON-BOCCO-ADOUGBELA-AWAGOME
_mview_route_ralentisseurs.fid-7b1c8a4a_1943c5e84ca_6ed3,Plateaux,Ogou,Ogou 1,Djama,POINT (1.2179888654551485 7.5877186736630415),
_mview_route_ralentisseurs.fid-7b1c8a4a_1943c5e84ca_6ed4,Plateaux,Ogou,Ogou 1,Djama,POINT (1.2187319555583416 7.587791308084065),
_mview_route_ralentisseurs.fid-7b1c8a4a_1943c5e84ca_6ed5,Plateaux,Ogou,Ogou 1,Djama,POINT (1.244091780232834 7.5891360861727195),
_mview_route_ralentisseurs.fid-7b1c8a4a_1943c5e84ca_6ed6,Plateaux,Ogou,Ogou 1,Djama,POINT (1.2448610182759985 7.589244004275382),
_mview_route_ralentisseurs.fid-7b1c8a4a_1943c5e84ca_6ed7,Plateaux,Ogou,Ogou 1,Djama,POINT (1.2454180602817764 7.589362341164305),
_mview_route_ralentisseurs.fid-7b1c8a4a_1943c5e84ca_6ed8,Plateaux,Ogou,Ogou 1,Djama,POINT (1.245659094731129 7.589410113350066),
_mview_route_ralentisseurs.fid-7b1c8a4a_1943c5e84ca_6ed9,Plateaux,Ogou,Ogou 1,Djama,POINT (1.2545046001930442 7.589963179939361),
_mview_route_ralentisseurs.fid-7b1c8a4a_1943c5e84ca_6eda,Plateaux,Ogou,Ogou 1,Djama,POINT (1.2547620537788509 7.590055076952493),
_mview_route_ralentisseurs.fid-7b1c8a4a_1943c5e84ca_6edb,Plateaux,Ogou,Ogou 1,Djama,POINT (1.2550806328517865 7.590146987612499),
_mview_route_ralentisseurs.fid-7b1c8a4a_1943c5e84ca_6edc,Plateaux,Ogou,Ogou 1,Djama,POINT (1.2558302973816626 7.590335191550797),
_mview_route_ralentisseurs.fid-7b1c8a4a_1943c5e84ca_6edd,Plateaux,Ogou,Ogou 1,Djama,POINT (1.2562685603820243 7.5904494062638115),
_mview_route_ralentisseurs.fid-7b1c8a4a_1943c5e84ca_6ede,Plateaux,Ogou,Ogou 1,Djama,POINT (1.267410845298645 7.64351943556225),
_mview_route_ralentisseurs.fid-7b1c8a4a_1943c5e84ca_6edf,Plateaux,Ogou,Ogou 1,Djama,POINT (1.267687568316018 7.643937142089806),
_mview_route_ralentisseurs.fid-7b1c8a4a_1943c5e84ca_6ee0,Plateaux,Ogou,Ogou 2,Katoré,POINT (1.3529493001767814 7.376609933297338),
_mview_route_ralentisseurs.fid-7b1c8a4a_1943c5e84ca_6ee1,Plateaux,Ogou,Ogou 2,Katoré,POINT (1.3528074873733564 7.3763448711019795),
_mview_route_ralentisseurs.fid-7b1c8a4a_1943c5e84ca_6ee2,Plateaux,Ogou,Ogou 2,Katoré,POINT (1.2978723854735335 7.384625849741276),
_mview_route_ralentisseurs.fid-7b1c8a4a_1943c5e84ca_6ee3,Plateaux,Ogou,Ogou 2,Katoré,POINT (1.2675090808402434 7.43162686607748),
_mview_route_ralentisseurs.fid-7b1c8a4a_1943c5e84ca_6ee4,Plateaux,Ogou,Ogou 2,Katoré,POINT (1.267449590709757 7.431518716966378),
_mview_route_ralentisseurs.fid-7b1c8a4a_1943c5e84ca_6ee5,Plateaux,Ogou,Ogou 2,Katoré,POINT (1.2674915429047349 7.431594983278933),
_mview_route_ralentisseurs.fid-7b1c8a4a_1943c5e84ca_6ee6,Plateaux,Ogou,Ogou 2,Katoré,POINT (1.2674487295271146 7.4315171513931135),
_mview_route_ralentisseurs.fid-7b1c8a4a_1943c5e84ca_6ee7,Plateaux,Ogou,Ogou 1,Djama,POINT (1.2533759875600334 7.585943264008379),
_mview_route_ralentisseurs.fid-7b1c8a4a_1943c5e84ca_6ee8,Plateaux,Ogou,Ogou 1,Djama,POINT (1.253694670857151 7.5856742852574515),
_mview_route_ralentisseurs.fid-7b1c8a4a_1943c5e84ca_6ee9,Plateaux,Ogou,Ogou 1,Djama,POINT (1.2539871775344955 7.585491749674784),
_mview_route_ralentisseurs.fid-7b1c8a4a_1943c5e84ca_6eea,Plateaux,Ogou,Ogou 1,Djama,POINT (1.261350861274825 7.572143524680841),
_mview_route_ralentisseurs.fid-7b1c8a4a_1943c5e84ca_6eeb,Plateaux,Ogou,Ogou 1,Djama,POINT (1.261501215751909 7.571424432061572),
_mview_route_ralentisseurs.fid-7b1c8a4a_1943c5e84ca_6eec,Plateaux,Ogou,Ogou 1,Djama,POINT (1.2621182219918925 7.5713043742465915),
_mview_route_ralentisseurs.fid-7b1c8a4a_1943c5e84ca_6eed,Plateaux,Ogou,Ogou 1,Djama,POINT (1.2444690189450203 7.588111509616874),
_mview_route_ralentisseurs.fid-7b1c8a4a_1943c5e84ca_6eee,Plateaux,Ogou,Ogou 1,Djama,POINT (1.2445203104081894 7.5878503894525),
_mview_route_ralentisseurs.fid-7b1c8a4a_1943c5e84ca_6eef,Plateaux,Ogou,Ogou 1,Djama,POINT (1.2445863487604583 7.587521078543111),
_mview_route_ralentisseurs.fid-7b1c8a4a_1943c5e84ca_6ef0,Plateaux,Ogou,Ogou 1,Djama,POINT (1.2417150568981787 7.5697203974876865),
_mview_route_ralentisseurs.fid-7b1c8a4a_1943c5e84ca_6ef1,Plateaux,Ogou,Ogou 1,Djama,POINT (1.2415497643052784 7.570770194437392),
_mview_route_ralentisseurs.fid-7b1c8a4a_1943c5e84ca_6ef2,Plateaux,Ogou,Ogou 1,Djama,POINT (1.2413339455135182 7.570465137661433),
_mview_route_ralentisseurs.fid-7b1c8a4a_1943c5e84ca_6ef3,Plateaux,Ogou,Ogou 1,Djama,POINT (1.241095718926323 7.570180718926449),
_mview_route_ralentisseurs.fid-7b1c8a4a_1943c5e84ca_6ef4,Plateaux,Ogou,Ogou 1,Djama,POINT (1.228438949188436 7.573025307150531),
_mview_route_ralentisseurs.fid-7b1c8a4a_1943c5e84ca_6ef5,Plateaux,Ogou,Ogou 1,Djama,POINT (1.227841148973651 7.572965662832071),
_mview_route_ralentisseurs.fid-7b1c8a4a_1943c5e84ca_6ef6,Plateaux,Ogou,Ogou 1,Djama,POINT (1.2271868930123757 7.572777014043215),
_mview_route_ralentisseurs.fid-7b1c8a4a_1943c5e84ca_6ef7,Plateaux,Ogou,Ogou 1,Djama,POINT (1.2220618050530987 7.575280801046047),
_mview_route_ralentisseurs.fid-7b1c8a4a_1943c5e84ca_6ef8,Plateaux,Ogou,Ogou 1,Djama,POINT (1.2214711832841274 7.575938816716343),
_mview_route_ralentisseurs.fid-7b1c8a4a_1943c5e84ca_6ef9,Plateaux,Ogou,Ogou 1,Djama,POINT (1.2212471451623867 7.57620632373405),
_mview_route_ralentisseurs.fid-7b1c8a4a_1943c5e84ca_6efa,Plateaux,Ogou,Ogou 1,Djama,POINT (1.2207531652125734 7.576752254970109),
_mview_route_ralentisseurs.fid-7b1c8a4a_1943c5e84ca_6efb,Plateaux,Ogou,Ogou 1,Djama,POINT (1.1929441361947835 7.573642275496582),
_mview_route_ralentisseurs.fid-7b1c8a4a_1943c5e84ca_6efc,Plateaux,Ogou,Ogou 1,Djama,POINT (1.2994302004245148 7.534358092702225),
_mview_route_ralentisseurs.fid-7b1c8a4a_1943c5e84ca_6efd,Plateaux,Ogou,Ogou 1,Djama,POINT (1.3313151972257131 7.545526479123135),FLEUVE MONO
_mview_route_ralentisseurs.fid-7b1c8a4a_1943c5e84ca_6efe,Plateaux,Ogou,Ogou 1,Djama,POINT (1.3329286243864744 7.546033724564842),FLEUVE MONO
_mview_route_ralentisseurs.fid-7b1c8a4a_1943c5e84ca_6eff,Plateaux,Ogou,Ogou 1,Djama,POINT (1.3403876348501946 7.55053757664584),FLEUVE MONO
_mview_route_ralentisseurs.fid-7b1c8a4a_1943c5e84ca_6f00,Plateaux,Ogou,Ogou 1,Djama,POINT (1.3407428573626454 7.550948741754406),FLEUVE MONO
_mview_route_ralentisseurs.fid-7b1c8a4a_1943c5e84ca_6f01,Plateaux,Ogou,Ogou 1,Djama,POINT (1.3414714573017932 7.5523370963570375),FLEUVE MONO
_mview_route_ralentisseurs.fid-7b1c8a4a_1943c5e84ca_6f02,Plateaux,Ogou,Ogou 1,Gnagna,POINT (1.2047109863178471 7.501052572037287),
_mview_route_ralentisseurs.fid-7b1c8a4a_1943c5e84ca_6f03,Plateaux,Ogou,Ogou 1,Gnagna,POINT (1.2160891493738877 7.504643668243528),
_mview_route_ralentisseurs.fid-7b1c8a4a_1943c5e84ca_6f04,Savanes,Tandjoaré,Tandjoaré 1,Bogou,POINT (0.1743461561029788 10.658662060951803),
_mview_route_ralentisseurs.fid-7b1c8a4a_1943c5e84ca_6f05,Plateaux,Ogou,Ogou 1,Djama,POINT (1.1574426261124322 7.507543641482618),TGRPRR RUE RN1-NOUVEAU MARCHE
_mview_route_ralentisseurs.fid-7b1c8a4a_1943c5e84ca_6f06,Plateaux,Ogou,Ogou 1,Djama,POINT (1.1583690337691297 7.509327142687135),TGRPRR RUE RN1-NOUVEAU MARCHE
_mview_route_ralentisseurs.fid-7b1c8a4a_1943c5e84ca_6f07,Plateaux,Ogou,Ogou 1,Djama,POINT (1.1559283031662289 7.507873099050322),
_mview_route_ralentisseurs.fid-7b1c8a4a_1943c5e84ca_6f08,Plateaux,Ogou,Ogou 1,Djama,POINT (1.1542016376020967 7.508374511944567),
_mview_route_ralentisseurs.fid-7b1c8a4a_1943c5e84ca_6f09,Plateaux,Ogou,Ogou 3,Gléi,POINT (1.2090519734205425 7.243767956017085),
_mview_route_ralentisseurs.fid-7b1c8a4a_1943c5e84ca_6f0a,Plateaux,Ogou,Ogou 3,Gléi,POINT (1.2455163821331185 7.2482266527522645),
_mview_route_ralentisseurs.fid-7b1c8a4a_1943c5e84ca_6f0b,Plateaux,Ogou,Ogou 3,Gléi,POINT (1.2456964270300432 7.248139446613953),
_mview_route_ralentisseurs.fid-7b1c8a4a_1943c5e84ca_6f0c,Plateaux,Ogou,Ogou 3,Gléi,POINT (1.2458768960862838 7.248032433304321),
_mview_route_ralentisseurs.fid-7b1c8a4a_1943c5e84ca_6f0d,Plateaux,Ogou,Ogou 3,Gléi,POINT (1.246713302752363 7.247536464803424),
_mview_route_ralentisseurs.fid-7b1c8a4a_1943c5e84ca_6f0e,Plateaux,Ogou,Ogou 3,Gléi,POINT (1.289680934488528 7.224111757302488),
_mview_route_ralentisseurs.fid-7b1c8a4a_1943c5e84ca_6f0f,Plateaux,Ogou,Ogou 3,Gléi,POINT (1.2896182178224238 7.223625122573162),
_mview_route_ralentisseurs.fid-7b1c8a4a_1943c5e84ca_6f10,Plateaux,Ogou,Ogou 3,Gléi,POINT (1.2894520057211445 7.2223354397153265),
_mview_route_ralentisseurs.fid-7b1c8a4a_1943c5e84ca_6f11,Plateaux,Ogou,Ogou 3,Gléi,POINT (1.2897090569377867 7.224329966582945),
_mview_route_ralentisseurs.fid-7b1c8a4a_1943c5e84ca_6f12,Plateaux,Ogou,Ogou 2,Akparé,POINT (1.2645310101568108 7.4520060231557474),
_mview_route_ralentisseurs.fid-7b1c8a4a_1943c5e84ca_6f13,Plateaux,Ogou,Ogou 3,Gléi,POINT (1.2135243864192569 7.317433913396756),
_mview_route_ralentisseurs.fid-7b1c8a4a_1943c5e84ca_6f14,Plateaux,Ogou,Ogou 3,Gléi,POINT (1.3247293858616223 7.237377088495809),
_mview_route_ralentisseurs.fid-7b1c8a4a_1943c5e84ca_6f15,Plateaux,Ogou,Ogou 3,Gléi,POINT (1.3247911733412532 7.2359160999167775),
_mview_route_ralentisseurs.fid-7b1c8a4a_1943c5e84ca_6f16,Plateaux,Ogou,Ogou 2,Akparé,POINT (1.3131082989922784 7.472432097027615),
_mview_route_ralentisseurs.fid-7b1c8a4a_1943c5e84ca_6f17,Plateaux,Ogou,Ogou 3,Gléi,POINT (1.2971507336306387 7.296909903815891),
_mview_route_ralentisseurs.fid-7b1c8a4a_1943c5e84ca_6f18,Plateaux,Ogou,Ogou 3,Gléi,POINT (1.2978035552135005 7.297755444013953),
_mview_route_ralentisseurs.fid-7b1c8a4a_1943c5e84ca_6f19,Plateaux,Ogou,Ogou 3,Gléi,POINT (1.2979603047201682 7.297955173246101),
_mview_route_ralentisseurs.fid-7b1c8a4a_1943c5e84ca_6f1a,Plateaux,Ogou,Ogou 3,Gléi,POINT (1.2980766120033989 7.298094179661078),
_mview_route_ralentisseurs.fid-7b1c8a4a_1943c5e84ca_6f1b,Plateaux,Ogou,Ogou 3,Gléi,POINT (1.297617209311042 7.297546474711455),
_mview_route_ralentisseurs.fid-7b1c8a4a_1943c5e84ca_6f1c,Plateaux,Ogou,Ogou 3,Gléi,POINT (1.297499502933006 7.297420995283988),
_mview_route_ralentisseurs.fid-7b1c8a4a_1943c5e84ca_6f1d,Savanes,Tandjoaré,Tandjoaré 1,Boulogou,POINT (0.2974966065773522 10.616975226049687),
_mview_route_ralentisseurs.fid-7b1c8a4a_1943c5e84ca_6f1e,Plateaux,Ogou,Ogou 3,Gléi,POINT (1.297068446532431 7.29672618022315),
_mview_route_ralentisseurs.fid-7b1c8a4a_1943c5e84ca_6f1f,Plateaux,Ogou,Ogou 4,Ountivou,POINT (1.4341647573955834 7.416132922945659),AKPARE-NANGBETO
_mview_route_ralentisseurs.fid-7b1c8a4a_1943c5e84ca_6f20,Plateaux,Ogou,Ogou 4,Ountivou,POINT (1.434167757493599 7.416216325335361),AKPARE-NANGBETO
_mview_route_ralentisseurs.fid-7b1c8a4a_1943c5e84ca_6f21,Plateaux,Ogou,Ogou 4,Ountivou,POINT (1.4341979657253634 7.417017726233329),AKPARE-NANGBETO
_mview_route_ralentisseurs.fid-7b1c8a4a_1943c5e84ca_6f22,Plateaux,Ogou,Ogou 4,Ountivou,POINT (1.434192120279545 7.416941120145731),AKPARE-NANGBETO
_mview_route_ralentisseurs.fid-7b1c8a4a_1943c5e84ca_6f23,Plateaux,Ogou,Ogou 4,Ountivou,POINT (1.4341865612010112 7.41684111847294),AKPARE-NANGBETO
_mview_route_ralentisseurs.fid-7b1c8a4a_1943c5e84ca_6f24,Plateaux,Ogou,Ogou 4,Ountivou,POINT (1.4341696608318435 7.416269237957046),AKPARE-NANGBETO
_mview_route_ralentisseurs.fid-7b1c8a4a_1943c5e84ca_6f25,Plateaux,Ogou,Ogou 4,Ountivou,POINT (1.4415653511749928 7.413179174082251),
_mview_route_ralentisseurs.fid-7b1c8a4a_1943c5e84ca_6f26,Plateaux,Ogou,Ogou 4,Ountivou,POINT (1.4444187038583847 7.411445345309439),
_mview_route_ralentisseurs.fid-7b1c8a4a_1943c5e84ca_6f27,Plateaux,Ogou,Ogou 4,Ountivou,POINT (1.4444243162868722 7.411441410613695),
_mview_route_ralentisseurs.fid-7b1c8a4a_1943c5e84ca_6f28,Plateaux,Ogou,Ogou 4,Ountivou,POINT (1.441570714988185 7.413175682543033),
_mview_route_ralentisseurs.fid-7b1c8a4a_1943c5e84ca_6f29,Plateaux,Ogou,Ogou 3,Gléi,POINT (1.3430502861880582 7.282299621179807),
_mview_route_ralentisseurs.fid-7b1c8a4a_1943c5e84ca_6f2a,Plateaux,Ogou,Ogou 3,Gléi,POINT (1.3428999092583407 7.281819364983508),
_mview_route_ralentisseurs.fid-7b1c8a4a_1943c5e84ca_6f2b,Plateaux,Ogou,Ogou 3,Gléi,POINT (1.0837583859253523 7.320401128986213),
_mview_route_ralentisseurs.fid-7b1c8a4a_1943c5e84ca_6f2c,Plateaux,Ogou,Ogou 3,Gléi,POINT (1.0830533189262839 7.320663979929497),
_mview_route_ralentisseurs.fid-7b1c8a4a_1943c5e84ca_6f2d,Plateaux,Ogou,Ogou 4,Ountivou,POINT (1.4463396470371679 7.430128347089134),TGRPRTRN8 NANVBETO-OUNTIVOU-RN6 TOHOUN
_mview_route_ralentisseurs.fid-7b1c8a4a_1943c5e84ca_6f2e,Plateaux,Ogou,Ogou 4,Ountivou,POINT (1.4473053740309205 7.429983379079976),TGRPRTRN8 NANVBETO-OUNTIVOU-RN6 TOHOUN
_mview_route_ralentisseurs.fid-7b1c8a4a_1943c5e84ca_6f2f,Plateaux,Ogou,Ogou 4,Ountivou,POINT (1.5679400359756837 7.360347461344674),TGRPRTRN8 NANVBETO-OUNTIVOU-RN6 TOHOUN
_mview_route_ralentisseurs.fid-7b1c8a4a_1943c5e84ca_6f30,Plateaux,Ogou,Ogou 4,Ountivou,POINT (1.5682389547001871 7.360740878349673),TGRPRTRN8 NANVBETO-OUNTIVOU-RN6 TOHOUN
_mview_route_ralentisseurs.fid-7b1c8a4a_1943c5e84ca_6f31,Plateaux,Ogou,Ogou 4,Ountivou,POINT (1.6019990898741583 7.4547398444627095),
_mview_route_ralentisseurs.fid-7b1c8a4a_1943c5e84ca_6f32,Plateaux,Ogou,Ogou 3,Gléi,POINT (1.1702386676295398 7.336880043925552),
_mview_route_ralentisseurs.fid-7b1c8a4a_1943c5e84ca_6f33,Plateaux,Ogou,Ogou 3,Gléi,POINT (1.1705104574616436 7.337009608693618),
_mview_route_ralentisseurs.fid-7b1c8a4a_1943c5e84ca_6f34,Plateaux,Ogou,Ogou 3,Gléi,POINT (1.1700113064080433 7.336792544439726),
_mview_route_ralentisseurs.fid-7b1c8a4a_1943c5e84ca_6f35,Plateaux,Ogou,Ogou 4,Ountivou,POINT (1.5982285058955437 7.483960885329336),
_mview_route_ralentisseurs.fid-7b1c8a4a_1943c5e84ca_6f36,Plateaux,Ogou,Ogou 4,Ountivou,POINT (1.5982860540341648 7.4838725094429215),
_mview_route_ralentisseurs.fid-7b1c8a4a_1943c5e84ca_6f37,Plateaux,Ogou,Ogou 4,Ountivou,POINT (1.5677832159825822 7.35507259291611),
_mview_route_ralentisseurs.fid-7b1c8a4a_1943c5e84ca_6f38,Plateaux,Ogou,Ogou 3,Gléi,POINT (1.1636007513110456 7.379881360858776),
_mview_route_ralentisseurs.fid-7b1c8a4a_1943c5e84ca_6f39,Plateaux,Ogou,Ogou 3,Gléi,POINT (1.1633947154233133 7.379992333495041),
_mview_route_ralentisseurs.fid-7b1c8a4a_1943c5e84ca_6f3a,Plateaux,Ogou,Ogou 1,Djama,POINT (1.1218633365904949 7.543614999969676),
_mview_route_ralentisseurs.fid-7b1c8a4a_1943c5e84ca_6f3b,Plateaux,Ogou,Ogou 1,Djama,POINT (1.1222558000631166 7.543572354662982),
_mview_route_ralentisseurs.fid-7b1c8a4a_1943c5e84ca_6f3c,Plateaux,Ogou,Ogou 1,Djama,POINT (1.1645177224559569 7.521024979661367),
_mview_route_ralentisseurs.fid-7b1c8a4a_1943c5e84ca_6f3d,Plateaux,Ogou,Ogou 1,Djama,POINT (1.1598027026190514 7.524899189213724),
_mview_route_ralentisseurs.fid-7b1c8a4a_1943c5e84ca_6f3e,Plateaux,Ogou,Ogou 1,Djama,POINT (1.1567436138008007 7.529420544796975),
_mview_route_ralentisseurs.fid-7b1c8a4a_1943c5e84ca_6f3f,Plateaux,Ogou,Ogou 1,Djama,POINT (1.1628033672980786 7.527389014500891),
_mview_route_ralentisseurs.fid-7b1c8a4a_1943c5e84ca_6f40,Plateaux,Ogou,Ogou 1,Djama,POINT (1.162812498223285 7.529266704593451),
_mview_route_ralentisseurs.fid-7b1c8a4a_1943c5e84ca_6f41,Plateaux,Ogou,Ogou 1,Djama,POINT (1.1628230367783372 7.529670488382253),
_mview_route_ralentisseurs.fid-7b1c8a4a_1943c5e84ca_6f42,Plateaux,Ogou,Ogou 2,Katoré,POINT (1.3291852316602022 7.336627744992174),YAOVI-COPÉ-KODJATCHAN
_mview_route_ralentisseurs.fid-7b1c8a4a_1943c5e84ca_6f43,Savanes,Oti,Oti 2,Nagbéni,POINT (0.3769719249115662 10.642241836451532),TGRSRTRN24 RN1 GALANGASHI-NAKI EST
_mview_route_ralentisseurs.fid-7b1c8a4a_1943c5e84ca_6f44,Savanes,Oti,Oti 2,Nagbéni,POINT (0.3757839996744315 10.645013537986259),TGRSRTRN24 RN1 GALANGASHI-NAKI EST
_mview_route_ralentisseurs.fid-7b1c8a4a_1943c5e84ca_6f45,Savanes,Oti,Oti 1,Mango,POINT (0.475783417153413 10.349667749088304),
_mview_route_ralentisseurs.fid-7b1c8a4a_1943c5e84ca_6f46,Savanes,Oti,Oti 1,Mango,POINT (0.4757643553929935 10.349986038001841),
_mview_route_ralentisseurs.fid-7b1c8a4a_1943c5e84ca_6f47,Savanes,Oti,Oti 1,Mango,POINT (0.4830617584369108 10.36631996894242),
_mview_route_ralentisseurs.fid-7b1c8a4a_1943c5e84ca_6f48,Savanes,Oti-Sud,Oti-Sud 1,Sagbiebou,POINT (0.6430810165320079 10.243359830167787),
_mview_route_ralentisseurs.fid-7b1c8a4a_1943c5e84ca_6f49,Savanes,Oti-Sud,Oti-Sud 1,Sagbiebou,POINT (0.6428397950050548 10.242894511477212),
_mview_route_ralentisseurs.fid-7b1c8a4a_1943c5e84ca_6f4a,Savanes,Oti-Sud,Oti-Sud 1,Sagbiebou,POINT (0.6426562912225965 10.242565332654083),
_mview_route_ralentisseurs.fid-7b1c8a4a_1943c5e84ca_6f4b,Savanes,Oti-Sud,Oti-Sud 1,Sagbiebou,POINT (0.642391652143426 10.242011983227972),
_mview_route_ralentisseurs.fid-7b1c8a4a_1943c5e84ca_6f4c,Savanes,Oti-Sud,Oti-Sud 1,Gando,POINT (0.7204336402163107 10.366445294071209),
_mview_route_ralentisseurs.fid-7b1c8a4a_1943c5e84ca_6f4d,Savanes,Oti-Sud,Oti-Sud 1,Tchamonga,POINT (0.7250402778920683 10.637907396153965),
_mview_route_ralentisseurs.fid-7b1c8a4a_1943c5e84ca_6f4e,Savanes,Oti-Sud,Oti-Sud 1,Gando,POINT (0.7467946057959268 10.33160375961036),TGRSRTRN22A RN1 SAGBIEBOU-GANDO
_mview_route_ralentisseurs.fid-7b1c8a4a_1943c5e84ca_6f4f,Savanes,Oti-Sud,Oti-Sud 1,Gando,POINT (0.7603683623257861 10.354126552050959),
_mview_route_ralentisseurs.fid-7b1c8a4a_1943c5e84ca_6f50,Savanes,Oti-Sud,Oti-Sud 1,Gando,POINT (0.7606477442395274 10.354201814143778),
_mview_route_ralentisseurs.fid-7b1c8a4a_1943c5e84ca_6f51,Savanes,Oti-Sud,Oti-Sud 1,Gando,POINT (0.7843154640746165 10.347141921810632),
_mview_route_ralentisseurs.fid-7b1c8a4a_1943c5e84ca_6f52,Savanes,Oti-Sud,Oti-Sud 1,Gando,POINT (0.8201535468076815 10.254342907243696),
_mview_route_ralentisseurs.fid-7b1c8a4a_1943c5e84ca_6f53,Savanes,Oti-Sud,Oti-Sud 1,Gando,POINT (0.8469454156223188 10.288895269960353),
_mview_route_ralentisseurs.fid-7b1c8a4a_1943c5e84ca_6f54,Savanes,Oti-Sud,Oti-Sud 1,Gando,POINT (0.8977012561029275 10.260189085093131),
_mview_route_ralentisseurs.fid-7b1c8a4a_1943c5e84ca_6f55,Savanes,Oti-Sud,Oti-Sud 2,Kountoire,POINT (0.6982570976126694 10.13152423626798),
_mview_route_ralentisseurs.fid-7b1c8a4a_1943c5e84ca_6f56,Savanes,Oti-Sud,Oti-Sud 1,Gando,POINT (0.801233055637052 10.194405518818776),
_mview_route_ralentisseurs.fid-7b1c8a4a_1943c5e84ca_6f57,Savanes,Oti-Sud,Oti-Sud 1,Gando,POINT (0.8793343369109479 10.256254824078985),
_mview_route_ralentisseurs.fid-7b1c8a4a_1943c5e84ca_6f58,Savanes,Oti-Sud,Oti-Sud 1,Gando,POINT (0.878809029621982 10.256294608323946),
_mview_route_ralentisseurs.fid-7b1c8a4a_1943c5e84ca_6f59,Savanes,Oti-Sud,Oti-Sud 1,Gando,POINT (0.8785391544109987 10.256297153642851),
_mview_route_ralentisseurs.fid-7b1c8a4a_1943c5e84ca_6f5a,Savanes,Oti-Sud,Oti-Sud 1,Gando,POINT (0.8782172369998111 10.256254530665277),
_mview_route_ralentisseurs.fid-7b1c8a4a_1943c5e84ca_6f5b,Savanes,Oti-Sud,Oti-Sud 1,Gando,POINT (0.8734985093058554 10.25537237134871),
_mview_route_ralentisseurs.fid-7b1c8a4a_1943c5e84ca_6f5c,Savanes,Oti-Sud,Oti-Sud 2,Koumongou,POINT (0.4410751255476429 10.181184461214068),
_mview_route_ralentisseurs.fid-7b1c8a4a_1943c5e84ca_6f5d,Savanes,Oti-Sud,Oti-Sud 2,Koumongou,POINT (0.4431444775348949 10.177936108443502),
_mview_route_ralentisseurs.fid-7b1c8a4a_1943c5e84ca_6f5e,Savanes,Oti-Sud,Oti-Sud 2,Koumongou,POINT (0.4462031682645216 10.186122755813935),TGRSRTRN17 KATCHAMBA-SADORI RN1
_mview_route_ralentisseurs.fid-7b1c8a4a_1943c5e84ca_6f5f,Savanes,Oti-Sud,Oti-Sud 2,Koumongou,POINT (0.4461175606598841 10.18506769366513),TGRSRTRN17 KATCHAMBA-SADORI RN1
_mview_route_ralentisseurs.fid-7b1c8a4a_1943c5e84ca_6f60,Savanes,Oti-Sud,Oti-Sud 2,Koumongou,POINT (0.4460856791281178 10.184415830617509),TGRSRTRN17 KATCHAMBA-SADORI RN1
_mview_route_ralentisseurs.fid-7b1c8a4a_1943c5e84ca_6f61,Savanes,Oti-Sud,Oti-Sud 2,Koumongou,POINT (0.4438282610622112 10.190618017157153),
_mview_route_ralentisseurs.fid-7b1c8a4a_1943c5e84ca_6f62,Savanes,Oti-Sud,Oti-Sud 2,Koumongou,POINT (0.4439034094096116 10.19043418018107),
_mview_route_ralentisseurs.fid-7b1c8a4a_1943c5e84ca_6f63,Savanes,Oti-Sud,Oti-Sud 2,Takpamba,POINT (0.577569223230391 9.97067866481588),
_mview_route_ralentisseurs.fid-7b1c8a4a_1943c5e84ca_6f64,Savanes,Oti-Sud,Oti-Sud 2,Takpamba,POINT (0.5781570925687208 9.967678922990931),
_mview_route_ralentisseurs.fid-7b1c8a4a_1943c5e84ca_6f65,Centrale,Sotouboua,Sotouboua 2,Aouda,POINT (1.0535066664567494 8.732828333350927),
_mview_route_ralentisseurs.fid-7b1c8a4a_1943c5e84ca_6f66,Centrale,Sotouboua,Sotouboua 2,Séssaro,POINT (1.2227884229032364 8.6067650173704),
_mview_route_ralentisseurs.fid-7b1c8a4a_1943c5e84ca_6f67,Centrale,Sotouboua,Sotouboua 2,Séssaro,POINT (1.223317014003512 8.607578694342937),
_mview_route_ralentisseurs.fid-7b1c8a4a_1943c5e84ca_6f68,Centrale,Sotouboua,Sotouboua 2,Séssaro,POINT (1.2238464041294757 8.608392452244097),
_mview_route_ralentisseurs.fid-7b1c8a4a_1943c5e84ca_6f69,Centrale,Sotouboua,Sotouboua 2,Séssaro,POINT (1.2263980131295065 8.612922016517683),
_mview_route_ralentisseurs.fid-7b1c8a4a_1943c5e84ca_6f6a,Centrale,Sotouboua,Sotouboua 2,Séssaro,POINT (1.2268315282403541 8.614018397304724),
_mview_route_ralentisseurs.fid-7b1c8a4a_1943c5e84ca_6f6b,Centrale,Sotouboua,Sotouboua 2,Séssaro,POINT (1.2327835983067494 8.62071588604818),
_mview_route_ralentisseurs.fid-7b1c8a4a_1943c5e84ca_6f6c,Centrale,Sotouboua,Sotouboua 2,Séssaro,POINT (1.1829964345997663 8.619698588010198),
_mview_route_ralentisseurs.fid-7b1c8a4a_1943c5e84ca_6f6d,Centrale,Sotouboua,Sotouboua 2,Adjengré,POINT (1.0199690809691 8.674598612445033),
_mview_route_ralentisseurs.fid-7b1c8a4a_1943c5e84ca_6f6e,Centrale,Sotouboua,Sotouboua 2,Adjengré,POINT (1.0209752658065925 8.674497648886545),
_mview_route_ralentisseurs.fid-7b1c8a4a_1943c5e84ca_6f6f,Centrale,Sotouboua,Sotouboua 2,Adjengré,POINT (1.02045305851947 8.674542511718245),
_mview_route_ralentisseurs.fid-7b1c8a4a_1943c5e84ca_6f70,Centrale,Sotouboua,Sotouboua 2,Adjengré,POINT (1.0195430056427897 8.6746430275435),
_mview_route_ralentisseurs.fid-7b1c8a4a_1943c5e84ca_6f71,Centrale,Sotouboua,Sotouboua 2,Adjengré,POINT (1.0189256199990322 8.674710589671813),
_mview_route_ralentisseurs.fid-7b1c8a4a_1943c5e84ca_6f72,Centrale,Sotouboua,Sotouboua 2,Adjengré,POINT (1.0082688453022757 8.675699307162347),
_mview_route_ralentisseurs.fid-7b1c8a4a_1943c5e84ca_6f73,Centrale,Sotouboua,Sotouboua 2,Adjengré,POINT (1.007648395654238 8.675751488699895),
_mview_route_ralentisseurs.fid-7b1c8a4a_1943c5e84ca_6f74,Centrale,Sotouboua,Sotouboua 2,Adjengré,POINT (1.0064644035505679 8.675856630017435),
_mview_route_ralentisseurs.fid-7b1c8a4a_1943c5e84ca_6f75,Centrale,Sotouboua,Sotouboua 2,Adjengré,POINT (1.005540154785121 8.675962514520064),
_mview_route_ralentisseurs.fid-7b1c8a4a_1943c5e84ca_6f76,Centrale,Sotouboua,Sotouboua 2,Adjengré,POINT (1.0046460377559059 8.67603514348494),
_mview_route_ralentisseurs.fid-7b1c8a4a_1943c5e84ca_6f77,Centrale,Sotouboua,Sotouboua 2,Adjengré,POINT (1.0036586508231735 8.67607534695092),
_mview_route_ralentisseurs.fid-7b1c8a4a_1943c5e84ca_6f78,Centrale,Sotouboua,Sotouboua 2,Kériadé,POINT (0.9310421598879074 8.683152955276308),
_mview_route_ralentisseurs.fid-7b1c8a4a_1943c5e84ca_6f79,Centrale,Sotouboua,Sotouboua 2,Aouda,POINT (0.962772465669671 8.811560210650207),
_mview_route_ralentisseurs.fid-7b1c8a4a_1943c5e84ca_6f7a,Centrale,Sotouboua,Sotouboua 2,Aouda,POINT (0.9548349445279667 8.814601958873904),
_mview_route_ralentisseurs.fid-7b1c8a4a_1943c5e84ca_6f7b,Centrale,Sotouboua,Sotouboua 2,Aouda,POINT (0.9643116111400113 8.79216749647075),LAMATESSI-AOUMADJATOM
_mview_route_ralentisseurs.fid-7b1c8a4a_1943c5e84ca_6f7c,Centrale,Sotouboua,Sotouboua 3,Tchébébé,POINT (0.9922974558455341 8.422436742209623),
_mview_route_ralentisseurs.fid-7b1c8a4a_1943c5e84ca_6f7d,Centrale,Sotouboua,Sotouboua 3,Tchébébé,POINT (0.9930458450411173 8.4224955857667),
_mview_route_ralentisseurs.fid-7b1c8a4a_1943c5e84ca_6f7e,Centrale,Sotouboua,Sotouboua 3,Tchébébé,POINT (0.9936389128287463 8.42304289747961),
_mview_route_ralentisseurs.fid-7b1c8a4a_1943c5e84ca_6f7f,Centrale,Sotouboua,Sotouboua 3,Tchébébé,POINT (0.9948464651152531 8.429117797444238),
_mview_route_ralentisseurs.fid-7b1c8a4a_1943c5e84ca_6f80,Centrale,Sotouboua,Sotouboua 3,Tchébébé,POINT (0.9949259381841973 8.43049363452213),
_mview_route_ralentisseurs.fid-7b1c8a4a_1943c5e84ca_6f81,Centrale,Sotouboua,Sotouboua 3,Tchébébé,POINT (0.9946955103387813 8.432772668965423),
_mview_route_ralentisseurs.fid-7b1c8a4a_1943c5e84ca_6f82,Centrale,Sotouboua,Sotouboua 3,Tchébébé,POINT (0.9947233833505627 8.432580956985403),
_mview_route_ralentisseurs.fid-7b1c8a4a_1943c5e84ca_6f83,Centrale,Sotouboua,Sotouboua 3,Tchébébé,POINT (0.9948077355156781 8.432038434549352),
_mview_route_ralentisseurs.fid-7b1c8a4a_1943c5e84ca_6f84,Centrale,Sotouboua,Sotouboua 3,Tchébébé,POINT (0.9938951100561201 8.42406011624947),
_mview_route_ralentisseurs.fid-7b1c8a4a_1943c5e84ca_6f85,Centrale,Sotouboua,Sotouboua 3,Tchébébé,POINT (0.9937534945563397 8.44002904014641),
_mview_route_ralentisseurs.fid-7b1c8a4a_1943c5e84ca_6f86,Centrale,Sotouboua,Sotouboua 3,Tchébébé,POINT (0.9943483900876173 8.439193527923013),
_mview_route_ralentisseurs.fid-7b1c8a4a_1943c5e84ca_6f87,Centrale,Sotouboua,Sotouboua 3,Tchébébé,POINT (0.9945035492179604 8.438229507849368),
_mview_route_ralentisseurs.fid-7b1c8a4a_1943c5e84ca_6f88,Centrale,Sotouboua,Sotouboua 3,Tchébébé,POINT (0.9949653444622143 8.435179886421993),
_mview_route_ralentisseurs.fid-7b1c8a4a_1943c5e84ca_6f89,Centrale,Sotouboua,Sotouboua 3,Tchébébé,POINT (0.9948617562066069 8.43412666051648),
_mview_route_ralentisseurs.fid-7b1c8a4a_1943c5e84ca_6f8a,Centrale,Sotouboua,Sotouboua 1,Tabindè,POINT (1.0812130116963217 8.589676154230602),
_mview_route_ralentisseurs.fid-7b1c8a4a_1943c5e84ca_6f8b,Centrale,Sotouboua,Sotouboua 1,Tabindè,POINT (1.0794882077754977 8.587233426151458),
_mview_route_ralentisseurs.fid-7b1c8a4a_1943c5e84ca_6f8c,Centrale,Sotouboua,Sotouboua 1,Tabindè,POINT (1.078923547872622 8.586714146808102),
_mview_route_ralentisseurs.fid-7b1c8a4a_1943c5e84ca_6f8d,Centrale,Sotouboua,Sotouboua 3,Tchébébé,POINT (0.9904330123002261 8.423028684867482),
_mview_route_ralentisseurs.fid-7b1c8a4a_1943c5e84ca_6f8e,Centrale,Sotouboua,Sotouboua 3,Tchébébé,POINT (0.9902053881583947 8.422976302756021),
_mview_route_ralentisseurs.fid-7b1c8a4a_1943c5e84ca_6f8f,Centrale,Sotouboua,Sotouboua 3,Tchébébé,POINT (0.989189294252098 8.42268032034929),
_mview_route_ralentisseurs.fid-7b1c8a4a_1943c5e84ca_6f90,Centrale,Sotouboua,Sotouboua 3,Tchébébé,POINT (0.8996326452201829 8.40824799970411),
_mview_route_ralentisseurs.fid-7b1c8a4a_1943c5e84ca_6f91,Centrale,Sotouboua,Sotouboua 3,Tchébébé,POINT (0.8997510445923231 8.410568574156194),
_mview_route_ralentisseurs.fid-7b1c8a4a_1943c5e84ca_6f92,Centrale,Sotouboua,Sotouboua 3,Tchébébé,POINT (0.8997730585471045 8.412450691425025),
_mview_route_ralentisseurs.fid-7b1c8a4a_1943c5e84ca_6f93,Centrale,Sotouboua,Sotouboua 3,Tchébébé,POINT (0.8997960774659112 8.413246145179926),
_mview_route_ralentisseurs.fid-7b1c8a4a_1943c5e84ca_6f94,Centrale,Sotouboua,Sotouboua 3,Tchébébé,POINT (0.9247448505461264 8.43596020463925),
_mview_route_ralentisseurs.fid-7b1c8a4a_1943c5e84ca_6f95,Centrale,Sotouboua,Sotouboua 3,Tchébébé,POINT (0.9255079246906878 8.436342511998523),
_mview_route_ralentisseurs.fid-7b1c8a4a_1943c5e84ca_6f96,Centrale,Sotouboua,Sotouboua 3,Tchébébé,POINT (0.9264503031357609 8.436801330196449),
_mview_route_ralentisseurs.fid-7b1c8a4a_1943c5e84ca_6f97,Centrale,Sotouboua,Sotouboua 1,Sotouboua,POINT (0.9778709773456854 8.561810670710047),
_mview_route_ralentisseurs.fid-7b1c8a4a_1943c5e84ca_6f98,Centrale,Sotouboua,Sotouboua 1,Sotouboua,POINT (0.9775578164396684 8.561936174104526),
_mview_route_ralentisseurs.fid-7b1c8a4a_1943c5e84ca_6f99,Centrale,Sotouboua,Sotouboua 1,Sotouboua,POINT (0.9773489324143089 8.56202350283356),
_mview_route_ralentisseurs.fid-7b1c8a4a_1943c5e84ca_6f9a,Centrale,Sotouboua,Sotouboua 1,Sotouboua,POINT (1.0314166655818624 8.567965739150289),
_mview_route_ralentisseurs.fid-7b1c8a4a_1943c5e84ca_6f9b,Centrale,Sotouboua,Sotouboua 1,Sotouboua,POINT (1.0322416234818936 8.567980259668605),
_mview_route_ralentisseurs.fid-7b1c8a4a_1943c5e84ca_6f9c,Centrale,Sotouboua,Sotouboua 1,Sotouboua,POINT (1.0335349643869673 8.568003873667225),
_mview_route_ralentisseurs.fid-7b1c8a4a_1943c5e84ca_6f9d,Centrale,Sotouboua,Sotouboua 1,Sotouboua,POINT (1.0349495677299068 8.568149082176518),
_mview_route_ralentisseurs.fid-7b1c8a4a_1943c5e84ca_6f9e,Centrale,Sotouboua,Sotouboua 1,Sotouboua,POINT (1.0363544589486318 8.56871613934374),
_mview_route_ralentisseurs.fid-7b1c8a4a_1943c5e84ca_6f9f,Centrale,Sotouboua,Sotouboua 1,Sotouboua,POINT (1.0375605940606671 8.569366494221537),
_mview_route_ralentisseurs.fid-7b1c8a4a_1943c5e84ca_6fa0,Centrale,Sotouboua,Sotouboua 1,Sotouboua,POINT (1.0387842586511347 8.570151119950916),
_mview_route_ralentisseurs.fid-7b1c8a4a_1943c5e84ca_6fa1,Centrale,Sotouboua,Sotouboua 1,Sotouboua,POINT (1.0395355085525941 8.570842818219266),
_mview_route_ralentisseurs.fid-7b1c8a4a_1943c5e84ca_6fa2,Centrale,Sotouboua,Sotouboua 1,Sotouboua,POINT (1.0404914144339352 8.572120516338257),
_mview_route_ralentisseurs.fid-7b1c8a4a_1943c5e84ca_6fa3,Centrale,Sotouboua,Sotouboua 1,Sotouboua,POINT (1.0411525774628723 8.573090852267137),
_mview_route_ralentisseurs.fid-7b1c8a4a_1943c5e84ca_6fa4,Centrale,Sotouboua,Sotouboua 1,Sotouboua,POINT (1.0428262074444268 8.574883947137035),
_mview_route_ralentisseurs.fid-7b1c8a4a_1943c5e84ca_6fa5,Centrale,Sotouboua,Sotouboua 1,Sotouboua,POINT (0.9565622141729431 8.562490576038295),
_mview_route_ralentisseurs.fid-7b1c8a4a_1943c5e84ca_6fa6,Centrale,Sotouboua,Sotouboua 1,Sotouboua,POINT (0.9552720834685599 8.562628800199064),
_mview_route_ralentisseurs.fid-7b1c8a4a_1943c5e84ca_6fa7,Centrale,Sotouboua,Sotouboua 1,Sotouboua,POINT (0.9645661422758467 8.543257966156874),TGRCRRRN1 BABAME-SOKODE-ALEHERIDE
_mview_route_ralentisseurs.fid-7b1c8a4a_1943c5e84ca_6fa8,Centrale,Sotouboua,Sotouboua 1,Sotouboua,POINT (0.9644578644152227 8.542986156708052),TGRCRRRN1 BABAME-SOKODE-ALEHERIDE
_mview_route_ralentisseurs.fid-7b1c8a4a_1943c5e84ca_6fa9,Centrale,Sotouboua,Sotouboua 1,Sotouboua,POINT (0.9644107076585949 8.542867779214578),TGRCRRRN1 BABAME-SOKODE-ALEHERIDE
_mview_route_ralentisseurs.fid-7b1c8a4a_1943c5e84ca_6faa,Centrale,Sotouboua,Sotouboua 1,Sotouboua,POINT (0.9642668917032243 8.542506758029393),TGRCRRRN1 BABAME-SOKODE-ALEHERIDE
_mview_route_ralentisseurs.fid-7b1c8a4a_1943c5e84ca_6fab,Centrale,Sotouboua,Sotouboua 1,Sotouboua,POINT (0.9639434655053266 8.541687328659377),TGRCRRRN1 BABAME-SOKODE-ALEHERIDE
_mview_route_ralentisseurs.fid-7b1c8a4a_1943c5e84ca_6fac,Centrale,Sotouboua,Sotouboua 1,Sotouboua,POINT (0.9642783816515803 8.542535601264744),TGRCRRRN1 BABAME-SOKODE-ALEHERIDE
_mview_route_ralentisseurs.fid-7b1c8a4a_1943c5e84ca_6fad,Centrale,Sotouboua,Sotouboua 1,Sotouboua,POINT (0.9643457214567251 8.542704644418139),TGRCRRRN1 BABAME-SOKODE-ALEHERIDE
_mview_route_ralentisseurs.fid-7b1c8a4a_1943c5e84ca_6fae,Centrale,Sotouboua,Sotouboua 1,Sotouboua,POINT (0.9644058609570071 8.542855612548077),TGRCRRRN1 BABAME-SOKODE-ALEHERIDE
_mview_route_ralentisseurs.fid-7b1c8a4a_1943c5e84ca_6faf,Centrale,Sotouboua,Sotouboua 1,Sotouboua,POINT (0.9646054966813125 8.54335675728092),TGRCRRRN1 BABAME-SOKODE-ALEHERIDE
_mview_route_ralentisseurs.fid-7b1c8a4a_1943c5e84ca_6fb0,Centrale,Sotouboua,Sotouboua 1,Sotouboua,POINT (0.9648670838924954 8.544013417098379),TGRCRRRN1 BABAME-SOKODE-ALEHERIDE
_mview_route_ralentisseurs.fid-7b1c8a4a_1943c5e84ca_6fb1,Centrale,Sotouboua,Sotouboua 3,Tchébébé,POINT (0.8999316803113349 8.404988939966543),
_mview_route_ralentisseurs.fid-7b1c8a4a_1943c5e84ca_6fb2,Centrale,Sotouboua,Sotouboua 2,Aouda,POINT (1.047668154115884 8.739930635234535),AOUDA-AOU NAGBAME
_mview_route_ralentisseurs.fid-7b1c8a4a_1943c5e84ca_6fb3,Centrale,Sotouboua,Sotouboua 2,Aouda,POINT (1.0479218402052632 8.739703182933301),AOUDA-AOU NAGBAME
_mview_route_ralentisseurs.fid-7b1c8a4a_1943c5e84ca_6fb4,Centrale,Sotouboua,Sotouboua 2,Aouda,POINT (1.0482575520509476 8.73942396697238),AOUDA-AOU NAGBAME
_mview_route_ralentisseurs.fid-7b1c8a4a_1943c5e84ca_6fb5,Centrale,Sotouboua,Sotouboua 2,Aouda,POINT (1.0496583542476883 8.738651387868929),AOUDA-AOU NAGBAME
_mview_route_ralentisseurs.fid-7b1c8a4a_1943c5e84ca_6fb6,Centrale,Sotouboua,Sotouboua 2,Aouda,POINT (1.050557213132856 8.73859729508238),AOUDA-AOU NAGBAME
_mview_route_ralentisseurs.fid-7b1c8a4a_1943c5e84ca_6fb7,Savanes,Tandjoaré,Tandjoaré 2,Sissiak,POINT (0.0912900637764692 10.73933396050667),
_mview_route_ralentisseurs.fid-7b1c8a4a_1943c5e84ca_6fb8,Savanes,Tandjoaré,Tandjoaré 2,Sissiak,POINT (0.1071703081063791 10.73093605123889),
_mview_route_ralentisseurs.fid-7b1c8a4a_1943c5e84ca_6fb9,Savanes,Tandjoaré,Tandjoaré 1,Nandoga,POINT (0.2051477162832485 10.673536409335663),
_mview_route_ralentisseurs.fid-7b1c8a4a_1943c5e84ca_6fba,Savanes,Tandjoaré,Tandjoaré 1,Bogou,POINT (0.1968866974501345 10.669543283562446),
_mview_route_ralentisseurs.fid-7b1c8a4a_1943c5e84ca_6fbb,Savanes,Tandjoaré,Tandjoaré 1,Bogou,POINT (0.1962363336940408 10.669197113765696),
_mview_route_ralentisseurs.fid-7b1c8a4a_1943c5e84ca_6fbc,Savanes,Tandjoaré,Tandjoaré 1,Bogou,POINT (0.1763883789409476 10.65969510873227),
_mview_route_ralentisseurs.fid-7b1c8a4a_1943c5e84ca_6fbd,Savanes,Tandjoaré,Tandjoaré 1,Bogou,POINT (0.1735988298899114 10.658324338864642),
_mview_route_ralentisseurs.fid-7b1c8a4a_1943c5e84ca_6fbe,Savanes,Tandjoaré,Tandjoaré 1,Bogou,POINT (0.1732934178960195 10.658380850423761),
_mview_route_ralentisseurs.fid-7b1c8a4a_1943c5e84ca_6fbf,Savanes,Tandjoaré,Tandjoaré 1,Bogou,POINT (0.1717896158276838 10.659466361678003),
_mview_route_ralentisseurs.fid-7b1c8a4a_1943c5e84ca_6fc0,Savanes,Tandjoaré,Tandjoaré 1,Bogou,POINT (0.1709751283516568 10.660113095215454),
_mview_route_ralentisseurs.fid-7b1c8a4a_1943c5e84ca_6fc1,Savanes,Tandjoaré,Tandjoaré 1,Bogou,POINT (0.1701402257374639 10.66077122369146),
_mview_route_ralentisseurs.fid-7b1c8a4a_1943c5e84ca_6fc2,Savanes,Tandjoaré,Tandjoaré 1,Bogou,POINT (0.1677772934901164 10.662780730315657),
_mview_route_ralentisseurs.fid-7b1c8a4a_1943c5e84ca_6fc3,Savanes,Tandjoaré,Tandjoaré 1,Bogou,POINT (0.1666884262997878 10.663703662410372),
_mview_route_ralentisseurs.fid-7b1c8a4a_1943c5e84ca_6fc4,Savanes,Tandjoaré,Tandjoaré 1,Bogou,POINT (0.169489276299149 10.656398183119236),
_mview_route_ralentisseurs.fid-7b1c8a4a_1943c5e84ca_6fc5,Savanes,Tandjoaré,Tandjoaré 1,Bogou,POINT (0.1691353018297649 10.656309672659845),
_mview_route_ralentisseurs.fid-7b1c8a4a_1943c5e84ca_6fc6,Savanes,Tandjoaré,Tandjoaré 1,Bogou,POINT (0.1701228346068921 10.656544934333569),
_mview_route_ralentisseurs.fid-7b1c8a4a_1943c5e84ca_6fc7,Savanes,Tandjoaré,Tandjoaré 1,Bogou,POINT (0.1738485599863417 10.657652000591765),
_mview_route_ralentisseurs.fid-7b1c8a4a_1943c5e84ca_6fc8,Savanes,Tandjoaré,Tandjoaré 1,Bogou,POINT (0.1635518996746295 10.618146471101396),
_mview_route_ralentisseurs.fid-7b1c8a4a_1943c5e84ca_6fc9,Savanes,Tandjoaré,Tandjoaré 1,Bogou,POINT (0.1530646637834912 10.61155364251437),
_mview_route_ralentisseurs.fid-7b1c8a4a_1943c5e84ca_6fca,Savanes,Tandjoaré,Tandjoaré 1,Bogou,POINT (0.1525660203752728 10.611478929589422),
_mview_route_ralentisseurs.fid-7b1c8a4a_1943c5e84ca_6fcb,Savanes,Tandjoaré,Tandjoaré 1,Bogou,POINT (0.1791256129484055 10.62337489197413),
_mview_route_ralentisseurs.fid-7b1c8a4a_1943c5e84ca_6fcc,Savanes,Tandjoaré,Tandjoaré 1,Bogou,POINT (0.1790932477583398 10.626015757126005),
_mview_route_ralentisseurs.fid-7b1c8a4a_1943c5e84ca_6fcd,Savanes,Tandjoaré,Tandjoaré 1,Bombouaka,POINT (0.1817856734764423 10.747886619107025),
_mview_route_ralentisseurs.fid-7b1c8a4a_1943c5e84ca_6fce,Savanes,Tandjoaré,Tandjoaré 1,Bombouaka,POINT (0.1819423049515128 10.747989854472046),
_mview_route_ralentisseurs.fid-7b1c8a4a_1943c5e84ca_6fcf,Savanes,Tandjoaré,Tandjoaré 1,Bombouaka,POINT (0.1956261077784428 10.74275901995956),
_mview_route_ralentisseurs.fid-7b1c8a4a_1943c5e84ca_6fd0,Savanes,Tandjoaré,Tandjoaré 1,Bombouaka,POINT (0.2060031964344063 10.744273251462841),
_mview_route_ralentisseurs.fid-7b1c8a4a_1943c5e84ca_6fd1,Savanes,Tandjoaré,Tandjoaré 1,Tamongue,POINT (0.2061349892901703 10.51506915031734),
_mview_route_ralentisseurs.fid-7b1c8a4a_1943c5e84ca_6fd2,Savanes,Tandjoaré,Tandjoaré 1,Tamongue,POINT (0.1833552955687389 10.58297700205264),
_mview_route_ralentisseurs.fid-7b1c8a4a_1943c5e84ca_6fd3,Savanes,Tandjoaré,Tandjoaré 1,Goundoga,POINT (0.1410157563783496 10.67096871152253),NOK-GROTTE
_mview_route_ralentisseurs.fid-7b1c8a4a_1943c5e84ca_6fd4,Savanes,Tandjoaré,Tandjoaré 1,Tamongue,POINT (0.1405133683500946 10.542934401650209),
_mview_route_ralentisseurs.fid-7b1c8a4a_1943c5e84ca_6fd5,Savanes,Tandjoaré,Tandjoaré 1,Boulogou,POINT (0.293661201029645 10.628837177765467),
_mview_route_ralentisseurs.fid-7b1c8a4a_1943c5e84ca_6fd6,Savanes,Tandjoaré,Tandjoaré 1,Boulogou,POINT (0.2939144660607288 10.628345562255301),
_mview_route_ralentisseurs.fid-7b1c8a4a_1943c5e84ca_6fd7,Savanes,Tandjoaré,Tandjoaré 1,Boulogou,POINT (0.2940674367082988 10.62804702464631),
_mview_route_ralentisseurs.fid-7b1c8a4a_1943c5e84ca_6fd8,Savanes,Tandjoaré,Tandjoaré 1,Boulogou,POINT (0.2964665880459057 10.623130296274125),
_mview_route_ralentisseurs.fid-7b1c8a4a_1943c5e84ca_6fd9,Savanes,Tandjoaré,Tandjoaré 1,Boulogou,POINT (0.2975703833601752 10.612578467337878),
_mview_route_ralentisseurs.fid-7b1c8a4a_1943c5e84ca_6fda,Savanes,Tandjoaré,Tandjoaré 1,Boulogou,POINT (0.2975755744783876 10.612238291291309),
_mview_route_ralentisseurs.fid-7b1c8a4a_1943c5e84ca_6fdb,Savanes,Tandjoaré,Tandjoaré 1,Pligou,POINT (0.2878930388724569 10.652289882218607),
_mview_route_ralentisseurs.fid-7b1c8a4a_1943c5e84ca_6fdc,Savanes,Tandjoaré,Tandjoaré 1,Pligou,POINT (0.2878239472078408 10.653325813198514),
_mview_route_ralentisseurs.fid-7b1c8a4a_1943c5e84ca_6fdd,Savanes,Tandjoaré,Tandjoaré 1,Pligou,POINT (0.2872553602415481 10.65401972996832),
_mview_route_ralentisseurs.fid-7b1c8a4a_1943c5e84ca_6fde,Savanes,Tandjoaré,Tandjoaré 1,Pligou,POINT (0.2869497969054964 10.654107495196238),
_mview_route_ralentisseurs.fid-7b1c8a4a_1943c5e84ca_6fdf,Savanes,Tandjoaré,Tandjoaré 1,Pligou,POINT (0.2865046656027796 10.65424965007924),
_mview_route_ralentisseurs.fid-7b1c8a4a_1943c5e84ca_6fe0,Savanes,Tandjoaré,Tandjoaré 1,Pligou,POINT (0.2859773559711551 10.654426857420006),
_mview_route_ralentisseurs.fid-7b1c8a4a_1943c5e84ca_6fe1,Savanes,Tandjoaré,Tandjoaré 1,Pligou,POINT (0.2855500531004189 10.654583681672941),
_mview_route_ralentisseurs.fid-7b1c8a4a_1943c5e84ca_6fe2,Savanes,Tandjoaré,Tandjoaré 1,Pligou,POINT (0.2849141510158354 10.654825022886385),
_mview_route_ralentisseurs.fid-7b1c8a4a_1943c5e84ca_6fe3,Savanes,Tandjoaré,Tandjoaré 1,Pligou,POINT (0.2847068796366031 10.654903508698466),
_mview_route_ralentisseurs.fid-7b1c8a4a_1943c5e84ca_6fe4,Savanes,Tandjoaré,Tandjoaré 1,Pligou,POINT (0.2771491499890122 10.655035180293753),
_mview_route_ralentisseurs.fid-7b1c8a4a_1943c5e84ca_6fe5,Savanes,Tandjoaré,Tandjoaré 1,Pligou,POINT (0.2769064830500516 10.654907702007733),
_mview_route_ralentisseurs.fid-7b1c8a4a_1943c5e84ca_6fe6,Savanes,Tandjoaré,Tandjoaré 1,Boulogou,POINT (0.3107949373714597 10.619982590577445),
_mview_route_ralentisseurs.fid-7b1c8a4a_1943c5e84ca_6fe7,Savanes,Tandjoaré,Tandjoaré 1,Boulogou,POINT (0.3106521581793648 10.620266359651971),
_mview_route_ralentisseurs.fid-7b1c8a4a_1943c5e84ca_6fe8,Savanes,Tandjoaré,Tandjoaré 1,Boulogou,POINT (0.3102597654603009 10.621353312598265),
_mview_route_ralentisseurs.fid-7b1c8a4a_1943c5e84ca_6fe9,Savanes,Tandjoaré,Tandjoaré 1,Boulogou,POINT (0.3114379864542021 10.622540357104898),
_mview_route_ralentisseurs.fid-7b1c8a4a_1943c5e84ca_6fea,Savanes,Tandjoaré,Tandjoaré 1,Boulogou,POINT (0.3116261748097063 10.622721863438207),
_mview_route_ralentisseurs.fid-7b1c8a4a_1943c5e84ca_6feb,Savanes,Tandjoaré,Tandjoaré 1,Boulogou,POINT (0.3117699629341902 10.622866655641385),
_mview_route_ralentisseurs.fid-7b1c8a4a_1943c5e84ca_6fec,Savanes,Tandjoaré,Tandjoaré 1,Boulogou,POINT (0.3140510968707274 10.626047411752305),
_mview_route_ralentisseurs.fid-7b1c8a4a_1943c5e84ca_6fed,Savanes,Tandjoaré,Tandjoaré 1,Boulogou,POINT (0.3100511545671738 10.621088399807686),
_mview_route_ralentisseurs.fid-7b1c8a4a_1943c5e84ca_6fee,Savanes,Tandjoaré,Tandjoaré 1,Boulogou,POINT (0.3098994855202779 10.62088447104733),
_mview_route_ralentisseurs.fid-7b1c8a4a_1943c5e84ca_6fef,Savanes,Tandjoaré,Tandjoaré 1,Boulogou,POINT (0.3093712930210689 10.620268969699502),
_mview_route_ralentisseurs.fid-7b1c8a4a_1943c5e84ca_6ff0,Savanes,Tandjoaré,Tandjoaré 1,Boulogou,POINT (0.3083589098438591 10.619132826742037),
_mview_route_ralentisseurs.fid-7b1c8a4a_1943c5e84ca_6ff1,Savanes,Tandjoaré,Tandjoaré 1,Boulogou,POINT (0.2583165962928849 10.657458478207406),
_mview_route_ralentisseurs.fid-7b1c8a4a_1943c5e84ca_6ff2,Savanes,Tandjoaré,Tandjoaré 1,Boulogou,POINT (0.2557476516976478 10.65367323360371),
_mview_route_ralentisseurs.fid-7b1c8a4a_1943c5e84ca_6ff3,Savanes,Tandjoaré,Tandjoaré 1,Boulogou,POINT (0.2570142321938879 10.655735390929207),
_mview_route_ralentisseurs.fid-7b1c8a4a_1943c5e84ca_6ff4,Savanes,Tandjoaré,Tandjoaré 1,Pligou,POINT (0.2877699207031026 10.65428724903755),
_mview_route_ralentisseurs.fid-7b1c8a4a_1943c5e84ca_6ff5,Savanes,Tône,Tône 1,Bidjenga,POINT (0.2653035645824891 10.718630032976197),
_mview_route_ralentisseurs.fid-7b1c8a4a_1943c5e84ca_6ff6,Savanes,Tône,Tône 1,Bidjenga,POINT (0.2556332532882308 10.722930651858912),
_mview_route_ralentisseurs.fid-7b1c8a4a_1943c5e84ca_6ff7,Savanes,Tandjoaré,Tandjoaré 1,Pligou,POINT (0.2962853095637834 10.661717489747048),
_mview_route_ralentisseurs.fid-7b1c8a4a_1943c5e84ca_6ff8,Savanes,Tandjoaré,Tandjoaré 1,Pligou,POINT (0.2964825251639435 10.661781358774325),
_mview_route_ralentisseurs.fid-7b1c8a4a_1943c5e84ca_6ff9,Savanes,Tandjoaré,Tandjoaré 1,Pligou,POINT (0.2966724356660281 10.66186938389515),
_mview_route_ralentisseurs.fid-7b1c8a4a_1943c5e84ca_6ffa,Savanes,Tandjoaré,Tandjoaré 1,Pligou,POINT (0.2879046536098882 10.653880445979368),
_mview_route_ralentisseurs.fid-7b1c8a4a_1943c5e84ca_6ffb,Savanes,Tandjoaré,Tandjoaré 1,Pligou,POINT (0.2917451908872845 10.653267538029215),
_mview_route_ralentisseurs.fid-7b1c8a4a_1943c5e84ca_6ffc,Savanes,Tandjoaré,Tandjoaré 1,Pligou,POINT (0.2923862961896936 10.653430813183776),
_mview_route_ralentisseurs.fid-7b1c8a4a_1943c5e84ca_6ffd,Savanes,Tandjoaré,Tandjoaré 1,Boulogou,POINT (0.3186910069609458 10.631797614722352),
_mview_route_ralentisseurs.fid-7b1c8a4a_1943c5e84ca_6ffe,Savanes,Tandjoaré,Tandjoaré 1,Boulogou,POINT (0.3188173212432938 10.631963607083097),
_mview_route_ralentisseurs.fid-7b1c8a4a_1943c5e84ca_6fff,Savanes,Tandjoaré,Tandjoaré 1,Boulogou,POINT (0.318868200314779 10.632032068674665),
_mview_route_ralentisseurs.fid-7b1c8a4a_1943c5e84ca_7000,Centrale,Tchamba,Tchamba 1,Kri-Kri,POINT (1.4133180637694909 9.19716152681157),
_mview_route_ralentisseurs.fid-7b1c8a4a_1943c5e84ca_7001,Centrale,Tchamba,Tchamba 1,Kri-Kri,POINT (1.4153641752297803 9.204031077057184),
_mview_route_ralentisseurs.fid-7b1c8a4a_1943c5e84ca_7002,Centrale,Tchamba,Tchamba 1,Kri-Kri,POINT (1.415907949677552 9.204281596456024),
_mview_route_ralentisseurs.fid-7b1c8a4a_1943c5e84ca_7003,Centrale,Tchamba,Tchamba 1,Kri-Kri,POINT (1.416920499700574 9.20507045756137),
_mview_route_ralentisseurs.fid-7b1c8a4a_1943c5e84ca_7004,Centrale,Tchamba,Tchamba 1,Kri-Kri,POINT (1.413077518506657 9.182387507688876),
_mview_route_ralentisseurs.fid-7b1c8a4a_1943c5e84ca_7005,Centrale,Tchamba,Tchamba 1,Kri-Kri,POINT (1.4137928744355293 9.189096182933296),
_mview_route_ralentisseurs.fid-7b1c8a4a_1943c5e84ca_7006,Centrale,Tchamba,Tchamba 1,Kri-Kri,POINT (1.4138336706222796 9.18949019336756),
_mview_route_ralentisseurs.fid-7b1c8a4a_1943c5e84ca_7007,Centrale,Tchamba,Tchamba 1,Kri-Kri,POINT (1.4144450377414086 9.203639482546745),
_mview_route_ralentisseurs.fid-7b1c8a4a_1943c5e84ca_7008,Centrale,Tchamba,Tchamba 1,Kri-Kri,POINT (1.417004551358645 9.205607838498313),
_mview_route_ralentisseurs.fid-7b1c8a4a_1943c5e84ca_7009,Centrale,Tchamba,Tchamba 1,Kri-Kri,POINT (1.4143233922896763 9.182555492978786),
_mview_route_ralentisseurs.fid-7b1c8a4a_1943c5e84ca_700a,Centrale,Tchamba,Tchamba 1,Kri-Kri,POINT (1.4158232759631428 9.182564704011297),
_mview_route_ralentisseurs.fid-7b1c8a4a_1943c5e84ca_700b,Centrale,Tchamba,Tchamba 1,Kri-Kri,POINT (1.4159712005820064 9.180734714412262),
_mview_route_ralentisseurs.fid-7b1c8a4a_1943c5e84ca_700c,Centrale,Tchamba,Tchamba 1,Larini,POINT (1.4306549121187353 9.046788026702218),DAGMA-KATAKPANI
_mview_route_ralentisseurs.fid-7b1c8a4a_1943c5e84ca_700d,Centrale,Tchamba,Tchamba 1,Larini,POINT (1.4304329157252091 9.046893163683741),DAGMA-KATAKPANI
_mview_route_ralentisseurs.fid-7b1c8a4a_1943c5e84ca_700e,Centrale,Tchamba,Tchamba 1,Larini,POINT (1.4301193455495844 9.047028341563875),DAGMA-KATAKPANI
_mview_route_ralentisseurs.fid-7b1c8a4a_1943c5e84ca_700f,Centrale,Tchamba,Tchamba 1,Larini,POINT (1.4212946448546224 9.049901098727844),DAGMA-KATAKPANI
_mview_route_ralentisseurs.fid-7b1c8a4a_1943c5e84ca_7010,Centrale,Tchamba,Tchamba 1,Larini,POINT (1.4210351833376542 9.049980963689471),DAGMA-KATAKPANI
_mview_route_ralentisseurs.fid-7b1c8a4a_1943c5e84ca_7011,Centrale,Tchamba,Tchamba 1,Larini,POINT (1.4208667568325173 9.050041914849274),DAGMA-KATAKPANI
_mview_route_ralentisseurs.fid-7b1c8a4a_1943c5e84ca_7012,Centrale,Tchamba,Tchamba 1,Larini,POINT (1.419611942927334 9.050441065207927),DAGMA-KATAKPANI
_mview_route_ralentisseurs.fid-7b1c8a4a_1943c5e84ca_7013,Centrale,Tchamba,Tchamba 1,Larini,POINT (1.4191576628072364 9.050620335263382),DAGMA-KATAKPANI
_mview_route_ralentisseurs.fid-7b1c8a4a_1943c5e84ca_7014,Centrale,Tchamba,Tchamba 1,Affem,POINT (1.5311009150355595 9.121064109868932),
_mview_route_ralentisseurs.fid-7b1c8a4a_1943c5e84ca_7015,Centrale,Tchamba,Tchamba 1,Affem,POINT (1.5334771754904306 9.122540935742393),
_mview_route_ralentisseurs.fid-7b1c8a4a_1943c5e84ca_7016,Centrale,Tchamba,Tchamba 1,Affem,POINT (1.5339487294942507 9.122825098803407),
_mview_route_ralentisseurs.fid-7b1c8a4a_1943c5e84ca_7017,Centrale,Tchamba,Tchamba 1,Affem,POINT (1.5344472705625645 9.1231063650526),
_mview_route_ralentisseurs.fid-7b1c8a4a_1943c5e84ca_7018,Centrale,Tchamba,Tchamba 1,Affem,POINT (1.5354205133732541 9.12352360731043),
_mview_route_ralentisseurs.fid-7b1c8a4a_1943c5e84ca_7019,Centrale,Tchamba,Tchamba 1,Affem,POINT (1.5360488996714527 9.12392750351244),
_mview_route_ralentisseurs.fid-7b1c8a4a_1943c5e84ca_701a,Centrale,Tchamba,Tchamba 1,Affem,POINT (1.5367947460692406 9.124496607373917),
_mview_route_ralentisseurs.fid-7b1c8a4a_1943c5e84ca_701b,Centrale,Tchamba,Tchamba 1,Affem,POINT (1.567800245650281 9.135169212251803),
_mview_route_ralentisseurs.fid-7b1c8a4a_1943c5e84ca_701c,Centrale,Tchamba,Tchamba 1,Affem,POINT (1.569381455799331 9.134857263881244),
_mview_route_ralentisseurs.fid-7b1c8a4a_1943c5e84ca_701d,Centrale,Tchamba,Tchamba 1,Affem,POINT (1.5707443132841294 9.134259202791915),
_mview_route_ralentisseurs.fid-7b1c8a4a_1943c5e84ca_701e,Centrale,Tchamba,Tchamba 1,Affem,POINT (1.571464389102381 9.133821087304398),
_mview_route_ralentisseurs.fid-7b1c8a4a_1943c5e84ca_701f,Centrale,Tchamba,Tchamba 1,Affem,POINT (1.5120937637105303 9.140101648436872),
_mview_route_ralentisseurs.fid-7b1c8a4a_1943c5e84ca_7020,Centrale,Tchamba,Tchamba 1,Affem,POINT (1.5127095940773834 9.139618509621926),
_mview_route_ralentisseurs.fid-7b1c8a4a_1943c5e84ca_7021,Centrale,Tchamba,Tchamba 1,Affem,POINT (1.5133248384211695 9.139146219366731),
_mview_route_ralentisseurs.fid-7b1c8a4a_1943c5e84ca_7022,Centrale,Tchamba,Tchamba 1,Affem,POINT (1.5140284059083 9.138606658320654),
_mview_route_ralentisseurs.fid-7b1c8a4a_1943c5e84ca_7023,Centrale,Tchamba,Tchamba 1,Affem,POINT (1.5149618609185096 9.137895143850729),
_mview_route_ralentisseurs.fid-7b1c8a4a_1943c5e84ca_7024,Centrale,Tchamba,Tchamba 1,Affem,POINT (1.516670754553304 9.136860424457572),
_mview_route_ralentisseurs.fid-7b1c8a4a_1943c5e84ca_7025,Centrale,Tchamba,Tchamba 1,Affem,POINT (1.517866679403502 9.13616868828515),
_mview_route_ralentisseurs.fid-7b1c8a4a_1943c5e84ca_7026,Centrale,Tchamba,Tchamba 1,Affem,POINT (1.5327339684157784 9.125831321723178),
_mview_route_ralentisseurs.fid-7b1c8a4a_1943c5e84ca_7027,Centrale,Tchamba,Tchamba 1,Affem,POINT (1.5341913373783982 9.123897761408365),
_mview_route_ralentisseurs.fid-7b1c8a4a_1943c5e84ca_7028,Centrale,Tchamba,Tchamba 1,Affem,POINT (1.5343166666667232 9.123513308393163),
_mview_route_ralentisseurs.fid-7b1c8a4a_1943c5e84ca_7029,Centrale,Tchamba,Tchamba 1,Affem,POINT (1.5342278925727832 9.122852230048315),
_mview_route_ralentisseurs.fid-7b1c8a4a_1943c5e84ca_702a,Centrale,Tchamba,Tchamba 1,Alibi I,POINT (1.4182268698046234 8.9407428211658),
_mview_route_ralentisseurs.fid-7b1c8a4a_1943c5e84ca_702b,Centrale,Tchamba,Tchamba 1,Alibi I,POINT (1.4178337899800315 8.93958015643278),
_mview_route_ralentisseurs.fid-7b1c8a4a_1943c5e84ca_702c,Centrale,Tchamba,Tchamba 1,Alibi I,POINT (1.4185692257125206 8.941812323114426),
_mview_route_ralentisseurs.fid-7b1c8a4a_1943c5e84ca_702d,Centrale,Tchamba,Tchamba 1,Alibi I,POINT (1.3992090014849152 8.86397612785357),
_mview_route_ralentisseurs.fid-7b1c8a4a_1943c5e84ca_702e,Centrale,Tchamba,Tchamba 1,Alibi I,POINT (1.3990417212000532 8.866086322204994),
_mview_route_ralentisseurs.fid-7b1c8a4a_1943c5e84ca_702f,Centrale,Tchamba,Tchamba 1,Alibi I,POINT (1.3990480729869073 8.859413069110955),
_mview_route_ralentisseurs.fid-7b1c8a4a_1943c5e84ca_7030,Centrale,Tchamba,Tchamba 1,Alibi I,POINT (1.3993689443514796 8.861644406497145),
_mview_route_ralentisseurs.fid-7b1c8a4a_1943c5e84ca_7031,Centrale,Tchamba,Tchamba 1,Tchamba,POINT (1.4085160968463004 9.024656503017091),
_mview_route_ralentisseurs.fid-7b1c8a4a_1943c5e84ca_7032,Centrale,Tchamba,Tchamba 3,Balanka,POINT (1.6131344461939547 8.867072124456595),
_mview_route_ralentisseurs.fid-7b1c8a4a_1943c5e84ca_7033,Centrale,Tchamba,Tchamba 3,Balanka,POINT (1.6119160291797625 8.867014643737766),
_mview_route_ralentisseurs.fid-7b1c8a4a_1943c5e84ca_7034,Centrale,Tchamba,Tchamba 1,Tchamba,POINT (1.596352916228289 9.046146975762008),
_mview_route_ralentisseurs.fid-7b1c8a4a_1943c5e84ca_7035,Centrale,Tchamba,Tchamba 3,Balanka,POINT (1.620018599295641 8.868210666977822),
_mview_route_ralentisseurs.fid-7b1c8a4a_1943c5e84ca_7036,Centrale,Tchamba,Tchamba 3,Balanka,POINT (1.61980492947453 8.86823435189047),
_mview_route_ralentisseurs.fid-7b1c8a4a_1943c5e84ca_7037,Centrale,Tchamba,Tchamba 3,Balanka,POINT (1.6196775992308083 8.868248466156768),
_mview_route_ralentisseurs.fid-7b1c8a4a_1943c5e84ca_7038,Centrale,Tchamba,Tchamba 1,Tchamba,POINT (1.456901975838263 9.008620537916181),
_mview_route_ralentisseurs.fid-7b1c8a4a_1943c5e84ca_7039,Centrale,Tchamba,Tchamba 1,Tchamba,POINT (1.4568663233730237 9.00836964277334),
_mview_route_ralentisseurs.fid-7b1c8a4a_1943c5e84ca_703a,Centrale,Tchamba,Tchamba 1,Tchamba,POINT (1.4190080509730632 9.024406262827455),
_mview_route_ralentisseurs.fid-7b1c8a4a_1943c5e84ca_703b,Centrale,Tchamba,Tchamba 1,Tchamba,POINT (1.4192047953524674 9.025286303026506),
_mview_route_ralentisseurs.fid-7b1c8a4a_1943c5e84ca_703c,Centrale,Tchamba,Tchamba 1,Tchamba,POINT (1.4193250045511316 9.025827079536938),
_mview_route_ralentisseurs.fid-7b1c8a4a_1943c5e84ca_703d,Centrale,Tchamba,Tchamba 3,Goubi,POINT (1.4653111977805535 8.649563276218938),
_mview_route_ralentisseurs.fid-7b1c8a4a_1943c5e84ca_703e,Centrale,Tchamba,Tchamba 3,Goubi,POINT (1.4652359516289664 8.650125709774589),
_mview_route_ralentisseurs.fid-7b1c8a4a_1943c5e84ca_703f,Centrale,Tchamba,Tchamba 2,Bago,POINT (1.240665943359921 8.42545875280595),TGRCRTRN12 SOTOUBOUA-GOUBI-KABOLI
_mview_route_ralentisseurs.fid-7b1c8a4a_1943c5e84ca_7040,Centrale,Tchamba,Tchamba 2,Bago,POINT (1.2418118966441873 8.425950098573278),TGRCRTRN12 SOTOUBOUA-GOUBI-KABOLI
_mview_route_ralentisseurs.fid-7b1c8a4a_1943c5e84ca_7041,Centrale,Tchamba,Tchamba 2,Bago,POINT (1.2424035063257377 8.426133085495723),TGRCRTRN12 SOTOUBOUA-GOUBI-KABOLI
_mview_route_ralentisseurs.fid-7b1c8a4a_1943c5e84ca_7042,Centrale,Tchamba,Tchamba 2,Bago,POINT (1.2432005752143995 8.426316052095597),TGRCRTRN12 SOTOUBOUA-GOUBI-KABOLI
_mview_route_ralentisseurs.fid-7b1c8a4a_1943c5e84ca_7043,Centrale,Tchamba,Tchamba 2,Bago,POINT (1.4002596685535345 8.515663555196491),TGRCRTRN12 SOTOUBOUA-GOUBI-KABOLI
_mview_route_ralentisseurs.fid-7b1c8a4a_1943c5e84ca_7044,Centrale,Tchamba,Tchamba 2,Bago,POINT (1.4016012462682774 8.518144439469804),TGRCRTRN12 SOTOUBOUA-GOUBI-KABOLI
_mview_route_ralentisseurs.fid-7b1c8a4a_1943c5e84ca_7045,Plateaux,Est-Mono,Est-Mono 2,Badin-Copé,POINT (1.5267614231526363 8.367613839638713),
_mview_route_ralentisseurs.fid-7b1c8a4a_1943c5e84ca_7046,Plateaux,Est-Mono,Est-Mono 2,Kamina,POINT (1.6078267135541167 8.367528304359652),
_mview_route_ralentisseurs.fid-7b1c8a4a_1943c5e84ca_7047,Plateaux,Est-Mono,Est-Mono 2,Kamina,POINT (1.6078265929523023 8.367527952914944),
_mview_route_ralentisseurs.fid-7b1c8a4a_1943c5e84ca_7048,Centrale,Tchaoudjo,Tchaoudjo 4,Wassarabo,POINT (1.2803181653572022 9.018383902746722),
_mview_route_ralentisseurs.fid-7b1c8a4a_1943c5e84ca_7049,Centrale,Tchaoudjo,Tchaoudjo 4,Wassarabo,POINT (1.264627230916981 9.006898793278078),KPAZA-YELIVO
_mview_route_ralentisseurs.fid-7b1c8a4a_1943c5e84ca_704a,Centrale,Tchaoudjo,Tchaoudjo 4,Wassarabo,POINT (1.2722133831201192 8.997137700679625),
_mview_route_ralentisseurs.fid-7b1c8a4a_1943c5e84ca_704b,Centrale,Tchaoudjo,Tchaoudjo 4,Wassarabo,POINT (1.2575300522500592 9.002828636209461),
_mview_route_ralentisseurs.fid-7b1c8a4a_1943c5e84ca_704c,Centrale,Tchaoudjo,Tchaoudjo 4,Wassarabo,POINT (1.2576328286965917 9.00309220180379),
_mview_route_ralentisseurs.fid-7b1c8a4a_1943c5e84ca_704d,Centrale,Tchaoudjo,Tchaoudjo 4,Wassarabo,POINT (1.2584992617762107 9.004365825771211),
_mview_route_ralentisseurs.fid-7b1c8a4a_1943c5e84ca_704e,Centrale,Tchaoudjo,Tchaoudjo 4,Wassarabo,POINT (1.260080625886862 9.003961836415778),
_mview_route_ralentisseurs.fid-7b1c8a4a_1943c5e84ca_704f,Centrale,Tchaoudjo,Tchaoudjo 1,Kadambara,POINT (1.1682841096973102 8.948261212135943),KADAMBARA-LAMATESSI
_mview_route_ralentisseurs.fid-7b1c8a4a_1943c5e84ca_7050,Centrale,Tchaoudjo,Tchaoudjo 1,Kadambara,POINT (1.1693200125888983 8.952622922604222),KADAMBARA-LAMATESSI
_mview_route_ralentisseurs.fid-7b1c8a4a_1943c5e84ca_7051,Centrale,Tchaoudjo,Tchaoudjo 1,Kadambara,POINT (1.1694851329132616 8.953207148429415),KADAMBARA-LAMATESSI
_mview_route_ralentisseurs.fid-7b1c8a4a_1943c5e84ca_7052,Centrale,Tchaoudjo,Tchaoudjo 1,Kadambara,POINT (1.1689418839228591 8.951118528797078),KADAMBARA-LAMATESSI
_mview_route_ralentisseurs.fid-7b1c8a4a_1943c5e84ca_7053,Centrale,Tchaoudjo,Tchaoudjo 1,Sokodè (Komah),POINT (1.1433239884057063 8.985874007513653),TGRCVRSOKODE STATION TOTAL-AVIATION
_mview_route_ralentisseurs.fid-7b1c8a4a_1943c5e84ca_7054,Centrale,Tchaoudjo,Tchaoudjo 1,Kparataou,POINT (1.213716840909673 8.952293732403797),
_mview_route_ralentisseurs.fid-7b1c8a4a_1943c5e84ca_7055,Centrale,Tchaoudjo,Tchaoudjo 1,Sokodè (Komah),POINT (1.1409084064333443 8.98374583427777),TGRCVRSOKODE UTB-KOULOUNDE
_mview_route_ralentisseurs.fid-7b1c8a4a_1943c5e84ca_7056,Centrale,Tchaoudjo,Tchaoudjo 1,Sokodè (Komah),POINT (1.141782109425528 8.983092778985377),TGRCVRSOKODE UTB-KOULOUNDE
_mview_route_ralentisseurs.fid-7b1c8a4a_1943c5e84ca_7057,Centrale,Tchaoudjo,Tchaoudjo 1,Sokodè (Komah),POINT (1.1430661853998738 8.982333525866961),TGRCVRSOKODE UTB-KOULOUNDE
_mview_route_ralentisseurs.fid-7b1c8a4a_1943c5e84ca_7058,Centrale,Tchaoudjo,Tchaoudjo 1,Sokodè (Komah),POINT (1.145353622311279 8.981460445172166),TGRCVRSOKODE UTB-KOULOUNDE
_mview_route_ralentisseurs.fid-7b1c8a4a_1943c5e84ca_7059,Centrale,Tchaoudjo,Tchaoudjo 1,Sokodè (Komah),POINT (1.1455818711173227 8.981378057365443),TGRCVRSOKODE UTB-KOULOUNDE
_mview_route_ralentisseurs.fid-7b1c8a4a_1943c5e84ca_705a,Centrale,Tchaoudjo,Tchaoudjo 1,Sokodè (Komah),POINT (1.1465444200261323 8.98103539152246),TGRCVRSOKODE UTB-KOULOUNDE
_mview_route_ralentisseurs.fid-7b1c8a4a_1943c5e84ca_705b,Centrale,Tchaoudjo,Tchaoudjo 1,Sokodè (Komah),POINT (1.14792563261466 8.980487175028102),TGRCVRSOKODE UTB-KOULOUNDE
_mview_route_ralentisseurs.fid-7b1c8a4a_1943c5e84ca_705c,Centrale,Tchaoudjo,Tchaoudjo 1,Sokodè (Komah),POINT (1.149460112071416 8.979930969841977),TGRCVRSOKODE UTB-KOULOUNDE
_mview_route_ralentisseurs.fid-7b1c8a4a_1943c5e84ca_705d,Centrale,Tchaoudjo,Tchaoudjo 1,Sokodè (Komah),POINT (1.150928103822207 8.979369642415215),TGRCVRSOKODE UTB-KOULOUNDE
_mview_route_ralentisseurs.fid-7b1c8a4a_1943c5e84ca_705e,Centrale,Tchaoudjo,Tchaoudjo 1,Sokodè (Komah),POINT (1.1527603448258275 8.978672494125938),TGRCVRSOKODE UTB-KOULOUNDE
_mview_route_ralentisseurs.fid-7b1c8a4a_1943c5e84ca_705f,Centrale,Tchaoudjo,Tchaoudjo 1,Sokodè (Komah),POINT (1.1536730418555903 8.978346975368119),TGRCVRSOKODE UTB-KOULOUNDE
_mview_route_ralentisseurs.fid-7b1c8a4a_1943c5e84ca_7060,Centrale,Tchaoudjo,Tchaoudjo 1,Sokodè (Komah),POINT (1.1551166247086457 8.977772640822328),TGRCVRSOKODE UTB-KOULOUNDE
_mview_route_ralentisseurs.fid-7b1c8a4a_1943c5e84ca_7061,Centrale,Tchaoudjo,Tchaoudjo 1,Sokodè (Komah),POINT (1.155576871400584 8.977582214453367),TGRCVRSOKODE UTB-KOULOUNDE
_mview_route_ralentisseurs.fid-7b1c8a4a_1943c5e84ca_7062,Centrale,Tchaoudjo,Tchaoudjo 1,Sokodè (Komah),POINT (1.1561119437620915 8.97738491073455),TGRCVRSOKODE UTB-KOULOUNDE
_mview_route_ralentisseurs.fid-7b1c8a4a_1943c5e84ca_7063,Centrale,Tchaoudjo,Tchaoudjo 1,Sokodè (Komah),POINT (1.1567143428851692 8.977132962035478),TGRCVRSOKODE UTB-KOULOUNDE
_mview_route_ralentisseurs.fid-7b1c8a4a_1943c5e84ca_7064,Centrale,Tchaoudjo,Tchaoudjo 1,Sokodè (Komah),POINT (1.1575806941775235 8.976825722362813),TGRCVRSOKODE UTB-KOULOUNDE
_mview_route_ralentisseurs.fid-7b1c8a4a_1943c5e84ca_7065,Centrale,Tchaoudjo,Tchaoudjo 1,Sokodè (Komah),POINT (1.158345483555788 8.976549047821521),TGRCVRSOKODE UTB-KOULOUNDE
_mview_route_ralentisseurs.fid-7b1c8a4a_1943c5e84ca_7066,Centrale,Tchaoudjo,Tchaoudjo 1,Sokodè (Komah),POINT (1.1595282696172156 8.976105428949879),TGRCVRSOKODE UTB-KOULOUNDE
_mview_route_ralentisseurs.fid-7b1c8a4a_1943c5e84ca_7067,Centrale,Tchaoudjo,Tchaoudjo 1,Kadambara,POINT (1.2279923552898484 8.70244523382077),
_mview_route_ralentisseurs.fid-7b1c8a4a_1943c5e84ca_7068,Centrale,Tchaoudjo,Tchaoudjo 1,Kadambara,POINT (1.190822896994556 8.926650841105376),
_mview_route_ralentisseurs.fid-7b1c8a4a_1943c5e84ca_7069,Centrale,Tchaoudjo,Tchaoudjo 1,Sokodè (Komah),POINT (1.1768634728276652 8.968508339237477),
_mview_route_ralentisseurs.fid-7b1c8a4a_1943c5e84ca_706a,Centrale,Tchaoudjo,Tchaoudjo 1,Sokodè (Komah),POINT (1.154110276842854 8.968212184466111),
_mview_route_ralentisseurs.fid-7b1c8a4a_1943c5e84ca_706b,Centrale,Tchaoudjo,Tchaoudjo 1,Sokodè (Komah),POINT (1.1551125546497878 8.969272484565359),
_mview_route_ralentisseurs.fid-7b1c8a4a_1943c5e84ca_706c,Centrale,Tchaoudjo,Tchaoudjo 1,Sokodè (Komah),POINT (1.157402736925809 8.975946145105269),
_mview_route_ralentisseurs.fid-7b1c8a4a_1943c5e84ca_706d,Centrale,Tchaoudjo,Tchaoudjo 2,Lama-Tessi,POINT (1.0191017911087779 8.915077412930657),
_mview_route_ralentisseurs.fid-7b1c8a4a_1943c5e84ca_706e,Savanes,Tône,Tône 4,Korbongou,POINT (0.321129215877355 10.923932652520321),TANTOGA-KORBONGOU
_mview_route_ralentisseurs.fid-7b1c8a4a_1943c5e84ca_706f,Savanes,Tône,Tône 4,Korbongou,POINT (0.3207990925760363 10.923663617380162),TANTOGA-KORBONGOU
_mview_route_ralentisseurs.fid-7b1c8a4a_1943c5e84ca_7070,Savanes,Tône,Tône 4,Korbongou,POINT (0.3197450013623898 10.922990756076105),TANTOGA-KORBONGOU
_mview_route_ralentisseurs.fid-7b1c8a4a_1943c5e84ca_7071,Savanes,Tône,Tône 4,Korbongou,POINT (0.3176770480527678 10.921382051049434),TANTOGA-KORBONGOU
_mview_route_ralentisseurs.fid-7b1c8a4a_1943c5e84ca_7072,Savanes,Tône,Tône 1,Toaga,POINT (0.2606763621926999 10.839406017374156),
_mview_route_ralentisseurs.fid-7b1c8a4a_1943c5e84ca_7073,Savanes,Tône,Tône 1,Toaga,POINT (0.2607917432909279 10.839735730577924),
_mview_route_ralentisseurs.fid-7b1c8a4a_1943c5e84ca_7074,Savanes,Tône,Tône 2,Naki-Ouest,POINT (0.1075094920726291 10.954622443932852),NAKI OUEST-DONTOUGOU
_mview_route_ralentisseurs.fid-7b1c8a4a_1943c5e84ca_7075,Savanes,Tône,Tône 2,Naki-Ouest,POINT (0.1075611665724904 10.954885454398546),NAKI OUEST-DONTOUGOU
_mview_route_ralentisseurs.fid-7b1c8a4a_1943c5e84ca_7076,Savanes,Tône,Tône 2,Naki-Ouest,POINT (0.1042785591339667 10.942922169661841),NAKI OUEST-DONTOUGOU
_mview_route_ralentisseurs.fid-7b1c8a4a_1943c5e84ca_7077,Savanes,Tône,Tône 2,Naki-Ouest,POINT (0.1042435400162993 10.942812071541988),NAKI OUEST-DONTOUGOU
_mview_route_ralentisseurs.fid-7b1c8a4a_1943c5e84ca_7078,Savanes,Tône,Tône 2,Naki-Ouest,POINT (0.0936558974227818 10.908327485009888),NAKI OUEST-DONTOUGOU
_mview_route_ralentisseurs.fid-7b1c8a4a_1943c5e84ca_7079,Savanes,Tône,Tône 2,Nanergou,POINT (0.1319978215372526 10.893050496920992),
_mview_route_ralentisseurs.fid-7b1c8a4a_1943c5e84ca_707a,Savanes,Tône,Tône 2,Nanergou,POINT (0.1339619972271541 10.897323973464598),
_mview_route_ralentisseurs.fid-7b1c8a4a_1943c5e84ca_707b,Savanes,Tône,Tône 2,Nanergou,POINT (0.1370916286149147 10.90978009729582),
_mview_route_ralentisseurs.fid-7b1c8a4a_1943c5e84ca_707c,Savanes,Tône,Tône 3,Tami,POINT (0.0020567685949727 10.851886769644365),
_mview_route_ralentisseurs.fid-7b1c8a4a_1943c5e84ca_707d,Savanes,Tône,Tône 3,Tami,POINT (-0.0043018059617339 10.852759590543538),
_mview_route_ralentisseurs.fid-7b1c8a4a_1943c5e84ca_707e,Savanes,Tône,Tône 3,Tami,POINT (0.0026837910817507 10.8517396771187),
_mview_route_ralentisseurs.fid-7b1c8a4a_1943c5e84ca_707f,Savanes,Tône,Tône 3,Tami,POINT (-0.0047601747085578 10.852725610228658),
_mview_route_ralentisseurs.fid-7b1c8a4a_1943c5e84ca_7080,Savanes,Tône,Tône 3,Nioukpourma,POINT (0.1332775382988308 10.827446869552992),
_mview_route_ralentisseurs.fid-7b1c8a4a_1943c5e84ca_7081,Savanes,Tône,Tône 2,Naki-Ouest,POINT (0.0111260166084029 10.949618189649659),
_mview_route_ralentisseurs.fid-7b1c8a4a_1943c5e84ca_7082,Savanes,Tône,Tône 2,Naki-Ouest,POINT (0.0097280041024318 10.943276370892342),
_mview_route_ralentisseurs.fid-7b1c8a4a_1943c5e84ca_7083,Savanes,Tône,Tône 2,Naki-Ouest,POINT (0.0097977598570264 10.94129788023093),
_mview_route_ralentisseurs.fid-7b1c8a4a_1943c5e84ca_7084,Savanes,Tône,Tône 2,Naki-Ouest,POINT (0.0097971651639768 10.941181614659362),
_mview_route_ralentisseurs.fid-7b1c8a4a_1943c5e84ca_7085,Savanes,Tône,Tône 2,Naki-Ouest,POINT (0.0143013749166462 10.951317584777128),
_mview_route_ralentisseurs.fid-7b1c8a4a_1943c5e84ca_7086,Savanes,Tône,Tône 2,Naki-Ouest,POINT (0.009816666708385 10.938796569185724),
_mview_route_ralentisseurs.fid-7b1c8a4a_1943c5e84ca_7087,Savanes,Tône,Tône 2,Naki-Ouest,POINT (0.0098166666892595 10.938333830534761),
_mview_route_ralentisseurs.fid-7b1c8a4a_1943c5e84ca_7088,Savanes,Tône,Tône 2,Naki-Ouest,POINT (0.0097939318513731 10.937033009206358),
_mview_route_ralentisseurs.fid-7b1c8a4a_1943c5e84ca_7089,Savanes,Tône,Tône 2,Naki-Ouest,POINT (0.0097807232382614 10.935816444364775),
_mview_route_ralentisseurs.fid-7b1c8a4a_1943c5e84ca_708a,Savanes,Tône,Tône 2,Naki-Ouest,POINT (0.0102903465424857 10.925172292107982),
_mview_route_ralentisseurs.fid-7b1c8a4a_1943c5e84ca_708b,Savanes,Tône,Tône 3,Tami,POINT (0.0172154479023636 10.909646474454386),
_mview_route_ralentisseurs.fid-7b1c8a4a_1943c5e84ca_708c,Savanes,Tône,Tône 3,Tami,POINT (0.0173497980855408 10.908765841122928),
_mview_route_ralentisseurs.fid-7b1c8a4a_1943c5e84ca_708d,Savanes,Tône,Tône 3,Tami,POINT (0.0174933691464898 10.908133961819958),
_mview_route_ralentisseurs.fid-7b1c8a4a_1943c5e84ca_708e,Savanes,Tône,Tône 3,Tami,POINT (0.0202784569265497 10.894051062746028),
_mview_route_ralentisseurs.fid-7b1c8a4a_1943c5e84ca_708f,Savanes,Tône,Tône 3,Tami,POINT (0.0208389036770776 10.893329117739304),
_mview_route_ralentisseurs.fid-7b1c8a4a_1943c5e84ca_7090,Savanes,Tône,Tône 3,Tami,POINT (0.0213251475526111 10.893012275527704),
_mview_route_ralentisseurs.fid-7b1c8a4a_1943c5e84ca_7091,Savanes,Tône,Tône 2,Naki-Ouest,POINT (0.0611571208941105 10.893591344507866),
_mview_route_ralentisseurs.fid-7b1c8a4a_1943c5e84ca_7092,Savanes,Tône,Tône 2,Naki-Ouest,POINT (0.089119105943457 10.905432925130487),
_mview_route_ralentisseurs.fid-7b1c8a4a_1943c5e84ca_7093,Savanes,Tône,Tône 2,Naki-Ouest,POINT (0.0897802398806508 10.905675957476936),
_mview_route_ralentisseurs.fid-7b1c8a4a_1943c5e84ca_7094,Savanes,Tône,Tône 2,Naki-Ouest,POINT (0.0905020752012661 10.905911668540341),
_mview_route_ralentisseurs.fid-7b1c8a4a_1943c5e84ca_7095,Savanes,Tône,Tône 2,Naki-Ouest,POINT (0.0916770949411823 10.90633084245564),
_mview_route_ralentisseurs.fid-7b1c8a4a_1943c5e84ca_7096,Savanes,Tône,Tône 2,Naki-Ouest,POINT (0.092471868442795 10.906520766515237),
_mview_route_ralentisseurs.fid-7b1c8a4a_1943c5e84ca_7097,Savanes,Tône,Tône 2,Naki-Ouest,POINT (0.0605675689630546 10.893162075669258),
_mview_route_ralentisseurs.fid-7b1c8a4a_1943c5e84ca_7098,Savanes,Tône,Tône 2,Naki-Ouest,POINT (0.0784280252750384 10.901773239777263),
_mview_route_ralentisseurs.fid-7b1c8a4a_1943c5e84ca_7099,Savanes,Tône,Tône 2,Naki-Ouest,POINT (0.0876217025367293 10.904898859657282),
_mview_route_ralentisseurs.fid-7b1c8a4a_1943c5e84ca_709a,Savanes,Tône,Tône 2,Naki-Ouest,POINT (0.0786327966939398 10.901837372561411),
_mview_route_ralentisseurs.fid-7b1c8a4a_1943c5e84ca_709b,Savanes,Tône,Tône 2,Naki-Ouest,POINT (0.0787296422227871 10.90186655902941),
_mview_route_ralentisseurs.fid-7b1c8a4a_1943c5e84ca_709c,Savanes,Tône,Tône 2,Naki-Ouest,POINT (0.0784342733775287 10.901775137934917),
_mview_route_ralentisseurs.fid-7b1c8a4a_1943c5e84ca_709d,Savanes,Tône,Tône 2,Naki-Ouest,POINT (0.1086705129771852 10.902030978576349),
_mview_route_ralentisseurs.fid-7b1c8a4a_1943c5e84ca_709e,Savanes,Tône,Tône 2,Naki-Ouest,POINT (0.1084683470594227 10.90170641856834),
_mview_route_ralentisseurs.fid-7b1c8a4a_1943c5e84ca_709f,Savanes,Tône,Tône 2,Naki-Ouest,POINT (0.1083475915610365 10.90148810356655),
_mview_route_ralentisseurs.fid-7b1c8a4a_1943c5e84ca_70a0,Savanes,Tône,Tône 2,Naki-Ouest,POINT (0.0889102409453206 10.915410151982753),
_mview_route_ralentisseurs.fid-7b1c8a4a_1943c5e84ca_70a1,Savanes,Tône,Tône 2,Naki-Ouest,POINT (0.0888307162789507 10.914658075561116),
_mview_route_ralentisseurs.fid-7b1c8a4a_1943c5e84ca_70a2,Savanes,Tône,Tône 2,Naki-Ouest,POINT (0.0916173222202446 10.907830021760994),
_mview_route_ralentisseurs.fid-7b1c8a4a_1943c5e84ca_70a3,Savanes,Tône,Tône 2,Naki-Ouest,POINT (0.0911217492003104 10.90841703114863),
_mview_route_ralentisseurs.fid-7b1c8a4a_1943c5e84ca_70a4,Savanes,Tône,Tône 2,Naki-Ouest,POINT (0.092412414803083 10.906926451682661),
_mview_route_ralentisseurs.fid-7b1c8a4a_1943c5e84ca_70a5,Savanes,Tône,Tône 2,Naki-Ouest,POINT (0.0920412402958049 10.90736962011466),
_mview_route_ralentisseurs.fid-7b1c8a4a_1943c5e84ca_70a6,Savanes,Tône,Tône 2,Naki-Ouest,POINT (0.0895548630401034 10.911445711356853),
_mview_route_ralentisseurs.fid-7b1c8a4a_1943c5e84ca_70a7,Savanes,Tône,Tône 2,Naki-Ouest,POINT (0.0894429318293162 10.911754454979578),
_mview_route_ralentisseurs.fid-7b1c8a4a_1943c5e84ca_70a8,Savanes,Tône,Tône 2,Naki-Ouest,POINT (0.0846956009849418 10.914166284691921),
_mview_route_ralentisseurs.fid-7b1c8a4a_1943c5e84ca_70a9,Savanes,Tône,Tône 2,Naki-Ouest,POINT (0.0737389559287021 10.9168114146768),
_mview_route_ralentisseurs.fid-7b1c8a4a_1943c5e84ca_70aa,Savanes,Tône,Tône 2,Naki-Ouest,POINT (0.0748652192401345 10.915689950244323),
_mview_route_ralentisseurs.fid-7b1c8a4a_1943c5e84ca_70ab,Savanes,Tône,Tône 2,Naki-Ouest,POINT (0.0755802248824338 10.915409098403343),
_mview_route_ralentisseurs.fid-7b1c8a4a_1943c5e84ca_70ac,Savanes,Tône,Tône 2,Naki-Ouest,POINT (0.0847030352006788 10.914162957655053),
_mview_route_ralentisseurs.fid-7b1c8a4a_1943c5e84ca_70ad,Savanes,Tône,Tône 2,Nanergou,POINT (0.1414316308679064 10.864430292020185),
_mview_route_ralentisseurs.fid-7b1c8a4a_1943c5e84ca_70ae,Savanes,Tône,Tône 2,Nanergou,POINT (0.1409240272478798 10.864370902077175),
_mview_route_ralentisseurs.fid-7b1c8a4a_1943c5e84ca_70af,Savanes,Tône,Tône 3,Nioukpourma,POINT (0.1329762055325591 10.828449423234487),DAPAONG-LOTOGOU
_mview_route_ralentisseurs.fid-7b1c8a4a_1943c5e84ca_70b0,Savanes,Tône,Tône 3,Tami,POINT (0.0990546279447142 10.815938269830125),DAPAONG-LOTOGOU
_mview_route_ralentisseurs.fid-7b1c8a4a_1943c5e84ca_70b1,Savanes,Tône,Tône 3,Nioukpourma,POINT (0.132963294203086 10.82844516006573),DAPAONG-LOTOGOU
_mview_route_ralentisseurs.fid-7b1c8a4a_1943c5e84ca_70b2,Savanes,Tône,Tône 2,Naki-Ouest,POINT (0.0966978254370825 10.903587439610082),
_mview_route_ralentisseurs.fid-7b1c8a4a_1943c5e84ca_70b3,Savanes,Tône,Tône 2,Naki-Ouest,POINT (0.0884091896911619 10.915840748407978),
_mview_route_ralentisseurs.fid-7b1c8a4a_1943c5e84ca_70b4,Savanes,Tône,Tône 2,Naki-Ouest,POINT (0.0730505252289682 10.927289784518628),
_mview_route_ralentisseurs.fid-7b1c8a4a_1943c5e84ca_70b5,Savanes,Tône,Tône 2,Naki-Ouest,POINT (0.0724469842117093 10.927624594798745),
_mview_route_ralentisseurs.fid-7b1c8a4a_1943c5e84ca_70b6,Savanes,Tône,Tône 2,Naki-Ouest,POINT (0.0720600807403735 10.92780979761521),
_mview_route_ralentisseurs.fid-7b1c8a4a_1943c5e84ca_70b7,Savanes,Tône,Tône 2,Naki-Ouest,POINT (0.071174503183286 10.928164133807275),
_mview_route_ralentisseurs.fid-7b1c8a4a_1943c5e84ca_70b8,Savanes,Tône,Tône 2,Naki-Ouest,POINT (0.0699094243567611 10.928713757579443),
_mview_route_ralentisseurs.fid-7b1c8a4a_1943c5e84ca_70b9,Savanes,Tône,Tône 2,Naki-Ouest,POINT (0.0687639710368928 10.929807294360307),
_mview_route_ralentisseurs.fid-7b1c8a4a_1943c5e84ca_70ba,Savanes,Tône,Tône 2,Naki-Ouest,POINT (0.0697605510275436 10.943133279005737),
_mview_route_ralentisseurs.fid-7b1c8a4a_1943c5e84ca_70bb,Savanes,Tône,Tône 2,Naki-Ouest,POINT (0.0687408624637716 10.940764715607727),
_mview_route_ralentisseurs.fid-7b1c8a4a_1943c5e84ca_70bc,Savanes,Tône,Tône 2,Naki-Ouest,POINT (0.0676646414847786 10.937640890823156),
_mview_route_ralentisseurs.fid-7b1c8a4a_1943c5e84ca_70bd,Savanes,Tône,Tône 3,Tami,POINT (0.020788117083568 10.89291374201677),
_mview_route_ralentisseurs.fid-7b1c8a4a_1943c5e84ca_70be,Savanes,Tône,Tône 3,Tami,POINT (0.0193544791701848 10.892662481365987),
_mview_route_ralentisseurs.fid-7b1c8a4a_1943c5e84ca_70bf,Savanes,Tône,Tône 2,Naki-Ouest,POINT (0.0606536146876972 10.915638694237904),
_mview_route_ralentisseurs.fid-7b1c8a4a_1943c5e84ca_70c0,Savanes,Tône,Tône 2,Naki-Ouest,POINT (0.0609476709380025 10.890788398245288),NANERGOU-TAMI-WARKAMBOU
_mview_route_ralentisseurs.fid-7b1c8a4a_1943c5e84ca_70c1,Savanes,Tône,Tône 2,Naki-Ouest,POINT (0.0608782221381526 10.893001954178303),NANERGOU-TAMI-WARKAMBOU
_mview_route_ralentisseurs.fid-7b1c8a4a_1943c5e84ca_70c2,Savanes,Tône,Tône 2,Naki-Ouest,POINT (0.0493766640126298 10.914656600006408),
_mview_route_ralentisseurs.fid-7b1c8a4a_1943c5e84ca_70c3,Savanes,Tône,Tône 2,Naki-Ouest,POINT (0.0574482988566914 10.887127588398538),
_mview_route_ralentisseurs.fid-7b1c8a4a_1943c5e84ca_70c4,Savanes,Tône,Tône 2,Naki-Ouest,POINT (0.0571890949223067 10.887098166914418),
_mview_route_ralentisseurs.fid-7b1c8a4a_1943c5e84ca_70c5,Savanes,Tône,Tône 1,Dapaong,POINT (0.1905826179162343 10.862711369423042),DAPAONG-LOTOGOU
_mview_route_ralentisseurs.fid-7b1c8a4a_1943c5e84ca_70c6,Savanes,Tône,Tône 1,Dapaong,POINT (0.2022634485831614 10.865634792460035),DAPAONG-LOTOGOU
_mview_route_ralentisseurs.fid-7b1c8a4a_1943c5e84ca_70c7,Savanes,Tône,Tône 1,Dapaong,POINT (0.2014214484422688 10.865367046466123),DAPAONG-LOTOGOU
_mview_route_ralentisseurs.fid-7b1c8a4a_1943c5e84ca_70c8,Savanes,Tône,Tône 1,Dapaong,POINT (0.2004447595476331 10.865017275869588),DAPAONG-LOTOGOU
_mview_route_ralentisseurs.fid-7b1c8a4a_1943c5e84ca_70c9,Savanes,Tône,Tône 1,Dapaong,POINT (0.1990739082537881 10.86450993604534),DAPAONG-LOTOGOU
_mview_route_ralentisseurs.fid-7b1c8a4a_1943c5e84ca_70ca,Savanes,Tône,Tône 1,Dapaong,POINT (0.1974796942894514 10.864009428396054),DAPAONG-LOTOGOU
_mview_route_ralentisseurs.fid-7b1c8a4a_1943c5e84ca_70cb,Savanes,Tône,Tône 1,Dapaong,POINT (0.195549117960877 10.863525750785046),DAPAONG-LOTOGOU
_mview_route_ralentisseurs.fid-7b1c8a4a_1943c5e84ca_70cc,Savanes,Tône,Tône 1,Dapaong,POINT (0.1944557173868987 10.863224290727315),DAPAONG-LOTOGOU
_mview_route_ralentisseurs.fid-7b1c8a4a_1943c5e84ca_70cd,Savanes,Tône,Tône 1,Dapaong,POINT (0.1925986020606786 10.86279481312928),DAPAONG-LOTOGOU
_mview_route_ralentisseurs.fid-7b1c8a4a_1943c5e84ca_70ce,Savanes,Tône,Tône 1,Dapaong,POINT (0.1919126595012181 10.862784221436831),DAPAONG-LOTOGOU
_mview_route_ralentisseurs.fid-7b1c8a4a_1943c5e84ca_70cf,Savanes,Tône,Tône 1,Dapaong,POINT (0.1974405427916535 10.863435743648699),
_mview_route_ralentisseurs.fid-7b1c8a4a_1943c5e84ca_70d0,Savanes,Tône,Tône 1,Dapaong,POINT (0.1967983933454486 10.863200387776521),
_mview_route_ralentisseurs.fid-7b1c8a4a_1943c5e84ca_70d1,Savanes,Tône,Tône 1,Dapaong,POINT (0.196300998662247 10.862999923730744),
_mview_route_ralentisseurs.fid-7b1c8a4a_1943c5e84ca_70d2,Savanes,Tône,Tône 1,Dapaong,POINT (0.1955850242507497 10.862737272069408),
_mview_route_ralentisseurs.fid-7b1c8a4a_1943c5e84ca_70d3,Savanes,Tône,Tône 1,Dapaong,POINT (0.1943151734639867 10.862228111268438),
_mview_route_ralentisseurs.fid-7b1c8a4a_1943c5e84ca_70d4,Savanes,Tône,Tône 1,Dapaong,POINT (0.1931325296462084 10.861713136909353),
_mview_route_ralentisseurs.fid-7b1c8a4a_1943c5e84ca_70d5,Savanes,Tône,Tône 1,Dapaong,POINT (0.1888716132210412 10.859755442458804),
_mview_route_ralentisseurs.fid-7b1c8a4a_1943c5e84ca_70d6,Savanes,Tône,Tône 1,Dapaong,POINT (0.1886218812268081 10.859642231002862),
_mview_route_ralentisseurs.fid-7b1c8a4a_1943c5e84ca_70d7,Savanes,Tône,Tône 1,Dapaong,POINT (0.1721900081327041 10.860385462342096),
_mview_route_ralentisseurs.fid-7b1c8a4a_1943c5e84ca_70d8,Savanes,Tône,Tône 1,Dapaong,POINT (0.1719772262996996 10.860764078211945),
_mview_route_ralentisseurs.fid-7b1c8a4a_1943c5e84ca_70d9,Savanes,Tône,Tône 1,Dapaong,POINT (0.1848763636939835 10.85781247498989),
_mview_route_ralentisseurs.fid-7b1c8a4a_1943c5e84ca_70da,Savanes,Tône,Tône 1,Dapaong,POINT (0.1858264002484261 10.858300289502541),
_mview_route_ralentisseurs.fid-7b1c8a4a_1943c5e84ca_70db,Savanes,Tône,Tône 1,Dapaong,POINT (0.1781780932223301 10.854223677313524),
_mview_route_ralentisseurs.fid-7b1c8a4a_1943c5e84ca_70dc,Savanes,Tône,Tône 1,Dapaong,POINT (0.1786337513604965 10.854492964794767),
_mview_route_ralentisseurs.fid-7b1c8a4a_1943c5e84ca_70dd,Savanes,Tône,Tône 1,Dapaong,POINT (0.189687498531282 10.914480305398817),
_mview_route_ralentisseurs.fid-7b1c8a4a_1943c5e84ca_70de,Savanes,Tône,Tône 1,Dapaong,POINT (0.1894315200201224 10.915139946618675),
_mview_route_ralentisseurs.fid-7b1c8a4a_1943c5e84ca_70df,Savanes,Tône,Tône 1,Dapaong,POINT (0.1904827062772752 10.9125633614562),
_mview_route_ralentisseurs.fid-7b1c8a4a_1943c5e84ca_70e0,Savanes,Tône,Tône 1,Dapaong,POINT (0.2073550255546275 10.922961210598634),
_mview_route_ralentisseurs.fid-7b1c8a4a_1943c5e84ca_70e1,Savanes,Tône,Tône 1,Dapaong,POINT (0.2075209575022189 10.922373063900018),
_mview_route_ralentisseurs.fid-7b1c8a4a_1943c5e84ca_70e2,Savanes,Tône,Tône 1,Dapaong,POINT (0.2042658784953973 10.914569469362029),
_mview_route_ralentisseurs.fid-7b1c8a4a_1943c5e84ca_70e3,Savanes,Tône,Tône 1,Dapaong,POINT (0.2042326247832691 10.914554581843163),
_mview_route_ralentisseurs.fid-7b1c8a4a_1943c5e84ca_70e4,Savanes,Tône,Tône 1,Dapaong,POINT (0.2041170386414729 10.914502834475657),
_mview_route_ralentisseurs.fid-7b1c8a4a_1943c5e84ca_70e5,Savanes,Tône,Tône 1,Dapaong,POINT (0.2038907013361314 10.91440150417564),
_mview_route_ralentisseurs.fid-7b1c8a4a_1943c5e84ca_70e6,Savanes,Tône,Tône 1,Dapaong,POINT (0.1769144907898862 10.938230811963065),
_mview_route_ralentisseurs.fid-7b1c8a4a_1943c5e84ca_70e7,Savanes,Tône,Tône 1,Dapaong,POINT (0.1755826035816184 10.937394149146076),
_mview_route_ralentisseurs.fid-7b1c8a4a_1943c5e84ca_70e8,Savanes,Tône,Tône 1,Dapaong,POINT (0.1754613974860402 10.937317782541802),
_mview_route_ralentisseurs.fid-7b1c8a4a_1943c5e84ca_70e9,Savanes,Tône,Tône 1,Dapaong,POINT (0.1730944174819713 10.935686223872647),
_mview_route_ralentisseurs.fid-7b1c8a4a_1943c5e84ca_70ea,Savanes,Tône,Tône 1,Dapaong,POINT (0.1729664808276166 10.93559290089286),
_mview_route_ralentisseurs.fid-7b1c8a4a_1943c5e84ca_70eb,Savanes,Tône,Tône 1,Dapaong,POINT (0.1780076194463996 10.920142563998505),
_mview_route_ralentisseurs.fid-7b1c8a4a_1943c5e84ca_70ec,Savanes,Tône,Tône 1,Dapaong,POINT (0.1783108688517861 10.91955258703267),
_mview_route_ralentisseurs.fid-7b1c8a4a_1943c5e84ca_70ed,Savanes,Tône,Tône 1,Dapaong,POINT (0.1806780472275483 10.911320466309117),
_mview_route_ralentisseurs.fid-7b1c8a4a_1943c5e84ca_70ee,Savanes,Tône,Tône 1,Dapaong,POINT (0.1847223374762401 10.900063694276579),
_mview_route_ralentisseurs.fid-7b1c8a4a_1943c5e84ca_70ef,Savanes,Tône,Tône 1,Dapaong,POINT (0.2038277986594215 10.91548745734341),
_mview_route_ralentisseurs.fid-7b1c8a4a_1943c5e84ca_70f0,Savanes,Tône,Tône 1,Dapaong,POINT (0.2039971658664891 10.915687746253438),
_mview_route_ralentisseurs.fid-7b1c8a4a_1943c5e84ca_70f1,Savanes,Tône,Tône 1,Dapaong,POINT (0.2041863211408369 10.915957532540741),
_mview_route_ralentisseurs.fid-7b1c8a4a_1943c5e84ca_70f2,Savanes,Tône,Tône 1,Dapaong,POINT (0.2073168869601587 10.92229792366266),
_mview_route_ralentisseurs.fid-7b1c8a4a_1943c5e84ca_70f3,Savanes,Tône,Tône 1,Dapaong,POINT (0.2058617675686618 10.86869097962978),TGRSVR DAPAONG ZONGO-CAREFOUR Y
_mview_route_ralentisseurs.fid-7b1c8a4a_1943c5e84ca_70f4,Savanes,Tône,Tône 1,Dapaong,POINT (0.2024448622840502 10.871903169220895),TGRSVR DAPAONG ZONGO-CAREFOUR Y
_mview_route_ralentisseurs.fid-7b1c8a4a_1943c5e84ca_70f5,Savanes,Tône,Tône 1,Dapaong,POINT (0.2035250541022539 10.87085344455292),TGRSVR DAPAONG ZONGO-CAREFOUR Y
_mview_route_ralentisseurs.fid-7b1c8a4a_1943c5e84ca_70f6,Savanes,Tône,Tône 1,Dapaong,POINT (0.2049492126105574 10.86952614466302),TGRSVR DAPAONG ZONGO-CAREFOUR Y
_mview_route_ralentisseurs.fid-7b1c8a4a_1943c5e84ca_70f7,Savanes,Tône,Tône 1,Dapaong,POINT (0.2030078799398349 10.874881578931136),
_mview_route_ralentisseurs.fid-7b1c8a4a_1943c5e84ca_70f8,Savanes,Tône,Tône 1,Dapaong,POINT (0.2477438506616015 10.792508524164674),
_mview_route_ralentisseurs.fid-7b1c8a4a_1943c5e84ca_70f9,Savanes,Tône,Tône 1,Dapaong,POINT (0.2277840399819772 10.837930235040494),
_mview_route_ralentisseurs.fid-7b1c8a4a_1943c5e84ca_70fa,Savanes,Tône,Tône 1,Dapaong,POINT (0.2272075148951528 10.838012748434528),
_mview_route_ralentisseurs.fid-7b1c8a4a_1943c5e84ca_70fb,Savanes,Tône,Tône 1,Dapaong,POINT (0.2049995496880453 10.85161430017099),
_mview_route_ralentisseurs.fid-7b1c8a4a_1943c5e84ca_70fc,Savanes,Tône,Tône 1,Dapaong,POINT (0.2206156357737796 10.828018487873056),
_mview_route_ralentisseurs.fid-7b1c8a4a_1943c5e84ca_70fd,Savanes,Tône,Tône 1,Dapaong,POINT (0.2205927923152881 10.82830976024236),
_mview_route_ralentisseurs.fid-7b1c8a4a_1943c5e84ca_70fe,Savanes,Tône,Tône 1,Dapaong,POINT (0.2133211617749561 10.848763802914677),
_mview_route_ralentisseurs.fid-7b1c8a4a_1943c5e84ca_70ff,Savanes,Tône,Tône 1,Dapaong,POINT (0.2112057762962834 10.837506673778332),
_mview_route_ralentisseurs.fid-7b1c8a4a_1943c5e84ca_7100,Savanes,Tône,Tône 1,Dapaong,POINT (0.2071782908204059 10.837663420327864),
_mview_route_ralentisseurs.fid-7b1c8a4a_1943c5e84ca_7101,Savanes,Tône,Tône 1,Dapaong,POINT (0.2078442644906152 10.836148816058353),
_mview_route_ralentisseurs.fid-7b1c8a4a_1943c5e84ca_7102,Savanes,Tône,Tône 1,Dapaong,POINT (0.1780531063480161 10.872908443596904),
_mview_route_ralentisseurs.fid-7b1c8a4a_1943c5e84ca_7103,Savanes,Tône,Tône 1,Dapaong,POINT (0.1778892359646716 10.872878648967397),
_mview_route_ralentisseurs.fid-7b1c8a4a_1943c5e84ca_7104,Savanes,Tône,Tône 1,Dapaong,POINT (0.1771033422580107 10.87316339325181),
_mview_route_ralentisseurs.fid-7b1c8a4a_1943c5e84ca_7105,Savanes,Tône,Tône 1,Dapaong,POINT (0.1941787969625413 10.89651608238528),
_mview_route_ralentisseurs.fid-7b1c8a4a_1943c5e84ca_7106,Savanes,Tône,Tône 1,Dapaong,POINT (0.186284813587574 10.890891977220155),
_mview_route_ralentisseurs.fid-7b1c8a4a_1943c5e84ca_7107,Savanes,Tône,Tône 1,Dapaong,POINT (0.1979180946795104 10.874253865013129),
_mview_route_ralentisseurs.fid-7b1c8a4a_1943c5e84ca_7108,Savanes,Tône,Tône 1,Dapaong,POINT (0.2063323423470823 10.88404454984318),
_mview_route_ralentisseurs.fid-7b1c8a4a_1943c5e84ca_7109,Savanes,Tône,Tône 1,Dapaong,POINT (0.2034246476214813 10.877547174711674),
_mview_route_ralentisseurs.fid-7b1c8a4a_1943c5e84ca_710a,Savanes,Tône,Tône 1,Dapaong,POINT (0.2234639141796749 10.891422451726335),
_mview_route_ralentisseurs.fid-7b1c8a4a_1943c5e84ca_710b,Savanes,Tône,Tône 1,Dapaong,POINT (0.1852974177761401 10.87044011509737),
_mview_route_ralentisseurs.fid-7b1c8a4a_1943c5e84ca_710c,Savanes,Tône,Tône 1,Dapaong,POINT (0.1909695544400797 10.871454355412071),
_mview_route_ralentisseurs.fid-7b1c8a4a_1943c5e84ca_710d,Savanes,Tône,Tône 1,Dapaong,POINT (0.1904119176194644 10.871607548382165),
_mview_route_ralentisseurs.fid-7b1c8a4a_1943c5e84ca_710e,Savanes,Tône,Tône 1,Dapaong,POINT (0.1889876815934406 10.871712861455372),
_mview_route_ralentisseurs.fid-7b1c8a4a_1943c5e84ca_710f,Savanes,Tône,Tône 1,Dapaong,POINT (0.1867675999124442 10.883438359914697),
_mview_route_ralentisseurs.fid-7b1c8a4a_1943c5e84ca_7110,Savanes,Tône,Tône 1,Dapaong,POINT (0.1810426958259073 10.884190962288903),
_mview_route_ralentisseurs.fid-7b1c8a4a_1943c5e84ca_7111,Savanes,Tône,Tône 1,Dapaong,POINT (0.1810739747159958 10.884321517660537),
_mview_route_ralentisseurs.fid-7b1c8a4a_1943c5e84ca_7112,Savanes,Tône,Tône 1,Dapaong,POINT (0.2117813320800525 10.875830959351969),
_mview_route_ralentisseurs.fid-7b1c8a4a_1943c5e84ca_7113,Savanes,Tône,Tône 1,Dapaong,POINT (0.2099843747608766 10.874619958008875),
_mview_route_ralentisseurs.fid-7b1c8a4a_1943c5e84ca_7114,Savanes,Tône,Tône 1,Dapaong,POINT (0.2079553424191717 10.876468881471329),
_mview_route_ralentisseurs.fid-7b1c8a4a_1943c5e84ca_7115,Savanes,Tône,Tône 1,Dapaong,POINT (0.1751448466998361 10.84611881620406),
_mview_route_ralentisseurs.fid-7b1c8a4a_1943c5e84ca_7116,Savanes,Tône,Tône 1,Dapaong,POINT (0.1895624340177202 10.84398361001966),
_mview_route_ralentisseurs.fid-7b1c8a4a_1943c5e84ca_7117,Savanes,Tône,Tône 1,Dapaong,POINT (0.1982438362437729 10.843249558909125),
_mview_route_ralentisseurs.fid-7b1c8a4a_1943c5e84ca_7118,Savanes,Tône,Tône 1,Dapaong,POINT (0.206970607051962 10.84995799811927),
_mview_route_ralentisseurs.fid-7b1c8a4a_1943c5e84ca_7119,Savanes,Tône,Tône 1,Dapaong,POINT (0.2095065868222299 10.852805179235583),
_mview_route_ralentisseurs.fid-7b1c8a4a_1943c5e84ca_711a,Savanes,Tône,Tône 1,Dapaong,POINT (0.1925517593741937 10.840273584096666),
_mview_route_ralentisseurs.fid-7b1c8a4a_1943c5e84ca_711b,Savanes,Tône,Tône 1,Dapaong,POINT (0.1901743589118358 10.826454573240884),
_mview_route_ralentisseurs.fid-7b1c8a4a_1943c5e84ca_711c,Savanes,Tône,Tône 1,Dapaong,POINT (0.1930826542005164 10.804952182695011),
_mview_route_ralentisseurs.fid-7b1c8a4a_1943c5e84ca_711d,Savanes,Tône,Tône 1,Dapaong,POINT (0.1923885424127694 10.807566572001765),
_mview_route_ralentisseurs.fid-7b1c8a4a_1943c5e84ca_711e,Savanes,Tône,Tône 1,Dapaong,POINT (0.2159554291792084 10.879760050152827),
_mview_route_ralentisseurs.fid-7b1c8a4a_1943c5e84ca_711f,Savanes,Tône,Tône 1,Dapaong,POINT (0.2163122174594136 10.878408614626768),
_mview_route_ralentisseurs.fid-7b1c8a4a_1943c5e84ca_7120,Savanes,Tône,Tône 1,Dapaong,POINT (0.2138094454409476 10.88077528946569),
_mview_route_ralentisseurs.fid-7b1c8a4a_1943c5e84ca_7121,Savanes,Tône,Tône 1,Dapaong,POINT (0.213851529868013 10.880729256199473),
_mview_route_ralentisseurs.fid-7b1c8a4a_1943c5e84ca_7122,Savanes,Tône,Tône 1,Dapaong,POINT (0.2191437447729034 10.882171538803206),
_mview_route_ralentisseurs.fid-7b1c8a4a_1943c5e84ca_7123,Savanes,Tône,Tône 1,Dapaong,POINT (0.2784173092277514 10.805353472023855),
_mview_route_ralentisseurs.fid-7b1c8a4a_1943c5e84ca_7124,Savanes,Tône,Tône 1,Dapaong,POINT (0.2784152900149112 10.805241325276588),
_mview_route_ralentisseurs.fid-7b1c8a4a_1943c5e84ca_7125,Savanes,Tône,Tône 1,Dapaong,POINT (0.2784633988299807 10.80566771938955),
_mview_route_ralentisseurs.fid-7b1c8a4a_1943c5e84ca_7126,Savanes,Tône,Tône 1,Dapaong,POINT (0.1950528367581851 10.8653950591828),
_mview_route_ralentisseurs.fid-7b1c8a4a_1943c5e84ca_7127,Maritime,Vo,Vo 3,Dagbati,POINT (1.5075773256688554 6.4390915171056),
_mview_route_ralentisseurs.fid-7b1c8a4a_1943c5e84ca_7128,Maritime,Vo,Vo 3,Dagbati,POINT (1.5082652833262393 6.434445373791998),
_mview_route_ralentisseurs.fid-7b1c8a4a_1943c5e84ca_7129,Maritime,Vo,Vo 4,Akoumapé,POINT (1.4438368138063644 6.386231725461415),TGRMRRRN34 LOME-VOGAN-ANFOIN
_mview_route_ralentisseurs.fid-7b1c8a4a_1943c5e84ca_712a,Maritime,Vo,Vo 4,Akoumapé,POINT (1.446448203550885 6.385578748879071),TGRMRRRN34 LOME-VOGAN-ANFOIN
_mview_route_ralentisseurs.fid-7b1c8a4a_1943c5e84ca_712b,Maritime,Vo,Vo 4,Akoumapé,POINT (1.4368679854115027 6.384729080279565),TGRMRRRN34 LOME-VOGAN-ANFOIN
_mview_route_ralentisseurs.fid-7b1c8a4a_1943c5e84ca_712c,Maritime,Vo,Vo 4,Hahotoé,POINT (1.4181341172487536 6.375296401173787),TGRMRRRN34 LOME-VOGAN-ANFOIN
_mview_route_ralentisseurs.fid-7b1c8a4a_1943c5e84ca_712d,Maritime,Vo,Vo 4,Hahotoé,POINT (1.4175064762510206 6.374222902103551),TGRMRRRN34 LOME-VOGAN-ANFOIN
_mview_route_ralentisseurs.fid-7b1c8a4a_1943c5e84ca_712e,Maritime,Vo,Vo 4,Hahotoé,POINT (1.4175376284211323 6.3678843114834125),TGRMRRRN34 LOME-VOGAN-ANFOIN
_mview_route_ralentisseurs.fid-7b1c8a4a_1943c5e84ca_712f,Maritime,Vo,Vo 4,Hahotoé,POINT (1.4164049791110784 6.364978017639488),TGRMRRRN34 LOME-VOGAN-ANFOIN
_mview_route_ralentisseurs.fid-7b1c8a4a_1943c5e84ca_7130,Maritime,Vo,Vo 4,Hahotoé,POINT (1.4040573384690336 6.349771839556048),TGRMRRRN34 LOME-VOGAN-ANFOIN
_mview_route_ralentisseurs.fid-7b1c8a4a_1943c5e84ca_7131,Maritime,Vo,Vo 4,Hahotoé,POINT (1.4035926073447715 6.349035941553066),TGRMRRRN34 LOME-VOGAN-ANFOIN
_mview_route_ralentisseurs.fid-7b1c8a4a_1943c5e84ca_7132,Maritime,Vo,Vo 4,Hahotoé,POINT (1.3822581286810338 6.329693498750675),TGRMRRRN34 LOME-VOGAN-ANFOIN
_mview_route_ralentisseurs.fid-7b1c8a4a_1943c5e84ca_7133,Maritime,Vo,Vo 1,Vogan,POINT (1.5304188012092528 6.334157392949331),TGRMRRRN34 LOME-VOGAN-ANFOIN
_mview_route_ralentisseurs.fid-7b1c8a4a_1943c5e84ca_7134,Maritime,Vo,Vo 1,Vogan,POINT (1.5324392933108344 6.333523232551342),TGRMRRRN34 LOME-VOGAN-ANFOIN
_mview_route_ralentisseurs.fid-7b1c8a4a_1943c5e84ca_7135,Maritime,Vo,Vo 1,Vogan,POINT (1.523487571744963 6.340990332371635),TGRMRRRN34 LOME-VOGAN-ANFOIN
_mview_route_ralentisseurs.fid-7b1c8a4a_1943c5e84ca_7136,Maritime,Vo,Vo 1,Vogan,POINT (1.5253661126087392 6.338094509042526),TGRMRRRN34 LOME-VOGAN-ANFOIN
_mview_route_ralentisseurs.fid-7b1c8a4a_1943c5e84ca_7137,Maritime,Vo,Vo 1,Vogan,POINT (1.513473225970929 6.3640511810611295),
_mview_route_ralentisseurs.fid-7b1c8a4a_1943c5e84ca_7138,Maritime,Vo,Vo 1,Vogan,POINT (1.5133174158133207 6.364085915805396),
_mview_route_ralentisseurs.fid-7b1c8a4a_1943c5e84ca_7139,Maritime,Vo,Vo 1,Vogan,POINT (1.498497232514725 6.374402221175723),
_mview_route_ralentisseurs.fid-7b1c8a4a_1943c5e84ca_713a,Maritime,Vo,Vo 4,Sévagan,POINT (1.4203513065656952 6.330151608483879),
_mview_route_ralentisseurs.fid-7b1c8a4a_1943c5e84ca_713b,Maritime,Vo,Vo 1,Vogan,POINT (1.512035381485667 6.356358420321424),
_mview_route_ralentisseurs.fid-7b1c8a4a_1943c5e84ca_713c,Maritime,Vo,Vo 1,Vogan,POINT (1.513719370026012 6.360500410978718),
_mview_route_ralentisseurs.fid-7b1c8a4a_1943c5e84ca_713d,Maritime,Vo,Vo 1,Vogan,POINT (1.4909025041070392 6.370493673471665),
_mview_route_ralentisseurs.fid-7b1c8a4a_1943c5e84ca_713e,Maritime,Vo,Vo 3,Dagbati,POINT (1.5014580306127294 6.504082940980031),
_mview_route_ralentisseurs.fid-7b1c8a4a_1943c5e84ca_713f,Maritime,Vo,Vo 3,Dagbati,POINT (1.4737846408213993 6.485712490066877),
_mview_route_ralentisseurs.fid-7b1c8a4a_1943c5e84ca_7140,Maritime,Vo,Vo 3,Dagbati,POINT (1.473000793657216 6.4818606904594365),
_mview_route_ralentisseurs.fid-7b1c8a4a_1943c5e84ca_7141,Maritime,Vo,Vo 1,Vogan,POINT (1.5105629151176354 6.376466440567094),
_mview_route_ralentisseurs.fid-7b1c8a4a_1943c5e84ca_7142,Maritime,Vo,Vo 4,Akoumapé,POINT (1.3966723271556332 6.44643431867137),TGRMRTRN35 AKOUMAKPE-TCHEKPO
_mview_route_ralentisseurs.fid-7b1c8a4a_1943c5e84ca_7143,Maritime,Vo,Vo 3,Dagbati,POINT (1.4826877396908147 6.4890743709030545),
_mview_route_ralentisseurs.fid-7b1c8a4a_1943c5e84ca_7144,Maritime,Vo,Vo 3,Dagbati,POINT (1.4985015981346093 6.480279208574828),
_mview_route_ralentisseurs.fid-7b1c8a4a_1943c5e84ca_7145,Maritime,Vo,Vo 3,Dagbati,POINT (1.498345175684657 6.481307081174448),
_mview_route_ralentisseurs.fid-7b1c8a4a_1943c5e84ca_7146,Maritime,Vo,Vo 4,Akoumapé,POINT (1.4404306097836954 6.384914837315856),
_mview_route_ralentisseurs.fid-7b1c8a4a_1943c5e84ca_7147,Maritime,Vo,Vo 3,Dagbati,POINT (1.5020504261949508 6.481205208591184),
_mview_route_ralentisseurs.fid-7b1c8a4a_1943c5e84ca_7148,Maritime,Vo,Vo 3,Dzrékpo,POINT (1.5671605599174787 6.408980842996738),
_mview_route_ralentisseurs.fid-7b1c8a4a_1943c5e84ca_7149,Maritime,Vo,Vo 3,Dagbati,POINT (1.5049288111923473 6.427793268632748),VO ATTIVE-KOUTIDJI
_mview_route_ralentisseurs.fid-7b1c8a4a_1943c5e84ca_714a,Maritime,Vo,Vo 3,Dagbati,POINT (1.5051793703624516 6.427696640468188),VO ATTIVE-KOUTIDJI
_mview_route_ralentisseurs.fid-7b1c8a4a_1943c5e84ca_714b,Maritime,Vo,Vo 1,Vogan,POINT (1.4845609199864407 6.38389523918325),
_mview_route_ralentisseurs.fid-7b1c8a4a_1943c5e84ca_714c,Maritime,Vo,Vo 1,Vogan,POINT (1.4844649553693736 6.383602093290703),
_mview_route_ralentisseurs.fid-7b1c8a4a_1943c5e84ca_714d,Maritime,Vo,Vo 1,Vogan,POINT (1.4852691704507126 6.384332672604817),
_mview_route_ralentisseurs.fid-7b1c8a4a_1943c5e84ca_714e,Maritime,Vo,Vo 1,Vogan,POINT (1.485537567155922 6.384222819613142),
_mview_route_ralentisseurs.fid-7b1c8a4a_1943c5e84ca_714f,Maritime,Vo,Vo 3,Dzrékpo,POINT (1.5492994786519005 6.431817698815242),
_mview_route_ralentisseurs.fid-7b1c8a4a_1943c5e84ca_7150,Maritime,Vo,Vo 3,Dzrékpo,POINT (1.5492889879170282 6.431961475863286),
_mview_route_ralentisseurs.fid-7b1c8a4a_1943c5e84ca_7151,Maritime,Vo,Vo 3,Dzrékpo,POINT (1.5492790024442218 6.432171738135535),
_mview_route_ralentisseurs.fid-7b1c8a4a_1943c5e84ca_7152,Maritime,Vo,Vo 4,Sévagan,POINT (1.447383758591411 6.330453136559365),
_mview_route_ralentisseurs.fid-7b1c8a4a_1943c5e84ca_7153,Maritime,Vo,Vo 4,Sévagan,POINT (1.4473689719584488 6.330724626835488),
_mview_route_ralentisseurs.fid-7b1c8a4a_1943c5e84ca_7154,Maritime,Vo,Vo 1,Vogan,POINT (1.5099500347412405 6.288064630350677),ANYRONKOPE-WOGBA
_mview_route_ralentisseurs.fid-7b1c8a4a_1943c5e84ca_7155,Maritime,Vo,Vo 3,Dzrékpo,POINT (1.5670546859057655 6.464142672700981),
_mview_route_ralentisseurs.fid-7b1c8a4a_1943c5e84ca_7156,Maritime,Vo,Vo 3,Dzrékpo,POINT (1.567244950290434 6.464489096039099),
_mview_route_ralentisseurs.fid-7b1c8a4a_1943c5e84ca_7157,Maritime,Vo,Vo 3,Dzrékpo,POINT (1.5681995921910785 6.465497991273429),
_mview_route_ralentisseurs.fid-7b1c8a4a_1943c5e84ca_7158,Maritime,Vo,Vo 3,Dzrékpo,POINT (1.5689547168669045 6.466552248995189),
_mview_route_ralentisseurs.fid-7b1c8a4a_1943c5e84ca_7159,Maritime,Vo,Vo 3,Dzrékpo,POINT (1.5666769344668356 6.462764798241851),
_mview_route_ralentisseurs.fid-7b1c8a4a_1943c5e84ca_715a,Maritime,Vo,Vo 3,Dzrékpo,POINT (1.5683967772398342 6.4703894042060135),
_mview_route_ralentisseurs.fid-7b1c8a4a_1943c5e84ca_715b,Maritime,Vo,Vo 3,Dzrékpo,POINT (1.5682800244611674 6.47434940557384),DZREKPO CENTRE RVV-ATCHANSITODOME
_mview_route_ralentisseurs.fid-7b1c8a4a_1943c5e84ca_715c,Maritime,Vo,Vo 3,Dzrékpo,POINT (1.5721076844642157 6.4455531398564885),
_mview_route_ralentisseurs.fid-7b1c8a4a_1943c5e84ca_715d,Maritime,Vo,Vo 3,Dzrékpo,POINT (1.5717339692579804 6.4447872074607915),
_mview_route_ralentisseurs.fid-7b1c8a4a_1943c5e84ca_715e,Maritime,Vo,Vo 3,Dzrékpo,POINT (1.5718417043891424 6.445009647338833),
_mview_route_ralentisseurs.fid-7b1c8a4a_1943c5e84ca_715f,Maritime,Vo,Vo 3,Dzrékpo,POINT (1.5624766408683581 6.412363731637486),
_mview_route_ralentisseurs.fid-7b1c8a4a_1943c5e84ca_7160,Maritime,Vo,Vo 1,Vogan,POINT (1.4990731239820487 6.3301107755865775),
_mview_route_ralentisseurs.fid-7b1c8a4a_1943c5e84ca_7161,Maritime,Vo,Vo 1,Vogan,POINT (1.4992075545184445 6.329986269469451),
_mview_route_ralentisseurs.fid-7b1c8a4a_1943c5e84ca_7162,Maritime,Vo,Vo 3,Dzrékpo,POINT (1.5746939046572317 6.443269086931885),TGRMRRRN4 TSEVIE-TABLIGBO-ANEHO
_mview_route_ralentisseurs.fid-7b1c8a4a_1943c5e84ca_7163,Maritime,Vo,Vo 3,Dzrékpo,POINT (1.5867924161896105 6.415294553940793),TGRMRRRN4 TSEVIE-TABLIGBO-ANEHO
_mview_route_ralentisseurs.fid-7b1c8a4a_1943c5e84ca_7164,Maritime,Vo,Vo 3,Dzrékpo,POINT (1.587953323770595 6.413493026426667),TGRMRRRN4 TSEVIE-TABLIGBO-ANEHO
_mview_route_ralentisseurs.fid-7b1c8a4a_1943c5e84ca_7165,Maritime,Vo,Vo 3,Dzrékpo,POINT (1.5705786707465044 6.453693152974783),MOME GBAVE-AHONLOGOE-YOHONOU
_mview_route_ralentisseurs.fid-7b1c8a4a_1943c5e84ca_7166,Maritime,Vo,Vo 3,Dagbati,POINT (1.5160803422166278 6.424272585554218),
_mview_route_ralentisseurs.fid-7b1c8a4a_1943c5e84ca_7167,Maritime,Vo,Vo 3,Mome-Hounkpati,POINT (1.5581811285740312 6.4609713740534644),
_mview_route_ralentisseurs.fid-7b1c8a4a_1943c5e84ca_7168,Maritime,Vo,Vo 3,Mome-Hounkpati,POINT (1.5582097617701878 6.460718801792961),
_mview_route_ralentisseurs.fid-7b1c8a4a_1943c5e84ca_7169,Maritime,Vo,Vo 3,Mome-Hounkpati,POINT (1.5581579886733448 6.461181107266016),
_mview_route_ralentisseurs.fid-7b1c8a4a_1943c5e84ca_716a,Maritime,Zio,Zio 4,Gapé-Centre,POINT (1.0590848450492978 6.545195398776517),
_mview_route_ralentisseurs.fid-7b1c8a4a_1943c5e84ca_716b,Maritime,Vo,Vo 3,Mome-Hounkpati,POINT (1.557402026508679 6.468113622922999),
_mview_route_ralentisseurs.fid-7b1c8a4a_1943c5e84ca_716c,Maritime,Vo,Vo 3,Mome-Hounkpati,POINT (1.556935702187575 6.4718414327004785),
_mview_route_ralentisseurs.fid-7b1c8a4a_1943c5e84ca_716d,Maritime,Vo,Vo 3,Mome-Hounkpati,POINT (1.5572757027955857 6.490774881516681),
_mview_route_ralentisseurs.fid-7b1c8a4a_1943c5e84ca_716e,Maritime,Vo,Vo 3,Mome-Hounkpati,POINT (1.5573485588292968 6.491125450499606),
_mview_route_ralentisseurs.fid-7b1c8a4a_1943c5e84ca_716f,Maritime,Vo,Vo 3,Mome-Hounkpati,POINT (1.5560307499544344 6.493542225822249),
_mview_route_ralentisseurs.fid-7b1c8a4a_1943c5e84ca_7170,Maritime,Vo,Vo 3,Mome-Hounkpati,POINT (1.5561789040778387 6.494231590737661),
_mview_route_ralentisseurs.fid-7b1c8a4a_1943c5e84ca_7171,Maritime,Vo,Vo 3,Mome-Hounkpati,POINT (1.560851417140169 6.466532273675588),DZREKPO CENTRE DJOGBETOE-MOMEHOUNKPATI
_mview_route_ralentisseurs.fid-7b1c8a4a_1943c5e84ca_7172,Maritime,Vo,Vo 3,Mome-Hounkpati,POINT (1.560198467875758 6.467237946443723),DZREKPO CENTRE DJOGBETOE-MOMEHOUNKPATI
_mview_route_ralentisseurs.fid-7b1c8a4a_1943c5e84ca_7173,Maritime,Vo,Vo 3,Mome-Hounkpati,POINT (1.5591794029551702 6.468202997549136),DZREKPO CENTRE DJOGBETOE-MOMEHOUNKPATI
_mview_route_ralentisseurs.fid-7b1c8a4a_1943c5e84ca_7174,Maritime,Vo,Vo 3,Mome-Hounkpati,POINT (1.560403631937539 6.464354887966794),
_mview_route_ralentisseurs.fid-7b1c8a4a_1943c5e84ca_7175,Maritime,Vo,Vo 3,Mome-Hounkpati,POINT (1.560644788010269 6.464055742668137),
_mview_route_ralentisseurs.fid-7b1c8a4a_1943c5e84ca_7176,Maritime,Vo,Vo 3,Dagbati,POINT (1.4785539223351754 6.4306342200454525),
_mview_route_ralentisseurs.fid-7b1c8a4a_1943c5e84ca_7177,Maritime,Vo,Vo 3,Dagbati,POINT (1.4780156078320332 6.430572567072765),
_mview_route_ralentisseurs.fid-7b1c8a4a_1943c5e84ca_7178,Maritime,Vo,Vo 1,Vogan,POINT (1.483267719369899 6.3631639445305925),
_mview_route_ralentisseurs.fid-7b1c8a4a_1943c5e84ca_7179,Maritime,Vo,Vo 1,Vogan,POINT (1.500924209202008 6.352115993780769),
_mview_route_ralentisseurs.fid-7b1c8a4a_1943c5e84ca_717a,Maritime,Vo,Vo 3,Dzrékpo,POINT (1.5558066397510606 6.451297039376081),
_mview_route_ralentisseurs.fid-7b1c8a4a_1943c5e84ca_717b,Maritime,Vo,Vo 3,Dzrékpo,POINT (1.555538059504906 6.450881832083089),
_mview_route_ralentisseurs.fid-7b1c8a4a_1943c5e84ca_717c,Maritime,Vo,Vo 3,Dzrékpo,POINT (1.5553565901946171 6.450638349868147),
_mview_route_ralentisseurs.fid-7b1c8a4a_1943c5e84ca_717d,Maritime,Vo,Vo 3,Dzrékpo,POINT (1.5498535082648166 6.445165226709608),
_mview_route_ralentisseurs.fid-7b1c8a4a_1943c5e84ca_717e,Maritime,Vo,Vo 3,Dzrékpo,POINT (1.5487924526567696 6.44549174174372),
_mview_route_ralentisseurs.fid-7b1c8a4a_1943c5e84ca_717f,Maritime,Vo,Vo 3,Mome-Hounkpati,POINT (1.531556986370409 6.542111467598389),
_mview_route_ralentisseurs.fid-7b1c8a4a_1943c5e84ca_7180,Maritime,Vo,Vo 3,Mome-Hounkpati,POINT (1.5310124296451135 6.5420205119692385),
_mview_route_ralentisseurs.fid-7b1c8a4a_1943c5e84ca_7181,Maritime,Vo,Vo 3,Mome-Hounkpati,POINT (1.530758341465625 6.541972064243584),
_mview_route_ralentisseurs.fid-7b1c8a4a_1943c5e84ca_7182,Maritime,Vo,Vo 1,Vo-Koutimé,POINT (1.5773184905024114 6.38541199344365),
_mview_route_ralentisseurs.fid-7b1c8a4a_1943c5e84ca_7183,Maritime,Vo,Vo 1,Vo-Koutimé,POINT (1.581059090260125 6.394759346670079),
_mview_route_ralentisseurs.fid-7b1c8a4a_1943c5e84ca_7184,Maritime,Vo,Vo 1,Vo-Koutimé,POINT (1.581040984938597 6.394646835050835),
_mview_route_ralentisseurs.fid-7b1c8a4a_1943c5e84ca_7185,Maritime,Vo,Vo 2,Anyron-Kopé,POINT (1.5344829592649034 6.251339304193074),
_mview_route_ralentisseurs.fid-7b1c8a4a_1943c5e84ca_7186,Maritime,Vo,Vo 2,Anyron-Kopé,POINT (1.5457527242312834 6.276515506793999),
_mview_route_ralentisseurs.fid-7b1c8a4a_1943c5e84ca_7187,Maritime,Vo,Vo 2,Anyron-Kopé,POINT (1.5047477387502817 6.268515290960555),
_mview_route_ralentisseurs.fid-7b1c8a4a_1943c5e84ca_7188,Maritime,Vo,Vo 2,Anyron-Kopé,POINT (1.504923216898341 6.268510252166969),
_mview_route_ralentisseurs.fid-7b1c8a4a_1943c5e84ca_7189,Maritime,Vo,Vo 2,Togoville,POINT (1.4776570315219486 6.261124847879088),
_mview_route_ralentisseurs.fid-7b1c8a4a_1943c5e84ca_718a,Maritime,Vo,Vo 2,Togoville,POINT (1.4793466069639458 6.246475379225905),
_mview_route_ralentisseurs.fid-7b1c8a4a_1943c5e84ca_718b,Maritime,Vo,Vo 2,Togoville,POINT (1.4834432150493397 6.24688525269241),
_mview_route_ralentisseurs.fid-7b1c8a4a_1943c5e84ca_718c,Maritime,Vo,Vo 2,Togoville,POINT (1.483259191904816 6.246960439595744),
_mview_route_ralentisseurs.fid-7b1c8a4a_1943c5e84ca_718d,Maritime,Vo,Vo 1,Vogan,POINT (1.532381758270723 6.373190929001304),
_mview_route_ralentisseurs.fid-7b1c8a4a_1943c5e84ca_718e,Maritime,Vo,Vo 1,Vogan,POINT (1.5321995691035761 6.373540274268901),
_mview_route_ralentisseurs.fid-7b1c8a4a_1943c5e84ca_718f,Maritime,Vo,Vo 1,Vogan,POINT (1.5309126662466273 6.375544667508332),
_mview_route_ralentisseurs.fid-7b1c8a4a_1943c5e84ca_7190,Maritime,Vo,Vo 1,Vogan,POINT (1.532559956738364 6.3733817695907495),
_mview_route_ralentisseurs.fid-7b1c8a4a_1943c5e84ca_7191,Maritime,Vo,Vo 1,Vogan,POINT (1.5328887723235969 6.373379622565689),
_mview_route_ralentisseurs.fid-7b1c8a4a_1943c5e84ca_7192,Maritime,Vo,Vo 2,Togoville,POINT (1.4980296997105127 6.268444159190156),
_mview_route_ralentisseurs.fid-7b1c8a4a_1943c5e84ca_7193,Maritime,Vo,Vo 2,Anyron-Kopé,POINT (1.5204444899025915 6.264539472203548),
_mview_route_ralentisseurs.fid-7b1c8a4a_1943c5e84ca_7194,Maritime,Vo,Vo 2,Anyron-Kopé,POINT (1.5238913837567114 6.260365445453706),
_mview_route_ralentisseurs.fid-7b1c8a4a_1943c5e84ca_7195,Maritime,Vo,Vo 2,Anyron-Kopé,POINT (1.5331458876748765 6.26509186743976),
_mview_route_ralentisseurs.fid-7b1c8a4a_1943c5e84ca_7196,Maritime,Vo,Vo 2,Anyron-Kopé,POINT (1.5275151476831648 6.261691119035582),
_mview_route_ralentisseurs.fid-7b1c8a4a_1943c5e84ca_7197,Maritime,Vo,Vo 2,Togoville,POINT (1.49351832668456 6.273073333333717),
_mview_route_ralentisseurs.fid-7b1c8a4a_1943c5e84ca_7198,Plateaux,Wawa,Wawa 3,Ounabé,POINT (0.9676936568343202 7.558855671584396),TGRPRRRN15 TEMEDJA(RN5)-BADOU-FRE GHANA
_mview_route_ralentisseurs.fid-7b1c8a4a_1943c5e84ca_7199,Plateaux,Wawa,Wawa 3,Ounabé,POINT (0.9790546722981684 7.557929704226295),TGRPRRRN15 TEMEDJA(RN5)-BADOU-FRE GHANA
_mview_route_ralentisseurs.fid-7b1c8a4a_1943c5e84ca_719a,Plateaux,Wawa,Wawa 3,Ounabé,POINT (0.9436134746789183 7.5573949697116625),TGRPRRRN15 TEMEDJA(RN5)-BADOU-FRE GHANA
_mview_route_ralentisseurs.fid-7b1c8a4a_1943c5e84ca_719b,Plateaux,Wawa,Wawa 3,Ounabé,POINT (0.9329834727020453 7.55432426776537),TGRPRRRN15 TEMEDJA(RN5)-BADOU-FRE GHANA
_mview_route_ralentisseurs.fid-7b1c8a4a_1943c5e84ca_719c,Plateaux,Wawa,Wawa 3,Ounabé,POINT (0.970252322276887 7.558388574539924),TGRPRRRN15 TEMEDJA(RN5)-BADOU-FRE GHANA
_mview_route_ralentisseurs.fid-7b1c8a4a_1943c5e84ca_719d,Plateaux,Wawa,Wawa 3,Ounabé,POINT (0.9676870051953667 7.55885899740431),TGRPRRRN15 TEMEDJA(RN5)-BADOU-FRE GHANA
_mview_route_ralentisseurs.fid-7b1c8a4a_1943c5e84ca_719e,Plateaux,Wawa,Wawa 3,Ounabé,POINT (0.9435811653536127 7.557403391647159),TGRPRRRN15 TEMEDJA(RN5)-BADOU-FRE GHANA
_mview_route_ralentisseurs.fid-7b1c8a4a_1943c5e84ca_719f,Plateaux,Wawa,Wawa 3,Ounabé,POINT (0.9329506021814551 7.554319182798696),TGRPRRRN15 TEMEDJA(RN5)-BADOU-FRE GHANA
_mview_route_ralentisseurs.fid-7b1c8a4a_1943c5e84ca_71a0,Maritime,Vo,Vo 1,Vo-Koutimé,POINT (1.6041266018869733 6.37679028970835),
_mview_route_ralentisseurs.fid-7b1c8a4a_1943c5e84ca_71a1,Maritime,Vo,Vo 1,Vogan,POINT (1.4900129570224845 6.279181554083998),
_mview_route_ralentisseurs.fid-7b1c8a4a_1943c5e84ca_71a2,Maritime,Vo,Vo 2,Anyron-Kopé,POINT (1.5595257944233567 6.2469978317383905),
_mview_route_ralentisseurs.fid-7b1c8a4a_1943c5e84ca_71a3,Maritime,Vo,Vo 3,Dzrékpo,POINT (1.5521497035108567 6.378667237849141),
_mview_route_ralentisseurs.fid-7b1c8a4a_1943c5e84ca_71a4,Maritime,Vo,Vo 2,Togoville,POINT (1.4629105622756908 6.259983412151669),
_mview_route_ralentisseurs.fid-7b1c8a4a_1943c5e84ca_71a5,Maritime,Vo,Vo 2,Togoville,POINT (1.4627567813168425 6.259677629867978),
_mview_route_ralentisseurs.fid-7b1c8a4a_1943c5e84ca_71a6,Maritime,Vo,Vo 2,Anyron-Kopé,POINT (1.5627376706212648 6.253752860290756),
_mview_route_ralentisseurs.fid-7b1c8a4a_1943c5e84ca_71a7,Maritime,Vo,Vo 2,Togoville,POINT (1.4660172375103087 6.281191632382057),
_mview_route_ralentisseurs.fid-7b1c8a4a_1943c5e84ca_71a8,Maritime,Vo,Vo 2,Togoville,POINT (1.466007549955699 6.281407436025974),
_mview_route_ralentisseurs.fid-7b1c8a4a_1943c5e84ca_71a9,Maritime,Vo,Vo 1,Vo-Koutimé,POINT (1.5846857120090259 6.340488734322195),
_mview_route_ralentisseurs.fid-7b1c8a4a_1943c5e84ca_71aa,Maritime,Vo,Vo 1,Vo-Koutimé,POINT (1.5846355140785324 6.340875287205433),
_mview_route_ralentisseurs.fid-7b1c8a4a_1943c5e84ca_71ab,Maritime,Vo,Vo 1,Vogan,POINT (1.4839241457110846 6.2854897015110565),
_mview_route_ralentisseurs.fid-7b1c8a4a_1943c5e84ca_71ac,Maritime,Vo,Vo 1,Vogan,POINT (1.4838812509546604 6.285404586024398),
_mview_route_ralentisseurs.fid-7b1c8a4a_1943c5e84ca_71ad,Maritime,Vo,Vo 1,Vogan,POINT (1.4875369164616834 6.282924004657511),
_mview_route_ralentisseurs.fid-7b1c8a4a_1943c5e84ca_71ae,Maritime,Vo,Vo 2,Anyron-Kopé,POINT (1.5546201560660151 6.244402068811063),
_mview_route_ralentisseurs.fid-7b1c8a4a_1943c5e84ca_71af,Maritime,Vo,Vo 2,Anyron-Kopé,POINT (1.5537403652509147 6.244345442834553),
_mview_route_ralentisseurs.fid-7b1c8a4a_1943c5e84ca_71b0,Maritime,Vo,Vo 2,Anyron-Kopé,POINT (1.554129353211816 6.24419327750394),
_mview_route_ralentisseurs.fid-7b1c8a4a_1943c5e84ca_71b1,Maritime,Vo,Vo 2,Anyron-Kopé,POINT (1.555455238560698 6.2455014383011225),
_mview_route_ralentisseurs.fid-7b1c8a4a_1943c5e84ca_71b2,Maritime,Vo,Vo 1,Vogan,POINT (1.5054874548478492 6.287422637157751),
_mview_route_ralentisseurs.fid-7b1c8a4a_1943c5e84ca_71b3,Maritime,Vo,Vo 2,Togoville,POINT (1.4591025389409453 6.250505159430587),
_mview_route_ralentisseurs.fid-7b1c8a4a_1943c5e84ca_71b4,Maritime,Vo,Vo 2,Togoville,POINT (1.460203260215326 6.250154927410675),
_mview_route_ralentisseurs.fid-7b1c8a4a_1943c5e84ca_71b5,Maritime,Vo,Vo 1,Vo-Koutimé,POINT (1.5650342701306628 6.348737983851794),
_mview_route_ralentisseurs.fid-7b1c8a4a_1943c5e84ca_71b6,Maritime,Vo,Vo 1,Vogan,POINT (1.5183159669568687 6.340518375890083),
_mview_route_ralentisseurs.fid-7b1c8a4a_1943c5e84ca_71b7,Maritime,Vo,Vo 1,Vogan,POINT (1.5170731116784564 6.340962419670462),
_mview_route_ralentisseurs.fid-7b1c8a4a_1943c5e84ca_71b8,Maritime,Vo,Vo 1,Vogan,POINT (1.4803820270094135 6.34317566964187),
_mview_route_ralentisseurs.fid-7b1c8a4a_1943c5e84ca_71b9,Maritime,Vo,Vo 1,Vogan,POINT (1.4804341234598866 6.342866575618834),
_mview_route_ralentisseurs.fid-7b1c8a4a_1943c5e84ca_71ba,Maritime,Vo,Vo 1,Vogan,POINT (1.4807254909101317 6.342094180213127),
_mview_route_ralentisseurs.fid-7b1c8a4a_1943c5e84ca_71bb,Maritime,Vo,Vo 1,Vo-Koutimé,POINT (1.5749584615449308 6.332093820588398),ADJODOGOU-HOUNLOKOE
_mview_route_ralentisseurs.fid-7b1c8a4a_1943c5e84ca_71bc,Maritime,Vo,Vo 1,Vo-Koutimé,POINT (1.5843059028202389 6.333311891398453),
_mview_route_ralentisseurs.fid-7b1c8a4a_1943c5e84ca_71bd,Maritime,Vo,Vo 1,Vogan,POINT (1.538443674379625 6.372075712088223),
_mview_route_ralentisseurs.fid-7b1c8a4a_1943c5e84ca_71be,Maritime,Vo,Vo 1,Vogan,POINT (1.538496916397863 6.372360317607866),
_mview_route_ralentisseurs.fid-7b1c8a4a_1943c5e84ca_71bf,Plateaux,Wawa,Wawa 1,Késsibo,POINT (0.6076515606179475 7.6070011818559085),TGRPRRRN15A BADOU-REVIERE WAWA (FRE GHABA)
_mview_route_ralentisseurs.fid-7b1c8a4a_1943c5e84ca_71c0,Plateaux,Wawa,Wawa 1,Késsibo,POINT (0.608248242197966 7.608737648598886),TGRPRRRN15A BADOU-REVIERE WAWA (FRE GHABA)
_mview_route_ralentisseurs.fid-7b1c8a4a_1943c5e84ca_71c1,Plateaux,Wawa,Wawa 1,Késsibo,POINT (0.6085477170766717 7.609419634598973),TGRPRRRN15A BADOU-REVIERE WAWA (FRE GHABA)
_mview_route_ralentisseurs.fid-7b1c8a4a_1943c5e84ca_71c2,Plateaux,Wawa,Wawa 1,Késsibo,POINT (0.6086360092336405 7.609648027701096),TGRPRRRN15A BADOU-REVIERE WAWA (FRE GHABA)
_mview_route_ralentisseurs.fid-7b1c8a4a_1943c5e84ca_71c3,Plateaux,Wawa,Wawa 1,Késsibo,POINT (0.6087221272565716 7.610057551247655),TGRPRRRN15A BADOU-REVIERE WAWA (FRE GHABA)
_mview_route_ralentisseurs.fid-7b1c8a4a_1943c5e84ca_71c4,Plateaux,Wawa,Wawa 1,Késsibo,POINT (0.6088080587903792 7.610604928453229),TGRPRRRN15A BADOU-REVIERE WAWA (FRE GHABA)
_mview_route_ralentisseurs.fid-7b1c8a4a_1943c5e84ca_71c5,Plateaux,Wawa,Wawa 1,Késsibo,POINT (0.608870360011958 7.614939022857311),TGRPRRRN15A BADOU-REVIERE WAWA (FRE GHABA)
_mview_route_ralentisseurs.fid-7b1c8a4a_1943c5e84ca_71c6,Plateaux,Wawa,Wawa 1,Késsibo,POINT (0.607385487917798 7.616211566217282),TGRPRRRN15A BADOU-REVIERE WAWA (FRE GHABA)
_mview_route_ralentisseurs.fid-7b1c8a4a_1943c5e84ca_71c7,Plateaux,Wawa,Wawa 1,Késsibo,POINT (0.6070001239116637 7.616282163334714),TGRPRRRN15A BADOU-REVIERE WAWA (FRE GHABA)
_mview_route_ralentisseurs.fid-7b1c8a4a_1943c5e84ca_71c8,Plateaux,Wawa,Wawa 1,Késsibo,POINT (0.6066374051224314 7.616323229340016),TGRPRRRN15A BADOU-REVIERE WAWA (FRE GHABA)
_mview_route_ralentisseurs.fid-7b1c8a4a_1943c5e84ca_71c9,Plateaux,Wawa,Wawa 1,Késsibo,POINT (0.5892824207477685 7.684913165580003),TGRPRRRN15A BADOU-REVIERE WAWA (FRE GHABA)
_mview_route_ralentisseurs.fid-7b1c8a4a_1943c5e84ca_71ca,Plateaux,Wawa,Wawa 1,Késsibo,POINT (0.5892844257860629 7.685219757243592),TGRPRRRN15A BADOU-REVIERE WAWA (FRE GHABA)
_mview_route_ralentisseurs.fid-7b1c8a4a_1943c5e84ca_71cb,Plateaux,Wawa,Wawa 1,Késsibo,POINT (0.5892877287170941 7.68572483240956),TGRPRRRN15A BADOU-REVIERE WAWA (FRE GHABA)
_mview_route_ralentisseurs.fid-7b1c8a4a_1943c5e84ca_71cc,Plateaux,Wawa,Wawa 1,Késsibo,POINT (0.5892906059381501 7.686164831396627),TGRPRRRN15A BADOU-REVIERE WAWA (FRE GHABA)
_mview_route_ralentisseurs.fid-7b1c8a4a_1943c5e84ca_71cd,Plateaux,Wawa,Wawa 1,Késsibo,POINT (0.589309004860106 7.688566462513429),TGRPRRRN15A BADOU-REVIERE WAWA (FRE GHABA)
_mview_route_ralentisseurs.fid-7b1c8a4a_1943c5e84ca_71ce,Plateaux,Wawa,Wawa 1,Késsibo,POINT (0.5899934031041162 7.684756064997575),
_mview_route_ralentisseurs.fid-7b1c8a4a_1943c5e84ca_71cf,Plateaux,Wawa,Wawa 1,Badou,POINT (0.6138286834888866 7.582510470992679),TGRPRRRN15 TEMEDJA(RN5)-BADOU-FRE GHANA
_mview_route_ralentisseurs.fid-7b1c8a4a_1943c5e84ca_71d0,Plateaux,Wawa,Wawa 1,Badou,POINT (0.6109413415037979 7.58331281632411),TGRPRRRN15 TEMEDJA(RN5)-BADOU-FRE GHANA
_mview_route_ralentisseurs.fid-7b1c8a4a_1943c5e84ca_71d1,Plateaux,Wawa,Wawa 1,Badou,POINT (0.6080019481505573 7.5852714774644685),TGRPRRRN15 TEMEDJA(RN5)-BADOU-FRE GHANA
_mview_route_ralentisseurs.fid-7b1c8a4a_1943c5e84ca_71d2,Plateaux,Wawa,Wawa 1,Badou,POINT (0.6061974744739174 7.58457338024527),TGRPRRRN15 TEMEDJA(RN5)-BADOU-FRE GHANA
_mview_route_ralentisseurs.fid-7b1c8a4a_1943c5e84ca_71d3,Plateaux,Wawa,Wawa 1,Badou,POINT (0.5399067778395725 7.585991854792536),TGRPRRRN15 TEMEDJA(RN5)-BADOU-FRE GHANA
_mview_route_ralentisseurs.fid-7b1c8a4a_1943c5e84ca_71d4,Plateaux,Wawa,Wawa 2,Gobé,POINT (0.8059424076914968 7.518499153476063),
_mview_route_ralentisseurs.fid-7b1c8a4a_1943c5e84ca_71d5,Plateaux,Wawa,Wawa 2,Gobé,POINT (0.8057343647673723 7.518387912250202),
_mview_route_ralentisseurs.fid-7b1c8a4a_1943c5e84ca_71d6,Plateaux,Wawa,Wawa 2,Ekéto,POINT (0.8278555033736156 7.441123539068211),
_mview_route_ralentisseurs.fid-7b1c8a4a_1943c5e84ca_71d7,Plateaux,Wawa,Wawa 2,Ekéto,POINT (0.8274205904447663 7.440973861232493),
_mview_route_ralentisseurs.fid-7b1c8a4a_1943c5e84ca_71d8,Plateaux,Wawa,Wawa 2,Ekéto,POINT (0.8270502374954057 7.440811704009518),
_mview_route_ralentisseurs.fid-7b1c8a4a_1943c5e84ca_71d9,Plateaux,Wawa,Wawa 2,Ekéto,POINT (0.8266079409543824 7.4406143152739945),
_mview_route_ralentisseurs.fid-7b1c8a4a_1943c5e84ca_71da,Plateaux,Wawa,Wawa 2,Ekéto,POINT (0.8263645460475139 7.440527427547621),
_mview_route_ralentisseurs.fid-7b1c8a4a_1943c5e84ca_71db,Plateaux,Wawa,Wawa 3,Okou,POINT (0.8562864464216219 7.564489027633492),TGRPRRRN15 TEMEDJA(RN5)-BADOU-FRE GHANA
_mview_route_ralentisseurs.fid-7b1c8a4a_1943c5e84ca_71dc,Plateaux,Wawa,Wawa 3,Okou,POINT (0.9065948976449976 7.529523410186529),
_mview_route_ralentisseurs.fid-7b1c8a4a_1943c5e84ca_71dd,Plateaux,Wawa,Wawa 3,Okou,POINT (0.9061788568079213 7.529584263827678),
_mview_route_ralentisseurs.fid-7b1c8a4a_1943c5e84ca_71de,Plateaux,Wawa,Wawa 3,Zogbégan,POINT (0.6798640938645799 7.570997926317506),TGRPRRRN15 TEMEDJA(RN5)-BADOU-FRE GHANA
_mview_route_ralentisseurs.fid-7b1c8a4a_1943c5e84ca_71df,Plateaux,Wawa,Wawa 3,Klabé-Efoukpa,POINT (0.7939703081310832 7.61822894790356),TGRPRR BRETELLE KOUGNOHOU(KOUGNOHOU-ADAPE(RN15))
_mview_route_ralentisseurs.fid-7b1c8a4a_1943c5e84ca_71e0,Plateaux,Wawa,Wawa 3,Klabé-Efoukpa,POINT (0.8008228686586533 7.622927750121679),TGRPRR BRETELLE KOUGNOHOU(KOUGNOHOU-ADAPE(RN15))
_mview_route_ralentisseurs.fid-7b1c8a4a_1943c5e84ca_71e1,Plateaux,Wawa,Wawa 3,Klabé-Efoukpa,POINT (0.800321647385963 7.625026490050841),TGRPRR BRETELLE KOUGNOHOU(KOUGNOHOU-ADAPE(RN15))
_mview_route_ralentisseurs.fid-7b1c8a4a_1943c5e84ca_71e2,Plateaux,Wawa,Wawa 3,Klabé-Efoukpa,POINT (0.7997084596771257 7.62630365411746),TGRPRR BRETELLE KOUGNOHOU(KOUGNOHOU-ADAPE(RN15))
_mview_route_ralentisseurs.fid-7b1c8a4a_1943c5e84ca_71e3,Plateaux,Wawa,Wawa 3,Klabé-Efoukpa,POINT (0.7999776923005479 7.628085538424682),TGRPRR BRETELLE KOUGNOHOU(KOUGNOHOU-ADAPE(RN15))
_mview_route_ralentisseurs.fid-7b1c8a4a_1943c5e84ca_71e4,Maritime,Yoto,Yoto 2,Ahépé,POINT (1.4013564062399648 6.583999605508083),
_mview_route_ralentisseurs.fid-7b1c8a4a_1943c5e84ca_71e5,Maritime,Yoto,Yoto 1,Kini-Kondji,POINT (1.541560715843262 6.606085801062994),HOPITAL ZÉBÉ-MONNENOU
_mview_route_ralentisseurs.fid-7b1c8a4a_1943c5e84ca_71e6,Maritime,Yoto,Yoto 1,Kini-Kondji,POINT (1.541901354981329 6.606421812846458),HOPITAL ZÉBÉ-MONNENOU
_mview_route_ralentisseurs.fid-7b1c8a4a_1943c5e84ca_71e7,Maritime,Yoto,Yoto 1,Kini-Kondji,POINT (1.5247867039410976 6.601860702513023),
_mview_route_ralentisseurs.fid-7b1c8a4a_1943c5e84ca_71e8,Maritime,Yoto,Yoto 1,Tabligbo,POINT (1.4863357743781656 6.590278262507589),TGRMRRRN4 TSEVIE-TABLIGBO-ANEHO
_mview_route_ralentisseurs.fid-7b1c8a4a_1943c5e84ca_71e9,Maritime,Yoto,Yoto 1,Tabligbo,POINT (1.4752076813059638 6.592109936553107),TGRMRRRN4 TSEVIE-TABLIGBO-ANEHO
_mview_route_ralentisseurs.fid-7b1c8a4a_1943c5e84ca_71ea,Maritime,Yoto,Yoto 1,Tabligbo,POINT (1.4866001971406475 6.590241346052565),TGRMRRRN4 TSEVIE-TABLIGBO-ANEHO
_mview_route_ralentisseurs.fid-7b1c8a4a_1943c5e84ca_71eb,Maritime,Yoto,Yoto 1,Tabligbo,POINT (1.4863551218689282 6.590275568958605),TGRMRRRN4 TSEVIE-TABLIGBO-ANEHO
_mview_route_ralentisseurs.fid-7b1c8a4a_1943c5e84ca_71ec,Maritime,Yoto,Yoto 1,Tabligbo,POINT (1.4872534073017567 6.590138708133002),TGRMRRRN4 TSEVIE-TABLIGBO-ANEHO
_mview_route_ralentisseurs.fid-7b1c8a4a_1943c5e84ca_71ed,Maritime,Yoto,Yoto 1,Tabligbo,POINT (1.4868366592710065 6.590206615746089),TGRMRRRN4 TSEVIE-TABLIGBO-ANEHO
_mview_route_ralentisseurs.fid-7b1c8a4a_1943c5e84ca_71ee,Maritime,Yoto,Yoto 1,Tabligbo,POINT (1.4877723278410306 6.590036439062662),TGRMRRRN4 TSEVIE-TABLIGBO-ANEHO
_mview_route_ralentisseurs.fid-7b1c8a4a_1943c5e84ca_71ef,Maritime,Yoto,Yoto 1,Tabligbo,POINT (1.4874958864663013 6.590090920316501),TGRMRRRN4 TSEVIE-TABLIGBO-ANEHO
_mview_route_ralentisseurs.fid-7b1c8a4a_1943c5e84ca_71f0,Maritime,Yoto,Yoto 1,Tabligbo,POINT (1.5127460754331241 6.578715610570666),TGRMRRRN4 TSEVIE-TABLIGBO-ANEHO
_mview_route_ralentisseurs.fid-7b1c8a4a_1943c5e84ca_71f1,Maritime,Yoto,Yoto 1,Tabligbo,POINT (1.5129626908997758 6.578566779327594),TGRMRRRN4 TSEVIE-TABLIGBO-ANEHO
_mview_route_ralentisseurs.fid-7b1c8a4a_1943c5e84ca_71f2,Maritime,Yoto,Yoto 1,Tabligbo,POINT (1.494008687986297 6.588930073782939),TGRMRRRN4 TSEVIE-TABLIGBO-ANEHO
_mview_route_ralentisseurs.fid-7b1c8a4a_1943c5e84ca_71f3,Maritime,Yoto,Yoto 1,Tabligbo,POINT (1.498801103159829 6.588104140430758),TGRMRRRN4 TSEVIE-TABLIGBO-ANEHO
_mview_route_ralentisseurs.fid-7b1c8a4a_1943c5e84ca_71f4,Maritime,Yoto,Yoto 1,Tabligbo,POINT (1.5137364735071905 6.5780628984127825),TGRMRRRN4 TSEVIE-TABLIGBO-ANEHO
_mview_route_ralentisseurs.fid-7b1c8a4a_1943c5e84ca_71f5,Maritime,Yoto,Yoto 1,Tabligbo,POINT (1.5139337821161647 6.577934787835054),TGRMRRRN4 TSEVIE-TABLIGBO-ANEHO
_mview_route_ralentisseurs.fid-7b1c8a4a_1943c5e84ca_71f6,Maritime,Yoto,Yoto 1,Tabligbo,POINT (1.5131568509140145 6.578439240847389),TGRMRRRN4 TSEVIE-TABLIGBO-ANEHO
_mview_route_ralentisseurs.fid-7b1c8a4a_1943c5e84ca_71f7,Maritime,Yoto,Yoto 1,Tabligbo,POINT (1.5135264483531097 6.578199265544457),TGRMRRRN4 TSEVIE-TABLIGBO-ANEHO
_mview_route_ralentisseurs.fid-7b1c8a4a_1943c5e84ca_71f8,Maritime,Yoto,Yoto 1,Tabligbo,POINT (1.5093229365985485 6.589789300629579),
_mview_route_ralentisseurs.fid-7b1c8a4a_1943c5e84ca_71f9,Maritime,Yoto,Yoto 1,Tabligbo,POINT (1.5088537344250421 6.589656526396807),
_mview_route_ralentisseurs.fid-7b1c8a4a_1943c5e84ca_71fa,Maritime,Yoto,Yoto 1,Kini-Kondji,POINT (1.5234898418521472 6.6064568515888),
_mview_route_ralentisseurs.fid-7b1c8a4a_1943c5e84ca_71fb,Maritime,Yoto,Yoto 1,Kini-Kondji,POINT (1.5232816855927405 6.606226036828424),
_mview_route_ralentisseurs.fid-7b1c8a4a_1943c5e84ca_71fc,Maritime,Yoto,Yoto 1,Tabligbo,POINT (1.5213028084207891 6.603099178917267),
_mview_route_ralentisseurs.fid-7b1c8a4a_1943c5e84ca_71fd,Maritime,Yoto,Yoto 1,Tabligbo,POINT (1.5207071407940325 6.6020621458911455),
_mview_route_ralentisseurs.fid-7b1c8a4a_1943c5e84ca_71fe,Maritime,Yoto,Yoto 1,Tabligbo,POINT (1.5176621474692877 6.596902423067268),
_mview_route_ralentisseurs.fid-7b1c8a4a_1943c5e84ca_71ff,Maritime,Yoto,Yoto 1,Tabligbo,POINT (1.5174083910136293 6.596458298426906),
_mview_route_ralentisseurs.fid-7b1c8a4a_1943c5e84ca_7200,Maritime,Yoto,Yoto 1,Tabligbo,POINT (1.5156964193030646 6.59388440607798),
_mview_route_ralentisseurs.fid-7b1c8a4a_1943c5e84ca_7201,Maritime,Yoto,Yoto 2,Tchékpo,POINT (1.367972521018241 6.4847835789733965),TGRMRTRN35 AKOUMAKPE-TCHEKPO
_mview_route_ralentisseurs.fid-7b1c8a4a_1943c5e84ca_7202,Maritime,Yoto,Yoto 2,Tchékpo,POINT (1.3614151345999412 6.508119400870479),TGRMRTRN35 AKOUMAKPE-TCHEKPO
_mview_route_ralentisseurs.fid-7b1c8a4a_1943c5e84ca_7203,Maritime,Yoto,Yoto 2,Tchékpo,POINT (1.37869789635852 6.469317385727663),TGRMRTRN35 AKOUMAKPE-TCHEKPO
_mview_route_ralentisseurs.fid-7b1c8a4a_1943c5e84ca_7204,Maritime,Yoto,Yoto 2,Tchékpo,POINT (1.378379729100913 6.469648351481848),TGRMRTRN35 AKOUMAKPE-TCHEKPO
_mview_route_ralentisseurs.fid-7b1c8a4a_1943c5e84ca_7205,Maritime,Yoto,Yoto 3,Tokpli,POINT (1.5558496494385625 6.621285943912209),
_mview_route_ralentisseurs.fid-7b1c8a4a_1943c5e84ca_7206,Maritime,Yoto,Yoto 3,Tokpli,POINT (1.5595767437086496 6.620243453965197),
_mview_route_ralentisseurs.fid-7b1c8a4a_1943c5e84ca_7207,Maritime,Yoto,Yoto 3,Tokpli,POINT (1.5740958378843624 6.627262879182129),
_mview_route_ralentisseurs.fid-7b1c8a4a_1943c5e84ca_7208,Maritime,Yoto,Yoto 3,Tokpli,POINT (1.574688502714231 6.627517315037488),
_mview_route_ralentisseurs.fid-7b1c8a4a_1943c5e84ca_7209,Maritime,Yoto,Yoto 1,Tabligbo,POINT (1.4996904144074095 6.585128456611751),
_mview_route_ralentisseurs.fid-7b1c8a4a_1943c5e84ca_720a,Maritime,Yoto,Yoto 1,Tabligbo,POINT (1.4997144226146968 6.585394704701494),
_mview_route_ralentisseurs.fid-7b1c8a4a_1943c5e84ca_720b,Maritime,Yoto,Yoto 1,Tabligbo,POINT (1.5023668001601898 6.6039901520629565),
_mview_route_ralentisseurs.fid-7b1c8a4a_1943c5e84ca_720c,Maritime,Yoto,Yoto 1,Tabligbo,POINT (1.5023089971289458 6.6037964806538385),
_mview_route_ralentisseurs.fid-7b1c8a4a_1943c5e84ca_720d,Maritime,Yoto,Yoto 1,Tabligbo,POINT (1.4980033421370984 6.59118937385886),
_mview_route_ralentisseurs.fid-7b1c8a4a_1943c5e84ca_720e,Maritime,Yoto,Yoto 2,Tchékpo,POINT (1.3463390962627881 6.584060142666152),
_mview_route_ralentisseurs.fid-7b1c8a4a_1943c5e84ca_720f,Maritime,Yoto,Yoto 2,Tchékpo,POINT (1.3460168816540294 6.584104804047453),
_mview_route_ralentisseurs.fid-7b1c8a4a_1943c5e84ca_7210,Maritime,Yoto,Yoto 2,Tchékpo,POINT (1.3453218387479717 6.584124903787479),
_mview_route_ralentisseurs.fid-7b1c8a4a_1943c5e84ca_7211,Maritime,Yoto,Yoto 3,Gboto,POINT (1.512673318682859 6.671610973082935),
_mview_route_ralentisseurs.fid-7b1c8a4a_1943c5e84ca_7212,Maritime,Yoto,Yoto 3,Gboto,POINT (1.5119907584734482 6.671868144684439),
_mview_route_ralentisseurs.fid-7b1c8a4a_1943c5e84ca_7213,Maritime,Yoto,Yoto 3,Gboto,POINT (1.5057897284314412 6.672255465077154),
_mview_route_ralentisseurs.fid-7b1c8a4a_1943c5e84ca_7214,Maritime,Yoto,Yoto 3,Gboto,POINT (1.5030275222261098 6.67232940996661),
_mview_route_ralentisseurs.fid-7b1c8a4a_1943c5e84ca_7215,Maritime,Yoto,Yoto 3,Gboto,POINT (1.4999556741072364 6.672454214994968),
_mview_route_ralentisseurs.fid-7b1c8a4a_1943c5e84ca_7216,Maritime,Yoto,Yoto 3,Gboto,POINT (1.4989005095968022 6.672745799513713),
_mview_route_ralentisseurs.fid-7b1c8a4a_1943c5e84ca_7217,Maritime,Yoto,Yoto 3,Gboto,POINT (1.4864370188157652 6.677994563996451),
_mview_route_ralentisseurs.fid-7b1c8a4a_1943c5e84ca_7218,Maritime,Yoto,Yoto 3,Gboto,POINT (1.486124683411533 6.678133408764365),
_mview_route_ralentisseurs.fid-7b1c8a4a_1943c5e84ca_7219,Maritime,Yoto,Yoto 3,Gboto,POINT (1.4857787315369648 6.678287196959226),
_mview_route_ralentisseurs.fid-7b1c8a4a_1943c5e84ca_721a,Maritime,Yoto,Yoto 3,Gboto,POINT (1.4851211276576588 6.678565342947364),
_mview_route_ralentisseurs.fid-7b1c8a4a_1943c5e84ca_721b,Maritime,Yoto,Yoto 3,Gboto,POINT (1.477615078719513 6.706588977840676),
_mview_route_ralentisseurs.fid-7b1c8a4a_1943c5e84ca_721c,Maritime,Yoto,Yoto 3,Gboto,POINT (1.4774677984777842 6.707747496337918),
_mview_route_ralentisseurs.fid-7b1c8a4a_1943c5e84ca_721d,Maritime,Yoto,Yoto 3,Gboto,POINT (1.477644660901405 6.709198805304255),
_mview_route_ralentisseurs.fid-7b1c8a4a_1943c5e84ca_721e,Maritime,Yoto,Yoto 1,Tabligbo,POINT (1.5006491110700104 6.603103190080867),
_mview_route_ralentisseurs.fid-7b1c8a4a_1943c5e84ca_721f,Maritime,Yoto,Yoto 3,Tokpli,POINT (1.567548675851229 6.624091768456601),
_mview_route_ralentisseurs.fid-7b1c8a4a_1943c5e84ca_7220,Maritime,Yoto,Yoto 2,Ahépé,POINT (1.4024923421725681 6.606011073668432),
_mview_route_ralentisseurs.fid-7b1c8a4a_1943c5e84ca_7221,Maritime,Yoto,Yoto 3,Gboto,POINT (1.475656873968567 6.705202990816705),
_mview_route_ralentisseurs.fid-7b1c8a4a_1943c5e84ca_7222,Maritime,Yoto,Yoto 2,Ahépé,POINT (1.3855903442506101 6.596185552736384),
_mview_route_ralentisseurs.fid-7b1c8a4a_1943c5e84ca_7223,Maritime,Yoto,Yoto 2,Ahépé,POINT (1.3867270541722723 6.59768401572573),
_mview_route_ralentisseurs.fid-7b1c8a4a_1943c5e84ca_7224,Maritime,Yoto,Yoto 2,Ahépé,POINT (1.3892844755302438 6.608714186050646),
_mview_route_ralentisseurs.fid-7b1c8a4a_1943c5e84ca_7225,Maritime,Yoto,Yoto 2,Ahépé,POINT (1.3893794854122938 6.608812939450168),
_mview_route_ralentisseurs.fid-7b1c8a4a_1943c5e84ca_7226,Maritime,Yoto,Yoto 2,Ahépé,POINT (1.3997835157011358 6.602396313960249),
_mview_route_ralentisseurs.fid-7b1c8a4a_1943c5e84ca_7227,Maritime,Yoto,Yoto 1,Tabligbo,POINT (1.491491045470008 6.596466318931231),
_mview_route_ralentisseurs.fid-7b1c8a4a_1943c5e84ca_7228,Maritime,Yoto,Yoto 1,Tabligbo,POINT (1.4916285833026852 6.596292606330265),
_mview_route_ralentisseurs.fid-7b1c8a4a_1943c5e84ca_7229,Maritime,Yoto,Yoto 1,Tabligbo,POINT (1.483711591894128 6.595281926256891),
_mview_route_ralentisseurs.fid-7b1c8a4a_1943c5e84ca_722a,Maritime,Yoto,Yoto 3,Tométy-Kondji,POINT (1.535339681378539 6.777729274976163),
_mview_route_ralentisseurs.fid-7b1c8a4a_1943c5e84ca_722b,Maritime,Yoto,Yoto 3,Tométy-Kondji,POINT (1.534493091040622 6.778119999427494),
_mview_route_ralentisseurs.fid-7b1c8a4a_1943c5e84ca_722c,Maritime,Yoto,Yoto 3,Tométy-Kondji,POINT (1.5342174047329946 6.7782277445019705),
_mview_route_ralentisseurs.fid-7b1c8a4a_1943c5e84ca_722d,Maritime,Yoto,Yoto 3,Tométy-Kondji,POINT (1.5333102840722934 6.778434139673257),
_mview_route_ralentisseurs.fid-7b1c8a4a_1943c5e84ca_722e,Maritime,Yoto,Yoto 3,Tométy-Kondji,POINT (1.532976827712529 6.77843110776101),
_mview_route_ralentisseurs.fid-7b1c8a4a_1943c5e84ca_722f,Maritime,Yoto,Yoto 3,Tométy-Kondji,POINT (1.5028430298292483 6.762671319817613),
_mview_route_ralentisseurs.fid-7b1c8a4a_1943c5e84ca_7230,Maritime,Yoto,Yoto 3,Tométy-Kondji,POINT (1.4997018617169553 6.758408296382536),
_mview_route_ralentisseurs.fid-7b1c8a4a_1943c5e84ca_7231,Maritime,Yoto,Yoto 3,Tométy-Kondji,POINT (1.4963227092142988 6.752983453781392),
_mview_route_ralentisseurs.fid-7b1c8a4a_1943c5e84ca_7232,Maritime,Yoto,Yoto 1,Tabligbo,POINT (1.4957026708758923 6.583897644979507),
_mview_route_ralentisseurs.fid-7b1c8a4a_1943c5e84ca_7233,Maritime,Yoto,Yoto 3,Essé-Godjin,POINT (1.508526168999342 6.716003230445015),
_mview_route_ralentisseurs.fid-7b1c8a4a_1943c5e84ca_7234,Maritime,Yoto,Yoto 3,Essé-Godjin,POINT (1.5079818013600974 6.716449723942906),
_mview_route_ralentisseurs.fid-7b1c8a4a_1943c5e84ca_7235,Maritime,Yoto,Yoto 3,Essé-Godjin,POINT (1.5354588060400534 6.728035598468597),
_mview_route_ralentisseurs.fid-7b1c8a4a_1943c5e84ca_7236,Maritime,Yoto,Yoto 3,Tométy-Kondji,POINT (1.5441500450882455 6.763593497311998),
_mview_route_ralentisseurs.fid-7b1c8a4a_1943c5e84ca_7237,Maritime,Yoto,Yoto 3,Tométy-Kondji,POINT (1.5408561350696497 6.7745732112058015),
_mview_route_ralentisseurs.fid-7b1c8a4a_1943c5e84ca_7238,Maritime,Yoto,Yoto 3,Essé-Godjin,POINT (1.5086643990858766 6.715872100554255),
_mview_route_ralentisseurs.fid-7b1c8a4a_1943c5e84ca_7239,Maritime,Yoto,Yoto 3,Tométy-Kondji,POINT (1.5403107371721718 6.752502905452812),
_mview_route_ralentisseurs.fid-7b1c8a4a_1943c5e84ca_723a,Maritime,Yoto,Yoto 2,Zafi,POINT (1.3734352326353834 6.624212730842051),
_mview_route_ralentisseurs.fid-7b1c8a4a_1943c5e84ca_723b,Maritime,Yoto,Yoto 3,Essé-Godjin,POINT (1.5479193576664116 6.673536505358863),
_mview_route_ralentisseurs.fid-7b1c8a4a_1943c5e84ca_723c,Maritime,Yoto,Yoto 3,Essé-Godjin,POINT (1.5511666570698863 6.6735200277906435),
_mview_route_ralentisseurs.fid-7b1c8a4a_1943c5e84ca_723d,Maritime,Yoto,Yoto 3,Essé-Godjin,POINT (1.5602291238493036 6.671585801490544),
_mview_route_ralentisseurs.fid-7b1c8a4a_1943c5e84ca_723e,Maritime,Yoto,Yoto 3,Tométy-Kondji,POINT (1.51029211663012 6.784100288232151),
_mview_route_ralentisseurs.fid-7b1c8a4a_1943c5e84ca_723f,Maritime,Yoto,Yoto 3,Tométy-Kondji,POINT (1.5102887894597032 6.784103722730678),
_mview_route_ralentisseurs.fid-7b1c8a4a_1943c5e84ca_7240,Maritime,Yoto,Yoto 1,Tabligbo,POINT (1.4722958660144754 6.5815958925657485),
_mview_route_ralentisseurs.fid-7b1c8a4a_1943c5e84ca_7241,Maritime,Yoto,Yoto 3,Essé-Godjin,POINT (1.5522424554134355 6.71370611461788),
_mview_route_ralentisseurs.fid-7b1c8a4a_1943c5e84ca_7242,Maritime,Yoto,Yoto 3,Essé-Godjin,POINT (1.5554466758743837 6.711389438297144),
_mview_route_ralentisseurs.fid-7b1c8a4a_1943c5e84ca_7243,Maritime,Yoto,Yoto 3,Tométy-Kondji,POINT (1.4984246861147144 6.764331237861244),
_mview_route_ralentisseurs.fid-7b1c8a4a_1943c5e84ca_7244,Maritime,Vo,Vo 3,Dagbati,POINT (1.4580420899879314 6.55578771479504),
_mview_route_ralentisseurs.fid-7b1c8a4a_1943c5e84ca_7245,Maritime,Vo,Vo 3,Dagbati,POINT (1.4576007864254665 6.554742139710936),
_mview_route_ralentisseurs.fid-7b1c8a4a_1943c5e84ca_7246,Maritime,Zio,Zio 2,Kovié,POINT (1.1067819955870344 6.339267509289649),
_mview_route_ralentisseurs.fid-7b1c8a4a_1943c5e84ca_7247,Maritime,Zio,Zio 2,Kovié,POINT (1.1064104288681318 6.338708591372959),
_mview_route_ralentisseurs.fid-7b1c8a4a_1943c5e84ca_7248,Maritime,Zio,Zio 1,Gblainvié,POINT (1.0991680592716515 6.483641577217132),
_mview_route_ralentisseurs.fid-7b1c8a4a_1943c5e84ca_7249,Maritime,Zio,Zio 1,Gblainvié,POINT (1.0987962364466313 6.483650021696863),
_mview_route_ralentisseurs.fid-7b1c8a4a_1943c5e84ca_724a,Maritime,Zio,Zio 2,Kovié,POINT (1.057577259914427 6.326857192681721),
_mview_route_ralentisseurs.fid-7b1c8a4a_1943c5e84ca_724b,Maritime,Zio,Zio 1,Gblainvié,POINT (1.189479477704953 6.448880190042003),
_mview_route_ralentisseurs.fid-7b1c8a4a_1943c5e84ca_724c,Maritime,Zio,Zio 3,Gamé-Sèva,POINT (1.1012252660984652 6.795911074682174),
_mview_route_ralentisseurs.fid-7b1c8a4a_1943c5e84ca_724d,Maritime,Zio,Zio 3,Gamé-Sèva,POINT (1.1033617638041253 6.793877103531567),
_mview_route_ralentisseurs.fid-7b1c8a4a_1943c5e84ca_724e,Maritime,Zio,Zio 2,Mission-Tové,POINT (1.110380468400753 6.352241005927724),
_mview_route_ralentisseurs.fid-7b1c8a4a_1943c5e84ca_724f,Maritime,Zio,Zio 3,Agbélouvé,POINT (1.17248004550015 6.67092003818995),
_mview_route_ralentisseurs.fid-7b1c8a4a_1943c5e84ca_7250,Maritime,Zio,Zio 3,Agbélouvé,POINT (1.1731253195802394 6.67082867257835),
_mview_route_ralentisseurs.fid-7b1c8a4a_1943c5e84ca_7251,Maritime,Zio,Zio 3,Agbélouvé,POINT (1.1684089822051993 6.671441107230296),
_mview_route_ralentisseurs.fid-7b1c8a4a_1943c5e84ca_7252,Maritime,Zio,Zio 3,Agbélouvé,POINT (1.1721554149523583 6.670965950784183),
_mview_route_ralentisseurs.fid-7b1c8a4a_1943c5e84ca_7253,Maritime,Zio,Zio 3,Agbélouvé,POINT (1.1718668286797036 6.6710044877885455),
_mview_route_ralentisseurs.fid-7b1c8a4a_1943c5e84ca_7254,Maritime,Zio,Zio 3,Agbélouvé,POINT (1.1715627447397237 6.671044703276429),
_mview_route_ralentisseurs.fid-7b1c8a4a_1943c5e84ca_7255,Maritime,Zio,Zio 3,Agbélouvé,POINT (1.17103036838702 6.671115110241936),
_mview_route_ralentisseurs.fid-7b1c8a4a_1943c5e84ca_7256,Maritime,Zio,Zio 3,Agbélouvé,POINT (1.1703436655385973 6.671204525436215),
_mview_route_ralentisseurs.fid-7b1c8a4a_1943c5e84ca_7257,Maritime,Zio,Zio 3,Agbélouvé,POINT (1.1695646517301985 6.671304287824433),
_mview_route_ralentisseurs.fid-7b1c8a4a_1943c5e84ca_7258,Maritime,Zio,Zio 3,Agbélouvé,POINT (1.169158583814714 6.671355955472533),
_mview_route_ralentisseurs.fid-7b1c8a4a_1943c5e84ca_7259,Maritime,Zio,Zio 3,Agbélouvé,POINT (1.1686836276626629 6.671409908739998),
_mview_route_ralentisseurs.fid-7b1c8a4a_1943c5e84ca_725a,Maritime,Zio,Zio 3,Agbélouvé,POINT (1.1757556177484778 6.670456737143952),
_mview_route_ralentisseurs.fid-7b1c8a4a_1943c5e84ca_725b,Maritime,Zio,Zio 3,Agbélouvé,POINT (1.176303797124682 6.670387405985029),
_mview_route_ralentisseurs.fid-7b1c8a4a_1943c5e84ca_725c,Maritime,Zio,Zio 3,Agbélouvé,POINT (1.1768963611923973 6.670312460526391),
_mview_route_ralentisseurs.fid-7b1c8a4a_1943c5e84ca_725d,Maritime,Zio,Zio 3,Agbélouvé,POINT (1.1776024888948748 6.670223150938165),
_mview_route_ralentisseurs.fid-7b1c8a4a_1943c5e84ca_725e,Maritime,Zio,Zio 3,Agbélouvé,POINT (1.1780766672589036 6.670163177222103),
_mview_route_ralentisseurs.fid-7b1c8a4a_1943c5e84ca_725f,Maritime,Zio,Zio 4,Gapé-Centre,POINT (1.1616306322863954 6.564111964533165),
_mview_route_ralentisseurs.fid-7b1c8a4a_1943c5e84ca_7260,Maritime,Zio,Zio 4,Gapé-Kpodji,POINT (0.9991727646398421 6.652577866185777),
_mview_route_ralentisseurs.fid-7b1c8a4a_1943c5e84ca_7261,Maritime,Zio,Zio 4,Gapé-Kpodji,POINT (0.998937658563947 6.6527995871500405),
_mview_route_ralentisseurs.fid-7b1c8a4a_1943c5e84ca_7262,Maritime,Zio,Zio 4,Gapé-Kpodji,POINT (0.9980821971507746 6.653125262602573),
_mview_route_ralentisseurs.fid-7b1c8a4a_1943c5e84ca_7263,Maritime,Zio,Zio 4,Gapé-Kpodji,POINT (0.9973516471829791 6.653240723037758),
_mview_route_ralentisseurs.fid-7b1c8a4a_1943c5e84ca_7264,Maritime,Zio,Zio 4,Gapé-Kpodji,POINT (0.9966599850521153 6.6533616730733245),
_mview_route_ralentisseurs.fid-7b1c8a4a_1943c5e84ca_7265,Maritime,Zio,Zio 4,Gapé-Kpodji,POINT (0.9962902059196714 6.653523879695758),
_mview_route_ralentisseurs.fid-7b1c8a4a_1943c5e84ca_7266,Maritime,Zio,Zio 4,Gapé-Kpodji,POINT (0.9959045229262512 6.653663920013347),
_mview_route_ralentisseurs.fid-7b1c8a4a_1943c5e84ca_7267,Maritime,Zio,Zio 4,Gapé-Kpodji,POINT (0.9956430680099901 6.6537564451797255),
_mview_route_ralentisseurs.fid-7b1c8a4a_1943c5e84ca_7268,Maritime,Zio,Zio 3,Agbélouvé,POINT (1.0062352343845113 6.688222807674205),
_mview_route_ralentisseurs.fid-7b1c8a4a_1943c5e84ca_7269,Maritime,Zio,Zio 4,Gapé-Centre,POINT (1.015394497192173 6.542774069244027),
_mview_route_ralentisseurs.fid-7b1c8a4a_1943c5e84ca_726a,Maritime,Zio,Zio 4,Gapé-Centre,POINT (1.014936653139131 6.542028665069369),
_mview_route_ralentisseurs.fid-7b1c8a4a_1943c5e84ca_726b,Maritime,Zio,Zio 4,Gapé-Centre,POINT (1.0144965552645395 6.54068107170029),
_mview_route_ralentisseurs.fid-7b1c8a4a_1943c5e84ca_726c,Maritime,Zio,Zio 4,Gapé-Centre,POINT (1.012590716499371 6.535444325268866),
_mview_route_ralentisseurs.fid-7b1c8a4a_1943c5e84ca_726d,Maritime,Zio,Zio 4,Gapé-Centre,POINT (1.0121294073502851 6.53508158852258),
_mview_route_ralentisseurs.fid-7b1c8a4a_1943c5e84ca_726e,Maritime,Zio,Zio 4,Gapé-Centre,POINT (1.011940133585643 6.53493593353314),
_mview_route_ralentisseurs.fid-7b1c8a4a_1943c5e84ca_726f,Maritime,Zio,Zio 4,Gapé-Centre,POINT (1.0396326772010447 6.531303985425736),
_mview_route_ralentisseurs.fid-7b1c8a4a_1943c5e84ca_7270,Maritime,Zio,Zio 4,Gapé-Centre,POINT (1.0396980520178511 6.531243937427984),
_mview_route_ralentisseurs.fid-7b1c8a4a_1943c5e84ca_7271,Maritime,Zio,Zio 4,Gapé-Centre,POINT (1.040016040710397 6.530968889751175),
_mview_route_ralentisseurs.fid-7b1c8a4a_1943c5e84ca_7272,Maritime,Zio,Zio 4,Gapé-Centre,POINT (1.037447536070502 6.532522850752352),
_mview_route_ralentisseurs.fid-7b1c8a4a_1943c5e84ca_7273,Maritime,Zio,Zio 4,Gapé-Centre,POINT (1.0393278634602745 6.531559636241069),
_mview_route_ralentisseurs.fid-7b1c8a4a_1943c5e84ca_7274,Maritime,Zio,Zio 4,Gapé-Centre,POINT (1.0441900133007556 6.5271314329450005),
_mview_route_ralentisseurs.fid-7b1c8a4a_1943c5e84ca_7275,Maritime,Zio,Zio 4,Gapé-Centre,POINT (1.0444262305246408 6.52690781031613),
_mview_route_ralentisseurs.fid-7b1c8a4a_1943c5e84ca_7276,Maritime,Zio,Zio 4,Gapé-Centre,POINT (1.0147318321148489 6.535457950839982),
_mview_route_ralentisseurs.fid-7b1c8a4a_1943c5e84ca_7277,Maritime,Zio,Zio 4,Gapé-Centre,POINT (1.0144093152954812 6.535461676024446),
_mview_route_ralentisseurs.fid-7b1c8a4a_1943c5e84ca_7278,Maritime,Zio,Zio 4,Gapé-Centre,POINT (1.059300942449512 6.544620699937758),
_mview_route_ralentisseurs.fid-7b1c8a4a_1943c5e84ca_7279,Maritime,Zio,Zio 4,Gapé-Centre,POINT (1.027209362992881 6.561298180690913),
_mview_route_ralentisseurs.fid-7b1c8a4a_1943c5e84ca_727a,Maritime,Zio,Zio 4,Gapé-Centre,POINT (1.0270943599327913 6.561680579619494),
_mview_route_ralentisseurs.fid-7b1c8a4a_1943c5e84ca_727b,Maritime,Zio,Zio 4,Gapé-Centre,POINT (1.0268657702969686 6.56209478122099),
_mview_route_ralentisseurs.fid-7b1c8a4a_1943c5e84ca_727c,Maritime,Zio,Zio 4,Gapé-Centre,POINT (1.0265880763497706 6.562743577935382),
_mview_route_ralentisseurs.fid-7b1c8a4a_1943c5e84ca_727d,Maritime,Zio,Zio 4,Gapé-Centre,POINT (1.026383760314069 6.563137489561127),
_mview_route_ralentisseurs.fid-7b1c8a4a_1943c5e84ca_727e,Maritime,Zio,Zio 4,Gapé-Centre,POINT (1.0250128700121395 6.566126377908696),
_mview_route_ralentisseurs.fid-7b1c8a4a_1943c5e84ca_727f,Maritime,Zio,Zio 4,Gapé-Centre,POINT (1.024679517989925 6.566531464644285),
_mview_route_ralentisseurs.fid-7b1c8a4a_1943c5e84ca_7280,Maritime,Zio,Zio 3,Agbélouvé,POINT (1.247649954302402 6.620799370384427),
_mview_route_ralentisseurs.fid-7b1c8a4a_1943c5e84ca_7281,Maritime,Zio,Zio 4,Gapé-Centre,POINT (1.1038785727466895 6.607689963670529),
_mview_route_ralentisseurs.fid-7b1c8a4a_1943c5e84ca_7282,Maritime,Zio,Zio 4,Gapé-Centre,POINT (1.1039081364933565 6.60831015189084),
_mview_route_ralentisseurs.fid-7b1c8a4a_1943c5e84ca_7283,Maritime,Zio,Zio 3,Agbélouvé,POINT (1.1611168441793622 6.670968973004266),
_mview_route_ralentisseurs.fid-7b1c8a4a_1943c5e84ca_7284,Maritime,Zio,Zio 3,Agbélouvé,POINT (1.1606033468156798 6.670831268291218),
_mview_route_ralentisseurs.fid-7b1c8a4a_1943c5e84ca_7285,Maritime,Zio,Zio 3,Agbélouvé,POINT (1.1501019229014797 6.667668790002566),
_mview_route_ralentisseurs.fid-7b1c8a4a_1943c5e84ca_7286,Maritime,Zio,Zio 3,Agbélouvé,POINT (1.1384708548066083 6.65330789229917),
_mview_route_ralentisseurs.fid-7b1c8a4a_1943c5e84ca_7287,Maritime,Zio,Zio 3,Agbélouvé,POINT (1.1379837608224703 6.652935445368482),
_mview_route_ralentisseurs.fid-7b1c8a4a_1943c5e84ca_7288,Maritime,Zio,Zio 3,Agbélouvé,POINT (1.1622839334826172 6.671278490525801),
_mview_route_ralentisseurs.fid-7b1c8a4a_1943c5e84ca_7289,Maritime,Zio,Zio 4,Gapé-Centre,POINT (1.0221872071398668 6.610800017755147),
_mview_route_ralentisseurs.fid-7b1c8a4a_1943c5e84ca_728a,Maritime,Zio,Zio 4,Gapé-Centre,POINT (1.0219495917601193 6.610434505962776),
_mview_route_ralentisseurs.fid-7b1c8a4a_1943c5e84ca_728b,Maritime,Zio,Zio 4,Gapé-Centre,POINT (1.022370511209704 6.611075766927553),
_mview_route_ralentisseurs.fid-7b1c8a4a_1943c5e84ca_728c,Maritime,Zio,Zio 4,Gapé-Centre,POINT (1.0226290115912122 6.611463455679445),
_mview_route_ralentisseurs.fid-7b1c8a4a_1943c5e84ca_728d,Maritime,Zio,Zio 4,Gapé-Centre,POINT (1.0229109084651309 6.6119039573522285),
_mview_route_ralentisseurs.fid-7b1c8a4a_1943c5e84ca_728e,Maritime,Zio,Zio 4,Gapé-Centre,POINT (1.0232954019016043 6.612580957847018),
_mview_route_ralentisseurs.fid-7b1c8a4a_1943c5e84ca_728f,Maritime,Zio,Zio 4,Gapé-Centre,POINT (1.0236400049917473 6.612830184813027),
_mview_route_ralentisseurs.fid-7b1c8a4a_1943c5e84ca_7290,Maritime,Zio,Zio 4,Gapé-Centre,POINT (1.024260427990777 6.612971013123878),
_mview_route_ralentisseurs.fid-7b1c8a4a_1943c5e84ca_7291,Maritime,Zio,Zio 4,Gapé-Centre,POINT (1.0252721573690453 6.613514789804763),
_mview_route_ralentisseurs.fid-7b1c8a4a_1943c5e84ca_7292,Maritime,Zio,Zio 4,Gapé-Centre,POINT (1.025655223092735 6.613889625564778),
_mview_route_ralentisseurs.fid-7b1c8a4a_1943c5e84ca_7293,Maritime,Zio,Zio 3,Agbélouvé,POINT (1.1499904923417832 6.667839912574125),
_mview_route_ralentisseurs.fid-7b1c8a4a_1943c5e84ca_7294,Maritime,Zio,Zio 3,Agbélouvé,POINT (1.1429025675148963 6.668968286342902),
_mview_route_ralentisseurs.fid-7b1c8a4a_1943c5e84ca_7295,Maritime,Zio,Zio 1,Gbatopé,POINT (1.2489671499377453 6.47498456971727),
_mview_route_ralentisseurs.fid-7b1c8a4a_1943c5e84ca_7296,Maritime,Zio,Zio 1,Gbatopé,POINT (1.2494628244054333 6.474349765044109),
_mview_route_ralentisseurs.fid-7b1c8a4a_1943c5e84ca_7297,Maritime,Zio,Zio 1,Gbatopé,POINT (1.2483392694125615 6.475576259217036),
_mview_route_ralentisseurs.fid-7b1c8a4a_1943c5e84ca_7298,Maritime,Zio,Zio 1,Gbatopé,POINT (1.2480185307803946 6.476082628719965),
_mview_route_ralentisseurs.fid-7b1c8a4a_1943c5e84ca_7299,Maritime,Zio,Zio 1,Gbatopé,POINT (1.24810010950087 6.476668293000789),
_mview_route_ralentisseurs.fid-7b1c8a4a_1943c5e84ca_729a,Maritime,Zio,Zio 1,Gbatopé,POINT (1.2485116229911524 6.477270475498695),
_mview_route_ralentisseurs.fid-7b1c8a4a_1943c5e84ca_729b,Maritime,Zio,Zio 1,Gbatopé,POINT (1.2487368137193986 6.4776469117678745),
_mview_route_ralentisseurs.fid-7b1c8a4a_1943c5e84ca_729c,Maritime,Zio,Zio 1,Gbatopé,POINT (1.252019403154592 6.493154310389381),
_mview_route_ralentisseurs.fid-7b1c8a4a_1943c5e84ca_729d,Maritime,Zio,Zio 1,Gbatopé,POINT (1.253537741556235 6.49591795008311),
_mview_route_ralentisseurs.fid-7b1c8a4a_1943c5e84ca_729e,Maritime,Zio,Zio 1,Gbatopé,POINT (1.2956046217080674 6.527113459480692),
_mview_route_ralentisseurs.fid-7b1c8a4a_1943c5e84ca_729f,Maritime,Zio,Zio 1,Gbatopé,POINT (1.296788879157148 6.527341644422729),
_mview_route_ralentisseurs.fid-7b1c8a4a_1943c5e84ca_72a0,Maritime,Zio,Zio 1,Gbatopé,POINT (1.2974274332281361 6.52715905465161),
_mview_route_ralentisseurs.fid-7b1c8a4a_1943c5e84ca_72a1,Maritime,Zio,Zio 1,Gbatopé,POINT (1.298079119961375 6.525892876672872),
_mview_route_ralentisseurs.fid-7b1c8a4a_1943c5e84ca_72a2,Maritime,Zio,Zio 1,Gbatopé,POINT (1.298817417937794 6.524998487376991),
_mview_route_ralentisseurs.fid-7b1c8a4a_1943c5e84ca_72a3,Maritime,Zio,Zio 1,Gbatopé,POINT (1.294958779640481 6.524427555807536),
_mview_route_ralentisseurs.fid-7b1c8a4a_1943c5e84ca_72a4,Maritime,Zio,Zio 1,Gbatopé,POINT (1.2950048681361153 6.525203464246974),
_mview_route_ralentisseurs.fid-7b1c8a4a_1943c5e84ca_72a5,Maritime,Zio,Zio 1,Gbatopé,POINT (1.294885720402433 6.526597184077841),
_mview_route_ralentisseurs.fid-7b1c8a4a_1943c5e84ca_72a6,Maritime,Zio,Zio 1,Abobo,POINT (1.3056493551502495 6.287427402166435),TGRMRRRN34 LOME-VOGAN-ANFOIN
_mview_route_ralentisseurs.fid-7b1c8a4a_1943c5e84ca_72a7,Maritime,Zio,Zio 1,Abobo,POINT (1.3061674225241684 6.288107971028705),TGRMRRRN34 LOME-VOGAN-ANFOIN
_mview_route_ralentisseurs.fid-7b1c8a4a_1943c5e84ca_72a8,Maritime,Zio,Zio 1,Abobo,POINT (1.306560565609428 6.288620730472692),TGRMRRRN34 LOME-VOGAN-ANFOIN
_mview_route_ralentisseurs.fid-7b1c8a4a_1943c5e84ca_72a9,Maritime,Zio,Zio 1,Abobo,POINT (1.3071208064698365 6.289334367709679),TGRMRRRN34 LOME-VOGAN-ANFOIN
_mview_route_ralentisseurs.fid-7b1c8a4a_1943c5e84ca_72aa,Maritime,Zio,Zio 1,Kpomé,POINT (1.3379023598606565 6.326593536694427),TGRMRRRN34 LOME-VOGAN-ANFOIN
_mview_route_ralentisseurs.fid-7b1c8a4a_1943c5e84ca_72ab,Maritime,Zio,Zio 1,Kpomé,POINT (1.3382857489757736 6.327230803068865),TGRMRRRN34 LOME-VOGAN-ANFOIN
_mview_route_ralentisseurs.fid-7b1c8a4a_1943c5e84ca_72ac,Maritime,Zio,Zio 1,Kpomé,POINT (1.350477528045629 6.328554240793256),TGRMRRRN34 LOME-VOGAN-ANFOIN
_mview_route_ralentisseurs.fid-7b1c8a4a_1943c5e84ca_72ad,Maritime,Zio,Zio 1,Kpomé,POINT (1.3510005127534064 6.327850421486496),TGRMRRRN34 LOME-VOGAN-ANFOIN
_mview_route_ralentisseurs.fid-7b1c8a4a_1943c5e84ca_72ae,Maritime,Zio,Zio 1,Kpomé,POINT (1.3424041044489852 6.337980207070335),
_mview_route_ralentisseurs.fid-7b1c8a4a_1943c5e84ca_72af,Maritime,Zio,Zio 1,Kpomé,POINT (1.3430666370954 6.336731606140736),
_mview_route_ralentisseurs.fid-7b1c8a4a_1943c5e84ca_72b0,Maritime,Zio,Zio 1,Kpomé,POINT (1.343043959951579 6.3363711505723135),
_mview_route_ralentisseurs.fid-7b1c8a4a_1943c5e84ca_72b1,Maritime,Zio,Zio 1,Kpomé,POINT (1.3421235998944143 6.332985401834973),
_mview_route_ralentisseurs.fid-7b1c8a4a_1943c5e84ca_72b2,Maritime,Zio,Zio 2,Kovié,POINT (1.1133489888114931 6.333965786316787),
_mview_route_ralentisseurs.fid-7b1c8a4a_1943c5e84ca_72b3,Maritime,Zio,Zio 2,Mission-Tové,POINT (1.1303216450355575 6.3080095925728825),
_mview_route_ralentisseurs.fid-7b1c8a4a_1943c5e84ca_72b4,Maritime,Zio,Zio 2,Mission-Tové,POINT (1.1309370975366941 6.306387131758961),
_mview_route_ralentisseurs.fid-7b1c8a4a_1943c5e84ca_72b5,Maritime,Zio,Zio 2,Mission-Tové,POINT (1.1306547058560545 6.30713220511647),
_mview_route_ralentisseurs.fid-7b1c8a4a_1943c5e84ca_72b6,Maritime,Zio,Zio 2,Mission-Tové,POINT (1.1273273864793665 6.3159954063776444),
_mview_route_ralentisseurs.fid-7b1c8a4a_1943c5e84ca_72b7,Maritime,Zio,Zio 2,Mission-Tové,POINT (1.1120319194962476 6.317253043933003),
_mview_route_ralentisseurs.fid-7b1c8a4a_1943c5e84ca_72b8,Maritime,Zio,Zio 2,Mission-Tové,POINT (1.0910810182806263 6.293356240649467),
_mview_route_ralentisseurs.fid-7b1c8a4a_1943c5e84ca_72b9,Maritime,Zio,Zio 2,Mission-Tové,POINT (1.1136996316560366 6.3186847802338475),
_mview_route_ralentisseurs.fid-7b1c8a4a_1943c5e84ca_72ba,Maritime,Zio,Zio 2,Mission-Tové,POINT (1.1134785651651435 6.318500090178738),
_mview_route_ralentisseurs.fid-7b1c8a4a_1943c5e84ca_72bb,Maritime,Agoè-Nyivé,Agoè-Nyivé 5,Sanguera,POINT (1.1223989367234104 6.271738863664999),
_mview_route_ralentisseurs.fid-7b1c8a4a_1943c5e84ca_72bc,Maritime,Agoè-Nyivé,Agoè-Nyivé 5,Sanguera,POINT (1.1198047946099308 6.2753361738535585),
_mview_route_ralentisseurs.fid-7b1c8a4a_1943c5e84ca_72bd,Maritime,Agoè-Nyivé,Agoè-Nyivé 5,Sanguera,POINT (1.1175138596303504 6.272962492975378),
_mview_route_ralentisseurs.fid-7b1c8a4a_1943c5e84ca_72be,Maritime,Zio,Zio 3,Agbélouvé,POINT (1.0454808777899063 6.8086287319702645),
_mview_route_ralentisseurs.fid-7b1c8a4a_1943c5e84ca_72bf,Maritime,Zio,Zio 3,Agbélouvé,POINT (1.0460873857522595 6.808057287647922),
_mview_route_ralentisseurs.fid-7b1c8a4a_1943c5e84ca_72c0,Maritime,Zio,Zio 3,Agbélouvé,POINT (1.05790812405141 6.777529843544798),
_mview_route_ralentisseurs.fid-7b1c8a4a_1943c5e84ca_72c1,Maritime,Zio,Zio 2,Mission-Tové,POINT (1.1182597151617557 6.320436168082341),
_mview_route_ralentisseurs.fid-7b1c8a4a_1943c5e84ca_72c2,Maritime,Zio,Zio 2,Mission-Tové,POINT (1.1164368142499386 6.285686525946817),
_mview_route_ralentisseurs.fid-7b1c8a4a_1943c5e84ca_72c3,Maritime,Zio,Zio 2,Mission-Tové,POINT (1.1166166301442428 6.285592492050155),
_mview_route_ralentisseurs.fid-7b1c8a4a_1943c5e84ca_72c4,Maritime,Zio,Zio 1,Kpomé,POINT (1.3646481664766474 6.290117833058605),
_mview_route_ralentisseurs.fid-7b1c8a4a_1943c5e84ca_72c5,Maritime,Zio,Zio 2,Mission-Tové,POINT (1.1131921659535577 6.285761328385395),
_mview_route_ralentisseurs.fid-7b1c8a4a_1943c5e84ca_72c6,Maritime,Zio,Zio 2,Mission-Tové,POINT (1.113306549283925 6.285762813326682),
_mview_route_ralentisseurs.fid-7b1c8a4a_1943c5e84ca_72c7,Maritime,Zio,Zio 2,Mission-Tové,POINT (1.1139904444722113 6.285514460936269),
_mview_route_ralentisseurs.fid-7b1c8a4a_1943c5e84ca_72c8,Maritime,Zio,Zio 2,Mission-Tové,POINT (1.1141890073911809 6.285470648360401),
_mview_route_ralentisseurs.fid-7b1c8a4a_1943c5e84ca_72c9,Maritime,Agoè-Nyivé,Agoè-Nyivé 5,Sanguera,POINT (1.097257120730182 6.25869596994081),
_mview_route_ralentisseurs.fid-7b1c8a4a_1943c5e84ca_72ca,Maritime,Avé,Avé 2,Aképé,POINT (1.0962810825095464 6.258819681907763),
_mview_route_ralentisseurs.fid-7b1c8a4a_1943c5e84ca_72cb,Maritime,Zio,Zio 3,Agbélouvé,POINT (1.1814751821676073 6.629964632401538),
_mview_route_ralentisseurs.fid-7b1c8a4a_1943c5e84ca_72cc,Maritime,Zio,Zio 1,Gbatopé,POINT (1.3437902152992216 6.454484326295189),
_mview_route_ralentisseurs.fid-7b1c8a4a_1943c5e84ca_72cd,Maritime,Zio,Zio 2,Mission-Tové,POINT (1.1072787185235433 6.2759829402029945),
_mview_route_ralentisseurs.fid-7b1c8a4a_1943c5e84ca_72ce,Maritime,Zio,Zio 2,Mission-Tové,POINT (1.1074290124922008 6.2763362019296585),
_mview_route_ralentisseurs.fid-7b1c8a4a_1943c5e84ca_72cf,Maritime,Zio,Zio 2,Mission-Tové,POINT (1.107337302843855 6.276118134794092),
_mview_route_ralentisseurs.fid-7b1c8a4a_1943c5e84ca_72d0,Maritime,Zio,Zio 4,Gapé-Centre,POINT (1.257533997825197 6.574833991701819),
_mview_route_ralentisseurs.fid-7b1c8a4a_1943c5e84ca_72d1,Maritime,Zio,Zio 4,Gapé-Centre,POINT (1.2543595361965438 6.583697910729046),
_mview_route_ralentisseurs.fid-7b1c8a4a_1943c5e84ca_72d2,Maritime,Zio,Zio 4,Gapé-Centre,POINT (1.2576753314501259 6.574533486244281),
_mview_route_ralentisseurs.fid-7b1c8a4a_1943c5e84ca_72d3,Maritime,Zio,Zio 4,Gapé-Centre,POINT (1.2543594169600418 6.58342818276422),
_mview_route_ralentisseurs.fid-7b1c8a4a_1943c5e84ca_72d4,Maritime,Zio,Zio 4,Gapé-Centre,POINT (1.2543827828898 6.583947425238122),
_mview_route_ralentisseurs.fid-7b1c8a4a_1943c5e84ca_72d5,Maritime,Zio,Zio 2,Mission-Tové,POINT (1.1176519043033462 6.331160294498586),
_mview_route_ralentisseurs.fid-7b1c8a4a_1943c5e84ca_72d6,Maritime,Zio,Zio 2,Mission-Tové,POINT (1.1224804196262428 6.335662571013667),
_mview_route_ralentisseurs.fid-7b1c8a4a_1943c5e84ca_72d7,Maritime,Zio,Zio 2,Mission-Tové,POINT (1.1199106671535781 6.338958668127644),
_mview_route_ralentisseurs.fid-7b1c8a4a_1943c5e84ca_72d8,Maritime,Zio,Zio 2,Mission-Tové,POINT (1.1198363683240222 6.338801397614556),
_mview_route_ralentisseurs.fid-7b1c8a4a_1943c5e84ca_72d9,Maritime,Zio,Zio 2,Mission-Tové,POINT (1.1197761681435405 6.338678360760638),
_mview_route_ralentisseurs.fid-7b1c8a4a_1943c5e84ca_72da,Maritime,Zio,Zio 2,Mission-Tové,POINT (1.112466988760318 6.322984875250631),
_mview_route_ralentisseurs.fid-7b1c8a4a_1943c5e84ca_72db,Maritime,Zio,Zio 2,Mission-Tové,POINT (1.1124723225682767 6.3226458944213135),
_mview_route_ralentisseurs.fid-7b1c8a4a_1943c5e84ca_72dc,Maritime,Zio,Zio 2,Mission-Tové,POINT (1.1166486904393305 6.327597960847256),
_mview_route_ralentisseurs.fid-7b1c8a4a_1943c5e84ca_72dd,Maritime,Zio,Zio 2,Mission-Tové,POINT (1.1164460287436115 6.327478539547282),
_mview_route_ralentisseurs.fid-7b1c8a4a_1943c5e84ca_72de,Maritime,Zio,Zio 2,Mission-Tové,POINT (1.1163154647541802 6.323524713315005),
_mview_route_ralentisseurs.fid-7b1c8a4a_1943c5e84ca_72df,Maritime,Agoè-Nyivé,Agoè-Nyivé 2,Légbassito,POINT (1.1466628231375704 6.276203365271087),
_mview_route_ralentisseurs.fid-7b1c8a4a_1943c5e84ca_72e0,Maritime,Zio,Zio 2,Mission-Tové,POINT (1.1213351930886408 6.326896747845281),
_mview_route_ralentisseurs.fid-7b1c8a4a_1943c5e84ca_72e1,Maritime,Zio,Zio 1,Gbatopé,POINT (1.2577948197145614 6.445512554938744),
_mview_route_ralentisseurs.fid-7b1c8a4a_1943c5e84ca_72e2,Maritime,Zio,Zio 1,Gbatopé,POINT (1.2583546595912622 6.446049111156828),
_mview_route_ralentisseurs.fid-7b1c8a4a_1943c5e84ca_72e3,Maritime,Zio,Zio 1,Dalavé,POINT (1.2454639471211093 6.384529404162497),
_mview_route_ralentisseurs.fid-7b1c8a4a_1943c5e84ca_72e4,Maritime,Zio,Zio 1,Dalavé,POINT (1.287142772279335 6.352760653646842),
_mview_route_ralentisseurs.fid-7b1c8a4a_1943c5e84ca_72e5,Maritime,Zio,Zio 1,Dalavé,POINT (1.2871706797949722 6.351560591269875),
_mview_route_ralentisseurs.fid-7b1c8a4a_1943c5e84ca_72e6,Maritime,Zio,Zio 1,Davié,POINT (1.1958129464000395 6.387003636462579),
_mview_route_ralentisseurs.fid-7b1c8a4a_1943c5e84ca_72e7,Maritime,Zio,Zio 1,Davié,POINT (1.20044182926318 6.386315428074028),
_mview_route_ralentisseurs.fid-7b1c8a4a_1943c5e84ca_72e8,Maritime,Zio,Zio 1,Davié,POINT (1.1958154000300634 6.387003553020722),
_mview_route_ralentisseurs.fid-7b1c8a4a_1943c5e84ca_72e9,Maritime,Zio,Zio 2,Kovié,POINT (1.0928944769034288 6.3032502370803165),
_mview_route_ralentisseurs.fid-7b1c8a4a_1943c5e84ca_72ea,Maritime,Zio,Zio 2,Kovié,POINT (1.0928989229291548 6.303220219653267),
_mview_route_ralentisseurs.fid-7b1c8a4a_1943c5e84ca_72eb,Maritime,Zio,Zio 1,Dalavé,POINT (1.2406995541079275 6.387081623223829),
_mview_route_ralentisseurs.fid-7b1c8a4a_1943c5e84ca_72ec,Maritime,Zio,Zio 1,Tsévié,POINT (1.2129306095766668 6.4262017170753305),TGRMRRRN1 LOME-AMAKPAPE
_mview_route_ralentisseurs.fid-7b1c8a4a_1943c5e84ca_72ed,Maritime,Zio,Zio 1,Tsévié,POINT (1.213046027637214 6.428258033954231),TGRMRRRN1 LOME-AMAKPAPE
_mview_route_ralentisseurs.fid-7b1c8a4a_1943c5e84ca_72ee,Maritime,Zio,Zio 1,Tsévié,POINT (1.2130236914272226 6.427836553827794),TGRMRRRN1 LOME-AMAKPAPE
_mview_route_ralentisseurs.fid-7b1c8a4a_1943c5e84ca_72ef,Maritime,Zio,Zio 1,Tsévié,POINT (1.213003204831185 6.427469425070297),TGRMRRRN1 LOME-AMAKPAPE
_mview_route_ralentisseurs.fid-7b1c8a4a_1943c5e84ca_72f0,Maritime,Zio,Zio 1,Tsévié,POINT (1.2129757987361358 6.426991467037301),TGRMRRRN1 LOME-AMAKPAPE
_mview_route_ralentisseurs.fid-7b1c8a4a_1943c5e84ca_72f1,Maritime,Zio,Zio 1,Davié,POINT (1.2007799850960383 6.3910228357136605),
_mview_route_ralentisseurs.fid-7b1c8a4a_1943c5e84ca_72f2,Maritime,Zio,Zio 1,Davié,POINT (1.2010051243284734 6.391038717801011),
_mview_route_ralentisseurs.fid-7b1c8a4a_1943c5e84ca_72f3,Maritime,Zio,Zio 1,Davié,POINT (1.2011932396516378 6.3910569923103315),
_mview_route_ralentisseurs.fid-7b1c8a4a_1943c5e84ca_72f4,Maritime,Zio,Zio 1,Davié,POINT (1.2027764297744428 6.391065251442535),
_mview_route_ralentisseurs.fid-7b1c8a4a_1943c5e84ca_72f5,Maritime,Zio,Zio 1,Kpomé,POINT (1.3087126355773198 6.31440114479802),
_mview_route_ralentisseurs.fid-7b1c8a4a_1943c5e84ca_72f6,Maritime,Zio,Zio 4,Gapé-Centre,POINT (1.1844840699978227 6.557629212984136),
_mview_route_ralentisseurs.fid-7b1c8a4a_1943c5e84ca_72f7,Maritime,Zio,Zio 4,Gapé-Centre,POINT (1.1848745438759707 6.557733405317734),
_mview_route_ralentisseurs.fid-7b1c8a4a_1943c5e84ca_72f8,Maritime,Zio,Zio 1,Tsévié,POINT (1.2179378874431241 6.431718635902019),TGRMRRRN4 TSEVIE-TABLIGBO-ANEHO
_mview_route_ralentisseurs.fid-7b1c8a4a_1943c5e84ca_72f9,Maritime,Zio,Zio 1,Tsévié,POINT (1.2224239829847807 6.43253284746437),TGRMRRRN4 TSEVIE-TABLIGBO-ANEHO
_mview_route_ralentisseurs.fid-7b1c8a4a_1943c5e84ca_72fa,Maritime,Zio,Zio 1,Tsévié,POINT (1.2229982919925344 6.43256650897226),TGRMRRRN4 TSEVIE-TABLIGBO-ANEHO
_mview_route_ralentisseurs.fid-7b1c8a4a_1943c5e84ca_72fb,Maritime,Zio,Zio 1,Tsévié,POINT (1.2138079236888208 6.434471187466728),
_mview_route_ralentisseurs.fid-7b1c8a4a_1943c5e84ca_72fc,Maritime,Zio,Zio 1,Tsévié,POINT (1.2135571504573048 6.4346101050662945),
_mview_route_ralentisseurs.fid-7b1c8a4a_1943c5e84ca_72fd,Maritime,Zio,Zio 1,Tsévié,POINT (1.2133621263375078 6.434718139897517),
_mview_route_ralentisseurs.fid-7b1c8a4a_1943c5e84ca_72fe,Maritime,Zio,Zio 1,Tsévié,POINT (1.2129742477556358 6.434933007261703),
_mview_route_ralentisseurs.fid-7b1c8a4a_1943c5e84ca_72ff,Maritime,Zio,Zio 1,Tsévié,POINT (1.2126893064286834 6.435088650117921),
_mview_route_ralentisseurs.fid-7b1c8a4a_1943c5e84ca_7300,Maritime,Zio,Zio 1,Tsévié,POINT (1.216278196052798 6.431464764788639),
_mview_route_ralentisseurs.fid-7b1c8a4a_1943c5e84ca_7301,Maritime,Zio,Zio 1,Kpomé,POINT (1.3121633346562946 6.311361669314386),
_mview_route_ralentisseurs.fid-7b1c8a4a_1943c5e84ca_7302,Maritime,Zio,Zio 1,Dalavé,POINT (1.2652137181306973 6.286909304802561),
_mview_route_ralentisseurs.fid-7b1c8a4a_1943c5e84ca_7303,Maritime,Zio,Zio 1,Dalavé,POINT (1.264900230350098 6.2962954371288635),
_mview_route_ralentisseurs.fid-7b1c8a4a_1943c5e84ca_7304,Maritime,Zio,Zio 2,Wli,POINT (1.1634844576850436 6.411823479331781),
_mview_route_ralentisseurs.fid-7b1c8a4a_1943c5e84ca_7305,Maritime,Zio,Zio 2,Wli,POINT (1.1617785820095459 6.4063549062040535),
_mview_route_ralentisseurs.fid-7b1c8a4a_1943c5e84ca_7306,Maritime,Zio,Zio 2,Wli,POINT (1.161666272376951 6.4060037814245545),
_mview_route_ralentisseurs.fid-7b1c8a4a_1943c5e84ca_7307,Maritime,Zio,Zio 2,Wli,POINT (1.1616326362154568 6.405883877185714),
_mview_route_ralentisseurs.fid-7b1c8a4a_1943c5e84ca_7308,Maritime,Zio,Zio 1,Kpomé,POINT (1.3069532941237298 6.302633482482538),
_mview_route_ralentisseurs.fid-7b1c8a4a_1943c5e84ca_7309,Maritime,Zio,Zio 1,Kpomé,POINT (1.3053761436119153 6.297322357365721),
_mview_route_ralentisseurs.fid-7b1c8a4a_1943c5e84ca_730a,Maritime,Agoè-Nyivé,Agoè-Nyivé 6,Adétikopé,POINT (1.2481599443223803 6.313685520845965),
_mview_route_ralentisseurs.fid-7b1c8a4a_1943c5e84ca_730b,Maritime,Agoè-Nyivé,Agoè-Nyivé 6,Adétikopé,POINT (1.247823873625532 6.313835676279232),
_mview_route_ralentisseurs.fid-7b1c8a4a_1943c5e84ca_730c,Maritime,Agoè-Nyivé,Agoè-Nyivé 6,Adétikopé,POINT (1.247651626403302 6.313789251579377),
_mview_route_ralentisseurs.fid-7b1c8a4a_1943c5e84ca_730d,Maritime,Agoè-Nyivé,Agoè-Nyivé 6,Adétikopé,POINT (1.2467424471759907 6.311863730533795),
_mview_route_ralentisseurs.fid-7b1c8a4a_1943c5e84ca_730e,Maritime,Zio,Zio 1,Davié,POINT (1.1811696314777207 6.338871119822803),
_mview_route_ralentisseurs.fid-7b1c8a4a_1943c5e84ca_730f,Maritime,Zio,Zio 1,Davié,POINT (1.1817376339448011 6.338659747139329),
_mview_route_ralentisseurs.fid-7b1c8a4a_1943c5e84ca_7310,Maritime,Zio,Zio 1,Davié,POINT (1.183921177600672 6.339339298007283),
_mview_route_ralentisseurs.fid-7b1c8a4a_1943c5e84ca_7311,Maritime,Zio,Zio 1,Davié,POINT (1.184112432109086 6.33943515298711),
_mview_route_ralentisseurs.fid-7b1c8a4a_1943c5e84ca_7312,Maritime,Zio,Zio 1,Davié,POINT (1.1850959403340717 6.3399280766763955),
_mview_route_ralentisseurs.fid-7b1c8a4a_1943c5e84ca_7313,Maritime,Zio,Zio 1,Davié,POINT (1.187309151685464 6.340175246005175),
_mview_route_ralentisseurs.fid-7b1c8a4a_1943c5e84ca_7314,Maritime,Zio,Zio 1,Davié,POINT (1.18886546559339 6.338959004314859),
_mview_route_ralentisseurs.fid-7b1c8a4a_1943c5e84ca_7315,Maritime,Zio,Zio 1,Davié,POINT (1.1920445381032687 6.35114142910545),
_mview_route_ralentisseurs.fid-7b1c8a4a_1943c5e84ca_7316,Maritime,Agoè-Nyivé,Agoè-Nyivé 6,Adétikopé,POINT (1.2483652285457159 6.316691515276428),
_mview_route_ralentisseurs.fid-7b1c8a4a_1943c5e84ca_7317,Maritime,Zio,Zio 1,Davié,POINT (1.166471892764091 6.345678643421643),
_mview_route_ralentisseurs.fid-7b1c8a4a_1943c5e84ca_7318,Maritime,Agoè-Nyivé,Agoè-Nyivé 6,Adétikopé,POINT (1.2344127442820234 6.323377278312602),
_mview_route_ralentisseurs.fid-7b1c8a4a_1943c5e84ca_7319,Maritime,Agoè-Nyivé,Agoè-Nyivé 6,Adétikopé,POINT (1.2376627934273965 6.323262326673564),
_mview_route_ralentisseurs.fid-7b1c8a4a_1943c5e84ca_731a,Maritime,Zio,Zio 1,Tsévié,POINT (1.1980449096525885 6.498636891755521),
_mview_route_ralentisseurs.fid-7b1c8a4a_1943c5e84ca_731b,Maritime,Zio,Zio 1,Tsévié,POINT (1.2110189314133928 6.516714225214697),
_mview_route_ralentisseurs.fid-7b1c8a4a_1943c5e84ca_731c,Maritime,Zio,Zio 1,Abobo,POINT (1.3744775295318998 6.280754855200312),
_mview_route_ralentisseurs.fid-7b1c8a4a_1943c5e84ca_731d,Maritime,Zio,Zio 1,Abobo,POINT (1.3742435613557593 6.280827110354255),
_mview_route_ralentisseurs.fid-7b1c8a4a_1943c5e84ca_731e,Maritime,Zio,Zio 1,Abobo,POINT (1.3748536243643434 6.240546870583396),
_mview_route_ralentisseurs.fid-7b1c8a4a_1943c5e84ca_731f,Maritime,Zio,Zio 1,Abobo,POINT (1.37499958625703 6.240765765269319),
_mview_route_ralentisseurs.fid-7b1c8a4a_1943c5e84ca_7320,Maritime,Agoè-Nyivé,Agoè-Nyivé 6,Adétikopé,POINT (1.2308926399097004 6.3302700662334574),
_mview_route_ralentisseurs.fid-7b1c8a4a_1943c5e84ca_7321,Maritime,Agoè-Nyivé,Agoè-Nyivé 6,Adétikopé,POINT (1.2208850389092218 6.33968433274288),
_mview_route_ralentisseurs.fid-7b1c8a4a_1943c5e84ca_7322,Maritime,Zio,Zio 1,Davié,POINT (1.188903764775847 6.35443355655723),
_mview_route_ralentisseurs.fid-7b1c8a4a_1943c5e84ca_7323,Maritime,Zio,Zio 1,Davié,POINT (1.1890492948792222 6.354410329893425),
_mview_route_ralentisseurs.fid-7b1c8a4a_1943c5e84ca_7324,Maritime,Zio,Zio 1,Davié,POINT (1.2028107324649386 6.39643125367359),
_mview_route_ralentisseurs.fid-7b1c8a4a_1943c5e84ca_7325,Maritime,Zio,Zio 1,Davié,POINT (1.1995803078507459 6.348728628354824),
_mview_route_ralentisseurs.fid-7b1c8a4a_1943c5e84ca_7326,Maritime,Zio,Zio 1,Davié,POINT (1.1982408788334296 6.357685850049285),
_mview_route_ralentisseurs.fid-7b1c8a4a_1943c5e84ca_7327,Maritime,Zio,Zio 1,Djagblé,POINT (1.2590464287556689 6.262518618478674),
_mview_route_ralentisseurs.fid-7b1c8a4a_1943c5e84ca_7328,Maritime,Zio,Zio 1,Djagblé,POINT (1.2593875403939805 6.262360483381499),
_mview_route_ralentisseurs.fid-7b1c8a4a_1943c5e84ca_7329,Maritime,Zio,Zio 1,Djagblé,POINT (1.2595452136281895 6.262287387919317),
_mview_route_ralentisseurs.fid-7b1c8a4a_1943c5e84ca_732a,Maritime,Zio,Zio 1,Djagblé,POINT (1.2577401578654264 6.263407044352386),
_mview_route_ralentisseurs.fid-7b1c8a4a_1943c5e84ca_732b,Maritime,Zio,Zio 1,Djagblé,POINT (1.2547757605739966 6.266386106782729),
_mview_route_ralentisseurs.fid-7b1c8a4a_1943c5e84ca_732c,Maritime,Zio,Zio 1,Djagblé,POINT (1.2544766847681927 6.266694940177477),
_mview_route_ralentisseurs.fid-7b1c8a4a_1943c5e84ca_732d,Maritime,Zio,Zio 1,Djagblé,POINT (1.2530662310507301 6.268822393527815),
_mview_route_ralentisseurs.fid-7b1c8a4a_1943c5e84ca_732e,Maritime,Zio,Zio 1,Djagblé,POINT (1.2522290738463964 6.270467698601825),
_mview_route_ralentisseurs.fid-7b1c8a4a_1943c5e84ca_732f,Maritime,Zio,Zio 1,Djagblé,POINT (1.252123252581967 6.270645853293406),
_mview_route_ralentisseurs.fid-7b1c8a4a_1943c5e84ca_7330,Maritime,Zio,Zio 1,Djagblé,POINT (1.2538424465201876 6.267292822182998),
_mview_route_ralentisseurs.fid-7b1c8a4a_1943c5e84ca_7331,Maritime,Agoè-Nyivé,Agoè-Nyivé 6,Adétikopé,POINT (1.2502751414555984 6.2773199652098235),
_mview_route_ralentisseurs.fid-7b1c8a4a_1943c5e84ca_7332,Maritime,Zio,Zio 1,Djagblé,POINT (1.2927219407221275 6.2484175604013465),
_mview_route_ralentisseurs.fid-7b1c8a4a_1943c5e84ca_7333,Maritime,Zio,Zio 1,Djagblé,POINT (1.2948492441669535 6.247259636128787),
_mview_route_ralentisseurs.fid-7b1c8a4a_1943c5e84ca_7334,Maritime,Zio,Zio 1,Djagblé,POINT (1.2955675176439754 6.246798682296286),
_mview_route_ralentisseurs.fid-7b1c8a4a_1943c5e84ca_7335,Maritime,Zio,Zio 1,Djagblé,POINT (1.2939832301024792 6.24774391320386),
_mview_route_ralentisseurs.fid-7b1c8a4a_1943c5e84ca_7336,Maritime,Zio,Zio 1,Djagblé,POINT (1.2924726102555253 6.248507983930629),
_mview_route_ralentisseurs.fid-7b1c8a4a_1943c5e84ca_7337,Maritime,Zio,Zio 1,Djagblé,POINT (1.2915029429129603 6.248809194766093),
_mview_route_ralentisseurs.fid-7b1c8a4a_1943c5e84ca_7338,Maritime,Zio,Zio 1,Djagblé,POINT (1.2909261839772044 6.2490476539214725),
_mview_route_ralentisseurs.fid-7b1c8a4a_1943c5e84ca_7339,Maritime,Zio,Zio 1,Djagblé,POINT (1.2905725486127295 6.2492322976933865),
_mview_route_ralentisseurs.fid-7b1c8a4a_1943c5e84ca_733a,Maritime,Zio,Zio 1,Djagblé,POINT (1.2902642850568864 6.24938531000108),
_mview_route_ralentisseurs.fid-7b1c8a4a_1943c5e84ca_733b,Maritime,Zio,Zio 1,Djagblé,POINT (1.289817993335768 6.249593652235993),
_mview_route_ralentisseurs.fid-7b1c8a4a_1943c5e84ca_733c,Maritime,Zio,Zio 1,Djagblé,POINT (1.2887707004022018 6.250114929133604),
_mview_route_ralentisseurs.fid-7b1c8a4a_1943c5e84ca_733d,Maritime,Zio,Zio 1,Djagblé,POINT (1.288444350242872 6.250254417541699),
_mview_route_ralentisseurs.fid-7b1c8a4a_1943c5e84ca_733e,Maritime,Zio,Zio 1,Djagblé,POINT (1.2882163789943388 6.250362643872798),
_mview_route_ralentisseurs.fid-7b1c8a4a_1943c5e84ca_733f,Maritime,Zio,Zio 1,Djagblé,POINT (1.2879798424737292 6.25048215188273),
_mview_route_ralentisseurs.fid-7b1c8a4a_1943c5e84ca_7340,Maritime,Zio,Zio 1,Djagblé,POINT (1.2877774852769333 6.2505860510422355),
_mview_route_ralentisseurs.fid-7b1c8a4a_1943c5e84ca_7341,Maritime,Zio,Zio 1,Djagblé,POINT (1.2874004757410205 6.250767281632027),
_mview_route_ralentisseurs.fid-7b1c8a4a_1943c5e84ca_7342,Maritime,Zio,Zio 1,Djagblé,POINT (1.2872077658865584 6.250861621569803),
_mview_route_ralentisseurs.fid-7b1c8a4a_1943c5e84ca_7343,Maritime,Zio,Zio 1,Djagblé,POINT (1.2869685497494499 6.250970356191714),
_mview_route_ralentisseurs.fid-7b1c8a4a_1943c5e84ca_7344,Maritime,Zio,Zio 1,Djagblé,POINT (1.2866203547521693 6.251133311035872),
_mview_route_ralentisseurs.fid-7b1c8a4a_1943c5e84ca_7345,Maritime,Zio,Zio 1,Djagblé,POINT (1.2862896630439016 6.251261344543666),
_mview_route_ralentisseurs.fid-7b1c8a4a_1943c5e84ca_7346,Maritime,Zio,Zio 1,Djagblé,POINT (1.2854248342954655 6.251551880043576),
_mview_route_ralentisseurs.fid-7b1c8a4a_1943c5e84ca_7347,Maritime,Zio,Zio 1,Djagblé,POINT (1.2852351254858214 6.251617092290053),
_mview_route_ralentisseurs.fid-7b1c8a4a_1943c5e84ca_7348,Maritime,Zio,Zio 1,Djagblé,POINT (1.291541825155201 6.245020952513454),
_mview_route_ralentisseurs.fid-7b1c8a4a_1943c5e84ca_7349,Maritime,Zio,Zio 1,Djagblé,POINT (1.2897925136309702 6.2396414240268046),
_mview_route_ralentisseurs.fid-7b1c8a4a_1943c5e84ca_734a,Maritime,Zio,Zio 1,Djagblé,POINT (1.2923609320673843 6.246540616224643),
_mview_route_ralentisseurs.fid-7b1c8a4a_1943c5e84ca_734b,Maritime,Zio,Zio 1,Djagblé,POINT (1.2921572862134554 6.246185812883886),
_mview_route_ralentisseurs.fid-7b1c8a4a_1943c5e84ca_734c,Maritime,Zio,Zio 1,Djagblé,POINT (1.28972045505419 6.239266174448019),
_mview_route_ralentisseurs.fid-7b1c8a4a_1943c5e84ca_734d,Maritime,Zio,Zio 1,Djagblé,POINT (1.2924905595001692 6.246814159416454),
_mview_route_ralentisseurs.fid-7b1c8a4a_1943c5e84ca_734e,Maritime,Zio,Zio 1,Djagblé,POINT (1.284768133171535 6.2457482216835425),
_mview_route_ralentisseurs.fid-7b1c8a4a_1943c5e84ca_734f,Maritime,Zio,Zio 1,Djagblé,POINT (1.2848399999662712 6.245993148040095),
_mview_route_ralentisseurs.fid-7b1c8a4a_1943c5e84ca_7350,Maritime,Zio,Zio 1,Djagblé,POINT (1.2850159134077355 6.246470109310592),
_mview_route_ralentisseurs.fid-7b1c8a4a_1943c5e84ca_7351,Maritime,Zio,Zio 1,Djagblé,POINT (1.2850698141606305 6.246618061369318),
_mview_route_ralentisseurs.fid-7b1c8a4a_1943c5e84ca_7352,Maritime,Zio,Zio 1,Djagblé,POINT (1.285159944271428 6.246893348104977),
_mview_route_ralentisseurs.fid-7b1c8a4a_1943c5e84ca_7353,Maritime,Zio,Zio 1,Djagblé,POINT (1.2854074164110882 6.247734089463783),
_mview_route_ralentisseurs.fid-7b1c8a4a_1943c5e84ca_7354,Maritime,Zio,Zio 1,Djagblé,POINT (1.2855319388945141 6.248151075116176),
_mview_route_ralentisseurs.fid-7b1c8a4a_1943c5e84ca_7355,Maritime,Zio,Zio 1,Djagblé,POINT (1.2855775055211178 6.248299985844863),
_mview_route_ralentisseurs.fid-7b1c8a4a_1943c5e84ca_7356,Maritime,Zio,Zio 1,Djagblé,POINT (1.2862089201523317 6.250404426856509),
_mview_route_ralentisseurs.fid-7b1c8a4a_1943c5e84ca_7357,Maritime,Zio,Zio 1,Djagblé,POINT (1.2848424102687594 6.246000914570313),
_mview_route_ralentisseurs.fid-7b1c8a4a_1943c5e84ca_7358,Maritime,Zio,Zio 1,Djagblé,POINT (1.284761010933688 6.245724761918715),
_mview_route_ralentisseurs.fid-7b1c8a4a_1943c5e84ca_7359,Maritime,Zio,Zio 1,Djagblé,POINT (1.284690408717727 6.245496802277875),
_mview_route_ralentisseurs.fid-7b1c8a4a_1943c5e84ca_735a,Maritime,Zio,Zio 1,Djagblé,POINT (1.284639056752841 6.245315236382394),
_mview_route_ralentisseurs.fid-7b1c8a4a_1943c5e84ca_735b,Maritime,Zio,Zio 1,Djagblé,POINT (1.2636239541149699 6.272584491881526),
_mview_route_ralentisseurs.fid-7b1c8a4a_1943c5e84ca_735c,Maritime,Zio,Zio 1,Djagblé,POINT (1.263632937017061 6.272320049357291),
_mview_route_ralentisseurs.fid-7b1c8a4a_1943c5e84ca_735d,Maritime,Zio,Zio 1,Djagblé,POINT (1.2667782944308863 6.264740207593329),
_mview_route_ralentisseurs.fid-7b1c8a4a_1943c5e84ca_735e,Maritime,Zio,Zio 1,Djagblé,POINT (1.26674868763124 6.264581071046781),
_mview_route_ralentisseurs.fid-7b1c8a4a_1943c5e84ca_735f,Maritime,Zio,Zio 1,Djagblé,POINT (1.2668425983144536 6.265098031389946),
_mview_route_ralentisseurs.fid-7b1c8a4a_1943c5e84ca_7360,Maritime,Zio,Zio 1,Davié,POINT (1.1939425892270865 6.360669739716078),
_mview_route_ralentisseurs.fid-7b1c8a4a_1943c5e84ca_7361,Maritime,Zio,Zio 1,Davié,POINT (1.1937030865515896 6.360756969010702),
_mview_route_ralentisseurs.fid-7b1c8a4a_1943c5e84ca_7362,Maritime,Zio,Zio 1,Davié,POINT (1.2007318751519014 6.35869816702268),
_mview_route_ralentisseurs.fid-7b1c8a4a_1943c5e84ca_7363,Maritime,Zio,Zio 1,Davié,POINT (1.2013624372843696 6.3599705202671375),
_mview_route_ralentisseurs.fid-7b1c8a4a_1943c5e84ca_7364,Maritime,Zio,Zio 1,Davié,POINT (1.2012267234548066 6.359997613020925),
_mview_route_ralentisseurs.fid-7b1c8a4a_1943c5e84ca_7365,Maritime,Zio,Zio 1,Davié,POINT (1.1996880043256948 6.36038473976415),
_mview_route_ralentisseurs.fid-7b1c8a4a_1943c5e84ca_7366,Maritime,Zio,Zio 1,Davié,POINT (1.2030622557195008 6.355701229769751),
_mview_route_ralentisseurs.fid-7b1c8a4a_1943c5e84ca_7367,Maritime,Agoè-Nyivé,Agoè-Nyivé 6,Adétikopé,POINT (1.203147725303705 6.3538818678727536),
_mview_route_ralentisseurs.fid-7b1c8a4a_1943c5e84ca_7368,Maritime,Zio,Zio 1,Davié,POINT (1.1973633681409366 6.356413140108979),
_mview_route_ralentisseurs.fid-7b1c8a4a_1943c5e84ca_7369,Maritime,Zio,Zio 1,Davié,POINT (1.2053391751014777 6.374737492820648),TGRMRRRN1 DAVIE-GOLF CLUB
_mview_route_ralentisseurs.fid-7b1c8a4a_1943c5e84ca_736a,Maritime,Zio,Zio 1,Davié,POINT (1.2002500325085284 6.384985376624544),
_mview_route_ralentisseurs.fid-7b1c8a4a_1943c5e84ca_736b,Maritime,Zio,Zio 1,Davié,POINT (1.202119076055989 6.382629175311441),
_mview_route_ralentisseurs.fid-7b1c8a4a_1943c5e84ca_736c,Maritime,Zio,Zio 1,Davié,POINT (1.2021379632449156 6.38202355953064),
_mview_route_ralentisseurs.fid-7b1c8a4a_1943c5e84ca_736d,Maritime,Zio,Zio 1,Abobo,POINT (1.3097030394089646 6.268021272577869),
_mview_route_ralentisseurs.fid-7b1c8a4a_1943c5e84ca_736e,Maritime,Zio,Zio 1,Abobo,POINT (1.2914569339252704 6.276150674703959),
_mview_route_ralentisseurs.fid-7b1c8a4a_1943c5e84ca_736f,Maritime,Zio,Zio 1,Abobo,POINT (1.2986589312249772 6.28413485052723),
_mview_route_ralentisseurs.fid-7b1c8a4a_1943c5e84ca_7370,Maritime,Zio,Zio 1,Davié,POINT (1.204277772685574 6.383688043876282),
_mview_route_ralentisseurs.fid-7b1c8a4a_1943c5e84ca_7371,Maritime,Zio,Zio 1,Davié,POINT (1.204011892063164 6.383691327544354),
_mview_route_ralentisseurs.fid-7b1c8a4a_1943c5e84ca_7372,Maritime,Zio,Zio 1,Davié,POINT (1.2035088900271376 6.383650649643685),
_mview_route_ralentisseurs.fid-7b1c8a4a_1943c5e84ca_7373,Maritime,Zio,Zio 1,Davié,POINT (1.2036159464637486 6.38365949095302),
_mview_route_ralentisseurs.fid-7b1c8a4a_1943c5e84ca_7374,Maritime,Zio,Zio 1,Davié,POINT (1.2031845337261604 6.383633302031891),
_mview_route_ralentisseurs.fid-7b1c8a4a_1943c5e84ca_7375,Maritime,Zio,Zio 1,Davié,POINT (1.2070436180836446 6.3832060636528185),
_mview_route_ralentisseurs.fid-7b1c8a4a_1943c5e84ca_7376,Maritime,Zio,Zio 1,Davié,POINT (1.2072610509468689 6.383138305890238),
_mview_route_ralentisseurs.fid-7b1c8a4a_1943c5e84ca_7377,Maritime,Zio,Zio 1,Davié,POINT (1.2074357711090746 6.383098432848778),
_mview_route_ralentisseurs.fid-7b1c8a4a_1943c5e84ca_7378,Maritime,Zio,Zio 1,Davié,POINT (1.2031641367625336 6.362427387392593),
_mview_route_ralentisseurs.fid-7b1c8a4a_1943c5e84ca_7379,Maritime,Zio,Zio 1,Abobo,POINT (1.2870150086420153 6.283138819400476),
_mview_route_ralentisseurs.fid-7b1c8a4a_1943c5e84ca_737a,Maritime,Zio,Zio 1,Abobo,POINT (1.286922663878768 6.283063664307822),
_mview_route_ralentisseurs.fid-7b1c8a4a_1943c5e84ca_737b,Maritime,Zio,Zio 1,Abobo,POINT (1.286829910277246 6.282974935200239),
_mview_route_ralentisseurs.fid-7b1c8a4a_1943c5e84ca_737c,Maritime,Zio,Zio 1,Abobo,POINT (1.2959562193061394 6.256659283768282),
_mview_route_ralentisseurs.fid-7b1c8a4a_1943c5e84ca_737d,Maritime,Zio,Zio 1,Abobo,POINT (1.295905397180872 6.2565935589209145),
_mview_route_ralentisseurs.fid-7b1c8a4a_1943c5e84ca_737e,Maritime,Zio,Zio 1,Abobo,POINT (1.3015755339769954 6.276252379492063),
_mview_route_ralentisseurs.fid-7b1c8a4a_1943c5e84ca_737f,Maritime,Zio,Zio 1,Abobo,POINT (1.2929161889357246 6.274278361777937),
_mview_route_ralentisseurs.fid-7b1c8a4a_1943c5e84ca_7380,Maritime,Zio,Zio 1,Tsévié,POINT (1.2077375792773972 6.442388749971861),
_mview_route_ralentisseurs.fid-7b1c8a4a_1943c5e84ca_7381,Maritime,Zio,Zio 1,Tsévié,POINT (1.205272613039562 6.437196017403231),
_mview_route_ralentisseurs.fid-7b1c8a4a_1943c5e84ca_7382,Maritime,Zio,Zio 1,Djagblé,POINT (1.2713493587277478 6.269556821598773),
_mview_route_ralentisseurs.fid-7b1c8a4a_1943c5e84ca_7383,Maritime,Zio,Zio 1,Davié,POINT (1.1864721257962092 6.365598548045006),
_mview_route_ralentisseurs.fid-7b1c8a4a_1943c5e84ca_7384,Maritime,Zio,Zio 1,Davié,POINT (1.1897768639511108 6.377180004881159),
_mview_route_ralentisseurs.fid-7b1c8a4a_1943c5e84ca_7385,Maritime,Zio,Zio 1,Davié,POINT (1.1897656038033801 6.377325853428028),
_mview_route_ralentisseurs.fid-7b1c8a4a_1943c5e84ca_7386,Maritime,Zio,Zio 1,Abobo,POINT (1.3371349565520423 6.235099660570728),
_mview_route_ralentisseurs.fid-7b1c8a4a_1943c5e84ca_7387,Maritime,Zio,Zio 1,Abobo,POINT (1.3363263920920232 6.234386907734589),
_mview_route_ralentisseurs.fid-7b1c8a4a_1943c5e84ca_7388,Maritime,Zio,Zio 1,Abobo,POINT (1.3331783811531241 6.259963195152645),
_mview_route_ralentisseurs.fid-7b1c8a4a_1943c5e84ca_7389,Maritime,Zio,Zio 1,Abobo,POINT (1.2808052100293483 6.2890581413944755),
_mview_route_ralentisseurs.fid-7b1c8a4a_1943c5e84ca_738a,Maritime,Zio,Zio 1,Abobo,POINT (1.2937872997566169 6.261092536625754),
_mview_route_ralentisseurs.fid-7b1c8a4a_1943c5e84ca_738b,Maritime,Zio,Zio 1,Abobo,POINT (1.2950476499555377 6.262178439347159),
_mview_route_ralentisseurs.fid-7b1c8a4a_1943c5e84ca_738c,Maritime,Zio,Zio 1,Abobo,POINT (1.2942546926242997 6.261482259779705),
_mview_route_ralentisseurs.fid-7b1c8a4a_1943c5e84ca_738d,Maritime,Zio,Zio 1,Abobo,POINT (1.2958712117650542 6.262854954288103),
_mview_route_ralentisseurs.fid-7b1c8a4a_1943c5e84ca_738e,Maritime,Zio,Zio 1,Djagblé,POINT (1.2703378596085304 6.265298720849638),
_mview_route_ralentisseurs.fid-7b1c8a4a_1943c5e84ca_738f,Maritime,Zio,Zio 1,Djagblé,POINT (1.2703430038801684 6.2655981501362),
_mview_route_ralentisseurs.fid-7b1c8a4a_1943c5e84ca_7390,Maritime,Zio,Zio 1,Djagblé,POINT (1.2690935194819275 6.26550988220494),
_mview_route_ralentisseurs.fid-7b1c8a4a_1943c5e84ca_7391,Maritime,Zio,Zio 1,Djagblé,POINT (1.2707319057143607 6.264849087655281),
_mview_route_ralentisseurs.fid-7b1c8a4a_1943c5e84ca_7392,Maritime,Zio,Zio 1,Djagblé,POINT (1.2688420102803355 6.265524068936598),
_mview_route_ralentisseurs.fid-7b1c8a4a_1943c5e84ca_7393,Maritime,Zio,Zio 1,Tsévié,POINT (1.2139663429213399 6.429580781857188),
_mview_route_ralentisseurs.fid-7b1c8a4a_1943c5e84ca_7394,Maritime,Zio,Zio 1,Tsévié,POINT (1.214030487422742 6.429951815898749),
_mview_route_ralentisseurs.fid-7b1c8a4a_1943c5e84ca_7395,Maritime,Zio,Zio 1,Tsévié,POINT (1.2153528199014292 6.429647093902588),
_mview_route_ralentisseurs.fid-7b1c8a4a_1943c5e84ca_7396,Maritime,Zio,Zio 1,Tsévié,POINT (1.2148577595543715 6.42778064793397),
_mview_route_ralentisseurs.fid-7b1c8a4a_1943c5e84ca_7397,Maritime,Zio,Zio 1,Davié,POINT (1.1970852749112246 6.380467835944202),
_mview_route_ralentisseurs.fid-7b1c8a4a_1943c5e84ca_7398,Maritime,Zio,Zio 1,Tsévié,POINT (1.2437407892238255 6.429303681461541),
_mview_route_ralentisseurs.fid-7b1c8a4a_1943c5e84ca_7399,Maritime,Zio,Zio 1,Djagblé,POINT (1.2749676466682396 6.2677549966727195),
_mview_route_ralentisseurs.fid-7b1c8a4a_1943c5e84ca_739a,Maritime,Zio,Zio 1,Djagblé,POINT (1.2799914644626664 6.269449316661727),
_mview_route_ralentisseurs.fid-7b1c8a4a_1943c5e84ca_739b,Maritime,Zio,Zio 1,Djagblé,POINT (1.2803193753704585 6.269507967873494),
_mview_route_ralentisseurs.fid-7b1c8a4a_1943c5e84ca_739c,Maritime,Zio,Zio 1,Djagblé,POINT (1.2761117314810524 6.264023267978873),
_mview_route_ralentisseurs.fid-7b1c8a4a_1943c5e84ca_739d,Maritime,Zio,Zio 1,Abobo,POINT (1.3009951513829692 6.2422109116556435),
_mview_route_ralentisseurs.fid-7b1c8a4a_1943c5e84ca_739e,Maritime,Zio,Zio 1,Abobo,POINT (1.3009870839285484 6.242374148959288),
_mview_route_ralentisseurs.fid-7b1c8a4a_1943c5e84ca_739f,Maritime,Zio,Zio 1,Abobo,POINT (1.2997136245165497 6.243233391265384),
_mview_route_ralentisseurs.fid-7b1c8a4a_1943c5e84ca_73a0,Maritime,Zio,Zio 1,Abobo,POINT (1.2999726796027489 6.244101993559266),
_mview_route_ralentisseurs.fid-7b1c8a4a_1943c5e84ca_73a1,Maritime,Zio,Zio 1,Abobo,POINT (1.3000989851169729 6.244042448407785),
_mview_route_ralentisseurs.fid-7b1c8a4a_1943c5e84ca_73a2,Maritime,Zio,Zio 1,Abobo,POINT (1.3002395535443998 6.2439863883933455),
_mview_route_ralentisseurs.fid-7b1c8a4a_1943c5e84ca_73a3,Maritime,Zio,Zio 1,Abobo,POINT (1.2827127650658887 6.275446543683485),
_mview_route_ralentisseurs.fid-7b1c8a4a_1943c5e84ca_73a4,Maritime,Zio,Zio 1,Abobo,POINT (1.2810365968170832 6.279059350307933),
_mview_route_ralentisseurs.fid-7b1c8a4a_1943c5e84ca_73a5,Maritime,Zio,Zio 1,Abobo,POINT (1.3015652616909736 6.263671618158207),
_mview_route_ralentisseurs.fid-7b1c8a4a_1943c5e84ca_73a6,Maritime,Zio,Zio 1,Abobo,POINT (1.3003101499544845 6.264876174507286),
_mview_route_ralentisseurs.fid-7b1c8a4a_1943c5e84ca_73a7,Maritime,Zio,Zio 1,Abobo,POINT (1.3035677809618698 6.261745402690524),
_mview_route_ralentisseurs.fid-7b1c8a4a_1943c5e84ca_73a8,Maritime,Zio,Zio 1,Abobo,POINT (1.303088021730902 6.262259769047102),
_mview_route_ralentisseurs.fid-7b1c8a4a_1943c5e84ca_73a9,Maritime,Zio,Zio 1,Abobo,POINT (1.3040525234856108 6.26116914318637),
_mview_route_ralentisseurs.fid-7b1c8a4a_1943c5e84ca_73aa,Maritime,Zio,Zio 1,Abobo,POINT (1.303894279086813 6.261350476656097),
_mview_route_ralentisseurs.fid-7b1c8a4a_1943c5e84ca_73ab,Maritime,Zio,Zio 1,Abobo,POINT (1.3024958289513975 6.2628236715341155),
_mview_route_ralentisseurs.fid-7b1c8a4a_1943c5e84ca_73ac,Maritime,Zio,Zio 1,Abobo,POINT (1.3026172354133494 6.262718687064008),
_mview_route_ralentisseurs.fid-7b1c8a4a_1943c5e84ca_73ad,Maritime,Zio,Zio 1,Abobo,POINT (1.302747309486462 6.2626012901395),
_mview_route_ralentisseurs.fid-7b1c8a4a_1943c5e84ca_73ae,Maritime,Zio,Zio 1,Abobo,POINT (1.302910826436697 6.262444014269861),
_mview_route_ralentisseurs.fid-7b1c8a4a_1943c5e84ca_73af,Maritime,Zio,Zio 1,Abobo,POINT (1.3020037326558378 6.2632494683181426),
_mview_route_ralentisseurs.fid-7b1c8a4a_1943c5e84ca_73b0,Maritime,Zio,Zio 1,Abobo,POINT (1.302269220892725 6.263019627333873),
_mview_route_ralentisseurs.fid-7b1c8a4a_1943c5e84ca_73b1,Maritime,Zio,Zio 1,Abobo,POINT (1.3023513015662247 6.262948649379067),
_mview_route_ralentisseurs.fid-7b1c8a4a_1943c5e84ca_73b2,Maritime,Zio,Zio 1,Abobo,POINT (1.2958338936315525 6.25352516762464),
_mview_route_ralentisseurs.fid-7b1c8a4a_1943c5e84ca_73b3,Maritime,Zio,Zio 1,Abobo,POINT (1.302219478239329 6.2631141133483785),
_mview_route_ralentisseurs.fid-7b1c8a4a_1943c5e84ca_73b4,Maritime,Zio,Zio 1,Djagblé,POINT (1.2734294810080815 6.2552301371703365),
_mview_route_ralentisseurs.fid-7b1c8a4a_1943c5e84ca_73b5,Maritime,Zio,Zio 1,Djagblé,POINT (1.2723944334846717 6.264759874778014),
_mview_route_ralentisseurs.fid-7b1c8a4a_1943c5e84ca_73b6,Maritime,Zio,Zio 1,Djagblé,POINT (1.2799847097037573 6.251975994685778),
_mview_route_ralentisseurs.fid-7b1c8a4a_1943c5e84ca_73b7,Maritime,Zio,Zio 1,Dalavé,POINT (1.2798904353384142 6.27476946804247),
_mview_route_ralentisseurs.fid-7b1c8a4a_1943c5e84ca_73b8,Maritime,Zio,Zio 1,Tsévié,POINT (1.2260023157709194 6.434835008956629),
_mview_route_ralentisseurs.fid-7b1c8a4a_1943c5e84ca_73b9,Maritime,Zio,Zio 1,Tsévié,POINT (1.2140444992229282 6.435554287474296),
_mview_route_ralentisseurs.fid-7b1c8a4a_1943c5e84ca_73ba,Maritime,Zio,Zio 1,Abobo,POINT (1.2832145545630247 6.2668089857264135),
_mview_route_ralentisseurs.fid-7b1c8a4a_1943c5e84ca_73bb,Maritime,Zio,Zio 1,Abobo,POINT (1.2838681121143298 6.265803168035461),
_mview_route_ralentisseurs.fid-7b1c8a4a_1943c5e84ca_73bc,Maritime,Zio,Zio 1,Abobo,POINT (1.2840035867958572 6.265625271187273),
_mview_route_ralentisseurs.fid-7b1c8a4a_1943c5e84ca_73bd,Maritime,Zio,Zio 1,Abobo,POINT (1.285872015259088 6.267466386829035),
_mview_route_ralentisseurs.fid-7b1c8a4a_1943c5e84ca_73be,Maritime,Zio,Zio 1,Abobo,POINT (1.2852281328356248 6.268476902917895),
_mview_route_ralentisseurs.fid-7b1c8a4a_1943c5e84ca_73bf,Maritime,Zio,Zio 1,Davié,POINT (1.209066188546293 6.374213828562923),
_mview_route_ralentisseurs.fid-7b1c8a4a_1943c5e84ca_73c0,Maritime,Zio,Zio 1,Davié,POINT (1.2090373979202533 6.374202512048074),
_mview_route_ralentisseurs.fid-7b1c8a4a_1943c5e84ca_73c1,Maritime,Zio,Zio 1,Davié,POINT (1.2098336237462113 6.373018473749297),
_mview_route_ralentisseurs.fid-7b1c8a4a_1943c5e84ca_73c2,Maritime,Zio,Zio 1,Davié,POINT (1.2097816822267946 6.373188596917243),
_mview_route_ralentisseurs.fid-7b1c8a4a_1943c5e84ca_73c3,Maritime,Zio,Zio 1,Davié,POINT (1.209758730553121 6.373270636944166),
_mview_route_ralentisseurs.fid-7b1c8a4a_1943c5e84ca_73c4,Maritime,Zio,Zio 1,Davié,POINT (1.2097285666234734 6.373378700875775),
_mview_route_ralentisseurs.fid-7b1c8a4a_1943c5e84ca_73c5,Maritime,Zio,Zio 1,Tsévié,POINT (1.213081401769731 6.421621229441237),
_mview_route_ralentisseurs.fid-7b1c8a4a_1943c5e84ca_73c6,Maritime,Zio,Zio 1,Tsévié,POINT (1.2203412849173052 6.437516389559828),
_mview_route_ralentisseurs.fid-7b1c8a4a_1943c5e84ca_73c7,Maritime,Zio,Zio 1,Tsévié,POINT (1.2213256904358727 6.433192735021006),
_mview_route_ralentisseurs.fid-7b1c8a4a_1943c5e84ca_73c8,Maritime,Zio,Zio 1,Tsévié,POINT (1.2217981415994992 6.433229176263076),
_mview_route_ralentisseurs.fid-7b1c8a4a_1943c5e84ca_73c9,Maritime,Zio,Zio 1,Tsévié,POINT (1.218853254760135 6.438426993338916),
_mview_route_ralentisseurs.fid-7b1c8a4a_1943c5e84ca_73ca,Maritime,Zio,Zio 1,Tsévié,POINT (1.2215293788808013 6.434544291957072),
_mview_route_ralentisseurs.fid-7b1c8a4a_1943c5e84ca_73cb,Maritime,Zio,Zio 1,Dalavé,POINT (1.2760151201096077 6.27624801381477),
_mview_route_ralentisseurs.fid-7b1c8a4a_1943c5e84ca_73cc,Maritime,Zio,Zio 1,Dalavé,POINT (1.2770228875376297 6.280947551604634),
_mview_route_ralentisseurs.fid-7b1c8a4a_1943c5e84ca_73cd,Maritime,Zio,Zio 1,Davié,POINT (1.2035194984430948 6.3841341384720245),
_mview_route_ralentisseurs.fid-7b1c8a4a_1943c5e84ca_73ce,Maritime,Zio,Zio 1,Davié,POINT (1.2075343129792218 6.375200447938705),
_mview_route_ralentisseurs.fid-7b1c8a4a_1943c5e84ca_73cf,Maritime,Zio,Zio 1,Davié,POINT (1.208112335120223 6.375344399886517),
_mview_route_ralentisseurs.fid-7b1c8a4a_1943c5e84ca_73d0,Maritime,Zio,Zio 1,Tsévié,POINT (1.217358932780853 6.4119703011606894),
_mview_route_ralentisseurs.fid-7b1c8a4a_1943c5e84ca_73d1,Maritime,Zio,Zio 1,Tsévié,POINT (1.217300292994554 6.41191449205432),
_mview_route_ralentisseurs.fid-7b1c8a4a_1943c5e84ca_73d2,Maritime,Zio,Zio 1,Tsévié,POINT (1.2133851658884773 6.417687881257622),
_mview_route_ralentisseurs.fid-7b1c8a4a_1943c5e84ca_73d3,Maritime,Zio,Zio 1,Davié,POINT (1.2074701673238752 6.377531602818074),
_mview_route_ralentisseurs.fid-7b1c8a4a_1943c5e84ca_73d4,Maritime,Zio,Zio 1,Davié,POINT (1.2130682328373688 6.379185029311324),
_mview_route_ralentisseurs.fid-7b1c8a4a_1943c5e84ca_73d5,Maritime,Zio,Zio 1,Davié,POINT (1.2132892850208061 6.37911545388186),
_mview_route_ralentisseurs.fid-7b1c8a4a_1943c5e84ca_73d6,Maritime,Zio,Zio 1,Davié,POINT (1.2053570991341571 6.382926460405948),
_mview_route_ralentisseurs.fid-7b1c8a4a_1943c5e84ca_73d7,Maritime,Zio,Zio 1,Davié,POINT (1.2053686331985538 6.38300986056376),
_mview_route_ralentisseurs.fid-7b1c8a4a_1943c5e84ca_73d8,Maritime,Zio,Zio 1,Tsévié,POINT (1.199252326564542 6.4071527220812605),
_mview_route_ralentisseurs.fid-7b1c8a4a_1943c5e84ca_73d9,Maritime,Zio,Zio 1,Tsévié,POINT (1.2018653618733655 6.4124657867100705),
_mview_route_ralentisseurs.fid-7b1c8a4a_1943c5e84ca_73da,Maritime,Zio,Zio 1,Tsévié,POINT (1.2033074172560447 6.4089740373802195),
_mview_route_ralentisseurs.fid-7b1c8a4a_1943c5e84ca_73db,Maritime,Zio,Zio 1,Tsévié,POINT (1.2130589522734563 6.407365554224199),
_mview_route_ralentisseurs.fid-7b1c8a4a_1943c5e84ca_73dc,Maritime,Zio,Zio 1,Tsévié,POINT (1.2080527048722882 6.410825587702252),
_mview_route_ralentisseurs.fid-7b1c8a4a_1943c5e84ca_73dd,Maritime,Zio,Zio 1,Tsévié,POINT (1.2081562756351856 6.41079988127548),
_mview_route_ralentisseurs.fid-7b1c8a4a_1943c5e84ca_73de,Maritime,Zio,Zio 1,Tsévié,POINT (1.207985629841529 6.410842235817347),
_mview_route_ralentisseurs.fid-7b1c8a4a_1943c5e84ca_73df,Maritime,Zio,Zio 1,Tsévié,POINT (1.2088345980306434 6.413531457698299),
_mview_route_ralentisseurs.fid-7b1c8a4a_1943c5e84ca_73e0,Maritime,Zio,Zio 1,Abobo,POINT (1.2809526441266077 6.2854470493212595),
_mview_route_ralentisseurs.fid-7b1c8a4a_1943c5e84ca_73e1,Maritime,Zio,Zio 1,Abobo,POINT (1.2811385421973436 6.285228816340409),
_mview_route_ralentisseurs.fid-7b1c8a4a_1943c5e84ca_73e2,Maritime,Zio,Zio 1,Abobo,POINT (1.281773474763019 6.28419600258826),
_mview_route_ralentisseurs.fid-7b1c8a4a_1943c5e84ca_73e3,Maritime,Zio,Zio 1,Abobo,POINT (1.2819663938147934 6.283879125546192),
_mview_route_ralentisseurs.fid-7b1c8a4a_1943c5e84ca_73e4,Maritime,Zio,Zio 1,Abobo,POINT (1.288466808152418 6.272727132750171),
_mview_route_ralentisseurs.fid-7b1c8a4a_1943c5e84ca_73e5,Maritime,Zio,Zio 1,Abobo,POINT (1.2770672008302575 6.289629477659975),
_mview_route_ralentisseurs.fid-7b1c8a4a_1943c5e84ca_73e6,Maritime,Zio,Zio 1,Dalavé,POINT (1.2737101260978543 6.29319371933677),
_mview_route_ralentisseurs.fid-7b1c8a4a_1943c5e84ca_73e7,Maritime,Zio,Zio 1,Dalavé,POINT (1.2736457144162363 6.293255797321438),
_mview_route_ralentisseurs.fid-7b1c8a4a_1943c5e84ca_73e8,Maritime,Zio,Zio 1,Dalavé,POINT (1.273553585233339 6.2933445885290435),
_mview_route_ralentisseurs.fid-7b1c8a4a_1943c5e84ca_73e9,Maritime,Zio,Zio 1,Davié,POINT (1.196106692593971 6.37463020276879),
_mview_route_ralentisseurs.fid-7b1c8a4a_1943c5e84ca_73ea,Maritime,Agoè-Nyivé,Agoè-Nyivé 1,Agoè-Nyivé,POINT (1.1962404046171908 6.211375756568991),COUR D'APPEL-CARREFOUR COOPECFI
_mview_route_ralentisseurs.fid-7b1c8a4a_1943c5e84ca_73eb,Maritime,Agoè-Nyivé,Agoè-Nyivé 1,Agoè-Nyivé,POINT (1.1971329753790052 6.215030087745413),COUR D'APPEL-CARREFOUR COOPECFI
_mview_route_ralentisseurs.fid-7b1c8a4a_1943c5e84ca_73ec,Maritime,Agoè-Nyivé,Agoè-Nyivé 1,Agoè-Nyivé,POINT (1.196179325215347 6.211127367011875),COUR D'APPEL-CARREFOUR COOPECFI
_mview_route_ralentisseurs.fid-7b1c8a4a_1943c5e84ca_73ed,Maritime,Agoè-Nyivé,Agoè-Nyivé 1,Agoè-Nyivé,POINT (1.1961734223356613 6.211103361963675),COUR D'APPEL-CARREFOUR COOPECFI
_mview_route_ralentisseurs.fid-7b1c8a4a_1943c5e84ca_73ee,Maritime,Agoè-Nyivé,Agoè-Nyivé 1,Agoè-Nyivé,POINT (1.1962481369567093 6.211407201408134),COUR D'APPEL-CARREFOUR COOPECFI
_mview_route_ralentisseurs.fid-7b1c8a4a_1943c5e84ca_73ef,Maritime,Agoè-Nyivé,Agoè-Nyivé 1,Agoè-Nyivé,POINT (1.196255866008459 6.211437983150233),COUR D'APPEL-CARREFOUR COOPECFI
_mview_route_ralentisseurs.fid-7b1c8a4a_1943c5e84ca_73f0,Maritime,Agoè-Nyivé,Agoè-Nyivé 1,Agoè-Nyivé,POINT (1.2080992527960375 6.247345129899828),AGOE DEMAKPOE
_mview_route_ralentisseurs.fid-7b1c8a4a_1943c5e84ca_73f1,Maritime,Agoè-Nyivé,Agoè-Nyivé 1,Agoè-Nyivé,POINT (1.2081158128342124 6.247089641981527),AGOE DEMAKPOE
_mview_route_ralentisseurs.fid-7b1c8a4a_1943c5e84ca_73f2,Maritime,Agoè-Nyivé,Agoè-Nyivé 1,Agoè-Nyivé,POINT (1.2081433783183697 6.24682719375037),AGOE DEMAKPOE
_mview_route_ralentisseurs.fid-7b1c8a4a_1943c5e84ca_73f3,Maritime,Agoè-Nyivé,Agoè-Nyivé 1,Agoè-Nyivé,POINT (1.2081655969414384 6.246567586722599),AGOE DEMAKPOE
_mview_route_ralentisseurs.fid-7b1c8a4a_1943c5e84ca_73f4,Maritime,Agoè-Nyivé,Agoè-Nyivé 1,Agoè-Nyivé,POINT (1.205805534162942 6.242877978695711),AGOE DEMAKPOE
_mview_route_ralentisseurs.fid-7b1c8a4a_1943c5e84ca_73f5,Maritime,Agoè-Nyivé,Agoè-Nyivé 1,Agoè-Nyivé,POINT (1.2055187194943051 6.244632323752659),AGOE DEMAKPOE
_mview_route_ralentisseurs.fid-7b1c8a4a_1943c5e84ca_73f6,Maritime,Agoè-Nyivé,Agoè-Nyivé 1,Agoè-Nyivé,POINT (1.2054902692656524 6.244836055759674),AGOE DEMAKPOE
_mview_route_ralentisseurs.fid-7b1c8a4a_1943c5e84ca_73f7,Maritime,Agoè-Nyivé,Agoè-Nyivé 1,Agoè-Nyivé,POINT (1.2074714877830433 6.2473454846079175),AGOE DEMAKPOE
_mview_route_ralentisseurs.fid-7b1c8a4a_1943c5e84ca_73f8,Maritime,Agoè-Nyivé,Agoè-Nyivé 1,Agoè-Nyivé,POINT (1.207757502129662 6.247254266382792),AGOE DEMAKPOE
_mview_route_ralentisseurs.fid-7b1c8a4a_1943c5e84ca_73f9,Maritime,Agoè-Nyivé,Agoè-Nyivé 1,Agoè-Nyivé,POINT (1.163672180259581 6.257012852657848),SOGBOSSITO
_mview_route_ralentisseurs.fid-7b1c8a4a_1943c5e84ca_73fa,Maritime,Agoè-Nyivé,Agoè-Nyivé 1,Agoè-Nyivé,POINT (1.2081429093811102 6.236031524617208),AGOE ATCHANVE
_mview_route_ralentisseurs.fid-7b1c8a4a_1943c5e84ca_73fb,Maritime,Agoè-Nyivé,Agoè-Nyivé 1,Agoè-Nyivé,POINT (1.2086199030631566 6.236037334612592),AGOE ATCHANVE
_mview_route_ralentisseurs.fid-7b1c8a4a_1943c5e84ca_73fc,Maritime,Agoè-Nyivé,Agoè-Nyivé 1,Agoè-Nyivé,POINT (1.2088748627554198 6.2360386454916314),AGOE ATCHANVE
_mview_route_ralentisseurs.fid-7b1c8a4a_1943c5e84ca_73fd,Maritime,Agoè-Nyivé,Agoè-Nyivé 1,Agoè-Nyivé,POINT (1.168019567091953 6.238558711899916),AGOE LOGOPE
_mview_route_ralentisseurs.fid-7b1c8a4a_1943c5e84ca_73fe,Maritime,Agoè-Nyivé,Agoè-Nyivé 1,Agoè-Nyivé,POINT (1.2133151232794688 6.232339061421508),ATSAVE 
_mview_route_ralentisseurs.fid-7b1c8a4a_1943c5e84ca_73ff,Maritime,Agoè-Nyivé,Agoè-Nyivé 1,Agoè-Nyivé,POINT (1.2129333435562735 6.232341613478903),ATSAVE 
_mview_route_ralentisseurs.fid-7b1c8a4a_1943c5e84ca_7400,Maritime,Agoè-Nyivé,Agoè-Nyivé 1,Agoè-Nyivé,POINT (1.212593005608946 6.232300494217409),ATSANVE 
_mview_route_ralentisseurs.fid-7b1c8a4a_1943c5e84ca_7401,Maritime,Agoè-Nyivé,Agoè-Nyivé 1,Agoè-Nyivé,POINT (1.2112399984506792 6.225481631342097),ATSANVE-ORAKIS 
_mview_route_ralentisseurs.fid-7b1c8a4a_1943c5e84ca_7402,Maritime,Agoè-Nyivé,Agoè-Nyivé 1,Agoè-Nyivé,POINT (1.2112368101251987 6.224283749408046),ATSANVE-ORAKIS 
_mview_route_ralentisseurs.fid-7b1c8a4a_1943c5e84ca_7403,Maritime,Agoè-Nyivé,Agoè-Nyivé 1,Agoè-Nyivé,POINT (1.2112451903749264 6.2241937527021785),ATSANVE-ORAKIS 
_mview_route_ralentisseurs.fid-7b1c8a4a_1943c5e84ca_7404,Maritime,Agoè-Nyivé,Agoè-Nyivé 1,Agoè-Nyivé,POINT (1.1864546673395544 6.243949535768327),CAMP FIR-ANOKUI 
_mview_route_ralentisseurs.fid-7b1c8a4a_1943c5e84ca_7405,Maritime,Agoè-Nyivé,Agoè-Nyivé 1,Agoè-Nyivé,POINT (1.1821665395025194 6.214556978104644),AGOE TELESSOU
_mview_route_ralentisseurs.fid-7b1c8a4a_1943c5e84ca_7406,Maritime,Agoè-Nyivé,Agoè-Nyivé 1,Agoè-Nyivé,POINT (1.1827781112344933 6.214811167537885),TELESSOU
_mview_route_ralentisseurs.fid-7b1c8a4a_1943c5e84ca_7407,Maritime,Agoè-Nyivé,Agoè-Nyivé 1,Agoè-Nyivé,POINT (1.1835508901437126 6.214152020112647),TELESSOU
_mview_route_ralentisseurs.fid-7b1c8a4a_1943c5e84ca_7408,Maritime,Agoè-Nyivé,Agoè-Nyivé 1,Agoè-Nyivé,POINT (1.1836793224791855 6.214037343683213),TELESSOU
_mview_route_ralentisseurs.fid-7b1c8a4a_1943c5e84ca_7409,Maritime,Agoè-Nyivé,Agoè-Nyivé 1,Agoè-Nyivé,POINT (1.1837463266977668 6.213976049923909),TELESSOU
_mview_route_ralentisseurs.fid-7b1c8a4a_1943c5e84ca_740a,Maritime,Agoè-Nyivé,Agoè-Nyivé 1,Agoè-Nyivé,POINT (1.1833931897955392 6.2138542702379915),AGOE TELESSOU
_mview_route_ralentisseurs.fid-7b1c8a4a_1943c5e84ca_740b,Maritime,Agoè-Nyivé,Agoè-Nyivé 1,Agoè-Nyivé,POINT (1.1833641726949742 6.21381563563744),AGOE TELESSOU
_mview_route_ralentisseurs.fid-7b1c8a4a_1943c5e84ca_740c,Maritime,Agoè-Nyivé,Agoè-Nyivé 1,Agoè-Nyivé,POINT (1.182684159808569 6.213002943206129),AGOE TELESSOU
_mview_route_ralentisseurs.fid-7b1c8a4a_1943c5e84ca_740d,Maritime,Agoè-Nyivé,Agoè-Nyivé 1,Agoè-Nyivé,POINT (1.1953570339642599 6.204493156197441),QUARTIER CACAVELI-QUARTIER CACAVELI MARCHÉ 
_mview_route_ralentisseurs.fid-7b1c8a4a_1943c5e84ca_740e,Maritime,Agoè-Nyivé,Agoè-Nyivé 1,Agoè-Nyivé,POINT (1.1905667468703025 6.240572250610748),AGOE FIOVI
_mview_route_ralentisseurs.fid-7b1c8a4a_1943c5e84ca_740f,Maritime,Agoè-Nyivé,Agoè-Nyivé 1,Agoè-Nyivé,POINT (1.190791797008839 6.240822200286857),AGOE FIOVI
_mview_route_ralentisseurs.fid-7b1c8a4a_1943c5e84ca_7410,Maritime,Agoè-Nyivé,Agoè-Nyivé 1,Agoè-Nyivé,POINT (1.2076825751655451 6.202472635624539),CACAVELI-BOULEVARD GNANSSIBGÉ 
_mview_route_ralentisseurs.fid-7b1c8a4a_1943c5e84ca_7411,Maritime,Agoè-Nyivé,Agoè-Nyivé 1,Agoè-Nyivé,POINT (1.2072972631260381 6.202449625732643),CACAVELI-BOULEVARD GNANSSIBGÉ 
_mview_route_ralentisseurs.fid-7b1c8a4a_1943c5e84ca_7412,Maritime,Agoè-Nyivé,Agoè-Nyivé 1,Agoè-Nyivé,POINT (1.2056531414543576 6.201473879688257),CACAVELI-BOULEVARD AGBALEPEDOGAN 
_mview_route_ralentisseurs.fid-7b1c8a4a_1943c5e84ca_7413,Maritime,Agoè-Nyivé,Agoè-Nyivé 1,Agoè-Nyivé,POINT (1.203854826949886 6.19838627320573),CACAVELI-BOULEVARD AGBALEPEDOGAN 
_mview_route_ralentisseurs.fid-7b1c8a4a_1943c5e84ca_7414,Maritime,Agoè-Nyivé,Agoè-Nyivé 1,Agoè-Nyivé,POINT (1.2042901337394798 6.199152730186584),CACAVELI-BOULEVARD AGBALEPEDOGAN 
_mview_route_ralentisseurs.fid-7b1c8a4a_1943c5e84ca_7415,Maritime,Agoè-Nyivé,Agoè-Nyivé 1,Agoè-Nyivé,POINT (1.2050894136342511 6.200513732941964),CACAVELI-BOULEVARD AGBALEPEDOGAN 
_mview_route_ralentisseurs.fid-7b1c8a4a_1943c5e84ca_7416,Maritime,Agoè-Nyivé,Agoè-Nyivé 1,Agoè-Nyivé,POINT (1.1799289798285078 6.254984722100098),AHONKPE 
_mview_route_ralentisseurs.fid-7b1c8a4a_1943c5e84ca_7417,Maritime,Agoè-Nyivé,Agoè-Nyivé 1,Agoè-Nyivé,POINT (1.1802247090279154 6.255373406394212),AHONKPE 
_mview_route_ralentisseurs.fid-7b1c8a4a_1943c5e84ca_7418,Savanes,Cinkassé,Cinkassé 1,Gouloungoussi,POINT (-0.1057940105717735 11.117751109941356),
_mview_route_ralentisseurs.fid-7b1c8a4a_1943c5e84ca_7419,Maritime,Agoè-Nyivé,Agoè-Nyivé 1,Agoè-Nyivé,POINT (1.1807634239436038 6.256081026446444),AHONKPE 
_mview_route_ralentisseurs.fid-7b1c8a4a_1943c5e84ca_741a,Maritime,Agoè-Nyivé,Agoè-Nyivé 1,Agoè-Nyivé,POINT (1.1808999887831975 6.256260402876403),AHONKPE 
_mview_route_ralentisseurs.fid-7b1c8a4a_1943c5e84ca_741b,Maritime,Agoè-Nyivé,Agoè-Nyivé 1,Agoè-Nyivé,POINT (1.17965877035101 6.256203807003509),AHONKPE 
_mview_route_ralentisseurs.fid-7b1c8a4a_1943c5e84ca_741c,Maritime,Agoè-Nyivé,Agoè-Nyivé 1,Agoè-Nyivé,POINT (1.1965393779520939 6.254421271155843),CAMP FIR-ZONGO
_mview_route_ralentisseurs.fid-7b1c8a4a_1943c5e84ca_741d,Maritime,Agoè-Nyivé,Agoè-Nyivé 1,Agoè-Nyivé,POINT (1.2085704994186108 6.208714537140493),AGOE ZONGO-AGOE GTA
_mview_route_ralentisseurs.fid-7b1c8a4a_1943c5e84ca_741e,Maritime,Agoè-Nyivé,Agoè-Nyivé 1,Agoè-Nyivé,POINT (1.1896353222223381 6.208018666904111),BOULEVARD CEDEAO 
_mview_route_ralentisseurs.fid-7b1c8a4a_1943c5e84ca_741f,Maritime,Agoè-Nyivé,Agoè-Nyivé 1,Agoè-Nyivé,POINT (1.1897727688307906 6.207571629487662),BOULEVARD CEDEAO 
_mview_route_ralentisseurs.fid-7b1c8a4a_1943c5e84ca_7420,Maritime,Agoè-Nyivé,Agoè-Nyivé 1,Agoè-Nyivé,POINT (1.189828506086014 6.207387291273745),BOULEVARD CEDEAO 
_mview_route_ralentisseurs.fid-7b1c8a4a_1943c5e84ca_7421,Maritime,Agoè-Nyivé,Agoè-Nyivé 1,Agoè-Nyivé,POINT (1.1898423725232259 6.207341699416682),BOULEVARD CEDEAO 
_mview_route_ralentisseurs.fid-7b1c8a4a_1943c5e84ca_7422,Maritime,Agoè-Nyivé,Agoè-Nyivé 1,Agoè-Nyivé,POINT (1.1898522570192922 6.207309199890686),BOULEVARD CEDEAO 
_mview_route_ralentisseurs.fid-7b1c8a4a_1943c5e84ca_7423,Maritime,Agoè-Nyivé,Agoè-Nyivé 1,Agoè-Nyivé,POINT (1.1899203868328514 6.207085193697271),BOULEVARD CEDEAO 
_mview_route_ralentisseurs.fid-7b1c8a4a_1943c5e84ca_7424,Maritime,Agoè-Nyivé,Agoè-Nyivé 2,Légbassito,POINT (1.1648675313531567 6.2615132071943975),VOIX EXPRESS DE LA CEDEAO-QUARTIER BELGIQUE 
_mview_route_ralentisseurs.fid-7b1c8a4a_1943c5e84ca_7425,Maritime,Agoè-Nyivé,Agoè-Nyivé 2,Légbassito,POINT (1.1670129487165057 6.263278134655534),VOIX EXPRESS DE LA CEDEAO-QUARTIER BELGIQUE 
_mview_route_ralentisseurs.fid-7b1c8a4a_1943c5e84ca_7426,Maritime,Agoè-Nyivé,Agoè-Nyivé 2,Légbassito,POINT (1.1674323302795286 6.26397413241089),VOIX EXPRESS DE LA CEDEAO-QUARTIER BELGIQUE 
_mview_route_ralentisseurs.fid-7b1c8a4a_1943c5e84ca_7427,Maritime,Agoè-Nyivé,Agoè-Nyivé 2,Légbassito,POINT (1.167929610345153 6.264735374523833),VOIX EXPRESS DE LA CEDEAO-QUARTIER BELGIQUE 
_mview_route_ralentisseurs.fid-7b1c8a4a_1943c5e84ca_7428,Maritime,Agoè-Nyivé,Agoè-Nyivé 2,Légbassito,POINT (1.1691817232883412 6.266587641621385),VOIX EXPRESS DE LA CEDEAO-QUARTIER BELGIQUE 
_mview_route_ralentisseurs.fid-7b1c8a4a_1943c5e84ca_7429,Maritime,Agoè-Nyivé,Agoè-Nyivé 2,Légbassito,POINT (1.1711144130150812 6.297800415929507),BELGIQUE 2 
_mview_route_ralentisseurs.fid-7b1c8a4a_1943c5e84ca_742a,Maritime,Agoè-Nyivé,Agoè-Nyivé 2,Légbassito,POINT (1.1647951799453127 6.270171915082675),QUARTIER BELGIQUE 1-LEGBASSITO 
_mview_route_ralentisseurs.fid-7b1c8a4a_1943c5e84ca_742b,Maritime,Agoè-Nyivé,Agoè-Nyivé 2,Légbassito,POINT (1.1675414725889823 6.274654038819648),AMEDEKAKOPE 
_mview_route_ralentisseurs.fid-7b1c8a4a_1943c5e84ca_742c,Maritime,Agoè-Nyivé,Agoè-Nyivé 2,Légbassito,POINT (1.1675921092401391 6.274643911501729),AMEDEKAKOPE 
_mview_route_ralentisseurs.fid-7b1c8a4a_1943c5e84ca_742d,Maritime,Agoè-Nyivé,Agoè-Nyivé 2,Légbassito,POINT (1.1688953490447596 6.274361788132595),AMEDEKAKOPE 
_mview_route_ralentisseurs.fid-7b1c8a4a_1943c5e84ca_742e,Maritime,Agoè-Nyivé,Agoè-Nyivé 2,Légbassito,POINT (1.16482957752839 6.279325831584337),BELGIQUE 1 
_mview_route_ralentisseurs.fid-7b1c8a4a_1943c5e84ca_742f,Savanes,Cinkassé,Cinkassé 2,Timbou,POINT (0.1173500563091069 11.018201686714693),
_mview_route_ralentisseurs.fid-7b1c8a4a_1943c5e84ca_7430,Maritime,Agoè-Nyivé,Agoè-Nyivé 2,Légbassito,POINT (1.162265654831362 6.274547194896257),BELGIQUE 2 
_mview_route_ralentisseurs.fid-7b1c8a4a_1943c5e84ca_7431,Maritime,Agoè-Nyivé,Agoè-Nyivé 2,Légbassito,POINT (1.1673949546550793 6.275375227659454),BELGIQUE 2 
_mview_route_ralentisseurs.fid-7b1c8a4a_1943c5e84ca_7432,Maritime,Agoè-Nyivé,Agoè-Nyivé 2,Légbassito,POINT (1.1542133320827281 6.275921697733555),QUARTIER SÉNOUKOPÉ
_mview_route_ralentisseurs.fid-7b1c8a4a_1943c5e84ca_7433,Maritime,Agoè-Nyivé,Agoè-Nyivé 3,Vakpossito,POINT (1.1751210292573517 6.218769204727094),TELESSOU1
_mview_route_ralentisseurs.fid-7b1c8a4a_1943c5e84ca_7434,Maritime,Agoè-Nyivé,Agoè-Nyivé 3,Vakpossito,POINT (1.1751855995632676 6.218840023424169),TELESSOU1
_mview_route_ralentisseurs.fid-7b1c8a4a_1943c5e84ca_7435,Maritime,Agoè-Nyivé,Agoè-Nyivé 3,Vakpossito,POINT (1.175231145833428 6.218889977139423),TELESSOU1
_mview_route_ralentisseurs.fid-7b1c8a4a_1943c5e84ca_7436,Maritime,Agoè-Nyivé,Agoè-Nyivé 3,Vakpossito,POINT (1.1697282534483058 6.2260458790103534),TELESSOU
_mview_route_ralentisseurs.fid-7b1c8a4a_1943c5e84ca_7437,Maritime,Agoè-Nyivé,Agoè-Nyivé 3,Vakpossito,POINT (1.1583417663619058 6.230570089540208),AGOE DALIME
_mview_route_ralentisseurs.fid-7b1c8a4a_1943c5e84ca_7438,Maritime,Agoè-Nyivé,Agoè-Nyivé 4,Togblekope,POINT (1.2231415568471662 6.268979556124117),TOGBELE
_mview_route_ralentisseurs.fid-7b1c8a4a_1943c5e84ca_7439,Maritime,Agoè-Nyivé,Agoè-Nyivé 4,Togblekope,POINT (1.218498890923919 6.268986120209118),AGOE ZONGO 
_mview_route_ralentisseurs.fid-7b1c8a4a_1943c5e84ca_743a,Maritime,Agoè-Nyivé,Agoè-Nyivé 4,Togblekope,POINT (1.2176260088852646 6.268318471419155),AGOE ZONGO 
_mview_route_ralentisseurs.fid-7b1c8a4a_1943c5e84ca_743b,Maritime,Agoè-Nyivé,Agoè-Nyivé 4,Togblekope,POINT (1.2171986749302184 6.268439657849606),AGOE ZONGO 
_mview_route_ralentisseurs.fid-7b1c8a4a_1943c5e84ca_743c,Maritime,Agoè-Nyivé,Agoè-Nyivé 4,Togblekope,POINT (1.2165914442022092 6.268610555630673),AGOE ZONGO 
_mview_route_ralentisseurs.fid-7b1c8a4a_1943c5e84ca_743d,Maritime,Agoè-Nyivé,Agoè-Nyivé 4,Togblekope,POINT (1.2225174645052344 6.2579629078137655),AGOE FIRKPI 
_mview_route_ralentisseurs.fid-7b1c8a4a_1943c5e84ca_743e,Maritime,Agoè-Nyivé,Agoè-Nyivé 4,Togblekope,POINT (1.1876232981766939 6.287541758942684),ALINKA-NIMA
_mview_route_ralentisseurs.fid-7b1c8a4a_1943c5e84ca_743f,Maritime,Agoè-Nyivé,Agoè-Nyivé 4,Togblekope,POINT (1.1875583445650912 6.288679009906809),ALINKA-NIMA
_mview_route_ralentisseurs.fid-7b1c8a4a_1943c5e84ca_7440,Maritime,Agoè-Nyivé,Agoè-Nyivé 4,Togblekope,POINT (1.1877050998124274 6.291130606716326),ALINKA-NIMA
_mview_route_ralentisseurs.fid-7b1c8a4a_1943c5e84ca_7441,Maritime,Agoè-Nyivé,Agoè-Nyivé 4,Togblekope,POINT (1.190053739467596 6.28029040158654),ALINKA-NIMA
_mview_route_ralentisseurs.fid-7b1c8a4a_1943c5e84ca_7442,Maritime,Agoè-Nyivé,Agoè-Nyivé 4,Togblekope,POINT (1.1812325902030618 6.280584054956812),ALINKA 
_mview_route_ralentisseurs.fid-7b1c8a4a_1943c5e84ca_7443,Maritime,Agoè-Nyivé,Agoè-Nyivé 4,Togblekope,POINT (1.1810318648022917 6.279592703910619),ALINKA 
_mview_route_ralentisseurs.fid-7b1c8a4a_1943c5e84ca_7444,Maritime,Agoè-Nyivé,Agoè-Nyivé 4,Togblekope,POINT (1.1813904740988368 6.281511614287103),ALINKA 
_mview_route_ralentisseurs.fid-7b1c8a4a_1943c5e84ca_7445,Maritime,Agoè-Nyivé,Agoè-Nyivé 4,Togblekope,POINT (1.1849614728704565 6.2826119267414215),ALINKA 
_mview_route_ralentisseurs.fid-7b1c8a4a_1943c5e84ca_7446,Maritime,Agoè-Nyivé,Agoè-Nyivé 4,Togblekope,POINT (1.186971972741779 6.281374263709039),ALINKA 
_mview_route_ralentisseurs.fid-7b1c8a4a_1943c5e84ca_7447,Maritime,Agoè-Nyivé,Agoè-Nyivé 4,Togblekope,POINT (1.2051342227573396 6.274046175191871),ALINKA-HOPITAL TOGBLE 
_mview_route_ralentisseurs.fid-7b1c8a4a_1943c5e84ca_7448,Maritime,Agoè-Nyivé,Agoè-Nyivé 4,Togblekope,POINT (1.196779662427411 6.2711848179493375),TOGBELE 
_mview_route_ralentisseurs.fid-7b1c8a4a_1943c5e84ca_7449,Maritime,Agoè-Nyivé,Agoè-Nyivé 4,Togblekope,POINT (1.2025049586968004 6.26991492959817),TOGBELE 
_mview_route_ralentisseurs.fid-7b1c8a4a_1943c5e84ca_744a,Maritime,Agoè-Nyivé,Agoè-Nyivé 4,Togblekope,POINT (1.189838980613976 6.288343411550912),ALINKA 
_mview_route_ralentisseurs.fid-7b1c8a4a_1943c5e84ca_744b,Maritime,Agoè-Nyivé,Agoè-Nyivé 4,Togblekope,POINT (1.189876748329088 6.2901090182615675),ALINKA 
_mview_route_ralentisseurs.fid-7b1c8a4a_1943c5e84ca_744c,Maritime,Agoè-Nyivé,Agoè-Nyivé 4,Togblekope,POINT (1.1895050513565093 6.2886209223698675),ALINKA 
_mview_route_ralentisseurs.fid-7b1c8a4a_1943c5e84ca_744d,Maritime,Agoè-Nyivé,Agoè-Nyivé 4,Togblekope,POINT (1.1893150010859377 6.288611666670855),ALINKA 
_mview_route_ralentisseurs.fid-7b1c8a4a_1943c5e84ca_744e,Maritime,Agoè-Nyivé,Agoè-Nyivé 4,Togblekope,POINT (1.1942956455234934 6.28180590870957),ALINKA 
_mview_route_ralentisseurs.fid-7b1c8a4a_1943c5e84ca_744f,Maritime,Agoè-Nyivé,Agoè-Nyivé 4,Togblekope,POINT (1.1942853224183503 6.2820267899004),ALINKA 
_mview_route_ralentisseurs.fid-7b1c8a4a_1943c5e84ca_7450,Maritime,Agoè-Nyivé,Agoè-Nyivé 4,Togblekope,POINT (1.1942833032381748 6.282086557579655),ALINKA 
_mview_route_ralentisseurs.fid-7b1c8a4a_1943c5e84ca_7451,Maritime,Agoè-Nyivé,Agoè-Nyivé 4,Togblekope,POINT (1.1943080431075106 6.283476626594234),ALINKA 
_mview_route_ralentisseurs.fid-7b1c8a4a_1943c5e84ca_7452,Maritime,Agoè-Nyivé,Agoè-Nyivé 4,Togblekope,POINT (1.1943469290305018 6.286429983210568),ALINKA 
_mview_route_ralentisseurs.fid-7b1c8a4a_1943c5e84ca_7453,Maritime,Agoè-Nyivé,Agoè-Nyivé 4,Togblekope,POINT (1.194348383235893 6.286544997719715),ALINKA 
_mview_route_ralentisseurs.fid-7b1c8a4a_1943c5e84ca_7454,Maritime,Agoè-Nyivé,Agoè-Nyivé 4,Togblekope,POINT (1.1943513484961834 6.286703342411956),ALINKA 
_mview_route_ralentisseurs.fid-7b1c8a4a_1943c5e84ca_7455,Maritime,Agoè-Nyivé,Agoè-Nyivé 4,Togblekope,POINT (1.1949743134680493 6.281829927112529),ALINKA 
_mview_route_ralentisseurs.fid-7b1c8a4a_1943c5e84ca_7456,Maritime,Agoè-Nyivé,Agoè-Nyivé 4,Togblekope,POINT (1.1949691731315546 6.281166650862825),ALINKA 
_mview_route_ralentisseurs.fid-7b1c8a4a_1943c5e84ca_7457,Maritime,Agoè-Nyivé,Agoè-Nyivé 4,Togblekope,POINT (1.1949677373674452 6.280891701388864),ALINKA 
_mview_route_ralentisseurs.fid-7b1c8a4a_1943c5e84ca_7458,Maritime,Agoè-Nyivé,Agoè-Nyivé 4,Togblekope,POINT (1.1976711162990121 6.280160070507308),ALINKA 
_mview_route_ralentisseurs.fid-7b1c8a4a_1943c5e84ca_7459,Maritime,Agoè-Nyivé,Agoè-Nyivé 4,Togblekope,POINT (1.1979531372894825 6.280171514569128),ALINKA 
_mview_route_ralentisseurs.fid-7b1c8a4a_1943c5e84ca_745a,Maritime,Agoè-Nyivé,Agoè-Nyivé 4,Togblekope,POINT (1.1971700034329653 6.282385000004718),ALINKA 
_mview_route_ralentisseurs.fid-7b1c8a4a_1943c5e84ca_745b,Maritime,Agoè-Nyivé,Agoè-Nyivé 4,Togblekope,POINT (1.1986010923120143 6.2823746348302905),ALINKA 
_mview_route_ralentisseurs.fid-7b1c8a4a_1943c5e84ca_745c,Maritime,Agoè-Nyivé,Agoè-Nyivé 4,Togblekope,POINT (1.1970664301542249 6.282978686609426),ALINKA 
_mview_route_ralentisseurs.fid-7b1c8a4a_1943c5e84ca_745d,Maritime,Agoè-Nyivé,Agoè-Nyivé 4,Togblekope,POINT (1.1960894515148253 6.28310797598025),ALINKA 
_mview_route_ralentisseurs.fid-7b1c8a4a_1943c5e84ca_745e,Maritime,Agoè-Nyivé,Agoè-Nyivé 4,Togblekope,POINT (1.2082496831395577 6.25383172320096),AGOE ZONGO 
_mview_route_ralentisseurs.fid-7b1c8a4a_1943c5e84ca_745f,Maritime,Agoè-Nyivé,Agoè-Nyivé 4,Togblekope,POINT (1.2075868594469903 6.254013606014016),AGOE ZONGO 
_mview_route_ralentisseurs.fid-7b1c8a4a_1943c5e84ca_7460,Maritime,Agoè-Nyivé,Agoè-Nyivé 4,Togblekope,POINT (1.2070807713230312 6.254669600850751),AGOE ZONGO 
_mview_route_ralentisseurs.fid-7b1c8a4a_1943c5e84ca_7461,Maritime,Agoè-Nyivé,Agoè-Nyivé 4,Togblekope,POINT (1.2068057163107133 6.254946713481125),AGOE ZONGO 
_mview_route_ralentisseurs.fid-7b1c8a4a_1943c5e84ca_7462,Maritime,Agoè-Nyivé,Agoè-Nyivé 4,Togblekope,POINT (1.187118063246004 6.278869319366483),ALINKA
_mview_route_ralentisseurs.fid-7b1c8a4a_1943c5e84ca_7463,Maritime,Agoè-Nyivé,Agoè-Nyivé 4,Togblekope,POINT (1.1873290367423646 6.278722219608149),ALINKA
_mview_route_ralentisseurs.fid-7b1c8a4a_1943c5e84ca_7464,Maritime,Agoè-Nyivé,Agoè-Nyivé 4,Togblekope,POINT (1.1888567171190618 6.279515280049873),ALINKA
_mview_route_ralentisseurs.fid-7b1c8a4a_1943c5e84ca_7465,Maritime,Agoè-Nyivé,Agoè-Nyivé 4,Togblekope,POINT (1.1890741348267844 6.2798127774613395),ALINKA
_mview_route_ralentisseurs.fid-7b1c8a4a_1943c5e84ca_7466,Maritime,Agoè-Nyivé,Agoè-Nyivé 4,Togblekope,POINT (1.1953508404898687 6.278275962607395),ALINKA
_mview_route_ralentisseurs.fid-7b1c8a4a_1943c5e84ca_7467,Maritime,Agoè-Nyivé,Agoè-Nyivé 4,Togblekope,POINT (1.1952383264983837 6.2781192658553975),ALINKA
_mview_route_ralentisseurs.fid-7b1c8a4a_1943c5e84ca_7468,Maritime,Agoè-Nyivé,Agoè-Nyivé 4,Togblekope,POINT (1.195008826682786 6.277822677887987),ALINKA
_mview_route_ralentisseurs.fid-7b1c8a4a_1943c5e84ca_7469,Maritime,Agoè-Nyivé,Agoè-Nyivé 4,Togblekope,POINT (1.1948118522095672 6.266990940759983),ZONGO-RIYAD
_mview_route_ralentisseurs.fid-7b1c8a4a_1943c5e84ca_746a,Maritime,Agoè-Nyivé,Agoè-Nyivé 4,Togblekope,POINT (1.1946220089475192 6.26698589504788),ZONGO-RIYAD
_mview_route_ralentisseurs.fid-7b1c8a4a_1943c5e84ca_746b,Maritime,Agoè-Nyivé,Agoè-Nyivé 4,Togblekope,POINT (1.200900620617176 6.268569356605979),ZONGO
_mview_route_ralentisseurs.fid-7b1c8a4a_1943c5e84ca_746c,Maritime,Agoè-Nyivé,Agoè-Nyivé 4,Togblekope,POINT (1.2010341717484099 6.26856031928168),ZONGO
_mview_route_ralentisseurs.fid-7b1c8a4a_1943c5e84ca_746d,Maritime,Agoè-Nyivé,Agoè-Nyivé 4,Togblekope,POINT (1.2074540926227135 6.257713382060608),ZONGO
_mview_route_ralentisseurs.fid-7b1c8a4a_1943c5e84ca_746e,Maritime,Agoè-Nyivé,Agoè-Nyivé 4,Togblekope,POINT (1.207311981295318 6.258343312066691),ZONGO
_mview_route_ralentisseurs.fid-7b1c8a4a_1943c5e84ca_746f,Maritime,Agoè-Nyivé,Agoè-Nyivé 4,Togblekope,POINT (1.2072297744160685 6.258767874103126),ZONGO
_mview_route_ralentisseurs.fid-7b1c8a4a_1943c5e84ca_7470,Savanes,Tandjoaré,Tandjoaré 1,Boulogou,POINT (0.2923047261790637 10.610533296523876),
_mview_route_ralentisseurs.fid-7b1c8a4a_1943c5e84ca_7471,Maritime,Agoè-Nyivé,Agoè-Nyivé 5,Sanguera,POINT (1.1207378698479298 6.24983240578314),DANGBESSITO 
_mview_route_ralentisseurs.fid-7b1c8a4a_1943c5e84ca_7472,Maritime,Agoè-Nyivé,Agoè-Nyivé 5,Sanguera,POINT (1.1171588634458158 6.247969890113585),DANGBESSITO 
_mview_route_ralentisseurs.fid-7b1c8a4a_1943c5e84ca_7473,Maritime,Agoè-Nyivé,Agoè-Nyivé 5,Sanguera,POINT (1.1155217749732464 6.24450844719357),SANGUERA KLIKAME 
_mview_route_ralentisseurs.fid-7b1c8a4a_1943c5e84ca_7474,Maritime,Agoè-Nyivé,Agoè-Nyivé 5,Sanguera,POINT (1.1352450244747803 6.253311845705826),ASIKO-AMARINDA
_mview_route_ralentisseurs.fid-7b1c8a4a_1943c5e84ca_7475,Maritime,Agoè-Nyivé,Agoè-Nyivé 5,Sanguera,POINT (1.1322694710381467 6.233238689411183),SANGUERA SAGNRAMÉ 
_mview_route_ralentisseurs.fid-7b1c8a4a_1943c5e84ca_7476,Maritime,Agoè-Nyivé,Agoè-Nyivé 5,Sanguera,POINT (1.1235123830205418 6.235157733189136),SANGUERA DIABÈKPOTA
_mview_route_ralentisseurs.fid-7b1c8a4a_1943c5e84ca_7477,Maritime,Agoè-Nyivé,Agoè-Nyivé 5,Sanguera,POINT (1.1236636988086661 6.23500424318865),SANGUERA DIABÈKPOTA
_mview_route_ralentisseurs.fid-7b1c8a4a_1943c5e84ca_7478,Maritime,Agoè-Nyivé,Agoè-Nyivé 6,Adétikopé,POINT (1.2190085367956143 6.301677189944268),TSIKPLONOU KONDJI
_mview_route_ralentisseurs.fid-7b1c8a4a_1943c5e84ca_7479,Maritime,Agoè-Nyivé,Agoè-Nyivé 6,Adétikopé,POINT (1.2217734827231184 6.3179184601578),ADETIKOPE
_mview_route_ralentisseurs.fid-7b1c8a4a_1943c5e84ca_747a,Maritime,Agoè-Nyivé,Agoè-Nyivé 6,Adétikopé,POINT (1.2216293252241075 6.317708598195198),ADETIKOPE
_mview_route_ralentisseurs.fid-7b1c8a4a_1943c5e84ca_747b,Maritime,Agoè-Nyivé,Agoè-Nyivé 6,Adétikopé,POINT (1.2215172627890436 6.317548974339631),ADETIKOPE
_mview_route_ralentisseurs.fid-7b1c8a4a_1943c5e84ca_747c,Maritime,Agoè-Nyivé,Agoè-Nyivé 6,Adétikopé,POINT (1.221216175731404 6.313382839740442),ADEWI
_mview_route_ralentisseurs.fid-7b1c8a4a_1943c5e84ca_747d,Maritime,Agoè-Nyivé,Agoè-Nyivé 6,Adétikopé,POINT (1.2192997600451467 6.335280513877005),ADETICOPE-ADETICOPE PLATE FORME DE PIA
_mview_route_ralentisseurs.fid-7b1c8a4a_1943c5e84ca_747e,Maritime,Agoè-Nyivé,Agoè-Nyivé 6,Adétikopé,POINT (1.2178132237847592 6.334876022718743),ADETICOPE-ADETICOPE PLATE FORME DE PIA
_mview_route_ralentisseurs.fid-7b1c8a4a_1943c5e84ca_747f,Maritime,Agoè-Nyivé,Agoè-Nyivé 6,Adétikopé,POINT (1.2175946877929575 6.334857458690688),ADETICOPE-ADETICOPE PLATE FORME DE PIA
_mview_route_ralentisseurs.fid-7b1c8a4a_1943c5e84ca_7480,Maritime,Agoè-Nyivé,Agoè-Nyivé 6,Adétikopé,POINT (1.2186633355035612 6.339315000201149),ADOGLOVE
_mview_route_ralentisseurs.fid-7b1c8a4a_1943c5e84ca_7481,Maritime,Agoè-Nyivé,Agoè-Nyivé 6,Adétikopé,POINT (1.2184760318568364 6.339297809175156),ADOGLOVE
_mview_route_ralentisseurs.fid-7b1c8a4a_1943c5e84ca_7482,Maritime,Agoè-Nyivé,Agoè-Nyivé 6,Adétikopé,POINT (1.2158784673402334 6.3411117766106955),ADOGLOVE
_mview_route_ralentisseurs.fid-7b1c8a4a_1943c5e84ca_7483,Maritime,Agoè-Nyivé,Agoè-Nyivé 6,Adétikopé,POINT (1.2164611049743173 6.341279435975646),ADOGLOVE
_mview_route_ralentisseurs.fid-7b1c8a4a_1943c5e84ca_7484,Maritime,Zio,Zio 1,Davié,POINT (1.2162131561586305 6.361321247742973),DALAVE-DZOVE
_mview_route_ralentisseurs.fid-7b1c8a4a_1943c5e84ca_7485,Plateaux,Agou,Agou 2,Amoussou-Kopé,POINT (0.8610191601847534 6.647852546056845),
_mview_route_ralentisseurs.fid-7b1c8a4a_1943c5e84ca_7486,Plateaux,Agou,Agou 2,Amoussou-Kopé,POINT (0.8610247445495888 6.647699841144176),
_mview_route_ralentisseurs.fid-7b1c8a4a_1943c5e84ca_7487,Plateaux,Agou,Agou 2,Amoussou-Kopé,POINT (0.831506737461222 6.626419729957845),
_mview_route_ralentisseurs.fid-7b1c8a4a_1943c5e84ca_7488,Plateaux,Agou,Agou 2,Amoussou-Kopé,POINT (0.831510037073119 6.626638554211054),
_mview_route_ralentisseurs.fid-7b1c8a4a_1943c5e84ca_7489,Plateaux,Agou,Agou 2,Agotimé-Sud (Adzakpa),POINT (0.7674448986272818 6.609074172919115),
_mview_route_ralentisseurs.fid-7b1c8a4a_1943c5e84ca_748a,Plateaux,Agou,Agou 2,Amoussou-Kopé,POINT (0.8356620595753448 6.692479737105538),
_mview_route_ralentisseurs.fid-7b1c8a4a_1943c5e84ca_748b,Plateaux,Agou,Agou 2,Agotimé-Nord,POINT (0.6975903563327699 6.637262970395977),
_mview_route_ralentisseurs.fid-7b1c8a4a_1943c5e84ca_748c,Plateaux,Agou,Agou 2,Agotimé-Nord,POINT (0.731618596604057 6.638035005260679),
_mview_route_ralentisseurs.fid-7b1c8a4a_1943c5e84ca_748d,Plateaux,Agou,Agou 2,Agotimé-Nord,POINT (0.7744201209533046 6.661204854559858),
_mview_route_ralentisseurs.fid-7b1c8a4a_1943c5e84ca_748e,Plateaux,Agou,Agou 1,Gadja,POINT (0.7684824726350679 6.823159407963654),
_mview_route_ralentisseurs.fid-7b1c8a4a_1943c5e84ca_748f,Plateaux,Agou,Agou 1,Gadja,POINT (0.768318041562989 6.822913506298872),
_mview_route_ralentisseurs.fid-7b1c8a4a_1943c5e84ca_7490,Maritime,Zio,Zio 3,Agbélouvé,POINT (0.9164427665903396 6.808104872910038),
_mview_route_ralentisseurs.fid-7b1c8a4a_1943c5e84ca_7491,Plateaux,Agou,Agou 1,Gadja,POINT (0.8865538933437372 6.819710129592033),
_mview_route_ralentisseurs.fid-7b1c8a4a_1943c5e84ca_7492,Plateaux,Agou,Agou 1,Gadja,POINT (0.8855944848570672 6.819573633411331),
_mview_route_ralentisseurs.fid-7b1c8a4a_1943c5e84ca_7493,Plateaux,Agou,Agou 1,Gadja,POINT (0.8852436220143726 6.8194551197345215),
_mview_route_ralentisseurs.fid-7b1c8a4a_1943c5e84ca_7494,Maritime,Zio,Zio 3,Agbélouvé,POINT (0.9098051705517525 6.817533719383846),
_mview_route_ralentisseurs.fid-7b1c8a4a_1943c5e84ca_7495,Maritime,Zio,Zio 3,Agbélouvé,POINT (0.9097957185181749 6.817590718028719),
_mview_route_ralentisseurs.fid-7b1c8a4a_1943c5e84ca_7496,Maritime,Zio,Zio 3,Agbélouvé,POINT (0.8964884916944076 6.774697915520237),
_mview_route_ralentisseurs.fid-7b1c8a4a_1943c5e84ca_7497,Plateaux,Agou,Agou 1,Gadja,POINT (0.7934792816613246 6.791535494026531),
_mview_route_ralentisseurs.fid-7b1c8a4a_1943c5e84ca_7498,Plateaux,Agou,Agou 1,Agou-Nyogbo-Dzidjole,POINT (0.7229451191967515 6.875907360082989),
_mview_route_ralentisseurs.fid-7b1c8a4a_1943c5e84ca_7499,Plateaux,Agou,Agou 1,Agou-Nyogbo-Dzidjole,POINT (0.7231174068834851 6.876678479491235),TGRPRR RN5-HOPITAL AGOU NYOGBO
_mview_route_ralentisseurs.fid-7b1c8a4a_1943c5e84ca_749a,Plateaux,Agou,Agou 1,Agou-Nyogbo-Dzidjole,POINT (0.7235258201768878 6.877921161104512),TGRPRR RN5-HOPITAL AGOU NYOGBO
_mview_route_ralentisseurs.fid-7b1c8a4a_1943c5e84ca_749b,Plateaux,Agou,Agou 1,Agou-Nyogbo-Dzidjole,POINT (0.7242182539786607 6.879071878325581),TGRPRR RN5-HOPITAL AGOU NYOGBO
_mview_route_ralentisseurs.fid-7b1c8a4a_1943c5e84ca_749c,Plateaux,Agou,Agou 1,Agou-Nyogbo-Dzidjole,POINT (0.7247898279146243 6.880118736453496),TGRPRR RN5-HOPITAL AGOU NYOGBO
_mview_route_ralentisseurs.fid-7b1c8a4a_1943c5e84ca_749d,Plateaux,Agou,Agou 1,Agou-Nyogbo-Dzidjole,POINT (0.7258210921830921 6.882525312918966),TGRPRR RN5-HOPITAL AGOU NYOGBO
_mview_route_ralentisseurs.fid-7b1c8a4a_1943c5e84ca_749e,Plateaux,Agou,Agou 1,Agou-Nyogbo-Dzidjole,POINT (0.7261099059676479 6.883142300048057),TGRPRR RN5-HOPITAL AGOU NYOGBO
_mview_route_ralentisseurs.fid-7b1c8a4a_1943c5e84ca_749f,Plateaux,Agou,Agou 1,Agou-Nyogbo-Dzidjole,POINT (0.7263918835011505 6.883788736026692),TGRPRR RN5-HOPITAL AGOU NYOGBO
_mview_route_ralentisseurs.fid-7b1c8a4a_1943c5e84ca_74a0,Plateaux,Agou,Agou 1,Agou-Tavié,POINT (0.7322191407649555 6.8532453661549235),
_mview_route_ralentisseurs.fid-7b1c8a4a_1943c5e84ca_74a1,Plateaux,Akébou,Akébou 2,Kamina-Akébou,POINT (0.8535580451718592 7.923901116136895),
_mview_route_ralentisseurs.fid-7b1c8a4a_1943c5e84ca_74a2,Plateaux,Akébou,Akébou 2,Kamina-Akébou,POINT (0.8564907911385357 7.924671807587471),
_mview_route_ralentisseurs.fid-7b1c8a4a_1943c5e84ca_74a3,Plateaux,Akébou,Akébou 2,Kamina-Akébou,POINT (0.880514836065282 7.845248114963881),
_mview_route_ralentisseurs.fid-7b1c8a4a_1943c5e84ca_74a4,Plateaux,Akébou,Akébou 2,Kamina-Akébou,POINT (0.8799937442375665 7.845417587315787),
_mview_route_ralentisseurs.fid-7b1c8a4a_1943c5e84ca_74a5,Plateaux,Akébou,Akébou 2,Kamina-Akébou,POINT (0.8795196495266044 7.845570497139782),
_mview_route_ralentisseurs.fid-7b1c8a4a_1943c5e84ca_74a6,Plateaux,Akébou,Akébou 2,Kamina-Akébou,POINT (0.8787858764826805 7.845857586774293),
_mview_route_ralentisseurs.fid-7b1c8a4a_1943c5e84ca_74a7,Plateaux,Akébou,Akébou 1,Djon,POINT (0.7941823573724078 7.76392124394225),
_mview_route_ralentisseurs.fid-7b1c8a4a_1943c5e84ca_74a8,Plateaux,Akébou,Akébou 1,Djon,POINT (0.7947945518680551 7.763618885205689),
_mview_route_ralentisseurs.fid-7b1c8a4a_1943c5e84ca_74a9,Plateaux,Akébou,Akébou 1,Yalla,POINT (0.6719440309540774 7.7869484623716),
_mview_route_ralentisseurs.fid-7b1c8a4a_1943c5e84ca_74aa,Plateaux,Akébou,Akébou 1,Yalla,POINT (0.6697424099422957 7.7928178403407395),
_mview_route_ralentisseurs.fid-7b1c8a4a_1943c5e84ca_74ab,Plateaux,Akébou,Akébou 1,Yalla,POINT (0.6683550647657522 7.794919510284756),
_mview_route_ralentisseurs.fid-7b1c8a4a_1943c5e84ca_74ac,Plateaux,Akébou,Akébou 1,Yalla,POINT (0.6682967943046983 7.795585689843554),
_mview_route_ralentisseurs.fid-7b1c8a4a_1943c5e84ca_74ad,Plateaux,Akébou,Akébou 1,Yalla,POINT (0.6681592711121447 7.796299183012707),
_mview_route_ralentisseurs.fid-7b1c8a4a_1943c5e84ca_74ae,Plateaux,Akébou,Akébou 1,Yalla,POINT (0.6645285561732351 7.81345205293556),
_mview_route_ralentisseurs.fid-7b1c8a4a_1943c5e84ca_74af,Plateaux,Akébou,Akébou 1,Yalla,POINT (0.6646706757046099 7.813968897688647),
_mview_route_ralentisseurs.fid-7b1c8a4a_1943c5e84ca_74b0,Plateaux,Akébou,Akébou 1,Gbendè,POINT (0.7517387676061311 7.751289507460259),
_mview_route_ralentisseurs.fid-7b1c8a4a_1943c5e84ca_74b1,Plateaux,Akébou,Akébou 1,Gbendè,POINT (0.7518023503320028 7.7510843064738175),
_mview_route_ralentisseurs.fid-7b1c8a4a_1943c5e84ca_74b2,Plateaux,Akébou,Akébou 1,Veh,POINT (0.7274921928504465 7.662001499849876),
_mview_route_ralentisseurs.fid-7b1c8a4a_1943c5e84ca_74b3,Plateaux,Akébou,Akébou 1,Veh,POINT (0.7271158481930594 7.661897836477221),
_mview_route_ralentisseurs.fid-7b1c8a4a_1943c5e84ca_74b4,Plateaux,Akébou,Akébou 1,Kougnohou,POINT (0.7876312526873394 7.648521548509991),
_mview_route_ralentisseurs.fid-7b1c8a4a_1943c5e84ca_74b5,Plateaux,Amou,Amou 2,Kpatégan,POINT (1.0665629989945993 7.322258335793149),KPATEGAN-KPALONGO
_mview_route_ralentisseurs.fid-7b1c8a4a_1943c5e84ca_74b6,Plateaux,Amou,Amou 2,Kpatégan,POINT (1.0659420493010314 7.322518370215765),KPATEGAN-KPALONGO
_mview_route_ralentisseurs.fid-7b1c8a4a_1943c5e84ca_74b7,Plateaux,Amou,Amou 2,Kpatégan,POINT (1.051034409186851 7.329393000638292),KPATEGAN-KPALONGO
_mview_route_ralentisseurs.fid-7b1c8a4a_1943c5e84ca_74b8,Plateaux,Amou,Amou 2,Kpatégan,POINT (1.0501702332395082 7.330080966020852),KPATEGAN-KPALONGO
_mview_route_ralentisseurs.fid-7b1c8a4a_1943c5e84ca_74b9,Plateaux,Amou,Amou 3,Avédjè,POINT (1.0676438748354802 7.450911287006882),
_mview_route_ralentisseurs.fid-7b1c8a4a_1943c5e84ca_74ba,Plateaux,Amou,Amou 3,Avédjè,POINT (1.06713961961986 7.451267104834038),
_mview_route_ralentisseurs.fid-7b1c8a4a_1943c5e84ca_74bb,Plateaux,Amou,Amou 3,Avédjè,POINT (1.0670733997320019 7.451601193535753),
_mview_route_ralentisseurs.fid-7b1c8a4a_1943c5e84ca_74bc,Plateaux,Amou,Amou 3,Avédjè,POINT (1.0671062756084313 7.451956830967662),
_mview_route_ralentisseurs.fid-7b1c8a4a_1943c5e84ca_74bd,Plateaux,Amou,Amou 3,Avédjè,POINT (1.100268937735187 7.443880206472037),
_mview_route_ralentisseurs.fid-7b1c8a4a_1943c5e84ca_74be,Plateaux,Amou,Amou 1,Amlamé (Ouma),POINT (0.9403325531597952 7.48760993401241),TGRPRRRN5 ATAKPAME-KPALIME-AMOUSSOUKOPE
_mview_route_ralentisseurs.fid-7b1c8a4a_1943c5e84ca_74bf,Plateaux,Amou,Amou 1,Amlamé (Ouma),POINT (0.9437461681416726 7.487589077377433),TGRPRRRN5 ATAKPAME-KPALIME-AMOUSSOUKOPE
_mview_route_ralentisseurs.fid-7b1c8a4a_1943c5e84ca_74c0,Plateaux,Amou,Amou 1,Amlamé (Ouma),POINT (0.8832621613628171 7.418353992352634),
_mview_route_ralentisseurs.fid-7b1c8a4a_1943c5e84ca_74c1,Plateaux,Amou,Amou 3,Evou,POINT (1.0574950907282286 7.521148501751766),TGRPRRRN15 TEMEDJA(RN5)-BADOU-FRE GHANA
_mview_route_ralentisseurs.fid-7b1c8a4a_1943c5e84ca_74c2,Plateaux,Amou,Amou 3,Otadi,POINT (0.9039503698139316 7.73192050200762),YADE-ALAOUSSO
_mview_route_ralentisseurs.fid-7b1c8a4a_1943c5e84ca_74c3,Plateaux,Amou,Amou 3,Otadi,POINT (0.9900824465369927 7.68285515743086),YADE-ALAOUSSO
_mview_route_ralentisseurs.fid-7b1c8a4a_1943c5e84ca_74c4,Plateaux,Amou,Amou 3,Evou,POINT (1.039094421841193 7.516053516536617),TGRPRRRN5 ATAKPAME-KPALIME-AMOUSSOUKOPE
_mview_route_ralentisseurs.fid-7b1c8a4a_1943c5e84ca_74c5,Plateaux,Amou,Amou 1,Adiva,POINT (1.0201322643629869 7.512141627961758),TGRPRRRN5 ATAKPAME-KPALIME-AMOUSSOUKOPE
_mview_route_ralentisseurs.fid-7b1c8a4a_1943c5e84ca_74c6,Plateaux,Amou,Amou 3,Hihéatro,POINT (1.1040329818904453 7.539685445016851),TGRPRTRN15BIS HIHIATRO(RN5)-KLABE-APEGANME-KOUGNOHOU
_mview_route_ralentisseurs.fid-7b1c8a4a_1943c5e84ca_74c7,Plateaux,Amou,Amou 3,Hihéatro,POINT (1.1038076183894434 7.53979420740098),TGRPRTRN15BIS HIHIATRO(RN5)-KLABE-APEGANME-KOUGNOHOU
_mview_route_ralentisseurs.fid-7b1c8a4a_1943c5e84ca_74c8,Plateaux,Amou,Amou 3,Hihéatro,POINT (1.103525210424811 7.539939070060047),TGRPRTRN15BIS HIHIATRO(RN5)-KLABE-APEGANME-KOUGNOHOU
_mview_route_ralentisseurs.fid-7b1c8a4a_1943c5e84ca_74c9,Plateaux,Amou,Amou 3,Hihéatro,POINT (1.103186579849919 7.540116666983391),TGRPRTRN15BIS HIHIATRO(RN5)-KLABE-APEGANME-KOUGNOHOU
_mview_route_ralentisseurs.fid-7b1c8a4a_1943c5e84ca_74ca,Plateaux,Amou,Amou 3,Hihéatro,POINT (1.0397562856071882 7.571161293979233),HEHEATRO-BADOU
_mview_route_ralentisseurs.fid-7b1c8a4a_1943c5e84ca_74cb,Plateaux,Amou,Amou 3,Hihéatro,POINT (1.0943465081197035 7.543231945099898),
_mview_route_ralentisseurs.fid-7b1c8a4a_1943c5e84ca_74cc,Plateaux,Amou,Amou 3,Témédja,POINT (1.0774909230094376 7.520519311700055),TEMEDJA-MARCHE TEMEDJA 
_mview_route_ralentisseurs.fid-7b1c8a4a_1943c5e84ca_74cd,Plateaux,Amou,Amou 3,Témédja,POINT (1.0775144485277075 7.5203386962794125),TEMEDJA-MARCHE TEMEDJA 
_mview_route_ralentisseurs.fid-7b1c8a4a_1943c5e84ca_74ce,Plateaux,Amou,Amou 3,Témédja,POINT (1.0775389376118314 7.520087595278268),TEMEDJA-MARCHE TEMEDJA 
_mview_route_ralentisseurs.fid-7b1c8a4a_1943c5e84ca_74cf,Plateaux,Amou,Amou 3,Témédja,POINT (1.076321426077822 7.518732488338623),TEMEDJA-MARCHE TEMEDJA 
_mview_route_ralentisseurs.fid-7b1c8a4a_1943c5e84ca_74d0,Plateaux,Amou,Amou 3,Hihéatro,POINT (1.10165753576789 7.559474833190767),
_mview_route_ralentisseurs.fid-7b1c8a4a_1943c5e84ca_74d1,Plateaux,Amou,Amou 3,Hihéatro,POINT (1.1035318117570294 7.586728278766052),
_mview_route_ralentisseurs.fid-7b1c8a4a_1943c5e84ca_74d2,Plateaux,Amou,Amou 3,Hihéatro,POINT (1.103654259308752 7.586972881241909),
_mview_route_ralentisseurs.fid-7b1c8a4a_1943c5e84ca_74d3,Plateaux,Amou,Amou 1,Imlè-Adiva,POINT (0.9673831690902287 7.435769288797354),KOUTOUKPA-AMOUTCHI
_mview_route_ralentisseurs.fid-7b1c8a4a_1943c5e84ca_74d4,Plateaux,Amou,Amou 1,Imlè-Adiva,POINT (0.9664086233486351 7.434998571945372),KOUTOUKPA-AMOUTCHI
_mview_route_ralentisseurs.fid-7b1c8a4a_1943c5e84ca_74d5,Plateaux,Amou,Amou 3,Avédjè,POINT (1.1077065407534146 7.436214446883029),
_mview_route_ralentisseurs.fid-7b1c8a4a_1943c5e84ca_74d6,Plateaux,Amou,Amou 3,Avédjè,POINT (1.1072231375857595 7.43630045894252),
_mview_route_ralentisseurs.fid-7b1c8a4a_1943c5e84ca_74d7,Plateaux,Anié,Anié 2,Atchinédji,POINT (1.3876314253412747 7.706965151722961),
_mview_route_ralentisseurs.fid-7b1c8a4a_1943c5e84ca_74d8,Plateaux,Anié,Anié 2,Atchinédji,POINT (1.3854042129855204 7.705474361117065),
_mview_route_ralentisseurs.fid-7b1c8a4a_1943c5e84ca_74d9,Plateaux,Anié,Anié 2,Atchinédji,POINT (1.363030203560248 7.69305026715568),
_mview_route_ralentisseurs.fid-7b1c8a4a_1943c5e84ca_74da,Plateaux,Anié,Anié 2,Atchinédji,POINT (1.3614527636446998 7.678464325955939),
_mview_route_ralentisseurs.fid-7b1c8a4a_1943c5e84ca_74db,Plateaux,Anié,Anié 2,Atchinédji,POINT (1.3614203208649849 7.6783638781660954),
_mview_route_ralentisseurs.fid-7b1c8a4a_1943c5e84ca_74dc,Plateaux,Anié,Anié 2,Atchinédji,POINT (1.3613785066732214 7.678234415007786),
_mview_route_ralentisseurs.fid-7b1c8a4a_1943c5e84ca_74dd,Plateaux,Anié,Anié 2,Atchinédji,POINT (1.3612972213590118 7.677853312219499),
_mview_route_ralentisseurs.fid-7b1c8a4a_1943c5e84ca_74de,Plateaux,Anié,Anié 2,Glitto,POINT (1.5213055535676339 7.630138126943151),TELEKOPE-GLITTO
_mview_route_ralentisseurs.fid-7b1c8a4a_1943c5e84ca_74df,Plateaux,Anié,Anié 2,Glitto,POINT (1.5225365970387694 7.591216840976626),TELEKOPE-GLITTO
_mview_route_ralentisseurs.fid-7b1c8a4a_1943c5e84ca_74e0,Plateaux,Anié,Anié 2,Glitto,POINT (1.5236953418025299 7.586822643344267),
_mview_route_ralentisseurs.fid-7b1c8a4a_1943c5e84ca_74e1,Plateaux,Anié,Anié 2,Glitto,POINT (1.5238662848173565 7.586338949843264),
_mview_route_ralentisseurs.fid-7b1c8a4a_1943c5e84ca_74e2,Plateaux,Anié,Anié 2,Glitto,POINT (1.525199654587507 7.585558875725626),
_mview_route_ralentisseurs.fid-7b1c8a4a_1943c5e84ca_74e3,Plateaux,Anié,Anié 2,Glitto,POINT (1.5256092867547815 7.585436581260323),
_mview_route_ralentisseurs.fid-7b1c8a4a_1943c5e84ca_74e4,Plateaux,Anié,Anié 2,Glitto,POINT (1.5265204109575168 7.585127580679967),
_mview_route_ralentisseurs.fid-7b1c8a4a_1943c5e84ca_74e5,Plateaux,Anié,Anié 2,Glitto,POINT (1.607824786973382 7.6182305273851885),
_mview_route_ralentisseurs.fid-7b1c8a4a_1943c5e84ca_74e6,Plateaux,Anié,Anié 2,Glitto,POINT (1.6072229328021352 7.618169303863525),
_mview_route_ralentisseurs.fid-7b1c8a4a_1943c5e84ca_74e7,Plateaux,Anié,Anié 1,Kolo-Kopé,POINT (1.2982285810902972 7.793342146221014),CARREFOUR KOLO-KOPE-OKE-FRE BENIN
_mview_route_ralentisseurs.fid-7b1c8a4a_1943c5e84ca_74e8,Savanes,Cinkassé,Cinkassé 2,Timbou,POINT (0.117395820204705 11.017415000454674),
_mview_route_ralentisseurs.fid-7b1c8a4a_1943c5e84ca_74e9,Plateaux,Anié,Anié 1,Kolo-Kopé,POINT (1.296956196570324 7.793557788884605),CARREFOUR KOLO-KOPE-OKE-FRE BENIN
_mview_route_ralentisseurs.fid-7b1c8a4a_1943c5e84ca_74ea,Plateaux,Anié,Anié 1,Anié,POINT (1.1883939470942573 7.765609909638575),
_mview_route_ralentisseurs.fid-7b1c8a4a_1943c5e84ca_74eb,Plateaux,Anié,Anié 1,Kolo-Kopé,POINT (1.2440030890395677 7.783016906502683),
_mview_route_ralentisseurs.fid-7b1c8a4a_1943c5e84ca_74ec,Plateaux,Anié,Anié 1,Kolo-Kopé,POINT (1.2420739516194967 7.785681824842059),
_mview_route_ralentisseurs.fid-7b1c8a4a_1943c5e84ca_74ed,Plateaux,Anié,Anié 1,Kolo-Kopé,POINT (1.2988790809130275 7.831579480116309),TGRPRTRN29 DEGOU(RN10)-KOLOKOPE-ANIE(RN1)
_mview_route_ralentisseurs.fid-7b1c8a4a_1943c5e84ca_74ee,Plateaux,Anié,Anié 1,Kolo-Kopé,POINT (1.2980854983397296 7.831117089769416),TGRPRTRN29 DEGOU(RN10)-KOLOKOPE-ANIE(RN1)
_mview_route_ralentisseurs.fid-7b1c8a4a_1943c5e84ca_74ef,Plateaux,Anié,Anié 1,Anié,POINT (1.1934865506362755 7.829971359004284),
_mview_route_ralentisseurs.fid-7b1c8a4a_1943c5e84ca_74f0,Plateaux,Anié,Anié 1,Anié,POINT (1.1942299065658395 7.8305993821813535),
_mview_route_ralentisseurs.fid-7b1c8a4a_1943c5e84ca_74f1,Plateaux,Anié,Anié 1,Anié,POINT (1.196555986172254 7.782340703455536),
_mview_route_ralentisseurs.fid-7b1c8a4a_1943c5e84ca_74f2,Plateaux,Anié,Anié 1,Pallakoko,POINT (1.1139417482704859 7.807526936916187),
_mview_route_ralentisseurs.fid-7b1c8a4a_1943c5e84ca_74f3,Plateaux,Anié,Anié 1,Anié,POINT (1.164080026215058 7.784698366263655),
_mview_route_ralentisseurs.fid-7b1c8a4a_1943c5e84ca_74f4,Plateaux,Anié,Anié 2,Glitto,POINT (1.6294801784440769 7.512223831361552),
_mview_route_ralentisseurs.fid-7b1c8a4a_1943c5e84ca_74f5,Plateaux,Ogou,Ogou 1,Houdou,POINT (1.1502890129514116 7.72656444492427),RN1 (SUCRERIE)-BARRAGE SINTO
_mview_route_ralentisseurs.fid-7b1c8a4a_1943c5e84ca_74f6,Kara,Assoli,Assoli 1,Bouladè,POINT (1.2456784811276338 9.372773326856322),
_mview_route_ralentisseurs.fid-7b1c8a4a_1943c5e84ca_74f7,Kara,Assoli,Assoli 1,Bouladè,POINT (1.2456905765073047 9.373052070904714),
_mview_route_ralentisseurs.fid-7b1c8a4a_1943c5e84ca_74f8,Kara,Assoli,Assoli 1,Bouladè,POINT (1.2457025779452116 9.373328650515454),
_mview_route_ralentisseurs.fid-7b1c8a4a_1943c5e84ca_74f9,Kara,Assoli,Assoli 1,Bouladè,POINT (1.2456799134097667 9.372806334485135),
_mview_route_ralentisseurs.fid-7b1c8a4a_1943c5e84ca_74fa,Kara,Assoli,Assoli 1,Bouladè,POINT (1.2332685706569866 9.397253704877082),
_mview_route_ralentisseurs.fid-7b1c8a4a_1943c5e84ca_74fb,Kara,Assoli,Assoli 1,Bouladè,POINT (1.2333623325155585 9.397347221449813),
_mview_route_ralentisseurs.fid-7b1c8a4a_1943c5e84ca_74fc,Kara,Assoli,Assoli 1,Bouladè,POINT (1.2334615828883577 9.397448309793536),
_mview_route_ralentisseurs.fid-7b1c8a4a_1943c5e84ca_74fd,Kara,Assoli,Assoli 1,Bafilo,POINT (1.241554705792715 9.353914547005074),TGRKRTRN38 RN1 BAFILO-DAKO-RN17 BASSAR
_mview_route_ralentisseurs.fid-7b1c8a4a_1943c5e84ca_74fe,Kara,Assoli,Assoli 1,Bafilo,POINT (1.2391020773904478 9.354172395912292),TGRKRTRN38 RN1 BAFILO-DAKO-RN17 BASSAR
_mview_route_ralentisseurs.fid-7b1c8a4a_1943c5e84ca_74ff,Kara,Assoli,Assoli 1,Bafilo,POINT (1.138379518930271 9.343576117927084),TGRKRTRN38 RN1 BAFILO-DAKO-RN17 BASSAR
_mview_route_ralentisseurs.fid-7b1c8a4a_1943c5e84ca_7500,Kara,Assoli,Assoli 2,Koumondè,POINT (1.24166509047041 9.321303577995948),TGRKRRRN1 BRETELLE DE BAFILO
_mview_route_ralentisseurs.fid-7b1c8a4a_1943c5e84ca_7501,Kara,Assoli,Assoli 2,Koumondè,POINT (1.2417624466572352 9.321533116916386),TGRKRRRN1 BRETELLE DE BAFILO
_mview_route_ralentisseurs.fid-7b1c8a4a_1943c5e84ca_7502,Kara,Assoli,Assoli 2,Koumondè,POINT (1.2418168459201466 9.321722596981234),TGRKRRRN1 BRETELLE DE BAFILO
_mview_route_ralentisseurs.fid-7b1c8a4a_1943c5e84ca_7503,Kara,Assoli,Assoli 2,Koumondè,POINT (1.2420033810318096 9.322313329720663),TGRKRRRN1 BRETELLE DE BAFILO
_mview_route_ralentisseurs.fid-7b1c8a4a_1943c5e84ca_7504,Kara,Assoli,Assoli 1,Bafilo,POINT (1.2449499336986614 9.351331278042508),BAFILO-DINGALE
_mview_route_ralentisseurs.fid-7b1c8a4a_1943c5e84ca_7505,Kara,Assoli,Assoli 1,Bafilo,POINT (1.245188897921421 9.351409904837485),BAFILO-DINGALE
_mview_route_ralentisseurs.fid-7b1c8a4a_1943c5e84ca_7506,Kara,Assoli,Assoli 1,Bafilo,POINT (1.2599587881494942 9.354439621260797),
_mview_route_ralentisseurs.fid-7b1c8a4a_1943c5e84ca_7507,Kara,Assoli,Assoli 1,Bafilo,POINT (1.2608966327544398 9.354477680325244),
_mview_route_ralentisseurs.fid-7b1c8a4a_1943c5e84ca_7508,Kara,Assoli,Assoli 3,Soudou,POINT (1.2760575357518624 9.426675190114615),
_mview_route_ralentisseurs.fid-7b1c8a4a_1943c5e84ca_7509,Kara,Assoli,Assoli 3,Soudou,POINT (1.2767830779197638 9.427033099046195),
_mview_route_ralentisseurs.fid-7b1c8a4a_1943c5e84ca_750a,Kara,Assoli,Assoli 3,Soudou,POINT (1.2774974595110418 9.42712968260182),
_mview_route_ralentisseurs.fid-7b1c8a4a_1943c5e84ca_750b,Kara,Assoli,Assoli 3,Soudou,POINT (1.2776523903315586 9.427106449367068),
_mview_route_ralentisseurs.fid-7b1c8a4a_1943c5e84ca_750c,Kara,Assoli,Assoli 1,Bafilo,POINT (1.2422728486198942 9.360039595227859),
_mview_route_ralentisseurs.fid-7b1c8a4a_1943c5e84ca_750d,Kara,Assoli,Assoli 1,Bafilo,POINT (1.2419672086103655 9.359882481727777),
_mview_route_ralentisseurs.fid-7b1c8a4a_1943c5e84ca_750e,Kara,Assoli,Assoli 3,Soudou,POINT (1.3828995502684729 9.37555014555664),
_mview_route_ralentisseurs.fid-7b1c8a4a_1943c5e84ca_750f,Kara,Assoli,Assoli 3,Soudou,POINT (1.382895435772138 9.376061708260082),
_mview_route_ralentisseurs.fid-7b1c8a4a_1943c5e84ca_7510,Kara,Assoli,Assoli 3,Soudou,POINT (1.3309596251057072 9.362492898043312),
_mview_route_ralentisseurs.fid-7b1c8a4a_1943c5e84ca_7511,Kara,Assoli,Assoli 3,Soudou,POINT (1.3420059505128397 9.384348947969876),
_mview_route_ralentisseurs.fid-7b1c8a4a_1943c5e84ca_7512,Kara,Assoli,Assoli 3,Soudou,POINT (1.342542444064928 9.384987297000734),
_mview_route_ralentisseurs.fid-7b1c8a4a_1943c5e84ca_7513,Kara,Assoli,Assoli 3,Soudou,POINT (1.3430858925402318 9.385762160418341),
_mview_route_ralentisseurs.fid-7b1c8a4a_1943c5e84ca_7514,Kara,Assoli,Assoli 3,Soudou,POINT (1.3313623249789999 9.4351527824607),
_mview_route_ralentisseurs.fid-7b1c8a4a_1943c5e84ca_7515,Kara,Assoli,Assoli 3,Soudou,POINT (1.3313212847421898 9.435654422544845),
_mview_route_ralentisseurs.fid-7b1c8a4a_1943c5e84ca_7516,Kara,Assoli,Assoli 3,Soudou,POINT (1.3312171925281424 9.43608481673419),
_mview_route_ralentisseurs.fid-7b1c8a4a_1943c5e84ca_7517,Kara,Assoli,Assoli 3,Soudou,POINT (1.3327232270645848 9.454034218394932),
_mview_route_ralentisseurs.fid-7b1c8a4a_1943c5e84ca_7518,Kara,Assoli,Assoli 3,Soudou,POINT (1.3338251863220327 9.455243035351247),
_mview_route_ralentisseurs.fid-7b1c8a4a_1943c5e84ca_7519,Kara,Assoli,Assoli 3,Soudou,POINT (1.3342973686836568 9.455879561857158),
_mview_route_ralentisseurs.fid-7b1c8a4a_1943c5e84ca_751a,Kara,Assoli,Assoli 1,Dako (Daoude),POINT (0.9962486207156853 9.316448913551596),TGRKRTRN38 RN1 BAFILO-DAKO-RN17 BASSAR
_mview_route_ralentisseurs.fid-7b1c8a4a_1943c5e84ca_751b,Kara,Assoli,Assoli 1,Dako (Daoude),POINT (0.9950217490279091 9.315208224323769),TGRKRTRN38 RN1 BAFILO-DAKO-RN17 BASSAR
_mview_route_ralentisseurs.fid-7b1c8a4a_1943c5e84ca_751c,Kara,Assoli,Assoli 1,Dako (Daoude),POINT (0.9946585210582768 9.314951236262889),TGRKRTRN38 RN1 BAFILO-DAKO-RN17 BASSAR
_mview_route_ralentisseurs.fid-7b1c8a4a_1943c5e84ca_751d,Kara,Assoli,Assoli 1,Dako (Daoude),POINT (0.9938143247843256 9.314279275881022),TGRKRTRN38 RN1 BAFILO-DAKO-RN17 BASSAR
_mview_route_ralentisseurs.fid-7b1c8a4a_1943c5e84ca_751e,Maritime,Avé,Avé 1,Tovégan,POINT (0.8130587008199779 6.5559615353329495),
_mview_route_ralentisseurs.fid-7b1c8a4a_1943c5e84ca_751f,Maritime,Avé,Avé 1,Tovégan,POINT (0.8682220880217267 6.550706323289482),
_mview_route_ralentisseurs.fid-7b1c8a4a_1943c5e84ca_7520,Maritime,Avé,Avé 1,Tovégan,POINT (0.8685443160646561 6.550762704646233),
_mview_route_ralentisseurs.fid-7b1c8a4a_1943c5e84ca_7521,Maritime,Avé,Avé 1,Tovégan,POINT (0.8689136791825621 6.550827333134749),
_mview_route_ralentisseurs.fid-7b1c8a4a_1943c5e84ca_7522,Maritime,Avé,Avé 1,Tovégan,POINT (0.9441484055420962 6.634863234301267),
_mview_route_ralentisseurs.fid-7b1c8a4a_1943c5e84ca_7523,Maritime,Avé,Avé 1,Tovégan,POINT (0.9554040407172756 6.640988576437095),
_mview_route_ralentisseurs.fid-7b1c8a4a_1943c5e84ca_7524,Maritime,Avé,Avé 1,Ando,POINT (0.7785606605801432 6.454389646476572),
_mview_route_ralentisseurs.fid-7b1c8a4a_1943c5e84ca_7525,Maritime,Avé,Avé 1,Assahoun,POINT (0.9104141538018709 6.446379477651567),
_mview_route_ralentisseurs.fid-7b1c8a4a_1943c5e84ca_7526,Maritime,Avé,Avé 1,Zolo,POINT (0.941275904331141 6.412363965688455),
_mview_route_ralentisseurs.fid-7b1c8a4a_1943c5e84ca_7527,Maritime,Avé,Avé 1,Zolo,POINT (0.9411453331881178 6.411457628221128),
_mview_route_ralentisseurs.fid-7b1c8a4a_1943c5e84ca_7528,Maritime,Avé,Avé 1,Zolo,POINT (0.9412652455252715 6.413348415604196),
_mview_route_ralentisseurs.fid-7b1c8a4a_1943c5e84ca_7529,Maritime,Zio,Zio 2,Kovié,POINT (1.054024271480028 6.372871473141187),
_mview_route_ralentisseurs.fid-7b1c8a4a_1943c5e84ca_752a,Maritime,Zio,Zio 2,Kovié,POINT (1.0551818717087453 6.374091925227539),
_mview_route_ralentisseurs.fid-7b1c8a4a_1943c5e84ca_752b,Maritime,Zio,Zio 2,Kovié,POINT (1.0571735070601131 6.3754857319033915),
_mview_route_ralentisseurs.fid-7b1c8a4a_1943c5e84ca_752c,Maritime,Avé,Avé 2,Aképé,POINT (1.0845100666948377 6.200964546181353),
_mview_route_ralentisseurs.fid-7b1c8a4a_1943c5e84ca_752d,Maritime,Avé,Avé 2,Aképé,POINT (1.0501253971262727 6.250134961896439),
_mview_route_ralentisseurs.fid-7b1c8a4a_1943c5e84ca_752e,Maritime,Avé,Avé 2,Aképé,POINT (1.093319054514479 6.229478533079836),
_mview_route_ralentisseurs.fid-7b1c8a4a_1943c5e84ca_752f,Maritime,Avé,Avé 2,Aképé,POINT (1.0925831432747242 6.229159722536629),
_mview_route_ralentisseurs.fid-7b1c8a4a_1943c5e84ca_7530,Maritime,Agoè-Nyivé,Agoè-Nyivé 5,Sanguera,POINT (1.0979114063823225 6.23398415784919),
_mview_route_ralentisseurs.fid-7b1c8a4a_1943c5e84ca_7531,Maritime,Agoè-Nyivé,Agoè-Nyivé 5,Sanguera,POINT (1.0981872811139743 6.234753041623221),
_mview_route_ralentisseurs.fid-7b1c8a4a_1943c5e84ca_7532,Maritime,Avé,Avé 2,Badja,POINT (0.9844084216214813 6.372883739642625),
_mview_route_ralentisseurs.fid-7b1c8a4a_1943c5e84ca_7533,Maritime,Bas-Mono,Bas-Mono 2,Attitogon,POINT (1.6613445793248407 6.417293862777287),
_mview_route_ralentisseurs.fid-7b1c8a4a_1943c5e84ca_7534,Maritime,Bas-Mono,Bas-Mono 1,Afagnan-Gbléta,POINT (1.581418932528138 6.489803532531198),
_mview_route_ralentisseurs.fid-7b1c8a4a_1943c5e84ca_7535,Maritime,Bas-Mono,Bas-Mono 1,Afagnan-Gbléta,POINT (1.5731928719524184 6.473387226114636),
_mview_route_ralentisseurs.fid-7b1c8a4a_1943c5e84ca_7536,Maritime,Bas-Mono,Bas-Mono 1,Afagnan-Gbléta,POINT (1.5733737439114908 6.474278643387249),
_mview_route_ralentisseurs.fid-7b1c8a4a_1943c5e84ca_7537,Maritime,Bas-Mono,Bas-Mono 1,Afagnan-Gbléta,POINT (1.573234351424579 6.473425854024106),
_mview_route_ralentisseurs.fid-7b1c8a4a_1943c5e84ca_7538,Maritime,Bas-Mono,Bas-Mono 1,Afagnan-Gbléta,POINT (1.5732273734163644 6.473385164854031),
_mview_route_ralentisseurs.fid-7b1c8a4a_1943c5e84ca_7539,Maritime,Bas-Mono,Bas-Mono 1,Afagnan-Gbléta,POINT (1.578189240472187 6.476651319251526),
_mview_route_ralentisseurs.fid-7b1c8a4a_1943c5e84ca_753a,Maritime,Bas-Mono,Bas-Mono 1,Afagnan-Gbléta,POINT (1.5729856772832524 6.4724440568669825),
_mview_route_ralentisseurs.fid-7b1c8a4a_1943c5e84ca_753b,Maritime,Bas-Mono,Bas-Mono 1,Afagnan-Gbléta,POINT (1.5729957047907046 6.472446820578275),
_mview_route_ralentisseurs.fid-7b1c8a4a_1943c5e84ca_753c,Maritime,Bas-Mono,Bas-Mono 2,Agome-Glozou,POINT (1.6727823462440805 6.538633990784608),
_mview_route_ralentisseurs.fid-7b1c8a4a_1943c5e84ca_753d,Maritime,Bas-Mono,Bas-Mono 2,Attitogon,POINT (1.654036044979348 6.418652553383658),ATTITOGON-ADEHO-ZOOTI TONOU KONDJI
_mview_route_ralentisseurs.fid-7b1c8a4a_1943c5e84ca_753e,Maritime,Bas-Mono,Bas-Mono 1,Afagnan-Gbléta,POINT (1.6145326573362782 6.4585626106859),
_mview_route_ralentisseurs.fid-7b1c8a4a_1943c5e84ca_753f,Maritime,Bas-Mono,Bas-Mono 1,Afagnan-Gbléta,POINT (1.6204058685112919 6.442473643976984),
_mview_route_ralentisseurs.fid-7b1c8a4a_1943c5e84ca_7540,Maritime,Bas-Mono,Bas-Mono 1,Afagnan-Gbléta,POINT (1.6204118587572631 6.442616865306202),
_mview_route_ralentisseurs.fid-7b1c8a4a_1943c5e84ca_7541,Maritime,Bas-Mono,Bas-Mono 2,Hompou,POINT (1.6915637236998413 6.392346765780381),
_mview_route_ralentisseurs.fid-7b1c8a4a_1943c5e84ca_7542,Maritime,Bas-Mono,Bas-Mono 2,Agome-Glozou,POINT (1.6591399077154798 6.544415157464234),
_mview_route_ralentisseurs.fid-7b1c8a4a_1943c5e84ca_7543,Maritime,Bas-Mono,Bas-Mono 2,Agbétiko,POINT (1.7518824393771792 6.447143718117917),TGRMRTRN36 AKLAKOU-AVEVE-AFAGNAN
_mview_route_ralentisseurs.fid-7b1c8a4a_1943c5e84ca_7544,Maritime,Bas-Mono,Bas-Mono 2,Agbétiko,POINT (1.7520725308810476 6.452338678439642),TGRMRTRN36 AKLAKOU-AVEVE-AFAGNAN
_mview_route_ralentisseurs.fid-7b1c8a4a_1943c5e84ca_7545,Maritime,Bas-Mono,Bas-Mono 2,Agbétiko,POINT (1.7520891613739964 6.452788680014538),TGRMRTRN36 AKLAKOU-AVEVE-AFAGNAN
_mview_route_ralentisseurs.fid-7b1c8a4a_1943c5e84ca_7546,Maritime,Bas-Mono,Bas-Mono 2,Agbétiko,POINT (1.7520529760684547 6.446420128629571),TGRMRTRN36 AKLAKOU-AVEVE-AFAGNAN
_mview_route_ralentisseurs.fid-7b1c8a4a_1943c5e84ca_7547,Maritime,Bas-Mono,Bas-Mono 2,Agbétiko,POINT (1.7533678743947518 6.442833016041052),TGRMRTRN36 AKLAKOU-AVEVE-AFAGNAN
_mview_route_ralentisseurs.fid-7b1c8a4a_1943c5e84ca_7548,Maritime,Bas-Mono,Bas-Mono 2,Agbétiko,POINT (1.7535585958816609 6.442351030249275),TGRMRTRN36 AKLAKOU-AVEVE-AFAGNAN
_mview_route_ralentisseurs.fid-7b1c8a4a_1943c5e84ca_7549,Maritime,Bas-Mono,Bas-Mono 2,Agbétiko,POINT (1.7667682880459576 6.427411253168837),
_mview_route_ralentisseurs.fid-7b1c8a4a_1943c5e84ca_754a,Maritime,Bas-Mono,Bas-Mono 2,Agbétiko,POINT (1.766479527246124 6.427407226341183),
_mview_route_ralentisseurs.fid-7b1c8a4a_1943c5e84ca_754b,Maritime,Bas-Mono,Bas-Mono 1,Afagnangan,POINT (1.6371461940081617 6.4817345780605855),
_mview_route_ralentisseurs.fid-7b1c8a4a_1943c5e84ca_754c,Maritime,Bas-Mono,Bas-Mono 1,Afagnangan,POINT (1.6369720194284632 6.481803020450454),
_mview_route_ralentisseurs.fid-7b1c8a4a_1943c5e84ca_754d,Maritime,Bas-Mono,Bas-Mono 1,Afagnan-Gbléta,POINT (1.62113355066942 6.418359876489416),
_mview_route_ralentisseurs.fid-7b1c8a4a_1943c5e84ca_754e,Maritime,Bas-Mono,Bas-Mono 1,Afagnan-Gbléta,POINT (1.6195406911299637 6.422102732813488),
_mview_route_ralentisseurs.fid-7b1c8a4a_1943c5e84ca_754f,Maritime,Bas-Mono,Bas-Mono 2,Agome-Glozou,POINT (1.6595160208304052 6.56489351038855),
_mview_route_ralentisseurs.fid-7b1c8a4a_1943c5e84ca_7550,Maritime,Bas-Mono,Bas-Mono 1,Afagnangan,POINT (1.6416399028830377 6.498837816919255),
_mview_route_ralentisseurs.fid-7b1c8a4a_1943c5e84ca_7551,Maritime,Bas-Mono,Bas-Mono 1,Afagnangan,POINT (1.6269761269300536 6.497903809373994),
_mview_route_ralentisseurs.fid-7b1c8a4a_1943c5e84ca_7552,Maritime,Bas-Mono,Bas-Mono 1,Afagnan-Gbléta,POINT (1.6221431538922044 6.500325648094361),
_mview_route_ralentisseurs.fid-7b1c8a4a_1943c5e84ca_7553,Maritime,Bas-Mono,Bas-Mono 1,Afagnan-Gbléta,POINT (1.6219443462849057 6.500052999376778),
_mview_route_ralentisseurs.fid-7b1c8a4a_1943c5e84ca_7554,Maritime,Bas-Mono,Bas-Mono 1,Afagnangan,POINT (1.6238188566632423 6.4989617455821405),
_mview_route_ralentisseurs.fid-7b1c8a4a_1943c5e84ca_7555,Maritime,Bas-Mono,Bas-Mono 1,Afagnangan,POINT (1.6259213381703521 6.498444219785473),
_mview_route_ralentisseurs.fid-7b1c8a4a_1943c5e84ca_7556,Maritime,Bas-Mono,Bas-Mono 1,Afagnangan,POINT (1.6262305293914736 6.498385725498261),
_mview_route_ralentisseurs.fid-7b1c8a4a_1943c5e84ca_7557,Maritime,Bas-Mono,Bas-Mono 1,Afagnangan,POINT (1.630097231019303 6.499776221073688),
_mview_route_ralentisseurs.fid-7b1c8a4a_1943c5e84ca_7558,Maritime,Bas-Mono,Bas-Mono 1,Afagnangan,POINT (1.6300723789816889 6.4995065960792315),
_mview_route_ralentisseurs.fid-7b1c8a4a_1943c5e84ca_7559,Maritime,Bas-Mono,Bas-Mono 1,Afagnan-Gbléta,POINT (1.6033228014746175 6.412023507222994),
_mview_route_ralentisseurs.fid-7b1c8a4a_1943c5e84ca_755a,Maritime,Bas-Mono,Bas-Mono 1,Afagnan-Gbléta,POINT (1.618907912359822 6.48630634862744),
_mview_route_ralentisseurs.fid-7b1c8a4a_1943c5e84ca_755b,Maritime,Bas-Mono,Bas-Mono 1,Afagnan-Gbléta,POINT (1.618732915075869 6.486191520276585),
_mview_route_ralentisseurs.fid-7b1c8a4a_1943c5e84ca_755c,Maritime,Bas-Mono,Bas-Mono 1,Afagnan-Gbléta,POINT (1.5888480510337644 6.417076647663755),KLOLOGO CENTRE-ZOOTIE CENTRE
_mview_route_ralentisseurs.fid-7b1c8a4a_1943c5e84ca_755d,Maritime,Bas-Mono,Bas-Mono 2,Attitogon,POINT (1.6627615536762608 6.417075783467874),
_mview_route_ralentisseurs.fid-7b1c8a4a_1943c5e84ca_755e,Maritime,Bas-Mono,Bas-Mono 2,Attitogon,POINT (1.6635367415762166 6.415617670614834),
_mview_route_ralentisseurs.fid-7b1c8a4a_1943c5e84ca_755f,Maritime,Bas-Mono,Bas-Mono 2,Attitogon,POINT (1.6630784037185053 6.416470923526767),
_mview_route_ralentisseurs.fid-7b1c8a4a_1943c5e84ca_7560,Maritime,Bas-Mono,Bas-Mono 2,Attitogon,POINT (1.665817534496921 6.4104890370450365),
_mview_route_ralentisseurs.fid-7b1c8a4a_1943c5e84ca_7561,Maritime,Bas-Mono,Bas-Mono 2,Attitogon,POINT (1.664182950619671 6.41437842153451),
_mview_route_ralentisseurs.fid-7b1c8a4a_1943c5e84ca_7562,Maritime,Bas-Mono,Bas-Mono 1,Afagnangan,POINT (1.6308661609458954 6.497072210143755),
_mview_route_ralentisseurs.fid-7b1c8a4a_1943c5e84ca_7563,Maritime,Bas-Mono,Bas-Mono 1,Afagnangan,POINT (1.6332402871221345 6.50129137826789),
_mview_route_ralentisseurs.fid-7b1c8a4a_1943c5e84ca_7564,Maritime,Bas-Mono,Bas-Mono 1,Afagnangan,POINT (1.6446589802301035 6.495904069290441),
_mview_route_ralentisseurs.fid-7b1c8a4a_1943c5e84ca_7565,Maritime,Bas-Mono,Bas-Mono 1,Afagnan-Gbléta,POINT (1.6149772506513356 6.503455369453333),
_mview_route_ralentisseurs.fid-7b1c8a4a_1943c5e84ca_7566,Maritime,Bas-Mono,Bas-Mono 1,Afagnan-Gbléta,POINT (1.6155478957418017 6.502776017654621),
_mview_route_ralentisseurs.fid-7b1c8a4a_1943c5e84ca_7567,Kara,Bassar,Bassar 3,Kabou,POINT (0.812753785612723 9.451808430593987),TGRKRRRN17 MALFAKASSA-BASSAR-KABOU-GUERIN KOUKA-KATCHAMBA
_mview_route_ralentisseurs.fid-7b1c8a4a_1943c5e84ca_7568,Kara,Bassar,Bassar 3,Kabou,POINT (0.8121915516616068 9.453787396706561),TGRKRRRN17 MALFAKASSA-BASSAR-KABOU-GUERIN KOUKA-KATCHAMBA
_mview_route_ralentisseurs.fid-7b1c8a4a_1943c5e84ca_7569,Kara,Bassar,Bassar 3,Kabou,POINT (0.8119445516128125 9.454510025263387),TGRKRRRN17 MALFAKASSA-BASSAR-KABOU-GUERIN KOUKA-KATCHAMBA
_mview_route_ralentisseurs.fid-7b1c8a4a_1943c5e84ca_756a,Kara,Bassar,Bassar 3,Kabou,POINT (0.8114068718246492 9.456221360724664),TGRKRRRN17 MALFAKASSA-BASSAR-KABOU-GUERIN KOUKA-KATCHAMBA
_mview_route_ralentisseurs.fid-7b1c8a4a_1943c5e84ca_756b,Kara,Bassar,Bassar 3,Kabou,POINT (0.8106874853998243 9.458243562402547),TGRKRRRN17 MALFAKASSA-BASSAR-KABOU-GUERIN KOUKA-KATCHAMBA
_mview_route_ralentisseurs.fid-7b1c8a4a_1943c5e84ca_756c,Kara,Bassar,Bassar 3,Kabou,POINT (0.8098324452957298 9.459090296014589),TGRKRRRN17 MALFAKASSA-BASSAR-KABOU-GUERIN KOUKA-KATCHAMBA
_mview_route_ralentisseurs.fid-7b1c8a4a_1943c5e84ca_756d,Kara,Bassar,Bassar 3,Kabou,POINT (0.8082146823963685 9.459814704647794),TGRKRRRN17 MALFAKASSA-BASSAR-KABOU-GUERIN KOUKA-KATCHAMBA
_mview_route_ralentisseurs.fid-7b1c8a4a_1943c5e84ca_756e,Kara,Bassar,Bassar 1,Bassar,POINT (0.7795805248473499 9.263641908552314),TGRKVR BASSAR TRAVERSEE
_mview_route_ralentisseurs.fid-7b1c8a4a_1943c5e84ca_756f,Kara,Bassar,Bassar 1,Bassar,POINT (0.7797402321573453 9.265653946674254),TGRKVR BASSAR TRAVERSEE
_mview_route_ralentisseurs.fid-7b1c8a4a_1943c5e84ca_7570,Kara,Bassar,Bassar 1,Bassar,POINT (0.780044321213133 9.26989130605304),TGRKVR BASSAR TRAVERSEE
_mview_route_ralentisseurs.fid-7b1c8a4a_1943c5e84ca_7571,Kara,Bassar,Bassar 1,Bassar,POINT (0.780069822586936 9.273167979797051),TGRKVR BASSAR TRAVERSEE
_mview_route_ralentisseurs.fid-7b1c8a4a_1943c5e84ca_7572,Kara,Bassar,Bassar 1,Bassar,POINT (0.7797771281830659 9.275567975037175),TGRKVR BASSAR TRAVERSEE
_mview_route_ralentisseurs.fid-7b1c8a4a_1943c5e84ca_7573,Kara,Bassar,Bassar 1,Kalanga,POINT (0.6488587198250687 9.300831679354257),TGRKRTRN39 RN17 BASSAR-BITCHABE-RN19
_mview_route_ralentisseurs.fid-7b1c8a4a_1943c5e84ca_7574,Kara,Bassar,Bassar 1,Kalanga,POINT (0.7010661626316712 9.264948500429423),TGRKRTRN39 RN17 BASSAR-BITCHABE-RN19
_mview_route_ralentisseurs.fid-7b1c8a4a_1943c5e84ca_7575,Kara,Bassar,Bassar 1,Kalanga,POINT (0.7024466169125262 9.26487266666083),TGRKRTRN39 RN17 BASSAR-BITCHABE-RN19
_mview_route_ralentisseurs.fid-7b1c8a4a_1943c5e84ca_7576,Kara,Bassar,Bassar 1,Baghan,POINT (0.631698448570717 9.067848100327794),
_mview_route_ralentisseurs.fid-7b1c8a4a_1943c5e84ca_7577,Kara,Bassar,Bassar 1,Baghan,POINT (0.6296968449516006 9.06782824390309),
_mview_route_ralentisseurs.fid-7b1c8a4a_1943c5e84ca_7578,Kara,Bassar,Bassar 1,Baghan,POINT (0.6288886252487863 9.067815807893025),
_mview_route_ralentisseurs.fid-7b1c8a4a_1943c5e84ca_7579,Kara,Bassar,Bassar 1,Baghan,POINT (0.613934672350552 9.0712687159708),
_mview_route_ralentisseurs.fid-7b1c8a4a_1943c5e84ca_757a,Kara,Bassar,Bassar 1,Baghan,POINT (0.6142660518377822 9.071363396200333),
_mview_route_ralentisseurs.fid-7b1c8a4a_1943c5e84ca_757b,Kara,Bassar,Bassar 1,Baghan,POINT (0.6169120584141752 9.059444265366905),
_mview_route_ralentisseurs.fid-7b1c8a4a_1943c5e84ca_757c,Kara,Bassar,Bassar 1,Baghan,POINT (0.6171199046967806 9.05932887488314),
_mview_route_ralentisseurs.fid-7b1c8a4a_1943c5e84ca_757d,Kara,Bassar,Bassar 1,Bassar,POINT (0.7555677511387381 9.250508365750647),
_mview_route_ralentisseurs.fid-7b1c8a4a_1943c5e84ca_757e,Kara,Bassar,Bassar 1,Bassar,POINT (0.7557346705750554 9.250843493427237),
_mview_route_ralentisseurs.fid-7b1c8a4a_1943c5e84ca_757f,Kara,Bassar,Bassar 1,Bassar,POINT (0.7559794258150412 9.251296604501304),
_mview_route_ralentisseurs.fid-7b1c8a4a_1943c5e84ca_7580,Kara,Bassar,Bassar 1,Bassar,POINT (0.7651078058052141 9.24190775166784),
_mview_route_ralentisseurs.fid-7b1c8a4a_1943c5e84ca_7581,Kara,Bassar,Bassar 1,Bassar,POINT (0.7645641909944826 9.242124310383172),
_mview_route_ralentisseurs.fid-7b1c8a4a_1943c5e84ca_7582,Kara,Bassar,Bassar 1,Bassar,POINT (0.7876757787354897 9.266172569916348),TGRKRTRN17 MALFAKASSA-BASSAR-KABOU-GUERIN KOUKA-KATCHAMBA_2
_mview_route_ralentisseurs.fid-7b1c8a4a_1943c5e84ca_7583,Kara,Bassar,Bassar 1,Bassar,POINT (0.7875108582747359 9.266759317633923),TGRKRTRN17 MALFAKASSA-BASSAR-KABOU-GUERIN KOUKA-KATCHAMBA_2
_mview_route_ralentisseurs.fid-7b1c8a4a_1943c5e84ca_7584,Kara,Binah,Binah 2,Kétao,POINT (1.3043918711226776 9.660183590038265),TGRKRRRN16 RN1 KARA-KETAO-KEMERIDA-FRE BENIN
_mview_route_ralentisseurs.fid-7b1c8a4a_1943c5e84ca_7585,Kara,Binah,Binah 2,Kétao,POINT (1.3077577400572689 9.658889230939474),TGRKRRRN16 RN1 KARA-KETAO-KEMERIDA-FRE BENIN
_mview_route_ralentisseurs.fid-7b1c8a4a_1943c5e84ca_7586,Kara,Binah,Binah 2,Kétao,POINT (1.3090134446158888 9.658641688123927),TGRKRRRN16 RN1 KARA-KETAO-KEMERIDA-FRE BENIN
_mview_route_ralentisseurs.fid-7b1c8a4a_1943c5e84ca_7587,Kara,Binah,Binah 2,Kétao,POINT (1.3111770106091813 9.658630325878141),TGRKRRRN16 RN1 KARA-KETAO-KEMERIDA-FRE BENIN
_mview_route_ralentisseurs.fid-7b1c8a4a_1943c5e84ca_7588,Kara,Binah,Binah 2,Kétao,POINT (1.3177086953211616 9.660021738605451),TGRKRRRN16 RN1 KARA-KETAO-KEMERIDA-FRE BENIN
_mview_route_ralentisseurs.fid-7b1c8a4a_1943c5e84ca_7589,Kara,Binah,Binah 2,Kémérida,POINT (1.341265341739767 9.660175414769805),TGRKRRRN16 RN1 KARA-KETAO-KEMERIDA-FRE BENIN
_mview_route_ralentisseurs.fid-7b1c8a4a_1943c5e84ca_758a,Kara,Binah,Binah 2,Kémérida,POINT (1.3467808915380215 9.662495822478695),TGRKRRRN16 RN1 KARA-KETAO-KEMERIDA-FRE BENIN
_mview_route_ralentisseurs.fid-7b1c8a4a_1943c5e84ca_758b,Kara,Binah,Binah 2,Kémérida,POINT (1.351667415865831 9.664099923545642),TGRKRRRN16 RN1 KARA-KETAO-KEMERIDA-FRE BENIN
_mview_route_ralentisseurs.fid-7b1c8a4a_1943c5e84ca_758c,Kara,Binah,Binah 1,Pagouda,POINT (1.3254935351372372 9.751035986299181),TGRKRRRN20 KETAO-PAGOUDA
_mview_route_ralentisseurs.fid-7b1c8a4a_1943c5e84ca_758d,Kara,Binah,Binah 1,Pagouda,POINT (1.3263941704119244 9.75158304674927),TGRKRRRN20 KETAO-PAGOUDA
_mview_route_ralentisseurs.fid-7b1c8a4a_1943c5e84ca_758e,Kara,Binah,Binah 1,Pagouda,POINT (1.3276838770849857 9.752290000514945),TGRKRRRN20 KETAO-PAGOUDA
_mview_route_ralentisseurs.fid-7b1c8a4a_1943c5e84ca_758f,Kara,Binah,Binah 1,Pagouda,POINT (1.3280720444278817 9.753389569153226),TGRKRRRN20 KETAO-PAGOUDA
_mview_route_ralentisseurs.fid-7b1c8a4a_1943c5e84ca_7590,Kara,Binah,Binah 1,Solla,POINT (1.3382928994938947 9.992459055650007),
_mview_route_ralentisseurs.fid-7b1c8a4a_1943c5e84ca_7591,Centrale,Blitta,Blitta 1,Blitta-Village,POINT (1.011024834036878 8.351648601767605),
_mview_route_ralentisseurs.fid-7b1c8a4a_1943c5e84ca_7592,Kara,Binah,Binah 1,Solla,POINT (1.3493938877139289 9.890333081414896),
_mview_route_ralentisseurs.fid-7b1c8a4a_1943c5e84ca_7593,Kara,Binah,Binah 1,Pessaré,POINT (1.2375714354132614 9.793512400938189),
_mview_route_ralentisseurs.fid-7b1c8a4a_1943c5e84ca_7594,Kara,Binah,Binah 1,Pessaré,POINT (1.2374290366687366 9.792634941782858),
_mview_route_ralentisseurs.fid-7b1c8a4a_1943c5e84ca_7595,Kara,Binah,Binah 1,Pagouda,POINT (1.2901937855889112 9.823437126042995),
_mview_route_ralentisseurs.fid-7b1c8a4a_1943c5e84ca_7596,Kara,Binah,Binah 1,Pagouda,POINT (1.2906251185380022 9.822180935276581),
_mview_route_ralentisseurs.fid-7b1c8a4a_1943c5e84ca_7597,Kara,Binah,Binah 1,Pagouda,POINT (1.2903937647202408 9.82131488399511),
_mview_route_ralentisseurs.fid-7b1c8a4a_1943c5e84ca_7598,Kara,Binah,Binah 2,Kétao,POINT (1.3162630252692034 9.683172632799868),
_mview_route_ralentisseurs.fid-7b1c8a4a_1943c5e84ca_7599,Kara,Binah,Binah 1,Pagouda,POINT (1.317418213721124 9.68510058521224),
_mview_route_ralentisseurs.fid-7b1c8a4a_1943c5e84ca_759a,Kara,Binah,Binah 1,Pagouda,POINT (1.3179321895089022 9.685902262403435),
_mview_route_ralentisseurs.fid-7b1c8a4a_1943c5e84ca_759b,Kara,Binah,Binah 1,Pagouda,POINT (1.3140446425105439 9.69251648549632),
_mview_route_ralentisseurs.fid-7b1c8a4a_1943c5e84ca_759c,Kara,Binah,Binah 1,Pagouda,POINT (1.3139061285665157 9.691789980138939),
_mview_route_ralentisseurs.fid-7b1c8a4a_1943c5e84ca_759d,Kara,Binah,Binah 2,Sirka,POINT (1.2918759648658982 9.613883772001557),
_mview_route_ralentisseurs.fid-7b1c8a4a_1943c5e84ca_759e,Kara,Binah,Binah 2,Sirka,POINT (1.2919821964099287 9.61373995424155),
_mview_route_ralentisseurs.fid-7b1c8a4a_1943c5e84ca_759f,Kara,Binah,Binah 2,Sirka,POINT (1.2924037534363184 9.613036209676457),
_mview_route_ralentisseurs.fid-7b1c8a4a_1943c5e84ca_75a0,Kara,Binah,Binah 2,Sirka,POINT (1.2925040891736945 9.61286682165274),
_mview_route_ralentisseurs.fid-7b1c8a4a_1943c5e84ca_75a1,Centrale,Blitta,Blitta 1,Tchaloudè,POINT (1.1120446226204752 8.27240522537383),
_mview_route_ralentisseurs.fid-7b1c8a4a_1943c5e84ca_75a2,Centrale,Blitta,Blitta 1,Tchaloudè,POINT (1.112223655787602 8.2723641969523),
_mview_route_ralentisseurs.fid-7b1c8a4a_1943c5e84ca_75a3,Centrale,Blitta,Blitta 1,Yaloumbè,POINT (1.0823434641940708 8.299636961778733),
_mview_route_ralentisseurs.fid-7b1c8a4a_1943c5e84ca_75a4,Centrale,Blitta,Blitta 1,Tchaloudè,POINT (1.1549346009459491 8.320906058145548),
_mview_route_ralentisseurs.fid-7b1c8a4a_1943c5e84ca_75a5,Centrale,Blitta,Blitta 1,Tchaloudè,POINT (1.1553950564779167 8.3215005006822),
_mview_route_ralentisseurs.fid-7b1c8a4a_1943c5e84ca_75a6,Centrale,Blitta,Blitta 1,Tchaloudè,POINT (1.2181422594499456 8.354313814434196),
_mview_route_ralentisseurs.fid-7b1c8a4a_1943c5e84ca_75a7,Centrale,Blitta,Blitta 1,Tchaloudè,POINT (1.218148334525985 8.354301664281916),
_mview_route_ralentisseurs.fid-7b1c8a4a_1943c5e84ca_75a8,Centrale,Blitta,Blitta 1,Tchaloudè,POINT (1.2182155312200915 8.354061082614152),
_mview_route_ralentisseurs.fid-7b1c8a4a_1943c5e84ca_75a9,Centrale,Blitta,Blitta 1,Tchaloudè,POINT (1.2182056473633724 8.353910482586205),
_mview_route_ralentisseurs.fid-7b1c8a4a_1943c5e84ca_75aa,Centrale,Blitta,Blitta 1,Tchaloudè,POINT (1.2182350715566674 8.353688973465472),
_mview_route_ralentisseurs.fid-7b1c8a4a_1943c5e84ca_75ab,Centrale,Blitta,Blitta 1,Blitta-Village,POINT (1.0104569427012395 8.341954979057794),
_mview_route_ralentisseurs.fid-7b1c8a4a_1943c5e84ca_75ac,Centrale,Blitta,Blitta 1,Yaloumbè,POINT (1.0738646052961243 8.311831099032569),
_mview_route_ralentisseurs.fid-7b1c8a4a_1943c5e84ca_75ad,Centrale,Blitta,Blitta 1,Yaloumbè,POINT (1.0624367575564344 8.32036860600366),
_mview_route_ralentisseurs.fid-7b1c8a4a_1943c5e84ca_75ae,Centrale,Blitta,Blitta 1,Blitta-Village,POINT (1.0098534345172374 8.345158422689721),BLITA VILLAGE-KAZABOUA
_mview_route_ralentisseurs.fid-7b1c8a4a_1943c5e84ca_75af,Centrale,Blitta,Blitta 1,Blitta-Village,POINT (1.0105750564732605 8.345643389807242),BLITA VILLAGE-KAZABOUA
_mview_route_ralentisseurs.fid-7b1c8a4a_1943c5e84ca_75b0,Centrale,Blitta,Blitta 1,Blitta-Village,POINT (1.0131783191564472 8.348912627524976),BLITA VILLAGE-KAZABOUA
_mview_route_ralentisseurs.fid-7b1c8a4a_1943c5e84ca_75b1,Centrale,Blitta,Blitta 1,Blitta-Village,POINT (1.0133362290305905 8.349185742131148),BLITA VILLAGE-KAZABOUA
_mview_route_ralentisseurs.fid-7b1c8a4a_1943c5e84ca_75b2,Centrale,Blitta,Blitta 1,Tchaloudè,POINT (1.2188622215166125 8.299399194012246),
_mview_route_ralentisseurs.fid-7b1c8a4a_1943c5e84ca_75b3,Centrale,Blitta,Blitta 1,Tchaloudè,POINT (1.1588002263442598 8.310134526734794),
_mview_route_ralentisseurs.fid-7b1c8a4a_1943c5e84ca_75b4,Centrale,Blitta,Blitta 2,Agbandi,POINT (1.132785209809286 8.217020761484882),
_mview_route_ralentisseurs.fid-7b1c8a4a_1943c5e84ca_75b5,Centrale,Blitta,Blitta 2,Agbandi,POINT (1.1329117049447828 8.216668070404),
_mview_route_ralentisseurs.fid-7b1c8a4a_1943c5e84ca_75b6,Centrale,Blitta,Blitta 2,Langabou,POINT (1.1122090146472878 8.128748047049205),
_mview_route_ralentisseurs.fid-7b1c8a4a_1943c5e84ca_75b7,Centrale,Blitta,Blitta 2,Langabou,POINT (1.1120984972426113 8.12860464088822),
_mview_route_ralentisseurs.fid-7b1c8a4a_1943c5e84ca_75b8,Centrale,Blitta,Blitta 2,Tcharè-Baou,POINT (1.0380148750482834 8.0087329515745),
_mview_route_ralentisseurs.fid-7b1c8a4a_1943c5e84ca_75b9,Centrale,Blitta,Blitta 2,Tcharè-Baou,POINT (1.0378123399924004 8.008990225879133),
_mview_route_ralentisseurs.fid-7b1c8a4a_1943c5e84ca_75ba,Centrale,Blitta,Blitta 1,Waragni,POINT (1.032104959205574 8.273933582807233),
_mview_route_ralentisseurs.fid-7b1c8a4a_1943c5e84ca_75bb,Centrale,Blitta,Blitta 1,Waragni,POINT (1.032040303532849 8.274263393797499),
_mview_route_ralentisseurs.fid-7b1c8a4a_1943c5e84ca_75bc,Centrale,Blitta,Blitta 1,Waragni,POINT (1.031848391396772 8.275466219331573),
_mview_route_ralentisseurs.fid-7b1c8a4a_1943c5e84ca_75bd,Centrale,Blitta,Blitta 1,Waragni,POINT (1.0338494966172733 8.275880361681253),
_mview_route_ralentisseurs.fid-7b1c8a4a_1943c5e84ca_75be,Centrale,Blitta,Blitta 2,Agbandi,POINT (1.1362847695112104 8.226550403622648),
_mview_route_ralentisseurs.fid-7b1c8a4a_1943c5e84ca_75bf,Centrale,Blitta,Blitta 2,Langabou,POINT (1.2302011685506413 8.118729811139291),
_mview_route_ralentisseurs.fid-7b1c8a4a_1943c5e84ca_75c0,Centrale,Blitta,Blitta 2,Langabou,POINT (1.2298437841547432 8.118312926688365),
_mview_route_ralentisseurs.fid-7b1c8a4a_1943c5e84ca_75c1,Centrale,Blitta,Blitta 2,Langabou,POINT (1.229522356271717 8.118070949227885),
_mview_route_ralentisseurs.fid-7b1c8a4a_1943c5e84ca_75c2,Centrale,Blitta,Blitta 2,Langabou,POINT (1.1640099128733672 8.114842630943912),
_mview_route_ralentisseurs.fid-7b1c8a4a_1943c5e84ca_75c3,Centrale,Blitta,Blitta 2,Langabou,POINT (1.163575025856267 8.114921492430172),
_mview_route_ralentisseurs.fid-7b1c8a4a_1943c5e84ca_75c4,Centrale,Blitta,Blitta 2,Koffiti,POINT (1.1838759587058085 8.059063196269236),
_mview_route_ralentisseurs.fid-7b1c8a4a_1943c5e84ca_75c5,Centrale,Blitta,Blitta 2,Koffiti,POINT (1.1750111034016701 8.04945563884071),
_mview_route_ralentisseurs.fid-7b1c8a4a_1943c5e84ca_75c6,Centrale,Blitta,Blitta 2,Koffiti,POINT (1.1744191363617493 8.049294976597746),
_mview_route_ralentisseurs.fid-7b1c8a4a_1943c5e84ca_75c7,Centrale,Blitta,Blitta 2,Tcharè-Baou,POINT (1.0414316666667025 8.094486993572415),
_mview_route_ralentisseurs.fid-7b1c8a4a_1943c5e84ca_75c8,Centrale,Blitta,Blitta 2,Tcharè-Baou,POINT (1.0275193611213367 8.07066326934193),
_mview_route_ralentisseurs.fid-7b1c8a4a_1943c5e84ca_75c9,Centrale,Blitta,Blitta 1,Waragni,POINT (0.9788718660932506 8.237073799534238),
_mview_route_ralentisseurs.fid-7b1c8a4a_1943c5e84ca_75ca,Centrale,Blitta,Blitta 2,Langabou,POINT (1.2022490670057238 8.11308178152278),
_mview_route_ralentisseurs.fid-7b1c8a4a_1943c5e84ca_75cb,Centrale,Blitta,Blitta 2,Langabou,POINT (1.1987190904436151 8.106057343285334),
_mview_route_ralentisseurs.fid-7b1c8a4a_1943c5e84ca_75cc,Centrale,Blitta,Blitta 2,Langabou,POINT (1.1987537157317023 8.10629097830007),
_mview_route_ralentisseurs.fid-7b1c8a4a_1943c5e84ca_75cd,Centrale,Blitta,Blitta 2,Langabou,POINT (1.1990225937005041 8.107712910715287),
_mview_route_ralentisseurs.fid-7b1c8a4a_1943c5e84ca_75ce,Centrale,Blitta,Blitta 2,Langabou,POINT (1.1737899095315534 8.111668544977332),
_mview_route_ralentisseurs.fid-7b1c8a4a_1943c5e84ca_75cf,Centrale,Blitta,Blitta 2,Langabou,POINT (1.173729633332002 8.11210206333921),
_mview_route_ralentisseurs.fid-7b1c8a4a_1943c5e84ca_75d0,Centrale,Blitta,Blitta 2,Langabou,POINT (1.1736399336330672 8.112258305021866),
_mview_route_ralentisseurs.fid-7b1c8a4a_1943c5e84ca_75d1,Centrale,Blitta,Blitta 2,Tcharè-Baou,POINT (1.0509377942799583 8.084267085167394),
_mview_route_ralentisseurs.fid-7b1c8a4a_1943c5e84ca_75d2,Centrale,Blitta,Blitta 2,Langabou,POINT (1.2560609138793424 8.062616730761894),
_mview_route_ralentisseurs.fid-7b1c8a4a_1943c5e84ca_75d3,Centrale,Blitta,Blitta 2,Langabou,POINT (1.2561643673622767 8.06238066486825),
_mview_route_ralentisseurs.fid-7b1c8a4a_1943c5e84ca_75d4,Centrale,Blitta,Blitta 2,Langabou,POINT (1.2562542338373701 8.062213374971765),
_mview_route_ralentisseurs.fid-7b1c8a4a_1943c5e84ca_75d5,Centrale,Blitta,Blitta 2,Koffiti,POINT (1.1170989407832728 8.073272437138991),
_mview_route_ralentisseurs.fid-7b1c8a4a_1943c5e84ca_75d6,Centrale,Blitta,Blitta 2,Koffiti,POINT (1.116785141158647 8.073032904305046),
_mview_route_ralentisseurs.fid-7b1c8a4a_1943c5e84ca_75d7,Centrale,Blitta,Blitta 2,Koffiti,POINT (1.1165055501576595 8.072817225947812),
_mview_route_ralentisseurs.fid-7b1c8a4a_1943c5e84ca_75d8,Centrale,Blitta,Blitta 2,Koffiti,POINT (1.116244967762596 8.072649992033258),
_mview_route_ralentisseurs.fid-7b1c8a4a_1943c5e84ca_75d9,Centrale,Blitta,Blitta 2,Koffiti,POINT (1.1159056999901027 8.072197593431843),
_mview_route_ralentisseurs.fid-7b1c8a4a_1943c5e84ca_75da,Centrale,Blitta,Blitta 1,Doufouli,POINT (0.9370187357499152 8.307548756464438),
_mview_route_ralentisseurs.fid-7b1c8a4a_1943c5e84ca_75db,Centrale,Blitta,Blitta 1,Doufouli,POINT (0.9366791408465711 8.30756768356493),
_mview_route_ralentisseurs.fid-7b1c8a4a_1943c5e84ca_75dc,Centrale,Blitta,Blitta 1,Doufouli,POINT (0.9363608413623882 8.30758417197172),
_mview_route_ralentisseurs.fid-7b1c8a4a_1943c5e84ca_75dd,Centrale,Blitta,Blitta 3,Welly,POINT (0.9887256309243305 8.053819853852229),
_mview_route_ralentisseurs.fid-7b1c8a4a_1943c5e84ca_75de,Centrale,Blitta,Blitta 3,Welly,POINT (1.0048722433152542 7.979575962768893),
_mview_route_ralentisseurs.fid-7b1c8a4a_1943c5e84ca_75df,Centrale,Blitta,Blitta 3,Welly,POINT (1.0047659614507956 7.979274055659363),
_mview_route_ralentisseurs.fid-7b1c8a4a_1943c5e84ca_75e0,Centrale,Blitta,Blitta 3,Welly,POINT (0.994692003627842 8.042903439273717),
_mview_route_ralentisseurs.fid-7b1c8a4a_1943c5e84ca_75e1,Centrale,Blitta,Blitta 3,Welly,POINT (0.9947901571017177 8.042924519215598),
_mview_route_ralentisseurs.fid-7b1c8a4a_1943c5e84ca_75e2,Centrale,Blitta,Blitta 3,Tintchro,POINT (0.7345431185282821 8.133392886164927),
_mview_route_ralentisseurs.fid-7b1c8a4a_1943c5e84ca_75e3,Centrale,Blitta,Blitta 3,Tintchro,POINT (0.7369913392102857 8.132881795441184),
_mview_route_ralentisseurs.fid-7b1c8a4a_1943c5e84ca_75e4,Centrale,Blitta,Blitta 3,Katchenkè,POINT (0.7228157489884927 8.213399826454012),TGRCRRRRN27 LANGABOU-YEGUE-FRE GHANA
_mview_route_ralentisseurs.fid-7b1c8a4a_1943c5e84ca_75e5,Centrale,Blitta,Blitta 3,Pagala-Village,POINT (0.884233331665694 8.215228333344685),
_mview_route_ralentisseurs.fid-7b1c8a4a_1943c5e84ca_75e6,Centrale,Blitta,Blitta 3,M'Poti,POINT (0.7763177992202419 8.235273586281695),
_mview_route_ralentisseurs.fid-7b1c8a4a_1943c5e84ca_75e7,Centrale,Blitta,Blitta 1,Pagala-Gare,POINT (0.9642419869481034 8.177663861183532),
_mview_route_ralentisseurs.fid-7b1c8a4a_1943c5e84ca_75e8,Centrale,Blitta,Blitta 1,Pagala-Gare,POINT (0.9639232596188021 8.17713186642113),
_mview_route_ralentisseurs.fid-7b1c8a4a_1943c5e84ca_75e9,Centrale,Blitta,Blitta 1,Pagala-Gare,POINT (0.9638986752817056 8.173932659263688),
_mview_route_ralentisseurs.fid-7b1c8a4a_1943c5e84ca_75ea,Centrale,Blitta,Blitta 1,Pagala-Gare,POINT (0.9666391003447757 8.176946332525858),
_mview_route_ralentisseurs.fid-7b1c8a4a_1943c5e84ca_75eb,Centrale,Blitta,Blitta 1,Pagala-Gare,POINT (0.9720316603623829 8.180832337078227),
_mview_route_ralentisseurs.fid-7b1c8a4a_1943c5e84ca_75ec,Centrale,Blitta,Blitta 1,Pagala-Gare,POINT (0.9595260790110268 8.18768455328669),
_mview_route_ralentisseurs.fid-7b1c8a4a_1943c5e84ca_75ed,Centrale,Blitta,Blitta 1,Pagala-Gare,POINT (0.95747446783176 8.189043858601813),
_mview_route_ralentisseurs.fid-7b1c8a4a_1943c5e84ca_75ee,Savanes,Cinkassé,Cinkassé 2,Nadjoundi,POINT (0.1738861317736908 11.020623962961583),
_mview_route_ralentisseurs.fid-7b1c8a4a_1943c5e84ca_75ef,Savanes,Cinkassé,Cinkassé 2,Timbou,POINT (0.1174330874028852 11.038573945874667),
_mview_route_ralentisseurs.fid-7b1c8a4a_1943c5e84ca_75f0,Savanes,Cinkassé,Cinkassé 2,Timbou,POINT (0.1172494394716015 11.038266288011544),
_mview_route_ralentisseurs.fid-7b1c8a4a_1943c5e84ca_75f1,Savanes,Cinkassé,Cinkassé 2,Timbou,POINT (0.1201506221290959 11.038787812448067),
_mview_route_ralentisseurs.fid-7b1c8a4a_1943c5e84ca_75f2,Savanes,Cinkassé,Cinkassé 2,Timbou,POINT (0.119397673764288 11.037869329994193),
_mview_route_ralentisseurs.fid-7b1c8a4a_1943c5e84ca_75f3,Savanes,Cinkassé,Cinkassé 2,Timbou,POINT (0.1149815680476577 11.031466711600928),
_mview_route_ralentisseurs.fid-7b1c8a4a_1943c5e84ca_75f4,Savanes,Cinkassé,Cinkassé 1,Cinkassé,POINT (0.0042735454894444 11.098828279863564),CINKASSÉ-PISOZGO
_mview_route_ralentisseurs.fid-7b1c8a4a_1943c5e84ca_75f5,Savanes,Cinkassé,Cinkassé 1,Cinkassé,POINT (0.0046658203117467 11.099087535289765),CINKASSÉ-PISOZGO
_mview_route_ralentisseurs.fid-7b1c8a4a_1943c5e84ca_75f6,Savanes,Cinkassé,Cinkassé 1,Cinkassé,POINT (0.0152132403055383 11.109455728077325),
_mview_route_ralentisseurs.fid-7b1c8a4a_1943c5e84ca_75f7,Savanes,Cinkassé,Cinkassé 1,Cinkassé,POINT (0.0148221431694381 11.110792771355467),
_mview_route_ralentisseurs.fid-7b1c8a4a_1943c5e84ca_75f8,Savanes,Cinkassé,Cinkassé 1,Cinkassé,POINT (0.0147324008917073 11.108490108457962),
_mview_route_ralentisseurs.fid-7b1c8a4a_1943c5e84ca_75f9,Savanes,Cinkassé,Cinkassé 1,Cinkassé,POINT (0.0147418087669098 11.108428852851473),
_mview_route_ralentisseurs.fid-7b1c8a4a_1943c5e84ca_75fa,Savanes,Cinkassé,Cinkassé 1,Cinkassé,POINT (0.0147528930912363 11.108356681656302),
_mview_route_ralentisseurs.fid-7b1c8a4a_1943c5e84ca_75fb,Savanes,Cinkassé,Cinkassé 1,Cinkassé,POINT (0.0094333014131825 11.106140352442699),
_mview_route_ralentisseurs.fid-7b1c8a4a_1943c5e84ca_75fc,Kara,Dankpen,Dankpen 2,Namon,POINT (0.8084854001920874 9.728335495337976),
_mview_route_ralentisseurs.fid-7b1c8a4a_1943c5e84ca_75fd,Kara,Dankpen,Dankpen 2,Namon,POINT (0.8102921703435494 9.728579350936236),
_mview_route_ralentisseurs.fid-7b1c8a4a_1943c5e84ca_75fe,Kara,Dankpen,Dankpen 2,Namon,POINT (0.811706443905514 9.729235065649364),
_mview_route_ralentisseurs.fid-7b1c8a4a_1943c5e84ca_75ff,Kara,Dankpen,Dankpen 2,Namon,POINT (0.814125551901467 9.730402256204805),
_mview_route_ralentisseurs.fid-7b1c8a4a_1943c5e84ca_7600,Kara,Dankpen,Dankpen 2,Natchiboré,POINT (0.7669003839117617 9.76616947086182),
_mview_route_ralentisseurs.fid-7b1c8a4a_1943c5e84ca_7601,Kara,Dankpen,Dankpen 2,Natchiboré,POINT (0.7673869523637619 9.766296235770685),
_mview_route_ralentisseurs.fid-7b1c8a4a_1943c5e84ca_7602,Kara,Dankpen,Dankpen 2,Natchiboré,POINT (0.7678868980936603 9.765986423923211),
_mview_route_ralentisseurs.fid-7b1c8a4a_1943c5e84ca_7603,Kara,Dankpen,Dankpen 2,Natchiboré,POINT (0.768574330973317 9.765538224591173),
_mview_route_ralentisseurs.fid-7b1c8a4a_1943c5e84ca_7604,Kara,Dankpen,Dankpen 2,Natchiboré,POINT (0.7726487862704426 9.76280216893619),
_mview_route_ralentisseurs.fid-7b1c8a4a_1943c5e84ca_7605,Kara,Dankpen,Dankpen 2,Namon,POINT (0.8068276281947255 9.730874823400631),
_mview_route_ralentisseurs.fid-7b1c8a4a_1943c5e84ca_7606,Kara,Dankpen,Dankpen 2,Natchitikpi,POINT (0.6975077831220113 9.763559244497278),
_mview_route_ralentisseurs.fid-7b1c8a4a_1943c5e84ca_7607,Kara,Dankpen,Dankpen 2,Natchitikpi,POINT (0.6980235754153566 9.763525894884209),
_mview_route_ralentisseurs.fid-7b1c8a4a_1943c5e84ca_7608,Kara,Dankpen,Dankpen 2,Natchitikpi,POINT (0.6983851846372493 9.76352232333893),
_mview_route_ralentisseurs.fid-7b1c8a4a_1943c5e84ca_7609,Kara,Dankpen,Dankpen 3,Bapuré,POINT (0.6213467713961845 9.524256021941238),
_mview_route_ralentisseurs.fid-7b1c8a4a_1943c5e84ca_760a,Kara,Dankpen,Dankpen 3,Bapuré,POINT (0.6210363040074692 9.523749199121886),
_mview_route_ralentisseurs.fid-7b1c8a4a_1943c5e84ca_760b,Kara,Dankpen,Dankpen 3,Bapuré,POINT (0.6156025619852553 9.525415808150807),
_mview_route_ralentisseurs.fid-7b1c8a4a_1943c5e84ca_760c,Plateaux,Danyi,Danyi 1,Danyi-Atigba,POINT (0.6868147379168129 7.232624758990573),TGRPRRRN30 ADETA(RN5)-NDIGBE-APEYEME-FRE GHANA
_mview_route_ralentisseurs.fid-7b1c8a4a_1943c5e84ca_760d,Plateaux,Danyi,Danyi 1,Danyi-Atigba,POINT (0.6866039384729132 7.233435535210756),TGRPRRRN30 ADETA(RN5)-NDIGBE-APEYEME-FRE GHANA
_mview_route_ralentisseurs.fid-7b1c8a4a_1943c5e84ca_760e,Plateaux,Danyi,Danyi 1,Danyi-Atigba,POINT (0.6863677916472869 7.234151415303963),TGRPRRRN30 ADETA(RN5)-NDIGBE-APEYEME-FRE GHANA
_mview_route_ralentisseurs.fid-7b1c8a4a_1943c5e84ca_760f,Plateaux,Danyi,Danyi 2,Ahlon,POINT (0.6652624871565229 7.330564534895448),
_mview_route_ralentisseurs.fid-7b1c8a4a_1943c5e84ca_7610,Plateaux,Danyi,Danyi 2,Ahlon,POINT (0.6655156371317452 7.331014359652049),
_mview_route_ralentisseurs.fid-7b1c8a4a_1943c5e84ca_7611,Plateaux,Danyi,Danyi 2,Ahlon,POINT (0.6660267949016013 7.331850726536636),
_mview_route_ralentisseurs.fid-7b1c8a4a_1943c5e84ca_7612,Plateaux,Danyi,Danyi 2,Ahlon,POINT (0.6664159127750172 7.332372256530516),
_mview_route_ralentisseurs.fid-7b1c8a4a_1943c5e84ca_7613,Plateaux,Danyi,Danyi 2,Danyi-Elavagnon,POINT (0.7041930146768746 7.281321496293404),
_mview_route_ralentisseurs.fid-7b1c8a4a_1943c5e84ca_7614,Plateaux,Danyi,Danyi 2,Danyi-Elavagnon,POINT (0.7132522804115705 7.283661986020158),
_mview_route_ralentisseurs.fid-7b1c8a4a_1943c5e84ca_7615,Kara,Doufelgou,Doufelgou 1,Niamtougou,POINT (1.1128600153981583 9.75631990084328),
_mview_route_ralentisseurs.fid-7b1c8a4a_1943c5e84ca_7616,Kara,Doufelgou,Doufelgou 1,Niamtougou,POINT (1.112315338230874 9.756257223095245),
_mview_route_ralentisseurs.fid-7b1c8a4a_1943c5e84ca_7617,Kara,Doufelgou,Doufelgou 1,Niamtougou,POINT (1.1114411092376537 9.756164063804444),
_mview_route_ralentisseurs.fid-7b1c8a4a_1943c5e84ca_7618,Kara,Doufelgou,Doufelgou 1,Niamtougou,POINT (1.1106292469540986 9.7560716155591),
_mview_route_ralentisseurs.fid-7b1c8a4a_1943c5e84ca_7619,Kara,Doufelgou,Doufelgou 1,Niamtougou,POINT (1.1099066872260912 9.755977124004259),
_mview_route_ralentisseurs.fid-7b1c8a4a_1943c5e84ca_761a,Kara,Doufelgou,Doufelgou 1,Niamtougou,POINT (1.109247883915664 9.75591505033653),
_mview_route_ralentisseurs.fid-7b1c8a4a_1943c5e84ca_761b,Kara,Doufelgou,Doufelgou 1,Ténéga,POINT (1.1364561928314643 9.810192894744283),
_mview_route_ralentisseurs.fid-7b1c8a4a_1943c5e84ca_761c,Kara,Doufelgou,Doufelgou 1,Ténéga,POINT (1.1359228040589973 9.809953309836773),
_mview_route_ralentisseurs.fid-7b1c8a4a_1943c5e84ca_761d,Kara,Doufelgou,Doufelgou 1,Ténéga,POINT (1.1355626940551955 9.809682074472084),
_mview_route_ralentisseurs.fid-7b1c8a4a_1943c5e84ca_761e,Kara,Doufelgou,Doufelgou 1,Ténéga,POINT (1.1352053760416678 9.809431132535535),
_mview_route_ralentisseurs.fid-7b1c8a4a_1943c5e84ca_761f,Kara,Doufelgou,Doufelgou 1,Baga,POINT (1.1176558948414492 9.791026552165198),
_mview_route_ralentisseurs.fid-7b1c8a4a_1943c5e84ca_7620,Kara,Doufelgou,Doufelgou 1,Baga,POINT (1.0859353188557217 9.79159223824121),BAGA-ALLOUM
_mview_route_ralentisseurs.fid-7b1c8a4a_1943c5e84ca_7621,Kara,Doufelgou,Doufelgou 1,Baga,POINT (1.0912945936207779 9.791914630825422),BAGA-ALLOUM
_mview_route_ralentisseurs.fid-7b1c8a4a_1943c5e84ca_7622,Kara,Doufelgou,Doufelgou 1,Siou,POINT (1.199881759100206 9.832634858926722),
_mview_route_ralentisseurs.fid-7b1c8a4a_1943c5e84ca_7623,Kara,Doufelgou,Doufelgou 1,Siou,POINT (1.1998793850594232 9.833262006540975),
_mview_route_ralentisseurs.fid-7b1c8a4a_1943c5e84ca_7624,Kara,Doufelgou,Doufelgou 1,Siou,POINT (1.1998883826252893 9.833582170009986),
_mview_route_ralentisseurs.fid-7b1c8a4a_1943c5e84ca_7625,Kara,Doufelgou,Doufelgou 1,Siou,POINT (1.199915635574061 9.834175600588262),
_mview_route_ralentisseurs.fid-7b1c8a4a_1943c5e84ca_7626,Kara,Doufelgou,Doufelgou 1,Pouda,POINT (1.2595828959666195 9.881848029234432),
_mview_route_ralentisseurs.fid-7b1c8a4a_1943c5e84ca_7627,Kara,Doufelgou,Doufelgou 1,Pouda,POINT (1.2638092784725945 9.874209033678156),
_mview_route_ralentisseurs.fid-7b1c8a4a_1943c5e84ca_7628,Kara,Doufelgou,Doufelgou 1,Pouda,POINT (1.2643673504942508 9.874150338622428),
_mview_route_ralentisseurs.fid-7b1c8a4a_1943c5e84ca_7629,Kara,Doufelgou,Doufelgou 1,Massédéna,POINT (1.3211883009651142 10.017642302173293),
_mview_route_ralentisseurs.fid-7b1c8a4a_1943c5e84ca_762a,Kara,Doufelgou,Doufelgou 1,Massédéna,POINT (1.3210364425679344 10.017446664726597),
_mview_route_ralentisseurs.fid-7b1c8a4a_1943c5e84ca_762b,Kara,Doufelgou,Doufelgou 1,Massédéna,POINT (1.2906293734894267 9.93522897326469),
_mview_route_ralentisseurs.fid-7b1c8a4a_1943c5e84ca_762c,Kara,Doufelgou,Doufelgou 1,Massédéna,POINT (1.2851286071090111 9.942403665725399),
_mview_route_ralentisseurs.fid-7b1c8a4a_1943c5e84ca_762d,Kara,Doufelgou,Doufelgou 1,Massédéna,POINT (1.284417993675438 9.94329884288794),
_mview_route_ralentisseurs.fid-7b1c8a4a_1943c5e84ca_762e,Kara,Doufelgou,Doufelgou 3,Alloum,POINT (0.9199524374692086 9.739516412967955),
_mview_route_ralentisseurs.fid-7b1c8a4a_1943c5e84ca_762f,Kara,Doufelgou,Doufelgou 3,Alloum,POINT (0.9190103099534437 9.739440696555993),
_mview_route_ralentisseurs.fid-7b1c8a4a_1943c5e84ca_7630,Kara,Doufelgou,Doufelgou 3,Alloum,POINT (0.9172627327231212 9.739240205025897),
_mview_route_ralentisseurs.fid-7b1c8a4a_1943c5e84ca_7631,Kara,Doufelgou,Doufelgou 3,Alloum,POINT (0.8975794387008378 9.74316467466822),
_mview_route_ralentisseurs.fid-7b1c8a4a_1943c5e84ca_7632,Kara,Doufelgou,Doufelgou 3,Alloum,POINT (0.8958800628297741 9.743336229648673),
_mview_route_ralentisseurs.fid-7b1c8a4a_1943c5e84ca_7633,Plateaux,Est-Mono,Est-Mono 3,Nyamassila,POINT (1.1837983057895443 7.912558360885684),
_mview_route_ralentisseurs.fid-7b1c8a4a_1943c5e84ca_7634,Plateaux,Est-Mono,Est-Mono 3,Nyamassila,POINT (1.1538494204424878 7.929559201306315),
_mview_route_ralentisseurs.fid-7b1c8a4a_1943c5e84ca_7635,Plateaux,Est-Mono,Est-Mono 1,Elavagnon,POINT (1.3125719831168912 7.894488634503768),TGRPRTRN29 DEGOU(RN10)-KOLOKOPE-ANIE(RN1)
_mview_route_ralentisseurs.fid-7b1c8a4a_1943c5e84ca_7636,Plateaux,Est-Mono,Est-Mono 1,Elavagnon,POINT (1.3012094937739251 7.924541090586061),TGRPRTRN29 DEGOU(RN10)-KOLOKOPE-ANIE(RN1)
_mview_route_ralentisseurs.fid-7b1c8a4a_1943c5e84ca_7637,Plateaux,Est-Mono,Est-Mono 1,Elavagnon,POINT (1.3012234221652927 7.928111572458243),TGRPRTRN29 DEGOU(RN10)-KOLOKOPE-ANIE(RN1)
_mview_route_ralentisseurs.fid-7b1c8a4a_1943c5e84ca_7638,Plateaux,Est-Mono,Est-Mono 1,Elavagnon,POINT (1.2861149652657287 7.9479208682194),TGRPRTRN29 DEGOU(RN10)-KOLOKOPE-ANIE(RN1)
_mview_route_ralentisseurs.fid-7b1c8a4a_1943c5e84ca_7639,Plateaux,Est-Mono,Est-Mono 2,Morétan,POINT (1.4591514819283098 8.136042219184784),
_mview_route_ralentisseurs.fid-7b1c8a4a_1943c5e84ca_763a,Plateaux,Est-Mono,Est-Mono 2,Morétan,POINT (1.4596890340149395 8.135867155488278),
_mview_route_ralentisseurs.fid-7b1c8a4a_1943c5e84ca_763b,Plateaux,Est-Mono,Est-Mono 2,Morétan,POINT (1.4604745044852976 8.135593689753374),
_mview_route_ralentisseurs.fid-7b1c8a4a_1943c5e84ca_763c,Plateaux,Est-Mono,Est-Mono 2,Morétan,POINT (1.4614072912411977 8.135240879061891),
_mview_route_ralentisseurs.fid-7b1c8a4a_1943c5e84ca_763d,Plateaux,Est-Mono,Est-Mono 1,Elavagnon,POINT (1.3288583992007743 7.986492308506022),TGRPRTRN29 DEGOU(RN10)-KOLOKOPE-ANIE(RN1)
_mview_route_ralentisseurs.fid-7b1c8a4a_1943c5e84ca_763e,Plateaux,Est-Mono,Est-Mono 1,Elavagnon,POINT (1.3275703685922555 7.993700845592224),TGRPRTRN29 DEGOU(RN10)-KOLOKOPE-ANIE(RN1)
_mview_route_ralentisseurs.fid-7b1c8a4a_1943c5e84ca_763f,Plateaux,Est-Mono,Est-Mono 1,Elavagnon,POINT (1.351135178274545 7.981526929756844),
_mview_route_ralentisseurs.fid-7b1c8a4a_1943c5e84ca_7640,Plateaux,Est-Mono,Est-Mono 1,Elavagnon,POINT (1.35132146861732 7.981423786511319),
_mview_route_ralentisseurs.fid-7b1c8a4a_1943c5e84ca_7641,Plateaux,Est-Mono,Est-Mono 1,Elavagnon,POINT (1.3529878426448587 7.980433867240997),
_mview_route_ralentisseurs.fid-7b1c8a4a_1943c5e84ca_7642,Plateaux,Est-Mono,Est-Mono 1,Elavagnon,POINT (1.3761322288646096 7.969560781008438),
_mview_route_ralentisseurs.fid-7b1c8a4a_1943c5e84ca_7643,Plateaux,Est-Mono,Est-Mono 1,Elavagnon,POINT (1.378746526143222 7.9640828457084645),
_mview_route_ralentisseurs.fid-7b1c8a4a_1943c5e84ca_7644,Plateaux,Est-Mono,Est-Mono 1,Elavagnon,POINT (1.3775034805143582 7.959819555177026),
_mview_route_ralentisseurs.fid-7b1c8a4a_1943c5e84ca_7645,Plateaux,Est-Mono,Est-Mono 2,Morétan,POINT (1.4413223008196319 8.17056910817492),
_mview_route_ralentisseurs.fid-7b1c8a4a_1943c5e84ca_7646,Plateaux,Est-Mono,Est-Mono 2,Morétan,POINT (1.405077523670025 8.149327105424865),
_mview_route_ralentisseurs.fid-7b1c8a4a_1943c5e84ca_7647,Plateaux,Est-Mono,Est-Mono 2,Morétan,POINT (1.4047330957917583 8.148553887491946),
_mview_route_ralentisseurs.fid-7b1c8a4a_1943c5e84ca_7648,Plateaux,Est-Mono,Est-Mono 2,Morétan,POINT (1.4045661668105869 8.148121299544945),
_mview_route_ralentisseurs.fid-7b1c8a4a_1943c5e84ca_7649,Plateaux,Est-Mono,Est-Mono 2,Morétan,POINT (1.4114813989192116 8.11908647928186),
_mview_route_ralentisseurs.fid-7b1c8a4a_1943c5e84ca_764a,Plateaux,Est-Mono,Est-Mono 2,Morétan,POINT (1.451569900916271 8.11137496401287),
_mview_route_ralentisseurs.fid-7b1c8a4a_1943c5e84ca_764b,Plateaux,Est-Mono,Est-Mono 2,Morétan,POINT (1.3697239877686893 8.088872046956633),
_mview_route_ralentisseurs.fid-7b1c8a4a_1943c5e84ca_764c,Plateaux,Est-Mono,Est-Mono 2,Morétan,POINT (1.3130114425212838 8.056774716556486),TGRPRTRN10 NYAMASSILA(RN1)-KPESSI-FRE BENIN
_mview_route_ralentisseurs.fid-7b1c8a4a_1943c5e84ca_764d,Plateaux,Est-Mono,Est-Mono 1,Gbadjahè,POINT (1.3016624458723494 7.848438818803585),
_mview_route_ralentisseurs.fid-7b1c8a4a_1943c5e84ca_764e,Plateaux,Est-Mono,Est-Mono 3,Kpéssi,POINT (1.3539199211272672 8.038194791562523),
_mview_route_ralentisseurs.fid-7b1c8a4a_1943c5e84ca_764f,Plateaux,Est-Mono,Est-Mono 1,Elavagnon,POINT (1.2963784819260988 7.973037257396319),ELAVAGNON-(CARREFOUR-OKOUTAYA)-TOGODO
_mview_route_ralentisseurs.fid-7b1c8a4a_1943c5e84ca_7650,Plateaux,Est-Mono,Est-Mono 1,Elavagnon,POINT (1.2963055601148898 7.973465988474684),ELAVAGNON-(CARREFOUR-OKOUTAYA)-TOGODO
_mview_route_ralentisseurs.fid-7b1c8a4a_1943c5e84ca_7651,Plateaux,Est-Mono,Est-Mono 1,Elavagnon,POINT (1.293854440758535 7.98491269035051),
_mview_route_ralentisseurs.fid-7b1c8a4a_1943c5e84ca_7652,Plateaux,Est-Mono,Est-Mono 1,Elavagnon,POINT (1.2959132099650794 8.006165936772323),
_mview_route_ralentisseurs.fid-7b1c8a4a_1943c5e84ca_7653,Plateaux,Est-Mono,Est-Mono 1,Elavagnon,POINT (1.2903555793938346 7.872452653604883),
_mview_route_ralentisseurs.fid-7b1c8a4a_1943c5e84ca_7654,Plateaux,Est-Mono,Est-Mono 1,Elavagnon,POINT (1.2903797953432825 7.872845029418539),
_mview_route_ralentisseurs.fid-7b1c8a4a_1943c5e84ca_7655,Plateaux,Est-Mono,Est-Mono 1,Elavagnon,POINT (1.2904218028802747 7.87321698057813),
_mview_route_ralentisseurs.fid-7b1c8a4a_1943c5e84ca_7656,Plateaux,Est-Mono,Est-Mono 1,Elavagnon,POINT (1.2622611014238387 7.872826679142235),
_mview_route_ralentisseurs.fid-7b1c8a4a_1943c5e84ca_7657,Plateaux,Est-Mono,Est-Mono 1,Elavagnon,POINT (1.2611829598848636 7.872674022321239),
_mview_route_ralentisseurs.fid-7b1c8a4a_1943c5e84ca_7658,Plateaux,Est-Mono,Est-Mono 1,Elavagnon,POINT (1.278787763711032 7.877635173925539),
_mview_route_ralentisseurs.fid-7b1c8a4a_1943c5e84ca_7659,Plateaux,Est-Mono,Est-Mono 1,Elavagnon,POINT (1.2783163389753702 7.87808021068355),
_mview_route_ralentisseurs.fid-7b1c8a4a_1943c5e84ca_765a,Plateaux,Est-Mono,Est-Mono 1,Elavagnon,POINT (1.2782202807823464 7.878277663731517),
_mview_route_ralentisseurs.fid-7b1c8a4a_1943c5e84ca_765b,Plateaux,Est-Mono,Est-Mono 1,Elavagnon,POINT (1.2779089624337792 7.878873006236059),
_mview_route_ralentisseurs.fid-7b1c8a4a_1943c5e84ca_765c,Plateaux,Est-Mono,Est-Mono 1,Elavagnon,POINT (1.2777738228991788 7.879257584204326),
_mview_route_ralentisseurs.fid-7b1c8a4a_1943c5e84ca_765d,Plateaux,Est-Mono,Est-Mono 1,Gbadjahè,POINT (1.2816813338385185 7.853397249116872),
_mview_route_ralentisseurs.fid-7b1c8a4a_1943c5e84ca_765e,Plateaux,Est-Mono,Est-Mono 1,Elavagnon,POINT (1.2829725049062353 7.952688417238382),
_mview_route_ralentisseurs.fid-7b1c8a4a_1943c5e84ca_765f,Plateaux,Est-Mono,Est-Mono 1,Elavagnon,POINT (1.2833302099527313 7.9544151887387),
_mview_route_ralentisseurs.fid-7b1c8a4a_1943c5e84ca_7660,Plateaux,Est-Mono,Est-Mono 1,Elavagnon,POINT (1.2832878336913849 7.954241787005511),
_mview_route_ralentisseurs.fid-7b1c8a4a_1943c5e84ca_7661,Plateaux,Est-Mono,Est-Mono 1,Elavagnon,POINT (1.2832233029726403 7.95398545404481),
_mview_route_ralentisseurs.fid-7b1c8a4a_1943c5e84ca_7662,Plateaux,Est-Mono,Est-Mono 1,Elavagnon,POINT (1.2563695312190741 7.901918623291658),
_mview_route_ralentisseurs.fid-7b1c8a4a_1943c5e84ca_7663,Plateaux,Est-Mono,Est-Mono 1,Elavagnon,POINT (1.2569046026914732 7.902001888322042),
_mview_route_ralentisseurs.fid-7b1c8a4a_1943c5e84ca_7664,Plateaux,Est-Mono,Est-Mono 1,Elavagnon,POINT (1.2572676560203706 7.90220650760509),
_mview_route_ralentisseurs.fid-7b1c8a4a_1943c5e84ca_7665,Plateaux,Est-Mono,Est-Mono 1,Elavagnon,POINT (1.2691980635874396 7.922054076894533),
_mview_route_ralentisseurs.fid-7b1c8a4a_1943c5e84ca_7666,Plateaux,Est-Mono,Est-Mono 1,Elavagnon,POINT (1.2690326339524804 7.923230035662095),
_mview_route_ralentisseurs.fid-7b1c8a4a_1943c5e84ca_7667,Plateaux,Est-Mono,Est-Mono 1,Elavagnon,POINT (1.1887769594310735 7.877768830052636),
_mview_route_ralentisseurs.fid-7b1c8a4a_1943c5e84ca_7668,Plateaux,Est-Mono,Est-Mono 1,Elavagnon,POINT (1.1893322985295536 7.878033791826981),
_mview_route_ralentisseurs.fid-7b1c8a4a_1943c5e84ca_7669,Plateaux,Est-Mono,Est-Mono 1,Elavagnon,POINT (1.1906566045169051 7.8785647349166235),
_mview_route_ralentisseurs.fid-7b1c8a4a_1943c5e84ca_766a,Plateaux,Est-Mono,Est-Mono 1,Elavagnon,POINT (1.2049079051739657 7.884174607339217),
_mview_route_ralentisseurs.fid-7b1c8a4a_1943c5e84ca_766b,Plateaux,Est-Mono,Est-Mono 1,Elavagnon,POINT (1.2052013837350328 7.884240364124977),
_mview_route_ralentisseurs.fid-7b1c8a4a_1943c5e84ca_766c,Plateaux,Est-Mono,Est-Mono 1,Elavagnon,POINT (1.2350291193178944 7.881417204631896),
_mview_route_ralentisseurs.fid-7b1c8a4a_1943c5e84ca_766d,Plateaux,Est-Mono,Est-Mono 1,Elavagnon,POINT (1.2364739278041028 7.8819820410869506),
_mview_route_ralentisseurs.fid-7b1c8a4a_1943c5e84ca_766e,Plateaux,Est-Mono,Est-Mono 1,Elavagnon,POINT (1.237997617304929 7.882515973648326),
_mview_route_ralentisseurs.fid-7b1c8a4a_1943c5e84ca_766f,Plateaux,Est-Mono,Est-Mono 1,Elavagnon,POINT (1.2385354539286901 7.882717110405614),
_mview_route_ralentisseurs.fid-7b1c8a4a_1943c5e84ca_7670,Plateaux,Est-Mono,Est-Mono 1,Elavagnon,POINT (1.2801140353673006 7.944937659978683),
_mview_route_ralentisseurs.fid-7b1c8a4a_1943c5e84ca_7671,Plateaux,Est-Mono,Est-Mono 1,Elavagnon,POINT (1.3891465407583548 7.910857357020503),
_mview_route_ralentisseurs.fid-7b1c8a4a_1943c5e84ca_7672,Plateaux,Est-Mono,Est-Mono 1,Elavagnon,POINT (1.389848683793525 7.910850423869148),
_mview_route_ralentisseurs.fid-7b1c8a4a_1943c5e84ca_7673,Plateaux,Est-Mono,Est-Mono 1,Elavagnon,POINT (1.3457557080553486 7.892756568244098),ELAVAGNON-GBADJAHE
_mview_route_ralentisseurs.fid-7b1c8a4a_1943c5e84ca_7674,Plateaux,Est-Mono,Est-Mono 1,Elavagnon,POINT (1.345111378771431 7.891700705184488),ELAVAGNON-GBADJAHE
_mview_route_ralentisseurs.fid-7b1c8a4a_1943c5e84ca_7675,Plateaux,Est-Mono,Est-Mono 1,Elavagnon,POINT (1.3479937564314504 7.896883056183597),ELAVAGNON-GBADJAHE
_mview_route_ralentisseurs.fid-7b1c8a4a_1943c5e84ca_7676,Plateaux,Est-Mono,Est-Mono 1,Gbadjahè,POINT (1.3936805696142758 7.8311216491251425),
_mview_route_ralentisseurs.fid-7b1c8a4a_1943c5e84ca_7677,Plateaux,Est-Mono,Est-Mono 1,Gbadjahè,POINT (1.3924169745932702 7.830311302109132),
_mview_route_ralentisseurs.fid-7b1c8a4a_1943c5e84ca_7678,Plateaux,Est-Mono,Est-Mono 1,Gbadjahè,POINT (1.4382864105758477 7.8256866447506885),
_mview_route_ralentisseurs.fid-7b1c8a4a_1943c5e84ca_7679,Plateaux,Est-Mono,Est-Mono 1,Elavagnon,POINT (1.5866032952284066 7.947325041627499),
_mview_route_ralentisseurs.fid-7b1c8a4a_1943c5e84ca_767a,Plateaux,Est-Mono,Est-Mono 1,Elavagnon,POINT (1.5888897523534564 7.945878526218008),
_mview_route_ralentisseurs.fid-7b1c8a4a_1943c5e84ca_767b,Plateaux,Est-Mono,Est-Mono 1,Elavagnon,POINT (1.5965493313342396 7.927386392516312),
_mview_route_ralentisseurs.fid-7b1c8a4a_1943c5e84ca_767c,Plateaux,Est-Mono,Est-Mono 3,Kpéssi,POINT (1.3535538744484505 8.038379310394408),
_mview_route_ralentisseurs.fid-7b1c8a4a_1943c5e84ca_767d,Plateaux,Est-Mono,Est-Mono 3,Kpéssi,POINT (1.270126814590967 8.068146652829322),
_mview_route_ralentisseurs.fid-7b1c8a4a_1943c5e84ca_767e,Plateaux,Est-Mono,Est-Mono 3,Kpéssi,POINT (1.2706492089613175 8.069004099303488),
_mview_route_ralentisseurs.fid-7b1c8a4a_1943c5e84ca_767f,Plateaux,Est-Mono,Est-Mono 3,Kpéssi,POINT (1.271360988201731 8.069768560026686),
_mview_route_ralentisseurs.fid-7b1c8a4a_1943c5e84ca_7680,Plateaux,Est-Mono,Est-Mono 1,Elavagnon,POINT (1.5845888511195696 8.004343385131248),
_mview_route_ralentisseurs.fid-7b1c8a4a_1943c5e84ca_7681,Plateaux,Est-Mono,Est-Mono 1,Elavagnon,POINT (1.586278154627833 7.9507559012835305),
_mview_route_ralentisseurs.fid-7b1c8a4a_1943c5e84ca_7682,Plateaux,Est-Mono,Est-Mono 1,Elavagnon,POINT (1.5874325693150417 7.948810051652374),
_mview_route_ralentisseurs.fid-7b1c8a4a_1943c5e84ca_7683,Plateaux,Est-Mono,Est-Mono 1,Elavagnon,POINT (1.5109979632560502 7.932202673263738),
_mview_route_ralentisseurs.fid-7b1c8a4a_1943c5e84ca_7684,Plateaux,Est-Mono,Est-Mono 1,Elavagnon,POINT (1.5105705646110474 7.93223418184907),
_mview_route_ralentisseurs.fid-7b1c8a4a_1943c5e84ca_7685,Plateaux,Est-Mono,Est-Mono 1,Elavagnon,POINT (1.5104667769417912 7.932278017631029),
_mview_route_ralentisseurs.fid-7b1c8a4a_1943c5e84ca_7686,Plateaux,Est-Mono,Est-Mono 1,Elavagnon,POINT (1.5098047109655173 7.932459666006522),
_mview_route_ralentisseurs.fid-7b1c8a4a_1943c5e84ca_7687,Plateaux,Est-Mono,Est-Mono 1,Elavagnon,POINT (1.4562943418159635 7.969185132152732),
_mview_route_ralentisseurs.fid-7b1c8a4a_1943c5e84ca_7688,Plateaux,Est-Mono,Est-Mono 1,Elavagnon,POINT (1.4563633004798406 7.9694649968573525),
_mview_route_ralentisseurs.fid-7b1c8a4a_1943c5e84ca_7689,Plateaux,Est-Mono,Est-Mono 1,Elavagnon,POINT (1.4564191776009177 7.969691770710878),
_mview_route_ralentisseurs.fid-7b1c8a4a_1943c5e84ca_768a,Plateaux,Est-Mono,Est-Mono 1,Elavagnon,POINT (1.457006069086498 7.97170571685704),
_mview_route_ralentisseurs.fid-7b1c8a4a_1943c5e84ca_768b,Plateaux,Est-Mono,Est-Mono 1,Elavagnon,POINT (1.4664586442965064 7.983369516805152),
_mview_route_ralentisseurs.fid-7b1c8a4a_1943c5e84ca_768c,Plateaux,Est-Mono,Est-Mono 3,Kpéssi,POINT (1.3202321042997616 8.033050220804128),TGRPRTRN29 DEGOU(RN10)-KOLOKOPE-ANIE(RN1)
_mview_route_ralentisseurs.fid-7b1c8a4a_1943c5e84ca_768d,Plateaux,Est-Mono,Est-Mono 3,Kpéssi,POINT (1.3197530152689796 8.034163157190612),TGRPRTRN29 DEGOU(RN10)-KOLOKOPE-ANIE(RN1)
_mview_route_ralentisseurs.fid-7b1c8a4a_1943c5e84ca_768e,Plateaux,Est-Mono,Est-Mono 3,Kpéssi,POINT (1.319474712528426 8.034821992507753),TGRPRTRN29 DEGOU(RN10)-KOLOKOPE-ANIE(RN1)
_mview_route_ralentisseurs.fid-7b1c8a4a_1943c5e84ca_768f,Plateaux,Est-Mono,Est-Mono 3,Kpéssi,POINT (1.3152575192059632 8.039190706372331),
_mview_route_ralentisseurs.fid-7b1c8a4a_1943c5e84ca_7690,Plateaux,Est-Mono,Est-Mono 3,Kpéssi,POINT (1.3152270496243152 8.039195892653877),
_mview_route_ralentisseurs.fid-7b1c8a4a_1943c5e84ca_7691,Plateaux,Est-Mono,Est-Mono 3,Kpéssi,POINT (1.3004794500194528 8.033417126722052),
_mview_route_ralentisseurs.fid-7b1c8a4a_1943c5e84ca_7692,Plateaux,Est-Mono,Est-Mono 3,Kpéssi,POINT (1.3004059432815491 8.033133082567298),
_mview_route_ralentisseurs.fid-7b1c8a4a_1943c5e84ca_7693,Plateaux,Est-Mono,Est-Mono 1,Elavagnon,POINT (1.4005896021748407 7.946164974350443),
_mview_route_ralentisseurs.fid-7b1c8a4a_1943c5e84ca_7694,Plateaux,Est-Mono,Est-Mono 1,Elavagnon,POINT (1.396448602458848 7.930951992117383),
_mview_route_ralentisseurs.fid-7b1c8a4a_1943c5e84ca_7695,Plateaux,Est-Mono,Est-Mono 1,Elavagnon,POINT (1.396405051576223 7.930613457047147),
_mview_route_ralentisseurs.fid-7b1c8a4a_1943c5e84ca_7696,Plateaux,Est-Mono,Est-Mono 3,Kpéssi,POINT (1.2508570708117035 7.993527462993036),
_mview_route_ralentisseurs.fid-7b1c8a4a_1943c5e84ca_7697,Plateaux,Est-Mono,Est-Mono 2,Badin-Copé,POINT (1.4684947396096566 8.036997795474436),TGRPRTRN10 NYAMASSILA(RN1)-KPESSI-FRE BENIN
_mview_route_ralentisseurs.fid-7b1c8a4a_1943c5e84ca_7698,Plateaux,Est-Mono,Est-Mono 2,Badin-Copé,POINT (1.4691971266949286 8.036916712564617),TGRPRTRN10 NYAMASSILA(RN1)-KPESSI-FRE BENIN
_mview_route_ralentisseurs.fid-7b1c8a4a_1943c5e84ca_7699,Plateaux,Est-Mono,Est-Mono 2,Kamina,POINT (1.5195473680422253 8.04827223489445),TGRPRTRN10 NYAMASSILA(RN1)-KPESSI-FRE BENIN
_mview_route_ralentisseurs.fid-7b1c8a4a_1943c5e84ca_769a,Plateaux,Est-Mono,Est-Mono 2,Badin-Copé,POINT (1.5360079043018169 8.331793639555524),
_mview_route_ralentisseurs.fid-7b1c8a4a_1943c5e84ca_769b,Plateaux,Est-Mono,Est-Mono 2,Badin-Copé,POINT (1.5344766168682809 8.329326813671285),
_mview_route_ralentisseurs.fid-7b1c8a4a_1943c5e84ca_769c,Plateaux,Est-Mono,Est-Mono 2,Badin-Copé,POINT (1.5342126936005018 8.328791239986503),
_mview_route_ralentisseurs.fid-7b1c8a4a_1943c5e84ca_769d,Plateaux,Est-Mono,Est-Mono 2,Badin-Copé,POINT (1.5331935187354089 8.32700416902125),
_mview_route_ralentisseurs.fid-7b1c8a4a_1943c5e84ca_769e,Plateaux,Est-Mono,Est-Mono 2,Badin-Copé,POINT (1.5330002420253748 8.326600897093572),
_mview_route_ralentisseurs.fid-7b1c8a4a_1943c5e84ca_769f,Plateaux,Est-Mono,Est-Mono 2,Badin-Copé,POINT (1.5323392063200785 8.324502723872147),
_mview_route_ralentisseurs.fid-7b1c8a4a_1943c5e84ca_76a0,Plateaux,Est-Mono,Est-Mono 2,Badin-Copé,POINT (1.5393528341713163 8.338195919507884),
_mview_route_ralentisseurs.fid-7b1c8a4a_1943c5e84ca_76a1,Plateaux,Est-Mono,Est-Mono 2,Badin-Copé,POINT (1.5433466093767687 8.344038276044303),
_mview_route_ralentisseurs.fid-7b1c8a4a_1943c5e84ca_76a2,Plateaux,Est-Mono,Est-Mono 2,Badin-Copé,POINT (1.5437575250119269 8.3444771231998),
_mview_route_ralentisseurs.fid-7b1c8a4a_1943c5e84ca_76a3,Plateaux,Est-Mono,Est-Mono 2,Badin-Copé,POINT (1.545569799467246 8.345788134917976),
_mview_route_ralentisseurs.fid-7b1c8a4a_1943c5e84ca_76a4,Plateaux,Est-Mono,Est-Mono 2,Kamina,POINT (1.5578108358688696 8.16834246919949),
_mview_route_ralentisseurs.fid-7b1c8a4a_1943c5e84ca_76a5,Plateaux,Est-Mono,Est-Mono 2,Kamina,POINT (1.5150400443163419 8.022476079980022),ADJEKPA
_mview_route_ralentisseurs.fid-7b1c8a4a_1943c5e84ca_76a6,Plateaux,Est-Mono,Est-Mono 2,Kamina,POINT (1.5155054963132726 8.022451390056407),ADJEKPA
_mview_route_ralentisseurs.fid-7b1c8a4a_1943c5e84ca_76a7,Plateaux,Est-Mono,Est-Mono 2,Badin-Copé,POINT (1.5153747218156663 8.118551168385023),
_mview_route_ralentisseurs.fid-7b1c8a4a_1943c5e84ca_76a8,Plateaux,Est-Mono,Est-Mono 2,Kamina,POINT (1.5816006636592561 8.228415368145665),ADJOGBA
_mview_route_ralentisseurs.fid-7b1c8a4a_1943c5e84ca_76a9,Plateaux,Est-Mono,Est-Mono 2,Badin-Copé,POINT (1.4613769713031617 8.225748052823464),OKOUTA-DOUKA
_mview_route_ralentisseurs.fid-7b1c8a4a_1943c5e84ca_76aa,Plateaux,Est-Mono,Est-Mono 3,Kpéssi,POINT (1.300988938433172 8.010923523070652),TOGODO
_mview_route_ralentisseurs.fid-7b1c8a4a_1943c5e84ca_76ab,Plateaux,Est-Mono,Est-Mono 2,Morétan,POINT (1.3501662377407708 8.108304992911679),ROUTE MORETAN-EZATTI
_mview_route_ralentisseurs.fid-7b1c8a4a_1943c5e84ca_76ac,Plateaux,Est-Mono,Est-Mono 2,Morétan,POINT (1.3593040158394767 8.11100675601258),MARCHÉ DE MORETAN-ROUTE MORETAN-BADIN
_mview_route_ralentisseurs.fid-7b1c8a4a_1943c5e84ca_76ad,Plateaux,Est-Mono,Est-Mono 2,Morétan,POINT (1.3592251013111103 8.110994574892723),MARCHÉ DE MORETAN-ROUTE MORETAN-BADIN
_mview_route_ralentisseurs.fid-7b1c8a4a_1943c5e84ca_76ae,Plateaux,Est-Mono,Est-Mono 2,Morétan,POINT (1.3565920080547071 8.111756427862108),MARCHÉ DE MORETAN-ROUTE MORETAN-BADIN
_mview_route_ralentisseurs.fid-7b1c8a4a_1943c5e84ca_76af,Plateaux,Est-Mono,Est-Mono 2,Morétan,POINT (1.3554725624285286 8.112267544433013),MARCHÉ DE MORETAN-ROUTE MORETAN-BADIN
_mview_route_ralentisseurs.fid-7b1c8a4a_1943c5e84ca_76b0,Plateaux,Est-Mono,Est-Mono 2,Morétan,POINT (1.3589469209759415 8.111825892820029),
_mview_route_ralentisseurs.fid-7b1c8a4a_1943c5e84ca_76b1,Plateaux,Est-Mono,Est-Mono 2,Morétan,POINT (1.353512936301378 8.114891906062509),ROUTE MORETAN-EZATTI
_mview_route_ralentisseurs.fid-7b1c8a4a_1943c5e84ca_76b2,Plateaux,Est-Mono,Est-Mono 2,Morétan,POINT (1.3525998918664892 8.114598120169434),ROUTE MORETAN-EZATTI
_mview_route_ralentisseurs.fid-7b1c8a4a_1943c5e84ca_76b3,Plateaux,Est-Mono,Est-Mono 2,Morétan,POINT (1.4309106871097095 8.097981911847342),
_mview_route_ralentisseurs.fid-7b1c8a4a_1943c5e84ca_76b4,Plateaux,Est-Mono,Est-Mono 2,Morétan,POINT (1.4341070820996666 8.105112001902382),
_mview_route_ralentisseurs.fid-7b1c8a4a_1943c5e84ca_76b5,Plateaux,Est-Mono,Est-Mono 2,Morétan,POINT (1.434298361924962 8.104934869924412),
_mview_route_ralentisseurs.fid-7b1c8a4a_1943c5e84ca_76b6,Plateaux,Est-Mono,Est-Mono 2,Morétan,POINT (1.3342217007489288 8.264152735874893),AFOGLO-AWOTRE
_mview_route_ralentisseurs.fid-7b1c8a4a_1943c5e84ca_76b7,Maritime,Golfe,Golfe 1,Bè-Est,POINT (1.2777117004853074 6.150628234344564),ZONE PORTUAIRE 
_mview_route_ralentisseurs.fid-7b1c8a4a_1943c5e84ca_76b8,Maritime,Golfe,Golfe 1,Bè-Est,POINT (1.279083622067116 6.14891782362666),ZONE PORTUAIRE 
_mview_route_ralentisseurs.fid-7b1c8a4a_1943c5e84ca_76b9,Maritime,Golfe,Golfe 1,Bè-Est,POINT (1.276297393198988 6.1524276485805025),ZONE PORTUAIRE 
_mview_route_ralentisseurs.fid-7b1c8a4a_1943c5e84ca_76ba,Maritime,Golfe,Golfe 1,Bè-Est,POINT (1.274509365360192 6.15459882821404),ZONE PORTUAIRE 
_mview_route_ralentisseurs.fid-7b1c8a4a_1943c5e84ca_76bb,Maritime,Golfe,Golfe 1,Bè-Est,POINT (1.27416773427734 6.158770945294178),ZONE PORTUAIRE 
_mview_route_ralentisseurs.fid-7b1c8a4a_1943c5e84ca_76bc,Maritime,Golfe,Golfe 1,Bè-Est,POINT (1.2743554527673977 6.158813789849844),ZONE PORTUAIRE 
_mview_route_ralentisseurs.fid-7b1c8a4a_1943c5e84ca_76bd,Maritime,Golfe,Golfe 1,Bè-Est,POINT (1.275270216858557 6.159021351519485),ZONE PORTUAIRE 
_mview_route_ralentisseurs.fid-7b1c8a4a_1943c5e84ca_76be,Maritime,Golfe,Golfe 1,Bè-Est,POINT (1.2757645020142616 6.159108804907517),ZONE PORTUAIRE 
_mview_route_ralentisseurs.fid-7b1c8a4a_1943c5e84ca_76bf,Maritime,Golfe,Golfe 1,Bè-Est,POINT (1.283247758874268 6.160638671094618),ZONE PORTUAIRE 
_mview_route_ralentisseurs.fid-7b1c8a4a_1943c5e84ca_76c0,Maritime,Golfe,Golfe 1,Bè-Est,POINT (1.283381961107824 6.16067125072118),ZONE PORTUAIRE 
_mview_route_ralentisseurs.fid-7b1c8a4a_1943c5e84ca_76c1,Maritime,Golfe,Golfe 1,Bè-Est,POINT (1.284397364732231 6.1708226008998395),ROND POINT ADAKPAMÉ-ADAKPAMÉ ASSEMBLÉE DE DIEU
_mview_route_ralentisseurs.fid-7b1c8a4a_1943c5e84ca_76c2,Maritime,Golfe,Golfe 1,Bè-Est,POINT (1.2924425879102301 6.169270967231645),ROND POINT ADAKPAMÉ-ADAKPAMÉ ASSEMBLÉE DE DIEU
_mview_route_ralentisseurs.fid-7b1c8a4a_1943c5e84ca_76c3,Maritime,Golfe,Golfe 1,Bè-Est,POINT (1.287867894525198 6.161110304683839),KAGNIKOPÉ
_mview_route_ralentisseurs.fid-7b1c8a4a_1943c5e84ca_76c4,Maritime,Golfe,Golfe 1,Bè-Est,POINT (1.2879071648751026 6.16132050679277),KAGNIKOPÉ
_mview_route_ralentisseurs.fid-7b1c8a4a_1943c5e84ca_76c5,Maritime,Golfe,Golfe 1,Bè-Est,POINT (1.2878979364121166 6.161400232185087),KAGNIKOPÉ
_mview_route_ralentisseurs.fid-7b1c8a4a_1943c5e84ca_76c6,Maritime,Golfe,Golfe 1,Bè-Est,POINT (1.2818067945448623 6.170358380767265),CARREFOUR ADAKPAME-NETADI (FIN PAVÉE)
_mview_route_ralentisseurs.fid-7b1c8a4a_1943c5e84ca_76c7,Maritime,Golfe,Golfe 1,Bè-Est,POINT (1.2788353729765745 6.169711487048201),CARREFOUR ADAKPAME-NETADI (FIN PAVÉE)
_mview_route_ralentisseurs.fid-7b1c8a4a_1943c5e84ca_76c8,Maritime,Golfe,Golfe 1,Bè-Est,POINT (1.269992037338442 6.164769285228447),ROND POINT DJIFA-ROND POINT ADAKPAME
_mview_route_ralentisseurs.fid-7b1c8a4a_1943c5e84ca_76c9,Maritime,Golfe,Golfe 1,Bè-Est,POINT (1.271347388480213 6.165593784988978),ROND POINT DJIFA-ROND POINT ADAKPAME
_mview_route_ralentisseurs.fid-7b1c8a4a_1943c5e84ca_76ca,Maritime,Golfe,Golfe 1,Bè-Est,POINT (1.2743960567869925 6.167452699797578),ROND POINT DJIFA-ROND POINT ADAKPAME
_mview_route_ralentisseurs.fid-7b1c8a4a_1943c5e84ca_76cb,Maritime,Golfe,Golfe 1,Bè-Est,POINT (1.2758423790238154 6.168325205675754),ROND POINT DJIFA-ROND POINT ADAKPAME
_mview_route_ralentisseurs.fid-7b1c8a4a_1943c5e84ca_76cc,Maritime,Golfe,Golfe 1,Bè-Est,POINT (1.2767333257581914 6.1688583458899755),ROND POINT DJIFA-ROND POINT ADAKPAME
_mview_route_ralentisseurs.fid-7b1c8a4a_1943c5e84ca_76cd,Maritime,Golfe,Golfe 1,Bè-Est,POINT (1.2782199855418659 6.169498708837833),ROND POINT DJIFA-ROND POINT ADAKPAME
_mview_route_ralentisseurs.fid-7b1c8a4a_1943c5e84ca_76ce,Maritime,Golfe,Golfe 1,Bè-Est,POINT (1.2816353873046817 6.170264689867698),ROND POINT DJIFA-ROND POINT ADAKPAME
_mview_route_ralentisseurs.fid-7b1c8a4a_1943c5e84ca_76cf,Maritime,Golfe,Golfe 1,Bè-Est,POINT (1.2719588596034315 6.1694164798225),BE-ANFANME
_mview_route_ralentisseurs.fid-7b1c8a4a_1943c5e84ca_76d0,Maritime,Golfe,Golfe 1,Bè-Est,POINT (1.2719539171684395 6.169417024078355),BE-ANFANME
_mview_route_ralentisseurs.fid-7b1c8a4a_1943c5e84ca_76d1,Maritime,Golfe,Golfe 1,Bè-Est,POINT (1.2708499138263163 6.172129691428479),BOULEVARD MALFACASSA-BE
_mview_route_ralentisseurs.fid-7b1c8a4a_1943c5e84ca_76d2,Maritime,Golfe,Golfe 1,Bè-Est,POINT (1.2709941217392506 6.1721181891171994),BOULEVARD MALFACASSA-BE
_mview_route_ralentisseurs.fid-7b1c8a4a_1943c5e84ca_76d3,Savanes,Tandjoaré,Tandjoaré 1,Tamongue,POINT (0.1376168352084238 10.55332015921749),
_mview_route_ralentisseurs.fid-7b1c8a4a_1943c5e84ca_76d4,Maritime,Golfe,Golfe 1,Bè-Est,POINT (1.2711342040615308 6.172104567693371),BOULEVARD MALFACASSA-BE
_mview_route_ralentisseurs.fid-7b1c8a4a_1943c5e84ca_76d5,Maritime,Golfe,Golfe 1,Bè-Est,POINT (1.2712664696958658 6.172089929616659),BOULEVARD MALFACASSA-BE
_mview_route_ralentisseurs.fid-7b1c8a4a_1943c5e84ca_76d6,Maritime,Golfe,Golfe 1,Bè-Est,POINT (1.2861954877183954 6.1692984941250995),KAGNIKOPE
_mview_route_ralentisseurs.fid-7b1c8a4a_1943c5e84ca_76d7,Maritime,Golfe,Golfe 1,Bè-Est,POINT (1.274081085226928 6.1616336053130505),ANFAME
_mview_route_ralentisseurs.fid-7b1c8a4a_1943c5e84ca_76d8,Maritime,Golfe,Golfe 1,Bè-Est,POINT (1.2740902351282284 6.161537531264697),ANFAME
_mview_route_ralentisseurs.fid-7b1c8a4a_1943c5e84ca_76d9,Maritime,Golfe,Golfe 1,Bè-Est,POINT (1.2742472360589 6.158870927382737),ANFAME
_mview_route_ralentisseurs.fid-7b1c8a4a_1943c5e84ca_76da,Maritime,Golfe,Golfe 1,Bè-Est,POINT (1.2754544847220102 6.16286635557445),ANFAME
_mview_route_ralentisseurs.fid-7b1c8a4a_1943c5e84ca_76db,Maritime,Golfe,Golfe 1,Bè-Est,POINT (1.2965470855355556 6.1746888897378405),ADAKPAME
_mview_route_ralentisseurs.fid-7b1c8a4a_1943c5e84ca_76dc,Maritime,Golfe,Golfe 1,Bè-Est,POINT (1.2528084702847813 6.134190162160508),BE TOGOME
_mview_route_ralentisseurs.fid-7b1c8a4a_1943c5e84ca_76dd,Maritime,Golfe,Golfe 1,Bè-Est,POINT (1.2525944589019529 6.133745951583083),BE TOGOME
_mview_route_ralentisseurs.fid-7b1c8a4a_1943c5e84ca_76de,Maritime,Golfe,Golfe 1,Bè-Est,POINT (1.252389562263892 6.133318341762312),BE TOGOME
_mview_route_ralentisseurs.fid-7b1c8a4a_1943c5e84ca_76df,Maritime,Golfe,Golfe 1,Bè-Est,POINT (1.2540241383072086 6.1513274014342105),BE
_mview_route_ralentisseurs.fid-7b1c8a4a_1943c5e84ca_76e0,Maritime,Golfe,Golfe 1,Bè-Est,POINT (1.2668810637758519 6.157886635974668),BE KPOTA
_mview_route_ralentisseurs.fid-7b1c8a4a_1943c5e84ca_76e1,Maritime,Golfe,Golfe 6,Baguida,POINT (1.298927019309932 6.153812981281218),RUE SOPAL-PLASTICA TOGO
_mview_route_ralentisseurs.fid-7b1c8a4a_1943c5e84ca_76e2,Maritime,Golfe,Golfe 6,Baguida,POINT (1.3139088958578895 6.1608166430614455),TGRMRRRN2/3 AFLAO AVEPOZO VOIE SUD
_mview_route_ralentisseurs.fid-7b1c8a4a_1943c5e84ca_76e3,Maritime,Golfe,Golfe 6,Baguida,POINT (1.3139238612504724 6.160820797908781),TGRMRRRN2/3 AFLAO AVEPOZO VOIE SUD
_mview_route_ralentisseurs.fid-7b1c8a4a_1943c5e84ca_76e4,Maritime,Golfe,Golfe 1,Bè-Est,POINT (1.234766123304275 6.133865833109889),BOULEVARD 1-BE AKLASSOU
_mview_route_ralentisseurs.fid-7b1c8a4a_1943c5e84ca_76e5,Maritime,Golfe,Golfe 1,Bè-Est,POINT (1.2578143793323528 6.138153608737453),ABLOGAME 
_mview_route_ralentisseurs.fid-7b1c8a4a_1943c5e84ca_76e6,Maritime,Golfe,Golfe 1,Bè-Est,POINT (1.2578684195559864 6.138005031195419),ABLOGAME 
_mview_route_ralentisseurs.fid-7b1c8a4a_1943c5e84ca_76e7,Maritime,Golfe,Golfe 1,Bè-Est,POINT (1.2580606557548109 6.1375260165805),ABLOGAME 
_mview_route_ralentisseurs.fid-7b1c8a4a_1943c5e84ca_76e8,Maritime,Golfe,Golfe 1,Bè-Est,POINT (1.2368956986838124 6.132121983001273),NETIME
_mview_route_ralentisseurs.fid-7b1c8a4a_1943c5e84ca_76e9,Maritime,Golfe,Golfe 1,Bè-Est,POINT (1.237095719721989 6.132266499907136),NETIME
_mview_route_ralentisseurs.fid-7b1c8a4a_1943c5e84ca_76ea,Maritime,Golfe,Golfe 1,Bè-Est,POINT (1.2372376881453682 6.132369073224951),NETIME
_mview_route_ralentisseurs.fid-7b1c8a4a_1943c5e84ca_76eb,Maritime,Golfe,Golfe 1,Bè-Est,POINT (1.2583289727955624 6.239949148378987),TGRMRRRN34 LOME-VOGAN-ANFOIN
_mview_route_ralentisseurs.fid-7b1c8a4a_1943c5e84ca_76ec,Maritime,Golfe,Golfe 1,Bè-Est,POINT (1.2594726291004779 6.2427503668178534),TGRMRRRN34 LOME-VOGAN-ANFOIN
_mview_route_ralentisseurs.fid-7b1c8a4a_1943c5e84ca_76ed,Maritime,Golfe,Golfe 1,Bè-Est,POINT (1.260221209450432 6.243434128252792),TGRMRRRN34 LOME-VOGAN-ANFOIN
_mview_route_ralentisseurs.fid-7b1c8a4a_1943c5e84ca_76ee,Maritime,Golfe,Golfe 1,Bè-Est,POINT (1.2659643594640038 6.245339438317307),TGRMRRRN34 LOME-VOGAN-ANFOIN
_mview_route_ralentisseurs.fid-7b1c8a4a_1943c5e84ca_76ef,Maritime,Golfe,Golfe 1,Bè-Est,POINT (1.2690596355600654 6.246988616902465),KLOBATEME 
_mview_route_ralentisseurs.fid-7b1c8a4a_1943c5e84ca_76f0,Maritime,Golfe,Golfe 1,Bè-Est,POINT (1.270588612513704 6.174916120336485),ATTIEGOUVI
_mview_route_ralentisseurs.fid-7b1c8a4a_1943c5e84ca_76f1,Maritime,Golfe,Golfe 1,Bè-Est,POINT (1.2826104345799136 6.17819072113548),ADAKPAME
_mview_route_ralentisseurs.fid-7b1c8a4a_1943c5e84ca_76f2,Maritime,Golfe,Golfe 1,Bè-Est,POINT (1.2677221447104061 6.177218688200378),ROND POINT DJIFA-ATIEGOUVI
_mview_route_ralentisseurs.fid-7b1c8a4a_1943c5e84ca_76f3,Maritime,Golfe,Golfe 1,Bè-Est,POINT (1.2422673020752848 6.147373968994544),BE APEYEME 
_mview_route_ralentisseurs.fid-7b1c8a4a_1943c5e84ca_76f4,Maritime,Golfe,Golfe 1,Bè-Est,POINT (1.2377804745279268 6.207885845705362),KEGUE NASOD
_mview_route_ralentisseurs.fid-7b1c8a4a_1943c5e84ca_76f5,Maritime,Golfe,Golfe 1,Bè-Est,POINT (1.2437399345716407 6.22296460444128),ZOGBEDJI
_mview_route_ralentisseurs.fid-7b1c8a4a_1943c5e84ca_76f6,Maritime,Golfe,Golfe 1,Bè-Est,POINT (1.2492008295037633 6.2137419550399935),KEGUE ZOGBEDJI
_mview_route_ralentisseurs.fid-7b1c8a4a_1943c5e84ca_76f7,Maritime,Golfe,Golfe 1,Bè-Est,POINT (1.264317547998158 6.1575617622759875),BE KPOTA
_mview_route_ralentisseurs.fid-7b1c8a4a_1943c5e84ca_76f8,Maritime,Golfe,Golfe 1,Bè-Est,POINT (1.265343575300869 6.157012749953759),BE KPOTA
_mview_route_ralentisseurs.fid-7b1c8a4a_1943c5e84ca_76f9,Maritime,Golfe,Golfe 6,Baguida,POINT (1.3030490431366104 6.1615224089208125),
_mview_route_ralentisseurs.fid-7b1c8a4a_1943c5e84ca_76fa,Maritime,Golfe,Golfe 6,Baguida,POINT (1.3029033864121664 6.16207657603882),
_mview_route_ralentisseurs.fid-7b1c8a4a_1943c5e84ca_76fb,Maritime,Golfe,Golfe 1,Bè-Est,POINT (1.303680320199775 6.158870892502367),
_mview_route_ralentisseurs.fid-7b1c8a4a_1943c5e84ca_76fc,Maritime,Golfe,Golfe 6,Baguida,POINT (1.303340780174575 6.160299946036379),
_mview_route_ralentisseurs.fid-7b1c8a4a_1943c5e84ca_76fd,Maritime,Golfe,Golfe 6,Baguida,POINT (1.3031567637557915 6.161110900353275),
_mview_route_ralentisseurs.fid-7b1c8a4a_1943c5e84ca_76fe,Maritime,Golfe,Golfe 1,Bè-Est,POINT (1.3038991511221827 6.15792724403559),
_mview_route_ralentisseurs.fid-7b1c8a4a_1943c5e84ca_76ff,Maritime,Golfe,Golfe 6,Baguida,POINT (1.3015640371572663 6.168377384976529),
_mview_route_ralentisseurs.fid-7b1c8a4a_1943c5e84ca_7700,Maritime,Golfe,Golfe 1,Bè-Est,POINT (1.235051830001877 6.142895379616032),RUE AKATA
_mview_route_ralentisseurs.fid-7b1c8a4a_1943c5e84ca_7701,Maritime,Golfe,Golfe 2,Bè-Centre,POINT (1.2622138574827089 6.196607306447674),
_mview_route_ralentisseurs.fid-7b1c8a4a_1943c5e84ca_7702,Maritime,Golfe,Golfe 2,Bè-Centre,POINT (1.2621968292070165 6.1965323819985025),
_mview_route_ralentisseurs.fid-7b1c8a4a_1943c5e84ca_7703,Maritime,Golfe,Golfe 2,Bè-Centre,POINT (1.2363334294328014 6.159270775526484),RUE 113
_mview_route_ralentisseurs.fid-7b1c8a4a_1943c5e84ca_7704,Maritime,Golfe,Golfe 2,Bè-Centre,POINT (1.2356170295718698 6.15939191037166),RUE 113
_mview_route_ralentisseurs.fid-7b1c8a4a_1943c5e84ca_7705,Maritime,Golfe,Golfe 2,Bè-Centre,POINT (1.2341915980082385 6.159632024451227),RUE 113
_mview_route_ralentisseurs.fid-7b1c8a4a_1943c5e84ca_7706,Maritime,Golfe,Golfe 2,Bè-Centre,POINT (1.2695898526730514 6.18902697309917),RUE AWANFOUBO-RUE AZIANKA
_mview_route_ralentisseurs.fid-7b1c8a4a_1943c5e84ca_7707,Maritime,Golfe,Golfe 2,Bè-Centre,POINT (1.2694880667771258 6.188928321069025),RUE AWANFOUBO-RUE AZIANKA
_mview_route_ralentisseurs.fid-7b1c8a4a_1943c5e84ca_7708,Maritime,Golfe,Golfe 2,Bè-Centre,POINT (1.2674755899424763 6.196294775443282),
_mview_route_ralentisseurs.fid-7b1c8a4a_1943c5e84ca_7709,Maritime,Golfe,Golfe 2,Bè-Centre,POINT (1.2322054048970068 6.1510291146807745),TGRMRRRN34 LOME-VOGAN-ANFOIN
_mview_route_ralentisseurs.fid-7b1c8a4a_1943c5e84ca_770a,Maritime,Golfe,Golfe 2,Bè-Centre,POINT (1.2571410597097188 6.187975284203123),
_mview_route_ralentisseurs.fid-7b1c8a4a_1943c5e84ca_770b,Maritime,Golfe,Golfe 2,Bè-Centre,POINT (1.2571753176123062 6.187970224843195),
_mview_route_ralentisseurs.fid-7b1c8a4a_1943c5e84ca_770c,Maritime,Golfe,Golfe 2,Bè-Centre,POINT (1.2504758739786097 6.192981542120684),
_mview_route_ralentisseurs.fid-7b1c8a4a_1943c5e84ca_770d,Maritime,Golfe,Golfe 3,Bè-Ouest,POINT (1.2075425434617537 6.160109494383748),OBOVE-TOKOIN SOLIDARITE 
_mview_route_ralentisseurs.fid-7b1c8a4a_1943c5e84ca_770e,Maritime,Golfe,Golfe 3,Bè-Ouest,POINT (1.207976331555687 6.1591943163257445),OBOVE-TOKOIN SOLIDARITE 
_mview_route_ralentisseurs.fid-7b1c8a4a_1943c5e84ca_770f,Maritime,Golfe,Golfe 3,Bè-Ouest,POINT (1.2082799218272673 6.158540982307123),OBOVE-TOKOIN SOLIDARITE 
_mview_route_ralentisseurs.fid-7b1c8a4a_1943c5e84ca_7710,Maritime,Golfe,Golfe 3,Bè-Ouest,POINT (1.2096370564413723 6.155593599692656),OBOVE-TOKOIN SOLIDARITE 
_mview_route_ralentisseurs.fid-7b1c8a4a_1943c5e84ca_7711,Maritime,Golfe,Golfe 3,Bè-Ouest,POINT (1.2106501915549348 6.1536215813821835),OBOVE-TOKOIN SOLIDARITE 
_mview_route_ralentisseurs.fid-7b1c8a4a_1943c5e84ca_7712,Maritime,Golfe,Golfe 3,Bè-Ouest,POINT (1.2121677682243364 6.1503232293805095),OBOVE-TOKOIN SOLIDARITE 
_mview_route_ralentisseurs.fid-7b1c8a4a_1943c5e84ca_7713,Plateaux,Haho,Haho 4,Wahala,POINT (1.2342069797948052 7.211831144788083),
_mview_route_ralentisseurs.fid-7b1c8a4a_1943c5e84ca_7714,Maritime,Golfe,Golfe 3,Bè-Ouest,POINT (1.2123285241723725 6.149247888042297),OBOVE-TOKOIN SOLIDARITE 
_mview_route_ralentisseurs.fid-7b1c8a4a_1943c5e84ca_7715,Maritime,Golfe,Golfe 3,Bè-Ouest,POINT (1.203352516079016 6.1564385057906215),TOKOIN SOLIDARITE ABOVE
_mview_route_ralentisseurs.fid-7b1c8a4a_1943c5e84ca_7716,Maritime,Golfe,Golfe 3,Bè-Ouest,POINT (1.2032287581142929 6.156425837185234),TOKOIN SOLIDARITE ABOVE
_mview_route_ralentisseurs.fid-7b1c8a4a_1943c5e84ca_7717,Maritime,Golfe,Golfe 3,Bè-Ouest,POINT (1.20264778366383 6.156398731000548),TOKOIN SOLIDARITE ABOVE
_mview_route_ralentisseurs.fid-7b1c8a4a_1943c5e84ca_7718,Maritime,Golfe,Golfe 3,Bè-Ouest,POINT (1.2024257597585144 6.156353430784957),TOKOIN SOLIDARITE ABOVE
_mview_route_ralentisseurs.fid-7b1c8a4a_1943c5e84ca_7719,Maritime,Golfe,Golfe 3,Bè-Ouest,POINT (1.2059966278633554 6.158984676093257),ABOVE 
_mview_route_ralentisseurs.fid-7b1c8a4a_1943c5e84ca_771a,Maritime,Golfe,Golfe 3,Bè-Ouest,POINT (1.2059621237025449 6.159422959808457),ABOVE 
_mview_route_ralentisseurs.fid-7b1c8a4a_1943c5e84ca_771b,Maritime,Golfe,Golfe 3,Bè-Ouest,POINT (1.2284001172304042 6.16911070912144),AVENUE AKEÏ
_mview_route_ralentisseurs.fid-7b1c8a4a_1943c5e84ca_771c,Maritime,Golfe,Golfe 3,Bè-Ouest,POINT (1.2283515017785667 6.169282916682405),AVENUE AKEÏ
_mview_route_ralentisseurs.fid-7b1c8a4a_1943c5e84ca_771d,Maritime,Golfe,Golfe 3,Bè-Ouest,POINT (1.2282909362110468 6.169505375168808),AVENUE AKEÏ
_mview_route_ralentisseurs.fid-7b1c8a4a_1943c5e84ca_771e,Maritime,Golfe,Golfe 3,Bè-Ouest,POINT (1.2282426433876954 6.169673338354866),AVENUE AKEÏ
_mview_route_ralentisseurs.fid-7b1c8a4a_1943c5e84ca_771f,Maritime,Golfe,Golfe 3,Bè-Ouest,POINT (1.2289471711224476 6.169341458760243),WUITI
_mview_route_ralentisseurs.fid-7b1c8a4a_1943c5e84ca_7720,Maritime,Golfe,Golfe 3,Bè-Ouest,POINT (1.2287714833807748 6.1692967215476795),WUITI
_mview_route_ralentisseurs.fid-7b1c8a4a_1943c5e84ca_7721,Maritime,Golfe,Golfe 3,Bè-Ouest,POINT (1.2286656366227977 6.169269768647918),WUITI
_mview_route_ralentisseurs.fid-7b1c8a4a_1943c5e84ca_7722,Maritime,Golfe,Golfe 3,Bè-Ouest,POINT (1.2285159384873876 6.169253815516),WUITI
_mview_route_ralentisseurs.fid-7b1c8a4a_1943c5e84ca_7723,Maritime,Golfe,Golfe 3,Bè-Ouest,POINT (1.2155826276078119 6.1567685286363405),RUE DIAKONGA 26 DMS
_mview_route_ralentisseurs.fid-7b1c8a4a_1943c5e84ca_7724,Maritime,Golfe,Golfe 3,Bè-Ouest,POINT (1.214514284672735 6.158022261164025),DOUMASSESSE 1-ADEWUI
_mview_route_ralentisseurs.fid-7b1c8a4a_1943c5e84ca_7725,Maritime,Golfe,Golfe 3,Bè-Ouest,POINT (1.2146754955107097 6.157513569913455),DOUMASSESSE 1-ADEWUI
_mview_route_ralentisseurs.fid-7b1c8a4a_1943c5e84ca_7726,Maritime,Golfe,Golfe 3,Bè-Ouest,POINT (1.204240242989179 6.182136066915692),LOMEGAN
_mview_route_ralentisseurs.fid-7b1c8a4a_1943c5e84ca_7727,Maritime,Golfe,Golfe 3,Bè-Ouest,POINT (1.2045217194449014 6.171727488179891),KLIKAME
_mview_route_ralentisseurs.fid-7b1c8a4a_1943c5e84ca_7728,Maritime,Golfe,Golfe 3,Bè-Ouest,POINT (1.2046869653983125 6.172121736346123),KLIKAME
_mview_route_ralentisseurs.fid-7b1c8a4a_1943c5e84ca_7729,Maritime,Golfe,Golfe 3,Bè-Ouest,POINT (1.204762927268245 6.1723915816272115),KLIKAME
_mview_route_ralentisseurs.fid-7b1c8a4a_1943c5e84ca_772a,Maritime,Golfe,Golfe 3,Bè-Ouest,POINT (1.2048397339159405 6.172724250636972),KLIKAME
_mview_route_ralentisseurs.fid-7b1c8a4a_1943c5e84ca_772b,Maritime,Golfe,Golfe 3,Bè-Ouest,POINT (1.213244991773423 6.178904893044678),ENTREE SUD-CAMPUS SUD
_mview_route_ralentisseurs.fid-7b1c8a4a_1943c5e84ca_772c,Maritime,Golfe,Golfe 3,Bè-Ouest,POINT (1.2133035578327676 6.1796050743498006),ENTREE SUD-CAMPUS SUD
_mview_route_ralentisseurs.fid-7b1c8a4a_1943c5e84ca_772d,Maritime,Golfe,Golfe 3,Bè-Ouest,POINT (1.2133141076788703 6.17943646031122),ENTREE SUD-CAMPUS SUD
_mview_route_ralentisseurs.fid-7b1c8a4a_1943c5e84ca_772e,Maritime,Golfe,Golfe 3,Bè-Ouest,POINT (1.21326414914461 6.179117929451591),ENTREE SUD-CAMPUS SUD
_mview_route_ralentisseurs.fid-7b1c8a4a_1943c5e84ca_772f,Maritime,Golfe,Golfe 3,Bè-Ouest,POINT (1.2191672639042104 6.171840297048642),ENTRÉE CAMPUS NORD-CHU CAMPUS
_mview_route_ralentisseurs.fid-7b1c8a4a_1943c5e84ca_7730,Maritime,Golfe,Golfe 3,Bè-Ouest,POINT (1.2188359467331489 6.171987405255738),ENTRÉE CAMPUS NORD-CHU CAMPUS
_mview_route_ralentisseurs.fid-7b1c8a4a_1943c5e84ca_7731,Savanes,Tône,Tône 2,Naki-Ouest,POINT (0.062811303592268 10.885245740667203),
_mview_route_ralentisseurs.fid-7b1c8a4a_1943c5e84ca_7732,Maritime,Golfe,Golfe 3,Bè-Ouest,POINT (1.2179082260784204 6.172448568342344),ENTRÉE CAMPUS NORD-CHU CAMPUS
_mview_route_ralentisseurs.fid-7b1c8a4a_1943c5e84ca_7733,Maritime,Golfe,Golfe 3,Bè-Ouest,POINT (1.2164014295223329 6.173176889245552),ENTRÉE CAMPUS NORD-CHU CAMPUS
_mview_route_ralentisseurs.fid-7b1c8a4a_1943c5e84ca_7734,Maritime,Golfe,Golfe 3,Bè-Ouest,POINT (1.2156088441945003 6.174119544107383),ENTRÉE CAMPUS NORD-CHU CAMPUS
_mview_route_ralentisseurs.fid-7b1c8a4a_1943c5e84ca_7735,Maritime,Golfe,Golfe 3,Bè-Ouest,POINT (1.2146457820130019 6.1746762759815),DAAS-ANCIEN GAHIBOR
_mview_route_ralentisseurs.fid-7b1c8a4a_1943c5e84ca_7736,Maritime,Golfe,Golfe 3,Bè-Ouest,POINT (1.2137629638951717 6.17462677141898),DAAS-ANCIEN GAHIBOR
_mview_route_ralentisseurs.fid-7b1c8a4a_1943c5e84ca_7737,Maritime,Golfe,Golfe 3,Bè-Ouest,POINT (1.2127844599247437 6.174610030623382),DAAS-ANCIEN GAHIBOR
_mview_route_ralentisseurs.fid-7b1c8a4a_1943c5e84ca_7738,Maritime,Golfe,Golfe 3,Bè-Ouest,POINT (1.2115144005802823 6.176629453569389),DAAS-ANCIEN GAHIBOR
_mview_route_ralentisseurs.fid-7b1c8a4a_1943c5e84ca_7739,Plateaux,Haho,Haho 4,Wahala,POINT (1.2346604089028839 7.210515989907302),
_mview_route_ralentisseurs.fid-7b1c8a4a_1943c5e84ca_773a,Maritime,Golfe,Golfe 3,Bè-Ouest,POINT (1.2115345276442948 6.176177335838629),DAAS-ANCIEN GAHIBOR
_mview_route_ralentisseurs.fid-7b1c8a4a_1943c5e84ca_773b,Maritime,Golfe,Golfe 3,Bè-Ouest,POINT (1.2115809536909334 6.175469842945568),DAAS-ANCIEN GAHIBOR
_mview_route_ralentisseurs.fid-7b1c8a4a_1943c5e84ca_773c,Maritime,Golfe,Golfe 3,Bè-Ouest,POINT (1.2117798331976926 6.174887047003921),DAAS-ANCIEN GAHIBOR
_mview_route_ralentisseurs.fid-7b1c8a4a_1943c5e84ca_773d,Maritime,Golfe,Golfe 3,Bè-Ouest,POINT (1.216015474461855 6.170305600116948),UL
_mview_route_ralentisseurs.fid-7b1c8a4a_1943c5e84ca_773e,Maritime,Golfe,Golfe 3,Bè-Ouest,POINT (1.2155966624248615 6.170635840059902),UL
_mview_route_ralentisseurs.fid-7b1c8a4a_1943c5e84ca_773f,Maritime,Golfe,Golfe 3,Bè-Ouest,POINT (1.2171868627887226 6.169848009925438),UL
_mview_route_ralentisseurs.fid-7b1c8a4a_1943c5e84ca_7740,Maritime,Golfe,Golfe 3,Bè-Ouest,POINT (1.2177738489004488 6.169962717159748),UL
_mview_route_ralentisseurs.fid-7b1c8a4a_1943c5e84ca_7741,Maritime,Golfe,Golfe 3,Bè-Ouest,POINT (1.2184915293360508 6.170543028664069),UL
_mview_route_ralentisseurs.fid-7b1c8a4a_1943c5e84ca_7742,Maritime,Golfe,Golfe 3,Bè-Ouest,POINT (1.2186892866928805 6.171020507799237),UL
_mview_route_ralentisseurs.fid-7b1c8a4a_1943c5e84ca_7743,Maritime,Golfe,Golfe 3,Bè-Ouest,POINT (1.2188971680699185 6.171592637742585),UL
_mview_route_ralentisseurs.fid-7b1c8a4a_1943c5e84ca_7744,Maritime,Golfe,Golfe 3,Bè-Ouest,POINT (1.2194590805347656 6.1740112692492),VILLAGE DU BENIN-VILLAGE DU BÉNIN 
_mview_route_ralentisseurs.fid-7b1c8a4a_1943c5e84ca_7745,Maritime,Golfe,Golfe 3,Bè-Ouest,POINT (1.2223656753290815 6.174765132145409),VILLAGE DU BÉNIN 
_mview_route_ralentisseurs.fid-7b1c8a4a_1943c5e84ca_7746,Maritime,Golfe,Golfe 3,Bè-Ouest,POINT (1.2221448264348211 6.174680640704407),VILLAGE DU BÉNIN 
_mview_route_ralentisseurs.fid-7b1c8a4a_1943c5e84ca_7747,Maritime,Golfe,Golfe 3,Bè-Ouest,POINT (1.2229291394322106 6.1714698883896),RÉSIDENCE DU BENIN RUE FLAMBOYANT 
_mview_route_ralentisseurs.fid-7b1c8a4a_1943c5e84ca_7748,Maritime,Golfe,Golfe 3,Bè-Ouest,POINT (1.2226236272948412 6.171385938933104),RÉSIDENCE DU BENIN RUE FLAMBOYANT 
_mview_route_ralentisseurs.fid-7b1c8a4a_1943c5e84ca_7749,Maritime,Golfe,Golfe 3,Bè-Ouest,POINT (1.222149291401717 6.16950584644144),RÉSIDENCE DU BENIN RUE FLAMBOYANT 
_mview_route_ralentisseurs.fid-7b1c8a4a_1943c5e84ca_774a,Maritime,Golfe,Golfe 3,Bè-Ouest,POINT (1.2223392977949317 6.169398176010596),RÉSIDENCE DU BENIN RUE FLAMBOYANT 
_mview_route_ralentisseurs.fid-7b1c8a4a_1943c5e84ca_774b,Maritime,Golfe,Golfe 3,Bè-Ouest,POINT (1.2227141405543207 6.169175839417548),RÉSIDENCE DU BENIN RUE FLAMBOYANT 
_mview_route_ralentisseurs.fid-7b1c8a4a_1943c5e84ca_774c,Maritime,Golfe,Golfe 3,Bè-Ouest,POINT (1.2233279585086263 6.169031509613618),RÉSIDENCE DU BENIN RUE FLAMBOYANT 
_mview_route_ralentisseurs.fid-7b1c8a4a_1943c5e84ca_774d,Maritime,Golfe,Golfe 3,Bè-Ouest,POINT (1.2240994044844224 6.169303422272546),RÉSIDENCE DU BENIN RUE FLAMBOYANT 
_mview_route_ralentisseurs.fid-7b1c8a4a_1943c5e84ca_774e,Maritime,Golfe,Golfe 3,Bè-Ouest,POINT (1.2196829916062915 6.185571116741097),AMBASSADE DE LA CHINE-RUE DE L'AMBASSADE DU BRÉSIL 
_mview_route_ralentisseurs.fid-7b1c8a4a_1943c5e84ca_774f,Maritime,Golfe,Golfe 3,Bè-Ouest,POINT (1.2200123611599898 6.1857206713300545),AMBASSADE DE LA CHINE-RUE DE L'AMBASSADE DU BRÉSIL 
_mview_route_ralentisseurs.fid-7b1c8a4a_1943c5e84ca_7750,Maritime,Golfe,Golfe 4,Amoutivé,POINT (1.212001521357202 6.127509777045262),QUARTIER ADMINISTRATIF 
_mview_route_ralentisseurs.fid-7b1c8a4a_1943c5e84ca_7751,Maritime,Golfe,Golfe 4,Amoutivé,POINT (1.2132120158036006 6.12822228233808),QUARTIER ADMINISTRATIF 
_mview_route_ralentisseurs.fid-7b1c8a4a_1943c5e84ca_7752,Maritime,Golfe,Golfe 4,Amoutivé,POINT (1.2088919515395737 6.143979338168551),CHU SYLVANUS OLYMPIO-LA POSTE DE LOME TOKOIN
_mview_route_ralentisseurs.fid-7b1c8a4a_1943c5e84ca_7753,Maritime,Golfe,Golfe 4,Amoutivé,POINT (1.2088684389896323 6.1439284541221335),CHU SYLVANUS OLYMPIO-LA POSTE DE LOME TOKOIN
_mview_route_ralentisseurs.fid-7b1c8a4a_1943c5e84ca_7754,Maritime,Golfe,Golfe 4,Amoutivé,POINT (1.208780098171825 6.143737273676822),CHU SYLVANUS OLYMPIO-LA POSTE DE LOME TOKOIN
_mview_route_ralentisseurs.fid-7b1c8a4a_1943c5e84ca_7755,Maritime,Golfe,Golfe 4,Amoutivé,POINT (1.2087479773168963 6.143667760152944),CHU SYLVANUS OLYMPIO-LA POSTE DE LOME TOKOIN
_mview_route_ralentisseurs.fid-7b1c8a4a_1943c5e84ca_7756,Maritime,Golfe,Golfe 4,Amoutivé,POINT (1.205490116909291 6.120234103520002),KODJOVIA COPÉ-BOULEVARD DU 13 JANVIER
_mview_route_ralentisseurs.fid-7b1c8a4a_1943c5e84ca_7757,Maritime,Golfe,Golfe 4,Amoutivé,POINT (1.205769340912199 6.120348134138056),KODJOVIA COPÉ-BOULEVARD DU 13 JANVIER
_mview_route_ralentisseurs.fid-7b1c8a4a_1943c5e84ca_7758,Maritime,Golfe,Golfe 4,Amoutivé,POINT (1.2032110457558687 6.116486840136992),RUE MASABO
_mview_route_ralentisseurs.fid-7b1c8a4a_1943c5e84ca_7759,Maritime,Golfe,Golfe 4,Amoutivé,POINT (1.221173075430995 6.135306578893145),WÉTRIVI KONDJI 
_mview_route_ralentisseurs.fid-7b1c8a4a_1943c5e84ca_775a,Maritime,Golfe,Golfe 4,Amoutivé,POINT (1.2217088159361351 6.135609675474716),WÉTRIVI KONDJI 
_mview_route_ralentisseurs.fid-7b1c8a4a_1943c5e84ca_775b,Maritime,Golfe,Golfe 4,Amoutivé,POINT (1.2211359638284627 6.135285582879271),WÉTRIVI KONDJI 
_mview_route_ralentisseurs.fid-7b1c8a4a_1943c5e84ca_775c,Maritime,Golfe,Golfe 4,Amoutivé,POINT (1.2204667777374718 6.13490698796762),WÉTRIVI KONDJI 
_mview_route_ralentisseurs.fid-7b1c8a4a_1943c5e84ca_775d,Maritime,Golfe,Golfe 4,Amoutivé,POINT (1.2201524356495328 6.134729147165256),WÉTRIVI KONDJI 
_mview_route_ralentisseurs.fid-7b1c8a4a_1943c5e84ca_775e,Maritime,Golfe,Golfe 4,Amoutivé,POINT (1.2216657696218545 6.134432533032797),WÉTRIVI KONDJI 
_mview_route_ralentisseurs.fid-7b1c8a4a_1943c5e84ca_775f,Maritime,Golfe,Golfe 4,Amoutivé,POINT (1.2216053288328586 6.134397663106971),WÉTRIVI KONDJI 
_mview_route_ralentisseurs.fid-7b1c8a4a_1943c5e84ca_7760,Maritime,Golfe,Golfe 4,Amoutivé,POINT (1.2195203384410687 6.1353861641866),WÉTRIVI KONDJI 
_mview_route_ralentisseurs.fid-7b1c8a4a_1943c5e84ca_7761,Maritime,Golfe,Golfe 4,Amoutivé,POINT (1.2194719123505795 6.135362622756583),WÉTRIVI KONDJI 
_mview_route_ralentisseurs.fid-7b1c8a4a_1943c5e84ca_7762,Maritime,Golfe,Golfe 4,Amoutivé,POINT (1.2157543396887935 6.139103634293687),
_mview_route_ralentisseurs.fid-7b1c8a4a_1943c5e84ca_7763,Maritime,Golfe,Golfe 4,Amoutivé,POINT (1.2159434647314709 6.139180549574008),
_mview_route_ralentisseurs.fid-7b1c8a4a_1943c5e84ca_7764,Maritime,Golfe,Golfe 4,Amoutivé,POINT (1.2160954292533404 6.139235900241191),
_mview_route_ralentisseurs.fid-7b1c8a4a_1943c5e84ca_7765,Maritime,Golfe,Golfe 4,Amoutivé,POINT (1.2069483946080282 6.127212587624207),NYEKONAKPOÈ-KODJOVIAKOPÉ
_mview_route_ralentisseurs.fid-7b1c8a4a_1943c5e84ca_7766,Maritime,Golfe,Golfe 4,Amoutivé,POINT (1.2065424091321404 6.127119454078665),NYEKONAKPOÈ-KODJOVIAKOPÉ
_mview_route_ralentisseurs.fid-7b1c8a4a_1943c5e84ca_7767,Maritime,Golfe,Golfe 4,Amoutivé,POINT (1.2060753064047205 6.127010765186824),NYEKONAKPOÈ-KODJOVIAKOPÉ
_mview_route_ralentisseurs.fid-7b1c8a4a_1943c5e84ca_7768,Maritime,Golfe,Golfe 4,Amoutivé,POINT (1.2056140810144034 6.126903238131071),NYEKONAKPOÈ-KODJOVIAKOPÉ
_mview_route_ralentisseurs.fid-7b1c8a4a_1943c5e84ca_7769,Maritime,Golfe,Golfe 4,Amoutivé,POINT (1.205614510026324 6.126903338148281),NYEKONAKPOÈ-KODJOVIAKOPÉ
_mview_route_ralentisseurs.fid-7b1c8a4a_1943c5e84ca_776a,Maritime,Golfe,Golfe 4,Amoutivé,POINT (1.2028497546808543 6.134604125972329),KODJOVIA COPÉ-RUE KPEGBEYA
_mview_route_ralentisseurs.fid-7b1c8a4a_1943c5e84ca_776b,Maritime,Golfe,Golfe 4,Amoutivé,POINT (1.203118781562483 6.133271041550237),KODJOVIA COPÉ-RUE KPEGBEYA
_mview_route_ralentisseurs.fid-7b1c8a4a_1943c5e84ca_776c,Maritime,Golfe,Golfe 4,Amoutivé,POINT (1.2031647856917473 6.132977721447105),KODJOVIA COPÉ-RUE KPEGBEYA
_mview_route_ralentisseurs.fid-7b1c8a4a_1943c5e84ca_776d,Maritime,Golfe,Golfe 4,Amoutivé,POINT (1.2032650679690067 6.132403887824912),KODJOVIA COPÉ-RUE KPEGBEYA
_mview_route_ralentisseurs.fid-7b1c8a4a_1943c5e84ca_776e,Maritime,Golfe,Golfe 4,Amoutivé,POINT (1.2033453491105812 6.131960025116861),KODJOVIA COPÉ-RUE KPEGBEYA
_mview_route_ralentisseurs.fid-7b1c8a4a_1943c5e84ca_776f,Maritime,Golfe,Golfe 4,Amoutivé,POINT (1.2039471596570772 6.12840175627357),KODJOVIA COPÉ-RUE KPEGBEYA
_mview_route_ralentisseurs.fid-7b1c8a4a_1943c5e84ca_7770,Maritime,Golfe,Golfe 4,Amoutivé,POINT (1.2040058171659491 6.128071294414725),KODJOVIA COPÉ-RUE KPEGBEYA
_mview_route_ralentisseurs.fid-7b1c8a4a_1943c5e84ca_7771,Maritime,Golfe,Golfe 4,Amoutivé,POINT (1.216016671175883 6.144800660696328),
_mview_route_ralentisseurs.fid-7b1c8a4a_1943c5e84ca_7772,Maritime,Golfe,Golfe 4,Amoutivé,POINT (1.2155648385331548 6.146374672420081),GBADADO 
_mview_route_ralentisseurs.fid-7b1c8a4a_1943c5e84ca_7773,Maritime,Golfe,Golfe 4,Amoutivé,POINT (1.2243986202482724 6.1252717315527665),GRAND MARCHÉ 
_mview_route_ralentisseurs.fid-7b1c8a4a_1943c5e84ca_7774,Maritime,Golfe,Golfe 4,Amoutivé,POINT (1.211664301635848 6.13038947402333),NYEKONAKPOÈ
_mview_route_ralentisseurs.fid-7b1c8a4a_1943c5e84ca_7775,Maritime,Golfe,Golfe 4,Amoutivé,POINT (1.2217851037127494 6.1338893926208105),WÉTRIVI KONDJI 
_mview_route_ralentisseurs.fid-7b1c8a4a_1943c5e84ca_7776,Maritime,Golfe,Golfe 4,Amoutivé,POINT (1.221618867010478 6.13416977139877),WÉTRIVI KONDJI 
_mview_route_ralentisseurs.fid-7b1c8a4a_1943c5e84ca_7777,Maritime,Golfe,Golfe 4,Amoutivé,POINT (1.2214144318203513 6.1345214634461485),WÉTRIVI KONDJI 
_mview_route_ralentisseurs.fid-7b1c8a4a_1943c5e84ca_7778,Maritime,Golfe,Golfe 4,Amoutivé,POINT (1.225822367292361 6.141475347577186),RUE DE TAPOUNTE-RUE DE PARIS
_mview_route_ralentisseurs.fid-7b1c8a4a_1943c5e84ca_7779,Maritime,Golfe,Golfe 4,Amoutivé,POINT (1.2030847917336067 6.142812479673831),CASABLANCA
_mview_route_ralentisseurs.fid-7b1c8a4a_1943c5e84ca_777a,Maritime,Golfe,Golfe 4,Amoutivé,POINT (1.2029840780774879 6.142922087282468),CASABLANCA
_mview_route_ralentisseurs.fid-7b1c8a4a_1943c5e84ca_777b,Maritime,Golfe,Golfe 4,Amoutivé,POINT (1.233075179867102 6.144465223018025),AMOUTIVÉ 
_mview_route_ralentisseurs.fid-7b1c8a4a_1943c5e84ca_777c,Maritime,Golfe,Golfe 4,Amoutivé,POINT (1.2156744441862994 6.135673975331769),
_mview_route_ralentisseurs.fid-7b1c8a4a_1943c5e84ca_777d,Maritime,Golfe,Golfe 4,Amoutivé,POINT (1.1995886951503785 6.1246900664448445),KODJOVIAKOPÉ-POSTÉ 13
_mview_route_ralentisseurs.fid-7b1c8a4a_1943c5e84ca_777e,Maritime,Golfe,Golfe 5,Aflao-Gakli,POINT (1.2035214573563648 6.191164233533423),AGBALEPEDO
_mview_route_ralentisseurs.fid-7b1c8a4a_1943c5e84ca_777f,Maritime,Golfe,Golfe 5,Aflao-Gakli,POINT (1.2031395348340057 6.188906083707862),AGBALEPEDO
_mview_route_ralentisseurs.fid-7b1c8a4a_1943c5e84ca_7780,Maritime,Golfe,Golfe 5,Aflao-Gakli,POINT (1.202926025785577 6.185726134699212),AGBALEPEDO
_mview_route_ralentisseurs.fid-7b1c8a4a_1943c5e84ca_7781,Maritime,Golfe,Golfe 5,Aflao-Gakli,POINT (1.187098957724648 6.201426329300578),ADJIDOADIN
_mview_route_ralentisseurs.fid-7b1c8a4a_1943c5e84ca_7782,Maritime,Golfe,Golfe 5,Aflao-Gakli,POINT (1.2044682398318978 6.1894984180709685),AGBALEPEDO
_mview_route_ralentisseurs.fid-7b1c8a4a_1943c5e84ca_7783,Maritime,Golfe,Golfe 5,Aflao-Gakli,POINT (1.2046565422804418 6.189492687298827),AGBALEPEDO
_mview_route_ralentisseurs.fid-7b1c8a4a_1943c5e84ca_7784,Maritime,Golfe,Golfe 5,Aflao-Gakli,POINT (1.2048433638576874 6.189485762447564),AGBALEPEDO
_mview_route_ralentisseurs.fid-7b1c8a4a_1943c5e84ca_7785,Maritime,Golfe,Golfe 5,Aflao-Gakli,POINT (1.1928896192099534 6.1809892749452064),DJIDJOLÉ
_mview_route_ralentisseurs.fid-7b1c8a4a_1943c5e84ca_7786,Maritime,Golfe,Golfe 3,Bè-Ouest,POINT (1.207885203250566 6.1922484261245545),AGBALEPEDO
_mview_route_ralentisseurs.fid-7b1c8a4a_1943c5e84ca_7787,Maritime,Golfe,Golfe 5,Aflao-Gakli,POINT (1.2075611179972932 6.192327690895006),GTA
_mview_route_ralentisseurs.fid-7b1c8a4a_1943c5e84ca_7788,Maritime,Golfe,Golfe 5,Aflao-Gakli,POINT (1.1912348189464144 6.175484577643978),AVENOU
_mview_route_ralentisseurs.fid-7b1c8a4a_1943c5e84ca_7789,Maritime,Golfe,Golfe 5,Aflao-Gakli,POINT (1.1909510000954218 6.174925207302782),AVENOU
_mview_route_ralentisseurs.fid-7b1c8a4a_1943c5e84ca_778a,Maritime,Golfe,Golfe 5,Aflao-Gakli,POINT (1.190566051787978 6.17408393207434),AVENOU
_mview_route_ralentisseurs.fid-7b1c8a4a_1943c5e84ca_778b,Maritime,Golfe,Golfe 5,Aflao-Gakli,POINT (1.1878809936049317 6.191422674236041),TOTSI 
_mview_route_ralentisseurs.fid-7b1c8a4a_1943c5e84ca_778c,Maritime,Golfe,Golfe 5,Aflao-Gakli,POINT (1.1964064780328205 6.192726006286987),AGBALEPEDO-RUE LIVINGSTONE 
_mview_route_ralentisseurs.fid-7b1c8a4a_1943c5e84ca_778d,Maritime,Golfe,Golfe 5,Aflao-Gakli,POINT (1.1985051223102514 6.19289898785975),AGBALEPEDO-RUE LIVINGSTONE 
_mview_route_ralentisseurs.fid-7b1c8a4a_1943c5e84ca_778e,Maritime,Golfe,Golfe 5,Aflao-Gakli,POINT (1.1999322657886298 6.192816208305485),AGBALEPEDO-RUE LIVINGSTONE 
_mview_route_ralentisseurs.fid-7b1c8a4a_1943c5e84ca_778f,Maritime,Golfe,Golfe 5,Aflao-Gakli,POINT (1.2026812472592563 6.192345548964572),AGBALEPEDO-RUE LIVINGSTONE 
_mview_route_ralentisseurs.fid-7b1c8a4a_1943c5e84ca_7790,Maritime,Golfe,Golfe 5,Aflao-Gakli,POINT (1.1838972483191998 6.173847809390149),AVENOU
_mview_route_ralentisseurs.fid-7b1c8a4a_1943c5e84ca_7791,Maritime,Golfe,Golfe 5,Aflao-Gakli,POINT (1.1835622347472599 6.173046783134091),AVENOU
_mview_route_ralentisseurs.fid-7b1c8a4a_1943c5e84ca_7792,Maritime,Golfe,Golfe 5,Aflao-Gakli,POINT (1.1834509603922772 6.172811980542331),AVENOU
_mview_route_ralentisseurs.fid-7b1c8a4a_1943c5e84ca_7793,Maritime,Golfe,Golfe 5,Aflao-Gakli,POINT (1.1833117309522445 6.172518189061923),AVENOU
_mview_route_ralentisseurs.fid-7b1c8a4a_1943c5e84ca_7794,Maritime,Golfe,Golfe 5,Aflao-Gakli,POINT (1.1831893803697273 6.172260013876855),AVENOU
_mview_route_ralentisseurs.fid-7b1c8a4a_1943c5e84ca_7795,Maritime,Golfe,Golfe 5,Aflao-Gakli,POINT (1.1831791666283398 6.172238461583866),AVENOU
_mview_route_ralentisseurs.fid-7b1c8a4a_1943c5e84ca_7796,Maritime,Golfe,Golfe 5,Aflao-Gakli,POINT (1.1926210962969166 6.188020622948488),TOTSI-CARREFOUR DONOU
_mview_route_ralentisseurs.fid-7b1c8a4a_1943c5e84ca_7797,Maritime,Golfe,Golfe 6,Baguida,POINT (1.3158043495401954 6.161495084382853),TGRMRRRN2/3 AFLAO-AVEPOZO CHAUSSEE NORD
_mview_route_ralentisseurs.fid-7b1c8a4a_1943c5e84ca_7798,Maritime,Golfe,Golfe 6,Baguida,POINT (1.306016518500832 6.158298707073311),TGRMRRRN2/3 AFLAO AVEPOZO VOIE NORD
_mview_route_ralentisseurs.fid-7b1c8a4a_1943c5e84ca_7799,Maritime,Golfe,Golfe 6,Baguida,POINT (1.3052092931629755 6.157980109923264),TGRMRRRN2/3 AFLAO AVEPOZO VOIE NORD
_mview_route_ralentisseurs.fid-7b1c8a4a_1943c5e84ca_779a,Maritime,Golfe,Golfe 6,Baguida,POINT (1.3427316866893642 6.168867596566755),LAMATOU-BAGUIDA
_mview_route_ralentisseurs.fid-7b1c8a4a_1943c5e84ca_779b,Maritime,Golfe,Golfe 6,Baguida,POINT (1.3435558661556284 6.169104601740584),LAMATOU-BAGUIDA
_mview_route_ralentisseurs.fid-7b1c8a4a_1943c5e84ca_779c,Maritime,Golfe,Golfe 6,Baguida,POINT (1.3459067394661164 6.169782335703044),LAMATOU-BAGUIDA
_mview_route_ralentisseurs.fid-7b1c8a4a_1943c5e84ca_779d,Maritime,Golfe,Golfe 6,Baguida,POINT (1.3467914830395664 6.1700226114366385),LAMATOU-BAGUIDA
_mview_route_ralentisseurs.fid-7b1c8a4a_1943c5e84ca_779e,Maritime,Golfe,Golfe 6,Baguida,POINT (1.3475311230532947 6.170413006827792),TGRMRRRN2/3 AFLAO-AVEPOZO CHAUSSEE NORD
_mview_route_ralentisseurs.fid-7b1c8a4a_1943c5e84ca_779f,Maritime,Golfe,Golfe 6,Baguida,POINT (1.346785587879778 6.1701830888718785),TGRMRRRN2/3 AFLAO-AVEPOZO CHAUSSEE NORD
_mview_route_ralentisseurs.fid-7b1c8a4a_1943c5e84ca_77a0,Maritime,Golfe,Golfe 6,Baguida,POINT (1.3443160957348141 6.169506181296327),TGRMRRRN2/3 AFLAO-AVEPOZO CHAUSSEE NORD
_mview_route_ralentisseurs.fid-7b1c8a4a_1943c5e84ca_77a1,Maritime,Golfe,Golfe 6,Baguida,POINT (1.3436207462928944 6.169307375905126),TGRMRRRN2/3 AFLAO-AVEPOZO CHAUSSEE NORD
_mview_route_ralentisseurs.fid-7b1c8a4a_1943c5e84ca_77a2,Maritime,Golfe,Golfe 6,Baguida,POINT (1.3045083344520518 6.152225000001461),CMS KATANGA-PLAGE GBETSOGBE
_mview_route_ralentisseurs.fid-7b1c8a4a_1943c5e84ca_77a3,Maritime,Golfe,Golfe 6,Baguida,POINT (1.3037748543711534 6.1521743085903005),CMS KATANGA-PLAGE GBETSOGBE
_mview_route_ralentisseurs.fid-7b1c8a4a_1943c5e84ca_77a4,Maritime,Golfe,Golfe 6,Baguida,POINT (1.3036959418456504 6.152171797575253),CMS KATANGA-PLAGE GBETSOGBE
_mview_route_ralentisseurs.fid-7b1c8a4a_1943c5e84ca_77a5,Maritime,Golfe,Golfe 6,Baguida,POINT (1.3035861901475552 6.15217552382685),CMS KATANGA-PLAGE GBETSOGBE
_mview_route_ralentisseurs.fid-7b1c8a4a_1943c5e84ca_77a6,Maritime,Golfe,Golfe 6,Baguida,POINT (1.3392637724043273 6.1763177749663765),BAGUIDA 
_mview_route_ralentisseurs.fid-7b1c8a4a_1943c5e84ca_77a7,Maritime,Golfe,Golfe 6,Baguida,POINT (1.3392390321989465 6.176450022506762),BAGUIDA 
_mview_route_ralentisseurs.fid-7b1c8a4a_1943c5e84ca_77a8,Maritime,Golfe,Golfe 6,Baguida,POINT (1.3343338664688216 6.165973490208811),BAGUIDA-AVEPOZO 
_mview_route_ralentisseurs.fid-7b1c8a4a_1943c5e84ca_77a9,Maritime,Golfe,Golfe 6,Baguida,POINT (1.3484366558569598 6.169631040253786),AVEPOZO
_mview_route_ralentisseurs.fid-7b1c8a4a_1943c5e84ca_77aa,Maritime,Golfe,Golfe 6,Baguida,POINT (1.3483559353502992 6.1693938206237915),AVEPOZO
_mview_route_ralentisseurs.fid-7b1c8a4a_1943c5e84ca_77ab,Maritime,Golfe,Golfe 6,Baguida,POINT (1.3587084368231417 6.181885714090082),DEVEGO
_mview_route_ralentisseurs.fid-7b1c8a4a_1943c5e84ca_77ac,Maritime,Golfe,Golfe 6,Baguida,POINT (1.3585906454436951 6.1822572656258385),DEVEGO
_mview_route_ralentisseurs.fid-7b1c8a4a_1943c5e84ca_77ad,Maritime,Golfe,Golfe 6,Baguida,POINT (1.3585099166164842 6.182511909609573),DEVEGO
_mview_route_ralentisseurs.fid-7b1c8a4a_1943c5e84ca_77ae,Maritime,Golfe,Golfe 6,Baguida,POINT (1.3646230836793283 6.181221299092737),
_mview_route_ralentisseurs.fid-7b1c8a4a_1943c5e84ca_77af,Maritime,Golfe,Golfe 6,Baguida,POINT (1.3491911013240192 6.185921519624911),BAGUIDA DEVEGO
_mview_route_ralentisseurs.fid-7b1c8a4a_1943c5e84ca_77b0,Maritime,Golfe,Golfe 6,Baguida,POINT (1.3646409320257717 6.18857791678283),AGODEKAÈ 
_mview_route_ralentisseurs.fid-7b1c8a4a_1943c5e84ca_77b1,Maritime,Golfe,Golfe 6,Baguida,POINT (1.3339176187403898 6.189503342244956),DEVEGO
_mview_route_ralentisseurs.fid-7b1c8a4a_1943c5e84ca_77b2,Maritime,Golfe,Golfe 6,Baguida,POINT (1.3310834940104388 6.186342954629691),TAMAGNI
_mview_route_ralentisseurs.fid-7b1c8a4a_1943c5e84ca_77b3,Maritime,Golfe,Golfe 6,Baguida,POINT (1.3492311620329023 6.184404682599394),DÉVEGO 
_mview_route_ralentisseurs.fid-7b1c8a4a_1943c5e84ca_77b4,Maritime,Golfe,Golfe 6,Baguida,POINT (1.3058408661005279 6.174192041165032),
_mview_route_ralentisseurs.fid-7b1c8a4a_1943c5e84ca_77b5,Maritime,Golfe,Golfe 7,Aflao-Sagbado,POINT (1.110302781987434 6.1880110206565355),
_mview_route_ralentisseurs.fid-7b1c8a4a_1943c5e84ca_77b6,Maritime,Golfe,Golfe 7,Aflao-Sagbado,POINT (1.1422609728288726 6.1708960251997205),
_mview_route_ralentisseurs.fid-7b1c8a4a_1943c5e84ca_77b7,Maritime,Golfe,Golfe 7,Aflao-Sagbado,POINT (1.1642729931132967 6.173679713457621),RUE LAPAPA
_mview_route_ralentisseurs.fid-7b1c8a4a_1943c5e84ca_77b8,Maritime,Golfe,Golfe 7,Aflao-Sagbado,POINT (1.158642441646703 6.186298015828052),
_mview_route_ralentisseurs.fid-7b1c8a4a_1943c5e84ca_77b9,Maritime,Golfe,Golfe 7,Aflao-Sagbado,POINT (1.1528244672986154 6.191896117783196),
_mview_route_ralentisseurs.fid-7b1c8a4a_1943c5e84ca_77ba,Maritime,Golfe,Golfe 7,Aflao-Sagbado,POINT (1.1527904940594569 6.191908587528983),
_mview_route_ralentisseurs.fid-7b1c8a4a_1943c5e84ca_77bb,Maritime,Golfe,Golfe 7,Aflao-Sagbado,POINT (1.1526621958344792 6.19195567886792),
_mview_route_ralentisseurs.fid-7b1c8a4a_1943c5e84ca_77bc,Maritime,Golfe,Golfe 7,Aflao-Sagbado,POINT (1.1513453250262027 6.1950705984765975),
_mview_route_ralentisseurs.fid-7b1c8a4a_1943c5e84ca_77bd,Maritime,Golfe,Golfe 7,Aflao-Sagbado,POINT (1.1511053041887895 6.1950653989643305),
_mview_route_ralentisseurs.fid-7b1c8a4a_1943c5e84ca_77be,Maritime,Golfe,Golfe 7,Aflao-Sagbado,POINT (1.1508181009417842 6.19505269951984),
_mview_route_ralentisseurs.fid-7b1c8a4a_1943c5e84ca_77bf,Maritime,Golfe,Golfe 7,Aflao-Sagbado,POINT (1.1517539311997302 6.193278167459194),
_mview_route_ralentisseurs.fid-7b1c8a4a_1943c5e84ca_77c0,Maritime,Golfe,Golfe 7,Aflao-Sagbado,POINT (1.1464464659711344 6.184878293946432),WONYOME
_mview_route_ralentisseurs.fid-7b1c8a4a_1943c5e84ca_77c1,Maritime,Golfe,Golfe 7,Aflao-Sagbado,POINT (1.1465922954706818 6.185158589635243),WONYOME
_mview_route_ralentisseurs.fid-7b1c8a4a_1943c5e84ca_77c2,Maritime,Golfe,Golfe 7,Aflao-Sagbado,POINT (1.146664652451126 6.185297665317793),WONYOME
_mview_route_ralentisseurs.fid-7b1c8a4a_1943c5e84ca_77c3,Maritime,Golfe,Golfe 7,Aflao-Sagbado,POINT (1.148962200993093 6.187887331822961),WONYOME 
_mview_route_ralentisseurs.fid-7b1c8a4a_1943c5e84ca_77c4,Maritime,Golfe,Golfe 7,Aflao-Sagbado,POINT (1.148830797759439 6.187866514176193),WONYOME 
_mview_route_ralentisseurs.fid-7b1c8a4a_1943c5e84ca_77c5,Maritime,Golfe,Golfe 7,Aflao-Sagbado,POINT (1.1376409738885491 6.172443905960851),
_mview_route_ralentisseurs.fid-7b1c8a4a_1943c5e84ca_77c6,Maritime,Golfe,Golfe 7,Aflao-Sagbado,POINT (1.1376333562562078 6.172578483984672),
_mview_route_ralentisseurs.fid-7b1c8a4a_1943c5e84ca_77c7,Maritime,Golfe,Golfe 7,Aflao-Sagbado,POINT (1.154362486805147 6.191150950073326),
_mview_route_ralentisseurs.fid-7b1c8a4a_1943c5e84ca_77c8,Maritime,Golfe,Golfe 7,Aflao-Sagbado,POINT (1.1544089648300846 6.191297164116977),
_mview_route_ralentisseurs.fid-7b1c8a4a_1943c5e84ca_77c9,Maritime,Golfe,Golfe 7,Aflao-Sagbado,POINT (1.154491892601828 6.191574950406817),
_mview_route_ralentisseurs.fid-7b1c8a4a_1943c5e84ca_77ca,Maritime,Golfe,Golfe 7,Aflao-Sagbado,POINT (1.1445077291122896 6.195283810658944),
_mview_route_ralentisseurs.fid-7b1c8a4a_1943c5e84ca_77cb,Maritime,Golfe,Golfe 7,Aflao-Sagbado,POINT (1.144574349176366 6.195462331561988),
_mview_route_ralentisseurs.fid-7b1c8a4a_1943c5e84ca_77cc,Maritime,Golfe,Golfe 7,Aflao-Sagbado,POINT (1.1491917230645021 6.196890412529316),MARCHÉ ADIDOGOME
_mview_route_ralentisseurs.fid-7b1c8a4a_1943c5e84ca_77cd,Maritime,Golfe,Golfe 7,Aflao-Sagbado,POINT (1.1303023671709944 6.197756694210441),
_mview_route_ralentisseurs.fid-7b1c8a4a_1943c5e84ca_77ce,Maritime,Golfe,Golfe 7,Aflao-Sagbado,POINT (1.1301123490541127 6.197609575026663),
_mview_route_ralentisseurs.fid-7b1c8a4a_1943c5e84ca_77cf,Maritime,Golfe,Golfe 7,Aflao-Sagbado,POINT (1.1281091179681644 6.197930996496791),
_mview_route_ralentisseurs.fid-7b1c8a4a_1943c5e84ca_77d0,Maritime,Golfe,Golfe 7,Aflao-Sagbado,POINT (1.1175635806748807 6.172355291224313),
_mview_route_ralentisseurs.fid-7b1c8a4a_1943c5e84ca_77d1,Maritime,Golfe,Golfe 7,Aflao-Sagbado,POINT (1.1357278175590784 6.210914777180495),
_mview_route_ralentisseurs.fid-7b1c8a4a_1943c5e84ca_77d2,Maritime,Golfe,Golfe 7,Aflao-Sagbado,POINT (1.0908454075119127 6.202842194769589),
_mview_route_ralentisseurs.fid-7b1c8a4a_1943c5e84ca_77d3,Maritime,Golfe,Golfe 7,Aflao-Sagbado,POINT (1.0905408073670038 6.202983627363545),
_mview_route_ralentisseurs.fid-7b1c8a4a_1943c5e84ca_77d4,Maritime,Golfe,Golfe 7,Aflao-Sagbado,POINT (1.1826330056458398 6.171153309325039),RUE DOUTE-RUE AMELONKUI 
_mview_route_ralentisseurs.fid-7b1c8a4a_1943c5e84ca_77d5,Maritime,Golfe,Golfe 7,Aflao-Sagbado,POINT (1.1106948814708015 6.213690539055366),
_mview_route_ralentisseurs.fid-7b1c8a4a_1943c5e84ca_77d6,Maritime,Golfe,Golfe 7,Aflao-Sagbado,POINT (1.0996154507073004 6.210476224663108),
_mview_route_ralentisseurs.fid-7b1c8a4a_1943c5e84ca_77d7,Maritime,Golfe,Golfe 7,Aflao-Sagbado,POINT (1.1026360112547522 6.194528824278126),SEGBE 
_mview_route_ralentisseurs.fid-7b1c8a4a_1943c5e84ca_77d8,Plateaux,Haho,Haho 2,Asrama,POINT (1.5010883874073744 7.0136588705059415),TGRPRRRN6 NOTSE-TOHOUN
_mview_route_ralentisseurs.fid-7b1c8a4a_1943c5e84ca_77d9,Plateaux,Haho,Haho 2,Asrama,POINT (1.4155152579062393 7.003645679230429),TGRPRRRN6 NOTSE-TOHOUN
_mview_route_ralentisseurs.fid-7b1c8a4a_1943c5e84ca_77da,Plateaux,Haho,Haho 2,Asrama,POINT (1.4056748376984585 7.002945643272029),TGRPRRRN6 NOTSE-TOHOUN
_mview_route_ralentisseurs.fid-7b1c8a4a_1943c5e84ca_77db,Plateaux,Haho,Haho 2,Asrama,POINT (1.4021575724952382 7.002714199933855),TGRPRRRN6 NOTSE-TOHOUN
_mview_route_ralentisseurs.fid-7b1c8a4a_1943c5e84ca_77dc,Plateaux,Haho,Haho 2,Asrama,POINT (1.5015686500521508 7.042398243168002),
_mview_route_ralentisseurs.fid-7b1c8a4a_1943c5e84ca_77dd,Plateaux,Haho,Haho 2,Asrama,POINT (1.5015747466712013 7.042200441847968),
_mview_route_ralentisseurs.fid-7b1c8a4a_1943c5e84ca_77de,Plateaux,Haho,Haho 2,Asrama,POINT (1.5014912862139207 7.035679429037467),
_mview_route_ralentisseurs.fid-7b1c8a4a_1943c5e84ca_77df,Plateaux,Haho,Haho 2,Asrama,POINT (1.560197965318958 6.9604363362184785),
_mview_route_ralentisseurs.fid-7b1c8a4a_1943c5e84ca_77e0,Plateaux,Haho,Haho 2,Asrama,POINT (1.5554114072460135 6.967690090718702),
_mview_route_ralentisseurs.fid-7b1c8a4a_1943c5e84ca_77e1,Plateaux,Haho,Haho 2,Asrama,POINT (1.5505789948656425 6.977879365495798),
_mview_route_ralentisseurs.fid-7b1c8a4a_1943c5e84ca_77e2,Plateaux,Haho,Haho 2,Asrama,POINT (1.5384766666669079 6.989743333432561),
_mview_route_ralentisseurs.fid-7b1c8a4a_1943c5e84ca_77e3,Plateaux,Haho,Haho 2,Asrama,POINT (1.542165800066437 6.985787692175863),
_mview_route_ralentisseurs.fid-7b1c8a4a_1943c5e84ca_77e4,Plateaux,Haho,Haho 2,Asrama,POINT (1.5454293982056826 6.985048853620704),
_mview_route_ralentisseurs.fid-7b1c8a4a_1943c5e84ca_77e5,Plateaux,Haho,Haho 4,Akpakpakpé,POINT (1.0692280309081799 7.144498396893729),
_mview_route_ralentisseurs.fid-7b1c8a4a_1943c5e84ca_77e6,Plateaux,Haho,Haho 4,Akpakpakpé,POINT (1.0686164525288637 7.1438865845855615),
_mview_route_ralentisseurs.fid-7b1c8a4a_1943c5e84ca_77e7,Plateaux,Haho,Haho 4,Akpakpakpé,POINT (1.0653709464925045 7.1386111791547595),
_mview_route_ralentisseurs.fid-7b1c8a4a_1943c5e84ca_77e8,Plateaux,Haho,Haho 4,Akpakpakpé,POINT (1.0574914642467852 7.150198272727763),
_mview_route_ralentisseurs.fid-7b1c8a4a_1943c5e84ca_77e9,Plateaux,Haho,Haho 4,Akpakpakpé,POINT (1.0575084258608403 7.151070952046724),
_mview_route_ralentisseurs.fid-7b1c8a4a_1943c5e84ca_77ea,Plateaux,Haho,Haho 4,Akpakpakpé,POINT (1.0575708356733353 7.151400840354013),
_mview_route_ralentisseurs.fid-7b1c8a4a_1943c5e84ca_77eb,Plateaux,Haho,Haho 4,Akpakpakpé,POINT (1.0581709051955182 7.153083923948245),
_mview_route_ralentisseurs.fid-7b1c8a4a_1943c5e84ca_77ec,Plateaux,Haho,Haho 4,Akpakpakpé,POINT (1.0582537511619063 7.153426963799219),
_mview_route_ralentisseurs.fid-7b1c8a4a_1943c5e84ca_77ed,Plateaux,Haho,Haho 2,Djemegni,POINT (1.2649713676295347 7.016471662847797),
_mview_route_ralentisseurs.fid-7b1c8a4a_1943c5e84ca_77ee,Plateaux,Haho,Haho 2,Djemegni,POINT (1.2649752653793096 7.016665354969081),
_mview_route_ralentisseurs.fid-7b1c8a4a_1943c5e84ca_77ef,Plateaux,Haho,Haho 4,Wahala,POINT (1.1176757633899745 7.157587600921474),
_mview_route_ralentisseurs.fid-7b1c8a4a_1943c5e84ca_77f0,Plateaux,Haho,Haho 4,Wahala,POINT (1.117984688672628 7.1580631369220376),
_mview_route_ralentisseurs.fid-7b1c8a4a_1943c5e84ca_77f1,Plateaux,Haho,Haho 4,Wahala,POINT (1.1266935032161238 7.2110378558463015),
_mview_route_ralentisseurs.fid-7b1c8a4a_1943c5e84ca_77f2,Plateaux,Haho,Haho 4,Wahala,POINT (1.1296830204479242 7.204389419852166),
_mview_route_ralentisseurs.fid-7b1c8a4a_1943c5e84ca_77f3,Plateaux,Haho,Haho 2,Asrama,POINT (1.468601327098743 7.02168240472012),
_mview_route_ralentisseurs.fid-7b1c8a4a_1943c5e84ca_77f4,Plateaux,Haho,Haho 2,Asrama,POINT (1.4216527146516578 7.004546937100016),
_mview_route_ralentisseurs.fid-7b1c8a4a_1943c5e84ca_77f5,Plateaux,Haho,Haho 2,Asrama,POINT (1.4220055178936655 7.005388139439235),
_mview_route_ralentisseurs.fid-7b1c8a4a_1943c5e84ca_77f6,Plateaux,Haho,Haho 2,Asrama,POINT (1.4244453540643591 7.041146948449779),
_mview_route_ralentisseurs.fid-7b1c8a4a_1943c5e84ca_77f7,Plateaux,Haho,Haho 2,Asrama,POINT (1.424273236162269 7.040915131999761),
_mview_route_ralentisseurs.fid-7b1c8a4a_1943c5e84ca_77f8,Plateaux,Haho,Haho 2,Djemegni,POINT (1.2775995539913167 7.032242737004507),
_mview_route_ralentisseurs.fid-7b1c8a4a_1943c5e84ca_77f9,Plateaux,Haho,Haho 3,Kpédomé,POINT (1.085553954644573 7.000295334007355),
_mview_route_ralentisseurs.fid-7b1c8a4a_1943c5e84ca_77fa,Plateaux,Haho,Haho 2,Asrama,POINT (1.3593725606674727 7.123412049347005),
_mview_route_ralentisseurs.fid-7b1c8a4a_1943c5e84ca_77fb,Plateaux,Haho,Haho 2,Asrama,POINT (1.3592892670906995 7.122929287669779),
_mview_route_ralentisseurs.fid-7b1c8a4a_1943c5e84ca_77fc,Plateaux,Haho,Haho 4,Kpegnon (Haito),POINT (1.0504308324344136 7.163845334772469),
_mview_route_ralentisseurs.fid-7b1c8a4a_1943c5e84ca_77fd,Plateaux,Haho,Haho 4,Kpegnon (Haito),POINT (1.0232226180485013 7.190312945074096),
_mview_route_ralentisseurs.fid-7b1c8a4a_1943c5e84ca_77fe,Plateaux,Haho,Haho 4,Kpegnon (Haito),POINT (1.0089187890515185 7.1880480585735285),
_mview_route_ralentisseurs.fid-7b1c8a4a_1943c5e84ca_77ff,Plateaux,Haho,Haho 4,Kpegnon (Haito),POINT (0.9404392161841683 7.174365967917604),
_mview_route_ralentisseurs.fid-7b1c8a4a_1943c5e84ca_7800,Plateaux,Haho,Haho 4,Kpegnon (Haito),POINT (0.9794762693135223 7.137180454388393),
_mview_route_ralentisseurs.fid-7b1c8a4a_1943c5e84ca_7801,Plateaux,Haho,Haho 4,Kpegnon (Haito),POINT (0.9664518179554448 7.128814443407973),
_mview_route_ralentisseurs.fid-7b1c8a4a_1943c5e84ca_7802,Plateaux,Haho,Haho 4,Kpegnon (Haito),POINT (0.9710474113649781 7.1078516576584),
_mview_route_ralentisseurs.fid-7b1c8a4a_1943c5e84ca_7803,Plateaux,Haho,Haho 4,Kpegnon (Haito),POINT (0.9743975313742228 7.094172327826982),
_mview_route_ralentisseurs.fid-7b1c8a4a_1943c5e84ca_7804,Plateaux,Haho,Haho 4,Kpegnon (Haito),POINT (0.9731954889705595 7.09129534090836),
_mview_route_ralentisseurs.fid-7b1c8a4a_1943c5e84ca_7805,Plateaux,Haho,Haho 4,Kpegnon (Haito),POINT (0.9726208472126666 7.089541558209529),
_mview_route_ralentisseurs.fid-7b1c8a4a_1943c5e84ca_7806,Plateaux,Haho,Haho 4,Kpegnon (Haito),POINT (0.9717771165070167 7.089147758968208),KPEDOME-BADJE
_mview_route_ralentisseurs.fid-7b1c8a4a_1943c5e84ca_7807,Plateaux,Haho,Haho 4,Kpegnon (Haito),POINT (0.9635454976455746 7.0898812400594196),KPEDOME-BADJE
_mview_route_ralentisseurs.fid-7b1c8a4a_1943c5e84ca_7808,Plateaux,Haho,Haho 4,Wahala,POINT (1.4098984148537748 7.195375286836702),
_mview_route_ralentisseurs.fid-7b1c8a4a_1943c5e84ca_7809,Plateaux,Haho,Haho 4,Wahala,POINT (1.4102278592108834 7.195703256740181),
_mview_route_ralentisseurs.fid-7b1c8a4a_1943c5e84ca_780a,Plateaux,Haho,Haho 4,Wahala,POINT (1.4104922251209278 7.1963871987103305),
_mview_route_ralentisseurs.fid-7b1c8a4a_1943c5e84ca_780b,Plateaux,Haho,Haho 4,Wahala,POINT (1.4108099023451428 7.196910539279918),
_mview_route_ralentisseurs.fid-7b1c8a4a_1943c5e84ca_780c,Plateaux,Haho,Haho 4,Wahala,POINT (1.4096780687476098 7.195173397790452),
_mview_route_ralentisseurs.fid-7b1c8a4a_1943c5e84ca_780d,Plateaux,Haho,Haho 4,Wahala,POINT (1.392574281089129 7.196268007358143),
_mview_route_ralentisseurs.fid-7b1c8a4a_1943c5e84ca_780e,Plateaux,Haho,Haho 3,Kpédomé,POINT (1.0706734558840343 6.99647301694349),
_mview_route_ralentisseurs.fid-7b1c8a4a_1943c5e84ca_780f,Plateaux,Haho,Haho 3,Kpédomé,POINT (1.0705136950166845 6.996127655594079),
_mview_route_ralentisseurs.fid-7b1c8a4a_1943c5e84ca_7810,Plateaux,Haho,Haho 3,Kpédomé,POINT (1.0687570021245987 6.989906639744883),
_mview_route_ralentisseurs.fid-7b1c8a4a_1943c5e84ca_7811,Plateaux,Haho,Haho 3,Kpédomé,POINT (1.0686751438011206 6.9895293109774865),
_mview_route_ralentisseurs.fid-7b1c8a4a_1943c5e84ca_7812,Plateaux,Haho,Haho 3,Kpédomé,POINT (1.0686021481592702 6.98923517785133),
_mview_route_ralentisseurs.fid-7b1c8a4a_1943c5e84ca_7813,Plateaux,Haho,Haho 3,Kpédomé,POINT (1.0002972548803282 7.058172878597387),
_mview_route_ralentisseurs.fid-7b1c8a4a_1943c5e84ca_7814,Plateaux,Haho,Haho 3,Kpédomé,POINT (0.9996985755615257 7.057969821232753),
_mview_route_ralentisseurs.fid-7b1c8a4a_1943c5e84ca_7815,Plateaux,Haho,Haho 3,Kpédomé,POINT (0.9993467051082707 7.057823336798178),
_mview_route_ralentisseurs.fid-7b1c8a4a_1943c5e84ca_7816,Plateaux,Haho,Haho 3,Kpédomé,POINT (0.9946375457529971 7.055610169767397),
_mview_route_ralentisseurs.fid-7b1c8a4a_1943c5e84ca_7817,Plateaux,Haho,Haho 4,Akpakpakpé,POINT (1.0477743440187057 7.080485952086086),
_mview_route_ralentisseurs.fid-7b1c8a4a_1943c5e84ca_7818,Plateaux,Haho,Haho 4,Akpakpakpé,POINT (1.0476446654987763 7.080446028171211),
_mview_route_ralentisseurs.fid-7b1c8a4a_1943c5e84ca_7819,Plateaux,Haho,Haho 4,Kpegnon (Haito),POINT (0.9585557859137965 7.222665434034382),
_mview_route_ralentisseurs.fid-7b1c8a4a_1943c5e84ca_781a,Plateaux,Haho,Haho 2,Asrama,POINT (1.333767560803403 7.121688809439967),
_mview_route_ralentisseurs.fid-7b1c8a4a_1943c5e84ca_781b,Plateaux,Haho,Haho 2,Asrama,POINT (1.3338001795493157 7.122096436395047),
_mview_route_ralentisseurs.fid-7b1c8a4a_1943c5e84ca_781c,Plateaux,Haho,Haho 2,Asrama,POINT (1.333855195504451 7.122945361248824),
_mview_route_ralentisseurs.fid-7b1c8a4a_1943c5e84ca_781d,Plateaux,Haho,Haho 3,Kpédomé,POINT (1.1385778988077975 6.9894402172630805),
_mview_route_ralentisseurs.fid-7b1c8a4a_1943c5e84ca_781e,Plateaux,Haho,Haho 3,Kpédomé,POINT (1.1249561806178157 7.066137018500724),
_mview_route_ralentisseurs.fid-7b1c8a4a_1943c5e84ca_781f,Plateaux,Haho,Haho 3,Kpédomé,POINT (1.1247164827084717 7.065890281260418),
_mview_route_ralentisseurs.fid-7b1c8a4a_1943c5e84ca_7820,Plateaux,Haho,Haho 4,Akpakpakpé,POINT (1.087134132683506 7.06245511967885),
_mview_route_ralentisseurs.fid-7b1c8a4a_1943c5e84ca_7821,Plateaux,Haho,Haho 4,Akpakpakpé,POINT (1.0871329487714234 7.062196661916865),
_mview_route_ralentisseurs.fid-7b1c8a4a_1943c5e84ca_7822,Plateaux,Haho,Haho 4,Akpakpakpé,POINT (1.0871320863947735 7.061963402855305),
_mview_route_ralentisseurs.fid-7b1c8a4a_1943c5e84ca_7823,Plateaux,Haho,Haho 4,Akpakpakpé,POINT (1.0871477940861107 7.0595326306460935),
_mview_route_ralentisseurs.fid-7b1c8a4a_1943c5e84ca_7824,Plateaux,Haho,Haho 4,Akpakpakpé,POINT (1.0869954034479463 7.059068652037073),
_mview_route_ralentisseurs.fid-7b1c8a4a_1943c5e84ca_7825,Plateaux,Haho,Haho 4,Akpakpakpé,POINT (1.0868939574426593 7.0587694141756),
_mview_route_ralentisseurs.fid-7b1c8a4a_1943c5e84ca_7826,Plateaux,Haho,Haho 3,Kpédomé,POINT (1.0282535515799471 7.071020642962283),
_mview_route_ralentisseurs.fid-7b1c8a4a_1943c5e84ca_7827,Plateaux,Haho,Haho 3,Kpédomé,POINT (1.0280110198106416 7.0713138542759),
_mview_route_ralentisseurs.fid-7b1c8a4a_1943c5e84ca_7828,Plateaux,Haho,Haho 3,Kpédomé,POINT (1.1695141865787195 7.080150400208238),
_mview_route_ralentisseurs.fid-7b1c8a4a_1943c5e84ca_7829,Plateaux,Haho,Haho 2,Djemegni,POINT (1.301863664581393 6.906574660080283),
_mview_route_ralentisseurs.fid-7b1c8a4a_1943c5e84ca_782a,Plateaux,Haho,Haho 2,Asrama,POINT (1.416945266396715 6.9710301467381734),
_mview_route_ralentisseurs.fid-7b1c8a4a_1943c5e84ca_782b,Plateaux,Haho,Haho 3,Kpédomé,POINT (1.1796191420585578 6.99005341490036),
_mview_route_ralentisseurs.fid-7b1c8a4a_1943c5e84ca_782c,Plateaux,Haho,Haho 3,Kpédomé,POINT (1.1771155987998978 6.987155731867314),
_mview_route_ralentisseurs.fid-7b1c8a4a_1943c5e84ca_782d,Plateaux,Haho,Haho 3,Kpédomé,POINT (1.2272235111363567 7.02822282144229),
_mview_route_ralentisseurs.fid-7b1c8a4a_1943c5e84ca_782e,Plateaux,Haho,Haho 3,Kpédomé,POINT (1.2192961314681594 7.056066330325307),
_mview_route_ralentisseurs.fid-7b1c8a4a_1943c5e84ca_782f,Plateaux,Haho,Haho 3,Kpédomé,POINT (1.2190355218539655 7.05672739295582),
_mview_route_ralentisseurs.fid-7b1c8a4a_1943c5e84ca_7830,Plateaux,Haho,Haho 3,Kpédomé,POINT (1.2174917533881424 7.064483752669532),
_mview_route_ralentisseurs.fid-7b1c8a4a_1943c5e84ca_7831,Plateaux,Haho,Haho 3,Kpédomé,POINT (1.2188515193302052 7.065037895459854),
_mview_route_ralentisseurs.fid-7b1c8a4a_1943c5e84ca_7832,Plateaux,Haho,Haho 3,Kpédomé,POINT (1.2189420391540575 7.065048441461795),
_mview_route_ralentisseurs.fid-7b1c8a4a_1943c5e84ca_7833,Plateaux,Haho,Haho 4,Wahala,POINT (1.2967462291009486 7.124030901197521),
_mview_route_ralentisseurs.fid-7b1c8a4a_1943c5e84ca_7834,Plateaux,Haho,Haho 4,Wahala,POINT (1.2968848846411194 7.124206396481735),
_mview_route_ralentisseurs.fid-7b1c8a4a_1943c5e84ca_7835,Plateaux,Haho,Haho 2,Asrama,POINT (1.4084203862312146 7.003864448261848),
_mview_route_ralentisseurs.fid-7b1c8a4a_1943c5e84ca_7836,Plateaux,Haho,Haho 2,Asrama,POINT (1.4082947569747837 7.004281093146272),
_mview_route_ralentisseurs.fid-7b1c8a4a_1943c5e84ca_7837,Plateaux,Haho,Haho 2,Asrama,POINT (1.404883146660745 7.0044892399955705),
_mview_route_ralentisseurs.fid-7b1c8a4a_1943c5e84ca_7838,Plateaux,Haho,Haho 1,Notsé,POINT (1.1886281019963651 6.9450546249515),NAOLO DJIDJOLE-FIDA
_mview_route_ralentisseurs.fid-7b1c8a4a_1943c5e84ca_7839,Plateaux,Haho,Haho 1,Notsé,POINT (1.1885617888211641 6.944643432178473),NAOLO DJIDJOLE-FIDA
_mview_route_ralentisseurs.fid-7b1c8a4a_1943c5e84ca_783a,Plateaux,Haho,Haho 1,Dalia,POINT (1.1594187464812946 6.796130465883056),AGBODJE
_mview_route_ralentisseurs.fid-7b1c8a4a_1943c5e84ca_783b,Plateaux,Haho,Haho 1,Atchavé,POINT (1.2140020564157945 6.860636968147414),ATSAVÉ-DJÉKLOÉ
_mview_route_ralentisseurs.fid-7b1c8a4a_1943c5e84ca_783c,Plateaux,Haho,Haho 1,Atchavé,POINT (1.215309273679462 6.861336947188343),ATSAVÉ-DJÉKLOÉ
_mview_route_ralentisseurs.fid-7b1c8a4a_1943c5e84ca_783d,Plateaux,Haho,Haho 1,Atchavé,POINT (1.2158636634580582 6.861832088708369),ATSAVÉ-DJÉKLOÉ
_mview_route_ralentisseurs.fid-7b1c8a4a_1943c5e84ca_783e,Plateaux,Haho,Haho 1,Notsé,POINT (1.1750077128417717 6.949169574316816),EKLI
_mview_route_ralentisseurs.fid-7b1c8a4a_1943c5e84ca_783f,Plateaux,Haho,Haho 1,Notsé,POINT (1.1753773455173666 6.9485745919551),EKLI
_mview_route_ralentisseurs.fid-7b1c8a4a_1943c5e84ca_7840,Savanes,Tône,Tône 1,Dapaong,POINT (0.1934303265980453 10.862995557818834),
_mview_route_ralentisseurs.fid-7b1c8a4a_1943c5e84ca_7841,Plateaux,Haho,Haho 1,Notsé,POINT (1.1785865208185138 6.952166371827999),NAOLO-TOUMIKPOTA 
_mview_route_ralentisseurs.fid-7b1c8a4a_1943c5e84ca_7842,Plateaux,Haho,Haho 1,Notsé,POINT (1.178586120598122 6.951917900119616),NAOLO-TOUMIKPOTA 
_mview_route_ralentisseurs.fid-7b1c8a4a_1943c5e84ca_7843,Plateaux,Haho,Haho 1,Notsé,POINT (1.1705043176095717 6.963531964359526),BADJELE KPOTA
_mview_route_ralentisseurs.fid-7b1c8a4a_1943c5e84ca_7844,Plateaux,Haho,Haho 1,Notsé,POINT (1.1706684709898234 6.963478815227242),BADJELE KPOTA
_mview_route_ralentisseurs.fid-7b1c8a4a_1943c5e84ca_7845,Plateaux,Haho,Haho 1,Notsé,POINT (1.1708557831339126 6.963417365007022),BADJELE KPOTA
_mview_route_ralentisseurs.fid-7b1c8a4a_1943c5e84ca_7846,Plateaux,Haho,Haho 1,Atchavé,POINT (1.147421805203483 6.881902556682575),
_mview_route_ralentisseurs.fid-7b1c8a4a_1943c5e84ca_7847,Plateaux,Haho,Haho 1,Atchavé,POINT (1.1475175750568574 6.881719879909735),
_mview_route_ralentisseurs.fid-7b1c8a4a_1943c5e84ca_7848,Plateaux,Haho,Haho 1,Atchavé,POINT (1.1485665338063094 6.854158097880026),
_mview_route_ralentisseurs.fid-7b1c8a4a_1943c5e84ca_7849,Plateaux,Haho,Haho 1,Atchavé,POINT (1.1475669064618725 6.853422657278772),
_mview_route_ralentisseurs.fid-7b1c8a4a_1943c5e84ca_784a,Plateaux,Haho,Haho 1,Atchavé,POINT (1.1470840658410537 6.85310704351818),
_mview_route_ralentisseurs.fid-7b1c8a4a_1943c5e84ca_784b,Plateaux,Haho,Haho 1,Atchavé,POINT (1.1366914076646046 6.845943049964363),
_mview_route_ralentisseurs.fid-7b1c8a4a_1943c5e84ca_784c,Plateaux,Haho,Haho 1,Atchavé,POINT (1.1364269001315979 6.8457537205580135),
_mview_route_ralentisseurs.fid-7b1c8a4a_1943c5e84ca_784d,Plateaux,Haho,Haho 1,Hahomégbé,POINT (1.0081614192026858 6.928180466818319),
_mview_route_ralentisseurs.fid-7b1c8a4a_1943c5e84ca_784e,Plateaux,Haho,Haho 1,Hahomégbé,POINT (1.0076475448995559 6.928461251320516),
_mview_route_ralentisseurs.fid-7b1c8a4a_1943c5e84ca_784f,Plateaux,Haho,Haho 1,Dalia,POINT (1.2728212334057023 6.860306763679807),NOTSE-AGOTO
_mview_route_ralentisseurs.fid-7b1c8a4a_1943c5e84ca_7850,Plateaux,Haho,Haho 1,Dalia,POINT (1.2730924186498056 6.85994719836289),NOTSE-AGOTO
_mview_route_ralentisseurs.fid-7b1c8a4a_1943c5e84ca_7851,Plateaux,Haho,Haho 1,Dalia,POINT (1.2732993038619835 6.859686647648956),NOTSE-AGOTO
_mview_route_ralentisseurs.fid-7b1c8a4a_1943c5e84ca_7852,Plateaux,Haho,Haho 1,Dalia,POINT (1.273608588174734 6.859303001040438),NOTSE-AGOTO
_mview_route_ralentisseurs.fid-7b1c8a4a_1943c5e84ca_7853,Plateaux,Haho,Haho 1,Dalia,POINT (1.2739469981668523 6.859067757541432),NOTSE-AGOTO
_mview_route_ralentisseurs.fid-7b1c8a4a_1943c5e84ca_7854,Plateaux,Haho,Haho 1,Dalia,POINT (1.340603209010085 6.839020356498829),AGOTO-DEVE
_mview_route_ralentisseurs.fid-7b1c8a4a_1943c5e84ca_7855,Plateaux,Haho,Haho 1,Dalia,POINT (1.342465766100241 6.8373223365994615),AGOTO-DEVE
_mview_route_ralentisseurs.fid-7b1c8a4a_1943c5e84ca_7856,Plateaux,Haho,Haho 1,Dalia,POINT (1.3429080653681515 6.836927627315907),AGOTO-DEVE
_mview_route_ralentisseurs.fid-7b1c8a4a_1943c5e84ca_7857,Plateaux,Haho,Haho 1,Dalia,POINT (1.3432530751645337 6.836610477880483),AGOTO-DEVE
_mview_route_ralentisseurs.fid-7b1c8a4a_1943c5e84ca_7858,Plateaux,Haho,Haho 1,Dalia,POINT (1.3460744322003428 6.834884469873276),AGOTO-LIMITE CANTON DE  DALIA 
_mview_route_ralentisseurs.fid-7b1c8a4a_1943c5e84ca_7859,Plateaux,Haho,Haho 1,Dalia,POINT (1.2128202769162995 6.838440928739211),ATCHAVE-DALIA
_mview_route_ralentisseurs.fid-7b1c8a4a_1943c5e84ca_785a,Plateaux,Haho,Haho 1,Dalia,POINT (1.2128275785112987 6.838641200947654),ATCHAVE-DALIA
_mview_route_ralentisseurs.fid-7b1c8a4a_1943c5e84ca_785b,Plateaux,Haho,Haho 1,Notsé,POINT (1.1698355079034968 6.923116988413192),ALINOU-AGBOGBODJI
_mview_route_ralentisseurs.fid-7b1c8a4a_1943c5e84ca_785c,Plateaux,Haho,Haho 1,Notsé,POINT (1.16989920881516 6.922771876822007),ALINOU-AGBOGBODJI
_mview_route_ralentisseurs.fid-7b1c8a4a_1943c5e84ca_785d,Plateaux,Haho,Haho 1,Notsé,POINT (1.1699432276060235 6.922505613236327),ALINOU-AGBOGBODJI
_mview_route_ralentisseurs.fid-7b1c8a4a_1943c5e84ca_785e,Plateaux,Haho,Haho 1,Atchavé,POINT (1.1711017866341884 6.912725599838833),ALINOU-AGBOGBODJI
_mview_route_ralentisseurs.fid-7b1c8a4a_1943c5e84ca_785f,Plateaux,Haho,Haho 1,Notsé,POINT (1.1706588888514837 6.945478827205756),TGRPRT RUE ORABANK-RN1_1
_mview_route_ralentisseurs.fid-7b1c8a4a_1943c5e84ca_7860,Plateaux,Haho,Haho 1,Notsé,POINT (1.1703984200750328 6.945725005593216),TGRPRT RUE ORABANK-RN1_1
_mview_route_ralentisseurs.fid-7b1c8a4a_1943c5e84ca_7861,Savanes,Tandjoaré,Tandjoaré 1,Tamongue,POINT (0.1367867108903876 10.558896756695795),
_mview_route_ralentisseurs.fid-7b1c8a4a_1943c5e84ca_7862,Plateaux,Haho,Haho 1,Notsé,POINT (1.1686378524186238 6.947387985575035),TGRPRT RUE ORABANK-RN1_1
_mview_route_ralentisseurs.fid-7b1c8a4a_1943c5e84ca_7863,Plateaux,Haho,Haho 1,Notsé,POINT (1.1616609543771115 6.946660642965569),
_mview_route_ralentisseurs.fid-7b1c8a4a_1943c5e84ca_7864,Plateaux,Haho,Haho 1,Hahomégbé,POINT (1.0704862047295973 6.931351088078956),
_mview_route_ralentisseurs.fid-7b1c8a4a_1943c5e84ca_7865,Plateaux,Haho,Haho 1,Hahomégbé,POINT (1.070486192717899 6.931351203048441),
_mview_route_ralentisseurs.fid-7b1c8a4a_1943c5e84ca_7866,Plateaux,Haho,Haho 4,Wahala,POINT (1.2369800448003632 7.127866703170668),
_mview_route_ralentisseurs.fid-7b1c8a4a_1943c5e84ca_7867,Kara,Kéran,Kéran 1,Kantè,POINT (1.0536175081732306 9.955833322805205),
_mview_route_ralentisseurs.fid-7b1c8a4a_1943c5e84ca_7868,Kara,Kéran,Kéran 1,Kantè,POINT (1.0534377967017736 9.955687307080265),
_mview_route_ralentisseurs.fid-7b1c8a4a_1943c5e84ca_7869,Kara,Kéran,Kéran 1,Kantè,POINT (1.053337220499845 9.955546107666603),
_mview_route_ralentisseurs.fid-7b1c8a4a_1943c5e84ca_786a,Kara,Kéran,Kéran 3,Warengo,POINT (1.1241447460965375 10.104091523785824),
_mview_route_ralentisseurs.fid-7b1c8a4a_1943c5e84ca_786b,Kara,Kéran,Kéran 3,Warengo,POINT (1.1243624276015494 10.104579852384962),
_mview_route_ralentisseurs.fid-7b1c8a4a_1943c5e84ca_786c,Kara,Kéran,Kéran 3,Warengo,POINT (1.1244414723043348 10.104756926971557),
_mview_route_ralentisseurs.fid-7b1c8a4a_1943c5e84ca_786d,Kara,Kéran,Kéran 3,Koutougou,POINT (1.1280837620924253 10.113316261564009),
_mview_route_ralentisseurs.fid-7b1c8a4a_1943c5e84ca_786e,Kara,Kéran,Kéran 3,Warengo,POINT (1.131533554432664 10.046143797327368),
_mview_route_ralentisseurs.fid-7b1c8a4a_1943c5e84ca_786f,Kara,Kéran,Kéran 3,Nadoba,POINT (1.0809938943277233 10.139297659968348),TGRKRTRN40 KANTE-NADOBA
_mview_route_ralentisseurs.fid-7b1c8a4a_1943c5e84ca_7870,Kara,Kéran,Kéran 3,Nadoba,POINT (1.0854768590259913 10.153540318808805),TGRKRTRN40 KANTE-NADOBA
_mview_route_ralentisseurs.fid-7b1c8a4a_1943c5e84ca_7871,Kara,Kéran,Kéran 3,Nadoba,POINT (1.0852125862989124 10.153160844079816),TGRKRTRN40 KANTE-NADOBA
_mview_route_ralentisseurs.fid-7b1c8a4a_1943c5e84ca_7872,Kara,Kéran,Kéran 3,Nadoba,POINT (1.0778455633107198 10.148488843734146),TGRKRTRN40 KANTE-NADOBA
_mview_route_ralentisseurs.fid-7b1c8a4a_1943c5e84ca_7873,Kara,Kéran,Kéran 3,Nadoba,POINT (1.0800770642303428 10.142614534366176),TGRKRTRN40 KANTE-NADOBA
_mview_route_ralentisseurs.fid-7b1c8a4a_1943c5e84ca_7874,Kara,Kéran,Kéran 3,Nadoba,POINT (1.0802552370122278 10.141936654698531),TGRKRTRN40 KANTE-NADOBA
_mview_route_ralentisseurs.fid-7b1c8a4a_1943c5e84ca_7875,Kara,Kéran,Kéran 3,Nadoba,POINT (1.0809823989520568 10.13933319113089),TGRKRTRN40 KANTE-NADOBA
_mview_route_ralentisseurs.fid-7b1c8a4a_1943c5e84ca_7876,Kara,Kéran,Kéran 3,Nadoba,POINT (1.0811173279254005 10.138929642914798),TGRKRTRN40 KANTE-NADOBA
_mview_route_ralentisseurs.fid-7b1c8a4a_1943c5e84ca_7877,Kara,Kéran,Kéran 3,Nadoba,POINT (1.1075979884623206 10.129762679958674),
_mview_route_ralentisseurs.fid-7b1c8a4a_1943c5e84ca_7878,Kara,Kéran,Kéran 3,Nadoba,POINT (1.1073520792930085 10.129938808518952),
_mview_route_ralentisseurs.fid-7b1c8a4a_1943c5e84ca_7879,Kara,Kéran,Kéran 3,Nadoba,POINT (1.0993407130127544 10.138248198375985),
_mview_route_ralentisseurs.fid-7b1c8a4a_1943c5e84ca_787a,Kara,Kéran,Kéran 3,Nadoba,POINT (1.0921470353859097 10.138713116596602),
_mview_route_ralentisseurs.fid-7b1c8a4a_1943c5e84ca_787b,Kara,Kéran,Kéran 3,Nadoba,POINT (1.0917386069611879 10.13867958030566),
_mview_route_ralentisseurs.fid-7b1c8a4a_1943c5e84ca_787c,Kara,Kéran,Kéran 3,Nadoba,POINT (1.089421418862463 10.13917724859193),
_mview_route_ralentisseurs.fid-7b1c8a4a_1943c5e84ca_787d,Kara,Kéran,Kéran 3,Nadoba,POINT (1.0861210035880633 10.139755759857136),
_mview_route_ralentisseurs.fid-7b1c8a4a_1943c5e84ca_787e,Kara,Kéran,Kéran 2,Ataloté,POINT (0.9022068379000858 9.880602009899725),
_mview_route_ralentisseurs.fid-7b1c8a4a_1943c5e84ca_787f,Kara,Kéran,Kéran 2,Hélota,POINT (0.6603041508616894 9.959841582239983),
_mview_route_ralentisseurs.fid-7b1c8a4a_1943c5e84ca_7880,Savanes,Oti-Sud,Oti-Sud 2,Takpamba,POINT (0.5748187693552653 9.969106200264024),
_mview_route_ralentisseurs.fid-7b1c8a4a_1943c5e84ca_7881,Savanes,Oti-Sud,Oti-Sud 2,Takpamba,POINT (0.5751896465403041 9.969207269462073),
_mview_route_ralentisseurs.fid-7b1c8a4a_1943c5e84ca_7882,Savanes,Oti-Sud,Oti-Sud 2,Takpamba,POINT (0.5805576972010936 9.969424520740699),
_mview_route_ralentisseurs.fid-7b1c8a4a_1943c5e84ca_7883,Savanes,Oti-Sud,Oti-Sud 2,Takpamba,POINT (0.581594228771227 9.969220901145498),
_mview_route_ralentisseurs.fid-7b1c8a4a_1943c5e84ca_7884,Kara,Kéran,Kéran 2,Hélota,POINT (0.6602940949080534 9.9598466722945),
_mview_route_ralentisseurs.fid-7b1c8a4a_1943c5e84ca_7885,Kara,Kéran,Kéran 2,Hélota,POINT (0.6608466576667698 9.959570110538024),
_mview_route_ralentisseurs.fid-7b1c8a4a_1943c5e84ca_7886,Plateaux,Kloto,Kloto 1,Yokélé,POINT (0.6533966068249509 6.924290557099549),KPALIME-YOKELE
_mview_route_ralentisseurs.fid-7b1c8a4a_1943c5e84ca_7887,Plateaux,Kloto,Kloto 1,Yokélé,POINT (0.6551673337864536 6.926474667575263),KPALIME-YOKELE
_mview_route_ralentisseurs.fid-7b1c8a4a_1943c5e84ca_7888,Plateaux,Kloto,Kloto 1,Yokélé,POINT (0.655667143265845 6.9273757148988135),KPALIME-YOKELE
_mview_route_ralentisseurs.fid-7b1c8a4a_1943c5e84ca_7889,Plateaux,Kloto,Kloto 1,Yokélé,POINT (0.6573935687155146 6.9306338040977025),KPALIME-YOKELE
_mview_route_ralentisseurs.fid-7b1c8a4a_1943c5e84ca_788a,Plateaux,Kloto,Kloto 1,Yokélé,POINT (0.6575916342673334 6.9310491099678915),KPALIME-YOKELE
_mview_route_ralentisseurs.fid-7b1c8a4a_1943c5e84ca_788b,Plateaux,Kloto,Kloto 1,Yokélé,POINT (0.6578880563716594 6.9316603725466885),KPALIME-YOKELE
_mview_route_ralentisseurs.fid-7b1c8a4a_1943c5e84ca_788c,Plateaux,Kloto,Kloto 1,Yokélé,POINT (0.6582386337873609 6.932446214002168),KPALIME-YOKELE
_mview_route_ralentisseurs.fid-7b1c8a4a_1943c5e84ca_788d,Plateaux,Kloto,Kloto 1,Yokélé,POINT (0.6618860682540287 6.94090904696283),
_mview_route_ralentisseurs.fid-7b1c8a4a_1943c5e84ca_788e,Plateaux,Kloto,Kloto 2,Lavié,POINT (0.6601896150413258 7.106108854360268),
_mview_route_ralentisseurs.fid-7b1c8a4a_1943c5e84ca_788f,Plateaux,Kloto,Kloto 2,Lavié,POINT (0.659648005845054 7.1061935027757),
_mview_route_ralentisseurs.fid-7b1c8a4a_1943c5e84ca_7890,Plateaux,Kloto,Kloto 3,Kouma,POINT (0.596358551335431 6.9756535972306315),
_mview_route_ralentisseurs.fid-7b1c8a4a_1943c5e84ca_7891,Plateaux,Kloto,Kloto 3,Kouma,POINT (0.596685372097438 6.976079886634621),
_mview_route_ralentisseurs.fid-7b1c8a4a_1943c5e84ca_7892,Plateaux,Kloto,Kloto 2,Lavié,POINT (0.7000794108241689 7.01781521002918),AGOVIEPE-ADZRA
_mview_route_ralentisseurs.fid-7b1c8a4a_1943c5e84ca_7893,Plateaux,Kloto,Kloto 1,Tové,POINT (0.6657869727658576 6.877067991711744),
_mview_route_ralentisseurs.fid-7b1c8a4a_1943c5e84ca_7894,Plateaux,Kloto,Kloto 1,Tové,POINT (0.6530261085687267 6.872117398578862),
_mview_route_ralentisseurs.fid-7b1c8a4a_1943c5e84ca_7895,Plateaux,Kloto,Kloto 1,Tové,POINT (0.6267358219338391 6.883030313791322),
_mview_route_ralentisseurs.fid-7b1c8a4a_1943c5e84ca_7896,Plateaux,Kloto,Kloto 1,Hanyigba,POINT (0.6060794398485839 6.9069674874540965),
_mview_route_ralentisseurs.fid-7b1c8a4a_1943c5e84ca_7897,Plateaux,Kloto,Kloto 1,Hanyigba,POINT (0.6060531758701025 6.906895346741877),
_mview_route_ralentisseurs.fid-7b1c8a4a_1943c5e84ca_7898,Plateaux,Kloto,Kloto 1,Hanyigba,POINT (0.6061278053508561 6.907100335604707),
_mview_route_ralentisseurs.fid-7b1c8a4a_1943c5e84ca_7899,Plateaux,Kloto,Kloto 1,Hanyigba,POINT (0.562249124808843 6.895177449191517),KPALIME-HANYIGBA-TODZI
_mview_route_ralentisseurs.fid-7b1c8a4a_1943c5e84ca_789a,Plateaux,Kloto,Kloto 1,Hanyigba,POINT (0.5626393026536927 6.895294129136602),KPALIME-HANYIGBA-TODZI
_mview_route_ralentisseurs.fid-7b1c8a4a_1943c5e84ca_789b,Plateaux,Kloto,Kloto 1,Hanyigba,POINT (0.5629589412348524 6.895380225782766),KPALIME-HANYIGBA-TODZI
_mview_route_ralentisseurs.fid-7b1c8a4a_1943c5e84ca_789c,Plateaux,Kloto,Kloto 1,Hanyigba,POINT (0.5633404421692819 6.895522575233782),KPALIME-HANYIGBA-TODZI
_mview_route_ralentisseurs.fid-7b1c8a4a_1943c5e84ca_789d,Plateaux,Kloto,Kloto 1,Hanyigba,POINT (0.5636021078069007 6.8956065544427085),KPALIME-HANYIGBA-TODZI
_mview_route_ralentisseurs.fid-7b1c8a4a_1943c5e84ca_789e,Plateaux,Kloto,Kloto 1,Hanyigba,POINT (0.6064241982834006 6.908107875095956),
_mview_route_ralentisseurs.fid-7b1c8a4a_1943c5e84ca_789f,Plateaux,Kloto,Kloto 1,Tomé,POINT (0.6435718366901659 6.820998963864044),
_mview_route_ralentisseurs.fid-7b1c8a4a_1943c5e84ca_78a0,Plateaux,Kloto,Kloto 1,Agome-Kpalime,POINT (0.6232870198299524 6.9139277221358455),
_mview_route_ralentisseurs.fid-7b1c8a4a_1943c5e84ca_78a1,Plateaux,Kloto,Kloto 1,Agome-Kpalime,POINT (0.6229953953952788 6.914162954272664),
_mview_route_ralentisseurs.fid-7b1c8a4a_1943c5e84ca_78a2,Plateaux,Kloto,Kloto 1,Agome-Kpalime,POINT (0.6227253714466017 6.914368029201656),
_mview_route_ralentisseurs.fid-7b1c8a4a_1943c5e84ca_78a3,Plateaux,Kloto,Kloto 1,Agome-Kpalime,POINT (0.6252523863371453 6.907926435469448),
_mview_route_ralentisseurs.fid-7b1c8a4a_1943c5e84ca_78a4,Plateaux,Kloto,Kloto 3,Agomé-Tomégbé,POINT (0.5571712216297608 6.954458630580607),
_mview_route_ralentisseurs.fid-7b1c8a4a_1943c5e84ca_78a5,Plateaux,Kloto,Kloto 3,Agomé-Tomégbé,POINT (0.5574283496839053 6.9544436813022585),
_mview_route_ralentisseurs.fid-7b1c8a4a_1943c5e84ca_78a6,Plateaux,Kloto,Kloto 1,Agome-Kpalime,POINT (0.6320889743067575 6.914999345983099),TGRPRR RUE DE L'HOPITAL
_mview_route_ralentisseurs.fid-7b1c8a4a_1943c5e84ca_78a7,Plateaux,Kloto,Kloto 1,Agome-Kpalime,POINT (0.6317860773605508 6.915402836654029),
_mview_route_ralentisseurs.fid-7b1c8a4a_1943c5e84ca_78a8,Plateaux,Kloto,Kloto 1,Agome-Kpalime,POINT (0.636884991991564 6.9222302498348744),
_mview_route_ralentisseurs.fid-7b1c8a4a_1943c5e84ca_78a9,Plateaux,Kloto,Kloto 1,Agome-Kpalime,POINT (0.6372082930160351 6.922205717299705),
_mview_route_ralentisseurs.fid-7b1c8a4a_1943c5e84ca_78aa,Plateaux,Kloto,Kloto 1,Agome-Kpalime,POINT (0.637384310813735 6.922192852163973),
_mview_route_ralentisseurs.fid-7b1c8a4a_1943c5e84ca_78ab,Plateaux,Kloto,Kloto 1,Agome-Kpalime,POINT (0.6440651373045683 6.901654569074357),
_mview_route_ralentisseurs.fid-7b1c8a4a_1943c5e84ca_78ac,Plateaux,Kloto,Kloto 2,Lavié-Apédomé,POINT (0.6780264144225328 7.011661096520729),
_mview_route_ralentisseurs.fid-7b1c8a4a_1943c5e84ca_78ad,Kara,Kozah,Kozah 2,Tchitchao,POINT (1.1513522209724254 9.616496089895191),
_mview_route_ralentisseurs.fid-7b1c8a4a_1943c5e84ca_78ae,Kara,Kozah,Kozah 2,Tchitchao,POINT (1.1516164101391246 9.616610791657337),
_mview_route_ralentisseurs.fid-7b1c8a4a_1943c5e84ca_78af,Kara,Kozah,Kozah 2,Tchitchao,POINT (1.1517718803116015 9.616691179474117),
_mview_route_ralentisseurs.fid-7b1c8a4a_1943c5e84ca_78b0,Kara,Kozah,Kozah 2,Bohou,POINT (1.1651996154247366 9.601043514862477),
_mview_route_ralentisseurs.fid-7b1c8a4a_1943c5e84ca_78b1,Kara,Kozah,Kozah 2,Bohou,POINT (1.1638396399442195 9.597461526888967),
_mview_route_ralentisseurs.fid-7b1c8a4a_1943c5e84ca_78b2,Kara,Kozah,Kozah 2,Bohou,POINT (1.1589916644435327 9.610155000002507),
_mview_route_ralentisseurs.fid-7b1c8a4a_1943c5e84ca_78b3,Kara,Kozah,Kozah 2,Bohou,POINT (1.1585452718960676 9.610137502397228),
_mview_route_ralentisseurs.fid-7b1c8a4a_1943c5e84ca_78b4,Kara,Kozah,Kozah 2,Bohou,POINT (1.1714715473328114 9.593555950663578),
_mview_route_ralentisseurs.fid-7b1c8a4a_1943c5e84ca_78b5,Kara,Kozah,Kozah 2,Bohou,POINT (1.1924820756344567 9.602201003051604),
_mview_route_ralentisseurs.fid-7b1c8a4a_1943c5e84ca_78b6,Kara,Kozah,Kozah 2,Bohou,POINT (1.1975334853513415 9.60872832780392),
_mview_route_ralentisseurs.fid-7b1c8a4a_1943c5e84ca_78b7,Kara,Kozah,Kozah 2,Yadè,POINT (1.1575567078365119 9.605732198256467),
_mview_route_ralentisseurs.fid-7b1c8a4a_1943c5e84ca_78b8,Kara,Kozah,Kozah 2,Yadè,POINT (1.1577607975385085 9.605824300138428),
_mview_route_ralentisseurs.fid-7b1c8a4a_1943c5e84ca_78b9,Kara,Kozah,Kozah 2,Bohou,POINT (1.195490358535893 9.637224021823418),
_mview_route_ralentisseurs.fid-7b1c8a4a_1943c5e84ca_78ba,Kara,Kozah,Kozah 2,Bohou,POINT (1.194663080041229 9.637798288867929),
_mview_route_ralentisseurs.fid-7b1c8a4a_1943c5e84ca_78bb,Kara,Kozah,Kozah 1,Landa,POINT (1.2814251421590397 9.667804857851877),
_mview_route_ralentisseurs.fid-7b1c8a4a_1943c5e84ca_78bc,Kara,Kozah,Kozah 1,Landa,POINT (1.2450079552156297 9.680314250250268),
_mview_route_ralentisseurs.fid-7b1c8a4a_1943c5e84ca_78bd,Kara,Kozah,Kozah 1,Landa,POINT (1.2446426017824848 9.680482853155),
_mview_route_ralentisseurs.fid-7b1c8a4a_1943c5e84ca_78be,Kara,Kozah,Kozah 1,Landa,POINT (1.2696886190216488 9.67600267813152),
_mview_route_ralentisseurs.fid-7b1c8a4a_1943c5e84ca_78bf,Kara,Kozah,Kozah 2,Yadè,POINT (1.1656152220831113 9.591861069430223),
_mview_route_ralentisseurs.fid-7b1c8a4a_1943c5e84ca_78c0,Kara,Kozah,Kozah 1,Soumdina,POINT (1.2482600937768151 9.65306924279322),
_mview_route_ralentisseurs.fid-7b1c8a4a_1943c5e84ca_78c1,Kara,Kozah,Kozah 1,Soumdina,POINT (1.2462798457076978 9.652846791494312),
_mview_route_ralentisseurs.fid-7b1c8a4a_1943c5e84ca_78c2,Kara,Kozah,Kozah 1,Soumdina,POINT (1.2473925374879686 9.652901676458754),
_mview_route_ralentisseurs.fid-7b1c8a4a_1943c5e84ca_78c3,Kara,Kozah,Kozah 1,Soumdina,POINT (1.2559761347217762 9.642133383564454),
_mview_route_ralentisseurs.fid-7b1c8a4a_1943c5e84ca_78c4,Kara,Kozah,Kozah 1,Soumdina,POINT (1.288166456665541 9.61902194667868),
_mview_route_ralentisseurs.fid-7b1c8a4a_1943c5e84ca_78c5,Kara,Kozah,Kozah 1,Soumdina,POINT (1.2883103976927706 9.618806586217664),
_mview_route_ralentisseurs.fid-7b1c8a4a_1943c5e84ca_78c6,Kara,Kozah,Kozah 1,Soumdina,POINT (1.2884718577884788 9.61858642094061),
_mview_route_ralentisseurs.fid-7b1c8a4a_1943c5e84ca_78c7,Kara,Kozah,Kozah 2,Tchitchao,POINT (1.1325025977785914 9.62961366010632),
_mview_route_ralentisseurs.fid-7b1c8a4a_1943c5e84ca_78c8,Kara,Kozah,Kozah 2,Sara-Kawa,POINT (1.0211278067700729 9.634143859901872),
_mview_route_ralentisseurs.fid-7b1c8a4a_1943c5e84ca_78c9,Kara,Kozah,Kozah 2,Sara-Kawa,POINT (1.019981288506817 9.635572777511577),
_mview_route_ralentisseurs.fid-7b1c8a4a_1943c5e84ca_78ca,Kara,Kozah,Kozah 2,Sara-Kawa,POINT (1.0197622120249368 9.636423923203038),
_mview_route_ralentisseurs.fid-7b1c8a4a_1943c5e84ca_78cb,Kara,Kozah,Kozah 2,Sara-Kawa,POINT (1.0196294921157856 9.636902025966169),
_mview_route_ralentisseurs.fid-7b1c8a4a_1943c5e84ca_78cc,Kara,Kozah,Kozah 2,Sara-Kawa,POINT (1.0191122067137315 9.638585397360972),
_mview_route_ralentisseurs.fid-7b1c8a4a_1943c5e84ca_78cd,Kara,Kozah,Kozah 2,Sara-Kawa,POINT (1.0190645076346942 9.638637284049867),
_mview_route_ralentisseurs.fid-7b1c8a4a_1943c5e84ca_78ce,Kara,Kozah,Kozah 2,Sara-Kawa,POINT (1.0201937776455274 9.634997192834092),
_mview_route_ralentisseurs.fid-7b1c8a4a_1943c5e84ca_78cf,Kara,Kozah,Kozah 2,Tchitchao,POINT (1.1375205313319603 9.618276634097588),
_mview_route_ralentisseurs.fid-7b1c8a4a_1943c5e84ca_78d0,Kara,Kozah,Kozah 2,Tchitchao,POINT (1.1372713984810383 9.617938694944458),
_mview_route_ralentisseurs.fid-7b1c8a4a_1943c5e84ca_78d1,Kara,Kozah,Kozah 2,Tchitchao,POINT (1.1343521859002512 9.615865921730203),
_mview_route_ralentisseurs.fid-7b1c8a4a_1943c5e84ca_78d2,Kara,Kozah,Kozah 2,Tchitchao,POINT (1.1339862663667328 9.615586202857813),
_mview_route_ralentisseurs.fid-7b1c8a4a_1943c5e84ca_78d3,Kara,Kozah,Kozah 2,Tchitchao,POINT (1.1282549738352796 9.61330649597154),
_mview_route_ralentisseurs.fid-7b1c8a4a_1943c5e84ca_78d4,Kara,Kozah,Kozah 2,Tcharè,POINT (1.1728943813960775 9.659496516275153),
_mview_route_ralentisseurs.fid-7b1c8a4a_1943c5e84ca_78d5,Kara,Kozah,Kozah 4,Djamdè,POINT (0.9977435879629234 9.48518071887964),
_mview_route_ralentisseurs.fid-7b1c8a4a_1943c5e84ca_78d6,Kara,Kozah,Kozah 4,Djamdè,POINT (0.9912183825167787 9.503718284153669),
_mview_route_ralentisseurs.fid-7b1c8a4a_1943c5e84ca_78d7,Kara,Kozah,Kozah 4,Atchangbadè,POINT (1.0890554015911724 9.433584461474668),
_mview_route_ralentisseurs.fid-7b1c8a4a_1943c5e84ca_78d8,Kara,Kozah,Kozah 3,Awandjélo,POINT (1.210493038186366 9.481228414077233),
_mview_route_ralentisseurs.fid-7b1c8a4a_1943c5e84ca_78d9,Kara,Kozah,Kozah 3,Awandjélo,POINT (1.2102531854966296 9.481175539305177),
_mview_route_ralentisseurs.fid-7b1c8a4a_1943c5e84ca_78da,Kara,Kozah,Kozah 1,Commune De Kara,POINT (1.1840952163664984 9.55575417599653),
_mview_route_ralentisseurs.fid-7b1c8a4a_1943c5e84ca_78db,Kara,Kozah,Kozah 1,Commune De Kara,POINT (1.1838179574114533 9.556225874960942),
_mview_route_ralentisseurs.fid-7b1c8a4a_1943c5e84ca_78dc,Kara,Kozah,Kozah 1,Commune De Kara,POINT (1.183629142428705 9.556610093877735),
_mview_route_ralentisseurs.fid-7b1c8a4a_1943c5e84ca_78dd,Kara,Kozah,Kozah 1,Commune De Kara,POINT (1.183307046333058 9.557269479051524),
_mview_route_ralentisseurs.fid-7b1c8a4a_1943c5e84ca_78de,Kara,Kozah,Kozah 1,Commune De Kara,POINT (1.1825783757712176 9.558989300014483),
_mview_route_ralentisseurs.fid-7b1c8a4a_1943c5e84ca_78df,Kara,Kozah,Kozah 1,Commune De Kara,POINT (1.1824796216858782 9.559235985716281),
_mview_route_ralentisseurs.fid-7b1c8a4a_1943c5e84ca_78e0,Kara,Kozah,Kozah 1,Commune De Kara,POINT (1.1820156769657335 9.559924395404275),VOIRIE REVETUE
_mview_route_ralentisseurs.fid-7b1c8a4a_1943c5e84ca_78e1,Kara,Kozah,Kozah 1,Commune De Kara,POINT (1.1821127200499755 9.559694518312195),VOIRIE REVETUE
_mview_route_ralentisseurs.fid-7b1c8a4a_1943c5e84ca_78e2,Kara,Kozah,Kozah 1,Commune De Kara,POINT (1.173588033735758 9.55143556252005),
_mview_route_ralentisseurs.fid-7b1c8a4a_1943c5e84ca_78e3,Kara,Kozah,Kozah 4,Atchangbadè,POINT (1.132826562458649 9.478621392775255),
_mview_route_ralentisseurs.fid-7b1c8a4a_1943c5e84ca_78e4,Kara,Kozah,Kozah 4,Atchangbadè,POINT (1.131458072470503 9.47794780319868),
_mview_route_ralentisseurs.fid-7b1c8a4a_1943c5e84ca_78e5,Kara,Kozah,Kozah 4,Atchangbadè,POINT (1.08856544136106 9.414927293823148),
_mview_route_ralentisseurs.fid-7b1c8a4a_1943c5e84ca_78e6,Kara,Kozah,Kozah 4,Atchangbadè,POINT (1.0887829843199985 9.414422743775898),
_mview_route_ralentisseurs.fid-7b1c8a4a_1943c5e84ca_78e7,Kara,Kozah,Kozah 4,Atchangbadè,POINT (1.089048337933254 9.413716786026292),
_mview_route_ralentisseurs.fid-7b1c8a4a_1943c5e84ca_78e8,Kara,Kozah,Kozah 4,Atchangbadè,POINT (1.0891450724983658 9.41254167978525),
_mview_route_ralentisseurs.fid-7b1c8a4a_1943c5e84ca_78e9,Kara,Kozah,Kozah 1,Commune De Kara,POINT (1.186038870295979 9.551280318721668),
_mview_route_ralentisseurs.fid-7b1c8a4a_1943c5e84ca_78ea,Kara,Kozah,Kozah 1,Commune De Kara,POINT (1.1861037083050694 9.551288887239897),
_mview_route_ralentisseurs.fid-7b1c8a4a_1943c5e84ca_78eb,Kara,Kozah,Kozah 1,Commune De Kara,POINT (1.1892348280202818 9.547637026432804),
_mview_route_ralentisseurs.fid-7b1c8a4a_1943c5e84ca_78ec,Kara,Kozah,Kozah 1,Commune De Kara,POINT (1.189102050202148 9.54799522597271),
_mview_route_ralentisseurs.fid-7b1c8a4a_1943c5e84ca_78ed,Kara,Kozah,Kozah 1,Commune De Kara,POINT (1.2026695007080064 9.53211823378845),
_mview_route_ralentisseurs.fid-7b1c8a4a_1943c5e84ca_78ee,Kara,Kozah,Kozah 1,Commune De Kara,POINT (1.2026069420635435 9.532008989195006),
_mview_route_ralentisseurs.fid-7b1c8a4a_1943c5e84ca_78ef,Kara,Kozah,Kozah 1,Commune De Kara,POINT (1.192796727208173 9.565143348414596),
_mview_route_ralentisseurs.fid-7b1c8a4a_1943c5e84ca_78f0,Kara,Kozah,Kozah 1,Commune De Kara,POINT (1.1924175138095163 9.563538781877181),
_mview_route_ralentisseurs.fid-7b1c8a4a_1943c5e84ca_78f1,Kara,Kozah,Kozah 1,Commune De Kara,POINT (1.1918585997324573 9.561617301921146),
_mview_route_ralentisseurs.fid-7b1c8a4a_1943c5e84ca_78f2,Kara,Kozah,Kozah 1,Commune De Kara,POINT (1.1596623950308307 9.546975234094043),
_mview_route_ralentisseurs.fid-7b1c8a4a_1943c5e84ca_78f3,Kara,Kozah,Kozah 1,Commune De Kara,POINT (1.1678287987251754 9.538393081238297),
_mview_route_ralentisseurs.fid-7b1c8a4a_1943c5e84ca_78f4,Kara,Kozah,Kozah 1,Commune De Kara,POINT (1.2024152639899683 9.552199820987521),
_mview_route_ralentisseurs.fid-7b1c8a4a_1943c5e84ca_78f5,Kara,Kozah,Kozah 1,Commune De Kara,POINT (1.2026089705887961 9.55233971983388),
_mview_route_ralentisseurs.fid-7b1c8a4a_1943c5e84ca_78f6,Kara,Kozah,Kozah 1,Commune De Kara,POINT (1.2027909111937731 9.552485932271733),
_mview_route_ralentisseurs.fid-7b1c8a4a_1943c5e84ca_78f7,Kara,Kozah,Kozah 1,Commune De Kara,POINT (1.1956173543127318 9.565497095220167),
_mview_route_ralentisseurs.fid-7b1c8a4a_1943c5e84ca_78f8,Kara,Kozah,Kozah 1,Commune De Kara,POINT (1.1955765873764417 9.565311328417431),
_mview_route_ralentisseurs.fid-7b1c8a4a_1943c5e84ca_78f9,Plateaux,Kpélé,Kpélé 2,Kpélé-Nord,POINT (0.8075603947755615 7.286301774685351),
_mview_route_ralentisseurs.fid-7b1c8a4a_1943c5e84ca_78fa,Plateaux,Kpélé,Kpélé 2,Kpélé-Nord,POINT (0.8080051807462321 7.286374472850141),
_mview_route_ralentisseurs.fid-7b1c8a4a_1943c5e84ca_78fb,Plateaux,Kpélé,Kpélé 2,Kpélé-Nord,POINT (0.9016761213084391 7.257430924820137),
_mview_route_ralentisseurs.fid-7b1c8a4a_1943c5e84ca_78fc,Plateaux,Kpélé,Kpélé 2,Kpélé-Nord,POINT (0.9014354800548998 7.257324711142137),
_mview_route_ralentisseurs.fid-7b1c8a4a_1943c5e84ca_78fd,Plateaux,Kpélé,Kpélé 2,Kpélé-Nord,POINT (0.9019351523371887 7.2575462451393395),
_mview_route_ralentisseurs.fid-7b1c8a4a_1943c5e84ca_78fe,Plateaux,Kpélé,Kpélé 1,Kpélé-Novivé,POINT (0.7424459139797361 7.11971867659571),
_mview_route_ralentisseurs.fid-7b1c8a4a_1943c5e84ca_78ff,Plateaux,Kpélé,Kpélé 2,Kpélé-Dutoé,POINT (0.815504904676613 7.237100756469807),
_mview_route_ralentisseurs.fid-7b1c8a4a_1943c5e84ca_7900,Plateaux,Kpélé,Kpélé 2,Kpélé-Dutoé,POINT (0.8160303245536201 7.237187528178089),
_mview_route_ralentisseurs.fid-7b1c8a4a_1943c5e84ca_7901,Plateaux,Kpélé,Kpélé 1,Kpélé-Novivé,POINT (0.7217171665309435 7.1041167889477075),
_mview_route_ralentisseurs.fid-7b1c8a4a_1943c5e84ca_7902,Savanes,Kpendjal-Ouest,Kpendjal-Ouest 1,Ogaro,POINT (0.5248674160657131 10.747367508171587),
_mview_route_ralentisseurs.fid-7b1c8a4a_1943c5e84ca_7903,Savanes,Kpendjal-Ouest,Kpendjal-Ouest 1,Ogaro,POINT (0.5248902423508787 10.747617048032943),
_mview_route_ralentisseurs.fid-7b1c8a4a_1943c5e84ca_7904,Savanes,Kpendjal-Ouest,Kpendjal-Ouest 2,Papri,POINT (0.4211273828127986 10.999158945363833),
_mview_route_ralentisseurs.fid-7b1c8a4a_1943c5e84ca_7905,Savanes,Kpendjal-Ouest,Kpendjal-Ouest 2,Papri,POINT (0.4210509886384504 10.999462665403945),
_mview_route_ralentisseurs.fid-7b1c8a4a_1943c5e84ca_7906,Savanes,Kpendjal-Ouest,Kpendjal-Ouest 1,Ogaro,POINT (0.4703681806606494 10.720351006284258),OGARO-DJIBOULI
_mview_route_ralentisseurs.fid-7b1c8a4a_1943c5e84ca_7907,Savanes,Kpendjal-Ouest,Kpendjal-Ouest 1,Ogaro,POINT (0.4695606945811377 10.718816212405466),OGARO-DJIBOULI
_mview_route_ralentisseurs.fid-7b1c8a4a_1943c5e84ca_7908,Savanes,Kpendjal-Ouest,Kpendjal-Ouest 1,Ogaro,POINT (0.4677987365136224 10.710726788492417),OGARO-DJIBOULI
_mview_route_ralentisseurs.fid-7b1c8a4a_1943c5e84ca_7909,Savanes,Kpendjal-Ouest,Kpendjal-Ouest 1,Ogaro,POINT (0.4676033948152715 10.711271130634886),OGARO-DJIBOULI
_mview_route_ralentisseurs.fid-7b1c8a4a_1943c5e84ca_790a,Savanes,Kpendjal-Ouest,Kpendjal-Ouest 1,Ogaro,POINT (0.4674114370738693 10.711755142008746),OGARO-DJIBOULI
_mview_route_ralentisseurs.fid-7b1c8a4a_1943c5e84ca_790b,Savanes,Kpendjal-Ouest,Kpendjal-Ouest 1,Ogaro,POINT (0.5230841681668732 10.741595828853281),
_mview_route_ralentisseurs.fid-7b1c8a4a_1943c5e84ca_790c,Maritime,Lacs,Lacs 3,Agbodrafo,POINT (1.560184965110171 6.22617744321791),TGRMRRRN2/3 AVEPOZO-ANEHO
_mview_route_ralentisseurs.fid-7b1c8a4a_1943c5e84ca_790d,Maritime,Lacs,Lacs 3,Agbodrafo,POINT (1.5596569720005713 6.226166492728149),TGRMRRRN2/3 AVEPOZO-ANEHO
_mview_route_ralentisseurs.fid-7b1c8a4a_1943c5e84ca_790e,Maritime,Lacs,Lacs 3,Agbodrafo,POINT (1.5594160453583783 6.226121197000718),TGRMRRRN2/3 AVEPOZO-ANEHO
_mview_route_ralentisseurs.fid-7b1c8a4a_1943c5e84ca_790f,Maritime,Lacs,Lacs 3,Agbodrafo,POINT (1.559236910507369 6.226074754627926),TGRMRRRN2/3 AVEPOZO-ANEHO
_mview_route_ralentisseurs.fid-7b1c8a4a_1943c5e84ca_7910,Maritime,Lacs,Lacs 3,Agbodrafo,POINT (1.4964443398269953 6.225378536576076),TGRMRRRN2/3 AVEPOZO-ANEHO
_mview_route_ralentisseurs.fid-7b1c8a4a_1943c5e84ca_7911,Maritime,Lacs,Lacs 3,Agbodrafo,POINT (1.4984002242342105 6.225774294502068),TGRMRRRN2/3 AVEPOZO-ANEHO
_mview_route_ralentisseurs.fid-7b1c8a4a_1943c5e84ca_7912,Maritime,Lacs,Lacs 2,Aklakou,POINT (1.7005713550034398 6.333601828053411),
_mview_route_ralentisseurs.fid-7b1c8a4a_1943c5e84ca_7913,Maritime,Lacs,Lacs 3,Gbodjomé,POINT (1.3845031663482572 6.197561233439348),
_mview_route_ralentisseurs.fid-7b1c8a4a_1943c5e84ca_7914,Maritime,Lacs,Lacs 3,Gbodjomé,POINT (1.3851734615153486 6.197635299018649),
_mview_route_ralentisseurs.fid-7b1c8a4a_1943c5e84ca_7915,Maritime,Lacs,Lacs 2,Aklakou,POINT (1.7104079917662791 6.3420204559751205),
_mview_route_ralentisseurs.fid-7b1c8a4a_1943c5e84ca_7916,Maritime,Lacs,Lacs 4,Fiata,POINT (1.6814425409531655 6.304611957993374),
_mview_route_ralentisseurs.fid-7b1c8a4a_1943c5e84ca_7917,Maritime,Lacs,Lacs 1,Aného,POINT (1.5726083219971951 6.226440427779303),
_mview_route_ralentisseurs.fid-7b1c8a4a_1943c5e84ca_7918,Maritime,Lacs,Lacs 1,Aného,POINT (1.5720232311894513 6.227199585030616),
_mview_route_ralentisseurs.fid-7b1c8a4a_1943c5e84ca_7919,Maritime,Lacs,Lacs 1,Aného,POINT (1.5779802641521004 6.228687676465034),
_mview_route_ralentisseurs.fid-7b1c8a4a_1943c5e84ca_791a,Maritime,Lacs,Lacs 1,Aného,POINT (1.5778832807381724 6.228651042367641),
_mview_route_ralentisseurs.fid-7b1c8a4a_1943c5e84ca_791b,Maritime,Lacs,Lacs 2,Aklakou,POINT (1.6952644478359078 6.3380344460406555),
_mview_route_ralentisseurs.fid-7b1c8a4a_1943c5e84ca_791c,Maritime,Lacs,Lacs 3,Gbodjomé,POINT (1.4366284009709598 6.214475692911075),
_mview_route_ralentisseurs.fid-7b1c8a4a_1943c5e84ca_791d,Maritime,Lacs,Lacs 3,Gbodjomé,POINT (1.4213230120094094 6.21313994101259),
_mview_route_ralentisseurs.fid-7b1c8a4a_1943c5e84ca_791e,Maritime,Lacs,Lacs 3,Gbodjomé,POINT (1.3870389223736697 6.196403451965994),
_mview_route_ralentisseurs.fid-7b1c8a4a_1943c5e84ca_791f,Maritime,Lacs,Lacs 3,Gbodjomé,POINT (1.388302605584225 6.189619532145872),
_mview_route_ralentisseurs.fid-7b1c8a4a_1943c5e84ca_7920,Maritime,Lacs,Lacs 3,Gbodjomé,POINT (1.3928280001648634 6.1949360000557325),
_mview_route_ralentisseurs.fid-7b1c8a4a_1943c5e84ca_7921,Maritime,Lacs,Lacs 3,Gbodjomé,POINT (1.392971449132315 6.1949724755624205),
_mview_route_ralentisseurs.fid-7b1c8a4a_1943c5e84ca_7922,Maritime,Lacs,Lacs 3,Gbodjomé,POINT (1.3919436834226602 6.191859801019265),
_mview_route_ralentisseurs.fid-7b1c8a4a_1943c5e84ca_7923,Maritime,Lacs,Lacs 2,Aklakou,POINT (1.7132999497164072 6.336459931434035),
_mview_route_ralentisseurs.fid-7b1c8a4a_1943c5e84ca_7924,Maritime,Lacs,Lacs 1,Glidji,POINT (1.6046758063212796 6.2579479331180785),TGRMRRRN4 TSEVIE-TABLIGBO-ANEHO
_mview_route_ralentisseurs.fid-7b1c8a4a_1943c5e84ca_7925,Maritime,Lacs,Lacs 1,Glidji,POINT (1.604867857997405 6.256919572724011),TGRMRRRN4 TSEVIE-TABLIGBO-ANEHO
_mview_route_ralentisseurs.fid-7b1c8a4a_1943c5e84ca_7926,Maritime,Lacs,Lacs 1,Glidji,POINT (1.6139924476282503 6.244702900071676),TGRMRRRN4 TSEVIE-TABLIGBO-ANEHO
_mview_route_ralentisseurs.fid-7b1c8a4a_1943c5e84ca_7927,Maritime,Lacs,Lacs 4,Anfoin,POINT (1.610101679880865 6.3246680758474625),TGRMRRRN4 TSEVIE-TABLIGBO-ANEHO
_mview_route_ralentisseurs.fid-7b1c8a4a_1943c5e84ca_7928,Maritime,Lacs,Lacs 4,Anfoin,POINT (1.6082085085321793 6.328148988155314),
_mview_route_ralentisseurs.fid-7b1c8a4a_1943c5e84ca_7929,Maritime,Lacs,Lacs 1,Canton D’Aneho,POINT (1.610678639889591 6.240901049377639),
_mview_route_ralentisseurs.fid-7b1c8a4a_1943c5e84ca_792a,Maritime,Lacs,Lacs 1,Glidji,POINT (1.6162099415258866 6.249795443499125),TGRMRRRN36 ANEHO-AKLAKOU
_mview_route_ralentisseurs.fid-7b1c8a4a_1943c5e84ca_792b,Maritime,Lacs,Lacs 1,Glidji,POINT (1.615971697708834 6.248993137883033),TGRMRRRN36 ANEHO-AKLAKOU
_mview_route_ralentisseurs.fid-7b1c8a4a_1943c5e84ca_792c,Maritime,Lacs,Lacs 2,Aklakou,POINT (1.7815832160527165 6.374720320873195),
_mview_route_ralentisseurs.fid-7b1c8a4a_1943c5e84ca_792d,Maritime,Lacs,Lacs 2,Aklakou,POINT (1.7795664996970748 6.373428011747823),
_mview_route_ralentisseurs.fid-7b1c8a4a_1943c5e84ca_792e,Maritime,Lacs,Lacs 4,Ganavé,POINT (1.600351860401222 6.2921204240166935),
_mview_route_ralentisseurs.fid-7b1c8a4a_1943c5e84ca_792f,Maritime,Lacs,Lacs 1,Glidji,POINT (1.6137140799620935 6.273298572531201),
_mview_route_ralentisseurs.fid-7b1c8a4a_1943c5e84ca_7930,Maritime,Lacs,Lacs 1,Glidji,POINT (1.6133789623578336 6.272537127294048),
_mview_route_ralentisseurs.fid-7b1c8a4a_1943c5e84ca_7931,Maritime,Lacs,Lacs 4,Ganavé,POINT (1.6463539535433205 6.336775833923136),
_mview_route_ralentisseurs.fid-7b1c8a4a_1943c5e84ca_7932,Maritime,Lacs,Lacs 4,Ganavé,POINT (1.6463124325046277 6.336333802458969),
_mview_route_ralentisseurs.fid-7b1c8a4a_1943c5e84ca_7933,Maritime,Lacs,Lacs 4,Ganavé,POINT (1.6462148589294148 6.334558379331019),
_mview_route_ralentisseurs.fid-7b1c8a4a_1943c5e84ca_7934,Maritime,Lacs,Lacs 4,Anfoin,POINT (1.6073938686926206 6.329190942405379),
_mview_route_ralentisseurs.fid-7b1c8a4a_1943c5e84ca_7935,Maritime,Lacs,Lacs 1,Aného,POINT (1.5849537591833511 6.231451749348953),TGRMVTA RN3 (MARCHE)-STADE
_mview_route_ralentisseurs.fid-7b1c8a4a_1943c5e84ca_7936,Savanes,Oti,Oti 2,Nagbéni,POINT (0.4749125731657151 10.573242009802403),
_mview_route_ralentisseurs.fid-7b1c8a4a_1943c5e84ca_7937,Savanes,Oti,Oti 2,Nagbéni,POINT (0.4755162718269827 10.572244384107764),
_mview_route_ralentisseurs.fid-7b1c8a4a_1943c5e84ca_7938,Savanes,Oti,Oti 2,Nagbéni,POINT (0.4742113942381855 10.574383935521768),
_mview_route_ralentisseurs.fid-7b1c8a4a_1943c5e84ca_7939,Savanes,Oti,Oti 2,Nagbéni,POINT (0.4710062815468389 10.577063914736291),
_mview_route_ralentisseurs.fid-7b1c8a4a_1943c5e84ca_793a,Maritime,Lacs,Lacs 3,Gbodjomé,POINT (1.3942804524324692 6.195483130327059),
_mview_route_ralentisseurs.fid-7b1c8a4a_1943c5e84ca_793b,Maritime,Lacs,Lacs 3,Gbodjomé,POINT (1.3924002018841746 6.198876701066215),
_mview_route_ralentisseurs.fid-7b1c8a4a_1943c5e84ca_793c,Maritime,Lacs,Lacs 4,Anfoin,POINT (1.6054561091734076 6.333057626967525),
_mview_route_ralentisseurs.fid-7b1c8a4a_1943c5e84ca_793d,Maritime,Lacs,Lacs 4,Anfoin,POINT (1.6052201934598365 6.333139267106521),
_mview_route_ralentisseurs.fid-7b1c8a4a_1943c5e84ca_793e,Maritime,Lacs,Lacs 4,Anfoin,POINT (1.605291440234935 6.333099418992026),
_mview_route_ralentisseurs.fid-7b1c8a4a_1943c5e84ca_793f,Maritime,Lacs,Lacs 4,Anfoin,POINT (1.6051198803498319 6.33319956611067),
_mview_route_ralentisseurs.fid-7b1c8a4a_1943c5e84ca_7940,Maritime,Lacs,Lacs 4,Anfoin,POINT (1.6061483333336892 6.33602333625951),
_mview_route_ralentisseurs.fid-7b1c8a4a_1943c5e84ca_7941,Maritime,Lacs,Lacs 4,Anfoin,POINT (1.60614406687703 6.3359262688219555),
_mview_route_ralentisseurs.fid-7b1c8a4a_1943c5e84ca_7942,Maritime,Lacs,Lacs 4,Anfoin,POINT (1.6061371246361562 6.3357802174730296),
_mview_route_ralentisseurs.fid-7b1c8a4a_1943c5e84ca_7943,Maritime,Lacs,Lacs 4,Anfoin,POINT (1.6073502787694507 6.33602352625758),
_mview_route_ralentisseurs.fid-7b1c8a4a_1943c5e84ca_7944,Maritime,Lacs,Lacs 4,Anfoin,POINT (1.6071106164529163 6.33601563284655),
_mview_route_ralentisseurs.fid-7b1c8a4a_1943c5e84ca_7945,Maritime,Lacs,Lacs 4,Anfoin,POINT (1.6069556439845547 6.336023564399021),
_mview_route_ralentisseurs.fid-7b1c8a4a_1943c5e84ca_7946,Maritime,Lacs,Lacs 4,Anfoin,POINT (1.6068453367714584 6.336021666666678),
_mview_route_ralentisseurs.fid-7b1c8a4a_1943c5e84ca_7947,Maritime,Lacs,Lacs 4,Anfoin,POINT (1.6063673966338796 6.335966466407783),
_mview_route_ralentisseurs.fid-7b1c8a4a_1943c5e84ca_7948,Maritime,Lacs,Lacs 4,Anfoin,POINT (1.606291558803438 6.335982252434148),
_mview_route_ralentisseurs.fid-7b1c8a4a_1943c5e84ca_7949,Maritime,Lacs,Lacs 4,Anfoin,POINT (1.6062167323780812 6.335996369408146),
_mview_route_ralentisseurs.fid-7b1c8a4a_1943c5e84ca_794a,Maritime,Lacs,Lacs 4,Anfoin,POINT (1.60670865069167 6.336023659911162),
_mview_route_ralentisseurs.fid-7b1c8a4a_1943c5e84ca_794b,Maritime,Lacs,Lacs 4,Fiata,POINT (1.681383567851631 6.304941454522466),
_mview_route_ralentisseurs.fid-7b1c8a4a_1943c5e84ca_794c,Maritime,Lacs,Lacs 1,Canton D’Aneho,POINT (1.6056218732940846 6.232249595445736),TGRMRRRN2/3 ANEHO SANVEE CONDJI CHAUSSE SUD
_mview_route_ralentisseurs.fid-7b1c8a4a_1943c5e84ca_794d,Maritime,Lacs,Lacs 1,Aného,POINT (1.60282760444797 6.2293845851630785),TGRMRRRN2/3 ANEHO SANVEE CONDJI CHAUSSE SUD
_mview_route_ralentisseurs.fid-7b1c8a4a_1943c5e84ca_794e,Maritime,Lacs,Lacs 3,Gbodjomé,POINT (1.3987603155757224 6.198042353022219),
_mview_route_ralentisseurs.fid-7b1c8a4a_1943c5e84ca_794f,Maritime,Lacs,Lacs 3,Gbodjomé,POINT (1.3987654065467627 6.198074935235105),
_mview_route_ralentisseurs.fid-7b1c8a4a_1943c5e84ca_7950,Maritime,Lacs,Lacs 3,Gbodjomé,POINT (1.3975788389311423 6.198825551749807),
_mview_route_ralentisseurs.fid-7b1c8a4a_1943c5e84ca_7951,Maritime,Lacs,Lacs 4,Anfoin,POINT (1.6023751849642542 6.333315324192038),
_mview_route_ralentisseurs.fid-7b1c8a4a_1943c5e84ca_7952,Maritime,Lacs,Lacs 2,Aklakou,POINT (1.7400813372573036 6.301850189230112),
_mview_route_ralentisseurs.fid-7b1c8a4a_1943c5e84ca_7953,Maritime,Lacs,Lacs 2,Aklakou,POINT (1.710736145128608 6.346894705120679),TGRMRTRN36 AKLAKOU-AVEVE-AFAGNAN
_mview_route_ralentisseurs.fid-7b1c8a4a_1943c5e84ca_7954,Maritime,Lacs,Lacs 2,Aklakou,POINT (1.7106933045026345 6.34780761977321),TGRMRTRN36 AKLAKOU-AVEVE-AFAGNAN
_mview_route_ralentisseurs.fid-7b1c8a4a_1943c5e84ca_7955,Maritime,Lacs,Lacs 2,Aklakou,POINT (1.7110699182350615 6.3487581108684745),TGRMRTRN36 AKLAKOU-AVEVE-AFAGNAN
_mview_route_ralentisseurs.fid-7b1c8a4a_1943c5e84ca_7956,Maritime,Lacs,Lacs 2,Aklakou,POINT (1.7114959371923772 6.350026114122814),TGRMRTRN36 AKLAKOU-AVEVE-AFAGNAN
_mview_route_ralentisseurs.fid-7b1c8a4a_1943c5e84ca_7957,Maritime,Lacs,Lacs 4,Fiata,POINT (1.6448810382846102 6.2957796952916745),
_mview_route_ralentisseurs.fid-7b1c8a4a_1943c5e84ca_7958,Maritime,Lacs,Lacs 3,Gbodjomé,POINT (1.4015212758048075 6.2047247206183735),
_mview_route_ralentisseurs.fid-7b1c8a4a_1943c5e84ca_7959,Maritime,Lacs,Lacs 4,Anfoin,POINT (1.608187972148328 6.335066282919863),
_mview_route_ralentisseurs.fid-7b1c8a4a_1943c5e84ca_795a,Maritime,Lacs,Lacs 4,Anfoin,POINT (1.6150710367918628 6.33922263267258),
_mview_route_ralentisseurs.fid-7b1c8a4a_1943c5e84ca_795b,Maritime,Lacs,Lacs 3,Gbodjomé,POINT (1.4027450748745107 6.203201457447795),
_mview_route_ralentisseurs.fid-7b1c8a4a_1943c5e84ca_795c,Maritime,Lacs,Lacs 3,Gbodjomé,POINT (1.4024683092708234 6.202059060861766),
_mview_route_ralentisseurs.fid-7b1c8a4a_1943c5e84ca_795d,Maritime,Lacs,Lacs 4,Ganavé,POINT (1.6257350562305781 6.296593222971169),
_mview_route_ralentisseurs.fid-7b1c8a4a_1943c5e84ca_795e,Maritime,Lacs,Lacs 3,Gbodjomé,POINT (1.406584456233094 6.209754744248858),
_mview_route_ralentisseurs.fid-7b1c8a4a_1943c5e84ca_795f,Maritime,Lacs,Lacs 3,Gbodjomé,POINT (1.3972481950916678 6.184315996088043),
_mview_route_ralentisseurs.fid-7b1c8a4a_1943c5e84ca_7960,Maritime,Lacs,Lacs 2,Agouégan,POINT (1.7091536698317604 6.262366421241359),
_mview_route_ralentisseurs.fid-7b1c8a4a_1943c5e84ca_7961,Maritime,Lacs,Lacs 1,Glidji,POINT (1.5985918295281403 6.267150173278791),
_mview_route_ralentisseurs.fid-7b1c8a4a_1943c5e84ca_7962,Maritime,Lacs,Lacs 4,Ganavé,POINT (1.623490670334862 6.271403911974923),
_mview_route_ralentisseurs.fid-7b1c8a4a_1943c5e84ca_7963,Maritime,Lacs,Lacs 4,Ganavé,POINT (1.6270355855700978 6.276466081001521),
_mview_route_ralentisseurs.fid-7b1c8a4a_1943c5e84ca_7964,Maritime,Lacs,Lacs 4,Fiata,POINT (1.6538340450045215 6.316191922885942),
_mview_route_ralentisseurs.fid-7b1c8a4a_1943c5e84ca_7965,Maritime,Lacs,Lacs 4,Fiata,POINT (1.662907032798943 6.321490004616992),
_mview_route_ralentisseurs.fid-7b1c8a4a_1943c5e84ca_7966,Maritime,Lacs,Lacs 4,Fiata,POINT (1.6440649761734667 6.326601494894548),
_mview_route_ralentisseurs.fid-7b1c8a4a_1943c5e84ca_7967,Maritime,Lacs,Lacs 3,Gbodjomé,POINT (1.418337622453274 6.20571756171468),
_mview_route_ralentisseurs.fid-7b1c8a4a_1943c5e84ca_7968,Maritime,Lacs,Lacs 3,Gbodjomé,POINT (1.4180287241235479 6.205706910029761),
_mview_route_ralentisseurs.fid-7b1c8a4a_1943c5e84ca_7969,Maritime,Lacs,Lacs 1,Glidji,POINT (1.6065686807716095 6.262138056419776),
_mview_route_ralentisseurs.fid-7b1c8a4a_1943c5e84ca_796a,Maritime,Lacs,Lacs 2,Agouégan,POINT (1.6564491743249785 6.264196587210663),
_mview_route_ralentisseurs.fid-7b1c8a4a_1943c5e84ca_796b,Maritime,Lacs,Lacs 2,Agouégan,POINT (1.656386666666831 6.263753730745395),
_mview_route_ralentisseurs.fid-7b1c8a4a_1943c5e84ca_796c,Maritime,Lacs,Lacs 3,Gbodjomé,POINT (1.4120544720374657 6.201398655293443),
_mview_route_ralentisseurs.fid-7b1c8a4a_1943c5e84ca_796d,Maritime,Lacs,Lacs 3,Gbodjomé,POINT (1.4145715565032106 6.201485106612037),
_mview_route_ralentisseurs.fid-7b1c8a4a_1943c5e84ca_796e,Maritime,Lacs,Lacs 3,Gbodjomé,POINT (1.41459499771073 6.201404452077646),
_mview_route_ralentisseurs.fid-7b1c8a4a_1943c5e84ca_796f,Maritime,Lacs,Lacs 3,Gbodjomé,POINT (1.4098611085295598 6.2045175135570165),
_mview_route_ralentisseurs.fid-7b1c8a4a_1943c5e84ca_7970,Maritime,Lacs,Lacs 3,Gbodjomé,POINT (1.4093624561958749 6.2075877758669655),
_mview_route_ralentisseurs.fid-7b1c8a4a_1943c5e84ca_7971,Maritime,Lacs,Lacs 3,Gbodjomé,POINT (1.4095246737525269 6.206837416821714),
_mview_route_ralentisseurs.fid-7b1c8a4a_1943c5e84ca_7972,Maritime,Lacs,Lacs 3,Gbodjomé,POINT (1.4090835183754655 6.203627488794988),
_mview_route_ralentisseurs.fid-7b1c8a4a_1943c5e84ca_7973,Maritime,Lacs,Lacs 3,Gbodjomé,POINT (1.4093232561512838 6.203942339114212),
_mview_route_ralentisseurs.fid-7b1c8a4a_1943c5e84ca_7974,Maritime,Lacs,Lacs 3,Gbodjomé,POINT (1.439865692246474 6.218318461880504),
_mview_route_ralentisseurs.fid-7b1c8a4a_1943c5e84ca_7975,Maritime,Lacs,Lacs 3,Agbodrafo,POINT (1.448708476679444 6.216484631836647),
_mview_route_ralentisseurs.fid-7b1c8a4a_1943c5e84ca_7976,Maritime,Lacs,Lacs 3,Gbodjomé,POINT (1.4366647992833497 6.216347709989289),
_mview_route_ralentisseurs.fid-7b1c8a4a_1943c5e84ca_7977,Maritime,Lacs,Lacs 3,Gbodjomé,POINT (1.4290010867448453 6.204693089248117),
_mview_route_ralentisseurs.fid-7b1c8a4a_1943c5e84ca_7978,Maritime,Lacs,Lacs 3,Agbodrafo,POINT (1.4425385715497046 6.21891646562569),
_mview_route_ralentisseurs.fid-7b1c8a4a_1943c5e84ca_7979,Maritime,Lacs,Lacs 3,Agbodrafo,POINT (1.4457200607710727 6.213164377519838),
_mview_route_ralentisseurs.fid-7b1c8a4a_1943c5e84ca_797a,Maritime,Lacs,Lacs 3,Agbodrafo,POINT (1.4443184945136756 6.21152875146714),
_mview_route_ralentisseurs.fid-7b1c8a4a_1943c5e84ca_797b,Maritime,Lacs,Lacs 3,Agbodrafo,POINT (1.446571182965738 6.2124459626766875),
_mview_route_ralentisseurs.fid-7b1c8a4a_1943c5e84ca_797c,Maritime,Lacs,Lacs 3,Agbodrafo,POINT (1.4464305271952294 6.212541912689479),
_mview_route_ralentisseurs.fid-7b1c8a4a_1943c5e84ca_797d,Centrale,Mô,Mô 1,Kagnigbara,POINT (0.6551909083527566 8.875331216599916),
_mview_route_ralentisseurs.fid-7b1c8a4a_1943c5e84ca_797e,Centrale,Mô,Mô 1,Kagnigbara,POINT (0.655332824660176 8.87407269230291),
_mview_route_ralentisseurs.fid-7b1c8a4a_1943c5e84ca_797f,Centrale,Mô,Mô 1,Kagnigbara,POINT (0.6552631324742222 8.874539739381893),
_mview_route_ralentisseurs.fid-7b1c8a4a_1943c5e84ca_7980,Centrale,Mô,Mô 1,Kagnigbara,POINT (0.6553780707767414 8.873766379743666),
_mview_route_ralentisseurs.fid-7b1c8a4a_1943c5e84ca_7981,Centrale,Mô,Mô 1,Boulohou,POINT (0.6706412782981638 8.77065733716468),BOULOHOU-SOUROUKOU-TASSI-MOROSSI-AGBAMASSOMOU-TCHATCHAKOU-KOUIDA
_mview_route_ralentisseurs.fid-7b1c8a4a_1943c5e84ca_7982,Centrale,Mô,Mô 1,Boulohou,POINT (0.6704292380727153 8.76985381867947),BOULOHOU-SOUROUKOU-TASSI-MOROSSI-AGBAMASSOMOU-TCHATCHAKOU-KOUIDA
_mview_route_ralentisseurs.fid-7b1c8a4a_1943c5e84ca_7983,Centrale,Mô,Mô 1,Boulohou,POINT (0.6703126980403292 8.769300513517518),BOULOHOU-SOUROUKOU-TASSI-MOROSSI-AGBAMASSOMOU-TCHATCHAKOU-KOUIDA
_mview_route_ralentisseurs.fid-7b1c8a4a_1943c5e84ca_7984,Centrale,Mô,Mô 1,Boulohou,POINT (0.6355194436095098 8.67611934246804),BOULOHOU-SOROUKOU-TASSI-MOROSSI-AGBAMASSOMOU-TCHATCHAKOU-KOUIDA
_mview_route_ralentisseurs.fid-7b1c8a4a_1943c5e84ca_7985,Centrale,Mô,Mô 1,Djarkpanga,POINT (0.5711596732147491 8.825773022421135),SANGOULE-BOLKATANGA-KAGNIGBARA
_mview_route_ralentisseurs.fid-7b1c8a4a_1943c5e84ca_7986,Centrale,Mô,Mô 2,Tindjasse,POINT (0.513777163216696 8.662678909102414),TINDJASSE-LEGUEDE-MONGOKOURA-EMBRPISTE Nº3
_mview_route_ralentisseurs.fid-7b1c8a4a_1943c5e84ca_7987,Centrale,Mô,Mô 1,Djarkpanga,POINT (0.5864483883039129 8.716230528610557),
_mview_route_ralentisseurs.fid-7b1c8a4a_1943c5e84ca_7988,Centrale,Mô,Mô 1,Djarkpanga,POINT (0.5608845620237246 8.78722452431698),
_mview_route_ralentisseurs.fid-7b1c8a4a_1943c5e84ca_7989,Centrale,Mô,Mô 1,Djarkpanga,POINT (0.5610548525827781 8.787036069910148),
_mview_route_ralentisseurs.fid-7b1c8a4a_1943c5e84ca_798a,Centrale,Mô,Mô 1,Djarkpanga,POINT (0.5612528793316661 8.786847898199191),
_mview_route_ralentisseurs.fid-7b1c8a4a_1943c5e84ca_798b,Centrale,Mô,Mô 1,Djarkpanga,POINT (0.5616893629146865 8.786496943108652),
_mview_route_ralentisseurs.fid-7b1c8a4a_1943c5e84ca_798c,Centrale,Mô,Mô 2,Saïboudè,POINT (0.4749157775626379 8.602502978847529),TINDJASSE-SAIBOUDE-GBANZABA-DJATO-KOURA-TCHATCHAKOU
_mview_route_ralentisseurs.fid-7b1c8a4a_1943c5e84ca_798d,Plateaux,Moyen-Mono,Moyen-Mono 2,Katomé,POINT (1.6313123462773873 7.350500792984448),
_mview_route_ralentisseurs.fid-7b1c8a4a_1943c5e84ca_798e,Plateaux,Moyen-Mono,Moyen-Mono 2,Katomé,POINT (1.6313450000012568 7.34963833314702),
_mview_route_ralentisseurs.fid-7b1c8a4a_1943c5e84ca_798f,Plateaux,Moyen-Mono,Moyen-Mono 2,Katomé,POINT (1.6246581946644585 7.344566271100866),
_mview_route_ralentisseurs.fid-7b1c8a4a_1943c5e84ca_7990,Plateaux,Moyen-Mono,Moyen-Mono 2,Katomé,POINT (1.6246139159011377 7.3447211487341395),
_mview_route_ralentisseurs.fid-7b1c8a4a_1943c5e84ca_7991,Plateaux,Moyen-Mono,Moyen-Mono 2,Katomé,POINT (1.6246121452694011 7.344727788602053),
_mview_route_ralentisseurs.fid-7b1c8a4a_1943c5e84ca_7992,Plateaux,Moyen-Mono,Moyen-Mono 2,Katomé,POINT (1.6228121723534865 7.35111910401359),
_mview_route_ralentisseurs.fid-7b1c8a4a_1943c5e84ca_7993,Plateaux,Moyen-Mono,Moyen-Mono 2,Katomé,POINT (1.6229622918106965 7.352058777445853),
_mview_route_ralentisseurs.fid-7b1c8a4a_1943c5e84ca_7994,Plateaux,Moyen-Mono,Moyen-Mono 2,Kpékplémé,POINT (1.6268702166282045 7.336116878026776),
_mview_route_ralentisseurs.fid-7b1c8a4a_1943c5e84ca_7995,Plateaux,Moyen-Mono,Moyen-Mono 2,Saligbé,POINT (1.5765412975485855 7.258392018744758),
_mview_route_ralentisseurs.fid-7b1c8a4a_1943c5e84ca_7996,Plateaux,Moyen-Mono,Moyen-Mono 2,Saligbé,POINT (1.5503024902689295 7.269659810490228),
_mview_route_ralentisseurs.fid-7b1c8a4a_1943c5e84ca_7997,Plateaux,Moyen-Mono,Moyen-Mono 2,Kpékplémé,POINT (1.5750105691721659 7.302811788624073),
_mview_route_ralentisseurs.fid-7b1c8a4a_1943c5e84ca_7998,Plateaux,Moyen-Mono,Moyen-Mono 2,Kpékplémé,POINT (1.5753018898770523 7.302851697454321),
_mview_route_ralentisseurs.fid-7b1c8a4a_1943c5e84ca_7999,Plateaux,Moyen-Mono,Moyen-Mono 2,Kpékplémé,POINT (1.5764423463880828 7.303024079584145),
_mview_route_ralentisseurs.fid-7b1c8a4a_1943c5e84ca_799a,Plateaux,Moyen-Mono,Moyen-Mono 2,Kpékplémé,POINT (1.6242383871775592 7.329808508396587),
_mview_route_ralentisseurs.fid-7b1c8a4a_1943c5e84ca_799b,Plateaux,Moyen-Mono,Moyen-Mono 2,Kpékplémé,POINT (1.6244055528125494 7.329885031280482),
_mview_route_ralentisseurs.fid-7b1c8a4a_1943c5e84ca_799c,Plateaux,Moyen-Mono,Moyen-Mono 2,Saligbé,POINT (1.587144430544171 7.244307640654143),
_mview_route_ralentisseurs.fid-7b1c8a4a_1943c5e84ca_799d,Plateaux,Moyen-Mono,Moyen-Mono 1,Ahassomè,POINT (1.4781806901580992 7.284526575715471),
_mview_route_ralentisseurs.fid-7b1c8a4a_1943c5e84ca_799e,Plateaux,Moyen-Mono,Moyen-Mono 1,Ahassomè,POINT (1.4785095291326804 7.2798746349281815),
_mview_route_ralentisseurs.fid-7b1c8a4a_1943c5e84ca_799f,Plateaux,Moyen-Mono,Moyen-Mono 1,Tado,POINT (1.5836848303883861 7.1848066130276464),TGRPRTRN8 NANVBETO-OUNTIVOU-RN6 TOHOUN
_mview_route_ralentisseurs.fid-7b1c8a4a_1943c5e84ca_79a0,Plateaux,Moyen-Mono,Moyen-Mono 1,Tado,POINT (1.583740765541145 7.191396043128421),TGRPRTRN8 NANVBETO-OUNTIVOU-RN6 TOHOUN
_mview_route_ralentisseurs.fid-7b1c8a4a_1943c5e84ca_79a1,Plateaux,Moyen-Mono,Moyen-Mono 1,Tado,POINT (1.58331804664093 7.1907568466355105),TGRPRTRN8 NANVBETO-OUNTIVOU-RN6 TOHOUN
_mview_route_ralentisseurs.fid-7b1c8a4a_1943c5e84ca_79a2,Plateaux,Moyen-Mono,Moyen-Mono 1,Tado,POINT (1.58262247974603 7.189467929207333),TGRPRTRN8 NANVBETO-OUNTIVOU-RN6 TOHOUN
_mview_route_ralentisseurs.fid-7b1c8a4a_1943c5e84ca_79a3,Plateaux,Moyen-Mono,Moyen-Mono 1,Tohoun,POINT (1.6283307440794403 7.051036196196141),TOHOUN-FRONTIÈRE BENIN
_mview_route_ralentisseurs.fid-7b1c8a4a_1943c5e84ca_79a4,Plateaux,Moyen-Mono,Moyen-Mono 1,Tado,POINT (1.5904016197806252 7.148067552067636),
_mview_route_ralentisseurs.fid-7b1c8a4a_1943c5e84ca_79a5,Plateaux,Moyen-Mono,Moyen-Mono 1,Tado,POINT (1.59043361077102 7.148122450997889),
_mview_route_ralentisseurs.fid-7b1c8a4a_1943c5e84ca_79a6,Plateaux,Moyen-Mono,Moyen-Mono 1,Tado,POINT (1.5095941419488375 7.169691447769943),KPETSIHOE-FLEUVE MONO
_mview_route_ralentisseurs.fid-7b1c8a4a_1943c5e84ca_79a7,Savanes,Tandjoaré,Tandjoaré 1,Boulogou,POINT (0.2872257400355402 10.603674518373968),
_mview_route_ralentisseurs.fid-7b1c8a4a_1943c5e84ca_79a8,Plateaux,Moyen-Mono,Moyen-Mono 1,Tado,POINT (1.5092711200429254 7.169900751219375),KPETSIHOE-FLEUVE MONO
_mview_route_ralentisseurs.fid-7b1c8a4a_1943c5e84ca_79a9,Plateaux,Moyen-Mono,Moyen-Mono 1,Tohoun,POINT (1.6151874489797653 7.021962346939559),
_mview_route_ralentisseurs.fid-7b1c8a4a_1943c5e84ca_79aa,Plateaux,Moyen-Mono,Moyen-Mono 1,Tohoun,POINT (1.615076389755251 7.022238488771278),
_mview_route_ralentisseurs.fid-7b1c8a4a_1943c5e84ca_79ab,Plateaux,Moyen-Mono,Moyen-Mono 1,Tohoun,POINT (1.6130589011098064 7.009470599857112),TOHOUN-FRONTIÈRE BENIN
_mview_route_ralentisseurs.fid-7b1c8a4a_1943c5e84ca_79ac,Plateaux,Moyen-Mono,Moyen-Mono 1,Tohoun,POINT (1.6167501502295214 7.021682178542136),
_mview_route_ralentisseurs.fid-7b1c8a4a_1943c5e84ca_79ad,Plateaux,Ogou,Ogou 1,Djama,POINT (1.1413687042199852 7.554514144489769),TGRPRR RUE GBEKON-TOTAL (POSTE)
_mview_route_ralentisseurs.fid-7b1c8a4a_1943c5e84ca_79ae,Plateaux,Ogou,Ogou 1,Djama,POINT (1.1419774229840316 7.554737059132281),TGRPRR RUE GBEKON-TOTAL (POSTE)
_mview_route_ralentisseurs.fid-7b1c8a4a_1943c5e84ca_79af,Plateaux,Ogou,Ogou 1,Houdou,POINT (1.1485961106875817 7.558761710999006),TGRPRR RUE GBEKON-TOTAL (POSTE)
_mview_route_ralentisseurs.fid-7b1c8a4a_1943c5e84ca_79b0,Plateaux,Ogou,Ogou 1,Houdou,POINT (1.1482102037596755 7.558486097177572),TGRPRR RUE GBEKON-TOTAL (POSTE)
_mview_route_ralentisseurs.fid-7b1c8a4a_1943c5e84ca_79b1,Plateaux,Ogou,Ogou 1,Houdou,POINT (1.1829810888173882 7.598250649486303),
_mview_route_ralentisseurs.fid-7b1c8a4a_1943c5e84ca_79b2,Plateaux,Ogou,Ogou 2,Datcha,POINT (1.1610373068324722 7.4285294489019735),
_mview_route_ralentisseurs.fid-7b1c8a4a_1943c5e84ca_79b3,Plateaux,Ogou,Ogou 2,Datcha,POINT (1.1608946613457525 7.428241397236715),
_mview_route_ralentisseurs.fid-7b1c8a4a_1943c5e84ca_79b4,Plateaux,Ogou,Ogou 2,Datcha,POINT (1.1587635878850495 7.425847632142651),
_mview_route_ralentisseurs.fid-7b1c8a4a_1943c5e84ca_79b5,Plateaux,Ogou,Ogou 2,Datcha,POINT (1.1589239548831174 7.426015541287423),
_mview_route_ralentisseurs.fid-7b1c8a4a_1943c5e84ca_79b6,Plateaux,Ogou,Ogou 2,Datcha,POINT (1.1591110394400699 7.426247614896401),
_mview_route_ralentisseurs.fid-7b1c8a4a_1943c5e84ca_79b7,Plateaux,Ogou,Ogou 1,Gnagna,POINT (1.118731157657852 7.525975246027359),TGRPRR RUE BRETELLE DOULASSAME 2
_mview_route_ralentisseurs.fid-7b1c8a4a_1943c5e84ca_79b8,Plateaux,Ogou,Ogou 1,Gnagna,POINT (1.1189807860109005 7.526783013055199),TGRPRR RUE BRETELLE DOULASSAME 2
_mview_route_ralentisseurs.fid-7b1c8a4a_1943c5e84ca_79b9,Plateaux,Ogou,Ogou 1,Djama,POINT (1.2180962765423098 7.588270478873757),
_mview_route_ralentisseurs.fid-7b1c8a4a_1943c5e84ca_79ba,Plateaux,Ogou,Ogou 1,Djama,POINT (1.2350036666178923 7.609555308760431),
_mview_route_ralentisseurs.fid-7b1c8a4a_1943c5e84ca_79bb,Plateaux,Ogou,Ogou 1,Djama,POINT (1.2351908771104956 7.609796419607612),
_mview_route_ralentisseurs.fid-7b1c8a4a_1943c5e84ca_79bc,Plateaux,Ogou,Ogou 1,Djama,POINT (1.2493621161094741 7.626419378641587),
_mview_route_ralentisseurs.fid-7b1c8a4a_1943c5e84ca_79bd,Plateaux,Ogou,Ogou 1,Djama,POINT (1.2500478377384123 7.626969281535145),
_mview_route_ralentisseurs.fid-7b1c8a4a_1943c5e84ca_79be,Plateaux,Ogou,Ogou 2,Akparé,POINT (1.248240841280794 7.495427921724236),TGRPRTRN8 ATAKPAME-AKPARE
_mview_route_ralentisseurs.fid-7b1c8a4a_1943c5e84ca_79bf,Plateaux,Ogou,Ogou 2,Akparé,POINT (1.2478269733409166 7.495579013339602),TGRPRTRN8 ATAKPAME-AKPARE
_mview_route_ralentisseurs.fid-7b1c8a4a_1943c5e84ca_79c0,Plateaux,Ogou,Ogou 2,Akparé,POINT (1.2488764553855243 7.49534830643201),TGRPRTRN8 ATAKPAME-AKPARE
_mview_route_ralentisseurs.fid-7b1c8a4a_1943c5e84ca_79c1,Plateaux,Ogou,Ogou 2,Akparé,POINT (1.2493164624511857 7.495356051323889),TGRPRTRN8 ATAKPAME-AKPARE
_mview_route_ralentisseurs.fid-7b1c8a4a_1943c5e84ca_79c2,Plateaux,Ogou,Ogou 2,Akparé,POINT (1.2499451919843476 7.495385988221567),TGRPRTRN8 ATAKPAME-AKPARE
_mview_route_ralentisseurs.fid-7b1c8a4a_1943c5e84ca_79c3,Plateaux,Ogou,Ogou 2,Datcha,POINT (1.166839834827518 7.456329309010973),
_mview_route_ralentisseurs.fid-7b1c8a4a_1943c5e84ca_79c4,Plateaux,Ogou,Ogou 2,Datcha,POINT (1.1676867813606733 7.456071724205727),
_mview_route_ralentisseurs.fid-7b1c8a4a_1943c5e84ca_79c5,Plateaux,Ogou,Ogou 2,Datcha,POINT (1.1682367026747282 7.455897486000108),
_mview_route_ralentisseurs.fid-7b1c8a4a_1943c5e84ca_79c6,Plateaux,Ogou,Ogou 2,Datcha,POINT (1.171606595949195 7.458308365249113),
_mview_route_ralentisseurs.fid-7b1c8a4a_1943c5e84ca_79c7,Plateaux,Ogou,Ogou 1,Gnagna,POINT (1.2115824026270061 7.501438463915087),
_mview_route_ralentisseurs.fid-7b1c8a4a_1943c5e84ca_79c8,Plateaux,Ogou,Ogou 1,Gnagna,POINT (1.1996917797730255 7.484764955490981),
_mview_route_ralentisseurs.fid-7b1c8a4a_1943c5e84ca_79c9,Plateaux,Ogou,Ogou 1,Gnagna,POINT (1.199839892333762 7.484572238108289),
_mview_route_ralentisseurs.fid-7b1c8a4a_1943c5e84ca_79ca,Plateaux,Ogou,Ogou 2,Akparé,POINT (1.2578182861084293 7.516809738107976),
_mview_route_ralentisseurs.fid-7b1c8a4a_1943c5e84ca_79cb,Plateaux,Ogou,Ogou 2,Akparé,POINT (1.248482365536172 7.475415322619931),
_mview_route_ralentisseurs.fid-7b1c8a4a_1943c5e84ca_79cc,Savanes,Tandjoaré,Tandjoaré 1,Tamongue,POINT (0.136789490347415 10.559336515341359),
_mview_route_ralentisseurs.fid-7b1c8a4a_1943c5e84ca_79cd,Plateaux,Ogou,Ogou 3,Gléi,POINT (1.2407277241386367 7.347817126440917),
_mview_route_ralentisseurs.fid-7b1c8a4a_1943c5e84ca_79ce,Plateaux,Ogou,Ogou 3,Gléi,POINT (1.2407120511177518 7.347652067079962),
_mview_route_ralentisseurs.fid-7b1c8a4a_1943c5e84ca_79cf,Plateaux,Ogou,Ogou 3,Gléi,POINT (1.2403228004752331 7.345155930735372),
_mview_route_ralentisseurs.fid-7b1c8a4a_1943c5e84ca_79d0,Plateaux,Ogou,Ogou 3,Gléi,POINT (1.2167173140261862 7.32036410060263),
_mview_route_ralentisseurs.fid-7b1c8a4a_1943c5e84ca_79d1,Plateaux,Ogou,Ogou 3,Gléi,POINT (1.2165561197631924 7.320174980807068),
_mview_route_ralentisseurs.fid-7b1c8a4a_1943c5e84ca_79d2,Plateaux,Ogou,Ogou 4,Ountivou,POINT (1.4341597295617443 7.41601621259946),TGRPRRRN8 AKPARE-NANGBETO
_mview_route_ralentisseurs.fid-7b1c8a4a_1943c5e84ca_79d3,Plateaux,Ogou,Ogou 4,Ountivou,POINT (1.4455770711547242 7.409608435788502),
_mview_route_ralentisseurs.fid-7b1c8a4a_1943c5e84ca_79d4,Plateaux,Ogou,Ogou 3,Gléi,POINT (1.086332101668249 7.319004068972634),
_mview_route_ralentisseurs.fid-7b1c8a4a_1943c5e84ca_79d5,Plateaux,Ogou,Ogou 3,Gléi,POINT (1.08529129748955 7.319601054558558),
_mview_route_ralentisseurs.fid-7b1c8a4a_1943c5e84ca_79d6,Plateaux,Ogou,Ogou 4,Ountivou,POINT (1.4859463218319762 7.429924686570838),TGRPRTRN8 NANVBETO-OUNTIVOU-RN6 TOHOUN
_mview_route_ralentisseurs.fid-7b1c8a4a_1943c5e84ca_79d7,Plateaux,Ogou,Ogou 4,Ountivou,POINT (1.4862073238370932 7.429772011234918),TGRPRTRN8 NANVBETO-OUNTIVOU-RN6 TOHOUN
_mview_route_ralentisseurs.fid-7b1c8a4a_1943c5e84ca_79d8,Plateaux,Ogou,Ogou 4,Ountivou,POINT (1.4867374490409202 7.429345571394984),TGRPRTRN8 NANVBETO-OUNTIVOU-RN6 TOHOUN
_mview_route_ralentisseurs.fid-7b1c8a4a_1943c5e84ca_79d9,Plateaux,Ogou,Ogou 4,Ountivou,POINT (1.4920642056102236 7.423755980386064),TGRPRTRN8 NANVBETO-OUNTIVOU-RN6 TOHOUN
_mview_route_ralentisseurs.fid-7b1c8a4a_1943c5e84ca_79da,Plateaux,Ogou,Ogou 4,Ountivou,POINT (1.4921837515890501 7.423606224643952),TGRPRTRN8 NANVBETO-OUNTIVOU-RN6 TOHOUN
_mview_route_ralentisseurs.fid-7b1c8a4a_1943c5e84ca_79db,Plateaux,Ogou,Ogou 4,Ountivou,POINT (1.4956749692427291 7.419628312685011),TGRPRTRN8 NANVBETO-OUNTIVOU-RN6 TOHOUN
_mview_route_ralentisseurs.fid-7b1c8a4a_1943c5e84ca_79dc,Plateaux,Ogou,Ogou 4,Ountivou,POINT (1.5351941525789619 7.36981283277682),TGRPRTRN8 NANVBETO-OUNTIVOU-RN6 TOHOUN
_mview_route_ralentisseurs.fid-7b1c8a4a_1943c5e84ca_79dd,Plateaux,Ogou,Ogou 4,Ountivou,POINT (1.5356006506364637 7.369657423743794),TGRPRTRN8 NANVBETO-OUNTIVOU-RN6 TOHOUN
_mview_route_ralentisseurs.fid-7b1c8a4a_1943c5e84ca_79de,Plateaux,Ogou,Ogou 4,Ountivou,POINT (1.568581188712646 7.361478439327024),
_mview_route_ralentisseurs.fid-7b1c8a4a_1943c5e84ca_79df,Plateaux,Ogou,Ogou 4,Ountivou,POINT (1.5684563751264382 7.362368725942012),
_mview_route_ralentisseurs.fid-7b1c8a4a_1943c5e84ca_79e0,Plateaux,Ogou,Ogou 4,Ountivou,POINT (1.5722557690757744 7.380168510283806),
_mview_route_ralentisseurs.fid-7b1c8a4a_1943c5e84ca_79e1,Plateaux,Ogou,Ogou 4,Ountivou,POINT (1.5796450739830552 7.424820698524689),
_mview_route_ralentisseurs.fid-7b1c8a4a_1943c5e84ca_79e2,Plateaux,Ogou,Ogou 4,Ountivou,POINT (1.5919990391984926 7.4541859248439835),
_mview_route_ralentisseurs.fid-7b1c8a4a_1943c5e84ca_79e3,Plateaux,Ogou,Ogou 4,Ountivou,POINT (1.5917795680241462 7.4545922588272),
_mview_route_ralentisseurs.fid-7b1c8a4a_1943c5e84ca_79e4,Plateaux,Ogou,Ogou 4,Ountivou,POINT (1.5915443273854386 7.458250499386037),
_mview_route_ralentisseurs.fid-7b1c8a4a_1943c5e84ca_79e5,Plateaux,Ogou,Ogou 4,Ountivou,POINT (1.6018536929882432 7.454478268178002),
_mview_route_ralentisseurs.fid-7b1c8a4a_1943c5e84ca_79e6,Plateaux,Ogou,Ogou 3,Gléi,POINT (1.1342905827811784 7.259467062213607),
_mview_route_ralentisseurs.fid-7b1c8a4a_1943c5e84ca_79e7,Plateaux,Ogou,Ogou 3,Gléi,POINT (1.13409336615994 7.259145738520715),
_mview_route_ralentisseurs.fid-7b1c8a4a_1943c5e84ca_79e8,Plateaux,Ogou,Ogou 3,Gléi,POINT (1.1291920183124038 7.251355091575145),
_mview_route_ralentisseurs.fid-7b1c8a4a_1943c5e84ca_79e9,Plateaux,Ogou,Ogou 3,Gléi,POINT (1.1273782893116975 7.24947942029148),
_mview_route_ralentisseurs.fid-7b1c8a4a_1943c5e84ca_79ea,Plateaux,Ogou,Ogou 3,Gléi,POINT (1.137877203034921 7.340121186605838),
_mview_route_ralentisseurs.fid-7b1c8a4a_1943c5e84ca_79eb,Plateaux,Ogou,Ogou 4,Ountivou,POINT (1.575329089142291 7.383453447404264),
_mview_route_ralentisseurs.fid-7b1c8a4a_1943c5e84ca_79ec,Plateaux,Ogou,Ogou 4,Ountivou,POINT (1.5760326480605262 7.383550100846114),
_mview_route_ralentisseurs.fid-7b1c8a4a_1943c5e84ca_79ed,Plateaux,Ogou,Ogou 4,Ountivou,POINT (1.5779891491363232 7.383833964310762),
_mview_route_ralentisseurs.fid-7b1c8a4a_1943c5e84ca_79ee,Plateaux,Ogou,Ogou 4,Ountivou,POINT (1.5781054228700582 7.385047814147562),
_mview_route_ralentisseurs.fid-7b1c8a4a_1943c5e84ca_79ef,Plateaux,Ogou,Ogou 1,Djama,POINT (1.1218805733389414 7.54398354979851),
_mview_route_ralentisseurs.fid-7b1c8a4a_1943c5e84ca_79f0,Plateaux,Ogou,Ogou 1,Djama,POINT (1.1218510615053294 7.543837125715106),
_mview_route_ralentisseurs.fid-7b1c8a4a_1943c5e84ca_79f1,Plateaux,Ogou,Ogou 1,Djama,POINT (1.157448968337349 7.516926700967482),
_mview_route_ralentisseurs.fid-7b1c8a4a_1943c5e84ca_79f2,Plateaux,Ogou,Ogou 1,Djama,POINT (1.1513789523335463 7.528199517984386),
_mview_route_ralentisseurs.fid-7b1c8a4a_1943c5e84ca_79f3,Plateaux,Ogou,Ogou 1,Djama,POINT (1.1514437803543895 7.528416307035426),
_mview_route_ralentisseurs.fid-7b1c8a4a_1943c5e84ca_79f4,Plateaux,Ogou,Ogou 1,Djama,POINT (1.1515319096334766 7.528728543940505),
_mview_route_ralentisseurs.fid-7b1c8a4a_1943c5e84ca_79f5,Plateaux,Ogou,Ogou 1,Djama,POINT (1.1640279515909777 7.5251811304349365),
_mview_route_ralentisseurs.fid-7b1c8a4a_1943c5e84ca_79f6,Plateaux,Ogou,Ogou 1,Djama,POINT (1.165547701904828 7.524660679628426),
_mview_route_ralentisseurs.fid-7b1c8a4a_1943c5e84ca_79f7,Plateaux,Ogou,Ogou 1,Djama,POINT (1.1634504989262218 7.5293163483716885),
_mview_route_ralentisseurs.fid-7b1c8a4a_1943c5e84ca_79f8,Plateaux,Ogou,Ogou 1,Djama,POINT (1.1634518540034904 7.529543391425328),
_mview_route_ralentisseurs.fid-7b1c8a4a_1943c5e84ca_79f9,Plateaux,Ogou,Ogou 1,Djama,POINT (1.1663663690866237 7.53004291125815),
_mview_route_ralentisseurs.fid-7b1c8a4a_1943c5e84ca_79fa,Plateaux,Ogou,Ogou 1,Djama,POINT (1.1601973728475121 7.509789497336849),KOROUMA
_mview_route_ralentisseurs.fid-7b1c8a4a_1943c5e84ca_79fb,Plateaux,Ogou,Ogou 1,Djama,POINT (1.161099436266319 7.509423840146775),KOROUMA
_mview_route_ralentisseurs.fid-7b1c8a4a_1943c5e84ca_79fc,Plateaux,Ogou,Ogou 1,Djama,POINT (1.1611794865945135 7.5093959155826076),KOROUMA
_mview_route_ralentisseurs.fid-7b1c8a4a_1943c5e84ca_79fd,Plateaux,Ogou,Ogou 1,Djama,POINT (1.163198349414737 7.5091031492251545),KOROUMA
_mview_route_ralentisseurs.fid-7b1c8a4a_1943c5e84ca_79fe,Plateaux,Ogou,Ogou 2,Datcha,POINT (1.1642740542896608 7.433929859273896),
_mview_route_ralentisseurs.fid-7b1c8a4a_1943c5e84ca_79ff,Savanes,Oti,Oti 1,Mango,POINT (0.3969127961908387 10.324656561260879),
_mview_route_ralentisseurs.fid-7b1c8a4a_1943c5e84ca_7a00,Savanes,Oti,Oti 1,Mango,POINT (0.3969936129625566 10.32437883947427),
_mview_route_ralentisseurs.fid-7b1c8a4a_1943c5e84ca_7a01,Savanes,Oti,Oti 1,Mango,POINT (0.4583955020034793 10.338316154148531),TGRSRTRN23 RN1 MANGO-KOKOUMBO-FRE GHANA
_mview_route_ralentisseurs.fid-7b1c8a4a_1943c5e84ca_7a02,Savanes,Oti,Oti 1,Mango,POINT (0.4592450089639371 10.33846219425243),TGRSRTRN23 RN1 MANGO-KOKOUMBO-FRE GHANA
_mview_route_ralentisseurs.fid-7b1c8a4a_1943c5e84ca_7a03,Savanes,Oti,Oti 2,Nagbéni,POINT (0.5231868324992216 10.608983028332272),TGRSRTRN41 RN1 MANGO-BORGOU
_mview_route_ralentisseurs.fid-7b1c8a4a_1943c5e84ca_7a04,Savanes,Oti,Oti 2,Nagbéni,POINT (0.5232043187951252 10.609367467495114),TGRSRTRN41 RN1 MANGO-BORGOU
_mview_route_ralentisseurs.fid-7b1c8a4a_1943c5e84ca_7a05,Savanes,Oti,Oti 2,Nagbéni,POINT (0.5232462402348961 10.610289123403533),TGRSRTRN41 RN1 MANGO-BORGOU
_mview_route_ralentisseurs.fid-7b1c8a4a_1943c5e84ca_7a06,Savanes,Oti,Oti 2,Nagbéni,POINT (0.5232967995065785 10.61140069598009),TGRSRTRN41 RN1 MANGO-BORGOU
_mview_route_ralentisseurs.fid-7b1c8a4a_1943c5e84ca_7a07,Savanes,Oti,Oti 2,Barkoissi,POINT (0.3056281342236329 10.565239220605907),
_mview_route_ralentisseurs.fid-7b1c8a4a_1943c5e84ca_7a08,Savanes,Oti-Sud,Oti-Sud 1,Gando,POINT (0.8047610677794018 10.189311849094318),
_mview_route_ralentisseurs.fid-7b1c8a4a_1943c5e84ca_7a09,Savanes,Oti-Sud,Oti-Sud 1,Gando,POINT (0.7542023256242939 10.322574081420555),
_mview_route_ralentisseurs.fid-7b1c8a4a_1943c5e84ca_7a0a,Savanes,Oti-Sud,Oti-Sud 1,Gando,POINT (0.7538644544579253 10.32287692656777),
_mview_route_ralentisseurs.fid-7b1c8a4a_1943c5e84ca_7a0b,Savanes,Oti-Sud,Oti-Sud 1,Gando,POINT (0.7528954187399017 10.323717788397861),
_mview_route_ralentisseurs.fid-7b1c8a4a_1943c5e84ca_7a0c,Savanes,Oti-Sud,Oti-Sud 1,Gando,POINT (0.7523452280301365 10.324211813936362),
_mview_route_ralentisseurs.fid-7b1c8a4a_1943c5e84ca_7a0d,Savanes,Oti-Sud,Oti-Sud 1,Tchamonga,POINT (0.7972080710128369 10.555134562790602),
_mview_route_ralentisseurs.fid-7b1c8a4a_1943c5e84ca_7a0e,Savanes,Oti-Sud,Oti-Sud 1,Tchamonga,POINT (0.7282425363256548 10.568713864672219),
_mview_route_ralentisseurs.fid-7b1c8a4a_1943c5e84ca_7a0f,Savanes,Oti-Sud,Oti-Sud 1,Mogou,POINT (0.6327887295343133 10.388820902924495),
_mview_route_ralentisseurs.fid-7b1c8a4a_1943c5e84ca_7a10,Savanes,Oti-Sud,Oti-Sud 1,Gando,POINT (0.7689701383504745 10.229813188583744),
_mview_route_ralentisseurs.fid-7b1c8a4a_1943c5e84ca_7a11,Savanes,Oti-Sud,Oti-Sud 1,Gando,POINT (0.7869553927631336 10.207010740921143),
_mview_route_ralentisseurs.fid-7b1c8a4a_1943c5e84ca_7a12,Savanes,Oti-Sud,Oti-Sud 1,Gando,POINT (0.78690346414823 10.20728828146867),
_mview_route_ralentisseurs.fid-7b1c8a4a_1943c5e84ca_7a13,Savanes,Oti-Sud,Oti-Sud 1,Gando,POINT (0.7870364371260795 10.207880178047045),
_mview_route_ralentisseurs.fid-7b1c8a4a_1943c5e84ca_7a14,Savanes,Oti-Sud,Oti-Sud 1,Gando,POINT (0.7872414785997555 10.208347889711566),
_mview_route_ralentisseurs.fid-7b1c8a4a_1943c5e84ca_7a15,Savanes,Oti-Sud,Oti-Sud 1,Gando,POINT (0.8199834590563541 10.255258323105819),
_mview_route_ralentisseurs.fid-7b1c8a4a_1943c5e84ca_7a16,Savanes,Oti-Sud,Oti-Sud 1,Gando,POINT (0.8197586272017462 10.25557139648778),
_mview_route_ralentisseurs.fid-7b1c8a4a_1943c5e84ca_7a17,Savanes,Oti-Sud,Oti-Sud 1,Gando,POINT (0.8189457728200595 10.25583961098333),
_mview_route_ralentisseurs.fid-7b1c8a4a_1943c5e84ca_7a18,Savanes,Oti-Sud,Oti-Sud 2,Kountoire,POINT (0.6241907364959715 10.104802116232616),
_mview_route_ralentisseurs.fid-7b1c8a4a_1943c5e84ca_7a19,Savanes,Oti-Sud,Oti-Sud 2,Kountoire,POINT (0.6235853589401971 10.105605902625713),
_mview_route_ralentisseurs.fid-7b1c8a4a_1943c5e84ca_7a1a,Savanes,Oti-Sud,Oti-Sud 2,Kountoire,POINT (0.6228017735285861 10.106516927078705),
_mview_route_ralentisseurs.fid-7b1c8a4a_1943c5e84ca_7a1b,Savanes,Oti-Sud,Oti-Sud 2,Kountoire,POINT (0.6146387909648633 10.1149302654633),
_mview_route_ralentisseurs.fid-7b1c8a4a_1943c5e84ca_7a1c,Savanes,Oti-Sud,Oti-Sud 2,Takpamba,POINT (0.6610389237067901 9.986848809971843),
_mview_route_ralentisseurs.fid-7b1c8a4a_1943c5e84ca_7a1d,Savanes,Oti-Sud,Oti-Sud 2,Takpamba,POINT (0.6609348272790619 9.98735675023487),
_mview_route_ralentisseurs.fid-7b1c8a4a_1943c5e84ca_7a1e,Savanes,Oti-Sud,Oti-Sud 2,Takpamba,POINT (0.6607660365188243 9.988264930013369),
_mview_route_ralentisseurs.fid-7b1c8a4a_1943c5e84ca_7a1f,Centrale,Sotouboua,Sotouboua 2,Séssaro,POINT (1.222942945184983 8.60466786267177),
_mview_route_ralentisseurs.fid-7b1c8a4a_1943c5e84ca_7a20,Centrale,Sotouboua,Sotouboua 2,Aouda,POINT (0.9462020996642341 8.81227714966836),
_mview_route_ralentisseurs.fid-7b1c8a4a_1943c5e84ca_7a21,Centrale,Sotouboua,Sotouboua 2,Tittigbe,POINT (1.0829227142125137 8.657703089109415),AKONTA-TEMBIO
_mview_route_ralentisseurs.fid-7b1c8a4a_1943c5e84ca_7a22,Centrale,Sotouboua,Sotouboua 2,Tittigbe,POINT (1.0895632018728973 8.656764509238826),AKONTA-TEMBIO
_mview_route_ralentisseurs.fid-7b1c8a4a_1943c5e84ca_7a23,Centrale,Sotouboua,Sotouboua 2,Tittigbe,POINT (1.0911333285333447 8.656888421532209),AKONTA-TEMBIO
_mview_route_ralentisseurs.fid-7b1c8a4a_1943c5e84ca_7a24,Centrale,Sotouboua,Sotouboua 2,Tittigbe,POINT (1.0916020757389588 8.65693854979301),AKONTA-TEMBIO
_mview_route_ralentisseurs.fid-7b1c8a4a_1943c5e84ca_7a25,Centrale,Sotouboua,Sotouboua 2,Tittigbe,POINT (1.0969010415188172 8.65882573922224),AKONTA-TEMBIO
_mview_route_ralentisseurs.fid-7b1c8a4a_1943c5e84ca_7a26,Centrale,Sotouboua,Sotouboua 3,Tchébébé,POINT (0.994939593422487 8.431332630545704),
_mview_route_ralentisseurs.fid-7b1c8a4a_1943c5e84ca_7a27,Centrale,Sotouboua,Sotouboua 1,Sotouboua,POINT (0.9838086256252951 8.562397565291317),
_mview_route_ralentisseurs.fid-7b1c8a4a_1943c5e84ca_7a28,Centrale,Sotouboua,Sotouboua 1,Sotouboua,POINT (0.9819298169937892 8.562886134447531),
_mview_route_ralentisseurs.fid-7b1c8a4a_1943c5e84ca_7a29,Centrale,Sotouboua,Sotouboua 1,Sotouboua,POINT (0.9829845627826486 8.56260877491799),
_mview_route_ralentisseurs.fid-7b1c8a4a_1943c5e84ca_7a2a,Centrale,Sotouboua,Sotouboua 1,Sotouboua,POINT (0.9801414930699915 8.563400111267924),
_mview_route_ralentisseurs.fid-7b1c8a4a_1943c5e84ca_7a2b,Centrale,Sotouboua,Sotouboua 1,Sotouboua,POINT (0.9808458699855745 8.563210346331507),
_mview_route_ralentisseurs.fid-7b1c8a4a_1943c5e84ca_7a2c,Centrale,Sotouboua,Sotouboua 1,Sotouboua,POINT (0.981627709710528 8.559042910204898),TGRCRTRN12 SOTOUBOUA-GOUBI-KABOLI
_mview_route_ralentisseurs.fid-7b1c8a4a_1943c5e84ca_7a2d,Centrale,Sotouboua,Sotouboua 1,Sotouboua,POINT (0.9809208740138612 8.559239758540057),TGRCRTRN12 SOTOUBOUA-GOUBI-KABOLI
_mview_route_ralentisseurs.fid-7b1c8a4a_1943c5e84ca_7a2e,Centrale,Sotouboua,Sotouboua 1,Sotouboua,POINT (0.9824476863850029 8.558787766308646),TGRCRTRN12 SOTOUBOUA-GOUBI-KABOLI
_mview_route_ralentisseurs.fid-7b1c8a4a_1943c5e84ca_7a2f,Centrale,Sotouboua,Sotouboua 1,Sotouboua,POINT (0.9761125814192537 8.561056752692235),
_mview_route_ralentisseurs.fid-7b1c8a4a_1943c5e84ca_7a30,Centrale,Sotouboua,Sotouboua 1,Sotouboua,POINT (0.97735311031623 8.560651585376064),
_mview_route_ralentisseurs.fid-7b1c8a4a_1943c5e84ca_7a31,Centrale,Sotouboua,Sotouboua 1,Sotouboua,POINT (0.9788207822728107 8.56015891488791),
_mview_route_ralentisseurs.fid-7b1c8a4a_1943c5e84ca_7a32,Centrale,Sotouboua,Sotouboua 1,Sotouboua,POINT (1.0262762424010512 8.570645175343389),
_mview_route_ralentisseurs.fid-7b1c8a4a_1943c5e84ca_7a33,Centrale,Sotouboua,Sotouboua 1,Sotouboua,POINT (0.9672036496007437 8.561649339058857),
_mview_route_ralentisseurs.fid-7b1c8a4a_1943c5e84ca_7a34,Centrale,Sotouboua,Sotouboua 1,Sotouboua,POINT (0.9681238891120835 8.561450227259837),
_mview_route_ralentisseurs.fid-7b1c8a4a_1943c5e84ca_7a35,Centrale,Sotouboua,Sotouboua 1,Sotouboua,POINT (0.9697709840422494 8.561191901307273),
_mview_route_ralentisseurs.fid-7b1c8a4a_1943c5e84ca_7a36,Centrale,Sotouboua,Sotouboua 1,Sotouboua,POINT (0.9577375586667012 8.567358163169787),
_mview_route_ralentisseurs.fid-7b1c8a4a_1943c5e84ca_7a37,Centrale,Sotouboua,Sotouboua 1,Sotouboua,POINT (0.985148742818659 8.545228171750043),
_mview_route_ralentisseurs.fid-7b1c8a4a_1943c5e84ca_7a38,Centrale,Sotouboua,Sotouboua 1,Sotouboua,POINT (0.9950067844199848 8.542542209754135),
_mview_route_ralentisseurs.fid-7b1c8a4a_1943c5e84ca_7a39,Centrale,Sotouboua,Sotouboua 1,Sotouboua,POINT (0.996947594273899 8.542653821490259),
_mview_route_ralentisseurs.fid-7b1c8a4a_1943c5e84ca_7a3a,Centrale,Sotouboua,Sotouboua 1,Sotouboua,POINT (1.0040123451581684 8.528814016093174),
_mview_route_ralentisseurs.fid-7b1c8a4a_1943c5e84ca_7a3b,Centrale,Sotouboua,Sotouboua 1,Sotouboua,POINT (1.0043937897589723 8.52837378564229),
_mview_route_ralentisseurs.fid-7b1c8a4a_1943c5e84ca_7a3c,Centrale,Sotouboua,Sotouboua 1,Sotouboua,POINT (0.9912120717406255 8.533613073620383),
_mview_route_ralentisseurs.fid-7b1c8a4a_1943c5e84ca_7a3d,Savanes,Tandjoaré,Tandjoaré 2,Nano,POINT (0.1345953449725442 10.687235541256397),
_mview_route_ralentisseurs.fid-7b1c8a4a_1943c5e84ca_7a3e,Savanes,Tandjoaré,Tandjoaré 1,Goundoga,POINT (0.1553665066949133 10.673183063751685),
_mview_route_ralentisseurs.fid-7b1c8a4a_1943c5e84ca_7a3f,Savanes,Tandjoaré,Tandjoaré 2,Sissiak,POINT (0.1162179178779356 10.723410060831252),
_mview_route_ralentisseurs.fid-7b1c8a4a_1943c5e84ca_7a40,Savanes,Tandjoaré,Tandjoaré 2,Sissiak,POINT (0.1158804903483253 10.723396812381466),
_mview_route_ralentisseurs.fid-7b1c8a4a_1943c5e84ca_7a41,Savanes,Tandjoaré,Tandjoaré 1,Bombouaka,POINT (0.1767696566286524 10.728462885738523),
_mview_route_ralentisseurs.fid-7b1c8a4a_1943c5e84ca_7a42,Savanes,Tandjoaré,Tandjoaré 1,Bombouaka,POINT (0.1800408111667929 10.72987271590896),RN1-NANO-DJAKPAK-LIEK-TAMBIMONGUE
_mview_route_ralentisseurs.fid-7b1c8a4a_1943c5e84ca_7a43,Savanes,Tandjoaré,Tandjoaré 1,Bombouaka,POINT (0.1864293059535252 10.735062855550204),RN1-NANO-DJAKPAK-LIEK-TAMBIMONGUE
_mview_route_ralentisseurs.fid-7b1c8a4a_1943c5e84ca_7a44,Savanes,Tandjoaré,Tandjoaré 2,Nano,POINT (0.1129467588890192 10.702387917843994),
_mview_route_ralentisseurs.fid-7b1c8a4a_1943c5e84ca_7a45,Savanes,Tandjoaré,Tandjoaré 2,Nano,POINT (0.1127400842402513 10.702242929272321),
_mview_route_ralentisseurs.fid-7b1c8a4a_1943c5e84ca_7a46,Savanes,Tandjoaré,Tandjoaré 1,Bogou,POINT (0.1766428479295106 10.659637830902325),BOGOU-YEMBOUR-NAYERGOU
_mview_route_ralentisseurs.fid-7b1c8a4a_1943c5e84ca_7a47,Savanes,Tandjoaré,Tandjoaré 1,Bogou,POINT (0.1777223521534312 10.651018931821932),BOGOU-YEMBOUR-NAYERGOU
_mview_route_ralentisseurs.fid-7b1c8a4a_1943c5e84ca_7a48,Savanes,Tandjoaré,Tandjoaré 1,Bogou,POINT (0.1776396310876691 10.629413468210057),BOGOU-YEMBOUR-NAYERGOU
_mview_route_ralentisseurs.fid-7b1c8a4a_1943c5e84ca_7a49,Savanes,Tandjoaré,Tandjoaré 1,Bogou,POINT (0.1784812884189919 10.631155322143298),BOGOU-YEMBOUR-NAYERGOU
_mview_route_ralentisseurs.fid-7b1c8a4a_1943c5e84ca_7a4a,Savanes,Tandjoaré,Tandjoaré 1,Bogou,POINT (0.1708026721052631 10.637860006017597),
_mview_route_ralentisseurs.fid-7b1c8a4a_1943c5e84ca_7a4b,Savanes,Tandjoaré,Tandjoaré 1,Bogou,POINT (0.1711370385292948 10.639106304144478),
_mview_route_ralentisseurs.fid-7b1c8a4a_1943c5e84ca_7a4c,Savanes,Tandjoaré,Tandjoaré 1,Tamongue,POINT (0.1476949042158494 10.52328262365103),
_mview_route_ralentisseurs.fid-7b1c8a4a_1943c5e84ca_7a4d,Savanes,Tandjoaré,Tandjoaré 1,Tamongue,POINT (0.1471478299841342 10.523762816555157),
_mview_route_ralentisseurs.fid-7b1c8a4a_1943c5e84ca_7a4e,Savanes,Tandjoaré,Tandjoaré 1,Tamongue,POINT (0.1466192031656944 10.524256193021882),
_mview_route_ralentisseurs.fid-7b1c8a4a_1943c5e84ca_7a4f,Savanes,Tandjoaré,Tandjoaré 1,Tamongue,POINT (0.2219825167674443 10.538458454238432),
_mview_route_ralentisseurs.fid-7b1c8a4a_1943c5e84ca_7a50,Savanes,Tandjoaré,Tandjoaré 1,Tamongue,POINT (0.1402857896986467 10.544961594145134),
_mview_route_ralentisseurs.fid-7b1c8a4a_1943c5e84ca_7a51,Savanes,Tandjoaré,Tandjoaré 1,Tamongue,POINT (0.1401496416398794 10.545374776603882),
_mview_route_ralentisseurs.fid-7b1c8a4a_1943c5e84ca_7a52,Savanes,Tandjoaré,Tandjoaré 1,Tamongue,POINT (0.1371242509384125 10.536186157673097),
_mview_route_ralentisseurs.fid-7b1c8a4a_1943c5e84ca_7a53,Savanes,Tandjoaré,Tandjoaré 1,Tamongue,POINT (0.1354442752992162 10.535346871047754),
_mview_route_ralentisseurs.fid-7b1c8a4a_1943c5e84ca_7a54,Savanes,Tandjoaré,Tandjoaré 1,Tamongue,POINT (0.13425030869418 10.534668616660637),
_mview_route_ralentisseurs.fid-7b1c8a4a_1943c5e84ca_7a55,Savanes,Tandjoaré,Tandjoaré 1,Tamongue,POINT (0.1321999446639756 10.533720596574215),
_mview_route_ralentisseurs.fid-7b1c8a4a_1943c5e84ca_7a56,Savanes,Tandjoaré,Tandjoaré 1,Tamongue,POINT (0.1401359912758823 10.538167810487632),
_mview_route_ralentisseurs.fid-7b1c8a4a_1943c5e84ca_7a57,Savanes,Tandjoaré,Tandjoaré 1,Tamongue,POINT (0.1377436672965239 10.55307676821818),
_mview_route_ralentisseurs.fid-7b1c8a4a_1943c5e84ca_7a58,Savanes,Tandjoaré,Tandjoaré 1,Tamongue,POINT (0.137011871453004 10.55766151556602),
_mview_route_ralentisseurs.fid-7b1c8a4a_1943c5e84ca_7a59,Savanes,Tandjoaré,Tandjoaré 1,Boulogou,POINT (0.2953279608774209 10.611821846879602),
_mview_route_ralentisseurs.fid-7b1c8a4a_1943c5e84ca_7a5a,Savanes,Tandjoaré,Tandjoaré 1,Boulogou,POINT (0.2950947735095399 10.611724838750547),
_mview_route_ralentisseurs.fid-7b1c8a4a_1943c5e84ca_7a5b,Savanes,Tandjoaré,Tandjoaré 1,Boulogou,POINT (0.2929430033976407 10.61085795099524),
_mview_route_ralentisseurs.fid-7b1c8a4a_1943c5e84ca_7a5c,Savanes,Tandjoaré,Tandjoaré 1,Boulogou,POINT (0.2870365793453017 10.60345792758134),
_mview_route_ralentisseurs.fid-7b1c8a4a_1943c5e84ca_7a5d,Savanes,Tandjoaré,Tandjoaré 1,Boulogou,POINT (0.2869363467124602 10.60334316012199),
_mview_route_ralentisseurs.fid-7b1c8a4a_1943c5e84ca_7a5e,Savanes,Tandjoaré,Tandjoaré 1,Boulogou,POINT (0.2867441827695165 10.603123130037842),
_mview_route_ralentisseurs.fid-7b1c8a4a_1943c5e84ca_7a5f,Savanes,Tandjoaré,Tandjoaré 1,Pligou,POINT (0.3248470886585313 10.63677498864239),
_mview_route_ralentisseurs.fid-7b1c8a4a_1943c5e84ca_7a60,Savanes,Tandjoaré,Tandjoaré 1,Pligou,POINT (0.3231318832139112 10.63482473790113),
_mview_route_ralentisseurs.fid-7b1c8a4a_1943c5e84ca_7a61,Centrale,Tchamba,Tchamba 1,Kri-Kri,POINT (1.416578356744368 9.208486575515856),
_mview_route_ralentisseurs.fid-7b1c8a4a_1943c5e84ca_7a62,Centrale,Tchamba,Tchamba 1,Kri-Kri,POINT (1.4160065174742447 9.208210034098753),
_mview_route_ralentisseurs.fid-7b1c8a4a_1943c5e84ca_7a63,Centrale,Tchamba,Tchamba 1,Kri-Kri,POINT (1.4145499163598116 9.20631635784029),
_mview_route_ralentisseurs.fid-7b1c8a4a_1943c5e84ca_7a64,Centrale,Tchamba,Tchamba 1,Kri-Kri,POINT (1.414226600209105 9.180776630057666),AFEM KABYÈ-KRIKRI
_mview_route_ralentisseurs.fid-7b1c8a4a_1943c5e84ca_7a65,Centrale,Tchamba,Tchamba 1,Affem,POINT (1.5075309430279462 9.141190497350001),
_mview_route_ralentisseurs.fid-7b1c8a4a_1943c5e84ca_7a66,Centrale,Tchamba,Tchamba 1,Affem,POINT (1.5103133029580857 9.139909098516892),
_mview_route_ralentisseurs.fid-7b1c8a4a_1943c5e84ca_7a67,Centrale,Tchamba,Tchamba 1,Affem,POINT (1.510917449493865 9.140398808586665),
_mview_route_ralentisseurs.fid-7b1c8a4a_1943c5e84ca_7a68,Centrale,Tchamba,Tchamba 1,Larini,POINT (1.4180842502426731 9.041159446259064),LARENI-AKPOA
_mview_route_ralentisseurs.fid-7b1c8a4a_1943c5e84ca_7a69,Centrale,Tchamba,Tchamba 1,Larini,POINT (1.4195404714604243 9.040763475606603),LARENI-AKPOA
_mview_route_ralentisseurs.fid-7b1c8a4a_1943c5e84ca_7a6a,Centrale,Tchamba,Tchamba 1,Larini,POINT (1.4324004942957096 9.047428234364297),
_mview_route_ralentisseurs.fid-7b1c8a4a_1943c5e84ca_7a6b,Centrale,Tchamba,Tchamba 1,Larini,POINT (1.430702701246818 9.046063436946591),
_mview_route_ralentisseurs.fid-7b1c8a4a_1943c5e84ca_7a6c,Centrale,Tchamba,Tchamba 1,Larini,POINT (1.4298275925279647 9.04471675132181),
_mview_route_ralentisseurs.fid-7b1c8a4a_1943c5e84ca_7a6d,Centrale,Tchamba,Tchamba 1,Affem,POINT (1.5288414310917051 9.157022142392128),AFEM KABYÈ-KIDJANDA-BOUSSOULOU
_mview_route_ralentisseurs.fid-7b1c8a4a_1943c5e84ca_7a6e,Centrale,Tchamba,Tchamba 1,Affem,POINT (1.5274961564769225 9.156839392013358),AFEM KABYÈ-KIDJANDA-BOUSSOULOU
_mview_route_ralentisseurs.fid-7b1c8a4a_1943c5e84ca_7a6f,Centrale,Tchamba,Tchamba 1,Affem,POINT (1.5262621432008896 9.15603727920794),AFEM KABYÈ-KIDJANDA-BOUSSOULOU
_mview_route_ralentisseurs.fid-7b1c8a4a_1943c5e84ca_7a70,Centrale,Tchamba,Tchamba 1,Affem,POINT (1.5115697180912053 9.14124246722584),AFEM KABYÈ-KIDJANDA-BOUSSOULOU
_mview_route_ralentisseurs.fid-7b1c8a4a_1943c5e84ca_7a71,Centrale,Tchamba,Tchamba 1,Tchamba,POINT (1.4118683645631356 9.021735003383236),TGRCRRRN14 SOKODE-TCHAMBA-KABOLI-FRE BENIN
_mview_route_ralentisseurs.fid-7b1c8a4a_1943c5e84ca_7a72,Centrale,Tchamba,Tchamba 1,Tchamba,POINT (1.413452519639627 9.021971421526539),TGRCRRRN14 SOKODE-TCHAMBA-KABOLI-FRE BENIN
_mview_route_ralentisseurs.fid-7b1c8a4a_1943c5e84ca_7a73,Centrale,Tchamba,Tchamba 1,Affem,POINT (1.5354051021970225 9.123179217662788),
_mview_route_ralentisseurs.fid-7b1c8a4a_1943c5e84ca_7a74,Centrale,Tchamba,Tchamba 1,Affem,POINT (1.5359130881320733 9.123055946292359),
_mview_route_ralentisseurs.fid-7b1c8a4a_1943c5e84ca_7a75,Centrale,Tchamba,Tchamba 3,Balanka,POINT (1.6083391197966703 8.872052582414902),
_mview_route_ralentisseurs.fid-7b1c8a4a_1943c5e84ca_7a76,Centrale,Tchamba,Tchamba 3,Balanka,POINT (1.6092815425273208 8.871293549161045),
_mview_route_ralentisseurs.fid-7b1c8a4a_1943c5e84ca_7a77,Centrale,Tchamba,Tchamba 3,Balanka,POINT (1.6096457739154209 8.871013830164443),
_mview_route_ralentisseurs.fid-7b1c8a4a_1943c5e84ca_7a78,Centrale,Tchamba,Tchamba 3,Balanka,POINT (1.6100454346153987 8.870706991981837),
_mview_route_ralentisseurs.fid-7b1c8a4a_1943c5e84ca_7a79,Centrale,Tchamba,Tchamba 3,Balanka,POINT (1.6119283242974478 8.868798922504908),
_mview_route_ralentisseurs.fid-7b1c8a4a_1943c5e84ca_7a7a,Centrale,Tchamba,Tchamba 1,Tchamba,POINT (1.4299460145861016 9.024863695857634),
_mview_route_ralentisseurs.fid-7b1c8a4a_1943c5e84ca_7a7b,Centrale,Tchamba,Tchamba 1,Tchamba,POINT (1.4298105664344682 9.024594539989106),
_mview_route_ralentisseurs.fid-7b1c8a4a_1943c5e84ca_7a7c,Centrale,Tchamba,Tchamba 1,Tchamba,POINT (1.4135349888677364 9.02456500668557),
_mview_route_ralentisseurs.fid-7b1c8a4a_1943c5e84ca_7a7d,Centrale,Tchamba,Tchamba 3,Balanka,POINT (1.6120149946859283 8.865993513059877),
_mview_route_ralentisseurs.fid-7b1c8a4a_1943c5e84ca_7a7e,Centrale,Tchamba,Tchamba 2,Koussountou,POINT (1.4860096450635676 8.788277884272576),
_mview_route_ralentisseurs.fid-7b1c8a4a_1943c5e84ca_7a7f,Centrale,Tchamba,Tchamba 2,Koussountou,POINT (1.484717834070214 8.782378957773538),
_mview_route_ralentisseurs.fid-7b1c8a4a_1943c5e84ca_7a80,Centrale,Tchamba,Tchamba 2,Koussountou,POINT (1.481252638004724 8.768221790483315),
_mview_route_ralentisseurs.fid-7b1c8a4a_1943c5e84ca_7a81,Centrale,Tchamba,Tchamba 2,Koussountou,POINT (1.5158955771378912 8.833642345054535),
_mview_route_ralentisseurs.fid-7b1c8a4a_1943c5e84ca_7a82,Centrale,Tchamba,Tchamba 2,Koussountou,POINT (1.5138577125641466 8.832646846061749),
_mview_route_ralentisseurs.fid-7b1c8a4a_1943c5e84ca_7a83,Centrale,Tchamba,Tchamba 3,Balanka,POINT (1.6109570724003082 8.866341048257443),
_mview_route_ralentisseurs.fid-7b1c8a4a_1943c5e84ca_7a84,Centrale,Tchamba,Tchamba 3,Balanka,POINT (1.6139818596992594 8.868038618054062),KOLOUMI-BALANKA
_mview_route_ralentisseurs.fid-7b1c8a4a_1943c5e84ca_7a85,Centrale,Tchamba,Tchamba 3,Balanka,POINT (1.6151817593555329 8.86774368225288),KOLOUMI-BALANKA
_mview_route_ralentisseurs.fid-7b1c8a4a_1943c5e84ca_7a86,Centrale,Tchamba,Tchamba 3,Balanka,POINT (1.6156526342075153 8.867637177747477),KOLOUMI-BALANKA
_mview_route_ralentisseurs.fid-7b1c8a4a_1943c5e84ca_7a87,Savanes,Tône,Tône 1,Dapaong,POINT (0.2154805378326133 10.868960242152014),
_mview_route_ralentisseurs.fid-7b1c8a4a_1943c5e84ca_7a88,Centrale,Tchamba,Tchamba 2,Koussountou,POINT (1.5161534213868062 8.835034407757433),
_mview_route_ralentisseurs.fid-7b1c8a4a_1943c5e84ca_7a89,Centrale,Tchamba,Tchamba 3,Goubi,POINT (1.4722746518355956 8.715860025394251),
_mview_route_ralentisseurs.fid-7b1c8a4a_1943c5e84ca_7a8a,Centrale,Tchamba,Tchamba 3,Goubi,POINT (1.4717260942324029 8.714715417585861),
_mview_route_ralentisseurs.fid-7b1c8a4a_1943c5e84ca_7a8b,Centrale,Tchamba,Tchamba 3,Goubi,POINT (1.471499496463244 8.71178546696186),
_mview_route_ralentisseurs.fid-7b1c8a4a_1943c5e84ca_7a8c,Centrale,Tchamba,Tchamba 3,Goubi,POINT (1.4715390952796492 8.710850388955988),
_mview_route_ralentisseurs.fid-7b1c8a4a_1943c5e84ca_7a8d,Centrale,Tchamba,Tchamba 3,Goubi,POINT (1.4665452106005599 8.652799122206519),
_mview_route_ralentisseurs.fid-7b1c8a4a_1943c5e84ca_7a8e,Centrale,Tchamba,Tchamba 3,Goubi,POINT (1.466807318836713 8.652769065217297),
_mview_route_ralentisseurs.fid-7b1c8a4a_1943c5e84ca_7a8f,Centrale,Tchamba,Tchamba 3,Goubi,POINT (1.467130352659986 8.652723600257618),
_mview_route_ralentisseurs.fid-7b1c8a4a_1943c5e84ca_7a90,Centrale,Tchamba,Tchamba 3,Goubi,POINT (1.4672875955801084 8.652699364700933),
_mview_route_ralentisseurs.fid-7b1c8a4a_1943c5e84ca_7a91,Centrale,Tchamba,Tchamba 2,Bago,POINT (1.3656277142594315 8.41262903652669),
_mview_route_ralentisseurs.fid-7b1c8a4a_1943c5e84ca_7a92,Centrale,Tchamba,Tchamba 2,Bago,POINT (1.365464446503731 8.413885596636547),
_mview_route_ralentisseurs.fid-7b1c8a4a_1943c5e84ca_7a93,Centrale,Tchamba,Tchamba 2,Bago,POINT (1.3651573218029818 8.416061802924837),
_mview_route_ralentisseurs.fid-7b1c8a4a_1943c5e84ca_7a94,Centrale,Tchamba,Tchamba 2,Bago,POINT (1.5703656161808865 8.512813519287667),BAGO-ASSOULA
_mview_route_ralentisseurs.fid-7b1c8a4a_1943c5e84ca_7a95,Centrale,Tchamba,Tchamba 2,Bago,POINT (1.57036561618601 8.512813519288704),BAGO-ASSOULA
_mview_route_ralentisseurs.fid-7b1c8a4a_1943c5e84ca_7a96,Centrale,Tchamba,Tchamba 2,Bago,POINT (1.570365616173944 8.512813519286267),BAGO-ASSOULA
_mview_route_ralentisseurs.fid-7b1c8a4a_1943c5e84ca_7a97,Centrale,Tchamba,Tchamba 3,Kaboli,POINT (1.6181568163004052 8.696766273553276),TGRCRRRN14 SOKODE-TCHAMBA-KABOLI-FRE BENIN
_mview_route_ralentisseurs.fid-7b1c8a4a_1943c5e84ca_7a98,Centrale,Tchamba,Tchamba 3,Kaboli,POINT (1.6182625326893203 8.696462421233495),TGRCRRRN14 SOKODE-TCHAMBA-KABOLI-FRE BENIN
_mview_route_ralentisseurs.fid-7b1c8a4a_1943c5e84ca_7a99,Centrale,Tchaoudjo,Tchaoudjo 4,Kpassaouade,POINT (1.3562616891564774 9.025148278131077),
_mview_route_ralentisseurs.fid-7b1c8a4a_1943c5e84ca_7a9a,Centrale,Tchaoudjo,Tchaoudjo 1,Kparataou,POINT (1.3565472502280664 9.014116732075095),
_mview_route_ralentisseurs.fid-7b1c8a4a_1943c5e84ca_7a9b,Centrale,Tchaoudjo,Tchaoudjo 1,Kparataou,POINT (1.3565307989749769 9.01383537356186),
_mview_route_ralentisseurs.fid-7b1c8a4a_1943c5e84ca_7a9c,Centrale,Tchaoudjo,Tchaoudjo 1,Kparataou,POINT (1.356926021126137 9.011245021849067),
_mview_route_ralentisseurs.fid-7b1c8a4a_1943c5e84ca_7a9d,Centrale,Tchaoudjo,Tchaoudjo 1,Kparataou,POINT (1.3570530327831918 9.01103071287202),
_mview_route_ralentisseurs.fid-7b1c8a4a_1943c5e84ca_7a9e,Centrale,Tchaoudjo,Tchaoudjo 1,Kparataou,POINT (1.3571424734456519 9.010887517927726),
_mview_route_ralentisseurs.fid-7b1c8a4a_1943c5e84ca_7a9f,Centrale,Tchaoudjo,Tchaoudjo 4,Wassarabo,POINT (1.2812913893402216 9.018432763191962),
_mview_route_ralentisseurs.fid-7b1c8a4a_1943c5e84ca_7aa0,Centrale,Tchaoudjo,Tchaoudjo 3,Amaïde,POINT (1.1933389599853985 9.182211979435573),
_mview_route_ralentisseurs.fid-7b1c8a4a_1943c5e84ca_7aa1,Centrale,Tchaoudjo,Tchaoudjo 3,Amaïde,POINT (1.1924306139560015 9.182118085975326),
_mview_route_ralentisseurs.fid-7b1c8a4a_1943c5e84ca_7aa2,Centrale,Tchaoudjo,Tchaoudjo 3,Amaïde,POINT (1.1927292727241223 9.182034097094673),
_mview_route_ralentisseurs.fid-7b1c8a4a_1943c5e84ca_7aa3,Centrale,Tchaoudjo,Tchaoudjo 3,Kolina,POINT (1.1391353756609532 9.094043638457007),
_mview_route_ralentisseurs.fid-7b1c8a4a_1943c5e84ca_7aa4,Centrale,Tchaoudjo,Tchaoudjo 3,Kolina,POINT (1.1389359907909904 9.094183468626703),
_mview_route_ralentisseurs.fid-7b1c8a4a_1943c5e84ca_7aa5,Centrale,Tchaoudjo,Tchaoudjo 1,Kparataou,POINT (1.2794092004329798 8.914541957330801),ATCHIBODOM-SAZIRE
_mview_route_ralentisseurs.fid-7b1c8a4a_1943c5e84ca_7aa6,Centrale,Tchaoudjo,Tchaoudjo 1,Kparataou,POINT (1.2129436542512466 8.98579389544335),
_mview_route_ralentisseurs.fid-7b1c8a4a_1943c5e84ca_7aa7,Centrale,Tchaoudjo,Tchaoudjo 1,Kparataou,POINT (1.196769320860145 8.956935754408839),
_mview_route_ralentisseurs.fid-7b1c8a4a_1943c5e84ca_7aa8,Centrale,Tchaoudjo,Tchaoudjo 1,Kadambara,POINT (1.14527600613588 8.9490200500659),
_mview_route_ralentisseurs.fid-7b1c8a4a_1943c5e84ca_7aa9,Centrale,Tchaoudjo,Tchaoudjo 1,Tchalo,POINT (1.1444016912083115 8.947322548846696),
_mview_route_ralentisseurs.fid-7b1c8a4a_1943c5e84ca_7aaa,Centrale,Tchaoudjo,Tchaoudjo 3,Aléhéridè,POINT (1.1998636122878104 9.204834990680654),
_mview_route_ralentisseurs.fid-7b1c8a4a_1943c5e84ca_7aab,Centrale,Tchaoudjo,Tchaoudjo 3,Aléhéridè,POINT (1.1896788711332797 9.202988353492177),
_mview_route_ralentisseurs.fid-7b1c8a4a_1943c5e84ca_7aac,Centrale,Tchaoudjo,Tchaoudjo 1,Kadambara,POINT (1.1673059399971721 8.949559556385463),
_mview_route_ralentisseurs.fid-7b1c8a4a_1943c5e84ca_7aad,Centrale,Tchaoudjo,Tchaoudjo 1,Kadambara,POINT (1.1675854125372027 8.950811473926047),
_mview_route_ralentisseurs.fid-7b1c8a4a_1943c5e84ca_7aae,Centrale,Tchaoudjo,Tchaoudjo 1,Kparataou,POINT (1.2000441624729756 8.953683541317721),
_mview_route_ralentisseurs.fid-7b1c8a4a_1943c5e84ca_7aaf,Centrale,Tchaoudjo,Tchaoudjo 1,Kparataou,POINT (1.19929349082602 8.953417306805509),
_mview_route_ralentisseurs.fid-7b1c8a4a_1943c5e84ca_7ab0,Centrale,Tchaoudjo,Tchaoudjo 1,Kparataou,POINT (1.199091163615219 8.953333593112228),
_mview_route_ralentisseurs.fid-7b1c8a4a_1943c5e84ca_7ab1,Centrale,Tchaoudjo,Tchaoudjo 1,Kparataou,POINT (1.198828650607334 8.953224977097861),
_mview_route_ralentisseurs.fid-7b1c8a4a_1943c5e84ca_7ab2,Centrale,Tchaoudjo,Tchaoudjo 1,Kparataou,POINT (1.1977679214381434 8.953042480456414),
_mview_route_ralentisseurs.fid-7b1c8a4a_1943c5e84ca_7ab3,Centrale,Tchaoudjo,Tchaoudjo 1,Kparataou,POINT (1.1979222621457186 8.95387908565439),
_mview_route_ralentisseurs.fid-7b1c8a4a_1943c5e84ca_7ab4,Centrale,Tchaoudjo,Tchaoudjo 1,Kparataou,POINT (1.19798804625368 8.954230603458246),
_mview_route_ralentisseurs.fid-7b1c8a4a_1943c5e84ca_7ab5,Centrale,Tchaoudjo,Tchaoudjo 1,Kparataou,POINT (1.1980337635290574 8.954539436204309),
_mview_route_ralentisseurs.fid-7b1c8a4a_1943c5e84ca_7ab6,Centrale,Tchaoudjo,Tchaoudjo 1,Kparataou,POINT (1.1981430440490517 8.955186966027426),
_mview_route_ralentisseurs.fid-7b1c8a4a_1943c5e84ca_7ab7,Centrale,Tchaoudjo,Tchaoudjo 1,Kparataou,POINT (1.1981902245300562 8.955455528988683),
_mview_route_ralentisseurs.fid-7b1c8a4a_1943c5e84ca_7ab8,Centrale,Tchaoudjo,Tchaoudjo 1,Kparataou,POINT (1.1983033788594808 8.956056424291864),
_mview_route_ralentisseurs.fid-7b1c8a4a_1943c5e84ca_7ab9,Centrale,Tchaoudjo,Tchaoudjo 1,Kadambara,POINT (1.228129332717426 8.704085515168977),LAMATESSI-AOU MONO
_mview_route_ralentisseurs.fid-7b1c8a4a_1943c5e84ca_7aba,Centrale,Tchaoudjo,Tchaoudjo 1,Kadambara,POINT (1.2277398189116229 8.706110309276294),LAMATESSI-AOU MONO
_mview_route_ralentisseurs.fid-7b1c8a4a_1943c5e84ca_7abb,Centrale,Tchaoudjo,Tchaoudjo 1,Kparataou,POINT (1.1973081218399084 8.950512026791483),
_mview_route_ralentisseurs.fid-7b1c8a4a_1943c5e84ca_7abc,Centrale,Tchaoudjo,Tchaoudjo 1,Kparataou,POINT (1.1972546005457998 8.95022534706183),
_mview_route_ralentisseurs.fid-7b1c8a4a_1943c5e84ca_7abd,Centrale,Tchaoudjo,Tchaoudjo 1,Kparataou,POINT (1.1972038612972165 8.949924891132978),
_mview_route_ralentisseurs.fid-7b1c8a4a_1943c5e84ca_7abe,Centrale,Tchaoudjo,Tchaoudjo 1,Kparataou,POINT (1.197156981598231 8.949622823955467),
_mview_route_ralentisseurs.fid-7b1c8a4a_1943c5e84ca_7abf,Centrale,Tchaoudjo,Tchaoudjo 1,Kparataou,POINT (1.1970776841806063 8.949233258621325),
_mview_route_ralentisseurs.fid-7b1c8a4a_1943c5e84ca_7ac0,Centrale,Tchaoudjo,Tchaoudjo 1,Kparataou,POINT (1.290335670894038 8.954230576356506),
_mview_route_ralentisseurs.fid-7b1c8a4a_1943c5e84ca_7ac1,Centrale,Tchaoudjo,Tchaoudjo 1,Kparataou,POINT (1.2908465845461352 8.953919754106213),
_mview_route_ralentisseurs.fid-7b1c8a4a_1943c5e84ca_7ac2,Centrale,Tchaoudjo,Tchaoudjo 1,Kadambara,POINT (1.1863431914654867 8.797972835764952),
_mview_route_ralentisseurs.fid-7b1c8a4a_1943c5e84ca_7ac3,Centrale,Tchaoudjo,Tchaoudjo 1,Kadambara,POINT (1.1932134270853894 8.762883346209518),
_mview_route_ralentisseurs.fid-7b1c8a4a_1943c5e84ca_7ac4,Centrale,Tchaoudjo,Tchaoudjo 1,Kadambara,POINT (1.2042612696693211 8.756008554438871),
_mview_route_ralentisseurs.fid-7b1c8a4a_1943c5e84ca_7ac5,Centrale,Tchaoudjo,Tchaoudjo 1,Kadambara,POINT (1.188505461128611 8.76614615898333),
_mview_route_ralentisseurs.fid-7b1c8a4a_1943c5e84ca_7ac6,Centrale,Tchaoudjo,Tchaoudjo 1,Sokodè (Komah),POINT (1.1380238675350152 8.972115855833236),
_mview_route_ralentisseurs.fid-7b1c8a4a_1943c5e84ca_7ac7,Centrale,Tchaoudjo,Tchaoudjo 1,Sokodè (Komah),POINT (1.1358748183100082 8.968423341968116),
_mview_route_ralentisseurs.fid-7b1c8a4a_1943c5e84ca_7ac8,Centrale,Tchaoudjo,Tchaoudjo 1,Sokodè (Komah),POINT (1.1390090982588845 8.968354215133807),
_mview_route_ralentisseurs.fid-7b1c8a4a_1943c5e84ca_7ac9,Centrale,Tchaoudjo,Tchaoudjo 1,Kadambara,POINT (1.181975255732678 8.951575259022723),
_mview_route_ralentisseurs.fid-7b1c8a4a_1943c5e84ca_7aca,Centrale,Tchaoudjo,Tchaoudjo 4,Wassarabo,POINT (1.21550991229367 9.034363713638024),
_mview_route_ralentisseurs.fid-7b1c8a4a_1943c5e84ca_7acb,Centrale,Tchaoudjo,Tchaoudjo 1,Sokodè (Komah),POINT (1.1910629053568613 9.016860639633371),
_mview_route_ralentisseurs.fid-7b1c8a4a_1943c5e84ca_7acc,Centrale,Tchaoudjo,Tchaoudjo 1,Sokodè (Komah),POINT (1.1902749946631714 9.016380668814412),
_mview_route_ralentisseurs.fid-7b1c8a4a_1943c5e84ca_7acd,Centrale,Tchaoudjo,Tchaoudjo 1,Sokodè (Komah),POINT (1.1573912762942722 8.975400370499134),
_mview_route_ralentisseurs.fid-7b1c8a4a_1943c5e84ca_7ace,Centrale,Tchaoudjo,Tchaoudjo 1,Kadambara,POINT (1.1731791873535626 8.951574851970376),
_mview_route_ralentisseurs.fid-7b1c8a4a_1943c5e84ca_7acf,Savanes,Tône,Tône 4,Sanfatoute,POINT (0.3177947909414555 11.013480636086893),
_mview_route_ralentisseurs.fid-7b1c8a4a_1943c5e84ca_7ad0,Savanes,Tône,Tône 2,Naki-Ouest,POINT (0.0941866985677941 10.906053971620437),NANERGOU-NAKI OUEST-DATOUDJENA
_mview_route_ralentisseurs.fid-7b1c8a4a_1943c5e84ca_7ad1,Savanes,Tône,Tône 2,Naki-Ouest,POINT (0.095658656448253 10.905772156649101),NANERGOU-NAKI OUEST-DATOUDJENA
_mview_route_ralentisseurs.fid-7b1c8a4a_1943c5e84ca_7ad2,Savanes,Tône,Tône 2,Naki-Ouest,POINT (0.0947369178806939 10.905881514059617),NANERGOU-NAKI OUEST-DATOUDJENA
_mview_route_ralentisseurs.fid-7b1c8a4a_1943c5e84ca_7ad3,Savanes,Tône,Tône 2,Naki-Ouest,POINT (0.0953613810776735 10.905804635518539),NANERGOU-NAKI OUEST-DATOUDJENA
_mview_route_ralentisseurs.fid-7b1c8a4a_1943c5e84ca_7ad4,Savanes,Tône,Tône 2,Naki-Ouest,POINT (0.1130932324370639 10.903712300177219),NANERGOU-NAKI OUEST-DATOUDJENA
_mview_route_ralentisseurs.fid-7b1c8a4a_1943c5e84ca_7ad5,Savanes,Tône,Tône 2,Naki-Ouest,POINT (0.0936659207032404 10.906217200043647),NANERGOU-NAKI OUEST-DATOUDJENA
_mview_route_ralentisseurs.fid-7b1c8a4a_1943c5e84ca_7ad6,Savanes,Tône,Tône 2,Naki-Ouest,POINT (0.1120776107845525 10.903838297926104),NANERGOU-NAKI OUEST-DATOUDJENA
_mview_route_ralentisseurs.fid-7b1c8a4a_1943c5e84ca_7ad7,Savanes,Tône,Tône 2,Naki-Ouest,POINT (0.1123895143424515 10.903799528603676),NANERGOU-NAKI OUEST-DATOUDJENA
_mview_route_ralentisseurs.fid-7b1c8a4a_1943c5e84ca_7ad8,Savanes,Tône,Tône 3,Tami,POINT (0.040814851979187 10.858781772713689),
_mview_route_ralentisseurs.fid-7b1c8a4a_1943c5e84ca_7ad9,Savanes,Tône,Tône 3,Tami,POINT (0.0402267499090834 10.857399663680786),
_mview_route_ralentisseurs.fid-7b1c8a4a_1943c5e84ca_7ada,Savanes,Tône,Tône 3,Tami,POINT (0.0041450154283499 10.851653550926576),
_mview_route_ralentisseurs.fid-7b1c8a4a_1943c5e84ca_7adb,Savanes,Tône,Tône 3,Tami,POINT (-0.0033712656254138 10.871385124252896),
_mview_route_ralentisseurs.fid-7b1c8a4a_1943c5e84ca_7adc,Savanes,Tône,Tône 3,Tami,POINT (-0.0031569613993101 10.870840250387388),
_mview_route_ralentisseurs.fid-7b1c8a4a_1943c5e84ca_7add,Savanes,Tône,Tône 2,Naki-Ouest,POINT (0.0121164978159278 10.955609212141942),
_mview_route_ralentisseurs.fid-7b1c8a4a_1943c5e84ca_7ade,Savanes,Tône,Tône 2,Naki-Ouest,POINT (0.0123530221741776 10.957011302747896),
_mview_route_ralentisseurs.fid-7b1c8a4a_1943c5e84ca_7adf,Savanes,Tône,Tône 2,Naki-Ouest,POINT (0.0117595988052636 10.952780894824123),
_mview_route_ralentisseurs.fid-7b1c8a4a_1943c5e84ca_7ae0,Savanes,Tône,Tône 2,Naki-Ouest,POINT (0.0118238394682432 10.953554314336122),
_mview_route_ralentisseurs.fid-7b1c8a4a_1943c5e84ca_7ae1,Savanes,Tône,Tône 2,Naki-Ouest,POINT (0.0119571471595673 10.954534979777428),
_mview_route_ralentisseurs.fid-7b1c8a4a_1943c5e84ca_7ae2,Savanes,Tône,Tône 2,Nanergou,POINT (0.1489117511912741 10.911396745563378),
_mview_route_ralentisseurs.fid-7b1c8a4a_1943c5e84ca_7ae3,Savanes,Tône,Tône 2,Nanergou,POINT (0.1368176043657722 10.91012064084854),
_mview_route_ralentisseurs.fid-7b1c8a4a_1943c5e84ca_7ae4,Savanes,Tône,Tône 2,Nanergou,POINT (0.1373900533077637 10.910181528118555),
_mview_route_ralentisseurs.fid-7b1c8a4a_1943c5e84ca_7ae5,Savanes,Tône,Tône 3,Nioukpourma,POINT (0.1147105367046625 10.863286963481823),
_mview_route_ralentisseurs.fid-7b1c8a4a_1943c5e84ca_7ae6,Savanes,Tône,Tône 3,Nioukpourma,POINT (0.1140672435229707 10.863146218597565),
_mview_route_ralentisseurs.fid-7b1c8a4a_1943c5e84ca_7ae7,Savanes,Tône,Tône 3,Nioukpourma,POINT (0.0941943801455343 10.860798331721679),
_mview_route_ralentisseurs.fid-7b1c8a4a_1943c5e84ca_7ae8,Savanes,Tône,Tône 3,Nioukpourma,POINT (0.0937067881316733 10.860774442156092),
_mview_route_ralentisseurs.fid-7b1c8a4a_1943c5e84ca_7ae9,Savanes,Tône,Tône 2,Naki-Ouest,POINT (0.0641206797844823 10.93427700718867),
_mview_route_ralentisseurs.fid-7b1c8a4a_1943c5e84ca_7aea,Savanes,Tône,Tône 2,Naki-Ouest,POINT (0.0634883675760081 10.934691075362267),
_mview_route_ralentisseurs.fid-7b1c8a4a_1943c5e84ca_7aeb,Savanes,Tône,Tône 2,Naki-Ouest,POINT (0.0514040935749572 10.946956763964888),
_mview_route_ralentisseurs.fid-7b1c8a4a_1943c5e84ca_7aec,Savanes,Tône,Tône 2,Naki-Ouest,POINT (0.0484784179565958 10.953904342085742),
_mview_route_ralentisseurs.fid-7b1c8a4a_1943c5e84ca_7aed,Savanes,Tône,Tône 2,Naki-Ouest,POINT (0.0056264074269599 10.9511921166093),
_mview_route_ralentisseurs.fid-7b1c8a4a_1943c5e84ca_7aee,Savanes,Tône,Tône 2,Naki-Ouest,POINT (0.0057196720395113 10.950719181092357),
_mview_route_ralentisseurs.fid-7b1c8a4a_1943c5e84ca_7aef,Savanes,Tône,Tône 2,Naki-Ouest,POINT (0.0090408321439608 10.922699921099017),
_mview_route_ralentisseurs.fid-7b1c8a4a_1943c5e84ca_7af0,Savanes,Tône,Tône 3,Tami,POINT (0.018076176104637 10.915345038997073),
_mview_route_ralentisseurs.fid-7b1c8a4a_1943c5e84ca_7af1,Savanes,Tône,Tône 3,Tami,POINT (0.0177924313388277 10.915018708543412),
_mview_route_ralentisseurs.fid-7b1c8a4a_1943c5e84ca_7af2,Savanes,Tône,Tône 3,Tami,POINT (0.0170712211307529 10.914161737919306),
_mview_route_ralentisseurs.fid-7b1c8a4a_1943c5e84ca_7af3,Savanes,Tône,Tône 2,Naki-Ouest,POINT (0.0452101440678105 10.901719454586551),
_mview_route_ralentisseurs.fid-7b1c8a4a_1943c5e84ca_7af4,Savanes,Tône,Tône 2,Naki-Ouest,POINT (0.0451828140758886 10.901728680197374),
_mview_route_ralentisseurs.fid-7b1c8a4a_1943c5e84ca_7af5,Savanes,Tône,Tône 1,Dapaong,POINT (0.196003938970254 10.862936953639588),
_mview_route_ralentisseurs.fid-7b1c8a4a_1943c5e84ca_7af6,Savanes,Tône,Tône 1,Dapaong,POINT (0.2024107388222995 10.864650845242492),MAIRIE-CEET-RN1
_mview_route_ralentisseurs.fid-7b1c8a4a_1943c5e84ca_7af7,Savanes,Tône,Tône 1,Dapaong,POINT (0.2024967576358208 10.8645344131386),MAIRIE-CEET-RN1
_mview_route_ralentisseurs.fid-7b1c8a4a_1943c5e84ca_7af8,Savanes,Tône,Tône 1,Dapaong,POINT (0.2026886907613022 10.864341037294011),MAIRIE-CEET-RN1
_mview_route_ralentisseurs.fid-7b1c8a4a_1943c5e84ca_7af9,Savanes,Tône,Tône 1,Dapaong,POINT (0.2027877903677825 10.864291402266527),MAIRIE-CEET-RN1
_mview_route_ralentisseurs.fid-7b1c8a4a_1943c5e84ca_7afa,Savanes,Tône,Tône 1,Dapaong,POINT (0.1985190087602994 10.886562469162964),TGRSVRDAPAONG RN1DOUANE-POSTE-ORABANQ-SOS-RN1
_mview_route_ralentisseurs.fid-7b1c8a4a_1943c5e84ca_7afb,Savanes,Tône,Tône 1,Dapaong,POINT (0.1991879319626056 10.88531920140882),TGRSVRDAPAONG RN1DOUANE-POSTE-ORABANQ-SOS-RN1
_mview_route_ralentisseurs.fid-7b1c8a4a_1943c5e84ca_7afc,Savanes,Tône,Tône 1,Dapaong,POINT (0.1871301152284371 10.890418333610915),TGRSVRDAPAONG RN1DOUANE-POSTE-ORABANQ-SOS-RN1
_mview_route_ralentisseurs.fid-7b1c8a4a_1943c5e84ca_7afd,Savanes,Tône,Tône 1,Dapaong,POINT (0.187834364368934 10.890595150842277),TGRSVRDAPAONG RN1DOUANE-POSTE-ORABANQ-SOS-RN1
_mview_route_ralentisseurs.fid-7b1c8a4a_1943c5e84ca_7afe,Savanes,Tône,Tône 1,Dapaong,POINT (0.1860675529002715 10.890176705534047),TGRSVRDAPAONG RN1DOUANE-POSTE-ORABANQ-SOS-RN1
_mview_route_ralentisseurs.fid-7b1c8a4a_1943c5e84ca_7aff,Savanes,Tône,Tône 1,Dapaong,POINT (0.1865947842813059 10.890283864858109),TGRSVRDAPAONG RN1DOUANE-POSTE-ORABANQ-SOS-RN1
_mview_route_ralentisseurs.fid-7b1c8a4a_1943c5e84ca_7b00,Savanes,Tône,Tône 1,Dapaong,POINT (0.2118816181033766 10.893149961769574),
_mview_route_ralentisseurs.fid-7b1c8a4a_1943c5e84ca_7b01,Savanes,Tône,Tône 1,Dapaong,POINT (0.1825423463306391 10.935746529668188),
_mview_route_ralentisseurs.fid-7b1c8a4a_1943c5e84ca_7b02,Savanes,Tône,Tône 1,Dapaong,POINT (0.1808890435154146 10.922445753053323),
_mview_route_ralentisseurs.fid-7b1c8a4a_1943c5e84ca_7b03,Savanes,Tône,Tône 1,Dapaong,POINT (0.1888105838551688 10.90865631828743),
_mview_route_ralentisseurs.fid-7b1c8a4a_1943c5e84ca_7b04,Savanes,Tône,Tône 1,Dapaong,POINT (0.2102881210173443 10.90571514377053),
_mview_route_ralentisseurs.fid-7b1c8a4a_1943c5e84ca_7b05,Savanes,Tône,Tône 1,Dapaong,POINT (0.2104467868704403 10.905636120832897),
_mview_route_ralentisseurs.fid-7b1c8a4a_1943c5e84ca_7b06,Savanes,Tône,Tône 1,Dapaong,POINT (0.2105333888393563 10.905592988986577),
_mview_route_ralentisseurs.fid-7b1c8a4a_1943c5e84ca_7b07,Savanes,Tône,Tône 1,Dapaong,POINT (0.2106917426430343 10.905557461552638),
_mview_route_ralentisseurs.fid-7b1c8a4a_1943c5e84ca_7b08,Savanes,Tône,Tône 1,Dapaong,POINT (0.2115235609096211 10.869137693441143),
_mview_route_ralentisseurs.fid-7b1c8a4a_1943c5e84ca_7b09,Savanes,Tône,Tône 1,Dapaong,POINT (0.1913998277076151 10.884369350322364),
_mview_route_ralentisseurs.fid-7b1c8a4a_1943c5e84ca_7b0a,Savanes,Tône,Tône 1,Dapaong,POINT (0.2277758283537012 10.835553686072465),
_mview_route_ralentisseurs.fid-7b1c8a4a_1943c5e84ca_7b0b,Savanes,Tône,Tône 1,Dapaong,POINT (0.2238572629260782 10.84169537708715),
_mview_route_ralentisseurs.fid-7b1c8a4a_1943c5e84ca_7b0c,Savanes,Tône,Tône 1,Dapaong,POINT (0.2240241088435222 10.841738378578068),
_mview_route_ralentisseurs.fid-7b1c8a4a_1943c5e84ca_7b0d,Savanes,Tône,Tône 1,Dapaong,POINT (0.2248319344951878 10.841932188674726),
_mview_route_ralentisseurs.fid-7b1c8a4a_1943c5e84ca_7b0e,Savanes,Tône,Tône 1,Dapaong,POINT (0.2233394911113386 10.841555769999248),
_mview_route_ralentisseurs.fid-7b1c8a4a_1943c5e84ca_7b0f,Savanes,Tône,Tône 1,Dapaong,POINT (0.2003881516206391 10.875700922529226),
_mview_route_ralentisseurs.fid-7b1c8a4a_1943c5e84ca_7b10,Savanes,Tône,Tône 1,Dapaong,POINT (0.2005936454282147 10.8757636676705),
_mview_route_ralentisseurs.fid-7b1c8a4a_1943c5e84ca_7b11,Savanes,Tône,Tône 1,Dapaong,POINT (0.20894126294606 10.8581846604803),
_mview_route_ralentisseurs.fid-7b1c8a4a_1943c5e84ca_7b12,Savanes,Tône,Tône 1,Dapaong,POINT (0.209147332802734 10.85825126095262),
_mview_route_ralentisseurs.fid-7b1c8a4a_1943c5e84ca_7b13,Savanes,Tône,Tône 1,Dapaong,POINT (0.2087147808113268 10.858109160823652),
_mview_route_ralentisseurs.fid-7b1c8a4a_1943c5e84ca_7b14,Savanes,Tône,Tône 1,Dapaong,POINT (0.2064321602353819 10.861977261867398),
_mview_route_ralentisseurs.fid-7b1c8a4a_1943c5e84ca_7b15,Savanes,Tône,Tône 1,Dapaong,POINT (0.2390122548293458 10.79200642700337),
_mview_route_ralentisseurs.fid-7b1c8a4a_1943c5e84ca_7b16,Savanes,Tône,Tône 1,Dapaong,POINT (0.2311264318539453 10.823552002945668),
_mview_route_ralentisseurs.fid-7b1c8a4a_1943c5e84ca_7b17,Savanes,Tône,Tône 1,Dapaong,POINT (0.2222869172652945 10.833651450616394),
_mview_route_ralentisseurs.fid-7b1c8a4a_1943c5e84ca_7b18,Savanes,Tône,Tône 1,Dapaong,POINT (0.221255275391099 10.829817419244968),
_mview_route_ralentisseurs.fid-7b1c8a4a_1943c5e84ca_7b19,Savanes,Tône,Tône 1,Dapaong,POINT (0.2205240733257214 10.828271881096306),
_mview_route_ralentisseurs.fid-7b1c8a4a_1943c5e84ca_7b1a,Savanes,Tône,Tône 1,Dapaong,POINT (0.2168485168148684 10.84180062834401),
_mview_route_ralentisseurs.fid-7b1c8a4a_1943c5e84ca_7b1b,Savanes,Tône,Tône 1,Dapaong,POINT (0.2185228316879971 10.83863273593676),
_mview_route_ralentisseurs.fid-7b1c8a4a_1943c5e84ca_7b1c,Savanes,Tône,Tône 1,Dapaong,POINT (0.2019449545483631 10.845855090906747),
_mview_route_ralentisseurs.fid-7b1c8a4a_1943c5e84ca_7b1d,Savanes,Tône,Tône 1,Dapaong,POINT (0.1960025316349255 10.876879924051165),
_mview_route_ralentisseurs.fid-7b1c8a4a_1943c5e84ca_7b1e,Savanes,Tône,Tône 1,Dapaong,POINT (0.1647125680145699 10.882432459004528),
_mview_route_ralentisseurs.fid-7b1c8a4a_1943c5e84ca_7b1f,Savanes,Tône,Tône 1,Dapaong,POINT (0.1643433137042173 10.882423157887477),
_mview_route_ralentisseurs.fid-7b1c8a4a_1943c5e84ca_7b20,Savanes,Tône,Tône 1,Dapaong,POINT (0.207312572844833 10.877915428299566),DAPAONG-KONI
_mview_route_ralentisseurs.fid-7b1c8a4a_1943c5e84ca_7b21,Savanes,Tône,Tône 1,Dapaong,POINT (0.2073348425217274 10.877621680688693),DAPAONG-KONI
_mview_route_ralentisseurs.fid-7b1c8a4a_1943c5e84ca_7b22,Savanes,Tône,Tône 1,Dapaong,POINT (0.2071864395765038 10.879280072593557),DAPAONG-KONI
_mview_route_ralentisseurs.fid-7b1c8a4a_1943c5e84ca_7b23,Savanes,Tône,Tône 1,Dapaong,POINT (0.2118783887711527 10.89288311885093),DAPAONG-KONI
_mview_route_ralentisseurs.fid-7b1c8a4a_1943c5e84ca_7b24,Savanes,Tône,Tône 1,Dapaong,POINT (0.2058796838290542 10.876060858518803),
_mview_route_ralentisseurs.fid-7b1c8a4a_1943c5e84ca_7b25,Savanes,Tône,Tône 1,Dapaong,POINT (0.1829680639417206 10.869756556900528),
_mview_route_ralentisseurs.fid-7b1c8a4a_1943c5e84ca_7b26,Savanes,Tône,Tône 1,Dapaong,POINT (0.1886509015116883 10.871133213655064),
_mview_route_ralentisseurs.fid-7b1c8a4a_1943c5e84ca_7b27,Savanes,Tône,Tône 1,Dapaong,POINT (0.2309086710878434 10.882738927368433),
_mview_route_ralentisseurs.fid-7b1c8a4a_1943c5e84ca_7b28,Savanes,Tône,Tône 1,Dapaong,POINT (0.2258408007589494 10.876711155569033),
_mview_route_ralentisseurs.fid-7b1c8a4a_1943c5e84ca_7b29,Savanes,Tône,Tône 1,Dapaong,POINT (0.2256142610641943 10.876955150978777),
_mview_route_ralentisseurs.fid-7b1c8a4a_1943c5e84ca_7b2a,Savanes,Tône,Tône 1,Dapaong,POINT (0.2230668808883557 10.87625850425577),
_mview_route_ralentisseurs.fid-7b1c8a4a_1943c5e84ca_7b2b,Savanes,Tône,Tône 1,Dapaong,POINT (0.2220190789181871 10.87588263134545),
_mview_route_ralentisseurs.fid-7b1c8a4a_1943c5e84ca_7b2c,Savanes,Tône,Tône 1,Dapaong,POINT (0.1767541011637791 10.853571786061625),
_mview_route_ralentisseurs.fid-7b1c8a4a_1943c5e84ca_7b2d,Savanes,Tône,Tône 1,Dapaong,POINT (0.1758667648782304 10.853157949103064),
_mview_route_ralentisseurs.fid-7b1c8a4a_1943c5e84ca_7b2e,Savanes,Tône,Tône 1,Dapaong,POINT (0.1755820607510505 10.853018810063348),
_mview_route_ralentisseurs.fid-7b1c8a4a_1943c5e84ca_7b2f,Savanes,Tône,Tône 1,Dapaong,POINT (0.1752713772862736 10.85286388923721),
_mview_route_ralentisseurs.fid-7b1c8a4a_1943c5e84ca_7b30,Savanes,Tône,Tône 1,Dapaong,POINT (0.1748729079212251 10.852681590867997),
_mview_route_ralentisseurs.fid-7b1c8a4a_1943c5e84ca_7b31,Savanes,Tône,Tône 1,Dapaong,POINT (0.1737161940160849 10.85220110487097),
_mview_route_ralentisseurs.fid-7b1c8a4a_1943c5e84ca_7b32,Savanes,Tône,Tône 1,Dapaong,POINT (0.1964816087552255 10.869220931770036),
_mview_route_ralentisseurs.fid-7b1c8a4a_1943c5e84ca_7b33,Savanes,Tône,Tône 1,Dapaong,POINT (0.1885601911189276 10.85667931309163),
_mview_route_ralentisseurs.fid-7b1c8a4a_1943c5e84ca_7b34,Savanes,Tône,Tône 1,Dapaong,POINT (0.2132459743654898 10.84423613318562),
_mview_route_ralentisseurs.fid-7b1c8a4a_1943c5e84ca_7b35,Savanes,Tône,Tône 1,Dapaong,POINT (0.1891701943408044 10.804986016070693),
_mview_route_ralentisseurs.fid-7b1c8a4a_1943c5e84ca_7b36,Savanes,Tône,Tône 1,Dapaong,POINT (0.1699027083562045 10.790361224018802),
_mview_route_ralentisseurs.fid-7b1c8a4a_1943c5e84ca_7b37,Savanes,Tône,Tône 1,Dapaong,POINT (0.2145277560774093 10.878976466026204),
_mview_route_ralentisseurs.fid-7b1c8a4a_1943c5e84ca_7b38,Savanes,Tône,Tône 1,Dapaong,POINT (0.1837733190851954 10.86107333333487),
_mview_route_ralentisseurs.fid-7b1c8a4a_1943c5e84ca_7b39,Savanes,Tône,Tône 1,Dapaong,POINT (0.1836636639681958 10.861062855850454),
_mview_route_ralentisseurs.fid-7b1c8a4a_1943c5e84ca_7b3a,Savanes,Tône,Tône 1,Dapaong,POINT (0.2794344414925815 10.810805965741553),
_mview_route_ralentisseurs.fid-7b1c8a4a_1943c5e84ca_7b3b,Savanes,Tône,Tône 1,Dapaong,POINT (0.2779621386111276 10.810678767141056),DJANGOU-TABAGOU
_mview_route_ralentisseurs.fid-7b1c8a4a_1943c5e84ca_7b3c,Savanes,Tône,Tône 1,Dapaong,POINT (0.1771434908937653 10.872280100197402),
_mview_route_ralentisseurs.fid-7b1c8a4a_1943c5e84ca_7b3d,Maritime,Vo,Vo 4,Akoumapé,POINT (1.4533559650400303 6.4504019020926515),
_mview_route_ralentisseurs.fid-7b1c8a4a_1943c5e84ca_7b3e,Maritime,Vo,Vo 4,Akoumapé,POINT (1.4562673467572784 6.4533025362750225),
_mview_route_ralentisseurs.fid-7b1c8a4a_1943c5e84ca_7b3f,Maritime,Vo,Vo 4,Akoumapé,POINT (1.4535564301744115 6.447057838528856),
_mview_route_ralentisseurs.fid-7b1c8a4a_1943c5e84ca_7b40,Maritime,Vo,Vo 1,Vogan,POINT (1.4528491100573682 6.337336854514497),
_mview_route_ralentisseurs.fid-7b1c8a4a_1943c5e84ca_7b41,Maritime,Vo,Vo 1,Vogan,POINT (1.5022687728181536 6.3950431123596445),
_mview_route_ralentisseurs.fid-7b1c8a4a_1943c5e84ca_7b42,Maritime,Vo,Vo 1,Vogan,POINT (1.5025711923830976 6.393132367119211),
_mview_route_ralentisseurs.fid-7b1c8a4a_1943c5e84ca_7b43,Maritime,Vo,Vo 1,Vogan,POINT (1.5112228316012983 6.379311338171502),
_mview_route_ralentisseurs.fid-7b1c8a4a_1943c5e84ca_7b44,Maritime,Vo,Vo 1,Vogan,POINT (1.511426746521478 6.3791861862412516),
_mview_route_ralentisseurs.fid-7b1c8a4a_1943c5e84ca_7b45,Maritime,Vo,Vo 1,Vogan,POINT (1.511564255355697 6.379102107057173),
_mview_route_ralentisseurs.fid-7b1c8a4a_1943c5e84ca_7b46,Maritime,Vo,Vo 3,Dagbati,POINT (1.4981278002426934 6.482985710004288),
_mview_route_ralentisseurs.fid-7b1c8a4a_1943c5e84ca_7b47,Maritime,Vo,Vo 3,Dagbati,POINT (1.496219878050702 6.494144976030134),
_mview_route_ralentisseurs.fid-7b1c8a4a_1943c5e84ca_7b48,Maritime,Vo,Vo 3,Dagbati,POINT (1.4975420884327106 6.486462404367743),
_mview_route_ralentisseurs.fid-7b1c8a4a_1943c5e84ca_7b49,Maritime,Vo,Vo 3,Dagbati,POINT (1.4976045164024765 6.486004183112016),
_mview_route_ralentisseurs.fid-7b1c8a4a_1943c5e84ca_7b4a,Maritime,Vo,Vo 3,Dagbati,POINT (1.498002753336769 6.483779728116363),
_mview_route_ralentisseurs.fid-7b1c8a4a_1943c5e84ca_7b4b,Maritime,Vo,Vo 3,Dagbati,POINT (1.496153612530017 6.494523090202752),
_mview_route_ralentisseurs.fid-7b1c8a4a_1943c5e84ca_7b4c,Maritime,Vo,Vo 3,Dagbati,POINT (1.4580914821584372 6.55576314961433),
_mview_route_ralentisseurs.fid-7b1c8a4a_1943c5e84ca_7b4d,Maritime,Vo,Vo 1,Vogan,POINT (1.5062007509074582 6.35091819250744),
_mview_route_ralentisseurs.fid-7b1c8a4a_1943c5e84ca_7b4e,Maritime,Vo,Vo 1,Vogan,POINT (1.520518429980129 6.341594414213103),
_mview_route_ralentisseurs.fid-7b1c8a4a_1943c5e84ca_7b4f,Maritime,Vo,Vo 1,Vogan,POINT (1.5355989720870191 6.358404816528195),MASSEKOPE-VOGAN
_mview_route_ralentisseurs.fid-7b1c8a4a_1943c5e84ca_7b50,Maritime,Vo,Vo 1,Vogan,POINT (1.5296215266867088 6.340520800482036),MASSEKOPE-VOGAN
_mview_route_ralentisseurs.fid-7b1c8a4a_1943c5e84ca_7b51,Maritime,Vo,Vo 4,Akoumapé,POINT (1.4532107455810852 6.391730300608708),
_mview_route_ralentisseurs.fid-7b1c8a4a_1943c5e84ca_7b52,Maritime,Vo,Vo 4,Akoumapé,POINT (1.4529163131959635 6.391576928252619),
_mview_route_ralentisseurs.fid-7b1c8a4a_1943c5e84ca_7b53,Maritime,Vo,Vo 4,Sévagan,POINT (1.4227246304582697 6.327768306000558),
_mview_route_ralentisseurs.fid-7b1c8a4a_1943c5e84ca_7b54,Maritime,Vo,Vo 4,Sévagan,POINT (1.4193461472121336 6.332876525374231),
_mview_route_ralentisseurs.fid-7b1c8a4a_1943c5e84ca_7b55,Maritime,Vo,Vo 4,Sévagan,POINT (1.4195704326454988 6.33254021109778),
_mview_route_ralentisseurs.fid-7b1c8a4a_1943c5e84ca_7b56,Maritime,Vo,Vo 4,Sévagan,POINT (1.4225802961237266 6.32797376243142),
_mview_route_ralentisseurs.fid-7b1c8a4a_1943c5e84ca_7b57,Maritime,Vo,Vo 4,Sévagan,POINT (1.3963333728392047 6.324253966968606),
_mview_route_ralentisseurs.fid-7b1c8a4a_1943c5e84ca_7b58,Maritime,Vo,Vo 4,Sévagan,POINT (1.4280244273184435 6.306127128727229),
_mview_route_ralentisseurs.fid-7b1c8a4a_1943c5e84ca_7b59,Maritime,Vo,Vo 3,Dagbati,POINT (1.475848488408621 6.397232801916913),
_mview_route_ralentisseurs.fid-7b1c8a4a_1943c5e84ca_7b5a,Maritime,Vo,Vo 3,Dagbati,POINT (1.494896674383104 6.503992535323398),
_mview_route_ralentisseurs.fid-7b1c8a4a_1943c5e84ca_7b5b,Maritime,Vo,Vo 1,Vogan,POINT (1.5291252216721025 6.336434116781841),
_mview_route_ralentisseurs.fid-7b1c8a4a_1943c5e84ca_7b5c,Maritime,Vo,Vo 1,Vogan,POINT (1.5082397271800767 6.380282973237113),
_mview_route_ralentisseurs.fid-7b1c8a4a_1943c5e84ca_7b5d,Maritime,Vo,Vo 1,Vogan,POINT (1.5234284125283146 6.344456291148579),
_mview_route_ralentisseurs.fid-7b1c8a4a_1943c5e84ca_7b5e,Maritime,Vo,Vo 3,Dagbati,POINT (1.516669847942084 6.40303531096395),
_mview_route_ralentisseurs.fid-7b1c8a4a_1943c5e84ca_7b5f,Maritime,Vo,Vo 3,Dagbati,POINT (1.5137207027906567 6.400640797756728),
_mview_route_ralentisseurs.fid-7b1c8a4a_1943c5e84ca_7b60,Maritime,Vo,Vo 3,Dagbati,POINT (1.5134523508411133 6.400465342087955),
_mview_route_ralentisseurs.fid-7b1c8a4a_1943c5e84ca_7b61,Maritime,Vo,Vo 1,Vogan,POINT (1.5237481535044974 6.390196648029062),
_mview_route_ralentisseurs.fid-7b1c8a4a_1943c5e84ca_7b62,Maritime,Vo,Vo 3,Dagbati,POINT (1.4753779200374972 6.491386964960887),
_mview_route_ralentisseurs.fid-7b1c8a4a_1943c5e84ca_7b63,Maritime,Vo,Vo 3,Dagbati,POINT (1.475347532127718 6.4914133255556346),
_mview_route_ralentisseurs.fid-7b1c8a4a_1943c5e84ca_7b64,Maritime,Vo,Vo 3,Dagbati,POINT (1.4763748049867618 6.490250004828158),
_mview_route_ralentisseurs.fid-7b1c8a4a_1943c5e84ca_7b65,Maritime,Vo,Vo 3,Dagbati,POINT (1.4763934740701619 6.490656745922058),
_mview_route_ralentisseurs.fid-7b1c8a4a_1943c5e84ca_7b66,Maritime,Vo,Vo 3,Dagbati,POINT (1.4839127802855638 6.471427953392836),
_mview_route_ralentisseurs.fid-7b1c8a4a_1943c5e84ca_7b67,Maritime,Vo,Vo 4,Akoumapé,POINT (1.4704862120879454 6.463089708745087),
_mview_route_ralentisseurs.fid-7b1c8a4a_1943c5e84ca_7b68,Maritime,Vo,Vo 4,Sévagan,POINT (1.4480844616437616 6.311583376038322),KPOTOSSOU-RAIL SNTP
_mview_route_ralentisseurs.fid-7b1c8a4a_1943c5e84ca_7b69,Maritime,Vo,Vo 4,Akoumapé,POINT (1.4477920469081635 6.383502550667893),
_mview_route_ralentisseurs.fid-7b1c8a4a_1943c5e84ca_7b6a,Maritime,Vo,Vo 4,Akoumapé,POINT (1.4309152924250446 6.379371224947805),
_mview_route_ralentisseurs.fid-7b1c8a4a_1943c5e84ca_7b6b,Maritime,Vo,Vo 4,Hahotoé,POINT (1.4200334158141015 6.373550664178018),TCHILIME-DJAPLEME
_mview_route_ralentisseurs.fid-7b1c8a4a_1943c5e84ca_7b6c,Maritime,Vo,Vo 4,Hahotoé,POINT (1.4201595934967415 6.373444675013064),TCHILIME-DJAPLEME
_mview_route_ralentisseurs.fid-7b1c8a4a_1943c5e84ca_7b6d,Maritime,Vo,Vo 1,Vogan,POINT (1.5329742793737344 6.343296398871062),
_mview_route_ralentisseurs.fid-7b1c8a4a_1943c5e84ca_7b6e,Maritime,Vo,Vo 1,Vogan,POINT (1.5280722532589641 6.343108230706692),
_mview_route_ralentisseurs.fid-7b1c8a4a_1943c5e84ca_7b6f,Maritime,Bas-Mono,Bas-Mono 1,Afagnan-Gbléta,POINT (1.5730120597680228 6.472670092104923),
_mview_route_ralentisseurs.fid-7b1c8a4a_1943c5e84ca_7b70,Maritime,Vo,Vo 3,Dagbati,POINT (1.4935669560926181 6.421070965339375),
_mview_route_ralentisseurs.fid-7b1c8a4a_1943c5e84ca_7b71,Maritime,Vo,Vo 3,Dagbati,POINT (1.4936915718454546 6.421349867158715),
_mview_route_ralentisseurs.fid-7b1c8a4a_1943c5e84ca_7b72,Maritime,Vo,Vo 3,Dagbati,POINT (1.4949809834222214 6.423890593517961),
_mview_route_ralentisseurs.fid-7b1c8a4a_1943c5e84ca_7b73,Maritime,Vo,Vo 3,Dagbati,POINT (1.4953873535455044 6.4250119977042965),
_mview_route_ralentisseurs.fid-7b1c8a4a_1943c5e84ca_7b74,Maritime,Vo,Vo 3,Dzrékpo,POINT (1.550031328879288 6.4328941460969915),
_mview_route_ralentisseurs.fid-7b1c8a4a_1943c5e84ca_7b75,Maritime,Vo,Vo 3,Dzrékpo,POINT (1.5499376059893621 6.432149125284258),
_mview_route_ralentisseurs.fid-7b1c8a4a_1943c5e84ca_7b76,Maritime,Vo,Vo 3,Dzrékpo,POINT (1.54991955100259 6.431987159891045),
_mview_route_ralentisseurs.fid-7b1c8a4a_1943c5e84ca_7b77,Maritime,Vo,Vo 3,Dzrékpo,POINT (1.5696874623979624 6.413122667417174),
_mview_route_ralentisseurs.fid-7b1c8a4a_1943c5e84ca_7b78,Maritime,Vo,Vo 1,Vogan,POINT (1.4539079881179848 6.340190254383592),
_mview_route_ralentisseurs.fid-7b1c8a4a_1943c5e84ca_7b79,Maritime,Vo,Vo 4,Sévagan,POINT (1.4475956903579492 6.332126822232605),
_mview_route_ralentisseurs.fid-7b1c8a4a_1943c5e84ca_7b7a,Maritime,Vo,Vo 1,Vogan,POINT (1.4581364601207092 6.335426735191834),
_mview_route_ralentisseurs.fid-7b1c8a4a_1943c5e84ca_7b7b,Maritime,Vo,Vo 1,Vogan,POINT (1.468050617919479 6.343552069422682),
_mview_route_ralentisseurs.fid-7b1c8a4a_1943c5e84ca_7b7c,Maritime,Vo,Vo 1,Vogan,POINT (1.468100977160844 6.3434463630930145),
_mview_route_ralentisseurs.fid-7b1c8a4a_1943c5e84ca_7b7d,Maritime,Vo,Vo 3,Dagbati,POINT (1.5100041309902836 6.426550180904612),
_mview_route_ralentisseurs.fid-7b1c8a4a_1943c5e84ca_7b7e,Maritime,Vo,Vo 3,Dagbati,POINT (1.5108614456771396 6.426885062650598),
_mview_route_ralentisseurs.fid-7b1c8a4a_1943c5e84ca_7b7f,Maritime,Vo,Vo 3,Dagbati,POINT (1.503749857632674 6.427812753028235),
_mview_route_ralentisseurs.fid-7b1c8a4a_1943c5e84ca_7b80,Maritime,Vo,Vo 2,Anyron-Kopé,POINT (1.5339838886170103 6.275862601602101),
_mview_route_ralentisseurs.fid-7b1c8a4a_1943c5e84ca_7b81,Maritime,Vo,Vo 3,Dzrékpo,POINT (1.5672938325447952 6.47008744971894),MOMOWOEDJEPE-DRZREKPO CENTRE
_mview_route_ralentisseurs.fid-7b1c8a4a_1943c5e84ca_7b82,Maritime,Vo,Vo 3,Dzrékpo,POINT (1.5668115366390525 6.46955923829537),MOMOWOEDJEPE-DRZREKPO CENTRE
_mview_route_ralentisseurs.fid-7b1c8a4a_1943c5e84ca_7b83,Maritime,Vo,Vo 3,Dzrékpo,POINT (1.5669354982244985 6.4696909240571925),MOMOWOEDJEPE-DRZREKPO CENTRE
_mview_route_ralentisseurs.fid-7b1c8a4a_1943c5e84ca_7b84,Maritime,Vo,Vo 3,Dzrékpo,POINT (1.565177372933429 6.468002467302566),MOMOWOEDJEPE-DRZREKPO CENTRE
_mview_route_ralentisseurs.fid-7b1c8a4a_1943c5e84ca_7b85,Maritime,Vo,Vo 3,Dzrékpo,POINT (1.5701669366230206 6.440554897488103),
_mview_route_ralentisseurs.fid-7b1c8a4a_1943c5e84ca_7b86,Maritime,Vo,Vo 3,Dzrékpo,POINT (1.5663413894106977 6.460566352716633),
_mview_route_ralentisseurs.fid-7b1c8a4a_1943c5e84ca_7b87,Maritime,Vo,Vo 3,Dzrékpo,POINT (1.56695581415655 6.454171797289672),
_mview_route_ralentisseurs.fid-7b1c8a4a_1943c5e84ca_7b88,Maritime,Vo,Vo 3,Mome-Hounkpati,POINT (1.55835213507475 6.491998077978535),TGRMRRRN4 TSEVIE-TABLIGBO-ANEHO
_mview_route_ralentisseurs.fid-7b1c8a4a_1943c5e84ca_7b89,Maritime,Vo,Vo 3,Mome-Hounkpati,POINT (1.5560052275089056 6.472025341009071),MOME CENTRE-CELETIME
_mview_route_ralentisseurs.fid-7b1c8a4a_1943c5e84ca_7b8a,Maritime,Vo,Vo 3,Mome-Hounkpati,POINT (1.5598577912964906 6.474381116589969),DZREKPO CENTRE RVV-ATCHANSITODOME
_mview_route_ralentisseurs.fid-7b1c8a4a_1943c5e84ca_7b8b,Maritime,Vo,Vo 3,Mome-Hounkpati,POINT (1.5610212306784244 6.474450112748301),DZREKPO CENTRE RVV-ATCHANSITODOME
_mview_route_ralentisseurs.fid-7b1c8a4a_1943c5e84ca_7b8c,Maritime,Vo,Vo 3,Mome-Hounkpati,POINT (1.5618194189627976 6.474299561405595),DZREKPO CENTRE RVV-ATCHANSITODOME
_mview_route_ralentisseurs.fid-7b1c8a4a_1943c5e84ca_7b8d,Maritime,Vo,Vo 3,Mome-Hounkpati,POINT (1.5580082607155448 6.469907247478122),
_mview_route_ralentisseurs.fid-7b1c8a4a_1943c5e84ca_7b8e,Maritime,Vo,Vo 3,Mome-Hounkpati,POINT (1.5584279757921375 6.469009580548305),
_mview_route_ralentisseurs.fid-7b1c8a4a_1943c5e84ca_7b8f,Maritime,Vo,Vo 3,Mome-Hounkpati,POINT (1.5602577773409483 6.46533723847782),
_mview_route_ralentisseurs.fid-7b1c8a4a_1943c5e84ca_7b90,Maritime,Vo,Vo 3,Mome-Hounkpati,POINT (1.5602968031528572 6.465166104063197),
_mview_route_ralentisseurs.fid-7b1c8a4a_1943c5e84ca_7b91,Maritime,Vo,Vo 3,Mome-Hounkpati,POINT (1.5602940615695777 6.46630843175253),
_mview_route_ralentisseurs.fid-7b1c8a4a_1943c5e84ca_7b92,Maritime,Vo,Vo 3,Mome-Hounkpati,POINT (1.5604930384935456 6.46632407787464),
_mview_route_ralentisseurs.fid-7b1c8a4a_1943c5e84ca_7b93,Maritime,Vo,Vo 3,Dzrékpo,POINT (1.5490371071304163 6.45640344322967),
_mview_route_ralentisseurs.fid-7b1c8a4a_1943c5e84ca_7b94,Maritime,Vo,Vo 3,Dzrékpo,POINT (1.548312363748592 6.449656537439144),
_mview_route_ralentisseurs.fid-7b1c8a4a_1943c5e84ca_7b95,Maritime,Vo,Vo 3,Dzrékpo,POINT (1.5482656852751335 6.449578902019317),
_mview_route_ralentisseurs.fid-7b1c8a4a_1943c5e84ca_7b96,Maritime,Vo,Vo 3,Dzrékpo,POINT (1.5482195895461428 6.449501986330597),
_mview_route_ralentisseurs.fid-7b1c8a4a_1943c5e84ca_7b97,Maritime,Vo,Vo 1,Vogan,POINT (1.5001457482880047 6.344019302076351),
_mview_route_ralentisseurs.fid-7b1c8a4a_1943c5e84ca_7b98,Maritime,Vo,Vo 1,Vogan,POINT (1.5596368776686205 6.33094610714804),
_mview_route_ralentisseurs.fid-7b1c8a4a_1943c5e84ca_7b99,Maritime,Vo,Vo 1,Vogan,POINT (1.55965688779128 6.330493106918673),
_mview_route_ralentisseurs.fid-7b1c8a4a_1943c5e84ca_7b9a,Maritime,Vo,Vo 3,Dzrékpo,POINT (1.5518592995053153 6.449057248509743),
_mview_route_ralentisseurs.fid-7b1c8a4a_1943c5e84ca_7b9b,Maritime,Vo,Vo 3,Dzrékpo,POINT (1.5515608391016036 6.449023440501822),
_mview_route_ralentisseurs.fid-7b1c8a4a_1943c5e84ca_7b9c,Maritime,Vo,Vo 3,Dzrékpo,POINT (1.547911985547965 6.457608411037548),
_mview_route_ralentisseurs.fid-7b1c8a4a_1943c5e84ca_7b9d,Maritime,Vo,Vo 1,Vo-Koutimé,POINT (1.569001753181902 6.333463813232461),TGRMRRRN34 LOME-VOGAN-ANFOIN
_mview_route_ralentisseurs.fid-7b1c8a4a_1943c5e84ca_7b9e,Maritime,Vo,Vo 1,Vo-Koutimé,POINT (1.5870227320752848 6.334051645462916),TGRMRRRN34 LOME-VOGAN-ANFOIN
_mview_route_ralentisseurs.fid-7b1c8a4a_1943c5e84ca_7b9f,Maritime,Vo,Vo 2,Togoville,POINT (1.4511255171504793 6.251727597188485),EKPUI-WOGBA
_mview_route_ralentisseurs.fid-7b1c8a4a_1943c5e84ca_7ba0,Maritime,Vo,Vo 2,Togoville,POINT (1.4507025352203538 6.251426440668556),EKPUI-WOGBA
_mview_route_ralentisseurs.fid-7b1c8a4a_1943c5e84ca_7ba1,Maritime,Vo,Vo 2,Anyron-Kopé,POINT (1.5520351618174875 6.249174180946486),LAC-PISTE ANYROKOPE BADOUGBE
_mview_route_ralentisseurs.fid-7b1c8a4a_1943c5e84ca_7ba2,Maritime,Vo,Vo 2,Anyron-Kopé,POINT (1.551466047431642 6.249650939642808),LAC-PISTE ANYROKOPE BADOUGBE
_mview_route_ralentisseurs.fid-7b1c8a4a_1943c5e84ca_7ba3,Maritime,Vo,Vo 2,Togoville,POINT (1.4744940705801923 6.238945794717717),
_mview_route_ralentisseurs.fid-7b1c8a4a_1943c5e84ca_7ba4,Maritime,Vo,Vo 2,Togoville,POINT (1.474360147837226 6.238995197361524),
_mview_route_ralentisseurs.fid-7b1c8a4a_1943c5e84ca_7ba5,Maritime,Vo,Vo 3,Dagbati,POINT (1.5311852234499788 6.422708817239445),
_mview_route_ralentisseurs.fid-7b1c8a4a_1943c5e84ca_7ba6,Maritime,Vo,Vo 1,Vogan,POINT (1.5310361077075325 6.394076843344617),
_mview_route_ralentisseurs.fid-7b1c8a4a_1943c5e84ca_7ba7,Maritime,Vo,Vo 3,Dzrékpo,POINT (1.5380762425910197 6.415504881303011),
_mview_route_ralentisseurs.fid-7b1c8a4a_1943c5e84ca_7ba8,Maritime,Vo,Vo 3,Dagbati,POINT (1.5229004801106274 6.418936528045336),
_mview_route_ralentisseurs.fid-7b1c8a4a_1943c5e84ca_7ba9,Maritime,Vo,Vo 1,Vo-Koutimé,POINT (1.5580763483229387 6.371733712343949),
_mview_route_ralentisseurs.fid-7b1c8a4a_1943c5e84ca_7baa,Maritime,Vo,Vo 1,Vogan,POINT (1.5000630993643018 6.274973588004691),
_mview_route_ralentisseurs.fid-7b1c8a4a_1943c5e84ca_7bab,Maritime,Vo,Vo 1,Vogan,POINT (1.5002605013221675 6.274871499562318),
_mview_route_ralentisseurs.fid-7b1c8a4a_1943c5e84ca_7bac,Maritime,Vo,Vo 1,Vogan,POINT (1.5015354322523338 6.269139536038195),
_mview_route_ralentisseurs.fid-7b1c8a4a_1943c5e84ca_7bad,Maritime,Vo,Vo 2,Anyron-Kopé,POINT (1.5533221537800888 6.252677123926195),
_mview_route_ralentisseurs.fid-7b1c8a4a_1943c5e84ca_7bae,Maritime,Vo,Vo 1,Vogan,POINT (1.505175263261664 6.273392824187024),
_mview_route_ralentisseurs.fid-7b1c8a4a_1943c5e84ca_7baf,Maritime,Vo,Vo 1,Vo-Koutimé,POINT (1.590944686918685 6.388819105091208),
_mview_route_ralentisseurs.fid-7b1c8a4a_1943c5e84ca_7bb0,Maritime,Vo,Vo 1,Vogan,POINT (1.5387103392038977 6.389830547838981),
_mview_route_ralentisseurs.fid-7b1c8a4a_1943c5e84ca_7bb1,Maritime,Vo,Vo 2,Togoville,POINT (1.4708424333089707 6.25976869388819),
_mview_route_ralentisseurs.fid-7b1c8a4a_1943c5e84ca_7bb2,Maritime,Vo,Vo 2,Togoville,POINT (1.4707393389110104 6.259925732659762),
_mview_route_ralentisseurs.fid-7b1c8a4a_1943c5e84ca_7bb3,Maritime,Vo,Vo 2,Togoville,POINT (1.4707797175905075 6.259863570753653),
_mview_route_ralentisseurs.fid-7b1c8a4a_1943c5e84ca_7bb4,Maritime,Vo,Vo 2,Togoville,POINT (1.4709229304919746 6.257380405225781),
_mview_route_ralentisseurs.fid-7b1c8a4a_1943c5e84ca_7bb5,Maritime,Vo,Vo 1,Vo-Koutimé,POINT (1.5853114112548892 6.3901460674080885),
_mview_route_ralentisseurs.fid-7b1c8a4a_1943c5e84ca_7bb6,Maritime,Vo,Vo 1,Vo-Koutimé,POINT (1.5815774192987047 6.392608173124873),
_mview_route_ralentisseurs.fid-7b1c8a4a_1943c5e84ca_7bb7,Maritime,Vo,Vo 1,Vo-Koutimé,POINT (1.5813121496339266 6.39310283850746),
_mview_route_ralentisseurs.fid-7b1c8a4a_1943c5e84ca_7bb8,Maritime,Vo,Vo 1,Vogan,POINT (1.5428644425700146 6.368672617744001),
_mview_route_ralentisseurs.fid-7b1c8a4a_1943c5e84ca_7bb9,Maritime,Vo,Vo 2,Togoville,POINT (1.530428896208557 6.249409524960319),BADOUGBE-BADOUGBE ANYROKOPE
_mview_route_ralentisseurs.fid-7b1c8a4a_1943c5e84ca_7bba,Maritime,Vo,Vo 1,Vogan,POINT (1.5334360090935242 6.382763438800157),
_mview_route_ralentisseurs.fid-7b1c8a4a_1943c5e84ca_7bbb,Maritime,Vo,Vo 1,Vogan,POINT (1.5362019461166017 6.372476896197387),
_mview_route_ralentisseurs.fid-7b1c8a4a_1943c5e84ca_7bbc,Maritime,Vo,Vo 2,Togoville,POINT (1.4847211253660986 6.275459160242573),
_mview_route_ralentisseurs.fid-7b1c8a4a_1943c5e84ca_7bbd,Maritime,Vo,Vo 2,Togoville,POINT (1.4850166637547848 6.275418333336557),
_mview_route_ralentisseurs.fid-7b1c8a4a_1943c5e84ca_7bbe,Maritime,Vo,Vo 2,Togoville,POINT (1.485134163353974 6.275410000000236),
_mview_route_ralentisseurs.fid-7b1c8a4a_1943c5e84ca_7bbf,Maritime,Vo,Vo 1,Vo-Koutimé,POINT (1.6006389476758762 6.379927231697153),
_mview_route_ralentisseurs.fid-7b1c8a4a_1943c5e84ca_7bc0,Maritime,Vo,Vo 1,Vo-Koutimé,POINT (1.6017161842388694 6.379010675187158),
_mview_route_ralentisseurs.fid-7b1c8a4a_1943c5e84ca_7bc1,Maritime,Vo,Vo 1,Vogan,POINT (1.5456463512377119 6.3817170793123905),
_mview_route_ralentisseurs.fid-7b1c8a4a_1943c5e84ca_7bc2,Maritime,Vo,Vo 2,Anyron-Kopé,POINT (1.5386002910004029 6.283685656068272),
_mview_route_ralentisseurs.fid-7b1c8a4a_1943c5e84ca_7bc3,Maritime,Vo,Vo 2,Togoville,POINT (1.4629271494467844 6.2602985547747325),
_mview_route_ralentisseurs.fid-7b1c8a4a_1943c5e84ca_7bc4,Maritime,Vo,Vo 2,Anyron-Kopé,POINT (1.5575894809860626 6.244904201350524),
_mview_route_ralentisseurs.fid-7b1c8a4a_1943c5e84ca_7bc5,Maritime,Vo,Vo 1,Vo-Koutimé,POINT (1.5588892344740666 6.374698907922247),VO TOKPLI-DZREKPO YOHONOU
_mview_route_ralentisseurs.fid-7b1c8a4a_1943c5e84ca_7bc6,Maritime,Vo,Vo 1,Vogan,POINT (1.4951898644214405 6.287201157184107),
_mview_route_ralentisseurs.fid-7b1c8a4a_1943c5e84ca_7bc7,Maritime,Vo,Vo 1,Vogan,POINT (1.50458942971255 6.291181602948507),
_mview_route_ralentisseurs.fid-7b1c8a4a_1943c5e84ca_7bc8,Maritime,Vo,Vo 2,Togoville,POINT (1.4536931761471086 6.249366475946314),
_mview_route_ralentisseurs.fid-7b1c8a4a_1943c5e84ca_7bc9,Maritime,Vo,Vo 2,Togoville,POINT (1.453697425927974 6.249374147554875),
_mview_route_ralentisseurs.fid-7b1c8a4a_1943c5e84ca_7bca,Maritime,Vo,Vo 1,Vogan,POINT (1.5482357763991996 6.3483792296234585),
_mview_route_ralentisseurs.fid-7b1c8a4a_1943c5e84ca_7bcb,Maritime,Vo,Vo 1,Vo-Koutimé,POINT (1.5485267547849235 6.34860325505685),
_mview_route_ralentisseurs.fid-7b1c8a4a_1943c5e84ca_7bcc,Maritime,Vo,Vo 2,Togoville,POINT (1.4544407852723722 6.274106470362328),
_mview_route_ralentisseurs.fid-7b1c8a4a_1943c5e84ca_7bcd,Maritime,Vo,Vo 2,Togoville,POINT (1.4543843111028634 6.274120588904605),
_mview_route_ralentisseurs.fid-7b1c8a4a_1943c5e84ca_7bce,Maritime,Vo,Vo 1,Vogan,POINT (1.4787828447542086 6.342203709359773),
_mview_route_ralentisseurs.fid-7b1c8a4a_1943c5e84ca_7bcf,Maritime,Vo,Vo 1,Vogan,POINT (1.4788207411895984 6.342504709544452),
_mview_route_ralentisseurs.fid-7b1c8a4a_1943c5e84ca_7bd0,Maritime,Vo,Vo 1,Vogan,POINT (1.4803130467672587 6.340898459933187),
_mview_route_ralentisseurs.fid-7b1c8a4a_1943c5e84ca_7bd1,Maritime,Vo,Vo 1,Vogan,POINT (1.479994530757356 6.341972972092889),
_mview_route_ralentisseurs.fid-7b1c8a4a_1943c5e84ca_7bd2,Maritime,Yoto,Yoto 1,Kini-Kondji,POINT (1.549976253537741 6.619615864373277),
_mview_route_ralentisseurs.fid-7b1c8a4a_1943c5e84ca_7bd3,Plateaux,Wawa,Wawa 1,Késsibo,POINT (0.5933225810264492 7.656369409966163),
_mview_route_ralentisseurs.fid-7b1c8a4a_1943c5e84ca_7bd4,Plateaux,Wawa,Wawa 1,Késsibo,POINT (0.6074248149452137 7.609539685525126),
_mview_route_ralentisseurs.fid-7b1c8a4a_1943c5e84ca_7bd5,Plateaux,Wawa,Wawa 1,Badou,POINT (0.6023054227343814 7.558747989002304),TGRPRRRN15B BADOU-TOMEGBE-FRE GHANA
_mview_route_ralentisseurs.fid-7b1c8a4a_1943c5e84ca_7bd6,Plateaux,Wawa,Wawa 3,Zogbégan,POINT (0.6729292403545762 7.578264788365118),TGRPRRRN15 TEMEDJA(RN5)-BADOU-FRE GHANA
_mview_route_ralentisseurs.fid-7b1c8a4a_1943c5e84ca_7bd7,Plateaux,Wawa,Wawa 3,Zogbégan,POINT (0.67291525267575 7.578268052156614),TGRPRRRN15 TEMEDJA(RN5)-BADOU-FRE GHANA
_mview_route_ralentisseurs.fid-7b1c8a4a_1943c5e84ca_7bd8,Maritime,Yoto,Yoto 2,Ahépé,POINT (1.3953424017672997 6.605610610891894),TGRMRRRN4 TSEVIE-TABLIGBO-ANEHO
_mview_route_ralentisseurs.fid-7b1c8a4a_1943c5e84ca_7bd9,Maritime,Yoto,Yoto 2,Ahépé,POINT (1.4047200895122762 6.607069512904938),TGRMRRRN4 TSEVIE-TABLIGBO-ANEHO
_mview_route_ralentisseurs.fid-7b1c8a4a_1943c5e84ca_7bda,Maritime,Yoto,Yoto 2,Ahépé,POINT (1.3921567712669685 6.602077273769496),TGRMRRRN4 TSEVIE-TABLIGBO-ANEHO
_mview_route_ralentisseurs.fid-7b1c8a4a_1943c5e84ca_7bdb,Maritime,Yoto,Yoto 2,Ahépé,POINT (1.3913092198590564 6.6136337450377045),
_mview_route_ralentisseurs.fid-7b1c8a4a_1943c5e84ca_7bdc,Maritime,Yoto,Yoto 2,Ahépé,POINT (1.3914423521959391 6.613555779405031),
_mview_route_ralentisseurs.fid-7b1c8a4a_1943c5e84ca_7bdd,Maritime,Yoto,Yoto 2,Ahépé,POINT (1.3984244612901198 6.6095508881328495),
_mview_route_ralentisseurs.fid-7b1c8a4a_1943c5e84ca_7bde,Maritime,Yoto,Yoto 2,Ahépé,POINT (1.397046671984963 6.610341175902998),
_mview_route_ralentisseurs.fid-7b1c8a4a_1943c5e84ca_7bdf,Maritime,Yoto,Yoto 2,Ahépé,POINT (1.3975539618385735 6.610045359580264),
_mview_route_ralentisseurs.fid-7b1c8a4a_1943c5e84ca_7be0,Maritime,Yoto,Yoto 2,Ahépé,POINT (1.3824362081552315 6.608384631504205),
_mview_route_ralentisseurs.fid-7b1c8a4a_1943c5e84ca_7be1,Maritime,Yoto,Yoto 2,Ahépé,POINT (1.3821550774242761 6.608332229852775),
_mview_route_ralentisseurs.fid-7b1c8a4a_1943c5e84ca_7be2,Maritime,Yoto,Yoto 1,Kini-Kondji,POINT (1.5331730675315918 6.611405443318442),
_mview_route_ralentisseurs.fid-7b1c8a4a_1943c5e84ca_7be3,Maritime,Yoto,Yoto 1,Amoussimé,POINT (1.5278811586664236 6.608820136062798),
_mview_route_ralentisseurs.fid-7b1c8a4a_1943c5e84ca_7be4,Maritime,Yoto,Yoto 1,Kini-Kondji,POINT (1.5375367895230951 6.6135341725673005),
_mview_route_ralentisseurs.fid-7b1c8a4a_1943c5e84ca_7be5,Maritime,Yoto,Yoto 1,Tabligbo,POINT (1.515597541926761 6.60327111871416),HOPITAL ZÉBÉ-MONNENOU
_mview_route_ralentisseurs.fid-7b1c8a4a_1943c5e84ca_7be6,Maritime,Yoto,Yoto 1,Tabligbo,POINT (1.5153019003881043 6.6033154649736305),HOPITAL ZÉBÉ-MONNENOU
_mview_route_ralentisseurs.fid-7b1c8a4a_1943c5e84ca_7be7,Maritime,Yoto,Yoto 2,Tchékpo,POINT (1.3568341136830133 6.530755181121491),TGRMRRRN4 TSEVIE-TABLIGBO-ANEHO
_mview_route_ralentisseurs.fid-7b1c8a4a_1943c5e84ca_7be8,Maritime,Yoto,Yoto 2,Tchékpo,POINT (1.3647983418975707 6.5463860255948365),TGRMRRRN4 TSEVIE-TABLIGBO-ANEHO
_mview_route_ralentisseurs.fid-7b1c8a4a_1943c5e84ca_7be9,Maritime,Yoto,Yoto 2,Tchékpo,POINT (1.362621229971904 6.5414052554665645),TGRMRRRN4 TSEVIE-TABLIGBO-ANEHO
_mview_route_ralentisseurs.fid-7b1c8a4a_1943c5e84ca_7bea,Maritime,Yoto,Yoto 2,Tchékpo,POINT (1.358259691530725 6.533214427124765),TGRMRRRN4 TSEVIE-TABLIGBO-ANEHO
_mview_route_ralentisseurs.fid-7b1c8a4a_1943c5e84ca_7beb,Maritime,Yoto,Yoto 1,Kini-Kondji,POINT (1.550614731774598 6.6199710210013505),
_mview_route_ralentisseurs.fid-7b1c8a4a_1943c5e84ca_7bec,Maritime,Yoto,Yoto 3,Tokpli,POINT (1.5671942797551681 6.624371766580375),GOGO-KONDJI AVEGAME
_mview_route_ralentisseurs.fid-7b1c8a4a_1943c5e84ca_7bed,Maritime,Yoto,Yoto 3,Tokpli,POINT (1.5674997797633516 6.624504732029105),GOGO-KONDJI AVEGAME
_mview_route_ralentisseurs.fid-7b1c8a4a_1943c5e84ca_7bee,Maritime,Yoto,Yoto 1,Tabligbo,POINT (1.504661317489815 6.596176343895736),
_mview_route_ralentisseurs.fid-7b1c8a4a_1943c5e84ca_7bef,Maritime,Yoto,Yoto 3,Gboto,POINT (1.4824328812114391 6.680250380557643),
_mview_route_ralentisseurs.fid-7b1c8a4a_1943c5e84ca_7bf0,Maritime,Yoto,Yoto 3,Gboto,POINT (1.4822271889620808 6.680566419945169),
_mview_route_ralentisseurs.fid-7b1c8a4a_1943c5e84ca_7bf1,Maritime,Yoto,Yoto 3,Gboto,POINT (1.4820864319527478 6.680830108148528),
_mview_route_ralentisseurs.fid-7b1c8a4a_1943c5e84ca_7bf2,Maritime,Yoto,Yoto 3,Gboto,POINT (1.4816275402147405 6.681938768481888),
_mview_route_ralentisseurs.fid-7b1c8a4a_1943c5e84ca_7bf3,Maritime,Yoto,Yoto 3,Gboto,POINT (1.4807919503883265 6.684550814754291),
_mview_route_ralentisseurs.fid-7b1c8a4a_1943c5e84ca_7bf4,Maritime,Yoto,Yoto 3,Gboto,POINT (1.480156224992508 6.689086294581776),
_mview_route_ralentisseurs.fid-7b1c8a4a_1943c5e84ca_7bf5,Maritime,Yoto,Yoto 1,Tabligbo,POINT (1.5010126456557404 6.5993399807114415),
_mview_route_ralentisseurs.fid-7b1c8a4a_1943c5e84ca_7bf6,Maritime,Yoto,Yoto 1,Tabligbo,POINT (1.506263705960527 6.596217294419644),
_mview_route_ralentisseurs.fid-7b1c8a4a_1943c5e84ca_7bf7,Maritime,Yoto,Yoto 1,Tabligbo,POINT (1.5169611655821726 6.605368175040127),
_mview_route_ralentisseurs.fid-7b1c8a4a_1943c5e84ca_7bf8,Maritime,Yoto,Yoto 2,Ahépé,POINT (1.3866383778765243 6.602057480803486),
_mview_route_ralentisseurs.fid-7b1c8a4a_1943c5e84ca_7bf9,Maritime,Yoto,Yoto 2,Ahépé,POINT (1.3867465790812281 6.602180079939273),
_mview_route_ralentisseurs.fid-7b1c8a4a_1943c5e84ca_7bfa,Maritime,Yoto,Yoto 2,Ahépé,POINT (1.3803720847534657 6.604735227142721),
_mview_route_ralentisseurs.fid-7b1c8a4a_1943c5e84ca_7bfb,Maritime,Yoto,Yoto 2,Ahépé,POINT (1.380599868564696 6.604942661474458),
_mview_route_ralentisseurs.fid-7b1c8a4a_1943c5e84ca_7bfc,Maritime,Yoto,Yoto 1,Amoussimé,POINT (1.5320893692418627 6.642133212525281),GAWOU KONDJI
_mview_route_ralentisseurs.fid-7b1c8a4a_1943c5e84ca_7bfd,Maritime,Yoto,Yoto 1,Tabligbo,POINT (1.486643409363186 6.594358523652223),
_mview_route_ralentisseurs.fid-7b1c8a4a_1943c5e84ca_7bfe,Maritime,Yoto,Yoto 3,Gboto,POINT (1.5265693521893242 6.68050557652907),TOMETYKONDJI-GBOTO VODOUPE
_mview_route_ralentisseurs.fid-7b1c8a4a_1943c5e84ca_7bff,Maritime,Yoto,Yoto 3,Gboto,POINT (1.526487855872294 6.680854843702116),TOMETYKONDJI-GBOTO VODOUPE
_mview_route_ralentisseurs.fid-7b1c8a4a_1943c5e84ca_7c00,Maritime,Yoto,Yoto 3,Essé-Godjin,POINT (1.5147036110296779 6.709555004298988),
_mview_route_ralentisseurs.fid-7b1c8a4a_1943c5e84ca_7c01,Maritime,Yoto,Yoto 3,Essé-Godjin,POINT (1.5161428042726448 6.708798666606067),
_mview_route_ralentisseurs.fid-7b1c8a4a_1943c5e84ca_7c02,Maritime,Yoto,Yoto 3,Essé-Godjin,POINT (1.515410673342145 6.709133209649119),
_mview_route_ralentisseurs.fid-7b1c8a4a_1943c5e84ca_7c03,Maritime,Yoto,Yoto 3,Essé-Godjin,POINT (1.516964748610494 6.7081729550373375),
_mview_route_ralentisseurs.fid-7b1c8a4a_1943c5e84ca_7c04,Maritime,Yoto,Yoto 3,Tométy-Kondji,POINT (1.5415654020816414 6.759252934650472),
_mview_route_ralentisseurs.fid-7b1c8a4a_1943c5e84ca_7c05,Maritime,Yoto,Yoto 3,Tométy-Kondji,POINT (1.5420454002455506 6.760386422397526),
_mview_route_ralentisseurs.fid-7b1c8a4a_1943c5e84ca_7c06,Maritime,Yoto,Yoto 3,Tométy-Kondji,POINT (1.5414165854588782 6.758526413333056),
_mview_route_ralentisseurs.fid-7b1c8a4a_1943c5e84ca_7c07,Maritime,Yoto,Yoto 3,Essé-Godjin,POINT (1.5684271061612642 6.737802310583055),
_mview_route_ralentisseurs.fid-7b1c8a4a_1943c5e84ca_7c08,Maritime,Yoto,Yoto 3,Essé-Godjin,POINT (1.5680661471708683 6.737564439530178),
_mview_route_ralentisseurs.fid-7b1c8a4a_1943c5e84ca_7c09,Maritime,Yoto,Yoto 3,Essé-Godjin,POINT (1.5682187398137313 6.737664778401208),
_mview_route_ralentisseurs.fid-7b1c8a4a_1943c5e84ca_7c0a,Maritime,Yoto,Yoto 3,Essé-Godjin,POINT (1.563386700197134 6.707795880689636),
_mview_route_ralentisseurs.fid-7b1c8a4a_1943c5e84ca_7c0b,Maritime,Yoto,Yoto 3,Tométy-Kondji,POINT (1.559745914647514 6.771589838516602),GBOTO-VODOUPE TOMETY-KONDJI
_mview_route_ralentisseurs.fid-7b1c8a4a_1943c5e84ca_7c0c,Maritime,Yoto,Yoto 3,Tométy-Kondji,POINT (1.5587740709882696 6.7719383166220215),GBOTO-VODOUPE TOMETY-KONDJI
_mview_route_ralentisseurs.fid-7b1c8a4a_1943c5e84ca_7c0d,Maritime,Yoto,Yoto 3,Tométy-Kondji,POINT (1.5582052198236158 6.772119709457509),GBOTO-VODOUPE TOMETY-KONDJI
_mview_route_ralentisseurs.fid-7b1c8a4a_1943c5e84ca_7c0e,Maritime,Yoto,Yoto 1,Tabligbo,POINT (1.4835892570032922 6.581259850044822),
_mview_route_ralentisseurs.fid-7b1c8a4a_1943c5e84ca_7c0f,Maritime,Yoto,Yoto 3,Essé-Godjin,POINT (1.5501848994188174 6.707777090436187),
_mview_route_ralentisseurs.fid-7b1c8a4a_1943c5e84ca_7c10,Maritime,Yoto,Yoto 1,Tabligbo,POINT (1.5126700404665026 6.58108385028847),
_mview_route_ralentisseurs.fid-7b1c8a4a_1943c5e84ca_7c11,Maritime,Yoto,Yoto 3,Essé-Godjin,POINT (1.578815888649645 6.722815407368591),
_mview_route_ralentisseurs.fid-7b1c8a4a_1943c5e84ca_7c12,Maritime,Yoto,Yoto 3,Essé-Godjin,POINT (1.5788012912407108 6.722853818515433),
_mview_route_ralentisseurs.fid-7b1c8a4a_1943c5e84ca_7c13,Maritime,Yoto,Yoto 3,Tokpli,POINT (1.6000675987391462 6.639365597680413),
_mview_route_ralentisseurs.fid-7b1c8a4a_1943c5e84ca_7c14,Maritime,Zio,Zio 2,Bolou,POINT (1.094464122974628 6.451399007478205),
_mview_route_ralentisseurs.fid-7b1c8a4a_1943c5e84ca_7c15,Maritime,Zio,Zio 2,Bolou,POINT (1.1806198296431725 6.4350096924838445),
_mview_route_ralentisseurs.fid-7b1c8a4a_1943c5e84ca_7c16,Maritime,Zio,Zio 2,Bolou,POINT (1.1804904174845086 6.4352534610203485),
_mview_route_ralentisseurs.fid-7b1c8a4a_1943c5e84ca_7c17,Maritime,Zio,Zio 2,Kovié,POINT (1.1128150849792366 6.343016770042059),
_mview_route_ralentisseurs.fid-7b1c8a4a_1943c5e84ca_7c18,Maritime,Zio,Zio 2,Kovié,POINT (1.1118559092161244 6.341986039812733),
_mview_route_ralentisseurs.fid-7b1c8a4a_1943c5e84ca_7c19,Maritime,Zio,Zio 2,Kovié,POINT (1.1111590347724916 6.341230877254791),
_mview_route_ralentisseurs.fid-7b1c8a4a_1943c5e84ca_7c1a,Maritime,Zio,Zio 2,Kovié,POINT (1.1099496206307278 6.340696244673851),
_mview_route_ralentisseurs.fid-7b1c8a4a_1943c5e84ca_7c1b,Maritime,Zio,Zio 2,Kovié,POINT (1.1091173987340839 6.340833264588493),
_mview_route_ralentisseurs.fid-7b1c8a4a_1943c5e84ca_7c1c,Maritime,Zio,Zio 2,Kovié,POINT (1.1061200573382124 6.340662748861682),
_mview_route_ralentisseurs.fid-7b1c8a4a_1943c5e84ca_7c1d,Maritime,Zio,Zio 2,Kovié,POINT (1.1056534162504457 6.340579998928451),
_mview_route_ralentisseurs.fid-7b1c8a4a_1943c5e84ca_7c1e,Maritime,Zio,Zio 2,Kovié,POINT (1.077981594759916 6.330109379685927),
_mview_route_ralentisseurs.fid-7b1c8a4a_1943c5e84ca_7c1f,Maritime,Zio,Zio 2,Kovié,POINT (1.0776966074843344 6.330005758163573),
_mview_route_ralentisseurs.fid-7b1c8a4a_1943c5e84ca_7c20,Maritime,Zio,Zio 2,Kovié,POINT (1.1118236340983516 6.337906767602176),
_mview_route_ralentisseurs.fid-7b1c8a4a_1943c5e84ca_7c21,Maritime,Zio,Zio 2,Kovié,POINT (1.0652475917430155 6.3271268887825585),
_mview_route_ralentisseurs.fid-7b1c8a4a_1943c5e84ca_7c22,Maritime,Avé,Avé 2,Noépé,POINT (1.0687076921563985 6.2979905662756535),
_mview_route_ralentisseurs.fid-7b1c8a4a_1943c5e84ca_7c23,Maritime,Zio,Zio 1,Gblainvié,POINT (1.0578746179503624 6.526141780710531),
_mview_route_ralentisseurs.fid-7b1c8a4a_1943c5e84ca_7c24,Maritime,Zio,Zio 1,Gblainvié,POINT (1.0576918504943906 6.525646518857203),
_mview_route_ralentisseurs.fid-7b1c8a4a_1943c5e84ca_7c25,Maritime,Zio,Zio 1,Gblainvié,POINT (1.057384927912719 6.5250226144466295),
_mview_route_ralentisseurs.fid-7b1c8a4a_1943c5e84ca_7c26,Maritime,Zio,Zio 1,Gblainvié,POINT (1.0571465709666374 6.5244601734396195),
_mview_route_ralentisseurs.fid-7b1c8a4a_1943c5e84ca_7c27,Maritime,Zio,Zio 1,Gblainvié,POINT (1.0508877240917918 6.518099634392399),
_mview_route_ralentisseurs.fid-7b1c8a4a_1943c5e84ca_7c28,Maritime,Zio,Zio 1,Gblainvié,POINT (1.0507541213476266 6.51750902549917),
_mview_route_ralentisseurs.fid-7b1c8a4a_1943c5e84ca_7c29,Maritime,Zio,Zio 1,Gblainvié,POINT (1.050577107449704 6.517160546564866),
_mview_route_ralentisseurs.fid-7b1c8a4a_1943c5e84ca_7c2a,Maritime,Zio,Zio 1,Gblainvié,POINT (1.0503276735599794 6.516704676213908),
_mview_route_ralentisseurs.fid-7b1c8a4a_1943c5e84ca_7c2b,Maritime,Zio,Zio 1,Gblainvié,POINT (1.0584075983365233 6.498779225602983),
_mview_route_ralentisseurs.fid-7b1c8a4a_1943c5e84ca_7c2c,Maritime,Zio,Zio 1,Gblainvié,POINT (1.0585855222342826 6.498560278256532),
_mview_route_ralentisseurs.fid-7b1c8a4a_1943c5e84ca_7c2d,Maritime,Zio,Zio 1,Gblainvié,POINT (1.0588623435647584 6.498297379774157),
_mview_route_ralentisseurs.fid-7b1c8a4a_1943c5e84ca_7c2e,Maritime,Zio,Zio 1,Gblainvié,POINT (1.1897175535570448 6.44707502565397),
_mview_route_ralentisseurs.fid-7b1c8a4a_1943c5e84ca_7c2f,Maritime,Zio,Zio 1,Gblainvié,POINT (1.1893548553780569 6.449307916128584),
_mview_route_ralentisseurs.fid-7b1c8a4a_1943c5e84ca_7c30,Maritime,Zio,Zio 1,Gblainvié,POINT (1.1893508830688733 6.45009344778688),
_mview_route_ralentisseurs.fid-7b1c8a4a_1943c5e84ca_7c31,Maritime,Zio,Zio 3,Gamé-Sèva,POINT (1.1787411368007943 6.768166303658464),
_mview_route_ralentisseurs.fid-7b1c8a4a_1943c5e84ca_7c32,Maritime,Zio,Zio 3,Gamé-Sèva,POINT (1.1799363521536521 6.768283479902887),
_mview_route_ralentisseurs.fid-7b1c8a4a_1943c5e84ca_7c33,Maritime,Zio,Zio 3,Gamé-Sèva,POINT (1.1810583700245663 6.768674653948371),
_mview_route_ralentisseurs.fid-7b1c8a4a_1943c5e84ca_7c34,Maritime,Zio,Zio 3,Gamé-Sèva,POINT (1.0847557625861786 6.817473891739252),
_mview_route_ralentisseurs.fid-7b1c8a4a_1943c5e84ca_7c35,Maritime,Zio,Zio 3,Gamé-Sèva,POINT (1.0851511631864978 6.8168494790029985),
_mview_route_ralentisseurs.fid-7b1c8a4a_1943c5e84ca_7c36,Maritime,Zio,Zio 2,Kovié,POINT (1.107369824276839 6.34139377830556),
_mview_route_ralentisseurs.fid-7b1c8a4a_1943c5e84ca_7c37,Maritime,Zio,Zio 2,Kovié,POINT (1.1105371867336127 6.343516926700268),
_mview_route_ralentisseurs.fid-7b1c8a4a_1943c5e84ca_7c38,Maritime,Zio,Zio 2,Kovié,POINT (1.111012364362044 6.343701353724483),
_mview_route_ralentisseurs.fid-7b1c8a4a_1943c5e84ca_7c39,Maritime,Zio,Zio 2,Kovié,POINT (1.1114592500187448 6.343832695521235),
_mview_route_ralentisseurs.fid-7b1c8a4a_1943c5e84ca_7c3a,Maritime,Zio,Zio 4,Gapé-Centre,POINT (1.1659306172597168 6.562733735754052),
_mview_route_ralentisseurs.fid-7b1c8a4a_1943c5e84ca_7c3b,Maritime,Zio,Zio 4,Gapé-Centre,POINT (1.140412365818236 6.588722447835533),
_mview_route_ralentisseurs.fid-7b1c8a4a_1943c5e84ca_7c3c,Maritime,Zio,Zio 4,Gapé-Centre,POINT (1.1013890320962185 6.603570175665013),
_mview_route_ralentisseurs.fid-7b1c8a4a_1943c5e84ca_7c3d,Maritime,Zio,Zio 4,Gapé-Centre,POINT (1.0978512502369686 6.603862601835953),
_mview_route_ralentisseurs.fid-7b1c8a4a_1943c5e84ca_7c3e,Maritime,Zio,Zio 3,Gamé-Sèva,POINT (1.1730646577738897 6.711383941454499),
_mview_route_ralentisseurs.fid-7b1c8a4a_1943c5e84ca_7c3f,Maritime,Zio,Zio 4,Gapé-Centre,POINT (1.1045147189545887 6.603346358809791),
_mview_route_ralentisseurs.fid-7b1c8a4a_1943c5e84ca_7c40,Maritime,Zio,Zio 4,Gapé-Centre,POINT (1.1043167650529244 6.603047170959277),
_mview_route_ralentisseurs.fid-7b1c8a4a_1943c5e84ca_7c41,Maritime,Zio,Zio 4,Gapé-Centre,POINT (1.0554662514082247 6.5975570046752035),
_mview_route_ralentisseurs.fid-7b1c8a4a_1943c5e84ca_7c42,Maritime,Zio,Zio 2,Kovié,POINT (1.1145754974770685 6.344767950287474),
_mview_route_ralentisseurs.fid-7b1c8a4a_1943c5e84ca_7c43,Maritime,Zio,Zio 2,Kovié,POINT (1.1139398367069617 6.344543329569128),
_mview_route_ralentisseurs.fid-7b1c8a4a_1943c5e84ca_7c44,Maritime,Zio,Zio 4,Gapé-Centre,POINT (0.9953815363333747 6.580079014310633),
_mview_route_ralentisseurs.fid-7b1c8a4a_1943c5e84ca_7c45,Maritime,Zio,Zio 4,Gapé-Centre,POINT (0.9958854984611725 6.55988866110311),
_mview_route_ralentisseurs.fid-7b1c8a4a_1943c5e84ca_7c46,Maritime,Zio,Zio 4,Gapé-Centre,POINT (0.9961276355198385 6.561864334765516),
_mview_route_ralentisseurs.fid-7b1c8a4a_1943c5e84ca_7c47,Maritime,Zio,Zio 4,Gapé-Centre,POINT (0.9957729277639299 6.561099414040897),
_mview_route_ralentisseurs.fid-7b1c8a4a_1943c5e84ca_7c48,Maritime,Zio,Zio 4,Gapé-Centre,POINT (0.9956310690799003 6.560565040218337),
_mview_route_ralentisseurs.fid-7b1c8a4a_1943c5e84ca_7c49,Maritime,Zio,Zio 4,Gapé-Centre,POINT (0.9936679193961521 6.58340989230224),
_mview_route_ralentisseurs.fid-7b1c8a4a_1943c5e84ca_7c4a,Maritime,Zio,Zio 1,Gbatopé,POINT (1.258316183283133 6.444516022155663),TGRMRRRN4 TSEVIE-TABLIGBO-ANEHO
_mview_route_ralentisseurs.fid-7b1c8a4a_1943c5e84ca_7c4b,Maritime,Zio,Zio 1,Gbatopé,POINT (1.2593870181756424 6.447362620631333),TGRMRRRN4 TSEVIE-TABLIGBO-ANEHO
_mview_route_ralentisseurs.fid-7b1c8a4a_1943c5e84ca_7c4c,Maritime,Zio,Zio 1,Gbatopé,POINT (1.2611802519760613 6.448909206134002),TGRMRRRN4 TSEVIE-TABLIGBO-ANEHO
_mview_route_ralentisseurs.fid-7b1c8a4a_1943c5e84ca_7c4d,Maritime,Zio,Zio 1,Gbatopé,POINT (1.262497738552853 6.449326564602005),TGRMRRRN4 TSEVIE-TABLIGBO-ANEHO
_mview_route_ralentisseurs.fid-7b1c8a4a_1943c5e84ca_7c4e,Maritime,Zio,Zio 1,Gbatopé,POINT (1.3229914556947397 6.495695455678538),TGRMRRRN4 TSEVIE-TABLIGBO-ANEHO
_mview_route_ralentisseurs.fid-7b1c8a4a_1943c5e84ca_7c4f,Maritime,Zio,Zio 3,Agbélouvé,POINT (1.0196498822169828 6.726420774583506),
_mview_route_ralentisseurs.fid-7b1c8a4a_1943c5e84ca_7c50,Maritime,Zio,Zio 3,Agbélouvé,POINT (0.9890668163255776 6.733100384266769),
_mview_route_ralentisseurs.fid-7b1c8a4a_1943c5e84ca_7c51,Maritime,Zio,Zio 3,Agbélouvé,POINT (0.9895773738614353 6.733186474787025),
_mview_route_ralentisseurs.fid-7b1c8a4a_1943c5e84ca_7c52,Maritime,Zio,Zio 3,Agbélouvé,POINT (1.0192319621021557 6.726653208537478),
_mview_route_ralentisseurs.fid-7b1c8a4a_1943c5e84ca_7c53,Maritime,Zio,Zio 3,Agbélouvé,POINT (1.0219142346279027 6.726690848593686),
_mview_route_ralentisseurs.fid-7b1c8a4a_1943c5e84ca_7c54,Maritime,Zio,Zio 3,Agbélouvé,POINT (1.0224274159417501 6.7268426003479656),
_mview_route_ralentisseurs.fid-7b1c8a4a_1943c5e84ca_7c55,Maritime,Zio,Zio 3,Agbélouvé,POINT (1.021443839409456 6.726551748512174),
_mview_route_ralentisseurs.fid-7b1c8a4a_1943c5e84ca_7c56,Maritime,Zio,Zio 3,Agbélouvé,POINT (1.0209818155288113 6.7263667019754205),
_mview_route_ralentisseurs.fid-7b1c8a4a_1943c5e84ca_7c57,Maritime,Zio,Zio 3,Agbélouvé,POINT (1.0207134823863213 6.726243038455261),
_mview_route_ralentisseurs.fid-7b1c8a4a_1943c5e84ca_7c58,Maritime,Agoè-Nyivé,Agoè-Nyivé 5,Sanguera,POINT (1.1151914455628513 6.270358504744122),
_mview_route_ralentisseurs.fid-7b1c8a4a_1943c5e84ca_7c59,Maritime,Zio,Zio 1,Gbatopé,POINT (1.340892138770187 6.4762614328744865),
_mview_route_ralentisseurs.fid-7b1c8a4a_1943c5e84ca_7c5a,Maritime,Zio,Zio 1,Gbatopé,POINT (1.3410475818838494 6.475590582508503),
_mview_route_ralentisseurs.fid-7b1c8a4a_1943c5e84ca_7c5b,Maritime,Zio,Zio 1,Gbatopé,POINT (1.3422806180699998 6.456048471338501),
_mview_route_ralentisseurs.fid-7b1c8a4a_1943c5e84ca_7c5c,Maritime,Zio,Zio 1,Gbatopé,POINT (1.3399852678461563 6.476811983232028),
_mview_route_ralentisseurs.fid-7b1c8a4a_1943c5e84ca_7c5d,Maritime,Zio,Zio 1,Kpomé,POINT (1.3595126421194308 6.29039091643234),
_mview_route_ralentisseurs.fid-7b1c8a4a_1943c5e84ca_7c5e,Maritime,Zio,Zio 1,Kpomé,POINT (1.3602870508713518 6.291959897991243),
_mview_route_ralentisseurs.fid-7b1c8a4a_1943c5e84ca_7c5f,Maritime,Zio,Zio 1,Kpomé,POINT (1.3604080283566446 6.2920725322043305),
_mview_route_ralentisseurs.fid-7b1c8a4a_1943c5e84ca_7c60,Maritime,Zio,Zio 1,Kpomé,POINT (1.3605290899368367 6.292185756606421),
_mview_route_ralentisseurs.fid-7b1c8a4a_1943c5e84ca_7c61,Maritime,Zio,Zio 1,Kpomé,POINT (1.36383425778164 6.288750725069324),
_mview_route_ralentisseurs.fid-7b1c8a4a_1943c5e84ca_7c62,Maritime,Zio,Zio 1,Kpomé,POINT (1.3627955756862997 6.28946611375999),
_mview_route_ralentisseurs.fid-7b1c8a4a_1943c5e84ca_7c63,Maritime,Zio,Zio 3,Agbélouvé,POINT (1.0583651241599898 6.777484395895142),
_mview_route_ralentisseurs.fid-7b1c8a4a_1943c5e84ca_7c64,Maritime,Agoè-Nyivé,Agoè-Nyivé 5,Sanguera,POINT (1.111662248289699 6.273861649009312),
_mview_route_ralentisseurs.fid-7b1c8a4a_1943c5e84ca_7c65,Maritime,Agoè-Nyivé,Agoè-Nyivé 5,Sanguera,POINT (1.1085563140135835 6.260130862749311),
_mview_route_ralentisseurs.fid-7b1c8a4a_1943c5e84ca_7c66,Maritime,Zio,Zio 3,Agbélouvé,POINT (1.1825617553898868 6.634774443281765),
_mview_route_ralentisseurs.fid-7b1c8a4a_1943c5e84ca_7c67,Maritime,Zio,Zio 3,Agbélouvé,POINT (1.1817845949830235 6.634996670465386),
_mview_route_ralentisseurs.fid-7b1c8a4a_1943c5e84ca_7c68,Maritime,Zio,Zio 3,Agbélouvé,POINT (1.186710981642434 6.620085395915939),
_mview_route_ralentisseurs.fid-7b1c8a4a_1943c5e84ca_7c69,Maritime,Zio,Zio 3,Agbélouvé,POINT (1.1868799649019892 6.620004097954196),
_mview_route_ralentisseurs.fid-7b1c8a4a_1943c5e84ca_7c6a,Maritime,Zio,Zio 3,Agbélouvé,POINT (1.1871635131739635 6.6199141475478),
_mview_route_ralentisseurs.fid-7b1c8a4a_1943c5e84ca_7c6b,Maritime,Zio,Zio 3,Agbélouvé,POINT (1.186219329675236 6.620310251910658),
_mview_route_ralentisseurs.fid-7b1c8a4a_1943c5e84ca_7c6c,Maritime,Agoè-Nyivé,Agoè-Nyivé 5,Sanguera,POINT (1.097926805849036 6.262498522987182),
_mview_route_ralentisseurs.fid-7b1c8a4a_1943c5e84ca_7c6d,Maritime,Zio,Zio 2,Mission-Tové,POINT (1.121579699002177 6.328038364928513),
_mview_route_ralentisseurs.fid-7b1c8a4a_1943c5e84ca_7c6e,Maritime,Agoè-Nyivé,Agoè-Nyivé 5,Sanguera,POINT (1.1294337943426638 6.27330687725083),
_mview_route_ralentisseurs.fid-7b1c8a4a_1943c5e84ca_7c6f,Maritime,Zio,Zio 2,Mission-Tové,POINT (1.1141149590143602 6.3237661309999655),
_mview_route_ralentisseurs.fid-7b1c8a4a_1943c5e84ca_7c70,Maritime,Zio,Zio 4,Gapé-Centre,POINT (1.2066847395916807 6.575439460522283),
_mview_route_ralentisseurs.fid-7b1c8a4a_1943c5e84ca_7c71,Maritime,Zio,Zio 4,Gapé-Centre,POINT (1.1894251605167538 6.574698227958948),
_mview_route_ralentisseurs.fid-7b1c8a4a_1943c5e84ca_7c72,Maritime,Zio,Zio 4,Gapé-Centre,POINT (1.2179780528215178 6.571975032101336),
_mview_route_ralentisseurs.fid-7b1c8a4a_1943c5e84ca_7c73,Maritime,Zio,Zio 4,Gapé-Centre,POINT (1.207617229432047 6.575377496154521),
_mview_route_ralentisseurs.fid-7b1c8a4a_1943c5e84ca_7c74,Maritime,Zio,Zio 4,Gapé-Centre,POINT (1.2177537865046528 6.572064400393564),
_mview_route_ralentisseurs.fid-7b1c8a4a_1943c5e84ca_7c75,Maritime,Zio,Zio 4,Gapé-Centre,POINT (1.204840195119984 6.575069285804954),
_mview_route_ralentisseurs.fid-7b1c8a4a_1943c5e84ca_7c76,Maritime,Zio,Zio 2,Mission-Tové,POINT (1.1177862353067545 6.316561278864945),
_mview_route_ralentisseurs.fid-7b1c8a4a_1943c5e84ca_7c77,Maritime,Zio,Zio 1,Dalavé,POINT (1.242965341121275 6.389756299105305),
_mview_route_ralentisseurs.fid-7b1c8a4a_1943c5e84ca_7c78,Maritime,Zio,Zio 1,Davié,POINT (1.1865600962916716 6.3826855860175185),
_mview_route_ralentisseurs.fid-7b1c8a4a_1943c5e84ca_7c79,Maritime,Zio,Zio 1,Davié,POINT (1.1573905237425905 6.363986672613104),
_mview_route_ralentisseurs.fid-7b1c8a4a_1943c5e84ca_7c7a,Maritime,Zio,Zio 1,Davié,POINT (1.155573317367709 6.36251335083083),
_mview_route_ralentisseurs.fid-7b1c8a4a_1943c5e84ca_7c7b,Maritime,Zio,Zio 1,Davié,POINT (1.1552916888074598 6.362248309068183),
_mview_route_ralentisseurs.fid-7b1c8a4a_1943c5e84ca_7c7c,Maritime,Zio,Zio 1,Tsévié,POINT (1.20821751691567 6.448985537337173),
_mview_route_ralentisseurs.fid-7b1c8a4a_1943c5e84ca_7c7d,Maritime,Zio,Zio 1,Davié,POINT (1.2027380822146982 6.393665752534841),
_mview_route_ralentisseurs.fid-7b1c8a4a_1943c5e84ca_7c7e,Maritime,Zio,Zio 1,Davié,POINT (1.200665656625976 6.390346380763706),
_mview_route_ralentisseurs.fid-7b1c8a4a_1943c5e84ca_7c7f,Maritime,Zio,Zio 1,Davié,POINT (1.1908189172621053 6.388974403304841),
_mview_route_ralentisseurs.fid-7b1c8a4a_1943c5e84ca_7c80,Maritime,Zio,Zio 4,Gapé-Centre,POINT (1.1953852664040752 6.582688999867214),
_mview_route_ralentisseurs.fid-7b1c8a4a_1943c5e84ca_7c81,Maritime,Zio,Zio 4,Gapé-Centre,POINT (1.195023955319299 6.583413242762726),
_mview_route_ralentisseurs.fid-7b1c8a4a_1943c5e84ca_7c82,Maritime,Zio,Zio 4,Gapé-Centre,POINT (1.1846883314772128 6.5559923472716175),
_mview_route_ralentisseurs.fid-7b1c8a4a_1943c5e84ca_7c83,Maritime,Zio,Zio 4,Gapé-Centre,POINT (1.1922185221814825 6.58843060398213),
_mview_route_ralentisseurs.fid-7b1c8a4a_1943c5e84ca_7c84,Maritime,Zio,Zio 4,Gapé-Centre,POINT (1.1924979777444715 6.588480537902597),
_mview_route_ralentisseurs.fid-7b1c8a4a_1943c5e84ca_7c85,Maritime,Zio,Zio 4,Gapé-Centre,POINT (1.192596378679653 6.58852554004799),
_mview_route_ralentisseurs.fid-7b1c8a4a_1943c5e84ca_7c86,Maritime,Zio,Zio 4,Gapé-Centre,POINT (1.1938190306794192 6.582373243068164),
_mview_route_ralentisseurs.fid-7b1c8a4a_1943c5e84ca_7c87,Maritime,Zio,Zio 4,Gapé-Centre,POINT (1.1837193968181758 6.554312289486643),
_mview_route_ralentisseurs.fid-7b1c8a4a_1943c5e84ca_7c88,Maritime,Zio,Zio 4,Gapé-Centre,POINT (1.1806266079571932 6.555801561488846),
_mview_route_ralentisseurs.fid-7b1c8a4a_1943c5e84ca_7c89,Maritime,Zio,Zio 4,Gapé-Centre,POINT (1.1800282458423048 6.556069078462666),
_mview_route_ralentisseurs.fid-7b1c8a4a_1943c5e84ca_7c8a,Maritime,Zio,Zio 4,Gapé-Centre,POINT (1.1849657870945063 6.576145835366585),
_mview_route_ralentisseurs.fid-7b1c8a4a_1943c5e84ca_7c8b,Maritime,Zio,Zio 4,Gapé-Centre,POINT (1.1850419484852375 6.576207793536037),
_mview_route_ralentisseurs.fid-7b1c8a4a_1943c5e84ca_7c8c,Maritime,Zio,Zio 1,Tsévié,POINT (1.2169606946424238 6.432754577741345),
_mview_route_ralentisseurs.fid-7b1c8a4a_1943c5e84ca_7c8d,Maritime,Zio,Zio 1,Tsévié,POINT (1.2133102829385736 6.431663140202811),
_mview_route_ralentisseurs.fid-7b1c8a4a_1943c5e84ca_7c8e,Maritime,Zio,Zio 1,Tsévié,POINT (1.2138779926290881 6.43274253083745),
_mview_route_ralentisseurs.fid-7b1c8a4a_1943c5e84ca_7c8f,Maritime,Zio,Zio 1,Tsévié,POINT (1.2172705867445808 6.4146077097492284),
_mview_route_ralentisseurs.fid-7b1c8a4a_1943c5e84ca_7c90,Maritime,Zio,Zio 1,Tsévié,POINT (1.2176420169263713 6.413992588813625),
_mview_route_ralentisseurs.fid-7b1c8a4a_1943c5e84ca_7c91,Maritime,Zio,Zio 1,Tsévié,POINT (1.2128746448331291 6.405473945119291),
_mview_route_ralentisseurs.fid-7b1c8a4a_1943c5e84ca_7c92,Maritime,Zio,Zio 1,Tsévié,POINT (1.2127518566032067 6.405580227172202),
_mview_route_ralentisseurs.fid-7b1c8a4a_1943c5e84ca_7c93,Maritime,Zio,Zio 1,Davié,POINT (1.156453778528552 6.378462535468372),
_mview_route_ralentisseurs.fid-7b1c8a4a_1943c5e84ca_7c94,Maritime,Zio,Zio 1,Tsévié,POINT (1.2106354711991716 6.4337276502414245),
_mview_route_ralentisseurs.fid-7b1c8a4a_1943c5e84ca_7c95,Maritime,Zio,Zio 1,Tsévié,POINT (1.2058926229746443 6.430260571094406),
_mview_route_ralentisseurs.fid-7b1c8a4a_1943c5e84ca_7c96,Maritime,Zio,Zio 1,Davié,POINT (1.1586339951040792 6.366280408014784),
_mview_route_ralentisseurs.fid-7b1c8a4a_1943c5e84ca_7c97,Maritime,Zio,Zio 1,Davié,POINT (1.1628424581070598 6.368628788398071),
_mview_route_ralentisseurs.fid-7b1c8a4a_1943c5e84ca_7c98,Maritime,Zio,Zio 1,Davié,POINT (1.1620853621918734 6.370007645910434),
_mview_route_ralentisseurs.fid-7b1c8a4a_1943c5e84ca_7c99,Maritime,Zio,Zio 1,Dalavé,POINT (1.2601385590424539 6.314006887670129),
_mview_route_ralentisseurs.fid-7b1c8a4a_1943c5e84ca_7c9a,Maritime,Zio,Zio 1,Dalavé,POINT (1.2606627838503128 6.31363147322614),
_mview_route_ralentisseurs.fid-7b1c8a4a_1943c5e84ca_7c9b,Maritime,Zio,Zio 1,Kpomé,POINT (1.3072930618028582 6.294240390145424),
_mview_route_ralentisseurs.fid-7b1c8a4a_1943c5e84ca_7c9c,Maritime,Agoè-Nyivé,Agoè-Nyivé 6,Adétikopé,POINT (1.2428992147083078 6.316533776148879),
_mview_route_ralentisseurs.fid-7b1c8a4a_1943c5e84ca_7c9d,Maritime,Zio,Zio 1,Gblainvié,POINT (1.1548370565459896 6.531527306233305),
_mview_route_ralentisseurs.fid-7b1c8a4a_1943c5e84ca_7c9e,Maritime,Zio,Zio 1,Gblainvié,POINT (1.1552114823525932 6.531198517647981),
_mview_route_ralentisseurs.fid-7b1c8a4a_1943c5e84ca_7c9f,Maritime,Zio,Zio 1,Kpomé,POINT (1.3159831955789796 6.307937874155814),
_mview_route_ralentisseurs.fid-7b1c8a4a_1943c5e84ca_7ca0,Maritime,Zio,Zio 1,Abobo,POINT (1.2897997815285307 6.2721315094339065),TGRMRRRN34 LOME-VOGAN-ANFOIN
_mview_route_ralentisseurs.fid-7b1c8a4a_1943c5e84ca_7ca1,Maritime,Zio,Zio 1,Abobo,POINT (1.289266583756049 6.271393250423163),TGRMRRRN34 LOME-VOGAN-ANFOIN
_mview_route_ralentisseurs.fid-7b1c8a4a_1943c5e84ca_7ca2,Maritime,Agoè-Nyivé,Agoè-Nyivé 6,Adétikopé,POINT (1.2353973448236104 6.3234975738185355),
_mview_route_ralentisseurs.fid-7b1c8a4a_1943c5e84ca_7ca3,Maritime,Agoè-Nyivé,Agoè-Nyivé 6,Adétikopé,POINT (1.2352527919965408 6.323588547688683),
_mview_route_ralentisseurs.fid-7b1c8a4a_1943c5e84ca_7ca4,Maritime,Agoè-Nyivé,Agoè-Nyivé 6,Adétikopé,POINT (1.244963841831366 6.33093829510053),
_mview_route_ralentisseurs.fid-7b1c8a4a_1943c5e84ca_7ca5,Maritime,Agoè-Nyivé,Agoè-Nyivé 6,Adétikopé,POINT (1.234239215493966 6.317171074003293),
_mview_route_ralentisseurs.fid-7b1c8a4a_1943c5e84ca_7ca6,Maritime,Agoè-Nyivé,Agoè-Nyivé 6,Adétikopé,POINT (1.2343232830526039 6.31710911042148),
_mview_route_ralentisseurs.fid-7b1c8a4a_1943c5e84ca_7ca7,Maritime,Zio,Zio 4,Gapé-Centre,POINT (1.187002615015591 6.548085000000097),
_mview_route_ralentisseurs.fid-7b1c8a4a_1943c5e84ca_7ca8,Maritime,Zio,Zio 1,Davié,POINT (1.1767520367669042 6.353372306907136),
_mview_route_ralentisseurs.fid-7b1c8a4a_1943c5e84ca_7ca9,Maritime,Zio,Zio 1,Davié,POINT (1.1947650017440146 6.358062153489299),
_mview_route_ralentisseurs.fid-7b1c8a4a_1943c5e84ca_7caa,Maritime,Zio,Zio 1,Djagblé,POINT (1.2784854443730622 6.248795272603479),TGRMRRRN34 LOME-VOGAN-ANFOIN
_mview_route_ralentisseurs.fid-7b1c8a4a_1943c5e84ca_7cab,Maritime,Zio,Zio 1,Djagblé,POINT (1.2832939611216656 6.255673665912315),TGRMRRRN34 LOME-VOGAN-ANFOIN
_mview_route_ralentisseurs.fid-7b1c8a4a_1943c5e84ca_7cac,Maritime,Zio,Zio 1,Abobo,POINT (1.3467534146977764 6.215286863966211),
_mview_route_ralentisseurs.fid-7b1c8a4a_1943c5e84ca_7cad,Maritime,Zio,Zio 1,Davié,POINT (1.202112183271034 6.361096191801517),
_mview_route_ralentisseurs.fid-7b1c8a4a_1943c5e84ca_7cae,Maritime,Zio,Zio 1,Davié,POINT (1.1995952347392975 6.359684015462326),
_mview_route_ralentisseurs.fid-7b1c8a4a_1943c5e84ca_7caf,Maritime,Zio,Zio 1,Davié,POINT (1.1992920706693813 6.359746385811742),
_mview_route_ralentisseurs.fid-7b1c8a4a_1943c5e84ca_7cb0,Maritime,Zio,Zio 1,Davié,POINT (1.2048459818503758 6.359077243928226),
_mview_route_ralentisseurs.fid-7b1c8a4a_1943c5e84ca_7cb1,Maritime,Zio,Zio 1,Davié,POINT (1.2068782075157574 6.371744395973463),TGRMRRRN1 LOME-AMAKPAPE
_mview_route_ralentisseurs.fid-7b1c8a4a_1943c5e84ca_7cb2,Maritime,Agoè-Nyivé,Agoè-Nyivé 6,Adétikopé,POINT (1.2038063407999786 6.353722019829137),
_mview_route_ralentisseurs.fid-7b1c8a4a_1943c5e84ca_7cb3,Maritime,Agoè-Nyivé,Agoè-Nyivé 6,Adétikopé,POINT (1.2037304648852043 6.353740988780126),
_mview_route_ralentisseurs.fid-7b1c8a4a_1943c5e84ca_7cb4,Maritime,Zio,Zio 1,Kpomé,POINT (1.3606416777247226 6.287258708533585),
_mview_route_ralentisseurs.fid-7b1c8a4a_1943c5e84ca_7cb5,Maritime,Zio,Zio 1,Djagblé,POINT (1.2822509806492068 6.248547021972476),
_mview_route_ralentisseurs.fid-7b1c8a4a_1943c5e84ca_7cb6,Maritime,Zio,Zio 1,Davié,POINT (1.200178239922449 6.3846177464909335),
_mview_route_ralentisseurs.fid-7b1c8a4a_1943c5e84ca_7cb7,Maritime,Zio,Zio 1,Davié,POINT (1.201131730683098 6.383134521677128),
_mview_route_ralentisseurs.fid-7b1c8a4a_1943c5e84ca_7cb8,Maritime,Zio,Zio 1,Davié,POINT (1.2016440628530285 6.38374730064115),
_mview_route_ralentisseurs.fid-7b1c8a4a_1943c5e84ca_7cb9,Maritime,Zio,Zio 1,Davié,POINT (1.2019430244744045 6.381488649316983),
_mview_route_ralentisseurs.fid-7b1c8a4a_1943c5e84ca_7cba,Maritime,Zio,Zio 1,Davié,POINT (1.2004498316530061 6.381340605393906),
_mview_route_ralentisseurs.fid-7b1c8a4a_1943c5e84ca_7cbb,Maritime,Zio,Zio 1,Davié,POINT (1.2008854543041734 6.381093659252247),
_mview_route_ralentisseurs.fid-7b1c8a4a_1943c5e84ca_7cbc,Maritime,Zio,Zio 1,Davié,POINT (1.2009307626511436 6.380922404860041),
_mview_route_ralentisseurs.fid-7b1c8a4a_1943c5e84ca_7cbd,Maritime,Zio,Zio 1,Djagblé,POINT (1.2888007105965071 6.251567296809185),
_mview_route_ralentisseurs.fid-7b1c8a4a_1943c5e84ca_7cbe,Maritime,Zio,Zio 1,Djagblé,POINT (1.2921312879179896 6.250363952806518),
_mview_route_ralentisseurs.fid-7b1c8a4a_1943c5e84ca_7cbf,Maritime,Zio,Zio 1,Abobo,POINT (1.2850277117834064 6.285245142787896),
_mview_route_ralentisseurs.fid-7b1c8a4a_1943c5e84ca_7cc0,Maritime,Zio,Zio 1,Abobo,POINT (1.2850796711139902 6.285040986659797),
_mview_route_ralentisseurs.fid-7b1c8a4a_1943c5e84ca_7cc1,Maritime,Zio,Zio 1,Abobo,POINT (1.2935775190165515 6.271616710744505),
_mview_route_ralentisseurs.fid-7b1c8a4a_1943c5e84ca_7cc2,Maritime,Zio,Zio 1,Abobo,POINT (1.2935537170156866 6.271779979680637),
_mview_route_ralentisseurs.fid-7b1c8a4a_1943c5e84ca_7cc3,Maritime,Zio,Zio 1,Abobo,POINT (1.293543378204203 6.271840213378755),
_mview_route_ralentisseurs.fid-7b1c8a4a_1943c5e84ca_7cc4,Maritime,Zio,Zio 1,Davié,POINT (1.172875939232818 6.3688179658574775),
_mview_route_ralentisseurs.fid-7b1c8a4a_1943c5e84ca_7cc5,Maritime,Zio,Zio 1,Tsévié,POINT (1.2050784900190978 6.436745561287868),
_mview_route_ralentisseurs.fid-7b1c8a4a_1943c5e84ca_7cc6,Maritime,Zio,Zio 1,Tsévié,POINT (1.2093380516211352 6.437482050799276),
_mview_route_ralentisseurs.fid-7b1c8a4a_1943c5e84ca_7cc7,Maritime,Zio,Zio 1,Davié,POINT (1.194893428862827 6.378021732358443),
_mview_route_ralentisseurs.fid-7b1c8a4a_1943c5e84ca_7cc8,Maritime,Zio,Zio 1,Abobo,POINT (1.3346198175205293 6.271688358500448),
_mview_route_ralentisseurs.fid-7b1c8a4a_1943c5e84ca_7cc9,Maritime,Zio,Zio 1,Tsévié,POINT (1.2125707909768801 6.442760318633048),
_mview_route_ralentisseurs.fid-7b1c8a4a_1943c5e84ca_7cca,Maritime,Zio,Zio 1,Abobo,POINT (1.2897913902415445 6.261077870973802),
_mview_route_ralentisseurs.fid-7b1c8a4a_1943c5e84ca_7ccb,Maritime,Zio,Zio 1,Abobo,POINT (1.2899489850218822 6.260911739703465),
_mview_route_ralentisseurs.fid-7b1c8a4a_1943c5e84ca_7ccc,Maritime,Zio,Zio 1,Abobo,POINT (1.2909256521329457 6.259724169499163),
_mview_route_ralentisseurs.fid-7b1c8a4a_1943c5e84ca_7ccd,Maritime,Zio,Zio 1,Abobo,POINT (1.291186418544233 6.259433103874139),
_mview_route_ralentisseurs.fid-7b1c8a4a_1943c5e84ca_7cce,Maritime,Zio,Zio 1,Djagblé,POINT (1.270686989416551 6.267610034279881),
_mview_route_ralentisseurs.fid-7b1c8a4a_1943c5e84ca_7ccf,Maritime,Zio,Zio 1,Djagblé,POINT (1.2706971654976014 6.267513022310677),
_mview_route_ralentisseurs.fid-7b1c8a4a_1943c5e84ca_7cd0,Maritime,Zio,Zio 1,Djagblé,POINT (1.2706962300526246 6.267290629363167),
_mview_route_ralentisseurs.fid-7b1c8a4a_1943c5e84ca_7cd1,Maritime,Zio,Zio 1,Djagblé,POINT (1.2701617441898192 6.257104322229986),
_mview_route_ralentisseurs.fid-7b1c8a4a_1943c5e84ca_7cd2,Maritime,Zio,Zio 1,Djagblé,POINT (1.2704513847411076 6.2717213313625875),
_mview_route_ralentisseurs.fid-7b1c8a4a_1943c5e84ca_7cd3,Maritime,Zio,Zio 1,Djagblé,POINT (1.2690266889029398 6.266186627200983),
_mview_route_ralentisseurs.fid-7b1c8a4a_1943c5e84ca_7cd4,Maritime,Zio,Zio 1,Tsévié,POINT (1.2138216409274885 6.429442578915214),
_mview_route_ralentisseurs.fid-7b1c8a4a_1943c5e84ca_7cd5,Maritime,Zio,Zio 1,Tsévié,POINT (1.2209098285364657 6.425292289117905),
_mview_route_ralentisseurs.fid-7b1c8a4a_1943c5e84ca_7cd6,Maritime,Zio,Zio 1,Tsévié,POINT (1.219591713744507 6.427728311050207),
_mview_route_ralentisseurs.fid-7b1c8a4a_1943c5e84ca_7cd7,Maritime,Zio,Zio 1,Tsévié,POINT (1.2204278638611303 6.427548355747901),
_mview_route_ralentisseurs.fid-7b1c8a4a_1943c5e84ca_7cd8,Maritime,Zio,Zio 1,Tsévié,POINT (1.2163563937886102 6.428318816967624),
_mview_route_ralentisseurs.fid-7b1c8a4a_1943c5e84ca_7cd9,Maritime,Zio,Zio 1,Tsévié,POINT (1.218722114107817 6.427885804791655),
_mview_route_ralentisseurs.fid-7b1c8a4a_1943c5e84ca_7cda,Maritime,Zio,Zio 1,Tsévié,POINT (1.2177785258626075 6.428061309834142),
_mview_route_ralentisseurs.fid-7b1c8a4a_1943c5e84ca_7cdb,Maritime,Zio,Zio 1,Tsévié,POINT (1.214408184909571 6.428661132848468),
_mview_route_ralentisseurs.fid-7b1c8a4a_1943c5e84ca_7cdc,Maritime,Zio,Zio 1,Davié,POINT (1.1916768303018064 6.38245569299257),
_mview_route_ralentisseurs.fid-7b1c8a4a_1943c5e84ca_7cdd,Maritime,Zio,Zio 1,Davié,POINT (1.191874780913405 6.38490721278688),
_mview_route_ralentisseurs.fid-7b1c8a4a_1943c5e84ca_7cde,Maritime,Zio,Zio 1,Davié,POINT (1.196520288555491 6.381558928008408),
_mview_route_ralentisseurs.fid-7b1c8a4a_1943c5e84ca_7cdf,Maritime,Zio,Zio 1,Davié,POINT (1.1952086838773976 6.382770924737878),
_mview_route_ralentisseurs.fid-7b1c8a4a_1943c5e84ca_7ce0,Maritime,Zio,Zio 1,Davié,POINT (1.1957601309304586 6.382849465498045),
_mview_route_ralentisseurs.fid-7b1c8a4a_1943c5e84ca_7ce1,Maritime,Zio,Zio 1,Davié,POINT (1.1955032267340542 6.382801324133506),
_mview_route_ralentisseurs.fid-7b1c8a4a_1943c5e84ca_7ce2,Maritime,Zio,Zio 1,Davié,POINT (1.1979656536286325 6.380018242583513),
_mview_route_ralentisseurs.fid-7b1c8a4a_1943c5e84ca_7ce3,Maritime,Zio,Zio 1,Davié,POINT (1.1986144810621202 6.384096010010261),
_mview_route_ralentisseurs.fid-7b1c8a4a_1943c5e84ca_7ce4,Maritime,Zio,Zio 1,Djagblé,POINT (1.272989946406865 6.2654633509242945),
_mview_route_ralentisseurs.fid-7b1c8a4a_1943c5e84ca_7ce5,Maritime,Zio,Zio 1,Djagblé,POINT (1.2730003328664274 6.265694685958783),
_mview_route_ralentisseurs.fid-7b1c8a4a_1943c5e84ca_7ce6,Maritime,Zio,Zio 1,Djagblé,POINT (1.273051073483978 6.264102718384618),
_mview_route_ralentisseurs.fid-7b1c8a4a_1943c5e84ca_7ce7,Maritime,Zio,Zio 1,Djagblé,POINT (1.2724400895715258 6.262934636052711),
_mview_route_ralentisseurs.fid-7b1c8a4a_1943c5e84ca_7ce8,Maritime,Zio,Zio 1,Djagblé,POINT (1.2778365518530361 6.262588275007812),
_mview_route_ralentisseurs.fid-7b1c8a4a_1943c5e84ca_7ce9,Maritime,Zio,Zio 1,Djagblé,POINT (1.2736894966445536 6.262915920379982),
_mview_route_ralentisseurs.fid-7b1c8a4a_1943c5e84ca_7cea,Maritime,Zio,Zio 1,Djagblé,POINT (1.2725651387715375 6.262934318698161),
_mview_route_ralentisseurs.fid-7b1c8a4a_1943c5e84ca_7ceb,Maritime,Zio,Zio 1,Djagblé,POINT (1.2790736532269402 6.263265937098297),
_mview_route_ralentisseurs.fid-7b1c8a4a_1943c5e84ca_7cec,Maritime,Zio,Zio 1,Djagblé,POINT (1.278986812151968 6.263252399684434),
_mview_route_ralentisseurs.fid-7b1c8a4a_1943c5e84ca_7ced,Maritime,Zio,Zio 1,Abobo,POINT (1.3090976429087449 6.25387034146907),
_mview_route_ralentisseurs.fid-7b1c8a4a_1943c5e84ca_7cee,Maritime,Zio,Zio 1,Abobo,POINT (1.310640676701283 6.24893009685996),
_mview_route_ralentisseurs.fid-7b1c8a4a_1943c5e84ca_7cef,Maritime,Zio,Zio 1,Abobo,POINT (1.2993437240183747 6.240655743986124),
_mview_route_ralentisseurs.fid-7b1c8a4a_1943c5e84ca_7cf0,Maritime,Zio,Zio 1,Abobo,POINT (1.299095336864697 6.240223907251109),
_mview_route_ralentisseurs.fid-7b1c8a4a_1943c5e84ca_7cf1,Maritime,Zio,Zio 1,Abobo,POINT (1.2801848639520863 6.280454751843006),
_mview_route_ralentisseurs.fid-7b1c8a4a_1943c5e84ca_7cf2,Maritime,Zio,Zio 1,Abobo,POINT (1.2955791255239308 6.2535327649534125),
_mview_route_ralentisseurs.fid-7b1c8a4a_1943c5e84ca_7cf3,Maritime,Zio,Zio 1,Djagblé,POINT (1.2765712373736073 6.254054816432206),
_mview_route_ralentisseurs.fid-7b1c8a4a_1943c5e84ca_7cf4,Maritime,Zio,Zio 1,Djagblé,POINT (1.2721562697624986 6.264783775153199),
_mview_route_ralentisseurs.fid-7b1c8a4a_1943c5e84ca_7cf5,Maritime,Zio,Zio 1,Djagblé,POINT (1.28054539666387 6.256703370866083),
_mview_route_ralentisseurs.fid-7b1c8a4a_1943c5e84ca_7cf6,Maritime,Zio,Zio 1,Abobo,POINT (1.3031670454790796 6.244950036739805),
_mview_route_ralentisseurs.fid-7b1c8a4a_1943c5e84ca_7cf7,Maritime,Zio,Zio 1,Abobo,POINT (1.2845076906011434 6.2710614450283835),
_mview_route_ralentisseurs.fid-7b1c8a4a_1943c5e84ca_7cf8,Maritime,Zio,Zio 1,Abobo,POINT (1.284515935356435 6.271099920552409),
_mview_route_ralentisseurs.fid-7b1c8a4a_1943c5e84ca_7cf9,Maritime,Zio,Zio 1,Tsévié,POINT (1.2191247757625199 6.432831821767579),
_mview_route_ralentisseurs.fid-7b1c8a4a_1943c5e84ca_7cfa,Maritime,Zio,Zio 1,Tsévié,POINT (1.2157952859269752 6.434571432400024),
_mview_route_ralentisseurs.fid-7b1c8a4a_1943c5e84ca_7cfb,Maritime,Zio,Zio 1,Tsévié,POINT (1.2152982634846086 6.434855592361772),
_mview_route_ralentisseurs.fid-7b1c8a4a_1943c5e84ca_7cfc,Maritime,Zio,Zio 1,Davié,POINT (1.2086975813653293 6.368492554957699),
_mview_route_ralentisseurs.fid-7b1c8a4a_1943c5e84ca_7cfd,Maritime,Zio,Zio 1,Davié,POINT (1.2077926740245468 6.3715645638350935),
_mview_route_ralentisseurs.fid-7b1c8a4a_1943c5e84ca_7cfe,Maritime,Zio,Zio 1,Davié,POINT (1.2077273392990158 6.372299297583348),
_mview_route_ralentisseurs.fid-7b1c8a4a_1943c5e84ca_7cff,Maritime,Zio,Zio 1,Tsévié,POINT (1.2085235444340996 6.415642196686073),
_mview_route_ralentisseurs.fid-7b1c8a4a_1943c5e84ca_7d00,Maritime,Zio,Zio 1,Tsévié,POINT (1.203649750331832 6.404460634704991),
_mview_route_ralentisseurs.fid-7b1c8a4a_1943c5e84ca_7d01,Maritime,Zio,Zio 1,Tsévié,POINT (1.192714984734199 6.432778803885394),
_mview_route_ralentisseurs.fid-7b1c8a4a_1943c5e84ca_7d02,Maritime,Zio,Zio 1,Tsévié,POINT (1.2107010440522297 6.4213237705906465),
_mview_route_ralentisseurs.fid-7b1c8a4a_1943c5e84ca_7d03,Maritime,Zio,Zio 1,Abobo,POINT (1.3069575822934136 6.235556366015924),
_mview_route_ralentisseurs.fid-7b1c8a4a_1943c5e84ca_7d04,Maritime,Zio,Zio 1,Abobo,POINT (1.3069762290825615 6.23534658970851),
