SortOrder,LocID,Notes,ISO3_code,ISO2_code,SDMX_code,LocTypeID,LocTypeName,ParentID,Location,VarID,Variant,Time,MidPeriod,AgeGrp,AgeGrpStart,AgeGrpSpan,PopMale,PopFemale,PopTotal
125,768,,TGO,TG,768,4,Country/Area,914,Togo,2,Medium,1950,1950,0,0,1,29.64,29.308,58.947
125,768,,TGO,TG,768,4,Country/Area,914,Togo,2,Medium,1950,1950,1,1,1,25.921,25.848,51.769
125,768,,TGO,TG,768,4,Country/Area,914,Togo,2,Medium,1950,1950,2,2,1,23.761,23.897,47.657
125,768,,TGO,TG,768,4,Country/Area,914,Togo,2,Medium,1950,1950,3,3,1,22.173,22.429,44.602
125,768,,TGO,TG,768,4,Country/Area,914,Togo,2,Medium,1950,1950,4,4,1,20.82,21.035,41.854
125,768,,TGO,TG,768,4,Country/Area,914,Togo,2,Medium,1950,1950,5,5,1,19.71,19.834,39.544
125,768,,TGO,TG,768,4,Country/Area,914,Togo,2,Medium,1950,1950,6,6,1,18.86,18.988,37.848
125,768,,TGO,TG,768,4,Country/Area,914,Togo,2,Medium,1950,1950,7,7,1,18.086,18.245,36.331
125,768,,TGO,TG,768,4,Country/Area,914,Togo,2,Medium,1950,1950,8,8,1,17.4,17.604,35.004
125,768,,TGO,TG,768,4,Country/Area,914,Togo,2,Medium,1950,1950,9,9,1,16.809,17.058,33.867
125,768,,TGO,TG,768,4,Country/Area,914,Togo,2,Medium,1950,1950,10,10,1,16.302,16.602,32.904
125,768,,TGO,TG,768,4,Country/Area,914,Togo,2,Medium,1950,1950,11,11,1,15.857,16.231,32.089
125,768,,TGO,TG,768,4,Country/Area,914,Togo,2,Medium,1950,1950,12,12,1,15.436,15.862,31.298
125,768,,TGO,TG,768,4,Country/Area,914,Togo,2,Medium,1950,1950,13,13,1,15.005,15.423,30.428
125,768,,TGO,TG,768,4,Country/Area,914,Togo,2,Medium,1950,1950,14,14,1,14.577,14.95,29.527
125,768,,TGO,TG,768,4,Country/Area,914,Togo,2,Medium,1950,1950,15,15,1,14.188,14.528,28.716
125,768,,TGO,TG,768,4,Country/Area,914,Togo,2,Medium,1950,1950,16,16,1,13.842,14.159,28.002
125,768,,TGO,TG,768,4,Country/Area,914,Togo,2,Medium,1950,1950,17,17,1,13.493,13.789,27.282
125,768,,TGO,TG,768,4,Country/Area,914,Togo,2,Medium,1950,1950,18,18,1,13.116,13.409,26.524
125,768,,TGO,TG,768,4,Country/Area,914,Togo,2,Medium,1950,1950,19,19,1,12.724,13.027,25.752
125,768,,TGO,TG,768,4,Country/Area,914,Togo,2,Medium,1950,1950,20,20,1,12.349,12.66,25.009
125,768,,TGO,TG,768,4,Country/Area,914,Togo,2,Medium,1950,1950,21,21,1,11.996,12.309,24.305
125,768,,TGO,TG,768,4,Country/Area,914,Togo,2,Medium,1950,1950,22,22,1,11.646,11.966,23.612
125,768,,TGO,TG,768,4,Country/Area,914,Togo,2,Medium,1950,1950,23,23,1,11.297,11.63,22.927
125,768,,TGO,TG,768,4,Country/Area,914,Togo,2,Medium,1950,1950,24,24,1,10.951,11.305,22.256
125,768,,TGO,TG,768,4,Country/Area,914,Togo,2,Medium,1950,1950,25,25,1,10.616,10.988,21.604
125,768,,TGO,TG,768,4,Country/Area,914,Togo,2,Medium,1950,1950,26,26,1,10.286,10.681,20.966
125,768,,TGO,TG,768,4,Country/Area,914,Togo,2,Medium,1950,1950,27,27,1,9.974,10.383,20.357
125,768,,TGO,TG,768,4,Country/Area,914,Togo,2,Medium,1950,1950,28,28,1,9.698,10.091,19.79
125,768,,TGO,TG,768,4,Country/Area,914,Togo,2,Medium,1950,1950,29,29,1,9.444,9.81,19.255
125,768,,TGO,TG,768,4,Country/Area,914,Togo,2,Medium,1950,1950,30,30,1,9.193,9.535,18.727
125,768,,TGO,TG,768,4,Country/Area,914,Togo,2,Medium,1950,1950,31,31,1,8.943,9.261,18.203
125,768,,TGO,TG,768,4,Country/Area,914,Togo,2,Medium,1950,1950,32,32,1,8.696,9.005,17.701
125,768,,TGO,TG,768,4,Country/Area,914,Togo,2,Medium,1950,1950,33,33,1,8.441,8.784,17.225
125,768,,TGO,TG,768,4,Country/Area,914,Togo,2,Medium,1950,1950,34,34,1,8.181,8.584,16.765
125,768,,TGO,TG,768,4,Country/Area,914,Togo,2,Medium,1950,1950,35,35,1,7.928,8.383,16.311
125,768,,TGO,TG,768,4,Country/Area,914,Togo,2,Medium,1950,1950,36,36,1,7.684,8.187,15.87
125,768,,TGO,TG,768,4,Country/Area,914,Togo,2,Medium,1950,1950,37,37,1,7.434,7.97,15.403
125,768,,TGO,TG,768,4,Country/Area,914,Togo,2,Medium,1950,1950,38,38,1,7.17,7.697,14.867
125,768,,TGO,TG,768,4,Country/Area,914,Togo,2,Medium,1950,1950,39,39,1,6.904,7.389,14.293
125,768,,TGO,TG,768,4,Country/Area,914,Togo,2,Medium,1950,1950,40,40,1,6.644,7.096,13.739
125,768,,TGO,TG,768,4,Country/Area,914,Togo,2,Medium,1950,1950,41,41,1,6.391,6.816,13.207
125,768,,TGO,TG,768,4,Country/Area,914,Togo,2,Medium,1950,1950,42,42,1,6.144,6.543,12.686
125,768,,TGO,TG,768,4,Country/Area,914,Togo,2,Medium,1950,1950,43,43,1,5.909,6.296,12.205
125,768,,TGO,TG,768,4,Country/Area,914,Togo,2,Medium,1950,1950,44,44,1,5.686,6.071,11.756
125,768,,TGO,TG,768,4,Country/Area,914,Togo,2,Medium,1950,1950,45,45,1,5.468,5.847,11.315
125,768,,TGO,TG,768,4,Country/Area,914,Togo,2,Medium,1950,1950,46,46,1,5.255,5.625,10.88
125,768,,TGO,TG,768,4,Country/Area,914,Togo,2,Medium,1950,1950,47,47,1,5.059,5.421,10.479
125,768,,TGO,TG,768,4,Country/Area,914,Togo,2,Medium,1950,1950,48,48,1,4.88,5.242,10.123
125,768,,TGO,TG,768,4,Country/Area,914,Togo,2,Medium,1950,1950,49,49,1,4.717,5.082,9.8
125,768,,TGO,TG,768,4,Country/Area,914,Togo,2,Medium,1950,1950,50,50,1,4.562,4.928,9.489
125,768,,TGO,TG,768,4,Country/Area,914,Togo,2,Medium,1950,1950,51,51,1,4.417,4.777,9.194
125,768,,TGO,TG,768,4,Country/Area,914,Togo,2,Medium,1950,1950,52,52,1,4.281,4.638,8.919
125,768,,TGO,TG,768,4,Country/Area,914,Togo,2,Medium,1950,1950,53,53,1,4.151,4.51,8.661
125,768,,TGO,TG,768,4,Country/Area,914,Togo,2,Medium,1950,1950,54,54,1,4.026,4.39,8.415
125,768,,TGO,TG,768,4,Country/Area,914,Togo,2,Medium,1950,1950,55,55,1,3.906,4.274,8.18
125,768,,TGO,TG,768,4,Country/Area,914,Togo,2,Medium,1950,1950,56,56,1,3.792,4.158,7.95
125,768,,TGO,TG,768,4,Country/Area,914,Togo,2,Medium,1950,1950,57,57,1,3.698,4.045,7.743
125,768,,TGO,TG,768,4,Country/Area,914,Togo,2,Medium,1950,1950,58,58,1,3.647,3.932,7.579
125,768,,TGO,TG,768,4,Country/Area,914,Togo,2,Medium,1950,1950,59,59,1,3.625,3.812,7.436
125,768,,TGO,TG,768,4,Country/Area,914,Togo,2,Medium,1950,1950,60,60,1,3.593,3.688,7.281
125,768,,TGO,TG,768,4,Country/Area,914,Togo,2,Medium,1950,1950,61,61,1,3.559,3.568,7.127
125,768,,TGO,TG,768,4,Country/Area,914,Togo,2,Medium,1950,1950,62,62,1,3.499,3.437,6.936
125,768,,TGO,TG,768,4,Country/Area,914,Togo,2,Medium,1950,1950,63,63,1,3.374,3.285,6.66
125,768,,TGO,TG,768,4,Country/Area,914,Togo,2,Medium,1950,1950,64,64,1,3.213,3.121,6.335
125,768,,TGO,TG,768,4,Country/Area,914,Togo,2,Medium,1950,1950,65,65,1,3.064,2.952,6.016
125,768,,TGO,TG,768,4,Country/Area,914,Togo,2,Medium,1950,1950,66,66,1,2.918,2.783,5.701
125,768,,TGO,TG,768,4,Country/Area,914,Togo,2,Medium,1950,1950,67,67,1,2.752,2.614,5.365
125,768,,TGO,TG,768,4,Country/Area,914,Togo,2,Medium,1950,1950,68,68,1,2.575,2.453,5.029
125,768,,TGO,TG,768,4,Country/Area,914,Togo,2,Medium,1950,1950,69,69,1,2.393,2.3,4.692
125,768,,TGO,TG,768,4,Country/Area,914,Togo,2,Medium,1950,1950,70,70,1,2.206,2.144,4.35
125,768,,TGO,TG,768,4,Country/Area,914,Togo,2,Medium,1950,1950,71,71,1,2.019,1.989,4.008
125,768,,TGO,TG,768,4,Country/Area,914,Togo,2,Medium,1950,1950,72,72,1,1.835,1.829,3.664
125,768,,TGO,TG,768,4,Country/Area,914,Togo,2,Medium,1950,1950,73,73,1,1.659,1.656,3.314
125,768,,TGO,TG,768,4,Country/Area,914,Togo,2,Medium,1950,1950,74,74,1,1.492,1.482,2.974
125,768,,TGO,TG,768,4,Country/Area,914,Togo,2,Medium,1950,1950,75,75,1,1.329,1.311,2.639
125,768,,TGO,TG,768,4,Country/Area,914,Togo,2,Medium,1950,1950,76,76,1,1.172,1.137,2.309
125,768,,TGO,TG,768,4,Country/Area,914,Togo,2,Medium,1950,1950,77,77,1,1.023,0.98,2.003
125,768,,TGO,TG,768,4,Country/Area,914,Togo,2,Medium,1950,1950,78,78,1,0.877,0.849,1.726
125,768,,TGO,TG,768,4,Country/Area,914,Togo,2,Medium,1950,1950,79,79,1,0.737,0.731,1.468
125,768,,TGO,TG,768,4,Country/Area,914,Togo,2,Medium,1950,1950,80,80,1,0.609,0.613,1.222
125,768,,TGO,TG,768,4,Country/Area,914,Togo,2,Medium,1950,1950,81,81,1,0.494,0.503,0.997
125,768,,TGO,TG,768,4,Country/Area,914,Togo,2,Medium,1950,1950,82,82,1,0.391,0.406,0.797
125,768,,TGO,TG,768,4,Country/Area,914,Togo,2,Medium,1950,1950,83,83,1,0.3,0.318,0.618
125,768,,TGO,TG,768,4,Country/Area,914,Togo,2,Medium,1950,1950,84,84,1,0.222,0.237,0.459
125,768,,TGO,TG,768,4,Country/Area,914,Togo,2,Medium,1950,1950,85,85,1,0.155,0.164,0.319
125,768,,TGO,TG,768,4,Country/Area,914,Togo,2,Medium,1950,1950,86,86,1,0.095,0.1,0.195
125,768,,TGO,TG,768,4,Country/Area,914,Togo,2,Medium,1950,1950,87,87,1,0.051,0.052,0.102
125,768,,TGO,TG,768,4,Country/Area,914,Togo,2,Medium,1950,1950,88,88,1,0.026,0.027,0.052
125,768,,TGO,TG,768,4,Country/Area,914,Togo,2,Medium,1950,1950,89,89,1,0.015,0.018,0.033
125,768,,TGO,TG,768,4,Country/Area,914,Togo,2,Medium,1950,1950,90,90,1,0.01,0.012,0.022
125,768,,TGO,TG,768,4,Country/Area,914,Togo,2,Medium,1950,1950,91,91,1,0.008,0.009,0.016
125,768,,TGO,TG,768,4,Country/Area,914,Togo,2,Medium,1950,1950,92,92,1,0.006,0.007,0.013
125,768,,TGO,TG,768,4,Country/Area,914,Togo,2,Medium,1950,1950,93,93,1,0.003,0.005,0.008
125,768,,TGO,TG,768,4,Country/Area,914,Togo,2,Medium,1950,1950,94,94,1,0.002,0.002,0.003
125,768,,TGO,TG,768,4,Country/Area,914,Togo,2,Medium,1950,1950,95,95,1,0.001,0.001,0.001
125,768,,TGO,TG,768,4,Country/Area,914,Togo,2,Medium,1950,1950,96,96,1,0.001,0.001,0.001
125,768,,TGO,TG,768,4,Country/Area,914,Togo,2,Medium,1950,1950,97,97,1,0,0.001,0.001
125,768,,TGO,TG,768,4,Country/Area,914,Togo,2,Medium,1950,1950,98,98,1,0,0,0
125,768,,TGO,TG,768,4,Country/Area,914,Togo,2,Medium,1950,1950,99,99,1,0,0,0
125,768,,TGO,TG,768,4,Country/Area,914,Togo,2,Medium,1950,1950,100+,100,-1,0,0,0
125,768,,TGO,TG,768,4,Country/Area,914,Togo,2,Medium,1951,1951,0,0,1,30.687,30.407,61.094
125,768,,TGO,TG,768,4,Country/Area,914,Togo,2,Medium,1951,1951,1,1,1,26.662,26.638,53.3
125,768,,TGO,TG,768,4,Country/Area,914,Togo,2,Medium,1951,1951,2,2,1,24.017,24.121,48.138
125,768,,TGO,TG,768,4,Country/Area,914,Togo,2,Medium,1951,1951,3,3,1,22.661,22.864,45.526
125,768,,TGO,TG,768,4,Country/Area,914,Togo,2,Medium,1951,1951,4,4,1,21.498,21.776,43.275
125,768,,TGO,TG,768,4,Country/Area,914,Togo,2,Medium,1951,1951,5,5,1,20.374,20.596,40.969
125,768,,TGO,TG,768,4,Country/Area,914,Togo,2,Medium,1951,1951,6,6,1,19.39,19.515,38.904
125,768,,TGO,TG,768,4,Country/Area,914,Togo,2,Medium,1951,1951,7,7,1,18.609,18.735,37.344
125,768,,TGO,TG,768,4,Country/Area,914,Togo,2,Medium,1951,1951,8,8,1,17.876,18.032,35.907
125,768,,TGO,TG,768,4,Country/Area,914,Togo,2,Medium,1951,1951,9,9,1,17.215,17.413,34.627
125,768,,TGO,TG,768,4,Country/Area,914,Togo,2,Medium,1951,1951,10,10,1,16.639,16.881,33.52
125,768,,TGO,TG,768,4,Country/Area,914,Togo,2,Medium,1951,1951,11,11,1,16.141,16.433,32.575
125,768,,TGO,TG,768,4,Country/Area,914,Togo,2,Medium,1951,1951,12,12,1,15.702,16.067,31.768
125,768,,TGO,TG,768,4,Country/Area,914,Togo,2,Medium,1951,1951,13,13,1,15.284,15.7,30.983
125,768,,TGO,TG,768,4,Country/Area,914,Togo,2,Medium,1951,1951,14,14,1,14.854,15.261,30.115
125,768,,TGO,TG,768,4,Country/Area,914,Togo,2,Medium,1951,1951,15,15,1,14.426,14.787,29.213
125,768,,TGO,TG,768,4,Country/Area,914,Togo,2,Medium,1951,1951,16,16,1,14.034,14.363,28.398
125,768,,TGO,TG,768,4,Country/Area,914,Togo,2,Medium,1951,1951,17,17,1,13.684,13.992,27.677
125,768,,TGO,TG,768,4,Country/Area,914,Togo,2,Medium,1951,1951,18,18,1,13.331,13.62,26.951
125,768,,TGO,TG,768,4,Country/Area,914,Togo,2,Medium,1951,1951,19,19,1,12.95,13.239,26.189
125,768,,TGO,TG,768,4,Country/Area,914,Togo,2,Medium,1951,1951,20,20,1,12.553,12.86,25.413
125,768,,TGO,TG,768,4,Country/Area,914,Togo,2,Medium,1951,1951,21,21,1,12.175,12.493,24.668
125,768,,TGO,TG,768,4,Country/Area,914,Togo,2,Medium,1951,1951,22,22,1,11.821,12.144,23.965
125,768,,TGO,TG,768,4,Country/Area,914,Togo,2,Medium,1951,1951,23,23,1,11.473,11.804,23.277
125,768,,TGO,TG,768,4,Country/Area,914,Togo,2,Medium,1951,1951,24,24,1,11.129,11.471,22.599
125,768,,TGO,TG,768,4,Country/Area,914,Togo,2,Medium,1951,1951,25,25,1,10.789,11.149,21.937
125,768,,TGO,TG,768,4,Country/Area,914,Togo,2,Medium,1951,1951,26,26,1,10.46,10.835,21.294
125,768,,TGO,TG,768,4,Country/Area,914,Togo,2,Medium,1951,1951,27,27,1,10.136,10.531,20.666
125,768,,TGO,TG,768,4,Country/Area,914,Togo,2,Medium,1951,1951,28,28,1,9.831,10.236,20.066
125,768,,TGO,TG,768,4,Country/Area,914,Togo,2,Medium,1951,1951,29,29,1,9.559,9.948,19.507
125,768,,TGO,TG,768,4,Country/Area,914,Togo,2,Medium,1951,1951,30,30,1,9.307,9.671,18.978
125,768,,TGO,TG,768,4,Country/Area,914,Togo,2,Medium,1951,1951,31,31,1,9.058,9.399,18.457
125,768,,TGO,TG,768,4,Country/Area,914,Togo,2,Medium,1951,1951,32,32,1,8.811,9.129,17.939
125,768,,TGO,TG,768,4,Country/Area,914,Togo,2,Medium,1951,1951,33,33,1,8.567,8.875,17.442
125,768,,TGO,TG,768,4,Country/Area,914,Togo,2,Medium,1951,1951,34,34,1,8.313,8.657,16.971
125,768,,TGO,TG,768,4,Country/Area,914,Togo,2,Medium,1951,1951,35,35,1,8.056,8.459,16.515
125,768,,TGO,TG,768,4,Country/Area,914,Togo,2,Medium,1951,1951,36,36,1,7.806,8.259,16.065
125,768,,TGO,TG,768,4,Country/Area,914,Togo,2,Medium,1951,1951,37,37,1,7.564,8.064,15.628
125,768,,TGO,TG,768,4,Country/Area,914,Togo,2,Medium,1951,1951,38,38,1,7.315,7.85,15.165
125,768,,TGO,TG,768,4,Country/Area,914,Togo,2,Medium,1951,1951,39,39,1,7.054,7.58,14.634
125,768,,TGO,TG,768,4,Country/Area,914,Togo,2,Medium,1951,1951,40,40,1,6.788,7.277,14.065
125,768,,TGO,TG,768,4,Country/Area,914,Togo,2,Medium,1951,1951,41,41,1,6.529,6.986,13.515
125,768,,TGO,TG,768,4,Country/Area,914,Togo,2,Medium,1951,1951,42,42,1,6.277,6.71,12.988
125,768,,TGO,TG,768,4,Country/Area,914,Togo,2,Medium,1951,1951,43,43,1,6.032,6.441,12.473
125,768,,TGO,TG,768,4,Country/Area,914,Togo,2,Medium,1951,1951,44,44,1,5.8,6.197,11.997
125,768,,TGO,TG,768,4,Country/Area,914,Togo,2,Medium,1951,1951,45,45,1,5.577,5.975,11.553
125,768,,TGO,TG,768,4,Country/Area,914,Togo,2,Medium,1951,1951,46,46,1,5.361,5.753,11.114
125,768,,TGO,TG,768,4,Country/Area,914,Togo,2,Medium,1951,1951,47,47,1,5.151,5.534,10.684
125,768,,TGO,TG,768,4,Country/Area,914,Togo,2,Medium,1951,1951,48,48,1,4.954,5.331,10.285
125,768,,TGO,TG,768,4,Country/Area,914,Togo,2,Medium,1951,1951,49,49,1,4.776,5.152,9.928
125,768,,TGO,TG,768,4,Country/Area,914,Togo,2,Medium,1951,1951,50,50,1,4.612,4.991,9.602
125,768,,TGO,TG,768,4,Country/Area,914,Togo,2,Medium,1951,1951,51,51,1,4.455,4.835,9.29
125,768,,TGO,TG,768,4,Country/Area,914,Togo,2,Medium,1951,1951,52,52,1,4.309,4.684,8.992
125,768,,TGO,TG,768,4,Country/Area,914,Togo,2,Medium,1951,1951,53,53,1,4.172,4.543,8.716
125,768,,TGO,TG,768,4,Country/Area,914,Togo,2,Medium,1951,1951,54,54,1,4.04,4.415,8.454
125,768,,TGO,TG,768,4,Country/Area,914,Togo,2,Medium,1951,1951,55,55,1,3.914,4.293,8.207
125,768,,TGO,TG,768,4,Country/Area,914,Togo,2,Medium,1951,1951,56,56,1,3.793,4.175,7.967
125,768,,TGO,TG,768,4,Country/Area,914,Togo,2,Medium,1951,1951,57,57,1,3.675,4.057,7.732
125,768,,TGO,TG,768,4,Country/Area,914,Togo,2,Medium,1951,1951,58,58,1,3.577,3.941,7.518
125,768,,TGO,TG,768,4,Country/Area,914,Togo,2,Medium,1951,1951,59,59,1,3.52,3.823,7.343
125,768,,TGO,TG,768,4,Country/Area,914,Togo,2,Medium,1951,1951,60,60,1,3.49,3.697,7.188
125,768,,TGO,TG,768,4,Country/Area,914,Togo,2,Medium,1951,1951,61,61,1,3.45,3.567,7.016
125,768,,TGO,TG,768,4,Country/Area,914,Togo,2,Medium,1951,1951,62,62,1,3.406,3.442,6.848
125,768,,TGO,TG,768,4,Country/Area,914,Togo,2,Medium,1951,1951,63,63,1,3.34,3.304,6.644
125,768,,TGO,TG,768,4,Country/Area,914,Togo,2,Medium,1951,1951,64,64,1,3.209,3.148,6.357
125,768,,TGO,TG,768,4,Country/Area,914,Togo,2,Medium,1951,1951,65,65,1,3.046,2.981,6.027
125,768,,TGO,TG,768,4,Country/Area,914,Togo,2,Medium,1951,1951,66,66,1,2.893,2.809,5.702
125,768,,TGO,TG,768,4,Country/Area,914,Togo,2,Medium,1951,1951,67,67,1,2.744,2.638,5.381
125,768,,TGO,TG,768,4,Country/Area,914,Togo,2,Medium,1951,1951,68,68,1,2.575,2.466,5.041
125,768,,TGO,TG,768,4,Country/Area,914,Togo,2,Medium,1951,1951,69,69,1,2.397,2.301,4.698
125,768,,TGO,TG,768,4,Country/Area,914,Togo,2,Medium,1951,1951,70,70,1,2.212,2.144,4.356
125,768,,TGO,TG,768,4,Country/Area,914,Togo,2,Medium,1951,1951,71,71,1,2.025,1.984,4.009
125,768,,TGO,TG,768,4,Country/Area,914,Togo,2,Medium,1951,1951,72,72,1,1.838,1.826,3.664
125,768,,TGO,TG,768,4,Country/Area,914,Togo,2,Medium,1951,1951,73,73,1,1.655,1.664,3.318
125,768,,TGO,TG,768,4,Country/Area,914,Togo,2,Medium,1951,1951,74,74,1,1.481,1.492,2.974
125,768,,TGO,TG,768,4,Country/Area,914,Togo,2,Medium,1951,1951,75,75,1,1.317,1.323,2.64
125,768,,TGO,TG,768,4,Country/Area,914,Togo,2,Medium,1951,1951,76,76,1,1.159,1.157,2.317
125,768,,TGO,TG,768,4,Country/Area,914,Togo,2,Medium,1951,1951,77,77,1,1.01,0.992,2.002
125,768,,TGO,TG,768,4,Country/Area,914,Togo,2,Medium,1951,1951,78,78,1,0.87,0.844,1.714
125,768,,TGO,TG,768,4,Country/Area,914,Togo,2,Medium,1951,1951,79,79,1,0.735,0.721,1.456
125,768,,TGO,TG,768,4,Country/Area,914,Togo,2,Medium,1951,1951,80,80,1,0.608,0.61,1.218
125,768,,TGO,TG,768,4,Country/Area,914,Togo,2,Medium,1951,1951,81,81,1,0.493,0.503,0.996
125,768,,TGO,TG,768,4,Country/Area,914,Togo,2,Medium,1951,1951,82,82,1,0.392,0.404,0.796
125,768,,TGO,TG,768,4,Country/Area,914,Togo,2,Medium,1951,1951,83,83,1,0.302,0.319,0.621
125,768,,TGO,TG,768,4,Country/Area,914,Togo,2,Medium,1951,1951,84,84,1,0.226,0.244,0.47
125,768,,TGO,TG,768,4,Country/Area,914,Togo,2,Medium,1951,1951,85,85,1,0.163,0.177,0.339
125,768,,TGO,TG,768,4,Country/Area,914,Togo,2,Medium,1951,1951,86,86,1,0.11,0.119,0.229
125,768,,TGO,TG,768,4,Country/Area,914,Togo,2,Medium,1951,1951,87,87,1,0.065,0.071,0.136
125,768,,TGO,TG,768,4,Country/Area,914,Togo,2,Medium,1951,1951,88,88,1,0.034,0.036,0.069
125,768,,TGO,TG,768,4,Country/Area,914,Togo,2,Medium,1951,1951,89,89,1,0.016,0.018,0.034
125,768,,TGO,TG,768,4,Country/Area,914,Togo,2,Medium,1951,1951,90,90,1,0.01,0.011,0.021
125,768,,TGO,TG,768,4,Country/Area,914,Togo,2,Medium,1951,1951,91,91,1,0.006,0.008,0.014
125,768,,TGO,TG,768,4,Country/Area,914,Togo,2,Medium,1951,1951,92,92,1,0.004,0.006,0.01
125,768,,TGO,TG,768,4,Country/Area,914,Togo,2,Medium,1951,1951,93,93,1,0.003,0.005,0.008
125,768,,TGO,TG,768,4,Country/Area,914,Togo,2,Medium,1951,1951,94,94,1,0.002,0.003,0.005
125,768,,TGO,TG,768,4,Country/Area,914,Togo,2,Medium,1951,1951,95,95,1,0.001,0.001,0.002
125,768,,TGO,TG,768,4,Country/Area,914,Togo,2,Medium,1951,1951,96,96,1,0,0,0
125,768,,TGO,TG,768,4,Country/Area,914,Togo,2,Medium,1951,1951,97,97,1,0,0.001,0.001
125,768,,TGO,TG,768,4,Country/Area,914,Togo,2,Medium,1951,1951,98,98,1,0,0,0
125,768,,TGO,TG,768,4,Country/Area,914,Togo,2,Medium,1951,1951,99,99,1,0,0,0
125,768,,TGO,TG,768,4,Country/Area,914,Togo,2,Medium,1951,1951,100+,100,-1,0,0,0
125,768,,TGO,TG,768,4,Country/Area,914,Togo,2,Medium,1952,1952,0,0,1,31.256,30.971,62.228
125,768,,TGO,TG,768,4,Country/Area,914,Togo,2,Medium,1952,1952,1,1,1,27.628,27.662,55.289
125,768,,TGO,TG,768,4,Country/Area,914,Togo,2,Medium,1952,1952,2,2,1,24.729,24.884,49.612
125,768,,TGO,TG,768,4,Country/Area,914,Togo,2,Medium,1952,1952,3,3,1,22.915,23.088,46.002
125,768,,TGO,TG,768,4,Country/Area,914,Togo,2,Medium,1952,1952,4,4,1,21.976,22.203,44.178
125,768,,TGO,TG,768,4,Country/Area,914,Togo,2,Medium,1952,1952,5,5,1,21.042,21.325,42.367
125,768,,TGO,TG,768,4,Country/Area,914,Togo,2,Medium,1952,1952,6,6,1,20.046,20.267,40.313
125,768,,TGO,TG,768,4,Country/Area,914,Togo,2,Medium,1952,1952,7,7,1,19.134,19.256,38.39
125,768,,TGO,TG,768,4,Country/Area,914,Togo,2,Medium,1952,1952,8,8,1,18.395,18.517,36.911
125,768,,TGO,TG,768,4,Country/Area,914,Togo,2,Medium,1952,1952,9,9,1,17.688,17.837,35.526
125,768,,TGO,TG,768,4,Country/Area,914,Togo,2,Medium,1952,1952,10,10,1,17.043,17.235,34.277
125,768,,TGO,TG,768,4,Country/Area,914,Togo,2,Medium,1952,1952,11,11,1,16.477,16.711,33.188
125,768,,TGO,TG,768,4,Country/Area,914,Togo,2,Medium,1952,1952,12,12,1,15.984,16.268,32.252
125,768,,TGO,TG,768,4,Country/Area,914,Togo,2,Medium,1952,1952,13,13,1,15.548,15.902,31.451
125,768,,TGO,TG,768,4,Country/Area,914,Togo,2,Medium,1952,1952,14,14,1,15.132,15.536,30.667
125,768,,TGO,TG,768,4,Country/Area,914,Togo,2,Medium,1952,1952,15,15,1,14.702,15.096,29.798
125,768,,TGO,TG,768,4,Country/Area,914,Togo,2,Medium,1952,1952,16,16,1,14.271,14.621,28.892
125,768,,TGO,TG,768,4,Country/Area,914,Togo,2,Medium,1952,1952,17,17,1,13.876,14.195,28.07
125,768,,TGO,TG,768,4,Country/Area,914,Togo,2,Medium,1952,1952,18,18,1,13.521,13.822,27.344
125,768,,TGO,TG,768,4,Country/Area,914,Togo,2,Medium,1952,1952,19,19,1,13.162,13.45,26.612
125,768,,TGO,TG,768,4,Country/Area,914,Togo,2,Medium,1952,1952,20,20,1,12.777,13.07,25.846
125,768,,TGO,TG,768,4,Country/Area,914,Togo,2,Medium,1952,1952,21,21,1,12.377,12.691,25.069
125,768,,TGO,TG,768,4,Country/Area,914,Togo,2,Medium,1952,1952,22,22,1,11.998,12.328,24.326
125,768,,TGO,TG,768,4,Country/Area,914,Togo,2,Medium,1952,1952,23,23,1,11.646,11.981,23.627
125,768,,TGO,TG,768,4,Country/Area,914,Togo,2,Medium,1952,1952,24,24,1,11.303,11.643,22.947
125,768,,TGO,TG,768,4,Country/Area,914,Togo,2,Medium,1952,1952,25,25,1,10.964,11.314,22.278
125,768,,TGO,TG,768,4,Country/Area,914,Togo,2,Medium,1952,1952,26,26,1,10.631,10.993,21.625
125,768,,TGO,TG,768,4,Country/Area,914,Togo,2,Medium,1952,1952,27,27,1,10.309,10.683,20.992
125,768,,TGO,TG,768,4,Country/Area,914,Togo,2,Medium,1952,1952,28,28,1,9.991,10.383,20.374
125,768,,TGO,TG,768,4,Country/Area,914,Togo,2,Medium,1952,1952,29,29,1,9.69,10.091,19.782
125,768,,TGO,TG,768,4,Country/Area,914,Togo,2,Medium,1952,1952,30,30,1,9.421,9.807,19.229
125,768,,TGO,TG,768,4,Country/Area,914,Togo,2,Medium,1952,1952,31,31,1,9.172,9.534,18.706
125,768,,TGO,TG,768,4,Country/Area,914,Togo,2,Medium,1952,1952,32,32,1,8.925,9.266,18.192
125,768,,TGO,TG,768,4,Country/Area,914,Togo,2,Medium,1952,1952,33,33,1,8.681,8.998,17.678
125,768,,TGO,TG,768,4,Country/Area,914,Togo,2,Medium,1952,1952,34,34,1,8.438,8.748,17.186
125,768,,TGO,TG,768,4,Country/Area,914,Togo,2,Medium,1952,1952,35,35,1,8.188,8.531,16.719
125,768,,TGO,TG,768,4,Country/Area,914,Togo,2,Medium,1952,1952,36,36,1,7.933,8.334,16.267
125,768,,TGO,TG,768,4,Country/Area,914,Togo,2,Medium,1952,1952,37,37,1,7.686,8.136,15.822
125,768,,TGO,TG,768,4,Country/Area,914,Togo,2,Medium,1952,1952,38,38,1,7.444,7.943,15.387
125,768,,TGO,TG,768,4,Country/Area,914,Togo,2,Medium,1952,1952,39,39,1,7.197,7.731,14.928
125,768,,TGO,TG,768,4,Country/Area,914,Togo,2,Medium,1952,1952,40,40,1,6.937,7.465,14.402
125,768,,TGO,TG,768,4,Country/Area,914,Togo,2,Medium,1952,1952,41,41,1,6.672,7.165,13.836
125,768,,TGO,TG,768,4,Country/Area,914,Togo,2,Medium,1952,1952,42,42,1,6.415,6.879,13.294
125,768,,TGO,TG,768,4,Country/Area,914,Togo,2,Medium,1952,1952,43,43,1,6.165,6.607,12.771
125,768,,TGO,TG,768,4,Country/Area,914,Togo,2,Medium,1952,1952,44,44,1,5.921,6.341,12.262
125,768,,TGO,TG,768,4,Country/Area,914,Togo,2,Medium,1952,1952,45,45,1,5.69,6.101,11.79
125,768,,TGO,TG,768,4,Country/Area,914,Togo,2,Medium,1952,1952,46,46,1,5.47,5.88,11.35
125,768,,TGO,TG,768,4,Country/Area,914,Togo,2,Medium,1952,1952,47,47,1,5.255,5.662,10.916
125,768,,TGO,TG,768,4,Country/Area,914,Togo,2,Medium,1952,1952,48,48,1,5.045,5.442,10.487
125,768,,TGO,TG,768,4,Country/Area,914,Togo,2,Medium,1952,1952,49,49,1,4.848,5.239,10.087
125,768,,TGO,TG,768,4,Country/Area,914,Togo,2,Medium,1952,1952,50,50,1,4.67,5.06,9.729
125,768,,TGO,TG,768,4,Country/Area,914,Togo,2,Medium,1952,1952,51,51,1,4.505,4.898,9.402
125,768,,TGO,TG,768,4,Country/Area,914,Togo,2,Medium,1952,1952,52,52,1,4.348,4.741,9.088
125,768,,TGO,TG,768,4,Country/Area,914,Togo,2,Medium,1952,1952,53,53,1,4.199,4.588,8.788
125,768,,TGO,TG,768,4,Country/Area,914,Togo,2,Medium,1952,1952,54,54,1,4.061,4.448,8.509
125,768,,TGO,TG,768,4,Country/Area,914,Togo,2,Medium,1952,1952,55,55,1,3.928,4.317,8.245
125,768,,TGO,TG,768,4,Country/Area,914,Togo,2,Medium,1952,1952,56,56,1,3.8,4.194,7.994
125,768,,TGO,TG,768,4,Country/Area,914,Togo,2,Medium,1952,1952,57,57,1,3.676,4.074,7.75
125,768,,TGO,TG,768,4,Country/Area,914,Togo,2,Medium,1952,1952,58,58,1,3.556,3.953,7.509
125,768,,TGO,TG,768,4,Country/Area,914,Togo,2,Medium,1952,1952,59,59,1,3.454,3.832,7.285
125,768,,TGO,TG,768,4,Country/Area,914,Togo,2,Medium,1952,1952,60,60,1,3.39,3.708,7.098
125,768,,TGO,TG,768,4,Country/Area,914,Togo,2,Medium,1952,1952,61,61,1,3.352,3.576,6.928
125,768,,TGO,TG,768,4,Country/Area,914,Togo,2,Medium,1952,1952,62,62,1,3.303,3.441,6.744
125,768,,TGO,TG,768,4,Country/Area,914,Togo,2,Medium,1952,1952,63,63,1,3.251,3.309,6.56
125,768,,TGO,TG,768,4,Country/Area,914,Togo,2,Medium,1952,1952,64,64,1,3.176,3.166,6.343
125,768,,TGO,TG,768,4,Country/Area,914,Togo,2,Medium,1952,1952,65,65,1,3.043,3.007,6.05
125,768,,TGO,TG,768,4,Country/Area,914,Togo,2,Medium,1952,1952,66,66,1,2.877,2.837,5.713
125,768,,TGO,TG,768,4,Country/Area,914,Togo,2,Medium,1952,1952,67,67,1,2.72,2.663,5.383
125,768,,TGO,TG,768,4,Country/Area,914,Togo,2,Medium,1952,1952,68,68,1,2.568,2.489,5.057
125,768,,TGO,TG,768,4,Country/Area,914,Togo,2,Medium,1952,1952,69,69,1,2.397,2.314,4.71
125,768,,TGO,TG,768,4,Country/Area,914,Togo,2,Medium,1952,1952,70,70,1,2.216,2.146,4.362
125,768,,TGO,TG,768,4,Country/Area,914,Togo,2,Medium,1952,1952,71,71,1,2.031,1.985,4.016
125,768,,TGO,TG,768,4,Country/Area,914,Togo,2,Medium,1952,1952,72,72,1,1.843,1.822,3.665
125,768,,TGO,TG,768,4,Country/Area,914,Togo,2,Medium,1952,1952,73,73,1,1.658,1.662,3.32
125,768,,TGO,TG,768,4,Country/Area,914,Togo,2,Medium,1952,1952,74,74,1,1.477,1.5,2.978
125,768,,TGO,TG,768,4,Country/Area,914,Togo,2,Medium,1952,1952,75,75,1,1.308,1.333,2.64
125,768,,TGO,TG,768,4,Country/Area,914,Togo,2,Medium,1952,1952,76,76,1,1.15,1.169,2.318
125,768,,TGO,TG,768,4,Country/Area,914,Togo,2,Medium,1952,1952,77,77,1,0.999,1.01,2.009
125,768,,TGO,TG,768,4,Country/Area,914,Togo,2,Medium,1952,1952,78,78,1,0.859,0.855,1.713
125,768,,TGO,TG,768,4,Country/Area,914,Togo,2,Medium,1952,1952,79,79,1,0.729,0.717,1.446
125,768,,TGO,TG,768,4,Country/Area,914,Togo,2,Medium,1952,1952,80,80,1,0.606,0.602,1.208
125,768,,TGO,TG,768,4,Country/Area,914,Togo,2,Medium,1952,1952,81,81,1,0.492,0.5,0.992
125,768,,TGO,TG,768,4,Country/Area,914,Togo,2,Medium,1952,1952,82,82,1,0.391,0.404,0.795
125,768,,TGO,TG,768,4,Country/Area,914,Togo,2,Medium,1952,1952,83,83,1,0.303,0.318,0.621
125,768,,TGO,TG,768,4,Country/Area,914,Togo,2,Medium,1952,1952,84,84,1,0.228,0.245,0.473
125,768,,TGO,TG,768,4,Country/Area,914,Togo,2,Medium,1952,1952,85,85,1,0.165,0.182,0.347
125,768,,TGO,TG,768,4,Country/Area,914,Togo,2,Medium,1952,1952,86,86,1,0.115,0.129,0.244
125,768,,TGO,TG,768,4,Country/Area,914,Togo,2,Medium,1952,1952,87,87,1,0.075,0.084,0.159
125,768,,TGO,TG,768,4,Country/Area,914,Togo,2,Medium,1952,1952,88,88,1,0.043,0.049,0.092
125,768,,TGO,TG,768,4,Country/Area,914,Togo,2,Medium,1952,1952,89,89,1,0.022,0.024,0.045
125,768,,TGO,TG,768,4,Country/Area,914,Togo,2,Medium,1952,1952,90,90,1,0.01,0.011,0.021
125,768,,TGO,TG,768,4,Country/Area,914,Togo,2,Medium,1952,1952,91,91,1,0.006,0.007,0.013
125,768,,TGO,TG,768,4,Country/Area,914,Togo,2,Medium,1952,1952,92,92,1,0.003,0.005,0.008
125,768,,TGO,TG,768,4,Country/Area,914,Togo,2,Medium,1952,1952,93,93,1,0.003,0.004,0.006
125,768,,TGO,TG,768,4,Country/Area,914,Togo,2,Medium,1952,1952,94,94,1,0.002,0.003,0.005
125,768,,TGO,TG,768,4,Country/Area,914,Togo,2,Medium,1952,1952,95,95,1,0.001,0.001,0.002
125,768,,TGO,TG,768,4,Country/Area,914,Togo,2,Medium,1952,1952,96,96,1,0,0.001,0.001
125,768,,TGO,TG,768,4,Country/Area,914,Togo,2,Medium,1952,1952,97,97,1,0,0,0
125,768,,TGO,TG,768,4,Country/Area,914,Togo,2,Medium,1952,1952,98,98,1,0,0,0
125,768,,TGO,TG,768,4,Country/Area,914,Togo,2,Medium,1952,1952,99,99,1,0,0,0
125,768,,TGO,TG,768,4,Country/Area,914,Togo,2,Medium,1952,1952,100+,100,-1,0,0,0
125,768,,TGO,TG,768,4,Country/Area,914,Togo,2,Medium,1953,1953,0,0,1,31.814,31.523,63.338
125,768,,TGO,TG,768,4,Country/Area,914,Togo,2,Medium,1953,1953,1,1,1,28.157,28.192,56.349
125,768,,TGO,TG,768,4,Country/Area,914,Togo,2,Medium,1953,1953,2,2,1,25.645,25.86,51.505
125,768,,TGO,TG,768,4,Country/Area,914,Togo,2,Medium,1953,1953,3,3,1,23.605,23.83,47.435
125,768,,TGO,TG,768,4,Country/Area,914,Togo,2,Medium,1953,1953,4,4,1,22.224,22.422,44.646
125,768,,TGO,TG,768,4,Country/Area,914,Togo,2,Medium,1953,1953,5,5,1,21.511,21.741,43.252
125,768,,TGO,TG,768,4,Country/Area,914,Togo,2,Medium,1953,1953,6,6,1,20.704,20.985,41.688
125,768,,TGO,TG,768,4,Country/Area,914,Togo,2,Medium,1953,1953,7,7,1,19.783,20,39.782
125,768,,TGO,TG,768,4,Country/Area,914,Togo,2,Medium,1953,1953,8,8,1,18.914,19.032,37.946
125,768,,TGO,TG,768,4,Country/Area,914,Togo,2,Medium,1953,1953,9,9,1,18.201,18.319,36.52
125,768,,TGO,TG,768,4,Country/Area,914,Togo,2,Medium,1953,1953,10,10,1,17.512,17.656,35.167
125,768,,TGO,TG,768,4,Country/Area,914,Togo,2,Medium,1953,1953,11,11,1,16.877,17.061,33.938
125,768,,TGO,TG,768,4,Country/Area,914,Togo,2,Medium,1953,1953,12,12,1,16.317,16.544,32.861
125,768,,TGO,TG,768,4,Country/Area,914,Togo,2,Medium,1953,1953,13,13,1,15.828,16.102,31.93
125,768,,TGO,TG,768,4,Country/Area,914,Togo,2,Medium,1953,1953,14,14,1,15.393,15.736,31.13
125,768,,TGO,TG,768,4,Country/Area,914,Togo,2,Medium,1953,1953,15,15,1,14.976,15.368,30.344
125,768,,TGO,TG,768,4,Country/Area,914,Togo,2,Medium,1953,1953,16,16,1,14.544,14.927,29.471
125,768,,TGO,TG,768,4,Country/Area,914,Togo,2,Medium,1953,1953,17,17,1,14.11,14.451,28.561
125,768,,TGO,TG,768,4,Country/Area,914,Togo,2,Medium,1953,1953,18,18,1,13.71,14.023,27.733
125,768,,TGO,TG,768,4,Country/Area,914,Togo,2,Medium,1953,1953,19,19,1,13.351,13.649,27
125,768,,TGO,TG,768,4,Country/Area,914,Togo,2,Medium,1953,1953,20,20,1,12.987,13.278,26.265
125,768,,TGO,TG,768,4,Country/Area,914,Togo,2,Medium,1953,1953,21,21,1,12.598,12.899,25.497
125,768,,TGO,TG,768,4,Country/Area,914,Togo,2,Medium,1953,1953,22,22,1,12.198,12.524,24.722
125,768,,TGO,TG,768,4,Country/Area,914,Togo,2,Medium,1953,1953,23,23,1,11.821,12.163,23.984
125,768,,TGO,TG,768,4,Country/Area,914,Togo,2,Medium,1953,1953,24,24,1,11.473,11.819,23.293
125,768,,TGO,TG,768,4,Country/Area,914,Togo,2,Medium,1953,1953,25,25,1,11.136,11.484,22.62
125,768,,TGO,TG,768,4,Country/Area,914,Togo,2,Medium,1953,1953,26,26,1,10.804,11.157,21.961
125,768,,TGO,TG,768,4,Country/Area,914,Togo,2,Medium,1953,1953,27,27,1,10.479,10.841,21.319
125,768,,TGO,TG,768,4,Country/Area,914,Togo,2,Medium,1953,1953,28,28,1,10.162,10.534,20.695
125,768,,TGO,TG,768,4,Country/Area,914,Togo,2,Medium,1953,1953,29,29,1,9.848,10.236,20.085
125,768,,TGO,TG,768,4,Country/Area,914,Togo,2,Medium,1953,1953,30,30,1,9.551,9.948,19.5
125,768,,TGO,TG,768,4,Country/Area,914,Togo,2,Medium,1953,1953,31,31,1,9.284,9.668,18.953
125,768,,TGO,TG,768,4,Country/Area,914,Togo,2,Medium,1953,1953,32,32,1,9.038,9.399,18.436
125,768,,TGO,TG,768,4,Country/Area,914,Togo,2,Medium,1953,1953,33,33,1,8.793,9.133,17.927
125,768,,TGO,TG,768,4,Country/Area,914,Togo,2,Medium,1953,1953,34,34,1,8.551,8.868,17.419
125,768,,TGO,TG,768,4,Country/Area,914,Togo,2,Medium,1953,1953,35,35,1,8.311,8.62,16.931
125,768,,TGO,TG,768,4,Country/Area,914,Togo,2,Medium,1953,1953,36,36,1,8.063,8.406,16.469
125,768,,TGO,TG,768,4,Country/Area,914,Togo,2,Medium,1953,1953,37,37,1,7.811,8.21,16.02
125,768,,TGO,TG,768,4,Country/Area,914,Togo,2,Medium,1953,1953,38,38,1,7.564,8.014,15.577
125,768,,TGO,TG,768,4,Country/Area,914,Togo,2,Medium,1953,1953,39,39,1,7.324,7.822,15.146
125,768,,TGO,TG,768,4,Country/Area,914,Togo,2,Medium,1953,1953,40,40,1,7.077,7.614,14.691
125,768,,TGO,TG,768,4,Country/Area,914,Togo,2,Medium,1953,1953,41,41,1,6.819,7.35,14.168
125,768,,TGO,TG,768,4,Country/Area,914,Togo,2,Medium,1953,1953,42,42,1,6.556,7.054,13.61
125,768,,TGO,TG,768,4,Country/Area,914,Togo,2,Medium,1953,1953,43,43,1,6.3,6.773,13.072
125,768,,TGO,TG,768,4,Country/Area,914,Togo,2,Medium,1953,1953,44,44,1,6.051,6.505,12.556
125,768,,TGO,TG,768,4,Country/Area,914,Togo,2,Medium,1953,1953,45,45,1,5.809,6.242,12.051
125,768,,TGO,TG,768,4,Country/Area,914,Togo,2,Medium,1953,1953,46,46,1,5.58,6.003,11.584
125,768,,TGO,TG,768,4,Country/Area,914,Togo,2,Medium,1953,1953,47,47,1,5.361,5.786,11.147
125,768,,TGO,TG,768,4,Country/Area,914,Togo,2,Medium,1953,1953,48,48,1,5.146,5.567,10.714
125,768,,TGO,TG,768,4,Country/Area,914,Togo,2,Medium,1953,1953,49,49,1,4.938,5.348,10.286
125,768,,TGO,TG,768,4,Country/Area,914,Togo,2,Medium,1953,1953,50,50,1,4.741,5.146,9.887
125,768,,TGO,TG,768,4,Country/Area,914,Togo,2,Medium,1953,1953,51,51,1,4.561,4.966,9.527
125,768,,TGO,TG,768,4,Country/Area,914,Togo,2,Medium,1953,1953,52,52,1,4.396,4.803,9.198
125,768,,TGO,TG,768,4,Country/Area,914,Togo,2,Medium,1953,1953,53,53,1,4.237,4.645,8.882
125,768,,TGO,TG,768,4,Country/Area,914,Togo,2,Medium,1953,1953,54,54,1,4.088,4.492,8.58
125,768,,TGO,TG,768,4,Country/Area,914,Togo,2,Medium,1953,1953,55,55,1,3.949,4.35,8.299
125,768,,TGO,TG,768,4,Country/Area,914,Togo,2,Medium,1953,1953,56,56,1,3.813,4.218,8.031
125,768,,TGO,TG,768,4,Country/Area,914,Togo,2,Medium,1953,1953,57,57,1,3.684,4.093,7.777
125,768,,TGO,TG,768,4,Country/Area,914,Togo,2,Medium,1953,1953,58,58,1,3.558,3.969,7.527
125,768,,TGO,TG,768,4,Country/Area,914,Togo,2,Medium,1953,1953,59,59,1,3.434,3.844,7.277
125,768,,TGO,TG,768,4,Country/Area,914,Togo,2,Medium,1953,1953,60,60,1,3.326,3.717,7.043
125,768,,TGO,TG,768,4,Country/Area,914,Togo,2,Medium,1953,1953,61,61,1,3.255,3.588,6.843
125,768,,TGO,TG,768,4,Country/Area,914,Togo,2,Medium,1953,1953,62,62,1,3.209,3.45,6.659
125,768,,TGO,TG,768,4,Country/Area,914,Togo,2,Medium,1953,1953,63,63,1,3.151,3.308,6.46
125,768,,TGO,TG,768,4,Country/Area,914,Togo,2,Medium,1953,1953,64,64,1,3.092,3.172,6.263
125,768,,TGO,TG,768,4,Country/Area,914,Togo,2,Medium,1953,1953,65,65,1,3.012,3.025,6.037
125,768,,TGO,TG,768,4,Country/Area,914,Togo,2,Medium,1953,1953,66,66,1,2.874,2.862,5.736
125,768,,TGO,TG,768,4,Country/Area,914,Togo,2,Medium,1953,1953,67,67,1,2.705,2.689,5.395
125,768,,TGO,TG,768,4,Country/Area,914,Togo,2,Medium,1953,1953,68,68,1,2.547,2.513,5.059
125,768,,TGO,TG,768,4,Country/Area,914,Togo,2,Medium,1953,1953,69,69,1,2.39,2.337,4.726
125,768,,TGO,TG,768,4,Country/Area,914,Togo,2,Medium,1953,1953,70,70,1,2.216,2.158,4.374
125,768,,TGO,TG,768,4,Country/Area,914,Togo,2,Medium,1953,1953,71,71,1,2.034,1.987,4.021
125,768,,TGO,TG,768,4,Country/Area,914,Togo,2,Medium,1953,1953,72,72,1,1.849,1.823,3.671
125,768,,TGO,TG,768,4,Country/Area,914,Togo,2,Medium,1953,1953,73,73,1,1.662,1.659,3.321
125,768,,TGO,TG,768,4,Country/Area,914,Togo,2,Medium,1953,1953,74,74,1,1.48,1.498,2.978
125,768,,TGO,TG,768,4,Country/Area,914,Togo,2,Medium,1953,1953,75,75,1,1.305,1.339,2.644
125,768,,TGO,TG,768,4,Country/Area,914,Togo,2,Medium,1953,1953,76,76,1,1.141,1.177,2.318
125,768,,TGO,TG,768,4,Country/Area,914,Togo,2,Medium,1953,1953,77,77,1,0.991,1.02,2.011
125,768,,TGO,TG,768,4,Country/Area,914,Togo,2,Medium,1953,1953,78,78,1,0.85,0.87,1.72
125,768,,TGO,TG,768,4,Country/Area,914,Togo,2,Medium,1953,1953,79,79,1,0.72,0.726,1.446
125,768,,TGO,TG,768,4,Country/Area,914,Togo,2,Medium,1953,1953,80,80,1,0.601,0.599,1.2
125,768,,TGO,TG,768,4,Country/Area,914,Togo,2,Medium,1953,1953,81,81,1,0.491,0.493,0.984
125,768,,TGO,TG,768,4,Country/Area,914,Togo,2,Medium,1953,1953,82,82,1,0.39,0.403,0.793
125,768,,TGO,TG,768,4,Country/Area,914,Togo,2,Medium,1953,1953,83,83,1,0.303,0.318,0.62
125,768,,TGO,TG,768,4,Country/Area,914,Togo,2,Medium,1953,1953,84,84,1,0.229,0.243,0.472
125,768,,TGO,TG,768,4,Country/Area,914,Togo,2,Medium,1953,1953,85,85,1,0.167,0.183,0.349
125,768,,TGO,TG,768,4,Country/Area,914,Togo,2,Medium,1953,1953,86,86,1,0.117,0.133,0.249
125,768,,TGO,TG,768,4,Country/Area,914,Togo,2,Medium,1953,1953,87,87,1,0.079,0.091,0.17
125,768,,TGO,TG,768,4,Country/Area,914,Togo,2,Medium,1953,1953,88,88,1,0.05,0.058,0.108
125,768,,TGO,TG,768,4,Country/Area,914,Togo,2,Medium,1953,1953,89,89,1,0.028,0.032,0.06
125,768,,TGO,TG,768,4,Country/Area,914,Togo,2,Medium,1953,1953,90,90,1,0.013,0.015,0.028
125,768,,TGO,TG,768,4,Country/Area,914,Togo,2,Medium,1953,1953,91,91,1,0.006,0.007,0.013
125,768,,TGO,TG,768,4,Country/Area,914,Togo,2,Medium,1953,1953,92,92,1,0.003,0.005,0.008
125,768,,TGO,TG,768,4,Country/Area,914,Togo,2,Medium,1953,1953,93,93,1,0.002,0.003,0.005
125,768,,TGO,TG,768,4,Country/Area,914,Togo,2,Medium,1953,1953,94,94,1,0.002,0.002,0.004
125,768,,TGO,TG,768,4,Country/Area,914,Togo,2,Medium,1953,1953,95,95,1,0.001,0.001,0.002
125,768,,TGO,TG,768,4,Country/Area,914,Togo,2,Medium,1953,1953,96,96,1,0,0.001,0.001
125,768,,TGO,TG,768,4,Country/Area,914,Togo,2,Medium,1953,1953,97,97,1,0,0,0
125,768,,TGO,TG,768,4,Country/Area,914,Togo,2,Medium,1953,1953,98,98,1,0,0,0
125,768,,TGO,TG,768,4,Country/Area,914,Togo,2,Medium,1953,1953,99,99,1,0,0,0
125,768,,TGO,TG,768,4,Country/Area,914,Togo,2,Medium,1953,1953,100+,100,-1,0,0,0
125,768,,TGO,TG,768,4,Country/Area,914,Togo,2,Medium,1954,1954,0,0,1,32.348,32.053,64.4
125,768,,TGO,TG,768,4,Country/Area,914,Togo,2,Medium,1954,1954,1,1,1,28.678,28.712,57.391
125,768,,TGO,TG,768,4,Country/Area,914,Togo,2,Medium,1954,1954,2,2,1,26.152,26.37,52.523
125,768,,TGO,TG,768,4,Country/Area,914,Togo,2,Medium,1954,1954,3,3,1,24.489,24.774,49.263
125,768,,TGO,TG,768,4,Country/Area,914,Togo,2,Medium,1954,1954,4,4,1,22.901,23.149,46.05
125,768,,TGO,TG,768,4,Country/Area,914,Togo,2,Medium,1954,1954,5,5,1,21.753,21.956,43.709
125,768,,TGO,TG,768,4,Country/Area,914,Togo,2,Medium,1954,1954,6,6,1,21.163,21.392,42.556
125,768,,TGO,TG,768,4,Country/Area,914,Togo,2,Medium,1954,1954,7,7,1,20.431,20.706,41.138
125,768,,TGO,TG,768,4,Country/Area,914,Togo,2,Medium,1954,1954,8,8,1,19.555,19.768,39.324
125,768,,TGO,TG,768,4,Country/Area,914,Togo,2,Medium,1954,1954,9,9,1,18.715,18.828,37.542
125,768,,TGO,TG,768,4,Country/Area,914,Togo,2,Medium,1954,1954,10,10,1,18.02,18.131,36.151
125,768,,TGO,TG,768,4,Country/Area,914,Togo,2,Medium,1954,1954,11,11,1,17.34,17.479,34.819
125,768,,TGO,TG,768,4,Country/Area,914,Togo,2,Medium,1954,1954,12,12,1,16.713,16.891,33.605
125,768,,TGO,TG,768,4,Country/Area,914,Togo,2,Medium,1954,1954,13,13,1,16.157,16.375,32.532
125,768,,TGO,TG,768,4,Country/Area,914,Togo,2,Medium,1954,1954,14,14,1,15.669,15.934,31.604
125,768,,TGO,TG,768,4,Country/Area,914,Togo,2,Medium,1954,1954,15,15,1,15.235,15.566,30.8
125,768,,TGO,TG,768,4,Country/Area,914,Togo,2,Medium,1954,1954,16,16,1,14.814,15.195,30.009
125,768,,TGO,TG,768,4,Country/Area,914,Togo,2,Medium,1954,1954,17,17,1,14.38,14.752,29.132
125,768,,TGO,TG,768,4,Country/Area,914,Togo,2,Medium,1954,1954,18,18,1,13.941,14.275,28.216
125,768,,TGO,TG,768,4,Country/Area,914,Togo,2,Medium,1954,1954,19,19,1,13.537,13.847,27.384
125,768,,TGO,TG,768,4,Country/Area,914,Togo,2,Medium,1954,1954,20,20,1,13.172,13.475,26.646
125,768,,TGO,TG,768,4,Country/Area,914,Togo,2,Medium,1954,1954,21,21,1,12.805,13.104,25.91
125,768,,TGO,TG,768,4,Country/Area,914,Togo,2,Medium,1954,1954,22,22,1,12.415,12.729,25.144
125,768,,TGO,TG,768,4,Country/Area,914,Togo,2,Medium,1954,1954,23,23,1,12.018,12.356,24.373
125,768,,TGO,TG,768,4,Country/Area,914,Togo,2,Medium,1954,1954,24,24,1,11.645,11.998,23.643
125,768,,TGO,TG,768,4,Country/Area,914,Togo,2,Medium,1954,1954,25,25,1,11.304,11.656,22.96
125,768,,TGO,TG,768,4,Country/Area,914,Togo,2,Medium,1954,1954,26,26,1,10.973,11.325,22.299
125,768,,TGO,TG,768,4,Country/Area,914,Togo,2,Medium,1954,1954,27,27,1,10.649,11.002,21.65
125,768,,TGO,TG,768,4,Country/Area,914,Togo,2,Medium,1954,1954,28,28,1,10.328,10.688,21.016
125,768,,TGO,TG,768,4,Country/Area,914,Togo,2,Medium,1954,1954,29,29,1,10.016,10.384,20.401
125,768,,TGO,TG,768,4,Country/Area,914,Togo,2,Medium,1954,1954,30,30,1,9.707,10.091,19.799
125,768,,TGO,TG,768,4,Country/Area,914,Togo,2,Medium,1954,1954,31,31,1,9.412,9.807,19.22
125,768,,TGO,TG,768,4,Country/Area,914,Togo,2,Medium,1954,1954,32,32,1,9.148,9.531,18.68
125,768,,TGO,TG,768,4,Country/Area,914,Togo,2,Medium,1954,1954,33,33,1,8.904,9.264,18.168
125,768,,TGO,TG,768,4,Country/Area,914,Togo,2,Medium,1954,1954,34,34,1,8.662,9.002,17.663
125,768,,TGO,TG,768,4,Country/Area,914,Togo,2,Medium,1954,1954,35,35,1,8.422,8.739,17.161
125,768,,TGO,TG,768,4,Country/Area,914,Togo,2,Medium,1954,1954,36,36,1,8.184,8.493,16.677
125,768,,TGO,TG,768,4,Country/Area,914,Togo,2,Medium,1954,1954,37,37,1,7.938,8.281,16.218
125,768,,TGO,TG,768,4,Country/Area,914,Togo,2,Medium,1954,1954,38,38,1,7.686,8.086,15.773
125,768,,TGO,TG,768,4,Country/Area,914,Togo,2,Medium,1954,1954,39,39,1,7.441,7.891,15.332
125,768,,TGO,TG,768,4,Country/Area,914,Togo,2,Medium,1954,1954,40,40,1,7.202,7.703,14.905
125,768,,TGO,TG,768,4,Country/Area,914,Togo,2,Medium,1954,1954,41,41,1,6.956,7.497,14.453
125,768,,TGO,TG,768,4,Country/Area,914,Togo,2,Medium,1954,1954,42,42,1,6.699,7.237,13.935
125,768,,TGO,TG,768,4,Country/Area,914,Togo,2,Medium,1954,1954,43,43,1,6.437,6.946,13.383
125,768,,TGO,TG,768,4,Country/Area,914,Togo,2,Medium,1954,1954,44,44,1,6.183,6.667,12.85
125,768,,TGO,TG,768,4,Country/Area,914,Togo,2,Medium,1954,1954,45,45,1,5.936,6.402,12.339
125,768,,TGO,TG,768,4,Country/Area,914,Togo,2,Medium,1954,1954,46,46,1,5.697,6.143,11.839
125,768,,TGO,TG,768,4,Country/Area,914,Togo,2,Medium,1954,1954,47,47,1,5.469,5.907,11.376
125,768,,TGO,TG,768,4,Country/Area,914,Togo,2,Medium,1954,1954,48,48,1,5.251,5.69,10.941
125,768,,TGO,TG,768,4,Country/Area,914,Togo,2,Medium,1954,1954,49,49,1,5.037,5.473,10.51
125,768,,TGO,TG,768,4,Country/Area,914,Togo,2,Medium,1954,1954,50,50,1,4.828,5.253,10.082
125,768,,TGO,TG,768,4,Country/Area,914,Togo,2,Medium,1954,1954,51,51,1,4.63,5.051,9.681
125,768,,TGO,TG,768,4,Country/Area,914,Togo,2,Medium,1954,1954,52,52,1,4.45,4.87,9.32
125,768,,TGO,TG,768,4,Country/Area,914,Togo,2,Medium,1954,1954,53,53,1,4.284,4.705,8.989
125,768,,TGO,TG,768,4,Country/Area,914,Togo,2,Medium,1954,1954,54,54,1,4.125,4.548,8.672
125,768,,TGO,TG,768,4,Country/Area,914,Togo,2,Medium,1954,1954,55,55,1,3.974,4.393,8.367
125,768,,TGO,TG,768,4,Country/Area,914,Togo,2,Medium,1954,1954,56,56,1,3.833,4.25,8.084
125,768,,TGO,TG,768,4,Country/Area,914,Togo,2,Medium,1954,1954,57,57,1,3.697,4.117,7.814
125,768,,TGO,TG,768,4,Country/Area,914,Togo,2,Medium,1954,1954,58,58,1,3.564,3.987,7.552
125,768,,TGO,TG,768,4,Country/Area,914,Togo,2,Medium,1954,1954,59,59,1,3.434,3.86,7.295
125,768,,TGO,TG,768,4,Country/Area,914,Togo,2,Medium,1954,1954,60,60,1,3.307,3.729,7.036
125,768,,TGO,TG,768,4,Country/Area,914,Togo,2,Medium,1954,1954,61,61,1,3.194,3.596,6.79
125,768,,TGO,TG,768,4,Country/Area,914,Togo,2,Medium,1954,1954,62,62,1,3.116,3.461,6.577
125,768,,TGO,TG,768,4,Country/Area,914,Togo,2,Medium,1954,1954,63,63,1,3.062,3.317,6.38
125,768,,TGO,TG,768,4,Country/Area,914,Togo,2,Medium,1954,1954,64,64,1,2.998,3.171,6.169
125,768,,TGO,TG,768,4,Country/Area,914,Togo,2,Medium,1954,1954,65,65,1,2.932,3.03,5.961
125,768,,TGO,TG,768,4,Country/Area,914,Togo,2,Medium,1954,1954,66,66,1,2.845,2.878,5.723
125,768,,TGO,TG,768,4,Country/Area,914,Togo,2,Medium,1954,1954,67,67,1,2.703,2.713,5.417
125,768,,TGO,TG,768,4,Country/Area,914,Togo,2,Medium,1954,1954,68,68,1,2.533,2.539,5.071
125,768,,TGO,TG,768,4,Country/Area,914,Togo,2,Medium,1954,1954,69,69,1,2.37,2.359,4.729
125,768,,TGO,TG,768,4,Country/Area,914,Togo,2,Medium,1954,1954,70,70,1,2.211,2.179,4.389
125,768,,TGO,TG,768,4,Country/Area,914,Togo,2,Medium,1954,1954,71,71,1,2.034,1.998,4.032
125,768,,TGO,TG,768,4,Country/Area,914,Togo,2,Medium,1954,1954,72,72,1,1.852,1.825,3.677
125,768,,TGO,TG,768,4,Country/Area,914,Togo,2,Medium,1954,1954,73,73,1,1.668,1.66,3.327
125,768,,TGO,TG,768,4,Country/Area,914,Togo,2,Medium,1954,1954,74,74,1,1.484,1.496,2.979
125,768,,TGO,TG,768,4,Country/Area,914,Togo,2,Medium,1954,1954,75,75,1,1.308,1.338,2.646
125,768,,TGO,TG,768,4,Country/Area,914,Togo,2,Medium,1954,1954,76,76,1,1.139,1.184,2.322
125,768,,TGO,TG,768,4,Country/Area,914,Togo,2,Medium,1954,1954,77,77,1,0.984,1.028,2.011
125,768,,TGO,TG,768,4,Country/Area,914,Togo,2,Medium,1954,1954,78,78,1,0.844,0.879,1.722
125,768,,TGO,TG,768,4,Country/Area,914,Togo,2,Medium,1954,1954,79,79,1,0.713,0.739,1.452
125,768,,TGO,TG,768,4,Country/Area,914,Togo,2,Medium,1954,1954,80,80,1,0.594,0.607,1.2
125,768,,TGO,TG,768,4,Country/Area,914,Togo,2,Medium,1954,1954,81,81,1,0.487,0.491,0.978
125,768,,TGO,TG,768,4,Country/Area,914,Togo,2,Medium,1954,1954,82,82,1,0.39,0.397,0.786
125,768,,TGO,TG,768,4,Country/Area,914,Togo,2,Medium,1954,1954,83,83,1,0.302,0.317,0.619
125,768,,TGO,TG,768,4,Country/Area,914,Togo,2,Medium,1954,1954,84,84,1,0.229,0.243,0.472
125,768,,TGO,TG,768,4,Country/Area,914,Togo,2,Medium,1954,1954,85,85,1,0.167,0.182,0.349
125,768,,TGO,TG,768,4,Country/Area,914,Togo,2,Medium,1954,1954,86,86,1,0.118,0.133,0.25
125,768,,TGO,TG,768,4,Country/Area,914,Togo,2,Medium,1954,1954,87,87,1,0.081,0.094,0.174
125,768,,TGO,TG,768,4,Country/Area,914,Togo,2,Medium,1954,1954,88,88,1,0.053,0.063,0.115
125,768,,TGO,TG,768,4,Country/Area,914,Togo,2,Medium,1954,1954,89,89,1,0.032,0.038,0.07
125,768,,TGO,TG,768,4,Country/Area,914,Togo,2,Medium,1954,1954,90,90,1,0.017,0.021,0.038
125,768,,TGO,TG,768,4,Country/Area,914,Togo,2,Medium,1954,1954,91,91,1,0.008,0.01,0.018
125,768,,TGO,TG,768,4,Country/Area,914,Togo,2,Medium,1954,1954,92,92,1,0.004,0.005,0.008
125,768,,TGO,TG,768,4,Country/Area,914,Togo,2,Medium,1954,1954,93,93,1,0.002,0.003,0.005
125,768,,TGO,TG,768,4,Country/Area,914,Togo,2,Medium,1954,1954,94,94,1,0.001,0.002,0.003
125,768,,TGO,TG,768,4,Country/Area,914,Togo,2,Medium,1954,1954,95,95,1,0.001,0.001,0.002
125,768,,TGO,TG,768,4,Country/Area,914,Togo,2,Medium,1954,1954,96,96,1,0,0.001,0.001
125,768,,TGO,TG,768,4,Country/Area,914,Togo,2,Medium,1954,1954,97,97,1,0,0,0
125,768,,TGO,TG,768,4,Country/Area,914,Togo,2,Medium,1954,1954,98,98,1,0,0,0
125,768,,TGO,TG,768,4,Country/Area,914,Togo,2,Medium,1954,1954,99,99,1,0,0,0
125,768,,TGO,TG,768,4,Country/Area,914,Togo,2,Medium,1954,1954,100+,100,-1,0,0,0
125,768,,TGO,TG,768,4,Country/Area,914,Togo,2,Medium,1955,1955,0,0,1,32.873,32.577,65.45
125,768,,TGO,TG,768,4,Country/Area,914,Togo,2,Medium,1955,1955,1,1,1,29.177,29.212,58.389
125,768,,TGO,TG,768,4,Country/Area,914,Togo,2,Medium,1955,1955,2,2,1,26.654,26.875,53.528
125,768,,TGO,TG,768,4,Country/Area,914,Togo,2,Medium,1955,1955,3,3,1,24.979,25.267,50.245
125,768,,TGO,TG,768,4,Country/Area,914,Togo,2,Medium,1955,1955,4,4,1,23.761,24.07,47.831
125,768,,TGO,TG,768,4,Country/Area,914,Togo,2,Medium,1955,1955,5,5,1,22.417,22.672,45.089
125,768,,TGO,TG,768,4,Country/Area,914,Togo,2,Medium,1955,1955,6,6,1,21.399,21.601,43.001
125,768,,TGO,TG,768,4,Country/Area,914,Togo,2,Medium,1955,1955,7,7,1,20.881,21.106,41.987
125,768,,TGO,TG,768,4,Country/Area,914,Togo,2,Medium,1955,1955,8,8,1,20.195,20.465,40.66
125,768,,TGO,TG,768,4,Country/Area,914,Togo,2,Medium,1955,1955,9,9,1,19.348,19.555,38.903
125,768,,TGO,TG,768,4,Country/Area,914,Togo,2,Medium,1955,1955,10,10,1,18.526,18.633,37.158
125,768,,TGO,TG,768,4,Country/Area,914,Togo,2,Medium,1955,1955,11,11,1,17.842,17.948,35.79
125,768,,TGO,TG,768,4,Country/Area,914,Togo,2,Medium,1955,1955,12,12,1,17.171,17.302,34.473
125,768,,TGO,TG,768,4,Country/Area,914,Togo,2,Medium,1955,1955,13,13,1,16.549,16.718,33.266
125,768,,TGO,TG,768,4,Country/Area,914,Togo,2,Medium,1955,1955,14,14,1,15.995,16.203,32.197
125,768,,TGO,TG,768,4,Country/Area,914,Togo,2,Medium,1955,1955,15,15,1,15.506,15.759,31.265
125,768,,TGO,TG,768,4,Country/Area,914,Togo,2,Medium,1955,1955,16,16,1,15.069,15.389,30.457
125,768,,TGO,TG,768,4,Country/Area,914,Togo,2,Medium,1955,1955,17,17,1,14.646,15.015,29.661
125,768,,TGO,TG,768,4,Country/Area,914,Togo,2,Medium,1955,1955,18,18,1,14.207,14.572,28.779
125,768,,TGO,TG,768,4,Country/Area,914,Togo,2,Medium,1955,1955,19,19,1,13.764,14.095,27.859
125,768,,TGO,TG,768,4,Country/Area,914,Togo,2,Medium,1955,1955,20,20,1,13.354,13.668,27.022
125,768,,TGO,TG,768,4,Country/Area,914,Togo,2,Medium,1955,1955,21,21,1,12.986,13.297,26.284
125,768,,TGO,TG,768,4,Country/Area,914,Togo,2,Medium,1955,1955,22,22,1,12.618,12.93,25.548
125,768,,TGO,TG,768,4,Country/Area,914,Togo,2,Medium,1955,1955,23,23,1,12.231,12.557,24.788
125,768,,TGO,TG,768,4,Country/Area,914,Togo,2,Medium,1955,1955,24,24,1,11.838,12.188,24.026
125,768,,TGO,TG,768,4,Country/Area,914,Togo,2,Medium,1955,1955,25,25,1,11.473,11.832,23.305
125,768,,TGO,TG,768,4,Country/Area,914,Togo,2,Medium,1955,1955,26,26,1,11.138,11.495,22.633
125,768,,TGO,TG,768,4,Country/Area,914,Togo,2,Medium,1955,1955,27,27,1,10.815,11.166,21.98
125,768,,TGO,TG,768,4,Country/Area,914,Togo,2,Medium,1955,1955,28,28,1,10.495,10.846,21.341
125,768,,TGO,TG,768,4,Country/Area,914,Togo,2,Medium,1955,1955,29,29,1,10.18,10.537,20.716
125,768,,TGO,TG,768,4,Country/Area,914,Togo,2,Medium,1955,1955,30,30,1,9.871,10.237,20.108
125,768,,TGO,TG,768,4,Country/Area,914,Togo,2,Medium,1955,1955,31,31,1,9.566,9.948,19.514
125,768,,TGO,TG,768,4,Country/Area,914,Togo,2,Medium,1955,1955,32,32,1,9.274,9.668,18.941
125,768,,TGO,TG,768,4,Country/Area,914,Togo,2,Medium,1955,1955,33,33,1,9.012,9.395,18.407
125,768,,TGO,TG,768,4,Country/Area,914,Togo,2,Medium,1955,1955,34,34,1,8.77,9.13,17.9
125,768,,TGO,TG,768,4,Country/Area,914,Togo,2,Medium,1955,1955,35,35,1,8.53,8.87,17.401
125,768,,TGO,TG,768,4,Country/Area,914,Togo,2,Medium,1955,1955,36,36,1,8.292,8.611,16.902
125,768,,TGO,TG,768,4,Country/Area,914,Togo,2,Medium,1955,1955,37,37,1,8.056,8.367,16.422
125,768,,TGO,TG,768,4,Country/Area,914,Togo,2,Medium,1955,1955,38,38,1,7.811,8.155,15.966
125,768,,TGO,TG,768,4,Country/Area,914,Togo,2,Medium,1955,1955,39,39,1,7.561,7.963,15.524
125,768,,TGO,TG,768,4,Country/Area,914,Togo,2,Medium,1955,1955,40,40,1,7.316,7.771,15.087
125,768,,TGO,TG,768,4,Country/Area,914,Togo,2,Medium,1955,1955,41,41,1,7.078,7.583,14.662
125,768,,TGO,TG,768,4,Country/Area,914,Togo,2,Medium,1955,1955,42,42,1,6.833,7.38,14.213
125,768,,TGO,TG,768,4,Country/Area,914,Togo,2,Medium,1955,1955,43,43,1,6.577,7.125,13.702
125,768,,TGO,TG,768,4,Country/Area,914,Togo,2,Medium,1955,1955,44,44,1,6.317,6.837,13.155
125,768,,TGO,TG,768,4,Country/Area,914,Togo,2,Medium,1955,1955,45,45,1,6.066,6.563,12.629
125,768,,TGO,TG,768,4,Country/Area,914,Togo,2,Medium,1955,1955,46,46,1,5.822,6.301,12.123
125,768,,TGO,TG,768,4,Country/Area,914,Togo,2,Medium,1955,1955,47,47,1,5.583,6.043,11.626
125,768,,TGO,TG,768,4,Country/Area,914,Togo,2,Medium,1955,1955,48,48,1,5.356,5.809,11.165
125,768,,TGO,TG,768,4,Country/Area,914,Togo,2,Medium,1955,1955,49,49,1,5.139,5.593,10.732
125,768,,TGO,TG,768,4,Country/Area,914,Togo,2,Medium,1955,1955,50,50,1,4.925,5.375,10.3
125,768,,TGO,TG,768,4,Country/Area,914,Togo,2,Medium,1955,1955,51,51,1,4.716,5.156,9.872
125,768,,TGO,TG,768,4,Country/Area,914,Togo,2,Medium,1955,1955,52,52,1,4.518,4.952,9.47
125,768,,TGO,TG,768,4,Country/Area,914,Togo,2,Medium,1955,1955,53,53,1,4.337,4.771,9.107
125,768,,TGO,TG,768,4,Country/Area,914,Togo,2,Medium,1955,1955,54,54,1,4.17,4.606,8.777
125,768,,TGO,TG,768,4,Country/Area,914,Togo,2,Medium,1955,1955,55,55,1,4.01,4.447,8.457
125,768,,TGO,TG,768,4,Country/Area,914,Togo,2,Medium,1955,1955,56,56,1,3.859,4.292,8.151
125,768,,TGO,TG,768,4,Country/Area,914,Togo,2,Medium,1955,1955,57,57,1,3.716,4.147,7.864
125,768,,TGO,TG,768,4,Country/Area,914,Togo,2,Medium,1955,1955,58,58,1,3.578,4.01,7.588
125,768,,TGO,TG,768,4,Country/Area,914,Togo,2,Medium,1955,1955,59,59,1,3.442,3.878,7.319
125,768,,TGO,TG,768,4,Country/Area,914,Togo,2,Medium,1955,1955,60,60,1,3.308,3.744,7.053
125,768,,TGO,TG,768,4,Country/Area,914,Togo,2,Medium,1955,1955,61,61,1,3.176,3.607,6.784
125,768,,TGO,TG,768,4,Country/Area,914,Togo,2,Medium,1955,1955,62,62,1,3.058,3.47,6.527
125,768,,TGO,TG,768,4,Country/Area,914,Togo,2,Medium,1955,1955,63,63,1,2.974,3.328,6.302
125,768,,TGO,TG,768,4,Country/Area,914,Togo,2,Medium,1955,1955,64,64,1,2.913,3.18,6.093
125,768,,TGO,TG,768,4,Country/Area,914,Togo,2,Medium,1955,1955,65,65,1,2.842,3.029,5.871
125,768,,TGO,TG,768,4,Country/Area,914,Togo,2,Medium,1955,1955,66,66,1,2.769,2.884,5.652
125,768,,TGO,TG,768,4,Country/Area,914,Togo,2,Medium,1955,1955,67,67,1,2.675,2.729,5.404
125,768,,TGO,TG,768,4,Country/Area,914,Togo,2,Medium,1955,1955,68,68,1,2.531,2.561,5.091
125,768,,TGO,TG,768,4,Country/Area,914,Togo,2,Medium,1955,1955,69,69,1,2.357,2.382,4.74
125,768,,TGO,TG,768,4,Country/Area,914,Togo,2,Medium,1955,1955,70,70,1,2.192,2.2,4.393
125,768,,TGO,TG,768,4,Country/Area,914,Togo,2,Medium,1955,1955,71,71,1,2.029,2.018,4.047
125,768,,TGO,TG,768,4,Country/Area,914,Togo,2,Medium,1955,1955,72,72,1,1.853,1.835,3.688
125,768,,TGO,TG,768,4,Country/Area,914,Togo,2,Medium,1955,1955,73,73,1,1.671,1.662,3.333
125,768,,TGO,TG,768,4,Country/Area,914,Togo,2,Medium,1955,1955,74,74,1,1.489,1.496,2.986
125,768,,TGO,TG,768,4,Country/Area,914,Togo,2,Medium,1955,1955,75,75,1,1.312,1.335,2.647
125,768,,TGO,TG,768,4,Country/Area,914,Togo,2,Medium,1955,1955,76,76,1,1.141,1.183,2.324
125,768,,TGO,TG,768,4,Country/Area,914,Togo,2,Medium,1955,1955,77,77,1,0.982,1.034,2.015
125,768,,TGO,TG,768,4,Country/Area,914,Togo,2,Medium,1955,1955,78,78,1,0.838,0.886,1.723
125,768,,TGO,TG,768,4,Country/Area,914,Togo,2,Medium,1955,1955,79,79,1,0.708,0.747,1.454
125,768,,TGO,TG,768,4,Country/Area,914,Togo,2,Medium,1955,1955,80,80,1,0.588,0.618,1.206
125,768,,TGO,TG,768,4,Country/Area,914,Togo,2,Medium,1955,1955,81,81,1,0.481,0.498,0.979
125,768,,TGO,TG,768,4,Country/Area,914,Togo,2,Medium,1955,1955,82,82,1,0.387,0.395,0.782
125,768,,TGO,TG,768,4,Country/Area,914,Togo,2,Medium,1955,1955,83,83,1,0.302,0.312,0.614
125,768,,TGO,TG,768,4,Country/Area,914,Togo,2,Medium,1955,1955,84,84,1,0.228,0.243,0.471
125,768,,TGO,TG,768,4,Country/Area,914,Togo,2,Medium,1955,1955,85,85,1,0.167,0.182,0.349
125,768,,TGO,TG,768,4,Country/Area,914,Togo,2,Medium,1955,1955,86,86,1,0.119,0.132,0.251
125,768,,TGO,TG,768,4,Country/Area,914,Togo,2,Medium,1955,1955,87,87,1,0.081,0.094,0.175
125,768,,TGO,TG,768,4,Country/Area,914,Togo,2,Medium,1955,1955,88,88,1,0.053,0.064,0.117
125,768,,TGO,TG,768,4,Country/Area,914,Togo,2,Medium,1955,1955,89,89,1,0.034,0.042,0.075
125,768,,TGO,TG,768,4,Country/Area,914,Togo,2,Medium,1955,1955,90,90,1,0.02,0.025,0.045
125,768,,TGO,TG,768,4,Country/Area,914,Togo,2,Medium,1955,1955,91,91,1,0.011,0.013,0.024
125,768,,TGO,TG,768,4,Country/Area,914,Togo,2,Medium,1955,1955,92,92,1,0.005,0.006,0.011
125,768,,TGO,TG,768,4,Country/Area,914,Togo,2,Medium,1955,1955,93,93,1,0.002,0.003,0.005
125,768,,TGO,TG,768,4,Country/Area,914,Togo,2,Medium,1955,1955,94,94,1,0.001,0.002,0.003
125,768,,TGO,TG,768,4,Country/Area,914,Togo,2,Medium,1955,1955,95,95,1,0.001,0.001,0.002
125,768,,TGO,TG,768,4,Country/Area,914,Togo,2,Medium,1955,1955,96,96,1,0,0.001,0.001
125,768,,TGO,TG,768,4,Country/Area,914,Togo,2,Medium,1955,1955,97,97,1,0,0,0
125,768,,TGO,TG,768,4,Country/Area,914,Togo,2,Medium,1955,1955,98,98,1,0,0,0
125,768,,TGO,TG,768,4,Country/Area,914,Togo,2,Medium,1955,1955,99,99,1,0,0,0
125,768,,TGO,TG,768,4,Country/Area,914,Togo,2,Medium,1955,1955,100+,100,-1,0,0,0
125,768,,TGO,TG,768,4,Country/Area,914,Togo,2,Medium,1956,1956,0,0,1,33.454,33.154,66.608
125,768,,TGO,TG,768,4,Country/Area,914,Togo,2,Medium,1956,1956,1,1,1,29.669,29.708,59.377
125,768,,TGO,TG,768,4,Country/Area,914,Togo,2,Medium,1956,1956,2,2,1,27.135,27.359,54.494
125,768,,TGO,TG,768,4,Country/Area,914,Togo,2,Medium,1956,1956,3,3,1,25.464,25.755,51.219
125,768,,TGO,TG,768,4,Country/Area,914,Togo,2,Medium,1956,1956,4,4,1,24.234,24.546,48.779
125,768,,TGO,TG,768,4,Country/Area,914,Togo,2,Medium,1956,1956,5,5,1,23.259,23.572,46.831
125,768,,TGO,TG,768,4,Country/Area,914,Togo,2,Medium,1956,1956,6,6,1,22.053,22.305,44.359
125,768,,TGO,TG,768,4,Country/Area,914,Togo,2,Medium,1956,1956,7,7,1,21.11,21.308,42.417
125,768,,TGO,TG,768,4,Country/Area,914,Togo,2,Medium,1956,1956,8,8,1,20.636,20.854,41.49
125,768,,TGO,TG,768,4,Country/Area,914,Togo,2,Medium,1956,1956,9,9,1,19.977,20.241,40.218
125,768,,TGO,TG,768,4,Country/Area,914,Togo,2,Medium,1956,1956,10,10,1,19.151,19.352,38.502
125,768,,TGO,TG,768,4,Country/Area,914,Togo,2,Medium,1956,1956,11,11,1,18.34,18.442,36.782
125,768,,TGO,TG,768,4,Country/Area,914,Togo,2,Medium,1956,1956,12,12,1,17.665,17.764,35.429
125,768,,TGO,TG,768,4,Country/Area,914,Togo,2,Medium,1956,1956,13,13,1,17,17.122,34.122
125,768,,TGO,TG,768,4,Country/Area,914,Togo,2,Medium,1956,1956,14,14,1,16.379,16.539,32.918
125,768,,TGO,TG,768,4,Country/Area,914,Togo,2,Medium,1956,1956,15,15,1,15.825,16.023,31.849
125,768,,TGO,TG,768,4,Country/Area,914,Togo,2,Medium,1956,1956,16,16,1,15.335,15.578,30.913
125,768,,TGO,TG,768,4,Country/Area,914,Togo,2,Medium,1956,1956,17,17,1,14.895,15.204,30.099
125,768,,TGO,TG,768,4,Country/Area,914,Togo,2,Medium,1956,1956,18,18,1,14.467,14.831,29.298
125,768,,TGO,TG,768,4,Country/Area,914,Togo,2,Medium,1956,1956,19,19,1,14.024,14.387,28.411
125,768,,TGO,TG,768,4,Country/Area,914,Togo,2,Medium,1956,1956,20,20,1,13.576,13.912,27.488
125,768,,TGO,TG,768,4,Country/Area,914,Togo,2,Medium,1956,1956,21,21,1,13.164,13.486,26.651
125,768,,TGO,TG,768,4,Country/Area,914,Togo,2,Medium,1956,1956,22,22,1,12.795,13.118,25.913
125,768,,TGO,TG,768,4,Country/Area,914,Togo,2,Medium,1956,1956,23,23,1,12.43,12.754,25.183
125,768,,TGO,TG,768,4,Country/Area,914,Togo,2,Medium,1956,1956,24,24,1,12.047,12.384,24.431
125,768,,TGO,TG,768,4,Country/Area,914,Togo,2,Medium,1956,1956,25,25,1,11.661,12.018,23.678
125,768,,TGO,TG,768,4,Country/Area,914,Togo,2,Medium,1956,1956,26,26,1,11.303,11.666,22.968
125,768,,TGO,TG,768,4,Country/Area,914,Togo,2,Medium,1956,1956,27,27,1,10.975,11.332,22.306
125,768,,TGO,TG,768,4,Country/Area,914,Togo,2,Medium,1956,1956,28,28,1,10.658,11.007,21.664
125,768,,TGO,TG,768,4,Country/Area,914,Togo,2,Medium,1956,1956,29,29,1,10.343,10.691,21.034
125,768,,TGO,TG,768,4,Country/Area,914,Togo,2,Medium,1956,1956,30,30,1,10.031,10.386,20.417
125,768,,TGO,TG,768,4,Country/Area,914,Togo,2,Medium,1956,1956,31,31,1,9.727,10.09,19.817
125,768,,TGO,TG,768,4,Country/Area,914,Togo,2,Medium,1956,1956,32,32,1,9.424,9.804,19.227
125,768,,TGO,TG,768,4,Country/Area,914,Togo,2,Medium,1956,1956,33,33,1,9.134,9.527,18.662
125,768,,TGO,TG,768,4,Country/Area,914,Togo,2,Medium,1956,1956,34,34,1,8.875,9.257,18.132
125,768,,TGO,TG,768,4,Country/Area,914,Togo,2,Medium,1956,1956,35,35,1,8.635,8.995,17.631
125,768,,TGO,TG,768,4,Country/Area,914,Togo,2,Medium,1956,1956,36,36,1,8.398,8.739,17.137
125,768,,TGO,TG,768,4,Country/Area,914,Togo,2,Medium,1956,1956,37,37,1,8.161,8.48,16.642
125,768,,TGO,TG,768,4,Country/Area,914,Togo,2,Medium,1956,1956,38,38,1,7.927,8.239,16.166
125,768,,TGO,TG,768,4,Country/Area,914,Togo,2,Medium,1956,1956,39,39,1,7.683,8.03,15.713
125,768,,TGO,TG,768,4,Country/Area,914,Togo,2,Medium,1956,1956,40,40,1,7.434,7.839,15.273
125,768,,TGO,TG,768,4,Country/Area,914,Togo,2,Medium,1956,1956,41,41,1,7.19,7.649,14.838
125,768,,TGO,TG,768,4,Country/Area,914,Togo,2,Medium,1956,1956,42,42,1,6.952,7.465,14.416
125,768,,TGO,TG,768,4,Country/Area,914,Togo,2,Medium,1956,1956,43,43,1,6.708,7.264,13.973
125,768,,TGO,TG,768,4,Country/Area,914,Togo,2,Medium,1956,1956,44,44,1,6.455,7.013,13.467
125,768,,TGO,TG,768,4,Country/Area,914,Togo,2,Medium,1956,1956,45,45,1,6.197,6.729,12.926
125,768,,TGO,TG,768,4,Country/Area,914,Togo,2,Medium,1956,1956,46,46,1,5.947,6.457,12.405
125,768,,TGO,TG,768,4,Country/Area,914,Togo,2,Medium,1956,1956,47,47,1,5.705,6.198,11.902
125,768,,TGO,TG,768,4,Country/Area,914,Togo,2,Medium,1956,1956,48,48,1,5.468,5.942,11.409
125,768,,TGO,TG,768,4,Country/Area,914,Togo,2,Medium,1956,1956,49,49,1,5.242,5.708,10.95
125,768,,TGO,TG,768,4,Country/Area,914,Togo,2,Medium,1956,1956,50,50,1,5.024,5.491,10.515
125,768,,TGO,TG,768,4,Country/Area,914,Togo,2,Medium,1956,1956,51,51,1,4.811,5.274,10.085
125,768,,TGO,TG,768,4,Country/Area,914,Togo,2,Medium,1956,1956,52,52,1,4.601,5.054,9.655
125,768,,TGO,TG,768,4,Country/Area,914,Togo,2,Medium,1956,1956,53,53,1,4.403,4.851,9.254
125,768,,TGO,TG,768,4,Country/Area,914,Togo,2,Medium,1956,1956,54,54,1,4.221,4.669,8.89
125,768,,TGO,TG,768,4,Country/Area,914,Togo,2,Medium,1956,1956,55,55,1,4.054,4.505,8.559
125,768,,TGO,TG,768,4,Country/Area,914,Togo,2,Medium,1956,1956,56,56,1,3.893,4.345,8.238
125,768,,TGO,TG,768,4,Country/Area,914,Togo,2,Medium,1956,1956,57,57,1,3.74,4.188,7.928
125,768,,TGO,TG,768,4,Country/Area,914,Togo,2,Medium,1956,1956,58,58,1,3.596,4.04,7.636
125,768,,TGO,TG,768,4,Country/Area,914,Togo,2,Medium,1956,1956,59,59,1,3.454,3.899,7.353
125,768,,TGO,TG,768,4,Country/Area,914,Togo,2,Medium,1956,1956,60,60,1,3.314,3.761,7.075
125,768,,TGO,TG,768,4,Country/Area,914,Togo,2,Medium,1956,1956,61,61,1,3.177,3.622,6.799
125,768,,TGO,TG,768,4,Country/Area,914,Togo,2,Medium,1956,1956,62,62,1,3.041,3.48,6.521
125,768,,TGO,TG,768,4,Country/Area,914,Togo,2,Medium,1956,1956,63,63,1,2.918,3.336,6.254
125,768,,TGO,TG,768,4,Country/Area,914,Togo,2,Medium,1956,1956,64,64,1,2.829,3.189,6.019
125,768,,TGO,TG,768,4,Country/Area,914,Togo,2,Medium,1956,1956,65,65,1,2.761,3.037,5.798
125,768,,TGO,TG,768,4,Country/Area,914,Togo,2,Medium,1956,1956,66,66,1,2.684,2.882,5.566
125,768,,TGO,TG,768,4,Country/Area,914,Togo,2,Medium,1956,1956,67,67,1,2.603,2.733,5.337
125,768,,TGO,TG,768,4,Country/Area,914,Togo,2,Medium,1956,1956,68,68,1,2.504,2.575,5.08
125,768,,TGO,TG,768,4,Country/Area,914,Togo,2,Medium,1956,1956,69,69,1,2.356,2.404,4.759
125,768,,TGO,TG,768,4,Country/Area,914,Togo,2,Medium,1956,1956,70,70,1,2.18,2.223,4.402
125,768,,TGO,TG,768,4,Country/Area,914,Togo,2,Medium,1956,1956,71,71,1,2.013,2.038,4.05
125,768,,TGO,TG,768,4,Country/Area,914,Togo,2,Medium,1956,1956,72,72,1,1.847,1.853,3.701
125,768,,TGO,TG,768,4,Country/Area,914,Togo,2,Medium,1956,1956,73,73,1,1.671,1.671,3.342
125,768,,TGO,TG,768,4,Country/Area,914,Togo,2,Medium,1956,1956,74,74,1,1.492,1.498,2.99
125,768,,TGO,TG,768,4,Country/Area,914,Togo,2,Medium,1956,1956,75,75,1,1.316,1.337,2.652
125,768,,TGO,TG,768,4,Country/Area,914,Togo,2,Medium,1956,1956,76,76,1,1.145,1.18,2.325
125,768,,TGO,TG,768,4,Country/Area,914,Togo,2,Medium,1956,1956,77,77,1,0.985,1.032,2.017
125,768,,TGO,TG,768,4,Country/Area,914,Togo,2,Medium,1956,1956,78,78,1,0.836,0.891,1.727
125,768,,TGO,TG,768,4,Country/Area,914,Togo,2,Medium,1956,1956,79,79,1,0.703,0.753,1.455
125,768,,TGO,TG,768,4,Country/Area,914,Togo,2,Medium,1956,1956,80,80,1,0.584,0.624,1.208
125,768,,TGO,TG,768,4,Country/Area,914,Togo,2,Medium,1956,1956,81,81,1,0.477,0.507,0.984
125,768,,TGO,TG,768,4,Country/Area,914,Togo,2,Medium,1956,1956,82,82,1,0.382,0.401,0.783
125,768,,TGO,TG,768,4,Country/Area,914,Togo,2,Medium,1956,1956,83,83,1,0.3,0.311,0.611
125,768,,TGO,TG,768,4,Country/Area,914,Togo,2,Medium,1956,1956,84,84,1,0.228,0.24,0.468
125,768,,TGO,TG,768,4,Country/Area,914,Togo,2,Medium,1956,1956,85,85,1,0.167,0.182,0.349
125,768,,TGO,TG,768,4,Country/Area,914,Togo,2,Medium,1956,1956,86,86,1,0.119,0.133,0.251
125,768,,TGO,TG,768,4,Country/Area,914,Togo,2,Medium,1956,1956,87,87,1,0.081,0.094,0.175
125,768,,TGO,TG,768,4,Country/Area,914,Togo,2,Medium,1956,1956,88,88,1,0.054,0.064,0.118
125,768,,TGO,TG,768,4,Country/Area,914,Togo,2,Medium,1956,1956,89,89,1,0.034,0.043,0.077
125,768,,TGO,TG,768,4,Country/Area,914,Togo,2,Medium,1956,1956,90,90,1,0.021,0.027,0.048
125,768,,TGO,TG,768,4,Country/Area,914,Togo,2,Medium,1956,1956,91,91,1,0.012,0.016,0.028
125,768,,TGO,TG,768,4,Country/Area,914,Togo,2,Medium,1956,1956,92,92,1,0.006,0.008,0.014
125,768,,TGO,TG,768,4,Country/Area,914,Togo,2,Medium,1956,1956,93,93,1,0.003,0.004,0.006
125,768,,TGO,TG,768,4,Country/Area,914,Togo,2,Medium,1956,1956,94,94,1,0.001,0.002,0.003
125,768,,TGO,TG,768,4,Country/Area,914,Togo,2,Medium,1956,1956,95,95,1,0.001,0.001,0.002
125,768,,TGO,TG,768,4,Country/Area,914,Togo,2,Medium,1956,1956,96,96,1,0,0,0
125,768,,TGO,TG,768,4,Country/Area,914,Togo,2,Medium,1956,1956,97,97,1,0,0,0
125,768,,TGO,TG,768,4,Country/Area,914,Togo,2,Medium,1956,1956,98,98,1,0,0,0
125,768,,TGO,TG,768,4,Country/Area,914,Togo,2,Medium,1956,1956,99,99,1,0,0,0
125,768,,TGO,TG,768,4,Country/Area,914,Togo,2,Medium,1956,1956,100+,100,-1,0,0,0
125,768,,TGO,TG,768,4,Country/Area,914,Togo,2,Medium,1957,1957,0,0,1,34.084,33.779,67.862
125,768,,TGO,TG,768,4,Country/Area,914,Togo,2,Medium,1957,1957,1,1,1,30.213,30.254,60.467
125,768,,TGO,TG,768,4,Country/Area,914,Togo,2,Medium,1957,1957,2,2,1,27.611,27.842,55.453
125,768,,TGO,TG,768,4,Country/Area,914,Togo,2,Medium,1957,1957,3,3,1,25.93,26.225,52.154
125,768,,TGO,TG,768,4,Country/Area,914,Togo,2,Medium,1957,1957,4,4,1,24.706,25.019,49.724
125,768,,TGO,TG,768,4,Country/Area,914,Togo,2,Medium,1957,1957,5,5,1,23.718,24.032,47.75
125,768,,TGO,TG,768,4,Country/Area,914,Togo,2,Medium,1957,1957,6,6,1,22.88,23.189,46.069
125,768,,TGO,TG,768,4,Country/Area,914,Togo,2,Medium,1957,1957,7,7,1,21.755,22.002,43.757
125,768,,TGO,TG,768,4,Country/Area,914,Togo,2,Medium,1957,1957,8,8,1,20.857,21.047,41.904
125,768,,TGO,TG,768,4,Country/Area,914,Togo,2,Medium,1957,1957,9,9,1,20.409,20.62,41.029
125,768,,TGO,TG,768,4,Country/Area,914,Togo,2,Medium,1957,1957,10,10,1,19.77,20.026,39.796
125,768,,TGO,TG,768,4,Country/Area,914,Togo,2,Medium,1957,1957,11,11,1,18.956,19.151,38.107
125,768,,TGO,TG,768,4,Country/Area,914,Togo,2,Medium,1957,1957,12,12,1,18.155,18.25,36.405
125,768,,TGO,TG,768,4,Country/Area,914,Togo,2,Medium,1957,1957,13,13,1,17.485,17.577,35.063
125,768,,TGO,TG,768,4,Country/Area,914,Togo,2,Medium,1957,1957,14,14,1,16.823,16.937,33.76
125,768,,TGO,TG,768,4,Country/Area,914,Togo,2,Medium,1957,1957,15,15,1,16.203,16.354,32.557
125,768,,TGO,TG,768,4,Country/Area,914,Togo,2,Medium,1957,1957,16,16,1,15.649,15.836,31.485
125,768,,TGO,TG,768,4,Country/Area,914,Togo,2,Medium,1957,1957,17,17,1,15.155,15.389,30.544
125,768,,TGO,TG,768,4,Country/Area,914,Togo,2,Medium,1957,1957,18,18,1,14.71,15.013,29.724
125,768,,TGO,TG,768,4,Country/Area,914,Togo,2,Medium,1957,1957,19,19,1,14.279,14.639,28.918
125,768,,TGO,TG,768,4,Country/Area,914,Togo,2,Medium,1957,1957,20,20,1,13.832,14.197,28.029
125,768,,TGO,TG,768,4,Country/Area,914,Togo,2,Medium,1957,1957,21,21,1,13.381,13.725,27.106
125,768,,TGO,TG,768,4,Country/Area,914,Togo,2,Medium,1957,1957,22,22,1,12.968,13.303,26.27
125,768,,TGO,TG,768,4,Country/Area,914,Togo,2,Medium,1957,1957,23,23,1,12.601,12.937,25.538
125,768,,TGO,TG,768,4,Country/Area,914,Togo,2,Medium,1957,1957,24,24,1,12.24,12.575,24.816
125,768,,TGO,TG,768,4,Country/Area,914,Togo,2,Medium,1957,1957,25,25,1,11.864,12.209,24.073
125,768,,TGO,TG,768,4,Country/Area,914,Togo,2,Medium,1957,1957,26,26,1,11.487,11.847,23.334
125,768,,TGO,TG,768,4,Country/Area,914,Togo,2,Medium,1957,1957,27,27,1,11.135,11.498,22.634
125,768,,TGO,TG,768,4,Country/Area,914,Togo,2,Medium,1957,1957,28,28,1,10.814,11.168,21.982
125,768,,TGO,TG,768,4,Country/Area,914,Togo,2,Medium,1957,1957,29,29,1,10.502,10.847,21.349
125,768,,TGO,TG,768,4,Country/Area,914,Togo,2,Medium,1957,1957,30,30,1,10.191,10.536,20.726
125,768,,TGO,TG,768,4,Country/Area,914,Togo,2,Medium,1957,1957,31,31,1,9.883,10.234,20.116
125,768,,TGO,TG,768,4,Country/Area,914,Togo,2,Medium,1957,1957,32,32,1,9.581,9.942,19.523
125,768,,TGO,TG,768,4,Country/Area,914,Togo,2,Medium,1957,1957,33,33,1,9.281,9.661,18.941
125,768,,TGO,TG,768,4,Country/Area,914,Togo,2,Medium,1957,1957,34,34,1,8.994,9.386,18.38
125,768,,TGO,TG,768,4,Country/Area,914,Togo,2,Medium,1957,1957,35,35,1,8.737,9.12,17.857
125,768,,TGO,TG,768,4,Country/Area,914,Togo,2,Medium,1957,1957,36,36,1,8.499,8.86,17.36
125,768,,TGO,TG,768,4,Country/Area,914,Togo,2,Medium,1957,1957,37,37,1,8.264,8.605,16.869
125,768,,TGO,TG,768,4,Country/Area,914,Togo,2,Medium,1957,1957,38,38,1,8.029,8.35,16.379
125,768,,TGO,TG,768,4,Country/Area,914,Togo,2,Medium,1957,1957,39,39,1,7.795,8.11,15.906
125,768,,TGO,TG,768,4,Country/Area,914,Togo,2,Medium,1957,1957,40,40,1,7.552,7.903,15.455
125,768,,TGO,TG,768,4,Country/Area,914,Togo,2,Medium,1957,1957,41,41,1,7.303,7.715,15.018
125,768,,TGO,TG,768,4,Country/Area,914,Togo,2,Medium,1957,1957,42,42,1,7.061,7.527,14.588
125,768,,TGO,TG,768,4,Country/Area,914,Togo,2,Medium,1957,1957,43,43,1,6.824,7.346,14.169
125,768,,TGO,TG,768,4,Country/Area,914,Togo,2,Medium,1957,1957,44,44,1,6.582,7.149,13.73
125,768,,TGO,TG,768,4,Country/Area,914,Togo,2,Medium,1957,1957,45,45,1,6.33,6.9,13.23
125,768,,TGO,TG,768,4,Country/Area,914,Togo,2,Medium,1957,1957,46,46,1,6.075,6.62,12.694
125,768,,TGO,TG,768,4,Country/Area,914,Togo,2,Medium,1957,1957,47,47,1,5.827,6.351,12.178
125,768,,TGO,TG,768,4,Country/Area,914,Togo,2,Medium,1957,1957,48,48,1,5.585,6.093,11.678
125,768,,TGO,TG,768,4,Country/Area,914,Togo,2,Medium,1957,1957,49,49,1,5.349,5.838,11.188
125,768,,TGO,TG,768,4,Country/Area,914,Togo,2,Medium,1957,1957,50,50,1,5.123,5.604,10.727
125,768,,TGO,TG,768,4,Country/Area,914,Togo,2,Medium,1957,1957,51,51,1,4.906,5.388,10.293
125,768,,TGO,TG,768,4,Country/Area,914,Togo,2,Medium,1957,1957,52,52,1,4.692,5.17,9.861
125,768,,TGO,TG,768,4,Country/Area,914,Togo,2,Medium,1957,1957,53,53,1,4.483,4.95,9.433
125,768,,TGO,TG,768,4,Country/Area,914,Togo,2,Medium,1957,1957,54,54,1,4.285,4.747,9.031
125,768,,TGO,TG,768,4,Country/Area,914,Togo,2,Medium,1957,1957,55,55,1,4.104,4.565,8.668
125,768,,TGO,TG,768,4,Country/Area,914,Togo,2,Medium,1957,1957,56,56,1,3.935,4.399,8.335
125,768,,TGO,TG,768,4,Country/Area,914,Togo,2,Medium,1957,1957,57,57,1,3.773,4.237,8.011
125,768,,TGO,TG,768,4,Country/Area,914,Togo,2,Medium,1957,1957,58,58,1,3.619,4.079,7.697
125,768,,TGO,TG,768,4,Country/Area,914,Togo,2,Medium,1957,1957,59,59,1,3.471,3.928,7.399
125,768,,TGO,TG,768,4,Country/Area,914,Togo,2,Medium,1957,1957,60,60,1,3.325,3.781,7.107
125,768,,TGO,TG,768,4,Country/Area,914,Togo,2,Medium,1957,1957,61,61,1,3.183,3.638,6.821
125,768,,TGO,TG,768,4,Country/Area,914,Togo,2,Medium,1957,1957,62,62,1,3.042,3.494,6.535
125,768,,TGO,TG,768,4,Country/Area,914,Togo,2,Medium,1957,1957,63,63,1,2.902,3.345,6.247
125,768,,TGO,TG,768,4,Country/Area,914,Togo,2,Medium,1957,1957,64,64,1,2.776,3.196,5.972
125,768,,TGO,TG,768,4,Country/Area,914,Togo,2,Medium,1957,1957,65,65,1,2.682,3.046,5.728
125,768,,TGO,TG,768,4,Country/Area,914,Togo,2,Medium,1957,1957,66,66,1,2.607,2.89,5.497
125,768,,TGO,TG,768,4,Country/Area,914,Togo,2,Medium,1957,1957,67,67,1,2.523,2.732,5.255
125,768,,TGO,TG,768,4,Country/Area,914,Togo,2,Medium,1957,1957,68,68,1,2.436,2.579,5.015
125,768,,TGO,TG,768,4,Country/Area,914,Togo,2,Medium,1957,1957,69,69,1,2.33,2.417,4.747
125,768,,TGO,TG,768,4,Country/Area,914,Togo,2,Medium,1957,1957,70,70,1,2.178,2.241,4.42
125,768,,TGO,TG,768,4,Country/Area,914,Togo,2,Medium,1957,1957,71,71,1,2.002,2.058,4.059
125,768,,TGO,TG,768,4,Country/Area,914,Togo,2,Medium,1957,1957,72,72,1,1.832,1.871,3.703
125,768,,TGO,TG,768,4,Country/Area,914,Togo,2,Medium,1957,1957,73,73,1,1.667,1.687,3.353
125,768,,TGO,TG,768,4,Country/Area,914,Togo,2,Medium,1957,1957,74,74,1,1.492,1.507,2.999
125,768,,TGO,TG,768,4,Country/Area,914,Togo,2,Medium,1957,1957,75,75,1,1.319,1.339,2.657
125,768,,TGO,TG,768,4,Country/Area,914,Togo,2,Medium,1957,1957,76,76,1,1.149,1.181,2.329
125,768,,TGO,TG,768,4,Country/Area,914,Togo,2,Medium,1957,1957,77,77,1,0.988,1.03,2.018
125,768,,TGO,TG,768,4,Country/Area,914,Togo,2,Medium,1957,1957,78,78,1,0.838,0.89,1.728
125,768,,TGO,TG,768,4,Country/Area,914,Togo,2,Medium,1957,1957,79,79,1,0.701,0.757,1.458
125,768,,TGO,TG,768,4,Country/Area,914,Togo,2,Medium,1957,1957,80,80,1,0.58,0.629,1.209
125,768,,TGO,TG,768,4,Country/Area,914,Togo,2,Medium,1957,1957,81,81,1,0.473,0.513,0.986
125,768,,TGO,TG,768,4,Country/Area,914,Togo,2,Medium,1957,1957,82,82,1,0.379,0.408,0.787
125,768,,TGO,TG,768,4,Country/Area,914,Togo,2,Medium,1957,1957,83,83,1,0.296,0.315,0.611
125,768,,TGO,TG,768,4,Country/Area,914,Togo,2,Medium,1957,1957,84,84,1,0.227,0.239,0.465
125,768,,TGO,TG,768,4,Country/Area,914,Togo,2,Medium,1957,1957,85,85,1,0.167,0.179,0.346
125,768,,TGO,TG,768,4,Country/Area,914,Togo,2,Medium,1957,1957,86,86,1,0.118,0.132,0.25
125,768,,TGO,TG,768,4,Country/Area,914,Togo,2,Medium,1957,1957,87,87,1,0.081,0.094,0.175
125,768,,TGO,TG,768,4,Country/Area,914,Togo,2,Medium,1957,1957,88,88,1,0.054,0.064,0.118
125,768,,TGO,TG,768,4,Country/Area,914,Togo,2,Medium,1957,1957,89,89,1,0.035,0.043,0.078
125,768,,TGO,TG,768,4,Country/Area,914,Togo,2,Medium,1957,1957,90,90,1,0.021,0.028,0.049
125,768,,TGO,TG,768,4,Country/Area,914,Togo,2,Medium,1957,1957,91,91,1,0.013,0.017,0.029
125,768,,TGO,TG,768,4,Country/Area,914,Togo,2,Medium,1957,1957,92,92,1,0.007,0.01,0.017
125,768,,TGO,TG,768,4,Country/Area,914,Togo,2,Medium,1957,1957,93,93,1,0.004,0.005,0.008
125,768,,TGO,TG,768,4,Country/Area,914,Togo,2,Medium,1957,1957,94,94,1,0.002,0.002,0.004
125,768,,TGO,TG,768,4,Country/Area,914,Togo,2,Medium,1957,1957,95,95,1,0.001,0.001,0.002
125,768,,TGO,TG,768,4,Country/Area,914,Togo,2,Medium,1957,1957,96,96,1,0,0,0
125,768,,TGO,TG,768,4,Country/Area,914,Togo,2,Medium,1957,1957,97,97,1,0,0,0
125,768,,TGO,TG,768,4,Country/Area,914,Togo,2,Medium,1957,1957,98,98,1,0,0,0
125,768,,TGO,TG,768,4,Country/Area,914,Togo,2,Medium,1957,1957,99,99,1,0,0,0
125,768,,TGO,TG,768,4,Country/Area,914,Togo,2,Medium,1957,1957,100+,100,-1,0,0,0
125,768,,TGO,TG,768,4,Country/Area,914,Togo,2,Medium,1958,1958,0,0,1,34.703,34.396,69.099
125,768,,TGO,TG,768,4,Country/Area,914,Togo,2,Medium,1958,1958,1,1,1,30.8,30.843,61.644
125,768,,TGO,TG,768,4,Country/Area,914,Togo,2,Medium,1958,1958,2,2,1,28.136,28.372,56.508
125,768,,TGO,TG,768,4,Country/Area,914,Togo,2,Medium,1958,1958,3,3,1,26.391,26.694,53.084
125,768,,TGO,TG,768,4,Country/Area,914,Togo,2,Medium,1958,1958,4,4,1,25.158,25.476,50.633
125,768,,TGO,TG,768,4,Country/Area,914,Togo,2,Medium,1958,1958,5,5,1,24.177,24.494,48.67
125,768,,TGO,TG,768,4,Country/Area,914,Togo,2,Medium,1958,1958,6,6,1,23.325,23.634,46.959
125,768,,TGO,TG,768,4,Country/Area,914,Togo,2,Medium,1958,1958,7,7,1,22.568,22.87,45.438
125,768,,TGO,TG,768,4,Country/Area,914,Togo,2,Medium,1958,1958,8,8,1,21.492,21.733,43.225
125,768,,TGO,TG,768,4,Country/Area,914,Togo,2,Medium,1958,1958,9,9,1,20.622,20.806,41.428
125,768,,TGO,TG,768,4,Country/Area,914,Togo,2,Medium,1958,1958,10,10,1,20.191,20.395,40.586
125,768,,TGO,TG,768,4,Country/Area,914,Togo,2,Medium,1958,1958,11,11,1,19.566,19.814,39.38
125,768,,TGO,TG,768,4,Country/Area,914,Togo,2,Medium,1958,1958,12,12,1,18.762,18.95,37.712
125,768,,TGO,TG,768,4,Country/Area,914,Togo,2,Medium,1958,1958,13,13,1,17.966,18.055,36.021
125,768,,TGO,TG,768,4,Country/Area,914,Togo,2,Medium,1958,1958,14,14,1,17.301,17.384,34.684
125,768,,TGO,TG,768,4,Country/Area,914,Togo,2,Medium,1958,1958,15,15,1,16.64,16.744,33.384
125,768,,TGO,TG,768,4,Country/Area,914,Togo,2,Medium,1958,1958,16,16,1,16.02,16.16,32.18
125,768,,TGO,TG,768,4,Country/Area,914,Togo,2,Medium,1958,1958,17,17,1,15.463,15.642,31.105
125,768,,TGO,TG,768,4,Country/Area,914,Togo,2,Medium,1958,1958,18,18,1,14.966,15.191,30.157
125,768,,TGO,TG,768,4,Country/Area,914,Togo,2,Medium,1958,1958,19,19,1,14.517,14.816,29.332
125,768,,TGO,TG,768,4,Country/Area,914,Togo,2,Medium,1958,1958,20,20,1,14.081,14.443,28.523
125,768,,TGO,TG,768,4,Country/Area,914,Togo,2,Medium,1958,1958,21,21,1,13.63,14.004,27.634
125,768,,TGO,TG,768,4,Country/Area,914,Togo,2,Medium,1958,1958,22,22,1,13.18,13.536,26.715
125,768,,TGO,TG,768,4,Country/Area,914,Togo,2,Medium,1958,1958,23,23,1,12.769,13.117,25.886
125,768,,TGO,TG,768,4,Country/Area,914,Togo,2,Medium,1958,1958,24,24,1,12.406,12.754,25.16
125,768,,TGO,TG,768,4,Country/Area,914,Togo,2,Medium,1958,1958,25,25,1,12.053,12.396,24.449
125,768,,TGO,TG,768,4,Country/Area,914,Togo,2,Medium,1958,1958,26,26,1,11.685,12.033,23.718
125,768,,TGO,TG,768,4,Country/Area,914,Togo,2,Medium,1958,1958,27,27,1,11.315,11.674,22.989
125,768,,TGO,TG,768,4,Country/Area,914,Togo,2,Medium,1958,1958,28,28,1,10.97,11.33,22.3
125,768,,TGO,TG,768,4,Country/Area,914,Togo,2,Medium,1958,1958,29,29,1,10.653,11.004,21.657
125,768,,TGO,TG,768,4,Country/Area,914,Togo,2,Medium,1958,1958,30,30,1,10.345,10.688,21.032
125,768,,TGO,TG,768,4,Country/Area,914,Togo,2,Medium,1958,1958,31,31,1,10.037,10.38,20.418
125,768,,TGO,TG,768,4,Country/Area,914,Togo,2,Medium,1958,1958,32,32,1,9.732,10.082,19.814
125,768,,TGO,TG,768,4,Country/Area,914,Togo,2,Medium,1958,1958,33,33,1,9.434,9.795,19.229
125,768,,TGO,TG,768,4,Country/Area,914,Togo,2,Medium,1958,1958,34,34,1,9.136,9.515,18.652
125,768,,TGO,TG,768,4,Country/Area,914,Togo,2,Medium,1958,1958,35,35,1,8.853,9.245,18.098
125,768,,TGO,TG,768,4,Country/Area,914,Togo,2,Medium,1958,1958,36,36,1,8.598,8.98,17.578
125,768,,TGO,TG,768,4,Country/Area,914,Togo,2,Medium,1958,1958,37,37,1,8.363,8.723,17.087
125,768,,TGO,TG,768,4,Country/Area,914,Togo,2,Medium,1958,1958,38,38,1,8.128,8.472,16.599
125,768,,TGO,TG,768,4,Country/Area,914,Togo,2,Medium,1958,1958,39,39,1,7.894,8.219,16.113
125,768,,TGO,TG,768,4,Country/Area,914,Togo,2,Medium,1958,1958,40,40,1,7.661,7.981,15.643
125,768,,TGO,TG,768,4,Country/Area,914,Togo,2,Medium,1958,1958,41,41,1,7.418,7.777,15.195
125,768,,TGO,TG,768,4,Country/Area,914,Togo,2,Medium,1958,1958,42,42,1,7.171,7.591,14.762
125,768,,TGO,TG,768,4,Country/Area,914,Togo,2,Medium,1958,1958,43,43,1,6.929,7.406,14.335
125,768,,TGO,TG,768,4,Country/Area,914,Togo,2,Medium,1958,1958,44,44,1,6.694,7.226,13.921
125,768,,TGO,TG,768,4,Country/Area,914,Togo,2,Medium,1958,1958,45,45,1,6.455,7.032,13.487
125,768,,TGO,TG,768,4,Country/Area,914,Togo,2,Medium,1958,1958,46,46,1,6.205,6.787,12.992
125,768,,TGO,TG,768,4,Country/Area,914,Togo,2,Medium,1958,1958,47,47,1,5.951,6.51,12.46
125,768,,TGO,TG,768,4,Country/Area,914,Togo,2,Medium,1958,1958,48,48,1,5.705,6.242,11.947
125,768,,TGO,TG,768,4,Country/Area,914,Togo,2,Medium,1958,1958,49,49,1,5.464,5.986,11.45
125,768,,TGO,TG,768,4,Country/Area,914,Togo,2,Medium,1958,1958,50,50,1,5.228,5.731,10.959
125,768,,TGO,TG,768,4,Country/Area,914,Togo,2,Medium,1958,1958,51,51,1,5.003,5.497,10.499
125,768,,TGO,TG,768,4,Country/Area,914,Togo,2,Medium,1958,1958,52,52,1,4.785,5.28,10.065
125,768,,TGO,TG,768,4,Country/Area,914,Togo,2,Medium,1958,1958,53,53,1,4.572,5.062,9.633
125,768,,TGO,TG,768,4,Country/Area,914,Togo,2,Medium,1958,1958,54,54,1,4.362,4.843,9.206
125,768,,TGO,TG,768,4,Country/Area,914,Togo,2,Medium,1958,1958,55,55,1,4.165,4.64,8.805
125,768,,TGO,TG,768,4,Country/Area,914,Togo,2,Medium,1958,1958,56,56,1,3.982,4.458,8.441
125,768,,TGO,TG,768,4,Country/Area,914,Togo,2,Medium,1958,1958,57,57,1,3.813,4.29,8.104
125,768,,TGO,TG,768,4,Country/Area,914,Togo,2,Medium,1958,1958,58,58,1,3.65,4.128,7.777
125,768,,TGO,TG,768,4,Country/Area,914,Togo,2,Medium,1958,1958,59,59,1,3.493,3.965,7.457
125,768,,TGO,TG,768,4,Country/Area,914,Togo,2,Medium,1958,1958,60,60,1,3.342,3.809,7.151
125,768,,TGO,TG,768,4,Country/Area,914,Togo,2,Medium,1958,1958,61,61,1,3.193,3.657,6.85
125,768,,TGO,TG,768,4,Country/Area,914,Togo,2,Medium,1958,1958,62,62,1,3.046,3.508,6.555
125,768,,TGO,TG,768,4,Country/Area,914,Togo,2,Medium,1958,1958,63,63,1,2.902,3.358,6.261
125,768,,TGO,TG,768,4,Country/Area,914,Togo,2,Medium,1958,1958,64,64,1,2.76,3.205,5.965
125,768,,TGO,TG,768,4,Country/Area,914,Togo,2,Medium,1958,1958,65,65,1,2.631,3.052,5.683
125,768,,TGO,TG,768,4,Country/Area,914,Togo,2,Medium,1958,1958,66,66,1,2.531,2.898,5.43
125,768,,TGO,TG,768,4,Country/Area,914,Togo,2,Medium,1958,1958,67,67,1,2.451,2.74,5.191
125,768,,TGO,TG,768,4,Country/Area,914,Togo,2,Medium,1958,1958,68,68,1,2.361,2.578,4.939
125,768,,TGO,TG,768,4,Country/Area,914,Togo,2,Medium,1958,1958,69,69,1,2.267,2.42,4.686
125,768,,TGO,TG,768,4,Country/Area,914,Togo,2,Medium,1958,1958,70,70,1,2.155,2.253,4.409
125,768,,TGO,TG,768,4,Country/Area,914,Togo,2,Medium,1958,1958,71,71,1,2,2.075,4.075
125,768,,TGO,TG,768,4,Country/Area,914,Togo,2,Medium,1958,1958,72,72,1,1.821,1.89,3.711
125,768,,TGO,TG,768,4,Country/Area,914,Togo,2,Medium,1958,1958,73,73,1,1.653,1.704,3.356
125,768,,TGO,TG,768,4,Country/Area,914,Togo,2,Medium,1958,1958,74,74,1,1.488,1.522,3.01
125,768,,TGO,TG,768,4,Country/Area,914,Togo,2,Medium,1958,1958,75,75,1,1.319,1.346,2.665
125,768,,TGO,TG,768,4,Country/Area,914,Togo,2,Medium,1958,1958,76,76,1,1.151,1.183,2.334
125,768,,TGO,TG,768,4,Country/Area,914,Togo,2,Medium,1958,1958,77,77,1,0.991,1.031,2.022
125,768,,TGO,TG,768,4,Country/Area,914,Togo,2,Medium,1958,1958,78,78,1,0.841,0.888,1.728
125,768,,TGO,TG,768,4,Country/Area,914,Togo,2,Medium,1958,1958,79,79,1,0.703,0.756,1.459
125,768,,TGO,TG,768,4,Country/Area,914,Togo,2,Medium,1958,1958,80,80,1,0.579,0.633,1.212
125,768,,TGO,TG,768,4,Country/Area,914,Togo,2,Medium,1958,1958,81,81,1,0.47,0.517,0.987
125,768,,TGO,TG,768,4,Country/Area,914,Togo,2,Medium,1958,1958,82,82,1,0.376,0.412,0.788
125,768,,TGO,TG,768,4,Country/Area,914,Togo,2,Medium,1958,1958,83,83,1,0.293,0.321,0.614
125,768,,TGO,TG,768,4,Country/Area,914,Togo,2,Medium,1958,1958,84,84,1,0.224,0.242,0.466
125,768,,TGO,TG,768,4,Country/Area,914,Togo,2,Medium,1958,1958,85,85,1,0.166,0.179,0.345
125,768,,TGO,TG,768,4,Country/Area,914,Togo,2,Medium,1958,1958,86,86,1,0.118,0.13,0.248
125,768,,TGO,TG,768,4,Country/Area,914,Togo,2,Medium,1958,1958,87,87,1,0.081,0.093,0.174
125,768,,TGO,TG,768,4,Country/Area,914,Togo,2,Medium,1958,1958,88,88,1,0.054,0.064,0.118
125,768,,TGO,TG,768,4,Country/Area,914,Togo,2,Medium,1958,1958,89,89,1,0.035,0.043,0.078
125,768,,TGO,TG,768,4,Country/Area,914,Togo,2,Medium,1958,1958,90,90,1,0.022,0.028,0.05
125,768,,TGO,TG,768,4,Country/Area,914,Togo,2,Medium,1958,1958,91,91,1,0.013,0.017,0.03
125,768,,TGO,TG,768,4,Country/Area,914,Togo,2,Medium,1958,1958,92,92,1,0.007,0.011,0.018
125,768,,TGO,TG,768,4,Country/Area,914,Togo,2,Medium,1958,1958,93,93,1,0.004,0.006,0.01
125,768,,TGO,TG,768,4,Country/Area,914,Togo,2,Medium,1958,1958,94,94,1,0.002,0.003,0.005
125,768,,TGO,TG,768,4,Country/Area,914,Togo,2,Medium,1958,1958,95,95,1,0.001,0.001,0.002
125,768,,TGO,TG,768,4,Country/Area,914,Togo,2,Medium,1958,1958,96,96,1,0,0,0
125,768,,TGO,TG,768,4,Country/Area,914,Togo,2,Medium,1958,1958,97,97,1,0,0,0
125,768,,TGO,TG,768,4,Country/Area,914,Togo,2,Medium,1958,1958,98,98,1,0,0,0
125,768,,TGO,TG,768,4,Country/Area,914,Togo,2,Medium,1958,1958,99,99,1,0,0,0
125,768,,TGO,TG,768,4,Country/Area,914,Togo,2,Medium,1958,1958,100+,100,-1,0,0,0
125,768,,TGO,TG,768,4,Country/Area,914,Togo,2,Medium,1959,1959,0,0,1,35.356,35.047,70.403
125,768,,TGO,TG,768,4,Country/Area,914,Togo,2,Medium,1959,1959,1,1,1,31.377,31.422,62.799
125,768,,TGO,TG,768,4,Country/Area,914,Togo,2,Medium,1959,1959,2,2,1,28.7,28.939,57.639
125,768,,TGO,TG,768,4,Country/Area,914,Togo,2,Medium,1959,1959,3,3,1,26.896,27.204,54.101
125,768,,TGO,TG,768,4,Country/Area,914,Togo,2,Medium,1959,1959,4,4,1,25.604,25.928,51.532
125,768,,TGO,TG,768,4,Country/Area,914,Togo,2,Medium,1959,1959,5,5,1,24.615,24.934,49.55
125,768,,TGO,TG,768,4,Country/Area,914,Togo,2,Medium,1959,1959,6,6,1,23.77,24.081,47.852
125,768,,TGO,TG,768,4,Country/Area,914,Togo,2,Medium,1959,1959,7,7,1,22.997,23.299,46.297
125,768,,TGO,TG,768,4,Country/Area,914,Togo,2,Medium,1959,1959,8,8,1,22.29,22.584,44.874
125,768,,TGO,TG,768,4,Country/Area,914,Togo,2,Medium,1959,1959,9,9,1,21.247,21.48,42.727
125,768,,TGO,TG,768,4,Country/Area,914,Togo,2,Medium,1959,1959,10,10,1,20.393,20.571,40.965
125,768,,TGO,TG,768,4,Country/Area,914,Togo,2,Medium,1959,1959,11,11,1,19.974,20.171,40.145
125,768,,TGO,TG,768,4,Country/Area,914,Togo,2,Medium,1959,1959,12,12,1,19.358,19.599,38.958
125,768,,TGO,TG,768,4,Country/Area,914,Togo,2,Medium,1959,1959,13,13,1,18.562,18.741,37.303
125,768,,TGO,TG,768,4,Country/Area,914,Togo,2,Medium,1959,1959,14,14,1,17.771,17.85,35.621
125,768,,TGO,TG,768,4,Country/Area,914,Togo,2,Medium,1959,1959,15,15,1,17.108,17.18,34.288
125,768,,TGO,TG,768,4,Country/Area,914,Togo,2,Medium,1959,1959,16,16,1,16.447,16.541,32.987
125,768,,TGO,TG,768,4,Country/Area,914,Togo,2,Medium,1959,1959,17,17,1,15.825,15.957,31.782
125,768,,TGO,TG,768,4,Country/Area,914,Togo,2,Medium,1959,1959,18,18,1,15.265,15.437,30.702
125,768,,TGO,TG,768,4,Country/Area,914,Togo,2,Medium,1959,1959,19,19,1,14.764,14.988,29.751
125,768,,TGO,TG,768,4,Country/Area,914,Togo,2,Medium,1959,1959,20,20,1,14.31,14.612,28.922
125,768,,TGO,TG,768,4,Country/Area,914,Togo,2,Medium,1959,1959,21,21,1,13.871,14.241,28.112
125,768,,TGO,TG,768,4,Country/Area,914,Togo,2,Medium,1959,1959,22,22,1,13.422,13.806,27.228
125,768,,TGO,TG,768,4,Country/Area,914,Togo,2,Medium,1959,1959,23,23,1,12.975,13.342,26.317
125,768,,TGO,TG,768,4,Country/Area,914,Togo,2,Medium,1959,1959,24,24,1,12.569,12.927,25.495
125,768,,TGO,TG,768,4,Country/Area,914,Togo,2,Medium,1959,1959,25,25,1,12.213,12.568,24.782
125,768,,TGO,TG,768,4,Country/Area,914,Togo,2,Medium,1959,1959,26,26,1,11.867,12.213,24.08
125,768,,TGO,TG,768,4,Country/Area,914,Togo,2,Medium,1959,1959,27,27,1,11.508,11.854,23.363
125,768,,TGO,TG,768,4,Country/Area,914,Togo,2,Medium,1959,1959,28,28,1,11.144,11.499,22.643
125,768,,TGO,TG,768,4,Country/Area,914,Togo,2,Medium,1959,1959,29,29,1,10.803,11.161,21.964
125,768,,TGO,TG,768,4,Country/Area,914,Togo,2,Medium,1959,1959,30,30,1,10.492,10.838,21.33
125,768,,TGO,TG,768,4,Country/Area,914,Togo,2,Medium,1959,1959,31,31,1,10.186,10.527,20.713
125,768,,TGO,TG,768,4,Country/Area,914,Togo,2,Medium,1959,1959,32,32,1,9.882,10.223,20.105
125,768,,TGO,TG,768,4,Country/Area,914,Togo,2,Medium,1959,1959,33,33,1,9.58,9.93,19.51
125,768,,TGO,TG,768,4,Country/Area,914,Togo,2,Medium,1959,1959,34,34,1,9.284,9.645,18.929
125,768,,TGO,TG,768,4,Country/Area,914,Togo,2,Medium,1959,1959,35,35,1,8.991,9.37,18.36
125,768,,TGO,TG,768,4,Country/Area,914,Togo,2,Medium,1959,1959,36,36,1,8.71,9.101,17.811
125,768,,TGO,TG,768,4,Country/Area,914,Togo,2,Medium,1959,1959,37,37,1,8.457,8.839,17.296
125,768,,TGO,TG,768,4,Country/Area,914,Togo,2,Medium,1959,1959,38,38,1,8.223,8.585,16.808
125,768,,TGO,TG,768,4,Country/Area,914,Togo,2,Medium,1959,1959,39,39,1,7.989,8.335,16.325
125,768,,TGO,TG,768,4,Country/Area,914,Togo,2,Medium,1959,1959,40,40,1,7.756,8.085,15.841
125,768,,TGO,TG,768,4,Country/Area,914,Togo,2,Medium,1959,1959,41,41,1,7.524,7.851,15.374
125,768,,TGO,TG,768,4,Country/Area,914,Togo,2,Medium,1959,1959,42,42,1,7.282,7.649,14.931
125,768,,TGO,TG,768,4,Country/Area,914,Togo,2,Medium,1959,1959,43,43,1,7.035,7.466,14.502
125,768,,TGO,TG,768,4,Country/Area,914,Togo,2,Medium,1959,1959,44,44,1,6.795,7.283,14.079
125,768,,TGO,TG,768,4,Country/Area,914,Togo,2,Medium,1959,1959,45,45,1,6.563,7.106,13.669
125,768,,TGO,TG,768,4,Country/Area,914,Togo,2,Medium,1959,1959,46,46,1,6.324,6.914,13.239
125,768,,TGO,TG,768,4,Country/Area,914,Togo,2,Medium,1959,1959,47,47,1,6.077,6.672,12.748
125,768,,TGO,TG,768,4,Country/Area,914,Togo,2,Medium,1959,1959,48,48,1,5.824,6.396,12.22
125,768,,TGO,TG,768,4,Country/Area,914,Togo,2,Medium,1959,1959,49,49,1,5.579,6.13,11.709
125,768,,TGO,TG,768,4,Country/Area,914,Togo,2,Medium,1959,1959,50,50,1,5.339,5.874,11.213
125,768,,TGO,TG,768,4,Country/Area,914,Togo,2,Medium,1959,1959,51,51,1,5.104,5.62,10.723
125,768,,TGO,TG,768,4,Country/Area,914,Togo,2,Medium,1959,1959,52,52,1,4.878,5.386,10.264
125,768,,TGO,TG,768,4,Country/Area,914,Togo,2,Medium,1959,1959,53,53,1,4.66,5.168,9.829
125,768,,TGO,TG,768,4,Country/Area,914,Togo,2,Medium,1959,1959,54,54,1,4.447,4.952,9.399
125,768,,TGO,TG,768,4,Country/Area,914,Togo,2,Medium,1959,1959,55,55,1,4.239,4.734,8.972
125,768,,TGO,TG,768,4,Country/Area,914,Togo,2,Medium,1959,1959,56,56,1,4.041,4.53,8.571
125,768,,TGO,TG,768,4,Country/Area,914,Togo,2,Medium,1959,1959,57,57,1,3.858,4.346,8.204
125,768,,TGO,TG,768,4,Country/Area,914,Togo,2,Medium,1959,1959,58,58,1,3.688,4.178,7.865
125,768,,TGO,TG,768,4,Country/Area,914,Togo,2,Medium,1959,1959,59,59,1,3.522,4.011,7.532
125,768,,TGO,TG,768,4,Country/Area,914,Togo,2,Medium,1959,1959,60,60,1,3.362,3.844,7.205
125,768,,TGO,TG,768,4,Country/Area,914,Togo,2,Medium,1959,1959,61,61,1,3.208,3.682,6.89
125,768,,TGO,TG,768,4,Country/Area,914,Togo,2,Medium,1959,1959,62,62,1,3.056,3.525,6.581
125,768,,TGO,TG,768,4,Country/Area,914,Togo,2,Medium,1959,1959,63,63,1,2.906,3.372,6.278
125,768,,TGO,TG,768,4,Country/Area,914,Togo,2,Medium,1959,1959,64,64,1,2.76,3.216,5.976
125,768,,TGO,TG,768,4,Country/Area,914,Togo,2,Medium,1959,1959,65,65,1,2.615,3.059,5.675
125,768,,TGO,TG,768,4,Country/Area,914,Togo,2,Medium,1959,1959,66,66,1,2.483,2.904,5.387
125,768,,TGO,TG,768,4,Country/Area,914,Togo,2,Medium,1959,1959,67,67,1,2.38,2.747,5.126
125,768,,TGO,TG,768,4,Country/Area,914,Togo,2,Medium,1959,1959,68,68,1,2.293,2.583,4.877
125,768,,TGO,TG,768,4,Country/Area,914,Togo,2,Medium,1959,1959,69,69,1,2.196,2.418,4.614
125,768,,TGO,TG,768,4,Country/Area,914,Togo,2,Medium,1959,1959,70,70,1,2.095,2.256,4.351
125,768,,TGO,TG,768,4,Country/Area,914,Togo,2,Medium,1959,1959,71,71,1,1.978,2.087,4.064
125,768,,TGO,TG,768,4,Country/Area,914,Togo,2,Medium,1959,1959,72,72,1,1.82,1.906,3.725
125,768,,TGO,TG,768,4,Country/Area,914,Togo,2,Medium,1959,1959,73,73,1,1.644,1.72,3.364
125,768,,TGO,TG,768,4,Country/Area,914,Togo,2,Medium,1959,1959,74,74,1,1.476,1.537,3.012
125,768,,TGO,TG,768,4,Country/Area,914,Togo,2,Medium,1959,1959,75,75,1,1.315,1.359,2.674
125,768,,TGO,TG,768,4,Country/Area,914,Togo,2,Medium,1959,1959,76,76,1,1.151,1.189,2.341
125,768,,TGO,TG,768,4,Country/Area,914,Togo,2,Medium,1959,1959,77,77,1,0.994,1.032,2.026
125,768,,TGO,TG,768,4,Country/Area,914,Togo,2,Medium,1959,1959,78,78,1,0.844,0.889,1.732
125,768,,TGO,TG,768,4,Country/Area,914,Togo,2,Medium,1959,1959,79,79,1,0.706,0.755,1.46
125,768,,TGO,TG,768,4,Country/Area,914,Togo,2,Medium,1959,1959,80,80,1,0.581,0.632,1.212
125,768,,TGO,TG,768,4,Country/Area,914,Togo,2,Medium,1959,1959,81,81,1,0.47,0.52,0.989
125,768,,TGO,TG,768,4,Country/Area,914,Togo,2,Medium,1959,1959,82,82,1,0.373,0.415,0.788
125,768,,TGO,TG,768,4,Country/Area,914,Togo,2,Medium,1959,1959,83,83,1,0.291,0.324,0.615
125,768,,TGO,TG,768,4,Country/Area,914,Togo,2,Medium,1959,1959,84,84,1,0.222,0.247,0.468
125,768,,TGO,TG,768,4,Country/Area,914,Togo,2,Medium,1959,1959,85,85,1,0.164,0.181,0.345
125,768,,TGO,TG,768,4,Country/Area,914,Togo,2,Medium,1959,1959,86,86,1,0.118,0.13,0.247
125,768,,TGO,TG,768,4,Country/Area,914,Togo,2,Medium,1959,1959,87,87,1,0.081,0.092,0.173
125,768,,TGO,TG,768,4,Country/Area,914,Togo,2,Medium,1959,1959,88,88,1,0.054,0.064,0.118
125,768,,TGO,TG,768,4,Country/Area,914,Togo,2,Medium,1959,1959,89,89,1,0.035,0.043,0.078
125,768,,TGO,TG,768,4,Country/Area,914,Togo,2,Medium,1959,1959,90,90,1,0.022,0.028,0.05
125,768,,TGO,TG,768,4,Country/Area,914,Togo,2,Medium,1959,1959,91,91,1,0.013,0.017,0.03
125,768,,TGO,TG,768,4,Country/Area,914,Togo,2,Medium,1959,1959,92,92,1,0.007,0.011,0.018
125,768,,TGO,TG,768,4,Country/Area,914,Togo,2,Medium,1959,1959,93,93,1,0.004,0.006,0.01
125,768,,TGO,TG,768,4,Country/Area,914,Togo,2,Medium,1959,1959,94,94,1,0.002,0.003,0.005
125,768,,TGO,TG,768,4,Country/Area,914,Togo,2,Medium,1959,1959,95,95,1,0.001,0.002,0.003
125,768,,TGO,TG,768,4,Country/Area,914,Togo,2,Medium,1959,1959,96,96,1,0,0.001,0.001
125,768,,TGO,TG,768,4,Country/Area,914,Togo,2,Medium,1959,1959,97,97,1,0,0,0
125,768,,TGO,TG,768,4,Country/Area,914,Togo,2,Medium,1959,1959,98,98,1,0,0,0
125,768,,TGO,TG,768,4,Country/Area,914,Togo,2,Medium,1959,1959,99,99,1,0,0,0
125,768,,TGO,TG,768,4,Country/Area,914,Togo,2,Medium,1959,1959,100+,100,-1,0,0,0
125,768,,TGO,TG,768,4,Country/Area,914,Togo,2,Medium,1960,1960,0,0,1,36.046,35.739,71.785
125,768,,TGO,TG,768,4,Country/Area,914,Togo,2,Medium,1960,1960,1,1,1,31.983,32.032,64.015
125,768,,TGO,TG,768,4,Country/Area,914,Togo,2,Medium,1960,1960,2,2,1,29.252,29.497,58.749
125,768,,TGO,TG,768,4,Country/Area,914,Togo,2,Medium,1960,1960,3,3,1,27.438,27.75,55.188
125,768,,TGO,TG,768,4,Country/Area,914,Togo,2,Medium,1960,1960,4,4,1,26.09,26.418,52.508
125,768,,TGO,TG,768,4,Country/Area,914,Togo,2,Medium,1960,1960,5,5,1,25.044,25.369,50.412
125,768,,TGO,TG,768,4,Country/Area,914,Togo,2,Medium,1960,1960,6,6,1,24.192,24.505,48.697
125,768,,TGO,TG,768,4,Country/Area,914,Togo,2,Medium,1960,1960,7,7,1,23.427,23.73,47.157
125,768,,TGO,TG,768,4,Country/Area,914,Togo,2,Medium,1960,1960,8,8,1,22.701,22.994,45.696
125,768,,TGO,TG,768,4,Country/Area,914,Togo,2,Medium,1960,1960,9,9,1,22.026,22.312,44.338
125,768,,TGO,TG,768,4,Country/Area,914,Togo,2,Medium,1960,1960,10,10,1,21.006,21.232,42.237
125,768,,TGO,TG,768,4,Country/Area,914,Togo,2,Medium,1960,1960,11,11,1,20.164,20.334,40.498
125,768,,TGO,TG,768,4,Country/Area,914,Togo,2,Medium,1960,1960,12,12,1,19.753,19.939,39.692
125,768,,TGO,TG,768,4,Country/Area,914,Togo,2,Medium,1960,1960,13,13,1,19.143,19.375,38.518
125,768,,TGO,TG,768,4,Country/Area,914,Togo,2,Medium,1960,1960,14,14,1,18.352,18.523,36.875
125,768,,TGO,TG,768,4,Country/Area,914,Togo,2,Medium,1960,1960,15,15,1,17.564,17.634,35.198
125,768,,TGO,TG,768,4,Country/Area,914,Togo,2,Medium,1960,1960,16,16,1,16.901,16.965,33.865
125,768,,TGO,TG,768,4,Country/Area,914,Togo,2,Medium,1960,1960,17,17,1,16.24,16.326,32.566
125,768,,TGO,TG,768,4,Country/Area,914,Togo,2,Medium,1960,1960,18,18,1,15.616,15.742,31.358
125,768,,TGO,TG,768,4,Country/Area,914,Togo,2,Medium,1960,1960,19,19,1,15.052,15.223,30.275
125,768,,TGO,TG,768,4,Country/Area,914,Togo,2,Medium,1960,1960,20,20,1,14.547,14.774,29.322
125,768,,TGO,TG,768,4,Country/Area,914,Togo,2,Medium,1960,1960,21,21,1,14.091,14.402,28.492
125,768,,TGO,TG,768,4,Country/Area,914,Togo,2,Medium,1960,1960,22,22,1,13.653,14.034,27.686
125,768,,TGO,TG,768,4,Country/Area,914,Togo,2,Medium,1960,1960,23,23,1,13.207,13.604,26.811
125,768,,TGO,TG,768,4,Country/Area,914,Togo,2,Medium,1960,1960,24,24,1,12.765,13.143,25.909
125,768,,TGO,TG,768,4,Country/Area,914,Togo,2,Medium,1960,1960,25,25,1,12.367,12.732,25.1
125,768,,TGO,TG,768,4,Country/Area,914,Togo,2,Medium,1960,1960,26,26,1,12.02,12.377,24.397
125,768,,TGO,TG,768,4,Country/Area,914,Togo,2,Medium,1960,1960,27,27,1,11.681,12.027,23.709
125,768,,TGO,TG,768,4,Country/Area,914,Togo,2,Medium,1960,1960,28,28,1,11.329,11.672,23.001
125,768,,TGO,TG,768,4,Country/Area,914,Togo,2,Medium,1960,1960,29,29,1,10.97,11.322,22.293
125,768,,TGO,TG,768,4,Country/Area,914,Togo,2,Medium,1960,1960,30,30,1,10.635,10.988,21.623
125,768,,TGO,TG,768,4,Country/Area,914,Togo,2,Medium,1960,1960,31,31,1,10.326,10.671,20.997
125,768,,TGO,TG,768,4,Country/Area,914,Togo,2,Medium,1960,1960,32,32,1,10.024,10.364,20.387
125,768,,TGO,TG,768,4,Country/Area,914,Togo,2,Medium,1960,1960,33,33,1,9.723,10.064,19.787
125,768,,TGO,TG,768,4,Country/Area,914,Togo,2,Medium,1960,1960,34,34,1,9.424,9.774,19.198
125,768,,TGO,TG,768,4,Country/Area,914,Togo,2,Medium,1960,1960,35,35,1,9.132,9.492,18.625
125,768,,TGO,TG,768,4,Country/Area,914,Togo,2,Medium,1960,1960,36,36,1,8.841,9.22,18.061
125,768,,TGO,TG,768,4,Country/Area,914,Togo,2,Medium,1960,1960,37,37,1,8.563,8.954,17.517
125,768,,TGO,TG,768,4,Country/Area,914,Togo,2,Medium,1960,1960,38,38,1,8.313,8.694,17.007
125,768,,TGO,TG,768,4,Country/Area,914,Togo,2,Medium,1960,1960,39,39,1,8.079,8.443,16.522
125,768,,TGO,TG,768,4,Country/Area,914,Togo,2,Medium,1960,1960,40,40,1,7.846,8.197,16.043
125,768,,TGO,TG,768,4,Country/Area,914,Togo,2,Medium,1960,1960,41,41,1,7.614,7.95,15.564
125,768,,TGO,TG,768,4,Country/Area,914,Togo,2,Medium,1960,1960,42,42,1,7.381,7.719,15.101
125,768,,TGO,TG,768,4,Country/Area,914,Togo,2,Medium,1960,1960,43,43,1,7.141,7.52,14.662
125,768,,TGO,TG,768,4,Country/Area,914,Togo,2,Medium,1960,1960,44,44,1,6.897,7.34,14.236
125,768,,TGO,TG,768,4,Country/Area,914,Togo,2,Medium,1960,1960,45,45,1,6.659,7.159,13.818
125,768,,TGO,TG,768,4,Country/Area,914,Togo,2,Medium,1960,1960,46,46,1,6.427,6.984,13.411
125,768,,TGO,TG,768,4,Country/Area,914,Togo,2,Medium,1960,1960,47,47,1,6.191,6.793,12.985
125,768,,TGO,TG,768,4,Country/Area,914,Togo,2,Medium,1960,1960,48,48,1,5.945,6.553,12.498
125,768,,TGO,TG,768,4,Country/Area,914,Togo,2,Medium,1960,1960,49,49,1,5.694,6.278,11.972
125,768,,TGO,TG,768,4,Country/Area,914,Togo,2,Medium,1960,1960,50,50,1,5.449,6.013,11.462
125,768,,TGO,TG,768,4,Country/Area,914,Togo,2,Medium,1960,1960,51,51,1,5.209,5.758,10.966
125,768,,TGO,TG,768,4,Country/Area,914,Togo,2,Medium,1960,1960,52,52,1,4.974,5.503,10.477
125,768,,TGO,TG,768,4,Country/Area,914,Togo,2,Medium,1960,1960,53,53,1,4.749,5.27,10.018
125,768,,TGO,TG,768,4,Country/Area,914,Togo,2,Medium,1960,1960,54,54,1,4.532,5.053,9.585
125,768,,TGO,TG,768,4,Country/Area,914,Togo,2,Medium,1960,1960,55,55,1,4.319,4.837,9.156
125,768,,TGO,TG,768,4,Country/Area,914,Togo,2,Medium,1960,1960,56,56,1,4.112,4.62,8.731
125,768,,TGO,TG,768,4,Country/Area,914,Togo,2,Medium,1960,1960,57,57,1,3.913,4.415,8.329
125,768,,TGO,TG,768,4,Country/Area,914,Togo,2,Medium,1960,1960,58,58,1,3.729,4.23,7.96
125,768,,TGO,TG,768,4,Country/Area,914,Togo,2,Medium,1960,1960,59,59,1,3.557,4.058,7.614
125,768,,TGO,TG,768,4,Country/Area,914,Togo,2,Medium,1960,1960,60,60,1,3.389,3.886,7.275
125,768,,TGO,TG,768,4,Country/Area,914,Togo,2,Medium,1960,1960,61,61,1,3.226,3.715,6.941
125,768,,TGO,TG,768,4,Country/Area,914,Togo,2,Medium,1960,1960,62,62,1,3.07,3.548,6.617
125,768,,TGO,TG,768,4,Country/Area,914,Togo,2,Medium,1960,1960,63,63,1,2.914,3.387,6.301
125,768,,TGO,TG,768,4,Country/Area,914,Togo,2,Medium,1960,1960,64,64,1,2.763,3.228,5.991
125,768,,TGO,TG,768,4,Country/Area,914,Togo,2,Medium,1960,1960,65,65,1,2.615,3.07,5.684
125,768,,TGO,TG,768,4,Country/Area,914,Togo,2,Medium,1960,1960,66,66,1,2.469,2.91,5.378
125,768,,TGO,TG,768,4,Country/Area,914,Togo,2,Medium,1960,1960,67,67,1,2.334,2.75,5.084
125,768,,TGO,TG,768,4,Country/Area,914,Togo,2,Medium,1960,1960,68,68,1,2.225,2.59,4.815
125,768,,TGO,TG,768,4,Country/Area,914,Togo,2,Medium,1960,1960,69,69,1,2.133,2.423,4.556
125,768,,TGO,TG,768,4,Country/Area,914,Togo,2,Medium,1960,1960,70,70,1,2.03,2.253,4.284
125,768,,TGO,TG,768,4,Country/Area,914,Togo,2,Medium,1960,1960,71,71,1,1.923,2.088,4.011
125,768,,TGO,TG,768,4,Country/Area,914,Togo,2,Medium,1960,1960,72,72,1,1.8,1.915,3.715
125,768,,TGO,TG,768,4,Country/Area,914,Togo,2,Medium,1960,1960,73,73,1,1.642,1.734,3.376
125,768,,TGO,TG,768,4,Country/Area,914,Togo,2,Medium,1960,1960,74,74,1,1.468,1.551,3.018
125,768,,TGO,TG,768,4,Country/Area,914,Togo,2,Medium,1960,1960,75,75,1,1.304,1.371,2.675
125,768,,TGO,TG,768,4,Country/Area,914,Togo,2,Medium,1960,1960,76,76,1,1.148,1.2,2.349
125,768,,TGO,TG,768,4,Country/Area,914,Togo,2,Medium,1960,1960,77,77,1,0.994,1.038,2.031
125,768,,TGO,TG,768,4,Country/Area,914,Togo,2,Medium,1960,1960,78,78,1,0.846,0.89,1.736
125,768,,TGO,TG,768,4,Country/Area,914,Togo,2,Medium,1960,1960,79,79,1,0.708,0.755,1.463
125,768,,TGO,TG,768,4,Country/Area,914,Togo,2,Medium,1960,1960,80,80,1,0.583,0.631,1.213
125,768,,TGO,TG,768,4,Country/Area,914,Togo,2,Medium,1960,1960,81,81,1,0.471,0.519,0.989
125,768,,TGO,TG,768,4,Country/Area,914,Togo,2,Medium,1960,1960,82,82,1,0.373,0.418,0.79
125,768,,TGO,TG,768,4,Country/Area,914,Togo,2,Medium,1960,1960,83,83,1,0.29,0.327,0.616
125,768,,TGO,TG,768,4,Country/Area,914,Togo,2,Medium,1960,1960,84,84,1,0.22,0.249,0.469
125,768,,TGO,TG,768,4,Country/Area,914,Togo,2,Medium,1960,1960,85,85,1,0.163,0.184,0.347
125,768,,TGO,TG,768,4,Country/Area,914,Togo,2,Medium,1960,1960,86,86,1,0.116,0.132,0.248
125,768,,TGO,TG,768,4,Country/Area,914,Togo,2,Medium,1960,1960,87,87,1,0.081,0.092,0.172
125,768,,TGO,TG,768,4,Country/Area,914,Togo,2,Medium,1960,1960,88,88,1,0.054,0.063,0.117
125,768,,TGO,TG,768,4,Country/Area,914,Togo,2,Medium,1960,1960,89,89,1,0.035,0.043,0.078
125,768,,TGO,TG,768,4,Country/Area,914,Togo,2,Medium,1960,1960,90,90,1,0.022,0.028,0.05
125,768,,TGO,TG,768,4,Country/Area,914,Togo,2,Medium,1960,1960,91,91,1,0.013,0.017,0.03
125,768,,TGO,TG,768,4,Country/Area,914,Togo,2,Medium,1960,1960,92,92,1,0.008,0.011,0.019
125,768,,TGO,TG,768,4,Country/Area,914,Togo,2,Medium,1960,1960,93,93,1,0.004,0.006,0.01
125,768,,TGO,TG,768,4,Country/Area,914,Togo,2,Medium,1960,1960,94,94,1,0.002,0.004,0.006
125,768,,TGO,TG,768,4,Country/Area,914,Togo,2,Medium,1960,1960,95,95,1,0.001,0.002,0.003
125,768,,TGO,TG,768,4,Country/Area,914,Togo,2,Medium,1960,1960,96,96,1,0.001,0.001,0.002
125,768,,TGO,TG,768,4,Country/Area,914,Togo,2,Medium,1960,1960,97,97,1,0,0,0
125,768,,TGO,TG,768,4,Country/Area,914,Togo,2,Medium,1960,1960,98,98,1,0,0,0
125,768,,TGO,TG,768,4,Country/Area,914,Togo,2,Medium,1960,1960,99,99,1,0,0,0
125,768,,TGO,TG,768,4,Country/Area,914,Togo,2,Medium,1960,1960,100+,100,-1,0,0,0
125,768,,TGO,TG,768,4,Country/Area,914,Togo,2,Medium,1961,1961,0,0,1,36.757,36.446,73.203
125,768,,TGO,TG,768,4,Country/Area,914,Togo,2,Medium,1961,1961,1,1,1,32.627,32.68,65.307
125,768,,TGO,TG,768,4,Country/Area,914,Togo,2,Medium,1961,1961,2,2,1,29.835,30.085,59.921
125,768,,TGO,TG,768,4,Country/Area,914,Togo,2,Medium,1961,1961,3,3,1,27.968,28.285,56.253
125,768,,TGO,TG,768,4,Country/Area,914,Togo,2,Medium,1961,1961,4,4,1,26.61,26.942,53.551
125,768,,TGO,TG,768,4,Country/Area,914,Togo,2,Medium,1961,1961,5,5,1,25.511,25.84,51.35
125,768,,TGO,TG,768,4,Country/Area,914,Togo,2,Medium,1961,1961,6,6,1,24.603,24.921,49.524
125,768,,TGO,TG,768,4,Country/Area,914,Togo,2,Medium,1961,1961,7,7,1,23.832,24.136,47.968
125,768,,TGO,TG,768,4,Country/Area,914,Togo,2,Medium,1961,1961,8,8,1,23.115,23.409,46.523
125,768,,TGO,TG,768,4,Country/Area,914,Togo,2,Medium,1961,1961,9,9,1,22.419,22.704,45.123
125,768,,TGO,TG,768,4,Country/Area,914,Togo,2,Medium,1961,1961,10,10,1,21.767,22.045,43.812
125,768,,TGO,TG,768,4,Country/Area,914,Togo,2,Medium,1961,1961,11,11,1,20.764,20.981,41.745
125,768,,TGO,TG,768,4,Country/Area,914,Togo,2,Medium,1961,1961,12,12,1,19.929,20.09,40.019
125,768,,TGO,TG,768,4,Country/Area,914,Togo,2,Medium,1961,1961,13,13,1,19.523,19.7,39.223
125,768,,TGO,TG,768,4,Country/Area,914,Togo,2,Medium,1961,1961,14,14,1,18.919,19.139,38.057
125,768,,TGO,TG,768,4,Country/Area,914,Togo,2,Medium,1961,1961,15,15,1,18.131,18.292,36.423
125,768,,TGO,TG,768,4,Country/Area,914,Togo,2,Medium,1961,1961,16,16,1,17.345,17.404,34.749
125,768,,TGO,TG,768,4,Country/Area,914,Togo,2,Medium,1961,1961,17,17,1,16.681,16.737,33.419
125,768,,TGO,TG,768,4,Country/Area,914,Togo,2,Medium,1961,1961,18,18,1,16.018,16.099,32.117
125,768,,TGO,TG,768,4,Country/Area,914,Togo,2,Medium,1961,1961,19,19,1,15.392,15.517,30.909
125,768,,TGO,TG,768,4,Country/Area,914,Togo,2,Medium,1961,1961,20,20,1,14.826,15.001,29.827
125,768,,TGO,TG,768,4,Country/Area,914,Togo,2,Medium,1961,1961,21,21,1,14.319,14.556,28.875
125,768,,TGO,TG,768,4,Country/Area,914,Togo,2,Medium,1961,1961,22,22,1,13.864,14.185,28.049
125,768,,TGO,TG,768,4,Country/Area,914,Togo,2,Medium,1961,1961,23,23,1,13.428,13.821,27.25
125,768,,TGO,TG,768,4,Country/Area,914,Togo,2,Medium,1961,1961,24,24,1,12.989,13.396,26.385
125,768,,TGO,TG,768,4,Country/Area,914,Togo,2,Medium,1961,1961,25,25,1,12.556,12.941,25.497
125,768,,TGO,TG,768,4,Country/Area,914,Togo,2,Medium,1961,1961,26,26,1,12.166,12.534,24.7
125,768,,TGO,TG,768,4,Country/Area,914,Togo,2,Medium,1961,1961,27,27,1,11.826,12.183,24.009
125,768,,TGO,TG,768,4,Country/Area,914,Togo,2,Medium,1961,1961,28,28,1,11.495,11.837,23.331
125,768,,TGO,TG,768,4,Country/Area,914,Togo,2,Medium,1961,1961,29,29,1,11.148,11.488,22.635
125,768,,TGO,TG,768,4,Country/Area,914,Togo,2,Medium,1961,1961,30,30,1,10.794,11.143,21.938
125,768,,TGO,TG,768,4,Country/Area,914,Togo,2,Medium,1961,1961,31,31,1,10.463,10.813,21.276
125,768,,TGO,TG,768,4,Country/Area,914,Togo,2,Medium,1961,1961,32,32,1,10.156,10.501,20.657
125,768,,TGO,TG,768,4,Country/Area,914,Togo,2,Medium,1961,1961,33,33,1,9.858,10.197,20.055
125,768,,TGO,TG,768,4,Country/Area,914,Togo,2,Medium,1961,1961,34,34,1,9.56,9.902,19.462
125,768,,TGO,TG,768,4,Country/Area,914,Togo,2,Medium,1961,1961,35,35,1,9.265,9.615,18.881
125,768,,TGO,TG,768,4,Country/Area,914,Togo,2,Medium,1961,1961,36,36,1,8.977,9.337,18.314
125,768,,TGO,TG,768,4,Country/Area,914,Togo,2,Medium,1961,1961,37,37,1,8.69,9.066,17.756
125,768,,TGO,TG,768,4,Country/Area,914,Togo,2,Medium,1961,1961,38,38,1,8.413,8.803,17.216
125,768,,TGO,TG,768,4,Country/Area,914,Togo,2,Medium,1961,1961,39,39,1,8.164,8.547,16.711
125,768,,TGO,TG,768,4,Country/Area,914,Togo,2,Medium,1961,1961,40,40,1,7.931,8.3,16.23
125,768,,TGO,TG,768,4,Country/Area,914,Togo,2,Medium,1961,1961,41,41,1,7.699,8.057,15.756
125,768,,TGO,TG,768,4,Country/Area,914,Togo,2,Medium,1961,1961,42,42,1,7.466,7.814,15.28
125,768,,TGO,TG,768,4,Country/Area,914,Togo,2,Medium,1961,1961,43,43,1,7.237,7.585,14.822
125,768,,TGO,TG,768,4,Country/Area,914,Togo,2,Medium,1961,1961,44,44,1,6.998,7.389,14.387
125,768,,TGO,TG,768,4,Country/Area,914,Togo,2,Medium,1961,1961,45,45,1,6.755,7.21,13.966
125,768,,TGO,TG,768,4,Country/Area,914,Togo,2,Medium,1961,1961,46,46,1,6.519,7.032,13.551
125,768,,TGO,TG,768,4,Country/Area,914,Togo,2,Medium,1961,1961,47,47,1,6.289,6.859,13.147
125,768,,TGO,TG,768,4,Country/Area,914,Togo,2,Medium,1961,1961,48,48,1,6.054,6.669,12.723
125,768,,TGO,TG,768,4,Country/Area,914,Togo,2,Medium,1961,1961,49,49,1,5.809,6.429,12.238
125,768,,TGO,TG,768,4,Country/Area,914,Togo,2,Medium,1961,1961,50,50,1,5.559,6.155,11.714
125,768,,TGO,TG,768,4,Country/Area,914,Togo,2,Medium,1961,1961,51,51,1,5.314,5.891,11.206
125,768,,TGO,TG,768,4,Country/Area,914,Togo,2,Medium,1961,1961,52,52,1,5.075,5.636,10.711
125,768,,TGO,TG,768,4,Country/Area,914,Togo,2,Medium,1961,1961,53,53,1,4.84,5.383,10.223
125,768,,TGO,TG,768,4,Country/Area,914,Togo,2,Medium,1961,1961,54,54,1,4.616,5.151,9.767
125,768,,TGO,TG,768,4,Country/Area,914,Togo,2,Medium,1961,1961,55,55,1,4.4,4.934,9.335
125,768,,TGO,TG,768,4,Country/Area,914,Togo,2,Medium,1961,1961,56,56,1,4.188,4.719,8.907
125,768,,TGO,TG,768,4,Country/Area,914,Togo,2,Medium,1961,1961,57,57,1,3.98,4.501,8.481
125,768,,TGO,TG,768,4,Country/Area,914,Togo,2,Medium,1961,1961,58,58,1,3.781,4.295,8.077
125,768,,TGO,TG,768,4,Country/Area,914,Togo,2,Medium,1961,1961,59,59,1,3.596,4.107,7.704
125,768,,TGO,TG,768,4,Country/Area,914,Togo,2,Medium,1961,1961,60,60,1,3.422,3.931,7.353
125,768,,TGO,TG,768,4,Country/Area,914,Togo,2,Medium,1961,1961,61,61,1,3.251,3.755,7.005
125,768,,TGO,TG,768,4,Country/Area,914,Togo,2,Medium,1961,1961,62,62,1,3.086,3.578,6.664
125,768,,TGO,TG,768,4,Country/Area,914,Togo,2,Medium,1961,1961,63,63,1,2.926,3.408,6.334
125,768,,TGO,TG,768,4,Country/Area,914,Togo,2,Medium,1961,1961,64,64,1,2.77,3.242,6.012
125,768,,TGO,TG,768,4,Country/Area,914,Togo,2,Medium,1961,1961,65,65,1,2.618,3.08,5.697
125,768,,TGO,TG,768,4,Country/Area,914,Togo,2,Medium,1961,1961,66,66,1,2.467,2.918,5.386
125,768,,TGO,TG,768,4,Country/Area,914,Togo,2,Medium,1961,1961,67,67,1,2.32,2.755,5.074
125,768,,TGO,TG,768,4,Country/Area,914,Togo,2,Medium,1961,1961,68,68,1,2.183,2.592,4.775
125,768,,TGO,TG,768,4,Country/Area,914,Togo,2,Medium,1961,1961,69,69,1,2.069,2.428,4.497
125,768,,TGO,TG,768,4,Country/Area,914,Togo,2,Medium,1961,1961,70,70,1,1.971,2.258,4.229
125,768,,TGO,TG,768,4,Country/Area,914,Togo,2,Medium,1961,1961,71,71,1,1.862,2.085,3.947
125,768,,TGO,TG,768,4,Country/Area,914,Togo,2,Medium,1961,1961,72,72,1,1.749,1.916,3.665
125,768,,TGO,TG,768,4,Country/Area,914,Togo,2,Medium,1961,1961,73,73,1,1.623,1.742,3.365
125,768,,TGO,TG,768,4,Country/Area,914,Togo,2,Medium,1961,1961,74,74,1,1.466,1.563,3.029
125,768,,TGO,TG,768,4,Country/Area,914,Togo,2,Medium,1961,1961,75,75,1,1.296,1.385,2.68
125,768,,TGO,TG,768,4,Country/Area,914,Togo,2,Medium,1961,1961,76,76,1,1.138,1.212,2.349
125,768,,TGO,TG,768,4,Country/Area,914,Togo,2,Medium,1961,1961,77,77,1,0.99,1.048,2.038
125,768,,TGO,TG,768,4,Country/Area,914,Togo,2,Medium,1961,1961,78,78,1,0.846,0.895,1.74
125,768,,TGO,TG,768,4,Country/Area,914,Togo,2,Medium,1961,1961,79,79,1,0.709,0.756,1.464
125,768,,TGO,TG,768,4,Country/Area,914,Togo,2,Medium,1961,1961,80,80,1,0.585,0.631,1.216
125,768,,TGO,TG,768,4,Country/Area,914,Togo,2,Medium,1961,1961,81,81,1,0.472,0.518,0.99
125,768,,TGO,TG,768,4,Country/Area,914,Togo,2,Medium,1961,1961,82,82,1,0.374,0.417,0.791
125,768,,TGO,TG,768,4,Country/Area,914,Togo,2,Medium,1961,1961,83,83,1,0.29,0.329,0.618
125,768,,TGO,TG,768,4,Country/Area,914,Togo,2,Medium,1961,1961,84,84,1,0.219,0.251,0.47
125,768,,TGO,TG,768,4,Country/Area,914,Togo,2,Medium,1961,1961,85,85,1,0.162,0.186,0.348
125,768,,TGO,TG,768,4,Country/Area,914,Togo,2,Medium,1961,1961,86,86,1,0.115,0.134,0.249
125,768,,TGO,TG,768,4,Country/Area,914,Togo,2,Medium,1961,1961,87,87,1,0.08,0.093,0.173
125,768,,TGO,TG,768,4,Country/Area,914,Togo,2,Medium,1961,1961,88,88,1,0.054,0.063,0.117
125,768,,TGO,TG,768,4,Country/Area,914,Togo,2,Medium,1961,1961,89,89,1,0.035,0.042,0.077
125,768,,TGO,TG,768,4,Country/Area,914,Togo,2,Medium,1961,1961,90,90,1,0.022,0.028,0.05
125,768,,TGO,TG,768,4,Country/Area,914,Togo,2,Medium,1961,1961,91,91,1,0.013,0.017,0.03
125,768,,TGO,TG,768,4,Country/Area,914,Togo,2,Medium,1961,1961,92,92,1,0.008,0.011,0.019
125,768,,TGO,TG,768,4,Country/Area,914,Togo,2,Medium,1961,1961,93,93,1,0.004,0.006,0.01
125,768,,TGO,TG,768,4,Country/Area,914,Togo,2,Medium,1961,1961,94,94,1,0.002,0.004,0.006
125,768,,TGO,TG,768,4,Country/Area,914,Togo,2,Medium,1961,1961,95,95,1,0.001,0.002,0.003
125,768,,TGO,TG,768,4,Country/Area,914,Togo,2,Medium,1961,1961,96,96,1,0.001,0.001,0.002
125,768,,TGO,TG,768,4,Country/Area,914,Togo,2,Medium,1961,1961,97,97,1,0,0,0
125,768,,TGO,TG,768,4,Country/Area,914,Togo,2,Medium,1961,1961,98,98,1,0,0,0
125,768,,TGO,TG,768,4,Country/Area,914,Togo,2,Medium,1961,1961,99,99,1,0,0,0
125,768,,TGO,TG,768,4,Country/Area,914,Togo,2,Medium,1961,1961,100+,100,-1,0,0,0
125,768,,TGO,TG,768,4,Country/Area,914,Togo,2,Medium,1962,1962,0,0,1,37.542,37.218,74.76
125,768,,TGO,TG,768,4,Country/Area,914,Togo,2,Medium,1962,1962,1,1,1,33.297,33.348,66.645
125,768,,TGO,TG,768,4,Country/Area,914,Togo,2,Medium,1962,1962,2,2,1,30.461,30.715,61.176
125,768,,TGO,TG,768,4,Country/Area,914,Togo,2,Medium,1962,1962,3,3,1,28.535,28.855,57.389
125,768,,TGO,TG,768,4,Country/Area,914,Togo,2,Medium,1962,1962,4,4,1,27.125,27.46,54.585
125,768,,TGO,TG,768,4,Country/Area,914,Togo,2,Medium,1962,1962,5,5,1,26.017,26.348,52.364
125,768,,TGO,TG,768,4,Country/Area,914,Togo,2,Medium,1962,1962,6,6,1,25.058,25.378,50.435
125,768,,TGO,TG,768,4,Country/Area,914,Togo,2,Medium,1962,1962,7,7,1,24.231,24.54,48.77
125,768,,TGO,TG,768,4,Country/Area,914,Togo,2,Medium,1962,1962,8,8,1,23.508,23.802,47.31
125,768,,TGO,TG,768,4,Country/Area,914,Togo,2,Medium,1962,1962,9,9,1,22.822,23.107,45.928
125,768,,TGO,TG,768,4,Country/Area,914,Togo,2,Medium,1962,1962,10,10,1,22.146,22.422,44.569
125,768,,TGO,TG,768,4,Country/Area,914,Togo,2,Medium,1962,1962,11,11,1,21.511,21.78,43.291
125,768,,TGO,TG,768,4,Country/Area,914,Togo,2,Medium,1962,1962,12,12,1,20.519,20.728,41.247
125,768,,TGO,TG,768,4,Country/Area,914,Togo,2,Medium,1962,1962,13,13,1,19.69,19.841,39.532
125,768,,TGO,TG,768,4,Country/Area,914,Togo,2,Medium,1962,1962,14,14,1,19.286,19.453,38.739
125,768,,TGO,TG,768,4,Country/Area,914,Togo,2,Medium,1962,1962,15,15,1,18.686,18.895,37.581
125,768,,TGO,TG,768,4,Country/Area,914,Togo,2,Medium,1962,1962,16,16,1,17.901,18.051,35.953
125,768,,TGO,TG,768,4,Country/Area,914,Togo,2,Medium,1962,1962,17,17,1,17.114,17.166,34.281
125,768,,TGO,TG,768,4,Country/Area,914,Togo,2,Medium,1962,1962,18,18,1,16.45,16.5,32.95
125,768,,TGO,TG,768,4,Country/Area,914,Togo,2,Medium,1962,1962,19,19,1,15.785,15.866,31.651
125,768,,TGO,TG,768,4,Country/Area,914,Togo,2,Medium,1962,1962,20,20,1,15.157,15.287,30.444
125,768,,TGO,TG,768,4,Country/Area,914,Togo,2,Medium,1962,1962,21,21,1,14.59,14.775,29.365
125,768,,TGO,TG,768,4,Country/Area,914,Togo,2,Medium,1962,1962,22,22,1,14.084,14.333,28.417
125,768,,TGO,TG,768,4,Country/Area,914,Togo,2,Medium,1962,1962,23,23,1,13.632,13.966,27.598
125,768,,TGO,TG,768,4,Country/Area,914,Togo,2,Medium,1962,1962,24,24,1,13.204,13.607,26.811
125,768,,TGO,TG,768,4,Country/Area,914,Togo,2,Medium,1962,1962,25,25,1,12.773,13.186,25.959
125,768,,TGO,TG,768,4,Country/Area,914,Togo,2,Medium,1962,1962,26,26,1,12.349,12.736,25.085
125,768,,TGO,TG,768,4,Country/Area,914,Togo,2,Medium,1962,1962,27,27,1,11.967,12.334,24.301
125,768,,TGO,TG,768,4,Country/Area,914,Togo,2,Medium,1962,1962,28,28,1,11.634,11.987,23.621
125,768,,TGO,TG,768,4,Country/Area,914,Togo,2,Medium,1962,1962,29,29,1,11.308,11.646,22.954
125,768,,TGO,TG,768,4,Country/Area,914,Togo,2,Medium,1962,1962,30,30,1,10.966,11.303,22.268
125,768,,TGO,TG,768,4,Country/Area,914,Togo,2,Medium,1962,1962,31,31,1,10.617,10.963,21.579
125,768,,TGO,TG,768,4,Country/Area,914,Togo,2,Medium,1962,1962,32,32,1,10.288,10.638,20.926
125,768,,TGO,TG,768,4,Country/Area,914,Togo,2,Medium,1962,1962,33,33,1,9.986,10.329,20.316
125,768,,TGO,TG,768,4,Country/Area,914,Togo,2,Medium,1962,1962,34,34,1,9.691,10.03,19.721
125,768,,TGO,TG,768,4,Country/Area,914,Togo,2,Medium,1962,1962,35,35,1,9.397,9.738,19.135
125,768,,TGO,TG,768,4,Country/Area,914,Togo,2,Medium,1962,1962,36,36,1,9.105,9.455,18.561
125,768,,TGO,TG,768,4,Country/Area,914,Togo,2,Medium,1962,1962,37,37,1,8.82,9.18,18
125,768,,TGO,TG,768,4,Country/Area,914,Togo,2,Medium,1962,1962,38,38,1,8.535,8.912,17.447
125,768,,TGO,TG,768,4,Country/Area,914,Togo,2,Medium,1962,1962,39,39,1,8.261,8.653,16.913
125,768,,TGO,TG,768,4,Country/Area,914,Togo,2,Medium,1962,1962,40,40,1,8.011,8.399,16.41
125,768,,TGO,TG,768,4,Country/Area,914,Togo,2,Medium,1962,1962,41,41,1,7.78,8.155,15.935
125,768,,TGO,TG,768,4,Country/Area,914,Togo,2,Medium,1962,1962,42,42,1,7.548,7.916,15.464
125,768,,TGO,TG,768,4,Country/Area,914,Togo,2,Medium,1962,1962,43,43,1,7.317,7.676,14.994
125,768,,TGO,TG,768,4,Country/Area,914,Togo,2,Medium,1962,1962,44,44,1,7.089,7.452,14.54
125,768,,TGO,TG,768,4,Country/Area,914,Togo,2,Medium,1962,1962,45,45,1,6.853,7.258,14.11
125,768,,TGO,TG,768,4,Country/Area,914,Togo,2,Medium,1962,1962,46,46,1,6.612,7.082,13.694
125,768,,TGO,TG,768,4,Country/Area,914,Togo,2,Medium,1962,1962,47,47,1,6.377,6.904,13.28
125,768,,TGO,TG,768,4,Country/Area,914,Togo,2,Medium,1962,1962,48,48,1,6.148,6.731,12.879
125,768,,TGO,TG,768,4,Country/Area,914,Togo,2,Medium,1962,1962,49,49,1,5.915,6.542,12.456
125,768,,TGO,TG,768,4,Country/Area,914,Togo,2,Medium,1962,1962,50,50,1,5.67,6.302,11.972
125,768,,TGO,TG,768,4,Country/Area,914,Togo,2,Medium,1962,1962,51,51,1,5.42,6.029,11.45
125,768,,TGO,TG,768,4,Country/Area,914,Togo,2,Medium,1962,1962,52,52,1,5.176,5.766,10.942
125,768,,TGO,TG,768,4,Country/Area,914,Togo,2,Medium,1962,1962,53,53,1,4.938,5.511,10.449
125,768,,TGO,TG,768,4,Country/Area,914,Togo,2,Medium,1962,1962,54,54,1,4.705,5.26,9.964
125,768,,TGO,TG,768,4,Country/Area,914,Togo,2,Medium,1962,1962,55,55,1,4.481,5.028,9.508
125,768,,TGO,TG,768,4,Country/Area,914,Togo,2,Medium,1962,1962,56,56,1,4.265,4.813,9.078
125,768,,TGO,TG,768,4,Country/Area,914,Togo,2,Medium,1962,1962,57,57,1,4.053,4.596,8.65
125,768,,TGO,TG,768,4,Country/Area,914,Togo,2,Medium,1962,1962,58,58,1,3.845,4.378,8.223
125,768,,TGO,TG,768,4,Country/Area,914,Togo,2,Medium,1962,1962,59,59,1,3.646,4.17,7.816
125,768,,TGO,TG,768,4,Country/Area,914,Togo,2,Medium,1962,1962,60,60,1,3.459,3.978,7.437
125,768,,TGO,TG,768,4,Country/Area,914,Togo,2,Medium,1962,1962,61,61,1,3.281,3.797,7.079
125,768,,TGO,TG,768,4,Country/Area,914,Togo,2,Medium,1962,1962,62,62,1,3.108,3.616,6.725
125,768,,TGO,TG,768,4,Country/Area,914,Togo,2,Medium,1962,1962,63,63,1,2.942,3.436,6.377
125,768,,TGO,TG,768,4,Country/Area,914,Togo,2,Medium,1962,1962,64,64,1,2.781,3.261,6.042
125,768,,TGO,TG,768,4,Country/Area,914,Togo,2,Medium,1962,1962,65,65,1,2.624,3.092,5.716
125,768,,TGO,TG,768,4,Country/Area,914,Togo,2,Medium,1962,1962,66,66,1,2.47,2.928,5.397
125,768,,TGO,TG,768,4,Country/Area,914,Togo,2,Medium,1962,1962,67,67,1,2.318,2.763,5.081
125,768,,TGO,TG,768,4,Country/Area,914,Togo,2,Medium,1962,1962,68,68,1,2.169,2.597,4.766
125,768,,TGO,TG,768,4,Country/Area,914,Togo,2,Medium,1962,1962,69,69,1,2.029,2.43,4.46
125,768,,TGO,TG,768,4,Country/Area,914,Togo,2,Medium,1962,1962,70,70,1,1.912,2.263,4.175
125,768,,TGO,TG,768,4,Country/Area,914,Togo,2,Medium,1962,1962,71,71,1,1.808,2.088,3.896
125,768,,TGO,TG,768,4,Country/Area,914,Togo,2,Medium,1962,1962,72,72,1,1.694,1.914,3.607
125,768,,TGO,TG,768,4,Country/Area,914,Togo,2,Medium,1962,1962,73,73,1,1.577,1.744,3.32
125,768,,TGO,TG,768,4,Country/Area,914,Togo,2,Medium,1962,1962,74,74,1,1.448,1.571,3.019
125,768,,TGO,TG,768,4,Country/Area,914,Togo,2,Medium,1962,1962,75,75,1,1.295,1.395,2.69
125,768,,TGO,TG,768,4,Country/Area,914,Togo,2,Medium,1962,1962,76,76,1,1.131,1.222,2.354
125,768,,TGO,TG,768,4,Country/Area,914,Togo,2,Medium,1962,1962,77,77,1,0.982,1.058,2.039
125,768,,TGO,TG,768,4,Country/Area,914,Togo,2,Medium,1962,1962,78,78,1,0.843,0.903,1.746
125,768,,TGO,TG,768,4,Country/Area,914,Togo,2,Medium,1962,1962,79,79,1,0.709,0.76,1.468
125,768,,TGO,TG,768,4,Country/Area,914,Togo,2,Medium,1962,1962,80,80,1,0.586,0.632,1.218
125,768,,TGO,TG,768,4,Country/Area,914,Togo,2,Medium,1962,1962,81,81,1,0.474,0.518,0.992
125,768,,TGO,TG,768,4,Country/Area,914,Togo,2,Medium,1962,1962,82,82,1,0.375,0.417,0.792
125,768,,TGO,TG,768,4,Country/Area,914,Togo,2,Medium,1962,1962,83,83,1,0.291,0.329,0.619
125,768,,TGO,TG,768,4,Country/Area,914,Togo,2,Medium,1962,1962,84,84,1,0.219,0.253,0.471
125,768,,TGO,TG,768,4,Country/Area,914,Togo,2,Medium,1962,1962,85,85,1,0.161,0.188,0.349
125,768,,TGO,TG,768,4,Country/Area,914,Togo,2,Medium,1962,1962,86,86,1,0.115,0.136,0.25
125,768,,TGO,TG,768,4,Country/Area,914,Togo,2,Medium,1962,1962,87,87,1,0.079,0.095,0.174
125,768,,TGO,TG,768,4,Country/Area,914,Togo,2,Medium,1962,1962,88,88,1,0.053,0.064,0.117
125,768,,TGO,TG,768,4,Country/Area,914,Togo,2,Medium,1962,1962,89,89,1,0.035,0.042,0.077
125,768,,TGO,TG,768,4,Country/Area,914,Togo,2,Medium,1962,1962,90,90,1,0.022,0.027,0.049
125,768,,TGO,TG,768,4,Country/Area,914,Togo,2,Medium,1962,1962,91,91,1,0.013,0.017,0.03
125,768,,TGO,TG,768,4,Country/Area,914,Togo,2,Medium,1962,1962,92,92,1,0.008,0.011,0.019
125,768,,TGO,TG,768,4,Country/Area,914,Togo,2,Medium,1962,1962,93,93,1,0.004,0.006,0.01
125,768,,TGO,TG,768,4,Country/Area,914,Togo,2,Medium,1962,1962,94,94,1,0.002,0.004,0.006
125,768,,TGO,TG,768,4,Country/Area,914,Togo,2,Medium,1962,1962,95,95,1,0.001,0.002,0.003
125,768,,TGO,TG,768,4,Country/Area,914,Togo,2,Medium,1962,1962,96,96,1,0.001,0.001,0.002
125,768,,TGO,TG,768,4,Country/Area,914,Togo,2,Medium,1962,1962,97,97,1,0,0.001,0.001
125,768,,TGO,TG,768,4,Country/Area,914,Togo,2,Medium,1962,1962,98,98,1,0,0,0
125,768,,TGO,TG,768,4,Country/Area,914,Togo,2,Medium,1962,1962,99,99,1,0,0,0
125,768,,TGO,TG,768,4,Country/Area,914,Togo,2,Medium,1962,1962,100+,100,-1,0,0,0
125,768,,TGO,TG,768,4,Country/Area,914,Togo,2,Medium,1963,1963,0,0,1,38.426,38.087,76.513
125,768,,TGO,TG,768,4,Country/Area,914,Togo,2,Medium,1963,1963,1,1,1,34.059,34.099,68.158
125,768,,TGO,TG,768,4,Country/Area,914,Togo,2,Medium,1963,1963,2,2,1,31.133,31.384,62.517
125,768,,TGO,TG,768,4,Country/Area,914,Togo,2,Medium,1963,1963,3,3,1,29.16,29.484,58.645
125,768,,TGO,TG,768,4,Country/Area,914,Togo,2,Medium,1963,1963,4,4,1,27.692,28.031,55.724
125,768,,TGO,TG,768,4,Country/Area,914,Togo,2,Medium,1963,1963,5,5,1,26.533,26.867,53.4
125,768,,TGO,TG,768,4,Country/Area,914,Togo,2,Medium,1963,1963,6,6,1,25.565,25.888,51.453
125,768,,TGO,TG,768,4,Country/Area,914,Togo,2,Medium,1963,1963,7,7,1,24.688,25,49.688
125,768,,TGO,TG,768,4,Country/Area,914,Togo,2,Medium,1963,1963,8,8,1,23.91,24.209,48.12
125,768,,TGO,TG,768,4,Country/Area,914,Togo,2,Medium,1963,1963,9,9,1,23.218,23.503,46.721
125,768,,TGO,TG,768,4,Country/Area,914,Togo,2,Medium,1963,1963,10,10,1,22.552,22.827,45.379
125,768,,TGO,TG,768,4,Country/Area,914,Togo,2,Medium,1963,1963,11,11,1,21.89,22.156,44.045
125,768,,TGO,TG,768,4,Country/Area,914,Togo,2,Medium,1963,1963,12,12,1,21.266,21.526,42.791
125,768,,TGO,TG,768,4,Country/Area,914,Togo,2,Medium,1963,1963,13,13,1,20.283,20.483,40.766
125,768,,TGO,TG,768,4,Country/Area,914,Togo,2,Medium,1963,1963,14,14,1,19.456,19.598,39.053
125,768,,TGO,TG,768,4,Country/Area,914,Togo,2,Medium,1963,1963,15,15,1,19.053,19.209,38.262
125,768,,TGO,TG,768,4,Country/Area,914,Togo,2,Medium,1963,1963,16,16,1,18.454,18.652,37.106
125,768,,TGO,TG,768,4,Country/Area,914,Togo,2,Medium,1963,1963,17,17,1,17.671,17.812,35.483
125,768,,TGO,TG,768,4,Country/Area,914,Togo,2,Medium,1963,1963,18,18,1,16.883,16.93,33.813
125,768,,TGO,TG,768,4,Country/Area,914,Togo,2,Medium,1963,1963,19,19,1,16.216,16.267,32.483
125,768,,TGO,TG,768,4,Country/Area,914,Togo,2,Medium,1963,1963,20,20,1,15.55,15.636,31.186
125,768,,TGO,TG,768,4,Country/Area,914,Togo,2,Medium,1963,1963,21,21,1,14.922,15.063,29.985
125,768,,TGO,TG,768,4,Country/Area,914,Togo,2,Medium,1963,1963,22,22,1,14.356,14.555,28.91
125,768,,TGO,TG,768,4,Country/Area,914,Togo,2,Medium,1963,1963,23,23,1,13.854,14.117,27.971
125,768,,TGO,TG,768,4,Country/Area,914,Togo,2,Medium,1963,1963,24,24,1,13.409,13.753,27.162
125,768,,TGO,TG,768,4,Country/Area,914,Togo,2,Medium,1963,1963,25,25,1,12.989,13.398,26.387
125,768,,TGO,TG,768,4,Country/Area,914,Togo,2,Medium,1963,1963,26,26,1,12.567,12.982,25.549
125,768,,TGO,TG,768,4,Country/Area,914,Togo,2,Medium,1963,1963,27,27,1,12.152,12.537,24.689
125,768,,TGO,TG,768,4,Country/Area,914,Togo,2,Medium,1963,1963,28,28,1,11.777,12.139,23.916
125,768,,TGO,TG,768,4,Country/Area,914,Togo,2,Medium,1963,1963,29,29,1,11.449,11.798,23.247
125,768,,TGO,TG,768,4,Country/Area,914,Togo,2,Medium,1963,1963,30,30,1,11.127,11.463,22.59
125,768,,TGO,TG,768,4,Country/Area,914,Togo,2,Medium,1963,1963,31,31,1,10.79,11.124,21.913
125,768,,TGO,TG,768,4,Country/Area,914,Togo,2,Medium,1963,1963,32,32,1,10.444,10.789,21.233
125,768,,TGO,TG,768,4,Country/Area,914,Togo,2,Medium,1963,1963,33,33,1,10.119,10.469,20.587
125,768,,TGO,TG,768,4,Country/Area,914,Togo,2,Medium,1963,1963,34,34,1,9.82,10.164,19.984
125,768,,TGO,TG,768,4,Country/Area,914,Togo,2,Medium,1963,1963,35,35,1,9.528,9.868,19.396
125,768,,TGO,TG,768,4,Country/Area,914,Togo,2,Medium,1963,1963,36,36,1,9.238,9.579,18.817
125,768,,TGO,TG,768,4,Country/Area,914,Togo,2,Medium,1963,1963,37,37,1,8.95,9.299,18.248
125,768,,TGO,TG,768,4,Country/Area,914,Togo,2,Medium,1963,1963,38,38,1,8.666,9.027,17.693
125,768,,TGO,TG,768,4,Country/Area,914,Togo,2,Medium,1963,1963,39,39,1,8.383,8.762,17.146
125,768,,TGO,TG,768,4,Country/Area,914,Togo,2,Medium,1963,1963,40,40,1,8.11,8.506,16.616
125,768,,TGO,TG,768,4,Country/Area,914,Togo,2,Medium,1963,1963,41,41,1,7.862,8.257,16.118
125,768,,TGO,TG,768,4,Country/Area,914,Togo,2,Medium,1963,1963,42,42,1,7.63,8.015,15.646
125,768,,TGO,TG,768,4,Country/Area,914,Togo,2,Medium,1963,1963,43,43,1,7.4,7.78,15.18
125,768,,TGO,TG,768,4,Country/Area,914,Togo,2,Medium,1963,1963,44,44,1,7.171,7.544,14.715
125,768,,TGO,TG,768,4,Country/Area,914,Togo,2,Medium,1963,1963,45,45,1,6.944,7.322,14.266
125,768,,TGO,TG,768,4,Country/Area,914,Togo,2,Medium,1963,1963,46,46,1,6.71,7.13,13.839
125,768,,TGO,TG,768,4,Country/Area,914,Togo,2,Medium,1963,1963,47,47,1,6.47,6.955,13.425
125,768,,TGO,TG,768,4,Country/Area,914,Togo,2,Medium,1963,1963,48,48,1,6.237,6.777,13.014
125,768,,TGO,TG,768,4,Country/Area,914,Togo,2,Medium,1963,1963,49,49,1,6.008,6.604,12.612
125,768,,TGO,TG,768,4,Country/Area,914,Togo,2,Medium,1963,1963,50,50,1,5.776,6.414,12.19
125,768,,TGO,TG,768,4,Country/Area,914,Togo,2,Medium,1963,1963,51,51,1,5.531,6.175,11.706
125,768,,TGO,TG,768,4,Country/Area,914,Togo,2,Medium,1963,1963,52,52,1,5.282,5.904,11.185
125,768,,TGO,TG,768,4,Country/Area,914,Togo,2,Medium,1963,1963,53,53,1,5.038,5.64,10.678
125,768,,TGO,TG,768,4,Country/Area,914,Togo,2,Medium,1963,1963,54,54,1,4.801,5.388,10.188
125,768,,TGO,TG,768,4,Country/Area,914,Togo,2,Medium,1963,1963,55,55,1,4.568,5.136,9.704
125,768,,TGO,TG,768,4,Country/Area,914,Togo,2,Medium,1963,1963,56,56,1,4.345,4.905,9.25
125,768,,TGO,TG,768,4,Country/Area,914,Togo,2,Medium,1963,1963,57,57,1,4.13,4.689,8.819
125,768,,TGO,TG,768,4,Country/Area,914,Togo,2,Medium,1963,1963,58,58,1,3.918,4.473,8.39
125,768,,TGO,TG,768,4,Country/Area,914,Togo,2,Medium,1963,1963,59,59,1,3.709,4.252,7.96
125,768,,TGO,TG,768,4,Country/Area,914,Togo,2,Medium,1963,1963,60,60,1,3.508,4.04,7.548
125,768,,TGO,TG,768,4,Country/Area,914,Togo,2,Medium,1963,1963,61,61,1,3.319,3.844,7.163
125,768,,TGO,TG,768,4,Country/Area,914,Togo,2,Medium,1963,1963,62,62,1,3.139,3.659,6.798
125,768,,TGO,TG,768,4,Country/Area,914,Togo,2,Medium,1963,1963,63,63,1,2.965,3.474,6.439
125,768,,TGO,TG,768,4,Country/Area,914,Togo,2,Medium,1963,1963,64,64,1,2.797,3.289,6.086
125,768,,TGO,TG,768,4,Country/Area,914,Togo,2,Medium,1963,1963,65,65,1,2.635,3.112,5.747
125,768,,TGO,TG,768,4,Country/Area,914,Togo,2,Medium,1963,1963,66,66,1,2.477,2.941,5.418
125,768,,TGO,TG,768,4,Country/Area,914,Togo,2,Medium,1963,1963,67,67,1,2.321,2.773,5.095
125,768,,TGO,TG,768,4,Country/Area,914,Togo,2,Medium,1963,1963,68,68,1,2.17,2.606,4.775
125,768,,TGO,TG,768,4,Country/Area,914,Togo,2,Medium,1963,1963,69,69,1,2.018,2.436,4.454
125,768,,TGO,TG,768,4,Country/Area,914,Togo,2,Medium,1963,1963,70,70,1,1.876,2.266,4.142
125,768,,TGO,TG,768,4,Country/Area,914,Togo,2,Medium,1963,1963,71,71,1,1.755,2.094,3.849
125,768,,TGO,TG,768,4,Country/Area,914,Togo,2,Medium,1963,1963,72,72,1,1.646,1.919,3.564
125,768,,TGO,TG,768,4,Country/Area,914,Togo,2,Medium,1963,1963,73,73,1,1.528,1.742,3.271
125,768,,TGO,TG,768,4,Country/Area,914,Togo,2,Medium,1963,1963,74,74,1,1.409,1.573,2.981
125,768,,TGO,TG,768,4,Country/Area,914,Togo,2,Medium,1963,1963,75,75,1,1.281,1.403,2.684
125,768,,TGO,TG,768,4,Country/Area,914,Togo,2,Medium,1963,1963,76,76,1,1.131,1.234,2.365
125,768,,TGO,TG,768,4,Country/Area,914,Togo,2,Medium,1963,1963,77,77,1,0.977,1.069,2.046
125,768,,TGO,TG,768,4,Country/Area,914,Togo,2,Medium,1963,1963,78,78,1,0.837,0.912,1.749
125,768,,TGO,TG,768,4,Country/Area,914,Togo,2,Medium,1963,1963,79,79,1,0.708,0.768,1.476
125,768,,TGO,TG,768,4,Country/Area,914,Togo,2,Medium,1963,1963,80,80,1,0.587,0.636,1.222
125,768,,TGO,TG,768,4,Country/Area,914,Togo,2,Medium,1963,1963,81,81,1,0.476,0.519,0.995
125,768,,TGO,TG,768,4,Country/Area,914,Togo,2,Medium,1963,1963,82,82,1,0.377,0.418,0.795
125,768,,TGO,TG,768,4,Country/Area,914,Togo,2,Medium,1963,1963,83,83,1,0.292,0.329,0.62
125,768,,TGO,TG,768,4,Country/Area,914,Togo,2,Medium,1963,1963,84,84,1,0.22,0.253,0.472
125,768,,TGO,TG,768,4,Country/Area,914,Togo,2,Medium,1963,1963,85,85,1,0.161,0.189,0.35
125,768,,TGO,TG,768,4,Country/Area,914,Togo,2,Medium,1963,1963,86,86,1,0.114,0.137,0.251
125,768,,TGO,TG,768,4,Country/Area,914,Togo,2,Medium,1963,1963,87,87,1,0.079,0.096,0.175
125,768,,TGO,TG,768,4,Country/Area,914,Togo,2,Medium,1963,1963,88,88,1,0.053,0.066,0.119
125,768,,TGO,TG,768,4,Country/Area,914,Togo,2,Medium,1963,1963,89,89,1,0.034,0.043,0.077
125,768,,TGO,TG,768,4,Country/Area,914,Togo,2,Medium,1963,1963,90,90,1,0.022,0.027,0.049
125,768,,TGO,TG,768,4,Country/Area,914,Togo,2,Medium,1963,1963,91,91,1,0.013,0.017,0.03
125,768,,TGO,TG,768,4,Country/Area,914,Togo,2,Medium,1963,1963,92,92,1,0.008,0.011,0.019
125,768,,TGO,TG,768,4,Country/Area,914,Togo,2,Medium,1963,1963,93,93,1,0.004,0.006,0.01
125,768,,TGO,TG,768,4,Country/Area,914,Togo,2,Medium,1963,1963,94,94,1,0.002,0.004,0.006
125,768,,TGO,TG,768,4,Country/Area,914,Togo,2,Medium,1963,1963,95,95,1,0.001,0.002,0.003
125,768,,TGO,TG,768,4,Country/Area,914,Togo,2,Medium,1963,1963,96,96,1,0.001,0.001,0.002
125,768,,TGO,TG,768,4,Country/Area,914,Togo,2,Medium,1963,1963,97,97,1,0,0.001,0.001
125,768,,TGO,TG,768,4,Country/Area,914,Togo,2,Medium,1963,1963,98,98,1,0,0,0
125,768,,TGO,TG,768,4,Country/Area,914,Togo,2,Medium,1963,1963,99,99,1,0,0,0
125,768,,TGO,TG,768,4,Country/Area,914,Togo,2,Medium,1963,1963,100+,100,-1,0,0,0
125,768,,TGO,TG,768,4,Country/Area,914,Togo,2,Medium,1964,1964,0,0,1,39.404,39.045,78.45
125,768,,TGO,TG,768,4,Country/Area,914,Togo,2,Medium,1964,1964,1,1,1,35.002,35.028,70.029
125,768,,TGO,TG,768,4,Country/Area,914,Togo,2,Medium,1964,1964,2,2,1,31.974,32.214,64.188
125,768,,TGO,TG,768,4,Country/Area,914,Togo,2,Medium,1964,1964,3,3,1,29.907,30.228,60.135
125,768,,TGO,TG,768,4,Country/Area,914,Togo,2,Medium,1964,1964,4,4,1,28.389,28.732,57.12
125,768,,TGO,TG,768,4,Country/Area,914,Togo,2,Medium,1964,1964,5,5,1,27.169,27.506,54.675
125,768,,TGO,TG,768,4,Country/Area,914,Togo,2,Medium,1964,1964,6,6,1,26.148,26.474,52.622
125,768,,TGO,TG,768,4,Country/Area,914,Togo,2,Medium,1964,1964,7,7,1,25.259,25.574,50.834
125,768,,TGO,TG,768,4,Country/Area,914,Togo,2,Medium,1964,1964,8,8,1,24.43,24.733,49.163
125,768,,TGO,TG,768,4,Country/Area,914,Togo,2,Medium,1964,1964,9,9,1,23.68,23.971,47.652
125,768,,TGO,TG,768,4,Country/Area,914,Togo,2,Medium,1964,1964,10,10,1,23.006,23.284,46.289
125,768,,TGO,TG,768,4,Country/Area,914,Togo,2,Medium,1964,1964,11,11,1,22.352,22.619,44.971
125,768,,TGO,TG,768,4,Country/Area,914,Togo,2,Medium,1964,1964,12,12,1,21.697,21.954,43.651
125,768,,TGO,TG,768,4,Country/Area,914,Togo,2,Medium,1964,1964,13,13,1,21.081,21.331,42.411
125,768,,TGO,TG,768,4,Country/Area,914,Togo,2,Medium,1964,1964,14,14,1,20.099,20.29,40.389
125,768,,TGO,TG,768,4,Country/Area,914,Togo,2,Medium,1964,1964,15,15,1,19.273,19.404,38.678
125,768,,TGO,TG,768,4,Country/Area,914,Togo,2,Medium,1964,1964,16,16,1,18.867,19.012,37.879
125,768,,TGO,TG,768,4,Country/Area,914,Togo,2,Medium,1964,1964,17,17,1,18.267,18.456,36.722
125,768,,TGO,TG,768,4,Country/Area,914,Togo,2,Medium,1964,1964,18,18,1,17.48,17.616,35.096
125,768,,TGO,TG,768,4,Country/Area,914,Togo,2,Medium,1964,1964,19,19,1,16.689,16.738,33.426
125,768,,TGO,TG,768,4,Country/Area,914,Togo,2,Medium,1964,1964,20,20,1,16.02,16.078,32.097
125,768,,TGO,TG,768,4,Country/Area,914,Togo,2,Medium,1964,1964,21,21,1,15.351,15.45,30.802
125,768,,TGO,TG,768,4,Country/Area,914,Togo,2,Medium,1964,1964,22,22,1,14.724,14.88,29.604
125,768,,TGO,TG,768,4,Country/Area,914,Togo,2,Medium,1964,1964,23,23,1,14.162,14.376,28.538
125,768,,TGO,TG,768,4,Country/Area,914,Togo,2,Medium,1964,1964,24,24,1,13.666,13.941,27.607
125,768,,TGO,TG,768,4,Country/Area,914,Togo,2,Medium,1964,1964,25,25,1,13.228,13.579,26.808
125,768,,TGO,TG,768,4,Country/Area,914,Togo,2,Medium,1964,1964,26,26,1,12.816,13.227,26.043
125,768,,TGO,TG,768,4,Country/Area,914,Togo,2,Medium,1964,1964,27,27,1,12.402,12.816,25.218
125,768,,TGO,TG,768,4,Country/Area,914,Togo,2,Medium,1964,1964,28,28,1,11.993,12.376,24.369
125,768,,TGO,TG,768,4,Country/Area,914,Togo,2,Medium,1964,1964,29,29,1,11.623,11.982,23.605
125,768,,TGO,TG,768,4,Country/Area,914,Togo,2,Medium,1964,1964,30,30,1,11.298,11.645,22.943
125,768,,TGO,TG,768,4,Country/Area,914,Togo,2,Medium,1964,1964,31,31,1,10.979,11.313,22.293
125,768,,TGO,TG,768,4,Country/Area,914,Togo,2,Medium,1964,1964,32,32,1,10.644,10.978,21.622
125,768,,TGO,TG,768,4,Country/Area,914,Togo,2,Medium,1964,1964,33,33,1,10.301,10.648,20.948
125,768,,TGO,TG,768,4,Country/Area,914,Togo,2,Medium,1964,1964,34,34,1,9.979,10.33,20.309
125,768,,TGO,TG,768,4,Country/Area,914,Togo,2,Medium,1964,1964,35,35,1,9.683,10.028,19.711
125,768,,TGO,TG,768,4,Country/Area,914,Togo,2,Medium,1964,1964,36,36,1,9.393,9.735,19.128
125,768,,TGO,TG,768,4,Country/Area,914,Togo,2,Medium,1964,1964,37,37,1,9.105,9.448,18.553
125,768,,TGO,TG,768,4,Country/Area,914,Togo,2,Medium,1964,1964,38,38,1,8.819,9.17,17.988
125,768,,TGO,TG,768,4,Country/Area,914,Togo,2,Medium,1964,1964,39,39,1,8.537,8.899,17.436
125,768,,TGO,TG,768,4,Country/Area,914,Togo,2,Medium,1964,1964,40,40,1,8.254,8.639,16.892
125,768,,TGO,TG,768,4,Country/Area,914,Togo,2,Medium,1964,1964,41,41,1,7.981,8.385,16.366
125,768,,TGO,TG,768,4,Country/Area,914,Togo,2,Medium,1964,1964,42,42,1,7.732,8.138,15.87
125,768,,TGO,TG,768,4,Country/Area,914,Togo,2,Medium,1964,1964,43,43,1,7.502,7.899,15.402
125,768,,TGO,TG,768,4,Country/Area,914,Togo,2,Medium,1964,1964,44,44,1,7.272,7.668,14.94
125,768,,TGO,TG,768,4,Country/Area,914,Togo,2,Medium,1964,1964,45,45,1,7.044,7.434,14.477
125,768,,TGO,TG,768,4,Country/Area,914,Togo,2,Medium,1964,1964,46,46,1,6.818,7.213,14.031
125,768,,TGO,TG,768,4,Country/Area,914,Togo,2,Medium,1964,1964,47,47,1,6.584,7.022,13.606
125,768,,TGO,TG,768,4,Country/Area,914,Togo,2,Medium,1964,1964,48,48,1,6.346,6.846,13.193
125,768,,TGO,TG,768,4,Country/Area,914,Togo,2,Medium,1964,1964,49,49,1,6.112,6.668,12.78
125,768,,TGO,TG,768,4,Country/Area,914,Togo,2,Medium,1964,1964,50,50,1,5.883,6.493,12.377
125,768,,TGO,TG,768,4,Country/Area,914,Togo,2,Medium,1964,1964,51,51,1,5.649,6.303,11.952
125,768,,TGO,TG,768,4,Country/Area,914,Togo,2,Medium,1964,1964,52,52,1,5.404,6.063,11.467
125,768,,TGO,TG,768,4,Country/Area,914,Togo,2,Medium,1964,1964,53,53,1,5.155,5.791,10.947
125,768,,TGO,TG,768,4,Country/Area,914,Togo,2,Medium,1964,1964,54,54,1,4.913,5.529,10.442
125,768,,TGO,TG,768,4,Country/Area,914,Togo,2,Medium,1964,1964,55,55,1,4.675,5.277,9.951
125,768,,TGO,TG,768,4,Country/Area,914,Togo,2,Medium,1964,1964,56,56,1,4.442,5.026,9.468
125,768,,TGO,TG,768,4,Country/Area,914,Togo,2,Medium,1964,1964,57,57,1,4.22,4.793,9.013
125,768,,TGO,TG,768,4,Country/Area,914,Togo,2,Medium,1964,1964,58,58,1,4.003,4.577,8.579
125,768,,TGO,TG,768,4,Country/Area,914,Togo,2,Medium,1964,1964,59,59,1,3.79,4.356,8.146
125,768,,TGO,TG,768,4,Country/Area,914,Togo,2,Medium,1964,1964,60,60,1,3.579,4.132,7.712
125,768,,TGO,TG,768,4,Country/Area,914,Togo,2,Medium,1964,1964,61,61,1,3.376,3.916,7.292
125,768,,TGO,TG,768,4,Country/Area,914,Togo,2,Medium,1964,1964,62,62,1,3.185,3.716,6.901
125,768,,TGO,TG,768,4,Country/Area,914,Togo,2,Medium,1964,1964,63,63,1,3.003,3.525,6.529
125,768,,TGO,TG,768,4,Country/Area,914,Togo,2,Medium,1964,1964,64,64,1,2.827,3.337,6.163
125,768,,TGO,TG,768,4,Country/Area,914,Togo,2,Medium,1964,1964,65,65,1,2.658,3.15,5.808
125,768,,TGO,TG,768,4,Country/Area,914,Togo,2,Medium,1964,1964,66,66,1,2.495,2.97,5.465
125,768,,TGO,TG,768,4,Country/Area,914,Togo,2,Medium,1964,1964,67,67,1,2.335,2.795,5.13
125,768,,TGO,TG,768,4,Country/Area,914,Togo,2,Medium,1964,1964,68,68,1,2.179,2.624,4.803
125,768,,TGO,TG,768,4,Country/Area,914,Togo,2,Medium,1964,1964,69,69,1,2.025,2.452,4.476
125,768,,TGO,TG,768,4,Country/Area,914,Togo,2,Medium,1964,1964,70,70,1,1.872,2.279,4.151
125,768,,TGO,TG,768,4,Country/Area,914,Togo,2,Medium,1964,1964,71,71,1,1.728,2.104,3.832
125,768,,TGO,TG,768,4,Country/Area,914,Togo,2,Medium,1964,1964,72,72,1,1.603,1.93,3.533
125,768,,TGO,TG,768,4,Country/Area,914,Togo,2,Medium,1964,1964,73,73,1,1.49,1.753,3.242
125,768,,TGO,TG,768,4,Country/Area,914,Togo,2,Medium,1964,1964,74,74,1,1.369,1.577,2.946
125,768,,TGO,TG,768,4,Country/Area,914,Togo,2,Medium,1964,1964,75,75,1,1.249,1.41,2.659
125,768,,TGO,TG,768,4,Country/Area,914,Togo,2,Medium,1964,1964,76,76,1,1.123,1.244,2.368
125,768,,TGO,TG,768,4,Country/Area,914,Togo,2,Medium,1964,1964,77,77,1,0.98,1.081,2.062
125,768,,TGO,TG,768,4,Country/Area,914,Togo,2,Medium,1964,1964,78,78,1,0.835,0.925,1.76
125,768,,TGO,TG,768,4,Country/Area,914,Togo,2,Medium,1964,1964,79,79,1,0.705,0.779,1.484
125,768,,TGO,TG,768,4,Country/Area,914,Togo,2,Medium,1964,1964,80,80,1,0.588,0.645,1.232
125,768,,TGO,TG,768,4,Country/Area,914,Togo,2,Medium,1964,1964,81,81,1,0.478,0.525,1.002
125,768,,TGO,TG,768,4,Country/Area,914,Togo,2,Medium,1964,1964,82,82,1,0.38,0.42,0.8
125,768,,TGO,TG,768,4,Country/Area,914,Togo,2,Medium,1964,1964,83,83,1,0.294,0.33,0.624
125,768,,TGO,TG,768,4,Country/Area,914,Togo,2,Medium,1964,1964,84,84,1,0.222,0.253,0.475
125,768,,TGO,TG,768,4,Country/Area,914,Togo,2,Medium,1964,1964,85,85,1,0.162,0.19,0.352
125,768,,TGO,TG,768,4,Country/Area,914,Togo,2,Medium,1964,1964,86,86,1,0.115,0.138,0.253
125,768,,TGO,TG,768,4,Country/Area,914,Togo,2,Medium,1964,1964,87,87,1,0.079,0.097,0.176
125,768,,TGO,TG,768,4,Country/Area,914,Togo,2,Medium,1964,1964,88,88,1,0.053,0.067,0.12
125,768,,TGO,TG,768,4,Country/Area,914,Togo,2,Medium,1964,1964,89,89,1,0.034,0.044,0.078
125,768,,TGO,TG,768,4,Country/Area,914,Togo,2,Medium,1964,1964,90,90,1,0.021,0.028,0.049
125,768,,TGO,TG,768,4,Country/Area,914,Togo,2,Medium,1964,1964,91,91,1,0.013,0.017,0.03
125,768,,TGO,TG,768,4,Country/Area,914,Togo,2,Medium,1964,1964,92,92,1,0.008,0.01,0.018
125,768,,TGO,TG,768,4,Country/Area,914,Togo,2,Medium,1964,1964,93,93,1,0.004,0.006,0.01
125,768,,TGO,TG,768,4,Country/Area,914,Togo,2,Medium,1964,1964,94,94,1,0.002,0.004,0.006
125,768,,TGO,TG,768,4,Country/Area,914,Togo,2,Medium,1964,1964,95,95,1,0.001,0.002,0.003
125,768,,TGO,TG,768,4,Country/Area,914,Togo,2,Medium,1964,1964,96,96,1,0.001,0.001,0.002
125,768,,TGO,TG,768,4,Country/Area,914,Togo,2,Medium,1964,1964,97,97,1,0,0.001,0.001
125,768,,TGO,TG,768,4,Country/Area,914,Togo,2,Medium,1964,1964,98,98,1,0,0,0
125,768,,TGO,TG,768,4,Country/Area,914,Togo,2,Medium,1964,1964,99,99,1,0,0,0
125,768,,TGO,TG,768,4,Country/Area,914,Togo,2,Medium,1964,1964,100+,100,-1,0,0,0
125,768,,TGO,TG,768,4,Country/Area,914,Togo,2,Medium,1965,1965,0,0,1,40.595,40.213,80.808
125,768,,TGO,TG,768,4,Country/Area,914,Togo,2,Medium,1965,1965,1,1,1,36.142,36.153,72.294
125,768,,TGO,TG,768,4,Country/Area,914,Togo,2,Medium,1965,1965,2,2,1,33.088,33.315,66.403
125,768,,TGO,TG,768,4,Country/Area,914,Togo,2,Medium,1965,1965,3,3,1,30.912,31.222,62.133
125,768,,TGO,TG,768,4,Country/Area,914,Togo,2,Medium,1965,1965,4,4,1,29.292,29.634,58.926
125,768,,TGO,TG,768,4,Country/Area,914,Togo,2,Medium,1965,1965,5,5,1,28.017,28.36,56.377
125,768,,TGO,TG,768,4,Country/Area,914,Togo,2,Medium,1965,1965,6,6,1,26.93,27.262,54.193
125,768,,TGO,TG,768,4,Country/Area,914,Togo,2,Medium,1965,1965,7,7,1,25.984,26.304,52.288
125,768,,TGO,TG,768,4,Country/Area,914,Togo,2,Medium,1965,1965,8,8,1,25.139,25.447,50.586
125,768,,TGO,TG,768,4,Country/Area,914,Togo,2,Medium,1965,1965,9,9,1,24.334,24.63,48.964
125,768,,TGO,TG,768,4,Country/Area,914,Togo,2,Medium,1965,1965,10,10,1,23.599,23.884,47.483
125,768,,TGO,TG,768,4,Country/Area,914,Togo,2,Medium,1965,1965,11,11,1,22.933,23.203,46.136
125,768,,TGO,TG,768,4,Country/Area,914,Togo,2,Medium,1965,1965,12,12,1,22.282,22.542,44.824
125,768,,TGO,TG,768,4,Country/Area,914,Togo,2,Medium,1965,1965,13,13,1,21.627,21.877,43.504
125,768,,TGO,TG,768,4,Country/Area,914,Togo,2,Medium,1965,1965,14,14,1,21.01,21.252,42.261
125,768,,TGO,TG,768,4,Country/Area,914,Togo,2,Medium,1965,1965,15,15,1,20.026,20.206,40.231
125,768,,TGO,TG,768,4,Country/Area,914,Togo,2,Medium,1965,1965,16,16,1,19.194,19.316,38.51
125,768,,TGO,TG,768,4,Country/Area,914,Togo,2,Medium,1965,1965,17,17,1,18.782,18.918,37.699
125,768,,TGO,TG,768,4,Country/Area,914,Togo,2,Medium,1965,1965,18,18,1,18.172,18.357,36.529
125,768,,TGO,TG,768,4,Country/Area,914,Togo,2,Medium,1965,1965,19,19,1,17.378,17.516,34.895
125,768,,TGO,TG,768,4,Country/Area,914,Togo,2,Medium,1965,1965,20,20,1,16.581,16.637,33.218
125,768,,TGO,TG,768,4,Country/Area,914,Togo,2,Medium,1965,1965,21,21,1,15.906,15.977,31.883
125,768,,TGO,TG,768,4,Country/Area,914,Togo,2,Medium,1965,1965,22,22,1,15.236,15.351,30.587
125,768,,TGO,TG,768,4,Country/Area,914,Togo,2,Medium,1965,1965,23,23,1,14.609,14.783,29.392
125,768,,TGO,TG,768,4,Country/Area,914,Togo,2,Medium,1965,1965,24,24,1,14.05,14.28,28.329
125,768,,TGO,TG,768,4,Country/Area,914,Togo,2,Medium,1965,1965,25,25,1,13.559,13.845,27.404
125,768,,TGO,TG,768,4,Country/Area,914,Togo,2,Medium,1965,1965,26,26,1,13.127,13.485,26.611
125,768,,TGO,TG,768,4,Country/Area,914,Togo,2,Medium,1965,1965,27,27,1,12.72,13.134,25.855
125,768,,TGO,TG,768,4,Country/Area,914,Togo,2,Medium,1965,1965,28,28,1,12.31,12.725,25.035
125,768,,TGO,TG,768,4,Country/Area,914,Togo,2,Medium,1965,1965,29,29,1,11.905,12.286,24.191
125,768,,TGO,TG,768,4,Country/Area,914,Togo,2,Medium,1965,1965,30,30,1,11.536,11.896,23.431
125,768,,TGO,TG,768,4,Country/Area,914,Togo,2,Medium,1965,1965,31,31,1,11.212,11.56,22.772
125,768,,TGO,TG,768,4,Country/Area,914,Togo,2,Medium,1965,1965,32,32,1,10.893,11.23,22.123
125,768,,TGO,TG,768,4,Country/Area,914,Togo,2,Medium,1965,1965,33,33,1,10.559,10.897,21.456
125,768,,TGO,TG,768,4,Country/Area,914,Togo,2,Medium,1965,1965,34,34,1,10.217,10.568,20.785
125,768,,TGO,TG,768,4,Country/Area,914,Togo,2,Medium,1965,1965,35,35,1,9.896,10.251,20.147
125,768,,TGO,TG,768,4,Country/Area,914,Togo,2,Medium,1965,1965,36,36,1,9.601,9.95,19.551
125,768,,TGO,TG,768,4,Country/Area,914,Togo,2,Medium,1965,1965,37,37,1,9.313,9.657,18.97
125,768,,TGO,TG,768,4,Country/Area,914,Togo,2,Medium,1965,1965,38,38,1,9.024,9.371,18.395
125,768,,TGO,TG,768,4,Country/Area,914,Togo,2,Medium,1965,1965,39,39,1,8.736,9.094,17.83
125,768,,TGO,TG,768,4,Country/Area,914,Togo,2,Medium,1965,1965,40,40,1,8.454,8.825,17.279
125,768,,TGO,TG,768,4,Country/Area,914,Togo,2,Medium,1965,1965,41,41,1,8.17,8.565,16.735
125,768,,TGO,TG,768,4,Country/Area,914,Togo,2,Medium,1965,1965,42,42,1,7.896,8.313,16.208
125,768,,TGO,TG,768,4,Country/Area,914,Togo,2,Medium,1965,1965,43,43,1,7.647,8.067,15.714
125,768,,TGO,TG,768,4,Country/Area,914,Togo,2,Medium,1965,1965,44,44,1,7.415,7.83,15.246
125,768,,TGO,TG,768,4,Country/Area,914,Togo,2,Medium,1965,1965,45,45,1,7.186,7.598,14.784
125,768,,TGO,TG,768,4,Country/Area,914,Togo,2,Medium,1965,1965,46,46,1,6.956,7.366,14.322
125,768,,TGO,TG,768,4,Country/Area,914,Togo,2,Medium,1965,1965,47,47,1,6.729,7.146,13.875
125,768,,TGO,TG,768,4,Country/Area,914,Togo,2,Medium,1965,1965,48,48,1,6.495,6.954,13.449
125,768,,TGO,TG,768,4,Country/Area,914,Togo,2,Medium,1965,1965,49,49,1,6.255,6.776,13.031
125,768,,TGO,TG,768,4,Country/Area,914,Togo,2,Medium,1965,1965,50,50,1,6.019,6.595,12.614
125,768,,TGO,TG,768,4,Country/Area,914,Togo,2,Medium,1965,1965,51,51,1,5.789,6.417,12.206
125,768,,TGO,TG,768,4,Country/Area,914,Togo,2,Medium,1965,1965,52,52,1,5.553,6.223,11.776
125,768,,TGO,TG,768,4,Country/Area,914,Togo,2,Medium,1965,1965,53,53,1,5.306,5.982,11.288
125,768,,TGO,TG,768,4,Country/Area,914,Togo,2,Medium,1965,1965,54,54,1,5.056,5.71,10.766
125,768,,TGO,TG,768,4,Country/Area,914,Togo,2,Medium,1965,1965,55,55,1,4.812,5.446,10.258
125,768,,TGO,TG,768,4,Country/Area,914,Togo,2,Medium,1965,1965,56,56,1,4.574,5.192,9.766
125,768,,TGO,TG,768,4,Country/Area,914,Togo,2,Medium,1965,1965,57,57,1,4.34,4.94,9.28
125,768,,TGO,TG,768,4,Country/Area,914,Togo,2,Medium,1965,1965,58,58,1,4.114,4.705,8.819
125,768,,TGO,TG,768,4,Country/Area,914,Togo,2,Medium,1965,1965,59,59,1,3.896,4.484,8.379
125,768,,TGO,TG,768,4,Country/Area,914,Togo,2,Medium,1965,1965,60,60,1,3.68,4.258,7.938
125,768,,TGO,TG,768,4,Country/Area,914,Togo,2,Medium,1965,1965,61,61,1,3.465,4.029,7.494
125,768,,TGO,TG,768,4,Country/Area,914,Togo,2,Medium,1965,1965,62,62,1,3.259,3.808,7.066
125,768,,TGO,TG,768,4,Country/Area,914,Togo,2,Medium,1965,1965,63,63,1,3.065,3.601,6.666
125,768,,TGO,TG,768,4,Country/Area,914,Togo,2,Medium,1965,1965,64,64,1,2.881,3.406,6.287
125,768,,TGO,TG,768,4,Country/Area,914,Togo,2,Medium,1965,1965,65,65,1,2.704,3.213,5.917
125,768,,TGO,TG,768,4,Country/Area,914,Togo,2,Medium,1965,1965,66,66,1,2.532,3.023,5.555
125,768,,TGO,TG,768,4,Country/Area,914,Togo,2,Medium,1965,1965,67,67,1,2.367,2.838,5.205
125,768,,TGO,TG,768,4,Country/Area,914,Togo,2,Medium,1965,1965,68,68,1,2.205,2.66,4.865
125,768,,TGO,TG,768,4,Country/Area,914,Togo,2,Medium,1965,1965,69,69,1,2.046,2.484,4.53
125,768,,TGO,TG,768,4,Country/Area,914,Togo,2,Medium,1965,1965,70,70,1,1.89,2.308,4.197
125,768,,TGO,TG,768,4,Country/Area,914,Togo,2,Medium,1965,1965,71,71,1,1.735,2.13,3.865
125,768,,TGO,TG,768,4,Country/Area,914,Togo,2,Medium,1965,1965,72,72,1,1.589,1.952,3.54
125,768,,TGO,TG,768,4,Country/Area,914,Togo,2,Medium,1965,1965,73,73,1,1.46,1.774,3.234
125,768,,TGO,TG,768,4,Country/Area,914,Togo,2,Medium,1965,1965,74,74,1,1.343,1.597,2.94
125,768,,TGO,TG,768,4,Country/Area,914,Togo,2,Medium,1965,1965,75,75,1,1.222,1.423,2.645
125,768,,TGO,TG,768,4,Country/Area,914,Togo,2,Medium,1965,1965,76,76,1,1.102,1.258,2.36
125,768,,TGO,TG,768,4,Country/Area,914,Togo,2,Medium,1965,1965,77,77,1,0.979,1.098,2.077
125,768,,TGO,TG,768,4,Country/Area,914,Togo,2,Medium,1965,1965,78,78,1,0.843,0.942,1.785
125,768,,TGO,TG,768,4,Country/Area,914,Togo,2,Medium,1965,1965,79,79,1,0.709,0.794,1.502
125,768,,TGO,TG,768,4,Country/Area,914,Togo,2,Medium,1965,1965,80,80,1,0.589,0.659,1.247
125,768,,TGO,TG,768,4,Country/Area,914,Togo,2,Medium,1965,1965,81,81,1,0.482,0.536,1.018
125,768,,TGO,TG,768,4,Country/Area,914,Togo,2,Medium,1965,1965,82,82,1,0.384,0.427,0.811
125,768,,TGO,TG,768,4,Country/Area,914,Togo,2,Medium,1965,1965,83,83,1,0.298,0.334,0.632
125,768,,TGO,TG,768,4,Country/Area,914,Togo,2,Medium,1965,1965,84,84,1,0.225,0.257,0.482
125,768,,TGO,TG,768,4,Country/Area,914,Togo,2,Medium,1965,1965,85,85,1,0.165,0.192,0.356
125,768,,TGO,TG,768,4,Country/Area,914,Togo,2,Medium,1965,1965,86,86,1,0.116,0.14,0.256
125,768,,TGO,TG,768,4,Country/Area,914,Togo,2,Medium,1965,1965,87,87,1,0.08,0.099,0.179
125,768,,TGO,TG,768,4,Country/Area,914,Togo,2,Medium,1965,1965,88,88,1,0.053,0.068,0.121
125,768,,TGO,TG,768,4,Country/Area,914,Togo,2,Medium,1965,1965,89,89,1,0.034,0.045,0.079
125,768,,TGO,TG,768,4,Country/Area,914,Togo,2,Medium,1965,1965,90,90,1,0.022,0.029,0.05
125,768,,TGO,TG,768,4,Country/Area,914,Togo,2,Medium,1965,1965,91,91,1,0.013,0.018,0.031
125,768,,TGO,TG,768,4,Country/Area,914,Togo,2,Medium,1965,1965,92,92,1,0.008,0.011,0.019
125,768,,TGO,TG,768,4,Country/Area,914,Togo,2,Medium,1965,1965,93,93,1,0.004,0.006,0.01
125,768,,TGO,TG,768,4,Country/Area,914,Togo,2,Medium,1965,1965,94,94,1,0.002,0.004,0.006
125,768,,TGO,TG,768,4,Country/Area,914,Togo,2,Medium,1965,1965,95,95,1,0.001,0.002,0.003
125,768,,TGO,TG,768,4,Country/Area,914,Togo,2,Medium,1965,1965,96,96,1,0.001,0.001,0.002
125,768,,TGO,TG,768,4,Country/Area,914,Togo,2,Medium,1965,1965,97,97,1,0,0.001,0.001
125,768,,TGO,TG,768,4,Country/Area,914,Togo,2,Medium,1965,1965,98,98,1,0,0,0
125,768,,TGO,TG,768,4,Country/Area,914,Togo,2,Medium,1965,1965,99,99,1,0,0,0
125,768,,TGO,TG,768,4,Country/Area,914,Togo,2,Medium,1965,1965,100+,100,-1,0,0,0
125,768,,TGO,TG,768,4,Country/Area,914,Togo,2,Medium,1966,1966,0,0,1,42.114,41.706,83.821
125,768,,TGO,TG,768,4,Country/Area,914,Togo,2,Medium,1966,1966,1,1,1,37.526,37.52,75.046
125,768,,TGO,TG,768,4,Country/Area,914,Togo,2,Medium,1966,1966,2,2,1,34.434,34.648,69.082
125,768,,TGO,TG,768,4,Country/Area,914,Togo,2,Medium,1966,1966,3,3,1,32.218,32.517,64.736
125,768,,TGO,TG,768,4,Country/Area,914,Togo,2,Medium,1966,1966,4,4,1,30.483,30.816,61.3
125,768,,TGO,TG,768,4,Country/Area,914,Togo,2,Medium,1966,1966,5,5,1,29.101,29.445,58.546
125,768,,TGO,TG,768,4,Country/Area,914,Togo,2,Medium,1966,1966,6,6,1,27.954,28.293,56.247
125,768,,TGO,TG,768,4,Country/Area,914,Togo,2,Medium,1966,1966,7,7,1,26.937,27.264,54.201
125,768,,TGO,TG,768,4,Country/Area,914,Togo,2,Medium,1966,1966,8,8,1,26.029,26.343,52.372
125,768,,TGO,TG,768,4,Country/Area,914,Togo,2,Medium,1966,1966,9,9,1,25.203,25.506,50.709
125,768,,TGO,TG,768,4,Country/Area,914,Togo,2,Medium,1966,1966,10,10,1,24.409,24.7,49.108
125,768,,TGO,TG,768,4,Country/Area,914,Togo,2,Medium,1966,1966,11,11,1,23.677,23.956,47.633
125,768,,TGO,TG,768,4,Country/Area,914,Togo,2,Medium,1966,1966,12,12,1,23.01,23.276,46.285
125,768,,TGO,TG,768,4,Country/Area,914,Togo,2,Medium,1966,1966,13,13,1,22.355,22.608,44.964
125,768,,TGO,TG,768,4,Country/Area,914,Togo,2,Medium,1966,1966,14,14,1,21.694,21.936,43.63
125,768,,TGO,TG,768,4,Country/Area,914,Togo,2,Medium,1966,1966,15,15,1,21.069,21.301,42.37
125,768,,TGO,TG,768,4,Country/Area,914,Togo,2,Medium,1966,1966,16,16,1,20.072,20.244,40.315
125,768,,TGO,TG,768,4,Country/Area,914,Togo,2,Medium,1966,1966,17,17,1,19.232,19.347,38.579
125,768,,TGO,TG,768,4,Country/Area,914,Togo,2,Medium,1966,1966,18,18,1,18.806,18.939,37.745
125,768,,TGO,TG,768,4,Country/Area,914,Togo,2,Medium,1966,1966,19,19,1,18.183,18.37,36.553
125,768,,TGO,TG,768,4,Country/Area,914,Togo,2,Medium,1966,1966,20,20,1,17.377,17.523,34.899
125,768,,TGO,TG,768,4,Country/Area,914,Togo,2,Medium,1966,1966,21,21,1,16.57,16.641,33.211
125,768,,TGO,TG,768,4,Country/Area,914,Togo,2,Medium,1966,1966,22,22,1,15.888,15.979,31.866
125,768,,TGO,TG,768,4,Country/Area,914,Togo,2,Medium,1966,1966,23,23,1,15.215,15.351,30.566
125,768,,TGO,TG,768,4,Country/Area,914,Togo,2,Medium,1966,1966,24,24,1,14.588,14.78,29.367
125,768,,TGO,TG,768,4,Country/Area,914,Togo,2,Medium,1966,1966,25,25,1,14.032,14.274,28.306
125,768,,TGO,TG,768,4,Country/Area,914,Togo,2,Medium,1966,1966,26,26,1,13.544,13.839,27.383
125,768,,TGO,TG,768,4,Country/Area,914,Togo,2,Medium,1966,1966,27,27,1,13.114,13.477,26.592
125,768,,TGO,TG,768,4,Country/Area,914,Togo,2,Medium,1966,1966,28,28,1,12.71,13.125,25.834
125,768,,TGO,TG,768,4,Country/Area,914,Togo,2,Medium,1966,1966,29,29,1,12.3,12.715,25.015
125,768,,TGO,TG,768,4,Country/Area,914,Togo,2,Medium,1966,1966,30,30,1,11.893,12.277,24.17
125,768,,TGO,TG,768,4,Country/Area,914,Togo,2,Medium,1966,1966,31,31,1,11.523,11.886,23.409
125,768,,TGO,TG,768,4,Country/Area,914,Togo,2,Medium,1966,1966,32,32,1,11.197,11.55,22.748
125,768,,TGO,TG,768,4,Country/Area,914,Togo,2,Medium,1966,1966,33,33,1,10.877,11.22,22.098
125,768,,TGO,TG,768,4,Country/Area,914,Togo,2,Medium,1966,1966,34,34,1,10.542,10.886,21.428
125,768,,TGO,TG,768,4,Country/Area,914,Togo,2,Medium,1966,1966,35,35,1,10.2,10.555,20.755
125,768,,TGO,TG,768,4,Country/Area,914,Togo,2,Medium,1966,1966,36,36,1,9.877,10.238,20.116
125,768,,TGO,TG,768,4,Country/Area,914,Togo,2,Medium,1966,1966,37,37,1,9.581,9.935,19.516
125,768,,TGO,TG,768,4,Country/Area,914,Togo,2,Medium,1966,1966,38,38,1,9.29,9.642,18.931
125,768,,TGO,TG,768,4,Country/Area,914,Togo,2,Medium,1966,1966,39,39,1,8.999,9.354,18.354
125,768,,TGO,TG,768,4,Country/Area,914,Togo,2,Medium,1966,1966,40,40,1,8.709,9.076,17.785
125,768,,TGO,TG,768,4,Country/Area,914,Togo,2,Medium,1966,1966,41,41,1,8.422,8.806,17.229
125,768,,TGO,TG,768,4,Country/Area,914,Togo,2,Medium,1966,1966,42,42,1,8.136,8.547,16.683
125,768,,TGO,TG,768,4,Country/Area,914,Togo,2,Medium,1966,1966,43,43,1,7.859,8.294,16.154
125,768,,TGO,TG,768,4,Country/Area,914,Togo,2,Medium,1966,1966,44,44,1,7.609,8.049,15.658
125,768,,TGO,TG,768,4,Country/Area,914,Togo,2,Medium,1966,1966,45,45,1,7.375,7.811,15.187
125,768,,TGO,TG,768,4,Country/Area,914,Togo,2,Medium,1966,1966,46,46,1,7.143,7.58,14.723
125,768,,TGO,TG,768,4,Country/Area,914,Togo,2,Medium,1966,1966,47,47,1,6.912,7.345,14.257
125,768,,TGO,TG,768,4,Country/Area,914,Togo,2,Medium,1966,1966,48,48,1,6.683,7.122,13.806
125,768,,TGO,TG,768,4,Country/Area,914,Togo,2,Medium,1966,1966,49,49,1,6.445,6.927,13.372
125,768,,TGO,TG,768,4,Country/Area,914,Togo,2,Medium,1966,1966,50,50,1,6.202,6.746,12.947
125,768,,TGO,TG,768,4,Country/Area,914,Togo,2,Medium,1966,1966,51,51,1,5.962,6.561,12.522
125,768,,TGO,TG,768,4,Country/Area,914,Togo,2,Medium,1966,1966,52,52,1,5.727,6.378,12.105
125,768,,TGO,TG,768,4,Country/Area,914,Togo,2,Medium,1966,1966,53,53,1,5.487,6.181,11.668
125,768,,TGO,TG,768,4,Country/Area,914,Togo,2,Medium,1966,1966,54,54,1,5.239,5.936,11.175
125,768,,TGO,TG,768,4,Country/Area,914,Togo,2,Medium,1966,1966,55,55,1,4.985,5.66,10.646
125,768,,TGO,TG,768,4,Country/Area,914,Togo,2,Medium,1966,1966,56,56,1,4.739,5.394,10.133
125,768,,TGO,TG,768,4,Country/Area,914,Togo,2,Medium,1966,1966,57,57,1,4.497,5.138,9.634
125,768,,TGO,TG,768,4,Country/Area,914,Togo,2,Medium,1966,1966,58,58,1,4.259,4.88,9.139
125,768,,TGO,TG,768,4,Country/Area,914,Togo,2,Medium,1966,1966,59,59,1,4.03,4.64,8.67
125,768,,TGO,TG,768,4,Country/Area,914,Togo,2,Medium,1966,1966,60,60,1,3.807,4.412,8.218
125,768,,TGO,TG,768,4,Country/Area,914,Togo,2,Medium,1966,1966,61,61,1,3.586,4.18,7.765
125,768,,TGO,TG,768,4,Country/Area,914,Togo,2,Medium,1966,1966,62,62,1,3.367,3.942,7.309
125,768,,TGO,TG,768,4,Country/Area,914,Togo,2,Medium,1966,1966,63,63,1,3.158,3.715,6.872
125,768,,TGO,TG,768,4,Country/Area,914,Togo,2,Medium,1966,1966,64,64,1,2.96,3.502,6.463
125,768,,TGO,TG,768,4,Country/Area,914,Togo,2,Medium,1966,1966,65,65,1,2.773,3.303,6.076
125,768,,TGO,TG,768,4,Country/Area,914,Togo,2,Medium,1966,1966,66,66,1,2.593,3.105,5.698
125,768,,TGO,TG,768,4,Country/Area,914,Togo,2,Medium,1966,1966,67,67,1,2.419,2.91,5.329
125,768,,TGO,TG,768,4,Country/Area,914,Togo,2,Medium,1966,1966,68,68,1,2.251,2.72,4.971
125,768,,TGO,TG,768,4,Country/Area,914,Togo,2,Medium,1966,1966,69,69,1,2.086,2.535,4.621
125,768,,TGO,TG,768,4,Country/Area,914,Togo,2,Medium,1966,1966,70,70,1,1.924,2.354,4.277
125,768,,TGO,TG,768,4,Country/Area,914,Togo,2,Medium,1966,1966,71,71,1,1.764,2.172,3.936
125,768,,TGO,TG,768,4,Country/Area,914,Togo,2,Medium,1966,1966,72,72,1,1.606,1.988,3.594
125,768,,TGO,TG,768,4,Country/Area,914,Togo,2,Medium,1966,1966,73,73,1,1.457,1.807,3.264
125,768,,TGO,TG,768,4,Country/Area,914,Togo,2,Medium,1966,1966,74,74,1,1.327,1.628,2.954
125,768,,TGO,TG,768,4,Country/Area,914,Togo,2,Medium,1966,1966,75,75,1,1.208,1.45,2.659
125,768,,TGO,TG,768,4,Country/Area,914,Togo,2,Medium,1966,1966,76,76,1,1.087,1.278,2.365
125,768,,TGO,TG,768,4,Country/Area,914,Togo,2,Medium,1966,1966,77,77,1,0.968,1.118,2.086
125,768,,TGO,TG,768,4,Country/Area,914,Togo,2,Medium,1966,1966,78,78,1,0.849,0.964,1.812
125,768,,TGO,TG,768,4,Country/Area,914,Togo,2,Medium,1966,1966,79,79,1,0.721,0.815,1.536
125,768,,TGO,TG,768,4,Country/Area,914,Togo,2,Medium,1966,1966,80,80,1,0.596,0.677,1.273
125,768,,TGO,TG,768,4,Country/Area,914,Togo,2,Medium,1966,1966,81,81,1,0.487,0.551,1.038
125,768,,TGO,TG,768,4,Country/Area,914,Togo,2,Medium,1966,1966,82,82,1,0.39,0.44,0.83
125,768,,TGO,TG,768,4,Country/Area,914,Togo,2,Medium,1966,1966,83,83,1,0.304,0.343,0.646
125,768,,TGO,TG,768,4,Country/Area,914,Togo,2,Medium,1966,1966,84,84,1,0.23,0.262,0.492
125,768,,TGO,TG,768,4,Country/Area,914,Togo,2,Medium,1966,1966,85,85,1,0.168,0.196,0.364
125,768,,TGO,TG,768,4,Country/Area,914,Togo,2,Medium,1966,1966,86,86,1,0.119,0.142,0.261
125,768,,TGO,TG,768,4,Country/Area,914,Togo,2,Medium,1966,1966,87,87,1,0.082,0.101,0.183
125,768,,TGO,TG,768,4,Country/Area,914,Togo,2,Medium,1966,1966,88,88,1,0.054,0.069,0.123
125,768,,TGO,TG,768,4,Country/Area,914,Togo,2,Medium,1966,1966,89,89,1,0.035,0.046,0.081
125,768,,TGO,TG,768,4,Country/Area,914,Togo,2,Medium,1966,1966,90,90,1,0.022,0.03,0.052
125,768,,TGO,TG,768,4,Country/Area,914,Togo,2,Medium,1966,1966,91,91,1,0.013,0.019,0.032
125,768,,TGO,TG,768,4,Country/Area,914,Togo,2,Medium,1966,1966,92,92,1,0.008,0.011,0.019
125,768,,TGO,TG,768,4,Country/Area,914,Togo,2,Medium,1966,1966,93,93,1,0.004,0.006,0.01
125,768,,TGO,TG,768,4,Country/Area,914,Togo,2,Medium,1966,1966,94,94,1,0.002,0.004,0.006
125,768,,TGO,TG,768,4,Country/Area,914,Togo,2,Medium,1966,1966,95,95,1,0.001,0.002,0.003
125,768,,TGO,TG,768,4,Country/Area,914,Togo,2,Medium,1966,1966,96,96,1,0.001,0.001,0.002
125,768,,TGO,TG,768,4,Country/Area,914,Togo,2,Medium,1966,1966,97,97,1,0,0.001,0.001
125,768,,TGO,TG,768,4,Country/Area,914,Togo,2,Medium,1966,1966,98,98,1,0,0,0
125,768,,TGO,TG,768,4,Country/Area,914,Togo,2,Medium,1966,1966,99,99,1,0,0,0
125,768,,TGO,TG,768,4,Country/Area,914,Togo,2,Medium,1966,1966,100+,100,-1,0,0,0
125,768,,TGO,TG,768,4,Country/Area,914,Togo,2,Medium,1967,1967,0,0,1,43.825,43.396,87.222
125,768,,TGO,TG,768,4,Country/Area,914,Togo,2,Medium,1967,1967,1,1,1,39.183,39.154,78.337
125,768,,TGO,TG,768,4,Country/Area,914,Togo,2,Medium,1967,1967,2,2,1,35.985,36.179,72.164
125,768,,TGO,TG,768,4,Country/Area,914,Togo,2,Medium,1967,1967,3,3,1,33.721,34.01,67.73
125,768,,TGO,TG,768,4,Country/Area,914,Togo,2,Medium,1967,1967,4,4,1,31.942,32.266,64.207
125,768,,TGO,TG,768,4,Country/Area,914,Togo,2,Medium,1967,1967,5,5,1,30.441,30.778,61.218
125,768,,TGO,TG,768,4,Country/Area,914,Togo,2,Medium,1967,1967,6,6,1,29.183,29.525,58.708
125,768,,TGO,TG,768,4,Country/Area,914,Togo,2,Medium,1967,1967,7,7,1,28.101,28.437,56.538
125,768,,TGO,TG,768,4,Country/Area,914,Togo,2,Medium,1967,1967,8,8,1,27.117,27.442,54.559
125,768,,TGO,TG,768,4,Country/Area,914,Togo,2,Medium,1967,1967,9,9,1,26.226,26.538,52.763
125,768,,TGO,TG,768,4,Country/Area,914,Togo,2,Medium,1967,1967,10,10,1,25.406,25.706,51.112
125,768,,TGO,TG,768,4,Country/Area,914,Togo,2,Medium,1967,1967,11,11,1,24.61,24.898,49.509
125,768,,TGO,TG,768,4,Country/Area,914,Togo,2,Medium,1967,1967,12,12,1,23.875,24.151,48.026
125,768,,TGO,TG,768,4,Country/Area,914,Togo,2,Medium,1967,1967,13,13,1,23.201,23.461,46.661
125,768,,TGO,TG,768,4,Country/Area,914,Togo,2,Medium,1967,1967,14,14,1,22.536,22.784,45.319
125,768,,TGO,TG,768,4,Country/Area,914,Togo,2,Medium,1967,1967,15,15,1,21.864,22.099,43.962
125,768,,TGO,TG,768,4,Country/Area,914,Togo,2,Medium,1967,1967,16,16,1,21.221,21.446,42.667
125,768,,TGO,TG,768,4,Country/Area,914,Togo,2,Medium,1967,1967,17,17,1,20.207,20.372,40.58
125,768,,TGO,TG,768,4,Country/Area,914,Togo,2,Medium,1967,1967,18,18,1,19.355,19.468,38.824
125,768,,TGO,TG,768,4,Country/Area,914,Togo,2,Medium,1967,1967,19,19,1,18.912,19.049,37.961
125,768,,TGO,TG,768,4,Country/Area,914,Togo,2,Medium,1967,1967,20,20,1,18.273,18.47,36.742
125,768,,TGO,TG,768,4,Country/Area,914,Togo,2,Medium,1967,1967,21,21,1,17.451,17.612,35.063
125,768,,TGO,TG,768,4,Country/Area,914,Togo,2,Medium,1967,1967,22,22,1,16.634,16.726,33.359
125,768,,TGO,TG,768,4,Country/Area,914,Togo,2,Medium,1967,1967,23,23,1,15.945,16.057,32.002
125,768,,TGO,TG,768,4,Country/Area,914,Togo,2,Medium,1967,1967,24,24,1,15.269,15.424,30.693
125,768,,TGO,TG,768,4,Country/Area,914,Togo,2,Medium,1967,1967,25,25,1,14.643,14.849,29.491
125,768,,TGO,TG,768,4,Country/Area,914,Togo,2,Medium,1967,1967,26,26,1,14.086,14.34,28.427
125,768,,TGO,TG,768,4,Country/Area,914,Togo,2,Medium,1967,1967,27,27,1,13.6,13.902,27.501
125,768,,TGO,TG,768,4,Country/Area,914,Togo,2,Medium,1967,1967,28,28,1,13.169,13.537,26.707
125,768,,TGO,TG,768,4,Country/Area,914,Togo,2,Medium,1967,1967,29,29,1,12.762,13.182,25.945
125,768,,TGO,TG,768,4,Country/Area,914,Togo,2,Medium,1967,1967,30,30,1,12.35,12.77,25.119
125,768,,TGO,TG,768,4,Country/Area,914,Togo,2,Medium,1967,1967,31,31,1,11.94,12.329,24.268
125,768,,TGO,TG,768,4,Country/Area,914,Togo,2,Medium,1967,1967,32,32,1,11.566,11.937,23.503
125,768,,TGO,TG,768,4,Country/Area,914,Togo,2,Medium,1967,1967,33,33,1,11.238,11.598,22.836
125,768,,TGO,TG,768,4,Country/Area,914,Togo,2,Medium,1967,1967,34,34,1,10.915,11.265,22.18
125,768,,TGO,TG,768,4,Country/Area,914,Togo,2,Medium,1967,1967,35,35,1,10.576,10.929,21.505
125,768,,TGO,TG,768,4,Country/Area,914,Togo,2,Medium,1967,1967,36,36,1,10.231,10.595,20.826
125,768,,TGO,TG,768,4,Country/Area,914,Togo,2,Medium,1967,1967,37,37,1,9.906,10.275,20.181
125,768,,TGO,TG,768,4,Country/Area,914,Togo,2,Medium,1967,1967,38,38,1,9.605,9.97,19.576
125,768,,TGO,TG,768,4,Country/Area,914,Togo,2,Medium,1967,1967,39,39,1,9.31,9.673,18.983
125,768,,TGO,TG,768,4,Country/Area,914,Togo,2,Medium,1967,1967,40,40,1,9.015,9.384,18.399
125,768,,TGO,TG,768,4,Country/Area,914,Togo,2,Medium,1967,1967,41,41,1,8.72,9.104,17.824
125,768,,TGO,TG,768,4,Country/Area,914,Togo,2,Medium,1967,1967,42,42,1,8.43,8.833,17.263
125,768,,TGO,TG,768,4,Country/Area,914,Togo,2,Medium,1967,1967,43,43,1,8.139,8.571,16.71
125,768,,TGO,TG,768,4,Country/Area,914,Togo,2,Medium,1967,1967,44,44,1,7.859,8.318,16.177
125,768,,TGO,TG,768,4,Country/Area,914,Togo,2,Medium,1967,1967,45,45,1,7.606,8.07,15.676
125,768,,TGO,TG,768,4,Country/Area,914,Togo,2,Medium,1967,1967,46,46,1,7.369,7.831,15.2
125,768,,TGO,TG,768,4,Country/Area,914,Togo,2,Medium,1967,1967,47,47,1,7.133,7.596,14.729
125,768,,TGO,TG,768,4,Country/Area,914,Togo,2,Medium,1967,1967,48,48,1,6.899,7.358,14.257
125,768,,TGO,TG,768,4,Country/Area,914,Togo,2,Medium,1967,1967,49,49,1,6.665,7.131,13.796
125,768,,TGO,TG,768,4,Country/Area,914,Togo,2,Medium,1967,1967,50,50,1,6.422,6.931,13.353
125,768,,TGO,TG,768,4,Country/Area,914,Togo,2,Medium,1967,1967,51,51,1,6.173,6.745,12.918
125,768,,TGO,TG,768,4,Country/Area,914,Togo,2,Medium,1967,1967,52,52,1,5.928,6.554,12.482
125,768,,TGO,TG,768,4,Country/Area,914,Togo,2,Medium,1967,1967,53,53,1,5.689,6.367,12.056
125,768,,TGO,TG,768,4,Country/Area,914,Togo,2,Medium,1967,1967,54,54,1,5.444,6.165,11.609
125,768,,TGO,TG,768,4,Country/Area,914,Togo,2,Medium,1967,1967,55,55,1,5.191,5.915,11.106
125,768,,TGO,TG,768,4,Country/Area,914,Togo,2,Medium,1967,1967,56,56,1,4.934,5.636,10.569
125,768,,TGO,TG,768,4,Country/Area,914,Togo,2,Medium,1967,1967,57,57,1,4.683,5.364,10.047
125,768,,TGO,TG,768,4,Country/Area,914,Togo,2,Medium,1967,1967,58,58,1,4.436,5.101,9.537
125,768,,TGO,TG,768,4,Country/Area,914,Togo,2,Medium,1967,1967,59,59,1,4.193,4.838,9.03
125,768,,TGO,TG,768,4,Country/Area,914,Togo,2,Medium,1967,1967,60,60,1,3.958,4.589,8.547
125,768,,TGO,TG,768,4,Country/Area,914,Togo,2,Medium,1967,1967,61,61,1,3.728,4.352,8.081
125,768,,TGO,TG,768,4,Country/Area,914,Togo,2,Medium,1967,1967,62,62,1,3.502,4.112,7.614
125,768,,TGO,TG,768,4,Country/Area,914,Togo,2,Medium,1967,1967,63,63,1,3.279,3.866,7.146
125,768,,TGO,TG,768,4,Country/Area,914,Togo,2,Medium,1967,1967,64,64,1,3.066,3.632,6.697
125,768,,TGO,TG,768,4,Country/Area,914,Togo,2,Medium,1967,1967,65,65,1,2.865,3.414,6.279
125,768,,TGO,TG,768,4,Country/Area,914,Togo,2,Medium,1967,1967,66,66,1,2.675,3.208,5.883
125,768,,TGO,TG,768,4,Country/Area,914,Togo,2,Medium,1967,1967,67,67,1,2.49,3.005,5.495
125,768,,TGO,TG,768,4,Country/Area,914,Togo,2,Medium,1967,1967,68,68,1,2.312,2.804,5.115
125,768,,TGO,TG,768,4,Country/Area,914,Togo,2,Medium,1967,1967,69,69,1,2.14,2.607,4.747
125,768,,TGO,TG,768,4,Country/Area,914,Togo,2,Medium,1967,1967,70,70,1,1.971,2.416,4.387
125,768,,TGO,TG,768,4,Country/Area,914,Togo,2,Medium,1967,1967,71,71,1,1.805,2.228,4.032
125,768,,TGO,TG,768,4,Country/Area,914,Togo,2,Medium,1967,1967,72,72,1,1.642,2.038,3.68
125,768,,TGO,TG,768,4,Country/Area,914,Togo,2,Medium,1967,1967,73,73,1,1.482,1.851,3.333
125,768,,TGO,TG,768,4,Country/Area,914,Togo,2,Medium,1967,1967,74,74,1,1.331,1.667,2.999
125,768,,TGO,TG,768,4,Country/Area,914,Togo,2,Medium,1967,1967,75,75,1,1.2,1.487,2.687
125,768,,TGO,TG,768,4,Country/Area,914,Togo,2,Medium,1967,1967,76,76,1,1.08,1.311,2.391
125,768,,TGO,TG,768,4,Country/Area,914,Togo,2,Medium,1967,1967,77,77,1,0.96,1.143,2.103
125,768,,TGO,TG,768,4,Country/Area,914,Togo,2,Medium,1967,1967,78,78,1,0.844,0.987,1.831
125,768,,TGO,TG,768,4,Country/Area,914,Togo,2,Medium,1967,1967,79,79,1,0.73,0.839,1.569
125,768,,TGO,TG,768,4,Country/Area,914,Togo,2,Medium,1967,1967,80,80,1,0.61,0.699,1.309
125,768,,TGO,TG,768,4,Country/Area,914,Togo,2,Medium,1967,1967,81,81,1,0.496,0.57,1.065
125,768,,TGO,TG,768,4,Country/Area,914,Togo,2,Medium,1967,1967,82,82,1,0.396,0.455,0.851
125,768,,TGO,TG,768,4,Country/Area,914,Togo,2,Medium,1967,1967,83,83,1,0.311,0.355,0.666
125,768,,TGO,TG,768,4,Country/Area,914,Togo,2,Medium,1967,1967,84,84,1,0.236,0.27,0.505
125,768,,TGO,TG,768,4,Country/Area,914,Togo,2,Medium,1967,1967,85,85,1,0.173,0.201,0.374
125,768,,TGO,TG,768,4,Country/Area,914,Togo,2,Medium,1967,1967,86,86,1,0.123,0.146,0.269
125,768,,TGO,TG,768,4,Country/Area,914,Togo,2,Medium,1967,1967,87,87,1,0.084,0.104,0.188
125,768,,TGO,TG,768,4,Country/Area,914,Togo,2,Medium,1967,1967,88,88,1,0.056,0.071,0.127
125,768,,TGO,TG,768,4,Country/Area,914,Togo,2,Medium,1967,1967,89,89,1,0.036,0.048,0.083
125,768,,TGO,TG,768,4,Country/Area,914,Togo,2,Medium,1967,1967,90,90,1,0.022,0.031,0.053
125,768,,TGO,TG,768,4,Country/Area,914,Togo,2,Medium,1967,1967,91,91,1,0.014,0.019,0.033
125,768,,TGO,TG,768,4,Country/Area,914,Togo,2,Medium,1967,1967,92,92,1,0.008,0.012,0.02
125,768,,TGO,TG,768,4,Country/Area,914,Togo,2,Medium,1967,1967,93,93,1,0.005,0.007,0.011
125,768,,TGO,TG,768,4,Country/Area,914,Togo,2,Medium,1967,1967,94,94,1,0.002,0.004,0.006
125,768,,TGO,TG,768,4,Country/Area,914,Togo,2,Medium,1967,1967,95,95,1,0.001,0.002,0.003
125,768,,TGO,TG,768,4,Country/Area,914,Togo,2,Medium,1967,1967,96,96,1,0.001,0.001,0.002
125,768,,TGO,TG,768,4,Country/Area,914,Togo,2,Medium,1967,1967,97,97,1,0,0.001,0.001
125,768,,TGO,TG,768,4,Country/Area,914,Togo,2,Medium,1967,1967,98,98,1,0,0,0
125,768,,TGO,TG,768,4,Country/Area,914,Togo,2,Medium,1967,1967,99,99,1,0,0,0
125,768,,TGO,TG,768,4,Country/Area,914,Togo,2,Medium,1967,1967,100+,100,-1,0,0,0
125,768,,TGO,TG,768,4,Country/Area,914,Togo,2,Medium,1968,1968,0,0,1,45.622,45.172,90.793
125,768,,TGO,TG,768,4,Country/Area,914,Togo,2,Medium,1968,1968,1,1,1,40.905,40.858,81.763
125,768,,TGO,TG,768,4,Country/Area,914,Togo,2,Medium,1968,1968,2,2,1,37.691,37.861,75.552
125,768,,TGO,TG,768,4,Country/Area,914,Togo,2,Medium,1968,1968,3,3,1,35.325,35.597,70.921
125,768,,TGO,TG,768,4,Country/Area,914,Togo,2,Medium,1968,1968,4,4,1,33.499,33.816,67.316
125,768,,TGO,TG,768,4,Country/Area,914,Togo,2,Medium,1968,1968,5,5,1,31.954,32.286,64.241
125,768,,TGO,TG,768,4,Country/Area,914,Togo,2,Medium,1968,1968,6,6,1,30.578,30.916,61.495
125,768,,TGO,TG,768,4,Country/Area,914,Togo,2,Medium,1968,1968,7,7,1,29.385,29.727,59.111
125,768,,TGO,TG,768,4,Country/Area,914,Togo,2,Medium,1968,1968,8,8,1,28.335,28.671,57.006
125,768,,TGO,TG,768,4,Country/Area,914,Togo,2,Medium,1968,1968,9,9,1,27.367,27.69,55.057
125,768,,TGO,TG,768,4,Country/Area,914,Togo,2,Medium,1968,1968,10,10,1,26.48,26.791,53.27
125,768,,TGO,TG,768,4,Country/Area,914,Togo,2,Medium,1968,1968,11,11,1,25.658,25.956,51.614
125,768,,TGO,TG,768,4,Country/Area,914,Togo,2,Medium,1968,1968,12,12,1,24.857,25.142,49.999
125,768,,TGO,TG,768,4,Country/Area,914,Togo,2,Medium,1968,1968,13,13,1,24.113,24.384,48.498
125,768,,TGO,TG,768,4,Country/Area,914,Togo,2,Medium,1968,1968,14,14,1,23.427,23.683,47.109
125,768,,TGO,TG,768,4,Country/Area,914,Togo,2,Medium,1968,1968,15,15,1,22.75,22.991,45.74
125,768,,TGO,TG,768,4,Country/Area,914,Togo,2,Medium,1968,1968,16,16,1,22.063,22.291,44.353
125,768,,TGO,TG,768,4,Country/Area,914,Togo,2,Medium,1968,1968,17,17,1,21.398,21.618,43.016
125,768,,TGO,TG,768,4,Country/Area,914,Togo,2,Medium,1968,1968,18,18,1,20.366,20.529,40.896
125,768,,TGO,TG,768,4,Country/Area,914,Togo,2,Medium,1968,1968,19,19,1,19.5,19.617,39.117
125,768,,TGO,TG,768,4,Country/Area,914,Togo,2,Medium,1968,1968,20,20,1,19.039,19.188,38.227
125,768,,TGO,TG,768,4,Country/Area,914,Togo,2,Medium,1968,1968,21,21,1,18.381,18.596,36.977
125,768,,TGO,TG,768,4,Country/Area,914,Togo,2,Medium,1968,1968,22,22,1,17.547,17.729,35.276
125,768,,TGO,TG,768,4,Country/Area,914,Togo,2,Medium,1968,1968,23,23,1,16.722,16.836,33.558
125,768,,TGO,TG,768,4,Country/Area,914,Togo,2,Medium,1968,1968,24,24,1,16.029,16.162,32.191
125,768,,TGO,TG,768,4,Country/Area,914,Togo,2,Medium,1968,1968,25,25,1,15.351,15.523,30.874
125,768,,TGO,TG,768,4,Country/Area,914,Togo,2,Medium,1968,1968,26,26,1,14.724,14.942,29.666
125,768,,TGO,TG,768,4,Country/Area,914,Togo,2,Medium,1968,1968,27,27,1,14.168,14.43,28.598
125,768,,TGO,TG,768,4,Country/Area,914,Togo,2,Medium,1968,1968,28,28,1,13.68,13.988,27.667
125,768,,TGO,TG,768,4,Country/Area,914,Togo,2,Medium,1968,1968,29,29,1,13.247,13.62,26.867
125,768,,TGO,TG,768,4,Country/Area,914,Togo,2,Medium,1968,1968,30,30,1,12.836,13.262,26.098
125,768,,TGO,TG,768,4,Country/Area,914,Togo,2,Medium,1968,1968,31,31,1,12.418,12.845,25.264
125,768,,TGO,TG,768,4,Country/Area,914,Togo,2,Medium,1968,1968,32,32,1,12.005,12.403,24.407
125,768,,TGO,TG,768,4,Country/Area,914,Togo,2,Medium,1968,1968,33,33,1,11.627,12.008,23.635
125,768,,TGO,TG,768,4,Country/Area,914,Togo,2,Medium,1968,1968,34,34,1,11.295,11.666,22.962
125,768,,TGO,TG,768,4,Country/Area,914,Togo,2,Medium,1968,1968,35,35,1,10.969,11.33,22.299
125,768,,TGO,TG,768,4,Country/Area,914,Togo,2,Medium,1968,1968,36,36,1,10.627,10.989,21.616
125,768,,TGO,TG,768,4,Country/Area,914,Togo,2,Medium,1968,1968,37,37,1,10.278,10.652,20.93
125,768,,TGO,TG,768,4,Country/Area,914,Togo,2,Medium,1968,1968,38,38,1,9.949,10.329,20.277
125,768,,TGO,TG,768,4,Country/Area,914,Togo,2,Medium,1968,1968,39,39,1,9.644,10.02,19.664
125,768,,TGO,TG,768,4,Country/Area,914,Togo,2,Medium,1968,1968,40,40,1,9.344,9.721,19.065
125,768,,TGO,TG,768,4,Country/Area,914,Togo,2,Medium,1968,1968,41,41,1,9.043,9.429,18.472
125,768,,TGO,TG,768,4,Country/Area,914,Togo,2,Medium,1968,1968,42,42,1,8.743,9.147,17.89
125,768,,TGO,TG,768,4,Country/Area,914,Togo,2,Medium,1968,1968,43,43,1,8.448,8.874,17.322
125,768,,TGO,TG,768,4,Country/Area,914,Togo,2,Medium,1968,1968,44,44,1,8.153,8.61,16.763
125,768,,TGO,TG,768,4,Country/Area,914,Togo,2,Medium,1968,1968,45,45,1,7.87,8.354,16.224
125,768,,TGO,TG,768,4,Country/Area,914,Togo,2,Medium,1968,1968,46,46,1,7.612,8.104,15.716
125,768,,TGO,TG,768,4,Country/Area,914,Togo,2,Medium,1968,1968,47,47,1,7.372,7.862,15.233
125,768,,TGO,TG,768,4,Country/Area,914,Togo,2,Medium,1968,1968,48,48,1,7.131,7.622,14.754
125,768,,TGO,TG,768,4,Country/Area,914,Togo,2,Medium,1968,1968,49,49,1,6.891,7.38,14.271
125,768,,TGO,TG,768,4,Country/Area,914,Togo,2,Medium,1968,1968,50,50,1,6.652,7.149,13.8
125,768,,TGO,TG,768,4,Country/Area,914,Togo,2,Medium,1968,1968,51,51,1,6.404,6.943,13.347
125,768,,TGO,TG,768,4,Country/Area,914,Togo,2,Medium,1968,1968,52,52,1,6.149,6.75,12.899
125,768,,TGO,TG,768,4,Country/Area,914,Togo,2,Medium,1968,1968,53,53,1,5.899,6.555,12.454
125,768,,TGO,TG,768,4,Country/Area,914,Togo,2,Medium,1968,1968,54,54,1,5.654,6.362,12.017
125,768,,TGO,TG,768,4,Country/Area,914,Togo,2,Medium,1968,1968,55,55,1,5.404,6.155,11.559
125,768,,TGO,TG,768,4,Country/Area,914,Togo,2,Medium,1968,1968,56,56,1,5.146,5.899,11.046
125,768,,TGO,TG,768,4,Country/Area,914,Togo,2,Medium,1968,1968,57,57,1,4.884,5.614,10.498
125,768,,TGO,TG,768,4,Country/Area,914,Togo,2,Medium,1968,1968,58,58,1,4.627,5.337,9.963
125,768,,TGO,TG,768,4,Country/Area,914,Togo,2,Medium,1968,1968,59,59,1,4.375,5.066,9.44
125,768,,TGO,TG,768,4,Country/Area,914,Togo,2,Medium,1968,1968,60,60,1,4.125,4.793,8.919
125,768,,TGO,TG,768,4,Country/Area,914,Togo,2,Medium,1968,1968,61,61,1,3.884,4.536,8.419
125,768,,TGO,TG,768,4,Country/Area,914,Togo,2,Medium,1968,1968,62,62,1,3.649,4.29,7.939
125,768,,TGO,TG,768,4,Country/Area,914,Togo,2,Medium,1968,1968,63,63,1,3.417,4.04,7.457
125,768,,TGO,TG,768,4,Country/Area,914,Togo,2,Medium,1968,1968,64,64,1,3.189,3.788,6.978
125,768,,TGO,TG,768,4,Country/Area,914,Togo,2,Medium,1968,1968,65,65,1,2.972,3.547,6.519
125,768,,TGO,TG,768,4,Country/Area,914,Togo,2,Medium,1968,1968,66,66,1,2.767,3.324,6.09
125,768,,TGO,TG,768,4,Country/Area,914,Togo,2,Medium,1968,1968,67,67,1,2.573,3.111,5.684
125,768,,TGO,TG,768,4,Country/Area,914,Togo,2,Medium,1968,1968,68,68,1,2.385,2.902,5.286
125,768,,TGO,TG,768,4,Country/Area,914,Togo,2,Medium,1968,1968,69,69,1,2.203,2.693,4.896
125,768,,TGO,TG,768,4,Country/Area,914,Togo,2,Medium,1968,1968,70,70,1,2.026,2.49,4.516
125,768,,TGO,TG,768,4,Country/Area,914,Togo,2,Medium,1968,1968,71,71,1,1.853,2.292,4.144
125,768,,TGO,TG,768,4,Country/Area,914,Togo,2,Medium,1968,1968,72,72,1,1.683,2.096,3.78
125,768,,TGO,TG,768,4,Country/Area,914,Togo,2,Medium,1968,1968,73,73,1,1.518,1.903,3.421
125,768,,TGO,TG,768,4,Country/Area,914,Togo,2,Medium,1968,1968,74,74,1,1.357,1.712,3.07
125,768,,TGO,TG,768,4,Country/Area,914,Togo,2,Medium,1968,1968,75,75,1,1.206,1.527,2.733
125,768,,TGO,TG,768,4,Country/Area,914,Togo,2,Medium,1968,1968,76,76,1,1.075,1.348,2.423
125,768,,TGO,TG,768,4,Country/Area,914,Togo,2,Medium,1968,1968,77,77,1,0.957,1.176,2.132
125,768,,TGO,TG,768,4,Country/Area,914,Togo,2,Medium,1968,1968,78,78,1,0.839,1.012,1.851
125,768,,TGO,TG,768,4,Country/Area,914,Togo,2,Medium,1968,1968,79,79,1,0.728,0.862,1.59
125,768,,TGO,TG,768,4,Country/Area,914,Togo,2,Medium,1968,1968,80,80,1,0.619,0.721,1.34
125,768,,TGO,TG,768,4,Country/Area,914,Togo,2,Medium,1968,1968,81,81,1,0.508,0.59,1.098
125,768,,TGO,TG,768,4,Country/Area,914,Togo,2,Medium,1968,1968,82,82,1,0.405,0.472,0.877
125,768,,TGO,TG,768,4,Country/Area,914,Togo,2,Medium,1968,1968,83,83,1,0.317,0.369,0.685
125,768,,TGO,TG,768,4,Country/Area,914,Togo,2,Medium,1968,1968,84,84,1,0.242,0.281,0.522
125,768,,TGO,TG,768,4,Country/Area,914,Togo,2,Medium,1968,1968,85,85,1,0.178,0.208,0.386
125,768,,TGO,TG,768,4,Country/Area,914,Togo,2,Medium,1968,1968,86,86,1,0.126,0.151,0.277
125,768,,TGO,TG,768,4,Country/Area,914,Togo,2,Medium,1968,1968,87,87,1,0.087,0.107,0.193
125,768,,TGO,TG,768,4,Country/Area,914,Togo,2,Medium,1968,1968,88,88,1,0.057,0.073,0.13
125,768,,TGO,TG,768,4,Country/Area,914,Togo,2,Medium,1968,1968,89,89,1,0.037,0.049,0.085
125,768,,TGO,TG,768,4,Country/Area,914,Togo,2,Medium,1968,1968,90,90,1,0.023,0.032,0.054
125,768,,TGO,TG,768,4,Country/Area,914,Togo,2,Medium,1968,1968,91,91,1,0.014,0.02,0.034
125,768,,TGO,TG,768,4,Country/Area,914,Togo,2,Medium,1968,1968,92,92,1,0.008,0.012,0.02
125,768,,TGO,TG,768,4,Country/Area,914,Togo,2,Medium,1968,1968,93,93,1,0.005,0.007,0.012
125,768,,TGO,TG,768,4,Country/Area,914,Togo,2,Medium,1968,1968,94,94,1,0.003,0.004,0.007
125,768,,TGO,TG,768,4,Country/Area,914,Togo,2,Medium,1968,1968,95,95,1,0.001,0.002,0.003
125,768,,TGO,TG,768,4,Country/Area,914,Togo,2,Medium,1968,1968,96,96,1,0.001,0.001,0.002
125,768,,TGO,TG,768,4,Country/Area,914,Togo,2,Medium,1968,1968,97,97,1,0,0.001,0.001
125,768,,TGO,TG,768,4,Country/Area,914,Togo,2,Medium,1968,1968,98,98,1,0,0,0
125,768,,TGO,TG,768,4,Country/Area,914,Togo,2,Medium,1968,1968,99,99,1,0,0,0
125,768,,TGO,TG,768,4,Country/Area,914,Togo,2,Medium,1968,1968,100+,100,-1,0,0,0
125,768,,TGO,TG,768,4,Country/Area,914,Togo,2,Medium,1969,1969,0,0,1,47.559,47.084,94.643
125,768,,TGO,TG,768,4,Country/Area,914,Togo,2,Medium,1969,1969,1,1,1,42.575,42.508,85.084
125,768,,TGO,TG,768,4,Country/Area,914,Togo,2,Medium,1969,1969,2,2,1,39.337,39.488,78.826
125,768,,TGO,TG,768,4,Country/Area,914,Togo,2,Medium,1969,1969,3,3,1,36.959,37.209,74.169
125,768,,TGO,TG,768,4,Country/Area,914,Togo,2,Medium,1969,1969,4,4,1,35.042,35.344,70.386
125,768,,TGO,TG,768,4,Country/Area,914,Togo,2,Medium,1969,1969,5,5,1,33.458,33.783,67.241
125,768,,TGO,TG,768,4,Country/Area,914,Togo,2,Medium,1969,1969,6,6,1,32.041,32.375,64.416
125,768,,TGO,TG,768,4,Country/Area,914,Togo,2,Medium,1969,1969,7,7,1,30.733,31.072,61.805
125,768,,TGO,TG,768,4,Country/Area,914,Togo,2,Medium,1969,1969,8,8,1,29.576,29.916,59.492
125,768,,TGO,TG,768,4,Country/Area,914,Togo,2,Medium,1969,1969,9,9,1,28.543,28.877,57.42
125,768,,TGO,TG,768,4,Country/Area,914,Togo,2,Medium,1969,1969,10,10,1,27.581,27.902,55.483
125,768,,TGO,TG,768,4,Country/Area,914,Togo,2,Medium,1969,1969,11,11,1,26.692,27.002,53.694
125,768,,TGO,TG,768,4,Country/Area,914,Togo,2,Medium,1969,1969,12,12,1,25.866,26.161,52.026
125,768,,TGO,TG,768,4,Country/Area,914,Togo,2,Medium,1969,1969,13,13,1,25.056,25.338,50.395
125,768,,TGO,TG,768,4,Country/Area,914,Togo,2,Medium,1969,1969,14,14,1,24.303,24.57,48.873
125,768,,TGO,TG,768,4,Country/Area,914,Togo,2,Medium,1969,1969,15,15,1,23.605,23.855,47.46
125,768,,TGO,TG,768,4,Country/Area,914,Togo,2,Medium,1969,1969,16,16,1,22.913,23.149,46.062
125,768,,TGO,TG,768,4,Country/Area,914,Togo,2,Medium,1969,1969,17,17,1,22.211,22.436,44.647
125,768,,TGO,TG,768,4,Country/Area,914,Togo,2,Medium,1969,1969,18,18,1,21.525,21.744,43.269
125,768,,TGO,TG,768,4,Country/Area,914,Togo,2,Medium,1969,1969,19,19,1,20.476,20.645,41.12
125,768,,TGO,TG,768,4,Country/Area,914,Togo,2,Medium,1969,1969,20,20,1,19.596,19.727,39.324
125,768,,TGO,TG,768,4,Country/Area,914,Togo,2,Medium,1969,1969,21,21,1,19.119,19.289,38.408
125,768,,TGO,TG,768,4,Country/Area,914,Togo,2,Medium,1969,1969,22,22,1,18.448,18.686,37.135
125,768,,TGO,TG,768,4,Country/Area,914,Togo,2,Medium,1969,1969,23,23,1,17.607,17.813,35.419
125,768,,TGO,TG,768,4,Country/Area,914,Togo,2,Medium,1969,1969,24,24,1,16.779,16.915,33.694
125,768,,TGO,TG,768,4,Country/Area,914,Togo,2,Medium,1969,1969,25,25,1,16.085,16.235,32.32
125,768,,TGO,TG,768,4,Country/Area,914,Togo,2,Medium,1969,1969,26,26,1,15.408,15.592,31
125,768,,TGO,TG,768,4,Country/Area,914,Togo,2,Medium,1969,1969,27,27,1,14.781,15.008,29.789
125,768,,TGO,TG,768,4,Country/Area,914,Togo,2,Medium,1969,1969,28,28,1,14.225,14.492,28.716
125,768,,TGO,TG,768,4,Country/Area,914,Togo,2,Medium,1969,1969,29,29,1,13.735,14.049,27.784
125,768,,TGO,TG,768,4,Country/Area,914,Togo,2,Medium,1969,1969,30,30,1,13.299,13.68,26.979
125,768,,TGO,TG,768,4,Country/Area,914,Togo,2,Medium,1969,1969,31,31,1,12.883,13.318,26.201
125,768,,TGO,TG,768,4,Country/Area,914,Togo,2,Medium,1969,1969,32,32,1,12.463,12.899,25.361
125,768,,TGO,TG,768,4,Country/Area,914,Togo,2,Medium,1969,1969,33,33,1,12.045,12.454,24.499
125,768,,TGO,TG,768,4,Country/Area,914,Togo,2,Medium,1969,1969,34,34,1,11.665,12.056,23.721
125,768,,TGO,TG,768,4,Country/Area,914,Togo,2,Medium,1969,1969,35,35,1,11.331,11.712,23.043
125,768,,TGO,TG,768,4,Country/Area,914,Togo,2,Medium,1969,1969,36,36,1,11.001,11.373,22.373
125,768,,TGO,TG,768,4,Country/Area,914,Togo,2,Medium,1969,1969,37,37,1,10.656,11.029,21.684
125,768,,TGO,TG,768,4,Country/Area,914,Togo,2,Medium,1969,1969,38,38,1,10.303,10.688,20.992
125,768,,TGO,TG,768,4,Country/Area,914,Togo,2,Medium,1969,1969,39,39,1,9.97,10.362,20.332
125,768,,TGO,TG,768,4,Country/Area,914,Togo,2,Medium,1969,1969,40,40,1,9.661,10.052,19.712
125,768,,TGO,TG,768,4,Country/Area,914,Togo,2,Medium,1969,1969,41,41,1,9.355,9.749,19.105
125,768,,TGO,TG,768,4,Country/Area,914,Togo,2,Medium,1969,1969,42,42,1,9.05,9.456,18.506
125,768,,TGO,TG,768,4,Country/Area,914,Togo,2,Medium,1969,1969,43,43,1,8.745,9.172,17.918
125,768,,TGO,TG,768,4,Country/Area,914,Togo,2,Medium,1969,1969,44,44,1,8.447,8.898,17.345
125,768,,TGO,TG,768,4,Country/Area,914,Togo,2,Medium,1969,1969,45,45,1,8.149,8.633,16.781
125,768,,TGO,TG,768,4,Country/Area,914,Togo,2,Medium,1969,1969,46,46,1,7.862,8.374,16.236
125,768,,TGO,TG,768,4,Country/Area,914,Togo,2,Medium,1969,1969,47,47,1,7.601,8.122,15.723
125,768,,TGO,TG,768,4,Country/Area,914,Togo,2,Medium,1969,1969,48,48,1,7.356,7.875,15.232
125,768,,TGO,TG,768,4,Country/Area,914,Togo,2,Medium,1969,1969,49,49,1,7.112,7.632,14.743
125,768,,TGO,TG,768,4,Country/Area,914,Togo,2,Medium,1969,1969,50,50,1,6.867,7.384,14.251
125,768,,TGO,TG,768,4,Country/Area,914,Togo,2,Medium,1969,1969,51,51,1,6.621,7.147,13.768
125,768,,TGO,TG,768,4,Country/Area,914,Togo,2,Medium,1969,1969,52,52,1,6.367,6.936,13.303
125,768,,TGO,TG,768,4,Country/Area,914,Togo,2,Medium,1969,1969,53,53,1,6.107,6.739,12.847
125,768,,TGO,TG,768,4,Country/Area,914,Togo,2,Medium,1969,1969,54,54,1,5.853,6.539,12.392
125,768,,TGO,TG,768,4,Country/Area,914,Togo,2,Medium,1969,1969,55,55,1,5.603,6.341,11.944
125,768,,TGO,TG,768,4,Country/Area,914,Togo,2,Medium,1969,1969,56,56,1,5.348,6.128,11.476
125,768,,TGO,TG,768,4,Country/Area,914,Togo,2,Medium,1969,1969,57,57,1,5.085,5.867,10.953
125,768,,TGO,TG,768,4,Country/Area,914,Togo,2,Medium,1969,1969,58,58,1,4.817,5.575,10.393
125,768,,TGO,TG,768,4,Country/Area,914,Togo,2,Medium,1969,1969,59,59,1,4.556,5.29,9.845
125,768,,TGO,TG,768,4,Country/Area,914,Togo,2,Medium,1969,1969,60,60,1,4.297,5.011,9.307
125,768,,TGO,TG,768,4,Country/Area,914,Togo,2,Medium,1969,1969,61,61,1,4.041,4.73,8.771
125,768,,TGO,TG,768,4,Country/Area,914,Togo,2,Medium,1969,1969,62,62,1,3.795,4.463,8.258
125,768,,TGO,TG,768,4,Country/Area,914,Togo,2,Medium,1969,1969,63,63,1,3.554,4.208,7.763
125,768,,TGO,TG,768,4,Country/Area,914,Togo,2,Medium,1969,1969,64,64,1,3.317,3.952,7.269
125,768,,TGO,TG,768,4,Country/Area,914,Togo,2,Medium,1969,1969,65,65,1,3.087,3.695,6.781
125,768,,TGO,TG,768,4,Country/Area,914,Togo,2,Medium,1969,1969,66,66,1,2.865,3.448,6.314
125,768,,TGO,TG,768,4,Country/Area,914,Togo,2,Medium,1969,1969,67,67,1,2.658,3.218,5.876
125,768,,TGO,TG,768,4,Country/Area,914,Togo,2,Medium,1969,1969,68,68,1,2.46,2.999,5.46
125,768,,TGO,TG,768,4,Country/Area,914,Togo,2,Medium,1969,1969,69,69,1,2.268,2.783,5.051
125,768,,TGO,TG,768,4,Country/Area,914,Togo,2,Medium,1969,1969,70,70,1,2.082,2.568,4.65
125,768,,TGO,TG,768,4,Country/Area,914,Togo,2,Medium,1969,1969,71,71,1,1.902,2.358,4.261
125,768,,TGO,TG,768,4,Country/Area,914,Togo,2,Medium,1969,1969,72,72,1,1.725,2.154,3.879
125,768,,TGO,TG,768,4,Country/Area,914,Togo,2,Medium,1969,1969,73,73,1,1.554,1.954,3.508
125,768,,TGO,TG,768,4,Country/Area,914,Togo,2,Medium,1969,1969,74,74,1,1.387,1.759,3.146
125,768,,TGO,TG,768,4,Country/Area,914,Togo,2,Medium,1969,1969,75,75,1,1.228,1.567,2.795
125,768,,TGO,TG,768,4,Country/Area,914,Togo,2,Medium,1969,1969,76,76,1,1.08,1.383,2.463
125,768,,TGO,TG,768,4,Country/Area,914,Togo,2,Medium,1969,1969,77,77,1,0.951,1.208,2.158
125,768,,TGO,TG,768,4,Country/Area,914,Togo,2,Medium,1969,1969,78,78,1,0.835,1.04,1.875
125,768,,TGO,TG,768,4,Country/Area,914,Togo,2,Medium,1969,1969,79,79,1,0.723,0.882,1.605
125,768,,TGO,TG,768,4,Country/Area,914,Togo,2,Medium,1969,1969,80,80,1,0.617,0.739,1.355
125,768,,TGO,TG,768,4,Country/Area,914,Togo,2,Medium,1969,1969,81,81,1,0.515,0.608,1.123
125,768,,TGO,TG,768,4,Country/Area,914,Togo,2,Medium,1969,1969,82,82,1,0.415,0.488,0.903
125,768,,TGO,TG,768,4,Country/Area,914,Togo,2,Medium,1969,1969,83,83,1,0.323,0.382,0.705
125,768,,TGO,TG,768,4,Country/Area,914,Togo,2,Medium,1969,1969,84,84,1,0.246,0.292,0.538
125,768,,TGO,TG,768,4,Country/Area,914,Togo,2,Medium,1969,1969,85,85,1,0.182,0.217,0.399
125,768,,TGO,TG,768,4,Country/Area,914,Togo,2,Medium,1969,1969,86,86,1,0.13,0.157,0.287
125,768,,TGO,TG,768,4,Country/Area,914,Togo,2,Medium,1969,1969,87,87,1,0.089,0.111,0.2
125,768,,TGO,TG,768,4,Country/Area,914,Togo,2,Medium,1969,1969,88,88,1,0.059,0.076,0.135
125,768,,TGO,TG,768,4,Country/Area,914,Togo,2,Medium,1969,1969,89,89,1,0.038,0.051,0.089
125,768,,TGO,TG,768,4,Country/Area,914,Togo,2,Medium,1969,1969,90,90,1,0.024,0.033,0.056
125,768,,TGO,TG,768,4,Country/Area,914,Togo,2,Medium,1969,1969,91,91,1,0.014,0.021,0.035
125,768,,TGO,TG,768,4,Country/Area,914,Togo,2,Medium,1969,1969,92,92,1,0.008,0.013,0.021
125,768,,TGO,TG,768,4,Country/Area,914,Togo,2,Medium,1969,1969,93,93,1,0.005,0.007,0.012
125,768,,TGO,TG,768,4,Country/Area,914,Togo,2,Medium,1969,1969,94,94,1,0.003,0.004,0.007
125,768,,TGO,TG,768,4,Country/Area,914,Togo,2,Medium,1969,1969,95,95,1,0.001,0.002,0.003
125,768,,TGO,TG,768,4,Country/Area,914,Togo,2,Medium,1969,1969,96,96,1,0.001,0.001,0.002
125,768,,TGO,TG,768,4,Country/Area,914,Togo,2,Medium,1969,1969,97,97,1,0,0.001,0.001
125,768,,TGO,TG,768,4,Country/Area,914,Togo,2,Medium,1969,1969,98,98,1,0,0,0
125,768,,TGO,TG,768,4,Country/Area,914,Togo,2,Medium,1969,1969,99,99,1,0,0,0
125,768,,TGO,TG,768,4,Country/Area,914,Togo,2,Medium,1969,1969,100+,100,-1,0,0,0
125,768,,TGO,TG,768,4,Country/Area,914,Togo,2,Medium,1970,1970,0,0,1,49.438,48.938,98.376
125,768,,TGO,TG,768,4,Country/Area,914,Togo,2,Medium,1970,1970,1,1,1,44.283,44.196,88.479
125,768,,TGO,TG,768,4,Country/Area,914,Togo,2,Medium,1970,1970,2,2,1,40.85,40.977,81.827
125,768,,TGO,TG,768,4,Country/Area,914,Togo,2,Medium,1970,1970,3,3,1,38.456,38.684,77.139
125,768,,TGO,TG,768,4,Country/Area,914,Togo,2,Medium,1970,1970,4,4,1,36.535,36.815,73.349
125,768,,TGO,TG,768,4,Country/Area,914,Togo,2,Medium,1970,1970,5,5,1,34.868,35.179,70.047
125,768,,TGO,TG,768,4,Country/Area,914,Togo,2,Medium,1970,1970,6,6,1,33.419,33.748,67.168
125,768,,TGO,TG,768,4,Country/Area,914,Togo,2,Medium,1970,1970,7,7,1,32.078,32.411,64.49
125,768,,TGO,TG,768,4,Country/Area,914,Togo,2,Medium,1970,1970,8,8,1,30.811,31.148,61.959
125,768,,TGO,TG,768,4,Country/Area,914,Togo,2,Medium,1970,1970,9,9,1,29.675,30.014,59.689
125,768,,TGO,TG,768,4,Country/Area,914,Togo,2,Medium,1970,1970,10,10,1,28.651,28.984,57.636
125,768,,TGO,TG,768,4,Country/Area,914,Togo,2,Medium,1970,1970,11,11,1,27.692,28.012,55.704
125,768,,TGO,TG,768,4,Country/Area,914,Togo,2,Medium,1970,1970,12,12,1,26.802,27.108,53.91
125,768,,TGO,TG,768,4,Country/Area,914,Togo,2,Medium,1970,1970,13,13,1,25.97,26.262,52.231
125,768,,TGO,TG,768,4,Country/Area,914,Togo,2,Medium,1970,1970,14,14,1,25.154,25.43,50.584
125,768,,TGO,TG,768,4,Country/Area,914,Togo,2,Medium,1970,1970,15,15,1,24.391,24.651,49.042
125,768,,TGO,TG,768,4,Country/Area,914,Togo,2,Medium,1970,1970,16,16,1,23.681,23.925,47.606
125,768,,TGO,TG,768,4,Country/Area,914,Togo,2,Medium,1970,1970,17,17,1,22.977,23.207,46.184
125,768,,TGO,TG,768,4,Country/Area,914,Togo,2,Medium,1970,1970,18,18,1,22.259,22.483,44.743
125,768,,TGO,TG,768,4,Country/Area,914,Togo,2,Medium,1970,1970,19,19,1,21.555,21.779,43.334
125,768,,TGO,TG,768,4,Country/Area,914,Togo,2,Medium,1970,1970,20,20,1,20.493,20.675,41.168
125,768,,TGO,TG,768,4,Country/Area,914,Togo,2,Medium,1970,1970,21,21,1,19.604,19.755,39.359
125,768,,TGO,TG,768,4,Country/Area,914,Togo,2,Medium,1970,1970,22,22,1,19.117,19.311,38.428
125,768,,TGO,TG,768,4,Country/Area,914,Togo,2,Medium,1970,1970,23,23,1,18.44,18.703,37.144
125,768,,TGO,TG,768,4,Country/Area,914,Togo,2,Medium,1970,1970,24,24,1,17.597,17.826,35.422
125,768,,TGO,TG,768,4,Country/Area,914,Togo,2,Medium,1970,1970,25,25,1,16.773,16.927,33.7
125,768,,TGO,TG,768,4,Country/Area,914,Togo,2,Medium,1970,1970,26,26,1,16.082,16.244,32.327
125,768,,TGO,TG,768,4,Country/Area,914,Togo,2,Medium,1970,1970,27,27,1,15.407,15.599,31.006
125,768,,TGO,TG,768,4,Country/Area,914,Togo,2,Medium,1970,1970,28,28,1,14.782,15.014,29.796
125,768,,TGO,TG,768,4,Country/Area,914,Togo,2,Medium,1970,1970,29,29,1,14.226,14.498,28.724
125,768,,TGO,TG,768,4,Country/Area,914,Togo,2,Medium,1970,1970,30,30,1,13.735,14.054,27.788
125,768,,TGO,TG,768,4,Country/Area,914,Togo,2,Medium,1970,1970,31,31,1,13.296,13.684,26.98
125,768,,TGO,TG,768,4,Country/Area,914,Togo,2,Medium,1970,1970,32,32,1,12.879,13.321,26.2
125,768,,TGO,TG,768,4,Country/Area,914,Togo,2,Medium,1970,1970,33,33,1,12.456,12.901,25.357
125,768,,TGO,TG,768,4,Country/Area,914,Togo,2,Medium,1970,1970,34,34,1,12.037,12.455,24.491
125,768,,TGO,TG,768,4,Country/Area,914,Togo,2,Medium,1970,1970,35,35,1,11.656,12.056,23.712
125,768,,TGO,TG,768,4,Country/Area,914,Togo,2,Medium,1970,1970,36,36,1,11.319,11.71,23.03
125,768,,TGO,TG,768,4,Country/Area,914,Togo,2,Medium,1970,1970,37,37,1,10.988,11.368,22.356
125,768,,TGO,TG,768,4,Country/Area,914,Togo,2,Medium,1970,1970,38,38,1,10.64,11.024,21.663
125,768,,TGO,TG,768,4,Country/Area,914,Togo,2,Medium,1970,1970,39,39,1,10.284,10.681,20.966
125,768,,TGO,TG,768,4,Country/Area,914,Togo,2,Medium,1970,1970,40,40,1,9.948,10.354,20.302
125,768,,TGO,TG,768,4,Country/Area,914,Togo,2,Medium,1970,1970,41,41,1,9.634,10.042,19.677
125,768,,TGO,TG,768,4,Country/Area,914,Togo,2,Medium,1970,1970,42,42,1,9.326,9.739,19.066
125,768,,TGO,TG,768,4,Country/Area,914,Togo,2,Medium,1970,1970,43,43,1,9.017,9.446,18.463
125,768,,TGO,TG,768,4,Country/Area,914,Togo,2,Medium,1970,1970,44,44,1,8.71,9.162,17.872
125,768,,TGO,TG,768,4,Country/Area,914,Togo,2,Medium,1970,1970,45,45,1,8.409,8.886,17.295
125,768,,TGO,TG,768,4,Country/Area,914,Togo,2,Medium,1970,1970,46,46,1,8.108,8.62,16.728
125,768,,TGO,TG,768,4,Country/Area,914,Togo,2,Medium,1970,1970,47,47,1,7.819,8.36,16.179
125,768,,TGO,TG,768,4,Country/Area,914,Togo,2,Medium,1970,1970,48,48,1,7.556,8.104,15.661
125,768,,TGO,TG,768,4,Country/Area,914,Togo,2,Medium,1970,1970,49,49,1,7.307,7.854,15.161
125,768,,TGO,TG,768,4,Country/Area,914,Togo,2,Medium,1970,1970,50,50,1,7.058,7.606,14.664
125,768,,TGO,TG,768,4,Country/Area,914,Togo,2,Medium,1970,1970,51,51,1,6.808,7.354,14.162
125,768,,TGO,TG,768,4,Country/Area,914,Togo,2,Medium,1970,1970,52,52,1,6.558,7.113,13.671
125,768,,TGO,TG,768,4,Country/Area,914,Togo,2,Medium,1970,1970,53,53,1,6.299,6.898,13.197
125,768,,TGO,TG,768,4,Country/Area,914,Togo,2,Medium,1970,1970,54,54,1,6.036,6.697,12.732
125,768,,TGO,TG,768,4,Country/Area,914,Togo,2,Medium,1970,1970,55,55,1,5.777,6.492,12.27
125,768,,TGO,TG,768,4,Country/Area,914,Togo,2,Medium,1970,1970,56,56,1,5.524,6.29,11.813
125,768,,TGO,TG,768,4,Country/Area,914,Togo,2,Medium,1970,1970,57,57,1,5.265,6.071,11.336
125,768,,TGO,TG,768,4,Country/Area,914,Togo,2,Medium,1970,1970,58,58,1,4.997,5.805,10.802
125,768,,TGO,TG,768,4,Country/Area,914,Togo,2,Medium,1970,1970,59,59,1,4.725,5.506,10.231
125,768,,TGO,TG,768,4,Country/Area,914,Togo,2,Medium,1970,1970,60,60,1,4.457,5.213,9.669
125,768,,TGO,TG,768,4,Country/Area,914,Togo,2,Medium,1970,1970,61,61,1,4.192,4.926,9.118
125,768,,TGO,TG,768,4,Country/Area,914,Togo,2,Medium,1970,1970,62,62,1,3.933,4.637,8.57
125,768,,TGO,TG,768,4,Country/Area,914,Togo,2,Medium,1970,1970,63,63,1,3.682,4.363,8.044
125,768,,TGO,TG,768,4,Country/Area,914,Togo,2,Medium,1970,1970,64,64,1,3.438,4.102,7.54
125,768,,TGO,TG,768,4,Country/Area,914,Togo,2,Medium,1970,1970,65,65,1,3.199,3.841,7.039
125,768,,TGO,TG,768,4,Country/Area,914,Togo,2,Medium,1970,1970,66,66,1,2.965,3.578,6.543
125,768,,TGO,TG,768,4,Country/Area,914,Togo,2,Medium,1970,1970,67,67,1,2.742,3.327,6.069
125,768,,TGO,TG,768,4,Country/Area,914,Togo,2,Medium,1970,1970,68,68,1,2.531,3.091,5.623
125,768,,TGO,TG,768,4,Country/Area,914,Togo,2,Medium,1970,1970,69,69,1,2.331,2.867,5.198
125,768,,TGO,TG,768,4,Country/Area,914,Togo,2,Medium,1970,1970,70,70,1,2.135,2.644,4.78
125,768,,TGO,TG,768,4,Country/Area,914,Togo,2,Medium,1970,1970,71,71,1,1.948,2.424,4.371
125,768,,TGO,TG,768,4,Country/Area,914,Togo,2,Medium,1970,1970,72,72,1,1.765,2.209,3.974
125,768,,TGO,TG,768,4,Country/Area,914,Togo,2,Medium,1970,1970,73,73,1,1.587,2.002,3.588
125,768,,TGO,TG,768,4,Country/Area,914,Togo,2,Medium,1970,1970,74,74,1,1.415,1.8,3.215
125,768,,TGO,TG,768,4,Country/Area,914,Togo,2,Medium,1970,1970,75,75,1,1.25,1.605,2.855
125,768,,TGO,TG,768,4,Country/Area,914,Togo,2,Medium,1970,1970,76,76,1,1.095,1.416,2.51
125,768,,TGO,TG,768,4,Country/Area,914,Togo,2,Medium,1970,1970,77,77,1,0.951,1.235,2.186
125,768,,TGO,TG,768,4,Country/Area,914,Togo,2,Medium,1970,1970,78,78,1,0.827,1.064,1.891
125,768,,TGO,TG,768,4,Country/Area,914,Togo,2,Medium,1970,1970,79,79,1,0.716,0.903,1.619
125,768,,TGO,TG,768,4,Country/Area,914,Togo,2,Medium,1970,1970,80,80,1,0.61,0.754,1.363
125,768,,TGO,TG,768,4,Country/Area,914,Togo,2,Medium,1970,1970,81,81,1,0.511,0.62,1.131
125,768,,TGO,TG,768,4,Country/Area,914,Togo,2,Medium,1970,1970,82,82,1,0.419,0.5,0.92
125,768,,TGO,TG,768,4,Country/Area,914,Togo,2,Medium,1970,1970,83,83,1,0.329,0.394,0.723
125,768,,TGO,TG,768,4,Country/Area,914,Togo,2,Medium,1970,1970,84,84,1,0.25,0.303,0.553
125,768,,TGO,TG,768,4,Country/Area,914,Togo,2,Medium,1970,1970,85,85,1,0.184,0.227,0.411
125,768,,TGO,TG,768,4,Country/Area,914,Togo,2,Medium,1970,1970,86,86,1,0.132,0.165,0.297
125,768,,TGO,TG,768,4,Country/Area,914,Togo,2,Medium,1970,1970,87,87,1,0.091,0.117,0.208
125,768,,TGO,TG,768,4,Country/Area,914,Togo,2,Medium,1970,1970,88,88,1,0.061,0.08,0.141
125,768,,TGO,TG,768,4,Country/Area,914,Togo,2,Medium,1970,1970,89,89,1,0.04,0.053,0.093
125,768,,TGO,TG,768,4,Country/Area,914,Togo,2,Medium,1970,1970,90,90,1,0.025,0.034,0.059
125,768,,TGO,TG,768,4,Country/Area,914,Togo,2,Medium,1970,1970,91,91,1,0.015,0.022,0.036
125,768,,TGO,TG,768,4,Country/Area,914,Togo,2,Medium,1970,1970,92,92,1,0.009,0.013,0.022
125,768,,TGO,TG,768,4,Country/Area,914,Togo,2,Medium,1970,1970,93,93,1,0.005,0.008,0.013
125,768,,TGO,TG,768,4,Country/Area,914,Togo,2,Medium,1970,1970,94,94,1,0.003,0.004,0.007
125,768,,TGO,TG,768,4,Country/Area,914,Togo,2,Medium,1970,1970,95,95,1,0.001,0.002,0.003
125,768,,TGO,TG,768,4,Country/Area,914,Togo,2,Medium,1970,1970,96,96,1,0.001,0.001,0.002
125,768,,TGO,TG,768,4,Country/Area,914,Togo,2,Medium,1970,1970,97,97,1,0,0.001,0.001
125,768,,TGO,TG,768,4,Country/Area,914,Togo,2,Medium,1970,1970,98,98,1,0,0,0
125,768,,TGO,TG,768,4,Country/Area,914,Togo,2,Medium,1970,1970,99,99,1,0,0,0
125,768,,TGO,TG,768,4,Country/Area,914,Togo,2,Medium,1970,1970,100+,100,-1,0,0,0
125,768,,TGO,TG,768,4,Country/Area,914,Togo,2,Medium,1971,1971,0,0,1,51.154,50.625,101.778
125,768,,TGO,TG,768,4,Country/Area,914,Togo,2,Medium,1971,1971,1,1,1,45.904,45.792,91.695
125,768,,TGO,TG,768,4,Country/Area,914,Togo,2,Medium,1971,1971,2,2,1,42.365,42.465,84.831
125,768,,TGO,TG,768,4,Country/Area,914,Togo,2,Medium,1971,1971,3,3,1,39.789,39.992,79.781
125,768,,TGO,TG,768,4,Country/Area,914,Togo,2,Medium,1971,1971,4,4,1,37.859,38.117,75.977
125,768,,TGO,TG,768,4,Country/Area,914,Togo,2,Medium,1971,1971,5,5,1,36.198,36.487,72.685
125,768,,TGO,TG,768,4,Country/Area,914,Togo,2,Medium,1971,1971,6,6,1,34.676,34.989,69.665
125,768,,TGO,TG,768,4,Country/Area,914,Togo,2,Medium,1971,1971,7,7,1,33.31,33.637,66.948
125,768,,TGO,TG,768,4,Country/Area,914,Togo,2,Medium,1971,1971,8,8,1,32.016,32.346,64.362
125,768,,TGO,TG,768,4,Country/Area,914,Togo,2,Medium,1971,1971,9,9,1,30.776,31.11,61.885
125,768,,TGO,TG,768,4,Country/Area,914,Togo,2,Medium,1971,1971,10,10,1,29.654,29.99,59.644
125,768,,TGO,TG,768,4,Country/Area,914,Togo,2,Medium,1971,1971,11,11,1,28.637,28.966,57.603
125,768,,TGO,TG,768,4,Country/Area,914,Togo,2,Medium,1971,1971,12,12,1,27.68,27.995,55.675
125,768,,TGO,TG,768,4,Country/Area,914,Togo,2,Medium,1971,1971,13,13,1,26.788,27.09,53.878
125,768,,TGO,TG,768,4,Country/Area,914,Togo,2,Medium,1971,1971,14,14,1,25.953,26.238,52.191
125,768,,TGO,TG,768,4,Country/Area,914,Togo,2,Medium,1971,1971,15,15,1,25.131,25.399,50.529
125,768,,TGO,TG,768,4,Country/Area,914,Togo,2,Medium,1971,1971,16,16,1,24.358,24.613,48.971
125,768,,TGO,TG,768,4,Country/Area,914,Togo,2,Medium,1971,1971,17,17,1,23.64,23.878,47.517
125,768,,TGO,TG,768,4,Country/Area,914,Togo,2,Medium,1971,1971,18,18,1,22.922,23.152,46.075
125,768,,TGO,TG,768,4,Country/Area,914,Togo,2,Medium,1971,1971,19,19,1,22.194,22.423,44.617
125,768,,TGO,TG,768,4,Country/Area,914,Togo,2,Medium,1971,1971,20,20,1,21.475,21.712,43.188
125,768,,TGO,TG,768,4,Country/Area,914,Togo,2,Medium,1971,1971,21,21,1,20.408,20.61,41.018
125,768,,TGO,TG,768,4,Country/Area,914,Togo,2,Medium,1971,1971,22,22,1,19.515,19.69,39.205
125,768,,TGO,TG,768,4,Country/Area,914,Togo,2,Medium,1971,1971,23,23,1,19.025,19.245,38.27
125,768,,TGO,TG,768,4,Country/Area,914,Togo,2,Medium,1971,1971,24,24,1,18.349,18.635,36.984
125,768,,TGO,TG,768,4,Country/Area,914,Togo,2,Medium,1971,1971,25,25,1,17.512,17.759,35.271
125,768,,TGO,TG,768,4,Country/Area,914,Togo,2,Medium,1971,1971,26,26,1,16.696,16.861,33.557
125,768,,TGO,TG,768,4,Country/Area,914,Togo,2,Medium,1971,1971,27,27,1,16.009,16.18,32.189
125,768,,TGO,TG,768,4,Country/Area,914,Togo,2,Medium,1971,1971,28,28,1,15.339,15.536,30.875
125,768,,TGO,TG,768,4,Country/Area,914,Togo,2,Medium,1971,1971,29,29,1,14.716,14.953,29.669
125,768,,TGO,TG,768,4,Country/Area,914,Togo,2,Medium,1971,1971,30,30,1,14.161,14.438,28.599
125,768,,TGO,TG,768,4,Country/Area,914,Togo,2,Medium,1971,1971,31,31,1,13.67,13.996,27.666
125,768,,TGO,TG,768,4,Country/Area,914,Togo,2,Medium,1971,1971,32,32,1,13.232,13.627,26.858
125,768,,TGO,TG,768,4,Country/Area,914,Togo,2,Medium,1971,1971,33,33,1,12.814,13.264,26.078
125,768,,TGO,TG,768,4,Country/Area,914,Togo,2,Medium,1971,1971,34,34,1,12.39,12.845,25.235
125,768,,TGO,TG,768,4,Country/Area,914,Togo,2,Medium,1971,1971,35,35,1,11.973,12.399,24.372
125,768,,TGO,TG,768,4,Country/Area,914,Togo,2,Medium,1971,1971,36,36,1,11.592,12.001,23.593
125,768,,TGO,TG,768,4,Country/Area,914,Togo,2,Medium,1971,1971,37,37,1,11.255,11.654,22.909
125,768,,TGO,TG,768,4,Country/Area,914,Togo,2,Medium,1971,1971,38,38,1,10.922,11.313,22.235
125,768,,TGO,TG,768,4,Country/Area,914,Togo,2,Medium,1971,1971,39,39,1,10.573,10.967,21.54
125,768,,TGO,TG,768,4,Country/Area,914,Togo,2,Medium,1971,1971,40,40,1,10.216,10.626,20.841
125,768,,TGO,TG,768,4,Country/Area,914,Togo,2,Medium,1971,1971,41,41,1,9.877,10.298,20.175
125,768,,TGO,TG,768,4,Country/Area,914,Togo,2,Medium,1971,1971,42,42,1,9.562,9.987,19.549
125,768,,TGO,TG,768,4,Country/Area,914,Togo,2,Medium,1971,1971,43,43,1,9.251,9.685,18.936
125,768,,TGO,TG,768,4,Country/Area,914,Togo,2,Medium,1971,1971,44,44,1,8.941,9.392,18.333
125,768,,TGO,TG,768,4,Country/Area,914,Togo,2,Medium,1971,1971,45,45,1,8.633,9.108,17.741
125,768,,TGO,TG,768,4,Country/Area,914,Togo,2,Medium,1971,1971,46,46,1,8.33,8.834,17.163
125,768,,TGO,TG,768,4,Country/Area,914,Togo,2,Medium,1971,1971,47,47,1,8.028,8.566,16.594
125,768,,TGO,TG,768,4,Country/Area,914,Togo,2,Medium,1971,1971,48,48,1,7.738,8.304,16.042
125,768,,TGO,TG,768,4,Country/Area,914,Togo,2,Medium,1971,1971,49,49,1,7.471,8.046,15.518
125,768,,TGO,TG,768,4,Country/Area,914,Togo,2,Medium,1971,1971,50,50,1,7.22,7.793,15.012
125,768,,TGO,TG,768,4,Country/Area,914,Togo,2,Medium,1971,1971,51,51,1,6.966,7.541,14.508
125,768,,TGO,TG,768,4,Country/Area,914,Togo,2,Medium,1971,1971,52,52,1,6.713,7.285,13.998
125,768,,TGO,TG,768,4,Country/Area,914,Togo,2,Medium,1971,1971,53,53,1,6.459,7.042,13.501
125,768,,TGO,TG,768,4,Country/Area,914,Togo,2,Medium,1971,1971,54,54,1,6.198,6.823,13.021
125,768,,TGO,TG,768,4,Country/Area,914,Togo,2,Medium,1971,1971,55,55,1,5.932,6.619,12.551
125,768,,TGO,TG,768,4,Country/Area,914,Togo,2,Medium,1971,1971,56,56,1,5.67,6.41,12.081
125,768,,TGO,TG,768,4,Country/Area,914,Togo,2,Medium,1971,1971,57,57,1,5.413,6.205,11.617
125,768,,TGO,TG,768,4,Country/Area,914,Togo,2,Medium,1971,1971,58,58,1,5.151,5.981,11.132
125,768,,TGO,TG,768,4,Country/Area,914,Togo,2,Medium,1971,1971,59,59,1,4.879,5.707,10.586
125,768,,TGO,TG,768,4,Country/Area,914,Togo,2,Medium,1971,1971,60,60,1,4.603,5.402,10.005
125,768,,TGO,TG,768,4,Country/Area,914,Togo,2,Medium,1971,1971,61,61,1,4.33,5.103,9.433
125,768,,TGO,TG,768,4,Country/Area,914,Togo,2,Medium,1971,1971,62,62,1,4.063,4.809,8.871
125,768,,TGO,TG,768,4,Country/Area,914,Togo,2,Medium,1971,1971,63,63,1,3.8,4.513,8.313
125,768,,TGO,TG,768,4,Country/Area,914,Togo,2,Medium,1971,1971,64,64,1,3.546,4.235,7.781
125,768,,TGO,TG,768,4,Country/Area,914,Togo,2,Medium,1971,1971,65,65,1,3.3,3.97,7.269
125,768,,TGO,TG,768,4,Country/Area,914,Togo,2,Medium,1971,1971,66,66,1,3.059,3.704,6.763
125,768,,TGO,TG,768,4,Country/Area,914,Togo,2,Medium,1971,1971,67,67,1,2.825,3.438,6.263
125,768,,TGO,TG,768,4,Country/Area,914,Togo,2,Medium,1971,1971,68,68,1,2.601,3.183,5.784
125,768,,TGO,TG,768,4,Country/Area,914,Togo,2,Medium,1971,1971,69,69,1,2.389,2.943,5.332
125,768,,TGO,TG,768,4,Country/Area,914,Togo,2,Medium,1971,1971,70,70,1,2.186,2.713,4.899
125,768,,TGO,TG,768,4,Country/Area,914,Togo,2,Medium,1971,1971,71,71,1,1.99,2.486,4.475
125,768,,TGO,TG,768,4,Country/Area,914,Togo,2,Medium,1971,1971,72,72,1,1.799,2.261,4.061
125,768,,TGO,TG,768,4,Country/Area,914,Togo,2,Medium,1971,1971,73,73,1,1.617,2.045,3.661
125,768,,TGO,TG,768,4,Country/Area,914,Togo,2,Medium,1971,1971,74,74,1,1.44,1.837,3.276
125,768,,TGO,TG,768,4,Country/Area,914,Togo,2,Medium,1971,1971,75,75,1,1.27,1.637,2.907
125,768,,TGO,TG,768,4,Country/Area,914,Togo,2,Medium,1971,1971,76,76,1,1.111,1.444,2.555
125,768,,TGO,TG,768,4,Country/Area,914,Togo,2,Medium,1971,1971,77,77,1,0.96,1.26,2.22
125,768,,TGO,TG,768,4,Country/Area,914,Togo,2,Medium,1971,1971,78,78,1,0.824,1.085,1.909
125,768,,TGO,TG,768,4,Country/Area,914,Togo,2,Medium,1971,1971,79,79,1,0.707,0.921,1.628
125,768,,TGO,TG,768,4,Country/Area,914,Togo,2,Medium,1971,1971,80,80,1,0.603,0.769,1.371
125,768,,TGO,TG,768,4,Country/Area,914,Togo,2,Medium,1971,1971,81,81,1,0.504,0.63,1.134
125,768,,TGO,TG,768,4,Country/Area,914,Togo,2,Medium,1971,1971,82,82,1,0.415,0.509,0.924
125,768,,TGO,TG,768,4,Country/Area,914,Togo,2,Medium,1971,1971,83,83,1,0.332,0.403,0.735
125,768,,TGO,TG,768,4,Country/Area,914,Togo,2,Medium,1971,1971,84,84,1,0.254,0.312,0.566
125,768,,TGO,TG,768,4,Country/Area,914,Togo,2,Medium,1971,1971,85,85,1,0.187,0.235,0.421
125,768,,TGO,TG,768,4,Country/Area,914,Togo,2,Medium,1971,1971,86,86,1,0.134,0.172,0.306
125,768,,TGO,TG,768,4,Country/Area,914,Togo,2,Medium,1971,1971,87,87,1,0.093,0.122,0.215
125,768,,TGO,TG,768,4,Country/Area,914,Togo,2,Medium,1971,1971,88,88,1,0.062,0.084,0.146
125,768,,TGO,TG,768,4,Country/Area,914,Togo,2,Medium,1971,1971,89,89,1,0.04,0.056,0.096
125,768,,TGO,TG,768,4,Country/Area,914,Togo,2,Medium,1971,1971,90,90,1,0.025,0.036,0.061
125,768,,TGO,TG,768,4,Country/Area,914,Togo,2,Medium,1971,1971,91,91,1,0.015,0.023,0.038
125,768,,TGO,TG,768,4,Country/Area,914,Togo,2,Medium,1971,1971,92,92,1,0.009,0.013,0.022
125,768,,TGO,TG,768,4,Country/Area,914,Togo,2,Medium,1971,1971,93,93,1,0.005,0.008,0.013
125,768,,TGO,TG,768,4,Country/Area,914,Togo,2,Medium,1971,1971,94,94,1,0.003,0.004,0.007
125,768,,TGO,TG,768,4,Country/Area,914,Togo,2,Medium,1971,1971,95,95,1,0.001,0.002,0.003
125,768,,TGO,TG,768,4,Country/Area,914,Togo,2,Medium,1971,1971,96,96,1,0.001,0.001,0.002
125,768,,TGO,TG,768,4,Country/Area,914,Togo,2,Medium,1971,1971,97,97,1,0,0.001,0.001
125,768,,TGO,TG,768,4,Country/Area,914,Togo,2,Medium,1971,1971,98,98,1,0,0,0
125,768,,TGO,TG,768,4,Country/Area,914,Togo,2,Medium,1971,1971,99,99,1,0,0,0
125,768,,TGO,TG,768,4,Country/Area,914,Togo,2,Medium,1971,1971,100+,100,-1,0,0,0
125,768,,TGO,TG,768,4,Country/Area,914,Togo,2,Medium,1972,1972,0,0,1,52.685,52.14,104.826
125,768,,TGO,TG,768,4,Country/Area,914,Togo,2,Medium,1972,1972,1,1,1,47.395,47.255,94.65
125,768,,TGO,TG,768,4,Country/Area,914,Togo,2,Medium,1972,1972,2,2,1,43.816,43.888,87.703
125,768,,TGO,TG,768,4,Country/Area,914,Togo,2,Medium,1972,1972,3,3,1,41.14,41.316,82.457
125,768,,TGO,TG,768,4,Country/Area,914,Togo,2,Medium,1972,1972,4,4,1,39.038,39.27,78.309
125,768,,TGO,TG,768,4,Country/Area,914,Togo,2,Medium,1972,1972,5,5,1,37.375,37.642,75.016
125,768,,TGO,TG,768,4,Country/Area,914,Togo,2,Medium,1972,1972,6,6,1,35.864,36.154,72.019
125,768,,TGO,TG,768,4,Country/Area,914,Togo,2,Medium,1972,1972,7,7,1,34.431,34.742,69.174
125,768,,TGO,TG,768,4,Country/Area,914,Togo,2,Medium,1972,1972,8,8,1,33.117,33.441,66.558
125,768,,TGO,TG,768,4,Country/Area,914,Togo,2,Medium,1972,1972,9,9,1,31.855,32.182,64.037
125,768,,TGO,TG,768,4,Country/Area,914,Togo,2,Medium,1972,1972,10,10,1,30.634,30.965,61.598
125,768,,TGO,TG,768,4,Country/Area,914,Togo,2,Medium,1972,1972,11,11,1,29.523,29.855,59.378
125,768,,TGO,TG,768,4,Country/Area,914,Togo,2,Medium,1972,1972,12,12,1,28.513,28.837,57.35
125,768,,TGO,TG,768,4,Country/Area,914,Togo,2,Medium,1972,1972,13,13,1,27.558,27.867,55.425
125,768,,TGO,TG,768,4,Country/Area,914,Togo,2,Medium,1972,1972,14,14,1,26.666,26.96,53.626
125,768,,TGO,TG,768,4,Country/Area,914,Togo,2,Medium,1972,1972,15,15,1,25.828,26.105,51.932
125,768,,TGO,TG,768,4,Country/Area,914,Togo,2,Medium,1972,1972,16,16,1,25,25.261,50.261
125,768,,TGO,TG,768,4,Country/Area,914,Togo,2,Medium,1972,1972,17,17,1,24.221,24.468,48.69
125,768,,TGO,TG,768,4,Country/Area,914,Togo,2,Medium,1972,1972,18,18,1,23.492,23.729,47.221
125,768,,TGO,TG,768,4,Country/Area,914,Togo,2,Medium,1972,1972,19,19,1,22.766,23.002,45.767
125,768,,TGO,TG,768,4,Country/Area,914,Togo,2,Medium,1972,1972,20,20,1,22.029,22.271,44.3
125,768,,TGO,TG,768,4,Country/Area,914,Togo,2,Medium,1972,1972,21,21,1,21.304,21.561,42.865
125,768,,TGO,TG,768,4,Country/Area,914,Togo,2,Medium,1972,1972,22,22,1,20.238,20.463,40.7
125,768,,TGO,TG,768,4,Country/Area,914,Togo,2,Medium,1972,1972,23,23,1,19.347,19.547,38.894
125,768,,TGO,TG,768,4,Country/Area,914,Togo,2,Medium,1972,1972,24,24,1,18.86,19.102,37.962
125,768,,TGO,TG,768,4,Country/Area,914,Togo,2,Medium,1972,1972,25,25,1,18.192,18.494,36.687
125,768,,TGO,TG,768,4,Country/Area,914,Togo,2,Medium,1972,1972,26,26,1,17.366,17.623,34.989
125,768,,TGO,TG,768,4,Country/Area,914,Togo,2,Medium,1972,1972,27,27,1,16.558,16.73,33.288
125,768,,TGO,TG,768,4,Country/Area,914,Togo,2,Medium,1972,1972,28,28,1,15.878,16.052,31.93
125,768,,TGO,TG,768,4,Country/Area,914,Togo,2,Medium,1972,1972,29,29,1,15.213,15.414,30.626
125,768,,TGO,TG,768,4,Country/Area,914,Togo,2,Medium,1972,1972,30,30,1,14.594,14.834,29.427
125,768,,TGO,TG,768,4,Country/Area,914,Togo,2,Medium,1972,1972,31,31,1,14.04,14.323,28.363
125,768,,TGO,TG,768,4,Country/Area,914,Togo,2,Medium,1972,1972,32,32,1,13.551,13.884,27.435
125,768,,TGO,TG,768,4,Country/Area,914,Togo,2,Medium,1972,1972,33,33,1,13.114,13.517,26.631
125,768,,TGO,TG,768,4,Country/Area,914,Togo,2,Medium,1972,1972,34,34,1,12.698,13.156,25.854
125,768,,TGO,TG,768,4,Country/Area,914,Togo,2,Medium,1972,1972,35,35,1,12.277,12.738,25.015
125,768,,TGO,TG,768,4,Country/Area,914,Togo,2,Medium,1972,1972,36,36,1,11.861,12.294,24.155
125,768,,TGO,TG,768,4,Country/Area,914,Togo,2,Medium,1972,1972,37,37,1,11.482,11.897,23.379
125,768,,TGO,TG,768,4,Country/Area,914,Togo,2,Medium,1972,1972,38,38,1,11.146,11.552,22.698
125,768,,TGO,TG,768,4,Country/Area,914,Togo,2,Medium,1972,1972,39,39,1,10.813,11.211,22.023
125,768,,TGO,TG,768,4,Country/Area,914,Togo,2,Medium,1972,1972,40,40,1,10.462,10.867,21.329
125,768,,TGO,TG,768,4,Country/Area,914,Togo,2,Medium,1972,1972,41,41,1,10.104,10.527,20.631
125,768,,TGO,TG,768,4,Country/Area,914,Togo,2,Medium,1972,1972,42,42,1,9.765,10.202,19.966
125,768,,TGO,TG,768,4,Country/Area,914,Togo,2,Medium,1972,1972,43,43,1,9.447,9.893,19.34
125,768,,TGO,TG,768,4,Country/Area,914,Togo,2,Medium,1972,1972,44,44,1,9.137,9.594,18.73
125,768,,TGO,TG,768,4,Country/Area,914,Togo,2,Medium,1972,1972,45,45,1,8.827,9.302,18.129
125,768,,TGO,TG,768,4,Country/Area,914,Togo,2,Medium,1972,1972,46,46,1,8.519,9.02,17.538
125,768,,TGO,TG,768,4,Country/Area,914,Togo,2,Medium,1972,1972,47,47,1,8.216,8.744,16.96
125,768,,TGO,TG,768,4,Country/Area,914,Togo,2,Medium,1972,1972,48,48,1,7.915,8.476,16.39
125,768,,TGO,TG,768,4,Country/Area,914,Togo,2,Medium,1972,1972,49,49,1,7.622,8.213,15.835
125,768,,TGO,TG,768,4,Country/Area,914,Togo,2,Medium,1972,1972,50,50,1,7.354,7.952,15.306
125,768,,TGO,TG,768,4,Country/Area,914,Togo,2,Medium,1972,1972,51,51,1,7.099,7.697,14.796
125,768,,TGO,TG,768,4,Country/Area,914,Togo,2,Medium,1972,1972,52,52,1,6.843,7.442,14.286
125,768,,TGO,TG,768,4,Country/Area,914,Togo,2,Medium,1972,1972,53,53,1,6.587,7.185,13.771
125,768,,TGO,TG,768,4,Country/Area,914,Togo,2,Medium,1972,1972,54,54,1,6.331,6.939,13.27
125,768,,TGO,TG,768,4,Country/Area,914,Togo,2,Medium,1972,1972,55,55,1,6.067,6.718,12.786
125,768,,TGO,TG,768,4,Country/Area,914,Togo,2,Medium,1972,1972,56,56,1,5.8,6.511,12.311
125,768,,TGO,TG,768,4,Country/Area,914,Togo,2,Medium,1972,1972,57,57,1,5.536,6.3,11.835
125,768,,TGO,TG,768,4,Country/Area,914,Togo,2,Medium,1972,1972,58,58,1,5.276,6.089,11.365
125,768,,TGO,TG,768,4,Country/Area,914,Togo,2,Medium,1972,1972,59,59,1,5.011,5.859,10.87
125,768,,TGO,TG,768,4,Country/Area,914,Togo,2,Medium,1972,1972,60,60,1,4.736,5.58,10.316
125,768,,TGO,TG,768,4,Country/Area,914,Togo,2,Medium,1972,1972,61,61,1,4.455,5.269,9.725
125,768,,TGO,TG,768,4,Country/Area,914,Togo,2,Medium,1972,1972,62,62,1,4.181,4.963,9.144
125,768,,TGO,TG,768,4,Country/Area,914,Togo,2,Medium,1972,1972,63,63,1,3.91,4.664,8.575
125,768,,TGO,TG,768,4,Country/Area,914,Togo,2,Medium,1972,1972,64,64,1,3.646,4.365,8.011
125,768,,TGO,TG,768,4,Country/Area,914,Togo,2,Medium,1972,1972,65,65,1,3.392,4.083,7.475
125,768,,TGO,TG,768,4,Country/Area,914,Togo,2,Medium,1972,1972,66,66,1,3.146,3.815,6.96
125,768,,TGO,TG,768,4,Country/Area,914,Togo,2,Medium,1972,1972,67,67,1,2.905,3.547,6.452
125,768,,TGO,TG,768,4,Country/Area,914,Togo,2,Medium,1972,1972,68,68,1,2.671,3.278,5.949
125,768,,TGO,TG,768,4,Country/Area,914,Togo,2,Medium,1972,1972,69,69,1,2.446,3.02,5.466
125,768,,TGO,TG,768,4,Country/Area,914,Togo,2,Medium,1972,1972,70,70,1,2.232,2.776,5.008
125,768,,TGO,TG,768,4,Country/Area,914,Togo,2,Medium,1972,1972,71,71,1,2.029,2.542,4.571
125,768,,TGO,TG,768,4,Country/Area,914,Togo,2,Medium,1972,1972,72,72,1,1.831,2.312,4.144
125,768,,TGO,TG,768,4,Country/Area,914,Togo,2,Medium,1972,1972,73,73,1,1.643,2.086,3.728
125,768,,TGO,TG,768,4,Country/Area,914,Togo,2,Medium,1972,1972,74,74,1,1.462,1.871,3.332
125,768,,TGO,TG,768,4,Country/Area,914,Togo,2,Medium,1972,1972,75,75,1,1.289,1.665,2.953
125,768,,TGO,TG,768,4,Country/Area,914,Togo,2,Medium,1972,1972,76,76,1,1.125,1.468,2.593
125,768,,TGO,TG,768,4,Country/Area,914,Togo,2,Medium,1972,1972,77,77,1,0.971,1.282,2.252
125,768,,TGO,TG,768,4,Country/Area,914,Togo,2,Medium,1972,1972,78,78,1,0.829,1.103,1.932
125,768,,TGO,TG,768,4,Country/Area,914,Togo,2,Medium,1972,1972,79,79,1,0.702,0.937,1.639
125,768,,TGO,TG,768,4,Country/Area,914,Togo,2,Medium,1972,1972,80,80,1,0.593,0.782,1.375
125,768,,TGO,TG,768,4,Country/Area,914,Togo,2,Medium,1972,1972,81,81,1,0.496,0.641,1.137
125,768,,TGO,TG,768,4,Country/Area,914,Togo,2,Medium,1972,1972,82,82,1,0.407,0.517,0.924
125,768,,TGO,TG,768,4,Country/Area,914,Togo,2,Medium,1972,1972,83,83,1,0.327,0.41,0.737
125,768,,TGO,TG,768,4,Country/Area,914,Togo,2,Medium,1972,1972,84,84,1,0.255,0.318,0.573
125,768,,TGO,TG,768,4,Country/Area,914,Togo,2,Medium,1972,1972,85,85,1,0.189,0.241,0.43
125,768,,TGO,TG,768,4,Country/Area,914,Togo,2,Medium,1972,1972,86,86,1,0.135,0.178,0.313
125,768,,TGO,TG,768,4,Country/Area,914,Togo,2,Medium,1972,1972,87,87,1,0.094,0.127,0.221
125,768,,TGO,TG,768,4,Country/Area,914,Togo,2,Medium,1972,1972,88,88,1,0.063,0.088,0.151
125,768,,TGO,TG,768,4,Country/Area,914,Togo,2,Medium,1972,1972,89,89,1,0.041,0.058,0.099
125,768,,TGO,TG,768,4,Country/Area,914,Togo,2,Medium,1972,1972,90,90,1,0.026,0.037,0.063
125,768,,TGO,TG,768,4,Country/Area,914,Togo,2,Medium,1972,1972,91,91,1,0.015,0.024,0.039
125,768,,TGO,TG,768,4,Country/Area,914,Togo,2,Medium,1972,1972,92,92,1,0.009,0.014,0.023
125,768,,TGO,TG,768,4,Country/Area,914,Togo,2,Medium,1972,1972,93,93,1,0.005,0.008,0.013
125,768,,TGO,TG,768,4,Country/Area,914,Togo,2,Medium,1972,1972,94,94,1,0.003,0.005,0.008
125,768,,TGO,TG,768,4,Country/Area,914,Togo,2,Medium,1972,1972,95,95,1,0.001,0.002,0.003
125,768,,TGO,TG,768,4,Country/Area,914,Togo,2,Medium,1972,1972,96,96,1,0.001,0.001,0.002
125,768,,TGO,TG,768,4,Country/Area,914,Togo,2,Medium,1972,1972,97,97,1,0,0.001,0.001
125,768,,TGO,TG,768,4,Country/Area,914,Togo,2,Medium,1972,1972,98,98,1,0,0,0
125,768,,TGO,TG,768,4,Country/Area,914,Togo,2,Medium,1972,1972,99,99,1,0,0,0
125,768,,TGO,TG,768,4,Country/Area,914,Togo,2,Medium,1972,1972,100+,100,-1,0,0,0
125,768,,TGO,TG,768,4,Country/Area,914,Togo,2,Medium,1973,1973,0,0,1,54.073,53.492,107.565
125,768,,TGO,TG,768,4,Country/Area,914,Togo,2,Medium,1973,1973,1,1,1,48.788,48.627,97.415
125,768,,TGO,TG,768,4,Country/Area,914,Togo,2,Medium,1973,1973,2,2,1,45.209,45.246,90.456
125,768,,TGO,TG,768,4,Country/Area,914,Togo,2,Medium,1973,1973,3,3,1,42.486,42.633,85.119
125,768,,TGO,TG,768,4,Country/Area,914,Togo,2,Medium,1973,1973,4,4,1,40.287,40.494,80.781
125,768,,TGO,TG,768,4,Country/Area,914,Togo,2,Medium,1973,1973,5,5,1,38.456,38.699,77.155
125,768,,TGO,TG,768,4,Country/Area,914,Togo,2,Medium,1973,1973,6,6,1,36.947,37.217,74.163
125,768,,TGO,TG,768,4,Country/Area,914,Togo,2,Medium,1973,1973,7,7,1,35.529,35.818,71.347
125,768,,TGO,TG,768,4,Country/Area,914,Togo,2,Medium,1973,1973,8,8,1,34.153,34.46,68.612
125,768,,TGO,TG,768,4,Country/Area,914,Togo,2,Medium,1973,1973,9,9,1,32.874,33.194,66.067
125,768,,TGO,TG,768,4,Country/Area,914,Togo,2,Medium,1973,1973,10,10,1,31.634,31.957,63.591
125,768,,TGO,TG,768,4,Country/Area,914,Togo,2,Medium,1973,1973,11,11,1,30.427,30.753,61.181
125,768,,TGO,TG,768,4,Country/Area,914,Togo,2,Medium,1973,1973,12,12,1,29.326,29.653,58.978
125,768,,TGO,TG,768,4,Country/Area,914,Togo,2,Medium,1973,1973,13,13,1,28.32,28.639,56.959
125,768,,TGO,TG,768,4,Country/Area,914,Togo,2,Medium,1973,1973,14,14,1,27.367,27.669,55.036
125,768,,TGO,TG,768,4,Country/Area,914,Togo,2,Medium,1973,1973,15,15,1,26.474,26.761,53.235
125,768,,TGO,TG,768,4,Country/Area,914,Togo,2,Medium,1973,1973,16,16,1,25.633,25.901,51.534
125,768,,TGO,TG,768,4,Country/Area,914,Togo,2,Medium,1973,1973,17,17,1,24.799,25.055,49.855
125,768,,TGO,TG,768,4,Country/Area,914,Togo,2,Medium,1973,1973,18,18,1,24.014,24.261,48.275
125,768,,TGO,TG,768,4,Country/Area,914,Togo,2,Medium,1973,1973,19,19,1,23.277,23.52,46.797
125,768,,TGO,TG,768,4,Country/Area,914,Togo,2,Medium,1973,1973,20,20,1,22.544,22.793,45.337
125,768,,TGO,TG,768,4,Country/Area,914,Togo,2,Medium,1973,1973,21,21,1,21.802,22.065,43.867
125,768,,TGO,TG,768,4,Country/Area,914,Togo,2,Medium,1973,1973,22,22,1,21.078,21.36,42.437
125,768,,TGO,TG,768,4,Country/Area,914,Togo,2,Medium,1973,1973,23,23,1,20.018,20.27,40.288
125,768,,TGO,TG,768,4,Country/Area,914,Togo,2,Medium,1973,1973,24,24,1,19.134,19.357,38.49
125,768,,TGO,TG,768,4,Country/Area,914,Togo,2,Medium,1973,1973,25,25,1,18.655,18.915,37.569
125,768,,TGO,TG,768,4,Country/Area,914,Togo,2,Medium,1973,1973,26,26,1,17.998,18.312,36.31
125,768,,TGO,TG,768,4,Country/Area,914,Togo,2,Medium,1973,1973,27,27,1,17.183,17.447,34.63
125,768,,TGO,TG,768,4,Country/Area,914,Togo,2,Medium,1973,1973,28,28,1,16.384,16.561,32.945
125,768,,TGO,TG,768,4,Country/Area,914,Togo,2,Medium,1973,1973,29,29,1,15.711,15.89,31.602
125,768,,TGO,TG,768,4,Country/Area,914,Togo,2,Medium,1973,1973,30,30,1,15.051,15.256,30.307
125,768,,TGO,TG,768,4,Country/Area,914,Togo,2,Medium,1973,1973,31,31,1,14.436,14.681,29.117
125,768,,TGO,TG,768,4,Country/Area,914,Togo,2,Medium,1973,1973,32,32,1,13.886,14.176,28.062
125,768,,TGO,TG,768,4,Country/Area,914,Togo,2,Medium,1973,1973,33,33,1,13.399,13.739,27.139
125,768,,TGO,TG,768,4,Country/Area,914,Togo,2,Medium,1973,1973,34,34,1,12.966,13.375,26.34
125,768,,TGO,TG,768,4,Country/Area,914,Togo,2,Medium,1973,1973,35,35,1,12.553,13.017,25.569
125,768,,TGO,TG,768,4,Country/Area,914,Togo,2,Medium,1973,1973,36,36,1,12.135,12.601,24.736
125,768,,TGO,TG,768,4,Country/Area,914,Togo,2,Medium,1973,1973,37,37,1,11.721,12.161,23.881
125,768,,TGO,TG,768,4,Country/Area,914,Togo,2,Medium,1973,1973,38,38,1,11.344,11.765,23.109
125,768,,TGO,TG,768,4,Country/Area,914,Togo,2,Medium,1973,1973,39,39,1,11.008,11.422,22.43
125,768,,TGO,TG,768,4,Country/Area,914,Togo,2,Medium,1973,1973,40,40,1,10.674,11.084,21.757
125,768,,TGO,TG,768,4,Country/Area,914,Togo,2,Medium,1973,1973,41,41,1,10.323,10.742,21.066
125,768,,TGO,TG,768,4,Country/Area,914,Togo,2,Medium,1973,1973,42,42,1,9.966,10.405,20.37
125,768,,TGO,TG,768,4,Country/Area,914,Togo,2,Medium,1973,1973,43,43,1,9.626,10.082,19.708
125,768,,TGO,TG,768,4,Country/Area,914,Togo,2,Medium,1973,1973,44,44,1,9.31,9.777,19.087
125,768,,TGO,TG,768,4,Country/Area,914,Togo,2,Medium,1973,1973,45,45,1,8.999,9.479,18.479
125,768,,TGO,TG,768,4,Country/Area,914,Togo,2,Medium,1973,1973,46,46,1,8.691,9.19,17.881
125,768,,TGO,TG,768,4,Country/Area,914,Togo,2,Medium,1973,1973,47,47,1,8.383,8.908,17.291
125,768,,TGO,TG,768,4,Country/Area,914,Togo,2,Medium,1973,1973,48,48,1,8.081,8.633,16.714
125,768,,TGO,TG,768,4,Country/Area,914,Togo,2,Medium,1973,1973,49,49,1,7.779,8.364,16.142
125,768,,TGO,TG,768,4,Country/Area,914,Togo,2,Medium,1973,1973,50,50,1,7.485,8.098,15.584
125,768,,TGO,TG,768,4,Country/Area,914,Togo,2,Medium,1973,1973,51,51,1,7.214,7.837,15.05
125,768,,TGO,TG,768,4,Country/Area,914,Togo,2,Medium,1973,1973,52,52,1,6.957,7.579,14.536
125,768,,TGO,TG,768,4,Country/Area,914,Togo,2,Medium,1973,1973,53,53,1,6.699,7.323,14.022
125,768,,TGO,TG,768,4,Country/Area,914,Togo,2,Medium,1973,1973,54,54,1,6.441,7.064,13.505
125,768,,TGO,TG,768,4,Country/Area,914,Togo,2,Medium,1973,1973,55,55,1,6.184,6.817,13.001
125,768,,TGO,TG,768,4,Country/Area,914,Togo,2,Medium,1973,1973,56,56,1,5.919,6.595,12.514
125,768,,TGO,TG,768,4,Country/Area,914,Togo,2,Medium,1973,1973,57,57,1,5.649,6.384,12.034
125,768,,TGO,TG,768,4,Country/Area,914,Togo,2,Medium,1973,1973,58,58,1,5.384,6.168,11.553
125,768,,TGO,TG,768,4,Country/Area,914,Togo,2,Medium,1973,1973,59,59,1,5.12,5.952,11.073
125,768,,TGO,TG,768,4,Country/Area,914,Togo,2,Medium,1973,1973,60,60,1,4.853,5.715,10.568
125,768,,TGO,TG,768,4,Country/Area,914,Togo,2,Medium,1973,1973,61,61,1,4.574,5.431,10.004
125,768,,TGO,TG,768,4,Country/Area,914,Togo,2,Medium,1973,1973,62,62,1,4.292,5.114,9.406
125,768,,TGO,TG,768,4,Country/Area,914,Togo,2,Medium,1973,1973,63,63,1,4.016,4.805,8.82
125,768,,TGO,TG,768,4,Country/Area,914,Togo,2,Medium,1973,1973,64,64,1,3.744,4.502,8.246
125,768,,TGO,TG,768,4,Country/Area,914,Togo,2,Medium,1973,1973,65,65,1,3.481,4.201,7.681
125,768,,TGO,TG,768,4,Country/Area,914,Togo,2,Medium,1973,1973,66,66,1,3.226,3.918,7.144
125,768,,TGO,TG,768,4,Country/Area,914,Togo,2,Medium,1973,1973,67,67,1,2.981,3.646,6.627
125,768,,TGO,TG,768,4,Country/Area,914,Togo,2,Medium,1973,1973,68,68,1,2.74,3.376,6.115
125,768,,TGO,TG,768,4,Country/Area,914,Togo,2,Medium,1973,1973,69,69,1,2.506,3.104,5.611
125,768,,TGO,TG,768,4,Country/Area,914,Togo,2,Medium,1973,1973,70,70,1,2.281,2.844,5.125
125,768,,TGO,TG,768,4,Country/Area,914,Togo,2,Medium,1973,1973,71,71,1,2.068,2.596,4.665
125,768,,TGO,TG,768,4,Country/Area,914,Togo,2,Medium,1973,1973,72,72,1,1.865,2.361,4.225
125,768,,TGO,TG,768,4,Country/Area,914,Togo,2,Medium,1973,1973,73,73,1,1.669,2.13,3.799
125,768,,TGO,TG,768,4,Country/Area,914,Togo,2,Medium,1973,1973,74,74,1,1.482,1.906,3.388
125,768,,TGO,TG,768,4,Country/Area,914,Togo,2,Medium,1973,1973,75,75,1,1.306,1.693,2.999
125,768,,TGO,TG,768,4,Country/Area,914,Togo,2,Medium,1973,1973,76,76,1,1.138,1.492,2.63
125,768,,TGO,TG,768,4,Country/Area,914,Togo,2,Medium,1973,1973,77,77,1,0.982,1.302,2.283
125,768,,TGO,TG,768,4,Country/Area,914,Togo,2,Medium,1973,1973,78,78,1,0.837,1.121,1.958
125,768,,TGO,TG,768,4,Country/Area,914,Togo,2,Medium,1973,1973,79,79,1,0.705,0.952,1.657
125,768,,TGO,TG,768,4,Country/Area,914,Togo,2,Medium,1973,1973,80,80,1,0.588,0.794,1.381
125,768,,TGO,TG,768,4,Country/Area,914,Togo,2,Medium,1973,1973,81,81,1,0.487,0.652,1.139
125,768,,TGO,TG,768,4,Country/Area,914,Togo,2,Medium,1973,1973,82,82,1,0.4,0.525,0.925
125,768,,TGO,TG,768,4,Country/Area,914,Togo,2,Medium,1973,1973,83,83,1,0.321,0.415,0.736
125,768,,TGO,TG,768,4,Country/Area,914,Togo,2,Medium,1973,1973,84,84,1,0.251,0.323,0.574
125,768,,TGO,TG,768,4,Country/Area,914,Togo,2,Medium,1973,1973,85,85,1,0.19,0.246,0.435
125,768,,TGO,TG,768,4,Country/Area,914,Togo,2,Medium,1973,1973,86,86,1,0.137,0.182,0.319
125,768,,TGO,TG,768,4,Country/Area,914,Togo,2,Medium,1973,1973,87,87,1,0.095,0.131,0.226
125,768,,TGO,TG,768,4,Country/Area,914,Togo,2,Medium,1973,1973,88,88,1,0.063,0.091,0.154
125,768,,TGO,TG,768,4,Country/Area,914,Togo,2,Medium,1973,1973,89,89,1,0.041,0.061,0.102
125,768,,TGO,TG,768,4,Country/Area,914,Togo,2,Medium,1973,1973,90,90,1,0.026,0.039,0.065
125,768,,TGO,TG,768,4,Country/Area,914,Togo,2,Medium,1973,1973,91,91,1,0.016,0.025,0.04
125,768,,TGO,TG,768,4,Country/Area,914,Togo,2,Medium,1973,1973,92,92,1,0.009,0.015,0.024
125,768,,TGO,TG,768,4,Country/Area,914,Togo,2,Medium,1973,1973,93,93,1,0.005,0.008,0.013
125,768,,TGO,TG,768,4,Country/Area,914,Togo,2,Medium,1973,1973,94,94,1,0.003,0.005,0.008
125,768,,TGO,TG,768,4,Country/Area,914,Togo,2,Medium,1973,1973,95,95,1,0.001,0.003,0.004
125,768,,TGO,TG,768,4,Country/Area,914,Togo,2,Medium,1973,1973,96,96,1,0.001,0.001,0.002
125,768,,TGO,TG,768,4,Country/Area,914,Togo,2,Medium,1973,1973,97,97,1,0,0.001,0.001
125,768,,TGO,TG,768,4,Country/Area,914,Togo,2,Medium,1973,1973,98,98,1,0,0,0
125,768,,TGO,TG,768,4,Country/Area,914,Togo,2,Medium,1973,1973,99,99,1,0,0,0
125,768,,TGO,TG,768,4,Country/Area,914,Togo,2,Medium,1973,1973,100+,100,-1,0,0,0
125,768,,TGO,TG,768,4,Country/Area,914,Togo,2,Medium,1974,1974,0,0,1,55.451,54.806,110.257
125,768,,TGO,TG,768,4,Country/Area,914,Togo,2,Medium,1974,1974,1,1,1,50.103,49.898,100.001
125,768,,TGO,TG,768,4,Country/Area,914,Togo,2,Medium,1974,1974,2,2,1,46.559,46.562,93.12
125,768,,TGO,TG,768,4,Country/Area,914,Togo,2,Medium,1974,1974,3,3,1,43.822,43.933,87.754
125,768,,TGO,TG,768,4,Country/Area,914,Togo,2,Medium,1974,1974,4,4,1,41.573,41.754,83.326
125,768,,TGO,TG,768,4,Country/Area,914,Togo,2,Medium,1974,1974,5,5,1,39.647,39.867,79.514
125,768,,TGO,TG,768,4,Country/Area,914,Togo,2,Medium,1974,1974,6,6,1,37.974,38.222,76.196
125,768,,TGO,TG,768,4,Country/Area,914,Togo,2,Medium,1974,1974,7,7,1,36.559,36.83,73.388
125,768,,TGO,TG,768,4,Country/Area,914,Togo,2,Medium,1974,1974,8,8,1,35.2,35.487,70.687
125,768,,TGO,TG,768,4,Country/Area,914,Togo,2,Medium,1974,1974,9,9,1,33.86,34.166,68.026
125,768,,TGO,TG,768,4,Country/Area,914,Togo,2,Medium,1974,1974,10,10,1,32.605,32.923,65.529
125,768,,TGO,TG,768,4,Country/Area,914,Togo,2,Medium,1974,1974,11,11,1,31.382,31.703,63.085
125,768,,TGO,TG,768,4,Country/Area,914,Togo,2,Medium,1974,1974,12,12,1,30.186,30.509,60.696
125,768,,TGO,TG,768,4,Country/Area,914,Togo,2,Medium,1974,1974,13,13,1,29.092,29.414,58.506
125,768,,TGO,TG,768,4,Country/Area,914,Togo,2,Medium,1974,1974,14,14,1,28.09,28.401,56.492
125,768,,TGO,TG,768,4,Country/Area,914,Togo,2,Medium,1974,1974,15,15,1,27.137,27.433,54.57
125,768,,TGO,TG,768,4,Country/Area,914,Togo,2,Medium,1974,1974,16,16,1,26.243,26.522,52.765
125,768,,TGO,TG,768,4,Country/Area,914,Togo,2,Medium,1974,1974,17,17,1,25.396,25.662,51.058
125,768,,TGO,TG,768,4,Country/Area,914,Togo,2,Medium,1974,1974,18,18,1,24.558,24.814,49.373
125,768,,TGO,TG,768,4,Country/Area,914,Togo,2,Medium,1974,1974,19,19,1,23.766,24.019,47.785
125,768,,TGO,TG,768,4,Country/Area,914,Togo,2,Medium,1974,1974,20,20,1,23.023,23.281,46.304
125,768,,TGO,TG,768,4,Country/Area,914,Togo,2,Medium,1974,1974,21,21,1,22.287,22.556,44.843
125,768,,TGO,TG,768,4,Country/Area,914,Togo,2,Medium,1974,1974,22,22,1,21.544,21.833,43.377
125,768,,TGO,TG,768,4,Country/Area,914,Togo,2,Medium,1974,1974,23,23,1,20.825,21.134,41.959
125,768,,TGO,TG,768,4,Country/Area,914,Togo,2,Medium,1974,1974,24,24,1,19.776,20.052,39.828
125,768,,TGO,TG,768,4,Country/Area,914,Togo,2,Medium,1974,1974,25,25,1,18.903,19.144,38.047
125,768,,TGO,TG,768,4,Country/Area,914,Togo,2,Medium,1974,1974,26,26,1,18.433,18.706,37.139
125,768,,TGO,TG,768,4,Country/Area,914,Togo,2,Medium,1974,1974,27,27,1,17.788,18.109,35.897
125,768,,TGO,TG,768,4,Country/Area,914,Togo,2,Medium,1974,1974,28,28,1,16.983,17.253,34.236
125,768,,TGO,TG,768,4,Country/Area,914,Togo,2,Medium,1974,1974,29,29,1,16.192,16.375,32.568
125,768,,TGO,TG,768,4,Country/Area,914,Togo,2,Medium,1974,1974,30,30,1,15.526,15.71,31.236
125,768,,TGO,TG,768,4,Country/Area,914,Togo,2,Medium,1974,1974,31,31,1,14.871,15.083,29.954
125,768,,TGO,TG,768,4,Country/Area,914,Togo,2,Medium,1974,1974,32,32,1,14.261,14.515,28.776
125,768,,TGO,TG,768,4,Country/Area,914,Togo,2,Medium,1974,1974,33,33,1,13.715,14.013,27.728
125,768,,TGO,TG,768,4,Country/Area,914,Togo,2,Medium,1974,1974,34,34,1,13.232,13.581,26.813
125,768,,TGO,TG,768,4,Country/Area,914,Togo,2,Medium,1974,1974,35,35,1,12.802,13.219,26.02
125,768,,TGO,TG,768,4,Country/Area,914,Togo,2,Medium,1974,1974,36,36,1,12.393,12.863,25.255
125,768,,TGO,TG,768,4,Country/Area,914,Togo,2,Medium,1974,1974,37,37,1,11.977,12.45,24.428
125,768,,TGO,TG,768,4,Country/Area,914,Togo,2,Medium,1974,1974,38,38,1,11.566,12.013,23.579
125,768,,TGO,TG,768,4,Country/Area,914,Togo,2,Medium,1974,1974,39,39,1,11.19,11.62,22.81
125,768,,TGO,TG,768,4,Country/Area,914,Togo,2,Medium,1974,1974,40,40,1,10.853,11.28,22.133
125,768,,TGO,TG,768,4,Country/Area,914,Togo,2,Medium,1974,1974,41,41,1,10.52,10.944,21.464
125,768,,TGO,TG,768,4,Country/Area,914,Togo,2,Medium,1974,1974,42,42,1,10.17,10.605,20.776
125,768,,TGO,TG,768,4,Country/Area,914,Togo,2,Medium,1974,1974,43,43,1,9.813,10.272,20.084
125,768,,TGO,TG,768,4,Country/Area,914,Togo,2,Medium,1974,1974,44,44,1,9.475,9.953,19.427
125,768,,TGO,TG,768,4,Country/Area,914,Togo,2,Medium,1974,1974,45,45,1,9.159,9.649,18.808
125,768,,TGO,TG,768,4,Country/Area,914,Togo,2,Medium,1974,1974,46,46,1,8.851,9.354,18.206
125,768,,TGO,TG,768,4,Country/Area,914,Togo,2,Medium,1974,1974,47,47,1,8.543,9.066,17.608
125,768,,TGO,TG,768,4,Country/Area,914,Togo,2,Medium,1974,1974,48,48,1,8.236,8.784,17.02
125,768,,TGO,TG,768,4,Country/Area,914,Togo,2,Medium,1974,1974,49,49,1,7.933,8.509,16.442
125,768,,TGO,TG,768,4,Country/Area,914,Togo,2,Medium,1974,1974,50,50,1,7.629,8.239,15.867
125,768,,TGO,TG,768,4,Country/Area,914,Togo,2,Medium,1974,1974,51,51,1,7.335,7.971,15.306
125,768,,TGO,TG,768,4,Country/Area,914,Togo,2,Medium,1974,1974,52,52,1,7.061,7.708,14.77
125,768,,TGO,TG,768,4,Country/Area,914,Togo,2,Medium,1974,1974,53,53,1,6.803,7.449,14.252
125,768,,TGO,TG,768,4,Country/Area,914,Togo,2,Medium,1974,1974,54,54,1,6.543,7.192,13.736
125,768,,TGO,TG,768,4,Country/Area,914,Togo,2,Medium,1974,1974,55,55,1,6.285,6.933,13.217
125,768,,TGO,TG,768,4,Country/Area,914,Togo,2,Medium,1974,1974,56,56,1,6.026,6.684,12.71
125,768,,TGO,TG,768,4,Country/Area,914,Togo,2,Medium,1974,1974,57,57,1,5.76,6.459,12.219
125,768,,TGO,TG,768,4,Country/Area,914,Togo,2,Medium,1974,1974,58,58,1,5.489,6.245,11.733
125,768,,TGO,TG,768,4,Country/Area,914,Togo,2,Medium,1974,1974,59,59,1,5.219,6.024,11.243
125,768,,TGO,TG,768,4,Country/Area,914,Togo,2,Medium,1974,1974,60,60,1,4.954,5.801,10.754
125,768,,TGO,TG,768,4,Country/Area,914,Togo,2,Medium,1974,1974,61,61,1,4.681,5.558,10.239
125,768,,TGO,TG,768,4,Country/Area,914,Togo,2,Medium,1974,1974,62,62,1,4.402,5.266,9.668
125,768,,TGO,TG,768,4,Country/Area,914,Togo,2,Medium,1974,1974,63,63,1,4.118,4.947,9.066
125,768,,TGO,TG,768,4,Country/Area,914,Togo,2,Medium,1974,1974,64,64,1,3.841,4.634,8.475
125,768,,TGO,TG,768,4,Country/Area,914,Togo,2,Medium,1974,1974,65,65,1,3.571,4.329,7.9
125,768,,TGO,TG,768,4,Country/Area,914,Togo,2,Medium,1974,1974,66,66,1,3.307,4.027,7.335
125,768,,TGO,TG,768,4,Country/Area,914,Togo,2,Medium,1974,1974,67,67,1,3.054,3.741,6.795
125,768,,TGO,TG,768,4,Country/Area,914,Togo,2,Medium,1974,1974,68,68,1,2.809,3.468,6.277
125,768,,TGO,TG,768,4,Country/Area,914,Togo,2,Medium,1974,1974,69,69,1,2.569,3.195,5.763
125,768,,TGO,TG,768,4,Country/Area,914,Togo,2,Medium,1974,1974,70,70,1,2.335,2.922,5.256
125,768,,TGO,TG,768,4,Country/Area,914,Togo,2,Medium,1974,1974,71,71,1,2.111,2.659,4.769
125,768,,TGO,TG,768,4,Country/Area,914,Togo,2,Medium,1974,1974,72,72,1,1.899,2.41,4.309
125,768,,TGO,TG,768,4,Country/Area,914,Togo,2,Medium,1974,1974,73,73,1,1.698,2.174,3.871
125,768,,TGO,TG,768,4,Country/Area,914,Togo,2,Medium,1974,1974,74,74,1,1.505,1.945,3.45
125,768,,TGO,TG,768,4,Country/Area,914,Togo,2,Medium,1974,1974,75,75,1,1.323,1.724,3.047
125,768,,TGO,TG,768,4,Country/Area,914,Togo,2,Medium,1974,1974,76,76,1,1.153,1.517,2.67
125,768,,TGO,TG,768,4,Country/Area,914,Togo,2,Medium,1974,1974,77,77,1,0.993,1.322,2.315
125,768,,TGO,TG,768,4,Country/Area,914,Togo,2,Medium,1974,1974,78,78,1,0.846,1.139,1.984
125,768,,TGO,TG,768,4,Country/Area,914,Togo,2,Medium,1974,1974,79,79,1,0.712,0.967,1.678
125,768,,TGO,TG,768,4,Country/Area,914,Togo,2,Medium,1974,1974,80,80,1,0.59,0.807,1.397
125,768,,TGO,TG,768,4,Country/Area,914,Togo,2,Medium,1974,1974,81,81,1,0.483,0.663,1.145
125,768,,TGO,TG,768,4,Country/Area,914,Togo,2,Medium,1974,1974,82,82,1,0.393,0.534,0.927
125,768,,TGO,TG,768,4,Country/Area,914,Togo,2,Medium,1974,1974,83,83,1,0.315,0.422,0.737
125,768,,TGO,TG,768,4,Country/Area,914,Togo,2,Medium,1974,1974,84,84,1,0.246,0.328,0.574
125,768,,TGO,TG,768,4,Country/Area,914,Togo,2,Medium,1974,1974,85,85,1,0.187,0.25,0.437
125,768,,TGO,TG,768,4,Country/Area,914,Togo,2,Medium,1974,1974,86,86,1,0.138,0.186,0.324
125,768,,TGO,TG,768,4,Country/Area,914,Togo,2,Medium,1974,1974,87,87,1,0.096,0.135,0.23
125,768,,TGO,TG,768,4,Country/Area,914,Togo,2,Medium,1974,1974,88,88,1,0.064,0.094,0.157
125,768,,TGO,TG,768,4,Country/Area,914,Togo,2,Medium,1974,1974,89,89,1,0.042,0.063,0.105
125,768,,TGO,TG,768,4,Country/Area,914,Togo,2,Medium,1974,1974,90,90,1,0.026,0.041,0.067
125,768,,TGO,TG,768,4,Country/Area,914,Togo,2,Medium,1974,1974,91,91,1,0.016,0.026,0.042
125,768,,TGO,TG,768,4,Country/Area,914,Togo,2,Medium,1974,1974,92,92,1,0.009,0.015,0.024
125,768,,TGO,TG,768,4,Country/Area,914,Togo,2,Medium,1974,1974,93,93,1,0.005,0.009,0.014
125,768,,TGO,TG,768,4,Country/Area,914,Togo,2,Medium,1974,1974,94,94,1,0.003,0.005,0.008
125,768,,TGO,TG,768,4,Country/Area,914,Togo,2,Medium,1974,1974,95,95,1,0.001,0.003,0.004
125,768,,TGO,TG,768,4,Country/Area,914,Togo,2,Medium,1974,1974,96,96,1,0.001,0.001,0.002
125,768,,TGO,TG,768,4,Country/Area,914,Togo,2,Medium,1974,1974,97,97,1,0,0.001,0.001
125,768,,TGO,TG,768,4,Country/Area,914,Togo,2,Medium,1974,1974,98,98,1,0,0,0
125,768,,TGO,TG,768,4,Country/Area,914,Togo,2,Medium,1974,1974,99,99,1,0,0,0
125,768,,TGO,TG,768,4,Country/Area,914,Togo,2,Medium,1974,1974,100+,100,-1,0,0,0
125,768,,TGO,TG,768,4,Country/Area,914,Togo,2,Medium,1975,1975,0,0,1,56.764,56.059,112.823
125,768,,TGO,TG,768,4,Country/Area,914,Togo,2,Medium,1975,1975,1,1,1,51.428,51.15,102.579
125,768,,TGO,TG,768,4,Country/Area,914,Togo,2,Medium,1975,1975,2,2,1,47.848,47.795,95.643
125,768,,TGO,TG,768,4,Country/Area,914,Togo,2,Medium,1975,1975,3,3,1,45.127,45.205,90.332
125,768,,TGO,TG,768,4,Country/Area,914,Togo,2,Medium,1975,1975,4,4,1,42.861,43.008,85.87
125,768,,TGO,TG,768,4,Country/Area,914,Togo,2,Medium,1975,1975,5,5,1,40.886,41.083,81.969
125,768,,TGO,TG,768,4,Country/Area,914,Togo,2,Medium,1975,1975,6,6,1,39.12,39.349,78.47
125,768,,TGO,TG,768,4,Country/Area,914,Togo,2,Medium,1975,1975,7,7,1,37.544,37.795,75.339
125,768,,TGO,TG,768,4,Country/Area,914,Togo,2,Medium,1975,1975,8,8,1,36.188,36.46,72.648
125,768,,TGO,TG,768,4,Country/Area,914,Togo,2,Medium,1975,1975,9,9,1,34.867,35.156,70.022
125,768,,TGO,TG,768,4,Country/Area,914,Togo,2,Medium,1975,1975,10,10,1,33.554,33.859,67.413
125,768,,TGO,TG,768,4,Country/Area,914,Togo,2,Medium,1975,1975,11,11,1,32.318,32.634,64.952
125,768,,TGO,TG,768,4,Country/Area,914,Togo,2,Medium,1975,1975,12,12,1,31.107,31.425,62.532
125,768,,TGO,TG,768,4,Country/Area,914,Togo,2,Medium,1975,1975,13,13,1,29.921,30.238,60.159
125,768,,TGO,TG,768,4,Country/Area,914,Togo,2,Medium,1975,1975,14,14,1,28.831,29.147,57.977
125,768,,TGO,TG,768,4,Country/Area,914,Togo,2,Medium,1975,1975,15,15,1,27.83,28.136,55.965
125,768,,TGO,TG,768,4,Country/Area,914,Togo,2,Medium,1975,1975,16,16,1,26.877,27.166,54.043
125,768,,TGO,TG,768,4,Country/Area,914,Togo,2,Medium,1975,1975,17,17,1,25.979,26.255,52.233
125,768,,TGO,TG,768,4,Country/Area,914,Togo,2,Medium,1975,1975,18,18,1,25.128,25.395,50.523
125,768,,TGO,TG,768,4,Country/Area,914,Togo,2,Medium,1975,1975,19,19,1,24.284,24.548,48.832
125,768,,TGO,TG,768,4,Country/Area,914,Togo,2,Medium,1975,1975,20,20,1,23.486,23.756,47.242
125,768,,TGO,TG,768,4,Country/Area,914,Togo,2,Medium,1975,1975,21,21,1,22.741,23.02,45.761
125,768,,TGO,TG,768,4,Country/Area,914,Togo,2,Medium,1975,1975,22,22,1,22.004,22.302,44.306
125,768,,TGO,TG,768,4,Country/Area,914,Togo,2,Medium,1975,1975,23,23,1,21.267,21.584,42.85
125,768,,TGO,TG,768,4,Country/Area,914,Togo,2,Medium,1975,1975,24,24,1,20.558,20.892,41.45
125,768,,TGO,TG,768,4,Country/Area,914,Togo,2,Medium,1975,1975,25,25,1,19.524,19.819,39.343
125,768,,TGO,TG,768,4,Country/Area,914,Togo,2,Medium,1975,1975,26,26,1,18.662,18.917,37.578
125,768,,TGO,TG,768,4,Country/Area,914,Togo,2,Medium,1975,1975,27,27,1,18.203,18.483,36.685
125,768,,TGO,TG,768,4,Country/Area,914,Togo,2,Medium,1975,1975,28,28,1,17.566,17.893,35.459
125,768,,TGO,TG,768,4,Country/Area,914,Togo,2,Medium,1975,1975,29,29,1,16.771,17.047,33.819
125,768,,TGO,TG,768,4,Country/Area,914,Togo,2,Medium,1975,1975,30,30,1,15.988,16.178,32.166
125,768,,TGO,TG,768,4,Country/Area,914,Togo,2,Medium,1975,1975,31,31,1,15.328,15.521,30.849
125,768,,TGO,TG,768,4,Country/Area,914,Togo,2,Medium,1975,1975,32,32,1,14.678,14.9,29.579
125,768,,TGO,TG,768,4,Country/Area,914,Togo,2,Medium,1975,1975,33,33,1,14.073,14.338,28.41
125,768,,TGO,TG,768,4,Country/Area,914,Togo,2,Medium,1975,1975,34,34,1,13.532,13.841,27.372
125,768,,TGO,TG,768,4,Country/Area,914,Togo,2,Medium,1975,1975,35,35,1,13.054,13.412,26.465
125,768,,TGO,TG,768,4,Country/Area,914,Togo,2,Medium,1975,1975,36,36,1,12.627,13.052,25.679
125,768,,TGO,TG,768,4,Country/Area,914,Togo,2,Medium,1975,1975,37,37,1,12.222,12.698,24.92
125,768,,TGO,TG,768,4,Country/Area,914,Togo,2,Medium,1975,1975,38,38,1,11.809,12.29,24.1
125,768,,TGO,TG,768,4,Country/Area,914,Togo,2,Medium,1975,1975,39,39,1,11.399,11.856,23.256
125,768,,TGO,TG,768,4,Country/Area,914,Togo,2,Medium,1975,1975,40,40,1,11.024,11.466,22.49
125,768,,TGO,TG,768,4,Country/Area,914,Togo,2,Medium,1975,1975,41,41,1,10.688,11.129,21.817
125,768,,TGO,TG,768,4,Country/Area,914,Togo,2,Medium,1975,1975,42,42,1,10.355,10.797,21.151
125,768,,TGO,TG,768,4,Country/Area,914,Togo,2,Medium,1975,1975,43,43,1,10.006,10.462,20.468
125,768,,TGO,TG,768,4,Country/Area,914,Togo,2,Medium,1975,1975,44,44,1,9.65,10.132,19.782
125,768,,TGO,TG,768,4,Country/Area,914,Togo,2,Medium,1975,1975,45,45,1,9.314,9.816,19.13
125,768,,TGO,TG,768,4,Country/Area,914,Togo,2,Medium,1975,1975,46,46,1,9.001,9.515,18.515
125,768,,TGO,TG,768,4,Country/Area,914,Togo,2,Medium,1975,1975,47,47,1,8.693,9.221,17.913
125,768,,TGO,TG,768,4,Country/Area,914,Togo,2,Medium,1975,1975,48,48,1,8.385,8.933,17.318
125,768,,TGO,TG,768,4,Country/Area,914,Togo,2,Medium,1975,1975,49,49,1,8.078,8.652,16.73
125,768,,TGO,TG,768,4,Country/Area,914,Togo,2,Medium,1975,1975,50,50,1,7.774,8.375,16.149
125,768,,TGO,TG,768,4,Country/Area,914,Togo,2,Medium,1975,1975,51,51,1,7.47,8.102,15.572
125,768,,TGO,TG,768,4,Country/Area,914,Togo,2,Medium,1975,1975,52,52,1,7.173,7.835,15.008
125,768,,TGO,TG,768,4,Country/Area,914,Togo,2,Medium,1975,1975,53,53,1,6.899,7.571,14.47
125,768,,TGO,TG,768,4,Country/Area,914,Togo,2,Medium,1975,1975,54,54,1,6.64,7.311,13.95
125,768,,TGO,TG,768,4,Country/Area,914,Togo,2,Medium,1975,1975,55,55,1,6.379,7.053,13.432
125,768,,TGO,TG,768,4,Country/Area,914,Togo,2,Medium,1975,1975,56,56,1,6.119,6.793,12.911
125,768,,TGO,TG,768,4,Country/Area,914,Togo,2,Medium,1975,1975,57,57,1,5.859,6.542,12.401
125,768,,TGO,TG,768,4,Country/Area,914,Togo,2,Medium,1975,1975,58,58,1,5.59,6.314,11.904
125,768,,TGO,TG,768,4,Country/Area,914,Togo,2,Medium,1975,1975,59,59,1,5.316,6.094,11.411
125,768,,TGO,TG,768,4,Country/Area,914,Togo,2,Medium,1975,1975,60,60,1,5.045,5.867,10.912
125,768,,TGO,TG,768,4,Country/Area,914,Togo,2,Medium,1975,1975,61,61,1,4.776,5.637,10.413
125,768,,TGO,TG,768,4,Country/Area,914,Togo,2,Medium,1975,1975,62,62,1,4.502,5.386,9.889
125,768,,TGO,TG,768,4,Country/Area,914,Togo,2,Medium,1975,1975,63,63,1,4.22,5.092,9.312
125,768,,TGO,TG,768,4,Country/Area,914,Togo,2,Medium,1975,1975,64,64,1,3.937,4.769,8.706
125,768,,TGO,TG,768,4,Country/Area,914,Togo,2,Medium,1975,1975,65,65,1,3.66,4.454,8.114
125,768,,TGO,TG,768,4,Country/Area,914,Togo,2,Medium,1975,1975,66,66,1,3.391,4.149,7.54
125,768,,TGO,TG,768,4,Country/Area,914,Togo,2,Medium,1975,1975,67,67,1,3.128,3.845,6.973
125,768,,TGO,TG,768,4,Country/Area,914,Togo,2,Medium,1975,1975,68,68,1,2.876,3.558,6.434
125,768,,TGO,TG,768,4,Country/Area,914,Togo,2,Medium,1975,1975,69,69,1,2.632,3.281,5.912
125,768,,TGO,TG,768,4,Country/Area,914,Togo,2,Medium,1975,1975,70,70,1,2.393,3.006,5.398
125,768,,TGO,TG,768,4,Country/Area,914,Togo,2,Medium,1975,1975,71,71,1,2.16,2.731,4.891
125,768,,TGO,TG,768,4,Country/Area,914,Togo,2,Medium,1975,1975,72,72,1,1.938,2.467,4.405
125,768,,TGO,TG,768,4,Country/Area,914,Togo,2,Medium,1975,1975,73,73,1,1.728,2.219,3.947
125,768,,TGO,TG,768,4,Country/Area,914,Togo,2,Medium,1975,1975,74,74,1,1.53,1.986,3.515
125,768,,TGO,TG,768,4,Country/Area,914,Togo,2,Medium,1975,1975,75,75,1,1.343,1.76,3.103
125,768,,TGO,TG,768,4,Country/Area,914,Togo,2,Medium,1975,1975,76,76,1,1.168,1.546,2.713
125,768,,TGO,TG,768,4,Country/Area,914,Togo,2,Medium,1975,1975,77,77,1,1.005,1.345,2.349
125,768,,TGO,TG,768,4,Country/Area,914,Togo,2,Medium,1975,1975,78,78,1,0.855,1.157,2.011
125,768,,TGO,TG,768,4,Country/Area,914,Togo,2,Medium,1975,1975,79,79,1,0.719,0.982,1.7
125,768,,TGO,TG,768,4,Country/Area,914,Togo,2,Medium,1975,1975,80,80,1,0.595,0.821,1.416
125,768,,TGO,TG,768,4,Country/Area,914,Togo,2,Medium,1975,1975,81,81,1,0.485,0.674,1.159
125,768,,TGO,TG,768,4,Country/Area,914,Togo,2,Medium,1975,1975,82,82,1,0.389,0.543,0.932
125,768,,TGO,TG,768,4,Country/Area,914,Togo,2,Medium,1975,1975,83,83,1,0.31,0.43,0.739
125,768,,TGO,TG,768,4,Country/Area,914,Togo,2,Medium,1975,1975,84,84,1,0.242,0.333,0.575
125,768,,TGO,TG,768,4,Country/Area,914,Togo,2,Medium,1975,1975,85,85,1,0.184,0.253,0.437
125,768,,TGO,TG,768,4,Country/Area,914,Togo,2,Medium,1975,1975,86,86,1,0.135,0.189,0.324
125,768,,TGO,TG,768,4,Country/Area,914,Togo,2,Medium,1975,1975,87,87,1,0.096,0.138,0.234
125,768,,TGO,TG,768,4,Country/Area,914,Togo,2,Medium,1975,1975,88,88,1,0.065,0.097,0.161
125,768,,TGO,TG,768,4,Country/Area,914,Togo,2,Medium,1975,1975,89,89,1,0.042,0.065,0.107
125,768,,TGO,TG,768,4,Country/Area,914,Togo,2,Medium,1975,1975,90,90,1,0.026,0.043,0.069
125,768,,TGO,TG,768,4,Country/Area,914,Togo,2,Medium,1975,1975,91,91,1,0.016,0.027,0.043
125,768,,TGO,TG,768,4,Country/Area,914,Togo,2,Medium,1975,1975,92,92,1,0.009,0.016,0.025
125,768,,TGO,TG,768,4,Country/Area,914,Togo,2,Medium,1975,1975,93,93,1,0.005,0.009,0.014
125,768,,TGO,TG,768,4,Country/Area,914,Togo,2,Medium,1975,1975,94,94,1,0.003,0.005,0.008
125,768,,TGO,TG,768,4,Country/Area,914,Togo,2,Medium,1975,1975,95,95,1,0.002,0.003,0.005
125,768,,TGO,TG,768,4,Country/Area,914,Togo,2,Medium,1975,1975,96,96,1,0.001,0.001,0.002
125,768,,TGO,TG,768,4,Country/Area,914,Togo,2,Medium,1975,1975,97,97,1,0,0.001,0.001
125,768,,TGO,TG,768,4,Country/Area,914,Togo,2,Medium,1975,1975,98,98,1,0,0,0
125,768,,TGO,TG,768,4,Country/Area,914,Togo,2,Medium,1975,1975,99,99,1,0,0,0
125,768,,TGO,TG,768,4,Country/Area,914,Togo,2,Medium,1975,1975,100+,100,-1,0,0,0
125,768,,TGO,TG,768,4,Country/Area,914,Togo,2,Medium,1976,1976,0,0,1,58.029,57.27,115.298
125,768,,TGO,TG,768,4,Country/Area,914,Togo,2,Medium,1976,1976,1,1,1,52.707,52.361,105.068
125,768,,TGO,TG,768,4,Country/Area,914,Togo,2,Medium,1976,1976,2,2,1,49.16,49.026,98.186
125,768,,TGO,TG,768,4,Country/Area,914,Togo,2,Medium,1976,1976,3,3,1,46.388,46.406,92.793
125,768,,TGO,TG,768,4,Country/Area,914,Togo,2,Medium,1976,1976,4,4,1,44.13,44.243,88.374
125,768,,TGO,TG,768,4,Country/Area,914,Togo,2,Medium,1976,1976,5,5,1,42.136,42.301,84.438
125,768,,TGO,TG,768,4,Country/Area,914,Togo,2,Medium,1976,1976,6,6,1,40.322,40.529,80.852
125,768,,TGO,TG,768,4,Country/Area,914,Togo,2,Medium,1976,1976,7,7,1,38.656,38.89,77.546
125,768,,TGO,TG,768,4,Country/Area,914,Togo,2,Medium,1976,1976,8,8,1,37.14,37.394,74.534
125,768,,TGO,TG,768,4,Country/Area,914,Togo,2,Medium,1976,1976,9,9,1,35.824,36.097,71.921
125,768,,TGO,TG,768,4,Country/Area,914,Togo,2,Medium,1976,1976,10,10,1,34.531,34.819,69.35
125,768,,TGO,TG,768,4,Country/Area,914,Togo,2,Medium,1976,1976,11,11,1,33.237,33.541,66.778
125,768,,TGO,TG,768,4,Country/Area,914,Togo,2,Medium,1976,1976,12,12,1,32.014,32.328,64.343
125,768,,TGO,TG,768,4,Country/Area,914,Togo,2,Medium,1976,1976,13,13,1,30.814,31.128,61.941
125,768,,TGO,TG,768,4,Country/Area,914,Togo,2,Medium,1976,1976,14,14,1,29.633,29.947,59.58
125,768,,TGO,TG,768,4,Country/Area,914,Togo,2,Medium,1976,1976,15,15,1,28.546,28.857,57.403
125,768,,TGO,TG,768,4,Country/Area,914,Togo,2,Medium,1976,1976,16,16,1,27.546,27.846,55.392
125,768,,TGO,TG,768,4,Country/Area,914,Togo,2,Medium,1976,1976,17,17,1,26.59,26.877,53.467
125,768,,TGO,TG,768,4,Country/Area,914,Togo,2,Medium,1976,1976,18,18,1,25.689,25.966,51.655
125,768,,TGO,TG,768,4,Country/Area,914,Togo,2,Medium,1976,1976,19,19,1,24.833,25.108,49.941
125,768,,TGO,TG,768,4,Country/Area,914,Togo,2,Medium,1976,1976,20,20,1,23.985,24.265,48.249
125,768,,TGO,TG,768,4,Country/Area,914,Togo,2,Medium,1976,1976,21,21,1,23.184,23.477,46.661
125,768,,TGO,TG,768,4,Country/Area,914,Togo,2,Medium,1976,1976,22,22,1,22.44,22.748,45.188
125,768,,TGO,TG,768,4,Country/Area,914,Togo,2,Medium,1976,1976,23,23,1,21.709,22.035,43.743
125,768,,TGO,TG,768,4,Country/Area,914,Togo,2,Medium,1976,1976,24,24,1,20.98,21.322,42.301
125,768,,TGO,TG,768,4,Country/Area,914,Togo,2,Medium,1976,1976,25,25,1,20.284,20.639,40.922
125,768,,TGO,TG,768,4,Country/Area,914,Togo,2,Medium,1976,1976,26,26,1,19.267,19.576,38.843
125,768,,TGO,TG,768,4,Country/Area,914,Togo,2,Medium,1976,1976,27,27,1,18.416,18.68,37.096
125,768,,TGO,TG,768,4,Country/Area,914,Togo,2,Medium,1976,1976,28,28,1,17.964,18.251,36.215
125,768,,TGO,TG,768,4,Country/Area,914,Togo,2,Medium,1976,1976,29,29,1,17.337,17.67,35.008
125,768,,TGO,TG,768,4,Country/Area,914,Togo,2,Medium,1976,1976,30,30,1,16.551,16.834,33.385
125,768,,TGO,TG,768,4,Country/Area,914,Togo,2,Medium,1976,1976,31,31,1,15.775,15.975,31.75
125,768,,TGO,TG,768,4,Country/Area,914,Togo,2,Medium,1976,1976,32,32,1,15.121,15.325,30.445
125,768,,TGO,TG,768,4,Country/Area,914,Togo,2,Medium,1976,1976,33,33,1,14.477,14.71,29.188
125,768,,TGO,TG,768,4,Country/Area,914,Togo,2,Medium,1976,1976,34,34,1,13.878,14.153,28.031
125,768,,TGO,TG,768,4,Country/Area,914,Togo,2,Medium,1976,1976,35,35,1,13.342,13.661,27.003
125,768,,TGO,TG,768,4,Country/Area,914,Togo,2,Medium,1976,1976,36,36,1,12.869,13.235,26.104
125,768,,TGO,TG,768,4,Country/Area,914,Togo,2,Medium,1976,1976,37,37,1,12.447,12.877,25.324
125,768,,TGO,TG,768,4,Country/Area,914,Togo,2,Medium,1976,1976,38,38,1,12.043,12.528,24.571
125,768,,TGO,TG,768,4,Country/Area,914,Togo,2,Medium,1976,1976,39,39,1,11.633,12.123,23.756
125,768,,TGO,TG,768,4,Country/Area,914,Togo,2,Medium,1976,1976,40,40,1,11.225,11.693,22.918
125,768,,TGO,TG,768,4,Country/Area,914,Togo,2,Medium,1976,1976,41,41,1,10.85,11.306,22.157
125,768,,TGO,TG,768,4,Country/Area,914,Togo,2,Medium,1976,1976,42,42,1,10.515,10.973,21.488
125,768,,TGO,TG,768,4,Country/Area,914,Togo,2,Medium,1976,1976,43,43,1,10.182,10.645,20.827
125,768,,TGO,TG,768,4,Country/Area,914,Togo,2,Medium,1976,1976,44,44,1,9.835,10.313,20.148
125,768,,TGO,TG,768,4,Country/Area,914,Togo,2,Medium,1976,1976,45,45,1,9.482,9.986,19.468
125,768,,TGO,TG,768,4,Country/Area,914,Togo,2,Medium,1976,1976,46,46,1,9.146,9.673,18.82
125,768,,TGO,TG,768,4,Country/Area,914,Togo,2,Medium,1976,1976,47,47,1,8.835,9.373,18.208
125,768,,TGO,TG,768,4,Country/Area,914,Togo,2,Medium,1976,1976,48,48,1,8.527,9.081,17.608
125,768,,TGO,TG,768,4,Country/Area,914,Togo,2,Medium,1976,1976,49,49,1,8.22,8.793,17.013
125,768,,TGO,TG,768,4,Country/Area,914,Togo,2,Medium,1976,1976,50,50,1,7.912,8.511,16.422
125,768,,TGO,TG,768,4,Country/Area,914,Togo,2,Medium,1976,1976,51,51,1,7.608,8.232,15.841
125,768,,TGO,TG,768,4,Country/Area,914,Togo,2,Medium,1976,1976,52,52,1,7.303,7.96,15.262
125,768,,TGO,TG,768,4,Country/Area,914,Togo,2,Medium,1976,1976,53,53,1,7.005,7.691,14.696
125,768,,TGO,TG,768,4,Country/Area,914,Togo,2,Medium,1976,1976,54,54,1,6.731,7.426,14.156
125,768,,TGO,TG,768,4,Country/Area,914,Togo,2,Medium,1976,1976,55,55,1,6.469,7.165,13.634
125,768,,TGO,TG,768,4,Country/Area,914,Togo,2,Medium,1976,1976,56,56,1,6.208,6.907,13.115
125,768,,TGO,TG,768,4,Country/Area,914,Togo,2,Medium,1976,1976,57,57,1,5.946,6.646,12.591
125,768,,TGO,TG,768,4,Country/Area,914,Togo,2,Medium,1976,1976,58,58,1,5.684,6.392,12.076
125,768,,TGO,TG,768,4,Country/Area,914,Togo,2,Medium,1976,1976,59,59,1,5.414,6.159,11.572
125,768,,TGO,TG,768,4,Country/Area,914,Togo,2,Medium,1976,1976,60,60,1,5.137,5.933,11.07
125,768,,TGO,TG,768,4,Country/Area,914,Togo,2,Medium,1976,1976,61,61,1,4.862,5.699,10.561
125,768,,TGO,TG,768,4,Country/Area,914,Togo,2,Medium,1976,1976,62,62,1,4.59,5.461,10.052
125,768,,TGO,TG,768,4,Country/Area,914,Togo,2,Medium,1976,1976,63,63,1,4.315,5.205,9.521
125,768,,TGO,TG,768,4,Country/Area,914,Togo,2,Medium,1976,1976,64,64,1,4.033,4.907,8.94
125,768,,TGO,TG,768,4,Country/Area,914,Togo,2,Medium,1976,1976,65,65,1,3.75,4.582,8.332
125,768,,TGO,TG,768,4,Country/Area,914,Togo,2,Medium,1976,1976,66,66,1,3.475,4.267,7.742
125,768,,TGO,TG,768,4,Country/Area,914,Togo,2,Medium,1976,1976,67,67,1,3.207,3.959,7.167
125,768,,TGO,TG,768,4,Country/Area,914,Togo,2,Medium,1976,1976,68,68,1,2.946,3.656,6.601
125,768,,TGO,TG,768,4,Country/Area,914,Togo,2,Medium,1976,1976,69,69,1,2.694,3.365,6.059
125,768,,TGO,TG,768,4,Country/Area,914,Togo,2,Medium,1976,1976,70,70,1,2.45,3.087,5.537
125,768,,TGO,TG,768,4,Country/Area,914,Togo,2,Medium,1976,1976,71,71,1,2.213,2.809,5.022
125,768,,TGO,TG,768,4,Country/Area,914,Togo,2,Medium,1976,1976,72,72,1,1.982,2.534,4.516
125,768,,TGO,TG,768,4,Country/Area,914,Togo,2,Medium,1976,1976,73,73,1,1.764,2.272,4.035
125,768,,TGO,TG,768,4,Country/Area,914,Togo,2,Medium,1976,1976,74,74,1,1.558,2.027,3.584
125,768,,TGO,TG,768,4,Country/Area,914,Togo,2,Medium,1976,1976,75,75,1,1.365,1.797,3.163
125,768,,TGO,TG,768,4,Country/Area,914,Togo,2,Medium,1976,1976,76,76,1,1.186,1.578,2.764
125,768,,TGO,TG,768,4,Country/Area,914,Togo,2,Medium,1976,1976,77,77,1,1.018,1.37,2.389
125,768,,TGO,TG,768,4,Country/Area,914,Togo,2,Medium,1976,1976,78,78,1,0.866,1.177,2.042
125,768,,TGO,TG,768,4,Country/Area,914,Togo,2,Medium,1976,1976,79,79,1,0.727,0.999,1.725
125,768,,TGO,TG,768,4,Country/Area,914,Togo,2,Medium,1976,1976,80,80,1,0.601,0.834,1.435
125,768,,TGO,TG,768,4,Country/Area,914,Togo,2,Medium,1976,1976,81,81,1,0.49,0.685,1.175
125,768,,TGO,TG,768,4,Country/Area,914,Togo,2,Medium,1976,1976,82,82,1,0.391,0.552,0.943
125,768,,TGO,TG,768,4,Country/Area,914,Togo,2,Medium,1976,1976,83,83,1,0.307,0.437,0.744
125,768,,TGO,TG,768,4,Country/Area,914,Togo,2,Medium,1976,1976,84,84,1,0.238,0.339,0.577
125,768,,TGO,TG,768,4,Country/Area,914,Togo,2,Medium,1976,1976,85,85,1,0.181,0.258,0.438
125,768,,TGO,TG,768,4,Country/Area,914,Togo,2,Medium,1976,1976,86,86,1,0.133,0.192,0.324
125,768,,TGO,TG,768,4,Country/Area,914,Togo,2,Medium,1976,1976,87,87,1,0.095,0.14,0.235
125,768,,TGO,TG,768,4,Country/Area,914,Togo,2,Medium,1976,1976,88,88,1,0.065,0.099,0.164
125,768,,TGO,TG,768,4,Country/Area,914,Togo,2,Medium,1976,1976,89,89,1,0.043,0.067,0.11
125,768,,TGO,TG,768,4,Country/Area,914,Togo,2,Medium,1976,1976,90,90,1,0.027,0.044,0.071
125,768,,TGO,TG,768,4,Country/Area,914,Togo,2,Medium,1976,1976,91,91,1,0.016,0.028,0.044
125,768,,TGO,TG,768,4,Country/Area,914,Togo,2,Medium,1976,1976,92,92,1,0.01,0.017,0.026
125,768,,TGO,TG,768,4,Country/Area,914,Togo,2,Medium,1976,1976,93,93,1,0.005,0.01,0.015
125,768,,TGO,TG,768,4,Country/Area,914,Togo,2,Medium,1976,1976,94,94,1,0.003,0.005,0.008
125,768,,TGO,TG,768,4,Country/Area,914,Togo,2,Medium,1976,1976,95,95,1,0.002,0.003,0.005
125,768,,TGO,TG,768,4,Country/Area,914,Togo,2,Medium,1976,1976,96,96,1,0.001,0.001,0.002
125,768,,TGO,TG,768,4,Country/Area,914,Togo,2,Medium,1976,1976,97,97,1,0,0.001,0.001
125,768,,TGO,TG,768,4,Country/Area,914,Togo,2,Medium,1976,1976,98,98,1,0,0,0
125,768,,TGO,TG,768,4,Country/Area,914,Togo,2,Medium,1976,1976,99,99,1,0,0,0
125,768,,TGO,TG,768,4,Country/Area,914,Togo,2,Medium,1976,1976,100+,100,-1,0,0,0
125,768,,TGO,TG,768,4,Country/Area,914,Togo,2,Medium,1977,1977,0,0,1,59.162,58.352,117.513
125,768,,TGO,TG,768,4,Country/Area,914,Togo,2,Medium,1977,1977,1,1,1,53.947,53.55,107.498
125,768,,TGO,TG,768,4,Country/Area,914,Togo,2,Medium,1977,1977,2,2,1,50.431,50.23,100.662
125,768,,TGO,TG,768,4,Country/Area,914,Togo,2,Medium,1977,1977,3,3,1,47.687,47.618,95.305
125,768,,TGO,TG,768,4,Country/Area,914,Togo,2,Medium,1977,1977,4,4,1,45.374,45.422,90.797
125,768,,TGO,TG,768,4,Country/Area,914,Togo,2,Medium,1977,1977,5,5,1,43.386,43.513,86.899
125,768,,TGO,TG,768,4,Country/Area,914,Togo,2,Medium,1977,1977,6,6,1,41.553,41.724,83.277
125,768,,TGO,TG,768,4,Country/Area,914,Togo,2,Medium,1977,1977,7,7,1,39.838,40.047,79.885
125,768,,TGO,TG,768,4,Country/Area,914,Togo,2,Medium,1977,1977,8,8,1,38.234,38.468,76.702
125,768,,TGO,TG,768,4,Country/Area,914,Togo,2,Medium,1977,1977,9,9,1,36.758,37.011,73.769
125,768,,TGO,TG,768,4,Country/Area,914,Togo,2,Medium,1977,1977,10,10,1,35.469,35.741,71.21
125,768,,TGO,TG,768,4,Country/Area,914,Togo,2,Medium,1977,1977,11,11,1,34.197,34.482,68.678
125,768,,TGO,TG,768,4,Country/Area,914,Togo,2,Medium,1977,1977,12,12,1,32.916,33.217,66.132
125,768,,TGO,TG,768,4,Country/Area,914,Togo,2,Medium,1977,1977,13,13,1,31.704,32.013,63.717
125,768,,TGO,TG,768,4,Country/Area,914,Togo,2,Medium,1977,1977,14,14,1,30.51,30.818,61.328
125,768,,TGO,TG,768,4,Country/Area,914,Togo,2,Medium,1977,1977,15,15,1,29.334,29.64,58.974
125,768,,TGO,TG,768,4,Country/Area,914,Togo,2,Medium,1977,1977,16,16,1,28.248,28.552,56.8
125,768,,TGO,TG,768,4,Country/Area,914,Togo,2,Medium,1977,1977,17,17,1,27.247,27.542,54.788
125,768,,TGO,TG,768,4,Country/Area,914,Togo,2,Medium,1977,1977,18,18,1,26.288,26.574,52.862
125,768,,TGO,TG,768,4,Country/Area,914,Togo,2,Medium,1977,1977,19,19,1,25.383,25.666,51.048
125,768,,TGO,TG,768,4,Country/Area,914,Togo,2,Medium,1977,1977,20,20,1,24.523,24.811,49.334
125,768,,TGO,TG,768,4,Country/Area,914,Togo,2,Medium,1977,1977,21,21,1,23.674,23.974,47.648
125,768,,TGO,TG,768,4,Country/Area,914,Togo,2,Medium,1977,1977,22,22,1,22.875,23.193,46.068
125,768,,TGO,TG,768,4,Country/Area,914,Togo,2,Medium,1977,1977,23,23,1,22.136,22.47,44.605
125,768,,TGO,TG,768,4,Country/Area,914,Togo,2,Medium,1977,1977,24,24,1,21.413,21.762,43.175
125,768,,TGO,TG,768,4,Country/Area,914,Togo,2,Medium,1977,1977,25,25,1,20.695,21.055,41.751
125,768,,TGO,TG,768,4,Country/Area,914,Togo,2,Medium,1977,1977,26,26,1,20.015,20.381,40.397
125,768,,TGO,TG,768,4,Country/Area,914,Togo,2,Medium,1977,1977,27,27,1,19.013,19.329,38.343
125,768,,TGO,TG,768,4,Country/Area,914,Togo,2,Medium,1977,1977,28,28,1,18.171,18.44,36.611
125,768,,TGO,TG,768,4,Country/Area,914,Togo,2,Medium,1977,1977,29,29,1,17.727,18.017,35.743
125,768,,TGO,TG,768,4,Country/Area,914,Togo,2,Medium,1977,1977,30,30,1,17.107,17.444,34.551
125,768,,TGO,TG,768,4,Country/Area,914,Togo,2,Medium,1977,1977,31,31,1,16.329,16.619,32.949
125,768,,TGO,TG,768,4,Country/Area,914,Togo,2,Medium,1977,1977,32,32,1,15.56,15.768,31.328
125,768,,TGO,TG,768,4,Country/Area,914,Togo,2,Medium,1977,1977,33,33,1,14.912,15.126,30.038
125,768,,TGO,TG,768,4,Country/Area,914,Togo,2,Medium,1977,1977,34,34,1,14.275,14.518,28.794
125,768,,TGO,TG,768,4,Country/Area,914,Togo,2,Medium,1977,1977,35,35,1,13.682,13.966,27.648
125,768,,TGO,TG,768,4,Country/Area,914,Togo,2,Medium,1977,1977,36,36,1,13.152,13.478,26.63
125,768,,TGO,TG,768,4,Country/Area,914,Togo,2,Medium,1977,1977,37,37,1,12.683,13.055,25.738
125,768,,TGO,TG,768,4,Country/Area,914,Togo,2,Medium,1977,1977,38,38,1,12.263,12.701,24.964
125,768,,TGO,TG,768,4,Country/Area,914,Togo,2,Medium,1977,1977,39,39,1,11.861,12.354,24.215
125,768,,TGO,TG,768,4,Country/Area,914,Togo,2,Medium,1977,1977,40,40,1,11.454,11.954,23.407
125,768,,TGO,TG,768,4,Country/Area,914,Togo,2,Medium,1977,1977,41,41,1,11.046,11.527,22.574
125,768,,TGO,TG,768,4,Country/Area,914,Togo,2,Medium,1977,1977,42,42,1,10.672,11.146,21.818
125,768,,TGO,TG,768,4,Country/Area,914,Togo,2,Medium,1977,1977,43,43,1,10.338,10.815,21.153
125,768,,TGO,TG,768,4,Country/Area,914,Togo,2,Medium,1977,1977,44,44,1,10.008,10.49,20.497
125,768,,TGO,TG,768,4,Country/Area,914,Togo,2,Medium,1977,1977,45,45,1,9.662,10.162,19.825
125,768,,TGO,TG,768,4,Country/Area,914,Togo,2,Medium,1977,1977,46,46,1,9.31,9.839,19.149
125,768,,TGO,TG,768,4,Country/Area,914,Togo,2,Medium,1977,1977,47,47,1,8.977,9.527,18.505
125,768,,TGO,TG,768,4,Country/Area,914,Togo,2,Medium,1977,1977,48,48,1,8.666,9.229,17.895
125,768,,TGO,TG,768,4,Country/Area,914,Togo,2,Medium,1977,1977,49,49,1,8.359,8.936,17.295
125,768,,TGO,TG,768,4,Country/Area,914,Togo,2,Medium,1977,1977,50,50,1,8.051,8.648,16.698
125,768,,TGO,TG,768,4,Country/Area,914,Togo,2,Medium,1977,1977,51,51,1,7.742,8.364,16.107
125,768,,TGO,TG,768,4,Country/Area,914,Togo,2,Medium,1977,1977,52,52,1,7.438,8.085,15.523
125,768,,TGO,TG,768,4,Country/Area,914,Togo,2,Medium,1977,1977,53,53,1,7.131,7.811,14.943
125,768,,TGO,TG,768,4,Country/Area,914,Togo,2,Medium,1977,1977,54,54,1,6.833,7.542,14.376
125,768,,TGO,TG,768,4,Country/Area,914,Togo,2,Medium,1977,1977,55,55,1,6.558,7.277,13.834
125,768,,TGO,TG,768,4,Country/Area,914,Togo,2,Medium,1977,1977,56,56,1,6.296,7.016,13.312
125,768,,TGO,TG,768,4,Country/Area,914,Togo,2,Medium,1977,1977,57,57,1,6.032,6.757,12.789
125,768,,TGO,TG,768,4,Country/Area,914,Togo,2,Medium,1977,1977,58,58,1,5.769,6.492,12.261
125,768,,TGO,TG,768,4,Country/Area,914,Togo,2,Medium,1977,1977,59,59,1,5.505,6.234,11.739
125,768,,TGO,TG,768,4,Country/Area,914,Togo,2,Medium,1977,1977,60,60,1,5.231,5.995,11.226
125,768,,TGO,TG,768,4,Country/Area,914,Togo,2,Medium,1977,1977,61,61,1,4.952,5.761,10.713
125,768,,TGO,TG,768,4,Country/Area,914,Togo,2,Medium,1977,1977,62,62,1,4.675,5.521,10.195
125,768,,TGO,TG,768,4,Country/Area,914,Togo,2,Medium,1977,1977,63,63,1,4.401,5.277,9.678
125,768,,TGO,TG,768,4,Country/Area,914,Togo,2,Medium,1977,1977,64,64,1,4.125,5.016,9.141
125,768,,TGO,TG,768,4,Country/Area,914,Togo,2,Medium,1977,1977,65,65,1,3.843,4.715,8.558
125,768,,TGO,TG,768,4,Country/Area,914,Togo,2,Medium,1977,1977,66,66,1,3.562,4.391,7.952
125,768,,TGO,TG,768,4,Country/Area,914,Togo,2,Medium,1977,1977,67,67,1,3.288,4.074,7.362
125,768,,TGO,TG,768,4,Country/Area,914,Togo,2,Medium,1977,1977,68,68,1,3.021,3.765,6.786
125,768,,TGO,TG,768,4,Country/Area,914,Togo,2,Medium,1977,1977,69,69,1,2.761,3.458,6.22
125,768,,TGO,TG,768,4,Country/Area,914,Togo,2,Medium,1977,1977,70,70,1,2.51,3.167,5.677
125,768,,TGO,TG,768,4,Country/Area,914,Togo,2,Medium,1977,1977,71,71,1,2.268,2.886,5.154
125,768,,TGO,TG,768,4,Country/Area,914,Togo,2,Medium,1977,1977,72,72,1,2.033,2.608,4.641
125,768,,TGO,TG,768,4,Country/Area,914,Togo,2,Medium,1977,1977,73,73,1,1.806,2.335,4.141
125,768,,TGO,TG,768,4,Country/Area,914,Togo,2,Medium,1977,1977,74,74,1,1.591,2.076,3.667
125,768,,TGO,TG,768,4,Country/Area,914,Togo,2,Medium,1977,1977,75,75,1,1.391,1.836,3.228
125,768,,TGO,TG,768,4,Country/Area,914,Togo,2,Medium,1977,1977,76,76,1,1.207,1.611,2.818
125,768,,TGO,TG,768,4,Country/Area,914,Togo,2,Medium,1977,1977,77,77,1,1.036,1.399,2.435
125,768,,TGO,TG,768,4,Country/Area,914,Togo,2,Medium,1977,1977,78,78,1,0.879,1.2,2.079
125,768,,TGO,TG,768,4,Country/Area,914,Togo,2,Medium,1977,1977,79,79,1,0.737,1.016,1.754
125,768,,TGO,TG,768,4,Country/Area,914,Togo,2,Medium,1977,1977,80,80,1,0.609,0.849,1.458
125,768,,TGO,TG,768,4,Country/Area,914,Togo,2,Medium,1977,1977,81,81,1,0.496,0.697,1.192
125,768,,TGO,TG,768,4,Country/Area,914,Togo,2,Medium,1977,1977,82,82,1,0.396,0.562,0.958
125,768,,TGO,TG,768,4,Country/Area,914,Togo,2,Medium,1977,1977,83,83,1,0.309,0.445,0.754
125,768,,TGO,TG,768,4,Country/Area,914,Togo,2,Medium,1977,1977,84,84,1,0.237,0.346,0.582
125,768,,TGO,TG,768,4,Country/Area,914,Togo,2,Medium,1977,1977,85,85,1,0.178,0.263,0.44
125,768,,TGO,TG,768,4,Country/Area,914,Togo,2,Medium,1977,1977,86,86,1,0.131,0.196,0.327
125,768,,TGO,TG,768,4,Country/Area,914,Togo,2,Medium,1977,1977,87,87,1,0.093,0.142,0.235
125,768,,TGO,TG,768,4,Country/Area,914,Togo,2,Medium,1977,1977,88,88,1,0.065,0.101,0.165
125,768,,TGO,TG,768,4,Country/Area,914,Togo,2,Medium,1977,1977,89,89,1,0.043,0.069,0.112
125,768,,TGO,TG,768,4,Country/Area,914,Togo,2,Medium,1977,1977,90,90,1,0.027,0.046,0.073
125,768,,TGO,TG,768,4,Country/Area,914,Togo,2,Medium,1977,1977,91,91,1,0.017,0.029,0.045
125,768,,TGO,TG,768,4,Country/Area,914,Togo,2,Medium,1977,1977,92,92,1,0.01,0.018,0.028
125,768,,TGO,TG,768,4,Country/Area,914,Togo,2,Medium,1977,1977,93,93,1,0.006,0.01,0.016
125,768,,TGO,TG,768,4,Country/Area,914,Togo,2,Medium,1977,1977,94,94,1,0.003,0.006,0.009
125,768,,TGO,TG,768,4,Country/Area,914,Togo,2,Medium,1977,1977,95,95,1,0.002,0.003,0.005
125,768,,TGO,TG,768,4,Country/Area,914,Togo,2,Medium,1977,1977,96,96,1,0.001,0.002,0.003
125,768,,TGO,TG,768,4,Country/Area,914,Togo,2,Medium,1977,1977,97,97,1,0,0.001,0.001
125,768,,TGO,TG,768,4,Country/Area,914,Togo,2,Medium,1977,1977,98,98,1,0,0,0
125,768,,TGO,TG,768,4,Country/Area,914,Togo,2,Medium,1977,1977,99,99,1,0,0,0
125,768,,TGO,TG,768,4,Country/Area,914,Togo,2,Medium,1977,1977,100+,100,-1,0,0,0
125,768,,TGO,TG,768,4,Country/Area,914,Togo,2,Medium,1978,1978,0,0,1,60.172,59.319,119.492
125,768,,TGO,TG,768,4,Country/Area,914,Togo,2,Medium,1978,1978,1,1,1,55.086,54.642,109.728
125,768,,TGO,TG,768,4,Country/Area,914,Togo,2,Medium,1978,1978,2,2,1,51.686,51.438,103.124
125,768,,TGO,TG,768,4,Country/Area,914,Togo,2,Medium,1978,1978,3,3,1,48.974,48.832,97.806
125,768,,TGO,TG,768,4,Country/Area,914,Togo,2,Medium,1978,1978,4,4,1,46.687,46.639,93.326
125,768,,TGO,TG,768,4,Country/Area,914,Togo,2,Medium,1978,1978,5,5,1,44.641,44.693,89.334
125,768,,TGO,TG,768,4,Country/Area,914,Togo,2,Medium,1978,1978,6,6,1,42.81,42.933,85.743
125,768,,TGO,TG,768,4,Country/Area,914,Togo,2,Medium,1978,1978,7,7,1,41.073,41.239,82.312
125,768,,TGO,TG,768,4,Country/Area,914,Togo,2,Medium,1978,1978,8,8,1,39.419,39.623,79.042
125,768,,TGO,TG,768,4,Country/Area,914,Togo,2,Medium,1978,1978,9,9,1,37.854,38.084,75.938
125,768,,TGO,TG,768,4,Country/Area,914,Togo,2,Medium,1978,1978,10,10,1,36.405,36.654,73.058
125,768,,TGO,TG,768,4,Country/Area,914,Togo,2,Medium,1978,1978,11,11,1,35.135,35.401,70.537
125,768,,TGO,TG,768,4,Country/Area,914,Togo,2,Medium,1978,1978,12,12,1,33.875,34.155,68.03
125,768,,TGO,TG,768,4,Country/Area,914,Togo,2,Medium,1978,1978,13,13,1,32.605,32.898,65.504
125,768,,TGO,TG,768,4,Country/Area,914,Togo,2,Medium,1978,1978,14,14,1,31.4,31.7,63.1
125,768,,TGO,TG,768,4,Country/Area,914,Togo,2,Medium,1978,1978,15,15,1,30.21,30.51,60.721
125,768,,TGO,TG,768,4,Country/Area,914,Togo,2,Medium,1978,1978,16,16,1,29.037,29.333,58.37
125,768,,TGO,TG,768,4,Country/Area,914,Togo,2,Medium,1978,1978,17,17,1,27.95,28.247,56.197
125,768,,TGO,TG,768,4,Country/Area,914,Togo,2,Medium,1978,1978,18,18,1,26.947,27.239,54.186
125,768,,TGO,TG,768,4,Country/Area,914,Togo,2,Medium,1978,1978,19,19,1,25.985,26.274,52.26
125,768,,TGO,TG,768,4,Country/Area,914,Togo,2,Medium,1978,1978,20,20,1,25.077,25.37,50.447
125,768,,TGO,TG,768,4,Country/Area,914,Togo,2,Medium,1978,1978,21,21,1,24.217,24.521,48.739
125,768,,TGO,TG,768,4,Country/Area,914,Togo,2,Medium,1978,1978,22,22,1,23.369,23.691,47.059
125,768,,TGO,TG,768,4,Country/Area,914,Togo,2,Medium,1978,1978,23,23,1,22.576,22.915,45.491
125,768,,TGO,TG,768,4,Country/Area,914,Togo,2,Medium,1978,1978,24,24,1,21.845,22.198,44.042
125,768,,TGO,TG,768,4,Country/Area,914,Togo,2,Medium,1978,1978,25,25,1,21.134,21.495,42.63
125,768,,TGO,TG,768,4,Country/Area,914,Togo,2,Medium,1978,1978,26,26,1,20.429,20.796,41.224
125,768,,TGO,TG,768,4,Country/Area,914,Togo,2,Medium,1978,1978,27,27,1,19.762,20.131,39.893
125,768,,TGO,TG,768,4,Country/Area,914,Togo,2,Medium,1978,1978,28,28,1,18.772,19.09,37.861
125,768,,TGO,TG,768,4,Country/Area,914,Togo,2,Medium,1978,1978,29,29,1,17.938,18.207,36.145
125,768,,TGO,TG,768,4,Country/Area,914,Togo,2,Medium,1978,1978,30,30,1,17.498,17.79,35.288
125,768,,TGO,TG,768,4,Country/Area,914,Togo,2,Medium,1978,1978,31,31,1,16.885,17.226,34.111
125,768,,TGO,TG,768,4,Country/Area,914,Togo,2,Medium,1978,1978,32,32,1,16.114,16.41,32.525
125,768,,TGO,TG,768,4,Country/Area,914,Togo,2,Medium,1978,1978,33,33,1,15.352,15.568,30.92
125,768,,TGO,TG,768,4,Country/Area,914,Togo,2,Medium,1978,1978,34,34,1,14.711,14.932,29.643
125,768,,TGO,TG,768,4,Country/Area,914,Togo,2,Medium,1978,1978,35,35,1,14.081,14.331,28.412
125,768,,TGO,TG,768,4,Country/Area,914,Togo,2,Medium,1978,1978,36,36,1,13.493,13.784,27.277
125,768,,TGO,TG,768,4,Country/Area,914,Togo,2,Medium,1978,1978,37,37,1,12.969,13.3,26.268
125,768,,TGO,TG,768,4,Country/Area,914,Togo,2,Medium,1978,1978,38,38,1,12.502,12.88,25.382
125,768,,TGO,TG,768,4,Country/Area,914,Togo,2,Medium,1978,1978,39,39,1,12.085,12.528,24.613
125,768,,TGO,TG,768,4,Country/Area,914,Togo,2,Medium,1978,1978,40,40,1,11.684,12.184,23.869
125,768,,TGO,TG,768,4,Country/Area,914,Togo,2,Medium,1978,1978,41,41,1,11.277,11.788,23.066
125,768,,TGO,TG,768,4,Country/Area,914,Togo,2,Medium,1978,1978,42,42,1,10.872,11.366,22.238
125,768,,TGO,TG,768,4,Country/Area,914,Togo,2,Medium,1978,1978,43,43,1,10.499,10.988,21.487
125,768,,TGO,TG,768,4,Country/Area,914,Togo,2,Medium,1978,1978,44,44,1,10.165,10.662,20.827
125,768,,TGO,TG,768,4,Country/Area,914,Togo,2,Medium,1978,1978,45,45,1,9.837,10.34,20.177
125,768,,TGO,TG,768,4,Country/Area,914,Togo,2,Medium,1978,1978,46,46,1,9.493,10.015,19.509
125,768,,TGO,TG,768,4,Country/Area,914,Togo,2,Medium,1978,1978,47,47,1,9.144,9.693,18.837
125,768,,TGO,TG,768,4,Country/Area,914,Togo,2,Medium,1978,1978,48,48,1,8.811,9.383,18.194
125,768,,TGO,TG,768,4,Country/Area,914,Togo,2,Medium,1978,1978,49,49,1,8.5,9.084,17.584
125,768,,TGO,TG,768,4,Country/Area,914,Togo,2,Medium,1978,1978,50,50,1,8.193,8.791,16.983
125,768,,TGO,TG,768,4,Country/Area,914,Togo,2,Medium,1978,1978,51,51,1,7.883,8.502,16.384
125,768,,TGO,TG,768,4,Country/Area,914,Togo,2,Medium,1978,1978,52,52,1,7.574,8.217,15.79
125,768,,TGO,TG,768,4,Country/Area,914,Togo,2,Medium,1978,1978,53,53,1,7.268,7.938,15.205
125,768,,TGO,TG,768,4,Country/Area,914,Togo,2,Medium,1978,1978,54,54,1,6.961,7.663,14.624
125,768,,TGO,TG,768,4,Country/Area,914,Togo,2,Medium,1978,1978,55,55,1,6.663,7.394,14.056
125,768,,TGO,TG,768,4,Country/Area,914,Togo,2,Medium,1978,1978,56,56,1,6.386,7.127,13.514
125,768,,TGO,TG,768,4,Country/Area,914,Togo,2,Medium,1978,1978,57,57,1,6.122,6.865,12.988
125,768,,TGO,TG,768,4,Country/Area,914,Togo,2,Medium,1978,1978,58,58,1,5.858,6.603,12.461
125,768,,TGO,TG,768,4,Country/Area,914,Togo,2,Medium,1978,1978,59,59,1,5.591,6.334,11.925
125,768,,TGO,TG,768,4,Country/Area,914,Togo,2,Medium,1978,1978,60,60,1,5.324,6.071,11.394
125,768,,TGO,TG,768,4,Country/Area,914,Togo,2,Medium,1978,1978,61,61,1,5.047,5.824,10.871
125,768,,TGO,TG,768,4,Country/Area,914,Togo,2,Medium,1978,1978,62,62,1,4.766,5.585,10.351
125,768,,TGO,TG,768,4,Country/Area,914,Togo,2,Medium,1978,1978,63,63,1,4.487,5.338,9.825
125,768,,TGO,TG,768,4,Country/Area,914,Togo,2,Medium,1978,1978,64,64,1,4.212,5.088,9.3
125,768,,TGO,TG,768,4,Country/Area,914,Togo,2,Medium,1978,1978,65,65,1,3.936,4.824,8.759
125,768,,TGO,TG,768,4,Country/Area,914,Togo,2,Medium,1978,1978,66,66,1,3.655,4.521,8.175
125,768,,TGO,TG,768,4,Country/Area,914,Togo,2,Medium,1978,1978,67,67,1,3.375,4.194,7.569
125,768,,TGO,TG,768,4,Country/Area,914,Togo,2,Medium,1978,1978,68,68,1,3.103,3.876,6.979
125,768,,TGO,TG,768,4,Country/Area,914,Togo,2,Medium,1978,1978,69,69,1,2.837,3.566,6.402
125,768,,TGO,TG,768,4,Country/Area,914,Togo,2,Medium,1978,1978,70,70,1,2.578,3.257,5.835
125,768,,TGO,TG,768,4,Country/Area,914,Togo,2,Medium,1978,1978,71,71,1,2.328,2.963,5.292
125,768,,TGO,TG,768,4,Country/Area,914,Togo,2,Medium,1978,1978,72,72,1,2.088,2.683,4.771
125,768,,TGO,TG,768,4,Country/Area,914,Togo,2,Medium,1978,1978,73,73,1,1.856,2.406,4.262
125,768,,TGO,TG,768,4,Country/Area,914,Togo,2,Medium,1978,1978,74,74,1,1.634,2.136,3.769
125,768,,TGO,TG,768,4,Country/Area,914,Togo,2,Medium,1978,1978,75,75,1,1.426,1.883,3.309
125,768,,TGO,TG,768,4,Country/Area,914,Togo,2,Medium,1978,1978,76,76,1,1.234,1.649,2.882
125,768,,TGO,TG,768,4,Country/Area,914,Togo,2,Medium,1978,1978,77,77,1,1.057,1.432,2.489
125,768,,TGO,TG,768,4,Country/Area,914,Togo,2,Medium,1978,1978,78,78,1,0.896,1.228,2.124
125,768,,TGO,TG,768,4,Country/Area,914,Togo,2,Medium,1978,1978,79,79,1,0.751,1.038,1.789
125,768,,TGO,TG,768,4,Country/Area,914,Togo,2,Medium,1978,1978,80,80,1,0.62,0.866,1.486
125,768,,TGO,TG,768,4,Country/Area,914,Togo,2,Medium,1978,1978,81,81,1,0.504,0.711,1.214
125,768,,TGO,TG,768,4,Country/Area,914,Togo,2,Medium,1978,1978,82,82,1,0.402,0.573,0.975
125,768,,TGO,TG,768,4,Country/Area,914,Togo,2,Medium,1978,1978,83,83,1,0.314,0.454,0.768
125,768,,TGO,TG,768,4,Country/Area,914,Togo,2,Medium,1978,1978,84,84,1,0.239,0.353,0.592
125,768,,TGO,TG,768,4,Country/Area,914,Togo,2,Medium,1978,1978,85,85,1,0.177,0.268,0.445
125,768,,TGO,TG,768,4,Country/Area,914,Togo,2,Medium,1978,1978,86,86,1,0.13,0.2,0.33
125,768,,TGO,TG,768,4,Country/Area,914,Togo,2,Medium,1978,1978,87,87,1,0.093,0.145,0.238
125,768,,TGO,TG,768,4,Country/Area,914,Togo,2,Medium,1978,1978,88,88,1,0.064,0.102,0.166
125,768,,TGO,TG,768,4,Country/Area,914,Togo,2,Medium,1978,1978,89,89,1,0.043,0.071,0.113
125,768,,TGO,TG,768,4,Country/Area,914,Togo,2,Medium,1978,1978,90,90,1,0.027,0.047,0.074
125,768,,TGO,TG,768,4,Country/Area,914,Togo,2,Medium,1978,1978,91,91,1,0.017,0.03,0.047
125,768,,TGO,TG,768,4,Country/Area,914,Togo,2,Medium,1978,1978,92,92,1,0.01,0.018,0.028
125,768,,TGO,TG,768,4,Country/Area,914,Togo,2,Medium,1978,1978,93,93,1,0.006,0.011,0.017
125,768,,TGO,TG,768,4,Country/Area,914,Togo,2,Medium,1978,1978,94,94,1,0.003,0.006,0.009
125,768,,TGO,TG,768,4,Country/Area,914,Togo,2,Medium,1978,1978,95,95,1,0.002,0.003,0.005
125,768,,TGO,TG,768,4,Country/Area,914,Togo,2,Medium,1978,1978,96,96,1,0.001,0.002,0.003
125,768,,TGO,TG,768,4,Country/Area,914,Togo,2,Medium,1978,1978,97,97,1,0,0.001,0.001
125,768,,TGO,TG,768,4,Country/Area,914,Togo,2,Medium,1978,1978,98,98,1,0,0,0
125,768,,TGO,TG,768,4,Country/Area,914,Togo,2,Medium,1978,1978,99,99,1,0,0,0
125,768,,TGO,TG,768,4,Country/Area,914,Togo,2,Medium,1978,1978,100+,100,-1,0,0,0
125,768,,TGO,TG,768,4,Country/Area,914,Togo,2,Medium,1979,1979,0,0,1,61.247,60.346,121.594
125,768,,TGO,TG,768,4,Country/Area,914,Togo,2,Medium,1979,1979,1,1,1,56.173,55.71,111.883
125,768,,TGO,TG,768,4,Country/Area,914,Togo,2,Medium,1979,1979,2,2,1,52.9,52.615,105.515
125,768,,TGO,TG,768,4,Country/Area,914,Togo,2,Medium,1979,1979,3,3,1,50.302,50.108,100.409
125,768,,TGO,TG,768,4,Country/Area,914,Togo,2,Medium,1979,1979,4,4,1,48.044,47.913,95.956
125,768,,TGO,TG,768,4,Country/Area,914,Togo,2,Medium,1979,1979,5,5,1,46.017,45.964,91.981
125,768,,TGO,TG,768,4,Country/Area,914,Togo,2,Medium,1979,1979,6,6,1,44.123,44.164,88.287
125,768,,TGO,TG,768,4,Country/Area,914,Togo,2,Medium,1979,1979,7,7,1,42.383,42.496,84.879
125,768,,TGO,TG,768,4,Country/Area,914,Togo,2,Medium,1979,1979,8,8,1,40.703,40.86,81.563
125,768,,TGO,TG,768,4,Country/Area,914,Togo,2,Medium,1979,1979,9,9,1,39.086,39.282,78.367
125,768,,TGO,TG,768,4,Country/Area,914,Togo,2,Medium,1979,1979,10,10,1,37.545,37.768,75.314
125,768,,TGO,TG,768,4,Country/Area,914,Togo,2,Medium,1979,1979,11,11,1,36.113,36.355,72.468
125,768,,TGO,TG,768,4,Country/Area,914,Togo,2,Medium,1979,1979,12,12,1,34.854,35.113,69.967
125,768,,TGO,TG,768,4,Country/Area,914,Togo,2,Medium,1979,1979,13,13,1,33.602,33.874,67.477
125,768,,TGO,TG,768,4,Country/Area,914,Togo,2,Medium,1979,1979,14,14,1,32.339,32.622,64.96
125,768,,TGO,TG,768,4,Country/Area,914,Togo,2,Medium,1979,1979,15,15,1,31.137,31.427,62.563
125,768,,TGO,TG,768,4,Country/Area,914,Togo,2,Medium,1979,1979,16,16,1,29.949,30.236,60.185
125,768,,TGO,TG,768,4,Country/Area,914,Togo,2,Medium,1979,1979,17,17,1,28.773,29.061,57.834
125,768,,TGO,TG,768,4,Country/Area,914,Togo,2,Medium,1979,1979,18,18,1,27.685,27.976,55.66
125,768,,TGO,TG,768,4,Country/Area,914,Togo,2,Medium,1979,1979,19,19,1,26.678,26.97,53.648
125,768,,TGO,TG,768,4,Country/Area,914,Togo,2,Medium,1979,1979,20,20,1,25.714,26.009,51.722
125,768,,TGO,TG,768,4,Country/Area,914,Togo,2,Medium,1979,1979,21,21,1,24.803,25.11,49.913
125,768,,TGO,TG,768,4,Country/Area,914,Togo,2,Medium,1979,1979,22,22,1,23.945,24.267,48.211
125,768,,TGO,TG,768,4,Country/Area,914,Togo,2,Medium,1979,1979,23,23,1,23.102,23.441,46.543
125,768,,TGO,TG,768,4,Country/Area,914,Togo,2,Medium,1979,1979,24,24,1,22.317,22.671,44.987
125,768,,TGO,TG,768,4,Country/Area,914,Togo,2,Medium,1979,1979,25,25,1,21.596,21.957,43.554
125,768,,TGO,TG,768,4,Country/Area,914,Togo,2,Medium,1979,1979,26,26,1,20.896,21.262,42.157
125,768,,TGO,TG,768,4,Country/Area,914,Togo,2,Medium,1979,1979,27,27,1,20.201,20.567,40.767
125,768,,TGO,TG,768,4,Country/Area,914,Togo,2,Medium,1979,1979,28,28,1,19.544,19.91,39.455
125,768,,TGO,TG,768,4,Country/Area,914,Togo,2,Medium,1979,1979,29,29,1,18.563,18.878,37.441
125,768,,TGO,TG,768,4,Country/Area,914,Togo,2,Medium,1979,1979,30,30,1,17.734,18.003,35.736
125,768,,TGO,TG,768,4,Country/Area,914,Togo,2,Medium,1979,1979,31,31,1,17.297,17.59,34.888
125,768,,TGO,TG,768,4,Country/Area,914,Togo,2,Medium,1979,1979,32,32,1,16.689,17.034,33.724
125,768,,TGO,TG,768,4,Country/Area,914,Togo,2,Medium,1979,1979,33,33,1,15.925,16.227,32.153
125,768,,TGO,TG,768,4,Country/Area,914,Togo,2,Medium,1979,1979,34,34,1,15.169,15.392,30.561
125,768,,TGO,TG,768,4,Country/Area,914,Togo,2,Medium,1979,1979,35,35,1,14.534,14.761,29.296
125,768,,TGO,TG,768,4,Country/Area,914,Togo,2,Medium,1979,1979,36,36,1,13.909,14.165,28.075
125,768,,TGO,TG,768,4,Country/Area,914,Togo,2,Medium,1979,1979,37,37,1,13.327,13.621,26.948
125,768,,TGO,TG,768,4,Country/Area,914,Togo,2,Medium,1979,1979,38,38,1,12.805,13.14,25.945
125,768,,TGO,TG,768,4,Country/Area,914,Togo,2,Medium,1979,1979,39,39,1,12.341,12.723,25.064
125,768,,TGO,TG,768,4,Country/Area,914,Togo,2,Medium,1979,1979,40,40,1,11.924,12.374,24.297
125,768,,TGO,TG,768,4,Country/Area,914,Togo,2,Medium,1979,1979,41,41,1,11.524,12.033,23.558
125,768,,TGO,TG,768,4,Country/Area,914,Togo,2,Medium,1979,1979,42,42,1,11.118,11.64,22.759
125,768,,TGO,TG,768,4,Country/Area,914,Togo,2,Medium,1979,1979,43,43,1,10.713,11.223,21.936
125,768,,TGO,TG,768,4,Country/Area,914,Togo,2,Medium,1979,1979,44,44,1,10.341,10.848,21.189
125,768,,TGO,TG,768,4,Country/Area,914,Togo,2,Medium,1979,1979,45,45,1,10.009,10.524,20.534
125,768,,TGO,TG,768,4,Country/Area,914,Togo,2,Medium,1979,1979,46,46,1,9.681,10.204,19.886
125,768,,TGO,TG,768,4,Country/Area,914,Togo,2,Medium,1979,1979,47,47,1,9.339,9.882,19.221
125,768,,TGO,TG,768,4,Country/Area,914,Togo,2,Medium,1979,1979,48,48,1,8.99,9.56,18.55
125,768,,TGO,TG,768,4,Country/Area,914,Togo,2,Medium,1979,1979,49,49,1,8.658,9.249,17.907
125,768,,TGO,TG,768,4,Country/Area,914,Togo,2,Medium,1979,1979,50,50,1,8.345,8.95,17.295
125,768,,TGO,TG,768,4,Country/Area,914,Togo,2,Medium,1979,1979,51,51,1,8.036,8.656,16.691
125,768,,TGO,TG,768,4,Country/Area,914,Togo,2,Medium,1979,1979,52,52,1,7.724,8.364,16.089
125,768,,TGO,TG,768,4,Country/Area,914,Togo,2,Medium,1979,1979,53,53,1,7.414,8.079,15.493
125,768,,TGO,TG,768,4,Country/Area,914,Togo,2,Medium,1979,1979,54,54,1,7.107,7.798,14.906
125,768,,TGO,TG,768,4,Country/Area,914,Togo,2,Medium,1979,1979,55,55,1,6.8,7.524,14.323
125,768,,TGO,TG,768,4,Country/Area,914,Togo,2,Medium,1979,1979,56,56,1,6.501,7.253,13.754
125,768,,TGO,TG,768,4,Country/Area,914,Togo,2,Medium,1979,1979,57,57,1,6.223,6.985,13.207
125,768,,TGO,TG,768,4,Country/Area,914,Togo,2,Medium,1979,1979,58,58,1,5.957,6.72,12.676
125,768,,TGO,TG,768,4,Country/Area,914,Togo,2,Medium,1979,1979,59,59,1,5.689,6.452,12.142
125,768,,TGO,TG,768,4,Country/Area,914,Togo,2,Medium,1979,1979,60,60,1,5.418,6.178,11.597
125,768,,TGO,TG,768,4,Country/Area,914,Togo,2,Medium,1979,1979,61,61,1,5.147,5.909,11.056
125,768,,TGO,TG,768,4,Country/Area,914,Togo,2,Medium,1979,1979,62,62,1,4.868,5.656,10.524
125,768,,TGO,TG,768,4,Country/Area,914,Togo,2,Medium,1979,1979,63,63,1,4.584,5.41,9.994
125,768,,TGO,TG,768,4,Country/Area,914,Togo,2,Medium,1979,1979,64,64,1,4.303,5.157,9.46
125,768,,TGO,TG,768,4,Country/Area,914,Togo,2,Medium,1979,1979,65,65,1,4.029,4.902,8.93
125,768,,TGO,TG,768,4,Country/Area,914,Togo,2,Medium,1979,1979,66,66,1,3.752,4.633,8.385
125,768,,TGO,TG,768,4,Country/Area,914,Togo,2,Medium,1979,1979,67,67,1,3.472,4.327,7.799
125,768,,TGO,TG,768,4,Country/Area,914,Togo,2,Medium,1979,1979,68,68,1,3.192,3.999,7.191
125,768,,TGO,TG,768,4,Country/Area,914,Togo,2,Medium,1979,1979,69,69,1,2.921,3.678,6.598
125,768,,TGO,TG,768,4,Country/Area,914,Togo,2,Medium,1979,1979,70,70,1,2.656,3.365,6.021
125,768,,TGO,TG,768,4,Country/Area,914,Togo,2,Medium,1979,1979,71,71,1,2.397,3.055,5.453
125,768,,TGO,TG,768,4,Country/Area,914,Togo,2,Medium,1979,1979,72,72,1,2.15,2.761,4.911
125,768,,TGO,TG,768,4,Country/Area,914,Togo,2,Medium,1979,1979,73,73,1,1.913,2.48,4.393
125,768,,TGO,TG,768,4,Country/Area,914,Togo,2,Medium,1979,1979,74,74,1,1.685,2.207,3.891
125,768,,TGO,TG,768,4,Country/Area,914,Togo,2,Medium,1979,1979,75,75,1,1.468,1.942,3.41
125,768,,TGO,TG,768,4,Country/Area,914,Togo,2,Medium,1979,1979,76,76,1,1.268,1.696,2.963
125,768,,TGO,TG,768,4,Country/Area,914,Togo,2,Medium,1979,1979,77,77,1,1.084,1.468,2.553
125,768,,TGO,TG,768,4,Country/Area,914,Togo,2,Medium,1979,1979,78,78,1,0.919,1.26,2.178
125,768,,TGO,TG,768,4,Country/Area,914,Togo,2,Medium,1979,1979,79,79,1,0.768,1.065,1.833
125,768,,TGO,TG,768,4,Country/Area,914,Togo,2,Medium,1979,1979,80,80,1,0.634,0.887,1.521
125,768,,TGO,TG,768,4,Country/Area,914,Togo,2,Medium,1979,1979,81,81,1,0.516,0.727,1.242
125,768,,TGO,TG,768,4,Country/Area,914,Togo,2,Medium,1979,1979,82,82,1,0.411,0.586,0.997
125,768,,TGO,TG,768,4,Country/Area,914,Togo,2,Medium,1979,1979,83,83,1,0.321,0.465,0.785
125,768,,TGO,TG,768,4,Country/Area,914,Togo,2,Medium,1979,1979,84,84,1,0.244,0.361,0.605
125,768,,TGO,TG,768,4,Country/Area,914,Togo,2,Medium,1979,1979,85,85,1,0.18,0.275,0.455
125,768,,TGO,TG,768,4,Country/Area,914,Togo,2,Medium,1979,1979,86,86,1,0.13,0.205,0.335
125,768,,TGO,TG,768,4,Country/Area,914,Togo,2,Medium,1979,1979,87,87,1,0.092,0.149,0.241
125,768,,TGO,TG,768,4,Country/Area,914,Togo,2,Medium,1979,1979,88,88,1,0.063,0.105,0.168
125,768,,TGO,TG,768,4,Country/Area,914,Togo,2,Medium,1979,1979,89,89,1,0.042,0.072,0.114
125,768,,TGO,TG,768,4,Country/Area,914,Togo,2,Medium,1979,1979,90,90,1,0.027,0.048,0.075
125,768,,TGO,TG,768,4,Country/Area,914,Togo,2,Medium,1979,1979,91,91,1,0.017,0.031,0.048
125,768,,TGO,TG,768,4,Country/Area,914,Togo,2,Medium,1979,1979,92,92,1,0.01,0.019,0.029
125,768,,TGO,TG,768,4,Country/Area,914,Togo,2,Medium,1979,1979,93,93,1,0.006,0.011,0.017
125,768,,TGO,TG,768,4,Country/Area,914,Togo,2,Medium,1979,1979,94,94,1,0.003,0.006,0.009
125,768,,TGO,TG,768,4,Country/Area,914,Togo,2,Medium,1979,1979,95,95,1,0.002,0.003,0.005
125,768,,TGO,TG,768,4,Country/Area,914,Togo,2,Medium,1979,1979,96,96,1,0.001,0.002,0.003
125,768,,TGO,TG,768,4,Country/Area,914,Togo,2,Medium,1979,1979,97,97,1,0,0.001,0.001
125,768,,TGO,TG,768,4,Country/Area,914,Togo,2,Medium,1979,1979,98,98,1,0,0,0
125,768,,TGO,TG,768,4,Country/Area,914,Togo,2,Medium,1979,1979,99,99,1,0,0,0
125,768,,TGO,TG,768,4,Country/Area,914,Togo,2,Medium,1979,1979,100+,100,-1,0,0,0
125,768,,TGO,TG,768,4,Country/Area,914,Togo,2,Medium,1980,1980,0,0,1,62.446,61.471,123.918
125,768,,TGO,TG,768,4,Country/Area,914,Togo,2,Medium,1980,1980,1,1,1,57.398,56.929,114.327
125,768,,TGO,TG,768,4,Country/Area,914,Togo,2,Medium,1980,1980,2,2,1,54.136,53.844,107.98
125,768,,TGO,TG,768,4,Country/Area,914,Togo,2,Medium,1980,1980,3,3,1,51.657,51.423,103.081
125,768,,TGO,TG,768,4,Country/Area,914,Togo,2,Medium,1980,1980,4,4,1,49.505,49.313,98.818
125,768,,TGO,TG,768,4,Country/Area,914,Togo,2,Medium,1980,1980,5,5,1,47.498,47.355,94.853
125,768,,TGO,TG,768,4,Country/Area,914,Togo,2,Medium,1980,1980,6,6,1,45.616,45.547,91.162
125,768,,TGO,TG,768,4,Country/Area,914,Togo,2,Medium,1980,1980,7,7,1,43.806,43.833,87.639
125,768,,TGO,TG,768,4,Country/Area,914,Togo,2,Medium,1980,1980,8,8,1,42.118,42.218,84.337
125,768,,TGO,TG,768,4,Country/Area,914,Togo,2,Medium,1980,1980,9,9,1,40.469,40.616,81.085
125,768,,TGO,TG,768,4,Country/Area,914,Togo,2,Medium,1980,1980,10,10,1,38.872,39.059,77.931
125,768,,TGO,TG,768,4,Country/Area,914,Togo,2,Medium,1980,1980,11,11,1,37.346,37.559,74.905
125,768,,TGO,TG,768,4,Country/Area,914,Togo,2,Medium,1980,1980,12,12,1,35.92,36.154,72.074
125,768,,TGO,TG,768,4,Country/Area,914,Togo,2,Medium,1980,1980,13,13,1,34.666,34.917,69.584
125,768,,TGO,TG,768,4,Country/Area,914,Togo,2,Medium,1980,1980,14,14,1,33.418,33.679,67.097
125,768,,TGO,TG,768,4,Country/Area,914,Togo,2,Medium,1980,1980,15,15,1,32.154,32.426,64.58
125,768,,TGO,TG,768,4,Country/Area,914,Togo,2,Medium,1980,1980,16,16,1,30.951,31.228,62.178
125,768,,TGO,TG,768,4,Country/Area,914,Togo,2,Medium,1980,1980,17,17,1,29.76,30.037,59.797
125,768,,TGO,TG,768,4,Country/Area,914,Togo,2,Medium,1980,1980,18,18,1,28.58,28.86,57.44
125,768,,TGO,TG,768,4,Country/Area,914,Togo,2,Medium,1980,1980,19,19,1,27.486,27.774,55.26
125,768,,TGO,TG,768,4,Country/Area,914,Togo,2,Medium,1980,1980,20,20,1,26.474,26.77,53.245
125,768,,TGO,TG,768,4,Country/Area,914,Togo,2,Medium,1980,1980,21,21,1,25.506,25.811,51.318
125,768,,TGO,TG,768,4,Country/Area,914,Togo,2,Medium,1980,1980,22,22,1,24.595,24.916,49.511
125,768,,TGO,TG,768,4,Country/Area,914,Togo,2,Medium,1980,1980,23,23,1,23.739,24.076,47.816
125,768,,TGO,TG,768,4,Country/Area,914,Togo,2,Medium,1980,1980,24,24,1,22.903,23.254,46.157
125,768,,TGO,TG,768,4,Country/Area,914,Togo,2,Medium,1980,1980,25,25,1,22.127,22.487,44.614
125,768,,TGO,TG,768,4,Country/Area,914,Togo,2,Medium,1980,1980,26,26,1,21.415,21.777,43.192
125,768,,TGO,TG,768,4,Country/Area,914,Togo,2,Medium,1980,1980,27,27,1,20.723,21.085,41.808
125,768,,TGO,TG,768,4,Country/Area,914,Togo,2,Medium,1980,1980,28,28,1,20.033,20.395,40.428
125,768,,TGO,TG,768,4,Country/Area,914,Togo,2,Medium,1980,1980,29,29,1,19.383,19.745,39.128
125,768,,TGO,TG,768,4,Country/Area,914,Togo,2,Medium,1980,1980,30,30,1,18.407,18.72,37.126
125,768,,TGO,TG,768,4,Country/Area,914,Togo,2,Medium,1980,1980,31,31,1,17.58,17.849,35.429
125,768,,TGO,TG,768,4,Country/Area,914,Togo,2,Medium,1980,1980,32,32,1,17.145,17.441,34.586
125,768,,TGO,TG,768,4,Country/Area,914,Togo,2,Medium,1980,1980,33,33,1,16.541,16.889,33.429
125,768,,TGO,TG,768,4,Country/Area,914,Togo,2,Medium,1980,1980,34,34,1,15.781,16.087,31.868
125,768,,TGO,TG,768,4,Country/Area,914,Togo,2,Medium,1980,1980,35,35,1,15.03,15.257,30.287
125,768,,TGO,TG,768,4,Country/Area,914,Togo,2,Medium,1980,1980,36,36,1,14.398,14.63,29.028
125,768,,TGO,TG,768,4,Country/Area,914,Togo,2,Medium,1980,1980,37,37,1,13.777,14.036,27.814
125,768,,TGO,TG,768,4,Country/Area,914,Togo,2,Medium,1980,1980,38,38,1,13.197,13.495,26.693
125,768,,TGO,TG,768,4,Country/Area,914,Togo,2,Medium,1980,1980,39,39,1,12.677,13.016,25.692
125,768,,TGO,TG,768,4,Country/Area,914,Togo,2,Medium,1980,1980,40,40,1,12.212,12.601,24.813
125,768,,TGO,TG,768,4,Country/Area,914,Togo,2,Medium,1980,1980,41,41,1,11.795,12.254,24.049
125,768,,TGO,TG,768,4,Country/Area,914,Togo,2,Medium,1980,1980,42,42,1,11.395,11.915,23.31
125,768,,TGO,TG,768,4,Country/Area,914,Togo,2,Medium,1980,1980,43,43,1,10.989,11.525,22.514
125,768,,TGO,TG,768,4,Country/Area,914,Togo,2,Medium,1980,1980,44,44,1,10.584,11.11,21.694
125,768,,TGO,TG,768,4,Country/Area,914,Togo,2,Medium,1980,1980,45,45,1,10.213,10.737,20.95
125,768,,TGO,TG,768,4,Country/Area,914,Togo,2,Medium,1980,1980,46,46,1,9.88,10.415,20.294
125,768,,TGO,TG,768,4,Country/Area,914,Togo,2,Medium,1980,1980,47,47,1,9.553,10.096,19.648
125,768,,TGO,TG,768,4,Country/Area,914,Togo,2,Medium,1980,1980,48,48,1,9.21,9.773,18.983
125,768,,TGO,TG,768,4,Country/Area,914,Togo,2,Medium,1980,1980,49,49,1,8.86,9.45,18.31
125,768,,TGO,TG,768,4,Country/Area,914,Togo,2,Medium,1980,1980,50,50,1,8.525,9.138,17.663
125,768,,TGO,TG,768,4,Country/Area,914,Togo,2,Medium,1980,1980,51,51,1,8.21,8.836,17.046
125,768,,TGO,TG,768,4,Country/Area,914,Togo,2,Medium,1980,1980,52,52,1,7.898,8.54,16.437
125,768,,TGO,TG,768,4,Country/Area,914,Togo,2,Medium,1980,1980,53,53,1,7.585,8.247,15.832
125,768,,TGO,TG,768,4,Country/Area,914,Togo,2,Medium,1980,1980,54,54,1,7.272,7.96,15.232
125,768,,TGO,TG,768,4,Country/Area,914,Togo,2,Medium,1980,1980,55,55,1,6.964,7.678,14.642
125,768,,TGO,TG,768,4,Country/Area,914,Togo,2,Medium,1980,1980,56,56,1,6.655,7.402,14.056
125,768,,TGO,TG,768,4,Country/Area,914,Togo,2,Medium,1980,1980,57,57,1,6.354,7.128,13.482
125,768,,TGO,TG,768,4,Country/Area,914,Togo,2,Medium,1980,1980,58,58,1,6.072,6.856,12.929
125,768,,TGO,TG,768,4,Country/Area,914,Togo,2,Medium,1980,1980,59,59,1,5.803,6.585,12.389
125,768,,TGO,TG,768,4,Country/Area,914,Togo,2,Medium,1980,1980,60,60,1,5.531,6.313,11.844
125,768,,TGO,TG,768,4,Country/Area,914,Togo,2,Medium,1980,1980,61,61,1,5.256,6.032,11.289
125,768,,TGO,TG,768,4,Country/Area,914,Togo,2,Medium,1980,1980,62,62,1,4.981,5.755,10.736
125,768,,TGO,TG,768,4,Country/Area,914,Togo,2,Medium,1980,1980,63,63,1,4.698,5.495,10.193
125,768,,TGO,TG,768,4,Country/Area,914,Togo,2,Medium,1980,1980,64,64,1,4.412,5.242,9.654
125,768,,TGO,TG,768,4,Country/Area,914,Togo,2,Medium,1980,1980,65,65,1,4.13,4.982,9.112
125,768,,TGO,TG,768,4,Country/Area,914,Togo,2,Medium,1980,1980,66,66,1,3.854,4.723,8.576
125,768,,TGO,TG,768,4,Country/Area,914,Togo,2,Medium,1980,1980,67,67,1,3.577,4.449,8.025
125,768,,TGO,TG,768,4,Country/Area,914,Togo,2,Medium,1980,1980,68,68,1,3.296,4.138,7.434
125,768,,TGO,TG,768,4,Country/Area,914,Togo,2,Medium,1980,1980,69,69,1,3.017,3.807,6.824
125,768,,TGO,TG,768,4,Country/Area,914,Togo,2,Medium,1980,1980,70,70,1,2.744,3.483,6.228
125,768,,TGO,TG,768,4,Country/Area,914,Togo,2,Medium,1980,1980,71,71,1,2.48,3.167,5.648
125,768,,TGO,TG,768,4,Country/Area,914,Togo,2,Medium,1980,1980,72,72,1,2.223,2.856,5.079
125,768,,TGO,TG,768,4,Country/Area,914,Togo,2,Medium,1980,1980,73,73,1,1.978,2.561,4.539
125,768,,TGO,TG,768,4,Country/Area,914,Togo,2,Medium,1980,1980,74,74,1,1.744,2.283,4.027
125,768,,TGO,TG,768,4,Country/Area,914,Togo,2,Medium,1980,1980,75,75,1,1.522,2.014,3.535
125,768,,TGO,TG,768,4,Country/Area,914,Togo,2,Medium,1980,1980,76,76,1,1.313,1.756,3.068
125,768,,TGO,TG,768,4,Country/Area,914,Togo,2,Medium,1980,1980,77,77,1,1.119,1.516,2.636
125,768,,TGO,TG,768,4,Country/Area,914,Togo,2,Medium,1980,1980,78,78,1,0.947,1.297,2.244
125,768,,TGO,TG,768,4,Country/Area,914,Togo,2,Medium,1980,1980,79,79,1,0.791,1.097,1.888
125,768,,TGO,TG,768,4,Country/Area,914,Togo,2,Medium,1980,1980,80,80,1,0.652,0.914,1.565
125,768,,TGO,TG,768,4,Country/Area,914,Togo,2,Medium,1980,1980,81,81,1,0.529,0.748,1.277
125,768,,TGO,TG,768,4,Country/Area,914,Togo,2,Medium,1980,1980,82,82,1,0.422,0.602,1.024
125,768,,TGO,TG,768,4,Country/Area,914,Togo,2,Medium,1980,1980,83,83,1,0.33,0.477,0.807
125,768,,TGO,TG,768,4,Country/Area,914,Togo,2,Medium,1980,1980,84,84,1,0.252,0.371,0.622
125,768,,TGO,TG,768,4,Country/Area,914,Togo,2,Medium,1980,1980,85,85,1,0.186,0.283,0.469
125,768,,TGO,TG,768,4,Country/Area,914,Togo,2,Medium,1980,1980,86,86,1,0.134,0.211,0.345
125,768,,TGO,TG,768,4,Country/Area,914,Togo,2,Medium,1980,1980,87,87,1,0.094,0.153,0.247
125,768,,TGO,TG,768,4,Country/Area,914,Togo,2,Medium,1980,1980,88,88,1,0.064,0.109,0.173
125,768,,TGO,TG,768,4,Country/Area,914,Togo,2,Medium,1980,1980,89,89,1,0.043,0.074,0.117
125,768,,TGO,TG,768,4,Country/Area,914,Togo,2,Medium,1980,1980,90,90,1,0.028,0.049,0.077
125,768,,TGO,TG,768,4,Country/Area,914,Togo,2,Medium,1980,1980,91,91,1,0.017,0.032,0.049
125,768,,TGO,TG,768,4,Country/Area,914,Togo,2,Medium,1980,1980,92,92,1,0.01,0.02,0.03
125,768,,TGO,TG,768,4,Country/Area,914,Togo,2,Medium,1980,1980,93,93,1,0.006,0.012,0.018
125,768,,TGO,TG,768,4,Country/Area,914,Togo,2,Medium,1980,1980,94,94,1,0.003,0.007,0.01
125,768,,TGO,TG,768,4,Country/Area,914,Togo,2,Medium,1980,1980,95,95,1,0.002,0.004,0.006
125,768,,TGO,TG,768,4,Country/Area,914,Togo,2,Medium,1980,1980,96,96,1,0.001,0.002,0.003
125,768,,TGO,TG,768,4,Country/Area,914,Togo,2,Medium,1980,1980,97,97,1,0,0.001,0.001
125,768,,TGO,TG,768,4,Country/Area,914,Togo,2,Medium,1980,1980,98,98,1,0,0,0
125,768,,TGO,TG,768,4,Country/Area,914,Togo,2,Medium,1980,1980,99,99,1,0,0,0
125,768,,TGO,TG,768,4,Country/Area,914,Togo,2,Medium,1980,1980,100+,100,-1,0,0,0
125,768,,TGO,TG,768,4,Country/Area,914,Togo,2,Medium,1981,1981,0,0,1,63.873,62.81,126.683
125,768,,TGO,TG,768,4,Country/Area,914,Togo,2,Medium,1981,1981,1,1,1,58.773,58.267,117.04
125,768,,TGO,TG,768,4,Country/Area,914,Togo,2,Medium,1981,1981,2,2,1,55.537,55.243,110.78
125,768,,TGO,TG,768,4,Country/Area,914,Togo,2,Medium,1981,1981,3,3,1,53.061,52.817,105.878
125,768,,TGO,TG,768,4,Country/Area,914,Togo,2,Medium,1981,1981,4,4,1,51.017,50.782,101.799
125,768,,TGO,TG,768,4,Country/Area,914,Togo,2,Medium,1981,1981,5,5,1,49.106,48.898,98.004
125,768,,TGO,TG,768,4,Country/Area,914,Togo,2,Medium,1981,1981,6,6,1,47.236,47.074,94.309
125,768,,TGO,TG,768,4,Country/Area,914,Togo,2,Medium,1981,1981,7,7,1,45.431,45.346,90.776
125,768,,TGO,TG,768,4,Country/Area,914,Togo,2,Medium,1981,1981,8,8,1,43.667,43.679,87.346
125,768,,TGO,TG,768,4,Country/Area,914,Togo,2,Medium,1981,1981,9,9,1,42.005,42.093,84.097
125,768,,TGO,TG,768,4,Country/Area,914,Togo,2,Medium,1981,1981,10,10,1,40.37,40.508,80.877
125,768,,TGO,TG,768,4,Country/Area,914,Togo,2,Medium,1981,1981,11,11,1,38.782,38.961,77.743
125,768,,TGO,TG,768,4,Country/Area,914,Togo,2,Medium,1981,1981,12,12,1,37.26,37.465,74.724
125,768,,TGO,TG,768,4,Country/Area,914,Togo,2,Medium,1981,1981,13,13,1,35.835,36.06,71.895
125,768,,TGO,TG,768,4,Country/Area,914,Togo,2,Medium,1981,1981,14,14,1,34.581,34.819,69.4
125,768,,TGO,TG,768,4,Country/Area,914,Togo,2,Medium,1981,1981,15,15,1,33.328,33.578,66.906
125,768,,TGO,TG,768,4,Country/Area,914,Togo,2,Medium,1981,1981,16,16,1,32.059,32.319,64.378
125,768,,TGO,TG,768,4,Country/Area,914,Togo,2,Medium,1981,1981,17,17,1,30.849,31.116,61.965
125,768,,TGO,TG,768,4,Country/Area,914,Togo,2,Medium,1981,1981,18,18,1,29.651,29.919,59.571
125,768,,TGO,TG,768,4,Country/Area,914,Togo,2,Medium,1981,1981,19,19,1,28.463,28.74,57.203
125,768,,TGO,TG,768,4,Country/Area,914,Togo,2,Medium,1981,1981,20,20,1,27.362,27.653,55.015
125,768,,TGO,TG,768,4,Country/Area,914,Togo,2,Medium,1981,1981,21,21,1,26.345,26.649,52.993
125,768,,TGO,TG,768,4,Country/Area,914,Togo,2,Medium,1981,1981,22,22,1,25.373,25.692,51.065
125,768,,TGO,TG,768,4,Country/Area,914,Togo,2,Medium,1981,1981,23,23,1,24.462,24.797,49.259
125,768,,TGO,TG,768,4,Country/Area,914,Togo,2,Medium,1981,1981,24,24,1,23.611,23.958,47.569
125,768,,TGO,TG,768,4,Country/Area,914,Togo,2,Medium,1981,1981,25,25,1,22.781,23.137,45.918
125,768,,TGO,TG,768,4,Country/Area,914,Togo,2,Medium,1981,1981,26,26,1,22.011,22.372,44.382
125,768,,TGO,TG,768,4,Country/Area,914,Togo,2,Medium,1981,1981,27,27,1,21.304,21.664,42.968
125,768,,TGO,TG,768,4,Country/Area,914,Togo,2,Medium,1981,1981,28,28,1,20.616,20.974,41.59
125,768,,TGO,TG,768,4,Country/Area,914,Togo,2,Medium,1981,1981,29,29,1,19.929,20.285,40.215
125,768,,TGO,TG,768,4,Country/Area,914,Togo,2,Medium,1981,1981,30,30,1,19.281,19.64,38.92
125,768,,TGO,TG,768,4,Country/Area,914,Togo,2,Medium,1981,1981,31,31,1,18.305,18.618,36.923
125,768,,TGO,TG,768,4,Country/Area,914,Togo,2,Medium,1981,1981,32,32,1,17.48,17.752,35.233
125,768,,TGO,TG,768,4,Country/Area,914,Togo,2,Medium,1981,1981,33,33,1,17.045,17.344,34.389
125,768,,TGO,TG,768,4,Country/Area,914,Togo,2,Medium,1981,1981,34,34,1,16.442,16.794,33.236
125,768,,TGO,TG,768,4,Country/Area,914,Togo,2,Medium,1981,1981,35,35,1,15.685,15.996,31.681
125,768,,TGO,TG,768,4,Country/Area,914,Togo,2,Medium,1981,1981,36,36,1,14.936,15.168,30.104
125,768,,TGO,TG,768,4,Country/Area,914,Togo,2,Medium,1981,1981,37,37,1,14.307,14.542,28.849
125,768,,TGO,TG,768,4,Country/Area,914,Togo,2,Medium,1981,1981,38,38,1,13.687,13.95,27.637
125,768,,TGO,TG,768,4,Country/Area,914,Togo,2,Medium,1981,1981,39,39,1,13.107,13.41,26.517
125,768,,TGO,TG,768,4,Country/Area,914,Togo,2,Medium,1981,1981,40,40,1,12.585,12.932,25.517
125,768,,TGO,TG,768,4,Country/Area,914,Togo,2,Medium,1981,1981,41,41,1,12.12,12.517,24.637
125,768,,TGO,TG,768,4,Country/Area,914,Togo,2,Medium,1981,1981,42,42,1,11.7,12.171,23.87
125,768,,TGO,TG,768,4,Country/Area,914,Togo,2,Medium,1981,1981,43,43,1,11.299,11.834,23.132
125,768,,TGO,TG,768,4,Country/Area,914,Togo,2,Medium,1981,1981,44,44,1,10.892,11.444,22.336
125,768,,TGO,TG,768,4,Country/Area,914,Togo,2,Medium,1981,1981,45,45,1,10.487,11.03,21.517
125,768,,TGO,TG,768,4,Country/Area,914,Togo,2,Medium,1981,1981,46,46,1,10.114,10.659,20.773
125,768,,TGO,TG,768,4,Country/Area,914,Togo,2,Medium,1981,1981,47,47,1,9.781,10.335,20.116
125,768,,TGO,TG,768,4,Country/Area,914,Togo,2,Medium,1981,1981,48,48,1,9.451,10.015,19.466
125,768,,TGO,TG,768,4,Country/Area,914,Togo,2,Medium,1981,1981,49,49,1,9.105,9.691,18.796
125,768,,TGO,TG,768,4,Country/Area,914,Togo,2,Medium,1981,1981,50,50,1,8.752,9.366,18.119
125,768,,TGO,TG,768,4,Country/Area,914,Togo,2,Medium,1981,1981,51,51,1,8.414,9.05,17.464
125,768,,TGO,TG,768,4,Country/Area,914,Togo,2,Medium,1981,1981,52,52,1,8.095,8.745,16.841
125,768,,TGO,TG,768,4,Country/Area,914,Togo,2,Medium,1981,1981,53,53,1,7.781,8.447,16.227
125,768,,TGO,TG,768,4,Country/Area,914,Togo,2,Medium,1981,1981,54,54,1,7.465,8.152,15.617
125,768,,TGO,TG,768,4,Country/Area,914,Togo,2,Medium,1981,1981,55,55,1,7.15,7.862,15.012
125,768,,TGO,TG,768,4,Country/Area,914,Togo,2,Medium,1981,1981,56,56,1,6.838,7.577,14.416
125,768,,TGO,TG,768,4,Country/Area,914,Togo,2,Medium,1981,1981,57,57,1,6.527,7.298,13.825
125,768,,TGO,TG,768,4,Country/Area,914,Togo,2,Medium,1981,1981,58,58,1,6.223,7.021,13.243
125,768,,TGO,TG,768,4,Country/Area,914,Togo,2,Medium,1981,1981,59,59,1,5.936,6.742,12.678
125,768,,TGO,TG,768,4,Country/Area,914,Togo,2,Medium,1981,1981,60,60,1,5.661,6.465,12.126
125,768,,TGO,TG,768,4,Country/Area,914,Togo,2,Medium,1981,1981,61,61,1,5.384,6.184,11.568
125,768,,TGO,TG,768,4,Country/Area,914,Togo,2,Medium,1981,1981,62,62,1,5.104,5.895,10.999
125,768,,TGO,TG,768,4,Country/Area,914,Togo,2,Medium,1981,1981,63,63,1,4.825,5.611,10.435
125,768,,TGO,TG,768,4,Country/Area,914,Togo,2,Medium,1981,1981,64,64,1,4.539,5.343,9.882
125,768,,TGO,TG,768,4,Country/Area,914,Togo,2,Medium,1981,1981,65,65,1,4.25,5.083,9.334
125,768,,TGO,TG,768,4,Country/Area,914,Togo,2,Medium,1981,1981,66,66,1,3.967,4.817,8.784
125,768,,TGO,TG,768,4,Country/Area,914,Togo,2,Medium,1981,1981,67,67,1,3.688,4.551,8.239
125,768,,TGO,TG,768,4,Country/Area,914,Togo,2,Medium,1981,1981,68,68,1,3.409,4.271,7.68
125,768,,TGO,TG,768,4,Country/Area,914,Togo,2,Medium,1981,1981,69,69,1,3.127,3.955,7.082
125,768,,TGO,TG,768,4,Country/Area,914,Togo,2,Medium,1981,1981,70,70,1,2.846,3.619,6.465
125,768,,TGO,TG,768,4,Country/Area,914,Togo,2,Medium,1981,1981,71,71,1,2.574,3.291,5.865
125,768,,TGO,TG,768,4,Country/Area,914,Togo,2,Medium,1981,1981,72,72,1,2.309,2.973,5.282
125,768,,TGO,TG,768,4,Country/Area,914,Togo,2,Medium,1981,1981,73,73,1,2.054,2.66,4.715
125,768,,TGO,TG,768,4,Country/Area,914,Togo,2,Medium,1981,1981,74,74,1,1.812,2.368,4.18
125,768,,TGO,TG,768,4,Country/Area,914,Togo,2,Medium,1981,1981,75,75,1,1.583,2.092,3.675
125,768,,TGO,TG,768,4,Country/Area,914,Togo,2,Medium,1981,1981,76,76,1,1.367,1.828,3.195
125,768,,TGO,TG,768,4,Country/Area,914,Togo,2,Medium,1981,1981,77,77,1,1.165,1.577,2.742
125,768,,TGO,TG,768,4,Country/Area,914,Togo,2,Medium,1981,1981,78,78,1,0.982,1.345,2.328
125,768,,TGO,TG,768,4,Country/Area,914,Togo,2,Medium,1981,1981,79,79,1,0.819,1.135,1.954
125,768,,TGO,TG,768,4,Country/Area,914,Togo,2,Medium,1981,1981,80,80,1,0.673,0.946,1.619
125,768,,TGO,TG,768,4,Country/Area,914,Togo,2,Medium,1981,1981,81,81,1,0.546,0.775,1.32
125,768,,TGO,TG,768,4,Country/Area,914,Togo,2,Medium,1981,1981,82,82,1,0.435,0.623,1.058
125,768,,TGO,TG,768,4,Country/Area,914,Togo,2,Medium,1981,1981,83,83,1,0.341,0.493,0.834
125,768,,TGO,TG,768,4,Country/Area,914,Togo,2,Medium,1981,1981,84,84,1,0.261,0.383,0.644
125,768,,TGO,TG,768,4,Country/Area,914,Togo,2,Medium,1981,1981,85,85,1,0.195,0.292,0.487
125,768,,TGO,TG,768,4,Country/Area,914,Togo,2,Medium,1981,1981,86,86,1,0.141,0.218,0.359
125,768,,TGO,TG,768,4,Country/Area,914,Togo,2,Medium,1981,1981,87,87,1,0.099,0.158,0.257
125,768,,TGO,TG,768,4,Country/Area,914,Togo,2,Medium,1981,1981,88,88,1,0.067,0.112,0.179
125,768,,TGO,TG,768,4,Country/Area,914,Togo,2,Medium,1981,1981,89,89,1,0.044,0.077,0.121
125,768,,TGO,TG,768,4,Country/Area,914,Togo,2,Medium,1981,1981,90,90,1,0.028,0.051,0.079
125,768,,TGO,TG,768,4,Country/Area,914,Togo,2,Medium,1981,1981,91,91,1,0.018,0.033,0.05
125,768,,TGO,TG,768,4,Country/Area,914,Togo,2,Medium,1981,1981,92,92,1,0.01,0.02,0.03
125,768,,TGO,TG,768,4,Country/Area,914,Togo,2,Medium,1981,1981,93,93,1,0.006,0.012,0.018
125,768,,TGO,TG,768,4,Country/Area,914,Togo,2,Medium,1981,1981,94,94,1,0.003,0.007,0.01
125,768,,TGO,TG,768,4,Country/Area,914,Togo,2,Medium,1981,1981,95,95,1,0.002,0.004,0.006
125,768,,TGO,TG,768,4,Country/Area,914,Togo,2,Medium,1981,1981,96,96,1,0.001,0.002,0.003
125,768,,TGO,TG,768,4,Country/Area,914,Togo,2,Medium,1981,1981,97,97,1,0,0.001,0.001
125,768,,TGO,TG,768,4,Country/Area,914,Togo,2,Medium,1981,1981,98,98,1,0,0,0
125,768,,TGO,TG,768,4,Country/Area,914,Togo,2,Medium,1981,1981,99,99,1,0,0,0
125,768,,TGO,TG,768,4,Country/Area,914,Togo,2,Medium,1981,1981,100+,100,-1,0,0,0
125,768,,TGO,TG,768,4,Country/Area,914,Togo,2,Medium,1982,1982,0,0,1,65.469,64.311,129.78
125,768,,TGO,TG,768,4,Country/Area,914,Togo,2,Medium,1982,1982,1,1,1,60.339,59.778,120.116
125,768,,TGO,TG,768,4,Country/Area,914,Togo,2,Medium,1982,1982,2,2,1,57.061,56.729,113.79
125,768,,TGO,TG,768,4,Country/Area,914,Togo,2,Medium,1982,1982,3,3,1,54.599,54.352,108.951
125,768,,TGO,TG,768,4,Country/Area,914,Togo,2,Medium,1982,1982,4,4,1,52.548,52.303,104.852
125,768,,TGO,TG,768,4,Country/Area,914,Togo,2,Medium,1982,1982,5,5,1,50.739,50.487,101.225
125,768,,TGO,TG,768,4,Country/Area,914,Togo,2,Medium,1982,1982,6,6,1,48.957,48.731,97.688
125,768,,TGO,TG,768,4,Country/Area,914,Togo,2,Medium,1982,1982,7,7,1,47.159,46.981,94.14
125,768,,TGO,TG,768,4,Country/Area,914,Togo,2,Medium,1982,1982,8,8,1,45.395,45.295,90.691
125,768,,TGO,TG,768,4,Country/Area,914,Togo,2,Medium,1982,1982,9,9,1,43.652,43.654,87.305
125,768,,TGO,TG,768,4,Country/Area,914,Togo,2,Medium,1982,1982,10,10,1,42.001,42.081,84.081
125,768,,TGO,TG,768,4,Country/Area,914,Togo,2,Medium,1982,1982,11,11,1,40.371,40.501,80.871
125,768,,TGO,TG,768,4,Country/Area,914,Togo,2,Medium,1982,1982,12,12,1,38.783,38.955,77.738
125,768,,TGO,TG,768,4,Country/Area,914,Togo,2,Medium,1982,1982,13,13,1,37.258,37.456,74.713
125,768,,TGO,TG,768,4,Country/Area,914,Togo,2,Medium,1982,1982,14,14,1,35.83,36.044,71.874
125,768,,TGO,TG,768,4,Country/Area,914,Togo,2,Medium,1982,1982,15,15,1,34.569,34.797,69.366
125,768,,TGO,TG,768,4,Country/Area,914,Togo,2,Medium,1982,1982,16,16,1,33.309,33.547,66.855
125,768,,TGO,TG,768,4,Country/Area,914,Togo,2,Medium,1982,1982,17,17,1,32.03,32.279,64.309
125,768,,TGO,TG,768,4,Country/Area,914,Togo,2,Medium,1982,1982,18,18,1,30.81,31.069,61.879
125,768,,TGO,TG,768,4,Country/Area,914,Togo,2,Medium,1982,1982,19,19,1,29.601,29.867,59.468
125,768,,TGO,TG,768,4,Country/Area,914,Togo,2,Medium,1982,1982,20,20,1,28.404,28.684,57.087
125,768,,TGO,TG,768,4,Country/Area,914,Togo,2,Medium,1982,1982,21,21,1,27.294,27.595,54.889
125,768,,TGO,TG,768,4,Country/Area,914,Togo,2,Medium,1982,1982,22,22,1,26.271,26.59,52.861
125,768,,TGO,TG,768,4,Country/Area,914,Togo,2,Medium,1982,1982,23,23,1,25.299,25.631,50.93
125,768,,TGO,TG,768,4,Country/Area,914,Togo,2,Medium,1982,1982,24,24,1,24.39,24.735,49.126
125,768,,TGO,TG,768,4,Country/Area,914,Togo,2,Medium,1982,1982,25,25,1,23.542,23.896,47.438
125,768,,TGO,TG,768,4,Country/Area,914,Togo,2,Medium,1982,1982,26,26,1,22.717,23.076,45.792
125,768,,TGO,TG,768,4,Country/Area,914,Togo,2,Medium,1982,1982,27,27,1,21.951,22.31,44.261
125,768,,TGO,TG,768,4,Country/Area,914,Togo,2,Medium,1982,1982,28,28,1,21.247,21.602,42.849
125,768,,TGO,TG,768,4,Country/Area,914,Togo,2,Medium,1982,1982,29,29,1,20.559,20.913,41.472
125,768,,TGO,TG,768,4,Country/Area,914,Togo,2,Medium,1982,1982,30,30,1,19.872,20.226,40.098
125,768,,TGO,TG,768,4,Country/Area,914,Togo,2,Medium,1982,1982,31,31,1,19.221,19.581,38.802
125,768,,TGO,TG,768,4,Country/Area,914,Togo,2,Medium,1982,1982,32,32,1,18.245,18.562,36.807
125,768,,TGO,TG,768,4,Country/Area,914,Togo,2,Medium,1982,1982,33,33,1,17.422,17.698,35.12
125,768,,TGO,TG,768,4,Country/Area,914,Togo,2,Medium,1982,1982,34,34,1,16.985,17.29,34.275
125,768,,TGO,TG,768,4,Country/Area,914,Togo,2,Medium,1982,1982,35,35,1,16.382,16.739,33.121
125,768,,TGO,TG,768,4,Country/Area,914,Togo,2,Medium,1982,1982,36,36,1,15.626,15.941,31.567
125,768,,TGO,TG,768,4,Country/Area,914,Togo,2,Medium,1982,1982,37,37,1,14.877,15.114,29.991
125,768,,TGO,TG,768,4,Country/Area,914,Togo,2,Medium,1982,1982,38,38,1,14.248,14.489,28.736
125,768,,TGO,TG,768,4,Country/Area,914,Togo,2,Medium,1982,1982,39,39,1,13.627,13.896,27.523
125,768,,TGO,TG,768,4,Country/Area,914,Togo,2,Medium,1982,1982,40,40,1,13.044,13.356,26.401
125,768,,TGO,TG,768,4,Country/Area,914,Togo,2,Medium,1982,1982,41,41,1,12.521,12.877,25.398
125,768,,TGO,TG,768,4,Country/Area,914,Togo,2,Medium,1982,1982,42,42,1,12.052,12.463,24.515
125,768,,TGO,TG,768,4,Country/Area,914,Togo,2,Medium,1982,1982,43,43,1,11.63,12.117,23.747
125,768,,TGO,TG,768,4,Country/Area,914,Togo,2,Medium,1982,1982,44,44,1,11.227,11.78,23.007
125,768,,TGO,TG,768,4,Country/Area,914,Togo,2,Medium,1982,1982,45,45,1,10.818,11.391,22.209
125,768,,TGO,TG,768,4,Country/Area,914,Togo,2,Medium,1982,1982,46,46,1,10.412,10.977,21.389
125,768,,TGO,TG,768,4,Country/Area,914,Togo,2,Medium,1982,1982,47,47,1,10.037,10.604,20.641
125,768,,TGO,TG,768,4,Country/Area,914,Togo,2,Medium,1982,1982,48,48,1,9.7,10.279,19.98
125,768,,TGO,TG,768,4,Country/Area,914,Togo,2,Medium,1982,1982,49,49,1,9.367,9.957,19.323
125,768,,TGO,TG,768,4,Country/Area,914,Togo,2,Medium,1982,1982,50,50,1,9.018,9.628,18.646
125,768,,TGO,TG,768,4,Country/Area,914,Togo,2,Medium,1982,1982,51,51,1,8.661,9.3,17.96
125,768,,TGO,TG,768,4,Country/Area,914,Togo,2,Medium,1982,1982,52,52,1,8.319,8.98,17.299
125,768,,TGO,TG,768,4,Country/Area,914,Togo,2,Medium,1982,1982,53,53,1,7.996,8.672,16.668
125,768,,TGO,TG,768,4,Country/Area,914,Togo,2,Medium,1982,1982,54,54,1,7.678,8.37,16.047
125,768,,TGO,TG,768,4,Country/Area,914,Togo,2,Medium,1982,1982,55,55,1,7.358,8.072,15.43
125,768,,TGO,TG,768,4,Country/Area,914,Togo,2,Medium,1982,1982,56,56,1,7.04,7.779,14.819
125,768,,TGO,TG,768,4,Country/Area,914,Togo,2,Medium,1982,1982,57,57,1,6.724,7.491,14.216
125,768,,TGO,TG,768,4,Country/Area,914,Togo,2,Medium,1982,1982,58,58,1,6.409,7.206,13.614
125,768,,TGO,TG,768,4,Country/Area,914,Togo,2,Medium,1982,1982,59,59,1,6.099,6.922,13.021
125,768,,TGO,TG,768,4,Country/Area,914,Togo,2,Medium,1982,1982,60,60,1,5.808,6.636,12.444
125,768,,TGO,TG,768,4,Country/Area,914,Togo,2,Medium,1982,1982,61,61,1,5.527,6.35,11.877
125,768,,TGO,TG,768,4,Country/Area,914,Togo,2,Medium,1982,1982,62,62,1,5.243,6.061,11.303
125,768,,TGO,TG,768,4,Country/Area,914,Togo,2,Medium,1982,1982,63,63,1,4.959,5.763,10.723
125,768,,TGO,TG,768,4,Country/Area,914,Togo,2,Medium,1982,1982,64,64,1,4.675,5.471,10.146
125,768,,TGO,TG,768,4,Country/Area,914,Togo,2,Medium,1982,1982,65,65,1,4.386,5.197,9.582
125,768,,TGO,TG,768,4,Country/Area,914,Togo,2,Medium,1982,1982,66,66,1,4.095,4.93,9.024
125,768,,TGO,TG,768,4,Country/Area,914,Togo,2,Medium,1982,1982,67,67,1,3.808,4.657,8.464
125,768,,TGO,TG,768,4,Country/Area,914,Togo,2,Medium,1982,1982,68,68,1,3.526,4.383,7.909
125,768,,TGO,TG,768,4,Country/Area,914,Togo,2,Medium,1982,1982,69,69,1,3.244,4.094,7.338
125,768,,TGO,TG,768,4,Country/Area,914,Togo,2,Medium,1982,1982,70,70,1,2.959,3.772,6.731
125,768,,TGO,TG,768,4,Country/Area,914,Togo,2,Medium,1982,1982,71,71,1,2.678,3.431,6.109
125,768,,TGO,TG,768,4,Country/Area,914,Togo,2,Medium,1982,1982,72,72,1,2.405,3.099,5.504
125,768,,TGO,TG,768,4,Country/Area,914,Togo,2,Medium,1982,1982,73,73,1,2.14,2.779,4.92
125,768,,TGO,TG,768,4,Country/Area,914,Togo,2,Medium,1982,1982,74,74,1,1.888,2.468,4.356
125,768,,TGO,TG,768,4,Country/Area,914,Togo,2,Medium,1982,1982,75,75,1,1.65,2.178,3.828
125,768,,TGO,TG,768,4,Country/Area,914,Togo,2,Medium,1982,1982,76,76,1,1.427,1.907,3.333
125,768,,TGO,TG,768,4,Country/Area,914,Togo,2,Medium,1982,1982,77,77,1,1.218,1.649,2.866
125,768,,TGO,TG,768,4,Country/Area,914,Togo,2,Medium,1982,1982,78,78,1,1.026,1.406,2.431
125,768,,TGO,TG,768,4,Country/Area,914,Togo,2,Medium,1982,1982,79,79,1,0.853,1.183,2.035
125,768,,TGO,TG,768,4,Country/Area,914,Togo,2,Medium,1982,1982,80,80,1,0.7,0.983,1.683
125,768,,TGO,TG,768,4,Country/Area,914,Togo,2,Medium,1982,1982,81,81,1,0.566,0.805,1.371
125,768,,TGO,TG,768,4,Country/Area,914,Togo,2,Medium,1982,1982,82,82,1,0.451,0.649,1.099
125,768,,TGO,TG,768,4,Country/Area,914,Togo,2,Medium,1982,1982,83,83,1,0.353,0.513,0.866
125,768,,TGO,TG,768,4,Country/Area,914,Togo,2,Medium,1982,1982,84,84,1,0.271,0.398,0.669
125,768,,TGO,TG,768,4,Country/Area,914,Togo,2,Medium,1982,1982,85,85,1,0.203,0.303,0.506
125,768,,TGO,TG,768,4,Country/Area,914,Togo,2,Medium,1982,1982,86,86,1,0.148,0.227,0.374
125,768,,TGO,TG,768,4,Country/Area,914,Togo,2,Medium,1982,1982,87,87,1,0.104,0.165,0.268
125,768,,TGO,TG,768,4,Country/Area,914,Togo,2,Medium,1982,1982,88,88,1,0.07,0.117,0.187
125,768,,TGO,TG,768,4,Country/Area,914,Togo,2,Medium,1982,1982,89,89,1,0.046,0.08,0.126
125,768,,TGO,TG,768,4,Country/Area,914,Togo,2,Medium,1982,1982,90,90,1,0.029,0.053,0.082
125,768,,TGO,TG,768,4,Country/Area,914,Togo,2,Medium,1982,1982,91,91,1,0.018,0.034,0.052
125,768,,TGO,TG,768,4,Country/Area,914,Togo,2,Medium,1982,1982,92,92,1,0.011,0.021,0.031
125,768,,TGO,TG,768,4,Country/Area,914,Togo,2,Medium,1982,1982,93,93,1,0.006,0.012,0.018
125,768,,TGO,TG,768,4,Country/Area,914,Togo,2,Medium,1982,1982,94,94,1,0.003,0.007,0.01
125,768,,TGO,TG,768,4,Country/Area,914,Togo,2,Medium,1982,1982,95,95,1,0.002,0.004,0.006
125,768,,TGO,TG,768,4,Country/Area,914,Togo,2,Medium,1982,1982,96,96,1,0.001,0.002,0.003
125,768,,TGO,TG,768,4,Country/Area,914,Togo,2,Medium,1982,1982,97,97,1,0,0.001,0.001
125,768,,TGO,TG,768,4,Country/Area,914,Togo,2,Medium,1982,1982,98,98,1,0,0.001,0.001
125,768,,TGO,TG,768,4,Country/Area,914,Togo,2,Medium,1982,1982,99,99,1,0,0,0
125,768,,TGO,TG,768,4,Country/Area,914,Togo,2,Medium,1982,1982,100+,100,-1,0,0,0
125,768,,TGO,TG,768,4,Country/Area,914,Togo,2,Medium,1983,1983,0,0,1,67.06,65.802,132.862
125,768,,TGO,TG,768,4,Country/Area,914,Togo,2,Medium,1983,1983,1,1,1,61.987,61.364,123.352
125,768,,TGO,TG,768,4,Country/Area,914,Togo,2,Medium,1983,1983,2,2,1,58.698,58.309,117.007
125,768,,TGO,TG,768,4,Country/Area,914,Togo,2,Medium,1983,1983,3,3,1,56.184,55.901,112.086
125,768,,TGO,TG,768,4,Country/Area,914,Togo,2,Medium,1983,1983,4,4,1,54.142,53.896,108.037
125,768,,TGO,TG,768,4,Country/Area,914,Togo,2,Medium,1983,1983,5,5,1,52.322,52.063,104.384
125,768,,TGO,TG,768,4,Country/Area,914,Togo,2,Medium,1983,1983,6,6,1,50.638,50.37,101.008
125,768,,TGO,TG,768,4,Country/Area,914,Togo,2,Medium,1983,1983,7,7,1,48.927,48.687,97.614
125,768,,TGO,TG,768,4,Country/Area,914,Togo,2,Medium,1983,1983,8,8,1,47.167,46.977,94.144
125,768,,TGO,TG,768,4,Country/Area,914,Togo,2,Medium,1983,1983,9,9,1,45.422,45.314,90.737
125,768,,TGO,TG,768,4,Country/Area,914,Togo,2,Medium,1983,1983,10,10,1,43.69,43.684,87.373
125,768,,TGO,TG,768,4,Country/Area,914,Togo,2,Medium,1983,1983,11,11,1,42.041,42.114,84.154
125,768,,TGO,TG,768,4,Country/Area,914,Togo,2,Medium,1983,1983,12,12,1,40.41,40.533,80.944
125,768,,TGO,TG,768,4,Country/Area,914,Togo,2,Medium,1983,1983,13,13,1,38.819,38.983,77.801
125,768,,TGO,TG,768,4,Country/Area,914,Togo,2,Medium,1983,1983,14,14,1,37.287,37.477,74.763
125,768,,TGO,TG,768,4,Country/Area,914,Togo,2,Medium,1983,1983,15,15,1,35.852,36.057,71.909
125,768,,TGO,TG,768,4,Country/Area,914,Togo,2,Medium,1983,1983,16,16,1,34.581,34.8,69.381
125,768,,TGO,TG,768,4,Country/Area,914,Togo,2,Medium,1983,1983,17,17,1,33.31,33.539,66.85
125,768,,TGO,TG,768,4,Country/Area,914,Togo,2,Medium,1983,1983,18,18,1,32.02,32.264,64.284
125,768,,TGO,TG,768,4,Country/Area,914,Togo,2,Medium,1983,1983,19,19,1,30.788,31.047,61.835
125,768,,TGO,TG,768,4,Country/Area,914,Togo,2,Medium,1983,1983,20,20,1,29.568,29.84,59.408
125,768,,TGO,TG,768,4,Country/Area,914,Togo,2,Medium,1983,1983,21,21,1,28.361,28.654,57.015
125,768,,TGO,TG,768,4,Country/Area,914,Togo,2,Medium,1983,1983,22,22,1,27.246,27.563,54.809
125,768,,TGO,TG,768,4,Country/Area,914,Togo,2,Medium,1983,1983,23,23,1,26.221,26.555,52.776
125,768,,TGO,TG,768,4,Country/Area,914,Togo,2,Medium,1983,1983,24,24,1,25.249,25.595,50.844
125,768,,TGO,TG,768,4,Country/Area,914,Togo,2,Medium,1983,1983,25,25,1,24.344,24.698,49.042
125,768,,TGO,TG,768,4,Country/Area,914,Togo,2,Medium,1983,1983,26,26,1,23.5,23.858,47.358
125,768,,TGO,TG,768,4,Country/Area,914,Togo,2,Medium,1983,1983,27,27,1,22.678,23.036,45.715
125,768,,TGO,TG,768,4,Country/Area,914,Togo,2,Medium,1983,1983,28,28,1,21.914,22.27,44.184
125,768,,TGO,TG,768,4,Country/Area,914,Togo,2,Medium,1983,1983,29,29,1,21.21,21.563,42.773
125,768,,TGO,TG,768,4,Country/Area,914,Togo,2,Medium,1983,1983,30,30,1,20.521,20.874,41.395
125,768,,TGO,TG,768,4,Country/Area,914,Togo,2,Medium,1983,1983,31,31,1,19.831,20.188,40.019
125,768,,TGO,TG,768,4,Country/Area,914,Togo,2,Medium,1983,1983,32,32,1,19.177,19.542,38.719
125,768,,TGO,TG,768,4,Country/Area,914,Togo,2,Medium,1983,1983,33,33,1,18.201,18.524,36.725
125,768,,TGO,TG,768,4,Country/Area,914,Togo,2,Medium,1983,1983,34,34,1,17.378,17.662,35.04
125,768,,TGO,TG,768,4,Country/Area,914,Togo,2,Medium,1983,1983,35,35,1,16.94,17.252,34.191
125,768,,TGO,TG,768,4,Country/Area,914,Togo,2,Medium,1983,1983,36,36,1,16.337,16.7,33.036
125,768,,TGO,TG,768,4,Country/Area,914,Togo,2,Medium,1983,1983,37,37,1,15.579,15.9,31.48
125,768,,TGO,TG,768,4,Country/Area,914,Togo,2,Medium,1983,1983,38,38,1,14.832,15.073,29.905
125,768,,TGO,TG,768,4,Country/Area,914,Togo,2,Medium,1983,1983,39,39,1,14.199,14.447,28.646
125,768,,TGO,TG,768,4,Country/Area,914,Togo,2,Medium,1983,1983,40,40,1,13.575,13.854,27.43
125,768,,TGO,TG,768,4,Country/Area,914,Togo,2,Medium,1983,1983,41,41,1,12.991,13.315,26.305
125,768,,TGO,TG,768,4,Country/Area,914,Togo,2,Medium,1983,1983,42,42,1,12.463,12.836,25.3
125,768,,TGO,TG,768,4,Country/Area,914,Togo,2,Medium,1983,1983,43,43,1,11.992,12.422,24.415
125,768,,TGO,TG,768,4,Country/Area,914,Togo,2,Medium,1983,1983,44,44,1,11.568,12.075,23.643
125,768,,TGO,TG,768,4,Country/Area,914,Togo,2,Medium,1983,1983,45,45,1,11.162,11.738,22.9
125,768,,TGO,TG,768,4,Country/Area,914,Togo,2,Medium,1983,1983,46,46,1,10.752,11.348,22.099
125,768,,TGO,TG,768,4,Country/Area,914,Togo,2,Medium,1983,1983,47,47,1,10.343,10.932,21.276
125,768,,TGO,TG,768,4,Country/Area,914,Togo,2,Medium,1983,1983,48,48,1,9.966,10.558,20.523
125,768,,TGO,TG,768,4,Country/Area,914,Togo,2,Medium,1983,1983,49,49,1,9.625,10.229,19.855
125,768,,TGO,TG,768,4,Country/Area,914,Togo,2,Medium,1983,1983,50,50,1,9.288,9.903,19.191
125,768,,TGO,TG,768,4,Country/Area,914,Togo,2,Medium,1983,1983,51,51,1,8.934,9.57,18.505
125,768,,TGO,TG,768,4,Country/Area,914,Togo,2,Medium,1983,1983,52,52,1,8.572,9.238,17.81
125,768,,TGO,TG,768,4,Country/Area,914,Togo,2,Medium,1983,1983,53,53,1,8.226,8.915,17.14
125,768,,TGO,TG,768,4,Country/Area,914,Togo,2,Medium,1983,1983,54,54,1,7.899,8.602,16.501
125,768,,TGO,TG,768,4,Country/Area,914,Togo,2,Medium,1983,1983,55,55,1,7.575,8.297,15.873
125,768,,TGO,TG,768,4,Country/Area,914,Togo,2,Medium,1983,1983,56,56,1,7.253,7.996,15.248
125,768,,TGO,TG,768,4,Country/Area,914,Togo,2,Medium,1983,1983,57,57,1,6.93,7.699,14.629
125,768,,TGO,TG,768,4,Country/Area,914,Togo,2,Medium,1983,1983,58,58,1,6.61,7.406,14.015
125,768,,TGO,TG,768,4,Country/Area,914,Togo,2,Medium,1983,1983,59,59,1,6.289,7.114,13.402
125,768,,TGO,TG,768,4,Country/Area,914,Togo,2,Medium,1983,1983,60,60,1,5.974,6.822,12.796
125,768,,TGO,TG,768,4,Country/Area,914,Togo,2,Medium,1983,1983,61,61,1,5.676,6.527,12.203
125,768,,TGO,TG,768,4,Country/Area,914,Togo,2,Medium,1983,1983,62,62,1,5.388,6.231,11.62
125,768,,TGO,TG,768,4,Country/Area,914,Togo,2,Medium,1983,1983,63,63,1,5.1,5.934,11.034
125,768,,TGO,TG,768,4,Country/Area,914,Togo,2,Medium,1983,1983,64,64,1,4.811,5.629,10.44
125,768,,TGO,TG,768,4,Country/Area,914,Togo,2,Medium,1983,1983,65,65,1,4.523,5.329,9.851
125,768,,TGO,TG,768,4,Country/Area,914,Togo,2,Medium,1983,1983,66,66,1,4.23,5.048,9.277
125,768,,TGO,TG,768,4,Country/Area,914,Togo,2,Medium,1983,1983,67,67,1,3.935,4.773,8.707
125,768,,TGO,TG,768,4,Country/Area,914,Togo,2,Medium,1983,1983,68,68,1,3.645,4.492,8.136
125,768,,TGO,TG,768,4,Country/Area,914,Togo,2,Medium,1983,1983,69,69,1,3.36,4.208,7.568
125,768,,TGO,TG,768,4,Country/Area,914,Togo,2,Medium,1983,1983,70,70,1,3.075,3.911,6.986
125,768,,TGO,TG,768,4,Country/Area,914,Togo,2,Medium,1983,1983,71,71,1,2.789,3.582,6.371
125,768,,TGO,TG,768,4,Country/Area,914,Togo,2,Medium,1983,1983,72,72,1,2.506,3.237,5.742
125,768,,TGO,TG,768,4,Country/Area,914,Togo,2,Medium,1983,1983,73,73,1,2.232,2.903,5.136
125,768,,TGO,TG,768,4,Country/Area,914,Togo,2,Medium,1983,1983,74,74,1,1.971,2.583,4.554
125,768,,TGO,TG,768,4,Country/Area,914,Togo,2,Medium,1983,1983,75,75,1,1.722,2.275,3.998
125,768,,TGO,TG,768,4,Country/Area,914,Togo,2,Medium,1983,1983,76,76,1,1.49,1.989,3.479
125,768,,TGO,TG,768,4,Country/Area,914,Togo,2,Medium,1983,1983,77,77,1,1.274,1.723,2.997
125,768,,TGO,TG,768,4,Country/Area,914,Togo,2,Medium,1983,1983,78,78,1,1.074,1.472,2.547
125,768,,TGO,TG,768,4,Country/Area,914,Togo,2,Medium,1983,1983,79,79,1,0.892,1.238,2.13
125,768,,TGO,TG,768,4,Country/Area,914,Togo,2,Medium,1983,1983,80,80,1,0.731,1.026,1.757
125,768,,TGO,TG,768,4,Country/Area,914,Togo,2,Medium,1983,1983,81,81,1,0.59,0.839,1.429
125,768,,TGO,TG,768,4,Country/Area,914,Togo,2,Medium,1983,1983,82,82,1,0.469,0.676,1.145
125,768,,TGO,TG,768,4,Country/Area,914,Togo,2,Medium,1983,1983,83,83,1,0.367,0.535,0.901
125,768,,TGO,TG,768,4,Country/Area,914,Togo,2,Medium,1983,1983,84,84,1,0.281,0.414,0.695
125,768,,TGO,TG,768,4,Country/Area,914,Togo,2,Medium,1983,1983,85,85,1,0.211,0.316,0.527
125,768,,TGO,TG,768,4,Country/Area,914,Togo,2,Medium,1983,1983,86,86,1,0.154,0.236,0.39
125,768,,TGO,TG,768,4,Country/Area,914,Togo,2,Medium,1983,1983,87,87,1,0.109,0.172,0.281
125,768,,TGO,TG,768,4,Country/Area,914,Togo,2,Medium,1983,1983,88,88,1,0.074,0.122,0.196
125,768,,TGO,TG,768,4,Country/Area,914,Togo,2,Medium,1983,1983,89,89,1,0.049,0.084,0.132
125,768,,TGO,TG,768,4,Country/Area,914,Togo,2,Medium,1983,1983,90,90,1,0.031,0.055,0.086
125,768,,TGO,TG,768,4,Country/Area,914,Togo,2,Medium,1983,1983,91,91,1,0.019,0.035,0.054
125,768,,TGO,TG,768,4,Country/Area,914,Togo,2,Medium,1983,1983,92,92,1,0.011,0.022,0.033
125,768,,TGO,TG,768,4,Country/Area,914,Togo,2,Medium,1983,1983,93,93,1,0.006,0.013,0.019
125,768,,TGO,TG,768,4,Country/Area,914,Togo,2,Medium,1983,1983,94,94,1,0.003,0.007,0.01
125,768,,TGO,TG,768,4,Country/Area,914,Togo,2,Medium,1983,1983,95,95,1,0.002,0.004,0.006
125,768,,TGO,TG,768,4,Country/Area,914,Togo,2,Medium,1983,1983,96,96,1,0.001,0.002,0.003
125,768,,TGO,TG,768,4,Country/Area,914,Togo,2,Medium,1983,1983,97,97,1,0,0.001,0.001
125,768,,TGO,TG,768,4,Country/Area,914,Togo,2,Medium,1983,1983,98,98,1,0,0.001,0.001
125,768,,TGO,TG,768,4,Country/Area,914,Togo,2,Medium,1983,1983,99,99,1,0,0,0
125,768,,TGO,TG,768,4,Country/Area,914,Togo,2,Medium,1983,1983,100+,100,-1,0,0,0
125,768,,TGO,TG,768,4,Country/Area,914,Togo,2,Medium,1984,1984,0,0,1,68.629,67.275,135.904
125,768,,TGO,TG,768,4,Country/Area,914,Togo,2,Medium,1984,1984,1,1,1,63.56,62.868,126.428
125,768,,TGO,TG,768,4,Country/Area,914,Togo,2,Medium,1984,1984,2,2,1,60.349,59.894,120.243
125,768,,TGO,TG,768,4,Country/Area,914,Togo,2,Medium,1984,1984,3,3,1,57.812,57.476,115.287
125,768,,TGO,TG,768,4,Country/Area,914,Togo,2,Medium,1984,1984,4,4,1,55.715,55.438,111.153
125,768,,TGO,TG,768,4,Country/Area,914,Togo,2,Medium,1984,1984,5,5,1,53.901,53.647,107.548
125,768,,TGO,TG,768,4,Country/Area,914,Togo,2,Medium,1984,1984,6,6,1,52.209,51.938,104.146
125,768,,TGO,TG,768,4,Country/Area,914,Togo,2,Medium,1984,1984,7,7,1,50.596,50.318,100.913
125,768,,TGO,TG,768,4,Country/Area,914,Togo,2,Medium,1984,1984,8,8,1,48.923,48.674,97.597
125,768,,TGO,TG,768,4,Country/Area,914,Togo,2,Medium,1984,1984,9,9,1,47.184,46.987,94.171
125,768,,TGO,TG,768,4,Country/Area,914,Togo,2,Medium,1984,1984,10,10,1,45.45,45.336,90.785
125,768,,TGO,TG,768,4,Country/Area,914,Togo,2,Medium,1984,1984,11,11,1,43.719,43.709,87.429
125,768,,TGO,TG,768,4,Country/Area,914,Togo,2,Medium,1984,1984,12,12,1,42.071,42.139,84.21
125,768,,TGO,TG,768,4,Country/Area,914,Togo,2,Medium,1984,1984,13,13,1,40.436,40.554,80.99
125,768,,TGO,TG,768,4,Country/Area,914,Togo,2,Medium,1984,1984,14,14,1,38.839,38.996,77.835
125,768,,TGO,TG,768,4,Country/Area,914,Togo,2,Medium,1984,1984,15,15,1,37.3,37.481,74.782
125,768,,TGO,TG,768,4,Country/Area,914,Togo,2,Medium,1984,1984,16,16,1,35.855,36.053,71.909
125,768,,TGO,TG,768,4,Country/Area,914,Togo,2,Medium,1984,1984,17,17,1,34.575,34.786,69.361
125,768,,TGO,TG,768,4,Country/Area,914,Togo,2,Medium,1984,1984,18,18,1,33.292,33.517,66.809
125,768,,TGO,TG,768,4,Country/Area,914,Togo,2,Medium,1984,1984,19,19,1,31.991,32.236,64.227
125,768,,TGO,TG,768,4,Country/Area,914,Togo,2,Medium,1984,1984,20,20,1,30.747,31.013,61.76
125,768,,TGO,TG,768,4,Country/Area,914,Togo,2,Medium,1984,1984,21,21,1,29.517,29.803,59.321
125,768,,TGO,TG,768,4,Country/Area,914,Togo,2,Medium,1984,1984,22,22,1,28.305,28.615,56.92
125,768,,TGO,TG,768,4,Country/Area,914,Togo,2,Medium,1984,1984,23,23,1,27.187,27.522,54.709
125,768,,TGO,TG,768,4,Country/Area,914,Togo,2,Medium,1984,1984,24,24,1,26.163,26.514,52.676
125,768,,TGO,TG,768,4,Country/Area,914,Togo,2,Medium,1984,1984,25,25,1,25.196,25.552,50.748
125,768,,TGO,TG,768,4,Country/Area,914,Togo,2,Medium,1984,1984,26,26,1,24.296,24.654,48.95
125,768,,TGO,TG,768,4,Country/Area,914,Togo,2,Medium,1984,1984,27,27,1,23.456,23.813,47.269
125,768,,TGO,TG,768,4,Country/Area,914,Togo,2,Medium,1984,1984,28,28,1,22.635,22.991,45.627
125,768,,TGO,TG,768,4,Country/Area,914,Togo,2,Medium,1984,1984,29,29,1,21.871,22.226,44.097
125,768,,TGO,TG,768,4,Country/Area,914,Togo,2,Medium,1984,1984,30,30,1,21.166,21.519,42.684
125,768,,TGO,TG,768,4,Country/Area,914,Togo,2,Medium,1984,1984,31,31,1,20.474,20.831,41.306
125,768,,TGO,TG,768,4,Country/Area,914,Togo,2,Medium,1984,1984,32,32,1,19.783,20.145,39.928
125,768,,TGO,TG,768,4,Country/Area,914,Togo,2,Medium,1984,1984,33,33,1,19.127,19.498,38.625
125,768,,TGO,TG,768,4,Country/Area,914,Togo,2,Medium,1984,1984,34,34,1,18.151,18.482,36.633
125,768,,TGO,TG,768,4,Country/Area,914,Togo,2,Medium,1984,1984,35,35,1,17.329,17.62,34.95
125,768,,TGO,TG,768,4,Country/Area,914,Togo,2,Medium,1984,1984,36,36,1,16.89,17.209,34.099
125,768,,TGO,TG,768,4,Country/Area,914,Togo,2,Medium,1984,1984,37,37,1,16.285,16.656,32.941
125,768,,TGO,TG,768,4,Country/Area,914,Togo,2,Medium,1984,1984,38,38,1,15.527,15.855,31.383
125,768,,TGO,TG,768,4,Country/Area,914,Togo,2,Medium,1984,1984,39,39,1,14.777,15.028,29.806
125,768,,TGO,TG,768,4,Country/Area,914,Togo,2,Medium,1984,1984,40,40,1,14.143,14.402,28.545
125,768,,TGO,TG,768,4,Country/Area,914,Togo,2,Medium,1984,1984,41,41,1,13.517,13.809,27.326
125,768,,TGO,TG,768,4,Country/Area,914,Togo,2,Medium,1984,1984,42,42,1,12.929,13.27,26.198
125,768,,TGO,TG,768,4,Country/Area,914,Togo,2,Medium,1984,1984,43,43,1,12.399,12.791,25.191
125,768,,TGO,TG,768,4,Country/Area,914,Togo,2,Medium,1984,1984,44,44,1,11.925,12.377,24.303
125,768,,TGO,TG,768,4,Country/Area,914,Togo,2,Medium,1984,1984,45,45,1,11.499,12.03,23.53
125,768,,TGO,TG,768,4,Country/Area,914,Togo,2,Medium,1984,1984,46,46,1,11.091,11.691,22.782
125,768,,TGO,TG,768,4,Country/Area,914,Togo,2,Medium,1984,1984,47,47,1,10.679,11.3,21.979
125,768,,TGO,TG,768,4,Country/Area,914,Togo,2,Medium,1984,1984,48,48,1,10.268,10.883,21.151
125,768,,TGO,TG,768,4,Country/Area,914,Togo,2,Medium,1984,1984,49,49,1,9.886,10.505,20.392
125,768,,TGO,TG,768,4,Country/Area,914,Togo,2,Medium,1984,1984,50,50,1,9.542,10.173,19.715
125,768,,TGO,TG,768,4,Country/Area,914,Togo,2,Medium,1984,1984,51,51,1,9.199,9.842,19.041
125,768,,TGO,TG,768,4,Country/Area,914,Togo,2,Medium,1984,1984,52,52,1,8.841,9.505,18.346
125,768,,TGO,TG,768,4,Country/Area,914,Togo,2,Medium,1984,1984,53,53,1,8.475,9.169,17.643
125,768,,TGO,TG,768,4,Country/Area,914,Togo,2,Medium,1984,1984,54,54,1,8.123,8.842,16.965
125,768,,TGO,TG,768,4,Country/Area,914,Togo,2,Medium,1984,1984,55,55,1,7.793,8.527,16.32
125,768,,TGO,TG,768,4,Country/Area,914,Togo,2,Medium,1984,1984,56,56,1,7.465,8.219,15.684
125,768,,TGO,TG,768,4,Country/Area,914,Togo,2,Medium,1984,1984,57,57,1,7.138,7.913,15.051
125,768,,TGO,TG,768,4,Country/Area,914,Togo,2,Medium,1984,1984,58,58,1,6.811,7.611,14.422
125,768,,TGO,TG,768,4,Country/Area,914,Togo,2,Medium,1984,1984,59,59,1,6.485,7.31,13.795
125,768,,TGO,TG,768,4,Country/Area,914,Togo,2,Medium,1984,1984,60,60,1,6.159,7.01,13.168
125,768,,TGO,TG,768,4,Country/Area,914,Togo,2,Medium,1984,1984,61,61,1,5.838,6.708,12.546
125,768,,TGO,TG,768,4,Country/Area,914,Togo,2,Medium,1984,1984,62,62,1,5.534,6.406,11.939
125,768,,TGO,TG,768,4,Country/Area,914,Togo,2,Medium,1984,1984,63,63,1,5.241,6.101,11.342
125,768,,TGO,TG,768,4,Country/Area,914,Togo,2,Medium,1984,1984,64,64,1,4.947,5.795,10.742
125,768,,TGO,TG,768,4,Country/Area,914,Togo,2,Medium,1984,1984,65,65,1,4.654,5.483,10.136
125,768,,TGO,TG,768,4,Country/Area,914,Togo,2,Medium,1984,1984,66,66,1,4.362,5.177,9.539
125,768,,TGO,TG,768,4,Country/Area,914,Togo,2,Medium,1984,1984,67,67,1,4.066,4.888,8.954
125,768,,TGO,TG,768,4,Country/Area,914,Togo,2,Medium,1984,1984,68,68,1,3.767,4.604,8.371
125,768,,TGO,TG,768,4,Country/Area,914,Togo,2,Medium,1984,1984,69,69,1,3.474,4.314,7.787
125,768,,TGO,TG,768,4,Country/Area,914,Togo,2,Medium,1984,1984,70,70,1,3.185,4.021,7.207
125,768,,TGO,TG,768,4,Country/Area,914,Togo,2,Medium,1984,1984,71,71,1,2.898,3.716,6.613
125,768,,TGO,TG,768,4,Country/Area,914,Togo,2,Medium,1984,1984,72,72,1,2.61,3.381,5.99
125,768,,TGO,TG,768,4,Country/Area,914,Togo,2,Medium,1984,1984,73,73,1,2.326,3.034,5.36
125,768,,TGO,TG,768,4,Country/Area,914,Togo,2,Medium,1984,1984,74,74,1,2.056,2.7,4.756
125,768,,TGO,TG,768,4,Country/Area,914,Togo,2,Medium,1984,1984,75,75,1,1.799,2.382,4.181
125,768,,TGO,TG,768,4,Country/Area,914,Togo,2,Medium,1984,1984,76,76,1,1.556,2.079,3.636
125,768,,TGO,TG,768,4,Country/Area,914,Togo,2,Medium,1984,1984,77,77,1,1.331,1.799,3.13
125,768,,TGO,TG,768,4,Country/Area,914,Togo,2,Medium,1984,1984,78,78,1,1.123,1.541,2.664
125,768,,TGO,TG,768,4,Country/Area,914,Togo,2,Medium,1984,1984,79,79,1,0.935,1.299,2.233
125,768,,TGO,TG,768,4,Country/Area,914,Togo,2,Medium,1984,1984,80,80,1,0.765,1.076,1.841
125,768,,TGO,TG,768,4,Country/Area,914,Togo,2,Medium,1984,1984,81,81,1,0.616,0.877,1.492
125,768,,TGO,TG,768,4,Country/Area,914,Togo,2,Medium,1984,1984,82,82,1,0.489,0.705,1.194
125,768,,TGO,TG,768,4,Country/Area,914,Togo,2,Medium,1984,1984,83,83,1,0.382,0.558,0.939
125,768,,TGO,TG,768,4,Country/Area,914,Togo,2,Medium,1984,1984,84,84,1,0.292,0.433,0.725
125,768,,TGO,TG,768,4,Country/Area,914,Togo,2,Medium,1984,1984,85,85,1,0.219,0.33,0.549
125,768,,TGO,TG,768,4,Country/Area,914,Togo,2,Medium,1984,1984,86,86,1,0.16,0.246,0.406
125,768,,TGO,TG,768,4,Country/Area,914,Togo,2,Medium,1984,1984,87,87,1,0.114,0.179,0.293
125,768,,TGO,TG,768,4,Country/Area,914,Togo,2,Medium,1984,1984,88,88,1,0.078,0.127,0.205
125,768,,TGO,TG,768,4,Country/Area,914,Togo,2,Medium,1984,1984,89,89,1,0.052,0.087,0.139
125,768,,TGO,TG,768,4,Country/Area,914,Togo,2,Medium,1984,1984,90,90,1,0.032,0.058,0.09
125,768,,TGO,TG,768,4,Country/Area,914,Togo,2,Medium,1984,1984,91,91,1,0.02,0.037,0.057
125,768,,TGO,TG,768,4,Country/Area,914,Togo,2,Medium,1984,1984,92,92,1,0.012,0.023,0.034
125,768,,TGO,TG,768,4,Country/Area,914,Togo,2,Medium,1984,1984,93,93,1,0.007,0.014,0.02
125,768,,TGO,TG,768,4,Country/Area,914,Togo,2,Medium,1984,1984,94,94,1,0.004,0.008,0.011
125,768,,TGO,TG,768,4,Country/Area,914,Togo,2,Medium,1984,1984,95,95,1,0.002,0.004,0.006
125,768,,TGO,TG,768,4,Country/Area,914,Togo,2,Medium,1984,1984,96,96,1,0.001,0.002,0.003
125,768,,TGO,TG,768,4,Country/Area,914,Togo,2,Medium,1984,1984,97,97,1,0,0.001,0.001
125,768,,TGO,TG,768,4,Country/Area,914,Togo,2,Medium,1984,1984,98,98,1,0,0.001,0.001
125,768,,TGO,TG,768,4,Country/Area,914,Togo,2,Medium,1984,1984,99,99,1,0,0,0
125,768,,TGO,TG,768,4,Country/Area,914,Togo,2,Medium,1984,1984,100+,100,-1,0,0,0
125,768,,TGO,TG,768,4,Country/Area,914,Togo,2,Medium,1985,1985,0,0,1,70.126,68.709,138.835
125,768,,TGO,TG,768,4,Country/Area,914,Togo,2,Medium,1985,1985,1,1,1,65.044,64.292,129.336
125,768,,TGO,TG,768,4,Country/Area,914,Togo,2,Medium,1985,1985,2,2,1,61.86,61.337,123.198
125,768,,TGO,TG,768,4,Country/Area,914,Togo,2,Medium,1985,1985,3,3,1,59.386,58.992,118.379
125,768,,TGO,TG,768,4,Country/Area,914,Togo,2,Medium,1985,1985,4,4,1,57.264,56.942,114.206
125,768,,TGO,TG,768,4,Country/Area,914,Togo,2,Medium,1985,1985,5,5,1,55.398,55.12,110.517
125,768,,TGO,TG,768,4,Country/Area,914,Togo,2,Medium,1985,1985,6,6,1,53.715,53.453,107.169
125,768,,TGO,TG,768,4,Country/Area,914,Togo,2,Medium,1985,1985,7,7,1,52.097,51.819,103.915
125,768,,TGO,TG,768,4,Country/Area,914,Togo,2,Medium,1985,1985,8,8,1,50.526,50.242,100.767
125,768,,TGO,TG,768,4,Country/Area,914,Togo,2,Medium,1985,1985,9,9,1,48.877,48.623,97.499
125,768,,TGO,TG,768,4,Country/Area,914,Togo,2,Medium,1985,1985,10,10,1,47.151,46.95,94.1
125,768,,TGO,TG,768,4,Country/Area,914,Togo,2,Medium,1985,1985,11,11,1,45.422,45.305,90.727
125,768,,TGO,TG,768,4,Country/Area,914,Togo,2,Medium,1985,1985,12,12,1,43.694,43.679,87.373
125,768,,TGO,TG,768,4,Country/Area,914,Togo,2,Medium,1985,1985,13,13,1,42.042,42.107,84.15
125,768,,TGO,TG,768,4,Country/Area,914,Togo,2,Medium,1985,1985,14,14,1,40.404,40.517,80.921
125,768,,TGO,TG,768,4,Country/Area,914,Togo,2,Medium,1985,1985,15,15,1,38.801,38.952,77.753
125,768,,TGO,TG,768,4,Country/Area,914,Togo,2,Medium,1985,1985,16,16,1,37.255,37.429,74.684
125,768,,TGO,TG,768,4,Country/Area,914,Togo,2,Medium,1985,1985,17,17,1,35.803,35.993,71.796
125,768,,TGO,TG,768,4,Country/Area,914,Togo,2,Medium,1985,1985,18,18,1,34.511,34.72,69.231
125,768,,TGO,TG,768,4,Country/Area,914,Togo,2,Medium,1985,1985,19,19,1,33.218,33.446,66.663
125,768,,TGO,TG,768,4,Country/Area,914,Togo,2,Medium,1985,1985,20,20,1,31.906,32.16,64.066
125,768,,TGO,TG,768,4,Country/Area,914,Togo,2,Medium,1985,1985,21,21,1,30.654,30.936,61.59
125,768,,TGO,TG,768,4,Country/Area,914,Togo,2,Medium,1985,1985,22,22,1,29.419,29.726,59.145
125,768,,TGO,TG,768,4,Country/Area,914,Togo,2,Medium,1985,1985,23,23,1,28.206,28.537,56.743
125,768,,TGO,TG,768,4,Country/Area,914,Togo,2,Medium,1985,1985,24,24,1,27.092,27.444,54.536
125,768,,TGO,TG,768,4,Country/Area,914,Togo,2,Medium,1985,1985,25,25,1,26.074,26.436,52.51
125,768,,TGO,TG,768,4,Country/Area,914,Togo,2,Medium,1985,1985,26,26,1,25.113,25.474,50.587
125,768,,TGO,TG,768,4,Country/Area,914,Togo,2,Medium,1985,1985,27,27,1,24.217,24.578,48.794
125,768,,TGO,TG,768,4,Country/Area,914,Togo,2,Medium,1985,1985,28,28,1,23.38,23.738,47.117
125,768,,TGO,TG,768,4,Country/Area,914,Togo,2,Medium,1985,1985,29,29,1,22.561,22.917,45.478
125,768,,TGO,TG,768,4,Country/Area,914,Togo,2,Medium,1985,1985,30,30,1,21.797,22.153,43.95
125,768,,TGO,TG,768,4,Country/Area,914,Togo,2,Medium,1985,1985,31,31,1,21.09,21.448,42.538
125,768,,TGO,TG,768,4,Country/Area,914,Togo,2,Medium,1985,1985,32,32,1,20.398,20.762,41.16
125,768,,TGO,TG,768,4,Country/Area,914,Togo,2,Medium,1985,1985,33,33,1,19.705,20.077,39.782
125,768,,TGO,TG,768,4,Country/Area,914,Togo,2,Medium,1985,1985,34,34,1,19.049,19.43,38.478
125,768,,TGO,TG,768,4,Country/Area,914,Togo,2,Medium,1985,1985,35,35,1,18.076,18.416,36.491
125,768,,TGO,TG,768,4,Country/Area,914,Togo,2,Medium,1985,1985,36,36,1,17.255,17.555,34.81
125,768,,TGO,TG,768,4,Country/Area,914,Togo,2,Medium,1985,1985,37,37,1,16.815,17.142,33.958
125,768,,TGO,TG,768,4,Country/Area,914,Togo,2,Medium,1985,1985,38,38,1,16.209,16.588,32.797
125,768,,TGO,TG,768,4,Country/Area,914,Togo,2,Medium,1985,1985,39,39,1,15.451,15.789,31.239
125,768,,TGO,TG,768,4,Country/Area,914,Togo,2,Medium,1985,1985,40,40,1,14.7,14.963,29.663
125,768,,TGO,TG,768,4,Country/Area,914,Togo,2,Medium,1985,1985,41,41,1,14.063,14.337,28.4
125,768,,TGO,TG,768,4,Country/Area,914,Togo,2,Medium,1985,1985,42,42,1,13.434,13.745,27.18
125,768,,TGO,TG,768,4,Country/Area,914,Togo,2,Medium,1985,1985,43,43,1,12.845,13.207,26.052
125,768,,TGO,TG,768,4,Country/Area,914,Togo,2,Medium,1985,1985,44,44,1,12.314,12.729,25.044
125,768,,TGO,TG,768,4,Country/Area,914,Togo,2,Medium,1985,1985,45,45,1,11.839,12.316,24.155
125,768,,TGO,TG,768,4,Country/Area,914,Togo,2,Medium,1985,1985,46,46,1,11.412,11.968,23.38
125,768,,TGO,TG,768,4,Country/Area,914,Togo,2,Medium,1985,1985,47,47,1,11.002,11.627,22.63
125,768,,TGO,TG,768,4,Country/Area,914,Togo,2,Medium,1985,1985,48,48,1,10.587,11.235,21.822
125,768,,TGO,TG,768,4,Country/Area,914,Togo,2,Medium,1985,1985,49,49,1,10.172,10.815,20.988
125,768,,TGO,TG,768,4,Country/Area,914,Togo,2,Medium,1985,1985,50,50,1,9.788,10.434,20.222
125,768,,TGO,TG,768,4,Country/Area,914,Togo,2,Medium,1985,1985,51,51,1,9.438,10.098,19.536
125,768,,TGO,TG,768,4,Country/Area,914,Togo,2,Medium,1985,1985,52,52,1,9.091,9.763,18.854
125,768,,TGO,TG,768,4,Country/Area,914,Togo,2,Medium,1985,1985,53,53,1,8.729,9.423,18.151
125,768,,TGO,TG,768,4,Country/Area,914,Togo,2,Medium,1985,1985,54,54,1,8.358,9.084,17.442
125,768,,TGO,TG,768,4,Country/Area,914,Togo,2,Medium,1985,1985,55,55,1,8.005,8.755,16.759
125,768,,TGO,TG,768,4,Country/Area,914,Togo,2,Medium,1985,1985,56,56,1,7.67,8.437,16.107
125,768,,TGO,TG,768,4,Country/Area,914,Togo,2,Medium,1985,1985,57,57,1,7.338,8.124,15.463
125,768,,TGO,TG,768,4,Country/Area,914,Togo,2,Medium,1985,1985,58,58,1,7.006,7.813,14.819
125,768,,TGO,TG,768,4,Country/Area,914,Togo,2,Medium,1985,1985,59,59,1,6.673,7.504,14.177
125,768,,TGO,TG,768,4,Country/Area,914,Togo,2,Medium,1985,1985,60,60,1,6.343,7.196,13.538
125,768,,TGO,TG,768,4,Country/Area,914,Togo,2,Medium,1985,1985,61,61,1,6.01,6.886,12.896
125,768,,TGO,TG,768,4,Country/Area,914,Togo,2,Medium,1985,1985,62,62,1,5.684,6.577,12.26
125,768,,TGO,TG,768,4,Country/Area,914,Togo,2,Medium,1985,1985,63,63,1,5.375,6.265,11.64
125,768,,TGO,TG,768,4,Country/Area,914,Togo,2,Medium,1985,1985,64,64,1,5.077,5.953,11.03
125,768,,TGO,TG,768,4,Country/Area,914,Togo,2,Medium,1985,1985,65,65,1,4.779,5.64,10.418
125,768,,TGO,TG,768,4,Country/Area,914,Togo,2,Medium,1985,1985,66,66,1,4.482,5.321,9.803
125,768,,TGO,TG,768,4,Country/Area,914,Togo,2,Medium,1985,1985,67,67,1,4.186,5.008,9.195
125,768,,TGO,TG,768,4,Country/Area,914,Togo,2,Medium,1985,1985,68,68,1,3.886,4.711,8.598
125,768,,TGO,TG,768,4,Country/Area,914,Togo,2,Medium,1985,1985,69,69,1,3.586,4.418,8.004
125,768,,TGO,TG,768,4,Country/Area,914,Togo,2,Medium,1985,1985,70,70,1,3.288,4.119,7.407
125,768,,TGO,TG,768,4,Country/Area,914,Togo,2,Medium,1985,1985,71,71,1,2.997,3.817,6.814
125,768,,TGO,TG,768,4,Country/Area,914,Togo,2,Medium,1985,1985,72,72,1,2.708,3.505,6.212
125,768,,TGO,TG,768,4,Country/Area,914,Togo,2,Medium,1985,1985,73,73,1,2.42,3.166,5.586
125,768,,TGO,TG,768,4,Country/Area,914,Togo,2,Medium,1985,1985,74,74,1,2.14,2.82,4.96
125,768,,TGO,TG,768,4,Country/Area,914,Togo,2,Medium,1985,1985,75,75,1,1.874,2.489,4.362
125,768,,TGO,TG,768,4,Country/Area,914,Togo,2,Medium,1985,1985,76,76,1,1.622,2.176,3.798
125,768,,TGO,TG,768,4,Country/Area,914,Togo,2,Medium,1985,1985,77,77,1,1.387,1.88,3.268
125,768,,TGO,TG,768,4,Country/Area,914,Togo,2,Medium,1985,1985,78,78,1,1.172,1.607,2.78
125,768,,TGO,TG,768,4,Country/Area,914,Togo,2,Medium,1985,1985,79,79,1,0.977,1.357,2.334
125,768,,TGO,TG,768,4,Country/Area,914,Togo,2,Medium,1985,1985,80,80,1,0.8,1.128,1.928
125,768,,TGO,TG,768,4,Country/Area,914,Togo,2,Medium,1985,1985,81,81,1,0.644,0.919,1.563
125,768,,TGO,TG,768,4,Country/Area,914,Togo,2,Medium,1985,1985,82,82,1,0.509,0.737,1.246
125,768,,TGO,TG,768,4,Country/Area,914,Togo,2,Medium,1985,1985,83,83,1,0.397,0.582,0.978
125,768,,TGO,TG,768,4,Country/Area,914,Togo,2,Medium,1985,1985,84,84,1,0.304,0.452,0.756
125,768,,TGO,TG,768,4,Country/Area,914,Togo,2,Medium,1985,1985,85,85,1,0.227,0.344,0.571
125,768,,TGO,TG,768,4,Country/Area,914,Togo,2,Medium,1985,1985,86,86,1,0.166,0.257,0.423
125,768,,TGO,TG,768,4,Country/Area,914,Togo,2,Medium,1985,1985,87,87,1,0.119,0.187,0.305
125,768,,TGO,TG,768,4,Country/Area,914,Togo,2,Medium,1985,1985,88,88,1,0.082,0.133,0.214
125,768,,TGO,TG,768,4,Country/Area,914,Togo,2,Medium,1985,1985,89,89,1,0.054,0.091,0.145
125,768,,TGO,TG,768,4,Country/Area,914,Togo,2,Medium,1985,1985,90,90,1,0.034,0.061,0.095
125,768,,TGO,TG,768,4,Country/Area,914,Togo,2,Medium,1985,1985,91,91,1,0.021,0.039,0.059
125,768,,TGO,TG,768,4,Country/Area,914,Togo,2,Medium,1985,1985,92,92,1,0.012,0.024,0.036
125,768,,TGO,TG,768,4,Country/Area,914,Togo,2,Medium,1985,1985,93,93,1,0.007,0.014,0.021
125,768,,TGO,TG,768,4,Country/Area,914,Togo,2,Medium,1985,1985,94,94,1,0.004,0.008,0.012
125,768,,TGO,TG,768,4,Country/Area,914,Togo,2,Medium,1985,1985,95,95,1,0.002,0.005,0.007
125,768,,TGO,TG,768,4,Country/Area,914,Togo,2,Medium,1985,1985,96,96,1,0.001,0.002,0.003
125,768,,TGO,TG,768,4,Country/Area,914,Togo,2,Medium,1985,1985,97,97,1,0.001,0.001,0.002
125,768,,TGO,TG,768,4,Country/Area,914,Togo,2,Medium,1985,1985,98,98,1,0,0.001,0.001
125,768,,TGO,TG,768,4,Country/Area,914,Togo,2,Medium,1985,1985,99,99,1,0,0,0
125,768,,TGO,TG,768,4,Country/Area,914,Togo,2,Medium,1985,1985,100+,100,-1,0,0,0
125,768,,TGO,TG,768,4,Country/Area,914,Togo,2,Medium,1986,1986,0,0,1,71.723,70.266,141.989
125,768,,TGO,TG,768,4,Country/Area,914,Togo,2,Medium,1986,1986,1,1,1,66.46,65.68,132.141
125,768,,TGO,TG,768,4,Country/Area,914,Togo,2,Medium,1986,1986,2,2,1,63.285,62.708,125.993
125,768,,TGO,TG,768,4,Country/Area,914,Togo,2,Medium,1986,1986,3,3,1,60.826,60.37,121.196
125,768,,TGO,TG,768,4,Country/Area,914,Togo,2,Medium,1986,1986,4,4,1,58.763,58.388,117.151
125,768,,TGO,TG,768,4,Country/Area,914,Togo,2,Medium,1986,1986,5,5,1,56.874,56.553,113.427
125,768,,TGO,TG,768,4,Country/Area,914,Togo,2,Medium,1986,1986,6,6,1,55.142,54.859,110.001
125,768,,TGO,TG,768,4,Country/Area,914,Togo,2,Medium,1986,1986,7,7,1,53.535,53.269,106.805
125,768,,TGO,TG,768,4,Country/Area,914,Togo,2,Medium,1986,1986,8,8,1,51.962,51.679,103.641
125,768,,TGO,TG,768,4,Country/Area,914,Togo,2,Medium,1986,1986,9,9,1,50.416,50.129,100.546
125,768,,TGO,TG,768,4,Country/Area,914,Togo,2,Medium,1986,1986,10,10,1,48.782,48.526,97.309
125,768,,TGO,TG,768,4,Country/Area,914,Togo,2,Medium,1986,1986,11,11,1,47.065,46.862,93.927
125,768,,TGO,TG,768,4,Country/Area,914,Togo,2,Medium,1986,1986,12,12,1,45.34,45.221,90.56
125,768,,TGO,TG,768,4,Country/Area,914,Togo,2,Medium,1986,1986,13,13,1,43.612,43.595,87.207
125,768,,TGO,TG,768,4,Country/Area,914,Togo,2,Medium,1986,1986,14,14,1,41.959,42.019,83.978
125,768,,TGO,TG,768,4,Country/Area,914,Togo,2,Medium,1986,1986,15,15,1,40.316,40.423,80.74
125,768,,TGO,TG,768,4,Country/Area,914,Togo,2,Medium,1986,1986,16,16,1,38.708,38.852,77.56
125,768,,TGO,TG,768,4,Country/Area,914,Togo,2,Medium,1986,1986,17,17,1,37.154,37.324,74.478
125,768,,TGO,TG,768,4,Country/Area,914,Togo,2,Medium,1986,1986,18,18,1,35.693,35.883,71.576
125,768,,TGO,TG,768,4,Country/Area,914,Togo,2,Medium,1986,1986,19,19,1,34.392,34.605,68.996
125,768,,TGO,TG,768,4,Country/Area,914,Togo,2,Medium,1986,1986,20,20,1,33.089,33.328,66.418
125,768,,TGO,TG,768,4,Country/Area,914,Togo,2,Medium,1986,1986,21,21,1,31.77,32.044,63.815
125,768,,TGO,TG,768,4,Country/Area,914,Togo,2,Medium,1986,1986,22,22,1,30.515,30.82,61.335
125,768,,TGO,TG,768,4,Country/Area,914,Togo,2,Medium,1986,1986,23,23,1,29.282,29.61,58.892
125,768,,TGO,TG,768,4,Country/Area,914,Togo,2,Medium,1986,1986,24,24,1,28.074,28.424,56.498
125,768,,TGO,TG,768,4,Country/Area,914,Togo,2,Medium,1986,1986,25,25,1,26.966,27.332,54.298
125,768,,TGO,TG,768,4,Country/Area,914,Togo,2,Medium,1986,1986,26,26,1,25.956,26.325,52.28
125,768,,TGO,TG,768,4,Country/Area,914,Togo,2,Medium,1986,1986,27,27,1,25,25.366,50.367
125,768,,TGO,TG,768,4,Country/Area,914,Togo,2,Medium,1986,1986,28,28,1,24.109,24.471,48.58
125,768,,TGO,TG,768,4,Country/Area,914,Togo,2,Medium,1986,1986,29,29,1,23.274,23.633,46.907
125,768,,TGO,TG,768,4,Country/Area,914,Togo,2,Medium,1986,1986,30,30,1,22.456,22.816,45.272
125,768,,TGO,TG,768,4,Country/Area,914,Togo,2,Medium,1986,1986,31,31,1,21.692,22.055,43.746
125,768,,TGO,TG,768,4,Country/Area,914,Togo,2,Medium,1986,1986,32,32,1,20.985,21.352,42.337
125,768,,TGO,TG,768,4,Country/Area,914,Togo,2,Medium,1986,1986,33,33,1,20.292,20.667,40.959
125,768,,TGO,TG,768,4,Country/Area,914,Togo,2,Medium,1986,1986,34,34,1,19.602,19.985,39.586
125,768,,TGO,TG,768,4,Country/Area,914,Togo,2,Medium,1986,1986,35,35,1,18.945,19.338,38.283
125,768,,TGO,TG,768,4,Country/Area,914,Togo,2,Medium,1986,1986,36,36,1,17.976,18.326,36.301
125,768,,TGO,TG,768,4,Country/Area,914,Togo,2,Medium,1986,1986,37,37,1,17.157,17.467,34.624
125,768,,TGO,TG,768,4,Country/Area,914,Togo,2,Medium,1986,1986,38,38,1,16.716,17.054,33.77
125,768,,TGO,TG,768,4,Country/Area,914,Togo,2,Medium,1986,1986,39,39,1,16.11,16.499,32.609
125,768,,TGO,TG,768,4,Country/Area,914,Togo,2,Medium,1986,1986,40,40,1,15.351,15.701,31.052
125,768,,TGO,TG,768,4,Country/Area,914,Togo,2,Medium,1986,1986,41,41,1,14.599,14.879,29.477
125,768,,TGO,TG,768,4,Country/Area,914,Togo,2,Medium,1986,1986,42,42,1,13.96,14.255,28.215
125,768,,TGO,TG,768,4,Country/Area,914,Togo,2,Medium,1986,1986,43,43,1,13.332,13.664,26.995
125,768,,TGO,TG,768,4,Country/Area,914,Togo,2,Medium,1986,1986,44,44,1,12.742,13.127,25.869
125,768,,TGO,TG,768,4,Country/Area,914,Togo,2,Medium,1986,1986,45,45,1,12.21,12.651,24.861
125,768,,TGO,TG,768,4,Country/Area,914,Togo,2,Medium,1986,1986,46,46,1,11.735,12.238,23.973
125,768,,TGO,TG,768,4,Country/Area,914,Togo,2,Medium,1986,1986,47,47,1,11.305,11.889,23.194
125,768,,TGO,TG,768,4,Country/Area,914,Togo,2,Medium,1986,1986,48,48,1,10.894,11.547,22.441
125,768,,TGO,TG,768,4,Country/Area,914,Togo,2,Medium,1986,1986,49,49,1,10.476,11.152,21.627
125,768,,TGO,TG,768,4,Country/Area,914,Togo,2,Medium,1986,1986,50,50,1,10.059,10.729,20.788
125,768,,TGO,TG,768,4,Country/Area,914,Togo,2,Medium,1986,1986,51,51,1,9.669,10.345,20.015
125,768,,TGO,TG,768,4,Country/Area,914,Togo,2,Medium,1986,1986,52,52,1,9.316,10.005,19.321
125,768,,TGO,TG,768,4,Country/Area,914,Togo,2,Medium,1986,1986,53,53,1,8.964,9.668,18.633
125,768,,TGO,TG,768,4,Country/Area,914,Togo,2,Medium,1986,1986,54,54,1,8.598,9.325,17.924
125,768,,TGO,TG,768,4,Country/Area,914,Togo,2,Medium,1986,1986,55,55,1,8.226,8.983,17.209
125,768,,TGO,TG,768,4,Country/Area,914,Togo,2,Medium,1986,1986,56,56,1,7.868,8.652,16.52
125,768,,TGO,TG,768,4,Country/Area,914,Togo,2,Medium,1986,1986,57,57,1,7.529,8.33,15.86
125,768,,TGO,TG,768,4,Country/Area,914,Togo,2,Medium,1986,1986,58,58,1,7.194,8.012,15.206
125,768,,TGO,TG,768,4,Country/Area,914,Togo,2,Medium,1986,1986,59,59,1,6.856,7.695,14.552
125,768,,TGO,TG,768,4,Country/Area,914,Togo,2,Medium,1986,1986,60,60,1,6.519,7.378,13.897
125,768,,TGO,TG,768,4,Country/Area,914,Togo,2,Medium,1986,1986,61,61,1,6.182,7.061,13.243
125,768,,TGO,TG,768,4,Country/Area,914,Togo,2,Medium,1986,1986,62,62,1,5.845,6.744,12.588
125,768,,TGO,TG,768,4,Country/Area,914,Togo,2,Medium,1986,1986,63,63,1,5.513,6.426,11.94
125,768,,TGO,TG,768,4,Country/Area,914,Togo,2,Medium,1986,1986,64,64,1,5.2,6.106,11.306
125,768,,TGO,TG,768,4,Country/Area,914,Togo,2,Medium,1986,1986,65,65,1,4.899,5.787,10.686
125,768,,TGO,TG,768,4,Country/Area,914,Togo,2,Medium,1986,1986,66,66,1,4.598,5.468,10.065
125,768,,TGO,TG,768,4,Country/Area,914,Togo,2,Medium,1986,1986,67,67,1,4.297,5.143,9.44
125,768,,TGO,TG,768,4,Country/Area,914,Togo,2,Medium,1986,1986,68,68,1,3.998,4.823,8.82
125,768,,TGO,TG,768,4,Country/Area,914,Togo,2,Medium,1986,1986,69,69,1,3.695,4.516,8.211
125,768,,TGO,TG,768,4,Country/Area,914,Togo,2,Medium,1986,1986,70,70,1,3.389,4.215,7.604
125,768,,TGO,TG,768,4,Country/Area,914,Togo,2,Medium,1986,1986,71,71,1,3.091,3.907,6.997
125,768,,TGO,TG,768,4,Country/Area,914,Togo,2,Medium,1986,1986,72,72,1,2.797,3.598,6.395
125,768,,TGO,TG,768,4,Country/Area,914,Togo,2,Medium,1986,1986,73,73,1,2.509,3.28,5.788
125,768,,TGO,TG,768,4,Country/Area,914,Togo,2,Medium,1986,1986,74,74,1,2.223,2.941,5.163
125,768,,TGO,TG,768,4,Country/Area,914,Togo,2,Medium,1986,1986,75,75,1,1.948,2.597,4.545
125,768,,TGO,TG,768,4,Country/Area,914,Togo,2,Medium,1986,1986,76,76,1,1.688,2.272,3.959
125,768,,TGO,TG,768,4,Country/Area,914,Togo,2,Medium,1986,1986,77,77,1,1.446,1.966,3.412
125,768,,TGO,TG,768,4,Country/Area,914,Togo,2,Medium,1986,1986,78,78,1,1.221,1.679,2.9
125,768,,TGO,TG,768,4,Country/Area,914,Togo,2,Medium,1986,1986,79,79,1,1.018,1.416,2.434
125,768,,TGO,TG,768,4,Country/Area,914,Togo,2,Medium,1986,1986,80,80,1,0.835,1.179,2.014
125,768,,TGO,TG,768,4,Country/Area,914,Togo,2,Medium,1986,1986,81,81,1,0.673,0.964,1.636
125,768,,TGO,TG,768,4,Country/Area,914,Togo,2,Medium,1986,1986,82,82,1,0.532,0.772,1.304
125,768,,TGO,TG,768,4,Country/Area,914,Togo,2,Medium,1986,1986,83,83,1,0.413,0.608,1.021
125,768,,TGO,TG,768,4,Country/Area,914,Togo,2,Medium,1986,1986,84,84,1,0.315,0.471,0.786
125,768,,TGO,TG,768,4,Country/Area,914,Togo,2,Medium,1986,1986,85,85,1,0.236,0.359,0.594
125,768,,TGO,TG,768,4,Country/Area,914,Togo,2,Medium,1986,1986,86,86,1,0.173,0.268,0.441
125,768,,TGO,TG,768,4,Country/Area,914,Togo,2,Medium,1986,1986,87,87,1,0.123,0.195,0.318
125,768,,TGO,TG,768,4,Country/Area,914,Togo,2,Medium,1986,1986,88,88,1,0.085,0.138,0.223
125,768,,TGO,TG,768,4,Country/Area,914,Togo,2,Medium,1986,1986,89,89,1,0.056,0.095,0.151
125,768,,TGO,TG,768,4,Country/Area,914,Togo,2,Medium,1986,1986,90,90,1,0.036,0.063,0.099
125,768,,TGO,TG,768,4,Country/Area,914,Togo,2,Medium,1986,1986,91,91,1,0.022,0.04,0.062
125,768,,TGO,TG,768,4,Country/Area,914,Togo,2,Medium,1986,1986,92,92,1,0.013,0.025,0.037
125,768,,TGO,TG,768,4,Country/Area,914,Togo,2,Medium,1986,1986,93,93,1,0.007,0.015,0.022
125,768,,TGO,TG,768,4,Country/Area,914,Togo,2,Medium,1986,1986,94,94,1,0.004,0.009,0.013
125,768,,TGO,TG,768,4,Country/Area,914,Togo,2,Medium,1986,1986,95,95,1,0.002,0.005,0.007
125,768,,TGO,TG,768,4,Country/Area,914,Togo,2,Medium,1986,1986,96,96,1,0.001,0.003,0.004
125,768,,TGO,TG,768,4,Country/Area,914,Togo,2,Medium,1986,1986,97,97,1,0.001,0.001,0.002
125,768,,TGO,TG,768,4,Country/Area,914,Togo,2,Medium,1986,1986,98,98,1,0,0.001,0.001
125,768,,TGO,TG,768,4,Country/Area,914,Togo,2,Medium,1986,1986,99,99,1,0,0,0
125,768,,TGO,TG,768,4,Country/Area,914,Togo,2,Medium,1986,1986,100+,100,-1,0,0,0
125,768,,TGO,TG,768,4,Country/Area,914,Togo,2,Medium,1987,1987,0,0,1,73.481,71.982,145.463
125,768,,TGO,TG,768,4,Country/Area,914,Togo,2,Medium,1987,1987,1,1,1,68.043,67.26,135.303
125,768,,TGO,TG,768,4,Country/Area,914,Togo,2,Medium,1987,1987,2,2,1,64.714,64.114,128.828
125,768,,TGO,TG,768,4,Country/Area,914,Togo,2,Medium,1987,1987,3,3,1,62.248,61.742,123.99
125,768,,TGO,TG,768,4,Country/Area,914,Togo,2,Medium,1987,1987,4,4,1,60.194,59.761,119.955
125,768,,TGO,TG,768,4,Country/Area,914,Togo,2,Medium,1987,1987,5,5,1,58.364,57.992,116.356
125,768,,TGO,TG,768,4,Country/Area,914,Togo,2,Medium,1987,1987,6,6,1,56.608,56.286,112.894
125,768,,TGO,TG,768,4,Country/Area,914,Togo,2,Medium,1987,1987,7,7,1,54.954,54.668,109.622
125,768,,TGO,TG,768,4,Country/Area,914,Togo,2,Medium,1987,1987,8,8,1,53.394,53.124,106.518
125,768,,TGO,TG,768,4,Country/Area,914,Togo,2,Medium,1987,1987,9,9,1,51.846,51.562,103.409
125,768,,TGO,TG,768,4,Country/Area,914,Togo,2,Medium,1987,1987,10,10,1,50.316,50.028,100.344
125,768,,TGO,TG,768,4,Country/Area,914,Togo,2,Medium,1987,1987,11,11,1,48.691,48.434,97.126
125,768,,TGO,TG,768,4,Country/Area,914,Togo,2,Medium,1987,1987,12,12,1,46.977,46.773,93.751
125,768,,TGO,TG,768,4,Country/Area,914,Togo,2,Medium,1987,1987,13,13,1,45.252,45.131,90.383
125,768,,TGO,TG,768,4,Country/Area,914,Togo,2,Medium,1987,1987,14,14,1,43.523,43.502,87.025
125,768,,TGO,TG,768,4,Country/Area,914,Togo,2,Medium,1987,1987,15,15,1,41.865,41.921,83.787
125,768,,TGO,TG,768,4,Country/Area,914,Togo,2,Medium,1987,1987,16,16,1,40.218,40.319,80.536
125,768,,TGO,TG,768,4,Country/Area,914,Togo,2,Medium,1987,1987,17,17,1,38.6,38.742,77.342
125,768,,TGO,TG,768,4,Country/Area,914,Togo,2,Medium,1987,1987,18,18,1,37.039,37.208,74.247
125,768,,TGO,TG,768,4,Country/Area,914,Togo,2,Medium,1987,1987,19,19,1,35.568,35.763,71.331
125,768,,TGO,TG,768,4,Country/Area,914,Togo,2,Medium,1987,1987,20,20,1,34.257,34.483,68.74
125,768,,TGO,TG,768,4,Country/Area,914,Togo,2,Medium,1987,1987,21,21,1,32.947,33.207,66.154
125,768,,TGO,TG,768,4,Country/Area,914,Togo,2,Medium,1987,1987,22,22,1,31.625,31.922,63.547
125,768,,TGO,TG,768,4,Country/Area,914,Togo,2,Medium,1987,1987,23,23,1,30.371,30.7,61.071
125,768,,TGO,TG,768,4,Country/Area,914,Togo,2,Medium,1987,1987,24,24,1,29.142,29.492,58.635
125,768,,TGO,TG,768,4,Country/Area,914,Togo,2,Medium,1987,1987,25,25,1,27.942,28.307,56.249
125,768,,TGO,TG,768,4,Country/Area,914,Togo,2,Medium,1987,1987,26,26,1,26.843,27.217,54.06
125,768,,TGO,TG,768,4,Country/Area,914,Togo,2,Medium,1987,1987,27,27,1,25.838,26.212,52.05
125,768,,TGO,TG,768,4,Country/Area,914,Togo,2,Medium,1987,1987,28,28,1,24.887,25.255,50.142
125,768,,TGO,TG,768,4,Country/Area,914,Togo,2,Medium,1987,1987,29,29,1,23.999,24.363,48.361
125,768,,TGO,TG,768,4,Country/Area,914,Togo,2,Medium,1987,1987,30,30,1,23.166,23.528,46.694
125,768,,TGO,TG,768,4,Country/Area,914,Togo,2,Medium,1987,1987,31,31,1,22.347,22.714,45.061
125,768,,TGO,TG,768,4,Country/Area,914,Togo,2,Medium,1987,1987,32,32,1,21.583,21.956,43.538
125,768,,TGO,TG,768,4,Country/Area,914,Togo,2,Medium,1987,1987,33,33,1,20.875,21.254,42.13
125,768,,TGO,TG,768,4,Country/Area,914,Togo,2,Medium,1987,1987,34,34,1,20.184,20.571,40.755
125,768,,TGO,TG,768,4,Country/Area,914,Togo,2,Medium,1987,1987,35,35,1,19.494,19.89,39.384
125,768,,TGO,TG,768,4,Country/Area,914,Togo,2,Medium,1987,1987,36,36,1,18.84,19.243,38.084
125,768,,TGO,TG,768,4,Country/Area,914,Togo,2,Medium,1987,1987,37,37,1,17.874,18.233,36.106
125,768,,TGO,TG,768,4,Country/Area,914,Togo,2,Medium,1987,1987,38,38,1,17.056,17.377,34.432
125,768,,TGO,TG,768,4,Country/Area,914,Togo,2,Medium,1987,1987,39,39,1,16.613,16.962,33.575
125,768,,TGO,TG,768,4,Country/Area,914,Togo,2,Medium,1987,1987,40,40,1,16.005,16.408,32.413
125,768,,TGO,TG,768,4,Country/Area,914,Togo,2,Medium,1987,1987,41,41,1,15.245,15.613,30.857
125,768,,TGO,TG,768,4,Country/Area,914,Togo,2,Medium,1987,1987,42,42,1,14.492,14.793,29.285
125,768,,TGO,TG,768,4,Country/Area,914,Togo,2,Medium,1987,1987,43,43,1,13.852,14.171,28.023
125,768,,TGO,TG,768,4,Country/Area,914,Togo,2,Medium,1987,1987,44,44,1,13.223,13.582,26.805
125,768,,TGO,TG,768,4,Country/Area,914,Togo,2,Medium,1987,1987,45,45,1,12.633,13.046,25.679
125,768,,TGO,TG,768,4,Country/Area,914,Togo,2,Medium,1987,1987,46,46,1,12.101,12.571,24.672
125,768,,TGO,TG,768,4,Country/Area,914,Togo,2,Medium,1987,1987,47,47,1,11.624,12.156,23.781
125,768,,TGO,TG,768,4,Country/Area,914,Togo,2,Medium,1987,1987,48,48,1,11.194,11.806,23
125,768,,TGO,TG,768,4,Country/Area,914,Togo,2,Medium,1987,1987,49,49,1,10.779,11.461,22.24
125,768,,TGO,TG,768,4,Country/Area,914,Togo,2,Medium,1987,1987,50,50,1,10.358,11.063,21.422
125,768,,TGO,TG,768,4,Country/Area,914,Togo,2,Medium,1987,1987,51,51,1,9.937,10.638,20.575
125,768,,TGO,TG,768,4,Country/Area,914,Togo,2,Medium,1987,1987,52,52,1,9.543,10.251,19.794
125,768,,TGO,TG,768,4,Country/Area,914,Togo,2,Medium,1987,1987,53,53,1,9.185,9.908,19.093
125,768,,TGO,TG,768,4,Country/Area,914,Togo,2,Medium,1987,1987,54,54,1,8.831,9.568,18.398
125,768,,TGO,TG,768,4,Country/Area,914,Togo,2,Medium,1987,1987,55,55,1,8.461,9.222,17.683
125,768,,TGO,TG,768,4,Country/Area,914,Togo,2,Medium,1987,1987,56,56,1,8.085,8.877,16.962
125,768,,TGO,TG,768,4,Country/Area,914,Togo,2,Medium,1987,1987,57,57,1,7.724,8.542,16.266
125,768,,TGO,TG,768,4,Country/Area,914,Togo,2,Medium,1987,1987,58,58,1,7.381,8.216,15.597
125,768,,TGO,TG,768,4,Country/Area,914,Togo,2,Medium,1987,1987,59,59,1,7.04,7.891,14.931
125,768,,TGO,TG,768,4,Country/Area,914,Togo,2,Medium,1987,1987,60,60,1,6.697,7.566,14.264
125,768,,TGO,TG,768,4,Country/Area,914,Togo,2,Medium,1987,1987,61,61,1,6.354,7.242,13.595
125,768,,TGO,TG,768,4,Country/Area,914,Togo,2,Medium,1987,1987,62,62,1,6.011,6.915,12.927
125,768,,TGO,TG,768,4,Country/Area,914,Togo,2,Medium,1987,1987,63,63,1,5.669,6.59,12.259
125,768,,TGO,TG,768,4,Country/Area,914,Togo,2,Medium,1987,1987,64,64,1,5.335,6.263,11.598
125,768,,TGO,TG,768,4,Country/Area,914,Togo,2,Medium,1987,1987,65,65,1,5.018,5.937,10.954
125,768,,TGO,TG,768,4,Country/Area,914,Togo,2,Medium,1987,1987,66,66,1,4.712,5.611,10.323
125,768,,TGO,TG,768,4,Country/Area,914,Togo,2,Medium,1987,1987,67,67,1,4.407,5.285,9.692
125,768,,TGO,TG,768,4,Country/Area,914,Togo,2,Medium,1987,1987,68,68,1,4.103,4.953,9.056
125,768,,TGO,TG,768,4,Country/Area,914,Togo,2,Medium,1987,1987,69,69,1,3.8,4.625,8.424
125,768,,TGO,TG,768,4,Country/Area,914,Togo,2,Medium,1987,1987,70,70,1,3.493,4.309,7.802
125,768,,TGO,TG,768,4,Country/Area,914,Togo,2,Medium,1987,1987,71,71,1,3.186,3.999,7.184
125,768,,TGO,TG,768,4,Country/Area,914,Togo,2,Medium,1987,1987,72,72,1,2.885,3.683,6.567
125,768,,TGO,TG,768,4,Country/Area,914,Togo,2,Medium,1987,1987,73,73,1,2.591,3.368,5.959
125,768,,TGO,TG,768,4,Country/Area,914,Togo,2,Medium,1987,1987,74,74,1,2.304,3.046,5.351
125,768,,TGO,TG,768,4,Country/Area,914,Togo,2,Medium,1987,1987,75,75,1,2.023,2.709,4.732
125,768,,TGO,TG,768,4,Country/Area,914,Togo,2,Medium,1987,1987,76,76,1,1.755,2.372,4.126
125,768,,TGO,TG,768,4,Country/Area,914,Togo,2,Medium,1987,1987,77,77,1,1.504,2.054,3.558
125,768,,TGO,TG,768,4,Country/Area,914,Togo,2,Medium,1987,1987,78,78,1,1.272,1.756,3.028
125,768,,TGO,TG,768,4,Country/Area,914,Togo,2,Medium,1987,1987,79,79,1,1.06,1.48,2.539
125,768,,TGO,TG,768,4,Country/Area,914,Togo,2,Medium,1987,1987,80,80,1,0.87,1.23,2.1
125,768,,TGO,TG,768,4,Country/Area,914,Togo,2,Medium,1987,1987,81,81,1,0.702,1.008,1.71
125,768,,TGO,TG,768,4,Country/Area,914,Togo,2,Medium,1987,1987,82,82,1,0.556,0.809,1.365
125,768,,TGO,TG,768,4,Country/Area,914,Togo,2,Medium,1987,1987,83,83,1,0.432,0.637,1.069
125,768,,TGO,TG,768,4,Country/Area,914,Togo,2,Medium,1987,1987,84,84,1,0.328,0.493,0.821
125,768,,TGO,TG,768,4,Country/Area,914,Togo,2,Medium,1987,1987,85,85,1,0.245,0.375,0.62
125,768,,TGO,TG,768,4,Country/Area,914,Togo,2,Medium,1987,1987,86,86,1,0.179,0.28,0.459
125,768,,TGO,TG,768,4,Country/Area,914,Togo,2,Medium,1987,1987,87,87,1,0.127,0.204,0.331
125,768,,TGO,TG,768,4,Country/Area,914,Togo,2,Medium,1987,1987,88,88,1,0.088,0.144,0.232
125,768,,TGO,TG,768,4,Country/Area,914,Togo,2,Medium,1987,1987,89,89,1,0.058,0.099,0.157
125,768,,TGO,TG,768,4,Country/Area,914,Togo,2,Medium,1987,1987,90,90,1,0.038,0.066,0.103
125,768,,TGO,TG,768,4,Country/Area,914,Togo,2,Medium,1987,1987,91,91,1,0.023,0.042,0.065
125,768,,TGO,TG,768,4,Country/Area,914,Togo,2,Medium,1987,1987,92,92,1,0.014,0.026,0.039
125,768,,TGO,TG,768,4,Country/Area,914,Togo,2,Medium,1987,1987,93,93,1,0.008,0.016,0.023
125,768,,TGO,TG,768,4,Country/Area,914,Togo,2,Medium,1987,1987,94,94,1,0.004,0.009,0.013
125,768,,TGO,TG,768,4,Country/Area,914,Togo,2,Medium,1987,1987,95,95,1,0.002,0.005,0.007
125,768,,TGO,TG,768,4,Country/Area,914,Togo,2,Medium,1987,1987,96,96,1,0.001,0.003,0.004
125,768,,TGO,TG,768,4,Country/Area,914,Togo,2,Medium,1987,1987,97,97,1,0.001,0.001,0.002
125,768,,TGO,TG,768,4,Country/Area,914,Togo,2,Medium,1987,1987,98,98,1,0,0.001,0.001
125,768,,TGO,TG,768,4,Country/Area,914,Togo,2,Medium,1987,1987,99,99,1,0,0,0
125,768,,TGO,TG,768,4,Country/Area,914,Togo,2,Medium,1987,1987,100+,100,-1,0,0,0
125,768,,TGO,TG,768,4,Country/Area,914,Togo,2,Medium,1988,1988,0,0,1,75.127,73.591,148.719
125,768,,TGO,TG,768,4,Country/Area,914,Togo,2,Medium,1988,1988,1,1,1,69.791,68.996,138.787
125,768,,TGO,TG,768,4,Country/Area,914,Togo,2,Medium,1988,1988,2,2,1,66.309,65.712,132.021
125,768,,TGO,TG,768,4,Country/Area,914,Togo,2,Medium,1988,1988,3,3,1,63.678,63.152,126.831
125,768,,TGO,TG,768,4,Country/Area,914,Togo,2,Medium,1988,1988,4,4,1,61.612,61.13,122.743
125,768,,TGO,TG,768,4,Country/Area,914,Togo,2,Medium,1988,1988,5,5,1,59.791,59.361,119.152
125,768,,TGO,TG,768,4,Country/Area,914,Togo,2,Medium,1988,1988,6,6,1,58.094,57.721,115.814
125,768,,TGO,TG,768,4,Country/Area,914,Togo,2,Medium,1988,1988,7,7,1,56.418,56.092,112.51
125,768,,TGO,TG,768,4,Country/Area,914,Togo,2,Medium,1988,1988,8,8,1,54.81,54.52,109.331
125,768,,TGO,TG,768,4,Country/Area,914,Togo,2,Medium,1988,1988,9,9,1,53.277,53.005,106.282
125,768,,TGO,TG,768,4,Country/Area,914,Togo,2,Medium,1988,1988,10,10,1,51.745,51.46,103.206
125,768,,TGO,TG,768,4,Country/Area,914,Togo,2,Medium,1988,1988,11,11,1,50.224,49.935,100.159
125,768,,TGO,TG,768,4,Country/Area,914,Togo,2,Medium,1988,1988,12,12,1,48.602,48.345,96.948
125,768,,TGO,TG,768,4,Country/Area,914,Togo,2,Medium,1988,1988,13,13,1,46.889,46.684,93.572
125,768,,TGO,TG,768,4,Country/Area,914,Togo,2,Medium,1988,1988,14,14,1,45.162,45.038,90.2
125,768,,TGO,TG,768,4,Country/Area,914,Togo,2,Medium,1988,1988,15,15,1,43.428,43.403,86.831
125,768,,TGO,TG,768,4,Country/Area,914,Togo,2,Medium,1988,1988,16,16,1,41.764,41.814,83.579
125,768,,TGO,TG,768,4,Country/Area,914,Togo,2,Medium,1988,1988,17,17,1,40.108,40.206,80.314
125,768,,TGO,TG,768,4,Country/Area,914,Togo,2,Medium,1988,1988,18,18,1,38.483,38.623,77.105
125,768,,TGO,TG,768,4,Country/Area,914,Togo,2,Medium,1988,1988,19,19,1,36.91,37.085,73.996
125,768,,TGO,TG,768,4,Country/Area,914,Togo,2,Medium,1988,1988,20,20,1,35.43,35.639,71.069
125,768,,TGO,TG,768,4,Country/Area,914,Togo,2,Medium,1988,1988,21,21,1,34.111,34.358,68.469
125,768,,TGO,TG,768,4,Country/Area,914,Togo,2,Medium,1988,1988,22,22,1,32.797,33.082,65.879
125,768,,TGO,TG,768,4,Country/Area,914,Togo,2,Medium,1988,1988,23,23,1,31.477,31.799,63.276
125,768,,TGO,TG,768,4,Country/Area,914,Togo,2,Medium,1988,1988,24,24,1,30.227,30.578,60.806
125,768,,TGO,TG,768,4,Country/Area,914,Togo,2,Medium,1988,1988,25,25,1,29.007,29.372,58.379
125,768,,TGO,TG,768,4,Country/Area,914,Togo,2,Medium,1988,1988,26,26,1,27.815,28.189,56.004
125,768,,TGO,TG,768,4,Country/Area,914,Togo,2,Medium,1988,1988,27,27,1,26.723,27.101,53.824
125,768,,TGO,TG,768,4,Country/Area,914,Togo,2,Medium,1988,1988,28,28,1,25.723,26.099,51.821
125,768,,TGO,TG,768,4,Country/Area,914,Togo,2,Medium,1988,1988,29,29,1,24.776,25.145,49.92
125,768,,TGO,TG,768,4,Country/Area,914,Togo,2,Medium,1988,1988,30,30,1,23.888,24.256,48.144
125,768,,TGO,TG,768,4,Country/Area,914,Togo,2,Medium,1988,1988,31,31,1,23.053,23.424,46.477
125,768,,TGO,TG,768,4,Country/Area,914,Togo,2,Medium,1988,1988,32,32,1,22.236,22.612,44.848
125,768,,TGO,TG,768,4,Country/Area,914,Togo,2,Medium,1988,1988,33,33,1,21.471,21.855,43.327
125,768,,TGO,TG,768,4,Country/Area,914,Togo,2,Medium,1988,1988,34,34,1,20.765,21.156,41.922
125,768,,TGO,TG,768,4,Country/Area,914,Togo,2,Medium,1988,1988,35,35,1,20.075,20.474,40.549
125,768,,TGO,TG,768,4,Country/Area,914,Togo,2,Medium,1988,1988,36,36,1,19.387,19.793,39.18
125,768,,TGO,TG,768,4,Country/Area,914,Togo,2,Medium,1988,1988,37,37,1,18.733,19.146,37.88
125,768,,TGO,TG,768,4,Country/Area,914,Togo,2,Medium,1988,1988,38,38,1,17.768,18.139,35.907
125,768,,TGO,TG,768,4,Country/Area,914,Togo,2,Medium,1988,1988,39,39,1,16.952,17.284,34.236
125,768,,TGO,TG,768,4,Country/Area,914,Togo,2,Medium,1988,1988,40,40,1,16.506,16.869,33.375
125,768,,TGO,TG,768,4,Country/Area,914,Togo,2,Medium,1988,1988,41,41,1,15.895,16.316,32.21
125,768,,TGO,TG,768,4,Country/Area,914,Togo,2,Medium,1988,1988,42,42,1,15.133,15.523,30.657
125,768,,TGO,TG,768,4,Country/Area,914,Togo,2,Medium,1988,1988,43,43,1,14.38,14.706,29.086
125,768,,TGO,TG,768,4,Country/Area,914,Togo,2,Medium,1988,1988,44,44,1,13.741,14.085,27.826
125,768,,TGO,TG,768,4,Country/Area,914,Togo,2,Medium,1988,1988,45,45,1,13.111,13.498,26.61
125,768,,TGO,TG,768,4,Country/Area,914,Togo,2,Medium,1988,1988,46,46,1,12.521,12.964,25.485
125,768,,TGO,TG,768,4,Country/Area,914,Togo,2,Medium,1988,1988,47,47,1,11.988,12.488,24.476
125,768,,TGO,TG,768,4,Country/Area,914,Togo,2,Medium,1988,1988,48,48,1,11.51,12.072,23.582
125,768,,TGO,TG,768,4,Country/Area,914,Togo,2,Medium,1988,1988,49,49,1,11.076,11.72,22.796
125,768,,TGO,TG,768,4,Country/Area,914,Togo,2,Medium,1988,1988,50,50,1,10.658,11.371,22.029
125,768,,TGO,TG,768,4,Country/Area,914,Togo,2,Medium,1988,1988,51,51,1,10.232,10.97,21.202
125,768,,TGO,TG,768,4,Country/Area,914,Togo,2,Medium,1988,1988,52,52,1,9.807,10.541,20.348
125,768,,TGO,TG,768,4,Country/Area,914,Togo,2,Medium,1988,1988,53,53,1,9.411,10.151,19.561
125,768,,TGO,TG,768,4,Country/Area,914,Togo,2,Medium,1988,1988,54,54,1,9.049,9.806,18.854
125,768,,TGO,TG,768,4,Country/Area,914,Togo,2,Medium,1988,1988,55,55,1,8.69,9.462,18.151
125,768,,TGO,TG,768,4,Country/Area,914,Togo,2,Medium,1988,1988,56,56,1,8.317,9.114,17.43
125,768,,TGO,TG,768,4,Country/Area,914,Togo,2,Medium,1988,1988,57,57,1,7.938,8.765,16.703
125,768,,TGO,TG,768,4,Country/Area,914,Togo,2,Medium,1988,1988,58,58,1,7.572,8.425,15.996
125,768,,TGO,TG,768,4,Country/Area,914,Togo,2,Medium,1988,1988,59,59,1,7.223,8.092,15.315
125,768,,TGO,TG,768,4,Country/Area,914,Togo,2,Medium,1988,1988,60,60,1,6.877,7.76,14.636
125,768,,TGO,TG,768,4,Country/Area,914,Togo,2,Medium,1988,1988,61,61,1,6.528,7.426,13.954
125,768,,TGO,TG,768,4,Country/Area,914,Togo,2,Medium,1988,1988,62,62,1,6.178,7.091,13.27
125,768,,TGO,TG,768,4,Country/Area,914,Togo,2,Medium,1988,1988,63,63,1,5.832,6.758,12.589
125,768,,TGO,TG,768,4,Country/Area,914,Togo,2,Medium,1988,1988,64,64,1,5.485,6.423,11.909
125,768,,TGO,TG,768,4,Country/Area,914,Togo,2,Medium,1988,1988,65,65,1,5.147,6.09,11.237
125,768,,TGO,TG,768,4,Country/Area,914,Togo,2,Medium,1988,1988,66,66,1,4.827,5.756,10.582
125,768,,TGO,TG,768,4,Country/Area,914,Togo,2,Medium,1988,1988,67,67,1,4.517,5.423,9.941
125,768,,TGO,TG,768,4,Country/Area,914,Togo,2,Medium,1988,1988,68,68,1,4.208,5.09,9.298
125,768,,TGO,TG,768,4,Country/Area,914,Togo,2,Medium,1988,1988,69,69,1,3.9,4.749,8.649
125,768,,TGO,TG,768,4,Country/Area,914,Togo,2,Medium,1988,1988,70,70,1,3.593,4.412,8.005
125,768,,TGO,TG,768,4,Country/Area,914,Togo,2,Medium,1988,1988,71,71,1,3.283,4.088,7.37
125,768,,TGO,TG,768,4,Country/Area,914,Togo,2,Medium,1988,1988,72,72,1,2.973,3.769,6.742
125,768,,TGO,TG,768,4,Country/Area,914,Togo,2,Medium,1988,1988,73,73,1,2.672,3.446,6.119
125,768,,TGO,TG,768,4,Country/Area,914,Togo,2,Medium,1988,1988,74,74,1,2.381,3.128,5.509
125,768,,TGO,TG,768,4,Country/Area,914,Togo,2,Medium,1988,1988,75,75,1,2.096,2.807,4.904
125,768,,TGO,TG,768,4,Country/Area,914,Togo,2,Medium,1988,1988,76,76,1,1.823,2.474,4.297
125,768,,TGO,TG,768,4,Country/Area,914,Togo,2,Medium,1988,1988,77,77,1,1.563,2.143,3.707
125,768,,TGO,TG,768,4,Country/Area,914,Togo,2,Medium,1988,1988,78,78,1,1.323,1.833,3.156
125,768,,TGO,TG,768,4,Country/Area,914,Togo,2,Medium,1988,1988,79,79,1,1.103,1.548,2.652
125,768,,TGO,TG,768,4,Country/Area,914,Togo,2,Medium,1988,1988,80,80,1,0.906,1.285,2.191
125,768,,TGO,TG,768,4,Country/Area,914,Togo,2,Medium,1988,1988,81,81,1,0.732,1.051,1.783
125,768,,TGO,TG,768,4,Country/Area,914,Togo,2,Medium,1988,1988,82,82,1,0.58,0.846,1.426
125,768,,TGO,TG,768,4,Country/Area,914,Togo,2,Medium,1988,1988,83,83,1,0.451,0.668,1.118
125,768,,TGO,TG,768,4,Country/Area,914,Togo,2,Medium,1988,1988,84,84,1,0.343,0.516,0.859
125,768,,TGO,TG,768,4,Country/Area,914,Togo,2,Medium,1988,1988,85,85,1,0.256,0.392,0.647
125,768,,TGO,TG,768,4,Country/Area,914,Togo,2,Medium,1988,1988,86,86,1,0.186,0.292,0.477
125,768,,TGO,TG,768,4,Country/Area,914,Togo,2,Medium,1988,1988,87,87,1,0.132,0.213,0.344
125,768,,TGO,TG,768,4,Country/Area,914,Togo,2,Medium,1988,1988,88,88,1,0.091,0.151,0.241
125,768,,TGO,TG,768,4,Country/Area,914,Togo,2,Medium,1988,1988,89,89,1,0.06,0.104,0.164
125,768,,TGO,TG,768,4,Country/Area,914,Togo,2,Medium,1988,1988,90,90,1,0.039,0.069,0.107
125,768,,TGO,TG,768,4,Country/Area,914,Togo,2,Medium,1988,1988,91,91,1,0.024,0.044,0.068
125,768,,TGO,TG,768,4,Country/Area,914,Togo,2,Medium,1988,1988,92,92,1,0.014,0.027,0.041
125,768,,TGO,TG,768,4,Country/Area,914,Togo,2,Medium,1988,1988,93,93,1,0.008,0.016,0.024
125,768,,TGO,TG,768,4,Country/Area,914,Togo,2,Medium,1988,1988,94,94,1,0.004,0.009,0.013
125,768,,TGO,TG,768,4,Country/Area,914,Togo,2,Medium,1988,1988,95,95,1,0.002,0.005,0.007
125,768,,TGO,TG,768,4,Country/Area,914,Togo,2,Medium,1988,1988,96,96,1,0.001,0.003,0.004
125,768,,TGO,TG,768,4,Country/Area,914,Togo,2,Medium,1988,1988,97,97,1,0.001,0.001,0.002
125,768,,TGO,TG,768,4,Country/Area,914,Togo,2,Medium,1988,1988,98,98,1,0,0.001,0.001
125,768,,TGO,TG,768,4,Country/Area,914,Togo,2,Medium,1988,1988,99,99,1,0,0,0
125,768,,TGO,TG,768,4,Country/Area,914,Togo,2,Medium,1988,1988,100+,100,-1,0,0,0
125,768,,TGO,TG,768,4,Country/Area,914,Togo,2,Medium,1989,1989,0,0,1,76.608,75.067,151.674
125,768,,TGO,TG,768,4,Country/Area,914,Togo,2,Medium,1989,1989,1,1,1,71.436,70.626,142.061
125,768,,TGO,TG,768,4,Country/Area,914,Togo,2,Medium,1989,1989,2,2,1,68.057,67.459,135.516
125,768,,TGO,TG,768,4,Country/Area,914,Togo,2,Medium,1989,1989,3,3,1,65.258,64.734,129.993
125,768,,TGO,TG,768,4,Country/Area,914,Togo,2,Medium,1989,1989,4,4,1,63.025,62.517,125.542
125,768,,TGO,TG,768,4,Country/Area,914,Togo,2,Medium,1989,1989,5,5,1,61.19,60.706,121.896
125,768,,TGO,TG,768,4,Country/Area,914,Togo,2,Medium,1989,1989,6,6,1,59.504,59.066,118.57
125,768,,TGO,TG,768,4,Country/Area,914,Togo,2,Medium,1989,1989,7,7,1,57.888,57.505,115.394
125,768,,TGO,TG,768,4,Country/Area,914,Togo,2,Medium,1989,1989,8,8,1,56.261,55.926,112.188
125,768,,TGO,TG,768,4,Country/Area,914,Togo,2,Medium,1989,1989,9,9,1,54.681,54.386,109.068
125,768,,TGO,TG,768,4,Country/Area,914,Togo,2,Medium,1989,1989,10,10,1,53.165,52.89,106.055
125,768,,TGO,TG,768,4,Country/Area,914,Togo,2,Medium,1989,1989,11,11,1,51.642,51.355,102.998
125,768,,TGO,TG,768,4,Country/Area,914,Togo,2,Medium,1989,1989,12,12,1,50.126,49.834,99.96
125,768,,TGO,TG,768,4,Country/Area,914,Togo,2,Medium,1989,1989,13,13,1,48.504,48.244,96.748
125,768,,TGO,TG,768,4,Country/Area,914,Togo,2,Medium,1989,1989,14,14,1,46.788,46.579,93.368
125,768,,TGO,TG,768,4,Country/Area,914,Togo,2,Medium,1989,1989,15,15,1,45.057,44.926,89.984
125,768,,TGO,TG,768,4,Country/Area,914,Togo,2,Medium,1989,1989,16,16,1,43.316,43.285,86.601
125,768,,TGO,TG,768,4,Country/Area,914,Togo,2,Medium,1989,1989,17,17,1,41.645,41.688,83.333
125,768,,TGO,TG,768,4,Country/Area,914,Togo,2,Medium,1989,1989,18,18,1,39.979,40.073,80.052
125,768,,TGO,TG,768,4,Country/Area,914,Togo,2,Medium,1989,1989,19,19,1,38.343,38.486,76.829
125,768,,TGO,TG,768,4,Country/Area,914,Togo,2,Medium,1989,1989,20,20,1,36.761,36.947,73.708
125,768,,TGO,TG,768,4,Country/Area,914,Togo,2,Medium,1989,1989,21,21,1,35.272,35.501,70.772
125,768,,TGO,TG,768,4,Country/Area,914,Togo,2,Medium,1989,1989,22,22,1,33.949,34.221,68.17
125,768,,TGO,TG,768,4,Country/Area,914,Togo,2,Medium,1989,1989,23,23,1,32.637,32.947,65.584
125,768,,TGO,TG,768,4,Country/Area,914,Togo,2,Medium,1989,1989,24,24,1,31.322,31.666,62.987
125,768,,TGO,TG,768,4,Country/Area,914,Togo,2,Medium,1989,1989,25,25,1,30.081,30.447,60.528
125,768,,TGO,TG,768,4,Country/Area,914,Togo,2,Medium,1989,1989,26,26,1,28.869,29.242,58.111
125,768,,TGO,TG,768,4,Country/Area,914,Togo,2,Medium,1989,1989,27,27,1,27.685,28.061,55.746
125,768,,TGO,TG,768,4,Country/Area,914,Togo,2,Medium,1989,1989,28,28,1,26.598,26.977,53.575
125,768,,TGO,TG,768,4,Country/Area,914,Togo,2,Medium,1989,1989,29,29,1,25.602,25.977,51.58
125,768,,TGO,TG,768,4,Country/Area,914,Togo,2,Medium,1989,1989,30,30,1,24.656,25.027,49.684
125,768,,TGO,TG,768,4,Country/Area,914,Togo,2,Medium,1989,1989,31,31,1,23.768,24.142,47.91
125,768,,TGO,TG,768,4,Country/Area,914,Togo,2,Medium,1989,1989,32,32,1,22.934,23.313,46.248
125,768,,TGO,TG,768,4,Country/Area,914,Togo,2,Medium,1989,1989,33,33,1,22.117,22.504,44.621
125,768,,TGO,TG,768,4,Country/Area,914,Togo,2,Medium,1989,1989,34,34,1,21.354,21.75,43.103
125,768,,TGO,TG,768,4,Country/Area,914,Togo,2,Medium,1989,1989,35,35,1,20.649,21.051,41.7
125,768,,TGO,TG,768,4,Country/Area,914,Togo,2,Medium,1989,1989,36,36,1,19.961,20.369,40.331
125,768,,TGO,TG,768,4,Country/Area,914,Togo,2,Medium,1989,1989,37,37,1,19.274,19.689,38.962
125,768,,TGO,TG,768,4,Country/Area,914,Togo,2,Medium,1989,1989,38,38,1,18.62,19.043,37.663
125,768,,TGO,TG,768,4,Country/Area,914,Togo,2,Medium,1989,1989,39,39,1,17.657,18.038,35.694
125,768,,TGO,TG,768,4,Country/Area,914,Togo,2,Medium,1989,1989,40,40,1,16.838,17.185,34.023
125,768,,TGO,TG,768,4,Country/Area,914,Togo,2,Medium,1989,1989,41,41,1,16.389,16.77,33.16
125,768,,TGO,TG,768,4,Country/Area,914,Togo,2,Medium,1989,1989,42,42,1,15.775,16.218,31.994
125,768,,TGO,TG,768,4,Country/Area,914,Togo,2,Medium,1989,1989,43,43,1,15.014,15.428,30.442
125,768,,TGO,TG,768,4,Country/Area,914,Togo,2,Medium,1989,1989,44,44,1,14.261,14.614,28.875
125,768,,TGO,TG,768,4,Country/Area,914,Togo,2,Medium,1989,1989,45,45,1,13.621,13.995,27.617
125,768,,TGO,TG,768,4,Country/Area,914,Togo,2,Medium,1989,1989,46,46,1,12.992,13.41,26.402
125,768,,TGO,TG,768,4,Country/Area,914,Togo,2,Medium,1989,1989,47,47,1,12.402,12.875,25.276
125,768,,TGO,TG,768,4,Country/Area,914,Togo,2,Medium,1989,1989,48,48,1,11.867,12.399,24.266
125,768,,TGO,TG,768,4,Country/Area,914,Togo,2,Medium,1989,1989,49,49,1,11.386,11.98,23.367
125,768,,TGO,TG,768,4,Country/Area,914,Togo,2,Medium,1989,1989,50,50,1,10.949,11.624,22.573
125,768,,TGO,TG,768,4,Country/Area,914,Togo,2,Medium,1989,1989,51,51,1,10.527,11.271,21.798
125,768,,TGO,TG,768,4,Country/Area,914,Togo,2,Medium,1989,1989,52,52,1,10.097,10.867,20.963
125,768,,TGO,TG,768,4,Country/Area,914,Togo,2,Medium,1989,1989,53,53,1,9.668,10.435,20.104
125,768,,TGO,TG,768,4,Country/Area,914,Togo,2,Medium,1989,1989,54,54,1,9.268,10.043,19.311
125,768,,TGO,TG,768,4,Country/Area,914,Togo,2,Medium,1989,1989,55,55,1,8.902,9.694,18.596
125,768,,TGO,TG,768,4,Country/Area,914,Togo,2,Medium,1989,1989,56,56,1,8.54,9.348,17.887
125,768,,TGO,TG,768,4,Country/Area,914,Togo,2,Medium,1989,1989,57,57,1,8.163,8.995,17.159
125,768,,TGO,TG,768,4,Country/Area,914,Togo,2,Medium,1989,1989,58,58,1,7.779,8.643,16.421
125,768,,TGO,TG,768,4,Country/Area,914,Togo,2,Medium,1989,1989,59,59,1,7.408,8.295,15.703
125,768,,TGO,TG,768,4,Country/Area,914,Togo,2,Medium,1989,1989,60,60,1,7.053,7.954,15.007
125,768,,TGO,TG,768,4,Country/Area,914,Togo,2,Medium,1989,1989,61,61,1,6.7,7.612,14.313
125,768,,TGO,TG,768,4,Country/Area,914,Togo,2,Medium,1989,1989,62,62,1,6.346,7.269,13.614
125,768,,TGO,TG,768,4,Country/Area,914,Togo,2,Medium,1989,1989,63,63,1,5.991,6.926,12.917
125,768,,TGO,TG,768,4,Country/Area,914,Togo,2,Medium,1989,1989,64,64,1,5.64,6.583,12.223
125,768,,TGO,TG,768,4,Country/Area,914,Togo,2,Medium,1989,1989,65,65,1,5.29,6.242,11.532
125,768,,TGO,TG,768,4,Country/Area,914,Togo,2,Medium,1989,1989,66,66,1,4.949,5.901,10.85
125,768,,TGO,TG,768,4,Country/Area,914,Togo,2,Medium,1989,1989,67,67,1,4.625,5.56,10.185
125,768,,TGO,TG,768,4,Country/Area,914,Togo,2,Medium,1989,1989,68,68,1,4.311,5.22,9.531
125,768,,TGO,TG,768,4,Country/Area,914,Togo,2,Medium,1989,1989,69,69,1,3.998,4.876,8.874
125,768,,TGO,TG,768,4,Country/Area,914,Togo,2,Medium,1989,1989,70,70,1,3.686,4.527,8.213
125,768,,TGO,TG,768,4,Country/Area,914,Togo,2,Medium,1989,1989,71,71,1,3.374,4.182,7.556
125,768,,TGO,TG,768,4,Country/Area,914,Togo,2,Medium,1989,1989,72,72,1,3.062,3.849,6.911
125,768,,TGO,TG,768,4,Country/Area,914,Togo,2,Medium,1989,1989,73,73,1,2.753,3.524,6.277
125,768,,TGO,TG,768,4,Country/Area,914,Togo,2,Medium,1989,1989,74,74,1,2.453,3.199,5.651
125,768,,TGO,TG,768,4,Country/Area,914,Togo,2,Medium,1989,1989,75,75,1,2.164,2.879,5.043
125,768,,TGO,TG,768,4,Country/Area,914,Togo,2,Medium,1989,1989,76,76,1,1.888,2.559,4.447
125,768,,TGO,TG,768,4,Country/Area,914,Togo,2,Medium,1989,1989,77,77,1,1.623,2.233,3.856
125,768,,TGO,TG,768,4,Country/Area,914,Togo,2,Medium,1989,1989,78,78,1,1.374,1.912,3.285
125,768,,TGO,TG,768,4,Country/Area,914,Togo,2,Medium,1989,1989,79,79,1,1.147,1.614,2.761
125,768,,TGO,TG,768,4,Country/Area,914,Togo,2,Medium,1989,1989,80,80,1,0.943,1.343,2.285
125,768,,TGO,TG,768,4,Country/Area,914,Togo,2,Medium,1989,1989,81,81,1,0.761,1.096,1.857
125,768,,TGO,TG,768,4,Country/Area,914,Togo,2,Medium,1989,1989,82,82,1,0.604,0.881,1.485
125,768,,TGO,TG,768,4,Country/Area,914,Togo,2,Medium,1989,1989,83,83,1,0.47,0.697,1.166
125,768,,TGO,TG,768,4,Country/Area,914,Togo,2,Medium,1989,1989,84,84,1,0.358,0.54,0.898
125,768,,TGO,TG,768,4,Country/Area,914,Togo,2,Medium,1989,1989,85,85,1,0.267,0.409,0.676
125,768,,TGO,TG,768,4,Country/Area,914,Togo,2,Medium,1989,1989,86,86,1,0.193,0.304,0.497
125,768,,TGO,TG,768,4,Country/Area,914,Togo,2,Medium,1989,1989,87,87,1,0.137,0.221,0.358
125,768,,TGO,TG,768,4,Country/Area,914,Togo,2,Medium,1989,1989,88,88,1,0.094,0.157,0.251
125,768,,TGO,TG,768,4,Country/Area,914,Togo,2,Medium,1989,1989,89,89,1,0.063,0.108,0.171
125,768,,TGO,TG,768,4,Country/Area,914,Togo,2,Medium,1989,1989,90,90,1,0.04,0.072,0.112
125,768,,TGO,TG,768,4,Country/Area,914,Togo,2,Medium,1989,1989,91,91,1,0.025,0.046,0.071
125,768,,TGO,TG,768,4,Country/Area,914,Togo,2,Medium,1989,1989,92,92,1,0.015,0.029,0.043
125,768,,TGO,TG,768,4,Country/Area,914,Togo,2,Medium,1989,1989,93,93,1,0.008,0.017,0.025
125,768,,TGO,TG,768,4,Country/Area,914,Togo,2,Medium,1989,1989,94,94,1,0.005,0.01,0.014
125,768,,TGO,TG,768,4,Country/Area,914,Togo,2,Medium,1989,1989,95,95,1,0.002,0.005,0.007
125,768,,TGO,TG,768,4,Country/Area,914,Togo,2,Medium,1989,1989,96,96,1,0.001,0.003,0.004
125,768,,TGO,TG,768,4,Country/Area,914,Togo,2,Medium,1989,1989,97,97,1,0.001,0.002,0.003
125,768,,TGO,TG,768,4,Country/Area,914,Togo,2,Medium,1989,1989,98,98,1,0,0.001,0.001
125,768,,TGO,TG,768,4,Country/Area,914,Togo,2,Medium,1989,1989,99,99,1,0,0,0
125,768,,TGO,TG,768,4,Country/Area,914,Togo,2,Medium,1989,1989,100+,100,-1,0,0,0
125,768,,TGO,TG,768,4,Country/Area,914,Togo,2,Medium,1990,1990,0,0,1,78.11,76.582,154.691
125,768,,TGO,TG,768,4,Country/Area,914,Togo,2,Medium,1990,1990,1,1,1,72.94,72.142,145.083
125,768,,TGO,TG,768,4,Country/Area,914,Togo,2,Medium,1990,1990,2,2,1,69.716,69.118,138.834
125,768,,TGO,TG,768,4,Country/Area,914,Togo,2,Medium,1990,1990,3,3,1,66.995,66.469,133.464
125,768,,TGO,TG,768,4,Country/Area,914,Togo,2,Medium,1990,1990,4,4,1,64.588,64.075,128.663
125,768,,TGO,TG,768,4,Country/Area,914,Togo,2,Medium,1990,1990,5,5,1,62.586,62.067,124.653
125,768,,TGO,TG,768,4,Country/Area,914,Togo,2,Medium,1990,1990,6,6,1,60.889,60.388,121.277
125,768,,TGO,TG,768,4,Country/Area,914,Togo,2,Medium,1990,1990,7,7,1,59.286,58.831,118.118
125,768,,TGO,TG,768,4,Country/Area,914,Togo,2,Medium,1990,1990,8,8,1,57.721,57.325,115.046
125,768,,TGO,TG,768,4,Country/Area,914,Togo,2,Medium,1990,1990,9,9,1,56.124,55.779,111.903
125,768,,TGO,TG,768,4,Country/Area,914,Togo,2,Medium,1990,1990,10,10,1,54.563,54.261,108.823
125,768,,TGO,TG,768,4,Country/Area,914,Togo,2,Medium,1990,1990,11,11,1,53.056,52.776,105.832
125,768,,TGO,TG,768,4,Country/Area,914,Togo,2,Medium,1990,1990,12,12,1,51.538,51.246,102.784
125,768,,TGO,TG,768,4,Country/Area,914,Togo,2,Medium,1990,1990,13,13,1,50.022,49.725,99.747
125,768,,TGO,TG,768,4,Country/Area,914,Togo,2,Medium,1990,1990,14,14,1,48.398,48.131,96.529
125,768,,TGO,TG,768,4,Country/Area,914,Togo,2,Medium,1990,1990,15,15,1,46.678,46.459,93.136
125,768,,TGO,TG,768,4,Country/Area,914,Togo,2,Medium,1990,1990,16,16,1,44.939,44.799,89.738
125,768,,TGO,TG,768,4,Country/Area,914,Togo,2,Medium,1990,1990,17,17,1,43.19,43.148,86.338
125,768,,TGO,TG,768,4,Country/Area,914,Togo,2,Medium,1990,1990,18,18,1,41.507,41.544,83.051
125,768,,TGO,TG,768,4,Country/Area,914,Togo,2,Medium,1990,1990,19,19,1,39.83,39.925,79.755
125,768,,TGO,TG,768,4,Country/Area,914,Togo,2,Medium,1990,1990,20,20,1,38.183,38.337,76.519
125,768,,TGO,TG,768,4,Country/Area,914,Togo,2,Medium,1990,1990,21,21,1,36.594,36.798,73.392
125,768,,TGO,TG,768,4,Country/Area,914,Togo,2,Medium,1990,1990,22,22,1,35.102,35.353,70.455
125,768,,TGO,TG,768,4,Country/Area,914,Togo,2,Medium,1990,1990,23,23,1,33.78,34.075,67.855
125,768,,TGO,TG,768,4,Country/Area,914,Togo,2,Medium,1990,1990,24,24,1,32.473,32.803,65.275
125,768,,TGO,TG,768,4,Country/Area,914,Togo,2,Medium,1990,1990,25,25,1,31.168,31.523,62.691
125,768,,TGO,TG,768,4,Country/Area,914,Togo,2,Medium,1990,1990,26,26,1,29.936,30.306,60.242
125,768,,TGO,TG,768,4,Country/Area,914,Togo,2,Medium,1990,1990,27,27,1,28.732,29.105,57.837
125,768,,TGO,TG,768,4,Country/Area,914,Togo,2,Medium,1990,1990,28,28,1,27.554,27.927,55.481
125,768,,TGO,TG,768,4,Country/Area,914,Togo,2,Medium,1990,1990,29,29,1,26.471,26.846,53.317
125,768,,TGO,TG,768,4,Country/Area,914,Togo,2,Medium,1990,1990,30,30,1,25.476,25.852,51.328
125,768,,TGO,TG,768,4,Country/Area,914,Togo,2,Medium,1990,1990,31,31,1,24.531,24.906,49.436
125,768,,TGO,TG,768,4,Country/Area,914,Togo,2,Medium,1990,1990,32,32,1,23.643,24.023,47.666
125,768,,TGO,TG,768,4,Country/Area,914,Togo,2,Medium,1990,1990,33,33,1,22.81,23.197,46.007
125,768,,TGO,TG,768,4,Country/Area,914,Togo,2,Medium,1990,1990,34,34,1,21.994,22.39,44.384
125,768,,TGO,TG,768,4,Country/Area,914,Togo,2,Medium,1990,1990,35,35,1,21.233,21.637,42.87
125,768,,TGO,TG,768,4,Country/Area,914,Togo,2,Medium,1990,1990,36,36,1,20.529,20.939,41.469
125,768,,TGO,TG,768,4,Country/Area,914,Togo,2,Medium,1990,1990,37,37,1,19.843,20.259,40.101
125,768,,TGO,TG,768,4,Country/Area,914,Togo,2,Medium,1990,1990,38,38,1,19.155,19.578,38.733
125,768,,TGO,TG,768,4,Country/Area,914,Togo,2,Medium,1990,1990,39,39,1,18.5,18.933,37.432
125,768,,TGO,TG,768,4,Country/Area,914,Togo,2,Medium,1990,1990,40,40,1,17.536,17.93,35.467
125,768,,TGO,TG,768,4,Country/Area,914,Togo,2,Medium,1990,1990,41,41,1,16.717,17.081,33.797
125,768,,TGO,TG,768,4,Country/Area,914,Togo,2,Medium,1990,1990,42,42,1,16.264,16.666,32.929
125,768,,TGO,TG,768,4,Country/Area,914,Togo,2,Medium,1990,1990,43,43,1,15.649,16.115,31.764
125,768,,TGO,TG,768,4,Country/Area,914,Togo,2,Medium,1990,1990,44,44,1,14.887,15.329,30.216
125,768,,TGO,TG,768,4,Country/Area,914,Togo,2,Medium,1990,1990,45,45,1,14.136,14.518,28.653
125,768,,TGO,TG,768,4,Country/Area,914,Togo,2,Medium,1990,1990,46,46,1,13.496,13.9,27.396
125,768,,TGO,TG,768,4,Country/Area,914,Togo,2,Medium,1990,1990,47,47,1,12.866,13.316,26.181
125,768,,TGO,TG,768,4,Country/Area,914,Togo,2,Medium,1990,1990,48,48,1,12.274,12.78,25.055
125,768,,TGO,TG,768,4,Country/Area,914,Togo,2,Medium,1990,1990,49,49,1,11.739,12.301,24.04
125,768,,TGO,TG,768,4,Country/Area,914,Togo,2,Medium,1990,1990,50,50,1,11.255,11.88,23.134
125,768,,TGO,TG,768,4,Country/Area,914,Togo,2,Medium,1990,1990,51,51,1,10.812,11.519,22.331
125,768,,TGO,TG,768,4,Country/Area,914,Togo,2,Medium,1990,1990,52,52,1,10.386,11.162,21.548
125,768,,TGO,TG,768,4,Country/Area,914,Togo,2,Medium,1990,1990,53,53,1,9.953,10.755,20.707
125,768,,TGO,TG,768,4,Country/Area,914,Togo,2,Medium,1990,1990,54,54,1,9.52,10.322,19.841
125,768,,TGO,TG,768,4,Country/Area,914,Togo,2,Medium,1990,1990,55,55,1,9.117,9.925,19.042
125,768,,TGO,TG,768,4,Country/Area,914,Togo,2,Medium,1990,1990,56,56,1,8.746,9.573,18.32
125,768,,TGO,TG,768,4,Country/Area,914,Togo,2,Medium,1990,1990,57,57,1,8.38,9.223,17.603
125,768,,TGO,TG,768,4,Country/Area,914,Togo,2,Medium,1990,1990,58,58,1,7.997,8.866,16.863
125,768,,TGO,TG,768,4,Country/Area,914,Togo,2,Medium,1990,1990,59,59,1,7.609,8.505,16.113
125,768,,TGO,TG,768,4,Country/Area,914,Togo,2,Medium,1990,1990,60,60,1,7.231,8.149,15.38
125,768,,TGO,TG,768,4,Country/Area,914,Togo,2,Medium,1990,1990,61,61,1,6.87,7.798,14.668
125,768,,TGO,TG,768,4,Country/Area,914,Togo,2,Medium,1990,1990,62,62,1,6.511,7.447,13.958
125,768,,TGO,TG,768,4,Country/Area,914,Togo,2,Medium,1990,1990,63,63,1,6.151,7.095,13.245
125,768,,TGO,TG,768,4,Country/Area,914,Togo,2,Medium,1990,1990,64,64,1,5.793,6.742,12.535
125,768,,TGO,TG,768,4,Country/Area,914,Togo,2,Medium,1990,1990,65,65,1,5.438,6.391,11.829
125,768,,TGO,TG,768,4,Country/Area,914,Togo,2,Medium,1990,1990,66,66,1,5.085,6.043,11.127
125,768,,TGO,TG,768,4,Country/Area,914,Togo,2,Medium,1990,1990,67,67,1,4.74,5.695,10.435
125,768,,TGO,TG,768,4,Country/Area,914,Togo,2,Medium,1990,1990,68,68,1,4.412,5.346,9.758
125,768,,TGO,TG,768,4,Country/Area,914,Togo,2,Medium,1990,1990,69,69,1,4.094,4.995,9.089
125,768,,TGO,TG,768,4,Country/Area,914,Togo,2,Medium,1990,1990,70,70,1,3.776,4.643,8.419
125,768,,TGO,TG,768,4,Country/Area,914,Togo,2,Medium,1990,1990,71,71,1,3.459,4.285,7.745
125,768,,TGO,TG,768,4,Country/Area,914,Togo,2,Medium,1990,1990,72,72,1,3.146,3.932,7.077
125,768,,TGO,TG,768,4,Country/Area,914,Togo,2,Medium,1990,1990,73,73,1,2.833,3.594,6.426
125,768,,TGO,TG,768,4,Country/Area,914,Togo,2,Medium,1990,1990,74,74,1,2.525,3.264,5.789
125,768,,TGO,TG,768,4,Country/Area,914,Togo,2,Medium,1990,1990,75,75,1,2.228,2.938,5.167
125,768,,TGO,TG,768,4,Country/Area,914,Togo,2,Medium,1990,1990,76,76,1,1.947,2.62,4.567
125,768,,TGO,TG,768,4,Country/Area,914,Togo,2,Medium,1990,1990,77,77,1,1.679,2.305,3.985
125,768,,TGO,TG,768,4,Country/Area,914,Togo,2,Medium,1990,1990,78,78,1,1.425,1.988,3.413
125,768,,TGO,TG,768,4,Country/Area,914,Togo,2,Medium,1990,1990,79,79,1,1.19,1.679,2.869
125,768,,TGO,TG,768,4,Country/Area,914,Togo,2,Medium,1990,1990,80,80,1,0.979,1.396,2.374
125,768,,TGO,TG,768,4,Country/Area,914,Togo,2,Medium,1990,1990,81,81,1,0.791,1.142,1.933
125,768,,TGO,TG,768,4,Country/Area,914,Togo,2,Medium,1990,1990,82,82,1,0.628,0.916,1.544
125,768,,TGO,TG,768,4,Country/Area,914,Togo,2,Medium,1990,1990,83,83,1,0.489,0.724,1.212
125,768,,TGO,TG,768,4,Country/Area,914,Togo,2,Medium,1990,1990,84,84,1,0.373,0.562,0.935
125,768,,TGO,TG,768,4,Country/Area,914,Togo,2,Medium,1990,1990,85,85,1,0.278,0.427,0.705
125,768,,TGO,TG,768,4,Country/Area,914,Togo,2,Medium,1990,1990,86,86,1,0.201,0.317,0.518
125,768,,TGO,TG,768,4,Country/Area,914,Togo,2,Medium,1990,1990,87,87,1,0.142,0.23,0.372
125,768,,TGO,TG,768,4,Country/Area,914,Togo,2,Medium,1990,1990,88,88,1,0.098,0.163,0.261
125,768,,TGO,TG,768,4,Country/Area,914,Togo,2,Medium,1990,1990,89,89,1,0.065,0.112,0.177
125,768,,TGO,TG,768,4,Country/Area,914,Togo,2,Medium,1990,1990,90,90,1,0.042,0.075,0.116
125,768,,TGO,TG,768,4,Country/Area,914,Togo,2,Medium,1990,1990,91,91,1,0.026,0.048,0.073
125,768,,TGO,TG,768,4,Country/Area,914,Togo,2,Medium,1990,1990,92,92,1,0.015,0.03,0.045
125,768,,TGO,TG,768,4,Country/Area,914,Togo,2,Medium,1990,1990,93,93,1,0.009,0.018,0.026
125,768,,TGO,TG,768,4,Country/Area,914,Togo,2,Medium,1990,1990,94,94,1,0.005,0.01,0.015
125,768,,TGO,TG,768,4,Country/Area,914,Togo,2,Medium,1990,1990,95,95,1,0.002,0.006,0.008
125,768,,TGO,TG,768,4,Country/Area,914,Togo,2,Medium,1990,1990,96,96,1,0.001,0.003,0.004
125,768,,TGO,TG,768,4,Country/Area,914,Togo,2,Medium,1990,1990,97,97,1,0.001,0.002,0.003
125,768,,TGO,TG,768,4,Country/Area,914,Togo,2,Medium,1990,1990,98,98,1,0,0.001,0.001
125,768,,TGO,TG,768,4,Country/Area,914,Togo,2,Medium,1990,1990,99,99,1,0,0,0
125,768,,TGO,TG,768,4,Country/Area,914,Togo,2,Medium,1990,1990,100+,100,-1,0,0,0
125,768,,TGO,TG,768,4,Country/Area,914,Togo,2,Medium,1991,1991,0,0,1,79.634,78.093,157.727
125,768,,TGO,TG,768,4,Country/Area,914,Togo,2,Medium,1991,1991,1,1,1,74.461,73.691,148.151
125,768,,TGO,TG,768,4,Country/Area,914,Togo,2,Medium,1991,1991,2,2,1,71.237,70.662,141.898
125,768,,TGO,TG,768,4,Country/Area,914,Togo,2,Medium,1991,1991,3,3,1,68.641,68.116,136.757
125,768,,TGO,TG,768,4,Country/Area,914,Togo,2,Medium,1991,1991,4,4,1,66.304,65.781,132.085
125,768,,TGO,TG,768,4,Country/Area,914,Togo,2,Medium,1991,1991,5,5,1,64.13,63.596,127.726
125,768,,TGO,TG,768,4,Country/Area,914,Togo,2,Medium,1991,1991,6,6,1,62.27,61.722,123.993
125,768,,TGO,TG,768,4,Country/Area,914,Togo,2,Medium,1991,1991,7,7,1,60.658,60.131,120.79
125,768,,TGO,TG,768,4,Country/Area,914,Togo,2,Medium,1991,1991,8,8,1,59.108,58.633,117.741
125,768,,TGO,TG,768,4,Country/Area,914,Togo,2,Medium,1991,1991,9,9,1,57.575,57.163,114.738
125,768,,TGO,TG,768,4,Country/Area,914,Togo,2,Medium,1991,1991,10,10,1,55.997,55.642,111.639
125,768,,TGO,TG,768,4,Country/Area,914,Togo,2,Medium,1991,1991,11,11,1,54.447,54.137,108.584
125,768,,TGO,TG,768,4,Country/Area,914,Togo,2,Medium,1991,1991,12,12,1,52.946,52.658,105.603
125,768,,TGO,TG,768,4,Country/Area,914,Togo,2,Medium,1991,1991,13,13,1,51.428,51.129,102.556
125,768,,TGO,TG,768,4,Country/Area,914,Togo,2,Medium,1991,1991,14,14,1,49.909,49.604,99.513
125,768,,TGO,TG,768,4,Country/Area,914,Togo,2,Medium,1991,1991,15,15,1,48.279,48.001,96.281
125,768,,TGO,TG,768,4,Country/Area,914,Togo,2,Medium,1991,1991,16,16,1,46.55,46.319,92.87
125,768,,TGO,TG,768,4,Country/Area,914,Togo,2,Medium,1991,1991,17,17,1,44.802,44.649,89.451
125,768,,TGO,TG,768,4,Country/Area,914,Togo,2,Medium,1991,1991,18,18,1,43.041,42.99,86.031
125,768,,TGO,TG,768,4,Country/Area,914,Togo,2,Medium,1991,1991,19,19,1,41.346,41.382,82.728
125,768,,TGO,TG,768,4,Country/Area,914,Togo,2,Medium,1991,1991,20,20,1,39.657,39.76,79.417
125,768,,TGO,TG,768,4,Country/Area,914,Togo,2,Medium,1991,1991,21,21,1,38.002,38.172,76.175
125,768,,TGO,TG,768,4,Country/Area,914,Togo,2,Medium,1991,1991,22,22,1,36.41,36.636,73.046
125,768,,TGO,TG,768,4,Country/Area,914,Togo,2,Medium,1991,1991,23,23,1,34.919,35.194,70.114
125,768,,TGO,TG,768,4,Country/Area,914,Togo,2,Medium,1991,1991,24,24,1,33.603,33.918,67.522
125,768,,TGO,TG,768,4,Country/Area,914,Togo,2,Medium,1991,1991,25,25,1,32.306,32.648,64.954
125,768,,TGO,TG,768,4,Country/Area,914,Togo,2,Medium,1991,1991,26,26,1,31.01,31.371,62.381
125,768,,TGO,TG,768,4,Country/Area,914,Togo,2,Medium,1991,1991,27,27,1,29.787,30.157,59.944
125,768,,TGO,TG,768,4,Country/Area,914,Togo,2,Medium,1991,1991,28,28,1,28.59,28.959,57.548
125,768,,TGO,TG,768,4,Country/Area,914,Togo,2,Medium,1991,1991,29,29,1,27.416,27.785,55.202
125,768,,TGO,TG,768,4,Country/Area,914,Togo,2,Medium,1991,1991,30,30,1,26.335,26.709,53.044
125,768,,TGO,TG,768,4,Country/Area,914,Togo,2,Medium,1991,1991,31,31,1,25.341,25.718,51.059
125,768,,TGO,TG,768,4,Country/Area,914,Togo,2,Medium,1991,1991,32,32,1,24.396,24.776,49.172
125,768,,TGO,TG,768,4,Country/Area,914,Togo,2,Medium,1991,1991,33,33,1,23.511,23.897,47.407
125,768,,TGO,TG,768,4,Country/Area,914,Togo,2,Medium,1991,1991,34,34,1,22.678,23.073,45.752
125,768,,TGO,TG,768,4,Country/Area,914,Togo,2,Medium,1991,1991,35,35,1,21.864,22.268,44.133
125,768,,TGO,TG,768,4,Country/Area,914,Togo,2,Medium,1991,1991,36,36,1,21.105,21.517,42.621
125,768,,TGO,TG,768,4,Country/Area,914,Togo,2,Medium,1991,1991,37,37,1,20.404,20.82,41.224
125,768,,TGO,TG,768,4,Country/Area,914,Togo,2,Medium,1991,1991,38,38,1,19.716,20.139,39.855
125,768,,TGO,TG,768,4,Country/Area,914,Togo,2,Medium,1991,1991,39,39,1,19.027,19.459,38.486
125,768,,TGO,TG,768,4,Country/Area,914,Togo,2,Medium,1991,1991,40,40,1,18.369,18.815,37.184
125,768,,TGO,TG,768,4,Country/Area,914,Togo,2,Medium,1991,1991,41,41,1,17.406,17.817,35.222
125,768,,TGO,TG,768,4,Country/Area,914,Togo,2,Medium,1991,1991,42,42,1,16.585,16.97,33.555
125,768,,TGO,TG,768,4,Country/Area,914,Togo,2,Medium,1991,1991,43,43,1,16.13,16.556,32.687
125,768,,TGO,TG,768,4,Country/Area,914,Togo,2,Medium,1991,1991,44,44,1,15.514,16.007,31.52
125,768,,TGO,TG,768,4,Country/Area,914,Togo,2,Medium,1991,1991,45,45,1,14.753,15.223,29.977
125,768,,TGO,TG,768,4,Country/Area,914,Togo,2,Medium,1991,1991,46,46,1,14.002,14.415,28.418
125,768,,TGO,TG,768,4,Country/Area,914,Togo,2,Medium,1991,1991,47,47,1,13.362,13.8,27.162
125,768,,TGO,TG,768,4,Country/Area,914,Togo,2,Medium,1991,1991,48,48,1,12.731,13.213,25.945
125,768,,TGO,TG,768,4,Country/Area,914,Togo,2,Medium,1991,1991,49,49,1,12.139,12.677,24.815
125,768,,TGO,TG,768,4,Country/Area,914,Togo,2,Medium,1991,1991,50,50,1,11.6,12.194,23.794
125,768,,TGO,TG,768,4,Country/Area,914,Togo,2,Medium,1991,1991,51,51,1,11.111,11.769,22.88
125,768,,TGO,TG,768,4,Country/Area,914,Togo,2,Medium,1991,1991,52,52,1,10.665,11.404,22.069
125,768,,TGO,TG,768,4,Country/Area,914,Togo,2,Medium,1991,1991,53,53,1,10.234,11.044,21.278
125,768,,TGO,TG,768,4,Country/Area,914,Togo,2,Medium,1991,1991,54,54,1,9.797,10.633,20.43
125,768,,TGO,TG,768,4,Country/Area,914,Togo,2,Medium,1991,1991,55,55,1,9.361,10.197,19.559
125,768,,TGO,TG,768,4,Country/Area,914,Togo,2,Medium,1991,1991,56,56,1,8.954,9.799,18.753
125,768,,TGO,TG,768,4,Country/Area,914,Togo,2,Medium,1991,1991,57,57,1,8.58,9.443,18.023
125,768,,TGO,TG,768,4,Country/Area,914,Togo,2,Medium,1991,1991,58,58,1,8.207,9.086,17.293
125,768,,TGO,TG,768,4,Country/Area,914,Togo,2,Medium,1991,1991,59,59,1,7.82,8.72,16.541
125,768,,TGO,TG,768,4,Country/Area,914,Togo,2,Medium,1991,1991,60,60,1,7.425,8.351,15.776
125,768,,TGO,TG,768,4,Country/Area,914,Togo,2,Medium,1991,1991,61,61,1,7.042,7.985,15.027
125,768,,TGO,TG,768,4,Country/Area,914,Togo,2,Medium,1991,1991,62,62,1,6.673,7.624,14.297
125,768,,TGO,TG,768,4,Country/Area,914,Togo,2,Medium,1991,1991,63,63,1,6.309,7.263,13.572
125,768,,TGO,TG,768,4,Country/Area,914,Togo,2,Medium,1991,1991,64,64,1,5.944,6.901,12.845
125,768,,TGO,TG,768,4,Country/Area,914,Togo,2,Medium,1991,1991,65,65,1,5.581,6.541,12.122
125,768,,TGO,TG,768,4,Country/Area,914,Togo,2,Medium,1991,1991,66,66,1,5.223,6.183,11.406
125,768,,TGO,TG,768,4,Country/Area,914,Togo,2,Medium,1991,1991,67,67,1,4.867,5.826,10.693
125,768,,TGO,TG,768,4,Country/Area,914,Togo,2,Medium,1991,1991,68,68,1,4.519,5.469,9.988
125,768,,TGO,TG,768,4,Country/Area,914,Togo,2,Medium,1991,1991,69,69,1,4.186,5.111,9.297
125,768,,TGO,TG,768,4,Country/Area,914,Togo,2,Medium,1991,1991,70,70,1,3.864,4.751,8.614
125,768,,TGO,TG,768,4,Country/Area,914,Togo,2,Medium,1991,1991,71,71,1,3.542,4.389,7.931
125,768,,TGO,TG,768,4,Country/Area,914,Togo,2,Medium,1991,1991,72,72,1,3.221,4.024,7.245
125,768,,TGO,TG,768,4,Country/Area,914,Togo,2,Medium,1991,1991,73,73,1,2.907,3.666,6.572
125,768,,TGO,TG,768,4,Country/Area,914,Togo,2,Medium,1991,1991,74,74,1,2.595,3.324,5.919
125,768,,TGO,TG,768,4,Country/Area,914,Togo,2,Medium,1991,1991,75,75,1,2.292,2.994,5.285
125,768,,TGO,TG,768,4,Country/Area,914,Togo,2,Medium,1991,1991,76,76,1,2.002,2.67,4.672
125,768,,TGO,TG,768,4,Country/Area,914,Togo,2,Medium,1991,1991,77,77,1,1.73,2.355,4.085
125,768,,TGO,TG,768,4,Country/Area,914,Togo,2,Medium,1991,1991,78,78,1,1.472,2.047,3.52
125,768,,TGO,TG,768,4,Country/Area,914,Togo,2,Medium,1991,1991,79,79,1,1.232,1.74,2.973
125,768,,TGO,TG,768,4,Country/Area,914,Togo,2,Medium,1991,1991,80,80,1,1.014,1.448,2.462
125,768,,TGO,TG,768,4,Country/Area,914,Togo,2,Medium,1991,1991,81,81,1,0.82,1.185,2.005
125,768,,TGO,TG,768,4,Country/Area,914,Togo,2,Medium,1991,1991,82,82,1,0.651,0.952,1.603
125,768,,TGO,TG,768,4,Country/Area,914,Togo,2,Medium,1991,1991,83,83,1,0.507,0.751,1.258
125,768,,TGO,TG,768,4,Country/Area,914,Togo,2,Medium,1991,1991,84,84,1,0.387,0.582,0.968
125,768,,TGO,TG,768,4,Country/Area,914,Togo,2,Medium,1991,1991,85,85,1,0.288,0.443,0.731
125,768,,TGO,TG,768,4,Country/Area,914,Togo,2,Medium,1991,1991,86,86,1,0.209,0.33,0.539
125,768,,TGO,TG,768,4,Country/Area,914,Togo,2,Medium,1991,1991,87,87,1,0.148,0.239,0.387
125,768,,TGO,TG,768,4,Country/Area,914,Togo,2,Medium,1991,1991,88,88,1,0.101,0.169,0.27
125,768,,TGO,TG,768,4,Country/Area,914,Togo,2,Medium,1991,1991,89,89,1,0.067,0.116,0.183
125,768,,TGO,TG,768,4,Country/Area,914,Togo,2,Medium,1991,1991,90,90,1,0.043,0.077,0.12
125,768,,TGO,TG,768,4,Country/Area,914,Togo,2,Medium,1991,1991,91,91,1,0.027,0.049,0.076
125,768,,TGO,TG,768,4,Country/Area,914,Togo,2,Medium,1991,1991,92,92,1,0.016,0.031,0.046
125,768,,TGO,TG,768,4,Country/Area,914,Togo,2,Medium,1991,1991,93,93,1,0.009,0.018,0.027
125,768,,TGO,TG,768,4,Country/Area,914,Togo,2,Medium,1991,1991,94,94,1,0.005,0.01,0.015
125,768,,TGO,TG,768,4,Country/Area,914,Togo,2,Medium,1991,1991,95,95,1,0.003,0.006,0.009
125,768,,TGO,TG,768,4,Country/Area,914,Togo,2,Medium,1991,1991,96,96,1,0.001,0.003,0.004
125,768,,TGO,TG,768,4,Country/Area,914,Togo,2,Medium,1991,1991,97,97,1,0.001,0.002,0.003
125,768,,TGO,TG,768,4,Country/Area,914,Togo,2,Medium,1991,1991,98,98,1,0,0.001,0.001
125,768,,TGO,TG,768,4,Country/Area,914,Togo,2,Medium,1991,1991,99,99,1,0,0,0
125,768,,TGO,TG,768,4,Country/Area,914,Togo,2,Medium,1991,1991,100+,100,-1,0,0,0
125,768,,TGO,TG,768,4,Country/Area,914,Togo,2,Medium,1992,1992,0,0,1,81.121,79.538,160.659
125,768,,TGO,TG,768,4,Country/Area,914,Togo,2,Medium,1992,1992,1,1,1,76.003,75.237,151.239
125,768,,TGO,TG,768,4,Country/Area,914,Togo,2,Medium,1992,1992,2,2,1,72.772,72.237,145.008
125,768,,TGO,TG,768,4,Country/Area,914,Togo,2,Medium,1992,1992,3,3,1,70.153,69.647,139.8
125,768,,TGO,TG,768,4,Country/Area,914,Togo,2,Medium,1992,1992,4,4,1,67.933,67.398,135.332
125,768,,TGO,TG,768,4,Country/Area,914,Togo,2,Medium,1992,1992,5,5,1,65.829,65.269,131.097
125,768,,TGO,TG,768,4,Country/Area,914,Togo,2,Medium,1992,1992,6,6,1,63.8,63.221,127.02
125,768,,TGO,TG,768,4,Country/Area,914,Togo,2,Medium,1992,1992,7,7,1,62.027,61.441,123.469
125,768,,TGO,TG,768,4,Country/Area,914,Togo,2,Medium,1992,1992,8,8,1,60.47,59.912,120.382
125,768,,TGO,TG,768,4,Country/Area,914,Togo,2,Medium,1992,1992,9,9,1,58.953,58.456,117.409
125,768,,TGO,TG,768,4,Country/Area,914,Togo,2,Medium,1992,1992,10,10,1,57.441,57.012,114.453
125,768,,TGO,TG,768,4,Country/Area,914,Togo,2,Medium,1992,1992,11,11,1,55.875,55.507,111.382
125,768,,TGO,TG,768,4,Country/Area,914,Togo,2,Medium,1992,1992,12,12,1,54.331,54.01,108.34
125,768,,TGO,TG,768,4,Country/Area,914,Togo,2,Medium,1992,1992,13,13,1,52.83,52.531,105.361
125,768,,TGO,TG,768,4,Country/Area,914,Togo,2,Medium,1992,1992,14,14,1,51.309,50.996,102.305
125,768,,TGO,TG,768,4,Country/Area,914,Togo,2,Medium,1992,1992,15,15,1,49.783,49.462,99.246
125,768,,TGO,TG,768,4,Country/Area,914,Togo,2,Medium,1992,1992,16,16,1,48.145,47.848,95.993
125,768,,TGO,TG,768,4,Country/Area,914,Togo,2,Medium,1992,1992,17,17,1,46.404,46.154,92.558
125,768,,TGO,TG,768,4,Country/Area,914,Togo,2,Medium,1992,1992,18,18,1,44.642,44.474,89.117
125,768,,TGO,TG,768,4,Country/Area,914,Togo,2,Medium,1992,1992,19,19,1,42.868,42.81,85.678
125,768,,TGO,TG,768,4,Country/Area,914,Togo,2,Medium,1992,1992,20,20,1,41.16,41.199,82.359
125,768,,TGO,TG,768,4,Country/Area,914,Togo,2,Medium,1992,1992,21,21,1,39.463,39.578,79.04
125,768,,TGO,TG,768,4,Country/Area,914,Togo,2,Medium,1992,1992,22,22,1,37.804,37.993,75.797
125,768,,TGO,TG,768,4,Country/Area,914,Togo,2,Medium,1992,1992,23,23,1,36.214,36.46,72.674
125,768,,TGO,TG,768,4,Country/Area,914,Togo,2,Medium,1992,1992,24,24,1,34.731,35.02,69.751
125,768,,TGO,TG,768,4,Country/Area,914,Togo,2,Medium,1992,1992,25,25,1,33.424,33.747,67.171
125,768,,TGO,TG,768,4,Country/Area,914,Togo,2,Medium,1992,1992,26,26,1,32.138,32.479,64.617
125,768,,TGO,TG,768,4,Country/Area,914,Togo,2,Medium,1992,1992,27,27,1,30.851,31.206,62.056
125,768,,TGO,TG,768,4,Country/Area,914,Togo,2,Medium,1992,1992,28,28,1,29.634,29.995,59.63
125,768,,TGO,TG,768,4,Country/Area,914,Togo,2,Medium,1992,1992,29,29,1,28.442,28.802,57.244
125,768,,TGO,TG,768,4,Country/Area,914,Togo,2,Medium,1992,1992,30,30,1,27.271,27.634,54.906
125,768,,TGO,TG,768,4,Country/Area,914,Togo,2,Medium,1992,1992,31,31,1,26.191,26.563,52.754
125,768,,TGO,TG,768,4,Country/Area,914,Togo,2,Medium,1992,1992,32,32,1,25.198,25.577,50.775
125,768,,TGO,TG,768,4,Country/Area,914,Togo,2,Medium,1992,1992,33,33,1,24.255,24.638,48.892
125,768,,TGO,TG,768,4,Country/Area,914,Togo,2,Medium,1992,1992,34,34,1,23.37,23.762,47.133
125,768,,TGO,TG,768,4,Country/Area,914,Togo,2,Medium,1992,1992,35,35,1,22.541,22.941,45.482
125,768,,TGO,TG,768,4,Country/Area,914,Togo,2,Medium,1992,1992,36,36,1,21.73,22.137,43.867
125,768,,TGO,TG,768,4,Country/Area,914,Togo,2,Medium,1992,1992,37,37,1,20.971,21.386,42.358
125,768,,TGO,TG,768,4,Country/Area,914,Togo,2,Medium,1992,1992,38,38,1,20.27,20.69,40.96
125,768,,TGO,TG,768,4,Country/Area,914,Togo,2,Medium,1992,1992,39,39,1,19.581,20.009,39.59
125,768,,TGO,TG,768,4,Country/Area,914,Togo,2,Medium,1992,1992,40,40,1,18.89,19.331,38.221
125,768,,TGO,TG,768,4,Country/Area,914,Togo,2,Medium,1992,1992,41,41,1,18.23,18.689,36.919
125,768,,TGO,TG,768,4,Country/Area,914,Togo,2,Medium,1992,1992,42,42,1,17.266,17.695,34.962
125,768,,TGO,TG,768,4,Country/Area,914,Togo,2,Medium,1992,1992,43,43,1,16.446,16.853,33.299
125,768,,TGO,TG,768,4,Country/Area,914,Togo,2,Medium,1992,1992,44,44,1,15.987,16.441,32.428
125,768,,TGO,TG,768,4,Country/Area,914,Togo,2,Medium,1992,1992,45,45,1,15.37,15.893,31.263
125,768,,TGO,TG,768,4,Country/Area,914,Togo,2,Medium,1992,1992,46,46,1,14.611,15.112,29.723
125,768,,TGO,TG,768,4,Country/Area,914,Togo,2,Medium,1992,1992,47,47,1,13.861,14.306,28.167
125,768,,TGO,TG,768,4,Country/Area,914,Togo,2,Medium,1992,1992,48,48,1,13.22,13.69,26.91
125,768,,TGO,TG,768,4,Country/Area,914,Togo,2,Medium,1992,1992,49,49,1,12.588,13.102,25.69
125,768,,TGO,TG,768,4,Country/Area,914,Togo,2,Medium,1992,1992,50,50,1,11.992,12.563,24.555
125,768,,TGO,TG,768,4,Country/Area,914,Togo,2,Medium,1992,1992,51,51,1,11.45,12.076,23.526
125,768,,TGO,TG,768,4,Country/Area,914,Togo,2,Medium,1992,1992,52,52,1,10.957,11.648,22.605
125,768,,TGO,TG,768,4,Country/Area,914,Togo,2,Medium,1992,1992,53,53,1,10.507,11.279,21.786
125,768,,TGO,TG,768,4,Country/Area,914,Togo,2,Medium,1992,1992,54,54,1,10.072,10.915,20.986
125,768,,TGO,TG,768,4,Country/Area,914,Togo,2,Medium,1992,1992,55,55,1,9.632,10.501,20.133
125,768,,TGO,TG,768,4,Country/Area,914,Togo,2,Medium,1992,1992,56,56,1,9.193,10.063,19.255
125,768,,TGO,TG,768,4,Country/Area,914,Togo,2,Medium,1992,1992,57,57,1,8.781,9.66,18.442
125,768,,TGO,TG,768,4,Country/Area,914,Togo,2,Medium,1992,1992,58,58,1,8.402,9.297,17.699
125,768,,TGO,TG,768,4,Country/Area,914,Togo,2,Medium,1992,1992,59,59,1,8.023,8.932,16.956
125,768,,TGO,TG,768,4,Country/Area,914,Togo,2,Medium,1992,1992,60,60,1,7.628,8.558,16.186
125,768,,TGO,TG,768,4,Country/Area,914,Togo,2,Medium,1992,1992,61,61,1,7.227,8.178,15.405
125,768,,TGO,TG,768,4,Country/Area,914,Togo,2,Medium,1992,1992,62,62,1,6.838,7.801,14.639
125,768,,TGO,TG,768,4,Country/Area,914,Togo,2,Medium,1992,1992,63,63,1,6.464,7.429,13.893
125,768,,TGO,TG,768,4,Country/Area,914,Togo,2,Medium,1992,1992,64,64,1,6.094,7.058,13.152
125,768,,TGO,TG,768,4,Country/Area,914,Togo,2,Medium,1992,1992,65,65,1,5.725,6.688,12.413
125,768,,TGO,TG,768,4,Country/Area,914,Togo,2,Medium,1992,1992,66,66,1,5.359,6.32,11.678
125,768,,TGO,TG,768,4,Country/Area,914,Togo,2,Medium,1992,1992,67,67,1,4.997,5.954,10.951
125,768,,TGO,TG,768,4,Country/Area,914,Togo,2,Medium,1992,1992,68,68,1,4.638,5.588,10.226
125,768,,TGO,TG,768,4,Country/Area,914,Togo,2,Medium,1992,1992,69,69,1,4.285,5.221,9.507
125,768,,TGO,TG,768,4,Country/Area,914,Togo,2,Medium,1992,1992,70,70,1,3.949,4.853,8.802
125,768,,TGO,TG,768,4,Country/Area,914,Togo,2,Medium,1992,1992,71,71,1,3.621,4.484,8.104
125,768,,TGO,TG,768,4,Country/Area,914,Togo,2,Medium,1992,1992,72,72,1,3.296,4.114,7.41
125,768,,TGO,TG,768,4,Country/Area,914,Togo,2,Medium,1992,1992,73,73,1,2.975,3.744,6.718
125,768,,TGO,TG,768,4,Country/Area,914,Togo,2,Medium,1992,1992,74,74,1,2.662,3.383,6.045
125,768,,TGO,TG,768,4,Country/Area,914,Togo,2,Medium,1992,1992,75,75,1,2.353,3.041,5.394
125,768,,TGO,TG,768,4,Country/Area,914,Togo,2,Medium,1992,1992,76,76,1,2.057,2.713,4.77
125,768,,TGO,TG,768,4,Country/Area,914,Togo,2,Medium,1992,1992,77,77,1,1.777,2.393,4.17
125,768,,TGO,TG,768,4,Country/Area,914,Togo,2,Medium,1992,1992,78,78,1,1.516,2.086,3.602
125,768,,TGO,TG,768,4,Country/Area,914,Togo,2,Medium,1992,1992,79,79,1,1.272,1.788,3.06
125,768,,TGO,TG,768,4,Country/Area,914,Togo,2,Medium,1992,1992,80,80,1,1.048,1.497,2.546
125,768,,TGO,TG,768,4,Country/Area,914,Togo,2,Medium,1992,1992,81,81,1,0.848,1.224,2.072
125,768,,TGO,TG,768,4,Country/Area,914,Togo,2,Medium,1992,1992,82,82,1,0.674,0.984,1.658
125,768,,TGO,TG,768,4,Country/Area,914,Togo,2,Medium,1992,1992,83,83,1,0.525,0.777,1.302
125,768,,TGO,TG,768,4,Country/Area,914,Togo,2,Medium,1992,1992,84,84,1,0.4,0.601,1
125,768,,TGO,TG,768,4,Country/Area,914,Togo,2,Medium,1992,1992,85,85,1,0.299,0.457,0.755
125,768,,TGO,TG,768,4,Country/Area,914,Togo,2,Medium,1992,1992,86,86,1,0.217,0.34,0.557
125,768,,TGO,TG,768,4,Country/Area,914,Togo,2,Medium,1992,1992,87,87,1,0.154,0.247,0.401
125,768,,TGO,TG,768,4,Country/Area,914,Togo,2,Medium,1992,1992,88,88,1,0.105,0.174,0.279
125,768,,TGO,TG,768,4,Country/Area,914,Togo,2,Medium,1992,1992,89,89,1,0.069,0.119,0.188
125,768,,TGO,TG,768,4,Country/Area,914,Togo,2,Medium,1992,1992,90,90,1,0.044,0.079,0.123
125,768,,TGO,TG,768,4,Country/Area,914,Togo,2,Medium,1992,1992,91,91,1,0.027,0.051,0.078
125,768,,TGO,TG,768,4,Country/Area,914,Togo,2,Medium,1992,1992,92,92,1,0.016,0.031,0.047
125,768,,TGO,TG,768,4,Country/Area,914,Togo,2,Medium,1992,1992,93,93,1,0.009,0.019,0.028
125,768,,TGO,TG,768,4,Country/Area,914,Togo,2,Medium,1992,1992,94,94,1,0.005,0.011,0.016
125,768,,TGO,TG,768,4,Country/Area,914,Togo,2,Medium,1992,1992,95,95,1,0.003,0.006,0.009
125,768,,TGO,TG,768,4,Country/Area,914,Togo,2,Medium,1992,1992,96,96,1,0.001,0.003,0.004
125,768,,TGO,TG,768,4,Country/Area,914,Togo,2,Medium,1992,1992,97,97,1,0.001,0.002,0.003
125,768,,TGO,TG,768,4,Country/Area,914,Togo,2,Medium,1992,1992,98,98,1,0,0.001,0.001
125,768,,TGO,TG,768,4,Country/Area,914,Togo,2,Medium,1992,1992,99,99,1,0,0,0
125,768,,TGO,TG,768,4,Country/Area,914,Togo,2,Medium,1992,1992,100+,100,-1,0,0,0
125,768,,TGO,TG,768,4,Country/Area,914,Togo,2,Medium,1993,1993,0,0,1,79.769,78.209,157.977
125,768,,TGO,TG,768,4,Country/Area,914,Togo,2,Medium,1993,1993,1,1,1,74.917,74.153,149.07
125,768,,TGO,TG,768,4,Country/Area,914,Togo,2,Medium,1993,1993,2,2,1,71.839,71.343,143.182
125,768,,TGO,TG,768,4,Country/Area,914,Togo,2,Medium,1993,1993,3,3,1,69.281,68.829,138.109
125,768,,TGO,TG,768,4,Country/Area,914,Togo,2,Medium,1993,1993,4,4,1,67.103,66.593,133.696
125,768,,TGO,TG,768,4,Country/Area,914,Togo,2,Medium,1993,1993,5,5,1,65.181,64.612,129.793
125,768,,TGO,TG,768,4,Country/Area,914,Togo,2,Medium,1993,1993,6,6,1,63.291,62.691,125.982
125,768,,TGO,TG,768,4,Country/Area,914,Togo,2,Medium,1993,1993,7,7,1,61.419,60.807,122.226
125,768,,TGO,TG,768,4,Country/Area,914,Togo,2,Medium,1993,1993,8,8,1,59.755,59.148,118.904
125,768,,TGO,TG,768,4,Country/Area,914,Togo,2,Medium,1993,1993,9,9,1,58.286,57.715,116.001
125,768,,TGO,TG,768,4,Country/Area,914,Togo,2,Medium,1993,1993,10,10,1,56.841,56.336,113.177
125,768,,TGO,TG,768,4,Country/Area,914,Togo,2,Medium,1993,1993,11,11,1,55.393,54.959,110.353
125,768,,TGO,TG,768,4,Country/Area,914,Togo,2,Medium,1993,1993,12,12,1,53.888,53.517,107.404
125,768,,TGO,TG,768,4,Country/Area,914,Togo,2,Medium,1993,1993,13,13,1,52.395,52.069,104.463
125,768,,TGO,TG,768,4,Country/Area,914,Togo,2,Medium,1993,1993,14,14,1,50.941,50.636,101.578
125,768,,TGO,TG,768,4,Country/Area,914,Togo,2,Medium,1993,1993,15,15,1,49.466,49.145,98.611
125,768,,TGO,TG,768,4,Country/Area,914,Togo,2,Medium,1993,1993,16,16,1,47.983,47.65,95.632
125,768,,TGO,TG,768,4,Country/Area,914,Togo,2,Medium,1993,1993,17,17,1,46.391,46.079,92.469
125,768,,TGO,TG,768,4,Country/Area,914,Togo,2,Medium,1993,1993,18,18,1,44.695,44.431,89.126
125,768,,TGO,TG,768,4,Country/Area,914,Togo,2,Medium,1993,1993,19,19,1,42.98,42.802,85.782
125,768,,TGO,TG,768,4,Country/Area,914,Togo,2,Medium,1993,1993,20,20,1,41.253,41.191,82.444
125,768,,TGO,TG,768,4,Country/Area,914,Togo,2,Medium,1993,1993,21,21,1,39.592,39.633,79.225
125,768,,TGO,TG,768,4,Country/Area,914,Togo,2,Medium,1993,1993,22,22,1,37.95,38.072,76.022
125,768,,TGO,TG,768,4,Country/Area,914,Togo,2,Medium,1993,1993,23,23,1,36.346,36.542,72.889
125,768,,TGO,TG,768,4,Country/Area,914,Togo,2,Medium,1993,1993,24,24,1,34.818,35.066,69.884
125,768,,TGO,TG,768,4,Country/Area,914,Togo,2,Medium,1993,1993,25,25,1,33.391,33.675,67.066
125,768,,TGO,TG,768,4,Country/Area,914,Togo,2,Medium,1993,1993,26,26,1,32.138,32.444,64.582
125,768,,TGO,TG,768,4,Country/Area,914,Togo,2,Medium,1993,1993,27,27,1,30.906,31.224,62.13
125,768,,TGO,TG,768,4,Country/Area,914,Togo,2,Medium,1993,1993,28,28,1,29.668,29.997,59.666
125,768,,TGO,TG,768,4,Country/Area,914,Togo,2,Medium,1993,1993,29,29,1,28.497,28.832,57.329
125,768,,TGO,TG,768,4,Country/Area,914,Togo,2,Medium,1993,1993,30,30,1,27.348,27.685,55.033
125,768,,TGO,TG,768,4,Country/Area,914,Togo,2,Medium,1993,1993,31,31,1,26.217,26.561,52.779
125,768,,TGO,TG,768,4,Country/Area,914,Togo,2,Medium,1993,1993,32,32,1,25.173,25.529,50.703
125,768,,TGO,TG,768,4,Country/Area,914,Togo,2,Medium,1993,1993,33,33,1,24.214,24.579,48.794
125,768,,TGO,TG,768,4,Country/Area,914,Togo,2,Medium,1993,1993,34,34,1,23.305,23.675,46.98
125,768,,TGO,TG,768,4,Country/Area,914,Togo,2,Medium,1993,1993,35,35,1,22.451,22.831,45.282
125,768,,TGO,TG,768,4,Country/Area,914,Togo,2,Medium,1993,1993,36,36,1,21.652,22.038,43.691
125,768,,TGO,TG,768,4,Country/Area,914,Togo,2,Medium,1993,1993,37,37,1,20.869,21.262,42.132
125,768,,TGO,TG,768,4,Country/Area,914,Togo,2,Medium,1993,1993,38,38,1,20.136,20.537,40.672
125,768,,TGO,TG,768,4,Country/Area,914,Togo,2,Medium,1993,1993,39,39,1,19.456,19.865,39.321
125,768,,TGO,TG,768,4,Country/Area,914,Togo,2,Medium,1993,1993,40,40,1,18.788,19.209,37.997
125,768,,TGO,TG,768,4,Country/Area,914,Togo,2,Medium,1993,1993,41,41,1,18.119,18.556,36.675
125,768,,TGO,TG,768,4,Country/Area,914,Togo,2,Medium,1993,1993,42,42,1,17.477,17.936,35.413
125,768,,TGO,TG,768,4,Country/Area,914,Togo,2,Medium,1993,1993,43,43,1,16.557,16.995,33.552
125,768,,TGO,TG,768,4,Country/Area,914,Togo,2,Medium,1993,1993,44,44,1,15.749,16.166,31.916
125,768,,TGO,TG,768,4,Country/Area,914,Togo,2,Medium,1993,1993,45,45,1,15.307,15.773,31.08
125,768,,TGO,TG,768,4,Country/Area,914,Togo,2,Medium,1993,1993,46,46,1,14.713,15.245,29.958
125,768,,TGO,TG,768,4,Country/Area,914,Togo,2,Medium,1993,1993,47,47,1,13.983,14.5,28.483
125,768,,TGO,TG,768,4,Country/Area,914,Togo,2,Medium,1993,1993,48,48,1,13.254,13.717,26.971
125,768,,TGO,TG,768,4,Country/Area,914,Togo,2,Medium,1993,1993,49,49,1,12.634,13.119,25.753
125,768,,TGO,TG,768,4,Country/Area,914,Togo,2,Medium,1993,1993,50,50,1,12.021,12.548,24.569
125,768,,TGO,TG,768,4,Country/Area,914,Togo,2,Medium,1993,1993,51,51,1,11.441,12.022,23.463
125,768,,TGO,TG,768,4,Country/Area,914,Togo,2,Medium,1993,1993,52,52,1,10.912,11.549,22.461
125,768,,TGO,TG,768,4,Country/Area,914,Togo,2,Medium,1993,1993,53,53,1,10.432,11.13,21.563
125,768,,TGO,TG,768,4,Country/Area,914,Togo,2,Medium,1993,1993,54,54,1,9.992,10.768,20.761
125,768,,TGO,TG,768,4,Country/Area,914,Togo,2,Medium,1993,1993,55,55,1,9.569,10.414,19.983
125,768,,TGO,TG,768,4,Country/Area,914,Togo,2,Medium,1993,1993,56,56,1,9.14,10.012,19.152
125,768,,TGO,TG,768,4,Country/Area,914,Togo,2,Medium,1993,1993,57,57,1,8.712,9.585,18.297
125,768,,TGO,TG,768,4,Country/Area,914,Togo,2,Medium,1993,1993,58,58,1,8.309,9.188,17.497
125,768,,TGO,TG,768,4,Country/Area,914,Togo,2,Medium,1993,1993,59,59,1,7.936,8.829,16.765
125,768,,TGO,TG,768,4,Country/Area,914,Togo,2,Medium,1993,1993,60,60,1,7.563,8.467,16.029
125,768,,TGO,TG,768,4,Country/Area,914,Togo,2,Medium,1993,1993,61,61,1,7.175,8.094,15.269
125,768,,TGO,TG,768,4,Country/Area,914,Togo,2,Medium,1993,1993,62,62,1,6.781,7.716,14.497
125,768,,TGO,TG,768,4,Country/Area,914,Togo,2,Medium,1993,1993,63,63,1,6.399,7.341,13.739
125,768,,TGO,TG,768,4,Country/Area,914,Togo,2,Medium,1993,1993,64,64,1,6.032,6.971,13.004
125,768,,TGO,TG,768,4,Country/Area,914,Togo,2,Medium,1993,1993,65,65,1,5.67,6.605,12.275
125,768,,TGO,TG,768,4,Country/Area,914,Togo,2,Medium,1993,1993,66,66,1,5.311,6.239,11.55
125,768,,TGO,TG,768,4,Country/Area,914,Togo,2,Medium,1993,1993,67,67,1,4.953,5.876,10.829
125,768,,TGO,TG,768,4,Country/Area,914,Togo,2,Medium,1993,1993,68,68,1,4.599,5.513,10.113
125,768,,TGO,TG,768,4,Country/Area,914,Togo,2,Medium,1993,1993,69,69,1,4.249,5.15,9.399
125,768,,TGO,TG,768,4,Country/Area,914,Togo,2,Medium,1993,1993,70,70,1,3.905,4.785,8.69
125,768,,TGO,TG,768,4,Country/Area,914,Togo,2,Medium,1993,1993,71,71,1,3.575,4.42,7.994
125,768,,TGO,TG,768,4,Country/Area,914,Togo,2,Medium,1993,1993,72,72,1,3.255,4.055,7.31
125,768,,TGO,TG,768,4,Country/Area,914,Togo,2,Medium,1993,1993,73,73,1,2.939,3.692,6.632
125,768,,TGO,TG,768,4,Country/Area,914,Togo,2,Medium,1993,1993,74,74,1,2.63,3.333,5.963
125,768,,TGO,TG,768,4,Country/Area,914,Togo,2,Medium,1993,1993,75,75,1,2.33,2.985,5.314
125,768,,TGO,TG,768,4,Country/Area,914,Togo,2,Medium,1993,1993,76,76,1,2.039,2.657,4.697
125,768,,TGO,TG,768,4,Country/Area,914,Togo,2,Medium,1993,1993,77,77,1,1.762,2.345,4.107
125,768,,TGO,TG,768,4,Country/Area,914,Togo,2,Medium,1993,1993,78,78,1,1.504,2.043,3.547
125,768,,TGO,TG,768,4,Country/Area,914,Togo,2,Medium,1993,1993,79,79,1,1.265,1.756,3.021
125,768,,TGO,TG,768,4,Country/Area,914,Togo,2,Medium,1993,1993,80,80,1,1.046,1.482,2.528
125,768,,TGO,TG,768,4,Country/Area,914,Togo,2,Medium,1993,1993,81,81,1,0.848,1.22,2.067
125,768,,TGO,TG,768,4,Country/Area,914,Togo,2,Medium,1993,1993,82,82,1,0.674,0.98,1.653
125,768,,TGO,TG,768,4,Country/Area,914,Togo,2,Medium,1993,1993,83,83,1,0.524,0.773,1.297
125,768,,TGO,TG,768,4,Country/Area,914,Togo,2,Medium,1993,1993,84,84,1,0.399,0.599,0.998
125,768,,TGO,TG,768,4,Country/Area,914,Togo,2,Medium,1993,1993,85,85,1,0.297,0.454,0.751
125,768,,TGO,TG,768,4,Country/Area,914,Togo,2,Medium,1993,1993,86,86,1,0.215,0.338,0.553
125,768,,TGO,TG,768,4,Country/Area,914,Togo,2,Medium,1993,1993,87,87,1,0.152,0.246,0.397
125,768,,TGO,TG,768,4,Country/Area,914,Togo,2,Medium,1993,1993,88,88,1,0.104,0.174,0.278
125,768,,TGO,TG,768,4,Country/Area,914,Togo,2,Medium,1993,1993,89,89,1,0.069,0.119,0.187
125,768,,TGO,TG,768,4,Country/Area,914,Togo,2,Medium,1993,1993,90,90,1,0.044,0.078,0.122
125,768,,TGO,TG,768,4,Country/Area,914,Togo,2,Medium,1993,1993,91,91,1,0.027,0.05,0.077
125,768,,TGO,TG,768,4,Country/Area,914,Togo,2,Medium,1993,1993,92,92,1,0.016,0.031,0.047
125,768,,TGO,TG,768,4,Country/Area,914,Togo,2,Medium,1993,1993,93,93,1,0.009,0.019,0.028
125,768,,TGO,TG,768,4,Country/Area,914,Togo,2,Medium,1993,1993,94,94,1,0.005,0.011,0.016
125,768,,TGO,TG,768,4,Country/Area,914,Togo,2,Medium,1993,1993,95,95,1,0.003,0.006,0.009
125,768,,TGO,TG,768,4,Country/Area,914,Togo,2,Medium,1993,1993,96,96,1,0.001,0.003,0.004
125,768,,TGO,TG,768,4,Country/Area,914,Togo,2,Medium,1993,1993,97,97,1,0.001,0.002,0.003
125,768,,TGO,TG,768,4,Country/Area,914,Togo,2,Medium,1993,1993,98,98,1,0,0.001,0.001
125,768,,TGO,TG,768,4,Country/Area,914,Togo,2,Medium,1993,1993,99,99,1,0,0,0
125,768,,TGO,TG,768,4,Country/Area,914,Togo,2,Medium,1993,1993,100+,100,-1,0,0,0
125,768,,TGO,TG,768,4,Country/Area,914,Togo,2,Medium,1994,1994,0,0,1,79.138,77.604,156.742
125,768,,TGO,TG,768,4,Country/Area,914,Togo,2,Medium,1994,1994,1,1,1,74.511,73.749,148.26
125,768,,TGO,TG,768,4,Country/Area,914,Togo,2,Medium,1994,1994,2,2,1,71.589,71.096,142.685
125,768,,TGO,TG,768,4,Country/Area,914,Togo,2,Medium,1994,1994,3,3,1,69.112,68.692,137.804
125,768,,TGO,TG,768,4,Country/Area,914,Togo,2,Medium,1994,1994,4,4,1,66.948,66.48,133.429
125,768,,TGO,TG,768,4,Country/Area,914,Togo,2,Medium,1994,1994,5,5,1,65.039,64.478,129.517
125,768,,TGO,TG,768,4,Country/Area,914,Togo,2,Medium,1994,1994,6,6,1,63.308,62.681,125.989
125,768,,TGO,TG,768,4,Country/Area,914,Togo,2,Medium,1994,1994,7,7,1,61.553,60.904,122.457
125,768,,TGO,TG,768,4,Country/Area,914,Togo,2,Medium,1994,1994,8,8,1,59.773,59.125,118.897
125,768,,TGO,TG,768,4,Country/Area,914,Togo,2,Medium,1994,1994,9,9,1,58.182,57.549,115.731
125,768,,TGO,TG,768,4,Country/Area,914,Togo,2,Medium,1994,1994,10,10,1,56.77,56.181,112.952
125,768,,TGO,TG,768,4,Country/Area,914,Togo,2,Medium,1994,1994,11,11,1,55.376,54.858,110.234
125,768,,TGO,TG,768,4,Country/Area,914,Togo,2,Medium,1994,1994,12,12,1,53.973,53.53,107.503
125,768,,TGO,TG,768,4,Country/Area,914,Togo,2,Medium,1994,1994,13,13,1,52.503,52.121,104.624
125,768,,TGO,TG,768,4,Country/Area,914,Togo,2,Medium,1994,1994,14,14,1,51.044,50.706,101.749
125,768,,TGO,TG,768,4,Country/Area,914,Togo,2,Medium,1994,1994,15,15,1,49.62,49.3,98.92
125,768,,TGO,TG,768,4,Country/Area,914,Togo,2,Medium,1994,1994,16,16,1,48.171,47.83,96.001
125,768,,TGO,TG,768,4,Country/Area,914,Togo,2,Medium,1994,1994,17,17,1,46.718,46.362,93.08
125,768,,TGO,TG,768,4,Country/Area,914,Togo,2,Medium,1994,1994,18,18,1,45.153,44.819,89.972
125,768,,TGO,TG,768,4,Country/Area,914,Togo,2,Medium,1994,1994,19,19,1,43.485,43.203,86.689
125,768,,TGO,TG,768,4,Country/Area,914,Togo,2,Medium,1994,1994,20,20,1,41.799,41.611,83.41
125,768,,TGO,TG,768,4,Country/Area,914,Togo,2,Medium,1994,1994,21,21,1,40.1,40.038,80.138
125,768,,TGO,TG,768,4,Country/Area,914,Togo,2,Medium,1994,1994,22,22,1,38.478,38.525,77.003
125,768,,TGO,TG,768,4,Country/Area,914,Togo,2,Medium,1994,1994,23,23,1,36.874,37.002,73.876
125,768,,TGO,TG,768,4,Country/Area,914,Togo,2,Medium,1994,1994,24,24,1,35.316,35.514,70.831
125,768,,TGO,TG,768,4,Country/Area,914,Togo,2,Medium,1994,1994,25,25,1,33.828,34.07,67.898
125,768,,TGO,TG,768,4,Country/Area,914,Togo,2,Medium,1994,1994,26,26,1,32.443,32.709,65.152
125,768,,TGO,TG,768,4,Country/Area,914,Togo,2,Medium,1994,1994,27,27,1,31.232,31.515,62.746
125,768,,TGO,TG,768,4,Country/Area,914,Togo,2,Medium,1994,1994,28,28,1,30.035,30.328,60.362
125,768,,TGO,TG,768,4,Country/Area,914,Togo,2,Medium,1994,1994,29,29,1,28.831,29.133,57.964
125,768,,TGO,TG,768,4,Country/Area,914,Togo,2,Medium,1994,1994,30,30,1,27.691,28.003,55.694
125,768,,TGO,TG,768,4,Country/Area,914,Togo,2,Medium,1994,1994,31,31,1,26.57,26.888,53.458
125,768,,TGO,TG,768,4,Country/Area,914,Togo,2,Medium,1994,1994,32,32,1,25.463,25.793,51.257
125,768,,TGO,TG,768,4,Country/Area,914,Togo,2,Medium,1994,1994,33,33,1,24.444,24.788,49.232
125,768,,TGO,TG,768,4,Country/Area,914,Togo,2,Medium,1994,1994,34,34,1,23.509,23.863,47.373
125,768,,TGO,TG,768,4,Country/Area,914,Togo,2,Medium,1994,1994,35,35,1,22.621,22.981,45.602
125,768,,TGO,TG,768,4,Country/Area,914,Togo,2,Medium,1994,1994,36,36,1,21.79,22.157,43.947
125,768,,TGO,TG,768,4,Country/Area,914,Togo,2,Medium,1994,1994,37,37,1,21.012,21.384,42.396
125,768,,TGO,TG,768,4,Country/Area,914,Togo,2,Medium,1994,1994,38,38,1,20.245,20.626,40.871
125,768,,TGO,TG,768,4,Country/Area,914,Togo,2,Medium,1994,1994,39,39,1,19.526,19.918,39.444
125,768,,TGO,TG,768,4,Country/Area,914,Togo,2,Medium,1994,1994,40,40,1,18.86,19.264,38.124
125,768,,TGO,TG,768,4,Country/Area,914,Togo,2,Medium,1994,1994,41,41,1,18.207,18.626,36.833
125,768,,TGO,TG,768,4,Country/Area,914,Togo,2,Medium,1994,1994,42,42,1,17.548,17.989,35.538
125,768,,TGO,TG,768,4,Country/Area,914,Togo,2,Medium,1994,1994,43,43,1,16.942,17.415,34.357
125,768,,TGO,TG,768,4,Country/Area,914,Togo,2,Medium,1994,1994,44,44,1,16.023,16.473,32.495
125,768,,TGO,TG,768,4,Country/Area,914,Togo,2,Medium,1994,1994,45,45,1,15.232,15.664,30.895
125,768,,TGO,TG,768,4,Country/Area,914,Togo,2,Medium,1994,1994,46,46,1,14.805,15.284,30.089
125,768,,TGO,TG,768,4,Country/Area,914,Togo,2,Medium,1994,1994,47,47,1,14.232,14.784,29.016
125,768,,TGO,TG,768,4,Country/Area,914,Togo,2,Medium,1994,1994,48,48,1,13.514,14.051,27.565
125,768,,TGO,TG,768,4,Country/Area,914,Togo,2,Medium,1994,1994,49,49,1,12.8,13.281,26.082
125,768,,TGO,TG,768,4,Country/Area,914,Togo,2,Medium,1994,1994,50,50,1,12.191,12.694,24.886
125,768,,TGO,TG,768,4,Country/Area,914,Togo,2,Medium,1994,1994,51,51,1,11.588,12.132,23.72
125,768,,TGO,TG,768,4,Country/Area,914,Togo,2,Medium,1994,1994,52,52,1,11.018,11.614,22.631
125,768,,TGO,TG,768,4,Country/Area,914,Togo,2,Medium,1994,1994,53,53,1,10.496,11.146,21.642
125,768,,TGO,TG,768,4,Country/Area,914,Togo,2,Medium,1994,1994,54,54,1,10.023,10.731,20.754
125,768,,TGO,TG,768,4,Country/Area,914,Togo,2,Medium,1994,1994,55,55,1,9.591,10.376,19.966
125,768,,TGO,TG,768,4,Country/Area,914,Togo,2,Medium,1994,1994,56,56,1,9.173,10.028,19.201
125,768,,TGO,TG,768,4,Country/Area,914,Togo,2,Medium,1994,1994,57,57,1,8.751,9.632,18.383
125,768,,TGO,TG,768,4,Country/Area,914,Togo,2,Medium,1994,1994,58,58,1,8.326,9.207,17.534
125,768,,TGO,TG,768,4,Country/Area,914,Togo,2,Medium,1994,1994,59,59,1,7.926,8.811,16.738
125,768,,TGO,TG,768,4,Country/Area,914,Togo,2,Medium,1994,1994,60,60,1,7.555,8.45,16.006
125,768,,TGO,TG,768,4,Country/Area,914,Togo,2,Medium,1994,1994,61,61,1,7.184,8.086,15.27
125,768,,TGO,TG,768,4,Country/Area,914,Togo,2,Medium,1994,1994,62,62,1,6.8,7.71,14.511
125,768,,TGO,TG,768,4,Country/Area,914,Togo,2,Medium,1994,1994,63,63,1,6.409,7.33,13.739
125,768,,TGO,TG,768,4,Country/Area,914,Togo,2,Medium,1994,1994,64,64,1,6.03,6.954,12.984
125,768,,TGO,TG,768,4,Country/Area,914,Togo,2,Medium,1994,1994,65,65,1,5.668,6.585,12.254
125,768,,TGO,TG,768,4,Country/Area,914,Togo,2,Medium,1994,1994,66,66,1,5.311,6.22,11.531
125,768,,TGO,TG,768,4,Country/Area,914,Togo,2,Medium,1994,1994,67,67,1,4.957,5.854,10.81
125,768,,TGO,TG,768,4,Country/Area,914,Togo,2,Medium,1994,1994,68,68,1,4.604,5.49,10.094
125,768,,TGO,TG,768,4,Country/Area,914,Togo,2,Medium,1994,1994,69,69,1,4.255,5.127,9.383
125,768,,TGO,TG,768,4,Country/Area,914,Togo,2,Medium,1994,1994,70,70,1,3.909,4.762,8.671
125,768,,TGO,TG,768,4,Country/Area,914,Togo,2,Medium,1994,1994,71,71,1,3.569,4.396,7.965
125,768,,TGO,TG,768,4,Country/Area,914,Togo,2,Medium,1994,1994,72,72,1,3.244,4.032,7.275
125,768,,TGO,TG,768,4,Country/Area,914,Togo,2,Medium,1994,1994,73,73,1,2.93,3.671,6.601
125,768,,TGO,TG,768,4,Country/Area,914,Togo,2,Medium,1994,1994,74,74,1,2.622,3.316,5.937
125,768,,TGO,TG,768,4,Country/Area,914,Togo,2,Medium,1994,1994,75,75,1,2.323,2.965,5.288
125,768,,TGO,TG,768,4,Country/Area,914,Togo,2,Medium,1994,1994,76,76,1,2.037,2.629,4.665
125,768,,TGO,TG,768,4,Country/Area,914,Togo,2,Medium,1994,1994,77,77,1,1.763,2.315,4.077
125,768,,TGO,TG,768,4,Country/Area,914,Togo,2,Medium,1994,1994,78,78,1,1.505,2.017,3.522
125,768,,TGO,TG,768,4,Country/Area,914,Togo,2,Medium,1994,1994,79,79,1,1.268,1.732,2.999
125,768,,TGO,TG,768,4,Country/Area,914,Togo,2,Medium,1994,1994,80,80,1,1.051,1.466,2.517
125,768,,TGO,TG,768,4,Country/Area,914,Togo,2,Medium,1994,1994,81,81,1,0.856,1.216,2.071
125,768,,TGO,TG,768,4,Country/Area,914,Togo,2,Medium,1994,1994,82,82,1,0.68,0.983,1.663
125,768,,TGO,TG,768,4,Country/Area,914,Togo,2,Medium,1994,1994,83,83,1,0.528,0.775,1.303
125,768,,TGO,TG,768,4,Country/Area,914,Togo,2,Medium,1994,1994,84,84,1,0.401,0.6,1
125,768,,TGO,TG,768,4,Country/Area,914,Togo,2,Medium,1994,1994,85,85,1,0.296,0.456,0.752
125,768,,TGO,TG,768,4,Country/Area,914,Togo,2,Medium,1994,1994,86,86,1,0.214,0.338,0.552
125,768,,TGO,TG,768,4,Country/Area,914,Togo,2,Medium,1994,1994,87,87,1,0.15,0.246,0.395
125,768,,TGO,TG,768,4,Country/Area,914,Togo,2,Medium,1994,1994,88,88,1,0.103,0.174,0.276
125,768,,TGO,TG,768,4,Country/Area,914,Togo,2,Medium,1994,1994,89,89,1,0.068,0.119,0.187
125,768,,TGO,TG,768,4,Country/Area,914,Togo,2,Medium,1994,1994,90,90,1,0.044,0.078,0.122
125,768,,TGO,TG,768,4,Country/Area,914,Togo,2,Medium,1994,1994,91,91,1,0.027,0.05,0.077
125,768,,TGO,TG,768,4,Country/Area,914,Togo,2,Medium,1994,1994,92,92,1,0.016,0.031,0.047
125,768,,TGO,TG,768,4,Country/Area,914,Togo,2,Medium,1994,1994,93,93,1,0.009,0.019,0.028
125,768,,TGO,TG,768,4,Country/Area,914,Togo,2,Medium,1994,1994,94,94,1,0.005,0.011,0.016
125,768,,TGO,TG,768,4,Country/Area,914,Togo,2,Medium,1994,1994,95,95,1,0.003,0.006,0.009
125,768,,TGO,TG,768,4,Country/Area,914,Togo,2,Medium,1994,1994,96,96,1,0.001,0.003,0.004
125,768,,TGO,TG,768,4,Country/Area,914,Togo,2,Medium,1994,1994,97,97,1,0.001,0.002,0.003
125,768,,TGO,TG,768,4,Country/Area,914,Togo,2,Medium,1994,1994,98,98,1,0,0.001,0.001
125,768,,TGO,TG,768,4,Country/Area,914,Togo,2,Medium,1994,1994,99,99,1,0,0,0
125,768,,TGO,TG,768,4,Country/Area,914,Togo,2,Medium,1994,1994,100+,100,-1,0,0,0
125,768,,TGO,TG,768,4,Country/Area,914,Togo,2,Medium,1995,1995,0,0,1,81.63,80.064,161.694
125,768,,TGO,TG,768,4,Country/Area,914,Togo,2,Medium,1995,1995,1,1,1,77.118,76.337,153.454
125,768,,TGO,TG,768,4,Country/Area,914,Togo,2,Medium,1995,1995,2,2,1,74.228,73.719,147.946
125,768,,TGO,TG,768,4,Country/Area,914,Togo,2,Medium,1995,1995,3,3,1,71.76,71.323,143.082
125,768,,TGO,TG,768,4,Country/Area,914,Togo,2,Medium,1995,1995,4,4,1,69.57,69.107,138.678
125,768,,TGO,TG,768,4,Country/Area,914,Togo,2,Medium,1995,1995,5,5,1,67.585,67.032,134.617
125,768,,TGO,TG,768,4,Country/Area,914,Togo,2,Medium,1995,1995,6,6,1,65.782,65.128,130.91
125,768,,TGO,TG,768,4,Country/Area,914,Togo,2,Medium,1995,1995,7,7,1,64.109,63.398,127.507
125,768,,TGO,TG,768,4,Country/Area,914,Togo,2,Medium,1995,1995,8,8,1,62.381,61.663,124.043
125,768,,TGO,TG,768,4,Country/Area,914,Togo,2,Medium,1995,1995,9,9,1,60.611,59.908,120.519
125,768,,TGO,TG,768,4,Country/Area,914,Togo,2,Medium,1995,1995,10,10,1,59.02,58.344,117.364
125,768,,TGO,TG,768,4,Country/Area,914,Togo,2,Medium,1995,1995,11,11,1,57.597,56.975,114.573
125,768,,TGO,TG,768,4,Country/Area,914,Togo,2,Medium,1995,1995,12,12,1,56.185,55.639,111.825
125,768,,TGO,TG,768,4,Country/Area,914,Togo,2,Medium,1995,1995,13,13,1,54.758,54.289,109.046
125,768,,TGO,TG,768,4,Country/Area,914,Togo,2,Medium,1995,1995,14,14,1,53.26,52.85,106.11
125,768,,TGO,TG,768,4,Country/Area,914,Togo,2,Medium,1995,1995,15,15,1,51.769,51.398,103.167
125,768,,TGO,TG,768,4,Country/Area,914,Togo,2,Medium,1995,1995,16,16,1,50.309,49.952,100.261
125,768,,TGO,TG,768,4,Country/Area,914,Togo,2,Medium,1995,1995,17,17,1,48.821,48.44,97.26
125,768,,TGO,TG,768,4,Country/Area,914,Togo,2,Medium,1995,1995,18,18,1,47.325,46.931,94.256
125,768,,TGO,TG,768,4,Country/Area,914,Togo,2,Medium,1995,1995,19,19,1,45.714,45.352,91.066
125,768,,TGO,TG,768,4,Country/Area,914,Togo,2,Medium,1995,1995,20,20,1,44.004,43.706,87.71
125,768,,TGO,TG,768,4,Country/Area,914,Togo,2,Medium,1995,1995,21,21,1,42.277,42.088,84.365
125,768,,TGO,TG,768,4,Country/Area,914,Togo,2,Medium,1995,1995,22,22,1,40.547,40.493,81.04
125,768,,TGO,TG,768,4,Country/Area,914,Togo,2,Medium,1995,1995,23,23,1,38.898,38.958,77.856
125,768,,TGO,TG,768,4,Country/Area,914,Togo,2,Medium,1995,1995,24,24,1,37.275,37.414,74.689
125,768,,TGO,TG,768,4,Country/Area,914,Togo,2,Medium,1995,1995,25,25,1,35.703,35.904,71.608
125,768,,TGO,TG,768,4,Country/Area,914,Togo,2,Medium,1995,1995,26,26,1,34.205,34.44,68.644
125,768,,TGO,TG,768,4,Country/Area,914,Togo,2,Medium,1995,1995,27,27,1,32.808,33.063,65.871
125,768,,TGO,TG,768,4,Country/Area,914,Togo,2,Medium,1995,1995,28,28,1,31.584,31.851,63.434
125,768,,TGO,TG,768,4,Country/Area,914,Togo,2,Medium,1995,1995,29,29,1,30.371,30.648,61.019
125,768,,TGO,TG,768,4,Country/Area,914,Togo,2,Medium,1995,1995,30,30,1,29.15,29.441,58.59
125,768,,TGO,TG,768,4,Country/Area,914,Togo,2,Medium,1995,1995,31,31,1,27.992,28.297,56.289
125,768,,TGO,TG,768,4,Country/Area,914,Togo,2,Medium,1995,1995,32,32,1,26.854,27.169,54.023
125,768,,TGO,TG,768,4,Country/Area,914,Togo,2,Medium,1995,1995,33,33,1,25.733,26.062,51.795
125,768,,TGO,TG,768,4,Country/Area,914,Togo,2,Medium,1995,1995,34,34,1,24.7,25.045,49.745
125,768,,TGO,TG,768,4,Country/Area,914,Togo,2,Medium,1995,1995,35,35,1,23.752,24.108,47.86
125,768,,TGO,TG,768,4,Country/Area,914,Togo,2,Medium,1995,1995,36,36,1,22.852,23.214,46.066
125,768,,TGO,TG,768,4,Country/Area,914,Togo,2,Medium,1995,1995,37,37,1,22.009,22.378,44.387
125,768,,TGO,TG,768,4,Country/Area,914,Togo,2,Medium,1995,1995,38,38,1,21.218,21.594,42.812
125,768,,TGO,TG,768,4,Country/Area,914,Togo,2,Medium,1995,1995,39,39,1,20.439,20.826,41.264
125,768,,TGO,TG,768,4,Country/Area,914,Togo,2,Medium,1995,1995,40,40,1,19.706,20.108,39.814
125,768,,TGO,TG,768,4,Country/Area,914,Togo,2,Medium,1995,1995,41,41,1,19.026,19.445,38.471
125,768,,TGO,TG,768,4,Country/Area,914,Togo,2,Medium,1995,1995,42,42,1,18.358,18.799,37.158
125,768,,TGO,TG,768,4,Country/Area,914,Togo,2,Medium,1995,1995,43,43,1,17.688,18.155,35.843
125,768,,TGO,TG,768,4,Country/Area,914,Togo,2,Medium,1995,1995,44,44,1,17.064,17.565,34.629
125,768,,TGO,TG,768,4,Country/Area,914,Togo,2,Medium,1995,1995,45,45,1,16.133,16.617,32.75
125,768,,TGO,TG,768,4,Country/Area,914,Togo,2,Medium,1995,1995,46,46,1,15.336,15.804,31.14
125,768,,TGO,TG,768,4,Country/Area,914,Togo,2,Medium,1995,1995,47,47,1,14.896,15.414,30.31
125,768,,TGO,TG,768,4,Country/Area,914,Togo,2,Medium,1995,1995,48,48,1,14.308,14.9,29.208
125,768,,TGO,TG,768,4,Country/Area,914,Togo,2,Medium,1995,1995,49,49,1,13.578,14.152,27.73
125,768,,TGO,TG,768,4,Country/Area,914,Togo,2,Medium,1995,1995,50,50,1,12.851,13.373,26.224
125,768,,TGO,TG,768,4,Country/Area,914,Togo,2,Medium,1995,1995,51,51,1,12.229,12.772,25.001
125,768,,TGO,TG,768,4,Country/Area,914,Togo,2,Medium,1995,1995,52,52,1,11.613,12.198,23.811
125,768,,TGO,TG,768,4,Country/Area,914,Togo,2,Medium,1995,1995,53,53,1,11.03,11.669,22.7
125,768,,TGO,TG,768,4,Country/Area,914,Togo,2,Medium,1995,1995,54,54,1,10.498,11.191,21.689
125,768,,TGO,TG,768,4,Country/Area,914,Togo,2,Medium,1995,1995,55,55,1,10.014,10.768,20.782
125,768,,TGO,TG,768,4,Country/Area,914,Togo,2,Medium,1995,1995,56,56,1,9.57,10.402,19.973
125,768,,TGO,TG,768,4,Country/Area,914,Togo,2,Medium,1995,1995,57,57,1,9.143,10.043,19.185
125,768,,TGO,TG,768,4,Country/Area,914,Togo,2,Medium,1995,1995,58,58,1,8.707,9.633,18.34
125,768,,TGO,TG,768,4,Country/Area,914,Togo,2,Medium,1995,1995,59,59,1,8.271,9.192,17.463
125,768,,TGO,TG,768,4,Country/Area,914,Togo,2,Medium,1995,1995,60,60,1,7.857,8.781,16.638
125,768,,TGO,TG,768,4,Country/Area,914,Togo,2,Medium,1995,1995,61,61,1,7.472,8.402,15.874
125,768,,TGO,TG,768,4,Country/Area,914,Togo,2,Medium,1995,1995,62,62,1,7.088,8.018,15.106
125,768,,TGO,TG,768,4,Country/Area,914,Togo,2,Medium,1995,1995,63,63,1,6.69,7.625,14.315
125,768,,TGO,TG,768,4,Country/Area,914,Togo,2,Medium,1995,1995,64,64,1,6.288,7.229,13.517
125,768,,TGO,TG,768,4,Country/Area,914,Togo,2,Medium,1995,1995,65,65,1,5.899,6.838,12.738
125,768,,TGO,TG,768,4,Country/Area,914,Togo,2,Medium,1995,1995,66,66,1,5.527,6.455,11.982
125,768,,TGO,TG,768,4,Country/Area,914,Togo,2,Medium,1995,1995,67,67,1,5.16,6.074,11.235
125,768,,TGO,TG,768,4,Country/Area,914,Togo,2,Medium,1995,1995,68,68,1,4.796,5.694,10.491
125,768,,TGO,TG,768,4,Country/Area,914,Togo,2,Medium,1995,1995,69,69,1,4.433,5.314,9.748
125,768,,TGO,TG,768,4,Country/Area,914,Togo,2,Medium,1995,1995,70,70,1,4.075,4.934,9.009
125,768,,TGO,TG,768,4,Country/Area,914,Togo,2,Medium,1995,1995,71,71,1,3.72,4.553,8.273
125,768,,TGO,TG,768,4,Country/Area,914,Togo,2,Medium,1995,1995,72,72,1,3.372,4.174,7.545
125,768,,TGO,TG,768,4,Country/Area,914,Togo,2,Medium,1995,1995,73,73,1,3.039,3.798,6.838
125,768,,TGO,TG,768,4,Country/Area,914,Togo,2,Medium,1995,1995,74,74,1,2.72,3.429,6.149
125,768,,TGO,TG,768,4,Country/Area,914,Togo,2,Medium,1995,1995,75,75,1,2.41,3.069,5.479
125,768,,TGO,TG,768,4,Country/Area,914,Togo,2,Medium,1995,1995,76,76,1,2.113,2.718,4.831
125,768,,TGO,TG,768,4,Country/Area,914,Togo,2,Medium,1995,1995,77,77,1,1.831,2.384,4.215
125,768,,TGO,TG,768,4,Country/Area,914,Togo,2,Medium,1995,1995,78,78,1,1.567,2.072,3.639
125,768,,TGO,TG,768,4,Country/Area,914,Togo,2,Medium,1995,1995,79,79,1,1.32,1.78,3.099
125,768,,TGO,TG,768,4,Country/Area,914,Togo,2,Medium,1995,1995,80,80,1,1.095,1.504,2.599
125,768,,TGO,TG,768,4,Country/Area,914,Togo,2,Medium,1995,1995,81,81,1,0.894,1.25,2.144
125,768,,TGO,TG,768,4,Country/Area,914,Togo,2,Medium,1995,1995,82,82,1,0.713,1.019,1.732
125,768,,TGO,TG,768,4,Country/Area,914,Togo,2,Medium,1995,1995,83,83,1,0.555,0.809,1.363
125,768,,TGO,TG,768,4,Country/Area,914,Togo,2,Medium,1995,1995,84,84,1,0.42,0.626,1.045
125,768,,TGO,TG,768,4,Country/Area,914,Togo,2,Medium,1995,1995,85,85,1,0.31,0.475,0.785
125,768,,TGO,TG,768,4,Country/Area,914,Togo,2,Medium,1995,1995,86,86,1,0.222,0.353,0.575
125,768,,TGO,TG,768,4,Country/Area,914,Togo,2,Medium,1995,1995,87,87,1,0.155,0.256,0.41
125,768,,TGO,TG,768,4,Country/Area,914,Togo,2,Medium,1995,1995,88,88,1,0.105,0.18,0.285
125,768,,TGO,TG,768,4,Country/Area,914,Togo,2,Medium,1995,1995,89,89,1,0.07,0.124,0.193
125,768,,TGO,TG,768,4,Country/Area,914,Togo,2,Medium,1995,1995,90,90,1,0.045,0.082,0.126
125,768,,TGO,TG,768,4,Country/Area,914,Togo,2,Medium,1995,1995,91,91,1,0.028,0.052,0.08
125,768,,TGO,TG,768,4,Country/Area,914,Togo,2,Medium,1995,1995,92,92,1,0.017,0.032,0.048
125,768,,TGO,TG,768,4,Country/Area,914,Togo,2,Medium,1995,1995,93,93,1,0.01,0.019,0.029
125,768,,TGO,TG,768,4,Country/Area,914,Togo,2,Medium,1995,1995,94,94,1,0.005,0.011,0.016
125,768,,TGO,TG,768,4,Country/Area,914,Togo,2,Medium,1995,1995,95,95,1,0.003,0.006,0.009
125,768,,TGO,TG,768,4,Country/Area,914,Togo,2,Medium,1995,1995,96,96,1,0.001,0.003,0.004
125,768,,TGO,TG,768,4,Country/Area,914,Togo,2,Medium,1995,1995,97,97,1,0.001,0.002,0.003
125,768,,TGO,TG,768,4,Country/Area,914,Togo,2,Medium,1995,1995,98,98,1,0,0.001,0.001
125,768,,TGO,TG,768,4,Country/Area,914,Togo,2,Medium,1995,1995,99,99,1,0,0,0
125,768,,TGO,TG,768,4,Country/Area,914,Togo,2,Medium,1995,1995,100+,100,-1,0,0,0
125,768,,TGO,TG,768,4,Country/Area,914,Togo,2,Medium,1996,1996,0,0,1,83.615,82.036,165.65
125,768,,TGO,TG,768,4,Country/Area,914,Togo,2,Medium,1996,1996,1,1,1,79.181,78.382,157.563
125,768,,TGO,TG,768,4,Country/Area,914,Togo,2,Medium,1996,1996,2,2,1,76.424,75.906,152.33
125,768,,TGO,TG,768,4,Country/Area,914,Togo,2,Medium,1996,1996,3,3,1,73.987,73.54,147.527
125,768,,TGO,TG,768,4,Country/Area,914,Togo,2,Medium,1996,1996,4,4,1,71.816,71.335,143.15
125,768,,TGO,TG,768,4,Country/Area,914,Togo,2,Medium,1996,1996,5,5,1,69.815,69.263,139.078
125,768,,TGO,TG,768,4,Country/Area,914,Togo,2,Medium,1996,1996,6,6,1,67.948,67.298,135.246
125,768,,TGO,TG,768,4,Country/Area,914,Togo,2,Medium,1996,1996,7,7,1,66.218,65.475,131.694
125,768,,TGO,TG,768,4,Country/Area,914,Togo,2,Medium,1996,1996,8,8,1,64.585,63.8,128.386
125,768,,TGO,TG,768,4,Country/Area,914,Togo,2,Medium,1996,1996,9,9,1,62.877,62.101,124.978
125,768,,TGO,TG,768,4,Country/Area,914,Togo,2,Medium,1996,1996,10,10,1,61.114,60.368,121.482
125,768,,TGO,TG,768,4,Country/Area,914,Togo,2,Medium,1996,1996,11,11,1,59.522,58.813,118.335
125,768,,TGO,TG,768,4,Country/Area,914,Togo,2,Medium,1996,1996,12,12,1,58.09,57.441,115.531
125,768,,TGO,TG,768,4,Country/Area,914,Togo,2,Medium,1996,1996,13,13,1,56.663,56.093,112.756
125,768,,TGO,TG,768,4,Country/Area,914,Togo,2,Medium,1996,1996,14,14,1,55.216,54.719,109.936
125,768,,TGO,TG,768,4,Country/Area,914,Togo,2,Medium,1996,1996,15,15,1,53.694,53.253,106.947
125,768,,TGO,TG,768,4,Country/Area,914,Togo,2,Medium,1996,1996,16,16,1,52.175,51.769,103.944
125,768,,TGO,TG,768,4,Country/Area,914,Togo,2,Medium,1996,1996,17,17,1,50.684,50.286,100.971
125,768,,TGO,TG,768,4,Country/Area,914,Togo,2,Medium,1996,1996,18,18,1,49.163,48.743,97.906
125,768,,TGO,TG,768,4,Country/Area,914,Togo,2,Medium,1996,1996,19,19,1,47.631,47.207,94.838
125,768,,TGO,TG,768,4,Country/Area,914,Togo,2,Medium,1996,1996,20,20,1,45.986,45.605,91.591
125,768,,TGO,TG,768,4,Country/Area,914,Togo,2,Medium,1996,1996,21,21,1,44.245,43.944,88.189
125,768,,TGO,TG,768,4,Country/Area,914,Togo,2,Medium,1996,1996,22,22,1,42.495,42.313,84.808
125,768,,TGO,TG,768,4,Country/Area,914,Togo,2,Medium,1996,1996,23,23,1,40.749,40.706,81.454
125,768,,TGO,TG,768,4,Country/Area,914,Togo,2,Medium,1996,1996,24,24,1,39.09,39.157,78.248
125,768,,TGO,TG,768,4,Country/Area,914,Togo,2,Medium,1996,1996,25,25,1,37.462,37.6,75.061
125,768,,TGO,TG,768,4,Country/Area,914,Togo,2,Medium,1996,1996,26,26,1,35.887,36.077,71.964
125,768,,TGO,TG,768,4,Country/Area,914,Togo,2,Medium,1996,1996,27,27,1,34.383,34.602,68.986
125,768,,TGO,TG,768,4,Country/Area,914,Togo,2,Medium,1996,1996,28,28,1,32.982,33.216,66.198
125,768,,TGO,TG,768,4,Country/Area,914,Togo,2,Medium,1996,1996,29,29,1,31.749,31.996,63.745
125,768,,TGO,TG,768,4,Country/Area,914,Togo,2,Medium,1996,1996,30,30,1,30.526,30.786,61.312
125,768,,TGO,TG,768,4,Country/Area,914,Togo,2,Medium,1996,1996,31,31,1,29.294,29.573,58.867
125,768,,TGO,TG,768,4,Country/Area,914,Togo,2,Medium,1996,1996,32,32,1,28.125,28.422,56.547
125,768,,TGO,TG,768,4,Country/Area,914,Togo,2,Medium,1996,1996,33,33,1,26.977,27.288,54.264
125,768,,TGO,TG,768,4,Country/Area,914,Togo,2,Medium,1996,1996,34,34,1,25.847,26.174,52.022
125,768,,TGO,TG,768,4,Country/Area,914,Togo,2,Medium,1996,1996,35,35,1,24.806,25.151,49.957
125,768,,TGO,TG,768,4,Country/Area,914,Togo,2,Medium,1996,1996,36,36,1,23.852,24.206,48.059
125,768,,TGO,TG,768,4,Country/Area,914,Togo,2,Medium,1996,1996,37,37,1,22.945,23.305,46.25
125,768,,TGO,TG,768,4,Country/Area,914,Togo,2,Medium,1996,1996,38,38,1,22.094,22.462,44.556
125,768,,TGO,TG,768,4,Country/Area,914,Togo,2,Medium,1996,1996,39,39,1,21.293,21.672,42.965
125,768,,TGO,TG,768,4,Country/Area,914,Togo,2,Medium,1996,1996,40,40,1,20.503,20.897,41.401
125,768,,TGO,TG,768,4,Country/Area,914,Togo,2,Medium,1996,1996,41,41,1,19.761,20.175,39.936
125,768,,TGO,TG,768,4,Country/Area,914,Togo,2,Medium,1996,1996,42,42,1,19.071,19.508,38.579
125,768,,TGO,TG,768,4,Country/Area,914,Togo,2,Medium,1996,1996,43,43,1,18.393,18.858,37.251
125,768,,TGO,TG,768,4,Country/Area,914,Togo,2,Medium,1996,1996,44,44,1,17.714,18.212,35.925
125,768,,TGO,TG,768,4,Country/Area,914,Togo,2,Medium,1996,1996,45,45,1,17.077,17.611,34.688
125,768,,TGO,TG,768,4,Country/Area,914,Togo,2,Medium,1996,1996,46,46,1,16.142,16.66,32.801
125,768,,TGO,TG,768,4,Country/Area,914,Togo,2,Medium,1996,1996,47,47,1,15.341,15.844,31.184
125,768,,TGO,TG,768,4,Country/Area,914,Togo,2,Medium,1996,1996,48,48,1,14.89,15.447,30.337
125,768,,TGO,TG,768,4,Country/Area,914,Togo,2,Medium,1996,1996,49,49,1,14.29,14.92,29.21
125,768,,TGO,TG,768,4,Country/Area,914,Togo,2,Medium,1996,1996,50,50,1,13.55,14.162,27.712
125,768,,TGO,TG,768,4,Country/Area,914,Togo,2,Medium,1996,1996,51,51,1,12.815,13.373,26.188
125,768,,TGO,TG,768,4,Country/Area,914,Togo,2,Medium,1996,1996,52,52,1,12.182,12.765,24.947
125,768,,TGO,TG,768,4,Country/Area,914,Togo,2,Medium,1996,1996,53,53,1,11.557,12.182,23.739
125,768,,TGO,TG,768,4,Country/Area,914,Togo,2,Medium,1996,1996,54,54,1,10.966,11.645,22.611
125,768,,TGO,TG,768,4,Country/Area,914,Togo,2,Medium,1996,1996,55,55,1,10.426,11.161,21.587
125,768,,TGO,TG,768,4,Country/Area,914,Togo,2,Medium,1996,1996,56,56,1,9.934,10.729,20.663
125,768,,TGO,TG,768,4,Country/Area,914,Togo,2,Medium,1996,1996,57,57,1,9.482,10.354,19.836
125,768,,TGO,TG,768,4,Country/Area,914,Togo,2,Medium,1996,1996,58,58,1,9.043,9.982,19.024
125,768,,TGO,TG,768,4,Country/Area,914,Togo,2,Medium,1996,1996,59,59,1,8.597,9.558,18.154
125,768,,TGO,TG,768,4,Country/Area,914,Togo,2,Medium,1996,1996,60,60,1,8.149,9.104,17.253
125,768,,TGO,TG,768,4,Country/Area,914,Togo,2,Medium,1996,1996,61,61,1,7.724,8.675,16.4
125,768,,TGO,TG,768,4,Country/Area,914,Togo,2,Medium,1996,1996,62,62,1,7.327,8.28,15.607
125,768,,TGO,TG,768,4,Country/Area,914,Togo,2,Medium,1996,1996,63,63,1,6.931,7.88,14.812
125,768,,TGO,TG,768,4,Country/Area,914,Togo,2,Medium,1996,1996,64,64,1,6.524,7.473,13.997
125,768,,TGO,TG,768,4,Country/Area,914,Togo,2,Medium,1996,1996,65,65,1,6.114,7.064,13.178
125,768,,TGO,TG,768,4,Country/Area,914,Togo,2,Medium,1996,1996,66,66,1,5.718,6.66,12.378
125,768,,TGO,TG,768,4,Country/Area,914,Togo,2,Medium,1996,1996,67,67,1,5.338,6.264,11.602
125,768,,TGO,TG,768,4,Country/Area,914,Togo,2,Medium,1996,1996,68,68,1,4.963,5.871,10.834
125,768,,TGO,TG,768,4,Country/Area,914,Togo,2,Medium,1996,1996,69,69,1,4.59,5.476,10.066
125,768,,TGO,TG,768,4,Country/Area,914,Togo,2,Medium,1996,1996,70,70,1,4.22,5.082,9.302
125,768,,TGO,TG,768,4,Country/Area,914,Togo,2,Medium,1996,1996,71,71,1,3.854,4.688,8.542
125,768,,TGO,TG,768,4,Country/Area,914,Togo,2,Medium,1996,1996,72,72,1,3.492,4.295,7.787
125,768,,TGO,TG,768,4,Country/Area,914,Togo,2,Medium,1996,1996,73,73,1,3.139,3.906,7.046
125,768,,TGO,TG,768,4,Country/Area,914,Togo,2,Medium,1996,1996,74,74,1,2.805,3.525,6.329
125,768,,TGO,TG,768,4,Country/Area,914,Togo,2,Medium,1996,1996,75,75,1,2.486,3.154,5.639
125,768,,TGO,TG,768,4,Country/Area,914,Togo,2,Medium,1996,1996,76,76,1,2.179,2.795,4.974
125,768,,TGO,TG,768,4,Country/Area,914,Togo,2,Medium,1996,1996,77,77,1,1.889,2.448,4.337
125,768,,TGO,TG,768,4,Country/Area,914,Togo,2,Medium,1996,1996,78,78,1,1.617,2.119,3.737
125,768,,TGO,TG,768,4,Country/Area,914,Togo,2,Medium,1996,1996,79,79,1,1.365,1.816,3.181
125,768,,TGO,TG,768,4,Country/Area,914,Togo,2,Medium,1996,1996,80,80,1,1.133,1.535,2.668
125,768,,TGO,TG,768,4,Country/Area,914,Togo,2,Medium,1996,1996,81,81,1,0.925,1.275,2.2
125,768,,TGO,TG,768,4,Country/Area,914,Togo,2,Medium,1996,1996,82,82,1,0.741,1.041,1.782
125,768,,TGO,TG,768,4,Country/Area,914,Togo,2,Medium,1996,1996,83,83,1,0.578,0.833,1.411
125,768,,TGO,TG,768,4,Country/Area,914,Togo,2,Medium,1996,1996,84,84,1,0.438,0.648,1.086
125,768,,TGO,TG,768,4,Country/Area,914,Togo,2,Medium,1996,1996,85,85,1,0.323,0.492,0.814
125,768,,TGO,TG,768,4,Country/Area,914,Togo,2,Medium,1996,1996,86,86,1,0.23,0.366,0.596
125,768,,TGO,TG,768,4,Country/Area,914,Togo,2,Medium,1996,1996,87,87,1,0.16,0.265,0.424
125,768,,TGO,TG,768,4,Country/Area,914,Togo,2,Medium,1996,1996,88,88,1,0.108,0.186,0.294
125,768,,TGO,TG,768,4,Country/Area,914,Togo,2,Medium,1996,1996,89,89,1,0.071,0.128,0.199
125,768,,TGO,TG,768,4,Country/Area,914,Togo,2,Medium,1996,1996,90,90,1,0.046,0.084,0.13
125,768,,TGO,TG,768,4,Country/Area,914,Togo,2,Medium,1996,1996,91,91,1,0.028,0.054,0.082
125,768,,TGO,TG,768,4,Country/Area,914,Togo,2,Medium,1996,1996,92,92,1,0.017,0.033,0.05
125,768,,TGO,TG,768,4,Country/Area,914,Togo,2,Medium,1996,1996,93,93,1,0.01,0.02,0.03
125,768,,TGO,TG,768,4,Country/Area,914,Togo,2,Medium,1996,1996,94,94,1,0.005,0.011,0.016
125,768,,TGO,TG,768,4,Country/Area,914,Togo,2,Medium,1996,1996,95,95,1,0.003,0.006,0.009
125,768,,TGO,TG,768,4,Country/Area,914,Togo,2,Medium,1996,1996,96,96,1,0.001,0.003,0.004
125,768,,TGO,TG,768,4,Country/Area,914,Togo,2,Medium,1996,1996,97,97,1,0.001,0.002,0.003
125,768,,TGO,TG,768,4,Country/Area,914,Togo,2,Medium,1996,1996,98,98,1,0,0.001,0.001
125,768,,TGO,TG,768,4,Country/Area,914,Togo,2,Medium,1996,1996,99,99,1,0,0,0
125,768,,TGO,TG,768,4,Country/Area,914,Togo,2,Medium,1996,1996,100+,100,-1,0,0,0
125,768,,TGO,TG,768,4,Country/Area,914,Togo,2,Medium,1997,1997,0,0,1,85.293,83.716,169.01
125,768,,TGO,TG,768,4,Country/Area,914,Togo,2,Medium,1997,1997,1,1,1,80.738,79.934,160.673
125,768,,TGO,TG,768,4,Country/Area,914,Togo,2,Medium,1997,1997,2,2,1,78.055,77.529,155.585
125,768,,TGO,TG,768,4,Country/Area,914,Togo,2,Medium,1997,1997,3,3,1,75.743,75.291,151.034
125,768,,TGO,TG,768,4,Country/Area,914,Togo,2,Medium,1997,1997,4,4,1,73.604,73.112,146.716
125,768,,TGO,TG,768,4,Country/Area,914,Togo,2,Medium,1997,1997,5,5,1,71.627,71.055,142.683
125,768,,TGO,TG,768,4,Country/Area,914,Togo,2,Medium,1997,1997,6,6,1,69.754,69.102,138.856
125,768,,TGO,TG,768,4,Country/Area,914,Togo,2,Medium,1997,1997,7,7,1,67.971,67.228,135.198
125,768,,TGO,TG,768,4,Country/Area,914,Togo,2,Medium,1997,1997,8,8,1,66.291,65.474,131.764
125,768,,TGO,TG,768,4,Country/Area,914,Togo,2,Medium,1997,1997,9,9,1,64.689,63.847,128.536
125,768,,TGO,TG,768,4,Country/Area,914,Togo,2,Medium,1997,1997,10,10,1,62.997,62.179,125.176
125,768,,TGO,TG,768,4,Country/Area,914,Togo,2,Medium,1997,1997,11,11,1,61.244,60.467,121.711
125,768,,TGO,TG,768,4,Country/Area,914,Togo,2,Medium,1997,1997,12,12,1,59.655,58.922,118.576
125,768,,TGO,TG,768,4,Country/Area,914,Togo,2,Medium,1997,1997,13,13,1,58.224,57.551,115.775
125,768,,TGO,TG,768,4,Country/Area,914,Togo,2,Medium,1997,1997,14,14,1,56.794,56.199,112.993
125,768,,TGO,TG,768,4,Country/Area,914,Togo,2,Medium,1997,1997,15,15,1,55.342,54.818,110.159
125,768,,TGO,TG,768,4,Country/Area,914,Togo,2,Medium,1997,1997,16,16,1,53.815,53.342,107.156
125,768,,TGO,TG,768,4,Country/Area,914,Togo,2,Medium,1997,1997,17,17,1,52.287,51.846,104.133
125,768,,TGO,TG,768,4,Country/Area,914,Togo,2,Medium,1997,1997,18,18,1,50.786,50.356,101.142
125,768,,TGO,TG,768,4,Country/Area,914,Togo,2,Medium,1997,1997,19,19,1,49.252,48.809,98.061
125,768,,TGO,TG,768,4,Country/Area,914,Togo,2,Medium,1997,1997,20,20,1,47.705,47.272,94.977
125,768,,TGO,TG,768,4,Country/Area,914,Togo,2,Medium,1997,1997,21,21,1,46.049,45.673,91.722
125,768,,TGO,TG,768,4,Country/Area,914,Togo,2,Medium,1997,1997,22,22,1,44.3,44.014,88.314
125,768,,TGO,TG,768,4,Country/Area,914,Togo,2,Medium,1997,1997,23,23,1,42.547,42.383,84.93
125,768,,TGO,TG,768,4,Country/Area,914,Togo,2,Medium,1997,1997,24,24,1,40.803,40.772,81.576
125,768,,TGO,TG,768,4,Country/Area,914,Togo,2,Medium,1997,1997,25,25,1,39.148,39.218,78.367
125,768,,TGO,TG,768,4,Country/Area,914,Togo,2,Medium,1997,1997,26,26,1,37.525,37.654,75.178
125,768,,TGO,TG,768,4,Country/Area,914,Togo,2,Medium,1997,1997,27,27,1,35.951,36.124,72.075
125,768,,TGO,TG,768,4,Country/Area,914,Togo,2,Medium,1997,1997,28,28,1,34.446,34.642,69.088
125,768,,TGO,TG,768,4,Country/Area,914,Togo,2,Medium,1997,1997,29,29,1,33.04,33.252,66.291
125,768,,TGO,TG,768,4,Country/Area,914,Togo,2,Medium,1997,1997,30,30,1,31.799,32.026,63.825
125,768,,TGO,TG,768,4,Country/Area,914,Togo,2,Medium,1997,1997,31,31,1,30.566,30.811,61.377
125,768,,TGO,TG,768,4,Country/Area,914,Togo,2,Medium,1997,1997,32,32,1,29.326,29.593,58.918
125,768,,TGO,TG,768,4,Country/Area,914,Togo,2,Medium,1997,1997,33,33,1,28.148,28.437,56.585
125,768,,TGO,TG,768,4,Country/Area,914,Togo,2,Medium,1997,1997,34,34,1,26.992,27.297,54.289
125,768,,TGO,TG,768,4,Country/Area,914,Togo,2,Medium,1997,1997,35,35,1,25.857,26.177,52.035
125,768,,TGO,TG,768,4,Country/Area,914,Togo,2,Medium,1997,1997,36,36,1,24.811,25.147,49.959
125,768,,TGO,TG,768,4,Country/Area,914,Togo,2,Medium,1997,1997,37,37,1,23.851,24.197,48.047
125,768,,TGO,TG,768,4,Country/Area,914,Togo,2,Medium,1997,1997,38,38,1,22.936,23.288,46.224
125,768,,TGO,TG,768,4,Country/Area,914,Togo,2,Medium,1997,1997,39,39,1,22.076,22.44,44.517
125,768,,TGO,TG,768,4,Country/Area,914,Togo,2,Medium,1997,1997,40,40,1,21.267,21.645,42.911
125,768,,TGO,TG,768,4,Country/Area,914,Togo,2,Medium,1997,1997,41,41,1,20.468,20.868,41.336
125,768,,TGO,TG,768,4,Country/Area,914,Togo,2,Medium,1997,1997,42,42,1,19.716,20.142,39.858
125,768,,TGO,TG,768,4,Country/Area,914,Togo,2,Medium,1997,1997,43,43,1,19.017,19.473,38.49
125,768,,TGO,TG,768,4,Country/Area,914,Togo,2,Medium,1997,1997,44,44,1,18.332,18.821,37.153
125,768,,TGO,TG,768,4,Country/Area,914,Togo,2,Medium,1997,1997,45,45,1,17.647,18.172,35.819
125,768,,TGO,TG,768,4,Country/Area,914,Togo,2,Medium,1997,1997,46,46,1,17.002,17.565,34.566
125,768,,TGO,TG,768,4,Country/Area,914,Togo,2,Medium,1997,1997,47,47,1,16.064,16.613,32.678
125,768,,TGO,TG,768,4,Country/Area,914,Togo,2,Medium,1997,1997,48,48,1,15.258,15.794,31.052
125,768,,TGO,TG,768,4,Country/Area,914,Togo,2,Medium,1997,1997,49,49,1,14.798,15.387,30.186
125,768,,TGO,TG,768,4,Country/Area,914,Togo,2,Medium,1997,1997,50,50,1,14.188,14.851,29.038
125,768,,TGO,TG,768,4,Country/Area,914,Togo,2,Medium,1997,1997,51,51,1,13.441,14.086,27.527
125,768,,TGO,TG,768,4,Country/Area,914,Togo,2,Medium,1997,1997,52,52,1,12.7,13.292,25.991
125,768,,TGO,TG,768,4,Country/Area,914,Togo,2,Medium,1997,1997,53,53,1,12.06,12.677,24.737
125,768,,TGO,TG,768,4,Country/Area,914,Togo,2,Medium,1997,1997,54,54,1,11.429,12.089,23.518
125,768,,TGO,TG,768,4,Country/Area,914,Togo,2,Medium,1997,1997,55,55,1,10.832,11.547,22.38
125,768,,TGO,TG,768,4,Country/Area,914,Togo,2,Medium,1997,1997,56,56,1,10.287,11.057,21.343
125,768,,TGO,TG,768,4,Country/Area,914,Togo,2,Medium,1997,1997,57,57,1,9.787,10.618,20.406
125,768,,TGO,TG,768,4,Country/Area,914,Togo,2,Medium,1997,1997,58,58,1,9.327,10.233,19.56
125,768,,TGO,TG,768,4,Country/Area,914,Togo,2,Medium,1997,1997,59,59,1,8.879,9.848,18.727
125,768,,TGO,TG,768,4,Country/Area,914,Togo,2,Medium,1997,1997,60,60,1,8.424,9.41,17.834
125,768,,TGO,TG,768,4,Country/Area,914,Togo,2,Medium,1997,1997,61,61,1,7.966,8.941,16.907
125,768,,TGO,TG,768,4,Country/Area,914,Togo,2,Medium,1997,1997,62,62,1,7.532,8.498,16.03
125,768,,TGO,TG,768,4,Country/Area,914,Togo,2,Medium,1997,1997,63,63,1,7.125,8.088,15.213
125,768,,TGO,TG,768,4,Country/Area,914,Togo,2,Medium,1997,1997,64,64,1,6.721,7.676,14.398
125,768,,TGO,TG,768,4,Country/Area,914,Togo,2,Medium,1997,1997,65,65,1,6.308,7.258,13.565
125,768,,TGO,TG,768,4,Country/Area,914,Togo,2,Medium,1997,1997,66,66,1,5.891,6.838,12.729
125,768,,TGO,TG,768,4,Country/Area,914,Togo,2,Medium,1997,1997,67,67,1,5.49,6.424,11.914
125,768,,TGO,TG,768,4,Country/Area,914,Togo,2,Medium,1997,1997,68,68,1,5.104,6.018,11.121
125,768,,TGO,TG,768,4,Country/Area,914,Togo,2,Medium,1997,1997,69,69,1,4.723,5.611,10.334
125,768,,TGO,TG,768,4,Country/Area,914,Togo,2,Medium,1997,1997,70,70,1,4.343,5.205,9.548
125,768,,TGO,TG,768,4,Country/Area,914,Togo,2,Medium,1997,1997,71,71,1,3.967,4.798,8.765
125,768,,TGO,TG,768,4,Country/Area,914,Togo,2,Medium,1997,1997,72,72,1,3.597,4.394,7.99
125,768,,TGO,TG,768,4,Country/Area,914,Togo,2,Medium,1997,1997,73,73,1,3.232,3.994,7.227
125,768,,TGO,TG,768,4,Country/Area,914,Togo,2,Medium,1997,1997,74,74,1,2.88,3.602,6.482
125,768,,TGO,TG,768,4,Country/Area,914,Togo,2,Medium,1997,1997,75,75,1,2.548,3.221,5.769
125,768,,TGO,TG,768,4,Country/Area,914,Togo,2,Medium,1997,1997,76,76,1,2.234,2.853,5.088
125,768,,TGO,TG,768,4,Country/Area,914,Togo,2,Medium,1997,1997,77,77,1,1.937,2.501,4.438
125,768,,TGO,TG,768,4,Country/Area,914,Togo,2,Medium,1997,1997,78,78,1,1.659,2.162,3.821
125,768,,TGO,TG,768,4,Country/Area,914,Togo,2,Medium,1997,1997,79,79,1,1.402,1.845,3.248
125,768,,TGO,TG,768,4,Country/Area,914,Togo,2,Medium,1997,1997,80,80,1,1.167,1.556,2.723
125,768,,TGO,TG,768,4,Country/Area,914,Togo,2,Medium,1997,1997,81,81,1,0.953,1.293,2.246
125,768,,TGO,TG,768,4,Country/Area,914,Togo,2,Medium,1997,1997,82,82,1,0.764,1.055,1.819
125,768,,TGO,TG,768,4,Country/Area,914,Togo,2,Medium,1997,1997,83,83,1,0.598,0.846,1.443
125,768,,TGO,TG,768,4,Country/Area,914,Togo,2,Medium,1997,1997,84,84,1,0.455,0.664,1.118
125,768,,TGO,TG,768,4,Country/Area,914,Togo,2,Medium,1997,1997,85,85,1,0.336,0.506,0.842
125,768,,TGO,TG,768,4,Country/Area,914,Togo,2,Medium,1997,1997,86,86,1,0.239,0.377,0.616
125,768,,TGO,TG,768,4,Country/Area,914,Togo,2,Medium,1997,1997,87,87,1,0.166,0.273,0.438
125,768,,TGO,TG,768,4,Country/Area,914,Togo,2,Medium,1997,1997,88,88,1,0.112,0.193,0.305
125,768,,TGO,TG,768,4,Country/Area,914,Togo,2,Medium,1997,1997,89,89,1,0.074,0.132,0.206
125,768,,TGO,TG,768,4,Country/Area,914,Togo,2,Medium,1997,1997,90,90,1,0.048,0.087,0.135
125,768,,TGO,TG,768,4,Country/Area,914,Togo,2,Medium,1997,1997,91,91,1,0.03,0.056,0.085
125,768,,TGO,TG,768,4,Country/Area,914,Togo,2,Medium,1997,1997,92,92,1,0.018,0.035,0.053
125,768,,TGO,TG,768,4,Country/Area,914,Togo,2,Medium,1997,1997,93,93,1,0.011,0.021,0.032
125,768,,TGO,TG,768,4,Country/Area,914,Togo,2,Medium,1997,1997,94,94,1,0.007,0.012,0.019
125,768,,TGO,TG,768,4,Country/Area,914,Togo,2,Medium,1997,1997,95,95,1,0.004,0.007,0.011
125,768,,TGO,TG,768,4,Country/Area,914,Togo,2,Medium,1997,1997,96,96,1,0.003,0.004,0.007
125,768,,TGO,TG,768,4,Country/Area,914,Togo,2,Medium,1997,1997,97,97,1,0.002,0.003,0.005
125,768,,TGO,TG,768,4,Country/Area,914,Togo,2,Medium,1997,1997,98,98,1,0.001,0.002,0.003
125,768,,TGO,TG,768,4,Country/Area,914,Togo,2,Medium,1997,1997,99,99,1,0.001,0.001,0.002
125,768,,TGO,TG,768,4,Country/Area,914,Togo,2,Medium,1997,1997,100+,100,-1,0.001,0.001,0.002
125,768,,TGO,TG,768,4,Country/Area,914,Togo,2,Medium,1998,1998,0,0,1,87.088,85.507,172.596
125,768,,TGO,TG,768,4,Country/Area,914,Togo,2,Medium,1998,1998,1,1,1,82.159,81.354,163.513
125,768,,TGO,TG,768,4,Country/Area,914,Togo,2,Medium,1998,1998,2,2,1,79.338,78.81,158.148
125,768,,TGO,TG,768,4,Country/Area,914,Togo,2,Medium,1998,1998,3,3,1,77.081,76.622,153.703
125,768,,TGO,TG,768,4,Country/Area,914,Togo,2,Medium,1998,1998,4,4,1,75.058,74.562,149.619
125,768,,TGO,TG,768,4,Country/Area,914,Togo,2,Medium,1998,1998,5,5,1,73.115,72.53,145.644
125,768,,TGO,TG,768,4,Country/Area,914,Togo,2,Medium,1998,1998,6,6,1,71.27,70.594,141.863
125,768,,TGO,TG,768,4,Country/Area,914,Togo,2,Medium,1998,1998,7,7,1,69.484,68.737,138.221
125,768,,TGO,TG,768,4,Country/Area,914,Togo,2,Medium,1998,1998,8,8,1,67.758,66.939,134.698
125,768,,TGO,TG,768,4,Country/Area,914,Togo,2,Medium,1998,1998,9,9,1,66.118,65.243,131.36
125,768,,TGO,TG,768,4,Country/Area,914,Togo,2,Medium,1998,1998,10,10,1,64.54,63.657,128.196
125,768,,TGO,TG,768,4,Country/Area,914,Togo,2,Medium,1998,1998,11,11,1,62.864,62.017,124.882
125,768,,TGO,TG,768,4,Country/Area,914,Togo,2,Medium,1998,1998,12,12,1,61.123,60.325,121.449
125,768,,TGO,TG,768,4,Country/Area,914,Togo,2,Medium,1998,1998,13,13,1,59.546,58.794,118.34
125,768,,TGO,TG,768,4,Country/Area,914,Togo,2,Medium,1998,1998,14,14,1,58.127,57.435,115.562
125,768,,TGO,TG,768,4,Country/Area,914,Togo,2,Medium,1998,1998,15,15,1,56.709,56.093,112.802
125,768,,TGO,TG,768,4,Country/Area,914,Togo,2,Medium,1998,1998,16,16,1,55.272,54.722,109.993
125,768,,TGO,TG,768,4,Country/Area,914,Togo,2,Medium,1998,1998,17,17,1,53.756,53.257,107.013
125,768,,TGO,TG,768,4,Country/Area,914,Togo,2,Medium,1998,1998,18,18,1,52.239,51.775,104.013
125,768,,TGO,TG,768,4,Country/Area,914,Togo,2,Medium,1998,1998,19,19,1,50.745,50.3,101.044
125,768,,TGO,TG,768,4,Country/Area,914,Togo,2,Medium,1998,1998,20,20,1,49.214,48.77,97.984
125,768,,TGO,TG,768,4,Country/Area,914,Togo,2,Medium,1998,1998,21,21,1,47.671,47.251,94.922
125,768,,TGO,TG,768,4,Country/Area,914,Togo,2,Medium,1998,1998,22,22,1,46.02,45.666,91.686
125,768,,TGO,TG,768,4,Country/Area,914,Togo,2,Medium,1998,1998,23,23,1,44.278,44.017,88.296
125,768,,TGO,TG,768,4,Country/Area,914,Togo,2,Medium,1998,1998,24,24,1,42.536,42.39,84.926
125,768,,TGO,TG,768,4,Country/Area,914,Togo,2,Medium,1998,1998,25,25,1,40.803,40.779,81.582
125,768,,TGO,TG,768,4,Country/Area,914,Togo,2,Medium,1998,1998,26,26,1,39.157,39.221,78.377
125,768,,TGO,TG,768,4,Country/Area,914,Togo,2,Medium,1998,1998,27,27,1,37.538,37.651,75.188
125,768,,TGO,TG,768,4,Country/Area,914,Togo,2,Medium,1998,1998,28,28,1,35.963,36.114,72.077
125,768,,TGO,TG,768,4,Country/Area,914,Togo,2,Medium,1998,1998,29,29,1,34.455,34.627,69.082
125,768,,TGO,TG,768,4,Country/Area,914,Togo,2,Medium,1998,1998,30,30,1,33.041,33.231,66.272
125,768,,TGO,TG,768,4,Country/Area,914,Togo,2,Medium,1998,1998,31,31,1,31.79,32,63.789
125,768,,TGO,TG,768,4,Country/Area,914,Togo,2,Medium,1998,1998,32,32,1,30.547,30.779,61.326
125,768,,TGO,TG,768,4,Country/Area,914,Togo,2,Medium,1998,1998,33,33,1,29.298,29.553,58.852
125,768,,TGO,TG,768,4,Country/Area,914,Togo,2,Medium,1998,1998,34,34,1,28.113,28.392,56.505
125,768,,TGO,TG,768,4,Country/Area,914,Togo,2,Medium,1998,1998,35,35,1,26.951,27.244,54.196
125,768,,TGO,TG,768,4,Country/Area,914,Togo,2,Medium,1998,1998,36,36,1,25.811,26.117,51.928
125,768,,TGO,TG,768,4,Country/Area,914,Togo,2,Medium,1998,1998,37,37,1,24.758,25.081,49.838
125,768,,TGO,TG,768,4,Country/Area,914,Togo,2,Medium,1998,1998,38,38,1,23.788,24.122,47.911
125,768,,TGO,TG,768,4,Country/Area,914,Togo,2,Medium,1998,1998,39,39,1,22.866,23.209,46.075
125,768,,TGO,TG,768,4,Country/Area,914,Togo,2,Medium,1998,1998,40,40,1,21.997,22.355,44.352
125,768,,TGO,TG,768,4,Country/Area,914,Togo,2,Medium,1998,1998,41,41,1,21.177,21.557,42.733
125,768,,TGO,TG,768,4,Country/Area,914,Togo,2,Medium,1998,1998,42,42,1,20.368,20.776,41.145
125,768,,TGO,TG,768,4,Country/Area,914,Togo,2,Medium,1998,1998,43,43,1,19.608,20.049,39.657
125,768,,TGO,TG,768,4,Country/Area,914,Togo,2,Medium,1998,1998,44,44,1,18.902,19.378,38.28
125,768,,TGO,TG,768,4,Country/Area,914,Togo,2,Medium,1998,1998,45,45,1,18.212,18.724,36.935
125,768,,TGO,TG,768,4,Country/Area,914,Togo,2,Medium,1998,1998,46,46,1,17.521,18.071,35.593
125,768,,TGO,TG,768,4,Country/Area,914,Togo,2,Medium,1998,1998,47,47,1,16.87,17.46,34.331
125,768,,TGO,TG,768,4,Country/Area,914,Togo,2,Medium,1998,1998,48,48,1,15.93,16.506,32.435
125,768,,TGO,TG,768,4,Country/Area,914,Togo,2,Medium,1998,1998,49,49,1,15.118,15.682,30.8
125,768,,TGO,TG,768,4,Country/Area,914,Togo,2,Medium,1998,1998,50,50,1,14.648,15.267,29.915
125,768,,TGO,TG,768,4,Country/Area,914,Togo,2,Medium,1998,1998,51,51,1,14.031,14.723,28.753
125,768,,TGO,TG,768,4,Country/Area,914,Togo,2,Medium,1998,1998,52,52,1,13.278,13.953,27.23
125,768,,TGO,TG,768,4,Country/Area,914,Togo,2,Medium,1998,1998,53,53,1,12.532,13.156,25.688
125,768,,TGO,TG,768,4,Country/Area,914,Togo,2,Medium,1998,1998,54,54,1,11.888,12.537,24.424
125,768,,TGO,TG,768,4,Country/Area,914,Togo,2,Medium,1998,1998,55,55,1,11.252,11.945,23.197
125,768,,TGO,TG,768,4,Country/Area,914,Togo,2,Medium,1998,1998,56,56,1,10.652,11.399,22.05
125,768,,TGO,TG,768,4,Country/Area,914,Togo,2,Medium,1998,1998,57,57,1,10.1,10.902,21.002
125,768,,TGO,TG,768,4,Country/Area,914,Togo,2,Medium,1998,1998,58,58,1,9.595,10.454,20.049
125,768,,TGO,TG,768,4,Country/Area,914,Togo,2,Medium,1998,1998,59,59,1,9.126,10.057,19.183
125,768,,TGO,TG,768,4,Country/Area,914,Togo,2,Medium,1998,1998,60,60,1,8.669,9.659,18.328
125,768,,TGO,TG,768,4,Country/Area,914,Togo,2,Medium,1998,1998,61,61,1,8.205,9.207,17.412
125,768,,TGO,TG,768,4,Country/Area,914,Togo,2,Medium,1998,1998,62,62,1,7.74,8.725,16.465
125,768,,TGO,TG,768,4,Country/Area,914,Togo,2,Medium,1998,1998,63,63,1,7.298,8.27,15.568
125,768,,TGO,TG,768,4,Country/Area,914,Togo,2,Medium,1998,1998,64,64,1,6.884,7.848,14.732
125,768,,TGO,TG,768,4,Country/Area,914,Togo,2,Medium,1998,1998,65,65,1,6.474,7.426,13.9
125,768,,TGO,TG,768,4,Country/Area,914,Togo,2,Medium,1998,1998,66,66,1,6.056,6.997,13.053
125,768,,TGO,TG,768,4,Country/Area,914,Togo,2,Medium,1998,1998,67,67,1,5.636,6.569,12.205
125,768,,TGO,TG,768,4,Country/Area,914,Togo,2,Medium,1998,1998,68,68,1,5.229,6.146,11.375
125,768,,TGO,TG,768,4,Country/Area,914,Togo,2,Medium,1998,1998,69,69,1,4.838,5.728,10.566
125,768,,TGO,TG,768,4,Country/Area,914,Togo,2,Medium,1998,1998,70,70,1,4.452,5.31,9.762
125,768,,TGO,TG,768,4,Country/Area,914,Togo,2,Medium,1998,1998,71,71,1,4.069,4.893,8.961
125,768,,TGO,TG,768,4,Country/Area,914,Togo,2,Medium,1998,1998,72,72,1,3.689,4.478,8.166
125,768,,TGO,TG,768,4,Country/Area,914,Togo,2,Medium,1998,1998,73,73,1,3.318,4.069,7.387
125,768,,TGO,TG,768,4,Country/Area,914,Togo,2,Medium,1998,1998,74,74,1,2.954,3.668,6.622
125,768,,TGO,TG,768,4,Country/Area,914,Togo,2,Medium,1998,1998,75,75,1,2.607,3.278,5.886
125,768,,TGO,TG,768,4,Country/Area,914,Togo,2,Medium,1998,1998,76,76,1,2.282,2.902,5.184
125,768,,TGO,TG,768,4,Country/Area,914,Togo,2,Medium,1998,1998,77,77,1,1.979,2.543,4.522
125,768,,TGO,TG,768,4,Country/Area,914,Togo,2,Medium,1998,1998,78,78,1,1.696,2.2,3.895
125,768,,TGO,TG,768,4,Country/Area,914,Togo,2,Medium,1998,1998,79,79,1,1.434,1.875,3.308
125,768,,TGO,TG,768,4,Country/Area,914,Togo,2,Medium,1998,1998,80,80,1,1.194,1.575,2.769
125,768,,TGO,TG,768,4,Country/Area,914,Togo,2,Medium,1998,1998,81,81,1,0.978,1.306,2.284
125,768,,TGO,TG,768,4,Country/Area,914,Togo,2,Medium,1998,1998,82,82,1,0.785,1.066,1.851
125,768,,TGO,TG,768,4,Country/Area,914,Togo,2,Medium,1998,1998,83,83,1,0.615,0.854,1.469
125,768,,TGO,TG,768,4,Country/Area,914,Togo,2,Medium,1998,1998,84,84,1,0.469,0.672,1.141
125,768,,TGO,TG,768,4,Country/Area,914,Togo,2,Medium,1998,1998,85,85,1,0.348,0.517,0.865
125,768,,TGO,TG,768,4,Country/Area,914,Togo,2,Medium,1998,1998,86,86,1,0.249,0.387,0.636
125,768,,TGO,TG,768,4,Country/Area,914,Togo,2,Medium,1998,1998,87,87,1,0.173,0.281,0.454
125,768,,TGO,TG,768,4,Country/Area,914,Togo,2,Medium,1998,1998,88,88,1,0.118,0.199,0.316
125,768,,TGO,TG,768,4,Country/Area,914,Togo,2,Medium,1998,1998,89,89,1,0.078,0.136,0.214
125,768,,TGO,TG,768,4,Country/Area,914,Togo,2,Medium,1998,1998,90,90,1,0.051,0.091,0.141
125,768,,TGO,TG,768,4,Country/Area,914,Togo,2,Medium,1998,1998,91,91,1,0.033,0.059,0.091
125,768,,TGO,TG,768,4,Country/Area,914,Togo,2,Medium,1998,1998,92,92,1,0.02,0.037,0.057
125,768,,TGO,TG,768,4,Country/Area,914,Togo,2,Medium,1998,1998,93,93,1,0.013,0.023,0.036
125,768,,TGO,TG,768,4,Country/Area,914,Togo,2,Medium,1998,1998,94,94,1,0.009,0.014,0.023
125,768,,TGO,TG,768,4,Country/Area,914,Togo,2,Medium,1998,1998,95,95,1,0.006,0.009,0.015
125,768,,TGO,TG,768,4,Country/Area,914,Togo,2,Medium,1998,1998,96,96,1,0.005,0.006,0.011
125,768,,TGO,TG,768,4,Country/Area,914,Togo,2,Medium,1998,1998,97,97,1,0.004,0.004,0.008
125,768,,TGO,TG,768,4,Country/Area,914,Togo,2,Medium,1998,1998,98,98,1,0.003,0.003,0.005
125,768,,TGO,TG,768,4,Country/Area,914,Togo,2,Medium,1998,1998,99,99,1,0.003,0.002,0.004
125,768,,TGO,TG,768,4,Country/Area,914,Togo,2,Medium,1998,1998,100+,100,-1,0.003,0.002,0.005
125,768,,TGO,TG,768,4,Country/Area,914,Togo,2,Medium,1999,1999,0,0,1,89.394,87.787,177.181
125,768,,TGO,TG,768,4,Country/Area,914,Togo,2,Medium,1999,1999,1,1,1,84.017,83.195,167.213
125,768,,TGO,TG,768,4,Country/Area,914,Togo,2,Medium,1999,1999,2,2,1,80.797,80.262,161.059
125,768,,TGO,TG,768,4,Country/Area,914,Togo,2,Medium,1999,1999,3,3,1,78.38,77.919,156.3
125,768,,TGO,TG,768,4,Country/Area,914,Togo,2,Medium,1999,1999,4,4,1,76.398,75.897,152.296
125,768,,TGO,TG,768,4,Country/Area,914,Togo,2,Medium,1999,1999,5,5,1,74.564,73.976,148.541
125,768,,TGO,TG,768,4,Country/Area,914,Togo,2,Medium,1999,1999,6,6,1,72.751,72.06,144.811
125,768,,TGO,TG,768,4,Country/Area,914,Togo,2,Medium,1999,1999,7,7,1,70.993,70.221,141.214
125,768,,TGO,TG,768,4,Country/Area,914,Togo,2,Medium,1999,1999,8,8,1,69.267,68.441,137.708
125,768,,TGO,TG,768,4,Country/Area,914,Togo,2,Medium,1999,1999,9,9,1,67.579,66.702,134.281
125,768,,TGO,TG,768,4,Country/Area,914,Togo,2,Medium,1999,1999,10,10,1,65.963,65.047,131.01
125,768,,TGO,TG,768,4,Country/Area,914,Togo,2,Medium,1999,1999,11,11,1,64.401,63.491,127.892
125,768,,TGO,TG,768,4,Country/Area,914,Togo,2,Medium,1999,1999,12,12,1,62.739,61.872,124.611
125,768,,TGO,TG,768,4,Country/Area,914,Togo,2,Medium,1999,1999,13,13,1,61.011,60.194,121.205
125,768,,TGO,TG,768,4,Country/Area,914,Togo,2,Medium,1999,1999,14,14,1,59.444,58.674,118.118
125,768,,TGO,TG,768,4,Country/Area,914,Togo,2,Medium,1999,1999,15,15,1,58.037,57.324,115.361
125,768,,TGO,TG,768,4,Country/Area,914,Togo,2,Medium,1999,1999,16,16,1,56.633,55.989,112.622
125,768,,TGO,TG,768,4,Country/Area,914,Togo,2,Medium,1999,1999,17,17,1,55.205,54.628,109.832
125,768,,TGO,TG,768,4,Country/Area,914,Togo,2,Medium,1999,1999,18,18,1,53.698,53.173,106.871
125,768,,TGO,TG,768,4,Country/Area,914,Togo,2,Medium,1999,1999,19,19,1,52.185,51.706,103.891
125,768,,TGO,TG,768,4,Country/Area,914,Togo,2,Medium,1999,1999,20,20,1,50.694,50.248,100.941
125,768,,TGO,TG,768,4,Country/Area,914,Togo,2,Medium,1999,1999,21,21,1,49.165,48.735,97.9
125,768,,TGO,TG,768,4,Country/Area,914,Togo,2,Medium,1999,1999,22,22,1,47.626,47.23,94.855
125,768,,TGO,TG,768,4,Country/Area,914,Togo,2,Medium,1999,1999,23,23,1,45.98,45.654,91.635
125,768,,TGO,TG,768,4,Country/Area,914,Togo,2,Medium,1999,1999,24,24,1,44.25,44.009,88.259
125,768,,TGO,TG,768,4,Country/Area,914,Togo,2,Medium,1999,1999,25,25,1,42.519,42.381,84.9
125,768,,TGO,TG,768,4,Country/Area,914,Togo,2,Medium,1999,1999,26,26,1,40.794,40.766,81.561
125,768,,TGO,TG,768,4,Country/Area,914,Togo,2,Medium,1999,1999,27,27,1,39.154,39.201,78.355
125,768,,TGO,TG,768,4,Country/Area,914,Togo,2,Medium,1999,1999,28,28,1,37.535,37.626,75.16
125,768,,TGO,TG,768,4,Country/Area,914,Togo,2,Medium,1999,1999,29,29,1,35.957,36.084,72.041
125,768,,TGO,TG,768,4,Country/Area,914,Togo,2,Medium,1999,1999,30,30,1,34.442,34.593,69.034
125,768,,TGO,TG,768,4,Country/Area,914,Togo,2,Medium,1999,1999,31,31,1,33.02,33.192,66.212
125,768,,TGO,TG,768,4,Country/Area,914,Togo,2,Medium,1999,1999,32,32,1,31.758,31.956,63.714
125,768,,TGO,TG,768,4,Country/Area,914,Togo,2,Medium,1999,1999,33,33,1,30.508,30.728,61.236
125,768,,TGO,TG,768,4,Country/Area,914,Togo,2,Medium,1999,1999,34,34,1,29.252,29.497,58.749
125,768,,TGO,TG,768,4,Country/Area,914,Togo,2,Medium,1999,1999,35,35,1,28.061,28.328,56.389
125,768,,TGO,TG,768,4,Country/Area,914,Togo,2,Medium,1999,1999,36,36,1,26.893,27.174,54.068
125,768,,TGO,TG,768,4,Country/Area,914,Togo,2,Medium,1999,1999,37,37,1,25.745,26.041,51.787
125,768,,TGO,TG,768,4,Country/Area,914,Togo,2,Medium,1999,1999,38,38,1,24.686,24.997,49.683
125,768,,TGO,TG,768,4,Country/Area,914,Togo,2,Medium,1999,1999,39,39,1,23.709,24.035,47.743
125,768,,TGO,TG,768,4,Country/Area,914,Togo,2,Medium,1999,1999,40,40,1,22.776,23.117,45.894
125,768,,TGO,TG,768,4,Country/Area,914,Togo,2,Medium,1999,1999,41,41,1,21.898,22.261,44.158
125,768,,TGO,TG,768,4,Country/Area,914,Togo,2,Medium,1999,1999,42,42,1,21.069,21.459,42.528
125,768,,TGO,TG,768,4,Country/Area,914,Togo,2,Medium,1999,1999,43,43,1,20.253,20.677,40.93
125,768,,TGO,TG,768,4,Country/Area,914,Togo,2,Medium,1999,1999,44,44,1,19.486,19.948,39.434
125,768,,TGO,TG,768,4,Country/Area,914,Togo,2,Medium,1999,1999,45,45,1,18.774,19.274,38.048
125,768,,TGO,TG,768,4,Country/Area,914,Togo,2,Medium,1999,1999,46,46,1,18.078,18.617,36.696
125,768,,TGO,TG,768,4,Country/Area,914,Togo,2,Medium,1999,1999,47,47,1,17.383,17.961,35.343
125,768,,TGO,TG,768,4,Country/Area,914,Togo,2,Medium,1999,1999,48,48,1,16.724,17.346,34.07
125,768,,TGO,TG,768,4,Country/Area,914,Togo,2,Medium,1999,1999,49,49,1,15.781,16.387,32.167
125,768,,TGO,TG,768,4,Country/Area,914,Togo,2,Medium,1999,1999,50,50,1,14.963,15.558,30.521
125,768,,TGO,TG,768,4,Country/Area,914,Togo,2,Medium,1999,1999,51,51,1,14.484,15.133,29.617
125,768,,TGO,TG,768,4,Country/Area,914,Togo,2,Medium,1999,1999,52,52,1,13.858,14.581,28.439
125,768,,TGO,TG,768,4,Country/Area,914,Togo,2,Medium,1999,1999,53,53,1,13.101,13.808,26.909
125,768,,TGO,TG,768,4,Country/Area,914,Togo,2,Medium,1999,1999,54,54,1,12.351,13.009,25.36
125,768,,TGO,TG,768,4,Country/Area,914,Togo,2,Medium,1999,1999,55,55,1,11.703,12.386,24.088
125,768,,TGO,TG,768,4,Country/Area,914,Togo,2,Medium,1999,1999,56,56,1,11.063,11.791,22.855
125,768,,TGO,TG,768,4,Country/Area,914,Togo,2,Medium,1999,1999,57,57,1,10.458,11.238,21.696
125,768,,TGO,TG,768,4,Country/Area,914,Togo,2,Medium,1999,1999,58,58,1,9.9,10.733,20.633
125,768,,TGO,TG,768,4,Country/Area,914,Togo,2,Medium,1999,1999,59,59,1,9.387,10.275,19.663
125,768,,TGO,TG,768,4,Country/Area,914,Togo,2,Medium,1999,1999,60,60,1,8.91,9.864,18.774
125,768,,TGO,TG,768,4,Country/Area,914,Togo,2,Medium,1999,1999,61,61,1,8.443,9.45,17.893
125,768,,TGO,TG,768,4,Country/Area,914,Togo,2,Medium,1999,1999,62,62,1,7.971,8.984,16.956
125,768,,TGO,TG,768,4,Country/Area,914,Togo,2,Medium,1999,1999,63,63,1,7.499,8.491,15.989
125,768,,TGO,TG,768,4,Country/Area,914,Togo,2,Medium,1999,1999,64,64,1,7.051,8.024,15.075
125,768,,TGO,TG,768,4,Country/Area,914,Togo,2,Medium,1999,1999,65,65,1,6.631,7.592,14.223
125,768,,TGO,TG,768,4,Country/Area,914,Togo,2,Medium,1999,1999,66,66,1,6.215,7.16,13.376
125,768,,TGO,TG,768,4,Country/Area,914,Togo,2,Medium,1999,1999,67,67,1,5.793,6.723,12.515
125,768,,TGO,TG,768,4,Country/Area,914,Togo,2,Medium,1999,1999,68,68,1,5.369,6.284,11.652
125,768,,TGO,TG,768,4,Country/Area,914,Togo,2,Medium,1999,1999,69,69,1,4.957,5.85,10.807
125,768,,TGO,TG,768,4,Country/Area,914,Togo,2,Medium,1999,1999,70,70,1,4.561,5.421,9.982
125,768,,TGO,TG,768,4,Country/Area,914,Togo,2,Medium,1999,1999,71,71,1,4.17,4.993,9.164
125,768,,TGO,TG,768,4,Country/Area,914,Togo,2,Medium,1999,1999,72,72,1,3.784,4.567,8.351
125,768,,TGO,TG,768,4,Country/Area,914,Togo,2,Medium,1999,1999,73,73,1,3.402,4.147,7.55
125,768,,TGO,TG,768,4,Country/Area,914,Togo,2,Medium,1999,1999,74,74,1,3.033,3.736,6.769
125,768,,TGO,TG,768,4,Country/Area,914,Togo,2,Medium,1999,1999,75,75,1,2.675,3.338,6.013
125,768,,TGO,TG,768,4,Country/Area,914,Togo,2,Medium,1999,1999,76,76,1,2.336,2.954,5.29
125,768,,TGO,TG,768,4,Country/Area,914,Togo,2,Medium,1999,1999,77,77,1,2.022,2.587,4.608
125,768,,TGO,TG,768,4,Country/Area,914,Togo,2,Medium,1999,1999,78,78,1,1.732,2.237,3.969
125,768,,TGO,TG,768,4,Country/Area,914,Togo,2,Medium,1999,1999,79,79,1,1.465,1.908,3.373
125,768,,TGO,TG,768,4,Country/Area,914,Togo,2,Medium,1999,1999,80,80,1,1.221,1.601,2.821
125,768,,TGO,TG,768,4,Country/Area,914,Togo,2,Medium,1999,1999,81,81,1,1.001,1.322,2.323
125,768,,TGO,TG,768,4,Country/Area,914,Togo,2,Medium,1999,1999,82,82,1,0.805,1.077,1.881
125,768,,TGO,TG,768,4,Country/Area,914,Togo,2,Medium,1999,1999,83,83,1,0.632,0.863,1.495
125,768,,TGO,TG,768,4,Country/Area,914,Togo,2,Medium,1999,1999,84,84,1,0.483,0.678,1.161
125,768,,TGO,TG,768,4,Country/Area,914,Togo,2,Medium,1999,1999,85,85,1,0.359,0.523,0.882
125,768,,TGO,TG,768,4,Country/Area,914,Togo,2,Medium,1999,1999,86,86,1,0.259,0.395,0.653
125,768,,TGO,TG,768,4,Country/Area,914,Togo,2,Medium,1999,1999,87,87,1,0.181,0.289,0.469
125,768,,TGO,TG,768,4,Country/Area,914,Togo,2,Medium,1999,1999,88,88,1,0.123,0.204,0.327
125,768,,TGO,TG,768,4,Country/Area,914,Togo,2,Medium,1999,1999,89,89,1,0.081,0.14,0.221
125,768,,TGO,TG,768,4,Country/Area,914,Togo,2,Medium,1999,1999,90,90,1,0.053,0.094,0.146
125,768,,TGO,TG,768,4,Country/Area,914,Togo,2,Medium,1999,1999,91,91,1,0.034,0.061,0.095
125,768,,TGO,TG,768,4,Country/Area,914,Togo,2,Medium,1999,1999,92,92,1,0.022,0.039,0.06
125,768,,TGO,TG,768,4,Country/Area,914,Togo,2,Medium,1999,1999,93,93,1,0.014,0.025,0.038
125,768,,TGO,TG,768,4,Country/Area,914,Togo,2,Medium,1999,1999,94,94,1,0.009,0.016,0.025
125,768,,TGO,TG,768,4,Country/Area,914,Togo,2,Medium,1999,1999,95,95,1,0.007,0.01,0.016
125,768,,TGO,TG,768,4,Country/Area,914,Togo,2,Medium,1999,1999,96,96,1,0.005,0.007,0.012
125,768,,TGO,TG,768,4,Country/Area,914,Togo,2,Medium,1999,1999,97,97,1,0.004,0.005,0.009
125,768,,TGO,TG,768,4,Country/Area,914,Togo,2,Medium,1999,1999,98,98,1,0.004,0.003,0.007
125,768,,TGO,TG,768,4,Country/Area,914,Togo,2,Medium,1999,1999,99,99,1,0.004,0.003,0.006
125,768,,TGO,TG,768,4,Country/Area,914,Togo,2,Medium,1999,1999,100+,100,-1,0.004,0.003,0.007
125,768,,TGO,TG,768,4,Country/Area,914,Togo,2,Medium,2000,2000,0,0,1,91.804,90.13,181.934
125,768,,TGO,TG,768,4,Country/Area,914,Togo,2,Medium,2000,2000,1,1,1,86.356,85.497,171.853
125,768,,TGO,TG,768,4,Country/Area,914,Togo,2,Medium,2000,2000,2,2,1,82.67,82.115,164.785
125,768,,TGO,TG,768,4,Country/Area,914,Togo,2,Medium,2000,2000,3,3,1,79.841,79.374,159.216
125,768,,TGO,TG,768,4,Country/Area,914,Togo,2,Medium,2000,2000,4,4,1,77.692,77.189,154.881
125,768,,TGO,TG,768,4,Country/Area,914,Togo,2,Medium,2000,2000,5,5,1,75.895,75.299,151.195
125,768,,TGO,TG,768,4,Country/Area,914,Togo,2,Medium,2000,2000,6,6,1,74.188,73.492,147.679
125,768,,TGO,TG,768,4,Country/Area,914,Togo,2,Medium,2000,2000,7,7,1,72.463,71.672,144.135
125,768,,TGO,TG,768,4,Country/Area,914,Togo,2,Medium,2000,2000,8,8,1,70.764,69.912,140.675
125,768,,TGO,TG,768,4,Country/Area,914,Togo,2,Medium,2000,2000,9,9,1,69.077,68.192,137.269
125,768,,TGO,TG,768,4,Country/Area,914,Togo,2,Medium,2000,2000,10,10,1,67.415,66.497,133.912
125,768,,TGO,TG,768,4,Country/Area,914,Togo,2,Medium,2000,2000,11,11,1,65.817,64.873,130.69
125,768,,TGO,TG,768,4,Country/Area,914,Togo,2,Medium,2000,2000,12,12,1,64.267,63.336,127.603
125,768,,TGO,TG,768,4,Country/Area,914,Togo,2,Medium,2000,2000,13,13,1,62.613,61.727,124.34
125,768,,TGO,TG,768,4,Country/Area,914,Togo,2,Medium,2000,2000,14,14,1,60.891,60.056,120.947
125,768,,TGO,TG,768,4,Country/Area,914,Togo,2,Medium,2000,2000,15,15,1,59.331,58.536,117.867
125,768,,TGO,TG,768,4,Country/Area,914,Togo,2,Medium,2000,2000,16,16,1,57.927,57.184,115.112
125,768,,TGO,TG,768,4,Country/Area,914,Togo,2,Medium,2000,2000,17,17,1,56.523,55.849,112.372
125,768,,TGO,TG,768,4,Country/Area,914,Togo,2,Medium,2000,2000,18,18,1,55.094,54.487,109.582
125,768,,TGO,TG,768,4,Country/Area,914,Togo,2,Medium,2000,2000,19,19,1,53.584,53.038,106.621
125,768,,TGO,TG,768,4,Country/Area,914,Togo,2,Medium,2000,2000,20,20,1,52.066,51.579,103.645
125,768,,TGO,TG,768,4,Country/Area,914,Togo,2,Medium,2000,2000,21,21,1,50.57,50.133,100.703
125,768,,TGO,TG,768,4,Country/Area,914,Togo,2,Medium,2000,2000,22,22,1,49.041,48.63,97.671
125,768,,TGO,TG,768,4,Country/Area,914,Togo,2,Medium,2000,2000,23,23,1,47.505,47.132,94.638
125,768,,TGO,TG,768,4,Country/Area,914,Togo,2,Medium,2000,2000,24,24,1,45.87,45.56,91.43
125,768,,TGO,TG,768,4,Country/Area,914,Togo,2,Medium,2000,2000,25,25,1,44.151,43.916,88.067
125,768,,TGO,TG,768,4,Country/Area,914,Togo,2,Medium,2000,2000,26,26,1,42.431,42.285,84.716
125,768,,TGO,TG,768,4,Country/Area,914,Togo,2,Medium,2000,2000,27,27,1,40.715,40.667,81.382
125,768,,TGO,TG,768,4,Country/Area,914,Togo,2,Medium,2000,2000,28,28,1,39.078,39.1,78.178
125,768,,TGO,TG,768,4,Country/Area,914,Togo,2,Medium,2000,2000,29,29,1,37.459,37.524,74.983
125,768,,TGO,TG,768,4,Country/Area,914,Togo,2,Medium,2000,2000,30,30,1,35.877,35.983,71.86
125,768,,TGO,TG,768,4,Country/Area,914,Togo,2,Medium,2000,2000,31,31,1,34.358,34.492,68.849
125,768,,TGO,TG,768,4,Country/Area,914,Togo,2,Medium,2000,2000,32,32,1,32.931,33.09,66.021
125,768,,TGO,TG,768,4,Country/Area,914,Togo,2,Medium,2000,2000,33,33,1,31.664,31.852,63.516
125,768,,TGO,TG,768,4,Country/Area,914,Togo,2,Medium,2000,2000,34,34,1,30.41,30.622,61.032
125,768,,TGO,TG,768,4,Country/Area,914,Togo,2,Medium,2000,2000,35,35,1,29.151,29.387,58.538
125,768,,TGO,TG,768,4,Country/Area,914,Togo,2,Medium,2000,2000,36,36,1,27.957,28.215,56.172
125,768,,TGO,TG,768,4,Country/Area,914,Togo,2,Medium,2000,2000,37,37,1,26.787,27.058,53.844
125,768,,TGO,TG,768,4,Country/Area,914,Togo,2,Medium,2000,2000,38,38,1,25.636,25.922,51.557
125,768,,TGO,TG,768,4,Country/Area,914,Togo,2,Medium,2000,2000,39,39,1,24.57,24.875,49.446
125,768,,TGO,TG,768,4,Country/Area,914,Togo,2,Medium,2000,2000,40,40,1,23.587,23.912,47.498
125,768,,TGO,TG,768,4,Country/Area,914,Togo,2,Medium,2000,2000,41,41,1,22.646,22.993,45.639
125,768,,TGO,TG,768,4,Country/Area,914,Togo,2,Medium,2000,2000,42,42,1,21.761,22.137,43.898
125,768,,TGO,TG,768,4,Country/Area,914,Togo,2,Medium,2000,2000,43,43,1,20.927,21.336,42.263
125,768,,TGO,TG,768,4,Country/Area,914,Togo,2,Medium,2000,2000,44,44,1,20.106,20.553,40.66
125,768,,TGO,TG,768,4,Country/Area,914,Togo,2,Medium,2000,2000,45,45,1,19.335,19.824,39.16
125,768,,TGO,TG,768,4,Country/Area,914,Togo,2,Medium,2000,2000,46,46,1,18.62,19.149,37.77
125,768,,TGO,TG,768,4,Country/Area,914,Togo,2,Medium,2000,2000,47,47,1,17.919,18.489,36.408
125,768,,TGO,TG,768,4,Country/Area,914,Togo,2,Medium,2000,2000,48,48,1,17.218,17.83,35.048
125,768,,TGO,TG,768,4,Country/Area,914,Togo,2,Medium,2000,2000,49,49,1,16.554,17.208,33.762
125,768,,TGO,TG,768,4,Country/Area,914,Togo,2,Medium,2000,2000,50,50,1,15.607,16.247,31.853
125,768,,TGO,TG,768,4,Country/Area,914,Togo,2,Medium,2000,2000,51,51,1,14.785,15.413,30.198
125,768,,TGO,TG,768,4,Country/Area,914,Togo,2,Medium,2000,2000,52,52,1,14.296,14.98,29.276
125,768,,TGO,TG,768,4,Country/Area,914,Togo,2,Medium,2000,2000,53,53,1,13.664,14.422,28.086
125,768,,TGO,TG,768,4,Country/Area,914,Togo,2,Medium,2000,2000,54,54,1,12.903,13.646,26.55
125,768,,TGO,TG,768,4,Country/Area,914,Togo,2,Medium,2000,2000,55,55,1,12.151,12.846,24.997
125,768,,TGO,TG,768,4,Country/Area,914,Togo,2,Medium,2000,2000,56,56,1,11.499,12.22,23.72
125,768,,TGO,TG,768,4,Country/Area,914,Togo,2,Medium,2000,2000,57,57,1,10.855,11.62,22.476
125,768,,TGO,TG,768,4,Country/Area,914,Togo,2,Medium,2000,2000,58,58,1,10.245,11.059,21.305
125,768,,TGO,TG,768,4,Country/Area,914,Togo,2,Medium,2000,2000,59,59,1,9.681,10.546,20.227
125,768,,TGO,TG,768,4,Country/Area,914,Togo,2,Medium,2000,2000,60,60,1,9.161,10.075,19.235
125,768,,TGO,TG,768,4,Country/Area,914,Togo,2,Medium,2000,2000,61,61,1,8.674,9.648,18.322
125,768,,TGO,TG,768,4,Country/Area,914,Togo,2,Medium,2000,2000,62,62,1,8.198,9.218,17.416
125,768,,TGO,TG,768,4,Country/Area,914,Togo,2,Medium,2000,2000,63,63,1,7.719,8.74,16.459
125,768,,TGO,TG,768,4,Country/Area,914,Togo,2,Medium,2000,2000,64,64,1,7.242,8.236,15.479
125,768,,TGO,TG,768,4,Country/Area,914,Togo,2,Medium,2000,2000,65,65,1,6.788,7.76,14.548
125,768,,TGO,TG,768,4,Country/Area,914,Togo,2,Medium,2000,2000,66,66,1,6.364,7.319,13.682
125,768,,TGO,TG,768,4,Country/Area,914,Togo,2,Medium,2000,2000,67,67,1,5.943,6.878,12.82
125,768,,TGO,TG,768,4,Country/Area,914,Togo,2,Medium,2000,2000,68,68,1,5.516,6.43,11.946
125,768,,TGO,TG,768,4,Country/Area,914,Togo,2,Medium,2000,2000,69,69,1,5.087,5.981,11.068
125,768,,TGO,TG,768,4,Country/Area,914,Togo,2,Medium,2000,2000,70,70,1,4.672,5.536,10.207
125,768,,TGO,TG,768,4,Country/Area,914,Togo,2,Medium,2000,2000,71,71,1,4.271,5.096,9.367
125,768,,TGO,TG,768,4,Country/Area,914,Togo,2,Medium,2000,2000,72,72,1,3.877,4.66,8.537
125,768,,TGO,TG,768,4,Country/Area,914,Togo,2,Medium,2000,2000,73,73,1,3.488,4.229,7.718
125,768,,TGO,TG,768,4,Country/Area,914,Togo,2,Medium,2000,2000,74,74,1,3.11,3.808,6.918
125,768,,TGO,TG,768,4,Country/Area,914,Togo,2,Medium,2000,2000,75,75,1,2.744,3.401,6.145
125,768,,TGO,TG,768,4,Country/Area,914,Togo,2,Medium,2000,2000,76,76,1,2.394,3.009,5.403
125,768,,TGO,TG,768,4,Country/Area,914,Togo,2,Medium,2000,2000,77,77,1,2.068,2.632,4.7
125,768,,TGO,TG,768,4,Country/Area,914,Togo,2,Medium,2000,2000,78,78,1,1.768,2.275,4.043
125,768,,TGO,TG,768,4,Country/Area,914,Togo,2,Medium,2000,2000,79,79,1,1.496,1.94,3.436
125,768,,TGO,TG,768,4,Country/Area,914,Togo,2,Medium,2000,2000,80,80,1,1.248,1.629,2.876
125,768,,TGO,TG,768,4,Country/Area,914,Togo,2,Medium,2000,2000,81,81,1,1.023,1.343,2.366
125,768,,TGO,TG,768,4,Country/Area,914,Togo,2,Medium,2000,2000,82,82,1,0.823,1.089,1.912
125,768,,TGO,TG,768,4,Country/Area,914,Togo,2,Medium,2000,2000,83,83,1,0.647,0.871,1.517
125,768,,TGO,TG,768,4,Country/Area,914,Togo,2,Medium,2000,2000,84,84,1,0.496,0.685,1.181
125,768,,TGO,TG,768,4,Country/Area,914,Togo,2,Medium,2000,2000,85,85,1,0.369,0.528,0.897
125,768,,TGO,TG,768,4,Country/Area,914,Togo,2,Medium,2000,2000,86,86,1,0.266,0.399,0.665
125,768,,TGO,TG,768,4,Country/Area,914,Togo,2,Medium,2000,2000,87,87,1,0.186,0.294,0.48
125,768,,TGO,TG,768,4,Country/Area,914,Togo,2,Medium,2000,2000,88,88,1,0.127,0.209,0.336
125,768,,TGO,TG,768,4,Country/Area,914,Togo,2,Medium,2000,2000,89,89,1,0.083,0.144,0.227
125,768,,TGO,TG,768,4,Country/Area,914,Togo,2,Medium,2000,2000,90,90,1,0.054,0.096,0.15
125,768,,TGO,TG,768,4,Country/Area,914,Togo,2,Medium,2000,2000,91,91,1,0.034,0.063,0.097
125,768,,TGO,TG,768,4,Country/Area,914,Togo,2,Medium,2000,2000,92,92,1,0.022,0.04,0.062
125,768,,TGO,TG,768,4,Country/Area,914,Togo,2,Medium,2000,2000,93,93,1,0.014,0.025,0.039
125,768,,TGO,TG,768,4,Country/Area,914,Togo,2,Medium,2000,2000,94,94,1,0.009,0.016,0.025
125,768,,TGO,TG,768,4,Country/Area,914,Togo,2,Medium,2000,2000,95,95,1,0.007,0.01,0.016
125,768,,TGO,TG,768,4,Country/Area,914,Togo,2,Medium,2000,2000,96,96,1,0.005,0.006,0.011
125,768,,TGO,TG,768,4,Country/Area,914,Togo,2,Medium,2000,2000,97,97,1,0.004,0.004,0.008
125,768,,TGO,TG,768,4,Country/Area,914,Togo,2,Medium,2000,2000,98,98,1,0.004,0.003,0.007
125,768,,TGO,TG,768,4,Country/Area,914,Togo,2,Medium,2000,2000,99,99,1,0.004,0.003,0.007
125,768,,TGO,TG,768,4,Country/Area,914,Togo,2,Medium,2000,2000,100+,100,-1,0.005,0.003,0.008
125,768,,TGO,TG,768,4,Country/Area,914,Togo,2,Medium,2001,2001,0,0,1,94.195,92.445,186.64
125,768,,TGO,TG,768,4,Country/Area,914,Togo,2,Medium,2001,2001,1,1,1,88.776,87.844,176.62
125,768,,TGO,TG,768,4,Country/Area,914,Togo,2,Medium,2001,2001,2,2,1,84.998,84.407,169.405
125,768,,TGO,TG,768,4,Country/Area,914,Togo,2,Medium,2001,2001,3,3,1,81.698,81.21,162.907
125,768,,TGO,TG,768,4,Country/Area,914,Togo,2,Medium,2001,2001,4,4,1,79.135,78.621,157.756
125,768,,TGO,TG,768,4,Country/Area,914,Togo,2,Medium,2001,2001,5,5,1,77.168,76.565,153.733
125,768,,TGO,TG,768,4,Country/Area,914,Togo,2,Medium,2001,2001,6,6,1,75.498,74.787,150.285
125,768,,TGO,TG,768,4,Country/Area,914,Togo,2,Medium,2001,2001,7,7,1,73.879,73.077,146.957
125,768,,TGO,TG,768,4,Country/Area,914,Togo,2,Medium,2001,2001,8,8,1,72.215,71.34,143.554
125,768,,TGO,TG,768,4,Country/Area,914,Togo,2,Medium,2001,2001,9,9,1,70.559,69.642,140.202
125,768,,TGO,TG,768,4,Country/Area,914,Togo,2,Medium,2001,2001,10,10,1,68.9,67.97,136.869
125,768,,TGO,TG,768,4,Country/Area,914,Togo,2,Medium,2001,2001,11,11,1,67.256,66.306,133.562
125,768,,TGO,TG,768,4,Country/Area,914,Togo,2,Medium,2001,2001,12,12,1,65.668,64.699,130.367
125,768,,TGO,TG,768,4,Country/Area,914,Togo,2,Medium,2001,2001,13,13,1,64.12,63.167,127.287
125,768,,TGO,TG,768,4,Country/Area,914,Togo,2,Medium,2001,2001,14,14,1,62.465,61.555,124.019
125,768,,TGO,TG,768,4,Country/Area,914,Togo,2,Medium,2001,2001,15,15,1,60.737,59.871,120.609
125,768,,TGO,TG,768,4,Country/Area,914,Togo,2,Medium,2001,2001,16,16,1,59.166,58.336,117.501
125,768,,TGO,TG,768,4,Country/Area,914,Togo,2,Medium,2001,2001,17,17,1,57.749,56.965,114.713
125,768,,TGO,TG,768,4,Country/Area,914,Togo,2,Medium,2001,2001,18,18,1,56.327,55.611,111.939
125,768,,TGO,TG,768,4,Country/Area,914,Togo,2,Medium,2001,2001,19,19,1,54.88,54.239,109.12
125,768,,TGO,TG,768,4,Country/Area,914,Togo,2,Medium,2001,2001,20,20,1,53.352,52.787,106.138
125,768,,TGO,TG,768,4,Country/Area,914,Togo,2,Medium,2001,2001,21,21,1,51.821,51.331,103.152
125,768,,TGO,TG,768,4,Country/Area,914,Togo,2,Medium,2001,2001,22,22,1,50.318,49.889,100.207
125,768,,TGO,TG,768,4,Country/Area,914,Togo,2,Medium,2001,2001,23,23,1,48.79,48.392,97.181
125,768,,TGO,TG,768,4,Country/Area,914,Togo,2,Medium,2001,2001,24,24,1,47.263,46.897,94.159
125,768,,TGO,TG,768,4,Country/Area,914,Togo,2,Medium,2001,2001,25,25,1,45.639,45.327,90.966
125,768,,TGO,TG,768,4,Country/Area,914,Togo,2,Medium,2001,2001,26,26,1,43.934,43.684,87.619
125,768,,TGO,TG,768,4,Country/Area,914,Togo,2,Medium,2001,2001,27,27,1,42.227,42.057,84.284
125,768,,TGO,TG,768,4,Country/Area,914,Togo,2,Medium,2001,2001,28,28,1,40.52,40.443,80.963
125,768,,TGO,TG,768,4,Country/Area,914,Togo,2,Medium,2001,2001,29,29,1,38.888,38.882,77.769
125,768,,TGO,TG,768,4,Country/Area,914,Togo,2,Medium,2001,2001,30,30,1,37.272,37.312,74.584
125,768,,TGO,TG,768,4,Country/Area,914,Togo,2,Medium,2001,2001,31,31,1,35.692,35.778,71.47
125,768,,TGO,TG,768,4,Country/Area,914,Togo,2,Medium,2001,2001,32,32,1,34.174,34.294,68.468
125,768,,TGO,TG,768,4,Country/Area,914,Togo,2,Medium,2001,2001,33,33,1,32.748,32.898,65.647
125,768,,TGO,TG,768,4,Country/Area,914,Togo,2,Medium,2001,2001,34,34,1,31.484,31.663,63.147
125,768,,TGO,TG,768,4,Country/Area,914,Togo,2,Medium,2001,2001,35,35,1,30.233,30.436,60.668
125,768,,TGO,TG,768,4,Country/Area,914,Togo,2,Medium,2001,2001,36,36,1,28.977,29.204,58.181
125,768,,TGO,TG,768,4,Country/Area,914,Togo,2,Medium,2001,2001,37,37,1,27.785,28.033,55.818
125,768,,TGO,TG,768,4,Country/Area,914,Togo,2,Medium,2001,2001,38,38,1,26.614,26.878,53.493
125,768,,TGO,TG,768,4,Country/Area,914,Togo,2,Medium,2001,2001,39,39,1,25.462,25.745,51.207
125,768,,TGO,TG,768,4,Country/Area,914,Togo,2,Medium,2001,2001,40,40,1,24.395,24.701,49.096
125,768,,TGO,TG,768,4,Country/Area,914,Togo,2,Medium,2001,2001,41,41,1,23.407,23.74,47.148
125,768,,TGO,TG,768,4,Country/Area,914,Togo,2,Medium,2001,2001,42,42,1,22.465,22.826,45.291
125,768,,TGO,TG,768,4,Country/Area,914,Togo,2,Medium,2001,2001,43,43,1,21.576,21.974,43.55
125,768,,TGO,TG,768,4,Country/Area,914,Togo,2,Medium,2001,2001,44,44,1,20.741,21.176,41.916
125,768,,TGO,TG,768,4,Country/Area,914,Togo,2,Medium,2001,2001,45,45,1,19.919,20.397,40.316
125,768,,TGO,TG,768,4,Country/Area,914,Togo,2,Medium,2001,2001,46,46,1,19.147,19.669,38.816
125,768,,TGO,TG,768,4,Country/Area,914,Togo,2,Medium,2001,2001,47,47,1,18.429,18.994,37.423
125,768,,TGO,TG,768,4,Country/Area,914,Togo,2,Medium,2001,2001,48,48,1,17.726,18.332,36.058
125,768,,TGO,TG,768,4,Country/Area,914,Togo,2,Medium,2001,2001,49,49,1,17.02,17.669,34.689
125,768,,TGO,TG,768,4,Country/Area,914,Togo,2,Medium,2001,2001,50,50,1,16.351,17.041,33.392
125,768,,TGO,TG,768,4,Country/Area,914,Togo,2,Medium,2001,2001,51,51,1,15.401,16.078,31.479
125,768,,TGO,TG,768,4,Country/Area,914,Togo,2,Medium,2001,2001,52,52,1,14.576,15.242,29.818
125,768,,TGO,TG,768,4,Country/Area,914,Togo,2,Medium,2001,2001,53,53,1,14.079,14.803,28.881
125,768,,TGO,TG,768,4,Country/Area,914,Togo,2,Medium,2001,2001,54,54,1,13.443,14.24,27.683
125,768,,TGO,TG,768,4,Country/Area,914,Togo,2,Medium,2001,2001,55,55,1,12.68,13.463,26.143
125,768,,TGO,TG,768,4,Country/Area,914,Togo,2,Medium,2001,2001,56,56,1,11.927,12.663,24.59
125,768,,TGO,TG,768,4,Country/Area,914,Togo,2,Medium,2001,2001,57,57,1,11.271,12.033,23.305
125,768,,TGO,TG,768,4,Country/Area,914,Togo,2,Medium,2001,2001,58,58,1,10.624,11.426,22.05
125,768,,TGO,TG,768,4,Country/Area,914,Togo,2,Medium,2001,2001,59,59,1,10.008,10.857,20.866
125,768,,TGO,TG,768,4,Country/Area,914,Togo,2,Medium,2001,2001,60,60,1,9.438,10.331,19.77
125,768,,TGO,TG,768,4,Country/Area,914,Togo,2,Medium,2001,2001,61,61,1,8.911,9.846,18.756
125,768,,TGO,TG,768,4,Country/Area,914,Togo,2,Medium,2001,2001,62,62,1,8.415,9.405,17.82
125,768,,TGO,TG,768,4,Country/Area,914,Togo,2,Medium,2001,2001,63,63,1,7.933,8.962,16.895
125,768,,TGO,TG,768,4,Country/Area,914,Togo,2,Medium,2001,2001,64,64,1,7.449,8.473,15.922
125,768,,TGO,TG,768,4,Country/Area,914,Togo,2,Medium,2001,2001,65,65,1,6.966,7.96,14.926
125,768,,TGO,TG,768,4,Country/Area,914,Togo,2,Medium,2001,2001,66,66,1,6.509,7.476,13.985
125,768,,TGO,TG,768,4,Country/Area,914,Togo,2,Medium,2001,2001,67,67,1,6.08,7.026,13.105
125,768,,TGO,TG,768,4,Country/Area,914,Togo,2,Medium,2001,2001,68,68,1,5.656,6.574,12.229
125,768,,TGO,TG,768,4,Country/Area,914,Togo,2,Medium,2001,2001,69,69,1,5.223,6.117,11.339
125,768,,TGO,TG,768,4,Country/Area,914,Togo,2,Medium,2001,2001,70,70,1,4.79,5.656,10.446
125,768,,TGO,TG,768,4,Country/Area,914,Togo,2,Medium,2001,2001,71,71,1,4.371,5.2,9.572
125,768,,TGO,TG,768,4,Country/Area,914,Togo,2,Medium,2001,2001,72,72,1,3.967,4.753,8.72
125,768,,TGO,TG,768,4,Country/Area,914,Togo,2,Medium,2001,2001,73,73,1,3.571,4.313,7.885
125,768,,TGO,TG,768,4,Country/Area,914,Togo,2,Medium,2001,2001,74,74,1,3.184,3.881,7.066
125,768,,TGO,TG,768,4,Country/Area,914,Togo,2,Medium,2001,2001,75,75,1,2.811,3.463,6.274
125,768,,TGO,TG,768,4,Country/Area,914,Togo,2,Medium,2001,2001,76,76,1,2.454,3.063,5.516
125,768,,TGO,TG,768,4,Country/Area,914,Togo,2,Medium,2001,2001,77,77,1,2.118,2.678,4.795
125,768,,TGO,TG,768,4,Country/Area,914,Togo,2,Medium,2001,2001,78,78,1,1.807,2.313,4.12
125,768,,TGO,TG,768,4,Country/Area,914,Togo,2,Medium,2001,2001,79,79,1,1.525,1.972,3.496
125,768,,TGO,TG,768,4,Country/Area,914,Togo,2,Medium,2001,2001,80,80,1,1.271,1.655,2.926
125,768,,TGO,TG,768,4,Country/Area,914,Togo,2,Medium,2001,2001,81,81,1,1.043,1.365,2.408
125,768,,TGO,TG,768,4,Country/Area,914,Togo,2,Medium,2001,2001,82,82,1,0.839,1.105,1.944
125,768,,TGO,TG,768,4,Country/Area,914,Togo,2,Medium,2001,2001,83,83,1,0.66,0.88,1.539
125,768,,TGO,TG,768,4,Country/Area,914,Togo,2,Medium,2001,2001,84,84,1,0.506,0.691,1.196
125,768,,TGO,TG,768,4,Country/Area,914,Togo,2,Medium,2001,2001,85,85,1,0.377,0.533,0.909
125,768,,TGO,TG,768,4,Country/Area,914,Togo,2,Medium,2001,2001,86,86,1,0.272,0.402,0.673
125,768,,TGO,TG,768,4,Country/Area,914,Togo,2,Medium,2001,2001,87,87,1,0.19,0.297,0.486
125,768,,TGO,TG,768,4,Country/Area,914,Togo,2,Medium,2001,2001,88,88,1,0.129,0.212,0.341
125,768,,TGO,TG,768,4,Country/Area,914,Togo,2,Medium,2001,2001,89,89,1,0.085,0.147,0.232
125,768,,TGO,TG,768,4,Country/Area,914,Togo,2,Medium,2001,2001,90,90,1,0.054,0.098,0.152
125,768,,TGO,TG,768,4,Country/Area,914,Togo,2,Medium,2001,2001,91,91,1,0.034,0.063,0.097
125,768,,TGO,TG,768,4,Country/Area,914,Togo,2,Medium,2001,2001,92,92,1,0.022,0.04,0.061
125,768,,TGO,TG,768,4,Country/Area,914,Togo,2,Medium,2001,2001,93,93,1,0.014,0.025,0.038
125,768,,TGO,TG,768,4,Country/Area,914,Togo,2,Medium,2001,2001,94,94,1,0.009,0.015,0.023
125,768,,TGO,TG,768,4,Country/Area,914,Togo,2,Medium,2001,2001,95,95,1,0.006,0.01,0.015
125,768,,TGO,TG,768,4,Country/Area,914,Togo,2,Medium,2001,2001,96,96,1,0.004,0.006,0.01
125,768,,TGO,TG,768,4,Country/Area,914,Togo,2,Medium,2001,2001,97,97,1,0.003,0.004,0.007
125,768,,TGO,TG,768,4,Country/Area,914,Togo,2,Medium,2001,2001,98,98,1,0.003,0.003,0.005
125,768,,TGO,TG,768,4,Country/Area,914,Togo,2,Medium,2001,2001,99,99,1,0.002,0.003,0.005
125,768,,TGO,TG,768,4,Country/Area,914,Togo,2,Medium,2001,2001,100+,100,-1,0.004,0.003,0.007
125,768,,TGO,TG,768,4,Country/Area,914,Togo,2,Medium,2002,2002,0,0,1,96.504,94.693,191.197
125,768,,TGO,TG,768,4,Country/Area,914,Togo,2,Medium,2002,2002,1,1,1,91.195,90.177,181.372
125,768,,TGO,TG,768,4,Country/Area,914,Togo,2,Medium,2002,2002,2,2,1,87.418,86.754,174.172
125,768,,TGO,TG,768,4,Country/Area,914,Togo,2,Medium,2002,2002,3,3,1,84.011,83.487,167.498
125,768,,TGO,TG,768,4,Country/Area,914,Togo,2,Medium,2002,2002,4,4,1,80.973,80.436,161.409
125,768,,TGO,TG,768,4,Country/Area,914,Togo,2,Medium,2002,2002,5,5,1,78.593,77.974,156.566
125,768,,TGO,TG,768,4,Country/Area,914,Togo,2,Medium,2002,2002,6,6,1,76.754,76.029,152.782
125,768,,TGO,TG,768,4,Country/Area,914,Togo,2,Medium,2002,2002,7,7,1,75.172,74.35,149.523
125,768,,TGO,TG,768,4,Country/Area,914,Togo,2,Medium,2002,2002,8,8,1,73.617,72.722,146.339
125,768,,TGO,TG,768,4,Country/Area,914,Togo,2,Medium,2002,2002,9,9,1,71.996,71.052,143.048
125,768,,TGO,TG,768,4,Country/Area,914,Togo,2,Medium,2002,2002,10,10,1,70.369,69.406,139.774
125,768,,TGO,TG,768,4,Country/Area,914,Togo,2,Medium,2002,2002,11,11,1,68.728,67.764,136.492
125,768,,TGO,TG,768,4,Country/Area,914,Togo,2,Medium,2002,2002,12,12,1,67.093,66.117,133.209
125,768,,TGO,TG,768,4,Country/Area,914,Togo,2,Medium,2002,2002,13,13,1,65.503,64.511,130.014
125,768,,TGO,TG,768,4,Country/Area,914,Togo,2,Medium,2002,2002,14,14,1,63.948,62.967,126.915
125,768,,TGO,TG,768,4,Country/Area,914,Togo,2,Medium,2002,2002,15,15,1,62.277,61.332,123.609
125,768,,TGO,TG,768,4,Country/Area,914,Togo,2,Medium,2002,2002,16,16,1,60.526,59.618,120.145
125,768,,TGO,TG,768,4,Country/Area,914,Togo,2,Medium,2002,2002,17,17,1,58.929,58.049,116.978
125,768,,TGO,TG,768,4,Country/Area,914,Togo,2,Medium,2002,2002,18,18,1,57.481,56.646,114.127
125,768,,TGO,TG,768,4,Country/Area,914,Togo,2,Medium,2002,2002,19,19,1,56.029,55.27,111.299
125,768,,TGO,TG,768,4,Country/Area,914,Togo,2,Medium,2002,2002,20,20,1,54.554,53.885,108.439
125,768,,TGO,TG,768,4,Country/Area,914,Togo,2,Medium,2002,2002,21,21,1,53.005,52.428,105.433
125,768,,TGO,TG,768,4,Country/Area,914,Togo,2,Medium,2002,2002,22,22,1,51.463,50.971,102.434
125,768,,TGO,TG,768,4,Country/Area,914,Togo,2,Medium,2002,2002,23,23,1,49.958,49.533,99.491
125,768,,TGO,TG,768,4,Country/Area,914,Togo,2,Medium,2002,2002,24,24,1,48.437,48.039,96.477
125,768,,TGO,TG,768,4,Country/Area,914,Togo,2,Medium,2002,2002,25,25,1,46.922,46.548,93.471
125,768,,TGO,TG,768,4,Country/Area,914,Togo,2,Medium,2002,2002,26,26,1,45.316,44.983,90.298
125,768,,TGO,TG,768,4,Country/Area,914,Togo,2,Medium,2002,2002,27,27,1,43.627,43.347,86.974
125,768,,TGO,TG,768,4,Country/Area,914,Togo,2,Medium,2002,2002,28,28,1,41.931,41.728,83.66
125,768,,TGO,TG,768,4,Country/Area,914,Togo,2,Medium,2002,2002,29,29,1,40.235,40.126,80.361
125,768,,TGO,TG,768,4,Country/Area,914,Togo,2,Medium,2002,2002,30,30,1,38.611,38.576,77.188
125,768,,TGO,TG,768,4,Country/Area,914,Togo,2,Medium,2002,2002,31,31,1,37.002,37.02,74.022
125,768,,TGO,TG,768,4,Country/Area,914,Togo,2,Medium,2002,2002,32,32,1,35.428,35.499,70.927
125,768,,TGO,TG,768,4,Country/Area,914,Togo,2,Medium,2002,2002,33,33,1,33.917,34.026,67.944
125,768,,TGO,TG,768,4,Country/Area,914,Togo,2,Medium,2002,2002,34,34,1,32.498,32.641,65.139
125,768,,TGO,TG,768,4,Country/Area,914,Togo,2,Medium,2002,2002,35,35,1,31.241,31.413,62.654
125,768,,TGO,TG,768,4,Country/Area,914,Togo,2,Medium,2002,2002,36,36,1,29.998,30.192,60.191
125,768,,TGO,TG,768,4,Country/Area,914,Togo,2,Medium,2002,2002,37,37,1,28.748,28.968,57.715
125,768,,TGO,TG,768,4,Country/Area,914,Togo,2,Medium,2002,2002,38,38,1,27.56,27.802,55.362
125,768,,TGO,TG,768,4,Country/Area,914,Togo,2,Medium,2002,2002,39,39,1,26.392,26.654,53.047
125,768,,TGO,TG,768,4,Country/Area,914,Togo,2,Medium,2002,2002,40,40,1,25.241,25.527,50.769
125,768,,TGO,TG,768,4,Country/Area,914,Togo,2,Medium,2002,2002,41,41,1,24.174,24.491,48.665
125,768,,TGO,TG,768,4,Country/Area,914,Togo,2,Medium,2002,2002,42,42,1,23.187,23.537,46.724
125,768,,TGO,TG,768,4,Country/Area,914,Togo,2,Medium,2002,2002,43,43,1,22.244,22.63,44.874
125,768,,TGO,TG,768,4,Country/Area,914,Togo,2,Medium,2002,2002,44,44,1,21.357,21.784,43.141
125,768,,TGO,TG,768,4,Country/Area,914,Togo,2,Medium,2002,2002,45,45,1,20.522,20.991,41.514
125,768,,TGO,TG,768,4,Country/Area,914,Togo,2,Medium,2002,2002,46,46,1,19.701,20.216,39.917
125,768,,TGO,TG,768,4,Country/Area,914,Togo,2,Medium,2002,2002,47,47,1,18.93,19.491,38.42
125,768,,TGO,TG,768,4,Country/Area,914,Togo,2,Medium,2002,2002,48,48,1,18.21,18.814,37.025
125,768,,TGO,TG,768,4,Country/Area,914,Togo,2,Medium,2002,2002,49,49,1,17.503,18.15,35.654
125,768,,TGO,TG,768,4,Country/Area,914,Togo,2,Medium,2002,2002,50,50,1,16.794,17.483,34.277
125,768,,TGO,TG,768,4,Country/Area,914,Togo,2,Medium,2002,2002,51,51,1,16.12,16.851,32.971
125,768,,TGO,TG,768,4,Country/Area,914,Togo,2,Medium,2002,2002,52,52,1,15.169,15.886,31.056
125,768,,TGO,TG,768,4,Country/Area,914,Togo,2,Medium,2002,2002,53,53,1,14.342,15.049,29.391
125,768,,TGO,TG,768,4,Country/Area,914,Togo,2,Medium,2002,2002,54,54,1,13.839,14.605,28.445
125,768,,TGO,TG,768,4,Country/Area,914,Togo,2,Medium,2002,2002,55,55,1,13.2,14.04,27.239
125,768,,TGO,TG,768,4,Country/Area,914,Togo,2,Medium,2002,2002,56,56,1,12.436,13.262,25.698
125,768,,TGO,TG,768,4,Country/Area,914,Togo,2,Medium,2002,2002,57,57,1,11.682,12.46,24.143
125,768,,TGO,TG,768,4,Country/Area,914,Togo,2,Medium,2002,2002,58,58,1,11.023,11.825,22.848
125,768,,TGO,TG,768,4,Country/Area,914,Togo,2,Medium,2002,2002,59,59,1,10.371,11.21,21.581
125,768,,TGO,TG,768,4,Country/Area,914,Togo,2,Medium,2002,2002,60,60,1,9.751,10.63,20.381
125,768,,TGO,TG,768,4,Country/Area,914,Togo,2,Medium,2002,2002,61,61,1,9.174,10.091,19.265
125,768,,TGO,TG,768,4,Country/Area,914,Togo,2,Medium,2002,2002,62,62,1,8.639,9.593,18.232
125,768,,TGO,TG,768,4,Country/Area,914,Togo,2,Medium,2002,2002,63,63,1,8.137,9.139,17.276
125,768,,TGO,TG,768,4,Country/Area,914,Togo,2,Medium,2002,2002,64,64,1,7.65,8.683,16.333
125,768,,TGO,TG,768,4,Country/Area,914,Togo,2,Medium,2002,2002,65,65,1,7.16,8.185,15.345
125,768,,TGO,TG,768,4,Country/Area,914,Togo,2,Medium,2002,2002,66,66,1,6.676,7.665,14.341
125,768,,TGO,TG,768,4,Country/Area,914,Togo,2,Medium,2002,2002,67,67,1,6.215,7.173,13.388
125,768,,TGO,TG,768,4,Country/Area,914,Togo,2,Medium,2002,2002,68,68,1,5.782,6.713,12.495
125,768,,TGO,TG,768,4,Country/Area,914,Togo,2,Medium,2002,2002,69,69,1,5.352,6.25,11.602
125,768,,TGO,TG,768,4,Country/Area,914,Togo,2,Medium,2002,2002,70,70,1,4.915,5.781,10.697
125,768,,TGO,TG,768,4,Country/Area,914,Togo,2,Medium,2002,2002,71,71,1,4.479,5.311,9.79
125,768,,TGO,TG,768,4,Country/Area,914,Togo,2,Medium,2002,2002,72,72,1,4.058,4.848,8.906
125,768,,TGO,TG,768,4,Country/Area,914,Togo,2,Medium,2002,2002,73,73,1,3.652,4.396,8.049
125,768,,TGO,TG,768,4,Country/Area,914,Togo,2,Medium,2002,2002,74,74,1,3.259,3.955,7.214
125,768,,TGO,TG,768,4,Country/Area,914,Togo,2,Medium,2002,2002,75,75,1,2.877,3.527,6.404
125,768,,TGO,TG,768,4,Country/Area,914,Togo,2,Medium,2002,2002,76,76,1,2.511,3.116,5.628
125,768,,TGO,TG,768,4,Country/Area,914,Togo,2,Medium,2002,2002,77,77,1,2.168,2.724,4.893
125,768,,TGO,TG,768,4,Country/Area,914,Togo,2,Medium,2002,2002,78,78,1,1.849,2.353,4.201
125,768,,TGO,TG,768,4,Country/Area,914,Togo,2,Medium,2002,2002,79,79,1,1.556,2.003,3.559
125,768,,TGO,TG,768,4,Country/Area,914,Togo,2,Medium,2002,2002,80,80,1,1.294,1.68,2.974
125,768,,TGO,TG,768,4,Country/Area,914,Togo,2,Medium,2002,2002,81,81,1,1.061,1.385,2.446
125,768,,TGO,TG,768,4,Country/Area,914,Togo,2,Medium,2002,2002,82,82,1,0.854,1.122,1.976
125,768,,TGO,TG,768,4,Country/Area,914,Togo,2,Medium,2002,2002,83,83,1,0.672,0.892,1.563
125,768,,TGO,TG,768,4,Country/Area,914,Togo,2,Medium,2002,2002,84,84,1,0.515,0.697,1.212
125,768,,TGO,TG,768,4,Country/Area,914,Togo,2,Medium,2002,2002,85,85,1,0.383,0.536,0.919
125,768,,TGO,TG,768,4,Country/Area,914,Togo,2,Medium,2002,2002,86,86,1,0.277,0.404,0.681
125,768,,TGO,TG,768,4,Country/Area,914,Togo,2,Medium,2002,2002,87,87,1,0.193,0.298,0.49
125,768,,TGO,TG,768,4,Country/Area,914,Togo,2,Medium,2002,2002,88,88,1,0.131,0.213,0.344
125,768,,TGO,TG,768,4,Country/Area,914,Togo,2,Medium,2002,2002,89,89,1,0.086,0.148,0.234
125,768,,TGO,TG,768,4,Country/Area,914,Togo,2,Medium,2002,2002,90,90,1,0.054,0.098,0.152
125,768,,TGO,TG,768,4,Country/Area,914,Togo,2,Medium,2002,2002,91,91,1,0.034,0.063,0.097
125,768,,TGO,TG,768,4,Country/Area,914,Togo,2,Medium,2002,2002,92,92,1,0.02,0.039,0.059
125,768,,TGO,TG,768,4,Country/Area,914,Togo,2,Medium,2002,2002,93,93,1,0.012,0.024,0.036
125,768,,TGO,TG,768,4,Country/Area,914,Togo,2,Medium,2002,2002,94,94,1,0.007,0.014,0.021
125,768,,TGO,TG,768,4,Country/Area,914,Togo,2,Medium,2002,2002,95,95,1,0.004,0.008,0.012
125,768,,TGO,TG,768,4,Country/Area,914,Togo,2,Medium,2002,2002,96,96,1,0.003,0.005,0.007
125,768,,TGO,TG,768,4,Country/Area,914,Togo,2,Medium,2002,2002,97,97,1,0.002,0.003,0.004
125,768,,TGO,TG,768,4,Country/Area,914,Togo,2,Medium,2002,2002,98,98,1,0.001,0.002,0.003
125,768,,TGO,TG,768,4,Country/Area,914,Togo,2,Medium,2002,2002,99,99,1,0.001,0.001,0.002
125,768,,TGO,TG,768,4,Country/Area,914,Togo,2,Medium,2002,2002,100+,100,-1,0.002,0.002,0.004
125,768,,TGO,TG,768,4,Country/Area,914,Togo,2,Medium,2003,2003,0,0,1,98.594,96.731,195.325
125,768,,TGO,TG,768,4,Country/Area,914,Togo,2,Medium,2003,2003,1,1,1,93.573,92.477,186.05
125,768,,TGO,TG,768,4,Country/Area,914,Togo,2,Medium,2003,2003,2,2,1,89.868,89.113,178.981
125,768,,TGO,TG,768,4,Country/Area,914,Togo,2,Medium,2003,2003,3,3,1,86.442,85.842,172.284
125,768,,TGO,TG,768,4,Country/Area,914,Togo,2,Medium,2003,2003,4,4,1,83.288,82.71,165.998
125,768,,TGO,TG,768,4,Country/Area,914,Togo,2,Medium,2003,2003,5,5,1,80.43,79.782,160.212
125,768,,TGO,TG,768,4,Country/Area,914,Togo,2,Medium,2003,2003,6,6,1,78.177,77.43,155.607
125,768,,TGO,TG,768,4,Country/Area,914,Togo,2,Medium,2003,2003,7,7,1,76.426,75.584,152.01
125,768,,TGO,TG,768,4,Country/Area,914,Togo,2,Medium,2003,2003,8,8,1,74.906,73.989,148.895
125,768,,TGO,TG,768,4,Country/Area,914,Togo,2,Medium,2003,2003,9,9,1,73.394,72.429,145.823
125,768,,TGO,TG,768,4,Country/Area,914,Togo,2,Medium,2003,2003,10,10,1,71.802,70.81,142.613
125,768,,TGO,TG,768,4,Country/Area,914,Togo,2,Medium,2003,2003,11,11,1,70.194,69.195,139.389
125,768,,TGO,TG,768,4,Country/Area,914,Togo,2,Medium,2003,2003,12,12,1,68.561,67.572,136.132
125,768,,TGO,TG,768,4,Country/Area,914,Togo,2,Medium,2003,2003,13,13,1,66.925,65.926,132.851
125,768,,TGO,TG,768,4,Country/Area,914,Togo,2,Medium,2003,2003,14,14,1,65.328,64.306,129.634
125,768,,TGO,TG,768,4,Country/Area,914,Togo,2,Medium,2003,2003,15,15,1,63.755,62.738,126.493
125,768,,TGO,TG,768,4,Country/Area,914,Togo,2,Medium,2003,2003,16,16,1,62.059,61.07,123.129
125,768,,TGO,TG,768,4,Country/Area,914,Togo,2,Medium,2003,2003,17,17,1,60.282,59.322,119.603
125,768,,TGO,TG,768,4,Country/Area,914,Togo,2,Medium,2003,2003,18,18,1,58.653,57.719,116.371
125,768,,TGO,TG,768,4,Country/Area,914,Togo,2,Medium,2003,2003,19,19,1,57.172,56.292,113.464
125,768,,TGO,TG,768,4,Country/Area,914,Togo,2,Medium,2003,2003,20,20,1,55.692,54.901,110.593
125,768,,TGO,TG,768,4,Country/Area,914,Togo,2,Medium,2003,2003,21,21,1,54.194,53.51,107.704
125,768,,TGO,TG,768,4,Country/Area,914,Togo,2,Medium,2003,2003,22,22,1,52.633,52.053,104.686
125,768,,TGO,TG,768,4,Country/Area,914,Togo,2,Medium,2003,2003,23,23,1,51.089,50.6,101.689
125,768,,TGO,TG,768,4,Country/Area,914,Togo,2,Medium,2003,2003,24,24,1,49.59,49.164,98.754
125,768,,TGO,TG,768,4,Country/Area,914,Togo,2,Medium,2003,2003,25,25,1,48.083,47.674,95.757
125,768,,TGO,TG,768,4,Country/Area,914,Togo,2,Medium,2003,2003,26,26,1,46.584,46.187,92.77
125,768,,TGO,TG,768,4,Country/Area,914,Togo,2,Medium,2003,2003,27,27,1,44.992,44.629,89.621
125,768,,TGO,TG,768,4,Country/Area,914,Togo,2,Medium,2003,2003,28,28,1,43.316,43.002,86.317
125,768,,TGO,TG,768,4,Country/Area,914,Togo,2,Medium,2003,2003,29,29,1,41.632,41.395,83.026
125,768,,TGO,TG,768,4,Country/Area,914,Togo,2,Medium,2003,2003,30,30,1,39.944,39.804,79.749
125,768,,TGO,TG,768,4,Country/Area,914,Togo,2,Medium,2003,2003,31,31,1,38.328,38.269,76.597
125,768,,TGO,TG,768,4,Country/Area,914,Togo,2,Medium,2003,2003,32,32,1,36.724,36.727,73.451
125,768,,TGO,TG,768,4,Country/Area,914,Togo,2,Medium,2003,2003,33,33,1,35.158,35.218,70.376
125,768,,TGO,TG,768,4,Country/Area,914,Togo,2,Medium,2003,2003,34,34,1,33.655,33.757,67.412
125,768,,TGO,TG,768,4,Country/Area,914,Togo,2,Medium,2003,2003,35,35,1,32.245,32.38,64.625
125,768,,TGO,TG,768,4,Country/Area,914,Togo,2,Medium,2003,2003,36,36,1,30.997,31.159,62.156
125,768,,TGO,TG,768,4,Country/Area,914,Togo,2,Medium,2003,2003,37,37,1,29.759,29.945,59.705
125,768,,TGO,TG,768,4,Country/Area,914,Togo,2,Medium,2003,2003,38,38,1,28.514,28.727,57.24
125,768,,TGO,TG,768,4,Country/Area,914,Togo,2,Medium,2003,2003,39,39,1,27.328,27.569,54.897
125,768,,TGO,TG,768,4,Country/Area,914,Togo,2,Medium,2003,2003,40,40,1,26.162,26.427,52.59
125,768,,TGO,TG,768,4,Country/Area,914,Togo,2,Medium,2003,2003,41,41,1,25.012,25.309,50.321
125,768,,TGO,TG,768,4,Country/Area,914,Togo,2,Medium,2003,2003,42,42,1,23.945,24.28,48.225
125,768,,TGO,TG,768,4,Country/Area,914,Togo,2,Medium,2003,2003,43,43,1,22.959,23.333,46.292
125,768,,TGO,TG,768,4,Country/Area,914,Togo,2,Medium,2003,2003,44,44,1,22.017,22.433,44.45
125,768,,TGO,TG,768,4,Country/Area,914,Togo,2,Medium,2003,2003,45,45,1,21.131,21.593,42.724
125,768,,TGO,TG,768,4,Country/Area,914,Togo,2,Medium,2003,2003,46,46,1,20.297,20.804,41.101
125,768,,TGO,TG,768,4,Country/Area,914,Togo,2,Medium,2003,2003,47,47,1,19.477,20.031,39.508
125,768,,TGO,TG,768,4,Country/Area,914,Togo,2,Medium,2003,2003,48,48,1,18.704,19.305,38.008
125,768,,TGO,TG,768,4,Country/Area,914,Togo,2,Medium,2003,2003,49,49,1,17.982,18.627,36.608
125,768,,TGO,TG,768,4,Country/Area,914,Togo,2,Medium,2003,2003,50,50,1,17.271,17.958,35.23
125,768,,TGO,TG,768,4,Country/Area,914,Togo,2,Medium,2003,2003,51,51,1,16.558,17.286,33.843
125,768,,TGO,TG,768,4,Country/Area,914,Togo,2,Medium,2003,2003,52,52,1,15.877,16.649,32.527
125,768,,TGO,TG,768,4,Country/Area,914,Togo,2,Medium,2003,2003,53,53,1,14.927,15.685,30.612
125,768,,TGO,TG,768,4,Country/Area,914,Togo,2,Medium,2003,2003,54,54,1,14.098,14.848,28.947
125,768,,TGO,TG,768,4,Country/Area,914,Togo,2,Medium,2003,2003,55,55,1,13.589,14.4,27.989
125,768,,TGO,TG,768,4,Country/Area,914,Togo,2,Medium,2003,2003,56,56,1,12.946,13.83,26.776
125,768,,TGO,TG,768,4,Country/Area,914,Togo,2,Medium,2003,2003,57,57,1,12.181,13.05,25.232
125,768,,TGO,TG,768,4,Country/Area,914,Togo,2,Medium,2003,2003,58,58,1,11.425,12.245,23.67
125,768,,TGO,TG,768,4,Country/Area,914,Togo,2,Medium,2003,2003,59,59,1,10.761,11.602,22.363
125,768,,TGO,TG,768,4,Country/Area,914,Togo,2,Medium,2003,2003,60,60,1,10.104,10.976,21.081
125,768,,TGO,TG,768,4,Country/Area,914,Togo,2,Medium,2003,2003,61,61,1,9.478,10.384,19.862
125,768,,TGO,TG,768,4,Country/Area,914,Togo,2,Medium,2003,2003,62,62,1,8.896,9.832,18.727
125,768,,TGO,TG,768,4,Country/Area,914,Togo,2,Medium,2003,2003,63,63,1,8.354,9.321,17.675
125,768,,TGO,TG,768,4,Country/Area,914,Togo,2,Medium,2003,2003,64,64,1,7.848,8.854,16.702
125,768,,TGO,TG,768,4,Country/Area,914,Togo,2,Medium,2003,2003,65,65,1,7.355,8.389,15.743
125,768,,TGO,TG,768,4,Country/Area,914,Togo,2,Medium,2003,2003,66,66,1,6.864,7.882,14.745
125,768,,TGO,TG,768,4,Country/Area,914,Togo,2,Medium,2003,2003,67,67,1,6.376,7.354,13.73
125,768,,TGO,TG,768,4,Country/Area,914,Togo,2,Medium,2003,2003,68,68,1,5.911,6.853,12.764
125,768,,TGO,TG,768,4,Country/Area,914,Togo,2,Medium,2003,2003,69,69,1,5.473,6.382,11.855
125,768,,TGO,TG,768,4,Country/Area,914,Togo,2,Medium,2003,2003,70,70,1,5.038,5.909,10.947
125,768,,TGO,TG,768,4,Country/Area,914,Togo,2,Medium,2003,2003,71,71,1,4.597,5.43,10.027
125,768,,TGO,TG,768,4,Country/Area,914,Togo,2,Medium,2003,2003,72,72,1,4.159,4.952,9.111
125,768,,TGO,TG,768,4,Country/Area,914,Togo,2,Medium,2003,2003,73,73,1,3.737,4.484,8.222
125,768,,TGO,TG,768,4,Country/Area,914,Togo,2,Medium,2003,2003,74,74,1,3.333,4.033,7.367
125,768,,TGO,TG,768,4,Country/Area,914,Togo,2,Medium,2003,2003,75,75,1,2.945,3.595,6.54
125,768,,TGO,TG,768,4,Country/Area,914,Togo,2,Medium,2003,2003,76,76,1,2.571,3.174,5.745
125,768,,TGO,TG,768,4,Country/Area,914,Togo,2,Medium,2003,2003,77,77,1,2.22,2.772,4.992
125,768,,TGO,TG,768,4,Country/Area,914,Togo,2,Medium,2003,2003,78,78,1,1.894,2.393,4.287
125,768,,TGO,TG,768,4,Country/Area,914,Togo,2,Medium,2003,2003,79,79,1,1.593,2.037,3.63
125,768,,TGO,TG,768,4,Country/Area,914,Togo,2,Medium,2003,2003,80,80,1,1.321,1.706,3.027
125,768,,TGO,TG,768,4,Country/Area,914,Togo,2,Medium,2003,2003,81,81,1,1.081,1.406,2.486
125,768,,TGO,TG,768,4,Country/Area,914,Togo,2,Medium,2003,2003,82,82,1,0.869,1.139,2.007
125,768,,TGO,TG,768,4,Country/Area,914,Togo,2,Medium,2003,2003,83,83,1,0.684,0.905,1.589
125,768,,TGO,TG,768,4,Country/Area,914,Togo,2,Medium,2003,2003,84,84,1,0.524,0.706,1.229
125,768,,TGO,TG,768,4,Country/Area,914,Togo,2,Medium,2003,2003,85,85,1,0.39,0.54,0.93
125,768,,TGO,TG,768,4,Country/Area,914,Togo,2,Medium,2003,2003,86,86,1,0.281,0.406,0.687
125,768,,TGO,TG,768,4,Country/Area,914,Togo,2,Medium,2003,2003,87,87,1,0.196,0.299,0.495
125,768,,TGO,TG,768,4,Country/Area,914,Togo,2,Medium,2003,2003,88,88,1,0.132,0.214,0.346
125,768,,TGO,TG,768,4,Country/Area,914,Togo,2,Medium,2003,2003,89,89,1,0.086,0.149,0.235
125,768,,TGO,TG,768,4,Country/Area,914,Togo,2,Medium,2003,2003,90,90,1,0.054,0.099,0.153
125,768,,TGO,TG,768,4,Country/Area,914,Togo,2,Medium,2003,2003,91,91,1,0.033,0.064,0.097
125,768,,TGO,TG,768,4,Country/Area,914,Togo,2,Medium,2003,2003,92,92,1,0.019,0.039,0.058
125,768,,TGO,TG,768,4,Country/Area,914,Togo,2,Medium,2003,2003,93,93,1,0.011,0.023,0.034
125,768,,TGO,TG,768,4,Country/Area,914,Togo,2,Medium,2003,2003,94,94,1,0.006,0.013,0.019
125,768,,TGO,TG,768,4,Country/Area,914,Togo,2,Medium,2003,2003,95,95,1,0.003,0.007,0.01
125,768,,TGO,TG,768,4,Country/Area,914,Togo,2,Medium,2003,2003,96,96,1,0.002,0.004,0.006
125,768,,TGO,TG,768,4,Country/Area,914,Togo,2,Medium,2003,2003,97,97,1,0.001,0.002,0.003
125,768,,TGO,TG,768,4,Country/Area,914,Togo,2,Medium,2003,2003,98,98,1,0,0.001,0.001
125,768,,TGO,TG,768,4,Country/Area,914,Togo,2,Medium,2003,2003,99,99,1,0,0,0
125,768,,TGO,TG,768,4,Country/Area,914,Togo,2,Medium,2003,2003,100+,100,-1,0.001,0.001,0.001
125,768,,TGO,TG,768,4,Country/Area,914,Togo,2,Medium,2004,2004,0,0,1,100.407,98.504,198.911
125,768,,TGO,TG,768,4,Country/Area,914,Togo,2,Medium,2004,2004,1,1,1,95.757,94.588,190.345
125,768,,TGO,TG,768,4,Country/Area,914,Togo,2,Medium,2004,2004,2,2,1,92.292,91.454,183.746
125,768,,TGO,TG,768,4,Country/Area,914,Togo,2,Medium,2004,2004,3,3,1,88.916,88.224,177.141
125,768,,TGO,TG,768,4,Country/Area,914,Togo,2,Medium,2004,2004,4,4,1,85.731,85.077,170.808
125,768,,TGO,TG,768,4,Country/Area,914,Togo,2,Medium,2004,2004,5,5,1,82.751,82.06,164.81
125,768,,TGO,TG,768,4,Country/Area,914,Togo,2,Medium,2004,2004,6,6,1,80.019,79.241,159.26
125,768,,TGO,TG,768,4,Country/Area,914,Togo,2,Medium,2004,2004,7,7,1,77.853,76.987,154.839
125,768,,TGO,TG,768,4,Country/Area,914,Togo,2,Medium,2004,2004,8,8,1,76.163,75.224,151.387
125,768,,TGO,TG,768,4,Country/Area,914,Togo,2,Medium,2004,2004,9,9,1,74.686,73.696,148.382
125,768,,TGO,TG,768,4,Country/Area,914,Togo,2,Medium,2004,2004,10,10,1,73.203,72.188,145.39
125,768,,TGO,TG,768,4,Country/Area,914,Togo,2,Medium,2004,2004,11,11,1,71.629,70.603,142.232
125,768,,TGO,TG,768,4,Country/Area,914,Togo,2,Medium,2004,2004,12,12,1,70.031,69.006,139.036
125,768,,TGO,TG,768,4,Country/Area,914,Togo,2,Medium,2004,2004,13,13,1,68.398,67.386,135.785
125,768,,TGO,TG,768,4,Country/Area,914,Togo,2,Medium,2004,2004,14,14,1,66.757,65.73,132.487
125,768,,TGO,TG,768,4,Country/Area,914,Togo,2,Medium,2004,2004,15,15,1,65.147,64.091,129.238
125,768,,TGO,TG,768,4,Country/Area,914,Togo,2,Medium,2004,2004,16,16,1,63.555,62.495,126.05
125,768,,TGO,TG,768,4,Country/Area,914,Togo,2,Medium,2004,2004,17,17,1,61.837,60.797,122.635
125,768,,TGO,TG,768,4,Country/Area,914,Togo,2,Medium,2004,2004,18,18,1,60.033,59.023,119.056
125,768,,TGO,TG,768,4,Country/Area,914,Togo,2,Medium,2004,2004,19,19,1,58.377,57.402,115.779
125,768,,TGO,TG,768,4,Country/Area,914,Togo,2,Medium,2004,2004,20,20,1,56.872,55.965,112.837
125,768,,TGO,TG,768,4,Country/Area,914,Togo,2,Medium,2004,2004,21,21,1,55.373,54.571,109.944
125,768,,TGO,TG,768,4,Country/Area,914,Togo,2,Medium,2004,2004,22,22,1,53.865,53.182,107.047
125,768,,TGO,TG,768,4,Country/Area,914,Togo,2,Medium,2004,2004,23,23,1,52.303,51.728,104.031
125,768,,TGO,TG,768,4,Country/Area,914,Togo,2,Medium,2004,2004,24,24,1,50.765,50.278,101.043
125,768,,TGO,TG,768,4,Country/Area,914,Togo,2,Medium,2004,2004,25,25,1,49.279,48.845,98.124
125,768,,TGO,TG,768,4,Country/Area,914,Togo,2,Medium,2004,2004,26,26,1,47.786,47.357,95.144
125,768,,TGO,TG,768,4,Country/Area,914,Togo,2,Medium,2004,2004,27,27,1,46.3,45.874,92.174
125,768,,TGO,TG,768,4,Country/Area,914,Togo,2,Medium,2004,2004,28,28,1,44.719,44.321,89.04
125,768,,TGO,TG,768,4,Country/Area,914,Togo,2,Medium,2004,2004,29,29,1,43.052,42.703,85.755
125,768,,TGO,TG,768,4,Country/Area,914,Togo,2,Medium,2004,2004,30,30,1,41.374,41.106,82.481
125,768,,TGO,TG,768,4,Country/Area,914,Togo,2,Medium,2004,2004,31,31,1,39.691,39.528,79.219
125,768,,TGO,TG,768,4,Country/Area,914,Togo,2,Medium,2004,2004,32,32,1,38.078,38.004,76.082
125,768,,TGO,TG,768,4,Country/Area,914,Togo,2,Medium,2004,2004,33,33,1,36.48,36.471,72.951
125,768,,TGO,TG,768,4,Country/Area,914,Togo,2,Medium,2004,2004,34,34,1,34.92,34.97,69.891
125,768,,TGO,TG,768,4,Country/Area,914,Togo,2,Medium,2004,2004,35,35,1,33.424,33.516,66.939
125,768,,TGO,TG,768,4,Country/Area,914,Togo,2,Medium,2004,2004,36,36,1,32.021,32.145,64.166
125,768,,TGO,TG,768,4,Country/Area,914,Togo,2,Medium,2004,2004,37,37,1,30.776,30.928,61.705
125,768,,TGO,TG,768,4,Country/Area,914,Togo,2,Medium,2004,2004,38,38,1,29.541,29.72,59.261
125,768,,TGO,TG,768,4,Country/Area,914,Togo,2,Medium,2004,2004,39,39,1,28.297,28.506,56.803
125,768,,TGO,TG,768,4,Country/Area,914,Togo,2,Medium,2004,2004,40,40,1,27.111,27.353,54.465
125,768,,TGO,TG,768,4,Country/Area,914,Togo,2,Medium,2004,2004,41,41,1,25.944,26.218,52.162
125,768,,TGO,TG,768,4,Country/Area,914,Togo,2,Medium,2004,2004,42,42,1,24.793,25.107,49.9
125,768,,TGO,TG,768,4,Country/Area,914,Togo,2,Medium,2004,2004,43,43,1,23.726,24.084,47.81
125,768,,TGO,TG,768,4,Country/Area,914,Togo,2,Medium,2004,2004,44,44,1,22.739,23.143,45.882
125,768,,TGO,TG,768,4,Country/Area,914,Togo,2,Medium,2004,2004,45,45,1,21.797,22.249,44.047
125,768,,TGO,TG,768,4,Country/Area,914,Togo,2,Medium,2004,2004,46,46,1,20.912,21.412,42.324
125,768,,TGO,TG,768,4,Country/Area,914,Togo,2,Medium,2004,2004,47,47,1,20.078,20.624,40.702
125,768,,TGO,TG,768,4,Country/Area,914,Togo,2,Medium,2004,2004,48,48,1,19.256,19.85,39.106
125,768,,TGO,TG,768,4,Country/Area,914,Togo,2,Medium,2004,2004,49,49,1,18.48,19.12,37.6
125,768,,TGO,TG,768,4,Country/Area,914,Togo,2,Medium,2004,2004,50,50,1,17.753,18.437,36.19
125,768,,TGO,TG,768,4,Country/Area,914,Togo,2,Medium,2004,2004,51,51,1,17.037,17.764,34.8
125,768,,TGO,TG,768,4,Country/Area,914,Togo,2,Medium,2004,2004,52,52,1,16.317,17.087,33.404
125,768,,TGO,TG,768,4,Country/Area,914,Togo,2,Medium,2004,2004,53,53,1,15.631,16.446,32.077
125,768,,TGO,TG,768,4,Country/Area,914,Togo,2,Medium,2004,2004,54,54,1,14.68,15.482,30.162
125,768,,TGO,TG,768,4,Country/Area,914,Togo,2,Medium,2004,2004,55,55,1,13.851,14.645,28.495
125,768,,TGO,TG,768,4,Country/Area,914,Togo,2,Medium,2004,2004,56,56,1,13.335,14.19,27.525
125,768,,TGO,TG,768,4,Country/Area,914,Togo,2,Medium,2004,2004,57,57,1,12.687,13.614,26.3
125,768,,TGO,TG,768,4,Country/Area,914,Togo,2,Medium,2004,2004,58,58,1,11.918,12.829,24.747
125,768,,TGO,TG,768,4,Country/Area,914,Togo,2,Medium,2004,2004,59,59,1,11.159,12.018,23.177
125,768,,TGO,TG,768,4,Country/Area,914,Togo,2,Medium,2004,2004,60,60,1,10.489,11.364,21.853
125,768,,TGO,TG,768,4,Country/Area,914,Togo,2,Medium,2004,2004,61,61,1,9.826,10.726,20.552
125,768,,TGO,TG,768,4,Country/Area,914,Togo,2,Medium,2004,2004,62,62,1,9.194,10.121,19.316
125,768,,TGO,TG,768,4,Country/Area,914,Togo,2,Medium,2004,2004,63,63,1,8.607,9.556,18.163
125,768,,TGO,TG,768,4,Country/Area,914,Togo,2,Medium,2004,2004,64,64,1,8.061,9.034,17.096
125,768,,TGO,TG,768,4,Country/Area,914,Togo,2,Medium,2004,2004,65,65,1,7.55,8.556,16.106
125,768,,TGO,TG,768,4,Country/Area,914,Togo,2,Medium,2004,2004,66,66,1,7.053,8.081,15.134
125,768,,TGO,TG,768,4,Country/Area,914,Togo,2,Medium,2004,2004,67,67,1,6.559,7.565,14.123
125,768,,TGO,TG,768,4,Country/Area,914,Togo,2,Medium,2004,2004,68,68,1,6.067,7.029,13.095
125,768,,TGO,TG,768,4,Country/Area,914,Togo,2,Medium,2004,2004,69,69,1,5.598,6.518,12.116
125,768,,TGO,TG,768,4,Country/Area,914,Togo,2,Medium,2004,2004,70,70,1,5.154,6.036,11.191
125,768,,TGO,TG,768,4,Country/Area,914,Togo,2,Medium,2004,2004,71,71,1,4.714,5.551,10.265
125,768,,TGO,TG,768,4,Country/Area,914,Togo,2,Medium,2004,2004,72,72,1,4.271,5.064,9.335
125,768,,TGO,TG,768,4,Country/Area,914,Togo,2,Medium,2004,2004,73,73,1,3.833,4.582,8.415
125,768,,TGO,TG,768,4,Country/Area,914,Togo,2,Medium,2004,2004,74,74,1,3.413,4.116,7.529
125,768,,TGO,TG,768,4,Country/Area,914,Togo,2,Medium,2004,2004,75,75,1,3.015,3.668,6.683
125,768,,TGO,TG,768,4,Country/Area,914,Togo,2,Medium,2004,2004,76,76,1,2.635,3.237,5.872
125,768,,TGO,TG,768,4,Country/Area,914,Togo,2,Medium,2004,2004,77,77,1,2.276,2.826,5.101
125,768,,TGO,TG,768,4,Country/Area,914,Togo,2,Medium,2004,2004,78,78,1,1.941,2.437,4.378
125,768,,TGO,TG,768,4,Country/Area,914,Togo,2,Medium,2004,2004,79,79,1,1.634,2.074,3.708
125,768,,TGO,TG,768,4,Country/Area,914,Togo,2,Medium,2004,2004,80,80,1,1.355,1.736,3.091
125,768,,TGO,TG,768,4,Country/Area,914,Togo,2,Medium,2004,2004,81,81,1,1.105,1.429,2.535
125,768,,TGO,TG,768,4,Country/Area,914,Togo,2,Medium,2004,2004,82,82,1,0.887,1.157,2.043
125,768,,TGO,TG,768,4,Country/Area,914,Togo,2,Medium,2004,2004,83,83,1,0.697,0.92,1.617
125,768,,TGO,TG,768,4,Country/Area,914,Togo,2,Medium,2004,2004,84,84,1,0.534,0.717,1.251
125,768,,TGO,TG,768,4,Country/Area,914,Togo,2,Medium,2004,2004,85,85,1,0.398,0.548,0.945
125,768,,TGO,TG,768,4,Country/Area,914,Togo,2,Medium,2004,2004,86,86,1,0.287,0.41,0.697
125,768,,TGO,TG,768,4,Country/Area,914,Togo,2,Medium,2004,2004,87,87,1,0.2,0.301,0.501
125,768,,TGO,TG,768,4,Country/Area,914,Togo,2,Medium,2004,2004,88,88,1,0.135,0.216,0.351
125,768,,TGO,TG,768,4,Country/Area,914,Togo,2,Medium,2004,2004,89,89,1,0.088,0.15,0.237
125,768,,TGO,TG,768,4,Country/Area,914,Togo,2,Medium,2004,2004,90,90,1,0.055,0.1,0.155
125,768,,TGO,TG,768,4,Country/Area,914,Togo,2,Medium,2004,2004,91,91,1,0.034,0.065,0.098
125,768,,TGO,TG,768,4,Country/Area,914,Togo,2,Medium,2004,2004,92,92,1,0.02,0.04,0.059
125,768,,TGO,TG,768,4,Country/Area,914,Togo,2,Medium,2004,2004,93,93,1,0.011,0.024,0.034
125,768,,TGO,TG,768,4,Country/Area,914,Togo,2,Medium,2004,2004,94,94,1,0.006,0.014,0.019
125,768,,TGO,TG,768,4,Country/Area,914,Togo,2,Medium,2004,2004,95,95,1,0.003,0.007,0.01
125,768,,TGO,TG,768,4,Country/Area,914,Togo,2,Medium,2004,2004,96,96,1,0.002,0.004,0.006
125,768,,TGO,TG,768,4,Country/Area,914,Togo,2,Medium,2004,2004,97,97,1,0.001,0.002,0.003
125,768,,TGO,TG,768,4,Country/Area,914,Togo,2,Medium,2004,2004,98,98,1,0,0.001,0.001
125,768,,TGO,TG,768,4,Country/Area,914,Togo,2,Medium,2004,2004,99,99,1,0,0,0
125,768,,TGO,TG,768,4,Country/Area,914,Togo,2,Medium,2004,2004,100+,100,-1,0,0,0
125,768,,TGO,TG,768,4,Country/Area,914,Togo,2,Medium,2005,2005,0,0,1,102.998,101.037,204.035
125,768,,TGO,TG,768,4,Country/Area,914,Togo,2,Medium,2005,2005,1,1,1,97.647,96.414,194.061
125,768,,TGO,TG,768,4,Country/Area,914,Togo,2,Medium,2005,2005,2,2,1,94.504,93.585,188.089
125,768,,TGO,TG,768,4,Country/Area,914,Togo,2,Medium,2005,2005,3,3,1,91.35,90.573,181.923
125,768,,TGO,TG,768,4,Country/Area,914,Togo,2,Medium,2005,2005,4,4,1,88.206,87.459,175.664
125,768,,TGO,TG,768,4,Country/Area,914,Togo,2,Medium,2005,2005,5,5,1,85.189,84.421,169.611
125,768,,TGO,TG,768,4,Country/Area,914,Togo,2,Medium,2005,2005,6,6,1,82.333,81.511,163.844
125,768,,TGO,TG,768,4,Country/Area,914,Togo,2,Medium,2005,2005,7,7,1,79.689,78.791,158.481
125,768,,TGO,TG,768,4,Country/Area,914,Togo,2,Medium,2005,2005,8,8,1,77.587,76.622,154.208
125,768,,TGO,TG,768,4,Country/Area,914,Togo,2,Medium,2005,2005,9,9,1,75.94,74.928,150.869
125,768,,TGO,TG,768,4,Country/Area,914,Togo,2,Medium,2005,2005,10,10,1,74.492,73.452,147.944
125,768,,TGO,TG,768,4,Country/Area,914,Togo,2,Medium,2005,2005,11,11,1,73.026,71.978,145.005
125,768,,TGO,TG,768,4,Country/Area,914,Togo,2,Medium,2005,2005,12,12,1,71.463,70.41,141.873
125,768,,TGO,TG,768,4,Country/Area,914,Togo,2,Medium,2005,2005,13,13,1,69.864,68.817,138.681
125,768,,TGO,TG,768,4,Country/Area,914,Togo,2,Medium,2005,2005,14,14,1,68.225,67.186,135.411
125,768,,TGO,TG,768,4,Country/Area,914,Togo,2,Medium,2005,2005,15,15,1,66.57,65.508,132.078
125,768,,TGO,TG,768,4,Country/Area,914,Togo,2,Medium,2005,2005,16,16,1,64.938,63.84,128.778
125,768,,TGO,TG,768,4,Country/Area,914,Togo,2,Medium,2005,2005,17,17,1,63.321,62.211,125.532
125,768,,TGO,TG,768,4,Country/Area,914,Togo,2,Medium,2005,2005,18,18,1,61.575,60.484,122.059
125,768,,TGO,TG,768,4,Country/Area,914,Togo,2,Medium,2005,2005,19,19,1,59.742,58.69,118.433
125,768,,TGO,TG,768,4,Country/Area,914,Togo,2,Medium,2005,2005,20,20,1,58.06,57.058,115.118
125,768,,TGO,TG,768,4,Country/Area,914,Togo,2,Medium,2005,2005,21,21,1,56.535,55.617,112.151
125,768,,TGO,TG,768,4,Country/Area,914,Togo,2,Medium,2005,2005,22,22,1,55.025,54.224,109.249
125,768,,TGO,TG,768,4,Country/Area,914,Togo,2,Medium,2005,2005,23,23,1,53.514,52.839,106.353
125,768,,TGO,TG,768,4,Country/Area,914,Togo,2,Medium,2005,2005,24,24,1,51.958,51.388,103.346
125,768,,TGO,TG,768,4,Country/Area,914,Togo,2,Medium,2005,2005,25,25,1,50.434,49.94,100.374
125,768,,TGO,TG,768,4,Country/Area,914,Togo,2,Medium,2005,2005,26,26,1,48.964,48.509,97.472
125,768,,TGO,TG,768,4,Country/Area,914,Togo,2,Medium,2005,2005,27,27,1,47.484,47.025,94.509
125,768,,TGO,TG,768,4,Country/Area,914,Togo,2,Medium,2005,2005,28,28,1,46.009,45.548,91.557
125,768,,TGO,TG,768,4,Country/Area,914,Togo,2,Medium,2005,2005,29,29,1,44.437,44.004,88.441
125,768,,TGO,TG,768,4,Country/Area,914,Togo,2,Medium,2005,2005,30,30,1,42.776,42.397,85.172
125,768,,TGO,TG,768,4,Country/Area,914,Togo,2,Medium,2005,2005,31,31,1,41.102,40.813,81.915
125,768,,TGO,TG,768,4,Country/Area,914,Togo,2,Medium,2005,2005,32,32,1,39.423,39.246,78.669
125,768,,TGO,TG,768,4,Country/Area,914,Togo,2,Medium,2005,2005,33,33,1,37.816,37.732,75.549
125,768,,TGO,TG,768,4,Country/Area,914,Togo,2,Medium,2005,2005,34,34,1,36.225,36.209,72.434
125,768,,TGO,TG,768,4,Country/Area,914,Togo,2,Medium,2005,2005,35,35,1,34.674,34.716,69.39
125,768,,TGO,TG,768,4,Country/Area,914,Togo,2,Medium,2005,2005,36,36,1,33.185,33.268,66.453
125,768,,TGO,TG,768,4,Country/Area,914,Togo,2,Medium,2005,2005,37,37,1,31.787,31.902,63.69
125,768,,TGO,TG,768,4,Country/Area,914,Togo,2,Medium,2005,2005,38,38,1,30.545,30.692,61.236
125,768,,TGO,TG,768,4,Country/Area,914,Togo,2,Medium,2005,2005,39,39,1,29.312,29.488,58.8
125,768,,TGO,TG,768,4,Country/Area,914,Togo,2,Medium,2005,2005,40,40,1,28.069,28.279,56.348
125,768,,TGO,TG,768,4,Country/Area,914,Togo,2,Medium,2005,2005,41,41,1,26.881,27.134,54.016
125,768,,TGO,TG,768,4,Country/Area,914,Togo,2,Medium,2005,2005,42,42,1,25.713,26.006,51.719
125,768,,TGO,TG,768,4,Country/Area,914,Togo,2,Medium,2005,2005,43,43,1,24.563,24.902,49.465
125,768,,TGO,TG,768,4,Country/Area,914,Togo,2,Medium,2005,2005,44,44,1,23.497,23.887,47.383
125,768,,TGO,TG,768,4,Country/Area,914,Togo,2,Medium,2005,2005,45,45,1,22.511,22.951,45.462
125,768,,TGO,TG,768,4,Country/Area,914,Togo,2,Medium,2005,2005,46,46,1,21.57,22.06,43.63
125,768,,TGO,TG,768,4,Country/Area,914,Togo,2,Medium,2005,2005,47,47,1,20.685,21.224,41.909
125,768,,TGO,TG,768,4,Country/Area,914,Togo,2,Medium,2005,2005,48,48,1,19.849,20.436,40.285
125,768,,TGO,TG,768,4,Country/Area,914,Togo,2,Medium,2005,2005,49,49,1,19.024,19.66,38.684
125,768,,TGO,TG,768,4,Country/Area,914,Togo,2,Medium,2005,2005,50,50,1,18.243,18.926,37.169
125,768,,TGO,TG,768,4,Country/Area,914,Togo,2,Medium,2005,2005,51,51,1,17.511,18.237,35.748
125,768,,TGO,TG,768,4,Country/Area,914,Togo,2,Medium,2005,2005,52,52,1,16.788,17.558,34.346
125,768,,TGO,TG,768,4,Country/Area,914,Togo,2,Medium,2005,2005,53,53,1,16.063,16.878,32.941
125,768,,TGO,TG,768,4,Country/Area,914,Togo,2,Medium,2005,2005,54,54,1,15.372,16.233,31.605
125,768,,TGO,TG,768,4,Country/Area,914,Togo,2,Medium,2005,2005,55,55,1,14.422,15.27,29.692
125,768,,TGO,TG,768,4,Country/Area,914,Togo,2,Medium,2005,2005,56,56,1,13.591,14.431,28.021
125,768,,TGO,TG,768,4,Country/Area,914,Togo,2,Medium,2005,2005,57,57,1,13.068,13.969,27.037
125,768,,TGO,TG,768,4,Country/Area,914,Togo,2,Medium,2005,2005,58,58,1,12.414,13.384,25.797
125,768,,TGO,TG,768,4,Country/Area,914,Togo,2,Medium,2005,2005,59,59,1,11.641,12.592,24.233
125,768,,TGO,TG,768,4,Country/Area,914,Togo,2,Medium,2005,2005,60,60,1,10.877,11.771,22.649
125,768,,TGO,TG,768,4,Country/Area,914,Togo,2,Medium,2005,2005,61,61,1,10.201,11.105,21.306
125,768,,TGO,TG,768,4,Country/Area,914,Togo,2,Medium,2005,2005,62,62,1,9.533,10.456,19.988
125,768,,TGO,TG,768,4,Country/Area,914,Togo,2,Medium,2005,2005,63,63,1,8.897,9.838,18.735
125,768,,TGO,TG,768,4,Country/Area,914,Togo,2,Medium,2005,2005,64,64,1,8.305,9.264,17.569
125,768,,TGO,TG,768,4,Country/Area,914,Togo,2,Medium,2005,2005,65,65,1,7.756,8.732,16.488
125,768,,TGO,TG,768,4,Country/Area,914,Togo,2,Medium,2005,2005,66,66,1,7.24,8.244,15.485
125,768,,TGO,TG,768,4,Country/Area,914,Togo,2,Medium,2005,2005,67,67,1,6.74,7.757,14.498
125,768,,TGO,TG,768,4,Country/Area,914,Togo,2,Medium,2005,2005,68,68,1,6.242,7.232,13.474
125,768,,TGO,TG,768,4,Country/Area,914,Togo,2,Medium,2005,2005,69,69,1,5.747,6.687,12.434
125,768,,TGO,TG,768,4,Country/Area,914,Togo,2,Medium,2005,2005,70,70,1,5.274,6.166,11.44
125,768,,TGO,TG,768,4,Country/Area,914,Togo,2,Medium,2005,2005,71,71,1,4.824,5.673,10.497
125,768,,TGO,TG,768,4,Country/Area,914,Togo,2,Medium,2005,2005,72,72,1,4.38,5.18,9.56
125,768,,TGO,TG,768,4,Country/Area,914,Togo,2,Medium,2005,2005,73,73,1,3.937,4.689,8.625
125,768,,TGO,TG,768,4,Country/Area,914,Togo,2,Medium,2005,2005,74,74,1,3.501,4.207,7.708
125,768,,TGO,TG,768,4,Country/Area,914,Togo,2,Medium,2005,2005,75,75,1,3.088,3.744,6.832
125,768,,TGO,TG,768,4,Country/Area,914,Togo,2,Medium,2005,2005,76,76,1,2.699,3.305,6.003
125,768,,TGO,TG,768,4,Country/Area,914,Togo,2,Medium,2005,2005,77,77,1,2.332,2.884,5.216
125,768,,TGO,TG,768,4,Country/Area,914,Togo,2,Medium,2005,2005,78,78,1,1.99,2.486,4.476
125,768,,TGO,TG,768,4,Country/Area,914,Togo,2,Medium,2005,2005,79,79,1,1.675,2.114,3.789
125,768,,TGO,TG,768,4,Country/Area,914,Togo,2,Medium,2005,2005,80,80,1,1.389,1.769,3.159
125,768,,TGO,TG,768,4,Country/Area,914,Togo,2,Medium,2005,2005,81,81,1,1.134,1.456,2.59
125,768,,TGO,TG,768,4,Country/Area,914,Togo,2,Medium,2005,2005,82,82,1,0.908,1.177,2.084
125,768,,TGO,TG,768,4,Country/Area,914,Togo,2,Medium,2005,2005,83,83,1,0.712,0.935,1.647
125,768,,TGO,TG,768,4,Country/Area,914,Togo,2,Medium,2005,2005,84,84,1,0.546,0.729,1.274
125,768,,TGO,TG,768,4,Country/Area,914,Togo,2,Medium,2005,2005,85,85,1,0.406,0.557,0.963
125,768,,TGO,TG,768,4,Country/Area,914,Togo,2,Medium,2005,2005,86,86,1,0.293,0.416,0.709
125,768,,TGO,TG,768,4,Country/Area,914,Togo,2,Medium,2005,2005,87,87,1,0.204,0.304,0.508
125,768,,TGO,TG,768,4,Country/Area,914,Togo,2,Medium,2005,2005,88,88,1,0.138,0.217,0.355
125,768,,TGO,TG,768,4,Country/Area,914,Togo,2,Medium,2005,2005,89,89,1,0.09,0.15,0.24
125,768,,TGO,TG,768,4,Country/Area,914,Togo,2,Medium,2005,2005,90,90,1,0.057,0.1,0.157
125,768,,TGO,TG,768,4,Country/Area,914,Togo,2,Medium,2005,2005,91,91,1,0.034,0.065,0.099
125,768,,TGO,TG,768,4,Country/Area,914,Togo,2,Medium,2005,2005,92,92,1,0.02,0.04,0.06
125,768,,TGO,TG,768,4,Country/Area,914,Togo,2,Medium,2005,2005,93,93,1,0.011,0.024,0.035
125,768,,TGO,TG,768,4,Country/Area,914,Togo,2,Medium,2005,2005,94,94,1,0.006,0.014,0.019
125,768,,TGO,TG,768,4,Country/Area,914,Togo,2,Medium,2005,2005,95,95,1,0.003,0.007,0.01
125,768,,TGO,TG,768,4,Country/Area,914,Togo,2,Medium,2005,2005,96,96,1,0.002,0.004,0.005
125,768,,TGO,TG,768,4,Country/Area,914,Togo,2,Medium,2005,2005,97,97,1,0.001,0.002,0.003
125,768,,TGO,TG,768,4,Country/Area,914,Togo,2,Medium,2005,2005,98,98,1,0,0.001,0.001
125,768,,TGO,TG,768,4,Country/Area,914,Togo,2,Medium,2005,2005,99,99,1,0,0.001,0.001
125,768,,TGO,TG,768,4,Country/Area,914,Togo,2,Medium,2005,2005,100+,100,-1,0,0,0
125,768,,TGO,TG,768,4,Country/Area,914,Togo,2,Medium,2006,2006,0,0,1,106.734,104.707,211.441
125,768,,TGO,TG,768,4,Country/Area,914,Togo,2,Medium,2006,2006,1,1,1,100.376,99.072,199.448
125,768,,TGO,TG,768,4,Country/Area,914,Togo,2,Medium,2006,2006,2,2,1,96.496,95.508,192.005
125,768,,TGO,TG,768,4,Country/Area,914,Togo,2,Medium,2006,2006,3,3,1,93.635,92.773,186.408
125,768,,TGO,TG,768,4,Country/Area,914,Togo,2,Medium,2006,2006,4,4,1,90.692,89.855,180.547
125,768,,TGO,TG,768,4,Country/Area,914,Togo,2,Medium,2006,2006,5,5,1,87.704,86.837,174.541
125,768,,TGO,TG,768,4,Country/Area,914,Togo,2,Medium,2006,2006,6,6,1,84.803,83.895,168.698
125,768,,TGO,TG,768,4,Country/Area,914,Togo,2,Medium,2006,2006,7,7,1,82.031,81.079,163.109
125,768,,TGO,TG,768,4,Country/Area,914,Togo,2,Medium,2006,2006,8,8,1,79.447,78.442,157.889
125,768,,TGO,TG,768,4,Country/Area,914,Togo,2,Medium,2006,2006,9,9,1,77.384,76.343,153.726
125,768,,TGO,TG,768,4,Country/Area,914,Togo,2,Medium,2006,2006,10,10,1,75.765,74.7,150.465
125,768,,TGO,TG,768,4,Country/Area,914,Togo,2,Medium,2006,2006,11,11,1,74.335,73.259,147.594
125,768,,TGO,TG,768,4,Country/Area,914,Togo,2,Medium,2006,2006,12,12,1,72.882,71.808,144.689
125,768,,TGO,TG,768,4,Country/Area,914,Togo,2,Medium,2006,2006,13,13,1,71.326,70.254,141.58
125,768,,TGO,TG,768,4,Country/Area,914,Togo,2,Medium,2006,2006,14,14,1,69.736,68.666,138.402
125,768,,TGO,TG,768,4,Country/Area,914,Togo,2,Medium,2006,2006,15,15,1,68.103,67.035,135.138
125,768,,TGO,TG,768,4,Country/Area,914,Togo,2,Medium,2006,2006,16,16,1,66.451,65.354,131.804
125,768,,TGO,TG,768,4,Country/Area,914,Togo,2,Medium,2006,2006,17,17,1,64.82,63.682,128.502
125,768,,TGO,TG,768,4,Country/Area,914,Togo,2,Medium,2006,2006,18,18,1,63.201,62.051,125.252
125,768,,TGO,TG,768,4,Country/Area,914,Togo,2,Medium,2006,2006,19,19,1,61.45,60.33,121.78
125,768,,TGO,TG,768,4,Country/Area,914,Togo,2,Medium,2006,2006,20,20,1,59.612,58.545,118.158
125,768,,TGO,TG,768,4,Country/Area,914,Togo,2,Medium,2006,2006,21,21,1,57.926,56.926,114.853
125,768,,TGO,TG,768,4,Country/Area,914,Togo,2,Medium,2006,2006,22,22,1,56.4,55.496,111.896
125,768,,TGO,TG,768,4,Country/Area,914,Togo,2,Medium,2006,2006,23,23,1,54.893,54.111,109.004
125,768,,TGO,TG,768,4,Country/Area,914,Togo,2,Medium,2006,2006,24,24,1,53.391,52.727,106.118
125,768,,TGO,TG,768,4,Country/Area,914,Togo,2,Medium,2006,2006,25,25,1,51.844,51.274,103.118
125,768,,TGO,TG,768,4,Country/Area,914,Togo,2,Medium,2006,2006,26,26,1,50.331,49.822,100.152
125,768,,TGO,TG,768,4,Country/Area,914,Togo,2,Medium,2006,2006,27,27,1,48.865,48.385,97.25
125,768,,TGO,TG,768,4,Country/Area,914,Togo,2,Medium,2006,2006,28,28,1,47.388,46.895,94.284
125,768,,TGO,TG,768,4,Country/Area,914,Togo,2,Medium,2006,2006,29,29,1,45.911,45.414,91.326
125,768,,TGO,TG,768,4,Country/Area,914,Togo,2,Medium,2006,2006,30,30,1,44.333,43.87,88.202
125,768,,TGO,TG,768,4,Country/Area,914,Togo,2,Medium,2006,2006,31,31,1,42.666,42.263,84.928
125,768,,TGO,TG,768,4,Country/Area,914,Togo,2,Medium,2006,2006,32,32,1,40.985,40.678,81.663
125,768,,TGO,TG,768,4,Country/Area,914,Togo,2,Medium,2006,2006,33,33,1,39.301,39.111,78.412
125,768,,TGO,TG,768,4,Country/Area,914,Togo,2,Medium,2006,2006,34,34,1,37.691,37.594,75.285
125,768,,TGO,TG,768,4,Country/Area,914,Togo,2,Medium,2006,2006,35,35,1,36.098,36.068,72.166
125,768,,TGO,TG,768,4,Country/Area,914,Togo,2,Medium,2006,2006,36,36,1,34.545,34.572,69.117
125,768,,TGO,TG,768,4,Country/Area,914,Togo,2,Medium,2006,2006,37,37,1,33.053,33.12,66.173
125,768,,TGO,TG,768,4,Country/Area,914,Togo,2,Medium,2006,2006,38,38,1,31.651,31.752,63.403
125,768,,TGO,TG,768,4,Country/Area,914,Togo,2,Medium,2006,2006,39,39,1,30.402,30.539,60.941
125,768,,TGO,TG,768,4,Country/Area,914,Togo,2,Medium,2006,2006,40,40,1,29.162,29.333,58.495
125,768,,TGO,TG,768,4,Country/Area,914,Togo,2,Medium,2006,2006,41,41,1,27.91,28.125,56.036
125,768,,TGO,TG,768,4,Country/Area,914,Togo,2,Medium,2006,2006,42,42,1,26.716,26.98,53.697
125,768,,TGO,TG,768,4,Country/Area,914,Togo,2,Medium,2006,2006,43,43,1,25.543,25.855,51.398
125,768,,TGO,TG,768,4,Country/Area,914,Togo,2,Medium,2006,2006,44,44,1,24.389,24.753,49.142
125,768,,TGO,TG,768,4,Country/Area,914,Togo,2,Medium,2006,2006,45,45,1,23.319,23.738,47.057
125,768,,TGO,TG,768,4,Country/Area,914,Togo,2,Medium,2006,2006,46,46,1,22.33,22.802,45.132
125,768,,TGO,TG,768,4,Country/Area,914,Togo,2,Medium,2006,2006,47,47,1,21.384,21.91,43.294
125,768,,TGO,TG,768,4,Country/Area,914,Togo,2,Medium,2006,2006,48,48,1,20.494,21.069,41.563
125,768,,TGO,TG,768,4,Country/Area,914,Togo,2,Medium,2006,2006,49,49,1,19.652,20.275,39.927
125,768,,TGO,TG,768,4,Country/Area,914,Togo,2,Medium,2006,2006,50,50,1,18.819,19.492,38.311
125,768,,TGO,TG,768,4,Country/Area,914,Togo,2,Medium,2006,2006,51,51,1,18.029,18.75,36.779
125,768,,TGO,TG,768,4,Country/Area,914,Togo,2,Medium,2006,2006,52,52,1,17.288,18.053,35.341
125,768,,TGO,TG,768,4,Country/Area,914,Togo,2,Medium,2006,2006,53,53,1,16.557,17.368,33.925
125,768,,TGO,TG,768,4,Country/Area,914,Togo,2,Medium,2006,2006,54,54,1,15.825,16.682,32.507
125,768,,TGO,TG,768,4,Country/Area,914,Togo,2,Medium,2006,2006,55,55,1,15.128,16.03,31.159
125,768,,TGO,TG,768,4,Country/Area,914,Togo,2,Medium,2006,2006,56,56,1,14.175,15.066,29.241
125,768,,TGO,TG,768,4,Country/Area,914,Togo,2,Medium,2006,2006,57,57,1,13.34,14.223,27.563
125,768,,TGO,TG,768,4,Country/Area,914,Togo,2,Medium,2006,2006,58,58,1,12.807,13.749,26.556
125,768,,TGO,TG,768,4,Country/Area,914,Togo,2,Medium,2006,2006,59,59,1,12.143,13.152,25.296
125,768,,TGO,TG,768,4,Country/Area,914,Togo,2,Medium,2006,2006,60,60,1,11.366,12.348,23.713
125,768,,TGO,TG,768,4,Country/Area,914,Togo,2,Medium,2006,2006,61,61,1,10.595,11.516,22.111
125,768,,TGO,TG,768,4,Country/Area,914,Togo,2,Medium,2006,2006,62,62,1,9.912,10.837,20.75
125,768,,TGO,TG,768,4,Country/Area,914,Togo,2,Medium,2006,2006,63,63,1,9.239,10.175,19.414
125,768,,TGO,TG,768,4,Country/Area,914,Togo,2,Medium,2006,2006,64,64,1,8.598,9.547,18.145
125,768,,TGO,TG,768,4,Country/Area,914,Togo,2,Medium,2006,2006,65,65,1,8.004,8.963,16.966
125,768,,TGO,TG,768,4,Country/Area,914,Togo,2,Medium,2006,2006,66,66,1,7.45,8.422,15.873
125,768,,TGO,TG,768,4,Country/Area,914,Togo,2,Medium,2006,2006,67,67,1,6.931,7.922,14.852
125,768,,TGO,TG,768,4,Country/Area,914,Togo,2,Medium,2006,2006,68,68,1,6.426,7.423,13.85
125,768,,TGO,TG,768,4,Country/Area,914,Togo,2,Medium,2006,2006,69,69,1,5.922,6.888,12.809
125,768,,TGO,TG,768,4,Country/Area,914,Togo,2,Medium,2006,2006,70,70,1,5.423,6.332,11.755
125,768,,TGO,TG,768,4,Country/Area,914,Togo,2,Medium,2006,2006,71,71,1,4.944,5.801,10.746
125,768,,TGO,TG,768,4,Country/Area,914,Togo,2,Medium,2006,2006,72,72,1,4.492,5.298,9.79
125,768,,TGO,TG,768,4,Country/Area,914,Togo,2,Medium,2006,2006,73,73,1,4.046,4.801,8.847
125,768,,TGO,TG,768,4,Country/Area,914,Togo,2,Medium,2006,2006,74,74,1,3.603,4.309,7.913
125,768,,TGO,TG,768,4,Country/Area,914,Togo,2,Medium,2006,2006,75,75,1,3.175,3.832,7.006
125,768,,TGO,TG,768,4,Country/Area,914,Togo,2,Medium,2006,2006,76,76,1,2.771,3.377,6.148
125,768,,TGO,TG,768,4,Country/Area,914,Togo,2,Medium,2006,2006,77,77,1,2.394,2.947,5.342
125,768,,TGO,TG,768,4,Country/Area,914,Togo,2,Medium,2006,2006,78,78,1,2.045,2.54,4.585
125,768,,TGO,TG,768,4,Country/Area,914,Togo,2,Medium,2006,2006,79,79,1,1.722,2.159,3.881
125,768,,TGO,TG,768,4,Country/Area,914,Togo,2,Medium,2006,2006,80,80,1,1.429,1.806,3.235
125,768,,TGO,TG,768,4,Country/Area,914,Togo,2,Medium,2006,2006,81,81,1,1.168,1.486,2.654
125,768,,TGO,TG,768,4,Country/Area,914,Togo,2,Medium,2006,2006,82,82,1,0.935,1.202,2.136
125,768,,TGO,TG,768,4,Country/Area,914,Togo,2,Medium,2006,2006,83,83,1,0.733,0.954,1.686
125,768,,TGO,TG,768,4,Country/Area,914,Togo,2,Medium,2006,2006,84,84,1,0.561,0.743,1.304
125,768,,TGO,TG,768,4,Country/Area,914,Togo,2,Medium,2006,2006,85,85,1,0.418,0.568,0.986
125,768,,TGO,TG,768,4,Country/Area,914,Togo,2,Medium,2006,2006,86,86,1,0.302,0.425,0.727
125,768,,TGO,TG,768,4,Country/Area,914,Togo,2,Medium,2006,2006,87,87,1,0.211,0.311,0.522
125,768,,TGO,TG,768,4,Country/Area,914,Togo,2,Medium,2006,2006,88,88,1,0.144,0.221,0.365
125,768,,TGO,TG,768,4,Country/Area,914,Togo,2,Medium,2006,2006,89,89,1,0.094,0.153,0.247
125,768,,TGO,TG,768,4,Country/Area,914,Togo,2,Medium,2006,2006,90,90,1,0.061,0.103,0.163
125,768,,TGO,TG,768,4,Country/Area,914,Togo,2,Medium,2006,2006,91,91,1,0.037,0.066,0.103
125,768,,TGO,TG,768,4,Country/Area,914,Togo,2,Medium,2006,2006,92,92,1,0.023,0.042,0.064
125,768,,TGO,TG,768,4,Country/Area,914,Togo,2,Medium,2006,2006,93,93,1,0.014,0.025,0.039
125,768,,TGO,TG,768,4,Country/Area,914,Togo,2,Medium,2006,2006,94,94,1,0.008,0.015,0.023
125,768,,TGO,TG,768,4,Country/Area,914,Togo,2,Medium,2006,2006,95,95,1,0.005,0.009,0.013
125,768,,TGO,TG,768,4,Country/Area,914,Togo,2,Medium,2006,2006,96,96,1,0.003,0.005,0.008
125,768,,TGO,TG,768,4,Country/Area,914,Togo,2,Medium,2006,2006,97,97,1,0.003,0.003,0.006
125,768,,TGO,TG,768,4,Country/Area,914,Togo,2,Medium,2006,2006,98,98,1,0.002,0.002,0.004
125,768,,TGO,TG,768,4,Country/Area,914,Togo,2,Medium,2006,2006,99,99,1,0.002,0.002,0.004
125,768,,TGO,TG,768,4,Country/Area,914,Togo,2,Medium,2006,2006,100+,100,-1,0.002,0.002,0.003
125,768,,TGO,TG,768,4,Country/Area,914,Togo,2,Medium,2007,2007,0,0,1,110.797,108.719,219.516
125,768,,TGO,TG,768,4,Country/Area,914,Togo,2,Medium,2007,2007,1,1,1,104.176,102.8,206.976
125,768,,TGO,TG,768,4,Country/Area,914,Togo,2,Medium,2007,2007,2,2,1,99.276,98.22,197.496
125,768,,TGO,TG,768,4,Country/Area,914,Togo,2,Medium,2007,2007,3,3,1,95.668,94.737,190.404
125,768,,TGO,TG,768,4,Country/Area,914,Togo,2,Medium,2007,2007,4,4,1,93.002,92.075,185.077
125,768,,TGO,TG,768,4,Country/Area,914,Togo,2,Medium,2007,2007,5,5,1,90.207,89.239,179.446
125,768,,TGO,TG,768,4,Country/Area,914,Togo,2,Medium,2007,2007,6,6,1,87.329,86.308,173.637
125,768,,TGO,TG,768,4,Country/Area,914,Togo,2,Medium,2007,2007,7,7,1,84.508,83.458,167.966
125,768,,TGO,TG,768,4,Country/Area,914,Togo,2,Medium,2007,2007,8,8,1,81.793,80.727,162.52
125,768,,TGO,TG,768,4,Country/Area,914,Togo,2,Medium,2007,2007,9,9,1,79.251,78.162,157.412
125,768,,TGO,TG,768,4,Country/Area,914,Togo,2,Medium,2007,2007,10,10,1,77.215,76.115,153.331
125,768,,TGO,TG,768,4,Country/Area,914,Togo,2,Medium,2007,2007,11,11,1,75.614,74.51,150.125
125,768,,TGO,TG,768,4,Country/Area,914,Togo,2,Medium,2007,2007,12,12,1,74.198,73.096,147.293
125,768,,TGO,TG,768,4,Country/Area,914,Togo,2,Medium,2007,2007,13,13,1,72.757,71.662,144.418
125,768,,TGO,TG,768,4,Country/Area,914,Togo,2,Medium,2007,2007,14,14,1,71.216,70.12,141.335
125,768,,TGO,TG,768,4,Country/Area,914,Togo,2,Medium,2007,2007,15,15,1,69.638,68.541,138.18
125,768,,TGO,TG,768,4,Country/Area,914,Togo,2,Medium,2007,2007,16,16,1,68.019,66.917,134.935
125,768,,TGO,TG,768,4,Country/Area,914,Togo,2,Medium,2007,2007,17,17,1,66.379,65.243,131.621
125,768,,TGO,TG,768,4,Country/Area,914,Togo,2,Medium,2007,2007,18,18,1,64.756,63.579,128.335
125,768,,TGO,TG,768,4,Country/Area,914,Togo,2,Medium,2007,2007,19,19,1,63.142,61.962,125.105
125,768,,TGO,TG,768,4,Country/Area,914,Togo,2,Medium,2007,2007,20,20,1,61.394,60.258,121.653
125,768,,TGO,TG,768,4,Country/Area,914,Togo,2,Medium,2007,2007,21,21,1,59.559,58.495,118.053
125,768,,TGO,TG,768,4,Country/Area,914,Togo,2,Medium,2007,2007,22,22,1,57.877,56.892,114.768
125,768,,TGO,TG,768,4,Country/Area,914,Togo,2,Medium,2007,2007,23,23,1,56.355,55.471,111.826
125,768,,TGO,TG,768,4,Country/Area,914,Togo,2,Medium,2007,2007,24,24,1,54.857,54.087,108.945
125,768,,TGO,TG,768,4,Country/Area,914,Togo,2,Medium,2007,2007,25,25,1,53.364,52.699,106.063
125,768,,TGO,TG,768,4,Country/Area,914,Togo,2,Medium,2007,2007,26,26,1,51.825,51.238,103.063
125,768,,TGO,TG,768,4,Country/Area,914,Togo,2,Medium,2007,2007,27,27,1,50.314,49.776,100.09
125,768,,TGO,TG,768,4,Country/Area,914,Togo,2,Medium,2007,2007,28,28,1,48.846,48.328,97.175
125,768,,TGO,TG,768,4,Country/Area,914,Togo,2,Medium,2007,2007,29,29,1,47.362,46.831,94.194
125,768,,TGO,TG,768,4,Country/Area,914,Togo,2,Medium,2007,2007,30,30,1,45.874,45.343,91.218
125,768,,TGO,TG,768,4,Country/Area,914,Togo,2,Medium,2007,2007,31,31,1,44.285,43.793,88.078
125,768,,TGO,TG,768,4,Country/Area,914,Togo,2,Medium,2007,2007,32,32,1,42.606,42.181,84.787
125,768,,TGO,TG,768,4,Country/Area,914,Togo,2,Medium,2007,2007,33,33,1,40.916,40.591,81.507
125,768,,TGO,TG,768,4,Country/Area,914,Togo,2,Medium,2007,2007,34,34,1,39.225,39.017,78.242
125,768,,TGO,TG,768,4,Country/Area,914,Togo,2,Medium,2007,2007,35,35,1,37.609,37.492,75.102
125,768,,TGO,TG,768,4,Country/Area,914,Togo,2,Medium,2007,2007,36,36,1,36.01,35.959,71.969
125,768,,TGO,TG,768,4,Country/Area,914,Togo,2,Medium,2007,2007,37,37,1,34.45,34.456,68.906
125,768,,TGO,TG,768,4,Country/Area,914,Togo,2,Medium,2007,2007,38,38,1,32.951,32.999,65.95
125,768,,TGO,TG,768,4,Country/Area,914,Togo,2,Medium,2007,2007,39,39,1,31.54,31.627,63.166
125,768,,TGO,TG,768,4,Country/Area,914,Togo,2,Medium,2007,2007,40,40,1,30.28,30.408,60.688
125,768,,TGO,TG,768,4,Country/Area,914,Togo,2,Medium,2007,2007,41,41,1,29.029,29.2,58.228
125,768,,TGO,TG,768,4,Country/Area,914,Togo,2,Medium,2007,2007,42,42,1,27.768,27.991,55.758
125,768,,TGO,TG,768,4,Country/Area,914,Togo,2,Medium,2007,2007,43,43,1,26.567,26.846,53.412
125,768,,TGO,TG,768,4,Country/Area,914,Togo,2,Medium,2007,2007,44,44,1,25.386,25.72,51.105
125,768,,TGO,TG,768,4,Country/Area,914,Togo,2,Medium,2007,2007,45,45,1,24.227,24.617,48.844
125,768,,TGO,TG,768,4,Country/Area,914,Togo,2,Medium,2007,2007,46,46,1,23.152,23.601,46.754
125,768,,TGO,TG,768,4,Country/Area,914,Togo,2,Medium,2007,2007,47,47,1,22.157,22.662,44.819
125,768,,TGO,TG,768,4,Country/Area,914,Togo,2,Medium,2007,2007,48,48,1,21.206,21.764,42.969
125,768,,TGO,TG,768,4,Country/Area,914,Togo,2,Medium,2007,2007,49,49,1,20.308,20.916,41.224
125,768,,TGO,TG,768,4,Country/Area,914,Togo,2,Medium,2007,2007,50,50,1,19.456,20.113,39.569
125,768,,TGO,TG,768,4,Country/Area,914,Togo,2,Medium,2007,2007,51,51,1,18.613,19.322,37.934
125,768,,TGO,TG,768,4,Country/Area,914,Togo,2,Medium,2007,2007,52,52,1,17.814,18.57,36.385
125,768,,TGO,TG,768,4,Country/Area,914,Togo,2,Medium,2007,2007,53,53,1,17.063,17.866,34.929
125,768,,TGO,TG,768,4,Country/Area,914,Togo,2,Medium,2007,2007,54,54,1,16.324,17.174,33.498
125,768,,TGO,TG,768,4,Country/Area,914,Togo,2,Medium,2007,2007,55,55,1,15.584,16.482,32.066
125,768,,TGO,TG,768,4,Country/Area,914,Togo,2,Medium,2007,2007,56,56,1,14.88,15.823,30.703
125,768,,TGO,TG,768,4,Country/Area,914,Togo,2,Medium,2007,2007,57,57,1,13.924,14.854,28.778
125,768,,TGO,TG,768,4,Country/Area,914,Togo,2,Medium,2007,2007,58,58,1,13.084,14.005,27.088
125,768,,TGO,TG,768,4,Country/Area,914,Togo,2,Medium,2007,2007,59,59,1,12.537,13.515,26.052
125,768,,TGO,TG,768,4,Country/Area,914,Togo,2,Medium,2007,2007,60,60,1,11.864,12.9,24.765
125,768,,TGO,TG,768,4,Country/Area,914,Togo,2,Medium,2007,2007,61,61,1,11.078,12.084,23.162
125,768,,TGO,TG,768,4,Country/Area,914,Togo,2,Medium,2007,2007,62,62,1,10.303,11.242,21.544
125,768,,TGO,TG,768,4,Country/Area,914,Togo,2,Medium,2007,2007,63,63,1,9.614,10.549,20.163
125,768,,TGO,TG,768,4,Country/Area,914,Togo,2,Medium,2007,2007,64,64,1,8.936,9.876,18.811
125,768,,TGO,TG,768,4,Country/Area,914,Togo,2,Medium,2007,2007,65,65,1,8.293,9.239,17.532
125,768,,TGO,TG,768,4,Country/Area,914,Togo,2,Medium,2007,2007,66,66,1,7.694,8.647,16.341
125,768,,TGO,TG,768,4,Country/Area,914,Togo,2,Medium,2007,2007,67,67,1,7.137,8.095,15.232
125,768,,TGO,TG,768,4,Country/Area,914,Togo,2,Medium,2007,2007,68,68,1,6.612,7.584,14.196
125,768,,TGO,TG,768,4,Country/Area,914,Togo,2,Medium,2007,2007,69,69,1,6.101,7.072,13.172
125,768,,TGO,TG,768,4,Country/Area,914,Togo,2,Medium,2007,2007,70,70,1,5.592,6.524,12.116
125,768,,TGO,TG,768,4,Country/Area,914,Togo,2,Medium,2007,2007,71,71,1,5.088,5.959,11.047
125,768,,TGO,TG,768,4,Country/Area,914,Togo,2,Medium,2007,2007,72,72,1,4.607,5.42,10.027
125,768,,TGO,TG,768,4,Country/Area,914,Togo,2,Medium,2007,2007,73,73,1,4.152,4.912,9.065
125,768,,TGO,TG,768,4,Country/Area,914,Togo,2,Medium,2007,2007,74,74,1,3.708,4.414,8.122
125,768,,TGO,TG,768,4,Country/Area,914,Togo,2,Medium,2007,2007,75,75,1,3.272,3.926,7.198
125,768,,TGO,TG,768,4,Country/Area,914,Togo,2,Medium,2007,2007,76,76,1,2.852,3.457,6.309
125,768,,TGO,TG,768,4,Country/Area,914,Togo,2,Medium,2007,2007,77,77,1,2.462,3.014,5.475
125,768,,TGO,TG,768,4,Country/Area,914,Togo,2,Medium,2007,2007,78,78,1,2.102,2.597,4.699
125,768,,TGO,TG,768,4,Country/Area,914,Togo,2,Medium,2007,2007,79,79,1,1.771,2.207,3.978
125,768,,TGO,TG,768,4,Country/Area,914,Togo,2,Medium,2007,2007,80,80,1,1.47,1.845,3.316
125,768,,TGO,TG,768,4,Country/Area,914,Togo,2,Medium,2007,2007,81,81,1,1.201,1.518,2.719
125,768,,TGO,TG,768,4,Country/Area,914,Togo,2,Medium,2007,2007,82,82,1,0.964,1.227,2.191
125,768,,TGO,TG,768,4,Country/Area,914,Togo,2,Medium,2007,2007,83,83,1,0.757,0.975,1.731
125,768,,TGO,TG,768,4,Country/Area,914,Togo,2,Medium,2007,2007,84,84,1,0.58,0.759,1.339
125,768,,TGO,TG,768,4,Country/Area,914,Togo,2,Medium,2007,2007,85,85,1,0.434,0.58,1.014
125,768,,TGO,TG,768,4,Country/Area,914,Togo,2,Medium,2007,2007,86,86,1,0.315,0.435,0.75
125,768,,TGO,TG,768,4,Country/Area,914,Togo,2,Medium,2007,2007,87,87,1,0.221,0.318,0.539
125,768,,TGO,TG,768,4,Country/Area,914,Togo,2,Medium,2007,2007,88,88,1,0.151,0.227,0.378
125,768,,TGO,TG,768,4,Country/Area,914,Togo,2,Medium,2007,2007,89,89,1,0.1,0.157,0.257
125,768,,TGO,TG,768,4,Country/Area,914,Togo,2,Medium,2007,2007,90,90,1,0.065,0.106,0.17
125,768,,TGO,TG,768,4,Country/Area,914,Togo,2,Medium,2007,2007,91,91,1,0.041,0.069,0.109
125,768,,TGO,TG,768,4,Country/Area,914,Togo,2,Medium,2007,2007,92,92,1,0.025,0.044,0.069
125,768,,TGO,TG,768,4,Country/Area,914,Togo,2,Medium,2007,2007,93,93,1,0.016,0.027,0.043
125,768,,TGO,TG,768,4,Country/Area,914,Togo,2,Medium,2007,2007,94,94,1,0.01,0.017,0.027
125,768,,TGO,TG,768,4,Country/Area,914,Togo,2,Medium,2007,2007,95,95,1,0.007,0.01,0.017
125,768,,TGO,TG,768,4,Country/Area,914,Togo,2,Medium,2007,2007,96,96,1,0.005,0.007,0.012
125,768,,TGO,TG,768,4,Country/Area,914,Togo,2,Medium,2007,2007,97,97,1,0.004,0.005,0.009
125,768,,TGO,TG,768,4,Country/Area,914,Togo,2,Medium,2007,2007,98,98,1,0.004,0.004,0.007
125,768,,TGO,TG,768,4,Country/Area,914,Togo,2,Medium,2007,2007,99,99,1,0.003,0.003,0.006
125,768,,TGO,TG,768,4,Country/Area,914,Togo,2,Medium,2007,2007,100+,100,-1,0.003,0.004,0.007
125,768,,TGO,TG,768,4,Country/Area,914,Togo,2,Medium,2008,2008,0,0,1,114.546,112.422,226.969
125,768,,TGO,TG,768,4,Country/Area,914,Togo,2,Medium,2008,2008,1,1,1,108.243,106.808,215.05
125,768,,TGO,TG,768,4,Country/Area,914,Togo,2,Medium,2008,2008,2,2,1,103.068,101.942,205.011
125,768,,TGO,TG,768,4,Country/Area,914,Togo,2,Medium,2008,2008,3,3,1,98.441,97.439,195.881
125,768,,TGO,TG,768,4,Country/Area,914,Togo,2,Medium,2008,2008,4,4,1,95.027,94.026,189.054
125,768,,TGO,TG,768,4,Country/Area,914,Togo,2,Medium,2008,2008,5,5,1,92.504,91.44,183.945
125,768,,TGO,TG,768,4,Country/Area,914,Togo,2,Medium,2008,2008,6,6,1,89.817,88.689,178.506
125,768,,TGO,TG,768,4,Country/Area,914,Togo,2,Medium,2008,2008,7,7,1,87.02,85.849,172.869
125,768,,TGO,TG,768,4,Country/Area,914,Togo,2,Medium,2008,2008,8,8,1,84.258,83.085,167.344
125,768,,TGO,TG,768,4,Country/Area,914,Togo,2,Medium,2008,2008,9,9,1,81.587,80.43,162.016
125,768,,TGO,TG,768,4,Country/Area,914,Togo,2,Medium,2008,2008,10,10,1,79.073,77.923,156.995
125,768,,TGO,TG,768,4,Country/Area,914,Togo,2,Medium,2008,2008,11,11,1,77.057,75.916,152.974
125,768,,TGO,TG,768,4,Country/Area,914,Togo,2,Medium,2008,2008,12,12,1,75.469,74.337,149.806
125,768,,TGO,TG,768,4,Country/Area,914,Togo,2,Medium,2008,2008,13,13,1,74.063,72.936,146.999
125,768,,TGO,TG,768,4,Country/Area,914,Togo,2,Medium,2008,2008,14,14,1,72.629,71.508,144.138
125,768,,TGO,TG,768,4,Country/Area,914,Togo,2,Medium,2008,2008,15,15,1,71.095,69.968,141.063
125,768,,TGO,TG,768,4,Country/Area,914,Togo,2,Medium,2008,2008,16,16,1,69.522,68.386,137.909
125,768,,TGO,TG,768,4,Country/Area,914,Togo,2,Medium,2008,2008,17,17,1,67.906,66.757,134.662
125,768,,TGO,TG,768,4,Country/Area,914,Togo,2,Medium,2008,2008,18,18,1,66.265,65.081,131.346
125,768,,TGO,TG,768,4,Country/Area,914,Togo,2,Medium,2008,2008,19,19,1,64.639,63.423,128.063
125,768,,TGO,TG,768,4,Country/Area,914,Togo,2,Medium,2008,2008,20,20,1,63.02,61.816,124.836
125,768,,TGO,TG,768,4,Country/Area,914,Togo,2,Medium,2008,2008,21,21,1,61.269,60.127,121.396
125,768,,TGO,TG,768,4,Country/Area,914,Togo,2,Medium,2008,2008,22,22,1,59.434,58.377,117.811
125,768,,TGO,TG,768,4,Country/Area,914,Togo,2,Medium,2008,2008,23,23,1,57.756,56.783,114.539
125,768,,TGO,TG,768,4,Country/Area,914,Togo,2,Medium,2008,2008,24,24,1,56.243,55.364,111.608
125,768,,TGO,TG,768,4,Country/Area,914,Togo,2,Medium,2008,2008,25,25,1,54.754,53.977,108.731
125,768,,TGO,TG,768,4,Country/Area,914,Togo,2,Medium,2008,2008,26,26,1,53.27,52.583,105.853
125,768,,TGO,TG,768,4,Country/Area,914,Togo,2,Medium,2008,2008,27,27,1,51.737,51.114,102.852
125,768,,TGO,TG,768,4,Country/Area,914,Togo,2,Medium,2008,2008,28,28,1,50.226,49.645,99.871
125,768,,TGO,TG,768,4,Country/Area,914,Togo,2,Medium,2008,2008,29,29,1,48.755,48.194,96.95
125,768,,TGO,TG,768,4,Country/Area,914,Togo,2,Medium,2008,2008,30,30,1,47.264,46.694,93.957
125,768,,TGO,TG,768,4,Country/Area,914,Togo,2,Medium,2008,2008,31,31,1,45.767,45.205,90.971
125,768,,TGO,TG,768,4,Country/Area,914,Togo,2,Medium,2008,2008,32,32,1,44.169,43.653,87.821
125,768,,TGO,TG,768,4,Country/Area,914,Togo,2,Medium,2008,2008,33,33,1,42.483,42.038,84.522
125,768,,TGO,TG,768,4,Country/Area,914,Togo,2,Medium,2008,2008,34,34,1,40.789,40.446,81.234
125,768,,TGO,TG,768,4,Country/Area,914,Togo,2,Medium,2008,2008,35,35,1,39.096,38.867,77.963
125,768,,TGO,TG,768,4,Country/Area,914,Togo,2,Medium,2008,2008,36,36,1,37.476,37.34,74.816
125,768,,TGO,TG,768,4,Country/Area,914,Togo,2,Medium,2008,2008,37,37,1,35.874,35.802,71.675
125,768,,TGO,TG,768,4,Country/Area,914,Togo,2,Medium,2008,2008,38,38,1,34.31,34.295,68.606
125,768,,TGO,TG,768,4,Country/Area,914,Togo,2,Medium,2008,2008,39,39,1,32.803,32.837,65.64
125,768,,TGO,TG,768,4,Country/Area,914,Togo,2,Medium,2008,2008,40,40,1,31.384,31.462,62.846
125,768,,TGO,TG,768,4,Country/Area,914,Togo,2,Medium,2008,2008,41,41,1,30.116,30.244,60.361
125,768,,TGO,TG,768,4,Country/Area,914,Togo,2,Medium,2008,2008,42,42,1,28.857,29.037,57.893
125,768,,TGO,TG,768,4,Country/Area,914,Togo,2,Medium,2008,2008,43,43,1,27.59,27.829,55.419
125,768,,TGO,TG,768,4,Country/Area,914,Togo,2,Medium,2008,2008,44,44,1,26.383,26.686,53.069
125,768,,TGO,TG,768,4,Country/Area,914,Togo,2,Medium,2008,2008,45,45,1,25.198,25.561,50.76
125,768,,TGO,TG,768,4,Country/Area,914,Togo,2,Medium,2008,2008,46,46,1,24.037,24.459,48.496
125,768,,TGO,TG,768,4,Country/Area,914,Togo,2,Medium,2008,2008,47,47,1,22.959,23.441,46.4
125,768,,TGO,TG,768,4,Country/Area,914,Togo,2,Medium,2008,2008,48,48,1,21.958,22.497,44.456
125,768,,TGO,TG,768,4,Country/Area,914,Togo,2,Medium,2008,2008,49,49,1,21,21.593,42.594
125,768,,TGO,TG,768,4,Country/Area,914,Togo,2,Medium,2008,2008,50,50,1,20.093,20.738,40.831
125,768,,TGO,TG,768,4,Country/Area,914,Togo,2,Medium,2008,2008,51,51,1,19.232,19.927,39.16
125,768,,TGO,TG,768,4,Country/Area,914,Togo,2,Medium,2008,2008,52,52,1,18.381,19.128,37.508
125,768,,TGO,TG,768,4,Country/Area,914,Togo,2,Medium,2008,2008,53,53,1,17.574,18.37,35.944
125,768,,TGO,TG,768,4,Country/Area,914,Togo,2,Medium,2008,2008,54,54,1,16.815,17.659,34.474
125,768,,TGO,TG,768,4,Country/Area,914,Togo,2,Medium,2008,2008,55,55,1,16.069,16.961,33.029
125,768,,TGO,TG,768,4,Country/Area,914,Togo,2,Medium,2008,2008,56,56,1,15.322,16.262,31.584
125,768,,TGO,TG,768,4,Country/Area,914,Togo,2,Medium,2008,2008,57,57,1,14.61,15.595,30.205
125,768,,TGO,TG,768,4,Country/Area,914,Togo,2,Medium,2008,2008,58,58,1,13.65,14.621,28.271
125,768,,TGO,TG,768,4,Country/Area,914,Togo,2,Medium,2008,2008,59,59,1,12.803,13.761,26.565
125,768,,TGO,TG,768,4,Country/Area,914,Togo,2,Medium,2008,2008,60,60,1,12.244,13.252,25.497
125,768,,TGO,TG,768,4,Country/Area,914,Togo,2,Medium,2008,2008,61,61,1,11.56,12.621,24.181
125,768,,TGO,TG,768,4,Country/Area,914,Togo,2,Medium,2008,2008,62,62,1,10.768,11.792,22.561
125,768,,TGO,TG,768,4,Country/Area,914,Togo,2,Medium,2008,2008,63,63,1,9.989,10.94,20.928
125,768,,TGO,TG,768,4,Country/Area,914,Togo,2,Medium,2008,2008,64,64,1,9.296,10.236,19.532
125,768,,TGO,TG,768,4,Country/Area,914,Togo,2,Medium,2008,2008,65,65,1,8.616,9.556,18.172
125,768,,TGO,TG,768,4,Country/Area,914,Togo,2,Medium,2008,2008,66,66,1,7.97,8.912,16.881
125,768,,TGO,TG,768,4,Country/Area,914,Togo,2,Medium,2008,2008,67,67,1,7.369,8.31,15.678
125,768,,TGO,TG,768,4,Country/Area,914,Togo,2,Medium,2008,2008,68,68,1,6.808,7.748,14.556
125,768,,TGO,TG,768,4,Country/Area,914,Togo,2,Medium,2008,2008,69,69,1,6.276,7.223,13.498
125,768,,TGO,TG,768,4,Country/Area,914,Togo,2,Medium,2008,2008,70,70,1,5.76,6.696,12.456
125,768,,TGO,TG,768,4,Country/Area,914,Togo,2,Medium,2008,2008,71,71,1,5.247,6.138,11.384
125,768,,TGO,TG,768,4,Country/Area,914,Togo,2,Medium,2008,2008,72,72,1,4.741,5.566,10.306
125,768,,TGO,TG,768,4,Country/Area,914,Togo,2,Medium,2008,2008,73,73,1,4.26,5.024,9.283
125,768,,TGO,TG,768,4,Country/Area,914,Togo,2,Medium,2008,2008,74,74,1,3.805,4.515,8.32
125,768,,TGO,TG,768,4,Country/Area,914,Togo,2,Medium,2008,2008,75,75,1,3.367,4.021,7.388
125,768,,TGO,TG,768,4,Country/Area,914,Togo,2,Medium,2008,2008,76,76,1,2.94,3.542,6.481
125,768,,TGO,TG,768,4,Country/Area,914,Togo,2,Medium,2008,2008,77,77,1,2.534,3.083,5.617
125,768,,TGO,TG,768,4,Country/Area,914,Togo,2,Medium,2008,2008,78,78,1,2.16,2.655,4.815
125,768,,TGO,TG,768,4,Country/Area,914,Togo,2,Medium,2008,2008,79,79,1,1.819,2.255,4.074
125,768,,TGO,TG,768,4,Country/Area,914,Togo,2,Medium,2008,2008,80,80,1,1.51,1.886,3.396
125,768,,TGO,TG,768,4,Country/Area,914,Togo,2,Medium,2008,2008,81,81,1,1.233,1.551,2.784
125,768,,TGO,TG,768,4,Country/Area,914,Togo,2,Medium,2008,2008,82,82,1,0.989,1.252,2.241
125,768,,TGO,TG,768,4,Country/Area,914,Togo,2,Medium,2008,2008,83,83,1,0.78,0.995,1.774
125,768,,TGO,TG,768,4,Country/Area,914,Togo,2,Medium,2008,2008,84,84,1,0.6,0.776,1.375
125,768,,TGO,TG,768,4,Country/Area,914,Togo,2,Medium,2008,2008,85,85,1,0.45,0.592,1.042
125,768,,TGO,TG,768,4,Country/Area,914,Togo,2,Medium,2008,2008,86,86,1,0.33,0.444,0.774
125,768,,TGO,TG,768,4,Country/Area,914,Togo,2,Medium,2008,2008,87,87,1,0.233,0.325,0.557
125,768,,TGO,TG,768,4,Country/Area,914,Togo,2,Medium,2008,2008,88,88,1,0.159,0.232,0.391
125,768,,TGO,TG,768,4,Country/Area,914,Togo,2,Medium,2008,2008,89,89,1,0.106,0.16,0.266
125,768,,TGO,TG,768,4,Country/Area,914,Togo,2,Medium,2008,2008,90,90,1,0.068,0.108,0.175
125,768,,TGO,TG,768,4,Country/Area,914,Togo,2,Medium,2008,2008,91,91,1,0.043,0.07,0.113
125,768,,TGO,TG,768,4,Country/Area,914,Togo,2,Medium,2008,2008,92,92,1,0.027,0.045,0.071
125,768,,TGO,TG,768,4,Country/Area,914,Togo,2,Medium,2008,2008,93,93,1,0.017,0.028,0.044
125,768,,TGO,TG,768,4,Country/Area,914,Togo,2,Medium,2008,2008,94,94,1,0.011,0.018,0.029
125,768,,TGO,TG,768,4,Country/Area,914,Togo,2,Medium,2008,2008,95,95,1,0.007,0.011,0.018
125,768,,TGO,TG,768,4,Country/Area,914,Togo,2,Medium,2008,2008,96,96,1,0.005,0.008,0.013
125,768,,TGO,TG,768,4,Country/Area,914,Togo,2,Medium,2008,2008,97,97,1,0.004,0.006,0.01
125,768,,TGO,TG,768,4,Country/Area,914,Togo,2,Medium,2008,2008,98,98,1,0.004,0.004,0.007
125,768,,TGO,TG,768,4,Country/Area,914,Togo,2,Medium,2008,2008,99,99,1,0.003,0.004,0.007
125,768,,TGO,TG,768,4,Country/Area,914,Togo,2,Medium,2008,2008,100+,100,-1,0.004,0.005,0.009
125,768,,TGO,TG,768,4,Country/Area,914,Togo,2,Medium,2009,2009,0,0,1,117.996,115.841,233.837
125,768,,TGO,TG,768,4,Country/Area,914,Togo,2,Medium,2009,2009,1,1,1,112.01,110.52,222.53
125,768,,TGO,TG,768,4,Country/Area,914,Togo,2,Medium,2009,2009,2,2,1,107.129,105.945,213.073
125,768,,TGO,TG,768,4,Country/Area,914,Togo,2,Medium,2009,2009,3,3,1,102.219,101.147,203.367
125,768,,TGO,TG,768,4,Country/Area,914,Togo,2,Medium,2009,2009,4,4,1,97.79,96.717,194.507
125,768,,TGO,TG,768,4,Country/Area,914,Togo,2,Medium,2009,2009,5,5,1,94.52,93.379,187.899
125,768,,TGO,TG,768,4,Country/Area,914,Togo,2,Medium,2009,2009,6,6,1,92.103,90.872,182.975
125,768,,TGO,TG,768,4,Country/Area,914,Togo,2,Medium,2009,2009,7,7,1,89.496,88.21,177.706
125,768,,TGO,TG,768,4,Country/Area,914,Togo,2,Medium,2009,2009,8,8,1,86.758,85.459,172.218
125,768,,TGO,TG,768,4,Country/Area,914,Togo,2,Medium,2009,2009,9,9,1,84.04,82.773,166.814
125,768,,TGO,TG,768,4,Country/Area,914,Togo,2,Medium,2009,2009,10,10,1,81.4,80.179,161.578
125,768,,TGO,TG,768,4,Country/Area,914,Togo,2,Medium,2009,2009,11,11,1,78.907,77.715,156.621
125,768,,TGO,TG,768,4,Country/Area,914,Togo,2,Medium,2009,2009,12,12,1,76.904,75.734,152.638
125,768,,TGO,TG,768,4,Country/Area,914,Togo,2,Medium,2009,2009,13,13,1,75.323,74.166,149.489
125,768,,TGO,TG,768,4,Country/Area,914,Togo,2,Medium,2009,2009,14,14,1,73.921,72.766,146.686
125,768,,TGO,TG,768,4,Country/Area,914,Togo,2,Medium,2009,2009,15,15,1,72.487,71.332,143.82
125,768,,TGO,TG,768,4,Country/Area,914,Togo,2,Medium,2009,2009,16,16,1,70.951,69.779,140.73
125,768,,TGO,TG,768,4,Country/Area,914,Togo,2,Medium,2009,2009,17,17,1,69.372,68.183,137.555
125,768,,TGO,TG,768,4,Country/Area,914,Togo,2,Medium,2009,2009,18,18,1,67.747,66.543,134.291
125,768,,TGO,TG,768,4,Country/Area,914,Togo,2,Medium,2009,2009,19,19,1,66.095,64.865,130.959
125,768,,TGO,TG,768,4,Country/Area,914,Togo,2,Medium,2009,2009,20,20,1,64.457,63.21,127.668
125,768,,TGO,TG,768,4,Country/Area,914,Togo,2,Medium,2009,2009,21,21,1,62.829,61.613,124.442
125,768,,TGO,TG,768,4,Country/Area,914,Togo,2,Medium,2009,2009,22,22,1,61.073,59.934,121.007
125,768,,TGO,TG,768,4,Country/Area,914,Togo,2,Medium,2009,2009,23,23,1,59.242,58.193,117.435
125,768,,TGO,TG,768,4,Country/Area,914,Togo,2,Medium,2009,2009,24,24,1,57.573,56.602,114.174
125,768,,TGO,TG,768,4,Country/Area,914,Togo,2,Medium,2009,2009,25,25,1,56.07,55.181,111.251
125,768,,TGO,TG,768,4,Country/Area,914,Togo,2,Medium,2009,2009,26,26,1,54.592,53.789,108.382
125,768,,TGO,TG,768,4,Country/Area,914,Togo,2,Medium,2009,2009,27,27,1,53.115,52.389,105.505
125,768,,TGO,TG,768,4,Country/Area,914,Togo,2,Medium,2009,2009,28,28,1,51.586,50.917,102.502
125,768,,TGO,TG,768,4,Country/Area,914,Togo,2,Medium,2009,2009,29,29,1,50.075,49.448,99.522
125,768,,TGO,TG,768,4,Country/Area,914,Togo,2,Medium,2009,2009,30,30,1,48.599,47.997,96.596
125,768,,TGO,TG,768,4,Country/Area,914,Togo,2,Medium,2009,2009,31,31,1,47.101,46.498,93.6
125,768,,TGO,TG,768,4,Country/Area,914,Togo,2,Medium,2009,2009,32,32,1,45.599,45.011,90.609
125,768,,TGO,TG,768,4,Country/Area,914,Togo,2,Medium,2009,2009,33,33,1,43.996,43.459,87.456
125,768,,TGO,TG,768,4,Country/Area,914,Togo,2,Medium,2009,2009,34,34,1,42.309,41.846,84.155
125,768,,TGO,TG,768,4,Country/Area,914,Togo,2,Medium,2009,2009,35,35,1,40.614,40.252,80.867
125,768,,TGO,TG,768,4,Country/Area,914,Togo,2,Medium,2009,2009,36,36,1,38.922,38.673,77.595
125,768,,TGO,TG,768,4,Country/Area,914,Togo,2,Medium,2009,2009,37,37,1,37.301,37.144,74.445
125,768,,TGO,TG,768,4,Country/Area,914,Togo,2,Medium,2009,2009,38,38,1,35.697,35.605,71.302
125,768,,TGO,TG,768,4,Country/Area,914,Togo,2,Medium,2009,2009,39,39,1,34.128,34.1,68.228
125,768,,TGO,TG,768,4,Country/Area,914,Togo,2,Medium,2009,2009,40,40,1,32.616,32.642,65.257
125,768,,TGO,TG,768,4,Country/Area,914,Togo,2,Medium,2009,2009,41,41,1,31.191,31.271,62.462
125,768,,TGO,TG,768,4,Country/Area,914,Togo,2,Medium,2009,2009,42,42,1,29.917,30.055,59.972
125,768,,TGO,TG,768,4,Country/Area,914,Togo,2,Medium,2009,2009,43,43,1,28.652,28.851,57.502
125,768,,TGO,TG,768,4,Country/Area,914,Togo,2,Medium,2009,2009,44,44,1,27.382,27.646,55.029
125,768,,TGO,TG,768,4,Country/Area,914,Togo,2,Medium,2009,2009,45,45,1,26.172,26.506,52.678
125,768,,TGO,TG,768,4,Country/Area,914,Togo,2,Medium,2009,2009,46,46,1,24.986,25.384,50.37
125,768,,TGO,TG,768,4,Country/Area,914,Togo,2,Medium,2009,2009,47,47,1,23.823,24.281,48.103
125,768,,TGO,TG,768,4,Country/Area,914,Togo,2,Medium,2009,2009,48,48,1,22.74,23.259,45.999
125,768,,TGO,TG,768,4,Country/Area,914,Togo,2,Medium,2009,2009,49,49,1,21.734,22.311,44.045
125,768,,TGO,TG,768,4,Country/Area,914,Togo,2,Medium,2009,2009,50,50,1,20.769,21.401,42.169
125,768,,TGO,TG,768,4,Country/Area,914,Togo,2,Medium,2009,2009,51,51,1,19.854,20.538,40.392
125,768,,TGO,TG,768,4,Country/Area,914,Togo,2,Medium,2009,2009,52,52,1,18.985,19.72,38.704
125,768,,TGO,TG,768,4,Country/Area,914,Togo,2,Medium,2009,2009,53,53,1,18.126,18.914,37.04
125,768,,TGO,TG,768,4,Country/Area,914,Togo,2,Medium,2009,2009,54,54,1,17.312,18.151,35.462
125,768,,TGO,TG,768,4,Country/Area,914,Togo,2,Medium,2009,2009,55,55,1,16.547,17.434,33.981
125,768,,TGO,TG,768,4,Country/Area,914,Togo,2,Medium,2009,2009,56,56,1,15.793,16.73,32.523
125,768,,TGO,TG,768,4,Country/Area,914,Togo,2,Medium,2009,2009,57,57,1,15.039,16.023,31.063
125,768,,TGO,TG,768,4,Country/Area,914,Togo,2,Medium,2009,2009,58,58,1,14.318,15.345,29.663
125,768,,TGO,TG,768,4,Country/Area,914,Togo,2,Medium,2009,2009,59,59,1,13.354,14.364,27.718
125,768,,TGO,TG,768,4,Country/Area,914,Togo,2,Medium,2009,2009,60,60,1,12.501,13.492,25.992
125,768,,TGO,TG,768,4,Country/Area,914,Togo,2,Medium,2009,2009,61,61,1,11.928,12.963,24.891
125,768,,TGO,TG,768,4,Country/Area,914,Togo,2,Medium,2009,2009,62,62,1,11.235,12.314,23.549
125,768,,TGO,TG,768,4,Country/Area,914,Togo,2,Medium,2009,2009,63,63,1,10.438,11.473,21.911
125,768,,TGO,TG,768,4,Country/Area,914,Togo,2,Medium,2009,2009,64,64,1,9.656,10.614,20.27
125,768,,TGO,TG,768,4,Country/Area,914,Togo,2,Medium,2009,2009,65,65,1,8.961,9.903,18.864
125,768,,TGO,TG,768,4,Country/Area,914,Togo,2,Medium,2009,2009,66,66,1,8.28,9.216,17.495
125,768,,TGO,TG,768,4,Country/Area,914,Togo,2,Medium,2009,2009,67,67,1,7.632,8.563,16.195
125,768,,TGO,TG,768,4,Country/Area,914,Togo,2,Medium,2009,2009,68,68,1,7.027,7.952,14.979
125,768,,TGO,TG,768,4,Country/Area,914,Togo,2,Medium,2009,2009,69,69,1,6.462,7.378,13.839
125,768,,TGO,TG,768,4,Country/Area,914,Togo,2,Medium,2009,2009,70,70,1,5.925,6.839,12.764
125,768,,TGO,TG,768,4,Country/Area,914,Togo,2,Medium,2009,2009,71,71,1,5.404,6.3,11.703
125,768,,TGO,TG,768,4,Country/Area,914,Togo,2,Medium,2009,2009,72,72,1,4.888,5.732,10.62
125,768,,TGO,TG,768,4,Country/Area,914,Togo,2,Medium,2009,2009,73,73,1,4.383,5.159,9.541
125,768,,TGO,TG,768,4,Country/Area,914,Togo,2,Medium,2009,2009,74,74,1,3.904,4.617,8.52
125,768,,TGO,TG,768,4,Country/Area,914,Togo,2,Medium,2009,2009,75,75,1,3.455,4.112,7.568
125,768,,TGO,TG,768,4,Country/Area,914,Togo,2,Medium,2009,2009,76,76,1,3.026,3.627,6.652
125,768,,TGO,TG,768,4,Country/Area,914,Togo,2,Medium,2009,2009,77,77,1,2.612,3.159,5.771
125,768,,TGO,TG,768,4,Country/Area,914,Togo,2,Medium,2009,2009,78,78,1,2.224,2.716,4.94
125,768,,TGO,TG,768,4,Country/Area,914,Togo,2,Medium,2009,2009,79,79,1,1.869,2.305,4.173
125,768,,TGO,TG,768,4,Country/Area,914,Togo,2,Medium,2009,2009,80,80,1,1.55,1.927,3.477
125,768,,TGO,TG,768,4,Country/Area,914,Togo,2,Medium,2009,2009,81,81,1,1.266,1.585,2.85
125,768,,TGO,TG,768,4,Country/Area,914,Togo,2,Medium,2009,2009,82,82,1,1.016,1.28,2.295
125,768,,TGO,TG,768,4,Country/Area,914,Togo,2,Medium,2009,2009,83,83,1,0.8,1.014,1.815
125,768,,TGO,TG,768,4,Country/Area,914,Togo,2,Medium,2009,2009,84,84,1,0.618,0.791,1.409
125,768,,TGO,TG,768,4,Country/Area,914,Togo,2,Medium,2009,2009,85,85,1,0.465,0.605,1.069
125,768,,TGO,TG,768,4,Country/Area,914,Togo,2,Medium,2009,2009,86,86,1,0.342,0.453,0.795
125,768,,TGO,TG,768,4,Country/Area,914,Togo,2,Medium,2009,2009,87,87,1,0.243,0.331,0.574
125,768,,TGO,TG,768,4,Country/Area,914,Togo,2,Medium,2009,2009,88,88,1,0.167,0.236,0.403
125,768,,TGO,TG,768,4,Country/Area,914,Togo,2,Medium,2009,2009,89,89,1,0.111,0.163,0.274
125,768,,TGO,TG,768,4,Country/Area,914,Togo,2,Medium,2009,2009,90,90,1,0.071,0.11,0.181
125,768,,TGO,TG,768,4,Country/Area,914,Togo,2,Medium,2009,2009,91,91,1,0.044,0.071,0.115
125,768,,TGO,TG,768,4,Country/Area,914,Togo,2,Medium,2009,2009,92,92,1,0.028,0.045,0.072
125,768,,TGO,TG,768,4,Country/Area,914,Togo,2,Medium,2009,2009,93,93,1,0.017,0.028,0.045
125,768,,TGO,TG,768,4,Country/Area,914,Togo,2,Medium,2009,2009,94,94,1,0.011,0.018,0.029
125,768,,TGO,TG,768,4,Country/Area,914,Togo,2,Medium,2009,2009,95,95,1,0.007,0.011,0.018
125,768,,TGO,TG,768,4,Country/Area,914,Togo,2,Medium,2009,2009,96,96,1,0.005,0.007,0.012
125,768,,TGO,TG,768,4,Country/Area,914,Togo,2,Medium,2009,2009,97,97,1,0.004,0.005,0.009
125,768,,TGO,TG,768,4,Country/Area,914,Togo,2,Medium,2009,2009,98,98,1,0.003,0.004,0.007
125,768,,TGO,TG,768,4,Country/Area,914,Togo,2,Medium,2009,2009,99,99,1,0.003,0.003,0.006
125,768,,TGO,TG,768,4,Country/Area,914,Togo,2,Medium,2009,2009,100+,100,-1,0.005,0.005,0.01
125,768,,TGO,TG,768,4,Country/Area,914,Togo,2,Medium,2010,2010,0,0,1,121.288,119.091,240.379
125,768,,TGO,TG,768,4,Country/Area,914,Togo,2,Medium,2010,2010,1,1,1,115.453,113.919,229.372
125,768,,TGO,TG,768,4,Country/Area,914,Togo,2,Medium,2010,2010,2,2,1,110.865,109.624,220.49
125,768,,TGO,TG,768,4,Country/Area,914,Togo,2,Medium,2010,2010,3,3,1,106.242,105.111,211.352
125,768,,TGO,TG,768,4,Country/Area,914,Togo,2,Medium,2010,2010,4,4,1,101.532,100.387,201.919
125,768,,TGO,TG,768,4,Country/Area,914,Togo,2,Medium,2010,2010,5,5,1,97.253,96.037,193.29
125,768,,TGO,TG,768,4,Country/Area,914,Togo,2,Medium,2010,2010,6,6,1,94.094,92.784,186.877
125,768,,TGO,TG,768,4,Country/Area,914,Togo,2,Medium,2010,2010,7,7,1,91.757,90.366,182.123
125,768,,TGO,TG,768,4,Country/Area,914,Togo,2,Medium,2010,2010,8,8,1,89.212,87.795,177.007
125,768,,TGO,TG,768,4,Country/Area,914,Togo,2,Medium,2010,2010,9,9,1,86.521,85.125,171.646
125,768,,TGO,TG,768,4,Country/Area,914,Togo,2,Medium,2010,2010,10,10,1,83.837,82.504,166.341
125,768,,TGO,TG,768,4,Country/Area,914,Togo,2,Medium,2010,2010,11,11,1,81.217,79.953,161.169
125,768,,TGO,TG,768,4,Country/Area,914,Togo,2,Medium,2010,2010,12,12,1,78.736,77.512,156.248
125,768,,TGO,TG,768,4,Country/Area,914,Togo,2,Medium,2010,2010,13,13,1,76.735,75.537,152.273
125,768,,TGO,TG,768,4,Country/Area,914,Togo,2,Medium,2010,2010,14,14,1,75.148,73.959,149.107
125,768,,TGO,TG,768,4,Country/Area,914,Togo,2,Medium,2010,2010,15,15,1,73.731,72.536,146.267
125,768,,TGO,TG,768,4,Country/Area,914,Togo,2,Medium,2010,2010,16,16,1,72.277,71.07,143.347
125,768,,TGO,TG,768,4,Country/Area,914,Togo,2,Medium,2010,2010,17,17,1,70.715,69.481,140.195
125,768,,TGO,TG,768,4,Country/Area,914,Togo,2,Medium,2010,2010,18,18,1,69.108,67.853,136.96
125,768,,TGO,TG,768,4,Country/Area,914,Togo,2,Medium,2010,2010,19,19,1,67.454,66.19,133.643
125,768,,TGO,TG,768,4,Country/Area,914,Togo,2,Medium,2010,2010,20,20,1,65.775,64.501,130.275
125,768,,TGO,TG,768,4,Country/Area,914,Togo,2,Medium,2010,2010,21,21,1,64.117,62.845,126.962
125,768,,TGO,TG,768,4,Country/Area,914,Togo,2,Medium,2010,2010,22,22,1,62.475,61.251,123.726
125,768,,TGO,TG,768,4,Country/Area,914,Togo,2,Medium,2010,2010,23,23,1,60.719,59.578,120.296
125,768,,TGO,TG,768,4,Country/Area,914,Togo,2,Medium,2010,2010,24,24,1,58.896,57.839,116.735
125,768,,TGO,TG,768,4,Country/Area,914,Togo,2,Medium,2010,2010,25,25,1,57.24,56.251,113.49
125,768,,TGO,TG,768,4,Country/Area,914,Togo,2,Medium,2010,2010,26,26,1,55.752,54.83,110.581
125,768,,TGO,TG,768,4,Country/Area,914,Togo,2,Medium,2010,2010,27,27,1,54.286,53.44,107.725
125,768,,TGO,TG,768,4,Country/Area,914,Togo,2,Medium,2010,2010,28,28,1,52.819,52.043,104.862
125,768,,TGO,TG,768,4,Country/Area,914,Togo,2,Medium,2010,2010,29,29,1,51.295,50.579,101.874
125,768,,TGO,TG,768,4,Country/Area,914,Togo,2,Medium,2010,2010,30,30,1,49.788,49.118,98.906
125,768,,TGO,TG,768,4,Country/Area,914,Togo,2,Medium,2010,2010,31,31,1,48.313,47.678,95.991
125,768,,TGO,TG,768,4,Country/Area,914,Togo,2,Medium,2010,2010,32,32,1,46.817,46.19,93.007
125,768,,TGO,TG,768,4,Country/Area,914,Togo,2,Medium,2010,2010,33,33,1,45.318,44.711,90.028
125,768,,TGO,TG,768,4,Country/Area,914,Togo,2,Medium,2010,2010,34,34,1,43.72,43.167,86.887
125,768,,TGO,TG,768,4,Country/Area,914,Togo,2,Medium,2010,2010,35,35,1,42.038,41.56,83.599
125,768,,TGO,TG,768,4,Country/Area,914,Togo,2,Medium,2010,2010,36,36,1,40.352,39.973,80.325
125,768,,TGO,TG,768,4,Country/Area,914,Togo,2,Medium,2010,2010,37,37,1,38.663,38.398,77.062
125,768,,TGO,TG,768,4,Country/Area,914,Togo,2,Medium,2010,2010,38,38,1,37.047,36.874,73.921
125,768,,TGO,TG,768,4,Country/Area,914,Togo,2,Medium,2010,2010,39,39,1,35.443,35.342,70.785
125,768,,TGO,TG,768,4,Country/Area,914,Togo,2,Medium,2010,2010,40,40,1,33.874,33.842,67.716
125,768,,TGO,TG,768,4,Country/Area,914,Togo,2,Medium,2010,2010,41,41,1,32.361,32.392,64.753
125,768,,TGO,TG,768,4,Country/Area,914,Togo,2,Medium,2010,2010,42,42,1,30.934,31.029,61.964
125,768,,TGO,TG,768,4,Country/Area,914,Togo,2,Medium,2010,2010,43,43,1,29.659,29.82,59.48
125,768,,TGO,TG,768,4,Country/Area,914,Togo,2,Medium,2010,2010,44,44,1,28.394,28.623,57.017
125,768,,TGO,TG,768,4,Country/Area,914,Togo,2,Medium,2010,2010,45,45,1,27.125,27.425,54.55
125,768,,TGO,TG,768,4,Country/Area,914,Togo,2,Medium,2010,2010,46,46,1,25.916,26.289,52.206
125,768,,TGO,TG,768,4,Country/Area,914,Togo,2,Medium,2010,2010,47,47,1,24.73,25.169,49.9
125,768,,TGO,TG,768,4,Country/Area,914,Togo,2,Medium,2010,2010,48,48,1,23.567,24.067,47.633
125,768,,TGO,TG,768,4,Country/Area,914,Togo,2,Medium,2010,2010,49,49,1,22.48,23.043,45.523
125,768,,TGO,TG,768,4,Country/Area,914,Togo,2,Medium,2010,2010,50,50,1,21.47,22.09,43.56
125,768,,TGO,TG,768,4,Country/Area,914,Togo,2,Medium,2010,2010,51,51,1,20.499,21.174,41.673
125,768,,TGO,TG,768,4,Country/Area,914,Togo,2,Medium,2010,2010,52,52,1,19.578,20.305,39.883
125,768,,TGO,TG,768,4,Country/Area,914,Togo,2,Medium,2010,2010,53,53,1,18.702,19.483,38.185
125,768,,TGO,TG,768,4,Country/Area,914,Togo,2,Medium,2010,2010,54,54,1,17.838,18.674,36.512
125,768,,TGO,TG,768,4,Country/Area,914,Togo,2,Medium,2010,2010,55,55,1,17.02,17.907,34.926
125,768,,TGO,TG,768,4,Country/Area,914,Togo,2,Medium,2010,2010,56,56,1,16.248,17.186,33.434
125,768,,TGO,TG,768,4,Country/Area,914,Togo,2,Medium,2010,2010,57,57,1,15.488,16.474,31.962
125,768,,TGO,TG,768,4,Country/Area,914,Togo,2,Medium,2010,2010,58,58,1,14.727,15.757,30.484
125,768,,TGO,TG,768,4,Country/Area,914,Togo,2,Medium,2010,2010,59,59,1,13.996,15.067,29.064
125,768,,TGO,TG,768,4,Country/Area,914,Togo,2,Medium,2010,2010,60,60,1,13.029,14.075,27.104
125,768,,TGO,TG,768,4,Country/Area,914,Togo,2,Medium,2010,2010,61,61,1,12.168,13.191,25.359
125,768,,TGO,TG,768,4,Country/Area,914,Togo,2,Medium,2010,2010,62,62,1,11.584,12.641,24.225
125,768,,TGO,TG,768,4,Country/Area,914,Togo,2,Medium,2010,2010,63,63,1,10.883,11.976,22.858
125,768,,TGO,TG,768,4,Country/Area,914,Togo,2,Medium,2010,2010,64,64,1,10.085,11.127,21.212
125,768,,TGO,TG,768,4,Country/Area,914,Togo,2,Medium,2010,2010,65,65,1,9.303,10.264,19.567
125,768,,TGO,TG,768,4,Country/Area,914,Togo,2,Medium,2010,2010,66,66,1,8.605,9.547,18.152
125,768,,TGO,TG,768,4,Country/Area,914,Togo,2,Medium,2010,2010,67,67,1,7.923,8.852,16.775
125,768,,TGO,TG,768,4,Country/Area,914,Togo,2,Medium,2010,2010,68,68,1,7.274,8.191,15.465
125,768,,TGO,TG,768,4,Country/Area,914,Togo,2,Medium,2010,2010,69,69,1,6.667,7.57,14.236
125,768,,TGO,TG,768,4,Country/Area,914,Togo,2,Medium,2010,2010,70,70,1,6.096,6.984,13.081
125,768,,TGO,TG,768,4,Country/Area,914,Togo,2,Medium,2010,2010,71,71,1,5.556,6.432,11.988
125,768,,TGO,TG,768,4,Country/Area,914,Togo,2,Medium,2010,2010,72,72,1,5.031,5.882,10.913
125,768,,TGO,TG,768,4,Country/Area,914,Togo,2,Medium,2010,2010,73,73,1,4.516,5.311,9.827
125,768,,TGO,TG,768,4,Country/Area,914,Togo,2,Medium,2010,2010,74,74,1,4.014,4.739,8.754
125,768,,TGO,TG,768,4,Country/Area,914,Togo,2,Medium,2010,2010,75,75,1,3.542,4.204,7.746
125,768,,TGO,TG,768,4,Country/Area,914,Togo,2,Medium,2010,2010,76,76,1,3.103,3.708,6.811
125,768,,TGO,TG,768,4,Country/Area,914,Togo,2,Medium,2010,2010,77,77,1,2.687,3.233,5.92
125,768,,TGO,TG,768,4,Country/Area,914,Togo,2,Medium,2010,2010,78,78,1,2.29,2.781,5.072
125,768,,TGO,TG,768,4,Country/Area,914,Togo,2,Medium,2010,2010,79,79,1,1.922,2.357,4.279
125,768,,TGO,TG,768,4,Country/Area,914,Togo,2,Medium,2010,2010,80,80,1,1.591,1.968,3.559
125,768,,TGO,TG,768,4,Country/Area,914,Togo,2,Medium,2010,2010,81,81,1,1.297,1.619,2.916
125,768,,TGO,TG,768,4,Country/Area,914,Togo,2,Medium,2010,2010,82,82,1,1.04,1.307,2.348
125,768,,TGO,TG,768,4,Country/Area,914,Togo,2,Medium,2010,2010,83,83,1,0.82,1.036,1.855
125,768,,TGO,TG,768,4,Country/Area,914,Togo,2,Medium,2010,2010,84,84,1,0.632,0.806,1.438
125,768,,TGO,TG,768,4,Country/Area,914,Togo,2,Medium,2010,2010,85,85,1,0.477,0.616,1.093
125,768,,TGO,TG,768,4,Country/Area,914,Togo,2,Medium,2010,2010,86,86,1,0.351,0.461,0.812
125,768,,TGO,TG,768,4,Country/Area,914,Togo,2,Medium,2010,2010,87,87,1,0.251,0.337,0.587
125,768,,TGO,TG,768,4,Country/Area,914,Togo,2,Medium,2010,2010,88,88,1,0.173,0.239,0.412
125,768,,TGO,TG,768,4,Country/Area,914,Togo,2,Medium,2010,2010,89,89,1,0.114,0.165,0.279
125,768,,TGO,TG,768,4,Country/Area,914,Togo,2,Medium,2010,2010,90,90,1,0.073,0.111,0.184
125,768,,TGO,TG,768,4,Country/Area,914,Togo,2,Medium,2010,2010,91,91,1,0.045,0.071,0.116
125,768,,TGO,TG,768,4,Country/Area,914,Togo,2,Medium,2010,2010,92,92,1,0.027,0.044,0.071
125,768,,TGO,TG,768,4,Country/Area,914,Togo,2,Medium,2010,2010,93,93,1,0.016,0.027,0.043
125,768,,TGO,TG,768,4,Country/Area,914,Togo,2,Medium,2010,2010,94,94,1,0.01,0.017,0.026
125,768,,TGO,TG,768,4,Country/Area,914,Togo,2,Medium,2010,2010,95,95,1,0.006,0.01,0.015
125,768,,TGO,TG,768,4,Country/Area,914,Togo,2,Medium,2010,2010,96,96,1,0.004,0.006,0.01
125,768,,TGO,TG,768,4,Country/Area,914,Togo,2,Medium,2010,2010,97,97,1,0.003,0.004,0.006
125,768,,TGO,TG,768,4,Country/Area,914,Togo,2,Medium,2010,2010,98,98,1,0.002,0.003,0.004
125,768,,TGO,TG,768,4,Country/Area,914,Togo,2,Medium,2010,2010,99,99,1,0.002,0.002,0.003
125,768,,TGO,TG,768,4,Country/Area,914,Togo,2,Medium,2010,2010,100+,100,-1,0.004,0.004,0.008
125,768,,TGO,TG,768,4,Country/Area,914,Togo,2,Medium,2011,2011,0,0,1,123.186,120.951,244.137
125,768,,TGO,TG,768,4,Country/Area,914,Togo,2,Medium,2011,2011,1,1,1,118.798,117.21,236.008
125,768,,TGO,TG,768,4,Country/Area,914,Togo,2,Medium,2011,2011,2,2,1,114.328,113.041,227.369
125,768,,TGO,TG,768,4,Country/Area,914,Togo,2,Medium,2011,2011,3,3,1,109.986,108.797,218.782
125,768,,TGO,TG,768,4,Country/Area,914,Togo,2,Medium,2011,2011,4,4,1,105.554,104.347,209.901
125,768,,TGO,TG,768,4,Country/Area,914,Togo,2,Medium,2011,2011,5,5,1,100.993,99.699,200.691
125,768,,TGO,TG,768,4,Country/Area,914,Togo,2,Medium,2011,2011,6,6,1,96.828,95.436,192.264
125,768,,TGO,TG,768,4,Country/Area,914,Togo,2,Medium,2011,2011,7,7,1,93.749,92.275,186.025
125,768,,TGO,TG,768,4,Country/Area,914,Togo,2,Medium,2011,2011,8,8,1,91.474,89.947,181.421
125,768,,TGO,TG,768,4,Country/Area,914,Togo,2,Medium,2011,2011,9,9,1,88.974,87.457,176.43
125,768,,TGO,TG,768,4,Country/Area,914,Togo,2,Medium,2011,2011,10,10,1,86.316,84.852,171.167
125,768,,TGO,TG,768,4,Country/Area,914,Togo,2,Medium,2011,2011,11,11,1,83.652,82.275,165.928
125,768,,TGO,TG,768,4,Country/Area,914,Togo,2,Medium,2011,2011,12,12,1,81.044,79.748,160.792
125,768,,TGO,TG,768,4,Country/Area,914,Togo,2,Medium,2011,2011,13,13,1,78.567,77.314,155.881
125,768,,TGO,TG,768,4,Country/Area,914,Togo,2,Medium,2011,2011,14,14,1,76.559,75.331,151.891
125,768,,TGO,TG,768,4,Country/Area,914,Togo,2,Medium,2011,2011,15,15,1,74.959,73.73,148.689
125,768,,TGO,TG,768,4,Country/Area,914,Togo,2,Medium,2011,2011,16,16,1,73.521,72.273,145.794
125,768,,TGO,TG,768,4,Country/Area,914,Togo,2,Medium,2011,2011,17,17,1,72.041,70.77,142.812
125,768,,TGO,TG,768,4,Country/Area,914,Togo,2,Medium,2011,2011,18,18,1,70.451,69.148,139.599
125,768,,TGO,TG,768,4,Country/Area,914,Togo,2,Medium,2011,2011,19,19,1,68.815,67.498,136.313
125,768,,TGO,TG,768,4,Country/Area,914,Togo,2,Medium,2011,2011,20,20,1,67.132,65.825,132.957
125,768,,TGO,TG,768,4,Country/Area,914,Togo,2,Medium,2011,2011,21,21,1,65.433,64.133,129.567
125,768,,TGO,TG,768,4,Country/Area,914,Togo,2,Medium,2011,2011,22,22,1,63.764,62.481,126.245
125,768,,TGO,TG,768,4,Country/Area,914,Togo,2,Medium,2011,2011,23,23,1,62.121,60.891,123.013
125,768,,TGO,TG,768,4,Country/Area,914,Togo,2,Medium,2011,2011,24,24,1,60.373,59.221,119.594
125,768,,TGO,TG,768,4,Country/Area,914,Togo,2,Medium,2011,2011,25,25,1,58.563,57.486,116.049
125,768,,TGO,TG,768,4,Country/Area,914,Togo,2,Medium,2011,2011,26,26,1,56.922,55.898,112.82
125,768,,TGO,TG,768,4,Country/Area,914,Togo,2,Medium,2011,2011,27,27,1,55.446,54.478,109.924
125,768,,TGO,TG,768,4,Country/Area,914,Togo,2,Medium,2011,2011,28,28,1,53.989,53.092,107.082
125,768,,TGO,TG,768,4,Country/Area,914,Togo,2,Medium,2011,2011,29,29,1,52.528,51.702,104.23
125,768,,TGO,TG,768,4,Country/Area,914,Togo,2,Medium,2011,2011,30,30,1,51.007,50.246,101.253
125,768,,TGO,TG,768,4,Country/Area,914,Togo,2,Medium,2011,2011,31,31,1,49.501,48.796,98.296
125,768,,TGO,TG,768,4,Country/Area,914,Togo,2,Medium,2011,2011,32,32,1,48.028,47.365,95.392
125,768,,TGO,TG,768,4,Country/Area,914,Togo,2,Medium,2011,2011,33,33,1,46.534,45.886,92.42
125,768,,TGO,TG,768,4,Country/Area,914,Togo,2,Medium,2011,2011,34,34,1,45.038,44.414,89.453
125,768,,TGO,TG,768,4,Country/Area,914,Togo,2,Medium,2011,2011,35,35,1,43.446,42.877,86.323
125,768,,TGO,TG,768,4,Country/Area,914,Togo,2,Medium,2011,2011,36,36,1,41.771,41.276,83.047
125,768,,TGO,TG,768,4,Country/Area,914,Togo,2,Medium,2011,2011,37,37,1,40.089,39.693,79.781
125,768,,TGO,TG,768,4,Country/Area,914,Togo,2,Medium,2011,2011,38,38,1,38.404,38.123,76.528
125,768,,TGO,TG,768,4,Country/Area,914,Togo,2,Medium,2011,2011,39,39,1,36.788,36.605,73.393
125,768,,TGO,TG,768,4,Country/Area,914,Togo,2,Medium,2011,2011,40,40,1,35.184,35.078,70.262
125,768,,TGO,TG,768,4,Country/Area,914,Togo,2,Medium,2011,2011,41,41,1,33.614,33.587,67.201
125,768,,TGO,TG,768,4,Country/Area,914,Togo,2,Medium,2011,2011,42,42,1,32.099,32.145,64.245
125,768,,TGO,TG,768,4,Country/Area,914,Togo,2,Medium,2011,2011,43,43,1,30.672,30.791,61.462
125,768,,TGO,TG,768,4,Country/Area,914,Togo,2,Medium,2011,2011,44,44,1,29.396,29.588,58.985
125,768,,TGO,TG,768,4,Country/Area,914,Togo,2,Medium,2011,2011,45,45,1,28.131,28.396,56.527
125,768,,TGO,TG,768,4,Country/Area,914,Togo,2,Medium,2011,2011,46,46,1,26.863,27.203,54.066
125,768,,TGO,TG,768,4,Country/Area,914,Togo,2,Medium,2011,2011,47,47,1,25.656,26.07,51.725
125,768,,TGO,TG,768,4,Country/Area,914,Togo,2,Medium,2011,2011,48,48,1,24.468,24.95,49.418
125,768,,TGO,TG,768,4,Country/Area,914,Togo,2,Medium,2011,2011,49,49,1,23.301,23.845,47.146
125,768,,TGO,TG,768,4,Country/Area,914,Togo,2,Medium,2011,2011,50,50,1,22.211,22.817,45.029
125,768,,TGO,TG,768,4,Country/Area,914,Togo,2,Medium,2011,2011,51,51,1,21.194,21.859,43.053
125,768,,TGO,TG,768,4,Country/Area,914,Togo,2,Medium,2011,2011,52,52,1,20.217,20.938,41.154
125,768,,TGO,TG,768,4,Country/Area,914,Togo,2,Medium,2011,2011,53,53,1,19.29,20.064,39.355
125,768,,TGO,TG,768,4,Country/Area,914,Togo,2,Medium,2011,2011,54,54,1,18.409,19.238,37.647
125,768,,TGO,TG,768,4,Country/Area,914,Togo,2,Medium,2011,2011,55,55,1,17.54,18.425,35.965
125,768,,TGO,TG,768,4,Country/Area,914,Togo,2,Medium,2011,2011,56,56,1,16.715,17.654,34.37
125,768,,TGO,TG,768,4,Country/Area,914,Togo,2,Medium,2011,2011,57,57,1,15.937,16.925,32.862
125,768,,TGO,TG,768,4,Country/Area,914,Togo,2,Medium,2011,2011,58,58,1,15.17,16.203,31.372
125,768,,TGO,TG,768,4,Country/Area,914,Togo,2,Medium,2011,2011,59,59,1,14.4,15.473,29.874
125,768,,TGO,TG,768,4,Country/Area,914,Togo,2,Medium,2011,2011,60,60,1,13.659,14.767,28.426
125,768,,TGO,TG,768,4,Country/Area,914,Togo,2,Medium,2011,2011,61,61,1,12.686,13.763,26.449
125,768,,TGO,TG,768,4,Country/Area,914,Togo,2,Medium,2011,2011,62,62,1,11.822,12.866,24.687
125,768,,TGO,TG,768,4,Country/Area,914,Togo,2,Medium,2011,2011,63,63,1,11.225,12.297,23.521
125,768,,TGO,TG,768,4,Country/Area,914,Togo,2,Medium,2011,2011,64,64,1,10.518,11.617,22.135
125,768,,TGO,TG,768,4,Country/Area,914,Togo,2,Medium,2011,2011,65,65,1,9.718,10.763,20.481
125,768,,TGO,TG,768,4,Country/Area,914,Togo,2,Medium,2011,2011,66,66,1,8.937,9.898,18.835
125,768,,TGO,TG,768,4,Country/Area,914,Togo,2,Medium,2011,2011,67,67,1,8.238,9.174,17.412
125,768,,TGO,TG,768,4,Country/Area,914,Togo,2,Medium,2011,2011,68,68,1,7.555,8.471,16.026
125,768,,TGO,TG,768,4,Country/Area,914,Togo,2,Medium,2011,2011,69,69,1,6.904,7.801,14.704
125,768,,TGO,TG,768,4,Country/Area,914,Togo,2,Medium,2011,2011,70,70,1,6.293,7.168,13.461
125,768,,TGO,TG,768,4,Country/Area,914,Togo,2,Medium,2011,2011,71,71,1,5.72,6.571,12.29
125,768,,TGO,TG,768,4,Country/Area,914,Togo,2,Medium,2011,2011,72,72,1,5.176,6.008,11.184
125,768,,TGO,TG,768,4,Country/Area,914,Togo,2,Medium,2011,2011,73,73,1,4.652,5.452,10.104
125,768,,TGO,TG,768,4,Country/Area,914,Togo,2,Medium,2011,2011,74,74,1,4.139,4.883,9.021
125,768,,TGO,TG,768,4,Country/Area,914,Togo,2,Medium,2011,2011,75,75,1,3.645,4.319,7.963
125,768,,TGO,TG,768,4,Country/Area,914,Togo,2,Medium,2011,2011,76,76,1,3.184,3.793,6.976
125,768,,TGO,TG,768,4,Country/Area,914,Togo,2,Medium,2011,2011,77,77,1,2.757,3.308,6.066
125,768,,TGO,TG,768,4,Country/Area,914,Togo,2,Medium,2011,2011,78,78,1,2.357,2.849,5.206
125,768,,TGO,TG,768,4,Country/Area,914,Togo,2,Medium,2011,2011,79,79,1,1.98,2.415,4.396
125,768,,TGO,TG,768,4,Country/Area,914,Togo,2,Medium,2011,2011,80,80,1,1.638,2.015,3.653
125,768,,TGO,TG,768,4,Country/Area,914,Togo,2,Medium,2011,2011,81,81,1,1.333,1.655,2.988
125,768,,TGO,TG,768,4,Country/Area,914,Togo,2,Medium,2011,2011,82,82,1,1.067,1.336,2.404
125,768,,TGO,TG,768,4,Country/Area,914,Togo,2,Medium,2011,2011,83,83,1,0.841,1.059,1.9
125,768,,TGO,TG,768,4,Country/Area,914,Togo,2,Medium,2011,2011,84,84,1,0.648,0.824,1.472
125,768,,TGO,TG,768,4,Country/Area,914,Togo,2,Medium,2011,2011,85,85,1,0.489,0.629,1.117
125,768,,TGO,TG,768,4,Country/Area,914,Togo,2,Medium,2011,2011,86,86,1,0.361,0.47,0.831
125,768,,TGO,TG,768,4,Country/Area,914,Togo,2,Medium,2011,2011,87,87,1,0.258,0.343,0.601
125,768,,TGO,TG,768,4,Country/Area,914,Togo,2,Medium,2011,2011,88,88,1,0.179,0.244,0.422
125,768,,TGO,TG,768,4,Country/Area,914,Togo,2,Medium,2011,2011,89,89,1,0.119,0.168,0.286
125,768,,TGO,TG,768,4,Country/Area,914,Togo,2,Medium,2011,2011,90,90,1,0.076,0.112,0.187
125,768,,TGO,TG,768,4,Country/Area,914,Togo,2,Medium,2011,2011,91,91,1,0.046,0.072,0.118
125,768,,TGO,TG,768,4,Country/Area,914,Togo,2,Medium,2011,2011,92,92,1,0.028,0.045,0.072
125,768,,TGO,TG,768,4,Country/Area,914,Togo,2,Medium,2011,2011,93,93,1,0.016,0.027,0.043
125,768,,TGO,TG,768,4,Country/Area,914,Togo,2,Medium,2011,2011,94,94,1,0.009,0.016,0.025
125,768,,TGO,TG,768,4,Country/Area,914,Togo,2,Medium,2011,2011,95,95,1,0.005,0.009,0.014
125,768,,TGO,TG,768,4,Country/Area,914,Togo,2,Medium,2011,2011,96,96,1,0.003,0.006,0.009
125,768,,TGO,TG,768,4,Country/Area,914,Togo,2,Medium,2011,2011,97,97,1,0.002,0.003,0.005
125,768,,TGO,TG,768,4,Country/Area,914,Togo,2,Medium,2011,2011,98,98,1,0.001,0.002,0.003
125,768,,TGO,TG,768,4,Country/Area,914,Togo,2,Medium,2011,2011,99,99,1,0.001,0.001,0.002
125,768,,TGO,TG,768,4,Country/Area,914,Togo,2,Medium,2011,2011,100+,100,-1,0.002,0.002,0.004
125,768,,TGO,TG,768,4,Country/Area,914,Togo,2,Medium,2012,2012,0,0,1,123.673,121.387,245.06
125,768,,TGO,TG,768,4,Country/Area,914,Togo,2,Medium,2012,2012,1,1,1,120.776,119.135,239.911
125,768,,TGO,TG,768,4,Country/Area,914,Togo,2,Medium,2012,2012,2,2,1,117.693,116.352,234.044
125,768,,TGO,TG,768,4,Country/Area,914,Togo,2,Medium,2012,2012,3,3,1,113.458,112.224,225.682
125,768,,TGO,TG,768,4,Country/Area,914,Togo,2,Medium,2012,2012,4,4,1,109.3,108.034,217.334
125,768,,TGO,TG,768,4,Country/Area,914,Togo,2,Medium,2012,2012,5,5,1,105.012,103.653,208.665
125,768,,TGO,TG,768,4,Country/Area,914,Togo,2,Medium,2012,2012,6,6,1,100.563,99.091,199.655
125,768,,TGO,TG,768,4,Country/Area,914,Togo,2,Medium,2012,2012,7,7,1,96.483,94.924,191.407
125,768,,TGO,TG,768,4,Country/Area,914,Togo,2,Medium,2012,2012,8,8,1,93.467,91.856,185.323
125,768,,TGO,TG,768,4,Country/Area,914,Togo,2,Medium,2012,2012,9,9,1,91.234,89.607,180.841
125,768,,TGO,TG,768,4,Country/Area,914,Togo,2,Medium,2012,2012,10,10,1,88.766,87.181,175.947
125,768,,TGO,TG,768,4,Country/Area,914,Togo,2,Medium,2012,2012,11,11,1,86.129,84.621,170.75
125,768,,TGO,TG,768,4,Country/Area,914,Togo,2,Medium,2012,2012,12,12,1,83.478,82.07,165.547
125,768,,TGO,TG,768,4,Country/Area,914,Togo,2,Medium,2012,2012,13,13,1,80.873,79.549,160.422
125,768,,TGO,TG,768,4,Country/Area,914,Togo,2,Medium,2012,2012,14,14,1,78.391,77.108,155.499
125,768,,TGO,TG,768,4,Country/Area,914,Togo,2,Medium,2012,2012,15,15,1,76.371,75.102,151.472
125,768,,TGO,TG,768,4,Country/Area,914,Togo,2,Medium,2012,2012,16,16,1,74.75,73.468,148.218
125,768,,TGO,TG,768,4,Country/Area,914,Togo,2,Medium,2012,2012,17,17,1,73.286,71.975,145.261
125,768,,TGO,TG,768,4,Country/Area,914,Togo,2,Medium,2012,2012,18,18,1,71.778,70.439,142.216
125,768,,TGO,TG,768,4,Country/Area,914,Togo,2,Medium,2012,2012,19,19,1,70.157,68.794,138.952
125,768,,TGO,TG,768,4,Country/Area,914,Togo,2,Medium,2012,2012,20,20,1,68.495,67.132,135.626
125,768,,TGO,TG,768,4,Country/Area,914,Togo,2,Medium,2012,2012,21,21,1,66.791,65.456,132.248
125,768,,TGO,TG,768,4,Country/Area,914,Togo,2,Medium,2012,2012,22,22,1,65.081,63.769,128.85
125,768,,TGO,TG,768,4,Country/Area,914,Togo,2,Medium,2012,2012,23,23,1,63.409,62.121,125.53
125,768,,TGO,TG,768,4,Country/Area,914,Togo,2,Medium,2012,2012,24,24,1,61.774,60.534,122.308
125,768,,TGO,TG,768,4,Country/Area,914,Togo,2,Medium,2012,2012,25,25,1,60.038,58.866,118.903
125,768,,TGO,TG,768,4,Country/Area,914,Togo,2,Medium,2012,2012,26,26,1,58.244,57.132,115.376
125,768,,TGO,TG,768,4,Country/Area,914,Togo,2,Medium,2012,2012,27,27,1,56.616,55.546,112.162
125,768,,TGO,TG,768,4,Country/Area,914,Togo,2,Medium,2012,2012,28,28,1,55.148,54.13,109.278
125,768,,TGO,TG,768,4,Country/Area,914,Togo,2,Medium,2012,2012,29,29,1,53.698,52.75,106.448
125,768,,TGO,TG,768,4,Country/Area,914,Togo,2,Medium,2012,2012,30,30,1,52.238,51.368,103.606
125,768,,TGO,TG,768,4,Country/Area,914,Togo,2,Medium,2012,2012,31,31,1,50.718,49.922,100.641
125,768,,TGO,TG,768,4,Country/Area,914,Togo,2,Medium,2012,2012,32,32,1,49.213,48.481,97.695
125,768,,TGO,TG,768,4,Country/Area,914,Togo,2,Medium,2012,2012,33,33,1,47.742,47.059,94.802
125,768,,TGO,TG,768,4,Country/Area,914,Togo,2,Medium,2012,2012,34,34,1,46.252,45.587,91.839
125,768,,TGO,TG,768,4,Country/Area,914,Togo,2,Medium,2012,2012,35,35,1,44.761,44.12,88.882
125,768,,TGO,TG,768,4,Country/Area,914,Togo,2,Medium,2012,2012,36,36,1,43.175,42.589,85.763
125,768,,TGO,TG,768,4,Country/Area,914,Togo,2,Medium,2012,2012,37,37,1,41.504,40.992,82.496
125,768,,TGO,TG,768,4,Country/Area,914,Togo,2,Medium,2012,2012,38,38,1,39.825,39.413,79.239
125,768,,TGO,TG,768,4,Country/Area,914,Togo,2,Medium,2012,2012,39,39,1,38.142,37.849,75.991
125,768,,TGO,TG,768,4,Country/Area,914,Togo,2,Medium,2012,2012,40,40,1,36.523,36.337,72.86
125,768,,TGO,TG,768,4,Country/Area,914,Togo,2,Medium,2012,2012,41,41,1,34.917,34.819,69.736
125,768,,TGO,TG,768,4,Country/Area,914,Togo,2,Medium,2012,2012,42,42,1,33.346,33.335,66.681
125,768,,TGO,TG,768,4,Country/Area,914,Togo,2,Medium,2012,2012,43,43,1,31.831,31.901,63.733
125,768,,TGO,TG,768,4,Country/Area,914,Togo,2,Medium,2012,2012,44,44,1,30.404,30.554,60.958
125,768,,TGO,TG,768,4,Country/Area,914,Togo,2,Medium,2012,2012,45,45,1,29.128,29.358,58.485
125,768,,TGO,TG,768,4,Country/Area,914,Togo,2,Medium,2012,2012,46,46,1,27.863,28.17,56.033
125,768,,TGO,TG,768,4,Country/Area,914,Togo,2,Medium,2012,2012,47,47,1,26.596,26.98,53.575
125,768,,TGO,TG,768,4,Country/Area,914,Togo,2,Medium,2012,2012,48,48,1,25.387,25.845,51.231
125,768,,TGO,TG,768,4,Country/Area,914,Togo,2,Medium,2012,2012,49,49,1,24.197,24.723,48.919
125,768,,TGO,TG,768,4,Country/Area,914,Togo,2,Medium,2012,2012,50,50,1,23.025,23.614,46.639
125,768,,TGO,TG,768,4,Country/Area,914,Togo,2,Medium,2012,2012,51,51,1,21.928,22.581,44.51
125,768,,TGO,TG,768,4,Country/Area,914,Togo,2,Medium,2012,2012,52,52,1,20.906,21.617,42.523
125,768,,TGO,TG,768,4,Country/Area,914,Togo,2,Medium,2012,2012,53,53,1,19.923,20.692,40.615
125,768,,TGO,TG,768,4,Country/Area,914,Togo,2,Medium,2012,2012,54,54,1,18.99,19.815,38.805
125,768,,TGO,TG,768,4,Country/Area,914,Togo,2,Medium,2012,2012,55,55,1,18.104,18.985,37.089
125,768,,TGO,TG,768,4,Country/Area,914,Togo,2,Medium,2012,2012,56,56,1,17.23,18.168,35.398
125,768,,TGO,TG,768,4,Country/Area,914,Togo,2,Medium,2012,2012,57,57,1,16.399,17.389,33.788
125,768,,TGO,TG,768,4,Country/Area,914,Togo,2,Medium,2012,2012,58,58,1,15.613,16.649,32.262
125,768,,TGO,TG,768,4,Country/Area,914,Togo,2,Medium,2012,2012,59,59,1,14.836,15.914,30.75
125,768,,TGO,TG,768,4,Country/Area,914,Togo,2,Medium,2012,2012,60,60,1,14.056,15.168,29.224
125,768,,TGO,TG,768,4,Country/Area,914,Togo,2,Medium,2012,2012,61,61,1,13.303,14.443,27.745
125,768,,TGO,TG,768,4,Country/Area,914,Togo,2,Medium,2012,2012,62,62,1,12.328,13.428,25.755
125,768,,TGO,TG,768,4,Country/Area,914,Togo,2,Medium,2012,2012,63,63,1,11.458,12.518,23.977
125,768,,TGO,TG,768,4,Country/Area,914,Togo,2,Medium,2012,2012,64,64,1,10.851,11.932,22.784
125,768,,TGO,TG,768,4,Country/Area,914,Togo,2,Medium,2012,2012,65,65,1,10.139,11.241,21.38
125,768,,TGO,TG,768,4,Country/Area,914,Togo,2,Medium,2012,2012,66,66,1,9.339,10.383,19.723
125,768,,TGO,TG,768,4,Country/Area,914,Togo,2,Medium,2012,2012,67,67,1,8.559,9.514,18.073
125,768,,TGO,TG,768,4,Country/Area,914,Togo,2,Medium,2012,2012,68,68,1,7.858,8.783,16.64
125,768,,TGO,TG,768,4,Country/Area,914,Togo,2,Medium,2012,2012,69,69,1,7.173,8.07,15.243
125,768,,TGO,TG,768,4,Country/Area,914,Togo,2,Medium,2012,2012,70,70,1,6.52,7.391,13.911
125,768,,TGO,TG,768,4,Country/Area,914,Togo,2,Medium,2012,2012,71,71,1,5.907,6.748,12.655
125,768,,TGO,TG,768,4,Country/Area,914,Togo,2,Medium,2012,2012,72,72,1,5.332,6.142,11.473
125,768,,TGO,TG,768,4,Country/Area,914,Togo,2,Medium,2012,2012,73,73,1,4.787,5.574,10.361
125,768,,TGO,TG,768,4,Country/Area,914,Togo,2,Medium,2012,2012,74,74,1,4.266,5.016,9.282
125,768,,TGO,TG,768,4,Country/Area,914,Togo,2,Medium,2012,2012,75,75,1,3.761,4.452,8.213
125,768,,TGO,TG,768,4,Country/Area,914,Togo,2,Medium,2012,2012,76,76,1,3.279,3.899,7.178
125,768,,TGO,TG,768,4,Country/Area,914,Togo,2,Medium,2012,2012,77,77,1,2.831,3.386,6.218
125,768,,TGO,TG,768,4,Country/Area,914,Togo,2,Medium,2012,2012,78,78,1,2.421,2.917,5.338
125,768,,TGO,TG,768,4,Country/Area,914,Togo,2,Medium,2012,2012,79,79,1,2.041,2.477,4.517
125,768,,TGO,TG,768,4,Country/Area,914,Togo,2,Medium,2012,2012,80,80,1,1.69,2.067,3.757
125,768,,TGO,TG,768,4,Country/Area,914,Togo,2,Medium,2012,2012,81,81,1,1.373,1.696,3.07
125,768,,TGO,TG,768,4,Country/Area,914,Togo,2,Medium,2012,2012,82,82,1,1.098,1.367,2.466
125,768,,TGO,TG,768,4,Country/Area,914,Togo,2,Medium,2012,2012,83,83,1,0.863,1.084,1.947
125,768,,TGO,TG,768,4,Country/Area,914,Togo,2,Medium,2012,2012,84,84,1,0.666,0.843,1.508
125,768,,TGO,TG,768,4,Country/Area,914,Togo,2,Medium,2012,2012,85,85,1,0.502,0.643,1.145
125,768,,TGO,TG,768,4,Country/Area,914,Togo,2,Medium,2012,2012,86,86,1,0.37,0.48,0.85
125,768,,TGO,TG,768,4,Country/Area,914,Togo,2,Medium,2012,2012,87,87,1,0.266,0.35,0.616
125,768,,TGO,TG,768,4,Country/Area,914,Togo,2,Medium,2012,2012,88,88,1,0.184,0.249,0.433
125,768,,TGO,TG,768,4,Country/Area,914,Togo,2,Medium,2012,2012,89,89,1,0.123,0.171,0.294
125,768,,TGO,TG,768,4,Country/Area,914,Togo,2,Medium,2012,2012,90,90,1,0.079,0.114,0.192
125,768,,TGO,TG,768,4,Country/Area,914,Togo,2,Medium,2012,2012,91,91,1,0.048,0.073,0.121
125,768,,TGO,TG,768,4,Country/Area,914,Togo,2,Medium,2012,2012,92,92,1,0.029,0.046,0.074
125,768,,TGO,TG,768,4,Country/Area,914,Togo,2,Medium,2012,2012,93,93,1,0.016,0.027,0.043
125,768,,TGO,TG,768,4,Country/Area,914,Togo,2,Medium,2012,2012,94,94,1,0.009,0.016,0.025
125,768,,TGO,TG,768,4,Country/Area,914,Togo,2,Medium,2012,2012,95,95,1,0.005,0.009,0.014
125,768,,TGO,TG,768,4,Country/Area,914,Togo,2,Medium,2012,2012,96,96,1,0.003,0.005,0.008
125,768,,TGO,TG,768,4,Country/Area,914,Togo,2,Medium,2012,2012,97,97,1,0.002,0.003,0.005
125,768,,TGO,TG,768,4,Country/Area,914,Togo,2,Medium,2012,2012,98,98,1,0.001,0.002,0.003
125,768,,TGO,TG,768,4,Country/Area,914,Togo,2,Medium,2012,2012,99,99,1,0.001,0.001,0.002
125,768,,TGO,TG,768,4,Country/Area,914,Togo,2,Medium,2012,2012,100+,100,-1,0,0.001,0.001
125,768,,TGO,TG,768,4,Country/Area,914,Togo,2,Medium,2013,2013,0,0,1,124.153,121.808,245.96
125,768,,TGO,TG,768,4,Country/Area,914,Togo,2,Medium,2013,2013,1,1,1,121.367,119.653,241.019
125,768,,TGO,TG,768,4,Country/Area,914,Togo,2,Medium,2013,2013,2,2,1,119.703,118.303,238.006
125,768,,TGO,TG,768,4,Country/Area,914,Togo,2,Medium,2013,2013,3,3,1,116.834,115.546,232.379
125,768,,TGO,TG,768,4,Country/Area,914,Togo,2,Medium,2013,2013,4,4,1,112.777,111.466,224.243
125,768,,TGO,TG,768,4,Country/Area,914,Togo,2,Medium,2013,2013,5,5,1,108.758,107.338,216.095
125,768,,TGO,TG,768,4,Country/Area,914,Togo,2,Medium,2013,2013,6,6,1,104.579,103.038,207.617
125,768,,TGO,TG,768,4,Country/Area,914,Togo,2,Medium,2013,2013,7,7,1,100.216,98.573,198.788
125,768,,TGO,TG,768,4,Country/Area,914,Togo,2,Medium,2013,2013,8,8,1,96.2,94.502,190.702
125,768,,TGO,TG,768,4,Country/Area,914,Togo,2,Medium,2013,2013,9,9,1,93.228,91.516,184.744
125,768,,TGO,TG,768,4,Country/Area,914,Togo,2,Medium,2013,2013,10,10,1,91.026,89.331,180.357
125,768,,TGO,TG,768,4,Country/Area,914,Togo,2,Medium,2013,2013,11,11,1,88.579,86.949,175.528
125,768,,TGO,TG,768,4,Country/Area,914,Togo,2,Medium,2013,2013,12,12,1,85.954,84.414,170.368
125,768,,TGO,TG,768,4,Country/Area,914,Togo,2,Medium,2013,2013,13,13,1,83.305,81.87,165.175
125,768,,TGO,TG,768,4,Country/Area,914,Togo,2,Medium,2013,2013,14,14,1,80.696,79.341,160.037
125,768,,TGO,TG,768,4,Country/Area,914,Togo,2,Medium,2013,2013,15,15,1,78.201,76.879,155.08
125,768,,TGO,TG,768,4,Country/Area,914,Togo,2,Medium,2013,2013,16,16,1,76.162,74.841,151.003
125,768,,TGO,TG,768,4,Country/Area,914,Togo,2,Medium,2013,2013,17,17,1,74.516,73.171,147.686
125,768,,TGO,TG,768,4,Country/Area,914,Togo,2,Medium,2013,2013,18,18,1,73.023,71.644,144.668
125,768,,TGO,TG,768,4,Country/Area,914,Togo,2,Medium,2013,2013,19,19,1,71.486,70.085,141.57
125,768,,TGO,TG,768,4,Country/Area,914,Togo,2,Medium,2013,2013,20,20,1,69.838,68.428,138.266
125,768,,TGO,TG,768,4,Country/Area,914,Togo,2,Medium,2013,2013,21,21,1,68.153,66.763,134.917
125,768,,TGO,TG,768,4,Country/Area,914,Togo,2,Medium,2013,2013,22,22,1,66.439,65.092,131.531
125,768,,TGO,TG,768,4,Country/Area,914,Togo,2,Medium,2013,2013,23,23,1,64.725,63.41,128.135
125,768,,TGO,TG,768,4,Country/Area,914,Togo,2,Medium,2013,2013,24,24,1,63.062,61.764,124.826
125,768,,TGO,TG,768,4,Country/Area,914,Togo,2,Medium,2013,2013,25,25,1,61.439,60.178,121.617
125,768,,TGO,TG,768,4,Country/Area,914,Togo,2,Medium,2013,2013,26,26,1,59.718,58.511,118.228
125,768,,TGO,TG,768,4,Country/Area,914,Togo,2,Medium,2013,2013,27,27,1,57.938,56.78,114.718
125,768,,TGO,TG,768,4,Country/Area,914,Togo,2,Medium,2013,2013,28,28,1,56.319,55.198,111.516
125,768,,TGO,TG,768,4,Country/Area,914,Togo,2,Medium,2013,2013,29,29,1,54.856,53.788,108.645
125,768,,TGO,TG,768,4,Country/Area,914,Togo,2,Medium,2013,2013,30,30,1,53.407,52.416,105.823
125,768,,TGO,TG,768,4,Country/Area,914,Togo,2,Medium,2013,2013,31,31,1,51.949,51.044,102.993
125,768,,TGO,TG,768,4,Country/Area,914,Togo,2,Medium,2013,2013,32,32,1,50.429,49.607,100.037
125,768,,TGO,TG,768,4,Country/Area,914,Togo,2,Medium,2013,2013,33,33,1,48.926,48.175,97.1
125,768,,TGO,TG,768,4,Country/Area,914,Togo,2,Medium,2013,2013,34,34,1,47.458,46.758,94.216
125,768,,TGO,TG,768,4,Country/Area,914,Togo,2,Medium,2013,2013,35,35,1,45.972,45.291,91.264
125,768,,TGO,TG,768,4,Country/Area,914,Togo,2,Medium,2013,2013,36,36,1,44.487,43.83,88.317
125,768,,TGO,TG,768,4,Country/Area,914,Togo,2,Medium,2013,2013,37,37,1,42.904,42.3,85.204
125,768,,TGO,TG,768,4,Country/Area,914,Togo,2,Medium,2013,2013,38,38,1,41.236,40.709,81.945
125,768,,TGO,TG,768,4,Country/Area,914,Togo,2,Medium,2013,2013,39,39,1,39.557,39.136,78.693
125,768,,TGO,TG,768,4,Country/Area,914,Togo,2,Medium,2013,2013,40,40,1,37.872,37.577,75.449
125,768,,TGO,TG,768,4,Country/Area,914,Togo,2,Medium,2013,2013,41,41,1,36.252,36.071,72.323
125,768,,TGO,TG,768,4,Country/Area,914,Togo,2,Medium,2013,2013,42,42,1,34.645,34.561,69.206
125,768,,TGO,TG,768,4,Country/Area,914,Togo,2,Medium,2013,2013,43,43,1,33.072,33.086,66.158
125,768,,TGO,TG,768,4,Country/Area,914,Togo,2,Medium,2013,2013,44,44,1,31.556,31.66,63.217
125,768,,TGO,TG,768,4,Country/Area,914,Togo,2,Medium,2013,2013,45,45,1,30.131,30.319,60.45
125,768,,TGO,TG,768,4,Country/Area,914,Togo,2,Medium,2013,2013,46,46,1,28.855,29.127,57.981
125,768,,TGO,TG,768,4,Country/Area,914,Togo,2,Medium,2013,2013,47,47,1,27.59,27.942,55.532
125,768,,TGO,TG,768,4,Country/Area,914,Togo,2,Medium,2013,2013,48,48,1,26.321,26.75,53.071
125,768,,TGO,TG,768,4,Country/Area,914,Togo,2,Medium,2013,2013,49,49,1,25.108,25.613,50.721
125,768,,TGO,TG,768,4,Country/Area,914,Togo,2,Medium,2013,2013,50,50,1,23.913,24.486,48.4
125,768,,TGO,TG,768,4,Country/Area,914,Togo,2,Medium,2013,2013,51,51,1,22.736,23.373,46.109
125,768,,TGO,TG,768,4,Country/Area,914,Togo,2,Medium,2013,2013,52,52,1,21.634,22.334,43.969
125,768,,TGO,TG,768,4,Country/Area,914,Togo,2,Medium,2013,2013,53,53,1,20.605,21.367,41.972
125,768,,TGO,TG,768,4,Country/Area,914,Togo,2,Medium,2013,2013,54,54,1,19.616,20.437,40.053
125,768,,TGO,TG,768,4,Country/Area,914,Togo,2,Medium,2013,2013,55,55,1,18.68,19.557,38.236
125,768,,TGO,TG,768,4,Country/Area,914,Togo,2,Medium,2013,2013,56,56,1,17.787,18.722,36.509
125,768,,TGO,TG,768,4,Country/Area,914,Togo,2,Medium,2013,2013,57,57,1,16.907,17.898,34.805
125,768,,TGO,TG,768,4,Country/Area,914,Togo,2,Medium,2013,2013,58,58,1,16.069,17.109,33.178
125,768,,TGO,TG,768,4,Country/Area,914,Togo,2,Medium,2013,2013,59,59,1,15.273,16.355,31.628
125,768,,TGO,TG,768,4,Country/Area,914,Togo,2,Medium,2013,2013,60,60,1,14.485,15.604,30.088
125,768,,TGO,TG,768,4,Country/Area,914,Togo,2,Medium,2013,2013,61,61,1,13.693,14.84,28.532
125,768,,TGO,TG,768,4,Country/Area,914,Togo,2,Medium,2013,2013,62,62,1,12.93,14.095,27.025
125,768,,TGO,TG,768,4,Country/Area,914,Togo,2,Medium,2013,2013,63,63,1,11.952,13.07,25.022
125,768,,TGO,TG,768,4,Country/Area,914,Togo,2,Medium,2013,2013,64,64,1,11.08,12.152,23.232
125,768,,TGO,TG,768,4,Country/Area,914,Togo,2,Medium,2013,2013,65,65,1,10.464,11.55,22.015
125,768,,TGO,TG,768,4,Country/Area,914,Togo,2,Medium,2013,2013,66,66,1,9.748,10.848,20.596
125,768,,TGO,TG,768,4,Country/Area,914,Togo,2,Medium,2013,2013,67,67,1,8.948,9.985,18.933
125,768,,TGO,TG,768,4,Country/Area,914,Togo,2,Medium,2013,2013,68,68,1,8.167,9.113,17.279
125,768,,TGO,TG,768,4,Country/Area,914,Togo,2,Medium,2013,2013,69,69,1,7.465,8.371,15.836
125,768,,TGO,TG,768,4,Country/Area,914,Togo,2,Medium,2013,2013,70,70,1,6.777,7.651,14.428
125,768,,TGO,TG,768,4,Country/Area,914,Togo,2,Medium,2013,2013,71,71,1,6.123,6.962,13.085
125,768,,TGO,TG,768,4,Country/Area,914,Togo,2,Medium,2013,2013,72,72,1,5.51,6.312,11.822
125,768,,TGO,TG,768,4,Country/Area,914,Togo,2,Medium,2013,2013,73,73,1,4.934,5.702,10.636
125,768,,TGO,TG,768,4,Country/Area,914,Togo,2,Medium,2013,2013,74,74,1,4.394,5.131,9.525
125,768,,TGO,TG,768,4,Country/Area,914,Togo,2,Medium,2013,2013,75,75,1,3.879,4.577,8.457
125,768,,TGO,TG,768,4,Country/Area,914,Togo,2,Medium,2013,2013,76,76,1,3.385,4.023,7.409
125,768,,TGO,TG,768,4,Country/Area,914,Togo,2,Medium,2013,2013,77,77,1,2.918,3.485,6.402
125,768,,TGO,TG,768,4,Country/Area,914,Togo,2,Medium,2013,2013,78,78,1,2.487,2.989,5.476
125,768,,TGO,TG,768,4,Country/Area,914,Togo,2,Medium,2013,2013,79,79,1,2.099,2.539,4.638
125,768,,TGO,TG,768,4,Country/Area,914,Togo,2,Medium,2013,2013,80,80,1,1.742,2.122,3.864
125,768,,TGO,TG,768,4,Country/Area,914,Togo,2,Medium,2013,2013,81,81,1,1.418,1.742,3.159
125,768,,TGO,TG,768,4,Country/Area,914,Togo,2,Medium,2013,2013,82,82,1,1.133,1.403,2.535
125,768,,TGO,TG,768,4,Country/Area,914,Togo,2,Medium,2013,2013,83,83,1,0.889,1.111,2
125,768,,TGO,TG,768,4,Country/Area,914,Togo,2,Medium,2013,2013,84,84,1,0.684,0.864,1.548
125,768,,TGO,TG,768,4,Country/Area,914,Togo,2,Medium,2013,2013,85,85,1,0.516,0.659,1.175
125,768,,TGO,TG,768,4,Country/Area,914,Togo,2,Medium,2013,2013,86,86,1,0.38,0.492,0.872
125,768,,TGO,TG,768,4,Country/Area,914,Togo,2,Medium,2013,2013,87,87,1,0.273,0.358,0.631
125,768,,TGO,TG,768,4,Country/Area,914,Togo,2,Medium,2013,2013,88,88,1,0.19,0.254,0.444
125,768,,TGO,TG,768,4,Country/Area,914,Togo,2,Medium,2013,2013,89,89,1,0.127,0.175,0.302
125,768,,TGO,TG,768,4,Country/Area,914,Togo,2,Medium,2013,2013,90,90,1,0.082,0.116,0.198
125,768,,TGO,TG,768,4,Country/Area,914,Togo,2,Medium,2013,2013,91,91,1,0.05,0.075,0.125
125,768,,TGO,TG,768,4,Country/Area,914,Togo,2,Medium,2013,2013,92,92,1,0.03,0.046,0.076
125,768,,TGO,TG,768,4,Country/Area,914,Togo,2,Medium,2013,2013,93,93,1,0.017,0.028,0.044
125,768,,TGO,TG,768,4,Country/Area,914,Togo,2,Medium,2013,2013,94,94,1,0.009,0.016,0.025
125,768,,TGO,TG,768,4,Country/Area,914,Togo,2,Medium,2013,2013,95,95,1,0.005,0.009,0.014
125,768,,TGO,TG,768,4,Country/Area,914,Togo,2,Medium,2013,2013,96,96,1,0.003,0.005,0.008
125,768,,TGO,TG,768,4,Country/Area,914,Togo,2,Medium,2013,2013,97,97,1,0.001,0.003,0.004
125,768,,TGO,TG,768,4,Country/Area,914,Togo,2,Medium,2013,2013,98,98,1,0.001,0.002,0.003
125,768,,TGO,TG,768,4,Country/Area,914,Togo,2,Medium,2013,2013,99,99,1,0.001,0.001,0.002
125,768,,TGO,TG,768,4,Country/Area,914,Togo,2,Medium,2013,2013,100+,100,-1,0,0.001,0.001
125,768,,TGO,TG,768,4,Country/Area,914,Togo,2,Medium,2014,2014,0,0,1,125.463,123.064,248.528
125,768,,TGO,TG,768,4,Country/Area,914,Togo,2,Medium,2014,2014,1,1,1,121.945,120.153,242.099
125,768,,TGO,TG,768,4,Country/Area,914,Togo,2,Medium,2014,2014,2,2,1,120.334,118.856,239.19
125,768,,TGO,TG,768,4,Country/Area,914,Togo,2,Medium,2014,2014,3,3,1,118.865,117.519,236.383
125,768,,TGO,TG,768,4,Country/Area,914,Togo,2,Medium,2014,2014,4,4,1,116.161,114.794,230.955
125,768,,TGO,TG,768,4,Country/Area,914,Togo,2,Medium,2014,2014,5,5,1,112.24,110.77,223.011
125,768,,TGO,TG,768,4,Country/Area,914,Togo,2,Medium,2014,2014,6,6,1,108.327,106.719,215.047
125,768,,TGO,TG,768,4,Country/Area,914,Togo,2,Medium,2014,2014,7,7,1,104.231,102.513,206.744
125,768,,TGO,TG,768,4,Country/Area,914,Togo,2,Medium,2014,2014,8,8,1,99.932,98.145,198.077
125,768,,TGO,TG,768,4,Country/Area,914,Togo,2,Medium,2014,2014,9,9,1,95.962,94.16,190.123
125,768,,TGO,TG,768,4,Country/Area,914,Togo,2,Medium,2014,2014,10,10,1,93.022,91.24,184.263
125,768,,TGO,TG,768,4,Country/Area,914,Togo,2,Medium,2014,2014,11,11,1,90.84,89.099,179.939
125,768,,TGO,TG,768,4,Country/Area,914,Togo,2,Medium,2014,2014,12,12,1,88.403,86.742,175.145
125,768,,TGO,TG,768,4,Country/Area,914,Togo,2,Medium,2014,2014,13,13,1,85.781,84.215,169.996
125,768,,TGO,TG,768,4,Country/Area,914,Togo,2,Medium,2014,2014,14,14,1,83.128,81.662,164.79
125,768,,TGO,TG,768,4,Country/Area,914,Togo,2,Medium,2014,2014,15,15,1,80.506,79.112,159.619
125,768,,TGO,TG,768,4,Country/Area,914,Togo,2,Medium,2014,2014,16,16,1,77.993,76.619,154.613
125,768,,TGO,TG,768,4,Country/Area,914,Togo,2,Medium,2014,2014,17,17,1,75.93,74.546,150.476
125,768,,TGO,TG,768,4,Country/Area,914,Togo,2,Medium,2014,2014,18,18,1,74.257,72.843,147.099
125,768,,TGO,TG,768,4,Country/Area,914,Togo,2,Medium,2014,2014,19,19,1,72.734,71.293,144.027
125,768,,TGO,TG,768,4,Country/Area,914,Togo,2,Medium,2014,2014,20,20,1,71.169,69.72,140.889
125,768,,TGO,TG,768,4,Country/Area,914,Togo,2,Medium,2014,2014,21,21,1,69.5,68.061,137.561
125,768,,TGO,TG,768,4,Country/Area,914,Togo,2,Medium,2014,2014,22,22,1,67.805,66.4,134.205
125,768,,TGO,TG,768,4,Country/Area,914,Togo,2,Medium,2014,2014,23,23,1,66.087,64.733,130.82
125,768,,TGO,TG,768,4,Country/Area,914,Togo,2,Medium,2014,2014,24,24,1,64.382,63.053,127.434
125,768,,TGO,TG,768,4,Country/Area,914,Togo,2,Medium,2014,2014,25,25,1,62.73,61.409,124.139
125,768,,TGO,TG,768,4,Country/Area,914,Togo,2,Medium,2014,2014,26,26,1,61.121,59.824,120.945
125,768,,TGO,TG,768,4,Country/Area,914,Togo,2,Medium,2014,2014,27,27,1,59.413,58.158,117.571
125,768,,TGO,TG,768,4,Country/Area,914,Togo,2,Medium,2014,2014,28,28,1,57.642,56.432,114.074
125,768,,TGO,TG,768,4,Country/Area,914,Togo,2,Medium,2014,2014,29,29,1,56.029,54.856,110.885
125,768,,TGO,TG,768,4,Country/Area,914,Togo,2,Medium,2014,2014,30,30,1,54.568,53.455,108.023
125,768,,TGO,TG,768,4,Country/Area,914,Togo,2,Medium,2014,2014,31,31,1,53.12,52.092,105.212
125,768,,TGO,TG,768,4,Country/Area,914,Togo,2,Medium,2014,2014,32,32,1,51.66,50.728,102.388
125,768,,TGO,TG,768,4,Country/Area,914,Togo,2,Medium,2014,2014,33,33,1,50.142,49.3,99.442
125,768,,TGO,TG,768,4,Country/Area,914,Togo,2,Medium,2014,2014,34,34,1,48.642,47.874,96.516
125,768,,TGO,TG,768,4,Country/Area,914,Togo,2,Medium,2014,2014,35,35,1,47.178,46.462,93.641
125,768,,TGO,TG,768,4,Country/Area,914,Togo,2,Medium,2014,2014,36,36,1,45.698,44.999,90.697
125,768,,TGO,TG,768,4,Country/Area,914,Togo,2,Medium,2014,2014,37,37,1,44.215,43.539,87.754
125,768,,TGO,TG,768,4,Country/Area,914,Togo,2,Medium,2014,2014,38,38,1,42.633,42.014,84.648
125,768,,TGO,TG,768,4,Country/Area,914,Togo,2,Medium,2014,2014,39,39,1,40.966,40.427,81.393
125,768,,TGO,TG,768,4,Country/Area,914,Togo,2,Medium,2014,2014,40,40,1,39.285,38.858,78.144
125,768,,TGO,TG,768,4,Country/Area,914,Togo,2,Medium,2014,2014,41,41,1,37.598,37.307,74.906
125,768,,TGO,TG,768,4,Country/Area,914,Togo,2,Medium,2014,2014,42,42,1,35.975,35.809,71.785
125,768,,TGO,TG,768,4,Country/Area,914,Togo,2,Medium,2014,2014,43,43,1,34.366,34.307,68.674
125,768,,TGO,TG,768,4,Country/Area,914,Togo,2,Medium,2014,2014,44,44,1,32.793,32.84,65.633
125,768,,TGO,TG,768,4,Country/Area,914,Togo,2,Medium,2014,2014,45,45,1,31.279,31.421,62.7
125,768,,TGO,TG,768,4,Country/Area,914,Togo,2,Medium,2014,2014,46,46,1,29.854,30.084,59.938
125,768,,TGO,TG,768,4,Country/Area,914,Togo,2,Medium,2014,2014,47,47,1,28.578,28.894,57.471
125,768,,TGO,TG,768,4,Country/Area,914,Togo,2,Medium,2014,2014,48,48,1,27.31,27.707,55.017
125,768,,TGO,TG,768,4,Country/Area,914,Togo,2,Medium,2014,2014,49,49,1,26.037,26.513,52.55
125,768,,TGO,TG,768,4,Country/Area,914,Togo,2,Medium,2014,2014,50,50,1,24.819,25.372,50.191
125,768,,TGO,TG,768,4,Country/Area,914,Togo,2,Medium,2014,2014,51,51,1,23.618,24.24,47.858
125,768,,TGO,TG,768,4,Country/Area,914,Togo,2,Medium,2014,2014,52,52,1,22.436,23.122,45.557
125,768,,TGO,TG,768,4,Country/Area,914,Togo,2,Medium,2014,2014,53,53,1,21.328,22.079,43.407
125,768,,TGO,TG,768,4,Country/Area,914,Togo,2,Medium,2014,2014,54,54,1,20.293,21.107,41.4
125,768,,TGO,TG,768,4,Country/Area,914,Togo,2,Medium,2014,2014,55,55,1,19.3,20.175,39.475
125,768,,TGO,TG,768,4,Country/Area,914,Togo,2,Medium,2014,2014,56,56,1,18.357,19.29,37.647
125,768,,TGO,TG,768,4,Country/Area,914,Togo,2,Medium,2014,2014,57,57,1,17.458,18.448,35.906
125,768,,TGO,TG,768,4,Country/Area,914,Togo,2,Medium,2014,2014,58,58,1,16.571,17.613,34.184
125,768,,TGO,TG,768,4,Country/Area,914,Togo,2,Medium,2014,2014,59,59,1,15.723,16.811,32.535
125,768,,TGO,TG,768,4,Country/Area,914,Togo,2,Medium,2014,2014,60,60,1,14.915,16.041,30.957
125,768,,TGO,TG,768,4,Country/Area,914,Togo,2,Medium,2014,2014,61,61,1,14.116,15.271,29.386
125,768,,TGO,TG,768,4,Country/Area,914,Togo,2,Medium,2014,2014,62,62,1,13.314,14.487,27.801
125,768,,TGO,TG,768,4,Country/Area,914,Togo,2,Medium,2014,2014,63,63,1,12.541,13.725,26.267
125,768,,TGO,TG,768,4,Country/Area,914,Togo,2,Medium,2014,2014,64,64,1,11.563,12.693,24.256
125,768,,TGO,TG,768,4,Country/Area,914,Togo,2,Medium,2014,2014,65,65,1,10.69,11.768,22.458
125,768,,TGO,TG,768,4,Country/Area,914,Togo,2,Medium,2014,2014,66,66,1,10.066,11.152,21.218
125,768,,TGO,TG,768,4,Country/Area,914,Togo,2,Medium,2014,2014,67,67,1,9.344,10.438,19.782
125,768,,TGO,TG,768,4,Country/Area,914,Togo,2,Medium,2014,2014,68,68,1,8.543,9.568,18.111
125,768,,TGO,TG,768,4,Country/Area,914,Togo,2,Medium,2014,2014,69,69,1,7.763,8.691,16.454
125,768,,TGO,TG,768,4,Country/Area,914,Togo,2,Medium,2014,2014,70,70,1,7.058,7.941,14.999
125,768,,TGO,TG,768,4,Country/Area,914,Togo,2,Medium,2014,2014,71,71,1,6.37,7.212,13.582
125,768,,TGO,TG,768,4,Country/Area,914,Togo,2,Medium,2014,2014,72,72,1,5.715,6.516,12.232
125,768,,TGO,TG,768,4,Country/Area,914,Togo,2,Medium,2014,2014,73,73,1,5.104,5.864,10.967
125,768,,TGO,TG,768,4,Country/Area,914,Togo,2,Medium,2014,2014,74,74,1,4.533,5.253,9.787
125,768,,TGO,TG,768,4,Country/Area,914,Togo,2,Medium,2014,2014,75,75,1,3.999,4.686,8.686
125,768,,TGO,TG,768,4,Country/Area,914,Togo,2,Medium,2014,2014,76,76,1,3.495,4.14,7.635
125,768,,TGO,TG,768,4,Country/Area,914,Togo,2,Medium,2014,2014,77,77,1,3.015,3.599,6.614
125,768,,TGO,TG,768,4,Country/Area,914,Togo,2,Medium,2014,2014,78,78,1,2.567,3.079,5.646
125,768,,TGO,TG,768,4,Country/Area,914,Togo,2,Medium,2014,2014,79,79,1,2.159,2.604,4.763
125,768,,TGO,TG,768,4,Country/Area,914,Togo,2,Medium,2014,2014,80,80,1,1.794,2.178,3.971
125,768,,TGO,TG,768,4,Country/Area,914,Togo,2,Medium,2014,2014,81,81,1,1.464,1.79,3.255
125,768,,TGO,TG,768,4,Country/Area,914,Togo,2,Medium,2014,2014,82,82,1,1.172,1.442,2.614
125,768,,TGO,TG,768,4,Country/Area,914,Togo,2,Medium,2014,2014,83,83,1,0.918,1.141,2.059
125,768,,TGO,TG,768,4,Country/Area,914,Togo,2,Medium,2014,2014,84,84,1,0.706,0.887,1.593
125,768,,TGO,TG,768,4,Country/Area,914,Togo,2,Medium,2014,2014,85,85,1,0.531,0.676,1.207
125,768,,TGO,TG,768,4,Country/Area,914,Togo,2,Medium,2014,2014,86,86,1,0.392,0.505,0.897
125,768,,TGO,TG,768,4,Country/Area,914,Togo,2,Medium,2014,2014,87,87,1,0.281,0.367,0.648
125,768,,TGO,TG,768,4,Country/Area,914,Togo,2,Medium,2014,2014,88,88,1,0.195,0.261,0.455
125,768,,TGO,TG,768,4,Country/Area,914,Togo,2,Medium,2014,2014,89,89,1,0.131,0.179,0.31
125,768,,TGO,TG,768,4,Country/Area,914,Togo,2,Medium,2014,2014,90,90,1,0.085,0.119,0.203
125,768,,TGO,TG,768,4,Country/Area,914,Togo,2,Medium,2014,2014,91,91,1,0.052,0.076,0.128
125,768,,TGO,TG,768,4,Country/Area,914,Togo,2,Medium,2014,2014,92,92,1,0.031,0.047,0.077
125,768,,TGO,TG,768,4,Country/Area,914,Togo,2,Medium,2014,2014,93,93,1,0.018,0.028,0.046
125,768,,TGO,TG,768,4,Country/Area,914,Togo,2,Medium,2014,2014,94,94,1,0.01,0.016,0.026
125,768,,TGO,TG,768,4,Country/Area,914,Togo,2,Medium,2014,2014,95,95,1,0.005,0.009,0.014
125,768,,TGO,TG,768,4,Country/Area,914,Togo,2,Medium,2014,2014,96,96,1,0.003,0.005,0.008
125,768,,TGO,TG,768,4,Country/Area,914,Togo,2,Medium,2014,2014,97,97,1,0.001,0.003,0.004
125,768,,TGO,TG,768,4,Country/Area,914,Togo,2,Medium,2014,2014,98,98,1,0.001,0.001,0.002
125,768,,TGO,TG,768,4,Country/Area,914,Togo,2,Medium,2014,2014,99,99,1,0,0.001,0.001
125,768,,TGO,TG,768,4,Country/Area,914,Togo,2,Medium,2014,2014,100+,100,-1,0,0,0
125,768,,TGO,TG,768,4,Country/Area,914,Togo,2,Medium,2015,2015,0,0,1,127.459,124.988,252.447
125,768,,TGO,TG,768,4,Country/Area,914,Togo,2,Medium,2015,2015,1,1,1,123.336,121.477,244.813
125,768,,TGO,TG,768,4,Country/Area,914,Togo,2,Medium,2015,2015,2,2,1,120.951,119.392,240.343
125,768,,TGO,TG,768,4,Country/Area,914,Togo,2,Medium,2015,2015,3,3,1,119.527,118.103,237.63
125,768,,TGO,TG,768,4,Country/Area,914,Togo,2,Medium,2015,2015,4,4,1,118.209,116.784,234.993
125,768,,TGO,TG,768,4,Country/Area,914,Togo,2,Medium,2015,2015,5,5,1,115.632,114.103,229.735
125,768,,TGO,TG,768,4,Country/Area,914,Togo,2,Medium,2015,2015,6,6,1,111.814,110.153,221.968
125,768,,TGO,TG,768,4,Country/Area,914,Togo,2,Medium,2015,2015,7,7,1,107.981,106.192,214.173
125,768,,TGO,TG,768,4,Country/Area,914,Togo,2,Medium,2015,2015,8,8,1,103.948,102.081,206.029
125,768,,TGO,TG,768,4,Country/Area,914,Togo,2,Medium,2015,2015,9,9,1,99.694,97.8,197.494
125,768,,TGO,TG,768,4,Country/Area,914,Togo,2,Medium,2015,2015,10,10,1,95.758,93.886,189.644
125,768,,TGO,TG,768,4,Country/Area,914,Togo,2,Medium,2015,2015,11,11,1,92.838,91.01,183.849
125,768,,TGO,TG,768,4,Country/Area,914,Togo,2,Medium,2015,2015,12,12,1,90.666,88.892,179.559
125,768,,TGO,TG,768,4,Country/Area,914,Togo,2,Medium,2015,2015,13,13,1,88.232,86.543,174.774
125,768,,TGO,TG,768,4,Country/Area,914,Togo,2,Medium,2015,2015,14,14,1,85.605,84.007,169.611
125,768,,TGO,TG,768,4,Country/Area,914,Togo,2,Medium,2015,2015,15,15,1,82.939,81.433,164.371
125,768,,TGO,TG,768,4,Country/Area,914,Togo,2,Medium,2015,2015,16,16,1,80.299,78.853,159.151
125,768,,TGO,TG,768,4,Country/Area,914,Togo,2,Medium,2015,2015,17,17,1,77.764,76.325,154.089
125,768,,TGO,TG,768,4,Country/Area,914,Togo,2,Medium,2015,2015,18,18,1,75.674,74.221,149.894
125,768,,TGO,TG,768,4,Country/Area,914,Togo,2,Medium,2015,2015,19,19,1,73.972,72.494,146.465
125,768,,TGO,TG,768,4,Country/Area,914,Togo,2,Medium,2015,2015,20,20,1,72.422,70.931,143.354
125,768,,TGO,TG,768,4,Country/Area,914,Togo,2,Medium,2015,2015,21,21,1,70.835,69.356,140.191
125,768,,TGO,TG,768,4,Country/Area,914,Togo,2,Medium,2015,2015,22,22,1,69.155,67.701,136.856
125,768,,TGO,TG,768,4,Country/Area,914,Togo,2,Medium,2015,2015,23,23,1,67.457,66.043,133.5
125,768,,TGO,TG,768,4,Country/Area,914,Togo,2,Medium,2015,2015,24,24,1,65.747,64.379,130.125
125,768,,TGO,TG,768,4,Country/Area,914,Togo,2,Medium,2015,2015,25,25,1,64.053,62.7,126.754
125,768,,TGO,TG,768,4,Country/Area,914,Togo,2,Medium,2015,2015,26,26,1,62.416,61.056,123.472
125,768,,TGO,TG,768,4,Country/Area,914,Togo,2,Medium,2015,2015,27,27,1,60.819,59.472,120.291
125,768,,TGO,TG,768,4,Country/Area,914,Togo,2,Medium,2015,2015,28,28,1,59.119,57.811,116.93
125,768,,TGO,TG,768,4,Country/Area,914,Togo,2,Medium,2015,2015,29,29,1,57.355,56.092,113.446
125,768,,TGO,TG,768,4,Country/Area,914,Togo,2,Medium,2015,2015,30,30,1,55.743,54.525,110.268
125,768,,TGO,TG,768,4,Country/Area,914,Togo,2,Medium,2015,2015,31,31,1,54.282,53.133,107.415
125,768,,TGO,TG,768,4,Country/Area,914,Togo,2,Medium,2015,2015,32,32,1,52.833,51.778,104.61
125,768,,TGO,TG,768,4,Country/Area,914,Togo,2,Medium,2015,2015,33,33,1,51.374,50.421,101.795
125,768,,TGO,TG,768,4,Country/Area,914,Togo,2,Medium,2015,2015,34,34,1,49.859,48.999,98.859
125,768,,TGO,TG,768,4,Country/Area,914,Togo,2,Medium,2015,2015,35,35,1,48.363,47.577,95.94
125,768,,TGO,TG,768,4,Country/Area,914,Togo,2,Medium,2015,2015,36,36,1,46.904,46.169,93.073
125,768,,TGO,TG,768,4,Country/Area,914,Togo,2,Medium,2015,2015,37,37,1,45.425,44.708,90.133
125,768,,TGO,TG,768,4,Country/Area,914,Togo,2,Medium,2015,2015,38,38,1,43.944,43.252,87.195
125,768,,TGO,TG,768,4,Country/Area,914,Togo,2,Medium,2015,2015,39,39,1,42.361,41.73,84.091
125,768,,TGO,TG,768,4,Country/Area,914,Togo,2,Medium,2015,2015,40,40,1,40.691,40.147,80.838
125,768,,TGO,TG,768,4,Country/Area,914,Togo,2,Medium,2015,2015,41,41,1,39.008,38.587,77.594
125,768,,TGO,TG,768,4,Country/Area,914,Togo,2,Medium,2015,2015,42,42,1,37.318,37.043,74.361
125,768,,TGO,TG,768,4,Country/Area,914,Togo,2,Medium,2015,2015,43,43,1,35.693,35.552,71.245
125,768,,TGO,TG,768,4,Country/Area,914,Togo,2,Medium,2015,2015,44,44,1,34.083,34.057,68.14
125,768,,TGO,TG,768,4,Country/Area,914,Togo,2,Medium,2015,2015,45,45,1,32.511,32.596,65.107
125,768,,TGO,TG,768,4,Country/Area,914,Togo,2,Medium,2015,2015,46,46,1,30.998,31.183,62.181
125,768,,TGO,TG,768,4,Country/Area,914,Togo,2,Medium,2015,2015,47,47,1,29.573,29.849,59.421
125,768,,TGO,TG,768,4,Country/Area,914,Togo,2,Medium,2015,2015,48,48,1,28.293,28.657,56.95
125,768,,TGO,TG,768,4,Country/Area,914,Togo,2,Medium,2015,2015,49,49,1,27.021,27.466,54.487
125,768,,TGO,TG,768,4,Country/Area,914,Togo,2,Medium,2015,2015,50,50,1,25.743,26.268,52.011
125,768,,TGO,TG,768,4,Country/Area,914,Togo,2,Medium,2015,2015,51,51,1,24.518,25.12,49.639
125,768,,TGO,TG,768,4,Country/Area,914,Togo,2,Medium,2015,2015,52,52,1,23.311,23.983,47.295
125,768,,TGO,TG,768,4,Country/Area,914,Togo,2,Medium,2015,2015,53,53,1,22.123,22.861,44.984
125,768,,TGO,TG,768,4,Country/Area,914,Togo,2,Medium,2015,2015,54,54,1,21.01,21.816,42.825
125,768,,TGO,TG,768,4,Country/Area,914,Togo,2,Medium,2015,2015,55,55,1,19.971,20.841,40.812
125,768,,TGO,TG,768,4,Country/Area,914,Togo,2,Medium,2015,2015,56,56,1,18.973,19.904,38.877
125,768,,TGO,TG,768,4,Country/Area,914,Togo,2,Medium,2015,2015,57,57,1,18.023,19.012,37.035
125,768,,TGO,TG,768,4,Country/Area,914,Togo,2,Medium,2015,2015,58,58,1,17.116,18.16,35.276
125,768,,TGO,TG,768,4,Country/Area,914,Togo,2,Medium,2015,2015,59,59,1,16.22,17.313,33.532
125,768,,TGO,TG,768,4,Country/Area,914,Togo,2,Medium,2015,2015,60,60,1,15.361,16.494,31.854
125,768,,TGO,TG,768,4,Country/Area,914,Togo,2,Medium,2015,2015,61,61,1,14.541,15.704,30.244
125,768,,TGO,TG,768,4,Country/Area,914,Togo,2,Medium,2015,2015,62,62,1,13.731,14.913,28.644
125,768,,TGO,TG,768,4,Country/Area,914,Togo,2,Medium,2015,2015,63,63,1,12.92,14.113,27.032
125,768,,TGO,TG,768,4,Country/Area,914,Togo,2,Medium,2015,2015,64,64,1,12.139,13.334,25.474
125,768,,TGO,TG,768,4,Country/Area,914,Togo,2,Medium,2015,2015,65,65,1,11.162,12.297,23.459
125,768,,TGO,TG,768,4,Country/Area,914,Togo,2,Medium,2015,2015,66,66,1,10.288,11.368,21.656
125,768,,TGO,TG,768,4,Country/Area,914,Togo,2,Medium,2015,2015,67,67,1,9.654,10.736,20.39
125,768,,TGO,TG,768,4,Country/Area,914,Togo,2,Medium,2015,2015,68,68,1,8.927,10.008,18.935
125,768,,TGO,TG,768,4,Country/Area,914,Togo,2,Medium,2015,2015,69,69,1,8.127,9.132,17.259
125,768,,TGO,TG,768,4,Country/Area,914,Togo,2,Medium,2015,2015,70,70,1,7.346,8.249,15.595
125,768,,TGO,TG,768,4,Country/Area,914,Togo,2,Medium,2015,2015,71,71,1,6.639,7.49,14.13
125,768,,TGO,TG,768,4,Country/Area,914,Togo,2,Medium,2015,2015,72,72,1,5.951,6.755,12.707
125,768,,TGO,TG,768,4,Country/Area,914,Togo,2,Medium,2015,2015,73,73,1,5.3,6.059,11.358
125,768,,TGO,TG,768,4,Country/Area,914,Togo,2,Medium,2015,2015,74,74,1,4.693,5.409,10.101
125,768,,TGO,TG,768,4,Country/Area,914,Togo,2,Medium,2015,2015,75,75,1,4.13,4.803,8.934
125,768,,TGO,TG,768,4,Country/Area,914,Togo,2,Medium,2015,2015,76,76,1,3.607,4.244,7.851
125,768,,TGO,TG,768,4,Country/Area,914,Togo,2,Medium,2015,2015,77,77,1,3.117,3.709,6.826
125,768,,TGO,TG,768,4,Country/Area,914,Togo,2,Medium,2015,2015,78,78,1,2.657,3.184,5.841
125,768,,TGO,TG,768,4,Country/Area,914,Togo,2,Medium,2015,2015,79,79,1,2.231,2.687,4.917
125,768,,TGO,TG,768,4,Country/Area,914,Togo,2,Medium,2015,2015,80,80,1,1.848,2.238,4.086
125,768,,TGO,TG,768,4,Country/Area,914,Togo,2,Medium,2015,2015,81,81,1,1.51,1.841,3.351
125,768,,TGO,TG,768,4,Country/Area,914,Togo,2,Medium,2015,2015,82,82,1,1.212,1.486,2.697
125,768,,TGO,TG,768,4,Country/Area,914,Togo,2,Medium,2015,2015,83,83,1,0.951,1.176,2.127
125,768,,TGO,TG,768,4,Country/Area,914,Togo,2,Medium,2015,2015,84,84,1,0.731,0.913,1.644
125,768,,TGO,TG,768,4,Country/Area,914,Togo,2,Medium,2015,2015,85,85,1,0.549,0.696,1.244
125,768,,TGO,TG,768,4,Country/Area,914,Togo,2,Medium,2015,2015,86,86,1,0.404,0.52,0.924
125,768,,TGO,TG,768,4,Country/Area,914,Togo,2,Medium,2015,2015,87,87,1,0.29,0.378,0.668
125,768,,TGO,TG,768,4,Country/Area,914,Togo,2,Medium,2015,2015,88,88,1,0.201,0.268,0.469
125,768,,TGO,TG,768,4,Country/Area,914,Togo,2,Medium,2015,2015,89,89,1,0.135,0.184,0.318
125,768,,TGO,TG,768,4,Country/Area,914,Togo,2,Medium,2015,2015,90,90,1,0.087,0.122,0.209
125,768,,TGO,TG,768,4,Country/Area,914,Togo,2,Medium,2015,2015,91,91,1,0.054,0.078,0.132
125,768,,TGO,TG,768,4,Country/Area,914,Togo,2,Medium,2015,2015,92,92,1,0.032,0.048,0.08
125,768,,TGO,TG,768,4,Country/Area,914,Togo,2,Medium,2015,2015,93,93,1,0.018,0.029,0.047
125,768,,TGO,TG,768,4,Country/Area,914,Togo,2,Medium,2015,2015,94,94,1,0.01,0.017,0.027
125,768,,TGO,TG,768,4,Country/Area,914,Togo,2,Medium,2015,2015,95,95,1,0.005,0.009,0.014
125,768,,TGO,TG,768,4,Country/Area,914,Togo,2,Medium,2015,2015,96,96,1,0.003,0.005,0.008
125,768,,TGO,TG,768,4,Country/Area,914,Togo,2,Medium,2015,2015,97,97,1,0.001,0.003,0.004
125,768,,TGO,TG,768,4,Country/Area,914,Togo,2,Medium,2015,2015,98,98,1,0.001,0.001,0.002
125,768,,TGO,TG,768,4,Country/Area,914,Togo,2,Medium,2015,2015,99,99,1,0,0.001,0.001
125,768,,TGO,TG,768,4,Country/Area,914,Togo,2,Medium,2015,2015,100+,100,-1,0,0,0
125,768,,TGO,TG,768,4,Country/Area,914,Togo,2,Medium,2016,2016,0,0,1,129.749,127.21,256.959
125,768,,TGO,TG,768,4,Country/Area,914,Togo,2,Medium,2016,2016,1,1,1,125.397,123.456,248.853
125,768,,TGO,TG,768,4,Country/Area,914,Togo,2,Medium,2016,2016,2,2,1,122.371,120.743,243.114
125,768,,TGO,TG,768,4,Country/Area,914,Togo,2,Medium,2016,2016,3,3,1,120.173,118.668,238.84
125,768,,TGO,TG,768,4,Country/Area,914,Togo,2,Medium,2016,2016,4,4,1,118.896,117.393,236.289
125,768,,TGO,TG,768,4,Country/Area,914,Togo,2,Medium,2016,2016,5,5,1,117.694,116.107,233.801
125,768,,TGO,TG,768,4,Country/Area,914,Togo,2,Medium,2016,2016,6,6,1,115.212,113.49,228.702
125,768,,TGO,TG,768,4,Country/Area,914,Togo,2,Medium,2016,2016,7,7,1,111.473,109.626,221.1
125,768,,TGO,TG,768,4,Country/Area,914,Togo,2,Medium,2016,2016,8,8,1,107.701,105.758,213.459
125,768,,TGO,TG,768,4,Country/Area,914,Togo,2,Medium,2016,2016,9,9,1,103.71,101.733,205.444
125,768,,TGO,TG,768,4,Country/Area,914,Togo,2,Medium,2016,2016,10,10,1,99.49,97.523,197.013
125,768,,TGO,TG,768,4,Country/Area,914,Togo,2,Medium,2016,2016,11,11,1,95.576,93.656,189.231
125,768,,TGO,TG,768,4,Country/Area,914,Togo,2,Medium,2016,2016,12,12,1,92.667,90.806,183.473
125,768,,TGO,TG,768,4,Country/Area,914,Togo,2,Medium,2016,2016,13,13,1,90.496,88.694,179.19
125,768,,TGO,TG,768,4,Country/Area,914,Togo,2,Medium,2016,2016,14,14,1,88.056,86.335,174.392
125,768,,TGO,TG,768,4,Country/Area,914,Togo,2,Medium,2016,2016,15,15,1,85.416,83.778,169.194
125,768,,TGO,TG,768,4,Country/Area,914,Togo,2,Medium,2016,2016,16,16,1,82.733,81.173,163.905
125,768,,TGO,TG,768,4,Country/Area,914,Togo,2,Medium,2016,2016,17,17,1,80.071,78.558,158.629
125,768,,TGO,TG,768,4,Country/Area,914,Togo,2,Medium,2016,2016,18,18,1,77.511,76.001,153.512
125,768,,TGO,TG,768,4,Country/Area,914,Togo,2,Medium,2016,2016,19,19,1,75.394,73.874,149.268
125,768,,TGO,TG,768,4,Country/Area,914,Togo,2,Medium,2016,2016,20,20,1,73.665,72.136,145.802
125,768,,TGO,TG,768,4,Country/Area,914,Togo,2,Medium,2016,2016,21,21,1,72.095,70.57,142.666
125,768,,TGO,TG,768,4,Country/Area,914,Togo,2,Medium,2016,2016,22,22,1,70.496,68.999,139.494
125,768,,TGO,TG,768,4,Country/Area,914,Togo,2,Medium,2016,2016,23,23,1,68.813,67.346,136.159
125,768,,TGO,TG,768,4,Country/Area,914,Togo,2,Medium,2016,2016,24,24,1,67.121,65.691,132.812
125,768,,TGO,TG,768,4,Country/Area,914,Togo,2,Medium,2016,2016,25,25,1,65.424,64.028,129.451
125,768,,TGO,TG,768,4,Country/Area,914,Togo,2,Medium,2016,2016,26,26,1,63.743,62.349,126.093
125,768,,TGO,TG,768,4,Country/Area,914,Togo,2,Medium,2016,2016,27,27,1,62.118,60.707,122.826
125,768,,TGO,TG,768,4,Country/Area,914,Togo,2,Medium,2016,2016,28,28,1,60.529,59.126,119.655
125,768,,TGO,TG,768,4,Country/Area,914,Togo,2,Medium,2016,2016,29,29,1,58.834,57.471,116.306
125,768,,TGO,TG,768,4,Country/Area,914,Togo,2,Medium,2016,2016,30,30,1,57.072,55.761,112.832
125,768,,TGO,TG,768,4,Country/Area,914,Togo,2,Medium,2016,2016,31,31,1,55.459,54.205,109.664
125,768,,TGO,TG,768,4,Country/Area,914,Togo,2,Medium,2016,2016,32,32,1,53.998,52.82,106.818
125,768,,TGO,TG,768,4,Country/Area,914,Togo,2,Medium,2016,2016,33,33,1,52.549,51.472,104.021
125,768,,TGO,TG,768,4,Country/Area,914,Togo,2,Medium,2016,2016,34,34,1,51.093,50.121,101.213
125,768,,TGO,TG,768,4,Country/Area,914,Togo,2,Medium,2016,2016,35,35,1,49.582,48.703,98.285
125,768,,TGO,TG,768,4,Country/Area,914,Togo,2,Medium,2016,2016,36,36,1,48.09,47.284,95.374
125,768,,TGO,TG,768,4,Country/Area,914,Togo,2,Medium,2016,2016,37,37,1,46.633,45.877,92.51
125,768,,TGO,TG,768,4,Country/Area,914,Togo,2,Medium,2016,2016,38,38,1,45.156,44.419,89.575
125,768,,TGO,TG,768,4,Country/Area,914,Togo,2,Medium,2016,2016,39,39,1,43.671,42.965,86.636
125,768,,TGO,TG,768,4,Country/Area,914,Togo,2,Medium,2016,2016,40,40,1,42.086,41.448,83.534
125,768,,TGO,TG,768,4,Country/Area,914,Togo,2,Medium,2016,2016,41,41,1,40.411,39.873,80.284
125,768,,TGO,TG,768,4,Country/Area,914,Togo,2,Medium,2016,2016,42,42,1,38.724,38.319,77.043
125,768,,TGO,TG,768,4,Country/Area,914,Togo,2,Medium,2016,2016,43,43,1,37.032,36.782,73.814
125,768,,TGO,TG,768,4,Country/Area,914,Togo,2,Medium,2016,2016,44,44,1,35.406,35.298,70.704
125,768,,TGO,TG,768,4,Country/Area,914,Togo,2,Medium,2016,2016,45,45,1,33.797,33.809,67.606
125,768,,TGO,TG,768,4,Country/Area,914,Togo,2,Medium,2016,2016,46,46,1,32.226,32.354,64.58
125,768,,TGO,TG,768,4,Country/Area,914,Togo,2,Medium,2016,2016,47,47,1,30.712,30.942,61.654
125,768,,TGO,TG,768,4,Country/Area,914,Togo,2,Medium,2016,2016,48,48,1,29.285,29.608,58.892
125,768,,TGO,TG,768,4,Country/Area,914,Togo,2,Medium,2016,2016,49,49,1,28,28.412,56.412
125,768,,TGO,TG,768,4,Country/Area,914,Togo,2,Medium,2016,2016,50,50,1,26.723,27.217,53.94
125,768,,TGO,TG,768,4,Country/Area,914,Togo,2,Medium,2016,2016,51,51,1,25.438,26.012,51.45
125,768,,TGO,TG,768,4,Country/Area,914,Togo,2,Medium,2016,2016,52,52,1,24.206,24.859,49.066
125,768,,TGO,TG,768,4,Country/Area,914,Togo,2,Medium,2016,2016,53,53,1,22.993,23.718,46.711
125,768,,TGO,TG,768,4,Country/Area,914,Togo,2,Medium,2016,2016,54,54,1,21.799,22.593,44.392
125,768,,TGO,TG,768,4,Country/Area,914,Togo,2,Medium,2016,2016,55,55,1,20.682,21.544,42.227
125,768,,TGO,TG,768,4,Country/Area,914,Togo,2,Medium,2016,2016,56,56,1,19.637,20.566,40.203
125,768,,TGO,TG,768,4,Country/Area,914,Togo,2,Medium,2016,2016,57,57,1,18.633,19.622,38.254
125,768,,TGO,TG,768,4,Country/Area,914,Togo,2,Medium,2016,2016,58,58,1,17.675,18.72,36.395
125,768,,TGO,TG,768,4,Country/Area,914,Togo,2,Medium,2016,2016,59,59,1,16.76,17.854,34.614
125,768,,TGO,TG,768,4,Country/Area,914,Togo,2,Medium,2016,2016,60,60,1,15.852,16.99,32.842
125,768,,TGO,TG,768,4,Country/Area,914,Togo,2,Medium,2016,2016,61,61,1,14.982,16.151,31.133
125,768,,TGO,TG,768,4,Country/Area,914,Togo,2,Medium,2016,2016,62,62,1,14.152,15.342,29.494
125,768,,TGO,TG,768,4,Country/Area,914,Togo,2,Medium,2016,2016,63,63,1,13.331,14.533,27.864
125,768,,TGO,TG,768,4,Country/Area,914,Togo,2,Medium,2016,2016,64,64,1,12.512,13.716,26.229
125,768,,TGO,TG,768,4,Country/Area,914,Togo,2,Medium,2016,2016,65,65,1,11.725,12.925,24.65
125,768,,TGO,TG,768,4,Country/Area,914,Togo,2,Medium,2016,2016,66,66,1,10.749,11.886,22.634
125,768,,TGO,TG,768,4,Country/Area,914,Togo,2,Medium,2016,2016,67,67,1,9.874,10.95,20.823
125,768,,TGO,TG,768,4,Country/Area,914,Togo,2,Medium,2016,2016,68,68,1,9.229,10.3,19.529
125,768,,TGO,TG,768,4,Country/Area,914,Togo,2,Medium,2016,2016,69,69,1,8.498,9.558,18.056
125,768,,TGO,TG,768,4,Country/Area,914,Togo,2,Medium,2016,2016,70,70,1,7.696,8.674,16.37
125,768,,TGO,TG,768,4,Country/Area,914,Togo,2,Medium,2016,2016,71,71,1,6.915,7.789,14.704
125,768,,TGO,TG,768,4,Country/Area,914,Togo,2,Medium,2016,2016,72,72,1,6.208,7.024,13.232
125,768,,TGO,TG,768,4,Country/Area,914,Togo,2,Medium,2016,2016,73,73,1,5.524,6.287,11.811
125,768,,TGO,TG,768,4,Country/Area,914,Togo,2,Medium,2016,2016,74,74,1,4.878,5.595,10.473
125,768,,TGO,TG,768,4,Country/Area,914,Togo,2,Medium,2016,2016,75,75,1,4.281,4.95,9.232
125,768,,TGO,TG,768,4,Country/Area,914,Togo,2,Medium,2016,2016,76,76,1,3.731,4.355,8.085
125,768,,TGO,TG,768,4,Country/Area,914,Togo,2,Medium,2016,2016,77,77,1,3.221,3.807,7.028
125,768,,TGO,TG,768,4,Country/Area,914,Togo,2,Medium,2016,2016,78,78,1,2.75,3.286,6.036
125,768,,TGO,TG,768,4,Country/Area,914,Togo,2,Medium,2016,2016,79,79,1,2.312,2.783,5.095
125,768,,TGO,TG,768,4,Country/Area,914,Togo,2,Medium,2016,2016,80,80,1,1.913,2.312,4.224
125,768,,TGO,TG,768,4,Country/Area,914,Togo,2,Medium,2016,2016,81,81,1,1.559,1.894,3.453
125,768,,TGO,TG,768,4,Country/Area,914,Togo,2,Medium,2016,2016,82,82,1,1.252,1.53,2.782
125,768,,TGO,TG,768,4,Country/Area,914,Togo,2,Medium,2016,2016,83,83,1,0.986,1.213,2.199
125,768,,TGO,TG,768,4,Country/Area,914,Togo,2,Medium,2016,2016,84,84,1,0.759,0.942,1.7
125,768,,TGO,TG,768,4,Country/Area,914,Togo,2,Medium,2016,2016,85,85,1,0.569,0.718,1.287
125,768,,TGO,TG,768,4,Country/Area,914,Togo,2,Medium,2016,2016,86,86,1,0.419,0.535,0.954
125,768,,TGO,TG,768,4,Country/Area,914,Togo,2,Medium,2016,2016,87,87,1,0.3,0.39,0.69
125,768,,TGO,TG,768,4,Country/Area,914,Togo,2,Medium,2016,2016,88,88,1,0.208,0.276,0.484
125,768,,TGO,TG,768,4,Country/Area,914,Togo,2,Medium,2016,2016,89,89,1,0.14,0.189,0.329
125,768,,TGO,TG,768,4,Country/Area,914,Togo,2,Medium,2016,2016,90,90,1,0.09,0.126,0.215
125,768,,TGO,TG,768,4,Country/Area,914,Togo,2,Medium,2016,2016,91,91,1,0.056,0.081,0.137
125,768,,TGO,TG,768,4,Country/Area,914,Togo,2,Medium,2016,2016,92,92,1,0.033,0.05,0.083
125,768,,TGO,TG,768,4,Country/Area,914,Togo,2,Medium,2016,2016,93,93,1,0.019,0.03,0.048
125,768,,TGO,TG,768,4,Country/Area,914,Togo,2,Medium,2016,2016,94,94,1,0.01,0.017,0.027
125,768,,TGO,TG,768,4,Country/Area,914,Togo,2,Medium,2016,2016,95,95,1,0.005,0.01,0.015
125,768,,TGO,TG,768,4,Country/Area,914,Togo,2,Medium,2016,2016,96,96,1,0.003,0.005,0.008
125,768,,TGO,TG,768,4,Country/Area,914,Togo,2,Medium,2016,2016,97,97,1,0.001,0.003,0.004
125,768,,TGO,TG,768,4,Country/Area,914,Togo,2,Medium,2016,2016,98,98,1,0.001,0.001,0.002
125,768,,TGO,TG,768,4,Country/Area,914,Togo,2,Medium,2016,2016,99,99,1,0,0.001,0.001
125,768,,TGO,TG,768,4,Country/Area,914,Togo,2,Medium,2016,2016,100+,100,-1,0,0,0
125,768,,TGO,TG,768,4,Country/Area,914,Togo,2,Medium,2017,2017,0,0,1,131.743,129.137,260.879
125,768,,TGO,TG,768,4,Country/Area,914,Togo,2,Medium,2017,2017,1,1,1,127.747,125.728,253.476
125,768,,TGO,TG,768,4,Country/Area,914,Togo,2,Medium,2017,2017,2,2,1,124.456,122.746,247.201
125,768,,TGO,TG,768,4,Country/Area,914,Togo,2,Medium,2017,2017,3,3,1,121.618,120.043,241.661
125,768,,TGO,TG,768,4,Country/Area,914,Togo,2,Medium,2017,2017,4,4,1,119.567,117.984,237.552
125,768,,TGO,TG,768,4,Country/Area,914,Togo,2,Medium,2017,2017,5,5,1,118.401,116.739,235.139
125,768,,TGO,TG,768,4,Country/Area,914,Togo,2,Medium,2017,2017,6,6,1,117.287,115.504,232.791
125,768,,TGO,TG,768,4,Country/Area,914,Togo,2,Medium,2017,2017,7,7,1,114.877,112.964,227.841
125,768,,TGO,TG,768,4,Country/Area,914,Togo,2,Medium,2017,2017,8,8,1,111.196,109.194,220.389
125,768,,TGO,TG,768,4,Country/Area,914,Togo,2,Medium,2017,2017,9,9,1,107.465,105.409,212.874
125,768,,TGO,TG,768,4,Country/Area,914,Togo,2,Medium,2017,2017,10,10,1,103.507,101.454,204.961
125,768,,TGO,TG,768,4,Country/Area,914,Togo,2,Medium,2017,2017,11,11,1,99.308,97.291,196.599
125,768,,TGO,TG,768,4,Country/Area,914,Togo,2,Medium,2017,2017,12,12,1,95.405,93.453,188.857
125,768,,TGO,TG,768,4,Country/Area,914,Togo,2,Medium,2017,2017,13,13,1,92.498,90.609,183.107
125,768,,TGO,TG,768,4,Country/Area,914,Togo,2,Medium,2017,2017,14,14,1,90.321,88.489,178.81
125,768,,TGO,TG,768,4,Country/Area,914,Togo,2,Medium,2017,2017,15,15,1,87.869,86.108,173.976
125,768,,TGO,TG,768,4,Country/Area,914,Togo,2,Medium,2017,2017,16,16,1,85.212,83.519,168.73
125,768,,TGO,TG,768,4,Country/Area,914,Togo,2,Medium,2017,2017,17,17,1,82.505,80.879,163.385
125,768,,TGO,TG,768,4,Country/Area,914,Togo,2,Medium,2017,2017,18,18,1,79.82,78.234,158.054
125,768,,TGO,TG,768,4,Country/Area,914,Togo,2,Medium,2017,2017,19,19,1,77.234,75.657,152.891
125,768,,TGO,TG,768,4,Country/Area,914,Togo,2,Medium,2017,2017,20,20,1,75.092,73.52,148.613
125,768,,TGO,TG,768,4,Country/Area,914,Togo,2,Medium,2017,2017,21,21,1,73.344,71.779,145.123
125,768,,TGO,TG,768,4,Country/Area,914,Togo,2,Medium,2017,2017,22,22,1,71.76,70.216,141.976
125,768,,TGO,TG,768,4,Country/Area,914,Togo,2,Medium,2017,2017,23,23,1,70.159,68.647,138.805
125,768,,TGO,TG,768,4,Country/Area,914,Togo,2,Medium,2017,2017,24,24,1,68.481,66.997,135.478
125,768,,TGO,TG,768,4,Country/Area,914,Togo,2,Medium,2017,2017,25,25,1,66.802,65.343,132.144
125,768,,TGO,TG,768,4,Country/Area,914,Togo,2,Medium,2017,2017,26,26,1,65.117,63.679,128.796
125,768,,TGO,TG,768,4,Country/Area,914,Togo,2,Medium,2017,2017,27,27,1,63.45,62.002,125.451
125,768,,TGO,TG,768,4,Country/Area,914,Togo,2,Medium,2017,2017,28,28,1,61.832,60.362,122.194
125,768,,TGO,TG,768,4,Country/Area,914,Togo,2,Medium,2017,2017,29,29,1,60.247,58.788,119.034
125,768,,TGO,TG,768,4,Country/Area,914,Togo,2,Medium,2017,2017,30,30,1,58.553,57.142,115.695
125,768,,TGO,TG,768,4,Country/Area,914,Togo,2,Medium,2017,2017,31,31,1,56.79,55.441,112.231
125,768,,TGO,TG,768,4,Country/Area,914,Togo,2,Medium,2017,2017,32,32,1,55.178,53.894,109.072
125,768,,TGO,TG,768,4,Country/Area,914,Togo,2,Medium,2017,2017,33,33,1,53.717,52.517,106.233
125,768,,TGO,TG,768,4,Country/Area,914,Togo,2,Medium,2017,2017,34,34,1,52.27,51.173,103.443
125,768,,TGO,TG,768,4,Country/Area,914,Togo,2,Medium,2017,2017,35,35,1,50.816,49.827,100.643
125,768,,TGO,TG,768,4,Country/Area,914,Togo,2,Medium,2017,2017,36,36,1,49.31,48.411,97.721
125,768,,TGO,TG,768,4,Country/Area,914,Togo,2,Medium,2017,2017,37,37,1,47.819,46.993,94.813
125,768,,TGO,TG,768,4,Country/Area,914,Togo,2,Medium,2017,2017,38,38,1,46.364,45.589,91.952
125,768,,TGO,TG,768,4,Country/Area,914,Togo,2,Medium,2017,2017,39,39,1,44.883,44.133,89.016
125,768,,TGO,TG,768,4,Country/Area,914,Togo,2,Medium,2017,2017,40,40,1,43.395,42.682,86.076
125,768,,TGO,TG,768,4,Country/Area,914,Togo,2,Medium,2017,2017,41,41,1,41.803,41.171,82.975
125,768,,TGO,TG,768,4,Country/Area,914,Togo,2,Medium,2017,2017,42,42,1,40.126,39.602,79.727
125,768,,TGO,TG,768,4,Country/Area,914,Togo,2,Medium,2017,2017,43,43,1,38.436,38.054,76.49
125,768,,TGO,TG,768,4,Country/Area,914,Togo,2,Medium,2017,2017,44,44,1,36.742,36.525,73.266
125,768,,TGO,TG,768,4,Country/Area,914,Togo,2,Medium,2017,2017,45,45,1,35.116,35.047,70.163
125,768,,TGO,TG,768,4,Country/Area,914,Togo,2,Medium,2017,2017,46,46,1,33.507,33.563,67.07
125,768,,TGO,TG,768,4,Country/Area,914,Togo,2,Medium,2017,2017,47,47,1,31.936,32.109,64.046
125,768,,TGO,TG,768,4,Country/Area,914,Togo,2,Medium,2017,2017,48,48,1,30.421,30.697,61.117
125,768,,TGO,TG,768,4,Country/Area,914,Togo,2,Medium,2017,2017,49,49,1,28.989,29.36,58.349
125,768,,TGO,TG,768,4,Country/Area,914,Togo,2,Medium,2017,2017,50,50,1,27.698,28.159,55.856
125,768,,TGO,TG,768,4,Country/Area,914,Togo,2,Medium,2017,2017,51,51,1,26.412,26.957,53.37
125,768,,TGO,TG,768,4,Country/Area,914,Togo,2,Medium,2017,2017,52,52,1,25.12,25.747,50.867
125,768,,TGO,TG,768,4,Country/Area,914,Togo,2,Medium,2017,2017,53,53,1,23.881,24.589,48.471
125,768,,TGO,TG,768,4,Country/Area,914,Togo,2,Medium,2017,2017,54,54,1,22.663,23.445,46.108
125,768,,TGO,TG,768,4,Country/Area,914,Togo,2,Medium,2017,2017,55,55,1,21.465,22.317,43.782
125,768,,TGO,TG,768,4,Country/Area,914,Togo,2,Medium,2017,2017,56,56,1,20.343,21.265,41.608
125,768,,TGO,TG,768,4,Country/Area,914,Togo,2,Medium,2017,2017,57,57,1,19.292,20.279,39.571
125,768,,TGO,TG,768,4,Country/Area,914,Togo,2,Medium,2017,2017,58,58,1,18.28,19.325,37.605
125,768,,TGO,TG,768,4,Country/Area,914,Togo,2,Medium,2017,2017,59,59,1,17.314,18.41,35.724
125,768,,TGO,TG,768,4,Country/Area,914,Togo,2,Medium,2017,2017,60,60,1,16.386,17.527,33.913
125,768,,TGO,TG,768,4,Country/Area,914,Togo,2,Medium,2017,2017,61,61,1,15.467,16.644,32.111
125,768,,TGO,TG,768,4,Country/Area,914,Togo,2,Medium,2017,2017,62,62,1,14.586,15.786,30.372
125,768,,TGO,TG,768,4,Country/Area,914,Togo,2,Medium,2017,2017,63,63,1,13.746,14.958,28.704
125,768,,TGO,TG,768,4,Country/Area,914,Togo,2,Medium,2017,2017,64,64,1,12.917,14.133,27.049
125,768,,TGO,TG,768,4,Country/Area,914,Togo,2,Medium,2017,2017,65,65,1,12.091,13.303,25.395
125,768,,TGO,TG,768,4,Country/Area,914,Togo,2,Medium,2017,2017,66,66,1,11.297,12.499,23.797
125,768,,TGO,TG,768,4,Country/Area,914,Togo,2,Medium,2017,2017,67,67,1,10.323,11.456,21.779
125,768,,TGO,TG,768,4,Country/Area,914,Togo,2,Medium,2017,2017,68,68,1,9.447,10.512,19.959
125,768,,TGO,TG,768,4,Country/Area,914,Togo,2,Medium,2017,2017,69,69,1,8.793,9.844,18.637
125,768,,TGO,TG,768,4,Country/Area,914,Togo,2,Medium,2017,2017,70,70,1,8.054,9.086,17.14
125,768,,TGO,TG,768,4,Country/Area,914,Togo,2,Medium,2017,2017,71,71,1,7.252,8.197,15.448
125,768,,TGO,TG,768,4,Country/Area,914,Togo,2,Medium,2017,2017,72,72,1,6.473,7.31,13.783
125,768,,TGO,TG,768,4,Country/Area,914,Togo,2,Medium,2017,2017,73,73,1,5.768,6.543,12.312
125,768,,TGO,TG,768,4,Country/Area,914,Togo,2,Medium,2017,2017,74,74,1,5.09,5.811,10.902
125,768,,TGO,TG,768,4,Country/Area,914,Togo,2,Medium,2017,2017,75,75,1,4.456,5.127,9.582
125,768,,TGO,TG,768,4,Country/Area,914,Togo,2,Medium,2017,2017,76,76,1,3.872,4.494,8.365
125,768,,TGO,TG,768,4,Country/Area,914,Togo,2,Medium,2017,2017,77,77,1,3.336,3.911,7.247
125,768,,TGO,TG,768,4,Country/Area,914,Togo,2,Medium,2017,2017,78,78,1,2.846,3.377,6.224
125,768,,TGO,TG,768,4,Country/Area,914,Togo,2,Medium,2017,2017,79,79,1,2.397,2.876,5.272
125,768,,TGO,TG,768,4,Country/Area,914,Togo,2,Medium,2017,2017,80,80,1,1.986,2.398,4.384
125,768,,TGO,TG,768,4,Country/Area,914,Togo,2,Medium,2017,2017,81,81,1,1.617,1.96,3.576
125,768,,TGO,TG,768,4,Country/Area,914,Togo,2,Medium,2017,2017,82,82,1,1.295,1.577,2.872
125,768,,TGO,TG,768,4,Country/Area,914,Togo,2,Medium,2017,2017,83,83,1,1.02,1.252,2.272
125,768,,TGO,TG,768,4,Country/Area,914,Togo,2,Medium,2017,2017,84,84,1,0.788,0.974,1.762
125,768,,TGO,TG,768,4,Country/Area,914,Togo,2,Medium,2017,2017,85,85,1,0.593,0.742,1.335
125,768,,TGO,TG,768,4,Country/Area,914,Togo,2,Medium,2017,2017,86,86,1,0.435,0.553,0.988
125,768,,TGO,TG,768,4,Country/Area,914,Togo,2,Medium,2017,2017,87,87,1,0.311,0.403,0.714
125,768,,TGO,TG,768,4,Country/Area,914,Togo,2,Medium,2017,2017,88,88,1,0.216,0.285,0.5
125,768,,TGO,TG,768,4,Country/Area,914,Togo,2,Medium,2017,2017,89,89,1,0.145,0.196,0.34
125,768,,TGO,TG,768,4,Country/Area,914,Togo,2,Medium,2017,2017,90,90,1,0.093,0.13,0.223
125,768,,TGO,TG,768,4,Country/Area,914,Togo,2,Medium,2017,2017,91,91,1,0.058,0.083,0.141
125,768,,TGO,TG,768,4,Country/Area,914,Togo,2,Medium,2017,2017,92,92,1,0.035,0.051,0.086
125,768,,TGO,TG,768,4,Country/Area,914,Togo,2,Medium,2017,2017,93,93,1,0.02,0.031,0.05
125,768,,TGO,TG,768,4,Country/Area,914,Togo,2,Medium,2017,2017,94,94,1,0.011,0.018,0.028
125,768,,TGO,TG,768,4,Country/Area,914,Togo,2,Medium,2017,2017,95,95,1,0.006,0.01,0.016
125,768,,TGO,TG,768,4,Country/Area,914,Togo,2,Medium,2017,2017,96,96,1,0.003,0.005,0.008
125,768,,TGO,TG,768,4,Country/Area,914,Togo,2,Medium,2017,2017,97,97,1,0.001,0.003,0.004
125,768,,TGO,TG,768,4,Country/Area,914,Togo,2,Medium,2017,2017,98,98,1,0.001,0.001,0.002
125,768,,TGO,TG,768,4,Country/Area,914,Togo,2,Medium,2017,2017,99,99,1,0,0.001,0.001
125,768,,TGO,TG,768,4,Country/Area,914,Togo,2,Medium,2017,2017,100+,100,-1,0,0,0
125,768,,TGO,TG,768,4,Country/Area,914,Togo,2,Medium,2018,2018,0,0,1,133.232,130.57,263.801
125,768,,TGO,TG,768,4,Country/Area,914,Togo,2,Medium,2018,2018,1,1,1,129.803,127.708,257.51
125,768,,TGO,TG,768,4,Country/Area,914,Togo,2,Medium,2018,2018,2,2,1,126.826,125.039,251.865
125,768,,TGO,TG,768,4,Country/Area,914,Togo,2,Medium,2018,2018,3,3,1,123.724,122.065,245.788
125,768,,TGO,TG,768,4,Country/Area,914,Togo,2,Medium,2018,2018,4,4,1,121.034,119.379,240.412
125,768,,TGO,TG,768,4,Country/Area,914,Togo,2,Medium,2018,2018,5,5,1,119.094,117.351,236.445
125,768,,TGO,TG,768,4,Country/Area,914,Togo,2,Medium,2018,2018,6,6,1,118.012,116.153,234.166
125,768,,TGO,TG,768,4,Country/Area,914,Togo,2,Medium,2018,2018,7,7,1,116.963,114.987,231.95
125,768,,TGO,TG,768,4,Country/Area,914,Togo,2,Medium,2018,2018,8,8,1,114.605,112.532,227.137
125,768,,TGO,TG,768,4,Country/Area,914,Togo,2,Medium,2018,2018,9,9,1,110.965,108.844,219.809
125,768,,TGO,TG,768,4,Country/Area,914,Togo,2,Medium,2018,2018,10,10,1,107.263,105.129,212.393
125,768,,TGO,TG,768,4,Country/Area,914,Togo,2,Medium,2018,2018,11,11,1,103.326,101.221,204.546
125,768,,TGO,TG,768,4,Country/Area,914,Togo,2,Medium,2018,2018,12,12,1,99.138,97.087,196.225
125,768,,TGO,TG,768,4,Country/Area,914,Togo,2,Medium,2018,2018,13,13,1,95.237,93.257,188.494
125,768,,TGO,TG,768,4,Country/Area,914,Togo,2,Medium,2018,2018,14,14,1,92.326,90.406,182.733
125,768,,TGO,TG,768,4,Country/Area,914,Togo,2,Medium,2018,2018,15,15,1,90.136,88.262,178.399
125,768,,TGO,TG,768,4,Country/Area,914,Togo,2,Medium,2018,2018,16,16,1,87.666,85.849,173.516
125,768,,TGO,TG,768,4,Country/Area,914,Togo,2,Medium,2018,2018,17,17,1,84.987,83.225,168.212
125,768,,TGO,TG,768,4,Country/Area,914,Togo,2,Medium,2018,2018,18,18,1,82.257,80.555,162.813
125,768,,TGO,TG,768,4,Country/Area,914,Togo,2,Medium,2018,2018,19,19,1,79.546,77.891,157.436
125,768,,TGO,TG,768,4,Country/Area,914,Togo,2,Medium,2018,2018,20,20,1,76.936,75.305,152.24
125,768,,TGO,TG,768,4,Country/Area,914,Togo,2,Medium,2018,2018,21,21,1,74.776,73.166,147.942
125,768,,TGO,TG,768,4,Country/Area,914,Togo,2,Medium,2018,2018,22,22,1,73.016,71.429,144.445
125,768,,TGO,TG,768,4,Country/Area,914,Togo,2,Medium,2018,2018,23,23,1,71.43,69.868,141.298
125,768,,TGO,TG,768,4,Country/Area,914,Togo,2,Medium,2018,2018,24,24,1,69.834,68.3,138.134
125,768,,TGO,TG,768,4,Country/Area,914,Togo,2,Medium,2018,2018,25,25,1,68.168,66.651,134.819
125,768,,TGO,TG,768,4,Country/Area,914,Togo,2,Medium,2018,2018,26,26,1,66.5,64.996,131.496
125,768,,TGO,TG,768,4,Country/Area,914,Togo,2,Medium,2018,2018,27,27,1,64.828,63.334,128.162
125,768,,TGO,TG,768,4,Country/Area,914,Togo,2,Medium,2018,2018,28,28,1,63.167,61.658,124.826
125,768,,TGO,TG,768,4,Country/Area,914,Togo,2,Medium,2018,2018,29,29,1,61.553,60.026,121.579
125,768,,TGO,TG,768,4,Country/Area,914,Togo,2,Medium,2018,2018,30,30,1,59.969,58.459,118.428
125,768,,TGO,TG,768,4,Country/Area,914,Togo,2,Medium,2018,2018,31,31,1,58.275,56.822,115.097
125,768,,TGO,TG,768,4,Country/Area,914,Togo,2,Medium,2018,2018,32,32,1,56.511,55.133,111.644
125,768,,TGO,TG,768,4,Country/Area,914,Togo,2,Medium,2018,2018,33,33,1,54.9,53.592,108.492
125,768,,TGO,TG,768,4,Country/Area,914,Togo,2,Medium,2018,2018,34,34,1,53.44,52.22,105.659
125,768,,TGO,TG,768,4,Country/Area,914,Togo,2,Medium,2018,2018,35,35,1,51.995,50.881,102.876
125,768,,TGO,TG,768,4,Country/Area,914,Togo,2,Medium,2018,2018,36,36,1,50.547,49.535,100.082
125,768,,TGO,TG,768,4,Country/Area,914,Togo,2,Medium,2018,2018,37,37,1,49.041,48.12,97.162
125,768,,TGO,TG,768,4,Country/Area,914,Togo,2,Medium,2018,2018,38,38,1,47.553,46.705,94.257
125,768,,TGO,TG,768,4,Country/Area,914,Togo,2,Medium,2018,2018,39,39,1,46.093,45.301,91.394
125,768,,TGO,TG,768,4,Country/Area,914,Togo,2,Medium,2018,2018,40,40,1,44.608,43.848,88.456
125,768,,TGO,TG,768,4,Country/Area,914,Togo,2,Medium,2018,2018,41,41,1,43.112,42.403,85.516
125,768,,TGO,TG,768,4,Country/Area,914,Togo,2,Medium,2018,2018,42,42,1,41.517,40.898,82.414
125,768,,TGO,TG,768,4,Country/Area,914,Togo,2,Medium,2018,2018,43,43,1,39.836,39.334,79.17
125,768,,TGO,TG,768,4,Country/Area,914,Togo,2,Medium,2018,2018,44,44,1,38.144,37.794,75.937
125,768,,TGO,TG,768,4,Country/Area,914,Togo,2,Medium,2018,2018,45,45,1,36.449,36.27,72.719
125,768,,TGO,TG,768,4,Country/Area,914,Togo,2,Medium,2018,2018,46,46,1,34.823,34.797,69.62
125,768,,TGO,TG,768,4,Country/Area,914,Togo,2,Medium,2018,2018,47,47,1,33.214,33.315,66.529
125,768,,TGO,TG,768,4,Country/Area,914,Togo,2,Medium,2018,2018,48,48,1,31.64,31.86,63.5
125,768,,TGO,TG,768,4,Country/Area,914,Togo,2,Medium,2018,2018,49,49,1,30.12,30.445,60.566
125,768,,TGO,TG,768,4,Country/Area,914,Togo,2,Medium,2018,2018,50,50,1,28.683,29.103,57.785
125,768,,TGO,TG,768,4,Country/Area,914,Togo,2,Medium,2018,2018,51,51,1,27.383,27.895,55.278
125,768,,TGO,TG,768,4,Country/Area,914,Togo,2,Medium,2018,2018,52,52,1,26.09,26.686,52.776
125,768,,TGO,TG,768,4,Country/Area,914,Togo,2,Medium,2018,2018,53,53,1,24.791,25.472,50.263
125,768,,TGO,TG,768,4,Country/Area,914,Togo,2,Medium,2018,2018,54,54,1,23.546,24.311,47.856
125,768,,TGO,TG,768,4,Country/Area,914,Togo,2,Medium,2018,2018,55,55,1,22.323,23.163,45.486
125,768,,TGO,TG,768,4,Country/Area,914,Togo,2,Medium,2018,2018,56,56,1,21.12,22.032,43.153
125,768,,TGO,TG,768,4,Country/Area,914,Togo,2,Medium,2018,2018,57,57,1,19.992,20.974,40.966
125,768,,TGO,TG,768,4,Country/Area,914,Togo,2,Medium,2018,2018,58,58,1,18.934,19.977,38.911
125,768,,TGO,TG,768,4,Country/Area,914,Togo,2,Medium,2018,2018,59,59,1,17.913,19.011,36.923
125,768,,TGO,TG,768,4,Country/Area,914,Togo,2,Medium,2018,2018,60,60,1,16.935,18.078,35.014
125,768,,TGO,TG,768,4,Country/Area,914,Togo,2,Medium,2018,2018,61,61,1,15.996,17.177,33.172
125,768,,TGO,TG,768,4,Country/Area,914,Togo,2,Medium,2018,2018,62,62,1,15.067,16.274,31.341
125,768,,TGO,TG,768,4,Country/Area,914,Togo,2,Medium,2018,2018,63,63,1,14.177,15.398,29.575
125,768,,TGO,TG,768,4,Country/Area,914,Togo,2,Medium,2018,2018,64,64,1,13.326,14.553,27.879
125,768,,TGO,TG,768,4,Country/Area,914,Togo,2,Medium,2018,2018,65,65,1,12.49,13.714,26.204
125,768,,TGO,TG,768,4,Country/Area,914,Togo,2,Medium,2018,2018,66,66,1,11.658,12.872,24.53
125,768,,TGO,TG,768,4,Country/Area,914,Togo,2,Medium,2018,2018,67,67,1,10.857,12.054,22.912
125,768,,TGO,TG,768,4,Country/Area,914,Togo,2,Medium,2018,2018,68,68,1,9.884,11.005,20.889
125,768,,TGO,TG,768,4,Country/Area,914,Togo,2,Medium,2018,2018,69,69,1,9.007,10.054,19.061
125,768,,TGO,TG,768,4,Country/Area,914,Togo,2,Medium,2018,2018,70,70,1,8.341,9.365,17.706
125,768,,TGO,TG,768,4,Country/Area,914,Togo,2,Medium,2018,2018,71,71,1,7.596,8.592,16.189
125,768,,TGO,TG,768,4,Country/Area,914,Togo,2,Medium,2018,2018,72,72,1,6.795,7.699,14.495
125,768,,TGO,TG,768,4,Country/Area,914,Togo,2,Medium,2018,2018,73,73,1,6.021,6.817,12.838
125,768,,TGO,TG,768,4,Country/Area,914,Togo,2,Medium,2018,2018,74,74,1,5.322,6.054,11.377
125,768,,TGO,TG,768,4,Country/Area,914,Togo,2,Medium,2018,2018,75,75,1,4.656,5.332,9.988
125,768,,TGO,TG,768,4,Country/Area,914,Togo,2,Medium,2018,2018,76,76,1,4.035,4.66,8.694
125,768,,TGO,TG,768,4,Country/Area,914,Togo,2,Medium,2018,2018,77,77,1,3.468,4.041,7.509
125,768,,TGO,TG,768,4,Country/Area,914,Togo,2,Medium,2018,2018,78,78,1,2.953,3.475,6.428
125,768,,TGO,TG,768,4,Country/Area,914,Togo,2,Medium,2018,2018,79,79,1,2.486,2.96,5.446
125,768,,TGO,TG,768,4,Country/Area,914,Togo,2,Medium,2018,2018,80,80,1,2.063,2.482,4.545
125,768,,TGO,TG,768,4,Country/Area,914,Togo,2,Medium,2018,2018,81,81,1,1.682,2.037,3.718
125,768,,TGO,TG,768,4,Country/Area,914,Togo,2,Medium,2018,2018,82,82,1,1.345,1.636,2.981
125,768,,TGO,TG,768,4,Country/Area,914,Togo,2,Medium,2018,2018,83,83,1,1.058,1.294,2.352
125,768,,TGO,TG,768,4,Country/Area,914,Togo,2,Medium,2018,2018,84,84,1,0.817,1.008,1.825
125,768,,TGO,TG,768,4,Country/Area,914,Togo,2,Medium,2018,2018,85,85,1,0.617,0.769,1.385
125,768,,TGO,TG,768,4,Country/Area,914,Togo,2,Medium,2018,2018,86,86,1,0.454,0.574,1.028
125,768,,TGO,TG,768,4,Country/Area,914,Togo,2,Medium,2018,2018,87,87,1,0.324,0.418,0.742
125,768,,TGO,TG,768,4,Country/Area,914,Togo,2,Medium,2018,2018,88,88,1,0.225,0.296,0.52
125,768,,TGO,TG,768,4,Country/Area,914,Togo,2,Medium,2018,2018,89,89,1,0.15,0.203,0.353
125,768,,TGO,TG,768,4,Country/Area,914,Togo,2,Medium,2018,2018,90,90,1,0.097,0.135,0.232
125,768,,TGO,TG,768,4,Country/Area,914,Togo,2,Medium,2018,2018,91,91,1,0.06,0.086,0.146
125,768,,TGO,TG,768,4,Country/Area,914,Togo,2,Medium,2018,2018,92,92,1,0.036,0.053,0.089
125,768,,TGO,TG,768,4,Country/Area,914,Togo,2,Medium,2018,2018,93,93,1,0.021,0.032,0.052
125,768,,TGO,TG,768,4,Country/Area,914,Togo,2,Medium,2018,2018,94,94,1,0.011,0.018,0.029
125,768,,TGO,TG,768,4,Country/Area,914,Togo,2,Medium,2018,2018,95,95,1,0.006,0.01,0.016
125,768,,TGO,TG,768,4,Country/Area,914,Togo,2,Medium,2018,2018,96,96,1,0.003,0.005,0.008
125,768,,TGO,TG,768,4,Country/Area,914,Togo,2,Medium,2018,2018,97,97,1,0.002,0.003,0.005
125,768,,TGO,TG,768,4,Country/Area,914,Togo,2,Medium,2018,2018,98,98,1,0.001,0.001,0.002
125,768,,TGO,TG,768,4,Country/Area,914,Togo,2,Medium,2018,2018,99,99,1,0,0.001,0.001
125,768,,TGO,TG,768,4,Country/Area,914,Togo,2,Medium,2018,2018,100+,100,-1,0,0,0
125,768,,TGO,TG,768,4,Country/Area,914,Togo,2,Medium,2019,2019,0,0,1,134.664,131.951,266.615
125,768,,TGO,TG,768,4,Country/Area,914,Togo,2,Medium,2019,2019,1,1,1,131.358,129.197,260.555
125,768,,TGO,TG,768,4,Country/Area,914,Togo,2,Medium,2019,2019,2,2,1,128.902,127.04,255.942
125,768,,TGO,TG,768,4,Country/Area,914,Togo,2,Medium,2019,2019,3,3,1,126.112,124.375,250.488
125,768,,TGO,TG,768,4,Country/Area,914,Togo,2,Medium,2019,2019,4,4,1,123.156,121.416,244.573
125,768,,TGO,TG,768,4,Country/Area,914,Togo,2,Medium,2019,2019,5,5,1,120.579,118.762,239.34
125,768,,TGO,TG,768,4,Country/Area,914,Togo,2,Medium,2019,2019,6,6,1,118.722,116.782,235.505
125,768,,TGO,TG,768,4,Country/Area,914,Togo,2,Medium,2019,2019,7,7,1,117.703,115.65,233.353
125,768,,TGO,TG,768,4,Country/Area,914,Togo,2,Medium,2019,2019,8,8,1,116.7,114.56,231.26
125,768,,TGO,TG,768,4,Country/Area,914,Togo,2,Medium,2019,2019,9,9,1,114.379,112.183,226.561
125,768,,TGO,TG,768,4,Country/Area,914,Togo,2,Medium,2019,2019,10,10,1,110.766,108.564,219.329
125,768,,TGO,TG,768,4,Country/Area,914,Togo,2,Medium,2019,2019,11,11,1,107.084,104.894,211.978
125,768,,TGO,TG,768,4,Country/Area,914,Togo,2,Medium,2019,2019,12,12,1,103.156,101.014,204.171
125,768,,TGO,TG,768,4,Country/Area,914,Togo,2,Medium,2019,2019,13,13,1,98.972,96.891,195.862
125,768,,TGO,TG,768,4,Country/Area,914,Togo,2,Medium,2019,2019,14,14,1,95.069,93.054,188.123
125,768,,TGO,TG,768,4,Country/Area,914,Togo,2,Medium,2019,2019,15,15,1,92.145,90.181,182.327
125,768,,TGO,TG,768,4,Country/Area,914,Togo,2,Medium,2019,2019,16,16,1,89.938,88.004,177.942
125,768,,TGO,TG,768,4,Country/Area,914,Togo,2,Medium,2019,2019,17,17,1,87.445,85.556,173.001
125,768,,TGO,TG,768,4,Country/Area,914,Togo,2,Medium,2019,2019,18,18,1,84.742,82.901,167.643
125,768,,TGO,TG,768,4,Country/Area,914,Togo,2,Medium,2019,2019,19,19,1,81.986,80.212,162.197
125,768,,TGO,TG,768,4,Country/Area,914,Togo,2,Medium,2019,2019,20,20,1,79.252,77.538,156.79
125,768,,TGO,TG,768,4,Country/Area,914,Togo,2,Medium,2019,2019,21,21,1,76.626,74.952,151.578
125,768,,TGO,TG,768,4,Country/Area,914,Togo,2,Medium,2019,2019,22,22,1,74.456,72.819,147.275
125,768,,TGO,TG,768,4,Country/Area,914,Togo,2,Medium,2019,2019,23,23,1,72.692,71.085,143.777
125,768,,TGO,TG,768,4,Country/Area,914,Togo,2,Medium,2019,2019,24,24,1,71.112,69.525,140.638
125,768,,TGO,TG,768,4,Country/Area,914,Togo,2,Medium,2019,2019,25,25,1,69.526,67.957,137.483
125,768,,TGO,TG,768,4,Country/Area,914,Togo,2,Medium,2019,2019,26,26,1,67.873,66.307,134.179
125,768,,TGO,TG,768,4,Country/Area,914,Togo,2,Medium,2019,2019,27,27,1,66.218,64.653,130.87
125,768,,TGO,TG,768,4,Country/Area,914,Togo,2,Medium,2019,2019,28,28,1,64.552,62.992,127.543
125,768,,TGO,TG,768,4,Country/Area,914,Togo,2,Medium,2019,2019,29,29,1,62.895,61.324,124.219
125,768,,TGO,TG,768,4,Country/Area,914,Togo,2,Medium,2019,2019,30,30,1,61.281,59.699,120.98
125,768,,TGO,TG,768,4,Country/Area,914,Togo,2,Medium,2019,2019,31,31,1,59.695,58.141,117.836
125,768,,TGO,TG,768,4,Country/Area,914,Togo,2,Medium,2019,2019,32,32,1,57.999,56.514,114.513
125,768,,TGO,TG,768,4,Country/Area,914,Togo,2,Medium,2019,2019,33,33,1,56.237,54.831,111.068
125,768,,TGO,TG,768,4,Country/Area,914,Togo,2,Medium,2019,2019,34,34,1,54.627,53.297,107.924
125,768,,TGO,TG,768,4,Country/Area,914,Togo,2,Medium,2019,2019,35,35,1,53.169,51.928,105.098
125,768,,TGO,TG,768,4,Country/Area,914,Togo,2,Medium,2019,2019,36,36,1,51.729,50.59,102.32
125,768,,TGO,TG,768,4,Country/Area,914,Togo,2,Medium,2019,2019,37,37,1,50.281,49.245,99.526
125,768,,TGO,TG,768,4,Country/Area,914,Togo,2,Medium,2019,2019,38,38,1,48.778,47.831,96.609
125,768,,TGO,TG,768,4,Country/Area,914,Togo,2,Medium,2019,2019,39,39,1,47.285,46.417,93.702
125,768,,TGO,TG,768,4,Country/Area,914,Togo,2,Medium,2019,2019,40,40,1,45.819,45.016,90.835
125,768,,TGO,TG,768,4,Country/Area,914,Togo,2,Medium,2019,2019,41,41,1,44.327,43.568,87.894
125,768,,TGO,TG,768,4,Country/Area,914,Togo,2,Medium,2019,2019,42,42,1,42.827,42.127,84.954
125,768,,TGO,TG,768,4,Country/Area,914,Togo,2,Medium,2019,2019,43,43,1,41.226,40.627,81.853
125,768,,TGO,TG,768,4,Country/Area,914,Togo,2,Medium,2019,2019,44,44,1,39.541,39.07,78.612
125,768,,TGO,TG,768,4,Country/Area,914,Togo,2,Medium,2019,2019,45,45,1,37.848,37.535,75.382
125,768,,TGO,TG,768,4,Country/Area,914,Togo,2,Medium,2019,2019,46,46,1,36.154,36.016,72.169
125,768,,TGO,TG,768,4,Country/Area,914,Togo,2,Medium,2019,2019,47,47,1,34.528,34.544,69.072
125,768,,TGO,TG,768,4,Country/Area,914,Togo,2,Medium,2019,2019,48,48,1,32.914,33.06,65.975
125,768,,TGO,TG,768,4,Country/Area,914,Togo,2,Medium,2019,2019,49,49,1,31.336,31.603,62.939
125,768,,TGO,TG,768,4,Country/Area,914,Togo,2,Medium,2019,2019,50,50,1,29.811,30.183,59.994
125,768,,TGO,TG,768,4,Country/Area,914,Togo,2,Medium,2019,2019,51,51,1,28.364,28.835,57.2
125,768,,TGO,TG,768,4,Country/Area,914,Togo,2,Medium,2019,2019,52,52,1,27.057,27.619,54.676
125,768,,TGO,TG,768,4,Country/Area,914,Togo,2,Medium,2019,2019,53,53,1,25.756,26.407,52.163
125,768,,TGO,TG,768,4,Country/Area,914,Togo,2,Medium,2019,2019,54,54,1,24.45,25.188,49.638
125,768,,TGO,TG,768,4,Country/Area,914,Togo,2,Medium,2019,2019,55,55,1,23.201,24.023,47.224
125,768,,TGO,TG,768,4,Country/Area,914,Togo,2,Medium,2019,2019,56,56,1,21.971,22.872,44.844
125,768,,TGO,TG,768,4,Country/Area,914,Togo,2,Medium,2019,2019,57,57,1,20.764,21.735,42.498
125,768,,TGO,TG,768,4,Country/Area,914,Togo,2,Medium,2019,2019,58,58,1,19.628,20.666,40.295
125,768,,TGO,TG,768,4,Country/Area,914,Togo,2,Medium,2019,2019,59,59,1,18.561,19.658,38.219
125,768,,TGO,TG,768,4,Country/Area,914,Togo,2,Medium,2019,2019,60,60,1,17.529,18.674,36.203
125,768,,TGO,TG,768,4,Country/Area,914,Togo,2,Medium,2019,2019,61,61,1,16.54,17.723,34.262
125,768,,TGO,TG,768,4,Country/Area,914,Togo,2,Medium,2019,2019,62,62,1,15.59,16.8,32.391
125,768,,TGO,TG,768,4,Country/Area,914,Togo,2,Medium,2019,2019,63,63,1,14.652,15.88,30.531
125,768,,TGO,TG,768,4,Country/Area,914,Togo,2,Medium,2019,2019,64,64,1,13.752,14.986,28.738
125,768,,TGO,TG,768,4,Country/Area,914,Togo,2,Medium,2019,2019,65,65,1,12.895,14.128,27.023
125,768,,TGO,TG,768,4,Country/Area,914,Togo,2,Medium,2019,2019,66,66,1,12.051,13.275,25.326
125,768,,TGO,TG,768,4,Country/Area,914,Togo,2,Medium,2019,2019,67,67,1,11.213,12.419,23.632
125,768,,TGO,TG,768,4,Country/Area,914,Togo,2,Medium,2019,2019,68,68,1,10.404,11.586,21.991
125,768,,TGO,TG,768,4,Country/Area,914,Togo,2,Medium,2019,2019,69,69,1,9.431,10.531,19.963
125,768,,TGO,TG,768,4,Country/Area,914,Togo,2,Medium,2019,2019,70,70,1,8.552,9.571,18.122
125,768,,TGO,TG,768,4,Country/Area,914,Togo,2,Medium,2019,2019,71,71,1,7.875,8.863,16.738
125,768,,TGO,TG,768,4,Country/Area,914,Togo,2,Medium,2019,2019,72,72,1,7.126,8.078,15.204
125,768,,TGO,TG,768,4,Country/Area,914,Togo,2,Medium,2019,2019,73,73,1,6.328,7.186,13.515
125,768,,TGO,TG,768,4,Country/Area,914,Togo,2,Medium,2019,2019,74,74,1,5.563,6.314,11.877
125,768,,TGO,TG,768,4,Country/Area,914,Togo,2,Medium,2019,2019,75,75,1,4.875,5.56,10.434
125,768,,TGO,TG,768,4,Country/Area,914,Togo,2,Medium,2019,2019,76,76,1,4.223,4.851,9.074
125,768,,TGO,TG,768,4,Country/Area,914,Togo,2,Medium,2019,2019,77,77,1,3.62,4.195,7.816
125,768,,TGO,TG,768,4,Country/Area,914,Togo,2,Medium,2019,2019,78,78,1,3.074,3.595,6.67
125,768,,TGO,TG,768,4,Country/Area,914,Togo,2,Medium,2019,2019,79,79,1,2.583,3.05,5.633
125,768,,TGO,TG,768,4,Country/Area,914,Togo,2,Medium,2019,2019,80,80,1,2.143,2.559,4.702
125,768,,TGO,TG,768,4,Country/Area,914,Togo,2,Medium,2019,2019,81,81,1,1.75,2.111,3.861
125,768,,TGO,TG,768,4,Country/Area,914,Togo,2,Medium,2019,2019,82,82,1,1.403,1.702,3.105
125,768,,TGO,TG,768,4,Country/Area,914,Togo,2,Medium,2019,2019,83,83,1,1.102,1.343,2.445
125,768,,TGO,TG,768,4,Country/Area,914,Togo,2,Medium,2019,2019,84,84,1,0.849,1.042,1.892
125,768,,TGO,TG,768,4,Country/Area,914,Togo,2,Medium,2019,2019,85,85,1,0.642,0.796,1.438
125,768,,TGO,TG,768,4,Country/Area,914,Togo,2,Medium,2019,2019,86,86,1,0.474,0.595,1.069
125,768,,TGO,TG,768,4,Country/Area,914,Togo,2,Medium,2019,2019,87,87,1,0.339,0.434,0.773
125,768,,TGO,TG,768,4,Country/Area,914,Togo,2,Medium,2019,2019,88,88,1,0.235,0.307,0.542
125,768,,TGO,TG,768,4,Country/Area,914,Togo,2,Medium,2019,2019,89,89,1,0.157,0.211,0.368
125,768,,TGO,TG,768,4,Country/Area,914,Togo,2,Medium,2019,2019,90,90,1,0.101,0.14,0.241
125,768,,TGO,TG,768,4,Country/Area,914,Togo,2,Medium,2019,2019,91,91,1,0.063,0.09,0.152
125,768,,TGO,TG,768,4,Country/Area,914,Togo,2,Medium,2019,2019,92,92,1,0.037,0.055,0.092
125,768,,TGO,TG,768,4,Country/Area,914,Togo,2,Medium,2019,2019,93,93,1,0.022,0.033,0.054
125,768,,TGO,TG,768,4,Country/Area,914,Togo,2,Medium,2019,2019,94,94,1,0.012,0.019,0.03
125,768,,TGO,TG,768,4,Country/Area,914,Togo,2,Medium,2019,2019,95,95,1,0.006,0.011,0.017
125,768,,TGO,TG,768,4,Country/Area,914,Togo,2,Medium,2019,2019,96,96,1,0.003,0.006,0.009
125,768,,TGO,TG,768,4,Country/Area,914,Togo,2,Medium,2019,2019,97,97,1,0.002,0.003,0.005
125,768,,TGO,TG,768,4,Country/Area,914,Togo,2,Medium,2019,2019,98,98,1,0.001,0.001,0.002
125,768,,TGO,TG,768,4,Country/Area,914,Togo,2,Medium,2019,2019,99,99,1,0,0.001,0.001
125,768,,TGO,TG,768,4,Country/Area,914,Togo,2,Medium,2019,2019,100+,100,-1,0,0,0
125,768,,TGO,TG,768,4,Country/Area,914,Togo,2,Medium,2020,2020,0,0,1,136.119,133.362,269.481
125,768,,TGO,TG,768,4,Country/Area,914,Togo,2,Medium,2020,2020,1,1,1,132.857,130.637,263.495
125,768,,TGO,TG,768,4,Country/Area,914,Togo,2,Medium,2020,2020,2,2,1,130.483,128.556,259.039
125,768,,TGO,TG,768,4,Country/Area,914,Togo,2,Medium,2020,2020,3,3,1,128.209,126.397,254.607
125,768,,TGO,TG,768,4,Country/Area,914,Togo,2,Medium,2020,2020,4,4,1,125.563,123.745,249.307
125,768,,TGO,TG,768,4,Country/Area,914,Togo,2,Medium,2020,2020,5,5,1,122.718,120.816,243.533
125,768,,TGO,TG,768,4,Country/Area,914,Togo,2,Medium,2020,2020,6,6,1,120.223,118.21,238.433
125,768,,TGO,TG,768,4,Country/Area,914,Togo,2,Medium,2020,2020,7,7,1,118.428,116.296,234.725
125,768,,TGO,TG,768,4,Country/Area,914,Togo,2,Medium,2020,2020,8,8,1,117.453,115.237,232.69
125,768,,TGO,TG,768,4,Country/Area,914,Togo,2,Medium,2020,2020,9,9,1,116.481,114.219,230.7
125,768,,TGO,TG,768,4,Country/Area,914,Togo,2,Medium,2020,2020,10,10,1,114.184,111.904,226.089
125,768,,TGO,TG,768,4,Country/Area,914,Togo,2,Medium,2020,2020,11,11,1,110.589,108.331,218.919
125,768,,TGO,TG,768,4,Country/Area,914,Togo,2,Medium,2020,2020,12,12,1,106.916,104.689,211.606
125,768,,TGO,TG,768,4,Country/Area,914,Togo,2,Medium,2020,2020,13,13,1,102.992,100.819,203.81
125,768,,TGO,TG,768,4,Country/Area,914,Togo,2,Medium,2020,2020,14,14,1,98.804,96.689,195.493
125,768,,TGO,TG,768,4,Country/Area,914,Togo,2,Medium,2020,2020,15,15,1,94.891,92.834,187.725
125,768,,TGO,TG,768,4,Country/Area,914,Togo,2,Medium,2020,2020,16,16,1,91.954,89.931,181.885
125,768,,TGO,TG,768,4,Country/Area,914,Togo,2,Medium,2020,2020,17,17,1,89.725,87.721,177.445
125,768,,TGO,TG,768,4,Country/Area,914,Togo,2,Medium,2020,2020,18,18,1,87.209,85.241,172.45
125,768,,TGO,TG,768,4,Country/Area,914,Togo,2,Medium,2020,2020,19,19,1,84.481,82.567,167.047
125,768,,TGO,TG,768,4,Country/Area,914,Togo,2,Medium,2020,2020,20,20,1,81.704,79.868,161.572
125,768,,TGO,TG,768,4,Country/Area,914,Togo,2,Medium,2020,2020,21,21,1,78.954,77.197,156.15
125,768,,TGO,TG,768,4,Country/Area,914,Togo,2,Medium,2020,2020,22,22,1,76.32,74.617,150.936
125,768,,TGO,TG,768,4,Country/Area,914,Togo,2,Medium,2020,2020,23,23,1,74.149,72.488,146.637
125,768,,TGO,TG,768,4,Country/Area,914,Togo,2,Medium,2020,2020,24,24,1,72.392,70.756,143.148
125,768,,TGO,TG,768,4,Country/Area,914,Togo,2,Medium,2020,2020,25,25,1,70.821,69.196,140.017
125,768,,TGO,TG,768,4,Country/Area,914,Togo,2,Medium,2020,2020,26,26,1,69.246,67.626,136.873
125,768,,TGO,TG,768,4,Country/Area,914,Togo,2,Medium,2020,2020,27,27,1,67.604,65.975,133.579
125,768,,TGO,TG,768,4,Country/Area,914,Togo,2,Medium,2020,2020,28,28,1,65.954,64.323,130.278
125,768,,TGO,TG,768,4,Country/Area,914,Togo,2,Medium,2020,2020,29,29,1,64.292,62.668,126.96
125,768,,TGO,TG,768,4,Country/Area,914,Togo,2,Medium,2020,2020,30,30,1,62.634,61.007,123.641
125,768,,TGO,TG,768,4,Country/Area,914,Togo,2,Medium,2020,2020,31,31,1,61.017,59.391,120.407
125,768,,TGO,TG,768,4,Country/Area,914,Togo,2,Medium,2020,2020,32,32,1,59.428,57.842,117.27
125,768,,TGO,TG,768,4,Country/Area,914,Togo,2,Medium,2020,2020,33,33,1,57.733,56.221,113.953
125,768,,TGO,TG,768,4,Country/Area,914,Togo,2,Medium,2020,2020,34,34,1,55.972,54.544,110.516
125,768,,TGO,TG,768,4,Country/Area,914,Togo,2,Medium,2020,2020,35,35,1,54.365,53.013,107.377
125,768,,TGO,TG,768,4,Country/Area,914,Togo,2,Medium,2020,2020,36,36,1,52.91,51.645,104.555
125,768,,TGO,TG,768,4,Country/Area,914,Togo,2,Medium,2020,2020,37,37,1,51.471,50.306,101.778
125,768,,TGO,TG,768,4,Country/Area,914,Togo,2,Medium,2020,2020,38,38,1,50.023,48.962,98.984
125,768,,TGO,TG,768,4,Country/Area,914,Togo,2,Medium,2020,2020,39,39,1,48.515,47.549,96.064
125,768,,TGO,TG,768,4,Country/Area,914,Togo,2,Medium,2020,2020,40,40,1,47.016,46.136,93.152
125,768,,TGO,TG,768,4,Country/Area,914,Togo,2,Medium,2020,2020,41,41,1,45.543,44.738,90.281
125,768,,TGO,TG,768,4,Country/Area,914,Togo,2,Medium,2020,2020,42,42,1,44.045,43.294,87.338
125,768,,TGO,TG,768,4,Country/Area,914,Togo,2,Medium,2020,2020,43,43,1,42.537,41.858,84.394
125,768,,TGO,TG,768,4,Country/Area,914,Togo,2,Medium,2020,2020,44,44,1,40.932,40.362,81.294
125,768,,TGO,TG,768,4,Country/Area,914,Togo,2,Medium,2020,2020,45,45,1,39.244,38.809,78.053
125,768,,TGO,TG,768,4,Country/Area,914,Togo,2,Medium,2020,2020,46,46,1,37.55,37.278,74.827
125,768,,TGO,TG,768,4,Country/Area,914,Togo,2,Medium,2020,2020,47,47,1,35.852,35.758,71.611
125,768,,TGO,TG,768,4,Country/Area,914,Togo,2,Medium,2020,2020,48,48,1,34.221,34.285,68.505
125,768,,TGO,TG,768,4,Country/Area,914,Togo,2,Medium,2020,2020,49,49,1,32.602,32.797,65.4
125,768,,TGO,TG,768,4,Country/Area,914,Togo,2,Medium,2020,2020,50,50,1,31.016,31.334,62.35
125,768,,TGO,TG,768,4,Country/Area,914,Togo,2,Medium,2020,2020,51,51,1,29.481,29.908,59.389
125,768,,TGO,TG,768,4,Country/Area,914,Togo,2,Medium,2020,2020,52,52,1,28.026,28.552,56.579
125,768,,TGO,TG,768,4,Country/Area,914,Togo,2,Medium,2020,2020,53,53,1,26.709,27.331,54.041
125,768,,TGO,TG,768,4,Country/Area,914,Togo,2,Medium,2020,2020,54,54,1,25.399,26.113,51.513
125,768,,TGO,TG,768,4,Country/Area,914,Togo,2,Medium,2020,2020,55,55,1,24.087,24.89,48.977
125,768,,TGO,TG,768,4,Country/Area,914,Togo,2,Medium,2020,2020,56,56,1,22.83,23.721,46.551
125,768,,TGO,TG,768,4,Country/Area,914,Togo,2,Medium,2020,2020,57,57,1,21.593,22.564,44.157
125,768,,TGO,TG,768,4,Country/Area,914,Togo,2,Medium,2020,2020,58,58,1,20.378,21.416,41.794
125,768,,TGO,TG,768,4,Country/Area,914,Togo,2,Medium,2020,2020,59,59,1,19.233,20.334,39.567
125,768,,TGO,TG,768,4,Country/Area,914,Togo,2,Medium,2020,2020,60,60,1,18.153,19.308,37.461
125,768,,TGO,TG,768,4,Country/Area,914,Togo,2,Medium,2020,2020,61,61,1,17.108,18.304,35.411
125,768,,TGO,TG,768,4,Country/Area,914,Togo,2,Medium,2020,2020,62,62,1,16.107,17.332,33.439
125,768,,TGO,TG,768,4,Country/Area,914,Togo,2,Medium,2020,2020,63,63,1,15.146,16.391,31.537
125,768,,TGO,TG,768,4,Country/Area,914,Togo,2,Medium,2020,2020,64,64,1,14.198,15.453,29.651
125,768,,TGO,TG,768,4,Country/Area,914,Togo,2,Medium,2020,2020,65,65,1,13.291,14.546,27.837
125,768,,TGO,TG,768,4,Country/Area,914,Togo,2,Medium,2020,2020,66,66,1,12.426,13.672,26.099
125,768,,TGO,TG,768,4,Country/Area,914,Togo,2,Medium,2020,2020,67,67,1,11.575,12.805,24.38
125,768,,TGO,TG,768,4,Country/Area,914,Togo,2,Medium,2020,2020,68,68,1,10.729,11.934,22.663
125,768,,TGO,TG,768,4,Country/Area,914,Togo,2,Medium,2020,2020,69,69,1,9.912,11.085,20.996
125,768,,TGO,TG,768,4,Country/Area,914,Togo,2,Medium,2020,2020,70,70,1,8.938,10.023,18.962
125,768,,TGO,TG,768,4,Country/Area,914,Togo,2,Medium,2020,2020,71,71,1,8.059,9.056,17.114
125,768,,TGO,TG,768,4,Country/Area,914,Togo,2,Medium,2020,2020,72,72,1,7.372,8.331,15.704
125,768,,TGO,TG,768,4,Country/Area,914,Togo,2,Medium,2020,2020,73,73,1,6.622,7.54,14.162
125,768,,TGO,TG,768,4,Country/Area,914,Togo,2,Medium,2020,2020,74,74,1,5.835,6.657,12.492
125,768,,TGO,TG,768,4,Country/Area,914,Togo,2,Medium,2020,2020,75,75,1,5.085,5.801,10.886
125,768,,TGO,TG,768,4,Country/Area,914,Togo,2,Medium,2020,2020,76,76,1,4.412,5.064,9.476
125,768,,TGO,TG,768,4,Country/Area,914,Togo,2,Medium,2020,2020,77,77,1,3.781,4.373,8.155
125,768,,TGO,TG,768,4,Country/Area,914,Togo,2,Medium,2020,2020,78,78,1,3.204,3.738,6.941
125,768,,TGO,TG,768,4,Country/Area,914,Togo,2,Medium,2020,2020,79,79,1,2.686,3.16,5.846
125,768,,TGO,TG,768,4,Country/Area,914,Togo,2,Medium,2020,2020,80,80,1,2.224,2.641,4.865
125,768,,TGO,TG,768,4,Country/Area,914,Togo,2,Medium,2020,2020,81,81,1,1.817,2.18,3.997
125,768,,TGO,TG,768,4,Country/Area,914,Togo,2,Medium,2020,2020,82,82,1,1.459,1.768,3.227
125,768,,TGO,TG,768,4,Country/Area,914,Togo,2,Medium,2020,2020,83,83,1,1.149,1.401,2.549
125,768,,TGO,TG,768,4,Country/Area,914,Togo,2,Medium,2020,2020,84,84,1,0.883,1.085,1.968
125,768,,TGO,TG,768,4,Country/Area,914,Togo,2,Medium,2020,2020,85,85,1,0.665,0.825,1.489
125,768,,TGO,TG,768,4,Country/Area,914,Togo,2,Medium,2020,2020,86,86,1,0.49,0.616,1.105
125,768,,TGO,TG,768,4,Country/Area,914,Togo,2,Medium,2020,2020,87,87,1,0.351,0.45,0.8
125,768,,TGO,TG,768,4,Country/Area,914,Togo,2,Medium,2020,2020,88,88,1,0.243,0.318,0.561
125,768,,TGO,TG,768,4,Country/Area,914,Togo,2,Medium,2020,2020,89,89,1,0.162,0.218,0.38
125,768,,TGO,TG,768,4,Country/Area,914,Togo,2,Medium,2020,2020,90,90,1,0.104,0.145,0.248
125,768,,TGO,TG,768,4,Country/Area,914,Togo,2,Medium,2020,2020,91,91,1,0.064,0.093,0.157
125,768,,TGO,TG,768,4,Country/Area,914,Togo,2,Medium,2020,2020,92,92,1,0.038,0.057,0.095
125,768,,TGO,TG,768,4,Country/Area,914,Togo,2,Medium,2020,2020,93,93,1,0.022,0.034,0.056
125,768,,TGO,TG,768,4,Country/Area,914,Togo,2,Medium,2020,2020,94,94,1,0.012,0.02,0.032
125,768,,TGO,TG,768,4,Country/Area,914,Togo,2,Medium,2020,2020,95,95,1,0.006,0.011,0.017
125,768,,TGO,TG,768,4,Country/Area,914,Togo,2,Medium,2020,2020,96,96,1,0.003,0.006,0.009
125,768,,TGO,TG,768,4,Country/Area,914,Togo,2,Medium,2020,2020,97,97,1,0.002,0.003,0.005
125,768,,TGO,TG,768,4,Country/Area,914,Togo,2,Medium,2020,2020,98,98,1,0.001,0.002,0.003
125,768,,TGO,TG,768,4,Country/Area,914,Togo,2,Medium,2020,2020,99,99,1,0,0.001,0.001
125,768,,TGO,TG,768,4,Country/Area,914,Togo,2,Medium,2020,2020,100+,100,-1,0,0,0
125,768,,TGO,TG,768,4,Country/Area,914,Togo,2,Medium,2021,2021,0,0,1,137.608,134.828,272.437
125,768,,TGO,TG,768,4,Country/Area,914,Togo,2,Medium,2021,2021,1,1,1,134.376,132.107,266.483
125,768,,TGO,TG,768,4,Country/Area,914,Togo,2,Medium,2021,2021,2,2,1,132.008,130.024,262.032
125,768,,TGO,TG,768,4,Country/Area,914,Togo,2,Medium,2021,2021,3,3,1,129.813,127.939,257.752
125,768,,TGO,TG,768,4,Country/Area,914,Togo,2,Medium,2021,2021,4,4,1,127.677,125.788,253.465
125,768,,TGO,TG,768,4,Country/Area,914,Togo,2,Medium,2021,2021,5,5,1,125.137,123.16,248.298
125,768,,TGO,TG,768,4,Country/Area,914,Togo,2,Medium,2021,2021,6,6,1,122.374,120.28,242.655
125,768,,TGO,TG,768,4,Country/Area,914,Togo,2,Medium,2021,2021,7,7,1,119.94,117.74,237.679
125,768,,TGO,TG,768,4,Country/Area,914,Togo,2,Medium,2021,2021,8,8,1,118.189,115.898,234.088
125,768,,TGO,TG,768,4,Country/Area,914,Togo,2,Medium,2021,2021,9,9,1,117.243,114.908,232.151
125,768,,TGO,TG,768,4,Country/Area,914,Togo,2,Medium,2021,2021,10,10,1,116.292,113.947,230.238
125,768,,TGO,TG,768,4,Country/Area,914,Togo,2,Medium,2021,2021,11,11,1,114.008,111.675,225.684
125,768,,TGO,TG,768,4,Country/Area,914,Togo,2,Medium,2021,2021,12,12,1,110.423,108.127,218.55
125,768,,TGO,TG,768,4,Country/Area,914,Togo,2,Medium,2021,2021,13,13,1,106.752,104.495,211.248
125,768,,TGO,TG,768,4,Country/Area,914,Togo,2,Medium,2021,2021,14,14,1,102.825,100.619,203.444
125,768,,TGO,TG,768,4,Country/Area,914,Togo,2,Medium,2021,2021,15,15,1,98.629,96.472,195.101
125,768,,TGO,TG,768,4,Country/Area,914,Togo,2,Medium,2021,2021,16,16,1,94.705,92.591,187.296
125,768,,TGO,TG,768,4,Country/Area,914,Togo,2,Medium,2021,2021,17,17,1,91.749,89.657,181.406
125,768,,TGO,TG,768,4,Country/Area,914,Togo,2,Medium,2021,2021,18,18,1,89.496,87.415,176.911
125,768,,TGO,TG,768,4,Country/Area,914,Togo,2,Medium,2021,2021,19,19,1,86.957,84.916,171.874
125,768,,TGO,TG,768,4,Country/Area,914,Togo,2,Medium,2021,2021,20,20,1,84.209,82.235,166.444
125,768,,TGO,TG,768,4,Country/Area,914,Togo,2,Medium,2021,2021,21,21,1,81.416,79.539,160.956
125,768,,TGO,TG,768,4,Country/Area,914,Togo,2,Medium,2021,2021,22,22,1,78.659,76.873,155.532
125,768,,TGO,TG,768,4,Country/Area,914,Togo,2,Medium,2021,2021,23,23,1,76.026,74.299,150.326
125,768,,TGO,TG,768,4,Country/Area,914,Togo,2,Medium,2021,2021,24,24,1,73.862,72.174,146.037
125,768,,TGO,TG,768,4,Country/Area,914,Togo,2,Medium,2021,2021,25,25,1,72.115,70.442,142.558
125,768,,TGO,TG,768,4,Country/Area,914,Togo,2,Medium,2021,2021,26,26,1,70.555,68.88,139.435
125,768,,TGO,TG,768,4,Country/Area,914,Togo,2,Medium,2021,2021,27,27,1,68.991,67.308,136.299
125,768,,TGO,TG,768,4,Country/Area,914,Togo,2,Medium,2021,2021,28,28,1,67.353,65.659,133.012
125,768,,TGO,TG,768,4,Country/Area,914,Togo,2,Medium,2021,2021,29,29,1,65.707,64.011,129.718
125,768,,TGO,TG,768,4,Country/Area,914,Togo,2,Medium,2021,2021,30,30,1,64.04,62.362,126.403
125,768,,TGO,TG,768,4,Country/Area,914,Togo,2,Medium,2021,2021,31,31,1,62.379,60.709,123.087
125,768,,TGO,TG,768,4,Country/Area,914,Togo,2,Medium,2021,2021,32,32,1,60.758,59.101,119.859
125,768,,TGO,TG,768,4,Country/Area,914,Togo,2,Medium,2021,2021,33,33,1,59.168,57.557,116.725
125,768,,TGO,TG,768,4,Country/Area,914,Togo,2,Medium,2021,2021,34,34,1,57.472,55.941,113.413
125,768,,TGO,TG,768,4,Country/Area,914,Togo,2,Medium,2021,2021,35,35,1,55.714,54.264,109.978
125,768,,TGO,TG,768,4,Country/Area,914,Togo,2,Medium,2021,2021,36,36,1,54.108,52.733,106.841
125,768,,TGO,TG,768,4,Country/Area,914,Togo,2,Medium,2021,2021,37,37,1,52.654,51.363,104.017
125,768,,TGO,TG,768,4,Country/Area,914,Togo,2,Medium,2021,2021,38,38,1,51.211,50.023,101.234
125,768,,TGO,TG,768,4,Country/Area,914,Togo,2,Medium,2021,2021,39,39,1,49.757,48.677,98.433
125,768,,TGO,TG,768,4,Country/Area,914,Togo,2,Medium,2021,2021,40,40,1,48.241,47.264,95.505
125,768,,TGO,TG,768,4,Country/Area,914,Togo,2,Medium,2021,2021,41,41,1,46.733,45.852,92.585
125,768,,TGO,TG,768,4,Country/Area,914,Togo,2,Medium,2021,2021,42,42,1,45.25,44.456,89.706
125,768,,TGO,TG,768,4,Country/Area,914,Togo,2,Medium,2021,2021,43,43,1,43.742,43.014,86.757
125,768,,TGO,TG,768,4,Country/Area,914,Togo,2,Medium,2021,2021,44,44,1,42.228,41.581,83.81
125,768,,TGO,TG,768,4,Country/Area,914,Togo,2,Medium,2021,2021,45,45,1,40.617,40.089,80.707
125,768,,TGO,TG,768,4,Country/Area,914,Togo,2,Medium,2021,2021,46,46,1,38.926,38.538,77.464
125,768,,TGO,TG,768,4,Country/Area,914,Togo,2,Medium,2021,2021,47,47,1,37.227,37.004,74.231
125,768,,TGO,TG,768,4,Country/Area,914,Togo,2,Medium,2021,2021,48,48,1,35.523,35.483,71.007
125,768,,TGO,TG,768,4,Country/Area,914,Togo,2,Medium,2021,2021,49,49,1,33.885,34.004,67.888
125,768,,TGO,TG,768,4,Country/Area,914,Togo,2,Medium,2021,2021,50,50,1,32.257,32.509,64.766
125,768,,TGO,TG,768,4,Country/Area,914,Togo,2,Medium,2021,2021,51,51,1,30.662,31.039,61.7
125,768,,TGO,TG,768,4,Country/Area,914,Togo,2,Medium,2021,2021,52,52,1,29.117,29.605,58.722
125,768,,TGO,TG,768,4,Country/Area,914,Togo,2,Medium,2021,2021,53,53,1,27.654,28.244,55.898
125,768,,TGO,TG,768,4,Country/Area,914,Togo,2,Medium,2021,2021,54,54,1,26.328,27.017,53.345
125,768,,TGO,TG,768,4,Country/Area,914,Togo,2,Medium,2021,2021,55,55,1,25.01,25.794,50.804
125,768,,TGO,TG,768,4,Country/Area,914,Togo,2,Medium,2021,2021,56,56,1,23.691,24.567,48.258
125,768,,TGO,TG,768,4,Country/Area,914,Togo,2,Medium,2021,2021,57,57,1,22.427,23.392,45.819
125,768,,TGO,TG,768,4,Country/Area,914,Togo,2,Medium,2021,2021,58,58,1,21.182,22.224,43.406
125,768,,TGO,TG,768,4,Country/Area,914,Togo,2,Medium,2021,2021,59,59,1,19.956,21.064,41.02
125,768,,TGO,TG,768,4,Country/Area,914,Togo,2,Medium,2021,2021,60,60,1,18.8,19.963,38.764
125,768,,TGO,TG,768,4,Country/Area,914,Togo,2,Medium,2021,2021,61,61,1,17.708,18.917,36.625
125,768,,TGO,TG,768,4,Country/Area,914,Togo,2,Medium,2021,2021,62,62,1,16.651,17.893,34.544
125,768,,TGO,TG,768,4,Country/Area,914,Togo,2,Medium,2021,2021,63,63,1,15.639,16.902,32.541
125,768,,TGO,TG,768,4,Country/Area,914,Togo,2,Medium,2021,2021,64,64,1,14.669,15.944,30.613
125,768,,TGO,TG,768,4,Country/Area,914,Togo,2,Medium,2021,2021,65,65,1,13.714,14.992,28.706
125,768,,TGO,TG,768,4,Country/Area,914,Togo,2,Medium,2021,2021,66,66,1,12.8,14.07,26.871
125,768,,TGO,TG,768,4,Country/Area,914,Togo,2,Medium,2021,2021,67,67,1,11.927,13.182,25.11
125,768,,TGO,TG,768,4,Country/Area,914,Togo,2,Medium,2021,2021,68,68,1,11.068,12.3,23.368
125,768,,TGO,TG,768,4,Country/Area,914,Togo,2,Medium,2021,2021,69,69,1,10.213,11.415,21.627
125,768,,TGO,TG,768,4,Country/Area,914,Togo,2,Medium,2021,2021,70,70,1,9.386,10.548,19.934
125,768,,TGO,TG,768,4,Country/Area,914,Togo,2,Medium,2021,2021,71,71,1,8.416,9.483,17.899
125,768,,TGO,TG,768,4,Country/Area,914,Togo,2,Medium,2021,2021,72,72,1,7.537,8.513,16.05
125,768,,TGO,TG,768,4,Country/Area,914,Togo,2,Medium,2021,2021,73,73,1,6.846,7.777,14.623
125,768,,TGO,TG,768,4,Country/Area,914,Togo,2,Medium,2021,2021,74,74,1,6.103,6.987,13.089
125,768,,TGO,TG,768,4,Country/Area,914,Togo,2,Medium,2021,2021,75,75,1,5.33,6.12,11.45
125,768,,TGO,TG,768,4,Country/Area,914,Togo,2,Medium,2021,2021,76,76,1,4.6,5.287,9.886
125,768,,TGO,TG,768,4,Country/Area,914,Togo,2,Medium,2021,2021,77,77,1,3.949,4.569,8.518
125,768,,TGO,TG,768,4,Country/Area,914,Togo,2,Medium,2021,2021,78,78,1,3.345,3.9,7.245
125,768,,TGO,TG,768,4,Country/Area,914,Togo,2,Medium,2021,2021,79,79,1,2.797,3.289,6.086
125,768,,TGO,TG,768,4,Country/Area,914,Togo,2,Medium,2021,2021,80,80,1,2.312,2.739,5.051
125,768,,TGO,TG,768,4,Country/Area,914,Togo,2,Medium,2021,2021,81,81,1,1.886,2.252,4.138
125,768,,TGO,TG,768,4,Country/Area,914,Togo,2,Medium,2021,2021,82,82,1,1.515,1.827,3.341
125,768,,TGO,TG,768,4,Country/Area,914,Togo,2,Medium,2021,2021,83,83,1,1.195,1.454,2.65
125,768,,TGO,TG,768,4,Country/Area,914,Togo,2,Medium,2021,2021,84,84,1,0.92,1.129,2.05
125,768,,TGO,TG,768,4,Country/Area,914,Togo,2,Medium,2021,2021,85,85,1,0.69,0.856,1.546
125,768,,TGO,TG,768,4,Country/Area,914,Togo,2,Medium,2021,2021,86,86,1,0.505,0.635,1.14
125,768,,TGO,TG,768,4,Country/Area,914,Togo,2,Medium,2021,2021,87,87,1,0.36,0.463,0.823
125,768,,TGO,TG,768,4,Country/Area,914,Togo,2,Medium,2021,2021,88,88,1,0.249,0.327,0.576
125,768,,TGO,TG,768,4,Country/Area,914,Togo,2,Medium,2021,2021,89,89,1,0.166,0.224,0.39
125,768,,TGO,TG,768,4,Country/Area,914,Togo,2,Medium,2021,2021,90,90,1,0.106,0.148,0.254
125,768,,TGO,TG,768,4,Country/Area,914,Togo,2,Medium,2021,2021,91,91,1,0.065,0.095,0.16
125,768,,TGO,TG,768,4,Country/Area,914,Togo,2,Medium,2021,2021,92,92,1,0.039,0.058,0.097
125,768,,TGO,TG,768,4,Country/Area,914,Togo,2,Medium,2021,2021,93,93,1,0.022,0.034,0.056
125,768,,TGO,TG,768,4,Country/Area,914,Togo,2,Medium,2021,2021,94,94,1,0.012,0.02,0.032
125,768,,TGO,TG,768,4,Country/Area,914,Togo,2,Medium,2021,2021,95,95,1,0.006,0.011,0.017
125,768,,TGO,TG,768,4,Country/Area,914,Togo,2,Medium,2021,2021,96,96,1,0.003,0.006,0.009
125,768,,TGO,TG,768,4,Country/Area,914,Togo,2,Medium,2021,2021,97,97,1,0.002,0.003,0.005
125,768,,TGO,TG,768,4,Country/Area,914,Togo,2,Medium,2021,2021,98,98,1,0.001,0.002,0.003
125,768,,TGO,TG,768,4,Country/Area,914,Togo,2,Medium,2021,2021,99,99,1,0,0.001,0.001
125,768,,TGO,TG,768,4,Country/Area,914,Togo,2,Medium,2021,2021,100+,100,-1,0,0,0
125,768,,TGO,TG,768,4,Country/Area,914,Togo,2,Medium,2022,2022,0,0,1,139.015,136.209,275.224
125,768,,TGO,TG,768,4,Country/Area,914,Togo,2,Medium,2022,2022,1,1,1,135.921,133.62,269.541
125,768,,TGO,TG,768,4,Country/Area,914,Togo,2,Medium,2022,2022,2,2,1,133.545,131.51,265.055
125,768,,TGO,TG,768,4,Country/Area,914,Togo,2,Medium,2022,2022,3,3,1,131.355,129.423,260.777
125,768,,TGO,TG,768,4,Country/Area,914,Togo,2,Medium,2022,2022,4,4,1,129.296,127.345,256.641
125,768,,TGO,TG,768,4,Country/Area,914,Togo,2,Medium,2022,2022,5,5,1,127.263,125.216,252.479
125,768,,TGO,TG,768,4,Country/Area,914,Togo,2,Medium,2022,2022,6,6,1,124.803,122.633,247.437
125,768,,TGO,TG,768,4,Country/Area,914,Togo,2,Medium,2022,2022,7,7,1,122.1,119.817,241.917
125,768,,TGO,TG,768,4,Country/Area,914,Togo,2,Medium,2022,2022,8,8,1,119.709,117.35,237.059
125,768,,TGO,TG,768,4,Country/Area,914,Togo,2,Medium,2022,2022,9,9,1,117.987,115.578,233.565
125,768,,TGO,TG,768,4,Country/Area,914,Togo,2,Medium,2022,2022,10,10,1,117.06,114.642,231.702
125,768,,TGO,TG,768,4,Country/Area,914,Togo,2,Medium,2022,2022,11,11,1,116.12,113.719,229.839
125,768,,TGO,TG,768,4,Country/Area,914,Togo,2,Medium,2022,2022,12,12,1,113.843,111.471,225.314
125,768,,TGO,TG,768,4,Country/Area,914,Togo,2,Medium,2022,2022,13,13,1,110.258,107.932,218.19
125,768,,TGO,TG,768,4,Country/Area,914,Togo,2,Medium,2022,2022,14,14,1,106.584,104.293,210.876
125,768,,TGO,TG,768,4,Country/Area,914,Togo,2,Medium,2022,2022,15,15,1,102.647,100.397,203.044
125,768,,TGO,TG,768,4,Country/Area,914,Togo,2,Medium,2022,2022,16,16,1,98.438,96.222,194.661
125,768,,TGO,TG,768,4,Country/Area,914,Togo,2,Medium,2022,2022,17,17,1,94.496,92.311,186.806
125,768,,TGO,TG,768,4,Country/Area,914,Togo,2,Medium,2022,2022,18,18,1,91.517,89.348,180.865
125,768,,TGO,TG,768,4,Country/Area,914,Togo,2,Medium,2022,2022,19,19,1,89.24,87.084,176.323
125,768,,TGO,TG,768,4,Country/Area,914,Togo,2,Medium,2022,2022,20,20,1,86.678,84.577,171.256
125,768,,TGO,TG,768,4,Country/Area,914,Togo,2,Medium,2022,2022,21,21,1,83.913,81.895,165.809
125,768,,TGO,TG,768,4,Country/Area,914,Togo,2,Medium,2022,2022,22,22,1,81.113,79.204,160.317
125,768,,TGO,TG,768,4,Country/Area,914,Togo,2,Medium,2022,2022,23,23,1,78.357,76.545,154.902
125,768,,TGO,TG,768,4,Country/Area,914,Togo,2,Medium,2022,2022,24,24,1,75.733,73.977,149.709
125,768,,TGO,TG,768,4,Country/Area,914,Togo,2,Medium,2022,2022,25,25,1,73.58,71.853,145.434
125,768,,TGO,TG,768,4,Country/Area,914,Togo,2,Medium,2022,2022,26,26,1,71.844,70.119,141.964
125,768,,TGO,TG,768,4,Country/Area,914,Togo,2,Medium,2022,2022,27,27,1,70.294,68.555,138.85
125,768,,TGO,TG,768,4,Country/Area,914,Togo,2,Medium,2022,2022,28,28,1,68.735,66.985,135.72
125,768,,TGO,TG,768,4,Country/Area,914,Togo,2,Medium,2022,2022,29,29,1,67.1,65.341,132.44
125,768,,TGO,TG,768,4,Country/Area,914,Togo,2,Medium,2022,2022,30,30,1,65.45,63.7,129.149
125,768,,TGO,TG,768,4,Country/Area,914,Togo,2,Medium,2022,2022,31,31,1,63.781,62.058,125.838
125,768,,TGO,TG,768,4,Country/Area,914,Togo,2,Medium,2022,2022,32,32,1,62.115,60.413,122.529
125,768,,TGO,TG,768,4,Country/Area,914,Togo,2,Medium,2022,2022,33,33,1,60.493,58.812,119.305
125,768,,TGO,TG,768,4,Country/Area,914,Togo,2,Medium,2022,2022,34,34,1,58.903,57.272,116.174
125,768,,TGO,TG,768,4,Country/Area,914,Togo,2,Medium,2022,2022,35,35,1,57.209,55.656,112.865
125,768,,TGO,TG,768,4,Country/Area,914,Togo,2,Medium,2022,2022,36,36,1,55.453,53.98,109.433
125,768,,TGO,TG,768,4,Country/Area,914,Togo,2,Medium,2022,2022,37,37,1,53.847,52.447,106.295
125,768,,TGO,TG,768,4,Country/Area,914,Togo,2,Medium,2022,2022,38,38,1,52.391,51.077,103.468
125,768,,TGO,TG,768,4,Country/Area,914,Togo,2,Medium,2022,2022,39,39,1,50.941,49.736,100.677
125,768,,TGO,TG,768,4,Country/Area,914,Togo,2,Medium,2022,2022,40,40,1,49.478,48.389,97.867
125,768,,TGO,TG,768,4,Country/Area,914,Togo,2,Medium,2022,2022,41,41,1,47.953,46.976,94.93
125,768,,TGO,TG,768,4,Country/Area,914,Togo,2,Medium,2022,2022,42,42,1,46.435,45.566,92.001
125,768,,TGO,TG,768,4,Country/Area,914,Togo,2,Medium,2022,2022,43,43,1,44.944,44.173,89.117
125,768,,TGO,TG,768,4,Country/Area,914,Togo,2,Medium,2022,2022,44,44,1,43.429,42.734,86.164
125,768,,TGO,TG,768,4,Country/Area,914,Togo,2,Medium,2022,2022,45,45,1,41.91,41.304,83.215
125,768,,TGO,TG,768,4,Country/Area,914,Togo,2,Medium,2022,2022,46,46,1,40.295,39.813,80.109
125,768,,TGO,TG,768,4,Country/Area,914,Togo,2,Medium,2022,2022,47,47,1,38.6,38.262,76.862
125,768,,TGO,TG,768,4,Country/Area,914,Togo,2,Medium,2022,2022,48,48,1,36.895,36.725,73.621
125,768,,TGO,TG,768,4,Country/Area,914,Togo,2,Medium,2022,2022,49,49,1,35.185,35.2,70.385
125,768,,TGO,TG,768,4,Country/Area,914,Togo,2,Medium,2022,2022,50,50,1,33.538,33.712,67.251
125,768,,TGO,TG,768,4,Country/Area,914,Togo,2,Medium,2022,2022,51,51,1,31.901,32.212,64.112
125,768,,TGO,TG,768,4,Country/Area,914,Togo,2,Medium,2022,2022,52,52,1,30.297,30.734,61.031
125,768,,TGO,TG,768,4,Country/Area,914,Togo,2,Medium,2022,2022,53,53,1,28.745,29.296,58.041
125,768,,TGO,TG,768,4,Country/Area,914,Togo,2,Medium,2022,2022,54,54,1,27.274,27.93,55.205
125,768,,TGO,TG,768,4,Country/Area,914,Togo,2,Medium,2022,2022,55,55,1,25.942,26.698,52.639
125,768,,TGO,TG,768,4,Country/Area,914,Togo,2,Medium,2022,2022,56,56,1,24.617,25.471,50.089
125,768,,TGO,TG,768,4,Country/Area,914,Togo,2,Medium,2022,2022,57,57,1,23.292,24.238,47.531
125,768,,TGO,TG,768,4,Country/Area,914,Togo,2,Medium,2022,2022,58,58,1,22.02,23.052,45.072
125,768,,TGO,TG,768,4,Country/Area,914,Togo,2,Medium,2022,2022,59,59,1,20.765,21.871,42.636
125,768,,TGO,TG,768,4,Country/Area,914,Togo,2,Medium,2022,2022,60,60,1,19.531,20.694,40.224
125,768,,TGO,TG,768,4,Country/Area,914,Togo,2,Medium,2022,2022,61,61,1,18.364,19.575,37.94
125,768,,TGO,TG,768,4,Country/Area,914,Togo,2,Medium,2022,2022,62,62,1,17.262,18.509,35.771
125,768,,TGO,TG,768,4,Country/Area,914,Togo,2,Medium,2022,2022,63,63,1,16.196,17.466,33.662
125,768,,TGO,TG,768,4,Country/Area,914,Togo,2,Medium,2022,2022,64,64,1,15.176,16.459,31.635
125,768,,TGO,TG,768,4,Country/Area,914,Togo,2,Medium,2022,2022,65,65,1,14.198,15.486,29.684
125,768,,TGO,TG,768,4,Country/Area,914,Togo,2,Medium,2022,2022,66,66,1,13.238,14.521,27.759
125,768,,TGO,TG,768,4,Country/Area,914,Togo,2,Medium,2022,2022,67,67,1,12.316,13.585,25.902
125,768,,TGO,TG,768,4,Country/Area,914,Togo,2,Medium,2022,2022,68,68,1,11.434,12.682,24.116
125,768,,TGO,TG,768,4,Country/Area,914,Togo,2,Medium,2022,2022,69,69,1,10.566,11.784,22.349
125,768,,TGO,TG,768,4,Country/Area,914,Togo,2,Medium,2022,2022,70,70,1,9.701,10.88,20.581
125,768,,TGO,TG,768,4,Country/Area,914,Togo,2,Medium,2022,2022,71,71,1,8.866,9.997,18.863
125,768,,TGO,TG,768,4,Country/Area,914,Togo,2,Medium,2022,2022,72,72,1,7.9,8.931,16.831
125,768,,TGO,TG,768,4,Country/Area,914,Togo,2,Medium,2022,2022,73,73,1,7.024,7.961,14.986
125,768,,TGO,TG,768,4,Country/Area,914,Togo,2,Medium,2022,2022,74,74,1,6.332,7.219,13.55
125,768,,TGO,TG,768,4,Country/Area,914,Togo,2,Medium,2022,2022,75,75,1,5.595,6.433,12.027
125,768,,TGO,TG,768,4,Country/Area,914,Togo,2,Medium,2022,2022,76,76,1,4.84,5.584,10.425
125,768,,TGO,TG,768,4,Country/Area,914,Togo,2,Medium,2022,2022,77,77,1,4.133,4.774,8.908
125,768,,TGO,TG,768,4,Country/Area,914,Togo,2,Medium,2022,2022,78,78,1,3.507,4.078,7.585
125,768,,TGO,TG,768,4,Country/Area,914,Togo,2,Medium,2022,2022,79,79,1,2.932,3.434,6.367
125,768,,TGO,TG,768,4,Country/Area,914,Togo,2,Medium,2022,2022,80,80,1,2.418,2.853,5.271
125,768,,TGO,TG,768,4,Country/Area,914,Togo,2,Medium,2022,2022,81,81,1,1.967,2.338,4.305
125,768,,TGO,TG,768,4,Country/Area,914,Togo,2,Medium,2022,2022,82,82,1,1.578,1.889,3.467
125,768,,TGO,TG,768,4,Country/Area,914,Togo,2,Medium,2022,2022,83,83,1,1.245,1.504,2.749
125,768,,TGO,TG,768,4,Country/Area,914,Togo,2,Medium,2022,2022,84,84,1,0.962,1.175,2.136
125,768,,TGO,TG,768,4,Country/Area,914,Togo,2,Medium,2022,2022,85,85,1,0.724,0.894,1.617
125,768,,TGO,TG,768,4,Country/Area,914,Togo,2,Medium,2022,2022,86,86,1,0.53,0.662,1.191
125,768,,TGO,TG,768,4,Country/Area,914,Togo,2,Medium,2022,2022,87,87,1,0.376,0.479,0.855
125,768,,TGO,TG,768,4,Country/Area,914,Togo,2,Medium,2022,2022,88,88,1,0.26,0.339,0.598
125,768,,TGO,TG,768,4,Country/Area,914,Togo,2,Medium,2022,2022,89,89,1,0.174,0.232,0.405
125,768,,TGO,TG,768,4,Country/Area,914,Togo,2,Medium,2022,2022,90,90,1,0.111,0.153,0.264
125,768,,TGO,TG,768,4,Country/Area,914,Togo,2,Medium,2022,2022,91,91,1,0.068,0.098,0.166
125,768,,TGO,TG,768,4,Country/Area,914,Togo,2,Medium,2022,2022,92,92,1,0.04,0.06,0.1
125,768,,TGO,TG,768,4,Country/Area,914,Togo,2,Medium,2022,2022,93,93,1,0.023,0.035,0.058
125,768,,TGO,TG,768,4,Country/Area,914,Togo,2,Medium,2022,2022,94,94,1,0.013,0.021,0.033
125,768,,TGO,TG,768,4,Country/Area,914,Togo,2,Medium,2022,2022,95,95,1,0.007,0.011,0.018
125,768,,TGO,TG,768,4,Country/Area,914,Togo,2,Medium,2022,2022,96,96,1,0.003,0.006,0.009
125,768,,TGO,TG,768,4,Country/Area,914,Togo,2,Medium,2022,2022,97,97,1,0.002,0.003,0.005
125,768,,TGO,TG,768,4,Country/Area,914,Togo,2,Medium,2022,2022,98,98,1,0.001,0.002,0.003
125,768,,TGO,TG,768,4,Country/Area,914,Togo,2,Medium,2022,2022,99,99,1,0,0.001,0.001
125,768,,TGO,TG,768,4,Country/Area,914,Togo,2,Medium,2022,2022,100+,100,-1,0,0,0
125,768,,TGO,TG,768,4,Country/Area,914,Togo,2,Medium,2023,2023,0,0,1,140.487,137.641,278.127
125,768,,TGO,TG,768,4,Country/Area,914,Togo,2,Medium,2023,2023,1,1,1,137.378,135.045,272.423
125,768,,TGO,TG,768,4,Country/Area,914,Togo,2,Medium,2023,2023,2,2,1,135.102,133.038,268.141
125,768,,TGO,TG,768,4,Country/Area,914,Togo,2,Medium,2023,2023,3,3,1,132.907,130.924,263.832
125,768,,TGO,TG,768,4,Country/Area,914,Togo,2,Medium,2023,2023,4,4,1,130.854,128.844,259.697
125,768,,TGO,TG,768,4,Country/Area,914,Togo,2,Medium,2023,2023,5,5,1,128.898,126.785,255.683
125,768,,TGO,TG,768,4,Country/Area,914,Togo,2,Medium,2023,2023,6,6,1,126.942,124.698,251.639
125,768,,TGO,TG,768,4,Country/Area,914,Togo,2,Medium,2023,2023,7,7,1,124.538,122.176,246.714
125,768,,TGO,TG,768,4,Country/Area,914,Togo,2,Medium,2023,2023,8,8,1,121.877,119.433,241.31
125,768,,TGO,TG,768,4,Country/Area,914,Togo,2,Medium,2023,2023,9,9,1,119.515,117.034,236.549
125,768,,TGO,TG,768,4,Country/Area,914,Togo,2,Medium,2023,2023,10,10,1,117.812,115.319,233.131
125,768,,TGO,TG,768,4,Country/Area,914,Togo,2,Medium,2023,2023,11,11,1,116.895,114.42,231.315
125,768,,TGO,TG,768,4,Country/Area,914,Togo,2,Medium,2023,2023,12,12,1,115.958,113.517,229.476
125,768,,TGO,TG,768,4,Country/Area,914,Togo,2,Medium,2023,2023,13,13,1,113.678,111.275,224.953
125,768,,TGO,TG,768,4,Country/Area,914,Togo,2,Medium,2023,2023,14,14,1,110.089,107.727,217.816
125,768,,TGO,TG,768,4,Country/Area,914,Togo,2,Medium,2023,2023,15,15,1,106.403,104.067,210.47
125,768,,TGO,TG,768,4,Country/Area,914,Togo,2,Medium,2023,2023,16,16,1,102.451,100.141,202.593
125,768,,TGO,TG,768,4,Country/Area,914,Togo,2,Medium,2023,2023,17,17,1,98.225,95.934,194.159
125,768,,TGO,TG,768,4,Country/Area,914,Togo,2,Medium,2023,2023,18,18,1,94.261,91.995,186.256
125,768,,TGO,TG,768,4,Country/Area,914,Togo,2,Medium,2023,2023,19,19,1,91.258,89.01,180.268
125,768,,TGO,TG,768,4,Country/Area,914,Togo,2,Medium,2023,2023,20,20,1,88.957,86.737,175.694
125,768,,TGO,TG,768,4,Country/Area,914,Togo,2,Medium,2023,2023,21,21,1,86.378,84.227,170.605
125,768,,TGO,TG,768,4,Country/Area,914,Togo,2,Medium,2023,2023,22,22,1,83.603,81.55,165.154
125,768,,TGO,TG,768,4,Country/Area,914,Togo,2,Medium,2023,2023,23,23,1,80.803,78.867,159.67
125,768,,TGO,TG,768,4,Country/Area,914,Togo,2,Medium,2023,2023,24,24,1,78.055,76.212,154.267
125,768,,TGO,TG,768,4,Country/Area,914,Togo,2,Medium,2023,2023,25,25,1,75.444,73.646,149.09
125,768,,TGO,TG,768,4,Country/Area,914,Togo,2,Medium,2023,2023,26,26,1,73.305,71.522,144.827
125,768,,TGO,TG,768,4,Country/Area,914,Togo,2,Medium,2023,2023,27,27,1,71.58,69.787,141.368
125,768,,TGO,TG,768,4,Country/Area,914,Togo,2,Medium,2023,2023,28,28,1,70.035,68.225,138.261
125,768,,TGO,TG,768,4,Country/Area,914,Togo,2,Medium,2023,2023,29,29,1,68.477,66.659,135.136
125,768,,TGO,TG,768,4,Country/Area,914,Togo,2,Medium,2023,2023,30,30,1,66.84,65.023,131.863
125,768,,TGO,TG,768,4,Country/Area,914,Togo,2,Medium,2023,2023,31,31,1,65.187,63.39,128.577
125,768,,TGO,TG,768,4,Country/Area,914,Togo,2,Medium,2023,2023,32,32,1,63.514,61.757,125.272
125,768,,TGO,TG,768,4,Country/Area,914,Togo,2,Medium,2023,2023,33,33,1,61.847,60.12,121.966
125,768,,TGO,TG,768,4,Country/Area,914,Togo,2,Medium,2023,2023,34,34,1,60.226,58.523,118.749
125,768,,TGO,TG,768,4,Country/Area,914,Togo,2,Medium,2023,2023,35,35,1,58.639,56.984,115.623
125,768,,TGO,TG,768,4,Country/Area,914,Togo,2,Medium,2023,2023,36,36,1,56.949,55.37,112.319
125,768,,TGO,TG,768,4,Country/Area,914,Togo,2,Medium,2023,2023,37,37,1,55.194,53.696,108.891
125,768,,TGO,TG,768,4,Country/Area,914,Togo,2,Medium,2023,2023,38,38,1,53.589,52.164,105.754
125,768,,TGO,TG,768,4,Country/Area,914,Togo,2,Medium,2023,2023,39,39,1,52.127,50.793,102.921
125,768,,TGO,TG,768,4,Country/Area,914,Togo,2,Medium,2023,2023,40,40,1,50.672,49.453,100.124
125,768,,TGO,TG,768,4,Country/Area,914,Togo,2,Medium,2023,2023,41,41,1,49.2,48.106,97.306
125,768,,TGO,TG,768,4,Country/Area,914,Togo,2,Medium,2023,2023,42,42,1,47.666,46.697,94.364
125,768,,TGO,TG,768,4,Country/Area,914,Togo,2,Medium,2023,2023,43,43,1,46.141,45.291,91.432
125,768,,TGO,TG,768,4,Country/Area,914,Togo,2,Medium,2023,2023,44,44,1,44.643,43.901,88.544
125,768,,TGO,TG,768,4,Country/Area,914,Togo,2,Medium,2023,2023,45,45,1,43.124,42.466,85.59
125,768,,TGO,TG,768,4,Country/Area,914,Togo,2,Medium,2023,2023,46,46,1,41.601,41.038,82.639
125,768,,TGO,TG,768,4,Country/Area,914,Togo,2,Medium,2023,2023,47,47,1,39.982,39.547,79.529
125,768,,TGO,TG,768,4,Country/Area,914,Togo,2,Medium,2023,2023,48,48,1,38.281,37.993,76.274
125,768,,TGO,TG,768,4,Country/Area,914,Togo,2,Medium,2023,2023,49,49,1,36.569,36.452,73.02
125,768,,TGO,TG,768,4,Country/Area,914,Togo,2,Medium,2023,2023,50,50,1,34.852,34.919,69.77
125,768,,TGO,TG,768,4,Country/Area,914,Togo,2,Medium,2023,2023,51,51,1,33.194,33.425,66.618
125,768,,TGO,TG,768,4,Country/Area,914,Togo,2,Medium,2023,2023,52,52,1,31.548,31.916,63.464
125,768,,TGO,TG,768,4,Country/Area,914,Togo,2,Medium,2023,2023,53,53,1,29.935,30.434,60.369
125,768,,TGO,TG,768,4,Country/Area,914,Togo,2,Medium,2023,2023,54,54,1,28.375,28.991,57.367
125,768,,TGO,TG,768,4,Country/Area,914,Togo,2,Medium,2023,2023,55,55,1,26.899,27.622,54.522
125,768,,TGO,TG,768,4,Country/Area,914,Togo,2,Medium,2023,2023,56,56,1,25.558,26.386,51.944
125,768,,TGO,TG,768,4,Country/Area,914,Togo,2,Medium,2023,2023,57,57,1,24.226,25.151,49.377
125,768,,TGO,TG,768,4,Country/Area,914,Togo,2,Medium,2023,2023,58,58,1,22.893,23.907,46.801
125,768,,TGO,TG,768,4,Country/Area,914,Togo,2,Medium,2023,2023,59,59,1,21.61,22.708,44.319
125,768,,TGO,TG,768,4,Country/Area,914,Togo,2,Medium,2023,2023,60,60,1,20.346,21.51,41.856
125,768,,TGO,TG,768,4,Country/Area,914,Togo,2,Medium,2023,2023,61,61,1,19.101,20.314,39.414
125,768,,TGO,TG,768,4,Country/Area,914,Togo,2,Medium,2023,2023,62,62,1,17.925,19.175,37.1
125,768,,TGO,TG,768,4,Country/Area,914,Togo,2,Medium,2023,2023,63,63,1,16.813,18.09,34.903
125,768,,TGO,TG,768,4,Country/Area,914,Togo,2,Medium,2023,2023,64,64,1,15.738,17.03,32.769
125,768,,TGO,TG,768,4,Country/Area,914,Togo,2,Medium,2023,2023,65,65,1,14.71,16.009,30.72
125,768,,TGO,TG,768,4,Country/Area,914,Togo,2,Medium,2023,2023,66,66,1,13.726,15.022,28.749
125,768,,TGO,TG,768,4,Country/Area,914,Togo,2,Medium,2023,2023,67,67,1,12.758,14.041,26.8
125,768,,TGO,TG,768,4,Country/Area,914,Togo,2,Medium,2023,2023,68,68,1,11.828,13.09,24.918
125,768,,TGO,TG,768,4,Country/Area,914,Togo,2,Medium,2023,2023,69,69,1,10.937,12.168,23.105
125,768,,TGO,TG,768,4,Country/Area,914,Togo,2,Medium,2023,2023,70,70,1,10.058,11.249,21.308
125,768,,TGO,TG,768,4,Country/Area,914,Togo,2,Medium,2023,2023,71,71,1,9.184,10.328,19.512
125,768,,TGO,TG,768,4,Country/Area,914,Togo,2,Medium,2023,2023,72,72,1,8.341,9.43,17.771
125,768,,TGO,TG,768,4,Country/Area,914,Togo,2,Medium,2023,2023,73,73,1,7.38,8.367,15.747
125,768,,TGO,TG,768,4,Country/Area,914,Togo,2,Medium,2023,2023,74,74,1,6.513,7.402,13.915
125,768,,TGO,TG,768,4,Country/Area,914,Togo,2,Medium,2023,2023,75,75,1,5.819,6.657,12.477
125,768,,TGO,TG,768,4,Country/Area,914,Togo,2,Medium,2023,2023,76,76,1,5.094,5.879,10.973
125,768,,TGO,TG,768,4,Country/Area,914,Togo,2,Medium,2023,2023,77,77,1,4.361,5.052,9.412
125,768,,TGO,TG,768,4,Country/Area,914,Togo,2,Medium,2023,2023,78,78,1,3.68,4.269,7.949
125,768,,TGO,TG,768,4,Country/Area,914,Togo,2,Medium,2023,2023,79,79,1,3.082,3.599,6.681
125,768,,TGO,TG,768,4,Country/Area,914,Togo,2,Medium,2023,2023,80,80,1,2.539,2.986,5.526
125,768,,TGO,TG,768,4,Country/Area,914,Togo,2,Medium,2023,2023,81,81,1,2.062,2.442,4.503
125,768,,TGO,TG,768,4,Country/Area,914,Togo,2,Medium,2023,2023,82,82,1,1.65,1.968,3.618
125,768,,TGO,TG,768,4,Country/Area,914,Togo,2,Medium,2023,2023,83,83,1,1.3,1.562,2.861
125,768,,TGO,TG,768,4,Country/Area,914,Togo,2,Medium,2023,2023,84,84,1,1.004,1.222,2.226
125,768,,TGO,TG,768,4,Country/Area,914,Togo,2,Medium,2023,2023,85,85,1,0.76,0.936,1.696
125,768,,TGO,TG,768,4,Country/Area,914,Togo,2,Medium,2023,2023,86,86,1,0.559,0.697,1.256
125,768,,TGO,TG,768,4,Country/Area,914,Togo,2,Medium,2023,2023,87,87,1,0.398,0.504,0.902
125,768,,TGO,TG,768,4,Country/Area,914,Togo,2,Medium,2023,2023,88,88,1,0.274,0.355,0.629
125,768,,TGO,TG,768,4,Country/Area,914,Togo,2,Medium,2023,2023,89,89,1,0.183,0.243,0.426
125,768,,TGO,TG,768,4,Country/Area,914,Togo,2,Medium,2023,2023,90,90,1,0.117,0.161,0.278
125,768,,TGO,TG,768,4,Country/Area,914,Togo,2,Medium,2023,2023,91,91,1,0.072,0.103,0.175
125,768,,TGO,TG,768,4,Country/Area,914,Togo,2,Medium,2023,2023,92,92,1,0.043,0.063,0.105
125,768,,TGO,TG,768,4,Country/Area,914,Togo,2,Medium,2023,2023,93,93,1,0.024,0.037,0.061
125,768,,TGO,TG,768,4,Country/Area,914,Togo,2,Medium,2023,2023,94,94,1,0.013,0.022,0.035
125,768,,TGO,TG,768,4,Country/Area,914,Togo,2,Medium,2023,2023,95,95,1,0.007,0.012,0.019
125,768,,TGO,TG,768,4,Country/Area,914,Togo,2,Medium,2023,2023,96,96,1,0.004,0.006,0.01
125,768,,TGO,TG,768,4,Country/Area,914,Togo,2,Medium,2023,2023,97,97,1,0.002,0.003,0.005
125,768,,TGO,TG,768,4,Country/Area,914,Togo,2,Medium,2023,2023,98,98,1,0.001,0.002,0.003
125,768,,TGO,TG,768,4,Country/Area,914,Togo,2,Medium,2023,2023,99,99,1,0,0.001,0.001
125,768,,TGO,TG,768,4,Country/Area,914,Togo,2,Medium,2023,2023,100+,100,-1,0,0,0
